title:Neutral1, start timestamp:1764665195.227241, stop timestamp:1764665203.942667, headset type:FLEX2, headset serial:F30002B4, headset firmware:2f10, channels:283, sampling rate:eeg_256;mot_64;pow_8, samples:2231      , version:2.2, ,,,,,,,,,,,,,,,,,,,,,,,,,,,,,,,,,,,,,,,,,,,,,,,,,,,,,,,,,,,,,,,,,,,,,,,,,,,,,,,,,,,,,,,,,,,,,,,,,,,,,,,,,,,,,,,,,,,,,,,,,,,,,,,,,,,,,,,,,,,,,,,,,,,,,,,,,,,,,,,,,,,,,,,,,,,,,,,,,,,,,,,,,,,,,,,,,,,,,,,,,,,,,,,,,,,,,,,,,,,,,,,,,,,,,,,,,,,,,,,,,,,,,,,,,,,,,,,,,,,,,,,,,,,,,,,,,
Timestamp,OriginalTimestamp,EEG.Counter,EEG.Interpolated,EEG.Cz,EEG.Fz,EEG.Fp1,EEG.F7,EEG.F3,EEG.FC1,EEG.C3,EEG.FC5,EEG.FT9,EEG.T7,EEG.CP5,EEG.CP1,EEG.P3,EEG.P7,EEG.PO9,EEG.O1,EEG.Pz,EEG.Oz,EEG.O2,EEG.PO10,EEG.P8,EEG.P4,EEG.CP2,EEG.CP6,EEG.T8,EEG.FT10,EEG.FC6,EEG.C4,EEG.FC2,EEG.F4,EEG.F8,EEG.Fp2,EEG.RawCq,EEG.Battery,EEG.BatteryPercent,EEG.FwBufferSize,EEG.FwClockTime,MarkerIndex,MarkerType,MarkerValueInt,EEG.MarkerHardware,CQ.Cz,CQ.Fz,CQ.Fp1,CQ.F7,CQ.F3,CQ.FC1,CQ.C3,CQ.FC5,CQ.FT9,CQ.T7,CQ.CP5,CQ.CP1,CQ.P3,CQ.P7,CQ.PO9,CQ.O1,CQ.Pz,CQ.Oz,CQ.O2,CQ.PO10,CQ.P8,CQ.P4,CQ.CP2,CQ.CP6,CQ.T8,CQ.FT10,CQ.FC6,CQ.C4,CQ.FC2,CQ.F4,CQ.F8,CQ.Fp2,CQ.Overall,EQ.SampleRateQuality,EQ.OVERALL,EQ.Cz,EQ.Fz,EQ.Fp1,EQ.F7,EQ.F3,EQ.FC1,EQ.C3,EQ.FC5,EQ.FT9,EQ.T7,EQ.CP5,EQ.CP1,EQ.P3,EQ.P7,EQ.PO9,EQ.O1,EQ.Pz,EQ.Oz,EQ.O2,EQ.PO10,EQ.P8,EQ.P4,EQ.CP2,EQ.CP6,EQ.T8,EQ.FT10,EQ.FC6,EQ.C4,EQ.FC2,EQ.F4,EQ.F8,EQ.Fp2,MOT.CounterMems,MOT.InterpolatedMems,MOT.Q0,MOT.Q1,MOT.Q2,MOT.Q3,MOT.AccX,MOT.AccY,MOT.AccZ,MOT.MagX,MOT.MagY,MOT.MagZ,POW.Cz.Theta,POW.Cz.Alpha,POW.Cz.BetaL,POW.Cz.BetaH,POW.Cz.Gamma,POW.Fz.Theta,POW.Fz.Alpha,POW.Fz.BetaL,POW.Fz.BetaH,POW.Fz.Gamma,POW.Fp1.Theta,POW.Fp1.Alpha,POW.Fp1.BetaL,POW.Fp1.BetaH,POW.Fp1.Gamma,POW.F7.Theta,POW.F7.Alpha,POW.F7.BetaL,POW.F7.BetaH,POW.F7.Gamma,POW.F3.Theta,POW.F3.Alpha,POW.F3.BetaL,POW.F3.BetaH,POW.F3.Gamma,POW.FC1.Theta,POW.FC1.Alpha,POW.FC1.BetaL,POW.FC1.BetaH,POW.FC1.Gamma,POW.C3.Theta,POW.C3.Alpha,POW.C3.BetaL,POW.C3.BetaH,POW.C3.Gamma,POW.FC5.Theta,POW.FC5.Alpha,POW.FC5.BetaL,POW.FC5.BetaH,POW.FC5.Gamma,POW.FT9.Theta,POW.FT9.Alpha,POW.FT9.BetaL,POW.FT9.BetaH,POW.FT9.Gamma,POW.T7.Theta,POW.T7.Alpha,POW.T7.BetaL,POW.T7.BetaH,POW.T7.Gamma,POW.CP5.Theta,POW.CP5.Alpha,POW.CP5.BetaL,POW.CP5.BetaH,POW.CP5.Gamma,POW.CP1.Theta,POW.CP1.Alpha,POW.CP1.BetaL,POW.CP1.BetaH,POW.CP1.Gamma,POW.P3.Theta,POW.P3.Alpha,POW.P3.BetaL,POW.P3.BetaH,POW.P3.Gamma,POW.P7.Theta,POW.P7.Alpha,POW.P7.BetaL,POW.P7.BetaH,POW.P7.Gamma,POW.PO9.Theta,POW.PO9.Alpha,POW.PO9.BetaL,POW.PO9.BetaH,POW.PO9.Gamma,POW.O1.Theta,POW.O1.Alpha,POW.O1.BetaL,POW.O1.BetaH,POW.O1.Gamma,POW.Pz.Theta,POW.Pz.Alpha,POW.Pz.BetaL,POW.Pz.BetaH,POW.Pz.Gamma,POW.Oz.Theta,POW.Oz.Alpha,POW.Oz.BetaL,POW.Oz.BetaH,POW.Oz.Gamma,POW.O2.Theta,POW.O2.Alpha,POW.O2.BetaL,POW.O2.BetaH,POW.O2.Gamma,POW.PO10.Theta,POW.PO10.Alpha,POW.PO10.BetaL,POW.PO10.BetaH,POW.PO10.Gamma,POW.P8.Theta,POW.P8.Alpha,POW.P8.BetaL,POW.P8.BetaH,POW.P8.Gamma,POW.P4.Theta,POW.P4.Alpha,POW.P4.BetaL,POW.P4.BetaH,POW.P4.Gamma,POW.CP2.Theta,POW.CP2.Alpha,POW.CP2.BetaL,POW.CP2.BetaH,POW.CP2.Gamma,POW.CP6.Theta,POW.CP6.Alpha,POW.CP6.BetaL,POW.CP6.BetaH,POW.CP6.Gamma,POW.T8.Theta,POW.T8.Alpha,POW.T8.BetaL,POW.T8.BetaH,POW.T8.Gamma,POW.FT10.Theta,POW.FT10.Alpha,POW.FT10.BetaL,POW.FT10.BetaH,POW.FT10.Gamma,POW.FC6.Theta,POW.FC6.Alpha,POW.FC6.BetaL,POW.FC6.BetaH,POW.FC6.Gamma,POW.C4.Theta,POW.C4.Alpha,POW.C4.BetaL,POW.C4.BetaH,POW.C4.Gamma,POW.FC2.Theta,POW.FC2.Alpha,POW.FC2.BetaL,POW.FC2.BetaH,POW.FC2.Gamma,POW.F4.Theta,POW.F4.Alpha,POW.F4.BetaL,POW.F4.BetaH,POW.F4.Gamma,POW.F8.Theta,POW.F8.Alpha,POW.F8.BetaL,POW.F8.BetaH,POW.F8.Gamma,POW.Fp2.Theta,POW.Fp2.Alpha,POW.Fp2.BetaL,POW.Fp2.BetaH,POW.Fp2.Gamma
1764665197.556566,1764665197.554193,35417,0,4377.563965,4397.563965,4492.820313,4520.897461,4390.897461,4511.794922,4542.05127,4378.077148,4570,4382.820313,4491.538574,4511.794922,4573.717773,4406.794922,4382.179688,4511.282227,4544.743652,4543.333496,4509.487305,4383.589844,4396.666504,4570.769043,4525.512695,4509.230957,4396.666504,4572.820313,4389.358887,4558.589844,4502.692383,4403.846191,4510.384766,4492.94873,2818,1,26,2564,8558,1,1,3,0,4,4,4,4,4,4,4,4,4,4,4,4,4,4,4,4,4,4,4,4,4,4,4,4,4,4,4,4,4,4,4,4,100,,,,,,,,,,,,,,,,,,,,,,,,,,,,,,,,,,,25238,0,0.253696,-0.610962,-0.722473,0.200989,0.984495,0.168478,0.030277,23.166666,29.833334,44.5,,,,,,,,,,,,,,,,,,,,,,,,,,,,,,,,,,,,,,,,,,,,,,,,,,,,,,,,,,,,,,,,,,,,,,,,,,,,,,,,,,,,,,,,,,,,,,,,,,,,,,,,,,,,,,,,,,,,,,,,,,,,,,,,,,,,,,,,,,,,,,,,,,,,,,,,,,,,,,,,
1764665197.560474,1764665197.558100,35418,0,4370.512695,4389.871582,4488.461426,4516.794922,4388.077148,4504.487305,4537.179688,4374.230957,4570.384766,4385.256348,4488.974121,4504.615234,4566.794922,4400.641113,4377.94873,4503.333496,4537.307617,4535.769043,4503.333496,4373.974121,4388.974121,4562.94873,4518.333496,4501.153809,4389.102539,4571.153809,4383.846191,4552.307617,4497.179688,4397.820313,4510.384766,4490.769043,1959,1,26,2565,8566,,,,0,4,4,4,4,4,4,4,4,4,4,4,4,4,4,4,4,4,4,4,4,4,4,4,4,4,4,4,4,4,4,4,4,100,,,,,,,,,,,,,,,,,,,,,,,,,,,,,,,,,,,,,,,,,,,,,,,1.002258,1.05516,0.726697,1.25366,0.841377,2.086336,0.545084,0.921198,1.208894,0.816936,2.904496,0.711992,1.362057,1.259598,0.881047,1.058797,0.44255,0.81369,1.555899,0.793725,1.419823,0.626653,1.596756,1.098426,0.782598,1.279999,0.704771,0.700533,0.95239,0.651313,1.018315,0.523716,0.81035,1.15354,0.781015,1.191423,0.452278,0.751605,0.95688,0.914822,0.727622,0.665197,0.556677,1.462094,1.028919,1.632181,1.117531,1.168875,2.032772,1.644557,0.563273,0.57486,0.321568,0.734802,0.656864,0.955535,1.090109,0.77264,1.183576,0.783072,0.666253,0.455534,0.31683,0.910364,0.725594,0.57206,0.661763,0.387064,0.795225,0.540127,0.459797,0.611784,0.233978,1.120738,0.774563,1.004081,0.504117,0.409427,0.871806,0.537041,1.036705,1.137707,0.791284,1.321021,0.777772,0.969136,0.895638,0.443893,1.453416,0.624254,0.487968,0.507026,0.275268,0.902248,0.402422,0.851247,0.595496,0.41707,1.02867,0.773325,1.24183,0.830871,0.676453,1.269878,0.667737,1.2094,1.083471,0.443126,1.134885,0.788789,1.16196,1.111205,0.706282,1.368363,0.641263,1.623453,1.042973,0.583174,1.18608,0.719169,1.091533,1.555001,1.178142,1.540161,2.324394,2.25713,0.918978,0.983597,0.997513,0.705346,0.891835,0.647231,0.785959,1.577231,0.888622,1.344233,1.103112,0.847634,1.499947,0.8922,0.668967,0.474613,0.349506,0.706856,0.309773,1.568247,0.462224,0.579297,1.20927,0.899825,1.132451,0.625208,1.018196,1.298502,0.780389,1.936134,0.755924,0.775978,1.052001,1.076966
1764665197.564382,1764665197.562008,35419,0,4367.692383,4385,4487.94873,4516.794922,4387.179688,4502.692383,4534.358887,4373.077148,4572.179688,4384.743652,4489.358887,4501.666504,4563.077148,4397.307617,4377.692383,4500.128418,4535,4532.05127,4502.05127,4369.743652,4385.256348,4559.743652,4514.615234,4497.436035,4385.897461,4570.128418,4380.641113,4549.230957,4494.743652,4393.205078,4514.871582,4491.153809,2639,1,26,2565,8566,,,,0,4,4,4,4,4,4,4,4,4,4,4,4,4,4,4,4,4,4,4,4,4,4,4,4,4,4,4,4,4,4,4,4,100,,,,,,,,,,,,,,,,,,,,,,,,,,,,,,,,,,,,,,,,,,,,,,,,,,,,,,,,,,,,,,,,,,,,,,,,,,,,,,,,,,,,,,,,,,,,,,,,,,,,,,,,,,,,,,,,,,,,,,,,,,,,,,,,,,,,,,,,,,,,,,,,,,,,,,,,,,,,,,,,,,,,,,,,,,,,,,,,,,,,,,,,,,,,,,,,,,,,,,,,,,,,,,
1764665197.568291,1764665197.565915,35420,0,4371.282227,4385.384766,4490.897461,4520,4388.717773,4506.410156,4535.641113,4375.256348,4573.974121,4381.794922,4492.436035,4504.358887,4563.846191,4397.307617,4381.794922,4502.436035,4538.205078,4533.461426,4505,4372.94873,4387.436035,4561.666504,4515.897461,4499.102539,4389.230957,4570,4381.025879,4551.410156,4496.922852,4391.538574,4519.871582,4492.692383,2691,1,26,2566,8574,,,,0,4,4,4,4,4,4,4,4,4,4,4,4,4,4,4,4,4,4,4,4,4,4,4,4,4,4,4,4,4,4,4,4,100,,,,,,,,,,,,,,,,,,,,,,,,,,,,,,,,,,,,,,,,,,,,,,,,,,,,,,,,,,,,,,,,,,,,,,,,,,,,,,,,,,,,,,,,,,,,,,,,,,,,,,,,,,,,,,,,,,,,,,,,,,,,,,,,,,,,,,,,,,,,,,,,,,,,,,,,,,,,,,,,,,,,,,,,,,,,,,,,,,,,,,,,,,,,,,,,,,,,,,,,,,,,,,
1764665197.572199,1764665197.569823,35421,0,4378.333496,4389.230957,4493.205078,4522.563965,4390.641113,4511.282227,4538.717773,4378.589844,4573.589844,4377.94873,4495.512695,4509.487305,4566.538574,4398.717773,4386.922852,4507.179688,4542.820313,4537.436035,4508.333496,4379.230957,4391.922852,4565.512695,4519.743652,4502.563965,4397.692383,4569.487305,4382.820313,4556.410156,4500.897461,4391.538574,4521.410156,4492.307617,2509,1,26,2566,8574,,,,0,4,4,4,4,4,4,4,4,4,4,4,4,4,4,4,4,4,4,4,4,4,4,4,4,4,4,4,4,4,4,4,4,100,,,,,,,,,,,,,,,,,,,,,,,,,,,,,,,,,,,25239,0,0.25359,-0.610962,-0.722595,0.200684,0.980588,0.173361,0.020999,23.166666,29.333334,44.166668,,,,,,,,,,,,,,,,,,,,,,,,,,,,,,,,,,,,,,,,,,,,,,,,,,,,,,,,,,,,,,,,,,,,,,,,,,,,,,,,,,,,,,,,,,,,,,,,,,,,,,,,,,,,,,,,,,,,,,,,,,,,,,,,,,,,,,,,,,,,,,,,,,,,,,,,,,,,,,,,
1764665197.576107,1764665197.573730,35422,0,4382.820313,4391.922852,4490.769043,4521.538574,4391.025879,4512.94873,4539.102539,4380,4569.871582,4374.230957,4496.153809,4512.692383,4567.563965,4398.717773,4388.205078,4510,4544.487305,4539.743652,4508.333496,4381.922852,4393.974121,4566.666504,4521.666504,4502.692383,4405.769043,4566.282227,4382.179688,4558.974121,4502.692383,4390.512695,4517.307617,4487.820313,2652,1,26,2567,8582,,,,0,4,4,4,4,4,4,4,4,4,4,4,4,4,4,4,4,4,4,4,4,4,4,4,4,4,4,4,4,4,4,4,4,100,,,,,,,,,,,,,,,,,,,,,,,,,,,,,,,,,,,,,,,,,,,,,,,,,,,,,,,,,,,,,,,,,,,,,,,,,,,,,,,,,,,,,,,,,,,,,,,,,,,,,,,,,,,,,,,,,,,,,,,,,,,,,,,,,,,,,,,,,,,,,,,,,,,,,,,,,,,,,,,,,,,,,,,,,,,,,,,,,,,,,,,,,,,,,,,,,,,,,,,,,,,,,,
1764665197.580016,1764665197.577638,35423,0,4380.128418,4390.128418,4483.333496,4516.282227,4388.461426,4510.128418,4535.256348,4377.179688,4563.717773,4371.410156,4493.461426,4511.410156,4565.256348,4396.025879,4383.589844,4508.974121,4541.410156,4538.589844,4504.358887,4378.077148,4390.769043,4562.820313,4518.846191,4497.563965,4407.307617,4560.512695,4377.05127,4555.512695,4500,4387.05127,4509.615234,4480,2825,1,26,2567,8582,,,,0,4,4,4,4,4,4,4,4,4,4,4,4,4,4,4,4,4,4,4,4,4,4,4,4,4,4,4,4,4,4,4,4,100,,,,,,,,,,,,,,,,,,,,,,,,,,,,,,,,,,,,,,,,,,,,,,,,,,,,,,,,,,,,,,,,,,,,,,,,,,,,,,,,,,,,,,,,,,,,,,,,,,,,,,,,,,,,,,,,,,,,,,,,,,,,,,,,,,,,,,,,,,,,,,,,,,,,,,,,,,,,,,,,,,,,,,,,,,,,,,,,,,,,,,,,,,,,,,,,,,,,,,,,,,,,,,
1764665197.583924,1764665197.581545,35424,1,4373.077148,4386.624023,4480.256348,4512.222168,4384.743652,4507.905762,4533.418945,4373.846191,4562.136719,4369.273438,4491.624023,4508.248047,4564.187988,4393.931641,4380.341797,4506.495605,4538.119629,4536.495605,4502.265137,4375.641113,4387.478516,4559.529785,4514.786133,4493.675293,4395.427246,4557.692383,4372.606934,4548.461426,4496.111328,4384.487305,4506.410156,4479.060059,0,1,26,0,0,,,,0,4,4,4,4,4,4,4,4,4,4,4,4,4,4,4,4,4,4,4,4,4,4,4,4,4,4,4,4,4,4,4,4,100,,,,,,,,,,,,,,,,,,,,,,,,,,,,,,,,,,,,,,,,,,,,,,,,,,,,,,,,,,,,,,,,,,,,,,,,,,,,,,,,,,,,,,,,,,,,,,,,,,,,,,,,,,,,,,,,,,,,,,,,,,,,,,,,,,,,,,,,,,,,,,,,,,,,,,,,,,,,,,,,,,,,,,,,,,,,,,,,,,,,,,,,,,,,,,,,,,,,,,,,,,,,,,
1764665197.587832,1764665197.585452,35425,1,4366.025879,4383.119629,4477.179688,4508.162598,4381.025879,4505.683594,4531.581055,4370.512695,4560.555664,4367.136719,4489.786133,4505.085449,4563.119629,4391.837402,4377.094238,4504.01709,4534.829102,4534.401855,4500.170898,4373.205078,4384.187988,4556.239258,4510.726563,4489.786133,4383.546875,4554.871582,4368.162598,4541.410156,4492.222168,4381.922852,4503.205078,4478.119629,0,1,26,0,0,,,,0,4,4,4,4,4,4,4,4,4,4,4,4,4,4,4,4,4,4,4,4,4,4,4,4,4,4,4,4,4,4,4,4,100,,,,,,,,,,,,,,,,,,,,,,,,,,,,,,,,,,,,,,,,,,,,,,,,,,,,,,,,,,,,,,,,,,,,,,,,,,,,,,,,,,,,,,,,,,,,,,,,,,,,,,,,,,,,,,,,,,,,,,,,,,,,,,,,,,,,,,,,,,,,,,,,,,,,,,,,,,,,,,,,,,,,,,,,,,,,,,,,,,,,,,,,,,,,,,,,,,,,,,,,,,,,,,
1764665197.591740,1764665197.589360,35426,0,4358.974121,4379.615234,4474.102539,4504.102539,4377.307617,4503.461426,4529.743652,4367.179688,4558.974121,4365,4487.94873,4501.922852,4562.05127,4389.743652,4373.846191,4501.538574,4531.538574,4532.307617,4498.077148,4370.769043,4380.897461,4552.94873,4506.666504,4485.897461,4371.666504,4552.05127,4363.717773,4534.358887,4488.333496,4379.358887,4500,4477.179688,2601,1,26,2569,8597,,,,0,4,4,4,4,4,4,4,4,4,4,4,4,4,4,4,4,4,4,4,4,4,4,4,4,4,4,4,4,4,4,4,4,100,,,,,,,,,,,,,,,,,,,,,,,,,,,,,,,,,,,,,,,,,,,,,,,,,,,,,,,,,,,,,,,,,,,,,,,,,,,,,,,,,,,,,,,,,,,,,,,,,,,,,,,,,,,,,,,,,,,,,,,,,,,,,,,,,,,,,,,,,,,,,,,,,,,,,,,,,,,,,,,,,,,,,,,,,,,,,,,,,,,,,,,,,,,,,,,,,,,,,,,,,,,,,,
1764665197.595649,1764665197.593267,35427,0,4363.461426,4383.461426,4481.410156,4507.179688,4380,4507.436035,4536.410156,4372.563965,4565.256348,4363.974121,4492.179688,4505.641113,4566.794922,4393.589844,4383.077148,4505.512695,4536.410156,4536.666504,4503.205078,4378.333496,4386.922852,4559.743652,4510.897461,4490.384766,4365.256348,4556.025879,4369.358887,4536.922852,4491.538574,4384.487305,4504.358887,4486.153809,2854,1,26,2569,8597,,,,0,4,4,4,4,4,4,4,4,4,4,4,4,4,4,4,4,4,4,4,4,4,4,4,4,4,4,4,4,4,4,4,4,100,,,,,,,,,,,,,,,,,,,,,,,,,,,,,,,,,,,,,,,,,,,,,,,,,,,,,,,,,,,,,,,,,,,,,,,,,,,,,,,,,,,,,,,,,,,,,,,,,,,,,,,,,,,,,,,,,,,,,,,,,,,,,,,,,,,,,,,,,,,,,,,,,,,,,,,,,,,,,,,,,,,,,,,,,,,,,,,,,,,,,,,,,,,,,,,,,,,,,,,,,,,,,,
1764665197.599557,1764665197.597175,35428,0,4371.282227,4388.333496,4487.563965,4511.025879,4384.871582,4510.256348,4541.794922,4378.846191,4569.871582,4365.128418,4495.384766,4510.384766,4570.256348,4397.692383,4393.333496,4510.897461,4542.436035,4541.153809,4507.820313,4384.487305,4394.102539,4567.307617,4516.153809,4494.358887,4368.589844,4559.230957,4377.05127,4542.436035,4496.153809,4390.256348,4508.205078,4492.820313,2753,1,26,2570,8605,,,,0,4,4,4,4,4,4,4,4,4,4,4,4,4,4,4,4,4,4,4,4,4,4,4,4,4,4,4,4,4,4,4,4,100,,,,,,,,,,,,,,,,,,,,,,,,,,,,,,,,,,,,,,,,,,,,,,,,,,,,,,,,,,,,,,,,,,,,,,,,,,,,,,,,,,,,,,,,,,,,,,,,,,,,,,,,,,,,,,,,,,,,,,,,,,,,,,,,,,,,,,,,,,,,,,,,,,,,,,,,,,,,,,,,,,,,,,,,,,,,,,,,,,,,,,,,,,,,,,,,,,,,,,,,,,,,,,
1764665197.603465,1764665197.601082,35429,0,4375.897461,4390,4488.589844,4512.94873,4387.307617,4509.102539,4541.153809,4380.769043,4568.461426,4368.846191,4494.615234,4512.563965,4568.717773,4399.743652,4398.461426,4513.461426,4544.871582,4541.410156,4508.205078,4384.102539,4398.205078,4570.512695,4518.333496,4494.871582,4377.692383,4558.974121,4381.538574,4545.897461,4498.461426,4392.563965,4508.589844,4493.205078,2789,1,26,2570,8605,,,,0,4,4,4,4,4,4,4,4,4,4,4,4,4,4,4,4,4,4,4,4,4,4,4,4,4,4,4,4,4,4,4,4,100,,,,,,,,,,,,,,,,,,,,,,,,,,,,,,,,,,,25241,0,0.252913,-0.611206,-0.722778,0.200134,0.989379,0.160176,0.028812,23.833334,29.166666,43.5,,,,,,,,,,,,,,,,,,,,,,,,,,,,,,,,,,,,,,,,,,,,,,,,,,,,,,,,,,,,,,,,,,,,,,,,,,,,,,,,,,,,,,,,,,,,,,,,,,,,,,,,,,,,,,,,,,,,,,,,,,,,,,,,,,,,,,,,,,,,,,,,,,,,,,,,,,,,,,,,
1764665197.607373,1764665197.604990,35430,0,4373.077148,4386.538574,4483.717773,4511.282227,4384.358887,4503.846191,4533.461426,4375.512695,4560.769043,4373.846191,4489.358887,4509.743652,4562.436035,4399.102539,4395.641113,4510.512695,4541.025879,4535.769043,4503.461426,4376.922852,4397.692383,4567.307617,4516.282227,4491.410156,4385.897461,4555.384766,4380,4544.230957,4495.897461,4389.871582,4504.487305,4487.307617,2797,1,26,2567,8613,,,,0,4,4,4,4,4,4,4,4,4,4,4,4,4,4,4,4,4,4,4,4,4,4,4,4,4,4,4,4,4,4,4,4,100,,,,,,,,,,,,,,,,,,,,,,,,,,,,,,,,,,,,,,,,,,,,,,,,,,,,,,,,,,,,,,,,,,,,,,,,,,,,,,,,,,,,,,,,,,,,,,,,,,,,,,,,,,,,,,,,,,,,,,,,,,,,,,,,,,,,,,,,,,,,,,,,,,,,,,,,,,,,,,,,,,,,,,,,,,,,,,,,,,,,,,,,,,,,,,,,,,,,,,,,,,,,,,
1764665197.611282,1764665197.608897,35431,0,4364.487305,4379.487305,4475.512695,4506.410156,4376.282227,4497.436035,4522.692383,4365.256348,4550,4377.179688,4481.666504,4502.94873,4554.230957,4396.922852,4386.282227,4502.563965,4532.307617,4526.410156,4496.666504,4367.05127,4393.717773,4560.128418,4511.410156,4485.769043,4387.94873,4550.384766,4372.94873,4538.589844,4489.358887,4383.846191,4497.820313,4478.589844,2977,1,26,2567,8613,,,,0,4,4,4,4,4,4,4,4,4,4,4,4,4,4,4,4,4,4,4,4,4,4,4,4,4,4,4,4,4,4,4,4,100,,,,,,,,,,,,,,,,,,,,,,,,,,,,,,,,,,,,,,,,,,,,,,,,,,,,,,,,,,,,,,,,,,,,,,,,,,,,,,,,,,,,,,,,,,,,,,,,,,,,,,,,,,,,,,,,,,,,,,,,,,,,,,,,,,,,,,,,,,,,,,,,,,,,,,,,,,,,,,,,,,,,,,,,,,,,,,,,,,,,,,,,,,,,,,,,,,,,,,,,,,,,,,
1764665197.615190,1764665197.612804,35432,0,4356.025879,4372.563965,4468.077148,4500.641113,4368.205078,4493.717773,4515.256348,4355.128418,4541.410156,4377.05127,4475.641113,4495.641113,4548.333496,4394.743652,4376.410156,4494.487305,4523.205078,4518.974121,4492.692383,4360.641113,4389.358887,4553.461426,4506.538574,4481.282227,4383.333496,4547.436035,4364.615234,4532.563965,4482.692383,4378.077148,4491.922852,4471.666504,2864,1,26,2566,8621,,,,0,4,4,4,4,4,4,4,4,4,4,4,4,4,4,4,4,4,4,4,4,4,4,4,4,4,4,4,4,4,4,4,4,100,,,,,,,,,,,,,,,,,,,,,,,,,,,,,,,,,,,,,,,,,,,,,,,,,,,,,,,,,,,,,,,,,,,,,,,,,,,,,,,,,,,,,,,,,,,,,,,,,,,,,,,,,,,,,,,,,,,,,,,,,,,,,,,,,,,,,,,,,,,,,,,,,,,,,,,,,,,,,,,,,,,,,,,,,,,,,,,,,,,,,,,,,,,,,,,,,,,,,,,,,,,,,,
1764665197.619098,1764665197.616712,35433,0,4354.358887,4369.871582,4465.769043,4497.307617,4366.794922,4495.128418,4516.025879,4351.666504,4539.230957,4373.717773,4475.256348,4493.205078,4548.333496,4394.230957,4372.436035,4492.94873,4519.871582,4518.461426,4495.128418,4361.922852,4387.563965,4551.794922,4504.871582,4480.512695,4375.769043,4548.974121,4361.153809,4531.153809,4480.512695,4376.666504,4490.384766,4470.897461,2715,1,26,2566,8621,,,,0,4,4,4,4,4,4,4,4,4,4,4,4,4,4,4,4,4,4,4,4,4,4,4,4,4,4,4,4,4,4,4,4,100,,,,,,,,,,,,,,,,,,,,,,,,,,,,,,,,,,,25242,0,0.253063,-0.611328,-0.722656,0.200012,0.98303,0.156757,0.023929,21,31.666666,43.5,,,,,,,,,,,,,,,,,,,,,,,,,,,,,,,,,,,,,,,,,,,,,,,,,,,,,,,,,,,,,,,,,,,,,,,,,,,,,,,,,,,,,,,,,,,,,,,,,,,,,,,,,,,,,,,,,,,,,,,,,,,,,,,,,,,,,,,,,,,,,,,,,,,,,,,,,,,,,,,,
1764665197.623006,1764665197.620619,35434,0,4361.282227,4373.974121,4471.153809,4499.615234,4375.769043,4501.282227,4525.256348,4358.077148,4544.487305,4370.641113,4481.666504,4498.589844,4555.641113,4396.282227,4377.563965,4501.153809,4525.769043,4526.410156,4503.589844,4370.897461,4389.871582,4557.307617,4508.589844,4485.256348,4371.410156,4555.384766,4366.538574,4536.538574,4485,4381.922852,4495.641113,4477.692383,2274,1,26,2567,8629,,,,0,4,4,4,4,4,4,4,4,4,4,4,4,4,4,4,4,4,4,4,4,4,4,4,4,4,4,4,4,4,4,4,4,100,,,,,,,,,,,,,,,,,,,,,,,,,,,,,,,,,,,,,,,,,,,,,,,,,,,,,,,,,,,,,,,,,,,,,,,,,,,,,,,,,,,,,,,,,,,,,,,,,,,,,,,,,,,,,,,,,,,,,,,,,,,,,,,,,,,,,,,,,,,,,,,,,,,,,,,,,,,,,,,,,,,,,,,,,,,,,,,,,,,,,,,,,,,,,,,,,,,,,,,,,,,,,,
1764665197.626915,1764665197.624527,35435,0,4373.077148,4383.333496,4482.307617,4507.692383,4391.410156,4509.358887,4538.077148,4372.179688,4553.974121,4371.666504,4492.05127,4510.128418,4567.05127,4400,4388.333496,4515,4538.589844,4538.717773,4513.717773,4382.692383,4394.487305,4567.563965,4517.179688,4493.846191,4375,4564.358887,4378.717773,4546.282227,4493.846191,4392.05127,4506.153809,4489.102539,2684,1,26,2567,8629,,,,0,4,4,4,4,4,4,4,4,4,4,4,4,4,4,4,4,4,4,4,4,4,4,4,4,4,4,4,4,4,4,4,4,100,,,,,,,,,,,,,,,,,,,,,,,,,,,,,,,,,,,,,,,,,,,,,,,,,,,,,,,,,,,,,,,,,,,,,,,,,,,,,,,,,,,,,,,,,,,,,,,,,,,,,,,,,,,,,,,,,,,,,,,,,,,,,,,,,,,,,,,,,,,,,,,,,,,,,,,,,,,,,,,,,,,,,,,,,,,,,,,,,,,,,,,,,,,,,,,,,,,,,,,,,,,,,,
1764665197.630823,1764665197.628434,35436,0,4382.820313,4392.820313,4493.461426,4517.820313,4404.230957,4515.384766,4547.307617,4386.794922,4562.436035,4378.077148,4500.769043,4521.025879,4576.153809,4402.820313,4397.307617,4525.897461,4550.769043,4548.077148,4519.230957,4390.641113,4397.692383,4576.794922,4526.025879,4502.307617,4386.410156,4572.179688,4390.384766,4554.102539,4501.538574,4401.282227,4516.282227,4498.846191,2487,1,26,2566,8636,,,,0,4,4,4,4,4,4,4,4,4,4,4,4,4,4,4,4,4,4,4,4,4,4,4,4,4,4,4,4,4,4,4,4,100,,,,,,,,,,,,,,,,,,,,,,,,,,,,,,,,,,,,,,,,,,,,,,,,,,,,,,,,,,,,,,,,,,,,,,,,,,,,,,,,,,,,,,,,,,,,,,,,,,,,,,,,,,,,,,,,,,,,,,,,,,,,,,,,,,,,,,,,,,,,,,,,,,,,,,,,,,,,,,,,,,,,,,,,,,,,,,,,,,,,,,,,,,,,,,,,,,,,,,,,,,,,,,
1764665197.634731,1764665197.632342,35437,0,4385,4396.794922,4498.333496,4524.230957,4405.769043,4515.897461,4548.205078,4393.333496,4565.128418,4386.410156,4503.077148,4524.615234,4578.077148,4402.307617,4398.077148,4527.179688,4555.256348,4548.717773,4516.666504,4390.256348,4396.410156,4579.230957,4529.871582,4505.897461,4400.512695,4575.256348,4394.102539,4554.743652,4503.589844,4403.974121,4519.743652,4501.282227,2233,1,26,2566,8636,,,,0,4,4,4,4,4,4,4,4,4,4,4,4,4,4,4,4,4,4,4,4,4,4,4,4,4,4,4,4,4,4,4,4,100,,,,,,,,,,,,,,,,,,,,,,,,,,,,,,,,,,,25243,0,0.252891,-0.611511,-0.722595,0.19989,0.973752,0.171896,0.020022,21.833334,28.833334,43.833332,,,,,,,,,,,,,,,,,,,,,,,,,,,,,,,,,,,,,,,,,,,,,,,,,,,,,,,,,,,,,,,,,,,,,,,,,,,,,,,,,,,,,,,,,,,,,,,,,,,,,,,,,,,,,,,,,,,,,,,,,,,,,,,,,,,,,,,,,,,,,,,,,,,,,,,,,,,,,,,,
1764665197.638640,1764665197.636249,35438,0,4379.743652,4393.461426,4493.846191,4522.94873,4395,4511.282227,4542.05127,4388.974121,4561.410156,4390.641113,4498.589844,4519.230957,4573.077148,4398.333496,4391.153809,4519.230957,4550,4541.410156,4508.205078,4382.563965,4391.282227,4574.230957,4527.05127,4502.692383,4409.358887,4572.820313,4388.077148,4548.846191,4499.358887,4398.205078,4514.871582,4495.384766,2701,1,26,2567,8644,,,,0,4,4,4,4,4,4,4,4,4,4,4,4,4,4,4,4,4,4,4,4,4,4,4,4,4,4,4,4,4,4,4,4,100,,,,,,,,,,,,,,,,,,,,,,,,,,,,,,,,,,,,,,,,,,,,,,,,,,,,,,,,,,,,,,,,,,,,,,,,,,,,,,,,,,,,,,,,,,,,,,,,,,,,,,,,,,,,,,,,,,,,,,,,,,,,,,,,,,,,,,,,,,,,,,,,,,,,,,,,,,,,,,,,,,,,,,,,,,,,,,,,,,,,,,,,,,,,,,,,,,,,,,,,,,,,,,
1764665197.642548,1764665197.640157,35439,0,4372.05127,4385.512695,4483.205078,4515,4379.102539,4504.871582,4534.871582,4377.692383,4554.358887,4386.794922,4490.769043,4509.102539,4565.641113,4394.102539,4382.692383,4508.846191,4539.615234,4531.922852,4500.641113,4373.589844,4386.666504,4566.410156,4520.897461,4495.769043,4407.820313,4567.692383,4377.307617,4541.282227,4492.820313,4388.205078,4505.897461,4485.384766,2490,1,26,2567,8644,,,,0,4,4,4,4,4,4,4,4,4,4,4,4,4,4,4,4,4,4,4,4,4,4,4,4,4,4,4,4,4,4,4,4,100,,,,,,,,,,,,,,,,,,,,,,,,,,,,,,,,,,,,,,,,,,,,,,,,,,,,,,,,,,,,,,,,,,,,,,,,,,,,,,,,,,,,,,,,,,,,,,,,,,,,,,,,,,,,,,,,,,,,,,,,,,,,,,,,,,,,,,,,,,,,,,,,,,,,,,,,,,,,,,,,,,,,,,,,,,,,,,,,,,,,,,,,,,,,,,,,,,,,,,,,,,,,,,
1764665197.646456,1764665197.644064,35440,0,4367.692383,4378.717773,4473.333496,4506.025879,4368.205078,4500.769043,4531.410156,4368.205078,4548.846191,4376.666504,4485.512695,4501.282227,4561.282227,4393.333496,4379.230957,4504.102539,4531.922852,4527.94873,4499.615234,4370.128418,4386.666504,4562.179688,4516.666504,4490.128418,4396.410156,4564.358887,4369.743652,4537.94873,4488.974121,4380.769043,4500.256348,4477.692383,2857,1,26,2568,8652,,,,0,4,4,4,4,4,4,4,4,4,4,4,4,4,4,4,4,4,4,4,4,4,4,4,4,4,4,4,4,4,4,4,4,100,,,,,,,,,,,,,,,,,,,,,,,,,,,,,,,,,,,,,,,,,,,,,,,,,,,,,,,,,,,,,,,,,,,,,,,,,,,,,,,,,,,,,,,,,,,,,,,,,,,,,,,,,,,,,,,,,,,,,,,,,,,,,,,,,,,,,,,,,,,,,,,,,,,,,,,,,,,,,,,,,,,,,,,,,,,,,,,,,,,,,,,,,,,,,,,,,,,,,,,,,,,,,,
1764665197.650364,1764665197.647971,35441,0,4368.974121,4377.307617,4470.512695,4502.692383,4368.461426,4501.794922,4533.077148,4366.794922,4548.717773,4367.05127,4486.025879,4500.897461,4561.794922,4397.436035,4382.820313,4508.205078,4532.436035,4532.307617,4506.025879,4374.487305,4392.05127,4564.358887,4518.205078,4489.615234,4380.769043,4565.897461,4370.641113,4540.897461,4490.641113,4380.641113,4501.794922,4476.410156,2910,1,26,2568,8652,,,,0,4,4,4,4,4,4,4,4,4,4,4,4,4,4,4,4,4,4,4,4,4,4,4,4,4,4,4,4,4,4,4,4,100,,,,,,,,,,,,,,,,,,,,,,,,,,,,,,,,,,,25244,0,0.252889,-0.611572,-0.722595,0.199707,0.973752,0.171896,0.020022,21.833334,30.333334,45.166668,,,,,,,,,,,,,,,,,,,,,,,,,,,,,,,,,,,,,,,,,,,,,,,,,,,,,,,,,,,,,,,,,,,,,,,,,,,,,,,,,,,,,,,,,,,,,,,,,,,,,,,,,,,,,,,,,,,,,,,,,,,,,,,,,,,,,,,,,,,,,,,,,,,,,,,,,,,,,,,,
1764665197.654272,1764665197.651879,35442,0,4373.974121,4381.666504,4475.897461,4506.666504,4377.692383,4506.410156,4537.05127,4373.205078,4553.717773,4363.717773,4491.282227,4507.563965,4565.256348,4403.846191,4389.871582,4517.94873,4539.871582,4541.666504,4514.743652,4383.461426,4398.974121,4570.769043,4524.615234,4494.230957,4368.974121,4571.410156,4378.461426,4547.94873,4496.282227,4386.922852,4508.589844,4480.641113,1747,1,26,2569,8660,,,,0,4,4,4,4,4,4,4,4,4,4,4,4,4,4,4,4,4,4,4,4,4,4,4,4,4,4,4,4,4,4,4,4,100,,,,,,,,,,,,,,,,,,,,,,,,,,,,,,,,,,,,,,,,,,,,,,,,,,,,,,,,,,,,,,,,,,,,,,,,,,,,,,,,,,,,,,,,,,,,,,,,,,,,,,,,,,,,,,,,,,,,,,,,,,,,,,,,,,,,,,,,,,,,,,,,,,,,,,,,,,,,,,,,,,,,,,,,,,,,,,,,,,,,,,,,,,,,,,,,,,,,,,,,,,,,,,
1764665197.658181,1764665197.655786,35443,0,4377.307617,4387.820313,4483.589844,4513.333496,4387.436035,4510.384766,4538.974121,4381.025879,4558.974121,4366.922852,4495.384766,4515.256348,4567.692383,4407.94873,4394.102539,4524.871582,4547.307617,4548.461426,4518.717773,4389.615234,4402.05127,4575.641113,4530.769043,4499.358887,4365.256348,4576.025879,4385.769043,4553.846191,4501.153809,4393.461426,4513.846191,4485,2950,1,26,2569,8660,,,,0,4,4,4,4,4,4,4,4,4,4,4,4,4,4,4,4,4,4,4,4,4,4,4,4,4,4,4,4,4,4,4,4,100,,,,,,,,,,,,,,,,,,,,,,,,,,,,,,,,,,,,,,,,,,,,,,,,,,,,,,,,,,,,,,,,,,,,,,,,,,,,,,,,,,,,,,,,,,,,,,,,,,,,,,,,,,,,,,,,,,,,,,,,,,,,,,,,,,,,,,,,,,,,,,,,,,,,,,,,,,,,,,,,,,,,,,,,,,,,,,,,,,,,,,,,,,,,,,,,,,,,,,,,,,,,,,
1764665197.662089,1764665197.659694,35444,1,4377.366211,4388.659668,4483.077148,4512.750488,4387.400879,4510.035156,4538.811035,4380.163086,4559.056152,4367.832031,4495.885742,4515.850586,4567.820313,4407.867188,4393.158691,4523.205078,4546.93457,4547.727051,4518.473145,4388.158691,4400.139648,4575.209961,4530.874023,4498.811035,4368.624512,4575.466309,4385.314453,4553.881348,4501.118652,4393.624512,4513.100098,4485.163086,0,1,26,0,0,,,,0,4,4,4,4,4,4,4,4,4,4,4,4,4,4,4,4,4,4,4,4,4,4,4,4,4,4,4,4,4,4,4,4,100,,,,,,,,,,,,,,,,,,,,,,,,,,,,,,,,,,,,,,,,,,,,,,,,,,,,,,,,,,,,,,,,,,,,,,,,,,,,,,,,,,,,,,,,,,,,,,,,,,,,,,,,,,,,,,,,,,,,,,,,,,,,,,,,,,,,,,,,,,,,,,,,,,,,,,,,,,,,,,,,,,,,,,,,,,,,,,,,,,,,,,,,,,,,,,,,,,,,,,,,,,,,,,
1764665197.665997,1764665197.663601,35445,1,4377.424316,4389.499023,4482.563965,4512.167969,4387.366211,4509.685547,4538.647949,4379.300781,4559.137695,4368.741211,4496.386719,4516.445313,4567.94873,4407.785645,4392.214355,4521.538574,4546.562012,4546.993164,4518.228516,4386.70166,4398.228516,4574.77832,4530.979004,4498.263184,4371.993164,4574.906738,4384.860352,4553.916016,4501.083984,4393.788086,4512.354492,4485.326172,0,1,26,0,0,,,,0,4,4,4,4,4,4,4,4,4,4,4,4,4,4,4,4,4,4,4,4,4,4,4,4,4,4,4,4,4,4,4,4,100,,,,,,,,,,,,,,,,,,,,,,,,,,,,,,,,,,,,,,,,,,,,,,,,,,,,,,,,,,,,,,,,,,,,,,,,,,,,,,,,,,,,,,,,,,,,,,,,,,,,,,,,,,,,,,,,,,,,,,,,,,,,,,,,,,,,,,,,,,,,,,,,,,,,,,,,,,,,,,,,,,,,,,,,,,,,,,,,,,,,,,,,,,,,,,,,,,,,,,,,,,,,,,
1764665197.669906,1764665197.667509,35446,1,4377.482422,4390.337891,4482.05127,4511.584961,4387.331055,4509.335449,4538.484863,4378.437988,4559.219238,4369.650391,4496.888184,4517.039551,4568.077148,4407.704102,4391.270508,4519.871582,4546.188965,4546.258789,4517.983887,4385.244629,4396.316895,4574.347168,4531.083984,4497.71582,4375.361328,4574.347168,4384.405762,4553.951172,4501.048828,4393.951172,4511.608398,4485.489746,0,1,26,0,0,,,,0,4,4,4,4,4,4,4,4,4,4,4,4,4,4,4,4,4,4,4,4,4,4,4,4,4,4,4,4,4,4,4,4,100,,,,,,,,,,,,,,,,,,,,,,,,,,,,,,,,,,,,,,,,,,,,,,,,,,,,,,,,,,,,,,,,,,,,,,,,,,,,,,,,,,,,,,,,,,,,,,,,,,,,,,,,,,,,,,,,,,,,,,,,,,,,,,,,,,,,,,,,,,,,,,,,,,,,,,,,,,,,,,,,,,,,,,,,,,,,,,,,,,,,,,,,,,,,,,,,,,,,,,,,,,,,,,
1764665197.673814,1764665197.671416,35447,1,4377.541016,4391.177246,4481.538574,4511.002441,4387.295898,4508.98584,4538.321777,4377.575684,4559.300781,4370.55957,4497.38916,4517.633789,4568.205078,4407.622559,4390.326172,4518.205078,4545.815918,4545.524414,4517.73877,4383.788086,4394.405762,4573.916016,4531.188965,4497.167969,4378.729492,4573.788086,4383.951172,4553.98584,4501.01416,4394.114258,4510.862305,4485.652832,0,1,26,0,0,,,,0,4,4,4,4,4,4,4,4,4,4,4,4,4,4,4,4,4,4,4,4,4,4,4,4,4,4,4,4,4,4,4,4,100,,,,,,,,,,,,,,,,,,,,,,,,,,,,,,,,,,,,,,,,,,,,,,,,,,,,,,,,,,,,,,,,,,,,,,,,,,,,,,,,,,,,,,,,,,,,,,,,,,,,,,,,,,,,,,,,,,,,,,,,,,,,,,,,,,,,,,,,,,,,,,,,,,,,,,,,,,,,,,,,,,,,,,,,,,,,,,,,,,,,,,,,,,,,,,,,,,,,,,,,,,,,,,
1764665197.677722,1764665197.675324,35448,1,4377.599121,4392.016113,4481.025879,4510.419434,4387.26123,4508.63623,4538.158691,4376.713379,4559.382324,4371.46875,4497.890625,4518.228516,4568.333496,4407.541016,4389.382324,4516.538574,4545.442871,4544.790039,4517.494141,4382.331055,4392.494141,4573.484863,4531.293945,4496.620117,4382.098145,4573.228516,4383.496582,4554.020996,4500.979004,4394.277344,4510.116699,4485.815918,0,1,26,0,0,,,,0,4,4,4,4,4,4,4,4,4,4,4,4,4,4,4,4,4,4,4,4,4,4,4,4,4,4,4,4,4,4,4,4,100,,,,,,,,,,,,,,,,,,,,,,,,,,,,,,,,,,,,,,,,,,,,,,,,,,,,,,,,,,,,,,,,,,,,,,,,,,,,,,,,,,,,,,,,,,,,,,,,,,,,,,,,,,,,,,,,,,,,,,,,,,,,,,,,,,,,,,,,,,,,,,,,,,,,,,,,,,,,,,,,,,,,,,,,,,,,,,,,,,,,,,,,,,,,,,,,,,,,,,,,,,,,,,
1764665197.681630,1764665197.679231,35449,1,4377.657227,4392.855469,4480.512695,4509.836914,4387.226074,4508.286621,4537.995117,4375.850586,4559.463867,4372.377441,4498.391602,4518.822754,4568.461426,4407.458984,4388.437988,4514.871582,4545.069824,4544.056152,4517.249512,4380.874023,4390.58252,4573.053711,4531.398438,4496.072266,4385.466309,4572.668945,4383.041992,4554.056152,4500.943848,4394.44043,4509.370605,4485.979004,0,1,26,0,0,,,,0,4,4,4,4,4,4,4,4,4,4,4,4,4,4,4,4,4,4,4,4,4,4,4,4,4,4,4,4,4,4,4,4,100,,,,,,,,,,,,,,,,,,,,,,,,,,,,,,,,,,,,,,,,,,,,,,,,,,,,,,,,,,,,,,,,,,,,,,,,,,,,,,,,,,,,,,,,,,,,,,,,,,,,,,,,,,,,,,,,,,,,,,,,,,,,,,,,,,,,,,,,,,,,,,,,,,,,,,,,,,,,,,,,,,,,,,,,,,,,,,,,,,,,,,,,,,,,,,,,,,,,,,,,,,,,,,
1764665197.685539,1764665197.683138,35450,1,4377.71582,4393.694824,4480,4509.253906,4387.190918,4507.937012,4537.832031,4374.988281,4559.54541,4373.286621,4498.892578,4519.41748,4568.589844,4407.377441,4387.494141,4513.205078,4544.696777,4543.321777,4517.004883,4379.41748,4388.671387,4572.622559,4531.503418,4495.524414,4388.834473,4572.109375,4382.587402,4554.09082,4500.90918,4394.603516,4508.624512,4486.14209,0,1,26,0,0,,,,0,4,4,4,4,4,4,4,4,4,4,4,4,4,4,4,4,4,4,4,4,4,4,4,4,4,4,4,4,4,4,4,4,100,0.902344,91.666664,4,4,4,4,4,4,4,4,4,4,4,4,4,4,4,4,4,4,4,4,4,4,4,4,3,4,4,4,4,4,4,4,,,,,,,,,,,,,0.899619,1.097242,0.602905,1.274541,0.814578,2.154591,0.499987,0.838878,1.297964,0.792313,2.763445,0.65143,1.525651,1.306892,0.895439,1.247215,0.39622,0.94728,1.614671,0.754001,1.429415,0.6409,1.660206,1.187005,0.767198,1.202428,0.715955,0.660666,0.975149,0.627394,0.897523,0.494211,0.743942,1.206428,0.754058,1.038943,0.425296,0.675512,1.017294,0.869899,0.769008,0.637416,0.593706,1.528987,1.017256,1.49527,1.375923,1.082965,1.989855,1.489346,0.566992,0.598547,0.356198,0.76112,0.63487,0.901893,1.229862,0.700601,1.240191,0.7536,0.526399,0.502284,0.345356,0.968184,0.7287,0.67939,0.780212,0.360983,0.807722,0.524664,0.521119,0.659331,0.233745,1.150429,0.735682,0.857391,0.499455,0.382555,0.931128,0.505735,0.842801,1.196518,0.699879,1.385745,0.724539,0.773585,1.027515,0.416792,1.498704,0.633462,0.43329,0.542923,0.31406,0.923922,0.376385,0.772394,0.585499,0.468923,1.058629,0.753412,1.30003,0.892888,0.648448,1.270978,0.686368,1.048298,1.221015,0.4399,1.172059,0.791349,0.993628,1.140145,0.606226,1.432261,0.607387,1.52527,1.048728,0.595537,1.237707,0.708649,1.477221,1.409343,1.244887,1.550648,2.245751,1.950035,0.870269,0.957055,1.053026,0.704055,0.828913,0.621201,0.721754,1.614411,0.924752,1.027707,1.129793,0.724567,1.52179,0.886512,0.598088,0.488895,0.315824,0.71599,0.314434,1.487451,0.481833,0.532465,1.249628,0.897403,1.137352,0.56001,1.0677,1.347332,0.82103,1.895565,0.668526,0.846901,1.107468,1.040105
1764665197.689447,1764665197.687046,35451,1,4377.773926,4394.533691,4479.487305,4508.671387,4387.15625,4507.587402,4537.668945,4374.125977,4559.626953,4374.195801,4499.394043,4520.011719,4568.717773,4407.295898,4386.550293,4511.538574,4544.324219,4542.587402,4516.759766,4377.960449,4386.759766,4572.190918,4531.608398,4494.976563,4392.202637,4571.550293,4382.132813,4554.125977,4500.874023,4394.76709,4507.878906,4486.305176,0,1,26,0,0,,,,0,4,4,4,4,4,4,4,4,4,4,4,4,4,4,4,4,4,4,4,4,4,4,4,4,4,4,4,4,4,4,4,4,100,,,,,,,,,,,,,,,,,,,,,,,,,,,,,,,,,,,,,,,,,,,,,,,,,,,,,,,,,,,,,,,,,,,,,,,,,,,,,,,,,,,,,,,,,,,,,,,,,,,,,,,,,,,,,,,,,,,,,,,,,,,,,,,,,,,,,,,,,,,,,,,,,,,,,,,,,,,,,,,,,,,,,,,,,,,,,,,,,,,,,,,,,,,,,,,,,,,,,,,,,,,,,,
1764665197.693355,1764665197.690953,35452,1,4377.832031,4395.373047,4478.974121,4508.088379,4387.121094,4507.237793,4537.505859,4373.263184,4559.708496,4375.10498,4499.89502,4520.605957,4568.846191,4407.214355,4385.605957,4509.871582,4543.951172,4541.853027,4516.515137,4376.503418,4384.848633,4571.759766,4531.713379,4494.428711,4395.571289,4570.990723,4381.678223,4554.160645,4500.839355,4394.930176,4507.132813,4486.46875,0,1,26,0,0,,,,0,4,4,4,4,4,4,4,4,4,4,4,4,4,4,4,4,4,4,4,4,4,4,4,4,4,4,4,4,4,4,4,4,100,,,,,,,,,,,,,,,,,,,,,,,,,,,,,,,,,,,,,,,,,,,,,,,,,,,,,,,,,,,,,,,,,,,,,,,,,,,,,,,,,,,,,,,,,,,,,,,,,,,,,,,,,,,,,,,,,,,,,,,,,,,,,,,,,,,,,,,,,,,,,,,,,,,,,,,,,,,,,,,,,,,,,,,,,,,,,,,,,,,,,,,,,,,,,,,,,,,,,,,,,,,,,,
1764665197.697263,1764665197.694861,35453,1,4377.890625,4396.211914,4478.461426,4507.505859,4387.086426,4506.888184,4537.342773,4372.400879,4559.790039,4376.01416,4500.396484,4521.200684,4568.974121,4407.132813,4384.662109,4508.205078,4543.578125,4541.118652,4516.270508,4375.046387,4382.937012,4571.328613,4531.818359,4493.881348,4398.939453,4570.431152,4381.223633,4554.195801,4500.804199,4395.093262,4506.386719,4486.631836,0,1,26,0,0,,,,0,4,4,4,4,4,4,4,4,4,4,4,4,4,4,4,4,4,4,4,4,4,4,4,4,4,4,4,4,4,4,4,4,100,,,,,,,,,,,,,,,,,,,,,,,,,,,,,,,,,,,,,,,,,,,,,,,,,,,,,,,,,,,,,,,,,,,,,,,,,,,,,,,,,,,,,,,,,,,,,,,,,,,,,,,,,,,,,,,,,,,,,,,,,,,,,,,,,,,,,,,,,,,,,,,,,,,,,,,,,,,,,,,,,,,,,,,,,,,,,,,,,,,,,,,,,,,,,,,,,,,,,,,,,,,,,,
1764665197.701172,1764665197.698768,35454,0,4377.94873,4397.05127,4477.94873,4506.922852,4387.05127,4506.538574,4537.179688,4371.538574,4559.871582,4376.922852,4500.897461,4521.794922,4569.102539,4407.05127,4383.717773,4506.538574,4543.205078,4540.384766,4516.025879,4373.589844,4381.025879,4570.897461,4531.922852,4493.333496,4402.307617,4569.871582,4380.769043,4554.230957,4500.769043,4395.256348,4505.641113,4486.794922,2643,1,26,2575,8707,,,,0,4,4,4,4,4,4,4,4,4,4,4,4,4,4,4,4,4,4,4,4,4,4,4,4,4,4,4,4,4,4,4,4,100,,,,,,,,,,,,,,,,,,,,,,,,,,,,,,,,,,,,,,,,,,,,,,,,,,,,,,,,,,,,,,,,,,,,,,,,,,,,,,,,,,,,,,,,,,,,,,,,,,,,,,,,,,,,,,,,,,,,,,,,,,,,,,,,,,,,,,,,,,,,,,,,,,,,,,,,,,,,,,,,,,,,,,,,,,,,,,,,,,,,,,,,,,,,,,,,,,,,,,,,,,,,,,
1764665197.705080,1764665197.702676,35455,0,4369.102539,4389.230957,4470.897461,4502.692383,4380.512695,4499.743652,4531.153809,4361.666504,4553.333496,4366.794922,4491.666504,4513.846191,4561.410156,4398.846191,4381.410156,4502.563965,4535.256348,4533.077148,4508.589844,4367.94873,4376.410156,4564.358887,4526.282227,4486.538574,4392.436035,4564.358887,4373.974121,4545,4495.512695,4389.615234,4500.897461,4481.666504,2817,1,26,2575,8707,,,,0,4,4,4,4,4,4,4,4,4,4,4,4,4,4,4,4,4,4,4,4,4,4,4,4,4,4,4,4,4,4,4,4,100,,,,,,,,,,,,,,,,,,,,,,,,,,,,,,,,,,,,,,,,,,,,,,,,,,,,,,,,,,,,,,,,,,,,,,,,,,,,,,,,,,,,,,,,,,,,,,,,,,,,,,,,,,,,,,,,,,,,,,,,,,,,,,,,,,,,,,,,,,,,,,,,,,,,,,,,,,,,,,,,,,,,,,,,,,,,,,,,,,,,,,,,,,,,,,,,,,,,,,,,,,,,,,
1764665197.708988,1764665197.706583,35456,1,4368.699707,4389.432129,4471.153809,4503.077148,4379.926758,4499.541992,4531.629883,4361.941406,4552.893555,4370,4490.219727,4512.087891,4560.897461,4398.351563,4380.146484,4502.875488,4534.065918,4532.161133,4508.003906,4368.461426,4377.033203,4563.644531,4526.318848,4486.446777,4392.875488,4564.102539,4373.663086,4544.651855,4495.384766,4388.9375,4501.300293,4481.043945,2755,1,26,0,0,,,,0,4,4,4,4,4,4,4,4,4,4,4,4,4,4,4,4,4,4,4,4,4,4,4,4,4,4,4,4,4,4,4,4,100,,,,,,,,,,,,,,,,,,,,,,,,,,,,,,,,,,,,,,,,,,,,,,,,,,,,,,,,,,,,,,,,,,,,,,,,,,,,,,,,,,,,,,,,,,,,,,,,,,,,,,,,,,,,,,,,,,,,,,,,,,,,,,,,,,,,,,,,,,,,,,,,,,,,,,,,,,,,,,,,,,,,,,,,,,,,,,,,,,,,,,,,,,,,,,,,,,,,,,,,,,,,,,
1764665197.712896,1764665197.710491,35457,1,4368.296875,4389.633789,4471.410156,4503.461426,4379.34082,4499.34082,4532.106445,4362.216309,4552.454102,4373.205078,4488.772949,4510.32959,4560.384766,4397.856934,4378.882813,4503.187012,4532.875488,4531.245605,4507.41748,4368.974121,4377.655762,4562.930176,4526.355469,4486.355469,4393.314941,4563.846191,4373.351563,4544.304199,4495.256348,4388.260254,4501.703125,4480.421387,2919,1,26,0,0,,,,0,4,4,4,4,4,4,4,4,4,4,4,4,4,4,4,4,4,4,4,4,4,4,4,4,4,4,4,4,4,4,4,4,100,,,,,,,,,,,,,,,,,,,,,,,,,,,,,,,,,,,,,,,,,,,,,,,,,,,,,,,,,,,,,,,,,,,,,,,,,,,,,,,,,,,,,,,,,,,,,,,,,,,,,,,,,,,,,,,,,,,,,,,,,,,,,,,,,,,,,,,,,,,,,,,,,,,,,,,,,,,,,,,,,,,,,,,,,,,,,,,,,,,,,,,,,,,,,,,,,,,,,,,,,,,,,,
1764665197.716805,1764665197.714398,35458,1,4367.893555,4389.834961,4471.666504,4503.846191,4378.754395,4499.13916,4532.58252,4362.490723,4552.014648,4376.410156,4487.326172,4508.571289,4559.871582,4397.362793,4377.619141,4503.498047,4531.685059,4530.32959,4506.831543,4369.487305,4378.27832,4562.216309,4526.39209,4486.263672,4393.754395,4563.589844,4373.040527,4543.956055,4495.128418,4387.58252,4502.106445,4479.79834,2595,1,26,0,0,,,,0,4,4,4,4,4,4,4,4,4,4,4,4,4,4,4,4,4,4,4,4,4,4,4,4,4,4,4,4,4,4,4,4,100,,,,,,,,,,,,,,,,,,,,,,,,,,,,,,,,,,,,,,,,,,,,,,,,,,,,,,,,,,,,,,,,,,,,,,,,,,,,,,,,,,,,,,,,,,,,,,,,,,,,,,,,,,,,,,,,,,,,,,,,,,,,,,,,,,,,,,,,,,,,,,,,,,,,,,,,,,,,,,,,,,,,,,,,,,,,,,,,,,,,,,,,,,,,,,,,,,,,,,,,,,,,,,
1764665197.720713,1764665197.718305,35459,1,4367.490723,4390.036621,4471.922852,4504.230957,4378.168457,4498.9375,4533.058594,4362.765625,4551.575195,4379.615234,4485.878906,4506.812988,4559.358887,4396.868164,4376.355469,4503.80957,4530.494629,4529.414063,4506.245605,4370,4378.900879,4561.501953,4526.428711,4486.172363,4394.194336,4563.333496,4372.729004,4543.60791,4495,4386.904785,4502.509277,4479.175781,2848,1,26,0,0,,,,0,4,4,4,4,4,4,4,4,4,4,4,4,4,4,4,4,4,4,4,4,4,4,4,4,4,4,4,4,4,4,4,4,100,,,,,,,,,,,,,,,,,,,,,,,,,,,,,,,,,,,,,,,,,,,,,,,,,,,,,,,,,,,,,,,,,,,,,,,,,,,,,,,,,,,,,,,,,,,,,,,,,,,,,,,,,,,,,,,,,,,,,,,,,,,,,,,,,,,,,,,,,,,,,,,,,,,,,,,,,,,,,,,,,,,,,,,,,,,,,,,,,,,,,,,,,,,,,,,,,,,,,,,,,,,,,,
1764665197.724621,1764665197.722213,35460,1,4367.087891,4390.238281,4472.179688,4504.615234,4377.58252,4498.736328,4533.534668,4363.040527,4551.135742,4382.820313,4484.432129,4505.055176,4558.846191,4396.373535,4375.091797,4504.121094,4529.304199,4528.498047,4505.65918,4370.512695,4379.523926,4560.787598,4526.465332,4486.080566,4394.633789,4563.077148,4372.41748,4543.260254,4494.871582,4386.227051,4502.912109,4478.553223,2745,1,26,0,0,,,,0,4,4,4,4,4,4,4,4,4,4,4,4,4,4,4,4,4,4,4,4,4,4,4,4,4,4,4,4,4,4,4,4,100,,,,,,,,,,,,,,,,,,,,,,,,,,,,,,,,,,,,,,,,,,,,,,,,,,,,,,,,,,,,,,,,,,,,,,,,,,,,,,,,,,,,,,,,,,,,,,,,,,,,,,,,,,,,,,,,,,,,,,,,,,,,,,,,,,,,,,,,,,,,,,,,,,,,,,,,,,,,,,,,,,,,,,,,,,,,,,,,,,,,,,,,,,,,,,,,,,,,,,,,,,,,,,
1764665197.728530,1764665197.726120,35461,1,4366.685059,4390.439453,4472.436035,4505,4376.996094,4498.534668,4534.01123,4363.314941,4550.695801,4386.025879,4482.985352,4503.296875,4558.333496,4395.878906,4373.827637,4504.432129,4528.11377,4527.58252,4505.073242,4371.025879,4380.146484,4560.073242,4526.501953,4485.98877,4395.073242,4562.820313,4372.106445,4542.912109,4494.743652,4385.549316,4503.314941,4477.930176,2787,1,26,0,0,,,,0,4,4,4,4,4,4,4,4,4,4,4,4,4,4,4,4,4,4,4,4,4,4,4,4,4,4,4,4,4,4,4,4,100,,,,,,,,,,,,,,,,,,,,,,,,,,,,,,,,,,,,,,,,,,,,,,,,,,,,,,,,,,,,,,,,,,,,,,,,,,,,,,,,,,,,,,,,,,,,,,,,,,,,,,,,,,,,,,,,,,,,,,,,,,,,,,,,,,,,,,,,,,,,,,,,,,,,,,,,,,,,,,,,,,,,,,,,,,,,,,,,,,,,,,,,,,,,,,,,,,,,,,,,,,,,,,
1764665197.732438,1764665197.730028,35462,0,4366.282227,4390.641113,4472.692383,4505.384766,4376.410156,4498.333496,4534.487305,4363.589844,4550.256348,4389.230957,4481.538574,4501.538574,4557.820313,4395.384766,4372.563965,4504.743652,4526.922852,4526.666504,4504.487305,4371.538574,4380.769043,4559.358887,4526.538574,4485.897461,4395.512695,4562.563965,4371.794922,4542.563965,4494.615234,4384.871582,4503.717773,4477.307617,2795,1,26,2570,8738,,,,0,4,4,4,4,4,4,4,4,4,4,4,4,4,4,4,4,4,4,4,4,4,4,4,4,4,4,4,4,4,4,4,4,100,,,,,,,,,,,,,,,,,,,,,,,,,,,,,,,,,,,,,,,,,,,,,,,,,,,,,,,,,,,,,,,,,,,,,,,,,,,,,,,,,,,,,,,,,,,,,,,,,,,,,,,,,,,,,,,,,,,,,,,,,,,,,,,,,,,,,,,,,,,,,,,,,,,,,,,,,,,,,,,,,,,,,,,,,,,,,,,,,,,,,,,,,,,,,,,,,,,,,,,,,,,,,,
1764665197.736346,1764665197.733935,35463,0,4366.153809,4389.615234,4472.05127,4504.615234,4377.94873,4496.794922,4533.717773,4363.846191,4551.282227,4387.436035,4476.922852,4500.512695,4554.615234,4394.615234,4373.205078,4506.282227,4527.563965,4523.077148,4503.846191,4373.461426,4380.512695,4560,4524.487305,4486.282227,4395.897461,4561.922852,4371.025879,4541.025879,4493.077148,4383.589844,4505.128418,4476.282227,2977,1,26,2570,8738,,,,0,4,4,4,4,4,4,4,4,4,4,4,4,4,4,4,4,4,4,4,4,4,4,4,4,4,4,4,4,4,4,4,4,100,,,,,,,,,,,,,,,,,,,,,,,,,,,,,,,,,,,,,,,,,,,,,,,,,,,,,,,,,,,,,,,,,,,,,,,,,,,,,,,,,,,,,,,,,,,,,,,,,,,,,,,,,,,,,,,,,,,,,,,,,,,,,,,,,,,,,,,,,,,,,,,,,,,,,,,,,,,,,,,,,,,,,,,,,,,,,,,,,,,,,,,,,,,,,,,,,,,,,,,,,,,,,,
1764665197.740254,1764665197.737843,35464,0,4370.384766,4393.461426,4476.538574,4509.230957,4384.358887,4501.410156,4538.205078,4372.94873,4557.436035,4389.487305,4479.615234,4506.538574,4558.333496,4399.487305,4377.692383,4510.256348,4534.871582,4524.871582,4506.922852,4380.512695,4385.897461,4566.666504,4526.794922,4491.153809,4392.05127,4566.666504,4377.307617,4545.641113,4494.230957,4388.077148,4511.666504,4480.512695,2865,1,26,2570,8746,,,,0,4,4,4,4,4,4,4,4,4,4,4,4,4,4,4,4,4,4,4,4,4,4,4,4,4,4,4,4,4,4,4,4,100,,,,,,,,,,,,,,,,,,,,,,,,,,,,,,,,,,,,,,,,,,,,,,,,,,,,,,,,,,,,,,,,,,,,,,,,,,,,,,,,,,,,,,,,,,,,,,,,,,,,,,,,,,,,,,,,,,,,,,,,,,,,,,,,,,,,,,,,,,,,,,,,,,,,,,,,,,,,,,,,,,,,,,,,,,,,,,,,,,,,,,,,,,,,,,,,,,,,,,,,,,,,,,
1764665197.744163,1764665197.741750,35465,0,4377.179688,4400,4485.256348,4517.307617,4393.333496,4509.615234,4545.641113,4386.666504,4565,4395.384766,4488.974121,4516.666504,4566.153809,4407.436035,4384.102539,4515,4545.769043,4532.307617,4512.820313,4389.743652,4393.974121,4576.025879,4531.922852,4499.615234,4384.230957,4574.358887,4388.333496,4554.871582,4497.692383,4396.153809,4520.384766,4489.743652,2715,1,26,2570,8746,,,,0,4,4,4,4,4,4,4,4,4,4,4,4,4,4,4,4,4,4,4,4,4,4,4,4,4,4,4,4,4,4,4,4,100,,,,,,,,,,,,,,,,,,,,,,,,,,,,,,,,,,,25250,0,0.25299,-0.611694,-0.722473,0.199646,0.989867,0.172873,0.022464,22.833334,29.333334,43.666668,,,,,,,,,,,,,,,,,,,,,,,,,,,,,,,,,,,,,,,,,,,,,,,,,,,,,,,,,,,,,,,,,,,,,,,,,,,,,,,,,,,,,,,,,,,,,,,,,,,,,,,,,,,,,,,,,,,,,,,,,,,,,,,,,,,,,,,,,,,,,,,,,,,,,,,,,,,,,,,,
1764665197.748071,1764665197.745658,35466,0,4382.563965,4404.615234,4493.846191,4524.102539,4400.384766,4516.282227,4550.769043,4397.05127,4569.102539,4400.897461,4498.717773,4524.615234,4572.179688,4413.974121,4389.487305,4518.333496,4554.230957,4541.410156,4518.589844,4396.282227,4400.256348,4582.692383,4536.153809,4506.922852,4376.153809,4580.384766,4397.820313,4563.717773,4501.025879,4402.820313,4526.025879,4498.846191,2273,1,26,2571,8754,,,,0,4,4,4,4,4,4,4,4,4,4,4,4,4,4,4,4,4,4,4,4,4,4,4,4,4,4,4,4,4,4,4,4,100,,,,,,,,,,,,,,,,,,,,,,,,,,,,,,,,,,,,,,,,,,,,,,,,,,,,,,,,,,,,,,,,,,,,,,,,,,,,,,,,,,,,,,,,,,,,,,,,,,,,,,,,,,,,,,,,,,,,,,,,,,,,,,,,,,,,,,,,,,,,,,,,,,,,,,,,,,,,,,,,,,,,,,,,,,,,,,,,,,,,,,,,,,,,,,,,,,,,,,,,,,,,,,
1764665197.751979,1764665197.749565,35467,0,4382.94873,4403.461426,4497.307617,4524.743652,4401.153809,4516.666504,4550,4397.692383,4566.922852,4399.871582,4502.179688,4525.256348,4572.05127,4414.743652,4391.025879,4517.94873,4554.487305,4546.025879,4521.025879,4395.384766,4401.282227,4581.922852,4535.897461,4507.820313,4372.94873,4580.128418,4399.871582,4566.538574,4501.153809,4403.461426,4525.256348,4501.538574,2690,1,26,2571,8754,,,,0,4,4,4,4,4,4,4,4,4,4,4,4,4,4,4,4,4,4,4,4,4,4,4,4,4,4,4,4,4,4,4,4,100,,,,,,,,,,,,,,,,,,,,,,,,,,,,,,,,,,,,,,,,,,,,,,,,,,,,,,,,,,,,,,,,,,,,,,,,,,,,,,,,,,,,,,,,,,,,,,,,,,,,,,,,,,,,,,,,,,,,,,,,,,,,,,,,,,,,,,,,,,,,,,,,,,,,,,,,,,,,,,,,,,,,,,,,,,,,,,,,,,,,,,,,,,,,,,,,,,,,,,,,,,,,,,
1764665197.755887,1764665197.753472,35468,0,4377.692383,4396.282227,4493.589844,4518.333496,4395.128418,4510.256348,4543.717773,4388.077148,4560.128418,4390,4497.563965,4518.333496,4565.641113,4409.615234,4387.692383,4513.077148,4546.410156,4543.077148,4518.589844,4386.666504,4397.05127,4574.230957,4530.512695,4500.512695,4376.794922,4573.205078,4393.333496,4561.282227,4497.563965,4397.179688,4518.717773,4496.153809,2492,1,26,2572,8761,,,,0,4,4,4,4,4,4,4,4,4,4,4,4,4,4,4,4,4,4,4,4,4,4,4,4,4,4,4,4,4,4,4,4,100,,,,,,,,,,,,,,,,,,,,,,,,,,,,,,,,,,,,,,,,,,,,,,,,,,,,,,,,,,,,,,,,,,,,,,,,,,,,,,,,,,,,,,,,,,,,,,,,,,,,,,,,,,,,,,,,,,,,,,,,,,,,,,,,,,,,,,,,,,,,,,,,,,,,,,,,,,,,,,,,,,,,,,,,,,,,,,,,,,,,,,,,,,,,,,,,,,,,,,,,,,,,,,
1764665197.759796,1764665197.757380,35469,0,4371.025879,4387.692383,4486.666504,4508.846191,4387.05127,4501.794922,4536.666504,4375,4554.358887,4376.282227,4489.358887,4508.974121,4557.94873,4402.436035,4381.282227,4505.897461,4535.897461,4535.256348,4512.94873,4374.871582,4391.025879,4564.487305,4523.589844,4489.487305,4386.025879,4564.358887,4382.436035,4551.794922,4493.333496,4388.717773,4511.666504,4488.077148,2239,1,26,2572,8761,,,,0,4,4,4,4,4,4,4,4,4,4,4,4,4,4,4,4,4,4,4,4,4,4,4,4,4,4,4,4,4,4,4,4,100,,,,,,,,,,,,,,,,,,,,,,,,,,,,,,,,,,,25251,0,0.253237,-0.611572,-0.722473,0.199707,0.989867,0.172873,0.022464,23,32,43.5,,,,,,,,,,,,,,,,,,,,,,,,,,,,,,,,,,,,,,,,,,,,,,,,,,,,,,,,,,,,,,,,,,,,,,,,,,,,,,,,,,,,,,,,,,,,,,,,,,,,,,,,,,,,,,,,,,,,,,,,,,,,,,,,,,,,,,,,,,,,,,,,,,,,,,,,,,,,,,,,
1764665197.763704,1764665197.761287,35470,0,4368.974121,4383.717773,4483.589844,4503.589844,4383.461426,4497.436035,4534.743652,4368.333496,4554.615234,4367.94873,4485,4504.743652,4555.769043,4399.102539,4376.282227,4501.410156,4530.769043,4529.615234,4508.333496,4368.077148,4388.333496,4560.128418,4520.769043,4482.563965,4395.512695,4560.769043,4375,4545,4492.563965,4384.743652,4510.128418,4484.871582,2709,1,26,2573,8769,,,,0,4,4,4,4,4,4,4,4,4,4,4,4,4,4,4,4,4,4,4,4,4,4,4,4,4,4,4,4,4,4,4,4,100,,,,,,,,,,,,,,,,,,,,,,,,,,,,,,,,,,,,,,,,,,,,,,,,,,,,,,,,,,,,,,,,,,,,,,,,,,,,,,,,,,,,,,,,,,,,,,,,,,,,,,,,,,,,,,,,,,,,,,,,,,,,,,,,,,,,,,,,,,,,,,,,,,,,,,,,,,,,,,,,,,,,,,,,,,,,,,,,,,,,,,,,,,,,,,,,,,,,,,,,,,,,,,
1764665197.767612,1764665197.765195,35471,0,4374.743652,4387.179688,4488.077148,4506.922852,4387.436035,4500,4540,4373.461426,4562.05127,4371.282227,4487.820313,4510,4561.794922,4402.436035,4377.05127,4503.205078,4535.384766,4531.666504,4507.820313,4371.410156,4391.922852,4564.615234,4525.128418,4485.128418,4401.025879,4566.025879,4375.769043,4546.538574,4496.666504,4388.333496,4515.512695,4489.487305,2498,1,26,2573,8769,,,,0,4,4,4,4,4,4,4,4,4,4,4,4,4,4,4,4,4,4,4,4,4,4,4,4,4,4,4,4,4,4,4,4,100,,,,,,,,,,,,,,,,,,,,,,,,,,,,,,,,,,,,,,,,,,,,,,,,,,,,,,,,,,,,,,,,,,,,,,,,,,,,,,,,,,,,,,,,,,,,,,,,,,,,,,,,,,,,,,,,,,,,,,,,,,,,,,,,,,,,,,,,,,,,,,,,,,,,,,,,,,,,,,,,,,,,,,,,,,,,,,,,,,,,,,,,,,,,,,,,,,,,,,,,,,,,,,
1764665197.771521,1764665197.769102,35472,0,4385.256348,4396.153809,4497.563965,4517.307617,4395.769043,4506.794922,4549.743652,4386.410156,4572.179688,4384.487305,4495.897461,4522.307617,4572.436035,4410,4383.589844,4510.897461,4546.922852,4540.897461,4511.666504,4382.692383,4400,4575.384766,4533.717773,4495.769043,4401.153809,4577.05127,4383.589844,4555.769043,4503.205078,4396.666504,4523.461426,4498.333496,2862,1,26,2574,8777,,,,0,4,4,4,4,4,4,4,4,4,4,4,4,4,4,4,4,4,4,4,4,4,4,4,4,4,4,4,4,4,4,4,4,100,,,,,,,,,,,,,,,,,,,,,,,,,,,,,,,,,,,,,,,,,,,,,,,,,,,,,,,,,,,,,,,,,,,,,,,,,,,,,,,,,,,,,,,,,,,,,,,,,,,,,,,,,,,,,,,,,,,,,,,,,,,,,,,,,,,,,,,,,,,,,,,,,,,,,,,,,,,,,,,,,,,,,,,,,,,,,,,,,,,,,,,,,,,,,,,,,,,,,,,,,,,,,,
1764665197.775429,1764665197.773010,35473,0,4394.487305,4404.743652,4505.256348,4527.820313,4401.922852,4512.94873,4558.461426,4397.692383,4578.589844,4399.487305,4504.102539,4534.871582,4581.153809,4416.410156,4392.436035,4520.128418,4558.205078,4552.307617,4517.436035,4394.615234,4407.820313,4585.512695,4541.153809,4508.077148,4398.461426,4586.538574,4392.94873,4566.538574,4507.94873,4403.461426,4527.436035,4504.615234,2913,1,26,2574,8777,,,,0,4,4,4,4,4,4,4,4,4,4,4,4,4,4,4,4,4,4,4,4,4,4,4,4,4,4,4,4,4,4,4,4,100,,,,,,,,,,,,,,,,,,,,,,,,,,,,,,,,,,,25252,0,0.253759,-0.611328,-0.722412,0.200012,0.988402,0.180198,0.037602,22.833334,28.166666,44.5,,,,,,,,,,,,,,,,,,,,,,,,,,,,,,,,,,,,,,,,,,,,,,,,,,,,,,,,,,,,,,,,,,,,,,,,,,,,,,,,,,,,,,,,,,,,,,,,,,,,,,,,,,,,,,,,,,,,,,,,,,,,,,,,,,,,,,,,,,,,,,,,,,,,,,,,,,,,,,,,
1764665197.779337,1764665197.776917,35474,0,4397.692383,4407.94873,4506.025879,4531.666504,4401.538574,4515.384766,4561.538574,4399.743652,4577.179688,4407.307617,4507.820313,4541.153809,4583.589844,4417.307617,4398.205078,4526.025879,4562.94873,4559.487305,4521.922852,4399.615234,4410.512695,4589.358887,4543.077148,4515,4396.410156,4588.717773,4397.820313,4571.922852,4508.205078,4404.230957,4524.743652,4503.974121,1754,1,26,2575,8785,,,,0,4,4,4,4,4,4,4,4,4,4,4,4,4,4,4,4,4,4,4,4,4,4,4,4,4,4,4,4,4,4,4,4,100,,,,,,,,,,,,,,,,,,,,,,,,,,,,,,,,,,,,,,,,,,,,,,,,,,,,,,,,,,,,,,,,,,,,,,,,,,,,,,,,,,,,,,,,,,,,,,,,,,,,,,,,,,,,,,,,,,,,,,,,,,,,,,,,,,,,,,,,,,,,,,,,,,,,,,,,,,,,,,,,,,,,,,,,,,,,,,,,,,,,,,,,,,,,,,,,,,,,,,,,,,,,,,
1764665197.783245,1764665197.780824,35475,0,4393.974121,4403.846191,4499.871582,4527.05127,4395.128418,4513.846191,4558.846191,4392.436035,4568.974121,4402.563965,4505.769043,4538.461426,4580.128418,4412.692383,4397.563965,4525.769043,4559.743652,4559.358887,4523.205078,4395.641113,4407.05127,4585.897461,4539.743652,4513.205078,4396.282227,4582.307617,4395.512695,4569.102539,4504.871582,4399.230957,4517.436035,4497.307617,2957,1,26,2575,8785,,,,0,4,4,4,4,4,4,4,4,4,4,4,4,4,4,4,4,4,4,4,4,4,4,4,4,4,4,4,4,4,4,4,4,100,,,,,,,,,,,,,,,,,,,,,,,,,,,,,,,,,,,,,,,,,,,,,,,,,,,,,,,,,,,,,,,,,,,,,,,,,,,,,,,,,,,,,,,,,,,,,,,,,,,,,,,,,,,,,,,,,,,,,,,,,,,,,,,,,,,,,,,,,,,,,,,,,,,,,,,,,,,,,,,,,,,,,,,,,,,,,,,,,,,,,,,,,,,,,,,,,,,,,,,,,,,,,,
1764665197.787153,1764665197.784732,35476,0,4386.025879,4395,4490.769043,4518.333496,4386.538574,4510.512695,4553.589844,4381.666504,4558.846191,4387.820313,4500.256348,4529.358887,4574.358887,4406.153809,4390.897461,4520.384766,4551.922852,4553.205078,4520.769043,4386.282227,4400,4578.974121,4533.846191,4504.871582,4397.436035,4571.922852,4387.692383,4561.153809,4500.897461,4392.820313,4510.512695,4489.358887,2511,1,26,2576,8793,,,,0,4,4,4,4,4,4,4,4,4,4,4,4,4,4,4,4,4,4,4,4,4,4,4,4,4,4,4,4,4,4,4,4,100,,,,,,,,,,,,,,,,,,,,,,,,,,,,,,,,,,,,,,,,,,,,,,,,,,,,,,,,,,,,,,,,,,,,,,,,,,,,,,,,,,,,,,,,,,,,,,,,,,,,,,,,,,,,,,,,,,,,,,,,,,,,,,,,,,,,,,,,,,,,,,,,,,,,,,,,,,,,,,,,,,,,,,,,,,,,,,,,,,,,,,,,,,,,,,,,,,,,,,,,,,,,,,
1764665197.791062,1764665197.788639,35477,0,4378.461426,4386.794922,4484.358887,4511.794922,4380.384766,4507.307617,4550.512695,4374.358887,4552.179688,4372.436035,4495,4519.358887,4569.871582,4402.179688,4381.538574,4513.717773,4544.743652,4544.358887,4515.384766,4377.179688,4393.461426,4572.307617,4528.846191,4495.384766,4398.717773,4564.358887,4379.487305,4553.974121,4498.846191,4389.230957,4507.94873,4484.743652,2814,1,26,2576,8793,,,,0,4,4,4,4,4,4,4,4,4,4,4,4,4,4,4,4,4,4,4,4,4,4,4,4,4,4,4,4,4,4,4,4,100,,,,,,,,,,,,,,,,,,,,,,,,,,,,,,,,,,,25253,0,0.253679,-0.611389,-0.722473,0.199707,0.981077,0.162618,0.034672,23.166666,28.666666,43.666668,,,,,,,,,,,,,,,,,,,,,,,,,,,,,,,,,,,,,,,,,,,,,,,,,,,,,,,,,,,,,,,,,,,,,,,,,,,,,,,,,,,,,,,,,,,,,,,,,,,,,,,,,,,,,,,,,,,,,,,,,,,,,,,,,,,,,,,,,,,,,,,,,,,,,,,,,,,,,,,,
1764665197.794970,1764665197.792547,35478,0,4374.743652,4384.102539,4483.974121,4510.769043,4378.846191,4505.256348,4551.025879,4373.717773,4551.025879,4366.666504,4491.794922,4512.692383,4567.307617,4402.307617,4373.974121,4508.846191,4541.153809,4535.769043,4508.974121,4372.436035,4390.512695,4568.205078,4526.282227,4489.743652,4399.871582,4564.102539,4375.641113,4551.410156,4499.487305,4389.871582,4510.512695,4485.641113,2930,1,26,2576,8801,,,,0,4,4,4,4,4,4,4,4,4,4,4,4,4,4,4,4,4,4,4,4,4,4,4,4,4,4,4,4,4,4,4,4,100,,,,,,,,,,,,,,,,,,,,,,,,,,,,,,,,,,,,,,,,,,,,,,,,,,,,,,,,,,,,,,,,,,,,,,,,,,,,,,,,,,,,,,,,,,,,,,,,,,,,,,,,,,,,,,,,,,,,,,,,,,,,,,,,,,,,,,,,,,,,,,,,,,,,,,,,,,,,,,,,,,,,,,,,,,,,,,,,,,,,,,,,,,,,,,,,,,,,,,,,,,,,,,
1764665197.798878,1764665197.796454,35479,0,4375,4387.307617,4488.205078,4513.205078,4381.025879,4504.743652,4552.563965,4377.94873,4553.589844,4373.461426,4490.384766,4509.230957,4565.641113,4405.128418,4370.128418,4506.538574,4540.769043,4528.717773,4503.589844,4372.436035,4391.282227,4566.538574,4525,4490.512695,4402.307617,4569.871582,4377.563965,4552.94873,4501.153809,4392.94873,4515.897461,4490.256348,2843,1,26,2576,8801,,,,0,4,4,4,4,4,4,4,4,4,4,4,4,4,4,4,4,4,4,4,4,4,4,4,4,4,4,4,4,4,4,4,4,100,,,,,,,,,,,,,,,,,,,,,,,,,,,,,,,,,,,,,,,,,,,,,,,,,,,,,,,,,,,,,,,,,,,,,,,,,,,,,,,,,,,,,,,,,,,,,,,,,,,,,,,,,,,,,,,,,,,,,,,,,,,,,,,,,,,,,,,,,,,,,,,,,,,,,,,,,,,,,,,,,,,,,,,,,,,,,,,,,,,,,,,,,,,,,,,,,,,,,,,,,,,,,,
1764665197.802786,1764665197.800362,35480,0,4376.538574,4392.563965,4492.820313,4514.871582,4383.589844,4505.256348,4551.410156,4382.820313,4556.410156,4386.922852,4489.615234,4507.179688,4563.589844,4407.563965,4370,4505,4540.897461,4523.461426,4500.512695,4374.871582,4393.846191,4566.153809,4523.333496,4496.153809,4406.025879,4576.153809,4382.307617,4555.256348,4501.666504,4395.256348,4520.384766,4494.358887,2770,1,26,2576,8808,,,,0,4,4,4,4,4,4,4,4,4,4,4,4,4,4,4,4,4,4,4,4,4,4,4,4,4,4,4,4,4,4,4,4,100,,,,,,,,,,,,,,,,,,,,,,,,,,,,,,,,,,,,,,,,,,,,,,,,,,,,,,,,,,,,,,,,,,,,,,,,,,,,,,,,,,,,,,,,,,,,,,,,,,,,,,,,,,,,,,,,,,,,,,,,,,,,,,,,,,,,,,,,,,,,,,,,,,,,,,,,,,,,,,,,,,,,,,,,,,,,,,,,,,,,,,,,,,,,,,,,,,,,,,,,,,,,,,
1764665197.806695,1764665197.804269,35481,0,4377.179688,4395,4493.589844,4513.589844,4383.846191,4505.897461,4546.922852,4384.487305,4557.307617,4397.05127,4488.717773,4505.769043,4561.153809,4408.077148,4371.666504,4503.717773,4540,4520.512695,4500.128418,4377.692383,4396.282227,4566.922852,4520.769043,4502.563965,4409.358887,4578.589844,4386.025879,4555.897461,4499.871582,4395.128418,4521.538574,4494.743652,2820,1,26,2576,8808,,,,0,4,4,4,4,4,4,4,4,4,4,4,4,4,4,4,4,4,4,4,4,4,4,4,4,4,4,4,4,4,4,4,4,100,,,,,,,,,,,,,,,,,,,,,,,,,,,,,,,,,,,25254,0,0.253502,-0.61145,-0.722534,0.199524,0.981565,0.159687,0.042974,22.833334,28.666666,43.333332,,,,,,,,,,,,,,,,,,,,,,,,,,,,,,,,,,,,,,,,,,,,,,,,,,,,,,,,,,,,,,,,,,,,,,,,,,,,,,,,,,,,,,,,,,,,,,,,,,,,,,,,,,,,,,,,,,,,,,,,,,,,,,,,,,,,,,,,,,,,,,,,,,,,,,,,,,,,,,,,
1764665197.810603,1764665197.808177,35482,0,4376.794922,4392.820313,4490.128418,4510.384766,4381.794922,4506.025879,4542.179688,4382.692383,4556.538574,4398.077148,4487.563965,4505.769043,4560.128418,4407.436035,4374.230957,4503.717773,4538.974121,4520.897461,4501.410156,4380.128418,4397.563965,4568.461426,4518.974121,4506.410156,4409.871582,4576.538574,4386.410156,4555.128418,4497.436035,4393.333496,4519.743652,4491.538574,1959,1,26,2576,8816,,,,0,4,4,4,4,4,4,4,4,4,4,4,4,4,4,4,4,4,4,4,4,4,4,4,4,4,4,4,4,4,4,4,4,100,,,,,,,,,,,,,,,,,,,,,,,,,,,,,,,,,,,,,,,,,,,,,,,0.918631,1.056277,0.478088,1.173532,0.777118,2.157835,0.490608,0.716824,1.270377,0.75947,2.572226,0.60272,1.553349,1.240271,0.875465,1.541644,0.357516,1.019872,1.527559,0.712932,1.541047,0.648618,1.608333,1.174704,0.736637,1.20846,0.716724,0.627818,0.926973,0.602968,0.853068,0.50462,0.662689,1.156875,0.713854,0.957985,0.416614,0.595814,1.006044,0.817511,0.939835,0.622862,0.627677,1.471015,0.989249,1.393427,1.569399,1.010682,1.852322,1.320489,0.583232,0.590843,0.406771,0.725649,0.608389,0.944107,1.313746,0.60633,1.181074,0.712978,0.509366,0.585702,0.394419,0.944815,0.714718,0.896009,0.972854,0.325306,0.756523,0.509406,0.645489,0.648599,0.224447,1.078444,0.691982,0.764175,0.522966,0.362262,0.920505,0.482545,0.787822,1.202223,0.594706,1.328393,0.686936,0.676512,1.147669,0.409919,1.419071,0.660091,0.42238,0.608528,0.362151,0.884297,0.365943,0.769607,0.623711,0.56205,1.006599,0.749196,1.512203,1.030465,0.68207,1.166076,0.704698,1.083732,1.362992,0.46958,1.107795,0.7823,0.947534,1.098012,0.489683,1.363626,0.583278,1.495671,1.075334,0.665291,1.192025,0.707855,1.985578,1.297223,1.295058,1.571673,2.098076,1.705347,0.852519,0.920027,1.020934,0.700454,0.864842,0.649105,0.656133,1.508043,0.937284,0.842092,1.128331,0.647168,1.411978,0.865192,0.580063,0.499132,0.284408,0.66439,0.317212,1.40875,0.530802,0.525908,1.183501,0.877787,1.173497,0.579849,1.090892,1.287743,0.838067,1.808453,0.622118,0.892335,1.090675,0.97325
1764665197.814511,1764665197.812084,35483,0,4377.179688,4388.461426,4485.512695,4508.461426,4380,4506.538574,4540.769043,4379.615234,4556.282227,4391.794922,4486.922852,4508.333496,4562.307617,4407.94873,4377.820313,4506.794922,4539.871582,4525.256348,4503.717773,4382.436035,4398.333496,4570.384766,4520.384766,4507.436035,4406.922852,4573.461426,4385.512695,4555.769043,4497.307617,4392.692383,4517.94873,4487.94873,2639,1,26,2576,8816,,,,0,4,4,4,4,4,4,4,4,4,4,4,4,4,4,4,4,4,4,4,4,4,4,4,4,4,4,4,4,4,4,4,4,100,,,,,,,,,,,,,,,,,,,,,,,,,,,,,,,,,,,,,,,,,,,,,,,,,,,,,,,,,,,,,,,,,,,,,,,,,,,,,,,,,,,,,,,,,,,,,,,,,,,,,,,,,,,,,,,,,,,,,,,,,,,,,,,,,,,,,,,,,,,,,,,,,,,,,,,,,,,,,,,,,,,,,,,,,,,,,,,,,,,,,,,,,,,,,,,,,,,,,,,,,,,,,,
1764665197.818420,1764665197.815991,35484,0,4379.871582,4386.153809,4483.717773,4510.512695,4381.410156,4508.205078,4544.102539,4378.846191,4558.974121,4384.487305,4486.922852,4512.94873,4566.666504,4410.256348,4381.922852,4512.94873,4543.974121,4532.179688,4506.282227,4384.743652,4399.230957,4572.05127,4525.512695,4507.563965,4403.333496,4573.077148,4386.666504,4560,4500.897461,4395.512695,4519.230957,4487.436035,2693,1,26,2576,8824,,,,0,4,4,4,4,4,4,4,4,4,4,4,4,4,4,4,4,4,4,4,4,4,4,4,4,4,4,4,4,4,4,4,4,100,,,,,,,,,,,,,,,,,,,,,,,,,,,,,,,,,,,,,,,,,,,,,,,,,,,,,,,,,,,,,,,,,,,,,,,,,,,,,,,,,,,,,,,,,,,,,,,,,,,,,,,,,,,,,,,,,,,,,,,,,,,,,,,,,,,,,,,,,,,,,,,,,,,,,,,,,,,,,,,,,,,,,,,,,,,,,,,,,,,,,,,,,,,,,,,,,,,,,,,,,,,,,,
1764665197.822328,1764665197.819899,35485,0,4383.589844,4387.820313,4485.769043,4516.282227,4385.512695,4510.641113,4549.487305,4381.025879,4564.871582,4380.512695,4486.538574,4516.794922,4570.512695,4412.692383,4384.615234,4518.717773,4549.102539,4537.94873,4507.94873,4386.153809,4399.871582,4572.563965,4531.153809,4508.077148,4402.05127,4576.153809,4391.282227,4566.538574,4506.025879,4400.897461,4523.461426,4490.384766,2511,1,26,2576,8824,,,,0,4,4,4,4,4,4,4,4,4,4,4,4,4,4,4,4,4,4,4,4,4,4,4,4,4,4,4,4,4,4,4,4,100,,,,,,,,,,,,,,,,,,,,,,,,,,,,,,,,,,,25255,0,0.253646,-0.61145,-0.722534,0.199341,0.984984,0.178733,0.037602,22.833334,28.666666,43.333332,,,,,,,,,,,,,,,,,,,,,,,,,,,,,,,,,,,,,,,,,,,,,,,,,,,,,,,,,,,,,,,,,,,,,,,,,,,,,,,,,,,,,,,,,,,,,,,,,,,,,,,,,,,,,,,,,,,,,,,,,,,,,,,,,,,,,,,,,,,,,,,,,,,,,,,,,,,,,,,,
1764665197.826236,1764665197.823806,35486,0,4384.487305,4391.025879,4488.205078,4521.282227,4388.717773,4511.025879,4551.666504,4383.333496,4570.256348,4378.589844,4484.743652,4516.666504,4570.897461,4412.307617,4383.205078,4519.102539,4550.641113,4538.205078,4507.179688,4384.102539,4397.94873,4570.897461,4532.179688,4507.05127,4403.974121,4579.102539,4395.769043,4570.897461,4508.589844,4404.871582,4527.179688,4492.94873,2659,1,26,2575,8832,,,,0,4,4,4,4,4,4,4,4,4,4,4,4,4,4,4,4,4,4,4,4,4,4,4,4,4,4,4,4,4,4,4,4,100,,,,,,,,,,,,,,,,,,,,,,,,,,,,,,,,,,,,,,,,,,,,,,,,,,,,,,,,,,,,,,,,,,,,,,,,,,,,,,,,,,,,,,,,,,,,,,,,,,,,,,,,,,,,,,,,,,,,,,,,,,,,,,,,,,,,,,,,,,,,,,,,,,,,,,,,,,,,,,,,,,,,,,,,,,,,,,,,,,,,,,,,,,,,,,,,,,,,,,,,,,,,,,
1764665197.830144,1764665197.827714,35487,0,4379.615234,4390.256348,4485.512695,4519.871582,4386.538574,4507.05127,4546.922852,4381.410156,4569.615234,4374.102539,4480.641113,4510.384766,4566.538574,4407.820313,4376.538574,4512.05127,4544.871582,4531.410156,4502.94873,4377.307617,4391.538574,4566.410156,4525.769043,4502.05127,4406.025879,4577.692383,4394.743652,4568.077148,4506.025879,4402.692383,4525.641113,4490.512695,2831,1,26,2575,8832,,,,0,4,4,4,4,4,4,4,4,4,4,4,4,4,4,4,4,4,4,4,4,4,4,4,4,4,4,4,4,4,4,4,4,100,,,,,,,,,,,,,,,,,,,,,,,,,,,,,,,,,,,,,,,,,,,,,,,,,,,,,,,,,,,,,,,,,,,,,,,,,,,,,,,,,,,,,,,,,,,,,,,,,,,,,,,,,,,,,,,,,,,,,,,,,,,,,,,,,,,,,,,,,,,,,,,,,,,,,,,,,,,,,,,,,,,,,,,,,,,,,,,,,,,,,,,,,,,,,,,,,,,,,,,,,,,,,,
1764665197.834053,1764665197.831621,35488,0,4369.102539,4382.94873,4475.641113,4510.384766,4379.102539,4498.846191,4536.538574,4373.589844,4560.512695,4364.743652,4475.128418,4499.743652,4558.974121,4401.025879,4367.94873,4501.153809,4532.94873,4520.897461,4496.410156,4367.436035,4381.538574,4559.743652,4514.743652,4492.820313,4403.461426,4570.384766,4385.128418,4557.436035,4499.102539,4393.461426,4516.922852,4482.179688,2769,1,26,2576,8840,,,,0,4,4,4,4,4,4,4,4,4,4,4,4,4,4,4,4,4,4,4,4,4,4,4,4,4,4,4,4,4,4,4,4,100,,,,,,,,,,,,,,,,,,,,,,,,,,,,,,,,,,,,,,,,,,,,,,,,,,,,,,,,,,,,,,,,,,,,,,,,,,,,,,,,,,,,,,,,,,,,,,,,,,,,,,,,,,,,,,,,,,,,,,,,,,,,,,,,,,,,,,,,,,,,,,,,,,,,,,,,,,,,,,,,,,,,,,,,,,,,,,,,,,,,,,,,,,,,,,,,,,,,,,,,,,,,,,
1764665197.837961,1764665197.835529,35489,0,4358.077148,4371.538574,4462.563965,4497.563965,4370.512695,4489.487305,4525.128418,4363.333496,4546.666504,4353.717773,4470.641113,4489.487305,4551.922852,4396.025879,4363.077148,4492.820313,4520.384766,4512.563965,4490.897461,4359.487305,4372.436035,4553.077148,4505.128418,4483.077148,4393.461426,4559.487305,4369.743652,4543.333496,4491.282227,4380.897461,4504.230957,4470.897461,2943,1,26,2576,8840,,,,0,4,4,4,4,4,4,4,4,4,4,4,4,4,4,4,4,4,4,4,4,4,4,4,4,4,4,4,4,4,4,4,4,100,,,,,,,,,,,,,,,,,,,,,,,,,,,,,,,,,,,25256,0,0.253715,-0.611389,-0.722595,0.199219,0.989867,0.172873,0.028324,23.166666,29.333334,43.666668,,,,,,,,,,,,,,,,,,,,,,,,,,,,,,,,,,,,,,,,,,,,,,,,,,,,,,,,,,,,,,,,,,,,,,,,,,,,,,,,,,,,,,,,,,,,,,,,,,,,,,,,,,,,,,,,,,,,,,,,,,,,,,,,,,,,,,,,,,,,,,,,,,,,,,,,,,,,,,,,
1764665197.841869,1764665197.839436,35490,0,4352.179688,4362.307617,4452.94873,4488.589844,4365.641113,4483.461426,4517.94873,4356.025879,4536.282227,4348.205078,4468.846191,4484.743652,4548.461426,4395.256348,4365.384766,4491.666504,4513.461426,4510.128418,4489.358887,4357.436035,4368.205078,4548.717773,4501.538574,4477.05127,4377.692383,4550,4356.153809,4532.05127,4486.282227,4370.641113,4493.846191,4461.410156,2610,1,26,2576,8847,,,,0,4,4,4,4,4,4,4,4,4,4,4,4,4,4,4,4,4,4,4,4,4,4,4,4,4,4,4,4,4,4,4,4,100,,,,,,,,,,,,,,,,,,,,,,,,,,,,,,,,,,,,,,,,,,,,,,,,,,,,,,,,,,,,,,,,,,,,,,,,,,,,,,,,,,,,,,,,,,,,,,,,,,,,,,,,,,,,,,,,,,,,,,,,,,,,,,,,,,,,,,,,,,,,,,,,,,,,,,,,,,,,,,,,,,,,,,,,,,,,,,,,,,,,,,,,,,,,,,,,,,,,,,,,,,,,,,
1764665197.845777,1764665197.843344,35491,0,4353.846191,4360.641113,4451.282227,4487.820313,4366.025879,4483.205078,4517.05127,4354.615234,4535.512695,4353.205078,4470.256348,4486.922852,4549.102539,4398.077148,4372.307617,4496.794922,4515.384766,4513.333496,4492.05127,4361.025879,4370.128418,4547.94873,4504.358887,4477.05127,4361.282227,4545.769043,4351.282227,4528.333496,4485.769043,4366.922852,4491.025879,4457.563965,2867,1,26,2576,8847,,,,0,4,4,4,4,4,4,4,4,4,4,4,4,4,4,4,4,4,4,4,4,4,4,4,4,4,4,4,4,4,4,4,4,100,,,,,,,,,,,,,,,,,,,,,,,,,,,,,,,,,,,,,,,,,,,,,,,,,,,,,,,,,,,,,,,,,,,,,,,,,,,,,,,,,,,,,,,,,,,,,,,,,,,,,,,,,,,,,,,,,,,,,,,,,,,,,,,,,,,,,,,,,,,,,,,,,,,,,,,,,,,,,,,,,,,,,,,,,,,,,,,,,,,,,,,,,,,,,,,,,,,,,,,,,,,,,,
1764665197.849686,1764665197.847251,35492,0,4361.410156,4367.05127,4457.820313,4495,4370.897461,4488.717773,4520.769043,4358.846191,4543.846191,4368.461426,4473.846191,4494.102539,4552.179688,4402.05127,4377.94873,4503.717773,4523.974121,4519.230957,4497.05127,4366.922852,4375.897461,4550.897461,4510.769043,4482.563965,4351.282227,4548.077148,4357.436035,4532.692383,4489.230957,4370.769043,4496.538574,4460.897461,2760,1,26,2576,8855,,,,0,4,4,4,4,4,4,4,4,4,4,4,4,4,4,4,4,4,4,4,4,4,4,4,4,4,4,4,4,4,4,4,4,100,,,,,,,,,,,,,,,,,,,,,,,,,,,,,,,,,,,,,,,,,,,,,,,,,,,,,,,,,,,,,,,,,,,,,,,,,,,,,,,,,,,,,,,,,,,,,,,,,,,,,,,,,,,,,,,,,,,,,,,,,,,,,,,,,,,,,,,,,,,,,,,,,,,,,,,,,,,,,,,,,,,,,,,,,,,,,,,,,,,,,,,,,,,,,,,,,,,,,,,,,,,,,,
1764665197.853594,1764665197.851158,35493,0,4371.282227,4378.589844,4470.128418,4506.025879,4378.333496,4498.205078,4526.794922,4367.179688,4555.897461,4387.05127,4478.717773,4502.94873,4556.538574,4404.871582,4378.461426,4508.333496,4534.743652,4525.256348,4502.94873,4372.179688,4382.436035,4557.05127,4517.307617,4491.282227,4353.846191,4555.769043,4371.153809,4542.820313,4495,4380.384766,4507.179688,4471.025879,2799,1,26,2576,8855,,,,0,4,4,4,4,4,4,4,4,4,4,4,4,4,4,4,4,4,4,4,4,4,4,4,4,4,4,4,4,4,4,4,4,100,,,,,,,,,,,,,,,,,,,,,,,,,,,,,,,,,,,25257,0,0.253541,-0.611389,-0.722656,0.199219,0.98596,0.179221,0.037114,23,30,44.333332,,,,,,,,,,,,,,,,,,,,,,,,,,,,,,,,,,,,,,,,,,,,,,,,,,,,,,,,,,,,,,,,,,,,,,,,,,,,,,,,,,,,,,,,,,,,,,,,,,,,,,,,,,,,,,,,,,,,,,,,,,,,,,,,,,,,,,,,,,,,,,,,,,,,,,,,,,,,,,,,
1764665197.857502,1764665197.855066,35494,0,4380.897461,4390.769043,4484.743652,4516.922852,4386.922852,4508.974121,4533.717773,4377.692383,4565.897461,4399.871582,4484.230957,4511.153809,4561.666504,4406.666504,4375.769043,4510.128418,4543.974121,4530.769043,4509.230957,4377.05127,4388.077148,4566.410156,4523.205078,4500.384766,4370,4565.897461,4385.897461,4554.487305,4501.666504,4392.307617,4517.307617,4484.871582,2806,1,26,2573,8863,,,,0,4,4,4,4,4,4,4,4,4,4,4,4,4,4,4,4,4,4,4,4,4,4,4,4,4,4,4,4,4,4,4,4,100,,,,,,,,,,,,,,,,,,,,,,,,,,,,,,,,,,,,,,,,,,,,,,,,,,,,,,,,,,,,,,,,,,,,,,,,,,,,,,,,,,,,,,,,,,,,,,,,,,,,,,,,,,,,,,,,,,,,,,,,,,,,,,,,,,,,,,,,,,,,,,,,,,,,,,,,,,,,,,,,,,,,,,,,,,,,,,,,,,,,,,,,,,,,,,,,,,,,,,,,,,,,,,
1764665197.861411,1764665197.858973,35495,0,4388.589844,4400.512695,4497.692383,4525.769043,4395.256348,4518.205078,4541.282227,4388.461426,4571.410156,4400.769043,4489.743652,4518.717773,4567.307617,4408.205078,4375,4511.025879,4550.256348,4536.153809,4515.897461,4382.563965,4392.820313,4577.05127,4528.846191,4507.436035,4393.461426,4574.358887,4396.282227,4563.846191,4508.205078,4402.563965,4523.077148,4498.205078,2991,1,26,2573,8863,,,,0,4,4,4,4,4,4,4,4,4,4,4,4,4,4,4,4,4,4,4,4,4,4,4,4,4,4,4,4,4,4,4,4,100,,,,,,,,,,,,,,,,,,,,,,,,,,,,,,,,,,,,,,,,,,,,,,,,,,,,,,,,,,,,,,,,,,,,,,,,,,,,,,,,,,,,,,,,,,,,,,,,,,,,,,,,,,,,,,,,,,,,,,,,,,,,,,,,,,,,,,,,,,,,,,,,,,,,,,,,,,,,,,,,,,,,,,,,,,,,,,,,,,,,,,,,,,,,,,,,,,,,,,,,,,,,,,
1764665197.865319,1764665197.862881,35496,0,4394.102539,4406.922852,4506.153809,4531.538574,4402.307617,4523.589844,4549.102539,4397.563965,4573.846191,4392.05127,4494.487305,4525.641113,4572.820313,4410.641113,4380.128418,4512.820313,4554.487305,4541.410156,4521.666504,4388.461426,4397.179688,4585.641113,4534.743652,4511.025879,4412.307617,4578.205078,4400.128418,4568.974121,4513.974121,4408.461426,4524.743652,4506.922852,2875,1,26,2570,8871,,,,0,4,4,4,4,4,4,4,4,4,4,4,4,4,4,4,4,4,4,4,4,4,4,4,4,4,4,4,4,4,4,4,4,100,,,,,,,,,,,,,,,,,,,,,,,,,,,,,,,,,,,,,,,,,,,,,,,,,,,,,,,,,,,,,,,,,,,,,,,,,,,,,,,,,,,,,,,,,,,,,,,,,,,,,,,,,,,,,,,,,,,,,,,,,,,,,,,,,,,,,,,,,,,,,,,,,,,,,,,,,,,,,,,,,,,,,,,,,,,,,,,,,,,,,,,,,,,,,,,,,,,,,,,,,,,,,,
1764665197.869227,1764665197.866788,35497,0,4397.436035,4410.769043,4509.743652,4533.846191,4407.179688,4524.743652,4555.256348,4403.205078,4576.153809,4381.666504,4497.563965,4530.641113,4577.307617,4413.461426,4389.487305,4515.641113,4557.436035,4545.641113,4524.487305,4393.461426,4401.153809,4589.102539,4538.974121,4511.538574,4416.794922,4576.794922,4399.102539,4569.871582,4517.307617,4409.615234,4524.871582,4509.871582,2727,1,26,2570,8871,,,,0,4,4,4,4,4,4,4,4,4,4,4,4,4,4,4,4,4,4,4,4,4,4,4,4,4,4,4,4,4,4,4,4,100,,,,,,,,,,,,,,,,,,,,,,,,,,,,,,,,,,,25258,0,0.253589,-0.611389,-0.722656,0.199158,0.979612,0.181174,0.027835,22.666666,29.666666,44.666668,,,,,,,,,,,,,,,,,,,,,,,,,,,,,,,,,,,,,,,,,,,,,,,,,,,,,,,,,,,,,,,,,,,,,,,,,,,,,,,,,,,,,,,,,,,,,,,,,,,,,,,,,,,,,,,,,,,,,,,,,,,,,,,,,,,,,,,,,,,,,,,,,,,,,,,,,,,,,,,,
1764665197.873135,1764665197.870696,35498,0,4398.077148,4411.666504,4508.974121,4532.307617,4408.846191,4521.794922,4556.794922,4404.230957,4578.974121,4377.307617,4498.077148,4532.05127,4579.358887,4415.512695,4397.179688,4516.922852,4558.974121,4546.794922,4523.461426,4395.384766,4403.077148,4586.282227,4539.358887,4509.487305,4405.256348,4571.666504,4395.641113,4567.307617,4516.794922,4406.922852,4525.128418,4507.820313,2285,1,26,2566,8879,,,,0,4,4,4,4,4,4,4,4,4,4,4,4,4,4,4,4,4,4,4,4,4,4,4,4,4,4,4,4,4,4,4,4,100,,,,,,,,,,,,,,,,,,,,,,,,,,,,,,,,,,,,,,,,,,,,,,,,,,,,,,,,,,,,,,,,,,,,,,,,,,,,,,,,,,,,,,,,,,,,,,,,,,,,,,,,,,,,,,,,,,,,,,,,,,,,,,,,,,,,,,,,,,,,,,,,,,,,,,,,,,,,,,,,,,,,,,,,,,,,,,,,,,,,,,,,,,,,,,,,,,,,,,,,,,,,,,
1764665197.877044,1764665197.874603,35499,0,4395,4408.589844,4504.615234,4527.05127,4406.153809,4515.897461,4552.05127,4399.871582,4580.512695,4379.487305,4495.512695,4528.974121,4577.563965,4415.384766,4396.538574,4514.487305,4558.205078,4543.717773,4519.102539,4393.461426,4401.538574,4578.846191,4534.487305,4505.128418,4384.871582,4564.743652,4390.769043,4561.794922,4511.922852,4401.410156,4524.230957,4502.307617,2703,1,26,2566,8879,,,,0,4,4,4,4,4,4,4,4,4,4,4,4,4,4,4,4,4,4,4,4,4,4,4,4,4,4,4,4,4,4,4,4,100,,,,,,,,,,,,,,,,,,,,,,,,,,,,,,,,,,,,,,,,,,,,,,,,,,,,,,,,,,,,,,,,,,,,,,,,,,,,,,,,,,,,,,,,,,,,,,,,,,,,,,,,,,,,,,,,,,,,,,,,,,,,,,,,,,,,,,,,,,,,,,,,,,,,,,,,,,,,,,,,,,,,,,,,,,,,,,,,,,,,,,,,,,,,,,,,,,,,,,,,,,,,,,
1764665197.880952,1764665197.878511,35500,1,4393.904297,4408.018555,4503.135254,4526.398438,4404.988281,4516.562012,4550.55957,4398.799316,4578.799316,4381.282227,4494.871582,4527.622559,4576.888184,4414.580566,4395.10498,4513.916016,4557.972168,4543.671387,4519.09082,4393.578125,4401.270508,4579.20752,4533.717773,4505.675781,4388.111816,4565.664551,4390.757813,4561.70166,4511.410156,4401.177246,4524.102539,4501.211914,0,1,26,0,0,,,,0,4,4,4,4,4,4,4,4,4,4,4,4,4,4,4,4,4,4,4,4,4,4,4,4,4,4,4,4,4,4,4,4,100,,,,,,,,,,,,,,,,,,,,,,,,,,,,,,,,,,,,,,,,,,,,,,,,,,,,,,,,,,,,,,,,,,,,,,,,,,,,,,,,,,,,,,,,,,,,,,,,,,,,,,,,,,,,,,,,,,,,,,,,,,,,,,,,,,,,,,,,,,,,,,,,,,,,,,,,,,,,,,,,,,,,,,,,,,,,,,,,,,,,,,,,,,,,,,,,,,,,,,,,,,,,,,
1764665197.884860,1764665197.882418,35501,1,4392.809082,4407.447754,4501.654785,4525.746094,4403.822754,4517.226074,4549.067383,4397.727051,4577.086426,4383.077148,4494.230957,4526.270508,4576.211914,4413.776367,4393.671387,4513.345215,4557.73877,4543.624512,4519.079102,4393.694824,4401.002441,4579.568848,4532.94873,4506.223633,4391.352051,4566.584961,4390.746094,4561.608398,4510.897461,4400.943848,4523.974121,4500.116699,0,1,26,0,0,,,,0,4,4,4,4,4,4,4,4,4,4,4,4,4,4,4,4,4,4,4,4,4,4,4,4,4,4,4,4,4,4,4,4,100,,,,,,,,,,,,,,,,,,,,,,,,,,,,,,,,,,,,,,,,,,,,,,,,,,,,,,,,,,,,,,,,,,,,,,,,,,,,,,,,,,,,,,,,,,,,,,,,,,,,,,,,,,,,,,,,,,,,,,,,,,,,,,,,,,,,,,,,,,,,,,,,,,,,,,,,,,,,,,,,,,,,,,,,,,,,,,,,,,,,,,,,,,,,,,,,,,,,,,,,,,,,,,
1764665197.888768,1764665197.886325,35502,1,4391.713379,4406.876465,4500.174805,4525.093262,4402.657227,4517.890625,4547.575684,4396.654785,4575.373047,4384.871582,4493.589844,4524.918457,4575.536133,4412.972168,4392.237793,4512.773926,4557.505859,4543.578125,4519.067383,4393.811035,4400.734375,4579.930176,4532.179688,4506.771484,4394.592285,4567.505859,4390.734375,4561.515137,4510.384766,4400.710938,4523.846191,4499.020996,0,1,26,0,0,,,,0,4,4,4,4,4,4,4,4,4,4,4,4,4,4,4,4,4,4,4,4,4,4,4,4,4,4,4,4,4,4,4,4,100,,,,,,,,,,,,,,,,,,,,,,,,,,,,,,,,,,,,,,,,,,,,,,,,,,,,,,,,,,,,,,,,,,,,,,,,,,,,,,,,,,,,,,,,,,,,,,,,,,,,,,,,,,,,,,,,,,,,,,,,,,,,,,,,,,,,,,,,,,,,,,,,,,,,,,,,,,,,,,,,,,,,,,,,,,,,,,,,,,,,,,,,,,,,,,,,,,,,,,,,,,,,,,
1764665197.892676,1764665197.890233,35503,1,4390.617676,4406.305176,4498.694824,4524.44043,4401.491699,4518.554688,4546.083984,4395.58252,4573.659668,4386.666504,4492.94873,4523.566406,4574.860352,4412.167969,4390.804199,4512.202637,4557.272949,4543.53125,4519.056152,4393.927734,4400.466309,4580.291504,4531.410156,4507.319336,4397.832031,4568.426758,4390.722656,4561.421875,4509.871582,4400.478027,4523.717773,4497.925293,0,1,26,0,0,,,,0,4,4,4,4,4,4,4,4,4,4,4,4,4,4,4,4,4,4,4,4,4,4,4,4,4,4,4,4,4,4,4,4,100,,,,,,,,,,,,,,,,,,,,,,,,,,,,,,,,,,,,,,,,,,,,,,,,,,,,,,,,,,,,,,,,,,,,,,,,,,,,,,,,,,,,,,,,,,,,,,,,,,,,,,,,,,,,,,,,,,,,,,,,,,,,,,,,,,,,,,,,,,,,,,,,,,,,,,,,,,,,,,,,,,,,,,,,,,,,,,,,,,,,,,,,,,,,,,,,,,,,,,,,,,,,,,
1764665197.896585,1764665197.894140,35504,1,4389.521973,4405.734375,4497.214355,4523.788086,4400.326172,4519.219238,4544.592285,4394.510254,4571.946289,4388.461426,4492.307617,4522.214355,4574.184082,4411.36377,4389.370605,4511.631836,4557.039551,4543.484863,4519.044434,4394.044434,4400.198242,4580.652832,4530.641113,4507.867188,4401.072266,4569.347168,4390.710938,4561.328613,4509.358887,4400.244629,4523.589844,4496.830078,0,1,26,0,0,,,,0,4,4,4,4,4,4,4,4,4,4,4,4,4,4,4,4,4,4,4,4,4,4,4,4,4,4,4,4,4,4,4,4,100,,,,,,,,,,,,,,,,,,,,,,,,,,,,,,,,,,,,,,,,,,,,,,,,,,,,,,,,,,,,,,,,,,,,,,,,,,,,,,,,,,,,,,,,,,,,,,,,,,,,,,,,,,,,,,,,,,,,,,,,,,,,,,,,,,,,,,,,,,,,,,,,,,,,,,,,,,,,,,,,,,,,,,,,,,,,,,,,,,,,,,,,,,,,,,,,,,,,,,,,,,,,,,
1764665197.900493,1764665197.898048,35505,1,4388.426758,4405.163086,4495.734375,4523.135254,4399.160645,4519.883301,4543.100098,4393.437988,4570.23291,4390.256348,4491.666504,4520.862305,4573.508301,4410.55957,4387.937012,4511.060547,4556.806641,4543.437988,4519.032715,4394.160645,4399.930176,4581.01416,4529.871582,4508.415039,4404.3125,4570.268066,4390.699219,4561.235352,4508.846191,4400.011719,4523.461426,4495.734375,0,1,26,0,0,,,,0,4,4,4,4,4,4,4,4,4,4,4,4,4,4,4,4,4,4,4,4,4,4,4,4,4,4,4,4,4,4,4,4,100,,,,,,,,,,,,,,,,,,,,,,,,,,,,,,,,,,,,,,,,,,,,,,,,,,,,,,,,,,,,,,,,,,,,,,,,,,,,,,,,,,,,,,,,,,,,,,,,,,,,,,,,,,,,,,,,,,,,,,,,,,,,,,,,,,,,,,,,,,,,,,,,,,,,,,,,,,,,,,,,,,,,,,,,,,,,,,,,,,,,,,,,,,,,,,,,,,,,,,,,,,,,,,
1764665197.904401,1764665197.901955,35506,1,4387.331055,4404.592285,4494.253906,4522.482422,4397.995117,4520.547852,4541.608398,4392.366211,4568.52002,4392.05127,4491.025879,4519.510254,4572.832031,4409.755371,4386.503418,4510.489746,4556.573242,4543.391602,4519.020996,4394.277344,4399.662109,4581.375488,4529.102539,4508.962891,4407.552246,4571.188965,4390.6875,4561.14209,4508.333496,4399.77832,4523.333496,4494.638672,0,1,26,0,0,,,,0,4,4,4,4,4,4,4,4,4,4,4,4,4,4,4,4,4,4,4,4,4,4,4,4,4,4,4,4,4,4,4,4,100,,,,,,,,,,,,,,,,,,,,,,,,,,,,,,,,,,,,,,,,,,,,,,,,,,,,,,,,,,,,,,,,,,,,,,,,,,,,,,,,,,,,,,,,,,,,,,,,,,,,,,,,,,,,,,,,,,,,,,,,,,,,,,,,,,,,,,,,,,,,,,,,,,,,,,,,,,,,,,,,,,,,,,,,,,,,,,,,,,,,,,,,,,,,,,,,,,,,,,,,,,,,,,
1764665197.908310,1764665197.905863,35507,1,4386.235352,4404.020996,4492.773926,4521.830078,4396.830078,4521.211914,4540.116699,4391.293945,4566.806641,4393.846191,4490.384766,4518.158691,4572.15625,4408.951172,4385.069824,4509.918457,4556.340332,4543.345215,4519.009277,4394.394043,4399.394043,4581.736816,4528.333496,4509.510254,4410.79248,4572.109375,4390.675781,4561.048828,4507.820313,4399.54541,4523.205078,4493.542969,0,1,26,0,0,,,,0,4,4,4,4,4,4,4,4,4,4,4,4,4,4,4,4,4,4,4,4,4,4,4,4,4,4,4,4,4,4,4,4,100,,,,,,,,,,,,,,,,,,,,,,,,,,,,,,,,,,,,,,,,,,,,,,,,,,,,,,,,,,,,,,,,,,,,,,,,,,,,,,,,,,,,,,,,,,,,,,,,,,,,,,,,,,,,,,,,,,,,,,,,,,,,,,,,,,,,,,,,,,,,,,,,,,,,,,,,,,,,,,,,,,,,,,,,,,,,,,,,,,,,,,,,,,,,,,,,,,,,,,,,,,,,,,
1764665197.912218,1764665197.909770,35508,1,4385.139648,4403.449707,4491.293945,4521.177246,4395.664551,4521.876465,4538.624512,4390.22168,4565.093262,4395.641113,4489.743652,4516.806641,4571.47998,4408.146973,4383.63623,4509.347168,4556.107422,4543.29834,4518.997559,4394.510254,4399.125977,4582.098145,4527.563965,4510.058105,4414.032715,4573.030273,4390.664551,4560.955566,4507.307617,4399.3125,4523.077148,4492.447754,0,1,26,0,0,,,,0,4,4,4,4,4,4,4,4,4,4,4,4,4,4,4,4,4,4,4,4,4,4,4,4,4,4,4,4,4,4,4,4,100,,,,,,,,,,,,,,,,,,,,,,,,,,,,,,,,,,,,,,,,,,,,,,,,,,,,,,,,,,,,,,,,,,,,,,,,,,,,,,,,,,,,,,,,,,,,,,,,,,,,,,,,,,,,,,,,,,,,,,,,,,,,,,,,,,,,,,,,,,,,,,,,,,,,,,,,,,,,,,,,,,,,,,,,,,,,,,,,,,,,,,,,,,,,,,,,,,,,,,,,,,,,,,
1764665197.916126,1764665197.913678,35509,1,4384.044434,4402.878906,4489.813477,4520.524414,4394.499023,4522.541016,4537.132813,4389.149414,4563.379883,4397.436035,4489.102539,4515.45459,4570.804199,4407.342773,4382.202637,4508.776367,4555.874023,4543.251953,4518.98584,4394.626953,4398.85791,4582.458984,4526.794922,4510.605957,4417.272949,4573.951172,4390.652832,4560.862305,4506.794922,4399.079102,4522.94873,4491.352051,0,1,26,0,0,,,,0,4,4,4,4,4,4,4,4,4,4,4,4,4,4,4,4,4,4,4,4,4,4,4,4,4,4,4,4,4,4,4,4,100,,,,,,,,,,,,,,,,,,,,,,,,,,,,,,,,,,,,,,,,,,,,,,,,,,,,,,,,,,,,,,,,,,,,,,,,,,,,,,,,,,,,,,,,,,,,,,,,,,,,,,,,,,,,,,,,,,,,,,,,,,,,,,,,,,,,,,,,,,,,,,,,,,,,,,,,,,,,,,,,,,,,,,,,,,,,,,,,,,,,,,,,,,,,,,,,,,,,,,,,,,,,,,
1764665197.920034,1764665197.917585,35510,0,4382.94873,4402.307617,4488.333496,4519.871582,4393.333496,4523.205078,4535.641113,4388.077148,4561.666504,4399.230957,4488.461426,4514.102539,4570.128418,4406.538574,4380.769043,4508.205078,4555.641113,4543.205078,4518.974121,4394.743652,4398.589844,4582.820313,4526.025879,4511.153809,4420.512695,4574.871582,4390.641113,4560.769043,4506.282227,4398.846191,4522.820313,4490.256348,2945,1,26,2572,8926,,,,0,4,4,4,4,4,4,4,4,4,4,4,4,4,4,4,4,4,4,4,4,4,4,4,4,4,4,4,4,4,4,4,4,100,,,,,,,,,,,,,,,,,,,,,,,,,,,,,,,,,,,,,,,,,,,,,,,,,,,,,,,,,,,,,,,,,,,,,,,,,,,,,,,,,,,,,,,,,,,,,,,,,,,,,,,,,,,,,,,,,,,,,,,,,,,,,,,,,,,,,,,,,,,,,,,,,,,,,,,,,,,,,,,,,,,,,,,,,,,,,,,,,,,,,,,,,,,,,,,,,,,,,,,,,,,,,,
1764665197.923943,1764665197.921492,35511,0,4377.94873,4394.358887,4480.128418,4516.794922,4385.256348,4516.410156,4533.461426,4383.077148,4552.05127,4392.307617,4483.974121,4505,4565.384766,4397.94873,4375.897461,4501.794922,4548.333496,4535.512695,4511.666504,4387.05127,4390.897461,4574.743652,4518.974121,4502.05127,4404.871582,4569.358887,4382.563965,4552.820313,4499.743652,4391.666504,4513.333496,4481.794922,2858,1,26,2572,8926,,,,0,4,4,4,4,4,4,4,4,4,4,4,4,4,4,4,4,4,4,4,4,4,4,4,4,4,4,4,4,4,4,4,4,100,,,,,,,,,,,,,,,,,,,,,,,,,,,,,,,,,,,,,,,,,,,,,,,,,,,,,,,,,,,,,,,,,,,,,,,,,,,,,,,,,,,,,,,,,,,,,,,,,,,,,,,,,,,,,,,,,,,,,,,,,,,,,,,,,,,,,,,,,,,,,,,,,,,,,,,,,,,,,,,,,,,,,,,,,,,,,,,,,,,,,,,,,,,,,,,,,,,,,,,,,,,,,,
1764665197.927851,1764665197.925400,35512,0,4370.641113,4384.743652,4470.641113,4511.922852,4377.820313,4506.538574,4529.743652,4376.922852,4543.974121,4385.256348,4479.487305,4496.153809,4559.487305,4390.128418,4371.538574,4494.615234,4538.846191,4523.205078,4500.128418,4374.358887,4380.641113,4563.974121,4511.153809,4489.230957,4391.282227,4561.922852,4373.846191,4543.974121,4491.922852,4383.974121,4502.179688,4472.436035,2782,1,26,2573,8933,,,,0,4,4,4,4,4,4,4,4,4,4,4,4,4,4,4,4,4,4,4,4,4,4,4,4,4,4,4,4,4,4,4,4,100,,,,,,,,,,,,,,,,,,,,,,,,,,,,,,,,,,,,,,,,,,,,,,,,,,,,,,,,,,,,,,,,,,,,,,,,,,,,,,,,,,,,,,,,,,,,,,,,,,,,,,,,,,,,,,,,,,,,,,,,,,,,,,,,,,,,,,,,,,,,,,,,,,,,,,,,,,,,,,,,,,,,,,,,,,,,,,,,,,,,,,,,,,,,,,,,,,,,,,,,,,,,,,
1764665197.931759,1764665197.929307,35513,0,4363.333496,4376.538574,4462.94873,4507.307617,4373.717773,4498.205078,4525,4372.179688,4539.358887,4375.128418,4477.307617,4490.512695,4554.102539,4386.410156,4369.871582,4489.487305,4529.615234,4512.563965,4490.769043,4363.077148,4372.179688,4554.615234,4505.769043,4479.871582,4387.94873,4555.641113,4368.205078,4537.05127,4486.538574,4379.102539,4494.615234,4465.897461,2835,1,26,2573,8933,,,,0,4,4,4,4,4,4,4,4,4,4,4,4,4,4,4,4,4,4,4,4,4,4,4,4,4,4,4,4,4,4,4,4,100,,,,,,,,,,,,,,,,,,,,,,,,,,,,,,,,,,,25262,0,0.253357,-0.611572,-0.722717,0.198669,0.97717,0.176291,0.032719,24,28.166666,44.5,,,,,,,,,,,,,,,,,,,,,,,,,,,,,,,,,,,,,,,,,,,,,,,,,,,,,,,,,,,,,,,,,,,,,,,,,,,,,,,,,,,,,,,,,,,,,,,,,,,,,,,,,,,,,,,,,,,,,,,,,,,,,,,,,,,,,,,,,,,,,,,,,,,,,,,,,,,,,,,,
1764665197.935667,1764665197.933215,35514,0,4359.487305,4372.94873,4459.743652,4505,4374.358887,4495.256348,4521.282227,4370.897461,4538.717773,4362.94873,4478.589844,4488.974121,4551.410156,4387.05127,4371.922852,4488.333496,4523.846191,4509.358887,4488.461426,4358.333496,4369.487305,4550.512695,4504.615234,4478.333496,4392.94873,4552.820313,4367.94873,4534.871582,4485.769043,4379.358887,4494.358887,4464.743652,1968,1,26,2574,8941,,,,0,4,4,4,4,4,4,4,4,4,4,4,4,4,4,4,4,4,4,4,4,4,4,4,4,4,4,4,4,4,4,4,4,100,,,,,,,,,,,,,,,,,,,,,,,,,,,,,,,,,,,,,,,,,,,,,,,1.019271,0.953617,0.386632,0.983347,0.745641,2.042649,0.502104,0.601889,1.145925,0.728447,2.292918,0.583835,1.458961,1.084007,0.831316,1.828405,0.339908,1.028561,1.33123,0.680828,1.648406,0.65358,1.487194,1.073283,0.704183,1.230186,0.704658,0.627907,0.823771,0.579851,0.844599,0.563955,0.610603,1.031854,0.672745,0.929888,0.436172,0.545453,0.935504,0.775117,1.186104,0.633195,0.651564,1.309077,0.958615,1.33307,1.632836,0.986572,1.66685,1.156323,0.598663,0.569174,0.465893,0.643762,0.57979,1.025267,1.319227,0.511505,1.028227,0.674925,0.564211,0.680588,0.470304,0.861047,0.697122,1.134004,1.23777,0.30961,0.65626,0.507087,0.768859,0.592342,0.200392,0.923063,0.662103,0.705023,0.562773,0.357367,0.856067,0.480248,0.847538,1.151274,0.502194,1.179232,0.680155,0.662968,1.212123,0.411983,1.253677,0.705521,0.452259,0.672047,0.403247,0.804655,0.377878,0.819803,0.681846,0.680649,0.904781,0.768466,1.796747,1.215976,0.737225,0.999925,0.721138,1.257856,1.483419,0.520964,0.970195,0.770997,0.993491,1.009281,0.38807,1.193713,0.576265,1.538639,1.140614,0.78,1.072108,0.723307,2.497476,1.239202,1.409147,1.631997,1.893261,1.593979,0.889091,0.908215,0.914074,0.699569,1.006007,0.73045,0.623163,1.290721,0.930194,0.792025,1.104798,0.638155,1.207692,0.843395,0.595876,0.496882,0.265949,0.570739,0.321475,1.310271,0.605127,0.592831,1.033281,0.846037,1.24635,0.670425,1.107957,1.138201,0.832885,1.660176,0.61492,0.933351,1.003401,0.894886
1764665197.939576,1764665197.937122,35515,0,4360.512695,4374.358887,4461.282227,4506.282227,4378.333496,4497.563965,4520.512695,4373.333496,4541.153809,4354.615234,4482.307617,4490.384766,4552.820313,4390.128418,4376.153809,4490.897461,4522.94873,4514.615234,4493.077148,4360.641113,4372.563965,4551.922852,4506.922852,4483.717773,4395.384766,4553.974121,4372.05127,4538.333496,4489.358887,4384.358887,4500.256348,4468.077148,2655,1,26,2574,8941,,,,0,4,4,4,4,4,4,4,4,4,4,4,4,4,4,4,4,4,4,4,4,4,4,4,4,4,4,4,4,4,4,4,4,100,,,,,,,,,,,,,,,,,,,,,,,,,,,,,,,,,,,,,,,,,,,,,,,,,,,,,,,,,,,,,,,,,,,,,,,,,,,,,,,,,,,,,,,,,,,,,,,,,,,,,,,,,,,,,,,,,,,,,,,,,,,,,,,,,,,,,,,,,,,,,,,,,,,,,,,,,,,,,,,,,,,,,,,,,,,,,,,,,,,,,,,,,,,,,,,,,,,,,,,,,,,,,,
1764665197.943484,1764665197.941030,35516,0,4364.615234,4378.333496,4464.615234,4509.487305,4382.05127,4501.538574,4522.05127,4377.307617,4544.358887,4356.410156,4486.025879,4491.922852,4555.897461,4391.282227,4378.846191,4493.717773,4525.128418,4522.692383,4499.487305,4365.384766,4377.307617,4555.384766,4509.358887,4490,4386.025879,4556.794922,4376.538574,4544.487305,4493.461426,4389.871582,4506.538574,4472.179688,2706,1,26,2575,8949,,,,0,4,4,4,4,4,4,4,4,4,4,4,4,4,4,4,4,4,4,4,4,4,4,4,4,4,4,4,4,4,4,4,4,100,,,,,,,,,,,,,,,,,,,,,,,,,,,,,,,,,,,,,,,,,,,,,,,,,,,,,,,,,,,,,,,,,,,,,,,,,,,,,,,,,,,,,,,,,,,,,,,,,,,,,,,,,,,,,,,,,,,,,,,,,,,,,,,,,,,,,,,,,,,,,,,,,,,,,,,,,,,,,,,,,,,,,,,,,,,,,,,,,,,,,,,,,,,,,,,,,,,,,,,,,,,,,,
1764665197.947392,1764665197.944937,35517,0,4367.436035,4380.897461,4465.641113,4510.897461,4381.794922,4502.05127,4522.820313,4379.102539,4546.025879,4367.179688,4487.307617,4492.05127,4556.282227,4387.307617,4376.666504,4492.307617,4526.410156,4525.769043,4501.794922,4366.922852,4378.077148,4556.153809,4507.94873,4490.897461,4365.128418,4557.563965,4377.179688,4548.333496,4493.974121,4390.769043,4506.922852,4472.436035,2524,1,26,2575,8949,,,,0,4,4,4,4,4,4,4,4,4,4,4,4,4,4,4,4,4,4,4,4,4,4,4,4,4,4,4,4,4,4,4,4,100,,,,,,,,,,,,,,,,,,,,,,,,,,,,,,,,,,,25263,0,0.253278,-0.611572,-0.722778,0.198547,0.970822,0.172873,0.02637,22.333334,30.666666,43.333332,,,,,,,,,,,,,,,,,,,,,,,,,,,,,,,,,,,,,,,,,,,,,,,,,,,,,,,,,,,,,,,,,,,,,,,,,,,,,,,,,,,,,,,,,,,,,,,,,,,,,,,,,,,,,,,,,,,,,,,,,,,,,,,,,,,,,,,,,,,,,,,,,,,,,,,,,,,,,,,,
1764665197.951301,1764665197.948845,35518,0,4366.025879,4380.384766,4462.692383,4507.94873,4376.794922,4497.563965,4521.025879,4376.538574,4545.256348,4378.846191,4485.769043,4490.641113,4551.410156,4378.846191,4370.641113,4486.153809,4524.102539,4520.256348,4497.307617,4362.820313,4373.461426,4552.179688,4501.538574,4484.487305,4343.717773,4554.487305,4372.563965,4545.897461,4490.256348,4385,4500.128418,4468.077148,2675,1,26,2575,8957,,,,0,4,4,4,4,4,4,4,4,4,4,4,4,4,4,4,4,4,4,4,4,4,4,4,4,4,4,4,4,4,4,4,4,100,,,,,,,,,,,,,,,,,,,,,,,,,,,,,,,,,,,,,,,,,,,,,,,,,,,,,,,,,,,,,,,,,,,,,,,,,,,,,,,,,,,,,,,,,,,,,,,,,,,,,,,,,,,,,,,,,,,,,,,,,,,,,,,,,,,,,,,,,,,,,,,,,,,,,,,,,,,,,,,,,,,,,,,,,,,,,,,,,,,,,,,,,,,,,,,,,,,,,,,,,,,,,,
1764665197.955209,1764665197.952752,35519,0,4361.922852,4378.333496,4458.461426,4502.307617,4371.025879,4491.794922,4517.94873,4371.794922,4544.487305,4383.589844,4483.589844,4490.256348,4544.230957,4370.897461,4365.256348,4479.230957,4519.743652,4510.384766,4489.743652,4356.282227,4367.94873,4546.153809,4493.461426,4475.384766,4336.025879,4549.743652,4365.897461,4539.487305,4486.025879,4377.436035,4492.307617,4462.94873,2847,1,26,2575,8957,,,,0,4,4,4,4,4,4,4,4,4,4,4,4,4,4,4,4,4,4,4,4,4,4,4,4,4,4,4,4,4,4,4,4,100,,,,,,,,,,,,,,,,,,,,,,,,,,,,,,,,,,,,,,,,,,,,,,,,,,,,,,,,,,,,,,,,,,,,,,,,,,,,,,,,,,,,,,,,,,,,,,,,,,,,,,,,,,,,,,,,,,,,,,,,,,,,,,,,,,,,,,,,,,,,,,,,,,,,,,,,,,,,,,,,,,,,,,,,,,,,,,,,,,,,,,,,,,,,,,,,,,,,,,,,,,,,,,
1764665197.959117,1764665197.956659,35520,0,4360,4379.358887,4458.846191,4499.615234,4371.153809,4490.897461,4517.563965,4370.512695,4546.794922,4381.025879,4483.589844,4492.94873,4541.410156,4369.230957,4366.282227,4477.692383,4517.820313,4504.487305,4485.384766,4353.846191,4367.820313,4543.461426,4490,4471.025879,4348.846191,4547.563965,4363.333496,4535.512695,4485.897461,4375.641113,4491.410156,4462.94873,2779,1,26,2573,8965,,,,0,4,4,4,4,4,4,4,4,4,4,4,4,4,4,4,4,4,4,4,4,4,4,4,4,4,4,4,4,4,4,4,4,100,,,,,,,,,,,,,,,,,,,,,,,,,,,,,,,,,,,,,,,,,,,,,,,,,,,,,,,,,,,,,,,,,,,,,,,,,,,,,,,,,,,,,,,,,,,,,,,,,,,,,,,,,,,,,,,,,,,,,,,,,,,,,,,,,,,,,,,,,,,,,,,,,,,,,,,,,,,,,,,,,,,,,,,,,,,,,,,,,,,,,,,,,,,,,,,,,,,,,,,,,,,,,,
1764665197.963025,1764665197.960567,35521,0,4364.487305,4386.025879,4467.179688,4503.974121,4380.256348,4498.333496,4522.692383,4376.538574,4553.461426,4377.563965,4486.794922,4498.974121,4547.563965,4375.641113,4374.871582,4483.717773,4521.666504,4507.94873,4487.820313,4359.102539,4375.641113,4546.922852,4494.487305,4475.512695,4376.410156,4550.769043,4368.077148,4538.974121,4491.794922,4383.461426,4500.256348,4470.897461,2950,1,26,2573,8965,,,,0,4,4,4,4,4,4,4,4,4,4,4,4,4,4,4,4,4,4,4,4,4,4,4,4,4,4,4,4,4,4,4,4,100,,,,,,,,,,,,,,,,,,,,,,,,,,,,,,,,,,,25264,0,0.253305,-0.611633,-0.722717,0.198547,0.979612,0.159199,0.030277,22.333334,29,44.166668,,,,,,,,,,,,,,,,,,,,,,,,,,,,,,,,,,,,,,,,,,,,,,,,,,,,,,,,,,,,,,,,,,,,,,,,,,,,,,,,,,,,,,,,,,,,,,,,,,,,,,,,,,,,,,,,,,,,,,,,,,,,,,,,,,,,,,,,,,,,,,,,,,,,,,,,,,,,,,,,
1764665197.966934,1764665197.964474,35522,0,4373.846191,4396.025879,4480.897461,4513.846191,4393.974121,4510.256348,4531.153809,4387.692383,4561.794922,4379.487305,4491.922852,4505.641113,4559.743652,4386.153809,4386.410156,4493.205078,4530.897461,4518.205078,4494.743652,4368.974121,4386.538574,4554.615234,4504.230957,4485.897461,4404.358887,4557.94873,4377.563965,4547.692383,4500.641113,4396.538574,4513.589844,4483.205078,2618,1,26,2574,8972,,,,0,4,4,4,4,4,4,4,4,4,4,4,4,4,4,4,4,4,4,4,4,4,4,4,4,4,4,4,4,4,4,4,4,100,,,,,,,,,,,,,,,,,,,,,,,,,,,,,,,,,,,,,,,,,,,,,,,,,,,,,,,,,,,,,,,,,,,,,,,,,,,,,,,,,,,,,,,,,,,,,,,,,,,,,,,,,,,,,,,,,,,,,,,,,,,,,,,,,,,,,,,,,,,,,,,,,,,,,,,,,,,,,,,,,,,,,,,,,,,,,,,,,,,,,,,,,,,,,,,,,,,,,,,,,,,,,,
1764665197.970842,1764665197.968382,35523,0,4381.922852,4403.461426,4492.307617,4523.333496,4403.205078,4519.102539,4537.307617,4397.179688,4567.820313,4387.692383,4495.512695,4510.256348,4569.743652,4393.974121,4392.692383,4499.615234,4540.641113,4527.94873,4500.384766,4376.410156,4392.820313,4561.282227,4512.563965,4494.487305,4418.333496,4564.487305,4385.256348,4555.256348,4506.538574,4405.256348,4522.307617,4491.922852,2880,1,26,2574,8972,,,,0,4,4,4,4,4,4,4,4,4,4,4,4,4,4,4,4,4,4,4,4,4,4,4,4,4,4,4,4,4,4,4,4,100,,,,,,,,,,,,,,,,,,,,,,,,,,,,,,,,,,,,,,,,,,,,,,,,,,,,,,,,,,,,,,,,,,,,,,,,,,,,,,,,,,,,,,,,,,,,,,,,,,,,,,,,,,,,,,,,,,,,,,,,,,,,,,,,,,,,,,,,,,,,,,,,,,,,,,,,,,,,,,,,,,,,,,,,,,,,,,,,,,,,,,,,,,,,,,,,,,,,,,,,,,,,,,
1764665197.974750,1764665197.972289,35524,0,4383.461426,4403.461426,4495.128418,4526.538574,4401.666504,4519.358887,4537.307617,4398.717773,4568.717773,4396.922852,4495.897461,4511.410156,4571.282227,4395.512695,4389.743652,4498.717773,4545.512695,4531.410156,4501.666504,4376.538574,4390.512695,4562.692383,4514.615234,4495.897461,4413.077148,4566.025879,4386.025879,4555.769043,4506.153809,4403.205078,4520.897461,4491.538574,2767,1,26,2574,8980,,,,0,4,4,4,4,4,4,4,4,4,4,4,4,4,4,4,4,4,4,4,4,4,4,4,4,4,4,4,4,4,4,4,4,100,,,,,,,,,,,,,,,,,,,,,,,,,,,,,,,,,,,,,,,,,,,,,,,,,,,,,,,,,,,,,,,,,,,,,,,,,,,,,,,,,,,,,,,,,,,,,,,,,,,,,,,,,,,,,,,,,,,,,,,,,,,,,,,,,,,,,,,,,,,,,,,,,,,,,,,,,,,,,,,,,,,,,,,,,,,,,,,,,,,,,,,,,,,,,,,,,,,,,,,,,,,,,,
1764665197.978658,1764665197.976197,35525,0,4378.846191,4396.538574,4488.717773,4522.307617,4390.769043,4512.692383,4531.922852,4391.922852,4565.128418,4400.384766,4492.820313,4509.615234,4565,4392.436035,4379.871582,4492.436035,4543.461426,4528.589844,4498.974121,4370.256348,4382.05127,4558.461426,4511.282227,4490.384766,4394.871582,4561.410156,4379.615234,4548.974121,4500.769043,4391.794922,4512.05127,4483.205078,2812,1,26,2574,8980,,,,0,4,4,4,4,4,4,4,4,4,4,4,4,4,4,4,4,4,4,4,4,4,4,4,4,4,4,4,4,4,4,4,4,100,,,,,,,,,,,,,,,,,,,,,,,,,,,,,,,,,,,25265,0,0.253305,-0.611633,-0.722717,0.198547,0.986937,0.165059,0.040532,22.333334,29.333334,45.833332,,,,,,,,,,,,,,,,,,,,,,,,,,,,,,,,,,,,,,,,,,,,,,,,,,,,,,,,,,,,,,,,,,,,,,,,,,,,,,,,,,,,,,,,,,,,,,,,,,,,,,,,,,,,,,,,,,,,,,,,,,,,,,,,,,,,,,,,,,,,,,,,,,,,,,,,,,,,,,,,
1764665197.982567,1764665197.980104,35526,0,4372.436035,4387.436035,4478.589844,4514.102539,4377.563965,4505.256348,4525,4380.769043,4558.974121,4394.487305,4488.077148,4505.769043,4556.410156,4388.589844,4370,4485.512695,4536.153809,4523.077148,4495.128418,4362.94873,4373.717773,4551.153809,4506.282227,4482.436035,4376.025879,4552.820313,4370.641113,4539.743652,4494.358887,4379.230957,4503.077148,4473.846191,2817,1,26,2573,8988,,,,0,4,4,4,4,4,4,4,4,4,4,4,4,4,4,4,4,4,4,4,4,4,4,4,4,4,4,4,4,4,4,4,4,100,,,,,,,,,,,,,,,,,,,,,,,,,,,,,,,,,,,,,,,,,,,,,,,,,,,,,,,,,,,,,,,,,,,,,,,,,,,,,,,,,,,,,,,,,,,,,,,,,,,,,,,,,,,,,,,,,,,,,,,,,,,,,,,,,,,,,,,,,,,,,,,,,,,,,,,,,,,,,,,,,,,,,,,,,,,,,,,,,,,,,,,,,,,,,,,,,,,,,,,,,,,,,,
1764665197.986475,1764665197.984011,35527,0,4368.333496,4381.025879,4470.897461,4506.666504,4369.230957,4502.436035,4520,4370.897461,4552.179688,4380.128418,4483.077148,4501.538574,4551.538574,4387.179688,4364.871582,4481.538574,4527.820313,4518.333496,4492.307617,4358.974121,4370,4544.102539,4503.333496,4476.922852,4366.922852,4544.230957,4364.358887,4533.205078,4490.641113,4373.333496,4499.615234,4469.230957,3002,1,26,2573,8988,,,,0,4,4,4,4,4,4,4,4,4,4,4,4,4,4,4,4,4,4,4,4,4,4,4,4,4,4,4,4,4,4,4,4,100,,,,,,,,,,,,,,,,,,,,,,,,,,,,,,,,,,,,,,,,,,,,,,,,,,,,,,,,,,,,,,,,,,,,,,,,,,,,,,,,,,,,,,,,,,,,,,,,,,,,,,,,,,,,,,,,,,,,,,,,,,,,,,,,,,,,,,,,,,,,,,,,,,,,,,,,,,,,,,,,,,,,,,,,,,,,,,,,,,,,,,,,,,,,,,,,,,,,,,,,,,,,,,
1764665197.990383,1764665197.987919,35528,0,4367.820313,4380,4469.230957,4503.205078,4368.717773,4504.871582,4518.461426,4366.025879,4546.025879,4363.974121,4479.487305,4498.589844,4552.05127,4388.333496,4365.512695,4480.512695,4522.820313,4515.384766,4490.769043,4359.743652,4371.666504,4540.256348,4503.205078,4475.769043,4369.871582,4538.974121,4362.94873,4532.563965,4490.769043,4376.025879,4502.179688,4470.641113,2882,1,26,2574,8996,,,,0,4,4,4,4,4,4,4,4,4,4,4,4,4,4,4,4,4,4,4,4,4,4,4,4,4,4,4,4,4,4,4,4,100,,,,,,,,,,,,,,,,,,,,,,,,,,,,,,,,,,,,,,,,,,,,,,,,,,,,,,,,,,,,,,,,,,,,,,,,,,,,,,,,,,,,,,,,,,,,,,,,,,,,,,,,,,,,,,,,,,,,,,,,,,,,,,,,,,,,,,,,,,,,,,,,,,,,,,,,,,,,,,,,,,,,,,,,,,,,,,,,,,,,,,,,,,,,,,,,,,,,,,,,,,,,,,
1764665197.994291,1764665197.991826,35529,0,4369.615234,4383.589844,4472.563965,4503.974121,4374.102539,4509.102539,4520.384766,4367.179688,4542.436035,4353.333496,4478.846191,4498.333496,4556.410156,4390,4369.230957,4481.153809,4523.846191,4514.230957,4490.769043,4363.589844,4376.025879,4541.153809,4505.128418,4478.589844,4379.487305,4538.974121,4366.153809,4537.179688,4493.077148,4383.589844,4507.692383,4475.256348,2732,1,26,2574,8996,,,,0,4,4,4,4,4,4,4,4,4,4,4,4,4,4,4,4,4,4,4,4,4,4,4,4,4,4,4,4,4,4,4,4,100,,,,,,,,,,,,,,,,,,,,,,,,,,,,,,,,,,,25266,0,0.253201,-0.611755,-0.722717,0.198303,1.00061,0.174826,0.042486,23.833334,29.666666,43,,,,,,,,,,,,,,,,,,,,,,,,,,,,,,,,,,,,,,,,,,,,,,,,,,,,,,,,,,,,,,,,,,,,,,,,,,,,,,,,,,,,,,,,,,,,,,,,,,,,,,,,,,,,,,,,,,,,,,,,,,,,,,,,,,,,,,,,,,,,,,,,,,,,,,,,,,,,,,,,
1764665197.998200,1764665197.995734,35530,0,4371.922852,4389.358887,4477.436035,4506.666504,4380.641113,4511.410156,4524.358887,4372.307617,4542.692383,4352.307617,4481.794922,4501.025879,4560.897461,4390.641113,4372.179688,4482.307617,4530,4514.487305,4491.922852,4367.94873,4379.615234,4546.282227,4507.692383,4483.333496,4386.666504,4543.333496,4371.025879,4543.589844,4496.025879,4390.256348,4511.410156,4478.717773,2292,1,26,2575,9004,,,,0,4,4,4,4,4,4,4,4,4,4,4,4,4,4,4,4,4,4,4,4,4,4,4,4,4,4,4,4,4,4,4,4,100,,,,,,,,,,,,,,,,,,,,,,,,,,,,,,,,,,,,,,,,,,,,,,,,,,,,,,,,,,,,,,,,,,,,,,,,,,,,,,,,,,,,,,,,,,,,,,,,,,,,,,,,,,,,,,,,,,,,,,,,,,,,,,,,,,,,,,,,,,,,,,,,,,,,,,,,,,,,,,,,,,,,,,,,,,,,,,,,,,,,,,,,,,,,,,,,,,,,,,,,,,,,,,
1764665198.002108,1764665197.999641,35531,0,4373.846191,4394.102539,4479.871582,4507.820313,4383.974121,4510.128418,4527.820313,4377.179688,4546.153809,4359.358887,4486.410156,4504.615234,4562.436035,4389.487305,4372.436035,4483.974121,4537.307617,4515.897461,4493.717773,4370.512695,4380.128418,4552.563965,4509.230957,4487.307617,4385.897461,4549.102539,4374.871582,4547.94873,4498.205078,4392.692383,4510.769043,4478.589844,2702,1,26,2575,9004,,,,0,4,4,4,4,4,4,4,4,4,4,4,4,4,4,4,4,4,4,4,4,4,4,4,4,4,4,4,4,4,4,4,4,100,,,,,,,,,,,,,,,,,,,,,,,,,,,,,,,,,,,,,,,,,,,,,,,,,,,,,,,,,,,,,,,,,,,,,,,,,,,,,,,,,,,,,,,,,,,,,,,,,,,,,,,,,,,,,,,,,,,,,,,,,,,,,,,,,,,,,,,,,,,,,,,,,,,,,,,,,,,,,,,,,,,,,,,,,,,,,,,,,,,,,,,,,,,,,,,,,,,,,,,,,,,,,,
1764665198.006016,1764665198.003549,35532,0,4374.615234,4395.897461,4477.94873,4506.025879,4382.820313,4506.282227,4528.974121,4379.102539,4549.871582,4368.717773,4489.615234,4506.922852,4560.512695,4387.563965,4370,4485.897461,4541.025879,4518.077148,4495.641113,4370,4377.436035,4556.666504,4508.846191,4489.102539,4377.05127,4552.692383,4375.641113,4549.102539,4498.974121,4391.410156,4506.666504,4475.384766,2508,1,26,2576,9011,,,,0,4,4,4,4,4,4,4,4,4,4,4,4,4,4,4,4,4,4,4,4,4,4,4,4,4,4,4,4,4,4,4,4,100,,,,,,,,,,,,,,,,,,,,,,,,,,,,,,,,,,,,,,,,,,,,,,,,,,,,,,,,,,,,,,,,,,,,,,,,,,,,,,,,,,,,,,,,,,,,,,,,,,,,,,,,,,,,,,,,,,,,,,,,,,,,,,,,,,,,,,,,,,,,,,,,,,,,,,,,,,,,,,,,,,,,,,,,,,,,,,,,,,,,,,,,,,,,,,,,,,,,,,,,,,,,,,
1764665198.009925,1764665198.007456,35533,0,4375.641113,4395.512695,4474.230957,4502.820313,4380.384766,4503.589844,4528.333496,4378.077148,4551.282227,4375.769043,4490,4507.563965,4557.692383,4386.666504,4367.436035,4487.820313,4540,4520.384766,4496.922852,4367.179688,4373.974121,4557.563965,4507.692383,4488.461426,4365.641113,4553.205078,4373.974121,4549.102539,4498.461426,4389.358887,4502.563965,4472.563965,2249,1,26,2576,9011,,,,0,4,4,4,4,4,4,4,4,4,4,4,4,4,4,4,4,4,4,4,4,4,4,4,4,4,4,4,4,4,4,4,4,100,,,,,,,,,,,,,,,,,,,,,,,,,,,,,,,,,,,25267,0,0.253328,-0.611755,-0.722656,0.198364,0.971798,0.164571,0.02344,24,29,44.166668,,,,,,,,,,,,,,,,,,,,,,,,,,,,,,,,,,,,,,,,,,,,,,,,,,,,,,,,,,,,,,,,,,,,,,,,,,,,,,,,,,,,,,,,,,,,,,,,,,,,,,,,,,,,,,,,,,,,,,,,,,,,,,,,,,,,,,,,,,,,,,,,,,,,,,,,,,,,,,,,
1764665198.013833,1764665198.011364,35534,0,4378.461426,4395.641113,4472.820313,4501.410156,4381.538574,4505,4528.589844,4377.307617,4550.897461,4378.846191,4488.717773,4508.077148,4557.436035,4388.205078,4367.436035,4489.871582,4537.307617,4523.077148,4497.692383,4364.743652,4372.94873,4557.05127,4507.94873,4487.05127,4359.743652,4552.94873,4372.436035,4551.153809,4498.077148,4389.871582,4502.05127,4472.692383,2719,1,26,2576,9019,,,,0,4,4,4,4,4,4,4,4,4,4,4,4,4,4,4,4,4,4,4,4,4,4,4,4,4,4,4,4,4,4,4,4,100,,,,,,,,,,,,,,,,,,,,,,,,,,,,,,,,,,,,,,,,,,,,,,,,,,,,,,,,,,,,,,,,,,,,,,,,,,,,,,,,,,,,,,,,,,,,,,,,,,,,,,,,,,,,,,,,,,,,,,,,,,,,,,,,,,,,,,,,,,,,,,,,,,,,,,,,,,,,,,,,,,,,,,,,,,,,,,,,,,,,,,,,,,,,,,,,,,,,,,,,,,,,,,
1764665198.017741,1764665198.015271,35535,0,4383.717773,4398.205078,4476.538574,4503.589844,4387.692383,4510.641113,4531.538574,4379.487305,4551.410156,4380.128418,4489.358887,4510.641113,4561.153809,4392.563965,4371.153809,4491.922852,4537.692383,4526.282227,4498.717773,4365.384766,4375.512695,4558.077148,4511.282227,4487.179688,4365.384766,4554.358887,4373.846191,4556.794922,4499.102539,4393.974121,4506.282227,4476.282227,2510,1,26,2576,9019,,,,0,4,4,4,4,4,4,4,4,4,4,4,4,4,4,4,4,4,4,4,4,4,4,4,4,4,4,4,4,4,4,4,4,100,,,,,,,,,,,,,,,,,,,,,,,,,,,,,,,,,,,,,,,,,,,,,,,,,,,,,,,,,,,,,,,,,,,,,,,,,,,,,,,,,,,,,,,,,,,,,,,,,,,,,,,,,,,,,,,,,,,,,,,,,,,,,,,,,,,,,,,,,,,,,,,,,,,,,,,,,,,,,,,,,,,,,,,,,,,,,,,,,,,,,,,,,,,,,,,,,,,,,,,,,,,,,,
1764665198.021649,1764665198.019178,35536,0,4389.102539,4402.436035,4483.589844,4507.563965,4395.897461,4517.179688,4536.282227,4384.487305,4554.230957,4382.820313,4492.94873,4515.384766,4566.794922,4397.563965,4376.666504,4493.589844,4542.05127,4529.487305,4500,4369.615234,4380,4561.282227,4516.410156,4489.358887,4381.538574,4557.692383,4378.205078,4563.974121,4501.410156,4399.358887,4512.563965,4480.769043,2873,1,26,2576,9027,,,,0,4,4,4,4,4,4,4,4,4,4,4,4,4,4,4,4,4,4,4,4,4,4,4,4,4,4,4,4,4,4,4,4,100,,,,,,,,,,,,,,,,,,,,,,,,,,,,,,,,,,,,,,,,,,,,,,,,,,,,,,,,,,,,,,,,,,,,,,,,,,,,,,,,,,,,,,,,,,,,,,,,,,,,,,,,,,,,,,,,,,,,,,,,,,,,,,,,,,,,,,,,,,,,,,,,,,,,,,,,,,,,,,,,,,,,,,,,,,,,,,,,,,,,,,,,,,,,,,,,,,,,,,,,,,,,,,
1764665198.025557,1764665198.023086,35537,0,4390.897461,4404.871582,4488.461426,4509.358887,4400.256348,4520,4540.128418,4388.974121,4558.077148,4387.692383,4497.05127,4520,4571.025879,4400.256348,4380.512695,4494.487305,4547.179688,4531.282227,4500.897461,4374.871582,4383.333496,4565,4520.256348,4491.922852,4398.974121,4559.871582,4382.05127,4568.077148,4503.333496,4402.05127,4516.282227,4482.436035,2922,1,26,2576,9027,,,,0,4,4,4,4,4,4,4,4,4,4,4,4,4,4,4,4,4,4,4,4,4,4,4,4,4,4,4,4,4,4,4,4,100,,,,,,,,,,,,,,,,,,,,,,,,,,,,,,,,,,,25268,0,0.253376,-0.611755,-0.722656,0.198303,0.971798,0.164571,0.02344,21,28.833334,41.333332,,,,,,,,,,,,,,,,,,,,,,,,,,,,,,,,,,,,,,,,,,,,,,,,,,,,,,,,,,,,,,,,,,,,,,,,,,,,,,,,,,,,,,,,,,,,,,,,,,,,,,,,,,,,,,,,,,,,,,,,,,,,,,,,,,,,,,,,,,,,,,,,,,,,,,,,,,,,,,,,
1764665198.029466,1764665198.026993,35538,0,4386.282227,4402.820313,4486.153809,4506.794922,4397.179688,4516.922852,4540.128418,4389.743652,4560,4391.666504,4497.05127,4521.025879,4571.025879,4397.820313,4379.871582,4494.230957,4548.077148,4529.358887,4500.256348,4377.179688,4383.589844,4565.256348,4520.128418,4491.666504,4407.05127,4558.205078,4381.025879,4565.641113,4502.820313,4399.615234,4513.589844,4478.461426,1760,1,26,2576,9035,,,,0,4,4,4,4,4,4,4,4,4,4,4,4,4,4,4,4,4,4,4,4,4,4,4,4,4,4,4,4,4,4,4,4,100,,,,,,,,,,,,,,,,,,,,,,,,,,,,,,,,,,,,,,,,,,,,,,,,,,,,,,,,,,,,,,,,,,,,,,,,,,,,,,,,,,,,,,,,,,,,,,,,,,,,,,,,,,,,,,,,,,,,,,,,,,,,,,,,,,,,,,,,,,,,,,,,,,,,,,,,,,,,,,,,,,,,,,,,,,,,,,,,,,,,,,,,,,,,,,,,,,,,,,,,,,,,,,
1764665198.033374,1764665198.030901,35539,0,4375.769043,4395.641113,4475.769043,4500.256348,4387.820313,4509.230957,4535.384766,4385.384766,4557.05127,4391.025879,4490.641113,4516.538574,4565.897461,4390.641113,4374.743652,4491.666504,4541.410156,4522.94873,4497.307617,4373.846191,4380.128418,4559.871582,4515,4486.282227,4401.025879,4551.410156,4373.589844,4556.666504,4499.230957,4392.820313,4504.358887,4469.230957,2968,1,26,2576,9035,,,,0,4,4,4,4,4,4,4,4,4,4,4,4,4,4,4,4,4,4,4,4,4,4,4,4,4,4,4,4,4,4,4,4,100,,,,,,,,,,,,,,,,,,,,,,,,,,,,,,,,,,,,,,,,,,,,,,,,,,,,,,,,,,,,,,,,,,,,,,,,,,,,,,,,,,,,,,,,,,,,,,,,,,,,,,,,,,,,,,,,,,,,,,,,,,,,,,,,,,,,,,,,,,,,,,,,,,,,,,,,,,,,,,,,,,,,,,,,,,,,,,,,,,,,,,,,,,,,,,,,,,,,,,,,,,,,,,
1764665198.037282,1764665198.034808,35540,0,4363.717773,4386.282227,4461.666504,4492.179688,4376.282227,4500.384766,4527.05127,4377.436035,4548.846191,4383.589844,4479.615234,4507.563965,4557.563965,4381.153809,4367.820313,4486.282227,4529.358887,4513.846191,4492.563965,4365.641113,4374.102539,4549.871582,4506.538574,4476.410156,4385.128418,4541.666504,4362.94873,4544.230957,4493.717773,4384.102539,4492.820313,4458.589844,2524,1,26,2576,9043,,,,0,4,4,4,4,4,4,4,4,4,4,4,4,4,4,4,4,4,4,4,4,4,4,4,4,4,4,4,4,4,4,4,4,100,,,,,,,,,,,,,,,,,,,,,,,,,,,,,,,,,,,,,,,,,,,,,,,,,,,,,,,,,,,,,,,,,,,,,,,,,,,,,,,,,,,,,,,,,,,,,,,,,,,,,,,,,,,,,,,,,,,,,,,,,,,,,,,,,,,,,,,,,,,,,,,,,,,,,,,,,,,,,,,,,,,,,,,,,,,,,,,,,,,,,,,,,,,,,,,,,,,,,,,,,,,,,,
1764665198.041191,1764665198.038716,35541,0,4355.641113,4378.846191,4451.025879,4486.025879,4368.077148,4494.230957,4518.846191,4370.128418,4538.717773,4371.922852,4469.871582,4499.102539,4549.743652,4373.717773,4362.94873,4480,4518.205078,4506.025879,4488.461426,4357.05127,4368.205078,4540.641113,4498.461426,4466.538574,4370,4533.717773,4354.743652,4533.846191,4488.846191,4377.05127,4485,4451.538574,2826,1,26,2576,9043,,,,0,4,4,4,4,4,4,4,4,4,4,4,4,4,4,4,4,4,4,4,4,4,4,4,4,4,4,4,4,4,4,4,4,100,,,,,,,,,,,,,,,,,,,,,,,,,,,,,,,,,,,25269,0,0.253502,-0.611755,-0.722595,0.198364,0.978635,0.168966,0.045416,23.666666,29.833334,42.833332,,,,,,,,,,,,,,,,,,,,,,,,,,,,,,,,,,,,,,,,,,,,,,,,,,,,,,,,,,,,,,,,,,,,,,,,,,,,,,,,,,,,,,,,,,,,,,,,,,,,,,,,,,,,,,,,,,,,,,,,,,,,,,,,,,,,,,,,,,,,,,,,,,,,,,,,,,,,,,,,
1764665198.045099,1764665198.042623,35542,0,4355.641113,4377.179688,4449.102539,4484.871582,4367.307617,4493.846191,4515.128418,4368.205078,4532.820313,4361.922852,4467.179688,4496.666504,4547.436035,4372.179688,4363.846191,4477.436035,4515.128418,4504.358887,4488.205078,4354.230957,4366.794922,4538.205078,4495.128418,4462.94873,4364.358887,4532.307617,4354.487305,4530.769043,4486.922852,4375.384766,4486.025879,4451.666504,2932,1,26,2574,9051,,,,0,4,4,4,4,4,4,4,4,4,4,4,4,4,4,4,4,4,4,4,4,4,4,4,4,4,4,4,4,4,4,4,4,100,,,,,,,,,,,,,,,,,,,,,,,,,,,,,,,,,,,,,,,,,,,,,,,,,,,,,,,,,,,,,,,,,,,,,,,,,,,,,,,,,,,,,,,,,,,,,,,,,,,,,,,,,,,,,,,,,,,,,,,,,,,,,,,,,,,,,,,,,,,,,,,,,,,,,,,,,,,,,,,,,,,,,,,,,,,,,,,,,,,,,,,,,,,,,,,,,,,,,,,,,,,,,,
1764665198.049007,1764665198.046531,35543,0,4364.487305,4382.820313,4457.179688,4490,4374.487305,4500,4518.589844,4373.974121,4536.538574,4359.743652,4473.589844,4502.94873,4553.461426,4377.820313,4371.410156,4482.179688,4523.589844,4511.794922,4493.717773,4360.769043,4372.820313,4545.641113,4499.230957,4469.358887,4370.128418,4539.102539,4363.717773,4537.05127,4490,4381.410156,4497.179688,4459.743652,2845,1,26,2574,9051,,,,0,4,4,4,4,4,4,4,4,4,4,4,4,4,4,4,4,4,4,4,4,4,4,4,4,4,4,4,4,4,4,4,4,100,,,,,,,,,,,,,,,,,,,,,,,,,,,,,,,,,,,,,,,,,,,,,,,,,,,,,,,,,,,,,,,,,,,,,,,,,,,,,,,,,,,,,,,,,,,,,,,,,,,,,,,,,,,,,,,,,,,,,,,,,,,,,,,,,,,,,,,,,,,,,,,,,,,,,,,,,,,,,,,,,,,,,,,,,,,,,,,,,,,,,,,,,,,,,,,,,,,,,,,,,,,,,,
1764665198.052915,1764665198.050438,35544,0,4378.333496,4393.333496,4470.769043,4499.102539,4386.282227,4510.384766,4528.205078,4385.512695,4549.743652,4366.794922,4485,4515.384766,4566.282227,4387.820313,4382.692383,4494.102539,4539.743652,4526.666504,4503.461426,4374.487305,4385,4560.256348,4510.128418,4483.333496,4381.153809,4550.897461,4378.974121,4550,4497.820313,4394.102539,4513.974121,4472.692383,2770,1,26,2575,9058,,,,0,4,4,4,4,4,4,4,4,4,4,4,4,4,4,4,4,4,4,4,4,4,4,4,4,4,4,4,4,4,4,4,4,100,,,,,,,,,,,,,,,,,,,,,,,,,,,,,,,,,,,,,,,,,,,,,,,,,,,,,,,,,,,,,,,,,,,,,,,,,,,,,,,,,,,,,,,,,,,,,,,,,,,,,,,,,,,,,,,,,,,,,,,,,,,,,,,,,,,,,,,,,,,,,,,,,,,,,,,,,,,,,,,,,,,,,,,,,,,,,,,,,,,,,,,,,,,,,,,,,,,,,,,,,,,,,,
1764665198.056824,1764665198.054345,35545,0,4390.512695,4403.205078,4482.436035,4507.563965,4397.05127,4520.256348,4539.358887,4396.025879,4565,4378.589844,4494.487305,4528.205078,4579.743652,4396.538574,4392.436035,4507.179688,4555.384766,4541.666504,4512.563965,4387.436035,4397.436035,4574.743652,4522.436035,4497.307617,4389.871582,4561.282227,4392.94873,4562.94873,4507.307617,4408.077148,4528.589844,4483.974121,2822,1,26,2575,9058,,,,0,4,4,4,4,4,4,4,4,4,4,4,4,4,4,4,4,4,4,4,4,4,4,4,4,4,4,4,4,4,4,4,4,100,,,,,,,,,,,,,,,,,,,,,,,,,,,,,,,,,,,25270,0,0.253874,-0.611633,-0.722534,0.198486,0.978635,0.171408,0.013185,23.666666,29.833334,42.833332,,,,,,,,,,,,,,,,,,,,,,,,,,,,,,,,,,,,,,,,,,,,,,,,,,,,,,,,,,,,,,,,,,,,,,,,,,,,,,,,,,,,,,,,,,,,,,,,,,,,,,,,,,,,,,,,,,,,,,,,,,,,,,,,,,,,,,,,,,,,,,,,,,,,,,,,,,,,,,,,
1764665198.060732,1764665198.058253,35546,0,4395,4406.538574,4486.025879,4510.512695,4401.410156,4523.974121,4546.025879,4399.230957,4572.563965,4387.179688,4496.794922,4535.384766,4586.922852,4398.461426,4395.897461,4514.102539,4562.307617,4548.717773,4515.128418,4391.538574,4403.205078,4581.538574,4529.230957,4503.461426,4392.436035,4564.743652,4398.461426,4568.974121,4513.846191,4416.025879,4533.717773,4487.563965,1958,1,26,2569,9066,,,,0,4,4,4,4,4,4,4,4,4,4,4,4,4,4,4,4,4,4,4,4,4,4,4,4,4,4,4,4,4,4,4,4,100,,,,,,,,,,,,,,,,,,,,,,,,,,,,,,,,,,,,,,,,,,,,,,,1.113142,0.862031,0.340088,0.768469,0.731384,1.809974,0.544052,0.525119,0.975179,0.705564,1.950204,0.625364,1.295455,0.89645,0.779773,1.989489,0.369231,0.990046,1.093807,0.662364,1.646843,0.681945,1.345577,0.926008,0.682691,1.186,0.69898,0.661385,0.702195,0.559719,0.832723,0.688869,0.608775,0.878148,0.642957,0.919134,0.519704,0.538075,0.837531,0.755837,1.43817,0.686926,0.658813,1.097266,0.933526,1.31609,1.550012,1.01553,1.489722,1.009728,0.593217,0.572841,0.526153,0.545232,0.554609,1.066846,1.278386,0.431996,0.841246,0.6511,0.623783,0.776534,0.562892,0.756348,0.685374,1.302893,1.53628,0.337453,0.537477,0.518673,0.834981,0.529863,0.165022,0.72962,0.656949,0.654806,0.617696,0.36562,0.768552,0.503519,0.948435,1.105493,0.439934,0.999847,0.709189,0.693371,1.24031,0.41474,1.06838,0.763353,0.507289,0.732029,0.430861,0.717733,0.410517,0.901206,0.76258,0.803206,0.799077,0.808091,2.04899,1.428691,0.783548,0.831204,0.731412,1.460115,1.585915,0.5808,0.811075,0.765168,1.063438,0.935629,0.322765,0.984541,0.584981,1.622179,1.267207,0.906004,0.92691,0.754499,2.913951,1.270308,1.643241,1.746877,1.672629,1.631773,0.981652,0.930169,0.76903,0.700581,1.211938,0.863993,0.636952,1.033876,0.913967,0.827226,1.093873,0.683477,0.977349,0.831491,0.612573,0.495737,0.260299,0.466298,0.330391,1.190817,0.708605,0.726091,0.850066,0.808234,1.357676,0.812973,1.127879,0.948251,0.81322,1.481674,0.653181,0.987003,0.876145,0.82413
1764665198.064640,1764665198.062160,35547,0,4389.871582,4401.282227,4480,4506.666504,4397.563965,4518.974121,4545.128418,4393.589844,4567.692383,4386.538574,4491.282227,4534.487305,4584.487305,4392.692383,4391.538574,4510.512695,4557.563965,4544.230957,4509.358887,4384.358887,4398.461426,4577.692383,4526.282227,4498.974121,4389.102539,4559.487305,4392.820313,4565.641113,4513.461426,4413.461426,4527.436035,4482.05127,2642,1,26,2569,9066,,,,0,4,4,4,4,4,4,4,4,4,4,4,4,4,4,4,4,4,4,4,4,4,4,4,4,4,4,4,4,4,4,4,4,100,,,,,,,,,,,,,,,,,,,,,,,,,,,,,,,,,,,,,,,,,,,,,,,,,,,,,,,,,,,,,,,,,,,,,,,,,,,,,,,,,,,,,,,,,,,,,,,,,,,,,,,,,,,,,,,,,,,,,,,,,,,,,,,,,,,,,,,,,,,,,,,,,,,,,,,,,,,,,,,,,,,,,,,,,,,,,,,,,,,,,,,,,,,,,,,,,,,,,,,,,,,,,,
1764665198.068548,1764665198.066068,35548,0,4379.102539,4389.871582,4468.846191,4498.077148,4387.94873,4508.205078,4538.077148,4383.205078,4553.333496,4377.307617,4481.794922,4526.794922,4574.871582,4381.922852,4382.179688,4498.077148,4544.230957,4530.769043,4498.974121,4370.897461,4385.384766,4566.025879,4515.512695,4486.794922,4382.692383,4549.102539,4379.487305,4555.128418,4506.538574,4401.922852,4514.102539,4471.538574,2691,1,26,2565,9074,,,,0,4,4,4,4,4,4,4,4,4,4,4,4,4,4,4,4,4,4,4,4,4,4,4,4,4,4,4,4,4,4,4,4,100,,,,,,,,,,,,,,,,,,,,,,,,,,,,,,,,,,,,,,,,,,,,,,,,,,,,,,,,,,,,,,,,,,,,,,,,,,,,,,,,,,,,,,,,,,,,,,,,,,,,,,,,,,,,,,,,,,,,,,,,,,,,,,,,,,,,,,,,,,,,,,,,,,,,,,,,,,,,,,,,,,,,,,,,,,,,,,,,,,,,,,,,,,,,,,,,,,,,,,,,,,,,,,
1764665198.072457,1764665198.069975,35549,0,4368.974121,4378.333496,4458.974121,4489.487305,4377.94873,4497.563965,4529.102539,4374.230957,4537.692383,4365.256348,4473.589844,4516.922852,4563.717773,4371.538574,4372.692383,4483.461426,4530,4516.282227,4490.128418,4359.487305,4371.153809,4553.333496,4503.461426,4473.717773,4376.410156,4539.487305,4365.128418,4542.820313,4496.922852,4387.563965,4501.410156,4463.077148,2510,1,26,2565,9074,,,,0,4,4,4,4,4,4,4,4,4,4,4,4,4,4,4,4,4,4,4,4,4,4,4,4,4,4,4,4,4,4,4,4,100,,,,,,,,,,,,,,,,,,,,,,,,,,,,,,,,,,,25271,0,0.254042,-0.611511,-0.722595,0.198425,0.97424,0.171896,0.041997,21.666666,30.166666,43.333332,,,,,,,,,,,,,,,,,,,,,,,,,,,,,,,,,,,,,,,,,,,,,,,,,,,,,,,,,,,,,,,,,,,,,,,,,,,,,,,,,,,,,,,,,,,,,,,,,,,,,,,,,,,,,,,,,,,,,,,,,,,,,,,,,,,,,,,,,,,,,,,,,,,,,,,,,,,,,,,,
1764665198.076365,1764665198.073883,35550,0,4363.846191,4372.563965,4455.769043,4485.128418,4372.179688,4492.179688,4522.436035,4370.769043,4529.743652,4357.307617,4470,4509.487305,4555.641113,4366.025879,4367.563965,4474.743652,4521.794922,4508.077148,4487.307617,4355.897461,4362.94873,4545.641113,4496.922852,4466.282227,4373.077148,4535.769043,4356.282227,4533.846191,4489.871582,4378.589844,4495,4461.538574,2657,1,26,2561,9082,,,,0,4,4,4,4,4,4,4,4,4,4,4,4,4,4,4,4,4,4,4,4,4,4,4,4,4,4,4,4,4,4,4,4,100,,,,,,,,,,,,,,,,,,,,,,,,,,,,,,,,,,,,,,,,,,,,,,,,,,,,,,,,,,,,,,,,,,,,,,,,,,,,,,,,,,,,,,,,,,,,,,,,,,,,,,,,,,,,,,,,,,,,,,,,,,,,,,,,,,,,,,,,,,,,,,,,,,,,,,,,,,,,,,,,,,,,,,,,,,,,,,,,,,,,,,,,,,,,,,,,,,,,,,,,,,,,,,
1764665198.080273,1764665198.077790,35551,0,4364.487305,4374.615234,4460.384766,4486.410156,4372.05127,4493.333496,4520.384766,4372.692383,4533.461426,4357.563965,4471.282227,4507.179688,4552.820313,4366.538574,4368.333496,4475.769043,4522.436035,4508.974121,4490.769043,4359.871582,4364.102539,4545.128418,4498.333496,4467.436035,4373.589844,4538.846191,4355.256348,4531.538574,4488.333496,4379.230957,4496.922852,4466.922852,2831,1,26,2561,9082,,,,0,4,4,4,4,4,4,4,4,4,4,4,4,4,4,4,4,4,4,4,4,4,4,4,4,4,4,4,4,4,4,4,4,100,,,,,,,,,,,,,,,,,,,,,,,,,,,,,,,,,,,,,,,,,,,,,,,,,,,,,,,,,,,,,,,,,,,,,,,,,,,,,,,,,,,,,,,,,,,,,,,,,,,,,,,,,,,,,,,,,,,,,,,,,,,,,,,,,,,,,,,,,,,,,,,,,,,,,,,,,,,,,,,,,,,,,,,,,,,,,,,,,,,,,,,,,,,,,,,,,,,,,,,,,,,,,,
1764665198.084181,1764665198.081698,35552,0,4367.94873,4381.410156,4469.871582,4491.410156,4375.769043,4497.820313,4522.820313,4377.05127,4545.641113,4365.897461,4474.615234,4509.615234,4554.358887,4371.538574,4372.820313,4483.846191,4528.846191,4515.897461,4496.282227,4366.666504,4371.922852,4549.871582,4505.128418,4474.230957,4375.128418,4545,4359.743652,4535.384766,4491.153809,4387.307617,4503.846191,4474.615234,2762,1,26,2048,9090,,,,0,4,4,4,4,4,4,4,4,4,4,4,4,4,4,4,4,4,4,4,4,4,4,4,4,4,4,4,4,4,4,4,4,100,,,,,,,,,,,,,,,,,,,,,,,,,,,,,,,,,,,,,,,,,,,,,,,,,,,,,,,,,,,,,,,,,,,,,,,,,,,,,,,,,,,,,,,,,,,,,,,,,,,,,,,,,,,,,,,,,,,,,,,,,,,,,,,,,,,,,,,,,,,,,,,,,,,,,,,,,,,,,,,,,,,,,,,,,,,,,,,,,,,,,,,,,,,,,,,,,,,,,,,,,,,,,,
1764665198.088090,1764665198.085605,35553,0,4369.871582,4386.538574,4477.820313,4495.897461,4379.102539,4500.897461,4526.282227,4379.743652,4557.563965,4377.692383,4476.922852,4513.461426,4557.05127,4377.179688,4376.794922,4491.282227,4534.743652,4522.692383,4498.717773,4370.256348,4379.487305,4554.871582,4511.025879,4480.256348,4373.077148,4548.589844,4364.871582,4540.897461,4494.615234,4396.025879,4509.615234,4479.743652,2926,1,26,2048,9090,,,,0,4,4,4,4,4,4,4,4,4,4,4,4,4,4,4,4,4,4,4,4,4,4,4,4,4,4,4,4,4,4,4,4,100,,,,,,,,,,,,,,,,,,,,,,,,,,,,,,,,,,,25272,0,0.25409,-0.611511,-0.722595,0.198364,0.981077,0.170919,0.02637,22,31,44.166668,,,,,,,,,,,,,,,,,,,,,,,,,,,,,,,,,,,,,,,,,,,,,,,,,,,,,,,,,,,,,,,,,,,,,,,,,,,,,,,,,,,,,,,,,,,,,,,,,,,,,,,,,,,,,,,,,,,,,,,,,,,,,,,,,,,,,,,,,,,,,,,,,,,,,,,,,,,,,,,,
1764665198.091998,1764665198.089512,35554,0,4367.820313,4385.769043,4479.358887,4496.282227,4379.230957,4499.102539,4527.692383,4378.717773,4561.282227,4386.538574,4476.282227,4514.487305,4557.94873,4379.871582,4376.538574,4491.794922,4535,4524.358887,4495.641113,4367.94873,4380.641113,4555.384766,4510.769043,4480.769043,4366.153809,4546.282227,4366.922852,4543.205078,4495,4398.589844,4509.487305,4479.615234,2602,1,26,2304,9097,,,,0,4,4,4,4,4,4,4,4,4,4,4,4,4,4,4,4,4,4,4,4,4,4,4,4,4,4,4,4,4,4,4,4,100,,,,,,,,,,,,,,,,,,,,,,,,,,,,,,,,,,,,,,,,,,,,,,,,,,,,,,,,,,,,,,,,,,,,,,,,,,,,,,,,,,,,,,,,,,,,,,,,,,,,,,,,,,,,,,,,,,,,,,,,,,,,,,,,,,,,,,,,,,,,,,,,,,,,,,,,,,,,,,,,,,,,,,,,,,,,,,,,,,,,,,,,,,,,,,,,,,,,,,,,,,,,,,
1764665198.095906,1764665198.093420,35555,0,4362.820313,4380,4474.743652,4492.94873,4376.666504,4493.974121,4525.897461,4375.256348,4555.512695,4387.820313,4473.589844,4511.282227,4556.153809,4378.846191,4372.307617,4485.256348,4529.358887,4520.256348,4489.743652,4362.179688,4374.871582,4551.282227,4504.615234,4476.794922,4358.717773,4539.871582,4365.641113,4541.410156,4491.794922,4394.230957,4504.871582,4476.410156,2861,1,26,2304,9097,,,,0,4,4,4,4,4,4,4,4,4,4,4,4,4,4,4,4,4,4,4,4,4,4,4,4,4,4,4,4,4,4,4,4,100,,,,,,,,,,,,,,,,,,,,,,,,,,,,,,,,,,,,,,,,,,,,,,,,,,,,,,,,,,,,,,,,,,,,,,,,,,,,,,,,,,,,,,,,,,,,,,,,,,,,,,,,,,,,,,,,,,,,,,,,,,,,,,,,,,,,,,,,,,,,,,,,,,,,,,,,,,,,,,,,,,,,,,,,,,,,,,,,,,,,,,,,,,,,,,,,,,,,,,,,,,,,,,
1764665198.099815,1764665198.097327,35556,0,4358.974121,4375.256348,4470.512695,4489.871582,4374.743652,4490.128418,4523.077148,4373.077148,4546.282227,4380.512695,4471.025879,4506.153809,4553.205078,4376.153809,4367.820313,4477.436035,4522.563965,4514.871582,4486.282227,4358.333496,4367.692383,4546.666504,4498.589844,4473.846191,4358.333496,4535.256348,4364.487305,4538.974121,4488.205078,4387.94873,4501.538574,4475.512695,2750,1,26,2560,9105,,,,0,4,4,4,4,4,4,4,4,4,4,4,4,4,4,4,4,4,4,4,4,4,4,4,4,4,4,4,4,4,4,4,4,100,,,,,,,,,,,,,,,,,,,,,,,,,,,,,,,,,,,,,,,,,,,,,,,,,,,,,,,,,,,,,,,,,,,,,,,,,,,,,,,,,,,,,,,,,,,,,,,,,,,,,,,,,,,,,,,,,,,,,,,,,,,,,,,,,,,,,,,,,,,,,,,,,,,,,,,,,,,,,,,,,,,,,,,,,,,,,,,,,,,,,,,,,,,,,,,,,,,,,,,,,,,,,,
1764665198.103723,1764665198.101235,35557,0,4359.743652,4377.05127,4472.692383,4490.769043,4376.794922,4492.307617,4522.563965,4375.128418,4541.282227,4367.692383,4470.512695,4503.333496,4551.794922,4375.512695,4367.692383,4474.743652,4520,4513.333496,4488.589844,4360.641113,4365.769043,4546.410156,4498.461426,4476.282227,4368.461426,4537.563965,4366.666504,4540,4487.94873,4386.025879,4504.230957,4480.128418,2795,1,26,2560,9105,,,,0,4,4,4,4,4,4,4,4,4,4,4,4,4,4,4,4,4,4,4,4,4,4,4,4,4,4,4,4,4,4,4,4,100,,,,,,,,,,,,,,,,,,,,,,,,,,,,,,,,,,,25273,0,0.254264,-0.611511,-0.722534,0.198364,0.989867,0.170919,0.042974,21.833334,30,41.833332,,,,,,,,,,,,,,,,,,,,,,,,,,,,,,,,,,,,,,,,,,,,,,,,,,,,,,,,,,,,,,,,,,,,,,,,,,,,,,,,,,,,,,,,,,,,,,,,,,,,,,,,,,,,,,,,,,,,,,,,,,,,,,,,,,,,,,,,,,,,,,,,,,,,,,,,,,,,,,,,
1764665198.107631,1764665198.105142,35558,0,4364.871582,4385.128418,4481.666504,4495.641113,4382.307617,4500.256348,4525.128418,4379.871582,4544.102539,4354.487305,4472.563965,4505.128418,4552.692383,4379.230957,4373.077148,4479.230957,4522.563965,4517.436035,4495,4367.820313,4371.282227,4551.282227,4505,4483.077148,4384.871582,4546.025879,4372.179688,4545,4492.563965,4390.384766,4512.05127,4488.717773,2796,1,26,2560,9113,,,,0,4,4,4,4,4,4,4,4,4,4,4,4,4,4,4,4,4,4,4,4,4,4,4,4,4,4,4,4,4,4,4,4,100,,,,,,,,,,,,,,,,,,,,,,,,,,,,,,,,,,,,,,,,,,,,,,,,,,,,,,,,,,,,,,,,,,,,,,,,,,,,,,,,,,,,,,,,,,,,,,,,,,,,,,,,,,,,,,,,,,,,,,,,,,,,,,,,,,,,,,,,,,,,,,,,,,,,,,,,,,,,,,,,,,,,,,,,,,,,,,,,,,,,,,,,,,,,,,,,,,,,,,,,,,,,,,
1764665198.111539,1764665198.109050,35559,0,4370.512695,4393.846191,4491.538574,4500.897461,4386.922852,4508.461426,4528.589844,4382.820313,4551.922852,4346.410156,4475,4509.615234,4554.487305,4385.897461,4380.128418,4487.05127,4527.05127,4523.717773,4500.769043,4375,4380,4557.179688,4512.692383,4488.846191,4398.974121,4555.256348,4377.820313,4550.512695,4498.717773,4397.179688,4519.487305,4496.153809,2982,1,26,2560,9113,,,,0,4,4,4,4,4,4,4,4,4,4,4,4,4,4,4,4,4,4,4,4,4,4,4,4,4,4,4,4,4,4,4,4,100,,,,,,,,,,,,,,,,,,,,,,,,,,,,,,,,,,,,,,,,,,,,,,,,,,,,,,,,,,,,,,,,,,,,,,,,,,,,,,,,,,,,,,,,,,,,,,,,,,,,,,,,,,,,,,,,,,,,,,,,,,,,,,,,,,,,,,,,,,,,,,,,,,,,,,,,,,,,,,,,,,,,,,,,,,,,,,,,,,,,,,,,,,,,,,,,,,,,,,,,,,,,,,
1764665198.115448,1764665198.112957,35560,0,4372.94873,4397.05127,4495.384766,4502.563965,4387.563965,4511.282227,4529.871582,4381.282227,4558.846191,4346.922852,4475.769043,4512.820313,4555.769043,4392.563965,4383.717773,4492.692383,4529.230957,4527.307617,4502.307617,4378.077148,4386.025879,4559.871582,4515.512695,4490.384766,4404.487305,4560.128418,4380.256348,4552.692383,4502.179688,4400.897461,4521.666504,4498.333496,2866,1,26,2561,9121,,,,0,4,4,4,4,4,4,4,4,4,4,4,4,4,4,4,4,4,4,4,4,4,4,4,4,4,4,4,4,4,4,4,4,100,,,,,,,,,,,,,,,,,,,,,,,,,,,,,,,,,,,,,,,,,,,,,,,,,,,,,,,,,,,,,,,,,,,,,,,,,,,,,,,,,,,,,,,,,,,,,,,,,,,,,,,,,,,,,,,,,,,,,,,,,,,,,,,,,,,,,,,,,,,,,,,,,,,,,,,,,,,,,,,,,,,,,,,,,,,,,,,,,,,,,,,,,,,,,,,,,,,,,,,,,,,,,,
1764665198.119356,1764665198.116865,35561,0,4371.922852,4393.589844,4491.922852,4500.897461,4384.871582,4508.333496,4528.205078,4377.307617,4560.769043,4356.410156,4474.615234,4512.179688,4556.153809,4395.384766,4381.025879,4492.563965,4528.717773,4526.794922,4500.128418,4376.666504,4386.538574,4558.205078,4512.436035,4488.205078,4401.538574,4559.358887,4378.205078,4550.641113,4501.025879,4399.487305,4518.846191,4495.256348,2716,1,26,2561,9121,,,,0,4,4,4,4,4,4,4,4,4,4,4,4,4,4,4,4,4,4,4,4,4,4,4,4,4,4,4,4,4,4,4,4,100,,,,,,,,,,,,,,,,,,,,,,,,,,,,,,,,,,,25274,0,0.254311,-0.611511,-0.722534,0.198303,0.981565,0.174338,0.037602,23.166666,29.333334,45.333332,,,,,,,,,,,,,,,,,,,,,,,,,,,,,,,,,,,,,,,,,,,,,,,,,,,,,,,,,,,,,,,,,,,,,,,,,,,,,,,,,,,,,,,,,,,,,,,,,,,,,,,,,,,,,,,,,,,,,,,,,,,,,,,,,,,,,,,,,,,,,,,,,,,,,,,,,,,,,,,,
1764665198.123264,1764665198.120772,35562,0,4370.512695,4387.94873,4485.769043,4499.358887,4382.94873,4504.358887,4525.512695,4375.641113,4558.333496,4371.153809,4473.461426,4508.717773,4556.538574,4393.589844,4375,4487.94873,4528.077148,4524.358887,4497.436035,4373.461426,4383.846191,4554.743652,4507.563965,4485.641113,4395,4556.410156,4374.743652,4547.307617,4498.077148,4395.897461,4515.641113,4490.512695,2281,1,26,2562,9129,,,,0,4,4,4,4,4,4,4,4,4,4,4,4,4,4,4,4,4,4,4,4,4,4,4,4,4,4,4,4,4,4,4,4,100,,,,,,,,,,,,,,,,,,,,,,,,,,,,,,,,,,,,,,,,,,,,,,,,,,,,,,,,,,,,,,,,,,,,,,,,,,,,,,,,,,,,,,,,,,,,,,,,,,,,,,,,,,,,,,,,,,,,,,,,,,,,,,,,,,,,,,,,,,,,,,,,,,,,,,,,,,,,,,,,,,,,,,,,,,,,,,,,,,,,,,,,,,,,,,,,,,,,,,,,,,,,,,
1764665198.127172,1764665198.124679,35563,0,4371.794922,4385.512695,4482.94873,4501.282227,4384.615234,4504.102539,4524.230957,4378.461426,4555,4384.871582,4475.128418,4505.512695,4557.436035,4389.615234,4371.025879,4482.307617,4529.358887,4523.461426,4496.794922,4371.153809,4381.410156,4553.077148,4505.641113,4485.128418,4388.974121,4555.641113,4373.461426,4546.282227,4496.922852,4394.487305,4515.641113,4488.333496,2692,1,26,2562,9129,,,,0,4,4,4,4,4,4,4,4,4,4,4,4,4,4,4,4,4,4,4,4,4,4,4,4,4,4,4,4,4,4,4,4,100,,,,,,,,,,,,,,,,,,,,,,,,,,,,,,,,,,,,,,,,,,,,,,,,,,,,,,,,,,,,,,,,,,,,,,,,,,,,,,,,,,,,,,,,,,,,,,,,,,,,,,,,,,,,,,,,,,,,,,,,,,,,,,,,,,,,,,,,,,,,,,,,,,,,,,,,,,,,,,,,,,,,,,,,,,,,,,,,,,,,,,,,,,,,,,,,,,,,,,,,,,,,,,
1764665198.131081,1764665198.128587,35564,0,4375.641113,4387.692383,4485.512695,4506.794922,4389.358887,4507.820313,4525.256348,4383.461426,4554.487305,4392.05127,4479.487305,4505.384766,4558.461426,4386.922852,4372.05127,4478.717773,4532.179688,4524.487305,4497.563965,4370.384766,4380.512695,4554.230957,4508.077148,4486.282227,4384.230957,4558.461426,4375.641113,4548.717773,4498.846191,4396.538574,4518.589844,4490,2495,1,26,2563,9136,,,,0,4,4,4,4,4,4,4,4,4,4,4,4,4,4,4,4,4,4,4,4,4,4,4,4,4,4,4,4,4,4,4,4,100,,,,,,,,,,,,,,,,,,,,,,,,,,,,,,,,,,,,,,,,,,,,,,,,,,,,,,,,,,,,,,,,,,,,,,,,,,,,,,,,,,,,,,,,,,,,,,,,,,,,,,,,,,,,,,,,,,,,,,,,,,,,,,,,,,,,,,,,,,,,,,,,,,,,,,,,,,,,,,,,,,,,,,,,,,,,,,,,,,,,,,,,,,,,,,,,,,,,,,,,,,,,,,
1764665198.134989,1764665198.132494,35565,0,4378.461426,4391.153809,4489.743652,4511.282227,4393.205078,4511.922852,4527.05127,4385.897461,4556.538574,4390.128418,4483.589844,4508.333496,4558.333496,4387.563965,4376.922852,4477.820313,4533.717773,4525.256348,4497.05127,4370.256348,4379.487305,4556.538574,4512.05127,4486.794922,4379.102539,4561.922852,4379.102539,4552.307617,4501.666504,4399.230957,4520.769043,4492.820313,2238,1,26,2563,9136,,,,0,4,4,4,4,4,4,4,4,4,4,4,4,4,4,4,4,4,4,4,4,4,4,4,4,4,4,4,4,4,4,4,4,100,,,,,,,,,,,,,,,,,,,,,,,,,,,,,,,,,,,25275,0,0.254086,-0.611572,-0.722595,0.198181,0.981565,0.174338,0.037602,21.666666,29.333334,45,,,,,,,,,,,,,,,,,,,,,,,,,,,,,,,,,,,,,,,,,,,,,,,,,,,,,,,,,,,,,,,,,,,,,,,,,,,,,,,,,,,,,,,,,,,,,,,,,,,,,,,,,,,,,,,,,,,,,,,,,,,,,,,,,,,,,,,,,,,,,,,,,,,,,,,,,,,,,,,,
1764665198.138897,1764665198.136402,35566,0,4377.563965,4391.794922,4490.128418,4510.512695,4393.077148,4512.563965,4527.179688,4383.974121,4558.717773,4382.436035,4484.102539,4512.307617,4557.436035,4390.641113,4381.794922,4478.205078,4531.794922,4523.974121,4493.974121,4369.871582,4376.538574,4557.563965,4513.846191,4484.743652,4373.077148,4562.307617,4381.025879,4553.717773,4502.563965,4399.230957,4519.871582,4493.461426,2706,1,26,2564,9144,,,,0,4,4,4,4,4,4,4,4,4,4,4,4,4,4,4,4,4,4,4,4,4,4,4,4,4,4,4,4,4,4,4,4,100,,,,,,,,,,,,,,,,,,,,,,,,,,,,,,,,,,,,,,,,,,,,,,,,,,,,,,,,,,,,,,,,,,,,,,,,,,,,,,,,,,,,,,,,,,,,,,,,,,,,,,,,,,,,,,,,,,,,,,,,,,,,,,,,,,,,,,,,,,,,,,,,,,,,,,,,,,,,,,,,,,,,,,,,,,,,,,,,,,,,,,,,,,,,,,,,,,,,,,,,,,,,,,
1764665198.142805,1764665198.140309,35567,0,4373.717773,4388.846191,4484.871582,4503.589844,4389.615234,4509.487305,4525.128418,4380,4558.589844,4375.897461,4481.153809,4515.641113,4557.307617,4393.717773,4383.333496,4479.102539,4528.205078,4521.794922,4489.743652,4369.743652,4372.692383,4557.307617,4512.94873,4481.666504,4369.102539,4558.974121,4380.769043,4552.436035,4501.153809,4395.769043,4516.794922,4491.025879,2502,1,26,2564,9144,,,,0,4,4,4,4,4,4,4,4,4,4,4,4,4,4,4,4,4,4,4,4,4,4,4,4,4,4,4,4,4,4,4,4,100,,,,,,,,,,,,,,,,,,,,,,,,,,,,,,,,,,,,,,,,,,,,,,,,,,,,,,,,,,,,,,,,,,,,,,,,,,,,,,,,,,,,,,,,,,,,,,,,,,,,,,,,,,,,,,,,,,,,,,,,,,,,,,,,,,,,,,,,,,,,,,,,,,,,,,,,,,,,,,,,,,,,,,,,,,,,,,,,,,,,,,,,,,,,,,,,,,,,,,,,,,,,,,
1764665198.146714,1764665198.144217,35568,0,4371.025879,4385.384766,4477.307617,4494.743652,4385.897461,4506.282227,4522.820313,4378.205078,4556.025879,4376.538574,4478.077148,4518.461426,4560,4395,4381.666504,4481.666504,4527.179688,4521.922852,4488.205078,4371.153809,4371.153809,4557.820313,4511.410156,4481.153809,4371.922852,4554.615234,4379.871582,4550.897461,4499.743652,4391.794922,4514.743652,4486.666504,2861,1,26,2565,9152,,,,0,4,4,4,4,4,4,4,4,4,4,4,4,4,4,4,4,4,4,4,4,4,4,4,4,4,4,4,4,4,4,4,4,100,,,,,,,,,,,,,,,,,,,,,,,,,,,,,,,,,,,,,,,,,,,,,,,,,,,,,,,,,,,,,,,,,,,,,,,,,,,,,,,,,,,,,,,,,,,,,,,,,,,,,,,,,,,,,,,,,,,,,,,,,,,,,,,,,,,,,,,,,,,,,,,,,,,,,,,,,,,,,,,,,,,,,,,,,,,,,,,,,,,,,,,,,,,,,,,,,,,,,,,,,,,,,,
1764665198.150622,1764665198.148124,35569,0,4373.589844,4385.128418,4472.692383,4490.128418,4385.256348,4506.410156,4522.692383,4381.538574,4553.333496,4384.487305,4478.333496,4521.410156,4566.153809,4394.358887,4379.487305,4486.666504,4531.666504,4526.666504,4491.922852,4374.615234,4374.487305,4561.282227,4512.179688,4485.769043,4383.717773,4552.94873,4380.512695,4551.922852,4500.769043,4390.641113,4515.769043,4482.94873,2911,1,26,2565,9152,,,,0,4,4,4,4,4,4,4,4,4,4,4,4,4,4,4,4,4,4,4,4,4,4,4,4,4,4,4,4,4,4,4,4,100,,,,,,,,,,,,,,,,,,,,,,,,,,,,,,,,,,,25276,0,0.253904,-0.611694,-0.722656,0.197815,0.977658,0.165059,0.038091,22.666666,28.333334,43.833332,,,,,,,,,,,,,,,,,,,,,,,,,,,,,,,,,,,,,,,,,,,,,,,,,,,,,,,,,,,,,,,,,,,,,,,,,,,,,,,,,,,,,,,,,,,,,,,,,,,,,,,,,,,,,,,,,,,,,,,,,,,,,,,,,,,,,,,,,,,,,,,,,,,,,,,,,,,,,,,,
1764665198.154530,1764665198.152031,35570,0,4380.897461,4388.846191,4473.589844,4493.333496,4388.333496,4510.512695,4525.641113,4388.461426,4552.820313,4394.487305,4482.307617,4524.743652,4573.589844,4393.333496,4379.230957,4493.333496,4540.128418,4534.102539,4499.487305,4378.589844,4381.666504,4566.794922,4516.025879,4493.974121,4400,4555,4382.820313,4556.666504,4504.615234,4392.94873,4518.974121,4480.512695,1753,1,26,2566,9160,,,,0,4,4,4,4,4,4,4,4,4,4,4,4,4,4,4,4,4,4,4,4,4,4,4,4,4,4,4,4,4,4,4,4,100,,,,,,,,,,,,,,,,,,,,,,,,,,,,,,,,,,,,,,,,,,,,,,,,,,,,,,,,,,,,,,,,,,,,,,,,,,,,,,,,,,,,,,,,,,,,,,,,,,,,,,,,,,,,,,,,,,,,,,,,,,,,,,,,,,,,,,,,,,,,,,,,,,,,,,,,,,,,,,,,,,,,,,,,,,,,,,,,,,,,,,,,,,,,,,,,,,,,,,,,,,,,,,
1764665198.158438,1764665198.155939,35571,0,4388.205078,4393.205078,4477.307617,4501.794922,4392.436035,4515.128418,4529.230957,4393.846191,4555,4398.974121,4486.666504,4527.307617,4578.077148,4392.307617,4380.769043,4497.94873,4547.307617,4539.615234,4505.897461,4380,4387.820313,4570.769043,4519.871582,4500.128418,4412.179688,4558.205078,4384.358887,4561.794922,4508.717773,4395.641113,4521.153809,4478.333496,2956,1,26,2566,9160,,,,0,4,4,4,4,4,4,4,4,4,4,4,4,4,4,4,4,4,4,4,4,4,4,4,4,4,4,4,4,4,4,4,4,100,,,,,,,,,,,,,,,,,,,,,,,,,,,,,,,,,,,,,,,,,,,,,,,,,,,,,,,,,,,,,,,,,,,,,,,,,,,,,,,,,,,,,,,,,,,,,,,,,,,,,,,,,,,,,,,,,,,,,,,,,,,,,,,,,,,,,,,,,,,,,,,,,,,,,,,,,,,,,,,,,,,,,,,,,,,,,,,,,,,,,,,,,,,,,,,,,,,,,,,,,,,,,,
1764665198.162347,1764665198.159846,35572,0,4388.717773,4393.077148,4478.077148,4507.563965,4393.077148,4515.256348,4529.230957,4392.307617,4556.153809,4393.333496,4485.512695,4526.153809,4575.897461,4389.743652,4380.641113,4496.794922,4547.179688,4537.563965,4506.025879,4376.282227,4387.179688,4568.077148,4519.358887,4497.94873,4412.436035,4558.077148,4381.538574,4561.538574,4508.846191,4394.230957,4518.077148,4474.615234,2513,1,26,2561,9168,,,,0,4,4,4,4,4,4,4,4,4,4,4,4,4,4,4,4,4,4,4,4,4,4,4,4,4,4,4,4,4,4,4,4,100,,,,,,,,,,,,,,,,,,,,,,,,,,,,,,,,,,,,,,,,,,,,,,,,,,,,,,,,,,,,,,,,,,,,,,,,,,,,,,,,,,,,,,,,,,,,,,,,,,,,,,,,,,,,,,,,,,,,,,,,,,,,,,,,,,,,,,,,,,,,,,,,,,,,,,,,,,,,,,,,,,,,,,,,,,,,,,,,,,,,,,,,,,,,,,,,,,,,,,,,,,,,,,
1764665198.166255,1764665198.163754,35573,0,4379.487305,4385.641113,4471.666504,4504.230957,4387.05127,4508.205078,4522.179688,4381.794922,4551.794922,4377.436035,4476.153809,4518.974121,4565.769043,4383.846191,4375.512695,4488.717773,4537.94873,4526.538574,4498.461426,4366.922852,4377.692383,4557.563965,4511.922852,4485.256348,4399.615234,4551.410156,4373.077148,4552.436035,4502.692383,4386.153809,4508.205078,4468.077148,2816,1,26,2561,9168,,,,0,4,4,4,4,4,4,4,4,4,4,4,4,4,4,4,4,4,4,4,4,4,4,4,4,4,4,4,4,4,4,4,4,100,,,,,,,,,,,,,,,,,,,,,,,,,,,,,,,,,,,25277,0,0.253726,-0.611755,-0.722717,0.197632,0.977658,0.165059,0.038091,23.5,28,45.166668,,,,,,,,,,,,,,,,,,,,,,,,,,,,,,,,,,,,,,,,,,,,,,,,,,,,,,,,,,,,,,,,,,,,,,,,,,,,,,,,,,,,,,,,,,,,,,,,,,,,,,,,,,,,,,,,,,,,,,,,,,,,,,,,,,,,,,,,,,,,,,,,,,,,,,,,,,,,,,,,
1764665198.170163,1764665198.167661,35574,0,4364.871582,4374.358887,4460.512695,4492.94873,4375.897461,4496.666504,4510.256348,4366.794922,4541.410156,4357.307617,4462.307617,4507.436035,4551.538574,4375.384766,4366.538574,4477.692383,4523.974121,4510.512695,4487.179688,4356.025879,4364.358887,4543.333496,4500.512695,4468.077148,4379.871582,4540.512695,4362.05127,4537.94873,4492.692383,4374.487305,4495.256348,4460.256348,2927,1,26,2562,9176,,,,0,4,4,4,4,4,4,4,4,4,4,4,4,4,4,4,4,4,4,4,4,4,4,4,4,4,4,4,4,4,4,4,4,100,,,,,,,,,,,,,,,,,,,,,,,,,,,,,,,,,,,,,,,,,,,,,,,,,,,,,,,,,,,,,,,,,,,,,,,,,,,,,,,,,,,,,,,,,,,,,,,,,,,,,,,,,,,,,,,,,,,,,,,,,,,,,,,,,,,,,,,,,,,,,,,,,,,,,,,,,,,,,,,,,,,,,,,,,,,,,,,,,,,,,,,,,,,,,,,,,,,,,,,,,,,,,,
1764665198.174071,1764665198.171569,35575,0,4354.102539,4366.794922,4451.794922,4482.436035,4366.025879,4487.94873,4500.384766,4356.282227,4530.641113,4341.922852,4453.077148,4497.94873,4540.897461,4368.974121,4359.615234,4470.641113,4514.230957,4498.717773,4479.743652,4350.384766,4355.897461,4534.230957,4492.94873,4457.179688,4363.077148,4531.666504,4354.615234,4527.05127,4484.871582,4366.025879,4486.922852,4455.128418,2843,1,26,2562,9176,,,,0,4,4,4,4,4,4,4,4,4,4,4,4,4,4,4,4,4,4,4,4,4,4,4,4,4,4,4,4,4,4,4,4,100,,,,,,,,,,,,,,,,,,,,,,,,,,,,,,,,,,,,,,,,,,,,,,,,,,,,,,,,,,,,,,,,,,,,,,,,,,,,,,,,,,,,,,,,,,,,,,,,,,,,,,,,,,,,,,,,,,,,,,,,,,,,,,,,,,,,,,,,,,,,,,,,,,,,,,,,,,,,,,,,,,,,,,,,,,,,,,,,,,,,,,,,,,,,,,,,,,,,,,,,,,,,,,
1764665198.177980,1764665198.175476,35576,0,4354.871582,4368.974121,4452.436035,4481.666504,4364.230957,4488.717773,4500,4357.94873,4526.666504,4339.358887,4455.384766,4497.436035,4540.256348,4369.358887,4360.512695,4473.077148,4515.769043,4499.487305,4481.666504,4354.358887,4358.846191,4537.05127,4495.641113,4459.871582,4356.153809,4531.153809,4356.025879,4527.692383,4485.128418,4366.538574,4488.717773,4456.282227,2767,1,26,2562,9183,,,,0,4,4,4,4,4,4,4,4,4,4,4,4,4,4,4,4,4,4,4,4,4,4,4,4,4,4,4,4,4,4,4,4,100,,,,,,,,,,,,,,,,,,,,,,,,,,,,,,,,,,,,,,,,,,,,,,,,,,,,,,,,,,,,,,,,,,,,,,,,,,,,,,,,,,,,,,,,,,,,,,,,,,,,,,,,,,,,,,,,,,,,,,,,,,,,,,,,,,,,,,,,,,,,,,,,,,,,,,,,,,,,,,,,,,,,,,,,,,,,,,,,,,,,,,,,,,,,,,,,,,,,,,,,,,,,,,
1764665198.181888,1764665198.179384,35577,0,4367.307617,4381.025879,4462.692383,4492.692383,4372.820313,4500.128418,4511.025879,4371.666504,4532.307617,4352.05127,4468.205078,4508.077148,4550.256348,4377.563965,4369.615234,4485,4528.461426,4514.102539,4493.333496,4366.666504,4372.436035,4551.410156,4508.846191,4474.487305,4359.615234,4538.717773,4366.153809,4540.384766,4494.102539,4376.410156,4499.615234,4463.717773,2817,1,26,2562,9183,,,,0,4,4,4,4,4,4,4,4,4,4,4,4,4,4,4,4,4,4,4,4,4,4,4,4,4,4,4,4,4,4,4,4,100,,,,,,,,,,,,,,,,,,,,,,,,,,,,,,,,,,,25278,0,0.253852,-0.611755,-0.722656,0.197693,0.975217,0.169943,0.03223,22.666666,29.666666,43.5,,,,,,,,,,,,,,,,,,,,,,,,,,,,,,,,,,,,,,,,,,,,,,,,,,,,,,,,,,,,,,,,,,,,,,,,,,,,,,,,,,,,,,,,,,,,,,,,,,,,,,,,,,,,,,,,,,,,,,,,,,,,,,,,,,,,,,,,,,,,,,,,,,,,,,,,,,,,,,,,
1764665198.185796,1764665198.183291,35578,0,4384.102539,4395.897461,4476.538574,4509.102539,4387.179688,4516.282227,4527.692383,4389.358887,4544.743652,4374.358887,4483.077148,4524.358887,4565.128418,4389.743652,4381.282227,4500,4545.256348,4534.102539,4508.589844,4380.512695,4388.974121,4569.102539,4525.256348,4491.794922,4368.077148,4548.205078,4379.871582,4558.077148,4506.538574,4389.871582,4512.436035,4473.717773,1956,1,25,2563,9191,,,,0,4,4,4,4,4,4,4,4,4,4,4,4,4,4,4,4,4,4,4,4,4,4,4,4,4,4,4,4,4,4,4,4,100,0.867188,100,4,4,4,4,4,4,4,4,4,4,4,4,4,4,4,4,4,4,4,4,4,4,4,4,4,4,4,4,4,4,4,4,,,,,,,,,,,,,1.131184,0.882369,0.332726,0.597792,0.732701,1.543248,0.659033,0.495039,0.817598,0.689874,1.636633,0.803893,1.128824,0.742018,0.735823,1.961209,0.469945,0.92881,0.884952,0.654917,1.531242,0.778864,1.225099,0.784575,0.677492,1.064405,0.739271,0.703245,0.605267,0.542951,0.812474,0.89677,0.647399,0.742734,0.628271,0.908893,0.715854,0.573043,0.750258,0.761088,1.60336,0.804958,0.654788,0.89872,0.911825,1.340051,1.367396,1.063712,1.374462,0.891701,0.559888,0.652786,0.576868,0.458431,0.535971,1.034012,1.292144,0.380005,0.690332,0.644541,0.63829,0.889512,0.643717,0.669025,0.679576,1.344714,1.813479,0.409064,0.432528,0.532917,0.816325,0.5085,0.12855,0.548277,0.672809,0.607234,0.696833,0.373393,0.687453,0.545056,1.023467,1.170651,0.413183,0.854448,0.763194,0.724468,1.31446,0.407113,0.924661,0.820552,0.582506,0.824355,0.44086,0.651493,0.452925,0.98944,0.901012,0.905144,0.728434,0.85301,2.187937,1.662997,0.809853,0.707871,0.728078,1.595169,1.707597,0.632565,0.683154,0.764568,1.109156,0.95645,0.29925,0.799626,0.599188,1.659031,1.469696,1.001973,0.811057,0.792479,3.099342,1.444333,1.963091,1.912062,1.489827,1.737825,1.115671,0.964839,0.632109,0.698327,1.428717,1.05179,0.690742,0.815936,0.898668,0.885275,1.152189,0.751048,0.792763,0.829331,0.613234,0.525044,0.26162,0.3815,0.343225,1.071147,0.848372,0.88638,0.691758,0.769576,1.477176,0.996077,1.148279,0.77307,0.787288,1.338344,0.775693,1.051669,0.753601,0.77311
1764665198.189705,1764665198.187198,35579,0,4395.512695,4405.384766,4485.512695,4520.641113,4398.974121,4528.717773,4541.153809,4401.025879,4556.666504,4395.128418,4490.769043,4537.05127,4575.897461,4399.615234,4387.94873,4510.128418,4556.794922,4547.692383,4518.846191,4388.846191,4399.358887,4580.128418,4535.512695,4502.05127,4374.871582,4552.563965,4390,4570.769043,4515.641113,4399.230957,4519.871582,4480.769043,2633,1,25,2563,9191,,,,0,4,4,4,4,4,4,4,4,4,4,4,4,4,4,4,4,4,4,4,4,4,4,4,4,4,4,4,4,4,4,4,4,100,,,,,,,,,,,,,,,,,,,,,,,,,,,,,,,,,,,,,,,,,,,,,,,,,,,,,,,,,,,,,,,,,,,,,,,,,,,,,,,,,,,,,,,,,,,,,,,,,,,,,,,,,,,,,,,,,,,,,,,,,,,,,,,,,,,,,,,,,,,,,,,,,,,,,,,,,,,,,,,,,,,,,,,,,,,,,,,,,,,,,,,,,,,,,,,,,,,,,,,,,,,,,,
1764665198.193613,1764665198.191106,35580,0,4396.153809,4405.641113,4485.384766,4521.153809,4402.05127,4531.922852,4545.128418,4401.282227,4562.307617,4404.487305,4488.461426,4539.487305,4577.820313,4403.333496,4386.282227,4510.512695,4557.94873,4547.94873,4519.230957,4388.589844,4399.743652,4580.128418,4534.743652,4500.641113,4377.05127,4550,4392.05127,4572.307617,4517.436035,4400.128418,4519.615234,4481.666504,2687,1,25,2564,9199,,,,0,4,4,4,4,4,4,4,4,4,4,4,4,4,4,4,4,4,4,4,4,4,4,4,4,4,4,4,4,4,4,4,4,100,,,,,,,,,,,,,,,,,,,,,,,,,,,,,,,,,,,,,,,,,,,,,,,,,,,,,,,,,,,,,,,,,,,,,,,,,,,,,,,,,,,,,,,,,,,,,,,,,,,,,,,,,,,,,,,,,,,,,,,,,,,,,,,,,,,,,,,,,,,,,,,,,,,,,,,,,,,,,,,,,,,,,,,,,,,,,,,,,,,,,,,,,,,,,,,,,,,,,,,,,,,,,,
1764665198.197521,1764665198.195013,35581,0,4388.461426,4398.846191,4478.205078,4512.820313,4396.538574,4526.922852,4540.384766,4392.563965,4560,4400.512695,4481.025879,4532.692383,4571.922852,4401.282227,4379.487305,4502.563965,4550.128418,4537.820313,4511.282227,4382.05127,4392.94873,4572.05127,4525.769043,4490.897461,4376.666504,4544.615234,4387.179688,4563.846191,4513.333496,4394.102539,4514.615234,4477.563965,2508,1,25,2564,9199,,,,0,4,4,4,4,4,4,4,4,4,4,4,4,4,4,4,4,4,4,4,4,4,4,4,4,4,4,4,4,4,4,4,4,100,,,,,,,,,,,,,,,,,,,,,,,,,,,,,,,,,,,25279,0,0.253978,-0.611755,-0.722595,0.197754,0.984495,0.166036,0.036137,23.166666,29.833334,44.5,,,,,,,,,,,,,,,,,,,,,,,,,,,,,,,,,,,,,,,,,,,,,,,,,,,,,,,,,,,,,,,,,,,,,,,,,,,,,,,,,,,,,,,,,,,,,,,,,,,,,,,,,,,,,,,,,,,,,,,,,,,,,,,,,,,,,,,,,,,,,,,,,,,,,,,,,,,,,,,,
1764665198.201429,1764665198.198921,35582,0,4379.358887,4391.538574,4470.384766,4503.846191,4388.461426,4519.358887,4532.94873,4382.692383,4553.461426,4390.256348,4476.410156,4523.205078,4564.230957,4397.307617,4374.487305,4491.922852,4539.743652,4526.025879,4501.153809,4374.743652,4385.128418,4562.563965,4516.153809,4481.025879,4377.820313,4542.179688,4380.641113,4552.692383,4507.692383,4386.922852,4510,4472.436035,2652,1,25,2562,9207,,,,0,4,4,4,4,4,4,4,4,4,4,4,4,4,4,4,4,4,4,4,4,4,4,4,4,4,4,4,4,4,4,4,4,100,,,,,,,,,,,,,,,,,,,,,,,,,,,,,,,,,,,,,,,,,,,,,,,,,,,,,,,,,,,,,,,,,,,,,,,,,,,,,,,,,,,,,,,,,,,,,,,,,,,,,,,,,,,,,,,,,,,,,,,,,,,,,,,,,,,,,,,,,,,,,,,,,,,,,,,,,,,,,,,,,,,,,,,,,,,,,,,,,,,,,,,,,,,,,,,,,,,,,,,,,,,,,,
1764665198.205338,1764665198.202828,35583,0,4375.128418,4388.589844,4468.333496,4501.794922,4384.230957,4515.128418,4529.358887,4378.846191,4548.846191,4383.461426,4478.846191,4518.589844,4560.769043,4395.128418,4375.512695,4485.769043,4533.461426,4520.256348,4495.128418,4371.282227,4381.153809,4557.436035,4512.179688,4477.820313,4383.846191,4546.025879,4377.692383,4546.538574,4504.615234,4383.846191,4508.846191,4470.256348,2826,1,25,2562,9207,,,,0,4,4,4,4,4,4,4,4,4,4,4,4,4,4,4,4,4,4,4,4,4,4,4,4,4,4,4,4,4,4,4,4,100,,,,,,,,,,,,,,,,,,,,,,,,,,,,,,,,,,,,,,,,,,,,,,,,,,,,,,,,,,,,,,,,,,,,,,,,,,,,,,,,,,,,,,,,,,,,,,,,,,,,,,,,,,,,,,,,,,,,,,,,,,,,,,,,,,,,,,,,,,,,,,,,,,,,,,,,,,,,,,,,,,,,,,,,,,,,,,,,,,,,,,,,,,,,,,,,,,,,,,,,,,,,,,
1764665198.209246,1764665198.206736,35584,0,4377.307617,4391.410156,4473.974121,4508.333496,4386.666504,4516.282227,4531.922852,4383.333496,4550.897461,4385.512695,4485.769043,4522.05127,4563.589844,4395.512695,4381.025879,4487.692383,4534.102539,4522.820313,4495.641113,4373.205078,4381.922852,4557.94873,4515.512695,4482.820313,4394.871582,4554.102539,4379.230957,4548.205078,4505.256348,4386.794922,4511.153809,4472.436035,2765,1,25,2563,9215,,,,0,4,4,4,4,4,4,4,4,4,4,4,4,4,4,4,4,4,4,4,4,4,4,4,4,4,4,4,4,4,4,4,4,100,,,,,,,,,,,,,,,,,,,,,,,,,,,,,,,,,,,,,,,,,,,,,,,,,,,,,,,,,,,,,,,,,,,,,,,,,,,,,,,,,,,,,,,,,,,,,,,,,,,,,,,,,,,,,,,,,,,,,,,,,,,,,,,,,,,,,,,,,,,,,,,,,,,,,,,,,,,,,,,,,,,,,,,,,,,,,,,,,,,,,,,,,,,,,,,,,,,,,,,,,,,,,,
1764665198.213154,1764665198.210643,35585,0,4382.94873,4397.179688,4484.358887,4519.358887,4393.461426,4520.769043,4538.974121,4393.205078,4558.717773,4393.974121,4491.666504,4531.025879,4569.743652,4397.179688,4386.025879,4496.282227,4539.358887,4530.384766,4500.384766,4378.333496,4385.256348,4561.666504,4523.077148,4491.538574,4406.538574,4561.410156,4383.077148,4555,4508.333496,4393.333496,4514.615234,4477.820313,2929,1,25,2563,9215,,,,0,4,4,4,4,4,4,4,4,4,4,4,4,4,4,4,4,4,4,4,4,4,4,4,4,4,4,4,4,4,4,4,4,100,,,,,,,,,,,,,,,,,,,,,,,,,,,,,,,,,,,25280,0,0.253883,-0.611755,-0.722595,0.197876,0.984495,0.178733,0.035161,24.5,29,44.166668,,,,,,,,,,,,,,,,,,,,,,,,,,,,,,,,,,,,,,,,,,,,,,,,,,,,,,,,,,,,,,,,,,,,,,,,,,,,,,,,,,,,,,,,,,,,,,,,,,,,,,,,,,,,,,,,,,,,,,,,,,,,,,,,,,,,,,,,,,,,,,,,,,,,,,,,,,,,,,,,
1764665198.217062,1764665198.214551,35586,0,4387.820313,4401.794922,4493.974121,4528.974121,4399.871582,4525,4545.512695,4402.820313,4567.820313,4401.666504,4493.077148,4539.615234,4574.615234,4398.205078,4386.666504,4505.384766,4544.487305,4537.179688,4504.358887,4382.436035,4387.820313,4565.641113,4529.487305,4498.077148,4412.436035,4564.358887,4385.897461,4561.538574,4511.025879,4399.230957,4516.410156,4483.461426,2603,1,25,2564,9222,,,,0,4,4,4,4,4,4,4,4,4,4,4,4,4,4,4,4,4,4,4,4,4,4,4,4,4,4,4,4,4,4,4,4,100,,,,,,,,,,,,,,,,,,,,,,,,,,,,,,,,,,,,,,,,,,,,,,,,,,,,,,,,,,,,,,,,,,,,,,,,,,,,,,,,,,,,,,,,,,,,,,,,,,,,,,,,,,,,,,,,,,,,,,,,,,,,,,,,,,,,,,,,,,,,,,,,,,,,,,,,,,,,,,,,,,,,,,,,,,,,,,,,,,,,,,,,,,,,,,,,,,,,,,,,,,,,,,
1764665198.220971,1764665198.218458,35587,0,4389.230957,4402.692383,4497.94873,4532.563965,4402.179688,4526.538574,4547.436035,4407.692383,4573.077148,4402.179688,4490.897461,4542.820313,4574.743652,4398.205078,4382.436035,4509.487305,4546.025879,4538.461426,4504.230957,4383.205078,4388.077148,4567.179688,4530.897461,4498.205078,4408.717773,4562.692383,4385.769043,4563.461426,4511.666504,4401.025879,4515.512695,4486.410156,2860,1,25,2564,9222,,,,0,4,4,4,4,4,4,4,4,4,4,4,4,4,4,4,4,4,4,4,4,4,4,4,4,4,4,4,4,4,4,4,4,100,,,,,,,,,,,,,,,,,,,,,,,,,,,,,,,,,,,,,,,,,,,,,,,,,,,,,,,,,,,,,,,,,,,,,,,,,,,,,,,,,,,,,,,,,,,,,,,,,,,,,,,,,,,,,,,,,,,,,,,,,,,,,,,,,,,,,,,,,,,,,,,,,,,,,,,,,,,,,,,,,,,,,,,,,,,,,,,,,,,,,,,,,,,,,,,,,,,,,,,,,,,,,,
1764665198.224879,1764665198.222365,35588,0,4387.05127,4399.871582,4495.512695,4529.487305,4400.128418,4525.256348,4543.205078,4406.410156,4572.179688,4395,4488.205078,4539.615234,4570.769043,4397.307617,4376.410156,4506.538574,4543.717773,4533.846191,4500.128418,4381.153809,4386.153809,4566.025879,4527.179688,4492.692383,4398.589844,4558.974121,4383.205078,4560,4510,4397.820313,4512.94873,4485.128418,2754,1,25,2565,9230,,,,0,4,4,4,4,4,4,4,4,4,4,4,4,4,4,4,4,4,4,4,4,4,4,4,4,4,4,4,4,4,4,4,4,100,,,,,,,,,,,,,,,,,,,,,,,,,,,,,,,,,,,,,,,,,,,,,,,,,,,,,,,,,,,,,,,,,,,,,,,,,,,,,,,,,,,,,,,,,,,,,,,,,,,,,,,,,,,,,,,,,,,,,,,,,,,,,,,,,,,,,,,,,,,,,,,,,,,,,,,,,,,,,,,,,,,,,,,,,,,,,,,,,,,,,,,,,,,,,,,,,,,,,,,,,,,,,,
1764665198.228787,1764665198.226273,35589,0,4383.333496,4395.769043,4489.358887,4522.692383,4395.897461,4522.563965,4534.743652,4401.538574,4566.666504,4385.256348,4487.820313,4532.179688,4565.641113,4396.410156,4372.563965,4499.871582,4540,4527.692383,4496.538574,4379.102539,4384.230957,4563.717773,4521.922852,4485.256348,4389.487305,4555.641113,4379.615234,4553.589844,4506.922852,4391.922852,4511.025879,4480.512695,2796,1,25,2565,9230,,,,0,4,4,4,4,4,4,4,4,4,4,4,4,4,4,4,4,4,4,4,4,4,4,4,4,4,4,4,4,4,4,4,4,100,,,,,,,,,,,,,,,,,,,,,,,,,,,,,,,,,,,25281,0,0.253742,-0.611938,-0.722473,0.197937,0.978635,0.159199,0.020999,23.666666,27.333334,44.166668,,,,,,,,,,,,,,,,,,,,,,,,,,,,,,,,,,,,,,,,,,,,,,,,,,,,,,,,,,,,,,,,,,,,,,,,,,,,,,,,,,,,,,,,,,,,,,,,,,,,,,,,,,,,,,,,,,,,,,,,,,,,,,,,,,,,,,,,,,,,,,,,,,,,,,,,,,,,,,,,
1764665198.232695,1764665198.230180,35590,0,4380.384766,4393.077148,4484.230957,4516.922852,4393.077148,4520.641113,4526.922852,4397.307617,4560.128418,4380.256348,4490,4525.641113,4563.077148,4396.153809,4372.94873,4494.358887,4538.333496,4525.512695,4497.436035,4378.717773,4384.230957,4562.94873,4518.589844,4480.384766,4387.179688,4554.102539,4377.05127,4548.205078,4503.717773,4386.922852,4510.769043,4476.282227,2797,1,25,2566,9238,,,,0,4,4,4,4,4,4,4,4,4,4,4,4,4,4,4,4,4,4,4,4,4,4,4,4,4,4,4,4,4,4,4,4,100,,,,,,,,,,,,,,,,,,,,,,,,,,,,,,,,,,,,,,,,,,,,,,,,,,,,,,,,,,,,,,,,,,,,,,,,,,,,,,,,,,,,,,,,,,,,,,,,,,,,,,,,,,,,,,,,,,,,,,,,,,,,,,,,,,,,,,,,,,,,,,,,,,,,,,,,,,,,,,,,,,,,,,,,,,,,,,,,,,,,,,,,,,,,,,,,,,,,,,,,,,,,,,
1764665198.236604,1764665198.234088,35591,0,4379.487305,4392.692383,4482.94873,4515.384766,4393.205078,4520.641113,4523.846191,4395.897461,4555.512695,4383.205078,4492.436035,4523.461426,4564.358887,4396.794922,4376.794922,4493.974121,4539.230957,4529.615234,4503.333496,4380.256348,4386.410156,4564.230957,4518.077148,4480.128418,4391.410156,4554.615234,4376.153809,4546.794922,4501.410156,4385.512695,4511.666504,4475.641113,2988,1,25,2566,9238,,,,0,4,4,4,4,4,4,4,4,4,4,4,4,4,4,4,4,4,4,4,4,4,4,4,4,4,4,4,4,4,4,4,4,100,,,,,,,,,,,,,,,,,,,,,,,,,,,,,,,,,,,,,,,,,,,,,,,,,,,,,,,,,,,,,,,,,,,,,,,,,,,,,,,,,,,,,,,,,,,,,,,,,,,,,,,,,,,,,,,,,,,,,,,,,,,,,,,,,,,,,,,,,,,,,,,,,,,,,,,,,,,,,,,,,,,,,,,,,,,,,,,,,,,,,,,,,,,,,,,,,,,,,,,,,,,,,,
1764665198.240512,1764665198.237995,35592,0,4379.871582,4392.820313,4485.512695,4517.436035,4394.871582,4521.794922,4526.282227,4396.794922,4553.846191,4390.769043,4492.307617,4525.128418,4567.692383,4397.436035,4380.512695,4498.717773,4541.153809,4537.05127,4510.769043,4381.794922,4388.846191,4566.282227,4518.461426,4482.94873,4395.641113,4555.384766,4375.769043,4549.102539,4500.128418,4387.179688,4511.410156,4479.102539,2871,1,25,2567,9246,,,,0,4,4,4,4,4,4,4,4,4,4,4,4,4,4,4,4,4,4,4,4,4,4,4,4,4,4,4,4,4,4,4,4,100,,,,,,,,,,,,,,,,,,,,,,,,,,,,,,,,,,,,,,,,,,,,,,,,,,,,,,,,,,,,,,,,,,,,,,,,,,,,,,,,,,,,,,,,,,,,,,,,,,,,,,,,,,,,,,,,,,,,,,,,,,,,,,,,,,,,,,,,,,,,,,,,,,,,,,,,,,,,,,,,,,,,,,,,,,,,,,,,,,,,,,,,,,,,,,,,,,,,,,,,,,,,,,
1764665198.244420,1764665198.241903,35593,0,4380.128418,4390.769043,4489.102539,4519.743652,4396.153809,4522.179688,4531.153809,4397.436035,4554.230957,4395.256348,4488.846191,4526.922852,4570.128418,4397.563965,4381.282227,4504.871582,4541.666504,4541.538574,4514.743652,4381.666504,4388.846191,4566.410156,4517.436035,4485.384766,4393.717773,4554.743652,4374.358887,4551.922852,4499.358887,4388.974121,4509.615234,4483.974121,2719,1,25,2567,9246,,,,0,4,4,4,4,4,4,4,4,4,4,4,4,4,4,4,4,4,4,4,4,4,4,4,4,4,4,4,4,4,4,4,4,100,,,,,,,,,,,,,,,,,,,,,,,,,,,,,,,,,,,25282,0,0.253742,-0.611938,-0.722473,0.197937,0.980588,0.170431,0.032719,20,28.666666,45.833332,,,,,,,,,,,,,,,,,,,,,,,,,,,,,,,,,,,,,,,,,,,,,,,,,,,,,,,,,,,,,,,,,,,,,,,,,,,,,,,,,,,,,,,,,,,,,,,,,,,,,,,,,,,,,,,,,,,,,,,,,,,,,,,,,,,,,,,,,,,,,,,,,,,,,,,,,,,,,,,,
1764665198.248329,1764665198.245810,35594,0,4379.358887,4386.025879,4491.794922,4519.871582,4396.025879,4520.512695,4534.615234,4396.410156,4555.512695,4392.307617,4484.743652,4525.897461,4570.512695,4397.179688,4379.487305,4508.717773,4540.384766,4539.487305,4512.692383,4379.358887,4385.384766,4563.974121,4514.871582,4484.615234,4386.282227,4552.563965,4371.282227,4552.307617,4498.589844,4388.333496,4507.94873,4486.794922,2286,1,25,2568,9254,,,,0,4,4,4,4,4,4,4,4,4,4,4,4,4,4,4,4,4,4,4,4,4,4,4,4,4,4,4,4,4,4,4,4,100,,,,,,,,,,,,,,,,,,,,,,,,,,,,,,,,,,,,,,,,,,,,,,,,,,,,,,,,,,,,,,,,,,,,,,,,,,,,,,,,,,,,,,,,,,,,,,,,,,,,,,,,,,,,,,,,,,,,,,,,,,,,,,,,,,,,,,,,,,,,,,,,,,,,,,,,,,,,,,,,,,,,,,,,,,,,,,,,,,,,,,,,,,,,,,,,,,,,,,,,,,,,,,
1764665198.252237,1764665198.249718,35595,0,4377.94873,4381.025879,4493.077148,4517.94873,4394.871582,4517.307617,4534.743652,4394.358887,4557.94873,4385.641113,4483.461426,4522.436035,4569.743652,4397.563965,4378.589844,4509.358887,4539.230957,4532.692383,4506.153809,4376.282227,4380.512695,4560.256348,4512.436035,4481.153809,4379.358887,4550.512695,4367.436035,4549.871582,4497.820313,4385.128418,4507.94873,4486.025879,2696,1,25,2568,9254,,,,0,4,4,4,4,4,4,4,4,4,4,4,4,4,4,4,4,4,4,4,4,4,4,4,4,4,4,4,4,4,4,4,4,100,,,,,,,,,,,,,,,,,,,,,,,,,,,,,,,,,,,,,,,,,,,,,,,,,,,,,,,,,,,,,,,,,,,,,,,,,,,,,,,,,,,,,,,,,,,,,,,,,,,,,,,,,,,,,,,,,,,,,,,,,,,,,,,,,,,,,,,,,,,,,,,,,,,,,,,,,,,,,,,,,,,,,,,,,,,,,,,,,,,,,,,,,,,,,,,,,,,,,,,,,,,,,,
1764665198.256145,1764665198.253625,35596,0,4376.922852,4377.94873,4493.333496,4515.897461,4393.589844,4514.102539,4532.692383,4391.922852,4562.05127,4382.307617,4485.897461,4518.717773,4569.615234,4399.487305,4380.897461,4508.461426,4539.615234,4526.282227,4499.358887,4374.743652,4377.05127,4557.820313,4511.666504,4477.307617,4377.692383,4549.358887,4364.358887,4546.025879,4497.307617,4381.410156,4509.358887,4482.563965,2496,1,25,2569,9261,,,,0,4,4,4,4,4,4,4,4,4,4,4,4,4,4,4,4,4,4,4,4,4,4,4,4,4,4,4,4,4,4,4,4,100,,,,,,,,,,,,,,,,,,,,,,,,,,,,,,,,,,,,,,,,,,,,,,,,,,,,,,,,,,,,,,,,,,,,,,,,,,,,,,,,,,,,,,,,,,,,,,,,,,,,,,,,,,,,,,,,,,,,,,,,,,,,,,,,,,,,,,,,,,,,,,,,,,,,,,,,,,,,,,,,,,,,,,,,,,,,,,,,,,,,,,,,,,,,,,,,,,,,,,,,,,,,,,
1764665198.260053,1764665198.257532,35597,0,4376.538574,4376.538574,4492.436035,4514.230957,4391.666504,4511.410156,4529.871582,4389.230957,4566.282227,4385.256348,4489.102539,4516.282227,4569.871582,4401.922852,4385.512695,4507.820313,4540.769043,4524.487305,4496.666504,4375.769043,4376.666504,4557.692383,4511.666504,4475.256348,4378.461426,4548.333496,4362.820313,4542.05127,4497.05127,4378.333496,4509.743652,4478.461426,2240,1,25,2569,9261,,,,0,4,4,4,4,4,4,4,4,4,4,4,4,4,4,4,4,4,4,4,4,4,4,4,4,4,4,4,4,4,4,4,4,100,,,,,,,,,,,,,,,,,,,,,,,,,,,,,,,,,,,25283,0,0.253573,-0.612061,-0.722412,0.197998,0.98889,0.170919,0.030765,22.333334,30.666666,43.333332,,,,,,,,,,,,,,,,,,,,,,,,,,,,,,,,,,,,,,,,,,,,,,,,,,,,,,,,,,,,,,,,,,,,,,,,,,,,,,,,,,,,,,,,,,,,,,,,,,,,,,,,,,,,,,,,,,,,,,,,,,,,,,,,,,,,,,,,,,,,,,,,,,,,,,,,,,,,,,,,
1764665198.263961,1764665198.261440,35598,0,4375.769043,4374.358887,4489.102539,4511.410156,4388.077148,4508.205078,4526.538574,4385.128418,4567.179688,4389.358887,4489.102539,4515,4568.717773,4402.307617,4388.461426,4506.282227,4540.512695,4526.922852,4498.333496,4377.94873,4377.563965,4558.461426,4510.769043,4474.871582,4374.743652,4545.897461,4362.179688,4538.846191,4495.897461,4375.769043,4507.05127,4475.128418,2709,1,25,2570,9269,,,,0,4,4,4,4,4,4,4,4,4,4,4,4,4,4,4,4,4,4,4,4,4,4,4,4,4,4,4,4,4,4,4,4,100,,,,,,,,,,,,,,,,,,,,,,,,,,,,,,,,,,,,,,,,,,,,,,,,,,,,,,,,,,,,,,,,,,,,,,,,,,,,,,,,,,,,,,,,,,,,,,,,,,,,,,,,,,,,,,,,,,,,,,,,,,,,,,,,,,,,,,,,,,,,,,,,,,,,,,,,,,,,,,,,,,,,,,,,,,,,,,,,,,,,,,,,,,,,,,,,,,,,,,,,,,,,,,
1764665198.267870,1764665198.265347,35599,0,4372.307617,4369.487305,4483.077148,4506.410156,4382.307617,4503.717773,4522.436035,4379.487305,4561.538574,4387.179688,4484.358887,4513.333496,4565.128418,4398.333496,4386.538574,4502.179688,4536.538574,4530,4501.794922,4378.333496,4377.179688,4557.94873,4507.307617,4474.102539,4363.717773,4541.025879,4361.282227,4536.025879,4493.205078,4372.563965,4501.282227,4472.179688,2506,1,25,2570,9269,,,,0,4,4,4,4,4,4,4,4,4,4,4,4,4,4,4,4,4,4,4,4,4,4,4,4,4,4,4,4,4,4,4,4,100,,,,,,,,,,,,,,,,,,,,,,,,,,,,,,,,,,,,,,,,,,,,,,,,,,,,,,,,,,,,,,,,,,,,,,,,,,,,,,,,,,,,,,,,,,,,,,,,,,,,,,,,,,,,,,,,,,,,,,,,,,,,,,,,,,,,,,,,,,,,,,,,,,,,,,,,,,,,,,,,,,,,,,,,,,,,,,,,,,,,,,,,,,,,,,,,,,,,,,,,,,,,,,
1764665198.271778,1764665198.269255,35600,0,4366.282227,4363.461426,4475.641113,4499.615234,4375.897461,4498.333496,4517.692383,4373.589844,4549.487305,4376.410156,4476.666504,4509.743652,4559.743652,4390,4379.743652,4495.384766,4528.846191,4530,4502.94873,4374.743652,4373.717773,4554.743652,4501.538574,4471.153809,4350.512695,4534.102539,4359.358887,4533.205078,4488.974121,4368.589844,4494.487305,4468.589844,2867,1,25,2571,9277,,,,0,4,4,4,4,4,4,4,4,4,4,4,4,4,4,4,4,4,4,4,4,4,4,4,4,4,4,4,4,4,4,4,4,100,,,,,,,,,,,,,,,,,,,,,,,,,,,,,,,,,,,,,,,,,,,,,,,,,,,,,,,,,,,,,,,,,,,,,,,,,,,,,,,,,,,,,,,,,,,,,,,,,,,,,,,,,,,,,,,,,,,,,,,,,,,,,,,,,,,,,,,,,,,,,,,,,,,,,,,,,,,,,,,,,,,,,,,,,,,,,,,,,,,,,,,,,,,,,,,,,,,,,,,,,,,,,,
1764665198.275686,1764665198.273162,35601,0,4360.128418,4359.743652,4469.230957,4493.205078,4371.666504,4494.102539,4513.717773,4369.615234,4535,4362.05127,4469.615234,4504.358887,4554.358887,4380.641113,4371.922852,4488.589844,4521.025879,4526.025879,4500.641113,4368.461426,4368.589844,4549.230957,4495.641113,4466.666504,4344.230957,4527.179688,4356.922852,4530.769043,4485,4364.871582,4488.205078,4463.974121,2927,1,25,2571,9277,,,,0,4,4,4,4,4,4,4,4,4,4,4,4,4,4,4,4,4,4,4,4,4,4,4,4,4,4,4,4,4,4,4,4,100,,,,,,,,,,,,,,,,,,,,,,,,,,,,,,,,,,,25284,0,0.253652,-0.612061,-0.722351,0.19812,0.97717,0.167013,0.029789,21.833334,28.333334,43,,,,,,,,,,,,,,,,,,,,,,,,,,,,,,,,,,,,,,,,,,,,,,,,,,,,,,,,,,,,,,,,,,,,,,,,,,,,,,,,,,,,,,,,,,,,,,,,,,,,,,,,,,,,,,,,,,,,,,,,,,,,,,,,,,,,,,,,,,,,,,,,,,,,,,,,,,,,,,,,
1764665198.279595,1764665198.277070,35602,0,4357.94873,4361.153809,4465.897461,4490,4371.410156,4493.333496,4512.307617,4369.102539,4524.871582,4351.922852,4466.538574,4499.358887,4551.410156,4375.128418,4367.179688,4485.128418,4517.179688,4520.256348,4496.922852,4363.333496,4365.256348,4544.102539,4492.436035,4463.589844,4349.230957,4522.94873,4355.384766,4529.487305,4483.717773,4363.333496,4484.102539,4459.743652,1757,1,25,2572,9285,,,,0,4,4,4,4,4,4,4,4,4,4,4,4,4,4,4,4,4,4,4,4,4,4,4,4,4,4,4,4,4,4,4,4,100,,,,,,,,,,,,,,,,,,,,,,,,,,,,,,,,,,,,,,,,,,,,,,,,,,,,,,,,,,,,,,,,,,,,,,,,,,,,,,,,,,,,,,,,,,,,,,,,,,,,,,,,,,,,,,,,,,,,,,,,,,,,,,,,,,,,,,,,,,,,,,,,,,,,,,,,,,,,,,,,,,,,,,,,,,,,,,,,,,,,,,,,,,,,,,,,,,,,,,,,,,,,,,
1764665198.283503,1764665198.280977,35603,0,4361.282227,4367.179688,4466.153809,4491.538574,4375.641113,4496.282227,4514.487305,4372.179688,4523.333496,4350.769043,4468.461426,4497.820313,4551.666504,4376.538574,4367.05127,4486.922852,4519.743652,4516.538574,4494.743652,4362.820313,4366.538574,4542.307617,4493.333496,4464.230957,4362.179688,4523.974121,4355.897461,4530.128418,4486.410156,4365.384766,4484.102539,4457.820313,2960,1,25,2572,9285,,,,0,4,4,4,4,4,4,4,4,4,4,4,4,4,4,4,4,4,4,4,4,4,4,4,4,4,4,4,4,4,4,4,4,100,,,,,,,,,,,,,,,,,,,,,,,,,,,,,,,,,,,,,,,,,,,,,,,,,,,,,,,,,,,,,,,,,,,,,,,,,,,,,,,,,,,,,,,,,,,,,,,,,,,,,,,,,,,,,,,,,,,,,,,,,,,,,,,,,,,,,,,,,,,,,,,,,,,,,,,,,,,,,,,,,,,,,,,,,,,,,,,,,,,,,,,,,,,,,,,,,,,,,,,,,,,,,,
1764665198.287411,1764665198.284885,35604,0,4367.94873,4374.358887,4469.487305,4497.436035,4382.307617,4501.666504,4518.846191,4377.05127,4529.487305,4357.179688,4473.717773,4500.897461,4553.846191,4383.717773,4369.358887,4492.94873,4526.922852,4516.794922,4495.384766,4366.922852,4371.794922,4544.871582,4497.692383,4468.077148,4374.871582,4530.384766,4358.974121,4532.94873,4491.666504,4370.641113,4489.615234,4460.256348,2517,1,25,2573,9293,,,,0,4,4,4,4,4,4,4,4,4,4,4,4,4,4,4,4,4,4,4,4,4,4,4,4,4,4,4,4,4,4,4,4,100,,,,,,,,,,,,,,,,,,,,,,,,,,,,,,,,,,,,,,,,,,,,,,,,,,,,,,,,,,,,,,,,,,,,,,,,,,,,,,,,,,,,,,,,,,,,,,,,,,,,,,,,,,,,,,,,,,,,,,,,,,,,,,,,,,,,,,,,,,,,,,,,,,,,,,,,,,,,,,,,,,,,,,,,,,,,,,,,,,,,,,,,,,,,,,,,,,,,,,,,,,,,,,
1764665198.291319,1764665198.288792,35605,0,4374.230957,4379.743652,4475.256348,4505.128418,4388.846191,4507.563965,4522.692383,4381.538574,4538.205078,4366.153809,4478.974121,4507.179688,4556.282227,4392.05127,4371.666504,4498.717773,4534.615234,4519.871582,4497.563965,4372.563965,4378.077148,4550.512695,4503.077148,4473.077148,4380.384766,4539.615234,4364.615234,4537.692383,4496.922852,4377.179688,4499.615234,4467.179688,2820,1,25,2573,9293,,,,0,4,4,4,4,4,4,4,4,4,4,4,4,4,4,4,4,4,4,4,4,4,4,4,4,4,4,4,4,4,4,4,4,100,,,,,,,,,,,,,,,,,,,,,,,,,,,,,,,,,,,25285,0,0.253583,-0.612122,-0.72229,0.198242,0.97717,0.167013,0.029789,22.666666,29.166666,44.333332,,,,,,,,,,,,,,,,,,,,,,,,,,,,,,,,,,,,,,,,,,,,,,,,,,,,,,,,,,,,,,,,,,,,,,,,,,,,,,,,,,,,,,,,,,,,,,,,,,,,,,,,,,,,,,,,,,,,,,,,,,,,,,,,,,,,,,,,,,,,,,,,,,,,,,,,,,,,,,,,
1764665198.295228,1764665198.292699,35606,0,4377.436035,4382.94873,4483.077148,4511.666504,4393.846191,4513.333496,4524.358887,4385.128418,4544.615234,4372.820313,4482.307617,4513.333496,4558.461426,4397.05127,4372.179688,4500.384766,4538.717773,4523.205078,4498.846191,4376.922852,4382.307617,4556.153809,4507.179688,4477.179688,4379.358887,4548.974121,4372.179688,4544.102539,4500,4383.589844,4510.769043,4477.307617,2930,1,25,2573,9301,,,,0,4,4,4,4,4,4,4,4,4,4,4,4,4,4,4,4,4,4,4,4,4,4,4,4,4,4,4,4,4,4,4,4,100,,,,,,,,,,,,,,,,,,,,,,,,,,,,,,,,,,,,,,,,,,,,,,,,,,,,,,,,,,,,,,,,,,,,,,,,,,,,,,,,,,,,,,,,,,,,,,,,,,,,,,,,,,,,,,,,,,,,,,,,,,,,,,,,,,,,,,,,,,,,,,,,,,,,,,,,,,,,,,,,,,,,,,,,,,,,,,,,,,,,,,,,,,,,,,,,,,,,,,,,,,,,,,
1764665198.299136,1764665198.296607,35607,0,4378.333496,4386.794922,4492.05127,4515.641113,4397.820313,4519.487305,4524.871582,4388.717773,4548.333496,4376.794922,4484.102539,4517.94873,4561.922852,4398.077148,4371.922852,4498.333496,4539.615234,4525.512695,4498.589844,4379.615234,4383.974121,4560.256348,4509.615234,4480.512695,4379.358887,4557.05127,4380.897461,4551.666504,4501.794922,4389.871582,4519.615234,4488.333496,2844,1,25,2573,9301,,,,0,4,4,4,4,4,4,4,4,4,4,4,4,4,4,4,4,4,4,4,4,4,4,4,4,4,4,4,4,4,4,4,4,100,,,,,,,,,,,,,,,,,,,,,,,,,,,,,,,,,,,,,,,,,,,,,,,,,,,,,,,,,,,,,,,,,,,,,,,,,,,,,,,,,,,,,,,,,,,,,,,,,,,,,,,,,,,,,,,,,,,,,,,,,,,,,,,,,,,,,,,,,,,,,,,,,,,,,,,,,,,,,,,,,,,,,,,,,,,,,,,,,,,,,,,,,,,,,,,,,,,,,,,,,,,,,,
1764665198.303044,1764665198.300514,35608,0,4379.743652,4393.846191,4501.666504,4518.974121,4402.563965,4526.538574,4527.692383,4394.230957,4552.436035,4381.666504,4486.410156,4522.05127,4568.333496,4397.692383,4373.205078,4497.436035,4541.153809,4529.230957,4499.743652,4382.436035,4385.769043,4563.717773,4512.05127,4485.256348,4388.333496,4563.333496,4389.487305,4559.871582,4504.487305,4396.666504,4525,4497.692383,2771,1,25,2569,9308,,,,0,4,4,4,4,4,4,4,4,4,4,4,4,4,4,4,4,4,4,4,4,4,4,4,4,4,4,4,4,4,4,4,4,100,,,,,,,,,,,,,,,,,,,,,,,,,,,,,,,,,,,,,,,,,,,,,,,,,,,,,,,,,,,,,,,,,,,,,,,,,,,,,,,,,,,,,,,,,,,,,,,,,,,,,,,,,,,,,,,,,,,,,,,,,,,,,,,,,,,,,,,,,,,,,,,,,,,,,,,,,,,,,,,,,,,,,,,,,,,,,,,,,,,,,,,,,,,,,,,,,,,,,,,,,,,,,,
1764665198.306952,1764665198.304422,35609,0,4384.871582,4403.974121,4509.871582,4523.974121,4408.974121,4533.974121,4535.384766,4402.05127,4559.358887,4391.538574,4490.897461,4527.05127,4577.307617,4399.230957,4377.307617,4501.538574,4547.179688,4536.410156,4505.128418,4386.794922,4390.512695,4568.589844,4515.512695,4493.077148,4405.512695,4567.820313,4396.025879,4567.692383,4509.358887,4404.102539,4527.692383,4504.358887,2821,1,25,2569,9308,,,,0,4,4,4,4,4,4,4,4,4,4,4,4,4,4,4,4,4,4,4,4,4,4,4,4,4,4,4,4,4,4,4,4,100,,,,,,,,,,,,,,,,,,,,,,,,,,,,,,,,,,,25286,0,0.253562,-0.612183,-0.722229,0.198303,0.975217,0.161152,0.039067,22,28.666666,42.833332,,,,,,,,,,,,,,,,,,,,,,,,,,,,,,,,,,,,,,,,,,,,,,,,,,,,,,,,,,,,,,,,,,,,,,,,,,,,,,,,,,,,,,,,,,,,,,,,,,,,,,,,,,,,,,,,,,,,,,,,,,,,,,,,,,,,,,,,,,,,,,,,,,,,,,,,,,,,,,,,
1764665198.310861,1764665198.308329,35610,0,4393.461426,4412.692383,4513.974121,4529.487305,4415.512695,4539.615234,4545.384766,4409.615234,4566.794922,4404.743652,4496.025879,4532.436035,4585.128418,4402.179688,4382.179688,4509.487305,4556.538574,4545.769043,4513.205078,4391.282227,4397.307617,4574.743652,4518.461426,4501.922852,4421.025879,4569.871582,4398.589844,4573.077148,4515,4410.512695,4528.461426,4506.794922,1961,1,25,2563,9316,,,,0,4,4,4,4,4,4,4,4,4,4,4,4,4,4,4,4,4,4,4,4,4,4,4,4,4,4,4,4,4,4,4,4,100,,,,,,,,,,,,,,,,,,,,,,,,,,,,,,,,,,,,,,,,,,,,,,,1.078894,1.083817,0.350053,0.516973,0.736685,1.349242,0.89112,0.502881,0.71911,0.674903,1.41434,1.216673,1.006456,0.667139,0.708766,1.735368,0.652161,0.867767,0.748914,0.65139,1.342315,0.975133,1.146024,0.691523,0.685564,0.904231,0.860986,0.727605,0.56145,0.528664,0.804377,1.184076,0.701072,0.654914,0.620866,0.901769,1.041804,0.640875,0.703625,0.779604,1.646377,0.998678,0.654029,0.758819,0.884989,1.394182,1.168625,1.083338,1.364564,0.814637,0.499462,0.837002,0.607387,0.401136,0.52074,0.979739,1.461724,0.356617,0.623957,0.64896,0.640071,1.041513,0.683908,0.620008,0.671441,1.290548,2.017777,0.505765,0.361735,0.534745,0.745758,0.561898,0.106471,0.41607,0.692929,0.592223,0.797172,0.367644,0.630906,0.588828,1.089927,1.418458,0.41623,0.784799,0.820544,0.786367,1.507624,0.384307,0.855083,0.861533,0.718272,0.974883,0.433834,0.617282,0.489516,1.118911,1.116311,0.968867,0.708804,0.882457,2.214854,1.890271,0.828109,0.651268,0.704684,1.683106,1.868545,0.660369,0.622158,0.760736,1.134007,1.106144,0.307544,0.678216,0.60605,1.620293,1.728835,1.036833,0.76053,0.823231,3.040714,1.80713,2.279683,2.106313,1.388377,1.841194,1.259933,0.977653,0.540895,0.68732,1.594504,1.27717,0.763576,0.692894,0.887831,0.941623,1.307263,0.809114,0.702027,0.827907,0.603184,0.608205,0.263638,0.334855,0.354743,0.973892,1.019428,1.024235,0.599452,0.73453,1.571481,1.201749,1.160808,0.653945,0.761185,1.265954,1.038922,1.109849,0.675693,0.743401
1764665198.314769,1764665198.312237,35611,0,4400,4414.615234,4511.153809,4530.897461,4418.333496,4540.256348,4551.794922,4412.307617,4569.487305,4413.461426,4498.077148,4535.128418,4587.307617,4402.94873,4383.974121,4515,4562.94873,4552.05127,4518.846191,4392.692383,4401.410156,4578.461426,4518.077148,4506.538574,4423.205078,4568.461426,4396.025879,4572.563965,4518.205078,4413.077148,4527.436035,4504.358887,2639,1,25,2563,9316,,,,0,4,4,4,4,4,4,4,4,4,4,4,4,4,4,4,4,4,4,4,4,4,4,4,4,4,4,4,4,4,4,4,4,100,,,,,,,,,,,,,,,,,,,,,,,,,,,,,,,,,,,,,,,,,,,,,,,,,,,,,,,,,,,,,,,,,,,,,,,,,,,,,,,,,,,,,,,,,,,,,,,,,,,,,,,,,,,,,,,,,,,,,,,,,,,,,,,,,,,,,,,,,,,,,,,,,,,,,,,,,,,,,,,,,,,,,,,,,,,,,,,,,,,,,,,,,,,,,,,,,,,,,,,,,,,,,,
1764665198.318677,1764665198.316144,35612,0,4399.230957,4407.563965,4501.794922,4524.871582,4415,4533.846191,4549.358887,4407.820313,4563.717773,4409.102539,4494.871582,4532.563965,4582.05127,4397.820313,4380.384766,4512.436035,4561.153809,4550.384766,4517.436035,4388.974121,4399.102539,4576.666504,4513.333496,4503.461426,4408.846191,4563.077148,4389.358887,4565.512695,4516.666504,4410,4524.871582,4497.820313,2692,1,25,2564,9324,,,,0,4,4,4,4,4,4,4,4,4,4,4,4,4,4,4,4,4,4,4,4,4,4,4,4,4,4,4,4,4,4,4,4,100,,,,,,,,,,,,,,,,,,,,,,,,,,,,,,,,,,,,,,,,,,,,,,,,,,,,,,,,,,,,,,,,,,,,,,,,,,,,,,,,,,,,,,,,,,,,,,,,,,,,,,,,,,,,,,,,,,,,,,,,,,,,,,,,,,,,,,,,,,,,,,,,,,,,,,,,,,,,,,,,,,,,,,,,,,,,,,,,,,,,,,,,,,,,,,,,,,,,,,,,,,,,,,
1764665198.322585,1764665198.320051,35613,0,4390.641113,4396.025879,4491.410156,4514.230957,4407.692383,4523.589844,4540,4398.589844,4551.922852,4392.307617,4488.589844,4525.641113,4572.820313,4388.205078,4374.358887,4502.179688,4551.538574,4541.666504,4509.871582,4381.666504,4391.666504,4570.897461,4507.94873,4495.128418,4386.794922,4556.025879,4382.94873,4555.769043,4511.410156,4403.333496,4521.794922,4490.641113,2512,1,25,2564,9324,,,,0,4,4,4,4,4,4,4,4,4,4,4,4,4,4,4,4,4,4,4,4,4,4,4,4,4,4,4,4,4,4,4,4,100,,,,,,,,,,,,,,,,,,,,,,,,,,,,,,,,,,,25287,0,0.253687,-0.612,-0.72229,0.198486,0.97131,0.158711,0.026859,22.666666,29.166666,42.166668,,,,,,,,,,,,,,,,,,,,,,,,,,,,,,,,,,,,,,,,,,,,,,,,,,,,,,,,,,,,,,,,,,,,,,,,,,,,,,,,,,,,,,,,,,,,,,,,,,,,,,,,,,,,,,,,,,,,,,,,,,,,,,,,,,,,,,,,,,,,,,,,,,,,,,,,,,,,,,,,
1764665198.326494,1764665198.323959,35614,0,4380.769043,4388.205078,4487.179688,4506.538574,4401.794922,4516.282227,4530.641113,4391.025879,4541.922852,4374.358887,4484.743652,4519.230957,4565.897461,4379.871582,4371.153809,4490.769043,4541.153809,4532.563965,4501.538574,4376.025879,4385.128418,4566.025879,4507.179688,4487.692383,4371.410156,4551.922852,4382.05127,4550.256348,4506.794922,4398.205078,4520.641113,4487.05127,2658,1,25,2565,9332,,,,0,4,4,4,4,4,4,4,4,4,4,4,4,4,4,4,4,4,4,4,4,4,4,4,4,4,4,4,4,4,4,4,4,100,,,,,,,,,,,,,,,,,,,,,,,,,,,,,,,,,,,,,,,,,,,,,,,,,,,,,,,,,,,,,,,,,,,,,,,,,,,,,,,,,,,,,,,,,,,,,,,,,,,,,,,,,,,,,,,,,,,,,,,,,,,,,,,,,,,,,,,,,,,,,,,,,,,,,,,,,,,,,,,,,,,,,,,,,,,,,,,,,,,,,,,,,,,,,,,,,,,,,,,,,,,,,,
1764665198.330402,1764665198.327866,35615,0,4377.820313,4389.487305,4492.307617,4507.563965,4401.794922,4517.692383,4528.846191,4390.384766,4540.897461,4367.563965,4487.179688,4517.692383,4565.512695,4378.589844,4373.461426,4485.769043,4537.692383,4528.974121,4498.461426,4376.666504,4385.256348,4566.153809,4513.077148,4486.282227,4372.820313,4553.974121,4388.205078,4553.077148,4506.538574,4398.717773,4522.179688,4488.974121,2832,1,25,2565,9332,,,,0,4,4,4,4,4,4,4,4,4,4,4,4,4,4,4,4,4,4,4,4,4,4,4,4,4,4,4,4,4,4,4,4,100,,,,,,,,,,,,,,,,,,,,,,,,,,,,,,,,,,,,,,,,,,,,,,,,,,,,,,,,,,,,,,,,,,,,,,,,,,,,,,,,,,,,,,,,,,,,,,,,,,,,,,,,,,,,,,,,,,,,,,,,,,,,,,,,,,,,,,,,,,,,,,,,,,,,,,,,,,,,,,,,,,,,,,,,,,,,,,,,,,,,,,,,,,,,,,,,,,,,,,,,,,,,,,
1764665198.334310,1764665198.331774,35616,0,4383.461426,4398.077148,4502.436035,4516.025879,4407.179688,4526.538574,4535.256348,4396.410156,4549.487305,4374.871582,4495,4521.282227,4570.641113,4385,4378.974121,4489.230957,4543.205078,4532.179688,4502.436035,4383.717773,4391.794922,4570.512695,4521.922852,4490.256348,4388.846191,4560.769043,4397.436035,4561.922852,4510.641113,4404.102539,4525.128418,4493.846191,2756,1,25,2566,9340,,,,0,4,4,4,4,4,4,4,4,4,4,4,4,4,4,4,4,4,4,4,4,4,4,4,4,4,4,4,4,4,4,4,4,100,,,,,,,,,,,,,,,,,,,,,,,,,,,,,,,,,,,,,,,,,,,,,,,,,,,,,,,,,,,,,,,,,,,,,,,,,,,,,,,,,,,,,,,,,,,,,,,,,,,,,,,,,,,,,,,,,,,,,,,,,,,,,,,,,,,,,,,,,,,,,,,,,,,,,,,,,,,,,,,,,,,,,,,,,,,,,,,,,,,,,,,,,,,,,,,,,,,,,,,,,,,,,,
1764665198.338219,1764665198.335681,35617,0,4392.436035,4407.307617,4509.615234,4524.743652,4413.461426,4535.641113,4544.102539,4403.589844,4561.025879,4387.94873,4502.692383,4526.282227,4575.769043,4393.846191,4382.307617,4496.666504,4552.820313,4538.333496,4510.769043,4392.436035,4399.615234,4575,4527.820313,4495.128418,4408.205078,4566.666504,4402.94873,4569.615234,4515.128418,4409.615234,4527.179688,4496.922852,2928,1,25,2566,9340,,,,0,4,4,4,4,4,4,4,4,4,4,4,4,4,4,4,4,4,4,4,4,4,4,4,4,4,4,4,4,4,4,4,4,100,,,,,,,,,,,,,,,,,,,,,,,,,,,,,,,,,,,25288,0,0.253637,-0.611816,-0.722412,0.198669,0.981565,0.167501,0.027347,23,29.666666,44.333332,,,,,,,,,,,,,,,,,,,,,,,,,,,,,,,,,,,,,,,,,,,,,,,,,,,,,,,,,,,,,,,,,,,,,,,,,,,,,,,,,,,,,,,,,,,,,,,,,,,,,,,,,,,,,,,,,,,,,,,,,,,,,,,,,,,,,,,,,,,,,,,,,,,,,,,,,,,,,,,,
1764665198.342127,1764665198.339589,35618,0,4397.436035,4411.666504,4508.461426,4527.179688,4416.153809,4538.205078,4548.205078,4406.153809,4567.820313,4395.769043,4505,4528.205078,4576.666504,4398.974121,4380.512695,4501.410156,4559.615234,4542.820313,4517.94873,4397.436035,4403.205078,4576.282227,4527.563965,4496.538574,4419.102539,4567.179688,4400.897461,4570.384766,4516.153809,4410.641113,4527.179688,4495.641113,2598,1,25,2567,9347,,,,0,4,4,4,4,4,4,4,4,4,4,4,4,4,4,4,4,4,4,4,4,4,4,4,4,4,4,4,4,4,4,4,4,100,,,,,,,,,,,,,,,,,,,,,,,,,,,,,,,,,,,,,,,,,,,,,,,,,,,,,,,,,,,,,,,,,,,,,,,,,,,,,,,,,,,,,,,,,,,,,,,,,,,,,,,,,,,,,,,,,,,,,,,,,,,,,,,,,,,,,,,,,,,,,,,,,,,,,,,,,,,,,,,,,,,,,,,,,,,,,,,,,,,,,,,,,,,,,,,,,,,,,,,,,,,,,,
1764665198.346035,1764665198.343496,35619,0,4395.641113,4410.384766,4501.153809,4522.94873,4413.974121,4533.461426,4545.384766,4402.692383,4567.563965,4394.358887,4500.897461,4525.641113,4573.205078,4398.461426,4375.897461,4500.512695,4560,4543.205078,4520.128418,4396.922852,4401.410156,4574.358887,4522.820313,4494.230957,4417.307617,4562.179688,4393.077148,4564.230957,4513.333496,4407.05127,4525.256348,4491.282227,2851,1,25,2567,9347,,,,0,4,4,4,4,4,4,4,4,4,4,4,4,4,4,4,4,4,4,4,4,4,4,4,4,4,4,4,4,4,4,4,4,100,,,,,,,,,,,,,,,,,,,,,,,,,,,,,,,,,,,,,,,,,,,,,,,,,,,,,,,,,,,,,,,,,,,,,,,,,,,,,,,,,,,,,,,,,,,,,,,,,,,,,,,,,,,,,,,,,,,,,,,,,,,,,,,,,,,,,,,,,,,,,,,,,,,,,,,,,,,,,,,,,,,,,,,,,,,,,,,,,,,,,,,,,,,,,,,,,,,,,,,,,,,,,,
1764665198.349943,1764665198.347404,35620,1,4395.846191,4408.282227,4501.666504,4523.384766,4413.179688,4533.538574,4544.922852,4402,4567.461426,4395.256348,4499.641113,4526.153809,4573.205078,4397.922852,4377.128418,4498.410156,4559.128418,4540.025879,4516.615234,4392.94873,4399.743652,4570.820313,4523.153809,4492.563965,4413.794922,4561.05127,4391.666504,4562.794922,4513.179688,4405.563965,4523.487305,4491.436035,0,1,25,0,0,,,,0,4,4,4,4,4,4,4,4,4,4,4,4,4,4,4,4,4,4,4,4,4,4,4,4,4,4,4,4,4,4,4,4,100,,,,,,,,,,,,,,,,,,,,,,,,,,,,,,,,,,,,,,,,,,,,,,,,,,,,,,,,,,,,,,,,,,,,,,,,,,,,,,,,,,,,,,,,,,,,,,,,,,,,,,,,,,,,,,,,,,,,,,,,,,,,,,,,,,,,,,,,,,,,,,,,,,,,,,,,,,,,,,,,,,,,,,,,,,,,,,,,,,,,,,,,,,,,,,,,,,,,,,,,,,,,,,
1764665198.353852,1764665198.351311,35621,1,4396.05127,4406.179688,4502.179688,4523.820313,4412.384766,4533.615234,4544.461426,4401.307617,4567.358887,4396.153809,4498.384766,4526.666504,4573.205078,4397.384766,4378.358887,4496.307617,4558.256348,4536.846191,4513.102539,4388.974121,4398.077148,4567.282227,4523.487305,4490.897461,4410.282227,4559.922852,4390.256348,4561.358887,4513.025879,4404.077148,4521.717773,4491.589844,0,1,25,0,0,,,,0,4,4,4,4,4,4,4,4,4,4,4,4,4,4,4,4,4,4,4,4,4,4,4,4,4,4,4,4,4,4,4,4,100,,,,,,,,,,,,,,,,,,,,,,,,,,,,,,,,,,,,,,,,,,,,,,,,,,,,,,,,,,,,,,,,,,,,,,,,,,,,,,,,,,,,,,,,,,,,,,,,,,,,,,,,,,,,,,,,,,,,,,,,,,,,,,,,,,,,,,,,,,,,,,,,,,,,,,,,,,,,,,,,,,,,,,,,,,,,,,,,,,,,,,,,,,,,,,,,,,,,,,,,,,,,,,
1764665198.357760,1764665198.355218,35622,1,4396.256348,4404.077148,4502.692383,4524.256348,4411.589844,4533.692383,4544,4400.615234,4567.256348,4397.05127,4497.128418,4527.179688,4573.205078,4396.846191,4379.589844,4494.205078,4557.384766,4533.666504,4509.589844,4385,4396.410156,4563.743652,4523.820313,4489.230957,4406.769043,4558.794922,4388.846191,4559.922852,4512.871582,4402.589844,4519.94873,4491.743652,0,1,25,0,0,,,,0,4,4,4,4,4,4,4,4,4,4,4,4,4,4,4,4,4,4,4,4,4,4,4,4,4,4,4,4,4,4,4,4,100,,,,,,,,,,,,,,,,,,,,,,,,,,,,,,,,,,,,,,,,,,,,,,,,,,,,,,,,,,,,,,,,,,,,,,,,,,,,,,,,,,,,,,,,,,,,,,,,,,,,,,,,,,,,,,,,,,,,,,,,,,,,,,,,,,,,,,,,,,,,,,,,,,,,,,,,,,,,,,,,,,,,,,,,,,,,,,,,,,,,,,,,,,,,,,,,,,,,,,,,,,,,,,
1764665198.361668,1764665198.359126,35623,1,4396.461426,4401.974121,4503.205078,4524.692383,4410.794922,4533.769043,4543.538574,4399.922852,4567.153809,4397.94873,4495.871582,4527.692383,4573.205078,4396.307617,4380.820313,4492.102539,4556.512695,4530.487305,4506.077148,4381.025879,4394.743652,4560.205078,4524.153809,4487.563965,4403.256348,4557.666504,4387.436035,4558.487305,4512.717773,4401.102539,4518.179688,4491.897461,0,1,25,0,0,,,,0,4,4,4,4,4,4,4,4,4,4,4,4,4,4,4,4,4,4,4,4,4,4,4,4,4,4,4,4,4,4,4,4,100,,,,,,,,,,,,,,,,,,,,,,,,,,,,,,,,,,,25289,1,0.25366,-0.611725,-0.722473,0.1987,0.984495,0.167989,0.030033,23.583334,29.416666,44.75,,,,,,,,,,,,,,,,,,,,,,,,,,,,,,,,,,,,,,,,,,,,,,,,,,,,,,,,,,,,,,,,,,,,,,,,,,,,,,,,,,,,,,,,,,,,,,,,,,,,,,,,,,,,,,,,,,,,,,,,,,,,,,,,,,,,,,,,,,,,,,,,,,,,,,,,,,,,,,,,
1764665198.365576,1764665198.363033,35624,0,4396.666504,4399.871582,4503.717773,4525.128418,4410,4533.846191,4543.077148,4399.230957,4567.05127,4398.846191,4494.615234,4528.205078,4573.205078,4395.769043,4382.05127,4490,4555.641113,4527.307617,4502.563965,4377.05127,4393.077148,4556.666504,4524.487305,4485.897461,4399.743652,4556.538574,4386.025879,4557.05127,4512.563965,4399.615234,4516.410156,4492.05127,2860,1,25,2570,9371,,,,0,4,4,4,4,4,4,4,4,4,4,4,4,4,4,4,4,4,4,4,4,4,4,4,4,4,4,4,4,4,4,4,4,100,,,,,,,,,,,,,,,,,,,,,,,,,,,,,,,,,,,,,,,,,,,,,,,,,,,,,,,,,,,,,,,,,,,,,,,,,,,,,,,,,,,,,,,,,,,,,,,,,,,,,,,,,,,,,,,,,,,,,,,,,,,,,,,,,,,,,,,,,,,,,,,,,,,,,,,,,,,,,,,,,,,,,,,,,,,,,,,,,,,,,,,,,,,,,,,,,,,,,,,,,,,,,,
1764665198.369485,1764665198.366941,35625,0,4390.897461,4391.794922,4492.307617,4517.307617,4403.974121,4527.05127,4538.077148,4391.666504,4558.589844,4393.589844,4488.974121,4520.512695,4568.974121,4390.384766,4374.230957,4485,4550,4520.512695,4497.692383,4370.384766,4385.256348,4546.794922,4515.897461,4474.871582,4396.794922,4550.769043,4375.897461,4551.538574,4507.692383,4392.820313,4507.307617,4484.743652,2710,1,25,2570,9371,,,,0,4,4,4,4,4,4,4,4,4,4,4,4,4,4,4,4,4,4,4,4,4,4,4,4,4,4,4,4,4,4,4,4,100,,,,,,,,,,,,,,,,,,,,,,,,,,,,,,,,,,,25290,0,0.253683,-0.611633,-0.722534,0.19873,0.987425,0.168478,0.032719,24.166666,29.166666,45.166668,,,,,,,,,,,,,,,,,,,,,,,,,,,,,,,,,,,,,,,,,,,,,,,,,,,,,,,,,,,,,,,,,,,,,,,,,,,,,,,,,,,,,,,,,,,,,,,,,,,,,,,,,,,,,,,,,,,,,,,,,,,,,,,,,,,,,,,,,,,,,,,,,,,,,,,,,,,,,,,,
1764665198.373393,1764665198.370848,35626,0,4381.153809,4383.717773,4478.461426,4504.230957,4395.256348,4516.666504,4527.94873,4379.743652,4546.922852,4384.615234,4478.974121,4508.077148,4561.025879,4383.589844,4365,4479.102539,4541.410156,4513.717773,4493.717773,4364.871582,4376.794922,4539.487305,4505.128418,4464.102539,4386.282227,4543.205078,4363.589844,4542.692383,4501.153809,4383.717773,4496.922852,4477.05127,2281,1,25,2571,9379,,,,0,4,4,4,4,4,4,4,4,4,4,4,4,4,4,4,4,4,4,4,4,4,4,4,4,4,4,4,4,4,4,4,4,100,,,,,,,,,,,,,,,,,,,,,,,,,,,,,,,,,,,,,,,,,,,,,,,,,,,,,,,,,,,,,,,,,,,,,,,,,,,,,,,,,,,,,,,,,,,,,,,,,,,,,,,,,,,,,,,,,,,,,,,,,,,,,,,,,,,,,,,,,,,,,,,,,,,,,,,,,,,,,,,,,,,,,,,,,,,,,,,,,,,,,,,,,,,,,,,,,,,,,,,,,,,,,,
1764665198.377301,1764665198.374756,35627,0,4372.436035,4379.615234,4470.897461,4493.333496,4388.461426,4509.358887,4518.205078,4370.256348,4538.333496,4378.205078,4470.641113,4497.94873,4553.589844,4380.128418,4360,4476.538574,4533.717773,4510.128418,4492.94873,4363.461426,4372.563965,4538.333496,4497.563965,4459.487305,4374.102539,4538.846191,4356.410156,4536.153809,4496.025879,4376.922852,4490.769043,4473.846191,2689,1,25,2571,9379,,,,0,4,4,4,4,4,4,4,4,4,4,4,4,4,4,4,4,4,4,4,4,4,4,4,4,4,4,4,4,4,4,4,4,100,,,,,,,,,,,,,,,,,,,,,,,,,,,,,,,,,,,,,,,,,,,,,,,,,,,,,,,,,,,,,,,,,,,,,,,,,,,,,,,,,,,,,,,,,,,,,,,,,,,,,,,,,,,,,,,,,,,,,,,,,,,,,,,,,,,,,,,,,,,,,,,,,,,,,,,,,,,,,,,,,,,,,,,,,,,,,,,,,,,,,,,,,,,,,,,,,,,,,,,,,,,,,,
1764665198.381209,1764665198.378663,35628,0,4369.358887,4381.410156,4473.974121,4490.641113,4386.922852,4509.487305,4514.615234,4369.615234,4537.307617,4376.794922,4469.230957,4495.769043,4550.641113,4382.692383,4362.692383,4479.358887,4530.512695,4511.025879,4495.641113,4366.410156,4374.871582,4543.589844,4495.897461,4463.461426,4368.461426,4540.256348,4358.717773,4536.410156,4494.487305,4375.897461,4492.05127,4477.05127,2488,1,25,2572,9386,,,,0,4,4,4,4,4,4,4,4,4,4,4,4,4,4,4,4,4,4,4,4,4,4,4,4,4,4,4,4,4,4,4,4,100,,,,,,,,,,,,,,,,,,,,,,,,,,,,,,,,,,,,,,,,,,,,,,,,,,,,,,,,,,,,,,,,,,,,,,,,,,,,,,,,,,,,,,,,,,,,,,,,,,,,,,,,,,,,,,,,,,,,,,,,,,,,,,,,,,,,,,,,,,,,,,,,,,,,,,,,,,,,,,,,,,,,,,,,,,,,,,,,,,,,,,,,,,,,,,,,,,,,,,,,,,,,,,
1764665198.385118,1764665198.382571,35629,0,4372.436035,4387.692383,4484.487305,4496.922852,4390.641113,4516.282227,4519.358887,4378.205078,4543.077148,4377.820313,4474.871582,4501.410156,4553.333496,4389.230957,4372.436035,4485.641113,4532.94873,4514.871582,4499.358887,4371.538574,4381.282227,4551.666504,4498.974121,4473.589844,4371.922852,4545.897461,4368.077148,4542.820313,4496.410156,4380.641113,4499.230957,4484.487305,2232,1,25,2572,9386,,,,0,4,4,4,4,4,4,4,4,4,4,4,4,4,4,4,4,4,4,4,4,4,4,4,4,4,4,4,4,4,4,4,4,100,,,,,,,,,,,,,,,,,,,,,,,,,,,,,,,,,,,25291,0,0.253578,-0.611572,-0.722656,0.198608,0.98889,0.175314,0.023929,22.833334,29,45,,,,,,,,,,,,,,,,,,,,,,,,,,,,,,,,,,,,,,,,,,,,,,,,,,,,,,,,,,,,,,,,,,,,,,,,,,,,,,,,,,,,,,,,,,,,,,,,,,,,,,,,,,,,,,,,,,,,,,,,,,,,,,,,,,,,,,,,,,,,,,,,,,,,,,,,,,,,,,,,
1764665198.389026,1764665198.386478,35630,0,4378.589844,4394.871582,4494.358887,4507.179688,4396.666504,4524.358887,4528.974121,4390,4551.153809,4376.538574,4483.461426,4510.384766,4559.230957,4394.871582,4383.974121,4491.282227,4538.717773,4519.230957,4501.282227,4375.384766,4386.794922,4558.077148,4503.461426,4483.589844,4379.230957,4551.666504,4377.820313,4550.641113,4499.743652,4387.820313,4507.436035,4491.794922,2699,1,25,2573,9394,,,,0,4,4,4,4,4,4,4,4,4,4,4,4,4,4,4,4,4,4,4,4,4,4,4,4,4,4,4,4,4,4,4,4,100,,,,,,,,,,,,,,,,,,,,,,,,,,,,,,,,,,,,,,,,,,,,,,,,,,,,,,,,,,,,,,,,,,,,,,,,,,,,,,,,,,,,,,,,,,,,,,,,,,,,,,,,,,,,,,,,,,,,,,,,,,,,,,,,,,,,,,,,,,,,,,,,,,,,,,,,,,,,,,,,,,,,,,,,,,,,,,,,,,,,,,,,,,,,,,,,,,,,,,,,,,,,,,
1764665198.392934,1764665198.390385,35631,0,4383.974121,4399.615234,4498.077148,4515.256348,4401.153809,4528.461426,4538.077148,4397.94873,4557.05127,4372.05127,4489.615234,4517.820313,4565,4396.666504,4391.410156,4494.102539,4544.487305,4522.436035,4501.538574,4376.282227,4388.205078,4560.512695,4507.563965,4488.974121,4381.666504,4554.230957,4382.436035,4555.256348,4502.820313,4393.974121,4512.179688,4496.025879,2496,1,25,2573,9394,,,,0,4,4,4,4,4,4,4,4,4,4,4,4,4,4,4,4,4,4,4,4,4,4,4,4,4,4,4,4,4,4,4,4,100,,,,,,,,,,,,,,,,,,,,,,,,,,,,,,,,,,,,,,,,,,,,,,,,,,,,,,,,,,,,,,,,,,,,,,,,,,,,,,,,,,,,,,,,,,,,,,,,,,,,,,,,,,,,,,,,,,,,,,,,,,,,,,,,,,,,,,,,,,,,,,,,,,,,,,,,,,,,,,,,,,,,,,,,,,,,,,,,,,,,,,,,,,,,,,,,,,,,,,,,,,,,,,
1764665198.396842,1764665198.394293,35632,0,4387.179688,4401.538574,4497.307617,4518.589844,4402.94873,4528.589844,4542.179688,4399.615234,4559.743652,4369.615234,4491.666504,4522.436035,4568.333496,4395.897461,4392.307617,4495.641113,4548.205078,4525.128418,4502.307617,4375.384766,4386.538574,4560.512695,4511.538574,4488.717773,4375.512695,4553.205078,4381.922852,4556.282227,4504.871582,4397.436035,4512.820313,4497.563965,2856,1,25,2573,9402,,,,0,4,4,4,4,4,4,4,4,4,4,4,4,4,4,4,4,4,4,4,4,4,4,4,4,4,4,4,4,4,4,4,4,100,,,,,,,,,,,,,,,,,,,,,,,,,,,,,,,,,,,,,,,,,,,,,,,,,,,,,,,,,,,,,,,,,,,,,,,,,,,,,,,,,,,,,,,,,,,,,,,,,,,,,,,,,,,,,,,,,,,,,,,,,,,,,,,,,,,,,,,,,,,,,,,,,,,,,,,,,,,,,,,,,,,,,,,,,,,,,,,,,,,,,,,,,,,,,,,,,,,,,,,,,,,,,,
1764665198.400751,1764665198.398200,35633,0,4389.615234,4402.820313,4498.077148,4519.743652,4403.974121,4528.717773,4541.410156,4398.077148,4561.153809,4375.512695,4491.794922,4525.384766,4569.487305,4396.025879,4388.461426,4498.461426,4550.641113,4529.102539,4505.641113,4375.897461,4385.769043,4561.666504,4516.410156,4485.769043,4366.538574,4552.05127,4381.025879,4557.179688,4507.179688,4400,4512.307617,4499.102539,2916,1,25,2573,9402,,,,0,4,4,4,4,4,4,4,4,4,4,4,4,4,4,4,4,4,4,4,4,4,4,4,4,4,4,4,4,4,4,4,4,100,,,,,,,,,,,,,,,,,,,,,,,,,,,,,,,,,,,25292,0,0.253573,-0.61145,-0.722778,0.198547,0.98889,0.175314,0.023929,23.666666,29,43.666668,,,,,,,,,,,,,,,,,,,,,,,,,,,,,,,,,,,,,,,,,,,,,,,,,,,,,,,,,,,,,,,,,,,,,,,,,,,,,,,,,,,,,,,,,,,,,,,,,,,,,,,,,,,,,,,,,,,,,,,,,,,,,,,,,,,,,,,,,,,,,,,,,,,,,,,,,,,,,,,,
1764665198.404659,1764665198.402108,35634,0,4393.333496,4405.769043,4504.743652,4522.179688,4406.666504,4532.692383,4539.487305,4398.717773,4563.461426,4389.358887,4492.563965,4528.333496,4570,4399.102539,4384.743652,4502.692383,4553.589844,4534.615234,4510.256348,4380,4388.717773,4565.897461,4521.794922,4484.230957,4365,4553.974121,4383.846191,4560.897461,4510.512695,4403.589844,4514.358887,4502.94873,1747,1,25,2574,9410,,,,0,4,4,4,4,4,4,4,4,4,4,4,4,4,4,4,4,4,4,4,4,4,4,4,4,4,4,4,4,4,4,4,4,100,,,,,,,,,,,,,,,,,,,,,,,,,,,,,,,,,,,,,,,,,,,,,,,,,,,,,,,,,,,,,,,,,,,,,,,,,,,,,,,,,,,,,,,,,,,,,,,,,,,,,,,,,,,,,,,,,,,,,,,,,,,,,,,,,,,,,,,,,,,,,,,,,,,,,,,,,,,,,,,,,,,,,,,,,,,,,,,,,,,,,,,,,,,,,,,,,,,,,,,,,,,,,,
1764665198.408567,1764665198.406015,35635,0,4397.179688,4410.256348,4515.384766,4526.538574,4411.538574,4539.487305,4539.230957,4403.205078,4566.282227,4403.461426,4494.358887,4531.282227,4571.282227,4403.461426,4383.846191,4506.025879,4557.563965,4539.615234,4513.461426,4386.538574,4394.743652,4571.922852,4525.641113,4486.153809,4376.922852,4559.102539,4390,4566.410156,4514.743652,4408.461426,4519.615234,4508.589844,2947,1,25,2574,9410,,,,0,4,4,4,4,4,4,4,4,4,4,4,4,4,4,4,4,4,4,4,4,4,4,4,4,4,4,4,4,4,4,4,4,100,,,,,,,,,,,,,,,,,,,,,,,,,,,,,,,,,,,,,,,,,,,,,,,,,,,,,,,,,,,,,,,,,,,,,,,,,,,,,,,,,,,,,,,,,,,,,,,,,,,,,,,,,,,,,,,,,,,,,,,,,,,,,,,,,,,,,,,,,,,,,,,,,,,,,,,,,,,,,,,,,,,,,,,,,,,,,,,,,,,,,,,,,,,,,,,,,,,,,,,,,,,,,,
1764665198.412475,1764665198.409923,35636,0,4398.589844,4413.717773,4524.102539,4529.871582,4415.897461,4543.717773,4541.025879,4408.077148,4567.05127,4408.589844,4495.384766,4532.692383,4572.94873,4405.641113,4385.641113,4506.666504,4560.769043,4541.794922,4513.077148,4391.410156,4400.641113,4576.410156,4526.282227,4490.512695,4398.077148,4564.230957,4395.512695,4570.384766,4517.94873,4412.820313,4525.512695,4513.717773,2509,1,25,2569,9418,,,,0,4,4,4,4,4,4,4,4,4,4,4,4,4,4,4,4,4,4,4,4,4,4,4,4,4,4,4,4,4,4,4,4,100,,,,,,,,,,,,,,,,,,,,,,,,,,,,,,,,,,,,,,,,,,,,,,,,,,,,,,,,,,,,,,,,,,,,,,,,,,,,,,,,,,,,,,,,,,,,,,,,,,,,,,,,,,,,,,,,,,,,,,,,,,,,,,,,,,,,,,,,,,,,,,,,,,,,,,,,,,,,,,,,,,,,,,,,,,,,,,,,,,,,,,,,,,,,,,,,,,,,,,,,,,,,,,
1764665198.416384,1764665198.413830,35637,0,4396.153809,4412.94873,4525.897461,4528.461426,4416.025879,4541.282227,4542.307617,4407.94873,4563.846191,4402.563965,4494.487305,4531.025879,4573.717773,4403.077148,4387.05127,4504.615234,4560.384766,4540.512695,4509.615234,4391.153809,4403.589844,4577.05127,4523.333496,4493.974121,4416.538574,4565.384766,4396.025879,4569.487305,4518.589844,4414.230957,4527.692383,4515.769043,2808,1,25,2569,9418,,,,0,4,4,4,4,4,4,4,4,4,4,4,4,4,4,4,4,4,4,4,4,4,4,4,4,4,4,4,4,4,4,4,4,100,,,,,,,,,,,,,,,,,,,,,,,,,,,,,,,,,,,25293,0,0.253513,-0.611206,-0.723022,0.198486,0.98889,0.176779,0.038091,23.5,27.166666,43.833332,,,,,,,,,,,,,,,,,,,,,,,,,,,,,,,,,,,,,,,,,,,,,,,,,,,,,,,,,,,,,,,,,,,,,,,,,,,,,,,,,,,,,,,,,,,,,,,,,,,,,,,,,,,,,,,,,,,,,,,,,,,,,,,,,,,,,,,,,,,,,,,,,,,,,,,,,,,,,,,,
1764665198.420292,1764665198.417738,35638,0,4390.641113,4407.692383,4520,4521.538574,4410.128418,4532.692383,4540.769043,4401.025879,4557.94873,4390.641113,4491.794922,4525.641113,4572.563965,4396.282227,4385.384766,4501.794922,4555.128418,4536.410156,4504.871582,4386.153809,4402.563965,4573.717773,4518.589844,4493.205078,4422.692383,4561.538574,4390.256348,4563.717773,4516.282227,4411.282227,4523.974121,4514.102539,2915,1,25,2569,9426,,,,0,4,4,4,4,4,4,4,4,4,4,4,4,4,4,4,4,4,4,4,4,4,4,4,4,4,4,4,4,4,4,4,4,100,,,,,,,,,,,,,,,,,,,,,,,,,,,,,,,,,,,,,,,,,,,,,,,,,,,,,,,,,,,,,,,,,,,,,,,,,,,,,,,,,,,,,,,,,,,,,,,,,,,,,,,,,,,,,,,,,,,,,,,,,,,,,,,,,,,,,,,,,,,,,,,,,,,,,,,,,,,,,,,,,,,,,,,,,,,,,,,,,,,,,,,,,,,,,,,,,,,,,,,,,,,,,,
1764665198.424200,1764665198.421645,35639,0,4384.615234,4400.641113,4510.128418,4512.436035,4400.769043,4522.94873,4536.538574,4390.641113,4552.307617,4379.743652,4489.358887,4518.846191,4569.615234,4388.589844,4380,4499.871582,4546.794922,4530.769043,4501.153809,4379.487305,4399.102539,4568.461426,4514.230957,4487.94873,4415.512695,4554.487305,4381.410156,4555.641113,4511.410156,4405.256348,4516.153809,4509.871582,2827,1,25,2569,9426,,,,0,4,4,4,4,4,4,4,4,4,4,4,4,4,4,4,4,4,4,4,4,4,4,4,4,4,4,4,4,4,4,4,4,100,,,,,,,,,,,,,,,,,,,,,,,,,,,,,,,,,,,,,,,,,,,,,,,,,,,,,,,,,,,,,,,,,,,,,,,,,,,,,,,,,,,,,,,,,,,,,,,,,,,,,,,,,,,,,,,,,,,,,,,,,,,,,,,,,,,,,,,,,,,,,,,,,,,,,,,,,,,,,,,,,,,,,,,,,,,,,,,,,,,,,,,,,,,,,,,,,,,,,,,,,,,,,,
1764665198.428109,1764665198.425552,35640,0,4380.512695,4395.769043,4501.922852,4506.538574,4393.333496,4517.692383,4532.563965,4383.205078,4549.615234,4374.487305,4488.589844,4514.102539,4566.538574,4384.358887,4374.102539,4499.487305,4539.102539,4526.025879,4500.128418,4375.384766,4395.256348,4564.102539,4512.179688,4481.282227,4401.794922,4548.205078,4374.615234,4549.871582,4506.153809,4399.230957,4508.846191,4505.512695,2755,1,25,2570,9433,,,,0,4,4,4,4,4,4,4,4,4,4,4,4,4,4,4,4,4,4,4,4,4,4,4,4,4,4,4,4,4,4,4,4,100,,,,,,,,,,,,,,,,,,,,,,,,,,,,,,,,,,,,,,,,,,,,,,,,,,,,,,,,,,,,,,,,,,,,,,,,,,,,,,,,,,,,,,,,,,,,,,,,,,,,,,,,,,,,,,,,,,,,,,,,,,,,,,,,,,,,,,,,,,,,,,,,,,,,,,,,,,,,,,,,,,,,,,,,,,,,,,,,,,,,,,,,,,,,,,,,,,,,,,,,,,,,,,
1764665198.432017,1764665198.429460,35641,0,4380.256348,4396.025879,4500.512695,4507.94873,4392.563965,4519.230957,4531.666504,4383.077148,4550.384766,4375.128418,4489.487305,4514.615234,4565.384766,4385.769043,4371.794922,4500,4536.153809,4524.487305,4502.05127,4375.897461,4392.94873,4563.205078,4513.717773,4478.333496,4390.384766,4546.282227,4373.846191,4549.487305,4503.077148,4396.282227,4506.794922,4503.846191,2802,1,25,2570,9433,,,,0,4,4,4,4,4,4,4,4,4,4,4,4,4,4,4,4,4,4,4,4,4,4,4,4,4,4,4,4,4,4,4,4,100,,,,,,,,,,,,,,,,,,,,,,,,,,,,,,,,,,,25294,0,0.253712,-0.611084,-0.723022,0.198608,0.98889,0.176779,0.038091,25,30.833334,43.833332,,,,,,,,,,,,,,,,,,,,,,,,,,,,,,,,,,,,,,,,,,,,,,,,,,,,,,,,,,,,,,,,,,,,,,,,,,,,,,,,,,,,,,,,,,,,,,,,,,,,,,,,,,,,,,,,,,,,,,,,,,,,,,,,,,,,,,,,,,,,,,,,,,,,,,,,,,,,,,,,
1764665198.435925,1764665198.433367,35642,0,4383.846191,4401.153809,4506.794922,4515.769043,4398.974121,4525.897461,4534.487305,4389.102539,4553.461426,4379.743652,4490.769043,4520.256348,4566.922852,4391.282227,4374.871582,4500.512695,4539.487305,4526.922852,4505.641113,4380.256348,4392.820313,4565.897461,4517.692383,4481.666504,4386.153809,4549.615234,4379.615234,4555.128418,4503.717773,4397.94873,4510.641113,4505.897461,1944,1,25,2571,9441,,,,0,4,4,4,4,4,4,4,4,4,4,4,4,4,4,4,4,4,4,4,4,4,4,4,4,4,4,4,4,4,4,4,4,100,,,,,,,,,,,,,,,,,,,,,,,,,,,,,,,,,,,,,,,,,,,,,,,0.995118,1.426771,0.377986,0.534932,0.729328,1.284522,1.23444,0.529498,0.695666,0.654145,1.308628,1.90761,0.937825,0.683141,0.700189,1.381547,0.900056,0.815904,0.688985,0.645036,1.157094,1.248772,1.094589,0.664366,0.697587,0.75769,1.047685,0.722094,0.574613,0.516184,0.815352,1.496047,0.74328,0.621154,0.608139,0.890975,1.446344,0.722066,0.706621,0.795195,1.553194,1.262033,0.669749,0.692891,0.848235,1.437972,1.025977,1.056337,1.475337,0.794446,0.426694,1.10223,0.609822,0.379334,0.504101,0.966266,1.794361,0.358214,0.651896,0.654067,0.656655,1.219012,0.670818,0.61312,0.6536,1.182258,2.109518,0.600931,0.331849,0.515799,0.663875,0.686259,0.112828,0.346639,0.697617,0.646412,0.89422,0.340693,0.602826,0.621138,1.182192,1.804837,0.43549,0.796753,0.861569,0.885593,1.810834,0.347715,0.857847,0.877278,0.920517,1.165724,0.411283,0.607863,0.508371,1.289033,1.38009,0.984269,0.730914,0.88077,2.14257,2.054799,0.850612,0.649416,0.663071,1.747328,2.02414,0.650691,0.639864,0.745443,1.154504,1.334036,0.329903,0.626094,0.599446,1.481456,1.970431,0.99668,0.779562,0.836251,2.72659,2.339655,2.504568,2.310383,1.376821,1.827037,1.365344,0.944752,0.512621,0.664579,1.651195,1.476873,0.829793,0.682261,0.876784,0.971778,1.507491,0.830022,0.71608,0.817231,0.586493,0.729808,0.264393,0.329719,0.359117,0.892141,1.185956,1.094022,0.585715,0.70663,1.575957,1.390227,1.157108,0.606959,0.738581,1.266396,1.470698,1.133978,0.660966,0.725368
1764665198.439833,1764665198.437275,35643,0,4388.846191,4408.589844,4517.563965,4524.615234,4408.077148,4533.589844,4538.846191,4396.153809,4556.410156,4385,4491.666504,4526.922852,4570,4397.05127,4381.153809,4500.128418,4547.307617,4531.410156,4508.589844,4385.256348,4393.974121,4569.615234,4521.794922,4488.846191,4388.717773,4555.641113,4388.461426,4563.077148,4507.436035,4402.820313,4517.436035,4511.025879,2623,1,25,2571,9441,,,,0,4,4,4,4,4,4,4,4,4,4,4,4,4,4,4,4,4,4,4,4,4,4,4,4,4,4,4,4,4,4,4,4,100,,,,,,,,,,,,,,,,,,,,,,,,,,,,,,,,,,,,,,,,,,,,,,,,,,,,,,,,,,,,,,,,,,,,,,,,,,,,,,,,,,,,,,,,,,,,,,,,,,,,,,,,,,,,,,,,,,,,,,,,,,,,,,,,,,,,,,,,,,,,,,,,,,,,,,,,,,,,,,,,,,,,,,,,,,,,,,,,,,,,,,,,,,,,,,,,,,,,,,,,,,,,,,
1764665198.443742,1764665198.441182,35644,0,4391.794922,4414.615234,4527.179688,4529.102539,4413.846191,4538.077148,4541.666504,4398.846191,4557.692383,4388.205078,4492.820313,4531.025879,4571.922852,4398.974121,4386.153809,4498.846191,4554.871582,4535.128418,4509.615234,4387.307617,4395,4571.666504,4523.717773,4495.384766,4394.615234,4560.256348,4396.025879,4569.102539,4511.666504,4407.820313,4523.717773,4517.563965,2679,1,25,2572,9449,,,,0,4,4,4,4,4,4,4,4,4,4,4,4,4,4,4,4,4,4,4,4,4,4,4,4,4,4,4,4,4,4,4,4,100,,,,,,,,,,,,,,,,,,,,,,,,,,,,,,,,,,,,,,,,,,,,,,,,,,,,,,,,,,,,,,,,,,,,,,,,,,,,,,,,,,,,,,,,,,,,,,,,,,,,,,,,,,,,,,,,,,,,,,,,,,,,,,,,,,,,,,,,,,,,,,,,,,,,,,,,,,,,,,,,,,,,,,,,,,,,,,,,,,,,,,,,,,,,,,,,,,,,,,,,,,,,,,
1764665198.447650,1764665198.445090,35645,0,4390.512695,4416.666504,4530.384766,4527.692383,4413.333496,4537.692383,4542.05127,4396.282227,4557.179688,4388.205078,4495.512695,4531.153809,4571.025879,4396.282227,4386.666504,4497.307617,4557.820313,4536.538574,4508.846191,4385.769043,4395.256348,4570.769043,4522.820313,4497.94873,4400.512695,4560.769043,4399.230957,4570.641113,4514.230957,4410.256348,4527.692383,4523.205078,2497,1,25,2572,9449,,,,0,4,4,4,4,4,4,4,4,4,4,4,4,4,4,4,4,4,4,4,4,4,4,4,4,4,4,4,4,4,4,4,4,100,,,,,,,,,,,,,,,,,,,,,,,,,,,,,,,,,,,25295,0,0.253807,-0.611084,-0.723022,0.198486,0.984495,0.167501,0.035161,22.833334,29,44.5,,,,,,,,,,,,,,,,,,,,,,,,,,,,,,,,,,,,,,,,,,,,,,,,,,,,,,,,,,,,,,,,,,,,,,,,,,,,,,,,,,,,,,,,,,,,,,,,,,,,,,,,,,,,,,,,,,,,,,,,,,,,,,,,,,,,,,,,,,,,,,,,,,,,,,,,,,,,,,,,
1764665198.451558,1764665198.448997,35646,0,4385.897461,4414.487305,4526.025879,4523.077148,4408.077148,4533.589844,4541.025879,4391.666504,4555.384766,4385.256348,4500,4528.717773,4568.589844,4391.282227,4383.717773,4495.769043,4554.743652,4535.256348,4507.436035,4381.922852,4394.615234,4568.333496,4520.256348,4495.769043,4403.589844,4557.307617,4397.563965,4567.94873,4513.974121,4408.846191,4528.974121,4525,2642,1,25,2573,9457,,,,0,4,4,4,4,4,4,4,4,4,4,4,4,4,4,4,4,4,4,4,4,4,4,4,4,4,4,4,4,4,4,4,4,100,,,,,,,,,,,,,,,,,,,,,,,,,,,,,,,,,,,,,,,,,,,,,,,,,,,,,,,,,,,,,,,,,,,,,,,,,,,,,,,,,,,,,,,,,,,,,,,,,,,,,,,,,,,,,,,,,,,,,,,,,,,,,,,,,,,,,,,,,,,,,,,,,,,,,,,,,,,,,,,,,,,,,,,,,,,,,,,,,,,,,,,,,,,,,,,,,,,,,,,,,,,,,,
1764665198.455466,1764665198.452905,35647,0,4381.025879,4409.743652,4516.922852,4519.358887,4401.794922,4528.461426,4539.487305,4388.974121,4552.563965,4380.641113,4503.974121,4525.512695,4566.538574,4387.563965,4380.128418,4494.230957,4547.820313,4531.538574,4505.641113,4378.333496,4393.333496,4566.025879,4517.820313,4489.871582,4401.666504,4551.666504,4392.436035,4563.077148,4511.538574,4404.230957,4526.666504,4521.153809,2818,1,25,2573,9457,,,,0,4,4,4,4,4,4,4,4,4,4,4,4,4,4,4,4,4,4,4,4,4,4,4,4,4,4,4,4,4,4,4,4,100,,,,,,,,,,,,,,,,,,,,,,,,,,,,,,,,,,,,,,,,,,,,,,,,,,,,,,,,,,,,,,,,,,,,,,,,,,,,,,,,,,,,,,,,,,,,,,,,,,,,,,,,,,,,,,,,,,,,,,,,,,,,,,,,,,,,,,,,,,,,,,,,,,,,,,,,,,,,,,,,,,,,,,,,,,,,,,,,,,,,,,,,,,,,,,,,,,,,,,,,,,,,,,
1764665198.459375,1764665198.456812,35648,0,4378.077148,4404.615234,4508.717773,4518.589844,4398.333496,4524.743652,4537.563965,4389.743652,4548.974121,4376.666504,4505.128418,4522.05127,4566.282227,4386.794922,4378.333496,4492.436035,4541.282227,4526.282227,4502.94873,4376.666504,4391.282227,4564.871582,4516.410156,4482.563965,4393.461426,4545.897461,4385.769043,4557.94873,4508.205078,4398.461426,4520.128418,4512.179688,2741,1,25,2574,9465,,,,0,4,4,4,4,4,4,4,4,4,4,4,4,4,4,4,4,4,4,4,4,4,4,4,4,4,4,4,4,4,4,4,4,100,,,,,,,,,,,,,,,,,,,,,,,,,,,,,,,,,,,,,,,,,,,,,,,,,,,,,,,,,,,,,,,,,,,,,,,,,,,,,,,,,,,,,,,,,,,,,,,,,,,,,,,,,,,,,,,,,,,,,,,,,,,,,,,,,,,,,,,,,,,,,,,,,,,,,,,,,,,,,,,,,,,,,,,,,,,,,,,,,,,,,,,,,,,,,,,,,,,,,,,,,,,,,,
1764665198.463283,1764665198.460719,35649,0,4377.563965,4401.153809,4505.256348,4519.871582,4398.461426,4523.333496,4534.358887,4391.922852,4544.615234,4375.256348,4502.05127,4518.717773,4566.922852,4388.333496,4377.692383,4490.769043,4537.94873,4521.153809,4499.615234,4376.538574,4388.461426,4564.487305,4515.512695,4476.410156,4380.769043,4542.179688,4379.230957,4553.717773,4505.512695,4393.589844,4510.897461,4501.666504,2906,1,25,2574,9465,,,,0,4,4,4,4,4,4,4,4,4,4,4,4,4,4,4,4,4,4,4,4,4,4,4,4,4,4,4,4,4,4,4,4,100,,,,,,,,,,,,,,,,,,,,,,,,,,,,,,,,,,,25296,0,0.253708,-0.611145,-0.723022,0.198425,0.988402,0.168966,0.042486,22.833334,29,45,,,,,,,,,,,,,,,,,,,,,,,,,,,,,,,,,,,,,,,,,,,,,,,,,,,,,,,,,,,,,,,,,,,,,,,,,,,,,,,,,,,,,,,,,,,,,,,,,,,,,,,,,,,,,,,,,,,,,,,,,,,,,,,,,,,,,,,,,,,,,,,,,,,,,,,,,,,,,,,,
1764665198.467191,1764665198.464627,35650,0,4377.820313,4399.230957,4506.025879,4520,4399.871582,4523.333496,4529.871582,4392.307617,4540.384766,4377.820313,4496.922852,4515.641113,4566.538574,4389.615234,4376.794922,4489.230957,4537.436035,4518.205078,4497.05127,4376.666504,4385.256348,4563.461426,4514.102539,4473.717773,4368.974121,4541.794922,4374.230957,4551.025879,4504.487305,4391.282227,4502.436035,4493.717773,2584,1,25,2575,9472,,,,0,4,4,4,4,4,4,4,4,4,4,4,4,4,4,4,4,4,4,4,4,4,4,4,4,4,4,4,4,4,4,4,4,100,,,,,,,,,,,,,,,,,,,,,,,,,,,,,,,,,,,,,,,,,,,,,,,,,,,,,,,,,,,,,,,,,,,,,,,,,,,,,,,,,,,,,,,,,,,,,,,,,,,,,,,,,,,,,,,,,,,,,,,,,,,,,,,,,,,,,,,,,,,,,,,,,,,,,,,,,,,,,,,,,,,,,,,,,,,,,,,,,,,,,,,,,,,,,,,,,,,,,,,,,,,,,,
1764665198.471100,1764665198.468534,35651,0,4376.794922,4398.205078,4507.94873,4516.666504,4398.974121,4523.589844,4525.256348,4389.871582,4537.692383,4383.461426,4492.436035,4513.077148,4564.358887,4389.487305,4374.871582,4488.717773,4538.205078,4517.94873,4496.410156,4375.512695,4383.077148,4561.025879,4511.794922,4474.615234,4364.743652,4544.615234,4372.179688,4550.512695,4504.871582,4391.410156,4498.333496,4490.641113,2834,1,25,2575,9472,,,,0,4,4,4,4,4,4,4,4,4,4,4,4,4,4,4,4,4,4,4,4,4,4,4,4,4,4,4,4,4,4,4,4,100,,,,,,,,,,,,,,,,,,,,,,,,,,,,,,,,,,,,,,,,,,,,,,,,,,,,,,,,,,,,,,,,,,,,,,,,,,,,,,,,,,,,,,,,,,,,,,,,,,,,,,,,,,,,,,,,,,,,,,,,,,,,,,,,,,,,,,,,,,,,,,,,,,,,,,,,,,,,,,,,,,,,,,,,,,,,,,,,,,,,,,,,,,,,,,,,,,,,,,,,,,,,,,
1764665198.475008,1764665198.472442,35652,0,4373.974121,4396.666504,4506.922852,4510.897461,4394.615234,4523.717773,4522.179688,4385.769043,4537.179688,4389.615234,4490.256348,4510.512695,4561.025879,4388.077148,4372.692383,4489.487305,4538.717773,4519.615234,4497.563965,4373.077148,4383.077148,4557.563965,4509.743652,4476.922852,4371.025879,4548.589844,4373.333496,4551.922852,4505.384766,4393.077148,4499.743652,4491.666504,2733,1,25,2576,9480,,,,0,4,4,4,4,4,4,4,4,4,4,4,4,4,4,4,4,4,4,4,4,4,4,4,4,4,4,4,4,4,4,4,4,100,,,,,,,,,,,,,,,,,,,,,,,,,,,,,,,,,,,,,,,,,,,,,,,,,,,,,,,,,,,,,,,,,,,,,,,,,,,,,,,,,,,,,,,,,,,,,,,,,,,,,,,,,,,,,,,,,,,,,,,,,,,,,,,,,,,,,,,,,,,,,,,,,,,,,,,,,,,,,,,,,,,,,,,,,,,,,,,,,,,,,,,,,,,,,,,,,,,,,,,,,,,,,,
1764665198.478916,1764665198.476349,35653,0,4370.512695,4393.589844,4501.410156,4505.641113,4387.820313,4523.717773,4521.153809,4381.666504,4538.589844,4391.794922,4489.487305,4507.820313,4558.333496,4386.666504,4372.05127,4491.410156,4538.974121,4521.025879,4498.974121,4370.384766,4384.743652,4554.743652,4508.589844,4478.077148,4383.846191,4551.410156,4376.025879,4553.461426,4505,4394.102539,4504.358887,4493.717773,2770,1,25,2576,9480,,,,0,4,4,4,4,4,4,4,4,4,4,4,4,4,4,4,4,4,4,4,4,4,4,4,4,4,4,4,4,4,4,4,4,100,,,,,,,,,,,,,,,,,,,,,,,,,,,,,,,,,,,25297,0,0.253704,-0.611206,-0.723022,0.198242,0.984495,0.170919,0.035161,22.833334,29,45,,,,,,,,,,,,,,,,,,,,,,,,,,,,,,,,,,,,,,,,,,,,,,,,,,,,,,,,,,,,,,,,,,,,,,,,,,,,,,,,,,,,,,,,,,,,,,,,,,,,,,,,,,,,,,,,,,,,,,,,,,,,,,,,,,,,,,,,,,,,,,,,,,,,,,,,,,,,,,,,
1764665198.482824,1764665198.480257,35654,0,4368.077148,4389.487305,4493.333496,4503.205078,4382.05127,4523.205078,4521.153809,4378.589844,4540.256348,4387.436035,4488.205078,4505.769043,4557.436035,4387.179688,4373.589844,4493.846191,4538.589844,4521.538574,4499.487305,4368.717773,4386.794922,4553.974121,4509.230957,4477.179688,4395.512695,4552.563965,4377.692383,4553.333496,4502.820313,4392.820313,4508.333496,4494.102539,2772,1,25,2576,9488,,,,0,4,4,4,4,4,4,4,4,4,4,4,4,4,4,4,4,4,4,4,4,4,4,4,4,4,4,4,4,4,4,4,4,100,,,,,,,,,,,,,,,,,,,,,,,,,,,,,,,,,,,,,,,,,,,,,,,,,,,,,,,,,,,,,,,,,,,,,,,,,,,,,,,,,,,,,,,,,,,,,,,,,,,,,,,,,,,,,,,,,,,,,,,,,,,,,,,,,,,,,,,,,,,,,,,,,,,,,,,,,,,,,,,,,,,,,,,,,,,,,,,,,,,,,,,,,,,,,,,,,,,,,,,,,,,,,,
1764665198.486733,1764665198.484164,35655,0,4368.077148,4386.025879,4487.05127,4504.230957,4379.358887,4521.794922,4521.025879,4377.307617,4541.282227,4378.077148,4486.153809,4505.512695,4558.846191,4390.384766,4376.794922,4497.179688,4537.692383,4521.922852,4499.487305,4369.358887,4387.820313,4556.025879,4511.282227,4475.769043,4400.384766,4553.077148,4377.307617,4551.538574,4499.871582,4389.743652,4509.230957,4492.436035,2959,1,25,2576,9488,,,,0,4,4,4,4,4,4,4,4,4,4,4,4,4,4,4,4,4,4,4,4,4,4,4,4,4,4,4,4,4,4,4,4,100,,,,,,,,,,,,,,,,,,,,,,,,,,,,,,,,,,,,,,,,,,,,,,,,,,,,,,,,,,,,,,,,,,,,,,,,,,,,,,,,,,,,,,,,,,,,,,,,,,,,,,,,,,,,,,,,,,,,,,,,,,,,,,,,,,,,,,,,,,,,,,,,,,,,,,,,,,,,,,,,,,,,,,,,,,,,,,,,,,,,,,,,,,,,,,,,,,,,,,,,,,,,,,
1764665198.490641,1764665198.488072,35656,0,4370.384766,4384.871582,4486.153809,4507.692383,4380,4519.230957,4520.641113,4377.94873,4541.282227,4368.846191,4484.871582,4507.179688,4561.666504,4395,4380.384766,4501.666504,4536.538574,4523.333496,4500.641113,4372.563965,4387.94873,4559.230957,4513.717773,4475.641113,4399.102539,4553.974121,4375.641113,4549.615234,4497.692383,4387.307617,4507.820313,4490.641113,2841,1,25,2570,9496,,,,0,4,4,4,4,4,4,4,4,4,4,4,4,4,4,4,4,4,4,4,4,4,4,4,4,4,4,4,4,4,4,4,4,100,,,,,,,,,,,,,,,,,,,,,,,,,,,,,,,,,,,,,,,,,,,,,,,,,,,,,,,,,,,,,,,,,,,,,,,,,,,,,,,,,,,,,,,,,,,,,,,,,,,,,,,,,,,,,,,,,,,,,,,,,,,,,,,,,,,,,,,,,,,,,,,,,,,,,,,,,,,,,,,,,,,,,,,,,,,,,,,,,,,,,,,,,,,,,,,,,,,,,,,,,,,,,,
1764665198.494549,1764665198.491979,35657,0,4373.461426,4386.153809,4489.487305,4511.153809,4381.922852,4515.897461,4521.282227,4379.743652,4541.025879,4364.102539,4485.897461,4509.102539,4564.487305,4398.333496,4382.692383,4505.897461,4536.025879,4525.384766,4503.077148,4377.05127,4388.205078,4561.410156,4514.871582,4476.538574,4395.256348,4555.128418,4373.974121,4548.717773,4497.179688,4387.179688,4506.153809,4490,2692,1,25,2570,9496,,,,0,4,4,4,4,4,4,4,4,4,4,4,4,4,4,4,4,4,4,4,4,4,4,4,4,4,4,4,4,4,4,4,4,100,,,,,,,,,,,,,,,,,,,,,,,,,,,,,,,,,,,25298,0,0.253431,-0.611267,-0.723083,0.198181,0.971798,0.180686,0.025394,23,28.333334,43.833332,,,,,,,,,,,,,,,,,,,,,,,,,,,,,,,,,,,,,,,,,,,,,,,,,,,,,,,,,,,,,,,,,,,,,,,,,,,,,,,,,,,,,,,,,,,,,,,,,,,,,,,,,,,,,,,,,,,,,,,,,,,,,,,,,,,,,,,,,,,,,,,,,,,,,,,,,,,,,,,,
1764665198.498457,1764665198.495886,35658,0,4374.871582,4387.692383,4492.563965,4511.922852,4382.820313,4512.307617,4522.820313,4381.025879,4540.512695,4364.230957,4488.461426,4509.358887,4565.384766,4398.717773,4383.077148,4507.563965,4536.794922,4526.282227,4505.769043,4380.641113,4389.358887,4560.897461,4513.846191,4477.436035,4391.538574,4555.769043,4372.94873,4548.846191,4497.692383,4388.461426,4506.025879,4490.256348,2265,1,25,2571,9504,,,,0,4,4,4,4,4,4,4,4,4,4,4,4,4,4,4,4,4,4,4,4,4,4,4,4,4,4,4,4,4,4,4,4,100,,,,,,,,,,,,,,,,,,,,,,,,,,,,,,,,,,,,,,,,,,,,,,,,,,,,,,,,,,,,,,,,,,,,,,,,,,,,,,,,,,,,,,,,,,,,,,,,,,,,,,,,,,,,,,,,,,,,,,,,,,,,,,,,,,,,,,,,,,,,,,,,,,,,,,,,,,,,,,,,,,,,,,,,,,,,,,,,,,,,,,,,,,,,,,,,,,,,,,,,,,,,,,
1764665198.502365,1764665198.499794,35659,0,4373.589844,4386.922852,4491.410156,4508.717773,4381.794922,4509.615234,4523.589844,4380.256348,4539.743652,4366.410156,4490.641113,4507.436035,4564.102539,4396.666504,4382.179688,4506.153809,4538.333496,4525.384766,4506.666504,4381.153809,4391.282227,4558.461426,4511.666504,4477.436035,4386.794922,4555.769043,4372.820313,4548.846191,4497.94873,4389.102539,4506.666504,4489.102539,2669,1,25,2571,9504,,,,0,4,4,4,4,4,4,4,4,4,4,4,4,4,4,4,4,4,4,4,4,4,4,4,4,4,4,4,4,4,4,4,4,100,,,,,,,,,,,,,,,,,,,,,,,,,,,,,,,,,,,,,,,,,,,,,,,,,,,,,,,,,,,,,,,,,,,,,,,,,,,,,,,,,,,,,,,,,,,,,,,,,,,,,,,,,,,,,,,,,,,,,,,,,,,,,,,,,,,,,,,,,,,,,,,,,,,,,,,,,,,,,,,,,,,,,,,,,,,,,,,,,,,,,,,,,,,,,,,,,,,,,,,,,,,,,,
1764665198.506274,1764665198.503701,35660,0,4370.384766,4383.461426,4485.641113,4503.333496,4379.743652,4507.94873,4521.282227,4377.436035,4538.461426,4367.563965,4490.512695,4505,4562.05127,4394.615234,4381.282227,4502.820313,4538.974121,4523.589844,4504.743652,4377.94873,4392.436035,4555.384766,4510.128418,4476.666504,4378.846191,4555.769043,4373.077148,4548.077148,4496.922852,4387.820313,4506.153809,4485.512695,2472,1,25,2572,9511,,,,0,4,4,4,4,4,4,4,4,4,4,4,4,4,4,4,4,4,4,4,4,4,4,4,4,4,4,4,4,4,4,4,4,100,,,,,,,,,,,,,,,,,,,,,,,,,,,,,,,,,,,,,,,,,,,,,,,,,,,,,,,,,,,,,,,,,,,,,,,,,,,,,,,,,,,,,,,,,,,,,,,,,,,,,,,,,,,,,,,,,,,,,,,,,,,,,,,,,,,,,,,,,,,,,,,,,,,,,,,,,,,,,,,,,,,,,,,,,,,,,,,,,,,,,,,,,,,,,,,,,,,,,,,,,,,,,,
1764665198.510182,1764665198.507609,35661,0,4366.922852,4378.717773,4478.461426,4498.974121,4378.333496,4506.922852,4516.025879,4373.846191,4537.307617,4366.282227,4487.94873,4503.589844,4560.897461,4393.717773,4381.025879,4498.974121,4537.692383,4522.307617,4500.128418,4372.436035,4391.538574,4553.205078,4510,4475.512695,4369.230957,4556.410156,4373.333496,4546.282227,4494.871582,4385,4503.333496,4481.025879,2217,1,25,2572,9511,,,,0,4,4,4,4,4,4,4,4,4,4,4,4,4,4,4,4,4,4,4,4,4,4,4,4,4,4,4,4,4,4,4,4,100,,,,,,,,,,,,,,,,,,,,,,,,,,,,,,,,,,,25299,0,0.253526,-0.611267,-0.723083,0.198059,0.986449,0.181174,0.025882,22.666666,29.166666,44.333332,,,,,,,,,,,,,,,,,,,,,,,,,,,,,,,,,,,,,,,,,,,,,,,,,,,,,,,,,,,,,,,,,,,,,,,,,,,,,,,,,,,,,,,,,,,,,,,,,,,,,,,,,,,,,,,,,,,,,,,,,,,,,,,,,,,,,,,,,,,,,,,,,,,,,,,,,,,,,,,,
1764665198.514090,1764665198.511516,35662,0,4364.743652,4375.128418,4473.333496,4497.820313,4378.461426,4505.512695,4510.128418,4370.897461,4536.538574,4363.077148,4483.974121,4503.846191,4561.153809,4393.717773,4381.282227,4495.256348,4534.102539,4521.922852,4494.871582,4367.820313,4388.205078,4552.436035,4510.256348,4474.487305,4363.077148,4556.794922,4372.94873,4543.589844,4492.94873,4381.922852,4498.974121,4477.307617,2681,1,25,2573,9519,,,,0,4,4,4,4,4,4,4,4,4,4,4,4,4,4,4,4,4,4,4,4,4,4,4,4,4,4,4,4,4,4,4,4,100,,,,,,,,,,,,,,,,,,,,,,,,,,,,,,,,,,,,,,,,,,,,,,,,,,,,,,,,,,,,,,,,,,,,,,,,,,,,,,,,,,,,,,,,,,,,,,,,,,,,,,,,,,,,,,,,,,,,,,,,,,,,,,,,,,,,,,,,,,,,,,,,,,,,,,,,,,,,,,,,,,,,,,,,,,,,,,,,,,,,,,,,,,,,,,,,,,,,,,,,,,,,,,
1764665198.517999,1764665198.515424,35663,0,4364.230957,4374.615234,4472.179688,4499.358887,4380,4503.846191,4507.179688,4369.615234,4536.666504,4360.128418,4480.512695,4504.871582,4561.666504,4393.333496,4381.282227,4492.307617,4528.974121,4522.436035,4492.179688,4366.282227,4383.846191,4552.820313,4509.743652,4473.846191,4365,4555.897461,4371.538574,4540.512695,4492.436035,4379.743652,4496.025879,4476.025879,2478,1,25,2573,9519,,,,0,4,4,4,4,4,4,4,4,4,4,4,4,4,4,4,4,4,4,4,4,4,4,4,4,4,4,4,4,4,4,4,4,100,,,,,,,,,,,,,,,,,,,,,,,,,,,,,,,,,,,,,,,,,,,,,,,,,,,,,,,,,,,,,,,,,,,,,,,,,,,,,,,,,,,,,,,,,,,,,,,,,,,,,,,,,,,,,,,,,,,,,,,,,,,,,,,,,,,,,,,,,,,,,,,,,,,,,,,,,,,,,,,,,,,,,,,,,,,,,,,,,,,,,,,,,,,,,,,,,,,,,,,,,,,,,,
1764665198.521907,1764665198.519331,35664,0,4365.128418,4376.922852,4474.358887,4501.282227,4381.153809,4503.077148,4509.487305,4370.384766,4537.436035,4359.871582,4478.846191,4506.153809,4561.282227,4391.410156,4380.384766,4490.897461,4524.615234,4523.717773,4493.717773,4368.077148,4380.641113,4553.974121,4508.589844,4473.974121,4373.846191,4554.230957,4369.871582,4538.461426,4493.333496,4379.230957,4496.410156,4477.05127,2835,1,25,2572,9527,,,,0,4,4,4,4,4,4,4,4,4,4,4,4,4,4,4,4,4,4,4,4,4,4,4,4,4,4,4,4,4,4,4,4,100,,,,,,,,,,,,,,,,,,,,,,,,,,,,,,,,,,,,,,,,,,,,,,,,,,,,,,,,,,,,,,,,,,,,,,,,,,,,,,,,,,,,,,,,,,,,,,,,,,,,,,,,,,,,,,,,,,,,,,,,,,,,,,,,,,,,,,,,,,,,,,,,,,,,,,,,,,,,,,,,,,,,,,,,,,,,,,,,,,,,,,,,,,,,,,,,,,,,,,,,,,,,,,
1764665198.525815,1764665198.523238,35665,0,4366.666504,4380,4477.179688,4501.538574,4381.153809,4504.102539,4515.384766,4372.307617,4538.461426,4363.846191,4479.358887,4507.179688,4559.871582,4388.589844,4377.94873,4490.897461,4522.820313,4525,4498.589844,4371.153809,4380.128418,4555,4507.179688,4475,4382.436035,4553.589844,4369.230957,4538.461426,4495.128418,4380,4500.256348,4479.102539,2893,1,25,2572,9527,,,,0,4,4,4,4,4,4,4,4,4,4,4,4,4,4,4,4,4,4,4,4,4,4,4,4,4,4,4,4,4,4,4,4,100,,,,,,,,,,,,,,,,,,,,,,,,,,,,,,,,,,,25300,0,0.253455,-0.611145,-0.723145,0.198303,0.983518,0.174826,0.02344,21.333334,29.166666,42.666668,,,,,,,,,,,,,,,,,,,,,,,,,,,,,,,,,,,,,,,,,,,,,,,,,,,,,,,,,,,,,,,,,,,,,,,,,,,,,,,,,,,,,,,,,,,,,,,,,,,,,,,,,,,,,,,,,,,,,,,,,,,,,,,,,,,,,,,,,,,,,,,,,,,,,,,,,,,,,,,,
1764665198.529724,1764665198.527146,35666,0,4367.307617,4381.282227,4478.333496,4499.230957,4379.743652,4506.410156,4520.128418,4373.974121,4539.230957,4370.897461,4480.512695,4507.820313,4558.205078,4385.897461,4374.230957,4491.538574,4523.717773,4525.256348,4503.077148,4373.077148,4381.153809,4554.487305,4505.897461,4476.153809,4383.333496,4555.256348,4369.615234,4540.512695,4496.282227,4380.641113,4504.615234,4480.897461,1734,1,25,2567,9535,,,,0,4,4,4,4,4,4,4,4,4,4,4,4,4,4,4,4,4,4,4,4,4,4,4,4,4,4,4,4,4,4,4,4,100,,,,,,,,,,,,,,,,,,,,,,,,,,,,,,,,,,,,,,,,,,,,,,,,,,,,,,,,,,,,,,,,,,,,,,,,,,,,,,,,,,,,,,,,,,,,,,,,,,,,,,,,,,,,,,,,,,,,,,,,,,,,,,,,,,,,,,,,,,,,,,,,,,,,,,,,,,,,,,,,,,,,,,,,,,,,,,,,,,,,,,,,,,,,,,,,,,,,,,,,,,,,,,
1764665198.533632,1764665198.531053,35667,0,4366.025879,4379.615234,4477.307617,4494.871582,4377.436035,4508.077148,4519.358887,4374.487305,4539.230957,4377.179688,4480.384766,4507.563965,4556.410156,4383.974121,4369.871582,4492.179688,4525.128418,4522.94873,4503.205078,4372.179688,4381.538574,4550.897461,4504.102539,4476.666504,4374.230957,4557.94873,4370,4542.692383,4495.128418,4379.871582,4506.794922,4481.666504,2928,1,25,2567,9535,,,,0,4,4,4,4,4,4,4,4,4,4,4,4,4,4,4,4,4,4,4,4,4,4,4,4,4,4,4,4,4,4,4,4,100,,,,,,,,,,,,,,,,,,,,,,,,,,,,,,,,,,,,,,,,,,,,,,,,,,,,,,,,,,,,,,,,,,,,,,,,,,,,,,,,,,,,,,,,,,,,,,,,,,,,,,,,,,,,,,,,,,,,,,,,,,,,,,,,,,,,,,,,,,,,,,,,,,,,,,,,,,,,,,,,,,,,,,,,,,,,,,,,,,,,,,,,,,,,,,,,,,,,,,,,,,,,,,
1764665198.537540,1764665198.534961,35668,0,4362.692383,4376.025879,4475.128418,4490.256348,4375.641113,4507.692383,4512.94873,4373.589844,4538.205078,4379.230957,4478.205078,4505.897461,4554.358887,4383.077148,4366.666504,4492.436035,4524.358887,4518.589844,4498.333496,4368.461426,4379.487305,4545.128418,4501.538574,4476.282227,4360.641113,4559.487305,4368.974121,4542.692383,4491.794922,4378.077148,4505.641113,4482.179688,2492,1,25,2567,9543,,,,0,4,4,4,4,4,4,4,4,4,4,4,4,4,4,4,4,4,4,4,4,4,4,4,4,4,4,4,4,4,4,4,4,100,,,,,,,,,,,,,,,,,,,,,,,,,,,,,,,,,,,,,,,,,,,,,,,,,,,,,,,,,,,,,,,,,,,,,,,,,,,,,,,,,,,,,,,,,,,,,,,,,,,,,,,,,,,,,,,,,,,,,,,,,,,,,,,,,,,,,,,,,,,,,,,,,,,,,,,,,,,,,,,,,,,,,,,,,,,,,,,,,,,,,,,,,,,,,,,,,,,,,,,,,,,,,,
1764665198.541448,1764665198.538868,35669,0,4359.358887,4372.820313,4474.487305,4487.563965,4375,4505.641113,4504.871582,4372.820313,4537.563965,4377.05127,4475,4503.333496,4552.436035,4383.589844,4366.410156,4492.307617,4521.538574,4514.615234,4491.538574,4363.333496,4375.769043,4540,4498.589844,4475.128418,4350.769043,4558.461426,4366.282227,4540,4488.461426,4376.153809,4502.563965,4483.333496,2789,1,25,2567,9543,,,,0,4,4,4,4,4,4,4,4,4,4,4,4,4,4,4,4,4,4,4,4,4,4,4,4,4,4,4,4,4,4,4,4,100,,,,,,,,,,,,,,,,,,,,,,,,,,,,,,,,,,,25301,0,0.253507,-0.611084,-0.723145,0.198425,0.979123,0.172873,0.037114,22.666666,29.666666,44.333332,,,,,,,,,,,,,,,,,,,,,,,,,,,,,,,,,,,,,,,,,,,,,,,,,,,,,,,,,,,,,,,,,,,,,,,,,,,,,,,,,,,,,,,,,,,,,,,,,,,,,,,,,,,,,,,,,,,,,,,,,,,,,,,,,,,,,,,,,,,,,,,,,,,,,,,,,,,,,,,,
1764665198.545356,1764665198.542776,35670,0,4358.589844,4372.436035,4477.563965,4488.846191,4376.282227,4503.974121,4501.282227,4374.102539,4538.846191,4375.128418,4473.846191,4501.282227,4552.179688,4385.512695,4370,4492.179688,4519.358887,4513.461426,4487.179688,4359.230957,4373.205078,4538.846191,4497.307617,4473.333496,4350.641113,4555.512695,4363.717773,4536.794922,4487.692383,4375.641113,4500.641113,4486.153809,2902,1,25,2568,9551,,,,0,4,4,4,4,4,4,4,4,4,4,4,4,4,4,4,4,4,4,4,4,4,4,4,4,4,4,4,4,4,4,4,4,100,,,,,,,,,,,,,,,,,,,,,,,,,,,,,,,,,,,,,,,,,,,,,,,,,,,,,,,,,,,,,,,,,,,,,,,,,,,,,,,,,,,,,,,,,,,,,,,,,,,,,,,,,,,,,,,,,,,,,,,,,,,,,,,,,,,,,,,,,,,,,,,,,,,,,,,,,,,,,,,,,,,,,,,,,,,,,,,,,,,,,,,,,,,,,,,,,,,,,,,,,,,,,,
1764665198.549265,1764665198.546683,35671,0,4361.794922,4375.256348,4483.974121,4493.974121,4379.615234,4504.871582,4504.871582,4378.589844,4542.94873,4377.94873,4477.05127,4501.922852,4554.871582,4388.846191,4376.282227,4492.820313,4520.897461,4516.282227,4488.077148,4358.717773,4374.743652,4543.333496,4499.487305,4472.692383,4359.871582,4552.436035,4364.487305,4536.153809,4489.871582,4377.179688,4502.05127,4489.743652,2818,1,25,2568,9551,,,,0,4,4,4,4,4,4,4,4,4,4,4,4,4,4,4,4,4,4,4,4,4,4,4,4,4,4,4,4,4,4,4,4,100,,,,,,,,,,,,,,,,,,,,,,,,,,,,,,,,,,,,,,,,,,,,,,,,,,,,,,,,,,,,,,,,,,,,,,,,,,,,,,,,,,,,,,,,,,,,,,,,,,,,,,,,,,,,,,,,,,,,,,,,,,,,,,,,,,,,,,,,,,,,,,,,,,,,,,,,,,,,,,,,,,,,,,,,,,,,,,,,,,,,,,,,,,,,,,,,,,,,,,,,,,,,,,
1764665198.553173,1764665198.550591,35672,0,4367.436035,4379.487305,4490.769043,4501.153809,4383.846191,4508.589844,4513.717773,4384.487305,4548.589844,4384.743652,4483.974121,4506.153809,4559.871582,4392.820313,4382.563965,4494.487305,4527.05127,4521.538574,4493.205078,4362.820313,4379.615234,4551.153809,4505.256348,4474.871582,4373.461426,4551.922852,4369.487305,4539.487305,4493.461426,4380.512695,4507.307617,4492.692383,2743,1,25,2569,9558,,,,0,4,4,4,4,4,4,4,4,4,4,4,4,4,4,4,4,4,4,4,4,4,4,4,4,4,4,4,4,4,4,4,4,100,,,,,,,,,,,,,,,,,,,,,,,,,,,,,,,,,,,,,,,,,,,,,,,,,,,,,,,,,,,,,,,,,,,,,,,,,,,,,,,,,,,,,,,,,,,,,,,,,,,,,,,,,,,,,,,,,,,,,,,,,,,,,,,,,,,,,,,,,,,,,,,,,,,,,,,,,,,,,,,,,,,,,,,,,,,,,,,,,,,,,,,,,,,,,,,,,,,,,,,,,,,,,,
1764665198.557081,1764665198.554498,35673,0,4372.179688,4382.563965,4493.846191,4507.05127,4386.666504,4512.563965,4522.05127,4388.717773,4553.077148,4390,4490.897461,4512.436035,4565.128418,4395.641113,4386.153809,4496.922852,4534.871582,4526.538574,4498.974121,4369.487305,4384.871582,4558.333496,4512.563965,4480.128418,4385.897461,4555.128418,4376.538574,4544.615234,4496.153809,4383.846191,4513.846191,4493.589844,2792,1,25,2569,9558,,,,0,4,4,4,4,4,4,4,4,4,4,4,4,4,4,4,4,4,4,4,4,4,4,4,4,4,4,4,4,4,4,4,4,100,,,,,,,,,,,,,,,,,,,,,,,,,,,,,,,,,,,25302,0,0.253633,-0.611084,-0.723083,0.198486,0.979123,0.172873,0.037114,21.833334,30,43.833332,,,,,,,,,,,,,,,,,,,,,,,,,,,,,,,,,,,,,,,,,,,,,,,,,,,,,,,,,,,,,,,,,,,,,,,,,,,,,,,,,,,,,,,,,,,,,,,,,,,,,,,,,,,,,,,,,,,,,,,,,,,,,,,,,,,,,,,,,,,,,,,,,,,,,,,,,,,,,,,,
1764665198.560990,1764665198.558405,35674,0,4373.589844,4382.94873,4491.794922,4509.102539,4386.410156,4513.461426,4525.256348,4389.102539,4554.743652,4387.692383,4493.461426,4517.820313,4569.102539,4396.025879,4385.897461,4499.358887,4540.512695,4528.974121,4502.692383,4375.128418,4387.307617,4561.025879,4517.94873,4486.538574,4394.230957,4560.641113,4381.153809,4548.717773,4497.179688,4385.769043,4518.589844,4492.436035,1936,1,25,2570,9566,,,,0,4,4,4,4,4,4,4,4,4,4,4,4,4,4,4,4,4,4,4,4,4,4,4,4,4,4,4,4,4,4,4,4,100,,,,,,,,,,,,,,,,,,,,,,,,,,,,,,,,,,,,,,,,,,,,,,,0.942296,1.810963,0.398842,0.628178,0.70462,1.350941,1.657274,0.551948,0.73463,0.62568,1.256409,2.8121,0.890613,0.77072,0.705005,0.990782,1.201632,0.75871,0.681149,0.633559,1.032914,1.552161,1.027222,0.694102,0.702113,0.682067,1.271987,0.684668,0.631427,0.505925,0.84669,1.768788,0.748726,0.632324,0.582427,0.879415,1.864121,0.783312,0.748087,0.796599,1.338814,1.587184,0.69543,0.697808,0.804288,1.447079,0.996174,0.987071,1.695837,0.84384,0.358116,1.393015,0.575922,0.387696,0.483968,1.062664,2.220664,0.367384,0.747032,0.65047,0.718631,1.386837,0.609518,0.640541,0.624725,1.06746,2.090425,0.66758,0.343388,0.478881,0.611393,0.846466,0.152252,0.333365,0.675609,0.783664,0.953433,0.294067,0.598528,0.638021,1.337836,2.20567,0.448035,0.865901,0.877099,1.020805,2.139936,0.304815,0.90504,0.870707,1.16513,1.341261,0.376234,0.605713,0.50803,1.475461,1.634675,0.945836,0.770699,0.845609,1.999985,2.120367,0.870948,0.672822,0.615145,1.826071,2.118091,0.595903,0.722406,0.716864,1.200219,1.556945,0.3417,0.623158,0.581934,1.285789,2.12677,0.886466,0.843267,0.829556,2.2683,2.989316,2.584854,2.519258,1.430507,1.668454,1.442656,0.862306,0.543881,0.630619,1.588742,1.615474,0.86241,0.763095,0.857166,0.987526,1.684045,0.796771,0.811753,0.794065,0.580876,0.862222,0.262654,0.356599,0.353892,0.81594,1.338511,1.066199,0.634836,0.687392,1.456502,1.550622,1.125999,0.625713,0.719863,1.277784,2.041189,1.097759,0.704924,0.705446
1764665198.564898,1764665198.562313,35675,0,4371.794922,4381.025879,4486.922852,4508.077148,4383.461426,4510.256348,4523.333496,4386.153809,4553.974121,4377.307617,4490,4519.615234,4570.897461,4394.102539,4382.94873,4500.769043,4541.794922,4527.820313,4502.820313,4377.179688,4386.153809,4558.461426,4519.487305,4491.025879,4397.94873,4565.641113,4381.282227,4549.487305,4496.922852,4386.025879,4519.487305,4490.769043,2615,1,25,2570,9566,,,,0,4,4,4,4,4,4,4,4,4,4,4,4,4,4,4,4,4,4,4,4,4,4,4,4,4,4,4,4,4,4,4,4,100,,,,,,,,,,,,,,,,,,,,,,,,,,,,,,,,,,,,,,,,,,,,,,,,,,,,,,,,,,,,,,,,,,,,,,,,,,,,,,,,,,,,,,,,,,,,,,,,,,,,,,,,,,,,,,,,,,,,,,,,,,,,,,,,,,,,,,,,,,,,,,,,,,,,,,,,,,,,,,,,,,,,,,,,,,,,,,,,,,,,,,,,,,,,,,,,,,,,,,,,,,,,,,
1764665198.568806,1764665198.566220,35676,0,4369.230957,4378.846191,4483.205078,4507.179688,4380.128418,4505.384766,4519.358887,4382.820313,4552.563965,4364.615234,4483.205078,4517.820313,4570.641113,4391.282227,4379.230957,4500,4539.358887,4524.102539,4500.641113,4375.512695,4383.077148,4552.94873,4517.05127,4491.153809,4398.205078,4567.307617,4377.179688,4547.05127,4496.666504,4385.641113,4517.307617,4489.743652,2668,1,25,2571,9574,,,,0,4,4,4,4,4,4,4,4,4,4,4,4,4,4,4,4,4,4,4,4,4,4,4,4,4,4,4,4,4,4,4,4,100,,,,,,,,,,,,,,,,,,,,,,,,,,,,,,,,,,,,,,,,,,,,,,,,,,,,,,,,,,,,,,,,,,,,,,,,,,,,,,,,,,,,,,,,,,,,,,,,,,,,,,,,,,,,,,,,,,,,,,,,,,,,,,,,,,,,,,,,,,,,,,,,,,,,,,,,,,,,,,,,,,,,,,,,,,,,,,,,,,,,,,,,,,,,,,,,,,,,,,,,,,,,,,
1764665198.572714,1764665198.570128,35677,0,4368.333496,4377.94873,4483.077148,4508.589844,4379.358887,4503.077148,4517.436035,4381.538574,4551.666504,4356.666504,4477.692383,4514.743652,4568.846191,4388.974121,4376.025879,4497.436035,4536.410156,4520.897461,4498.205078,4372.179688,4380.769043,4549.230957,4513.077148,4487.436035,4396.794922,4565.641113,4372.307617,4543.589844,4496.794922,4385.512695,4514.743652,4489.871582,2491,1,25,2571,9574,,,,0,4,4,4,4,4,4,4,4,4,4,4,4,4,4,4,4,4,4,4,4,4,4,4,4,4,4,4,4,4,4,4,4,100,,,,,,,,,,,,,,,,,,,,,,,,,,,,,,,,,,,25303,0,0.253633,-0.611084,-0.723083,0.198486,0.973752,0.171896,0.021487,20.5,29.666666,45.5,,,,,,,,,,,,,,,,,,,,,,,,,,,,,,,,,,,,,,,,,,,,,,,,,,,,,,,,,,,,,,,,,,,,,,,,,,,,,,,,,,,,,,,,,,,,,,,,,,,,,,,,,,,,,,,,,,,,,,,,,,,,,,,,,,,,,,,,,,,,,,,,,,,,,,,,,,,,,,,,
1764665198.576623,1764665198.574035,35678,0,4370.384766,4378.974121,4486.153809,4512.436035,4382.436035,4505.256348,4518.974121,4383.205078,4551.794922,4357.307617,4477.179688,4513.589844,4566.410156,4387.692383,4373.846191,4494.743652,4535.769043,4520.769043,4497.563965,4369.743652,4380.769043,4550.256348,4510.512695,4483.077148,4394.871582,4562.820313,4369.743652,4542.05127,4497.563965,4386.153809,4513.974121,4490.256348,2635,1,25,2572,9582,,,,0,4,4,4,4,4,4,4,4,4,4,4,4,4,4,4,4,4,4,4,4,4,4,4,4,4,4,4,4,4,4,4,4,100,,,,,,,,,,,,,,,,,,,,,,,,,,,,,,,,,,,,,,,,,,,,,,,,,,,,,,,,,,,,,,,,,,,,,,,,,,,,,,,,,,,,,,,,,,,,,,,,,,,,,,,,,,,,,,,,,,,,,,,,,,,,,,,,,,,,,,,,,,,,,,,,,,,,,,,,,,,,,,,,,,,,,,,,,,,,,,,,,,,,,,,,,,,,,,,,,,,,,,,,,,,,,,
1764665198.580531,1764665198.577943,35679,0,4374.615234,4381.410156,4490.256348,4516.153809,4387.94873,4510.512695,4522.307617,4386.410156,4552.563965,4365.769043,4482.05127,4516.025879,4564.871582,4387.05127,4372.820313,4493.974121,4537.692383,4524.358887,4499.358887,4370.128418,4383.333496,4555.641113,4511.153809,4481.538574,4393.846191,4561.666504,4371.282227,4544.230957,4498.974121,4387.94873,4515.641113,4490.384766,2809,1,25,2572,9582,,,,0,4,4,4,4,4,4,4,4,4,4,4,4,4,4,4,4,4,4,4,4,4,4,4,4,4,4,4,4,4,4,4,4,100,,,,,,,,,,,,,,,,,,,,,,,,,,,,,,,,,,,,,,,,,,,,,,,,,,,,,,,,,,,,,,,,,,,,,,,,,,,,,,,,,,,,,,,,,,,,,,,,,,,,,,,,,,,,,,,,,,,,,,,,,,,,,,,,,,,,,,,,,,,,,,,,,,,,,,,,,,,,,,,,,,,,,,,,,,,,,,,,,,,,,,,,,,,,,,,,,,,,,,,,,,,,,,
1764665198.584439,1764665198.581850,35680,0,4379.743652,4384.358887,4492.94873,4517.692383,4392.94873,4514.615234,4525.128418,4389.230957,4553.589844,4377.179688,4489.102539,4520.128418,4565,4386.282227,4373.077148,4495.769043,4540.384766,4529.487305,4502.436035,4372.820313,4386.538574,4561.538574,4514.487305,4483.589844,4393.717773,4562.820313,4375.512695,4549.358887,4500.641113,4390.512695,4518.717773,4490,2743,1,25,2573,9590,,,,0,4,4,4,4,4,4,4,4,4,4,4,4,4,4,4,4,4,4,4,4,4,4,4,4,4,4,4,4,4,4,4,4,100,,,,,,,,,,,,,,,,,,,,,,,,,,,,,,,,,,,,,,,,,,,,,,,,,,,,,,,,,,,,,,,,,,,,,,,,,,,,,,,,,,,,,,,,,,,,,,,,,,,,,,,,,,,,,,,,,,,,,,,,,,,,,,,,,,,,,,,,,,,,,,,,,,,,,,,,,,,,,,,,,,,,,,,,,,,,,,,,,,,,,,,,,,,,,,,,,,,,,,,,,,,,,,
1764665198.588347,1764665198.585758,35681,0,4383.589844,4386.666504,4493.461426,4516.153809,4395.512695,4515.256348,4526.153809,4389.743652,4555,4385.897461,4494.230957,4522.94873,4566.410156,4385.897461,4374.487305,4499.230957,4541.922852,4533.205078,4505,4376.538574,4388.461426,4564.487305,4518.205078,4486.922852,4393.589844,4565.384766,4379.743652,4554.230957,4502.692383,4393.077148,4521.410156,4489.743652,2905,1,25,2573,9590,,,,0,4,4,4,4,4,4,4,4,4,4,4,4,4,4,4,4,4,4,4,4,4,4,4,4,4,4,4,4,4,4,4,4,100,,,,,,,,,,,,,,,,,,,,,,,,,,,,,,,,,,,25304,0,0.253582,-0.611145,-0.723083,0.198364,0.978635,0.174826,0.035161,21.833334,28.333334,44.333332,,,,,,,,,,,,,,,,,,,,,,,,,,,,,,,,,,,,,,,,,,,,,,,,,,,,,,,,,,,,,,,,,,,,,,,,,,,,,,,,,,,,,,,,,,,,,,,,,,,,,,,,,,,,,,,,,,,,,,,,,,,,,,,,,,,,,,,,,,,,,,,,,,,,,,,,,,,,,,,,
1764665198.592256,1764665198.589665,35682,0,4385.256348,4388.333496,4492.436035,4513.461426,4395.769043,4513.205078,4525.641113,4388.846191,4556.794922,4388.333496,4495,4523.333496,4567.436035,4386.794922,4376.922852,4501.922852,4542.05127,4534.230957,4505.769043,4380,4388.461426,4564.102539,4520.769043,4489.615234,4392.94873,4568.589844,4382.436035,4556.410156,4505,4395,4523.717773,4490.128418,2586,1,25,2574,9597,,,,0,4,4,4,4,4,4,4,4,4,4,4,4,4,4,4,4,4,4,4,4,4,4,4,4,4,4,4,4,4,4,4,4,100,,,,,,,,,,,,,,,,,,,,,,,,,,,,,,,,,,,,,,,,,,,,,,,,,,,,,,,,,,,,,,,,,,,,,,,,,,,,,,,,,,,,,,,,,,,,,,,,,,,,,,,,,,,,,,,,,,,,,,,,,,,,,,,,,,,,,,,,,,,,,,,,,,,,,,,,,,,,,,,,,,,,,,,,,,,,,,,,,,,,,,,,,,,,,,,,,,,,,,,,,,,,,,
1764665198.596164,1764665198.593572,35683,0,4385.256348,4390.384766,4491.666504,4511.922852,4395.769043,4511.794922,4525.384766,4388.461426,4558.333496,4385,4492.563965,4522.307617,4567.692383,4389.487305,4379.358887,4502.820313,4542.436035,4533.205078,4504.743652,4382.563965,4387.563965,4562.436035,4521.922852,4490.897461,4391.794922,4572.307617,4383.589844,4555.897461,4507.436035,4396.153809,4526.153809,4491.282227,2837,1,25,2574,9597,,,,0,4,4,4,4,4,4,4,4,4,4,4,4,4,4,4,4,4,4,4,4,4,4,4,4,4,4,4,4,4,4,4,4,100,,,,,,,,,,,,,,,,,,,,,,,,,,,,,,,,,,,,,,,,,,,,,,,,,,,,,,,,,,,,,,,,,,,,,,,,,,,,,,,,,,,,,,,,,,,,,,,,,,,,,,,,,,,,,,,,,,,,,,,,,,,,,,,,,,,,,,,,,,,,,,,,,,,,,,,,,,,,,,,,,,,,,,,,,,,,,,,,,,,,,,,,,,,,,,,,,,,,,,,,,,,,,,
1764665198.600072,1764665198.597480,35684,0,4385,4392.820313,4491.666504,4512.692383,4396.666504,4512.94873,4526.922852,4389.871582,4558.333496,4380.256348,4490.256348,4522.307617,4567.692383,4393.077148,4380.897461,4501.922852,4544.358887,4531.538574,4502.179688,4384.615234,4387.436035,4561.538574,4522.563965,4491.410156,4391.153809,4576.153809,4384.230957,4555.512695,4509.743652,4397.179688,4529.615234,4493.077148,2738,1,25,2569,9605,,,,0,4,4,4,4,4,4,4,4,4,4,4,4,4,4,4,4,4,4,4,4,4,4,4,4,4,4,4,4,4,4,4,4,100,,,,,,,,,,,,,,,,,,,,,,,,,,,,,,,,,,,,,,,,,,,,,,,,,,,,,,,,,,,,,,,,,,,,,,,,,,,,,,,,,,,,,,,,,,,,,,,,,,,,,,,,,,,,,,,,,,,,,,,,,,,,,,,,,,,,,,,,,,,,,,,,,,,,,,,,,,,,,,,,,,,,,,,,,,,,,,,,,,,,,,,,,,,,,,,,,,,,,,,,,,,,,,
1764665198.603980,1764665198.601387,35685,0,4386.410156,4395.384766,4491.794922,4515.256348,4398.077148,4516.282227,4531.025879,4392.692383,4556.794922,4378.717773,4490.512695,4524.102539,4568.333496,4396.153809,4380.769043,4500.769043,4547.307617,4530.769043,4499.230957,4386.538574,4388.589844,4562.563965,4523.205078,4492.05127,4392.05127,4579.358887,4385.897461,4557.563965,4511.666504,4398.461426,4533.589844,4495.128418,2777,1,25,2569,9605,,,,0,4,4,4,4,4,4,4,4,4,4,4,4,4,4,4,4,4,4,4,4,4,4,4,4,4,4,4,4,4,4,4,4,100,,,,,,,,,,,,,,,,,,,,,,,,,,,,,,,,,,,25305,0,0.253424,-0.611145,-0.723206,0.19812,0.972287,0.169454,0.030277,23,26.833334,43.5,,,,,,,,,,,,,,,,,,,,,,,,,,,,,,,,,,,,,,,,,,,,,,,,,,,,,,,,,,,,,,,,,,,,,,,,,,,,,,,,,,,,,,,,,,,,,,,,,,,,,,,,,,,,,,,,,,,,,,,,,,,,,,,,,,,,,,,,,,,,,,,,,,,,,,,,,,,,,,,,
1764665198.607889,1764665198.605295,35686,0,4390.256348,4397.563965,4491.794922,4517.94873,4398.974121,4520.512695,4536.410156,4395.256348,4555.128418,4382.563965,4494.102539,4527.436035,4570.769043,4397.692383,4379.743652,4501.282227,4550.384766,4531.922852,4497.820313,4388.717773,4391.410156,4565.769043,4524.358887,4493.846191,4395.769043,4581.538574,4390,4562.436035,4513.205078,4401.025879,4537.307617,4497.05127,2780,1,25,2567,9613,,,,0,4,4,4,4,4,4,4,4,4,4,4,4,4,4,4,4,4,4,4,4,4,4,4,4,4,4,4,4,4,4,4,4,100,,,,,,,,,,,,,,,,,,,,,,,,,,,,,,,,,,,,,,,,,,,,,,,,,,,,,,,,,,,,,,,,,,,,,,,,,,,,,,,,,,,,,,,,,,,,,,,,,,,,,,,,,,,,,,,,,,,,,,,,,,,,,,,,,,,,,,,,,,,,,,,,,,,,,,,,,,,,,,,,,,,,,,,,,,,,,,,,,,,,,,,,,,,,,,,,,,,,,,,,,,,,,,
1764665198.611797,1764665198.609202,35687,0,4395.512695,4399.230957,4492.05127,4518.717773,4399.102539,4524.615234,4541.025879,4396.025879,4555.512695,4390,4499.871582,4531.282227,4575.128418,4398.077148,4379.615234,4503.846191,4553.205078,4535,4498.846191,4390.641113,4394.871582,4570.256348,4526.282227,4497.436035,4403.077148,4583.333496,4396.153809,4568.461426,4514.871582,4404.615234,4540.256348,4498.974121,2972,1,25,2567,9613,,,,0,4,4,4,4,4,4,4,4,4,4,4,4,4,4,4,4,4,4,4,4,4,4,4,4,4,4,4,4,4,4,4,4,100,,,,,,,,,,,,,,,,,,,,,,,,,,,,,,,,,,,,,,,,,,,,,,,,,,,,,,,,,,,,,,,,,,,,,,,,,,,,,,,,,,,,,,,,,,,,,,,,,,,,,,,,,,,,,,,,,,,,,,,,,,,,,,,,,,,,,,,,,,,,,,,,,,,,,,,,,,,,,,,,,,,,,,,,,,,,,,,,,,,,,,,,,,,,,,,,,,,,,,,,,,,,,,
1764665198.615705,1764665198.613110,35688,0,4400.256348,4400.384766,4492.692383,4517.05127,4398.846191,4527.820313,4542.94873,4394.743652,4558.333496,4396.153809,4505.384766,4534.615234,4580.384766,4398.333496,4380.769043,4506.666504,4556.282227,4538.589844,4501.794922,4390.641113,4397.307617,4574.230957,4529.102539,4501.025879,4411.922852,4585.128418,4402.692383,4572.94873,4516.922852,4408.589844,4542.692383,4500.769043,2847,1,25,2567,9621,,,,0,4,4,4,4,4,4,4,4,4,4,4,4,4,4,4,4,4,4,4,4,4,4,4,4,4,4,4,4,4,4,4,4,100,,,,,,,,,,,,,,,,,,,,,,,,,,,,,,,,,,,,,,,,,,,,,,,,,,,,,,,,,,,,,,,,,,,,,,,,,,,,,,,,,,,,,,,,,,,,,,,,,,,,,,,,,,,,,,,,,,,,,,,,,,,,,,,,,,,,,,,,,,,,,,,,,,,,,,,,,,,,,,,,,,,,,,,,,,,,,,,,,,,,,,,,,,,,,,,,,,,,,,,,,,,,,,
1764665198.619614,1764665198.617017,35689,0,4402.307617,4401.666504,4493.589844,4514.358887,4398.846191,4529.743652,4542.179688,4392.179688,4561.666504,4397.179688,4508.333496,4536.666504,4584.871582,4398.589844,4381.922852,4507.307617,4559.487305,4540.384766,4504.615234,4387.563965,4397.692383,4576.025879,4531.538574,4502.307617,4418.974121,4586.538574,4406.538574,4574.358887,4518.717773,4411.025879,4544.615234,4502.05127,2696,1,25,2567,9621,,,,0,4,4,4,4,4,4,4,4,4,4,4,4,4,4,4,4,4,4,4,4,4,4,4,4,4,4,4,4,4,4,4,4,100,,,,,,,,,,,,,,,,,,,,,,,,,,,,,,,,,,,25306,0,0.253575,-0.611023,-0.723206,0.198303,0.966915,0.176779,0.029789,22,30.166666,43.666668,,,,,,,,,,,,,,,,,,,,,,,,,,,,,,,,,,,,,,,,,,,,,,,,,,,,,,,,,,,,,,,,,,,,,,,,,,,,,,,,,,,,,,,,,,,,,,,,,,,,,,,,,,,,,,,,,,,,,,,,,,,,,,,,,,,,,,,,,,,,,,,,,,,,,,,,,,,,,,,,
1764665198.623522,1764665198.620925,35690,0,4401.538574,4403.205078,4494.487305,4512.692383,4399.615234,4530.384766,4540.256348,4390.384766,4563.589844,4392.692383,4507.692383,4537.307617,4587.307617,4398.077148,4381.282227,4505,4561.922852,4539.615234,4506.538574,4382.563965,4396.794922,4575.384766,4533.077148,4500.641113,4422.179688,4586.666504,4406.794922,4572.94873,4519.102539,4411.153809,4546.153809,4502.692383,2271,1,25,2568,9629,,,,0,4,4,4,4,4,4,4,4,4,4,4,4,4,4,4,4,4,4,4,4,4,4,4,4,4,4,4,4,4,4,4,4,100,,,,,,,,,,,,,,,,,,,,,,,,,,,,,,,,,,,,,,,,,,,,,,,,,,,,,,,,,,,,,,,,,,,,,,,,,,,,,,,,,,,,,,,,,,,,,,,,,,,,,,,,,,,,,,,,,,,,,,,,,,,,,,,,,,,,,,,,,,,,,,,,,,,,,,,,,,,,,,,,,,,,,,,,,,,,,,,,,,,,,,,,,,,,,,,,,,,,,,,,,,,,,,
1764665198.627430,1764665198.624832,35691,0,4399.358887,4405.769043,4495.641113,4513.846191,4401.538574,4530,4538.846191,4390.512695,4563.974121,4386.410156,4505,4536.666504,4587.179688,4397.05127,4379.102539,4502.05127,4562.307617,4537.563965,4507.692383,4378.974121,4396.666504,4573.333496,4533.846191,4497.692383,4422.563965,4586.153809,4404.615234,4570.512695,4517.820313,4410.256348,4547.05127,4503.589844,2689,1,25,2568,9629,,,,0,4,4,4,4,4,4,4,4,4,4,4,4,4,4,4,4,4,4,4,4,4,4,4,4,4,4,4,4,4,4,4,4,100,,,,,,,,,,,,,,,,,,,,,,,,,,,,,,,,,,,,,,,,,,,,,,,,,,,,,,,,,,,,,,,,,,,,,,,,,,,,,,,,,,,,,,,,,,,,,,,,,,,,,,,,,,,,,,,,,,,,,,,,,,,,,,,,,,,,,,,,,,,,,,,,,,,,,,,,,,,,,,,,,,,,,,,,,,,,,,,,,,,,,,,,,,,,,,,,,,,,,,,,,,,,,,
1764665198.631338,1764665198.628739,35692,0,4398.461426,4409.102539,4497.692383,4517.563965,4403.974121,4529.615234,4539.615234,4392.692383,4564.487305,4383.717773,4502.692383,4535.384766,4585.512695,4396.666504,4377.179688,4501.666504,4561.153809,4537.563965,4509.358887,4379.871582,4398.846191,4572.307617,4534.743652,4496.538574,4421.153809,4586.538574,4402.94873,4569.871582,4516.666504,4410.384766,4547.05127,4505.384766,2489,1,25,2568,9636,,,,0,4,4,4,4,4,4,4,4,4,4,4,4,4,4,4,4,4,4,4,4,4,4,4,4,4,4,4,4,4,4,4,4,100,,,,,,,,,,,,,,,,,,,,,,,,,,,,,,,,,,,,,,,,,,,,,,,,,,,,,,,,,,,,,,,,,,,,,,,,,,,,,,,,,,,,,,,,,,,,,,,,,,,,,,,,,,,,,,,,,,,,,,,,,,,,,,,,,,,,,,,,,,,,,,,,,,,,,,,,,,,,,,,,,,,,,,,,,,,,,,,,,,,,,,,,,,,,,,,,,,,,,,,,,,,,,,
1764665198.635246,1764665198.632647,35693,0,4399.743652,4411.666504,4500,4522.05127,4405.512695,4528.974121,4541.922852,4395.256348,4566.538574,4386.922852,4502.563965,4533.461426,4583.974121,4397.94873,4377.05127,4504.743652,4559.743652,4540.512695,4511.282227,4384.615234,4402.820313,4573.589844,4536.538574,4497.94873,4417.436035,4587.692383,4403.077148,4571.410156,4516.794922,4412.05127,4546.153809,4507.563965,2235,1,25,2568,9636,,,,0,4,4,4,4,4,4,4,4,4,4,4,4,4,4,4,4,4,4,4,4,4,4,4,4,4,4,4,4,4,4,4,4,100,,,,,,,,,,,,,,,,,,,,,,,,,,,,,,,,,,,25307,0,0.253931,-0.610901,-0.723083,0.198669,0.981565,0.177756,0.0293,20.333334,30.666666,43.666668,,,,,,,,,,,,,,,,,,,,,,,,,,,,,,,,,,,,,,,,,,,,,,,,,,,,,,,,,,,,,,,,,,,,,,,,,,,,,,,,,,,,,,,,,,,,,,,,,,,,,,,,,,,,,,,,,,,,,,,,,,,,,,,,,,,,,,,,,,,,,,,,,,,,,,,,,,,,,,,,
1764665198.639155,1764665198.636554,35694,0,4401.666504,4410.384766,4500.769043,4524.230957,4404.358887,4526.666504,4542.820313,4395.256348,4568.333496,4394.230957,4503.333496,4530.769043,4582.436035,4400.256348,4378.589844,4508.717773,4558.333496,4543.974121,4512.563965,4389.230957,4405.641113,4575.641113,4537.307617,4500,4409.487305,4587.94873,4403.717773,4573.846191,4517.820313,4413.333496,4544.230957,4508.077148,2702,1,25,2565,9644,,,,0,4,4,4,4,4,4,4,4,4,4,4,4,4,4,4,4,4,4,4,4,4,4,4,4,4,4,4,4,4,4,4,4,100,,,,,,,,,,,,,,,,,,,,,,,,,,,,,,,,,,,,,,,,,,,,,,,,,,,,,,,,,,,,,,,,,,,,,,,,,,,,,,,,,,,,,,,,,,,,,,,,,,,,,,,,,,,,,,,,,,,,,,,,,,,,,,,,,,,,,,,,,,,,,,,,,,,,,,,,,,,,,,,,,,,,,,,,,,,,,,,,,,,,,,,,,,,,,,,,,,,,,,,,,,,,,,
1764665198.643063,1764665198.640462,35695,0,4400.897461,4403.461426,4498.205078,4521.794922,4399.358887,4521.538574,4538.974121,4390.769043,4565.897461,4400.512695,4502.436035,4526.282227,4578.717773,4400.512695,4379.358887,4509.230957,4555.769043,4544.102539,4511.025879,4389.615234,4404.743652,4575.641113,4534.743652,4499.871582,4397.820313,4584.743652,4402.05127,4573.846191,4517.179688,4411.538574,4541.794922,4505.256348,2496,1,25,2565,9644,,,,0,4,4,4,4,4,4,4,4,4,4,4,4,4,4,4,4,4,4,4,4,4,4,4,4,4,4,4,4,4,4,4,4,100,,,,,,,,,,,,,,,,,,,,,,,,,,,,,,,,,,,,,,,,,,,,,,,,,,,,,,,,,,,,,,,,,,,,,,,,,,,,,,,,,,,,,,,,,,,,,,,,,,,,,,,,,,,,,,,,,,,,,,,,,,,,,,,,,,,,,,,,,,,,,,,,,,,,,,,,,,,,,,,,,,,,,,,,,,,,,,,,,,,,,,,,,,,,,,,,,,,,,,,,,,,,,,
1764665198.646971,1764665198.644369,35696,0,4395.384766,4393.333496,4492.820313,4514.358887,4391.794922,4514.230957,4530,4382.563965,4557.307617,4401.282227,4498.717773,4519.615234,4572.179688,4396.666504,4377.307617,4504.102539,4550.256348,4538.589844,4506.025879,4384.230957,4399.615234,4572.307617,4527.436035,4496.410156,4387.563965,4577.692383,4397.179688,4569.487305,4513.717773,4405.897461,4538.846191,4499.615234,2858,1,25,2564,9652,,,,0,4,4,4,4,4,4,4,4,4,4,4,4,4,4,4,4,4,4,4,4,4,4,4,4,4,4,4,4,4,4,4,4,100,,,,,,,,,,,,,,,,,,,,,,,,,,,,,,,,,,,,,,,,,,,,,,,,,,,,,,,,,,,,,,,,,,,,,,,,,,,,,,,,,,,,,,,,,,,,,,,,,,,,,,,,,,,,,,,,,,,,,,,,,,,,,,,,,,,,,,,,,,,,,,,,,,,,,,,,,,,,,,,,,,,,,,,,,,,,,,,,,,,,,,,,,,,,,,,,,,,,,,,,,,,,,,
1764665198.650880,1764665198.648277,35697,0,4386.538574,4385.641113,4487.820313,4505.256348,4384.358887,4507.692383,4520.512695,4375,4546.025879,4396.794922,4493.846191,4511.922852,4564.871582,4388.974121,4373.333496,4495.641113,4542.307617,4530.256348,4500,4376.538574,4392.94873,4566.922852,4518.333496,4491.282227,4385.256348,4570.128418,4391.025879,4562.05127,4508.717773,4399.358887,4536.410156,4494.871582,2920,1,25,2564,9652,,,,0,4,4,4,4,4,4,4,4,4,4,4,4,4,4,4,4,4,4,4,4,4,4,4,4,4,4,4,4,4,4,4,4,100,,,,,,,,,,,,,,,,,,,,,,,,,,,,,,,,,,,25308,0,0.254156,-0.61084,-0.723022,0.198792,0.97424,0.172873,0.035649,22.833334,31,43.666668,,,,,,,,,,,,,,,,,,,,,,,,,,,,,,,,,,,,,,,,,,,,,,,,,,,,,,,,,,,,,,,,,,,,,,,,,,,,,,,,,,,,,,,,,,,,,,,,,,,,,,,,,,,,,,,,,,,,,,,,,,,,,,,,,,,,,,,,,,,,,,,,,,,,,,,,,,,,,,,,
1764665198.654788,1764665198.652184,35698,0,4379.615234,4384.871582,4487.307617,4499.871582,4381.025879,4504.871582,4516.410156,4372.94873,4539.615234,4391.794922,4491.153809,4506.538574,4561.153809,4380.897461,4371.282227,4488.589844,4535.897461,4523.717773,4496.666504,4371.922852,4388.461426,4562.436035,4512.307617,4488.205078,4392.692383,4566.666504,4387.307617,4556.025879,4505.128418,4396.410156,4535.512695,4494.487305,1751,1,25,2565,9660,,,,0,4,4,4,4,4,4,4,4,4,4,4,4,4,4,4,4,4,4,4,4,4,4,4,4,4,4,4,4,4,4,4,4,100,,,,,,,,,,,,,,,,,,,,,,,,,,,,,,,,,,,,,,,,,,,,,,,,,,,,,,,,,,,,,,,,,,,,,,,,,,,,,,,,,,,,,,,,,,,,,,,,,,,,,,,,,,,,,,,,,,,,,,,,,,,,,,,,,,,,,,,,,,,,,,,,,,,,,,,,,,,,,,,,,,,,,,,,,,,,,,,,,,,,,,,,,,,,,,,,,,,,,,,,,,,,,,
1764665198.658696,1764665198.656092,35699,0,4378.589844,4391.025879,4492.692383,4501.666504,4383.461426,4507.563965,4521.025879,4378.461426,4543.589844,4392.05127,4492.563965,4506.282227,4563.974121,4376.794922,4373.717773,4487.05127,4534.358887,4522.563965,4498.461426,4373.974121,4388.205078,4561.410156,4512.436035,4489.743652,4405.128418,4569.102539,4388.205078,4555.512695,4504.871582,4398.974121,4536.922852,4498.461426,2952,1,25,2565,9660,,,,0,4,4,4,4,4,4,4,4,4,4,4,4,4,4,4,4,4,4,4,4,4,4,4,4,4,4,4,4,4,4,4,4,100,,,,,,,,,,,,,,,,,,,,,,,,,,,,,,,,,,,,,,,,,,,,,,,,,,,,,,,,,,,,,,,,,,,,,,,,,,,,,,,,,,,,,,,,,,,,,,,,,,,,,,,,,,,,,,,,,,,,,,,,,,,,,,,,,,,,,,,,,,,,,,,,,,,,,,,,,,,,,,,,,,,,,,,,,,,,,,,,,,,,,,,,,,,,,,,,,,,,,,,,,,,,,,
1764665198.662604,1764665198.659999,35700,0,4383.717773,4399.230957,4501.153809,4509.871582,4390.256348,4514.487305,4532.05127,4388.077148,4556.153809,4398.461426,4496.794922,4511.666504,4571.282227,4378.974121,4379.743652,4491.410156,4538.077148,4527.179688,4504.487305,4381.922852,4391.410156,4564.102539,4517.94873,4495.769043,4414.358887,4575,4392.563965,4560.641113,4507.692383,4405.512695,4540,4504.102539,2513,1,25,2566,9668,,,,0,4,4,4,4,4,4,4,4,4,4,4,4,4,4,4,4,4,4,4,4,4,4,4,4,4,4,4,4,4,4,4,4,100,,,,,,,,,,,,,,,,,,,,,,,,,,,,,,,,,,,,,,,,,,,,,,,,,,,,,,,,,,,,,,,,,,,,,,,,,,,,,,,,,,,,,,,,,,,,,,,,,,,,,,,,,,,,,,,,,,,,,,,,,,,,,,,,,,,,,,,,,,,,,,,,,,,,,,,,,,,,,,,,,,,,,,,,,,,,,,,,,,,,,,,,,,,,,,,,,,,,,,,,,,,,,,
1764665198.666513,1764665198.663906,35701,0,4390.897461,4404.230957,4508.589844,4520.256348,4397.94873,4522.307617,4543.205078,4396.153809,4569.102539,4406.025879,4501.025879,4520.256348,4578.846191,4385.384766,4385.128418,4499.102539,4544.230957,4534.871582,4511.666504,4391.538574,4396.025879,4569.615234,4524.743652,4502.563965,4415.769043,4580.769043,4397.05127,4567.820313,4511.153809,4411.794922,4543.205078,4508.333496,2813,1,25,2566,9668,,,,0,4,4,4,4,4,4,4,4,4,4,4,4,4,4,4,4,4,4,4,4,4,4,4,4,4,4,4,4,4,4,4,4,100,,,,,,,,,,,,,,,,,,,,,,,,,,,,,,,,,,,25309,0,0.254333,-0.610779,-0.722961,0.198975,0.97424,0.172873,0.035649,22.333334,29,45,,,,,,,,,,,,,,,,,,,,,,,,,,,,,,,,,,,,,,,,,,,,,,,,,,,,,,,,,,,,,,,,,,,,,,,,,,,,,,,,,,,,,,,,,,,,,,,,,,,,,,,,,,,,,,,,,,,,,,,,,,,,,,,,,,,,,,,,,,,,,,,,,,,,,,,,,,,,,,,,
1764665198.670421,1764665198.667814,35702,0,4395.769043,4404.358887,4512.94873,4527.94873,4402.94873,4527.692383,4548.974121,4398.974121,4574.615234,4408.461426,4502.563965,4527.820313,4582.436035,4392.307617,4386.538574,4506.410156,4549.102539,4541.538574,4516.410156,4398.461426,4400.128418,4575.128418,4528.974121,4506.282227,4410.769043,4583.717773,4399.102539,4572.05127,4513.077148,4414.487305,4545,4510.769043,2928,1,25,2567,9676,,,,0,4,4,4,4,4,4,4,4,4,4,4,4,4,4,4,4,4,4,4,4,4,4,4,4,4,4,4,4,4,4,4,4,100,,,,,,,,,,,,,,,,,,,,,,,,,,,,,,,,,,,,,,,,,,,,,,,,,,,,,,,,,,,,,,,,,,,,,,,,,,,,,,,,,,,,,,,,,,,,,,,,,,,,,,,,,,,,,,,,,,,,,,,,,,,,,,,,,,,,,,,,,,,,,,,,,,,,,,,,,,,,,,,,,,,,,,,,,,,,,,,,,,,,,,,,,,,,,,,,,,,,,,,,,,,,,,
1764665198.674329,1764665198.671721,35703,0,4395.897461,4402.05127,4515.256348,4530.384766,4404.102539,4529.102539,4547.563965,4396.538574,4570,4403.717773,4501.025879,4530.769043,4580.897461,4396.153809,4383.589844,4510.384766,4549.743652,4544.358887,4516.410156,4399.102539,4401.922852,4577.563965,4528.717773,4504.743652,4404.487305,4583.846191,4398.077148,4570.641113,4512.307617,4412.692383,4544.358887,4513.205078,2843,1,25,2567,9676,,,,0,4,4,4,4,4,4,4,4,4,4,4,4,4,4,4,4,4,4,4,4,4,4,4,4,4,4,4,4,4,4,4,4,100,,,,,,,,,,,,,,,,,,,,,,,,,,,,,,,,,,,,,,,,,,,,,,,,,,,,,,,,,,,,,,,,,,,,,,,,,,,,,,,,,,,,,,,,,,,,,,,,,,,,,,,,,,,,,,,,,,,,,,,,,,,,,,,,,,,,,,,,,,,,,,,,,,,,,,,,,,,,,,,,,,,,,,,,,,,,,,,,,,,,,,,,,,,,,,,,,,,,,,,,,,,,,,
1764665198.678237,1764665198.675629,35704,0,4392.05127,4400.641113,4517.563965,4527.820313,4402.05127,4526.922852,4541.666504,4391.538574,4559.871582,4395.641113,4497.94873,4527.692383,4576.025879,4396.025879,4378.333496,4510.384766,4546.538574,4542.436035,4511.666504,4393.077148,4400.641113,4575.128418,4524.871582,4498.589844,4401.153809,4582.436035,4395.512695,4564.358887,4510.128418,4408.717773,4542.05127,4516.666504,2764,1,25,2568,9683,,,,0,4,4,4,4,4,4,4,4,4,4,4,4,4,4,4,4,4,4,4,4,4,4,4,4,4,4,4,4,4,4,4,4,100,,,,,,,,,,,,,,,,,,,,,,,,,,,,,,,,,,,,,,,,,,,,,,,,,,,,,,,,,,,,,,,,,,,,,,,,,,,,,,,,,,,,,,,,,,,,,,,,,,,,,,,,,,,,,,,,,,,,,,,,,,,,,,,,,,,,,,,,,,,,,,,,,,,,,,,,,,,,,,,,,,,,,,,,,,,,,,,,,,,,,,,,,,,,,,,,,,,,,,,,,,,,,,
1764665198.682146,1764665198.679536,35705,0,4386.666504,4401.538574,4520.512695,4523.205078,4398.974121,4523.077148,4536.410156,4387.307617,4551.410156,4389.230957,4495.512695,4521.922852,4570.641113,4394.230957,4373.974121,4507.307617,4541.922852,4537.436035,4504.102539,4383.717773,4396.410156,4568.846191,4520.128418,4491.666504,4401.410156,4581.410156,4393.846191,4557.05127,4508.461426,4405.384766,4539.871582,4520.641113,2814,1,25,2568,9683,,,,0,4,4,4,4,4,4,4,4,4,4,4,4,4,4,4,4,4,4,4,4,4,4,4,4,4,4,4,4,4,4,4,4,100,,,,,,,,,,,,,,,,,,,,,,,,,,,,,,,,,,,25310,0,0.254203,-0.61084,-0.723022,0.19873,0.999634,0.175314,0.041021,23.666666,28.166666,44.5,,,,,,,,,,,,,,,,,,,,,,,,,,,,,,,,,,,,,,,,,,,,,,,,,,,,,,,,,,,,,,,,,,,,,,,,,,,,,,,,,,,,,,,,,,,,,,,,,,,,,,,,,,,,,,,,,,,,,,,,,,,,,,,,,,,,,,,,,,,,,,,,,,,,,,,,,,,,,,,,
1764665198.686054,1764665198.683444,35706,0,4382.563965,4403.974121,4522.307617,4519.487305,4396.538574,4519.871582,4534.487305,4385.897461,4549.743652,4386.025879,4494.871582,4518.205078,4566.922852,4393.717773,4372.563965,4502.692383,4539.487305,4532.563965,4497.179688,4375.897461,4391.025879,4562.179688,4516.666504,4487.436035,4403.589844,4581.410156,4394.230957,4552.307617,4508.846191,4404.871582,4539.358887,4522.307617,1953,1,25,2569,9691,,,,0,4,4,4,4,4,4,4,4,4,4,4,4,4,4,4,4,4,4,4,4,4,4,4,4,4,4,4,4,4,4,4,4,100,0.859375,100,4,4,4,4,4,4,4,4,4,4,4,4,4,4,4,4,4,4,4,4,4,4,4,4,4,4,4,4,4,4,4,4,,,,,,,,,,,,,0.970593,2.121925,0.400169,0.760125,0.667112,1.507477,2.115913,0.558354,0.812387,0.592847,1.183961,3.774241,0.830245,0.89954,0.71737,0.67546,1.542333,0.679772,0.704886,0.620947,0.993368,1.847364,0.915136,0.760985,0.691079,0.711595,1.512835,0.632204,0.717133,0.499227,0.895098,1.964112,0.713161,0.675091,0.546365,0.879304,2.244558,0.805511,0.811445,0.78171,1.098491,1.94891,0.710835,0.768793,0.760786,1.428071,1.11154,0.90431,1.991993,0.955769,0.312584,1.65157,0.507851,0.419383,0.461601,1.285732,2.628912,0.36607,0.869861,0.632738,0.825202,1.511363,0.52093,0.690642,0.588926,0.975884,1.992106,0.682691,0.395384,0.435662,0.596292,0.984662,0.213136,0.362578,0.629327,0.975953,0.960115,0.244052,0.613714,0.643885,1.558577,2.485374,0.439885,0.960773,0.868406,1.158729,2.395581,0.26681,0.963295,0.851621,1.384493,1.438968,0.335996,0.598462,0.495413,1.632654,1.824899,0.859702,0.803058,0.78715,1.826209,2.093823,0.871058,0.697261,0.575727,1.921748,2.133902,0.509605,0.83912,0.678631,1.285995,1.708686,0.330362,0.643229,0.561281,1.112074,2.194622,0.736063,0.918178,0.808643,1.815808,3.712166,2.547787,2.726362,1.513801,1.403272,1.555604,0.74378,0.616323,0.589502,1.478973,1.721364,0.852871,0.893972,0.822939,1.015772,1.801467,0.714856,0.950093,0.763007,0.611872,0.984483,0.260184,0.400883,0.3408,0.76602,1.520996,0.949726,0.717531,0.674784,1.258554,1.7204,1.067219,0.69527,0.703219,1.264029,2.674431,1.002127,0.789593,0.674523
1764665198.689962,1764665198.687351,35707,0,4381.025879,4405.128418,4520.769043,4517.692383,4395.641113,4517.563965,4535.769043,4386.538574,4554.230957,4382.94873,4495.256348,4518.846191,4565.897461,4395.512695,4374.230957,4498.589844,4540.256348,4529.230957,4493.589844,4372.94873,4386.666504,4558.333496,4515.384766,4487.307617,4404.743652,4581.025879,4395.641113,4551.410156,4510.384766,4406.410156,4540,4519.743652,2632,1,25,2569,9691,,,,0,4,4,4,4,4,4,4,4,4,4,4,4,4,4,4,4,4,4,4,4,4,4,4,4,4,4,4,4,4,4,4,4,100,,,,,,,,,,,,,,,,,,,,,,,,,,,,,,,,,,,,,,,,,,,,,,,,,,,,,,,,,,,,,,,,,,,,,,,,,,,,,,,,,,,,,,,,,,,,,,,,,,,,,,,,,,,,,,,,,,,,,,,,,,,,,,,,,,,,,,,,,,,,,,,,,,,,,,,,,,,,,,,,,,,,,,,,,,,,,,,,,,,,,,,,,,,,,,,,,,,,,,,,,,,,,,
1764665198.693870,1764665198.691258,35708,0,4381.282227,4403.205078,4515.384766,4517.436035,4395.641113,4515.641113,4538.205078,4387.563965,4558.846191,4377.94873,4494.871582,4521.922852,4567.05127,4397.94873,4376.538574,4496.410156,4542.307617,4527.307617,4493.717773,4374.487305,4384.230957,4558.333496,4515.256348,4489.358887,4403.846191,4578.589844,4395.897461,4553.205078,4511.153809,4407.692383,4540.641113,4513.974121,2689,1,25,2570,9699,,,,0,4,4,4,4,4,4,4,4,4,4,4,4,4,4,4,4,4,4,4,4,4,4,4,4,4,4,4,4,4,4,4,4,100,,,,,,,,,,,,,,,,,,,,,,,,,,,,,,,,,,,,,,,,,,,,,,,,,,,,,,,,,,,,,,,,,,,,,,,,,,,,,,,,,,,,,,,,,,,,,,,,,,,,,,,,,,,,,,,,,,,,,,,,,,,,,,,,,,,,,,,,,,,,,,,,,,,,,,,,,,,,,,,,,,,,,,,,,,,,,,,,,,,,,,,,,,,,,,,,,,,,,,,,,,,,,,
1764665198.697779,1764665198.695166,35709,0,4381.794922,4399.487305,4509.230957,4518.205078,4396.153809,4513.589844,4539.615234,4387.05127,4558.589844,4373.205078,4493.333496,4523.077148,4568.974121,4399.102539,4377.563965,4496.282227,4543.077148,4526.025879,4496.410156,4377.436035,4383.846191,4560.897461,4515.641113,4491.282227,4401.666504,4573.846191,4394.487305,4555.256348,4510.128418,4407.307617,4540.384766,4508.077148,2507,1,25,2570,9699,,,,0,4,4,4,4,4,4,4,4,4,4,4,4,4,4,4,4,4,4,4,4,4,4,4,4,4,4,4,4,4,4,4,4,100,,,,,,,,,,,,,,,,,,,,,,,,,,,,,,,,,,,25311,0,0.254251,-0.61084,-0.723022,0.198669,0.999634,0.175314,0.041021,23.666666,28.166666,44.5,,,,,,,,,,,,,,,,,,,,,,,,,,,,,,,,,,,,,,,,,,,,,,,,,,,,,,,,,,,,,,,,,,,,,,,,,,,,,,,,,,,,,,,,,,,,,,,,,,,,,,,,,,,,,,,,,,,,,,,,,,,,,,,,,,,,,,,,,,,,,,,,,,,,,,,,,,,,,,,,
1764665198.701687,1764665198.699073,35710,0,4382.179688,4396.282227,4506.410156,4519.615234,4397.179688,4512.436035,4539.871582,4385.128418,4553.333496,4372.94873,4492.05127,4520.256348,4570.512695,4398.333496,4377.307617,4497.563965,4541.922852,4525.128418,4499.487305,4378.846191,4384.487305,4563.589844,4516.282227,4491.410156,4400.641113,4569.615234,4392.94873,4556.025879,4508.077148,4405.769043,4539.487305,4505.769043,2654,1,25,2571,9707,,,,0,4,4,4,4,4,4,4,4,4,4,4,4,4,4,4,4,4,4,4,4,4,4,4,4,4,4,4,4,4,4,4,4,100,,,,,,,,,,,,,,,,,,,,,,,,,,,,,,,,,,,,,,,,,,,,,,,,,,,,,,,,,,,,,,,,,,,,,,,,,,,,,,,,,,,,,,,,,,,,,,,,,,,,,,,,,,,,,,,,,,,,,,,,,,,,,,,,,,,,,,,,,,,,,,,,,,,,,,,,,,,,,,,,,,,,,,,,,,,,,,,,,,,,,,,,,,,,,,,,,,,,,,,,,,,,,,
1764665198.705595,1764665198.702981,35711,0,4382.179688,4395.384766,4507.94873,4520.641113,4398.589844,4512.94873,4539.230957,4382.436035,4547.05127,4378.333496,4492.692383,4514.743652,4570.256348,4396.922852,4376.282227,4498.846191,4540,4524.743652,4500.641113,4377.436035,4383.974121,4563.461426,4517.436035,4489.358887,4401.282227,4568.333496,4392.307617,4555.256348,4506.666504,4404.102539,4538.205078,4506.922852,2827,1,25,2571,9707,,,,0,4,4,4,4,4,4,4,4,4,4,4,4,4,4,4,4,4,4,4,4,4,4,4,4,4,4,4,4,4,4,4,4,100,,,,,,,,,,,,,,,,,,,,,,,,,,,,,,,,,,,,,,,,,,,,,,,,,,,,,,,,,,,,,,,,,,,,,,,,,,,,,,,,,,,,,,,,,,,,,,,,,,,,,,,,,,,,,,,,,,,,,,,,,,,,,,,,,,,,,,,,,,,,,,,,,,,,,,,,,,,,,,,,,,,,,,,,,,,,,,,,,,,,,,,,,,,,,,,,,,,,,,,,,,,,,,
1764665198.709504,1764665198.706888,35712,0,4381.666504,4394.871582,4510.512695,4518.846191,4398.589844,4513.974121,4537.436035,4379.102539,4543.461426,4385.384766,4494.871582,4509.487305,4568.205078,4396.153809,4374.871582,4498.717773,4538.461426,4523.974121,4498.205078,4373.461426,4381.282227,4559.743652,4517.820313,4485,4401.282227,4569.743652,4391.538574,4553.461426,4506.025879,4402.05127,4535.769043,4507.820313,2759,1,25,2571,9715,,,,0,4,4,4,4,4,4,4,4,4,4,4,4,4,4,4,4,4,4,4,4,4,4,4,4,4,4,4,4,4,4,4,4,100,,,,,,,,,,,,,,,,,,,,,,,,,,,,,,,,,,,,,,,,,,,,,,,,,,,,,,,,,,,,,,,,,,,,,,,,,,,,,,,,,,,,,,,,,,,,,,,,,,,,,,,,,,,,,,,,,,,,,,,,,,,,,,,,,,,,,,,,,,,,,,,,,,,,,,,,,,,,,,,,,,,,,,,,,,,,,,,,,,,,,,,,,,,,,,,,,,,,,,,,,,,,,,
1764665198.713412,1764665198.710796,35713,0,4380,4392.436035,4508.974121,4512.820313,4395.512695,4513.589844,4533.589844,4375.256348,4542.820313,4387.94873,4496.410156,4506.282227,4565,4395.641113,4372.94873,4496.666504,4537.563965,4521.922852,4493.205078,4368.589844,4377.436035,4553.846191,4516.282227,4479.615234,4398.077148,4571.282227,4388.461426,4551.282227,4504.743652,4398.333496,4531.282227,4504.102539,2920,1,25,2571,9715,,,,0,4,4,4,4,4,4,4,4,4,4,4,4,4,4,4,4,4,4,4,4,4,4,4,4,4,4,4,4,4,4,4,4,100,,,,,,,,,,,,,,,,,,,,,,,,,,,,,,,,,,,25312,0,0.254026,-0.610901,-0.723083,0.198547,0.984495,0.175314,0.029789,23.166666,28.666666,44.166668,,,,,,,,,,,,,,,,,,,,,,,,,,,,,,,,,,,,,,,,,,,,,,,,,,,,,,,,,,,,,,,,,,,,,,,,,,,,,,,,,,,,,,,,,,,,,,,,,,,,,,,,,,,,,,,,,,,,,,,,,,,,,,,,,,,,,,,,,,,,,,,,,,,,,,,,,,,,,,,,
1764665198.717320,1764665198.714703,35714,0,4377.692383,4387.563965,4501.282227,4503.717773,4389.871582,4510.769043,4528.205078,4371.538574,4543.077148,4383.333496,4495.897461,4505.384766,4562.307617,4394.358887,4370.897461,4494.358887,4536.794922,4518.974121,4488.589844,4365.256348,4375.128418,4549.230957,4513.205078,4475.897461,4392.05127,4570.769043,4383.077148,4549.358887,4502.179688,4393.461426,4525.512695,4495.769043,2601,1,25,2571,9722,,,,0,4,4,4,4,4,4,4,4,4,4,4,4,4,4,4,4,4,4,4,4,4,4,4,4,4,4,4,4,4,4,4,4,100,,,,,,,,,,,,,,,,,,,,,,,,,,,,,,,,,,,,,,,,,,,,,,,,,,,,,,,,,,,,,,,,,,,,,,,,,,,,,,,,,,,,,,,,,,,,,,,,,,,,,,,,,,,,,,,,,,,,,,,,,,,,,,,,,,,,,,,,,,,,,,,,,,,,,,,,,,,,,,,,,,,,,,,,,,,,,,,,,,,,,,,,,,,,,,,,,,,,,,,,,,,,,,
1764665198.721228,1764665198.718611,35715,0,4375.897461,4383.205078,4490.641113,4494.871582,4384.487305,4506.794922,4522.94873,4368.846191,4542.179688,4374.615234,4493.974121,4505.769043,4561.538574,4391.922852,4369.487305,4493.974121,4536.025879,4517.05127,4487.436035,4365.384766,4377.05127,4548.846191,4510.897461,4475.897461,4386.153809,4568.333496,4378.077148,4548.205078,4499.615234,4389.615234,4520.769043,4487.436035,2854,1,25,2571,9722,,,,0,4,4,4,4,4,4,4,4,4,4,4,4,4,4,4,4,4,4,4,4,4,4,4,4,4,4,4,4,4,4,4,4,100,,,,,,,,,,,,,,,,,,,,,,,,,,,,,,,,,,,,,,,,,,,,,,,,,,,,,,,,,,,,,,,,,,,,,,,,,,,,,,,,,,,,,,,,,,,,,,,,,,,,,,,,,,,,,,,,,,,,,,,,,,,,,,,,,,,,,,,,,,,,,,,,,,,,,,,,,,,,,,,,,,,,,,,,,,,,,,,,,,,,,,,,,,,,,,,,,,,,,,,,,,,,,,
1764665198.725137,1764665198.722518,35716,0,4376.153809,4382.05127,4483.077148,4489.871582,4382.179688,4503.846191,4520.256348,4368.205078,4540.769043,4367.820313,4492.563965,4506.794922,4563.205078,4389.358887,4370.256348,4496.410156,4535.769043,4518.205078,4491.282227,4369.487305,4382.820313,4553.589844,4511.410156,4479.358887,4383.461426,4566.410156,4376.282227,4548.333496,4498.974121,4388.717773,4519.102539,4483.846191,2755,1,25,2571,9730,,,,0,4,4,4,4,4,4,4,4,4,4,4,4,4,4,4,4,4,4,4,4,4,4,4,4,4,4,4,4,4,4,4,4,100,,,,,,,,,,,,,,,,,,,,,,,,,,,,,,,,,,,,,,,,,,,,,,,,,,,,,,,,,,,,,,,,,,,,,,,,,,,,,,,,,,,,,,,,,,,,,,,,,,,,,,,,,,,,,,,,,,,,,,,,,,,,,,,,,,,,,,,,,,,,,,,,,,,,,,,,,,,,,,,,,,,,,,,,,,,,,,,,,,,,,,,,,,,,,,,,,,,,,,,,,,,,,,
1764665198.729045,1764665198.726425,35717,0,4378.589844,4384.358887,4482.820313,4490.512695,4383.205078,4503.589844,4521.538574,4369.358887,4540.897461,4367.94873,4493.461426,4508.077148,4566.922852,4388.717773,4374.102539,4500.897461,4537.179688,4523.461426,4498.461426,4375.384766,4390.256348,4560.897461,4514.743652,4484.487305,4385.256348,4567.05127,4378.461426,4550.256348,4500.897461,4390.769043,4520.641113,4486.538574,2793,1,25,2571,9730,,,,0,4,4,4,4,4,4,4,4,4,4,4,4,4,4,4,4,4,4,4,4,4,4,4,4,4,4,4,4,4,4,4,4,100,,,,,,,,,,,,,,,,,,,,,,,,,,,,,,,,,,,25313,0,0.254074,-0.610901,-0.723083,0.198486,0.982542,0.176291,0.040044,23.166666,28.666666,44.166668,,,,,,,,,,,,,,,,,,,,,,,,,,,,,,,,,,,,,,,,,,,,,,,,,,,,,,,,,,,,,,,,,,,,,,,,,,,,,,,,,,,,,,,,,,,,,,,,,,,,,,,,,,,,,,,,,,,,,,,,,,,,,,,,,,,,,,,,,,,,,,,,,,,,,,,,,,,,,,,,
1764665198.732953,1764665198.730333,35718,0,4381.794922,4388.205078,4489.615234,4495.897461,4386.410156,4506.794922,4526.282227,4372.307617,4544.487305,4375.128418,4496.538574,4510.128418,4571.153809,4391.666504,4380.384766,4505.897461,4540.641113,4531.794922,4506.153809,4381.282227,4396.410156,4567.179688,4518.717773,4489.487305,4391.282227,4570.256348,4383.077148,4554.358887,4504.230957,4394.102539,4524.230957,4493.077148,2794,1,25,2570,9738,,,,0,4,4,4,4,4,4,4,4,4,4,4,4,4,4,4,4,4,4,4,4,4,4,4,4,4,4,4,4,4,4,4,4,100,,,,,,,,,,,,,,,,,,,,,,,,,,,,,,,,,,,,,,,,,,,,,,,,,,,,,,,,,,,,,,,,,,,,,,,,,,,,,,,,,,,,,,,,,,,,,,,,,,,,,,,,,,,,,,,,,,,,,,,,,,,,,,,,,,,,,,,,,,,,,,,,,,,,,,,,,,,,,,,,,,,,,,,,,,,,,,,,,,,,,,,,,,,,,,,,,,,,,,,,,,,,,,
1764665198.736861,1764665198.734240,35719,0,4383.717773,4390.897461,4499.743652,4503.589844,4389.487305,4511.922852,4532.05127,4376.025879,4550.769043,4384.743652,4500.384766,4512.436035,4574.230957,4397.820313,4386.410156,4509.743652,4545,4540.512695,4511.282227,4385.769043,4399.743652,4570.256348,4520.512695,4492.94873,4398.974121,4574.102539,4387.94873,4559.358887,4507.05127,4396.666504,4527.94873,4499.487305,2989,1,25,2570,9738,,,,0,4,4,4,4,4,4,4,4,4,4,4,4,4,4,4,4,4,4,4,4,4,4,4,4,4,4,4,4,4,4,4,4,100,,,,,,,,,,,,,,,,,,,,,,,,,,,,,,,,,,,,,,,,,,,,,,,,,,,,,,,,,,,,,,,,,,,,,,,,,,,,,,,,,,,,,,,,,,,,,,,,,,,,,,,,,,,,,,,,,,,,,,,,,,,,,,,,,,,,,,,,,,,,,,,,,,,,,,,,,,,,,,,,,,,,,,,,,,,,,,,,,,,,,,,,,,,,,,,,,,,,,,,,,,,,,,
1764665198.740770,1764665198.738148,35720,0,4382.307617,4390.641113,4506.922852,4509.615234,4390.512695,4514.743652,4534.358887,4378.077148,4555.512695,4389.358887,4502.307617,4512.692383,4574.487305,4403.333496,4388.333496,4511.153809,4546.538574,4545.128418,4511.538574,4387.307617,4398.846191,4568.717773,4517.692383,4493.589844,4403.846191,4575.128418,4390,4562.05127,4507.179688,4396.410156,4529.358887,4501.794922,2865,1,25,2565,9746,,,,0,4,4,4,4,4,4,4,4,4,4,4,4,4,4,4,4,4,4,4,4,4,4,4,4,4,4,4,4,4,4,4,4,100,,,,,,,,,,,,,,,,,,,,,,,,,,,,,,,,,,,,,,,,,,,,,,,,,,,,,,,,,,,,,,,,,,,,,,,,,,,,,,,,,,,,,,,,,,,,,,,,,,,,,,,,,,,,,,,,,,,,,,,,,,,,,,,,,,,,,,,,,,,,,,,,,,,,,,,,,,,,,,,,,,,,,,,,,,,,,,,,,,,,,,,,,,,,,,,,,,,,,,,,,,,,,,
1764665198.744678,1764665198.742055,35721,0,4376.538574,4386.282227,4506.282227,4510.512695,4387.307617,4511.282227,4530,4376.025879,4554.102539,4384.871582,4499.230957,4508.589844,4570.897461,4404.102539,4383.461426,4508.974121,4542.692383,4542.05127,4506.794922,4384.615234,4393.461426,4562.820313,4509.871582,4490.128418,4401.153809,4571.410156,4386.922852,4559.230957,4503.205078,4392.307617,4526.282227,4497.820313,2714,1,25,2565,9746,,,,0,4,4,4,4,4,4,4,4,4,4,4,4,4,4,4,4,4,4,4,4,4,4,4,4,4,4,4,4,4,4,4,4,100,,,,,,,,,,,,,,,,,,,,,,,,,,,,,,,,,,,25314,0,0.253975,-0.610962,-0.723083,0.198425,0.971798,0.171408,0.021487,23,29.166666,43.833332,,,,,,,,,,,,,,,,,,,,,,,,,,,,,,,,,,,,,,,,,,,,,,,,,,,,,,,,,,,,,,,,,,,,,,,,,,,,,,,,,,,,,,,,,,,,,,,,,,,,,,,,,,,,,,,,,,,,,,,,,,,,,,,,,,,,,,,,,,,,,,,,,,,,,,,,,,,,,,,,
1764665198.748586,1764665198.745963,35722,0,4368.205078,4378.846191,4497.820313,4506.410156,4380.512695,4501.922852,4519.615234,4369.743652,4546.282227,4374.615234,4490.641113,4500.384766,4563.846191,4398.846191,4373.461426,4503.461426,4533.846191,4532.820313,4499.871582,4378.333496,4385.256348,4554.615234,4500.256348,4483.717773,4391.153809,4563.846191,4380,4550.641113,4496.282227,4386.025879,4519.487305,4489.230957,2280,1,25,2564,9754,,,,0,4,4,4,4,4,4,4,4,4,4,4,4,4,4,4,4,4,4,4,4,4,4,4,4,4,4,4,4,4,4,4,4,100,,,,,,,,,,,,,,,,,,,,,,,,,,,,,,,,,,,,,,,,,,,,,,,,,,,,,,,,,,,,,,,,,,,,,,,,,,,,,,,,,,,,,,,,,,,,,,,,,,,,,,,,,,,,,,,,,,,,,,,,,,,,,,,,,,,,,,,,,,,,,,,,,,,,,,,,,,,,,,,,,,,,,,,,,,,,,,,,,,,,,,,,,,,,,,,,,,,,,,,,,,,,,,
1764665198.752494,1764665198.749870,35723,0,4362.05127,4372.05127,4487.179688,4500.897461,4374.230957,4492.563965,4509.358887,4363.461426,4537.436035,4367.179688,4481.153809,4492.563965,4556.410156,4391.410156,4364.487305,4497.692383,4525.769043,4523.974121,4495.769043,4372.436035,4379.358887,4548.589844,4493.846191,4478.589844,4381.282227,4557.436035,4373.974121,4541.538574,4490.641113,4381.794922,4514.487305,4482.436035,2698,1,25,2564,9754,,,,0,4,4,4,4,4,4,4,4,4,4,4,4,4,4,4,4,4,4,4,4,4,4,4,4,4,4,4,4,4,4,4,4,100,,,,,,,,,,,,,,,,,,,,,,,,,,,,,,,,,,,,,,,,,,,,,,,,,,,,,,,,,,,,,,,,,,,,,,,,,,,,,,,,,,,,,,,,,,,,,,,,,,,,,,,,,,,,,,,,,,,,,,,,,,,,,,,,,,,,,,,,,,,,,,,,,,,,,,,,,,,,,,,,,,,,,,,,,,,,,,,,,,,,,,,,,,,,,,,,,,,,,,,,,,,,,,
1764665198.756403,1764665198.753778,35724,0,4362.820313,4370.897461,4482.307617,4499.358887,4373.974121,4490.897461,4506.794922,4363.589844,4535,4370.128418,4477.436035,4490.769043,4553.205078,4387.692383,4363.077148,4495.384766,4524.487305,4523.205078,4497.820313,4371.666504,4381.025879,4548.974121,4494.487305,4479.871582,4381.153809,4557.563965,4374.743652,4538.717773,4490.256348,4384.102539,4517.05127,4483.846191,2495,1,25,2565,9761,,,,0,4,4,4,4,4,4,4,4,4,4,4,4,4,4,4,4,4,4,4,4,4,4,4,4,4,4,4,4,4,4,4,4,100,,,,,,,,,,,,,,,,,,,,,,,,,,,,,,,,,,,,,,,,,,,,,,,,,,,,,,,,,,,,,,,,,,,,,,,,,,,,,,,,,,,,,,,,,,,,,,,,,,,,,,,,,,,,,,,,,,,,,,,,,,,,,,,,,,,,,,,,,,,,,,,,,,,,,,,,,,,,,,,,,,,,,,,,,,,,,,,,,,,,,,,,,,,,,,,,,,,,,,,,,,,,,,
1764665198.760311,1764665198.757685,35725,0,4370.769043,4377.820313,4487.05127,4504.743652,4381.538574,4499.102539,4514.871582,4372.820313,4542.820313,4382.820313,4483.205078,4497.820313,4556.410156,4390.897461,4371.666504,4498.461426,4532.307617,4532.179688,4505.256348,4377.820313,4390.512695,4556.666504,4502.05127,4488.077148,4393.461426,4565.641113,4383.846191,4545.384766,4495.769043,4393.333496,4527.94873,4493.974121,2241,1,25,2565,9761,,,,0,4,4,4,4,4,4,4,4,4,4,4,4,4,4,4,4,4,4,4,4,4,4,4,4,4,4,4,4,4,4,4,4,100,,,,,,,,,,,,,,,,,,,,,,,,,,,,,,,,,,,25315,0,0.254122,-0.610901,-0.723083,0.198425,0.973263,0.175314,0.029789,22.833334,30.166666,44.5,,,,,,,,,,,,,,,,,,,,,,,,,,,,,,,,,,,,,,,,,,,,,,,,,,,,,,,,,,,,,,,,,,,,,,,,,,,,,,,,,,,,,,,,,,,,,,,,,,,,,,,,,,,,,,,,,,,,,,,,,,,,,,,,,,,,,,,,,,,,,,,,,,,,,,,,,,,,,,,,
1764665198.764219,1764665198.761592,35726,0,4381.538574,4389.487305,4498.589844,4514.102539,4392.94873,4511.666504,4529.358887,4386.538574,4557.179688,4397.436035,4495.512695,4510.512695,4563.974121,4398.846191,4385.897461,4505.384766,4544.615234,4544.743652,4512.820313,4387.436035,4402.307617,4567.436035,4511.922852,4498.846191,4410,4577.179688,4396.922852,4557.563965,4503.717773,4405.256348,4540.897461,4506.666504,2710,1,25,2566,9769,,,,0,4,4,4,4,4,4,4,4,4,4,4,4,4,4,4,4,4,4,4,4,4,4,4,4,4,4,4,4,4,4,4,4,100,,,,,,,,,,,,,,,,,,,,,,,,,,,,,,,,,,,,,,,,,,,,,,,,,,,,,,,,,,,,,,,,,,,,,,,,,,,,,,,,,,,,,,,,,,,,,,,,,,,,,,,,,,,,,,,,,,,,,,,,,,,,,,,,,,,,,,,,,,,,,,,,,,,,,,,,,,,,,,,,,,,,,,,,,,,,,,,,,,,,,,,,,,,,,,,,,,,,,,,,,,,,,,
1764665198.768128,1764665198.765500,35727,0,4388.077148,4398.846191,4509.615234,4521.025879,4400.769043,4519.102539,4541.153809,4396.025879,4569.230957,4403.974121,4506.410156,4521.410156,4570,4406.153809,4397.05127,4511.538574,4553.205078,4551.410156,4514.358887,4393.974121,4408.077148,4573.717773,4518.333496,4505.256348,4417.94873,4584.871582,4406.922852,4567.436035,4508.589844,4412.94873,4548.589844,4513.717773,2499,1,25,2566,9769,,,,0,4,4,4,4,4,4,4,4,4,4,4,4,4,4,4,4,4,4,4,4,4,4,4,4,4,4,4,4,4,4,4,4,100,,,,,,,,,,,,,,,,,,,,,,,,,,,,,,,,,,,,,,,,,,,,,,,,,,,,,,,,,,,,,,,,,,,,,,,,,,,,,,,,,,,,,,,,,,,,,,,,,,,,,,,,,,,,,,,,,,,,,,,,,,,,,,,,,,,,,,,,,,,,,,,,,,,,,,,,,,,,,,,,,,,,,,,,,,,,,,,,,,,,,,,,,,,,,,,,,,,,,,,,,,,,,,
1764665198.772036,1764665198.769407,35728,0,4386.410156,4399.871582,4513.077148,4520.384766,4399.358887,4515.769043,4542.563965,4394.230957,4571.666504,4397.820313,4509.230957,4523.717773,4569.871582,4407.692383,4398.333496,4512.179688,4551.922852,4546.410156,4507.820313,4392.820313,4403.205078,4570.897461,4517.05127,4503.461426,4410.769043,4583.974121,4409.230957,4568.846191,4507.307617,4412.307617,4547.820313,4511.666504,2865,1,25,2567,9777,,,,0,4,4,4,4,4,4,4,4,4,4,4,4,4,4,4,4,4,4,4,4,4,4,4,4,4,4,4,4,4,4,4,4,100,,,,,,,,,,,,,,,,,,,,,,,,,,,,,,,,,,,,,,,,,,,,,,,,,,,,,,,,,,,,,,,,,,,,,,,,,,,,,,,,,,,,,,,,,,,,,,,,,,,,,,,,,,,,,,,,,,,,,,,,,,,,,,,,,,,,,,,,,,,,,,,,,,,,,,,,,,,,,,,,,,,,,,,,,,,,,,,,,,,,,,,,,,,,,,,,,,,,,,,,,,,,,,
1764665198.775944,1764665198.773315,35729,0,4378.205078,4392.179688,4507.05127,4512.436035,4389.615234,4504.358887,4533.205078,4382.307617,4563.974121,4382.05127,4502.692383,4516.410156,4563.077148,4403.333496,4389.230957,4506.538574,4542.05127,4532.820313,4496.666504,4384.615234,4390.512695,4560.384766,4509.102539,4494.615234,4393.974121,4575.897461,4403.974121,4561.666504,4501.153809,4404.743652,4540.897461,4503.333496,2919,1,25,2567,9777,,,,0,4,4,4,4,4,4,4,4,4,4,4,4,4,4,4,4,4,4,4,4,4,4,4,4,4,4,4,4,4,4,4,4,100,,,,,,,,,,,,,,,,,,,,,,,,,,,,,,,,,,,25316,0,0.254074,-0.610901,-0.723083,0.198486,0.982053,0.168966,0.018557,23.5,30.333334,45.5,,,,,,,,,,,,,,,,,,,,,,,,,,,,,,,,,,,,,,,,,,,,,,,,,,,,,,,,,,,,,,,,,,,,,,,,,,,,,,,,,,,,,,,,,,,,,,,,,,,,,,,,,,,,,,,,,,,,,,,,,,,,,,,,,,,,,,,,,,,,,,,,,,,,,,,,,,,,,,,,
1764665198.779852,1764665198.777222,35730,0,4369.102539,4381.282227,4495.641113,4503.077148,4377.820313,4493.461426,4519.743652,4368.461426,4552.820313,4366.153809,4492.692383,4505.256348,4554.615234,4396.666504,4376.794922,4498.717773,4530.769043,4519.871582,4487.563965,4374.743652,4378.333496,4549.230957,4499.743652,4484.487305,4381.410156,4567.436035,4396.025879,4551.410156,4494.743652,4395.897461,4533.589844,4495.641113,1752,1,25,2568,9785,,,,0,4,4,4,4,4,4,4,4,4,4,4,4,4,4,4,4,4,4,4,4,4,4,4,4,4,4,4,4,4,4,4,4,100,,,,,,,,,,,,,,,,,,,,,,,,,,,,,,,,,,,,,,,,,,,,,,,,,,,,,,,,,,,,,,,,,,,,,,,,,,,,,,,,,,,,,,,,,,,,,,,,,,,,,,,,,,,,,,,,,,,,,,,,,,,,,,,,,,,,,,,,,,,,,,,,,,,,,,,,,,,,,,,,,,,,,,,,,,,,,,,,,,,,,,,,,,,,,,,,,,,,,,,,,,,,,,
1764665198.783760,1764665198.781130,35731,0,4365.256348,4374.102539,4486.410156,4498.717773,4371.025879,4490.128418,4511.794922,4361.794922,4546.282227,4359.487305,4486.538574,4498.333496,4551.025879,4392.820313,4369.615234,4494.615234,4525.512695,4515.897461,4485.897461,4369.358887,4373.846191,4544.358887,4495.128418,4479.487305,4384.102539,4564.358887,4390.128418,4545.384766,4492.307617,4390.769043,4529.743652,4493.461426,2956,1,25,2568,9785,,,,0,4,4,4,4,4,4,4,4,4,4,4,4,4,4,4,4,4,4,4,4,4,4,4,4,4,4,4,4,4,4,4,4,100,,,,,,,,,,,,,,,,,,,,,,,,,,,,,,,,,,,,,,,,,,,,,,,,,,,,,,,,,,,,,,,,,,,,,,,,,,,,,,,,,,,,,,,,,,,,,,,,,,,,,,,,,,,,,,,,,,,,,,,,,,,,,,,,,,,,,,,,,,,,,,,,,,,,,,,,,,,,,,,,,,,,,,,,,,,,,,,,,,,,,,,,,,,,,,,,,,,,,,,,,,,,,,
1764665198.787669,1764665198.785037,35732,0,4367.94873,4374.230957,4485.128418,4501.153809,4371.794922,4494.743652,4514.102539,4365.769043,4547.179688,4364.871582,4487.436035,4500.128418,4555.897461,4393.461426,4371.794922,4497.179688,4528.846191,4522.436035,4492.179688,4371.282227,4378.974121,4549.102539,4497.94873,4482.436035,4400.769043,4567.94873,4388.461426,4546.794922,4494.743652,4391.282227,4530,4496.666504,2518,1,25,2569,9793,,,,0,4,4,4,4,4,4,4,4,4,4,4,4,4,4,4,4,4,4,4,4,4,4,4,4,4,4,4,4,4,4,4,4,100,,,,,,,,,,,,,,,,,,,,,,,,,,,,,,,,,,,,,,,,,,,,,,,,,,,,,,,,,,,,,,,,,,,,,,,,,,,,,,,,,,,,,,,,,,,,,,,,,,,,,,,,,,,,,,,,,,,,,,,,,,,,,,,,,,,,,,,,,,,,,,,,,,,,,,,,,,,,,,,,,,,,,,,,,,,,,,,,,,,,,,,,,,,,,,,,,,,,,,,,,,,,,,
1764665198.791577,1764665198.788945,35733,0,4374.102539,4379.615234,4491.538574,4507.436035,4377.820313,4501.538574,4524.358887,4375.769043,4552.436035,4376.666504,4492.94873,4509.102539,4566.538574,4397.05127,4379.743652,4504.487305,4537.436035,4534.487305,4502.692383,4379.102539,4389.230957,4560.128418,4505.512695,4490.512695,4418.717773,4573.589844,4389.871582,4553.589844,4499.743652,4395.128418,4531.922852,4501.282227,2816,1,25,2569,9793,,,,0,4,4,4,4,4,4,4,4,4,4,4,4,4,4,4,4,4,4,4,4,4,4,4,4,4,4,4,4,4,4,4,4,100,,,,,,,,,,,,,,,,,,,,,,,,,,,,,,,,,,,25317,0,0.254119,-0.610718,-0.723206,0.198547,0.99475,0.171896,0.032719,20.333334,29.333334,44.166668,,,,,,,,,,,,,,,,,,,,,,,,,,,,,,,,,,,,,,,,,,,,,,,,,,,,,,,,,,,,,,,,,,,,,,,,,,,,,,,,,,,,,,,,,,,,,,,,,,,,,,,,,,,,,,,,,,,,,,,,,,,,,,,,,,,,,,,,,,,,,,,,,,,,,,,,,,,,,,,,
1764665198.795485,1764665198.792852,35734,0,4378.461426,4385,4500.769043,4512.563965,4383.717773,4504.358887,4534.743652,4383.589844,4557.179688,4385.128418,4497.692383,4518.846191,4575.897461,4399.487305,4385.769043,4511.282227,4545.641113,4544.358887,4511.794922,4387.94873,4397.563965,4570.897461,4512.05127,4497.436035,4424.102539,4576.410156,4391.666504,4560.384766,4503.846191,4398.589844,4532.436035,4502.820313,2924,1,25,2570,9801,,,,0,4,4,4,4,4,4,4,4,4,4,4,4,4,4,4,4,4,4,4,4,4,4,4,4,4,4,4,4,4,4,4,4,100,,,,,,,,,,,,,,,,,,,,,,,,,,,,,,,,,,,,,,,,,,,,,,,,,,,,,,,,,,,,,,,,,,,,,,,,,,,,,,,,,,,,,,,,,,,,,,,,,,,,,,,,,,,,,,,,,,,,,,,,,,,,,,,,,,,,,,,,,,,,,,,,,,,,,,,,,,,,,,,,,,,,,,,,,,,,,,,,,,,,,,,,,,,,,,,,,,,,,,,,,,,,,,
1764665198.799394,1764665198.796759,35735,0,4377.179688,4386.538574,4506.282227,4513.461426,4385.384766,4501.153809,4538.077148,4383.333496,4558.077148,4384.615234,4498.205078,4523.333496,4578.589844,4398.205078,4385.128418,4512.94873,4549.358887,4547.94873,4516.153809,4393.205078,4399.615234,4575.641113,4513.461426,4498.077148,4413.205078,4574.487305,4391.666504,4562.820313,4504.358887,4399.102539,4530.128418,4500,2840,1,25,2570,9801,,,,0,4,4,4,4,4,4,4,4,4,4,4,4,4,4,4,4,4,4,4,4,4,4,4,4,4,4,4,4,4,4,4,4,100,,,,,,,,,,,,,,,,,,,,,,,,,,,,,,,,,,,,,,,,,,,,,,,,,,,,,,,,,,,,,,,,,,,,,,,,,,,,,,,,,,,,,,,,,,,,,,,,,,,,,,,,,,,,,,,,,,,,,,,,,,,,,,,,,,,,,,,,,,,,,,,,,,,,,,,,,,,,,,,,,,,,,,,,,,,,,,,,,,,,,,,,,,,,,,,,,,,,,,,,,,,,,,
1764665198.803302,1764665198.800667,35736,0,4371.025879,4383.589844,4505.384766,4510.384766,4382.94873,4494.743652,4532.307617,4376.282227,4556.282227,4378.717773,4495,4520.512695,4574.487305,4393.461426,4379.487305,4509.230957,4547.94873,4545.384766,4515.512695,4392.692383,4396.153809,4573.461426,4509.615234,4492.820313,4394.871582,4569.743652,4389.102539,4559.871582,4501.153809,4396.410156,4526.666504,4495.128418,2763,1,25,2571,9808,,,,0,4,4,4,4,4,4,4,4,4,4,4,4,4,4,4,4,4,4,4,4,4,4,4,4,4,4,4,4,4,4,4,4,100,,,,,,,,,,,,,,,,,,,,,,,,,,,,,,,,,,,,,,,,,,,,,,,,,,,,,,,,,,,,,,,,,,,,,,,,,,,,,,,,,,,,,,,,,,,,,,,,,,,,,,,,,,,,,,,,,,,,,,,,,,,,,,,,,,,,,,,,,,,,,,,,,,,,,,,,,,,,,,,,,,,,,,,,,,,,,,,,,,,,,,,,,,,,,,,,,,,,,,,,,,,,,,
1764665198.807210,1764665198.804574,35737,0,4363.846191,4378.974121,4501.025879,4506.538574,4379.487305,4489.487305,4521.922852,4368.333496,4554.615234,4375.384766,4491.666504,4512.820313,4567.436035,4387.692383,4374.487305,4503.333496,4543.589844,4540.128418,4512.05127,4387.436035,4391.410156,4568.077148,4504.230957,4485.897461,4383.205078,4565.769043,4385.512695,4554.358887,4496.538574,4391.922852,4525,4492.307617,2813,1,25,2571,9808,,,,0,4,4,4,4,4,4,4,4,4,4,4,4,4,4,4,4,4,4,4,4,4,4,4,4,4,4,4,4,4,4,4,4,100,,,,,,,,,,,,,,,,,,,,,,,,,,,,,,,,,,,25318,0,0.254123,-0.610657,-0.723206,0.19873,0.983518,0.167501,0.021975,22.833334,29,43.666668,,,,,,,,,,,,,,,,,,,,,,,,,,,,,,,,,,,,,,,,,,,,,,,,,,,,,,,,,,,,,,,,,,,,,,,,,,,,,,,,,,,,,,,,,,,,,,,,,,,,,,,,,,,,,,,,,,,,,,,,,,,,,,,,,,,,,,,,,,,,,,,,,,,,,,,,,,,,,,,,
1764665198.811118,1764665198.808482,35738,0,4359.230957,4375.256348,4497.436035,4504.743652,4378.205078,4487.05127,4513.461426,4364.743652,4554.487305,4377.94873,4490.512695,4504.487305,4561.410156,4382.692383,4374.230957,4499.487305,4538.333496,4534.871582,4507.179688,4380.512695,4388.333496,4563.205078,4499.743652,4480.897461,4384.358887,4563.974121,4382.307617,4548.974121,4492.692383,4387.307617,4525.512695,4493.205078,1950,1,25,2572,9816,,,,0,4,4,4,4,4,4,4,4,4,4,4,4,4,4,4,4,4,4,4,4,4,4,4,4,4,4,4,4,4,4,4,4,100,,,,,,,,,,,,,,,,,,,,,,,,,,,,,,,,,,,,,,,,,,,,,,,1.108945,2.272315,0.378531,0.892252,0.624551,1.720127,2.547677,0.545807,0.905083,0.559829,1.088034,4.600185,0.736754,1.039449,0.730784,0.518152,1.892068,0.574372,0.752744,0.609279,1.034521,2.100958,0.764333,0.842938,0.661132,0.85872,1.743675,0.585997,0.818305,0.495642,0.959078,2.064662,0.644614,0.736841,0.508737,0.917579,2.542885,0.781836,0.879443,0.75218,0.92677,2.288686,0.696468,0.896228,0.722515,1.405012,1.352505,0.845845,2.304832,1.097907,0.315481,1.832134,0.423406,0.468346,0.438668,1.602428,2.90341,0.350392,0.988315,0.599324,0.947905,1.565336,0.432777,0.752023,0.550845,0.899788,1.852245,0.643068,0.481648,0.397789,0.596939,1.049468,0.27803,0.419091,0.569238,1.157689,0.926064,0.2114,0.641371,0.641414,1.815145,2.547918,0.414605,1.057091,0.84012,1.252845,2.503855,0.240281,1.008441,0.826245,1.511757,1.420548,0.300211,0.585012,0.479562,1.713354,1.913002,0.741336,0.810845,0.719251,1.651227,2.009727,0.83652,0.709664,0.552236,2.019856,2.094302,0.421377,0.952158,0.636451,1.419004,1.759645,0.300446,0.668009,0.542248,1.017289,2.205782,0.58159,0.97847,0.780011,1.546679,4.422401,2.482854,2.900565,1.596625,1.115237,1.747102,0.613788,0.704019,0.546083,1.415359,1.844381,0.804766,1.031908,0.772171,1.098491,1.856973,0.603733,1.090185,0.729409,0.708575,1.080124,0.258382,0.44778,0.322716,0.777535,1.781058,0.781281,0.803218,0.661121,1.065862,1.932957,0.985892,0.797236,0.684204,1.229599,3.272221,0.870639,0.891192,0.629266
1764665198.815027,1764665198.812389,35739,0,4357.179688,4373.077148,4497.179688,4504.743652,4378.333496,4486.025879,4510,4365.641113,4555.128418,4381.794922,4490.641113,4498.461426,4556.922852,4379.230957,4377.05127,4498.717773,4533.077148,4529.743652,4501.538574,4374.230957,4386.282227,4560,4496.538574,4477.563965,4392.436035,4562.692383,4379.615234,4544.358887,4490.256348,4382.692383,4525.384766,4496.282227,2629,1,25,2572,9816,,,,0,4,4,4,4,4,4,4,4,4,4,4,4,4,4,4,4,4,4,4,4,4,4,4,4,4,4,4,4,4,4,4,4,100,,,,,,,,,,,,,,,,,,,,,,,,,,,,,,,,,,,,,,,,,,,,,,,,,,,,,,,,,,,,,,,,,,,,,,,,,,,,,,,,,,,,,,,,,,,,,,,,,,,,,,,,,,,,,,,,,,,,,,,,,,,,,,,,,,,,,,,,,,,,,,,,,,,,,,,,,,,,,,,,,,,,,,,,,,,,,,,,,,,,,,,,,,,,,,,,,,,,,,,,,,,,,,
1764665198.818935,1764665198.816297,35740,0,4356.025879,4371.666504,4498.717773,4504.358887,4377.563965,4484.871582,4510.256348,4367.436035,4554.358887,4379.743652,4489.871582,4495.512695,4552.820313,4377.563965,4378.589844,4499.230957,4528.461426,4524.487305,4495.512695,4369.871582,4382.94873,4556.922852,4493.077148,4474.230957,4395.897461,4559.871582,4376.282227,4540.641113,4488.589844,4378.077148,4521.666504,4498.846191,2686,1,25,2569,9824,,,,0,4,4,4,4,4,4,4,4,4,4,4,4,4,4,4,4,4,4,4,4,4,4,4,4,4,4,4,4,4,4,4,4,100,,,,,,,,,,,,,,,,,,,,,,,,,,,,,,,,,,,,,,,,,,,,,,,,,,,,,,,,,,,,,,,,,,,,,,,,,,,,,,,,,,,,,,,,,,,,,,,,,,,,,,,,,,,,,,,,,,,,,,,,,,,,,,,,,,,,,,,,,,,,,,,,,,,,,,,,,,,,,,,,,,,,,,,,,,,,,,,,,,,,,,,,,,,,,,,,,,,,,,,,,,,,,,
1764665198.822843,1764665198.820204,35741,0,4355.128418,4371.794922,4500.641113,4503.589844,4375.512695,4484.743652,4512.563965,4368.589844,4552.307617,4371.922852,4488.461426,4495.897461,4549.743652,4378.974121,4377.05127,4499.487305,4526.410156,4520.897461,4491.794922,4368.205078,4378.717773,4553.333496,4490.512695,4470.897461,4389.358887,4556.025879,4372.820313,4538.333496,4487.692383,4375.641113,4516.025879,4499.743652,2503,1,25,2569,9824,,,,0,4,4,4,4,4,4,4,4,4,4,4,4,4,4,4,4,4,4,4,4,4,4,4,4,4,4,4,4,4,4,4,4,100,,,,,,,,,,,,,,,,,,,,,,,,,,,,,,,,,,,25319,0,0.254296,-0.610657,-0.723145,0.19873,0.983518,0.167501,0.021975,22.833334,29,43.666668,,,,,,,,,,,,,,,,,,,,,,,,,,,,,,,,,,,,,,,,,,,,,,,,,,,,,,,,,,,,,,,,,,,,,,,,,,,,,,,,,,,,,,,,,,,,,,,,,,,,,,,,,,,,,,,,,,,,,,,,,,,,,,,,,,,,,,,,,,,,,,,,,,,,,,,,,,,,,,,,
1764665198.826751,1764665198.824112,35742,0,4357.05127,4376.025879,4503.205078,4505.897461,4375.256348,4488.974121,4517.05127,4372.05127,4552.563965,4366.666504,4489.743652,4500.384766,4550.641113,4385,4375.384766,4500.641113,4528.974121,4522.692383,4493.333496,4370,4376.410156,4551.538574,4491.666504,4470.769043,4378.717773,4555,4372.563965,4539.871582,4488.717773,4378.717773,4514.102539,4501.282227,2650,1,25,2567,9832,,,,0,4,4,4,4,4,4,4,4,4,4,4,4,4,4,4,4,4,4,4,4,4,4,4,4,4,4,4,4,4,4,4,4,100,,,,,,,,,,,,,,,,,,,,,,,,,,,,,,,,,,,,,,,,,,,,,,,,,,,,,,,,,,,,,,,,,,,,,,,,,,,,,,,,,,,,,,,,,,,,,,,,,,,,,,,,,,,,,,,,,,,,,,,,,,,,,,,,,,,,,,,,,,,,,,,,,,,,,,,,,,,,,,,,,,,,,,,,,,,,,,,,,,,,,,,,,,,,,,,,,,,,,,,,,,,,,,
1764665198.830660,1764665198.828019,35743,0,4363.589844,4385.384766,4508.205078,4514.102539,4380.256348,4498.077148,4524.615234,4380.384766,4558.846191,4371.794922,4496.153809,4508.974121,4556.922852,4394.230957,4377.820313,4503.974121,4535.769043,4530.641113,4500.256348,4374.743652,4377.94873,4553.846191,4497.94873,4476.025879,4375.256348,4559.358887,4377.820313,4546.025879,4492.692383,4387.563965,4520.256348,4505.256348,2822,1,25,2567,9832,,,,0,4,4,4,4,4,4,4,4,4,4,4,4,4,4,4,4,4,4,4,4,4,4,4,4,4,4,4,4,4,4,4,4,100,,,,,,,,,,,,,,,,,,,,,,,,,,,,,,,,,,,,,,,,,,,,,,,,,,,,,,,,,,,,,,,,,,,,,,,,,,,,,,,,,,,,,,,,,,,,,,,,,,,,,,,,,,,,,,,,,,,,,,,,,,,,,,,,,,,,,,,,,,,,,,,,,,,,,,,,,,,,,,,,,,,,,,,,,,,,,,,,,,,,,,,,,,,,,,,,,,,,,,,,,,,,,,
1764665198.834568,1764665198.831926,35744,0,4372.94873,4395.897461,4515.384766,4525.897461,4389.615234,4508.205078,4533.589844,4391.794922,4570,4385.512695,4505.512695,4518.461426,4566.153809,4402.307617,4384.743652,4508.717773,4542.692383,4541.025879,4508.333496,4380.256348,4382.179688,4559.230957,4506.666504,4484.743652,4384.615234,4567.179688,4386.410156,4554.230957,4497.820313,4397.692383,4531.538574,4510.256348,2755,1,25,2568,9840,,,,0,4,4,4,4,4,4,4,4,4,4,4,4,4,4,4,4,4,4,4,4,4,4,4,4,4,4,4,4,4,4,4,4,100,,,,,,,,,,,,,,,,,,,,,,,,,,,,,,,,,,,,,,,,,,,,,,,,,,,,,,,,,,,,,,,,,,,,,,,,,,,,,,,,,,,,,,,,,,,,,,,,,,,,,,,,,,,,,,,,,,,,,,,,,,,,,,,,,,,,,,,,,,,,,,,,,,,,,,,,,,,,,,,,,,,,,,,,,,,,,,,,,,,,,,,,,,,,,,,,,,,,,,,,,,,,,,
1764665198.838476,1764665198.835834,35745,0,4380.384766,4401.666504,4521.282227,4534.487305,4397.692383,4513.717773,4540.256348,4400.128418,4579.871582,4398.077148,4512.179688,4524.871582,4572.692383,4404.615234,4391.922852,4511.922852,4545.641113,4547.179688,4512.563965,4383.846191,4386.025879,4564.102539,4512.692383,4492.563965,4401.538574,4573.589844,4393.846191,4559.615234,4501.538574,4403.461426,4540.641113,4513.589844,2908,1,25,2568,9840,,,,0,4,4,4,4,4,4,4,4,4,4,4,4,4,4,4,4,4,4,4,4,4,4,4,4,4,4,4,4,4,4,4,4,100,,,,,,,,,,,,,,,,,,,,,,,,,,,,,,,,,,,25320,0,0.254248,-0.610657,-0.723145,0.198792,0.991332,0.176779,0.033207,24.166666,29.666666,42.666668,,,,,,,,,,,,,,,,,,,,,,,,,,,,,,,,,,,,,,,,,,,,,,,,,,,,,,,,,,,,,,,,,,,,,,,,,,,,,,,,,,,,,,,,,,,,,,,,,,,,,,,,,,,,,,,,,,,,,,,,,,,,,,,,,,,,,,,,,,,,,,,,,,,,,,,,,,,,,,,,
1764665198.842384,1764665198.839741,35746,0,4382.436035,4399.871582,4523.077148,4534.615234,4400.128418,4513.205078,4541.666504,4400.769043,4582.820313,4400.769043,4511.922852,4525.641113,4572.563965,4400.128418,4394.358887,4510.897461,4543.717773,4545.769043,4510.897461,4384.615234,4386.922852,4565.897461,4513.333496,4496.282227,4415.512695,4575,4396.538574,4559.615234,4502.94873,4402.436035,4542.563965,4514.102539,2594,1,25,2563,9847,,,,0,4,4,4,4,4,4,4,4,4,4,4,4,4,4,4,4,4,4,4,4,4,4,4,4,4,4,4,4,4,4,4,4,100,,,,,,,,,,,,,,,,,,,,,,,,,,,,,,,,,,,,,,,,,,,,,,,,,,,,,,,,,,,,,,,,,,,,,,,,,,,,,,,,,,,,,,,,,,,,,,,,,,,,,,,,,,,,,,,,,,,,,,,,,,,,,,,,,,,,,,,,,,,,,,,,,,,,,,,,,,,,,,,,,,,,,,,,,,,,,,,,,,,,,,,,,,,,,,,,,,,,,,,,,,,,,,
1764665198.846293,1764665198.843649,35747,0,4379.487305,4392.692383,4519.487305,4526.153809,4396.025879,4509.615234,4537.563965,4393.846191,4577.307617,4393.461426,4504.871582,4521.025879,4566.538574,4391.922852,4389.871582,4505.769043,4539.871582,4537.820313,4505.641113,4383.461426,4384.871582,4564.230957,4509.230957,4494.743652,4418.333496,4570.897461,4394.102539,4555.128418,4502.94873,4396.538574,4537.563965,4511.922852,2849,1,25,2563,9847,,,,0,4,4,4,4,4,4,4,4,4,4,4,4,4,4,4,4,4,4,4,4,4,4,4,4,4,4,4,4,4,4,4,4,100,,,,,,,,,,,,,,,,,,,,,,,,,,,,,,,,,,,,,,,,,,,,,,,,,,,,,,,,,,,,,,,,,,,,,,,,,,,,,,,,,,,,,,,,,,,,,,,,,,,,,,,,,,,,,,,,,,,,,,,,,,,,,,,,,,,,,,,,,,,,,,,,,,,,,,,,,,,,,,,,,,,,,,,,,,,,,,,,,,,,,,,,,,,,,,,,,,,,,,,,,,,,,,
1764665198.850201,1764665198.847556,35748,0,4373.717773,4385,4511.153809,4514.230957,4387.94873,4506.922852,4529.743652,4383.461426,4567.05127,4382.820313,4494.871582,4513.846191,4558.333496,4384.230957,4380.512695,4498.333496,4536.666504,4527.820313,4499.871582,4380.897461,4380.641113,4559.487305,4502.692383,4488.717773,4409.102539,4562.94873,4388.077148,4549.102539,4501.538574,4389.358887,4528.589844,4507.05127,2746,1,25,2304,9855,,,,0,4,4,4,4,4,4,4,4,4,4,4,4,4,4,4,4,4,4,4,4,4,4,4,4,4,4,4,4,4,4,4,4,100,,,,,,,,,,,,,,,,,,,,,,,,,,,,,,,,,,,,,,,,,,,,,,,,,,,,,,,,,,,,,,,,,,,,,,,,,,,,,,,,,,,,,,,,,,,,,,,,,,,,,,,,,,,,,,,,,,,,,,,,,,,,,,,,,,,,,,,,,,,,,,,,,,,,,,,,,,,,,,,,,,,,,,,,,,,,,,,,,,,,,,,,,,,,,,,,,,,,,,,,,,,,,,
1764665198.854109,1764665198.851464,35749,0,4368.461426,4380.256348,4499.743652,4504.102539,4379.871582,4506.153809,4521.538574,4374.230957,4556.538574,4376.410156,4486.922852,4506.794922,4552.05127,4379.871582,4370.897461,4490.897461,4534.615234,4520,4496.025879,4376.922852,4375.897461,4553.717773,4496.794922,4480.384766,4393.717773,4554.358887,4381.025879,4544.102539,4498.846191,4383.974121,4519.743652,4499.358887,2785,1,25,2304,9855,,,,0,4,4,4,4,4,4,4,4,4,4,4,4,4,4,4,4,4,4,4,4,4,4,4,4,4,4,4,4,4,4,4,4,100,,,,,,,,,,,,,,,,,,,,,,,,,,,,,,,,,,,25321,0,0.254378,-0.610596,-0.723083,0.199036,0.982542,0.173849,0.039067,22.166666,29.166666,44.666668,,,,,,,,,,,,,,,,,,,,,,,,,,,,,,,,,,,,,,,,,,,,,,,,,,,,,,,,,,,,,,,,,,,,,,,,,,,,,,,,,,,,,,,,,,,,,,,,,,,,,,,,,,,,,,,,,,,,,,,,,,,,,,,,,,,,,,,,,,,,,,,,,,,,,,,,,,,,,,,,
1764665198.858018,1764665198.855371,35750,0,4366.153809,4379.615234,4489.358887,4499.102539,4375,4506.538574,4516.794922,4368.589844,4549.615234,4377.563965,4484.230957,4503.077148,4550,4379.487305,4366.410156,4486.538574,4533.077148,4517.307617,4495,4372.94873,4372.820313,4549.358887,4493.974121,4473.717773,4381.794922,4549.615234,4376.153809,4541.538574,4495.384766,4382.05127,4515.128418,4491.794922,2786,1,25,1280,9863,,,,0,4,4,4,4,4,4,4,4,4,4,4,4,4,4,4,4,4,4,4,4,4,4,4,4,4,4,4,4,4,4,4,4,100,,,,,,,,,,,,,,,,,,,,,,,,,,,,,,,,,,,,,,,,,,,,,,,,,,,,,,,,,,,,,,,,,,,,,,,,,,,,,,,,,,,,,,,,,,,,,,,,,,,,,,,,,,,,,,,,,,,,,,,,,,,,,,,,,,,,,,,,,,,,,,,,,,,,,,,,,,,,,,,,,,,,,,,,,,,,,,,,,,,,,,,,,,,,,,,,,,,,,,,,,,,,,,
1764665198.861926,1764665198.859279,35751,0,4368.205078,4382.307617,4484.743652,4499.615234,4375.384766,4506.922852,4517.179688,4367.820313,4547.563965,4383.205078,4486.666504,4503.717773,4551.794922,4382.307617,4370.128418,4487.820313,4532.179688,4520.256348,4496.666504,4371.794922,4373.846191,4549.230957,4495.641113,4473.205078,4379.230957,4551.410156,4376.794922,4542.307617,4494.102539,4383.717773,4517.692383,4488.717773,2979,1,25,1280,9863,,,,0,4,4,4,4,4,4,4,4,4,4,4,4,4,4,4,4,4,4,4,4,4,4,4,4,4,4,4,4,4,4,4,4,100,,,,,,,,,,,,,,,,,,,,,,,,,,,,,,,,,,,,,,,,,,,,,,,,,,,,,,,,,,,,,,,,,,,,,,,,,,,,,,,,,,,,,,,,,,,,,,,,,,,,,,,,,,,,,,,,,,,,,,,,,,,,,,,,,,,,,,,,,,,,,,,,,,,,,,,,,,,,,,,,,,,,,,,,,,,,,,,,,,,,,,,,,,,,,,,,,,,,,,,,,,,,,,
1764665198.865834,1764665198.863186,35752,0,4373.461426,4385.897461,4487.307617,4503.077148,4380.512695,4507.436035,4521.153809,4371.282227,4549.615234,4387.307617,4490.641113,4506.922852,4554.871582,4387.05127,4378.974121,4494.615234,4532.563965,4527.307617,4499.743652,4375,4379.487305,4553.461426,4500.641113,4478.846191,4384.358887,4558.846191,4382.820313,4545.897461,4496.538574,4387.692383,4526.153809,4492.563965,2859,1,25,768,9871,,,,0,4,4,4,4,4,4,4,4,4,4,4,4,4,4,4,4,4,4,4,4,4,4,4,4,4,4,4,4,4,4,4,4,100,,,,,,,,,,,,,,,,,,,,,,,,,,,,,,,,,,,,,,,,,,,,,,,,,,,,,,,,,,,,,,,,,,,,,,,,,,,,,,,,,,,,,,,,,,,,,,,,,,,,,,,,,,,,,,,,,,,,,,,,,,,,,,,,,,,,,,,,,,,,,,,,,,,,,,,,,,,,,,,,,,,,,,,,,,,,,,,,,,,,,,,,,,,,,,,,,,,,,,,,,,,,,,
1764665198.869742,1764665198.867093,35753,0,4378.717773,4388.333496,4493.974121,4506.794922,4386.922852,4508.589844,4525.256348,4376.538574,4552.563965,4385.384766,4492.436035,4509.615234,4556.922852,4391.410156,4386.922852,4503.717773,4534.487305,4534.871582,4502.563965,4380.512695,4386.666504,4559.358887,4505.897461,4486.794922,4390.256348,4567.307617,4390.512695,4550.897461,4502.179688,4391.794922,4535.512695,4500.641113,2708,1,25,768,9871,,,,0,4,4,4,4,4,4,4,4,4,4,4,4,4,4,4,4,4,4,4,4,4,4,4,4,4,4,4,4,4,4,4,4,100,,,,,,,,,,,,,,,,,,,,,,,,,,,,,,,,,,,25322,0,0.25417,-0.610657,-0.723206,0.198669,0.994262,0.188011,0.026859,21.666666,28.666666,45,,,,,,,,,,,,,,,,,,,,,,,,,,,,,,,,,,,,,,,,,,,,,,,,,,,,,,,,,,,,,,,,,,,,,,,,,,,,,,,,,,,,,,,,,,,,,,,,,,,,,,,,,,,,,,,,,,,,,,,,,,,,,,,,,,,,,,,,,,,,,,,,,,,,,,,,,,,,,,,,
1764665198.873650,1764665198.871001,35754,0,4381.282227,4389.358887,4500,4509.102539,4390.897461,4510.641113,4527.307617,4380.769043,4553.846191,4379.102539,4491.666504,4510.512695,4557.563965,4394.230957,4389.871582,4510.897461,4538.077148,4540.384766,4504.487305,4385.128418,4392.307617,4564.102539,4509.230957,4492.179688,4391.538574,4572.05127,4395.512695,4556.025879,4508.717773,4394.871582,4540.641113,4507.179688,2274,1,25,1024,9879,,,,0,4,4,4,4,4,4,4,4,4,4,4,4,4,4,4,4,4,4,4,4,4,4,4,4,4,4,4,4,4,4,4,4,100,,,,,,,,,,,,,,,,,,,,,,,,,,,,,,,,,,,,,,,,,,,,,,,,,,,,,,,,,,,,,,,,,,,,,,,,,,,,,,,,,,,,,,,,,,,,,,,,,,,,,,,,,,,,,,,,,,,,,,,,,,,,,,,,,,,,,,,,,,,,,,,,,,,,,,,,,,,,,,,,,,,,,,,,,,,,,,,,,,,,,,,,,,,,,,,,,,,,,,,,,,,,,,
1764665198.877559,1764665198.874908,35755,0,4381.025879,4389.743652,4502.436035,4509.871582,4390.641113,4512.563965,4527.436035,4381.922852,4552.436035,4375,4490.769043,4510.384766,4558.333496,4394.743652,4388.717773,4513.077148,4542.179688,4543.077148,4505.384766,4386.282227,4394.230957,4565.897461,4510.512695,4493.205078,4388.974121,4571.410156,4396.025879,4560.384766,4513.077148,4396.922852,4539.743652,4508.333496,2684,1,25,1024,9879,,,,0,4,4,4,4,4,4,4,4,4,4,4,4,4,4,4,4,4,4,4,4,4,4,4,4,4,4,4,4,4,4,4,4,100,,,,,,,,,,,,,,,,,,,,,,,,,,,,,,,,,,,,,,,,,,,,,,,,,,,,,,,,,,,,,,,,,,,,,,,,,,,,,,,,,,,,,,,,,,,,,,,,,,,,,,,,,,,,,,,,,,,,,,,,,,,,,,,,,,,,,,,,,,,,,,,,,,,,,,,,,,,,,,,,,,,,,,,,,,,,,,,,,,,,,,,,,,,,,,,,,,,,,,,,,,,,,,
1764665198.881467,1764665198.878816,35756,0,4378.589844,4389.743652,4500.769043,4509.358887,4386.538574,4512.563965,4526.282227,4379.230957,4549.230957,4377.436035,4491.025879,4510,4559.871582,4393.205078,4385.512695,4508.717773,4544.615234,4542.94873,4505.128418,4383.461426,4392.05127,4564.487305,4509.871582,4490.384766,4386.410156,4565.897461,4392.692383,4561.794922,4513.333496,4397.692383,4534.615234,4503.717773,2485,1,25,1280,9886,,,,0,4,4,4,4,4,4,4,4,4,4,4,4,4,4,4,4,4,4,4,4,4,4,4,4,4,4,4,4,4,4,4,4,100,,,,,,,,,,,,,,,,,,,,,,,,,,,,,,,,,,,,,,,,,,,,,,,,,,,,,,,,,,,,,,,,,,,,,,,,,,,,,,,,,,,,,,,,,,,,,,,,,,,,,,,,,,,,,,,,,,,,,,,,,,,,,,,,,,,,,,,,,,,,,,,,,,,,,,,,,,,,,,,,,,,,,,,,,,,,,,,,,,,,,,,,,,,,,,,,,,,,,,,,,,,,,,
1764665198.885375,1764665198.882723,35757,0,4373.846191,4387.179688,4495,4506.922852,4380.128418,4508.589844,4523.717773,4372.563965,4545.256348,4383.974121,4491.025879,4508.461426,4560.128418,4389.487305,4381.153809,4498.974121,4542.563965,4539.743652,4502.820313,4377.436035,4386.538574,4559.743652,4506.538574,4484.871582,4386.153809,4557.692383,4386.410156,4558.333496,4508.846191,4395.384766,4527.307617,4495.128418,2228,1,25,1280,9886,,,,0,4,4,4,4,4,4,4,4,4,4,4,4,4,4,4,4,4,4,4,4,4,4,4,4,4,4,4,4,4,4,4,4,100,,,,,,,,,,,,,,,,,,,,,,,,,,,,,,,,,,,25323,0,0.25417,-0.610657,-0.723206,0.198669,0.975217,0.166524,0.01465,22,28.666666,42.833332,,,,,,,,,,,,,,,,,,,,,,,,,,,,,,,,,,,,,,,,,,,,,,,,,,,,,,,,,,,,,,,,,,,,,,,,,,,,,,,,,,,,,,,,,,,,,,,,,,,,,,,,,,,,,,,,,,,,,,,,,,,,,,,,,,,,,,,,,,,,,,,,,,,,,,,,,,,,,,,,
1764665198.889284,1764665198.886631,35758,0,4367.436035,4381.410156,4486.538574,4501.666504,4372.94873,4501.282227,4518.974121,4363.333496,4541.666504,4387.307617,4488.717773,4504.871582,4557.179688,4385.128418,4376.025879,4488.205078,4536.282227,4533.974121,4498.589844,4370.897461,4379.871582,4552.94873,4501.153809,4478.077148,4387.05127,4549.615234,4378.717773,4550.256348,4501.153809,4389.358887,4519.615234,4486.153809,2697,1,25,1536,9894,,,,0,4,4,4,4,4,4,4,4,4,4,4,4,4,4,4,4,4,4,4,4,4,4,4,4,4,4,4,4,4,4,4,4,100,,,,,,,,,,,,,,,,,,,,,,,,,,,,,,,,,,,,,,,,,,,,,,,,,,,,,,,,,,,,,,,,,,,,,,,,,,,,,,,,,,,,,,,,,,,,,,,,,,,,,,,,,,,,,,,,,,,,,,,,,,,,,,,,,,,,,,,,,,,,,,,,,,,,,,,,,,,,,,,,,,,,,,,,,,,,,,,,,,,,,,,,,,,,,,,,,,,,,,,,,,,,,,
1764665198.893192,1764665198.890538,35759,0,4362.307617,4375.512695,4479.230957,4496.153809,4368.461426,4495.384766,4514.230957,4356.922852,4541.025879,4383.974121,4485.384766,4501.666504,4553.077148,4382.94873,4372.436035,4482.820313,4530.512695,4529.615234,4494.871582,4367.94873,4376.666504,4548.205078,4497.94873,4473.974121,4388.717773,4546.282227,4372.94873,4541.922852,4494.743652,4382.820313,4515.128418,4481.538574,2484,1,25,1536,9894,,,,0,4,4,4,4,4,4,4,4,4,4,4,4,4,4,4,4,4,4,4,4,4,4,4,4,4,4,4,4,4,4,4,4,100,,,,,,,,,,,,,,,,,,,,,,,,,,,,,,,,,,,,,,,,,,,,,,,,,,,,,,,,,,,,,,,,,,,,,,,,,,,,,,,,,,,,,,,,,,,,,,,,,,,,,,,,,,,,,,,,,,,,,,,,,,,,,,,,,,,,,,,,,,,,,,,,,,,,,,,,,,,,,,,,,,,,,,,,,,,,,,,,,,,,,,,,,,,,,,,,,,,,,,,,,,,,,,
1764665198.897100,1764665198.894445,35760,0,4363.461426,4375.256348,4479.230957,4495.769043,4370.384766,4496.282227,4514.615234,4359.871582,4546.538574,4378.589844,4485.512695,4503.589844,4553.589844,4385.897461,4374.487305,4488.077148,4531.794922,4531.922852,4496.025879,4371.922852,4381.025879,4550.897461,4502.307617,4477.05127,4393.589844,4551.410156,4374.102539,4540.128418,4494.743652,4381.922852,4518.077148,4485.128418,2852,1,25,1792,9902,,,,0,4,4,4,4,4,4,4,4,4,4,4,4,4,4,4,4,4,4,4,4,4,4,4,4,4,4,4,4,4,4,4,4,100,,,,,,,,,,,,,,,,,,,,,,,,,,,,,,,,,,,,,,,,,,,,,,,,,,,,,,,,,,,,,,,,,,,,,,,,,,,,,,,,,,,,,,,,,,,,,,,,,,,,,,,,,,,,,,,,,,,,,,,,,,,,,,,,,,,,,,,,,,,,,,,,,,,,,,,,,,,,,,,,,,,,,,,,,,,,,,,,,,,,,,,,,,,,,,,,,,,,,,,,,,,,,,
1764665198.901008,1764665198.898353,35761,0,4373.205078,4383.846191,4490,4504.487305,4380.512695,4505.769043,4524.358887,4374.487305,4558.846191,4379.102539,4491.794922,4513.717773,4562.179688,4393.461426,4383.589844,4502.563965,4542.94873,4542.307617,4503.205078,4381.794922,4392.563965,4562.692383,4515,4488.589844,4404.615234,4564.871582,4384.487305,4548.333496,4502.307617,4390.512695,4530.512695,4496.922852,2909,1,25,1792,9902,,,,0,4,4,4,4,4,4,4,4,4,4,4,4,4,4,4,4,4,4,4,4,4,4,4,4,4,4,4,4,4,4,4,4,100,,,,,,,,,,,,,,,,,,,,,,,,,,,,,,,,,,,25324,0,0.254374,-0.610657,-0.723083,0.198853,0.987425,0.175803,0.040532,24,30.166666,43.333332,,,,,,,,,,,,,,,,,,,,,,,,,,,,,,,,,,,,,,,,,,,,,,,,,,,,,,,,,,,,,,,,,,,,,,,,,,,,,,,,,,,,,,,,,,,,,,,,,,,,,,,,,,,,,,,,,,,,,,,,,,,,,,,,,,,,,,,,,,,,,,,,,,,,,,,,,,,,,,,,
1764665198.904917,1764665198.902260,35762,0,4387.05127,4397.563965,4507.563965,4519.615234,4395,4518.717773,4540.128418,4393.974121,4573.461426,4388.205078,4501.666504,4528.461426,4575,4401.410156,4395.128418,4517.563965,4558.717773,4554.615234,4512.307617,4391.794922,4404.487305,4577.820313,4529.743652,4502.436035,4419.743652,4580.641113,4400,4562.563965,4513.333496,4405.128418,4547.563965,4511.282227,1742,1,25,2048,9910,,,,0,4,4,4,4,4,4,4,4,4,4,4,4,4,4,4,4,4,4,4,4,4,4,4,4,4,4,4,4,4,4,4,4,100,,,,,,,,,,,,,,,,,,,,,,,,,,,,,,,,,,,,,,,,,,,,,,,,,,,,,,,,,,,,,,,,,,,,,,,,,,,,,,,,,,,,,,,,,,,,,,,,,,,,,,,,,,,,,,,,,,,,,,,,,,,,,,,,,,,,,,,,,,,,,,,,,,,,,,,,,,,,,,,,,,,,,,,,,,,,,,,,,,,,,,,,,,,,,,,,,,,,,,,,,,,,,,
1764665198.908825,1764665198.906168,35763,0,4395.769043,4407.563965,4521.153809,4531.666504,4405.512695,4527.179688,4552.307617,4406.410156,4581.794922,4400,4507.563965,4539.102539,4582.820313,4404.230957,4400.769043,4522.436035,4569.230957,4559.358887,4516.666504,4394.615234,4408.461426,4586.666504,4536.666504,4509.487305,4430.897461,4589.743652,4411.025879,4573.205078,4520.384766,4416.538574,4559.230957,4520,2941,1,25,2048,9910,,,,0,4,4,4,4,4,4,4,4,4,4,4,4,4,4,4,4,4,4,4,4,4,4,4,4,4,4,4,4,4,4,4,4,100,,,,,,,,,,,,,,,,,,,,,,,,,,,,,,,,,,,,,,,,,,,,,,,,,,,,,,,,,,,,,,,,,,,,,,,,,,,,,,,,,,,,,,,,,,,,,,,,,,,,,,,,,,,,,,,,,,,,,,,,,,,,,,,,,,,,,,,,,,,,,,,,,,,,,,,,,,,,,,,,,,,,,,,,,,,,,,,,,,,,,,,,,,,,,,,,,,,,,,,,,,,,,,
1764665198.912733,1764665198.910075,35764,0,4392.94873,4406.666504,4521.025879,4531.922852,4405.128418,4526.153809,4551.282227,4403.333496,4577.436035,4405.256348,4503.589844,4538.333496,4578.589844,4399.358887,4394.743652,4513.077148,4566.922852,4550.897461,4512.436035,4386.794922,4400.256348,4582.179688,4530.769043,4504.102539,4428.589844,4586.538574,4409.615234,4572.179688,4518.461426,4416.538574,4557.820313,4517.307617,2504,1,25,2304,9918,,,,0,4,4,4,4,4,4,4,4,4,4,4,4,4,4,4,4,4,4,4,4,4,4,4,4,4,4,4,4,4,4,4,4,100,,,,,,,,,,,,,,,,,,,,,,,,,,,,,,,,,,,,,,,,,,,,,,,,,,,,,,,,,,,,,,,,,,,,,,,,,,,,,,,,,,,,,,,,,,,,,,,,,,,,,,,,,,,,,,,,,,,,,,,,,,,,,,,,,,,,,,,,,,,,,,,,,,,,,,,,,,,,,,,,,,,,,,,,,,,,,,,,,,,,,,,,,,,,,,,,,,,,,,,,,,,,,,
1764665198.916641,1764665198.913983,35765,0,4380.256348,4394.871582,4506.282227,4519.615234,4393.589844,4516.538574,4535.897461,4386.025879,4561.282227,4399.358887,4490.384766,4525.512695,4563.205078,4389.230957,4379.358887,4495.384766,4551.538574,4533.205078,4502.179688,4372.05127,4383.205078,4565.897461,4515.256348,4488.077148,4410.512695,4573.461426,4395.897461,4558.974121,4508.846191,4403.974121,4543.846191,4503.589844,2799,1,25,2304,9918,,,,0,4,4,4,4,4,4,4,4,4,4,4,4,4,4,4,4,4,4,4,4,4,4,4,4,4,4,4,4,4,4,4,4,100,,,,,,,,,,,,,,,,,,,,,,,,,,,,,,,,,,,25325,0,0.254374,-0.610657,-0.723083,0.198853,0.979612,0.179709,0.026859,22.166666,29.166666,44.333332,,,,,,,,,,,,,,,,,,,,,,,,,,,,,,,,,,,,,,,,,,,,,,,,,,,,,,,,,,,,,,,,,,,,,,,,,,,,,,,,,,,,,,,,,,,,,,,,,,,,,,,,,,,,,,,,,,,,,,,,,,,,,,,,,,,,,,,,,,,,,,,,,,,,,,,,,,,,,,,,
1764665198.920550,1764665198.917890,35766,0,4365.384766,4379.230957,4485.512695,4502.820313,4377.563965,4504.102539,4515,4365.512695,4541.666504,4384.230957,4475,4507.94873,4545.384766,4380.128418,4363.461426,4479.743652,4530.897461,4515.769043,4491.538574,4358.846191,4365.641113,4546.153809,4499.102539,4470,4384.615234,4558.974121,4378.589844,4541.025879,4497.563965,4386.666504,4525.769043,4486.153809,2905,1,25,2560,9926,,,,0,4,4,4,4,4,4,4,4,4,4,4,4,4,4,4,4,4,4,4,4,4,4,4,4,4,4,4,4,4,4,4,4,100,,,,,,,,,,,,,,,,,,,,,,,,,,,,,,,,,,,,,,,,,,,,,,,,,,,,,,,,,,,,,,,,,,,,,,,,,,,,,,,,,,,,,,,,,,,,,,,,,,,,,,,,,,,,,,,,,,,,,,,,,,,,,,,,,,,,,,,,,,,,,,,,,,,,,,,,,,,,,,,,,,,,,,,,,,,,,,,,,,,,,,,,,,,,,,,,,,,,,,,,,,,,,,
1764665198.924458,1764665198.921798,35767,0,4356.538574,4369.102539,4471.153809,4491.666504,4365.769043,4495.641113,4501.025879,4353.846191,4528.846191,4366.794922,4466.153809,4495.512695,4534.102539,4377.179688,4356.153809,4473.461426,4515.256348,4507.05127,4485.512695,4353.846191,4355.641113,4532.179688,4490.512695,4459.358887,4365.128418,4551.538574,4367.94873,4528.717773,4491.025879,4375.256348,4513.974121,4474.871582,2821,1,25,2560,9926,,,,0,4,4,4,4,4,4,4,4,4,4,4,4,4,4,4,4,4,4,4,4,4,4,4,4,4,4,4,4,4,4,4,4,100,,,,,,,,,,,,,,,,,,,,,,,,,,,,,,,,,,,,,,,,,,,,,,,,,,,,,,,,,,,,,,,,,,,,,,,,,,,,,,,,,,,,,,,,,,,,,,,,,,,,,,,,,,,,,,,,,,,,,,,,,,,,,,,,,,,,,,,,,,,,,,,,,,,,,,,,,,,,,,,,,,,,,,,,,,,,,,,,,,,,,,,,,,,,,,,,,,,,,,,,,,,,,,
1764665198.928366,1764665198.925705,35768,0,4356.794922,4368.846191,4470,4491.410156,4363.461426,4494.230957,4501.025879,4356.666504,4527.692383,4353.589844,4468.205078,4493.717773,4533.461426,4381.025879,4360.256348,4476.282227,4511.025879,4508.333496,4485,4357.820313,4356.025879,4528.717773,4491.538574,4460.256348,4361.794922,4553.974121,4369.487305,4526.794922,4491.410156,4375.769043,4513.974121,4475.641113,2750,1,25,1792,9933,,,,0,4,4,4,4,4,4,4,4,4,4,4,4,4,4,4,4,4,4,4,4,4,4,4,4,4,4,4,4,4,4,4,4,100,,,,,,,,,,,,,,,,,,,,,,,,,,,,,,,,,,,,,,,,,,,,,,,,,,,,,,,,,,,,,,,,,,,,,,,,,,,,,,,,,,,,,,,,,,,,,,,,,,,,,,,,,,,,,,,,,,,,,,,,,,,,,,,,,,,,,,,,,,,,,,,,,,,,,,,,,,,,,,,,,,,,,,,,,,,,,,,,,,,,,,,,,,,,,,,,,,,,,,,,,,,,,,
1764665198.932274,1764665198.929612,35769,0,4363.461426,4376.025879,4480.256348,4499.358887,4369.615234,4498.205078,4512.179688,4369.487305,4535.641113,4348.461426,4477.307617,4500.641113,4540,4387.179688,4370.256348,4482.05127,4516.922852,4514.358887,4487.307617,4365.384766,4364.102539,4533.717773,4498.077148,4469.487305,4373.077148,4562.94873,4380.128418,4533.077148,4496.282227,4386.282227,4523.717773,4486.922852,2799,1,25,1792,9933,,,,0,4,4,4,4,4,4,4,4,4,4,4,4,4,4,4,4,4,4,4,4,4,4,4,4,4,4,4,4,4,4,4,4,100,,,,,,,,,,,,,,,,,,,,,,,,,,,,,,,,,,,25326,0,0.254323,-0.610718,-0.723083,0.19873,0.979612,0.179709,0.026859,21.666666,27.833334,42.833332,,,,,,,,,,,,,,,,,,,,,,,,,,,,,,,,,,,,,,,,,,,,,,,,,,,,,,,,,,,,,,,,,,,,,,,,,,,,,,,,,,,,,,,,,,,,,,,,,,,,,,,,,,,,,,,,,,,,,,,,,,,,,,,,,,,,,,,,,,,,,,,,,,,,,,,,,,,,,,,,
1764665198.936183,1764665198.933520,35770,0,4370.512695,4383.846191,4492.692383,4508.333496,4378.333496,4502.307617,4524.743652,4382.820313,4544.743652,4352.307617,4485.512695,4508.974121,4546.794922,4390.128418,4377.820313,4484.615234,4525.256348,4518.205078,4488.589844,4370.128418,4373.205078,4541.025879,4503.589844,4479.487305,4387.436035,4571.922852,4391.410156,4541.538574,4500.769043,4398.589844,4535.897461,4500.384766,1941,1,25,2048,9941,,,,0,4,4,4,4,4,4,4,4,4,4,4,4,4,4,4,4,4,4,4,4,4,4,4,4,4,4,4,4,4,4,4,4,100,,,,,,,,,,,,,,,,,,,,,,,,,,,,,,,,,,,,,,,,,,,,,,,1.38013,2.232796,0.338808,0.988458,0.583726,2.01244,2.875039,0.517138,0.985382,0.52952,1.060045,5.116601,0.619263,1.156961,0.739347,0.554819,2.199818,0.456676,0.819446,0.598371,1.148453,2.275898,0.603734,0.913239,0.61585,1.122705,1.918086,0.559556,0.914883,0.492455,1.069146,2.073262,0.557963,0.801837,0.480659,0.990564,2.722205,0.71702,0.933713,0.711808,0.905946,2.525536,0.642716,1.053085,0.690505,1.414058,1.642985,0.823296,2.55382,1.22468,0.403616,1.90883,0.343946,0.526494,0.417827,1.965974,2.972421,0.326373,1.080014,0.554203,1.055652,1.537321,0.365321,0.813335,0.514067,0.820199,1.69301,0.56899,0.587654,0.371265,0.583129,1.017808,0.329185,0.487801,0.508086,1.265691,0.878395,0.211314,0.673538,0.629794,2.086617,2.375992,0.386391,1.135287,0.796506,1.279794,2.448944,0.228557,1.027672,0.795575,1.502261,1.288715,0.280297,0.570076,0.467207,1.702668,1.894373,0.617095,0.788621,0.654553,1.504233,1.905838,0.769366,0.705125,0.541696,2.110092,2.039043,0.36004,1.025025,0.595948,1.603909,1.719035,0.268231,0.686779,0.525181,1.051122,2.198958,0.449496,1.00644,0.747204,1.602922,5.00414,2.487534,2.987807,1.658543,0.909368,2.010761,0.498579,0.776098,0.503493,1.513481,2.012465,0.729664,1.136046,0.708955,1.302898,1.868104,0.486623,1.191513,0.695872,0.904492,1.13857,0.256444,0.482558,0.302323,0.925422,2.119404,0.605103,0.863185,0.636937,1.034361,2.18019,0.887181,0.900532,0.658,1.2841,3.719713,0.739836,0.979815,0.572987
1764665198.940091,1764665198.937427,35771,0,4373.333496,4386.410156,4498.589844,4512.563965,4383.589844,4501.794922,4529.615234,4388.077148,4548.461426,4362.179688,4486.410156,4512.05127,4548.461426,4387.436035,4377.563965,4482.692383,4528.589844,4515.897461,4486.922852,4369.230957,4378.205078,4545.384766,4504.358887,4483.333496,4393.077148,4575.128418,4395.769043,4547.05127,4501.282227,4404.487305,4543.077148,4507.820313,2616,1,25,2048,9941,,,,0,4,4,4,4,4,4,4,4,4,4,4,4,4,4,4,4,4,4,4,4,4,4,4,4,4,4,4,4,4,4,4,4,100,,,,,,,,,,,,,,,,,,,,,,,,,,,,,,,,,,,,,,,,,,,,,,,,,,,,,,,,,,,,,,,,,,,,,,,,,,,,,,,,,,,,,,,,,,,,,,,,,,,,,,,,,,,,,,,,,,,,,,,,,,,,,,,,,,,,,,,,,,,,,,,,,,,,,,,,,,,,,,,,,,,,,,,,,,,,,,,,,,,,,,,,,,,,,,,,,,,,,,,,,,,,,,
1764665198.943999,1764665198.941335,35772,0,4371.538574,4383.205078,4495.256348,4511.025879,4382.94873,4496.922852,4524.871582,4383.846191,4545.256348,4372.820313,4480.769043,4508.461426,4545.512695,4382.179688,4371.538574,4479.615234,4524.743652,4510.128418,4484.615234,4365.128418,4378.333496,4545.769043,4500.897461,4479.615234,4387.563965,4571.025879,4392.307617,4548.461426,4497.820313,4401.922852,4542.307617,4506.538574,2672,1,25,2304,9949,,,,0,4,4,4,4,4,4,4,4,4,4,4,4,4,4,4,4,4,4,4,4,4,4,4,4,4,4,4,4,4,4,4,4,100,,,,,,,,,,,,,,,,,,,,,,,,,,,,,,,,,,,,,,,,,,,,,,,,,,,,,,,,,,,,,,,,,,,,,,,,,,,,,,,,,,,,,,,,,,,,,,,,,,,,,,,,,,,,,,,,,,,,,,,,,,,,,,,,,,,,,,,,,,,,,,,,,,,,,,,,,,,,,,,,,,,,,,,,,,,,,,,,,,,,,,,,,,,,,,,,,,,,,,,,,,,,,,
1764665198.947908,1764665198.945242,35773,0,4368.333496,4378.717773,4488.589844,4507.179688,4379.487305,4492.307617,4516.794922,4375.256348,4539.358887,4379.615234,4474.358887,4502.94873,4542.94873,4379.871582,4366.922852,4480.128418,4518.974121,4507.563965,4485.256348,4363.589844,4377.563965,4546.025879,4497.94873,4473.461426,4378.846191,4563.974121,4386.025879,4548.205078,4494.358887,4395.256348,4536.538574,4501.282227,2488,1,25,2304,9949,,,,0,4,4,4,4,4,4,4,4,4,4,4,4,4,4,4,4,4,4,4,4,4,4,4,4,4,4,4,4,4,4,4,4,100,,,,,,,,,,,,,,,,,,,,,,,,,,,,,,,,,,,25327,0,0.254422,-0.610657,-0.723083,0.198792,0.97717,0.169454,0.02637,24.166666,30.333334,43,,,,,,,,,,,,,,,,,,,,,,,,,,,,,,,,,,,,,,,,,,,,,,,,,,,,,,,,,,,,,,,,,,,,,,,,,,,,,,,,,,,,,,,,,,,,,,,,,,,,,,,,,,,,,,,,,,,,,,,,,,,,,,,,,,,,,,,,,,,,,,,,,,,,,,,,,,,,,,,,
1764665198.951816,1764665198.949150,35774,0,4367.436035,4377.563965,4486.538574,4505.128418,4377.436035,4492.436035,4513.205078,4369.358887,4536.666504,4381.153809,4472.436035,4500.897461,4545.512695,4383.717773,4369.487305,4485.512695,4518.205078,4513.077148,4490.769043,4368.589844,4380.128418,4549.487305,4499.102539,4471.794922,4377.692383,4559.615234,4383.205078,4548.589844,4494.871582,4390.897461,4530.769043,4498.846191,2633,1,25,2560,9957,,,,0,4,4,4,4,4,4,4,4,4,4,4,4,4,4,4,4,4,4,4,4,4,4,4,4,4,4,4,4,4,4,4,4,100,,,,,,,,,,,,,,,,,,,,,,,,,,,,,,,,,,,,,,,,,,,,,,,,,,,,,,,,,,,,,,,,,,,,,,,,,,,,,,,,,,,,,,,,,,,,,,,,,,,,,,,,,,,,,,,,,,,,,,,,,,,,,,,,,,,,,,,,,,,,,,,,,,,,,,,,,,,,,,,,,,,,,,,,,,,,,,,,,,,,,,,,,,,,,,,,,,,,,,,,,,,,,,
1764665198.955724,1764665198.953057,35775,0,4368.846191,4380.384766,4492.179688,4506.153809,4378.846191,4497.692383,4516.025879,4368.846191,4539.871582,4379.743652,4475.512695,4503.333496,4552.307617,4391.153809,4377.94873,4492.05127,4524.230957,4524.871582,4498.589844,4377.563965,4386.282227,4555,4503.077148,4476.538574,4386.666504,4560,4384.871582,4549.102539,4499.230957,4391.025879,4527.307617,4501.794922,2806,1,25,2560,9957,,,,0,4,4,4,4,4,4,4,4,4,4,4,4,4,4,4,4,4,4,4,4,4,4,4,4,4,4,4,4,4,4,4,4,100,,,,,,,,,,,,,,,,,,,,,,,,,,,,,,,,,,,,,,,,,,,,,,,,,,,,,,,,,,,,,,,,,,,,,,,,,,,,,,,,,,,,,,,,,,,,,,,,,,,,,,,,,,,,,,,,,,,,,,,,,,,,,,,,,,,,,,,,,,,,,,,,,,,,,,,,,,,,,,,,,,,,,,,,,,,,,,,,,,,,,,,,,,,,,,,,,,,,,,,,,,,,,,
1764665198.959632,1764665198.956965,35776,0,4369.358887,4383.205078,4501.025879,4507.820313,4381.282227,4503.717773,4520.897461,4371.282227,4546.153809,4378.717773,4479.615234,4506.666504,4558.077148,4395.512695,4384.743652,4495,4531.410156,4535.384766,4503.846191,4383.974121,4391.922852,4558.461426,4505.256348,4483.333496,4397.94873,4562.692383,4387.179688,4547.692383,4502.94873,4393.077148,4525.641113,4506.410156,2742,1,25,1536,9965,,,,0,4,4,4,4,4,4,4,4,4,4,4,4,4,4,4,4,4,4,4,4,4,4,4,4,4,4,4,4,4,4,4,4,100,,,,,,,,,,,,,,,,,,,,,,,,,,,,,,,,,,,,,,,,,,,,,,,,,,,,,,,,,,,,,,,,,,,,,,,,,,,,,,,,,,,,,,,,,,,,,,,,,,,,,,,,,,,,,,,,,,,,,,,,,,,,,,,,,,,,,,,,,,,,,,,,,,,,,,,,,,,,,,,,,,,,,,,,,,,,,,,,,,,,,,,,,,,,,,,,,,,,,,,,,,,,,,
1764665198.963541,1764665198.960872,35777,0,4367.307617,4382.94873,4507.05127,4507.94873,4381.794922,4506.282227,4522.563965,4373.205078,4551.666504,4380,4481.282227,4507.05127,4558.461426,4392.94873,4384.358887,4493.974121,4534.230957,4538.589844,4503.974121,4383.589844,4393.589844,4557.307617,4503.077148,4486.922852,4402.05127,4563.974121,4386.666504,4544.358887,4502.820313,4394.487305,4525,4508.333496,2894,1,25,1536,9965,,,,0,4,4,4,4,4,4,4,4,4,4,4,4,4,4,4,4,4,4,4,4,4,4,4,4,4,4,4,4,4,4,4,4,100,,,,,,,,,,,,,,,,,,,,,,,,,,,,,,,,,,,25328,0,0.254595,-0.610657,-0.723022,0.198792,0.978147,0.180686,0.036626,22.166666,29.666666,43.5,,,,,,,,,,,,,,,,,,,,,,,,,,,,,,,,,,,,,,,,,,,,,,,,,,,,,,,,,,,,,,,,,,,,,,,,,,,,,,,,,,,,,,,,,,,,,,,,,,,,,,,,,,,,,,,,,,,,,,,,,,,,,,,,,,,,,,,,,,,,,,,,,,,,,,,,,,,,,,,,
1764665198.967449,1764665198.964779,35778,0,4365.128418,4381.794922,4509.102539,4508.589844,4380.384766,4505.384766,4521.410156,4374.102539,4555,4383.205078,4481.538574,4505.256348,4555,4385.897461,4378.717773,4492.692383,4532.692383,4535.769043,4501.538574,4379.487305,4392.179688,4554.358887,4499.487305,4487.179688,4398.205078,4563.846191,4384.487305,4542.94873,4500.128418,4396.153809,4527.436035,4507.820313,2583,1,25,512,9972,,,,0,4,4,4,4,4,4,4,4,4,4,4,4,4,4,4,4,4,4,4,4,4,4,4,4,4,4,4,4,4,4,4,4,100,,,,,,,,,,,,,,,,,,,,,,,,,,,,,,,,,,,,,,,,,,,,,,,,,,,,,,,,,,,,,,,,,,,,,,,,,,,,,,,,,,,,,,,,,,,,,,,,,,,,,,,,,,,,,,,,,,,,,,,,,,,,,,,,,,,,,,,,,,,,,,,,,,,,,,,,,,,,,,,,,,,,,,,,,,,,,,,,,,,,,,,,,,,,,,,,,,,,,,,,,,,,,,
1764665198.971357,1764665198.968687,35779,0,4367.307617,4383.974121,4509.743652,4513.077148,4380,4504.102539,4521.538574,4376.153809,4557.820313,4387.05127,4483.461426,4505.128418,4553.205078,4381.410156,4374.487305,4495,4531.794922,4533.333496,4501.153809,4377.820313,4392.179688,4553.974121,4500.384766,4487.563965,4393.846191,4565.256348,4385.128418,4547.179688,4499.358887,4400.897461,4534.230957,4508.974121,2837,1,25,512,9972,,,,0,4,4,4,4,4,4,4,4,4,4,4,4,4,4,4,4,4,4,4,4,4,4,4,4,4,4,4,4,4,4,4,4,100,,,,,,,,,,,,,,,,,,,,,,,,,,,,,,,,,,,,,,,,,,,,,,,,,,,,,,,,,,,,,,,,,,,,,,,,,,,,,,,,,,,,,,,,,,,,,,,,,,,,,,,,,,,,,,,,,,,,,,,,,,,,,,,,,,,,,,,,,,,,,,,,,,,,,,,,,,,,,,,,,,,,,,,,,,,,,,,,,,,,,,,,,,,,,,,,,,,,,,,,,,,,,,
1764665198.975265,1764665198.972594,35780,0,4374.871582,4391.282227,4512.179688,4522.05127,4382.94873,4505.256348,4525.769043,4380.384766,4562.05127,4389.358887,4487.436035,4509.358887,4556.538574,4384.102539,4376.025879,4500.769043,4535.512695,4536.025879,4505.128418,4382.05127,4395.897461,4558.589844,4508.077148,4490.641113,4396.666504,4570,4391.025879,4556.025879,4503.461426,4409.615234,4543.974121,4514.358887,2736,1,25,768,9980,,,,0,4,4,4,4,4,4,4,4,4,4,4,4,4,4,4,4,4,4,4,4,4,4,4,4,4,4,4,4,4,4,4,4,100,,,,,,,,,,,,,,,,,,,,,,,,,,,,,,,,,,,,,,,,,,,,,,,,,,,,,,,,,,,,,,,,,,,,,,,,,,,,,,,,,,,,,,,,,,,,,,,,,,,,,,,,,,,,,,,,,,,,,,,,,,,,,,,,,,,,,,,,,,,,,,,,,,,,,,,,,,,,,,,,,,,,,,,,,,,,,,,,,,,,,,,,,,,,,,,,,,,,,,,,,,,,,,
1764665198.979174,1764665198.976502,35781,0,4384.871582,4400.897461,4516.794922,4531.538574,4388.717773,4509.743652,4533.077148,4385.128418,4567.563965,4388.846191,4490.897461,4516.282227,4563.846191,4393.205078,4382.05127,4506.666504,4543.077148,4542.436035,4511.538574,4390.128418,4401.922852,4565.769043,4519.871582,4495.256348,4406.922852,4576.666504,4400.384766,4565.128418,4510.897461,4419.871582,4552.436035,4523.205078,2773,1,25,768,9980,,,,0,4,4,4,4,4,4,4,4,4,4,4,4,4,4,4,4,4,4,4,4,4,4,4,4,4,4,4,4,4,4,4,4,100,,,,,,,,,,,,,,,,,,,,,,,,,,,,,,,,,,,25329,0,0.254769,-0.610657,-0.722961,0.198792,0.993774,0.173849,0.034184,21.666666,30.166666,44.166668,,,,,,,,,,,,,,,,,,,,,,,,,,,,,,,,,,,,,,,,,,,,,,,,,,,,,,,,,,,,,,,,,,,,,,,,,,,,,,,,,,,,,,,,,,,,,,,,,,,,,,,,,,,,,,,,,,,,,,,,,,,,,,,,,,,,,,,,,,,,,,,,,,,,,,,,,,,,,,,,
1764665198.983082,1764665198.980409,35782,0,4393.333496,4409.230957,4522.692383,4537.05127,4395.897461,4516.410156,4540.641113,4388.589844,4572.563965,4387.307617,4492.436035,4523.077148,4571.410156,4403.461426,4388.205078,4510.128418,4551.666504,4548.846191,4517.05127,4397.307617,4407.179688,4572.307617,4530.512695,4499.487305,4418.974121,4582.563965,4409.358887,4570.897461,4518.077148,4428.205078,4557.307617,4533.077148,2777,1,25,1024,9988,,,,0,4,4,4,4,4,4,4,4,4,4,4,4,4,4,4,4,4,4,4,4,4,4,4,4,4,4,4,4,4,4,4,4,100,,,,,,,,,,,,,,,,,,,,,,,,,,,,,,,,,,,,,,,,,,,,,,,,,,,,,,,,,,,,,,,,,,,,,,,,,,,,,,,,,,,,,,,,,,,,,,,,,,,,,,,,,,,,,,,,,,,,,,,,,,,,,,,,,,,,,,,,,,,,,,,,,,,,,,,,,,,,,,,,,,,,,,,,,,,,,,,,,,,,,,,,,,,,,,,,,,,,,,,,,,,,,,
1764665198.986990,1764665198.984317,35783,0,4398.333496,4414.615234,4528.846191,4537.05127,4402.436035,4523.333496,4546.282227,4390.512695,4575.384766,4388.717773,4492.94873,4527.94873,4576.410156,4409.230957,4391.410156,4511.410156,4558.461426,4553.077148,4519.102539,4400,4409.358887,4576.153809,4536.538574,4502.05127,4426.538574,4586.153809,4415.769043,4573.461426,4522.436035,4432.94873,4559.230957,4541.410156,2965,1,25,1024,9988,,,,0,4,4,4,4,4,4,4,4,4,4,4,4,4,4,4,4,4,4,4,4,4,4,4,4,4,4,4,4,4,4,4,4,100,,,,,,,,,,,,,,,,,,,,,,,,,,,,,,,,,,,,,,,,,,,,,,,,,,,,,,,,,,,,,,,,,,,,,,,,,,,,,,,,,,,,,,,,,,,,,,,,,,,,,,,,,,,,,,,,,,,,,,,,,,,,,,,,,,,,,,,,,,,,,,,,,,,,,,,,,,,,,,,,,,,,,,,,,,,,,,,,,,,,,,,,,,,,,,,,,,,,,,,,,,,,,,
1764665198.990898,1764665198.988224,35784,0,4399.615234,4416.794922,4533.717773,4533.333496,4406.538574,4528.205078,4548.846191,4391.538574,4575.384766,4394.487305,4493.589844,4530.384766,4577.820313,4407.692383,4390.384766,4511.410156,4561.538574,4553.589844,4516.794922,4397.307617,4407.307617,4576.666504,4537.307617,4501.922852,4426.410156,4586.794922,4418.333496,4574.230957,4523.333496,4433.846191,4559.615234,4546.282227,2846,1,25,1280,9996,,,,0,4,4,4,4,4,4,4,4,4,4,4,4,4,4,4,4,4,4,4,4,4,4,4,4,4,4,4,4,4,4,4,4,100,,,,,,,,,,,,,,,,,,,,,,,,,,,,,,,,,,,,,,,,,,,,,,,,,,,,,,,,,,,,,,,,,,,,,,,,,,,,,,,,,,,,,,,,,,,,,,,,,,,,,,,,,,,,,,,,,,,,,,,,,,,,,,,,,,,,,,,,,,,,,,,,,,,,,,,,,,,,,,,,,,,,,,,,,,,,,,,,,,,,,,,,,,,,,,,,,,,,,,,,,,,,,,
1764665198.994807,1764665198.992132,35785,0,4397.820313,4416.025879,4535.256348,4528.333496,4406.410156,4528.461426,4547.820313,4391.282227,4572.179688,4400.384766,4493.717773,4530.384766,4575.641113,4400.384766,4385.897461,4509.230957,4559.871582,4549.487305,4510.256348,4390.256348,4400.897461,4573.077148,4533.461426,4498.461426,4418.846191,4584.102539,4416.153809,4573.589844,4521.666504,4430.641113,4558.846191,4546.025879,2697,1,25,1280,9996,,,,0,4,4,4,4,4,4,4,4,4,4,4,4,4,4,4,4,4,4,4,4,4,4,4,4,4,4,4,4,4,4,4,4,100,,,,,,,,,,,,,,,,,,,,,,,,,,,,,,,,,,,25330,0,0.254993,-0.610596,-0.7229,0.198914,0.989867,0.167989,0.029789,21.833334,30.333334,43.5,,,,,,,,,,,,,,,,,,,,,,,,,,,,,,,,,,,,,,,,,,,,,,,,,,,,,,,,,,,,,,,,,,,,,,,,,,,,,,,,,,,,,,,,,,,,,,,,,,,,,,,,,,,,,,,,,,,,,,,,,,,,,,,,,,,,,,,,,,,,,,,,,,,,,,,,,,,,,,,,
1764665198.998715,1764665198.996039,35786,0,4393.589844,4412.563965,4531.666504,4523.333496,4401.794922,4523.205078,4543.205078,4389.230957,4566.666504,4400.641113,4491.666504,4528.077148,4571.153809,4392.307617,4380,4503.205078,4554.230957,4540.641113,4501.282227,4380.897461,4391.666504,4566.025879,4527.692383,4492.05127,4406.666504,4578.205078,4409.358887,4570.769043,4518.974121,4423.974121,4555.641113,4539.487305,2265,1,25,1536,10004,,,,0,4,4,4,4,4,4,4,4,4,4,4,4,4,4,4,4,4,4,4,4,4,4,4,4,4,4,4,4,4,4,4,4,100,,,,,,,,,,,,,,,,,,,,,,,,,,,,,,,,,,,,,,,,,,,,,,,,,,,,,,,,,,,,,,,,,,,,,,,,,,,,,,,,,,,,,,,,,,,,,,,,,,,,,,,,,,,,,,,,,,,,,,,,,,,,,,,,,,,,,,,,,,,,,,,,,,,,,,,,,,,,,,,,,,,,,,,,,,,,,,,,,,,,,,,,,,,,,,,,,,,,,,,,,,,,,,
1764665199.002623,1764665198.999946,35787,0,4388.205078,4407.94873,4523.589844,4518.589844,4395,4514.871582,4536.666504,4385.769043,4560.256348,4393.205078,4487.692383,4524.743652,4566.794922,4388.333496,4374.871582,4494.358887,4547.179688,4530.384766,4493.333496,4372.563965,4382.94873,4558.077148,4522.436035,4485,4393.846191,4571.153809,4399.871582,4565.384766,4515.897461,4415.897461,4549.358887,4527.94873,2675,1,25,1536,10004,,,,0,4,4,4,4,4,4,4,4,4,4,4,4,4,4,4,4,4,4,4,4,4,4,4,4,4,4,4,4,4,4,4,4,100,,,,,,,,,,,,,,,,,,,,,,,,,,,,,,,,,,,,,,,,,,,,,,,,,,,,,,,,,,,,,,,,,,,,,,,,,,,,,,,,,,,,,,,,,,,,,,,,,,,,,,,,,,,,,,,,,,,,,,,,,,,,,,,,,,,,,,,,,,,,,,,,,,,,,,,,,,,,,,,,,,,,,,,,,,,,,,,,,,,,,,,,,,,,,,,,,,,,,,,,,,,,,,
1764665199.006531,1764665199.003854,35788,0,4383.974121,4403.589844,4514.102539,4514.358887,4389.230957,4507.563965,4531.153809,4382.820313,4554.615234,4382.692383,4483.589844,4521.794922,4565.128418,4389.230957,4372.94873,4486.794922,4541.538574,4523.589844,4489.487305,4367.94873,4377.820313,4552.692383,4519.615234,4480,4384.102539,4566.153809,4391.538574,4558.589844,4513.077148,4409.487305,4541.153809,4515,2480,1,25,1792,10011,,,,0,4,4,4,4,4,4,4,4,4,4,4,4,4,4,4,4,4,4,4,4,4,4,4,4,4,4,4,4,4,4,4,4,100,,,,,,,,,,,,,,,,,,,,,,,,,,,,,,,,,,,,,,,,,,,,,,,,,,,,,,,,,,,,,,,,,,,,,,,,,,,,,,,,,,,,,,,,,,,,,,,,,,,,,,,,,,,,,,,,,,,,,,,,,,,,,,,,,,,,,,,,,,,,,,,,,,,,,,,,,,,,,,,,,,,,,,,,,,,,,,,,,,,,,,,,,,,,,,,,,,,,,,,,,,,,,,
1764665199.010440,1764665199.007761,35789,0,4381.922852,4400.769043,4507.563965,4511.538574,4387.179688,4504.743652,4529.230957,4381.794922,4551.410156,4375.769043,4481.410156,4520.641113,4566.282227,4392.05127,4374.487305,4484.230957,4538.846191,4523.461426,4490.641113,4367.820313,4376.922852,4552.05127,4518.974121,4478.205078,4380.256348,4565.256348,4387.05127,4553.205078,4511.025879,4407.179688,4534.487305,4505.384766,2225,1,25,1792,10011,,,,0,4,4,4,4,4,4,4,4,4,4,4,4,4,4,4,4,4,4,4,4,4,4,4,4,4,4,4,4,4,4,4,4,100,,,,,,,,,,,,,,,,,,,,,,,,,,,,,,,,,,,25331,0,0.255071,-0.610596,-0.722839,0.199036,0.990844,0.170919,0.03223,22.666666,29.666666,43.5,,,,,,,,,,,,,,,,,,,,,,,,,,,,,,,,,,,,,,,,,,,,,,,,,,,,,,,,,,,,,,,,,,,,,,,,,,,,,,,,,,,,,,,,,,,,,,,,,,,,,,,,,,,,,,,,,,,,,,,,,,,,,,,,,,,,,,,,,,,,,,,,,,,,,,,,,,,,,,,,
1764665199.014348,1764665199.011669,35790,0,4381.794922,4399.871582,4506.153809,4511.666504,4389.487305,4506.538574,4531.538574,4383.077148,4551.153809,4376.666504,4482.179688,4521.410156,4568.205078,4392.692383,4378.333496,4486.666504,4538.846191,4527.94873,4494.743652,4370.769043,4378.717773,4555,4518.717773,4479.102539,4383.333496,4567.820313,4386.922852,4551.794922,4509.743652,4408.846191,4532.179688,4503.077148,2695,1,25,2048,10019,,,,0,4,4,4,4,4,4,4,4,4,4,4,4,4,4,4,4,4,4,4,4,4,4,4,4,4,4,4,4,4,4,4,4,100,,,,,,,,,,,,,,,,,,,,,,,,,,,,,,,,,,,,,,,,,,,,,,,,,,,,,,,,,,,,,,,,,,,,,,,,,,,,,,,,,,,,,,,,,,,,,,,,,,,,,,,,,,,,,,,,,,,,,,,,,,,,,,,,,,,,,,,,,,,,,,,,,,,,,,,,,,,,,,,,,,,,,,,,,,,,,,,,,,,,,,,,,,,,,,,,,,,,,,,,,,,,,,
1764665199.018256,1764665199.015576,35791,0,4382.307617,4400.256348,4509.487305,4515.641113,4394.358887,4510.769043,4536.538574,4385.641113,4553.461426,4383.846191,4485.128418,4522.94873,4568.205078,4389.743652,4381.922852,4490.769043,4540.384766,4531.794922,4498.846191,4374.871582,4381.410156,4558.205078,4517.563965,4480.897461,4391.922852,4570.769043,4389.615234,4553.846191,4509.358887,4412.436035,4534.743652,4508.333496,2482,1,25,2048,10019,,,,0,4,4,4,4,4,4,4,4,4,4,4,4,4,4,4,4,4,4,4,4,4,4,4,4,4,4,4,4,4,4,4,4,100,,,,,,,,,,,,,,,,,,,,,,,,,,,,,,,,,,,,,,,,,,,,,,,,,,,,,,,,,,,,,,,,,,,,,,,,,,,,,,,,,,,,,,,,,,,,,,,,,,,,,,,,,,,,,,,,,,,,,,,,,,,,,,,,,,,,,,,,,,,,,,,,,,,,,,,,,,,,,,,,,,,,,,,,,,,,,,,,,,,,,,,,,,,,,,,,,,,,,,,,,,,,,,
1764665199.022164,1764665199.019484,35792,0,4382.563965,4401.153809,4514.102539,4521.666504,4398.846191,4514.487305,4541.922852,4387.94873,4556.794922,4392.94873,4488.333496,4523.077148,4565.256348,4384.615234,4383.205078,4492.05127,4542.05127,4531.410156,4501.153809,4378.589844,4384.358887,4558.846191,4515.641113,4482.692383,4402.436035,4571.794922,4391.922852,4556.922852,4509.615234,4414.871582,4539.230957,4517.05127,2849,1,25,2304,10027,,,,0,4,4,4,4,4,4,4,4,4,4,4,4,4,4,4,4,4,4,4,4,4,4,4,4,4,4,4,4,4,4,4,4,100,,,,,,,,,,,,,,,,,,,,,,,,,,,,,,,,,,,,,,,,,,,,,,,,,,,,,,,,,,,,,,,,,,,,,,,,,,,,,,,,,,,,,,,,,,,,,,,,,,,,,,,,,,,,,,,,,,,,,,,,,,,,,,,,,,,,,,,,,,,,,,,,,,,,,,,,,,,,,,,,,,,,,,,,,,,,,,,,,,,,,,,,,,,,,,,,,,,,,,,,,,,,,,
1764665199.026073,1764665199.023391,35793,0,4382.179688,4401.282227,4516.410156,4526.538574,4400.384766,4515.512695,4545.256348,4388.717773,4559.230957,4399.230957,4490.128418,4520.384766,4560.641113,4380.256348,4381.153809,4488.333496,4542.05127,4527.436035,4502.05127,4381.282227,4386.922852,4557.179688,4513.846191,4484.487305,4410.256348,4571.153809,4391.666504,4557.563965,4509.743652,4413.846191,4542.179688,4522.563965,2914,1,25,2304,10027,,,,0,4,4,4,4,4,4,4,4,4,4,4,4,4,4,4,4,4,4,4,4,4,4,4,4,4,4,4,4,4,4,4,4,100,,,,,,,,,,,,,,,,,,,,,,,,,,,,,,,,,,,25332,0,0.255196,-0.610596,-0.722778,0.199097,0.973263,0.174826,0.031742,23.5,30.833334,43.833332,,,,,,,,,,,,,,,,,,,,,,,,,,,,,,,,,,,,,,,,,,,,,,,,,,,,,,,,,,,,,,,,,,,,,,,,,,,,,,,,,,,,,,,,,,,,,,,,,,,,,,,,,,,,,,,,,,,,,,,,,,,,,,,,,,,,,,,,,,,,,,,,,,,,,,,,,,,,,,,,
1764665199.029981,1764665199.027299,35794,0,4381.282227,4399.615234,4514.358887,4527.05127,4397.94873,4513.717773,4544.358887,4387.05127,4559.102539,4400.641113,4489.487305,4515.128418,4556.282227,4378.461426,4376.410156,4481.153809,4538.846191,4522.563965,4501.922852,4382.436035,4388.205078,4555.128418,4512.563965,4486.922852,4411.794922,4570.384766,4388.589844,4554.230957,4508.974121,4409.358887,4541.153809,4520.769043,1742,1,25,2560,10035,,,,0,4,4,4,4,4,4,4,4,4,4,4,4,4,4,4,4,4,4,4,4,4,4,4,4,4,4,4,4,4,4,4,4,100,,,,,,,,,,,,,,,,,,,,,,,,,,,,,,,,,,,,,,,,,,,,,,,,,,,,,,,,,,,,,,,,,,,,,,,,,,,,,,,,,,,,,,,,,,,,,,,,,,,,,,,,,,,,,,,,,,,,,,,,,,,,,,,,,,,,,,,,,,,,,,,,,,,,,,,,,,,,,,,,,,,,,,,,,,,,,,,,,,,,,,,,,,,,,,,,,,,,,,,,,,,,,,
1764665199.033889,1764665199.031206,35795,0,4379.743652,4396.666504,4509.487305,4522.436035,4392.436035,4510.769043,4539.487305,4383.461426,4557.179688,4397.563965,4487.563965,4509.615234,4553.333496,4378.717773,4371.282227,4475,4532.436035,4519.743652,4501.538574,4381.282227,4387.436035,4554.487305,4511.538574,4489.743652,4406.666504,4571.025879,4385,4547.820313,4507.179688,4403.974121,4537.05127,4512.05127,2937,1,25,2560,10035,,,,0,4,4,4,4,4,4,4,4,4,4,4,4,4,4,4,4,4,4,4,4,4,4,4,4,4,4,4,4,4,4,4,4,100,,,,,,,,,,,,,,,,,,,,,,,,,,,,,,,,,,,,,,,,,,,,,,,,,,,,,,,,,,,,,,,,,,,,,,,,,,,,,,,,,,,,,,,,,,,,,,,,,,,,,,,,,,,,,,,,,,,,,,,,,,,,,,,,,,,,,,,,,,,,,,,,,,,,,,,,,,,,,,,,,,,,,,,,,,,,,,,,,,,,,,,,,,,,,,,,,,,,,,,,,,,,,,
1764665199.037798,1764665199.035113,35796,0,4377.563965,4392.94873,4505,4514.871582,4386.025879,4508.205078,4532.820313,4379.615234,4555.256348,4391.794922,4485.641113,4506.282227,4552.05127,4379.743652,4369.102539,4473.589844,4525,4519.487305,4500.384766,4377.820313,4384.615234,4555.128418,4510.512695,4491.538574,4397.179688,4572.563965,4383.333496,4541.666504,4504.743652,4400.128418,4531.922852,4501.282227,2495,1,25,2560,10043,,,,0,4,4,4,4,4,4,4,4,4,4,4,4,4,4,4,4,4,4,4,4,4,4,4,4,4,4,4,4,4,4,4,4,100,,,,,,,,,,,,,,,,,,,,,,,,,,,,,,,,,,,,,,,,,,,,,,,,,,,,,,,,,,,,,,,,,,,,,,,,,,,,,,,,,,,,,,,,,,,,,,,,,,,,,,,,,,,,,,,,,,,,,,,,,,,,,,,,,,,,,,,,,,,,,,,,,,,,,,,,,,,,,,,,,,,,,,,,,,,,,,,,,,,,,,,,,,,,,,,,,,,,,,,,,,,,,,
1764665199.041706,1764665199.039021,35797,0,4374.487305,4389.102539,4503.205078,4508.077148,4381.538574,4506.282227,4527.179688,4377.179688,4554.871582,4384.358887,4483.717773,4505,4551.922852,4379.615234,4370.512695,4476.666504,4519.871582,4520.769043,4498.077148,4373.077148,4381.153809,4554.615234,4509.102539,4490.512695,4387.179688,4573.077148,4383.717773,4538.205078,4502.436035,4398.717773,4527.692383,4493.461426,2797,1,25,2560,10043,,,,0,4,4,4,4,4,4,4,4,4,4,4,4,4,4,4,4,4,4,4,4,4,4,4,4,4,4,4,4,4,4,4,4,100,,,,,,,,,,,,,,,,,,,,,,,,,,,,,,,,,,,25333,0,0.255467,-0.610535,-0.722717,0.199158,0.973263,0.174826,0.031742,20.5,30.333334,44.333332,,,,,,,,,,,,,,,,,,,,,,,,,,,,,,,,,,,,,,,,,,,,,,,,,,,,,,,,,,,,,,,,,,,,,,,,,,,,,,,,,,,,,,,,,,,,,,,,,,,,,,,,,,,,,,,,,,,,,,,,,,,,,,,,,,,,,,,,,,,,,,,,,,,,,,,,,,,,,,,,
1764665199.045614,1764665199.042928,35798,0,4370.512695,4384.871582,4502.820313,4504.871582,4379.487305,4503.461426,4523.717773,4376.025879,4555.384766,4376.153809,4481.282227,4503.461426,4552.179688,4377.94873,4373.589844,4480.641113,4518.717773,4521.794922,4495.128418,4368.846191,4378.589844,4550.512695,4507.179688,4486.025879,4378.846191,4570.512695,4384.230957,4537.692383,4500.256348,4397.436035,4524.743652,4490.641113,2909,1,25,2560,10051,,,,0,4,4,4,4,4,4,4,4,4,4,4,4,4,4,4,4,4,4,4,4,4,4,4,4,4,4,4,4,4,4,4,4,100,,,,,,,,,,,,,,,,,,,,,,,,,,,,,,,,,,,,,,,,,,,,,,,,,,,,,,,,,,,,,,,,,,,,,,,,,,,,,,,,,,,,,,,,,,,,,,,,,,,,,,,,,,,,,,,,,,,,,,,,,,,,,,,,,,,,,,,,,,,,,,,,,,,,,,,,,,,,,,,,,,,,,,,,,,,,,,,,,,,,,,,,,,,,,,,,,,,,,,,,,,,,,,
1764665199.049522,1764665199.046836,35799,0,4366.282227,4380.384766,4500.897461,4505.128418,4379.358887,4498.846191,4522.179688,4374.871582,4555.512695,4367.820313,4478.077148,4500.256348,4552.436035,4375.641113,4375,4482.05127,4520.256348,4522.05127,4492.692383,4366.538574,4377.820313,4543.461426,4504.358887,4480,4373.589844,4565.128418,4382.307617,4538.461426,4497.94873,4394.871582,4522.820313,4491.410156,2825,1,25,2560,10051,,,,0,4,4,4,4,4,4,4,4,4,4,4,4,4,4,4,4,4,4,4,4,4,4,4,4,4,4,4,4,4,4,4,4,100,,,,,,,,,,,,,,,,,,,,,,,,,,,,,,,,,,,,,,,,,,,,,,,,,,,,,,,,,,,,,,,,,,,,,,,,,,,,,,,,,,,,,,,,,,,,,,,,,,,,,,,,,,,,,,,,,,,,,,,,,,,,,,,,,,,,,,,,,,,,,,,,,,,,,,,,,,,,,,,,,,,,,,,,,,,,,,,,,,,,,,,,,,,,,,,,,,,,,,,,,,,,,,
1764665199.053431,1764665199.050743,35800,0,4363.717773,4376.538574,4496.794922,4507.179688,4380.128418,4493.589844,4521.922852,4372.94873,4554.743652,4362.05127,4476.025879,4496.025879,4552.436035,4374.743652,4373.333496,4480.769043,4522.307617,4521.666504,4492.563965,4366.538574,4378.846191,4537.692383,4501.025879,4475.512695,4371.666504,4559.487305,4378.589844,4538.846191,4496.025879,4391.153809,4521.794922,4492.820313,2754,1,25,2561,10058,,,,0,4,4,4,4,4,4,4,4,4,4,4,4,4,4,4,4,4,4,4,4,4,4,4,4,4,4,4,4,4,4,4,4,100,,,,,,,,,,,,,,,,,,,,,,,,,,,,,,,,,,,,,,,,,,,,,,,,,,,,,,,,,,,,,,,,,,,,,,,,,,,,,,,,,,,,,,,,,,,,,,,,,,,,,,,,,,,,,,,,,,,,,,,,,,,,,,,,,,,,,,,,,,,,,,,,,,,,,,,,,,,,,,,,,,,,,,,,,,,,,,,,,,,,,,,,,,,,,,,,,,,,,,,,,,,,,,
1764665199.057339,1764665199.054651,35801,0,4363.974121,4374.487305,4492.307617,4508.589844,4381.282227,4491.153809,4522.820313,4370.897461,4553.333496,4361.025879,4476.922852,4493.333496,4552.563965,4376.153809,4370.384766,4479.487305,4523.846191,4521.282227,4494.871582,4367.563965,4380.641113,4537.692383,4498.589844,4475.384766,4372.820313,4556.666504,4375.512695,4538.974121,4495.128418,4388.846191,4521.282227,4492.692383,2803,1,25,2561,10058,,,,0,4,4,4,4,4,4,4,4,4,4,4,4,4,4,4,4,4,4,4,4,4,4,4,4,4,4,4,4,4,4,4,4,100,,,,,,,,,,,,,,,,,,,,,,,,,,,,,,,,,,,25334,0,0.255372,-0.610535,-0.722717,0.19928,0.983518,0.181174,0.024417,23.666666,29.333334,43.333332,,,,,,,,,,,,,,,,,,,,,,,,,,,,,,,,,,,,,,,,,,,,,,,,,,,,,,,,,,,,,,,,,,,,,,,,,,,,,,,,,,,,,,,,,,,,,,,,,,,,,,,,,,,,,,,,,,,,,,,,,,,,,,,,,,,,,,,,,,,,,,,,,,,,,,,,,,,,,,,,
1764665199.061247,1764665199.058558,35802,0,4366.538574,4374.102539,4490.128418,4507.820313,4381.282227,4493.077148,4524.230957,4369.102539,4551.794922,4365.769043,4480.384766,4494.102539,4552.820313,4378.717773,4368.461426,4480.641113,4524.487305,4521.794922,4497.820313,4367.436035,4381.282227,4543.205078,4498.589844,4478.846191,4375,4557.179688,4375.128418,4539.102539,4495.128418,4389.102539,4520.897461,4490.512695,1944,1,25,2304,10066,,,,0,4,4,4,4,4,4,4,4,4,4,4,4,4,4,4,4,4,4,4,4,4,4,4,4,4,4,4,4,4,4,4,4,100,,,,,,,,,,,,,,,,,,,,,,,,,,,,,,,,,,,,,,,,,,,,,,,1.765221,2.023554,0.28654,1.021824,0.547534,2.393531,3.019135,0.478857,1.025235,0.502892,1.206634,5.228724,0.508139,1.218021,0.73912,0.762646,2.407092,0.354938,0.887223,0.587357,1.322012,2.330331,0.46094,0.944045,0.564302,1.47718,1.981454,0.55162,0.983417,0.485923,1.240127,1.995719,0.468578,0.848497,0.472025,1.102718,2.755399,0.626574,0.956568,0.667634,1.047929,2.581949,0.559082,1.191995,0.663203,1.483199,1.89216,0.833998,2.660571,1.296851,0.589777,1.868418,0.282814,0.581705,0.401096,2.311439,2.82172,0.300518,1.129171,0.506732,1.117859,1.430363,0.326106,0.859956,0.479657,0.72439,1.512114,0.494408,0.686536,0.353532,0.53231,0.897342,0.355329,0.549843,0.456068,1.261387,0.841561,0.250665,0.696056,0.605418,2.34262,2.026555,0.367186,1.173238,0.740994,1.2414,2.265007,0.243465,1.012232,0.757985,1.360272,1.079477,0.282553,0.554634,0.460902,1.601282,1.778928,0.508245,0.738154,0.600746,1.383454,1.790171,0.686514,0.678701,0.534778,2.1748,1.97675,0.338999,1.02993,0.561273,1.817498,1.603883,0.24686,0.692275,0.508421,1.167561,2.179485,0.34923,0.988907,0.710191,1.969795,5.310663,2.58753,2.946017,1.687773,0.825956,2.262403,0.408663,0.806737,0.463457,1.776067,2.188207,0.64515,1.172702,0.640679,1.645669,1.834972,0.37919,1.219203,0.661468,1.189181,1.145278,0.248904,0.491497,0.281297,1.204872,2.459237,0.455903,0.874895,0.596376,1.206652,2.395536,0.777798,0.968208,0.621555,1.476602,3.916566,0.64225,1.025952,0.513631
1764665199.065155,1764665199.062465,35803,0,4369.230957,4374.358887,4490.512695,4504.743652,4379.743652,4497.94873,4525,4368.077148,4550.512695,4373.846191,4484.358887,4497.563965,4553.077148,4380.256348,4368.717773,4483.589844,4524.487305,4522.307617,4498.333496,4364.615234,4379.487305,4549.230957,4501.538574,4482.179688,4374.358887,4559.487305,4377.179688,4539.487305,4495.384766,4391.025879,4520.128418,4487.436035,2620,1,25,2304,10066,,,,0,4,4,4,4,4,4,4,4,4,4,4,4,4,4,4,4,4,4,4,4,4,4,4,4,4,4,4,4,4,4,4,4,100,,,,,,,,,,,,,,,,,,,,,,,,,,,,,,,,,,,,,,,,,,,,,,,,,,,,,,,,,,,,,,,,,,,,,,,,,,,,,,,,,,,,,,,,,,,,,,,,,,,,,,,,,,,,,,,,,,,,,,,,,,,,,,,,,,,,,,,,,,,,,,,,,,,,,,,,,,,,,,,,,,,,,,,,,,,,,,,,,,,,,,,,,,,,,,,,,,,,,,,,,,,,,,
1764665199.069064,1764665199.066373,35804,0,4371.410156,4375.641113,4493.717773,4502.436035,4378.846191,4502.94873,4526.538574,4368.846191,4550.897461,4382.307617,4487.179688,4502.563965,4554.102539,4380.384766,4371.922852,4486.922852,4525.512695,4522.436035,4496.282227,4361.153809,4376.538574,4551.922852,4507.179688,4482.94873,4368.205078,4561.922852,4380.641113,4540.769043,4496.025879,4394.102539,4520.512695,4486.410156,2676,1,25,1536,10074,,,,0,4,4,4,4,4,4,4,4,4,4,4,4,4,4,4,4,4,4,4,4,4,4,4,4,4,4,4,4,4,4,4,4,100,,,,,,,,,,,,,,,,,,,,,,,,,,,,,,,,,,,,,,,,,,,,,,,,,,,,,,,,,,,,,,,,,,,,,,,,,,,,,,,,,,,,,,,,,,,,,,,,,,,,,,,,,,,,,,,,,,,,,,,,,,,,,,,,,,,,,,,,,,,,,,,,,,,,,,,,,,,,,,,,,,,,,,,,,,,,,,,,,,,,,,,,,,,,,,,,,,,,,,,,,,,,,,
1764665199.072972,1764665199.070280,35805,0,4374.615234,4380,4500.384766,4506.025879,4382.436035,4507.05127,4532.179688,4374.230957,4555.384766,4389.743652,4490.512695,4508.974121,4557.94873,4381.794922,4378.077148,4490.384766,4530.512695,4524.102539,4494.871582,4361.410156,4376.153809,4552.179688,4514.871582,4482.692383,4359.487305,4565.128418,4386.025879,4544.871582,4498.589844,4399.230957,4524.358887,4490.384766,2495,1,25,1536,10074,,,,0,4,4,4,4,4,4,4,4,4,4,4,4,4,4,4,4,4,4,4,4,4,4,4,4,4,4,4,4,4,4,4,4,100,,,,,,,,,,,,,,,,,,,,,,,,,,,,,,,,,,,25335,0,0.255399,-0.610596,-0.722656,0.19928,0.989379,0.163594,0.0293,21.333334,29.166666,44.333332,,,,,,,,,,,,,,,,,,,,,,,,,,,,,,,,,,,,,,,,,,,,,,,,,,,,,,,,,,,,,,,,,,,,,,,,,,,,,,,,,,,,,,,,,,,,,,,,,,,,,,,,,,,,,,,,,,,,,,,,,,,,,,,,,,,,,,,,,,,,,,,,,,,,,,,,,,,,,,,,
1764665199.076880,1764665199.074188,35806,0,4380.384766,4388.846191,4510.897461,4518.077148,4391.794922,4510.384766,4542.94873,4384.871582,4564.230957,4396.922852,4496.410156,4517.179688,4565.512695,4387.307617,4385.769043,4494.615234,4540.769043,4529.871582,4497.692383,4368.077148,4380.897461,4554.487305,4522.94873,4484.615234,4354.615234,4569.871582,4393.717773,4552.05127,4503.974121,4406.794922,4532.436035,4500,2640,1,25,1024,10082,,,,0,4,4,4,4,4,4,4,4,4,4,4,4,4,4,4,4,4,4,4,4,4,4,4,4,4,4,4,4,4,4,4,4,100,,,,,,,,,,,,,,,,,,,,,,,,,,,,,,,,,,,,,,,,,,,,,,,,,,,,,,,,,,,,,,,,,,,,,,,,,,,,,,,,,,,,,,,,,,,,,,,,,,,,,,,,,,,,,,,,,,,,,,,,,,,,,,,,,,,,,,,,,,,,,,,,,,,,,,,,,,,,,,,,,,,,,,,,,,,,,,,,,,,,,,,,,,,,,,,,,,,,,,,,,,,,,,
1764665199.080788,1764665199.078095,35807,0,4387.05127,4399.102539,4521.410156,4533.461426,4402.307617,4512.307617,4554.487305,4396.282227,4572.94873,4404.615234,4503.333496,4524.487305,4573.846191,4396.153809,4391.410156,4498.333496,4552.307617,4538.589844,4504.487305,4378.077148,4388.205078,4560.512695,4527.94873,4488.717773,4359.102539,4574.743652,4400.897461,4559.358887,4510,4413.717773,4540.897461,4510.769043,2811,1,25,1024,10082,,,,0,4,4,4,4,4,4,4,4,4,4,4,4,4,4,4,4,4,4,4,4,4,4,4,4,4,4,4,4,4,4,4,4,100,,,,,,,,,,,,,,,,,,,,,,,,,,,,,,,,,,,,,,,,,,,,,,,,,,,,,,,,,,,,,,,,,,,,,,,,,,,,,,,,,,,,,,,,,,,,,,,,,,,,,,,,,,,,,,,,,,,,,,,,,,,,,,,,,,,,,,,,,,,,,,,,,,,,,,,,,,,,,,,,,,,,,,,,,,,,,,,,,,,,,,,,,,,,,,,,,,,,,,,,,,,,,,
1764665199.084697,1764665199.082003,35808,0,4389.743652,4404.230957,4525.769043,4542.692383,4406.025879,4511.538574,4558.333496,4401.410156,4575.641113,4410.384766,4506.538574,4526.410156,4577.820313,4403.077148,4391.282227,4498.333496,4558.077148,4544.615234,4510.384766,4384.358887,4392.436035,4566.794922,4526.666504,4491.282227,4372.820313,4576.153809,4402.692383,4562.179688,4512.692383,4415,4543.846191,4515.769043,2745,1,25,1280,10090,,,,0,4,4,4,4,4,4,4,4,4,4,4,4,4,4,4,4,4,4,4,4,4,4,4,4,4,4,4,4,4,4,4,4,100,,,,,,,,,,,,,,,,,,,,,,,,,,,,,,,,,,,,,,,,,,,,,,,,,,,,,,,,,,,,,,,,,,,,,,,,,,,,,,,,,,,,,,,,,,,,,,,,,,,,,,,,,,,,,,,,,,,,,,,,,,,,,,,,,,,,,,,,,,,,,,,,,,,,,,,,,,,,,,,,,,,,,,,,,,,,,,,,,,,,,,,,,,,,,,,,,,,,,,,,,,,,,,
1764665199.088605,1764665199.085910,35809,0,4385.641113,4400.384766,4521.153809,4539.871582,4399.615234,4507.563965,4550.769043,4396.282227,4570.256348,4410.769043,4502.820313,4521.282227,4573.974121,4403.077148,4384.871582,4492.94873,4553.974121,4543.077148,4510.769043,4381.666504,4390,4568.077148,4519.871582,4488.846191,4390.897461,4572.692383,4396.153809,4557.820313,4509.743652,4408.461426,4538.589844,4511.666504,2904,1,25,1280,10090,,,,0,4,4,4,4,4,4,4,4,4,4,4,4,4,4,4,4,4,4,4,4,4,4,4,4,4,4,4,4,4,4,4,4,100,,,,,,,,,,,,,,,,,,,,,,,,,,,,,,,,,,,25336,0,0.255202,-0.610718,-0.722656,0.199158,0.989379,0.163594,0.0293,21.333334,29.666666,42.666668,,,,,,,,,,,,,,,,,,,,,,,,,,,,,,,,,,,,,,,,,,,,,,,,,,,,,,,,,,,,,,,,,,,,,,,,,,,,,,,,,,,,,,,,,,,,,,,,,,,,,,,,,,,,,,,,,,,,,,,,,,,,,,,,,,,,,,,,,,,,,,,,,,,,,,,,,,,,,,,,
1764665199.092513,1764665199.089818,35810,0,4377.179688,4390,4510.512695,4528.077148,4387.436035,4502.05127,4536.410156,4384.358887,4560.512695,4404.743652,4494.358887,4512.179688,4564.358887,4396.538574,4376.410156,4484.615234,4543.461426,4535.641113,4505.512695,4372.307617,4382.820313,4562.436035,4512.179688,4482.563965,4406.410156,4566.025879,4384.487305,4548.333496,4502.94873,4397.179688,4528.461426,4501.410156,2585,1,25,1536,10097,,,,0,4,4,4,4,4,4,4,4,4,4,4,4,4,4,4,4,4,4,4,4,4,4,4,4,4,4,4,4,4,4,4,4,100,,,,,,,,,,,,,,,,,,,,,,,,,,,,,,,,,,,,,,,,,,,,,,,,,,,,,,,,,,,,,,,,,,,,,,,,,,,,,,,,,,,,,,,,,,,,,,,,,,,,,,,,,,,,,,,,,,,,,,,,,,,,,,,,,,,,,,,,,,,,,,,,,,,,,,,,,,,,,,,,,,,,,,,,,,,,,,,,,,,,,,,,,,,,,,,,,,,,,,,,,,,,,,
1764665199.096422,1764665199.093725,35811,0,4369.358887,4380.128418,4500.512695,4515.512695,4377.307617,4497.307617,4525.256348,4373.846191,4552.94873,4395.384766,4487.05127,4504.102539,4554.743652,4387.820313,4371.025879,4478.461426,4533.589844,4528.461426,4499.230957,4363.717773,4376.538574,4553.589844,4508.846191,4477.436035,4413.589844,4560.384766,4373.846191,4538.846191,4496.666504,4387.436035,4520.128418,4492.436035,2841,1,25,1536,10097,,,,0,4,4,4,4,4,4,4,4,4,4,4,4,4,4,4,4,4,4,4,4,4,4,4,4,4,4,4,4,4,4,4,4,100,,,,,,,,,,,,,,,,,,,,,,,,,,,,,,,,,,,,,,,,,,,,,,,,,,,,,,,,,,,,,,,,,,,,,,,,,,,,,,,,,,,,,,,,,,,,,,,,,,,,,,,,,,,,,,,,,,,,,,,,,,,,,,,,,,,,,,,,,,,,,,,,,,,,,,,,,,,,,,,,,,,,,,,,,,,,,,,,,,,,,,,,,,,,,,,,,,,,,,,,,,,,,,
1764665199.100330,1764665199.097632,35812,0,4365.897461,4375.641113,4496.538574,4509.487305,4374.743652,4494.871582,4523.717773,4370.512695,4551.282227,4387.179688,4484.102539,4500.128418,4549.871582,4381.794922,4371.410156,4477.692383,4529.230957,4526.794922,4496.666504,4362.436035,4375.128418,4547.692383,4510.897461,4476.666504,4409.871582,4558.333496,4369.230957,4533.717773,4493.974121,4383.205078,4517.179688,4490.384766,2742,1,25,1792,10105,,,,0,4,4,4,4,4,4,4,4,4,4,4,4,4,4,4,4,4,4,4,4,4,4,4,4,4,4,4,4,4,4,4,4,100,,,,,,,,,,,,,,,,,,,,,,,,,,,,,,,,,,,,,,,,,,,,,,,,,,,,,,,,,,,,,,,,,,,,,,,,,,,,,,,,,,,,,,,,,,,,,,,,,,,,,,,,,,,,,,,,,,,,,,,,,,,,,,,,,,,,,,,,,,,,,,,,,,,,,,,,,,,,,,,,,,,,,,,,,,,,,,,,,,,,,,,,,,,,,,,,,,,,,,,,,,,,,,
1764665199.104238,1764665199.101540,35813,0,4366.153809,4376.282227,4498.974121,4511.153809,4378.205078,4494.102539,4530,4373.589844,4554.743652,4383.461426,4484.871582,4499.743652,4550.769043,4381.410156,4375.512695,4481.025879,4530,4530.256348,4498.974121,4369.102539,4377.94873,4548.077148,4515.256348,4479.743652,4397.563965,4559.743652,4370.512695,4533.974121,4494.487305,4384.615234,4518.717773,4495.384766,2777,1,25,1792,10105,,,,0,4,4,4,4,4,4,4,4,4,4,4,4,4,4,4,4,4,4,4,4,4,4,4,4,4,4,4,4,4,4,4,4,100,,,,,,,,,,,,,,,,,,,,,,,,,,,,,,,,,,,25337,0,0.255452,-0.610718,-0.722534,0.19928,0.984007,0.175803,0.037114,22.666666,30,44.333332,,,,,,,,,,,,,,,,,,,,,,,,,,,,,,,,,,,,,,,,,,,,,,,,,,,,,,,,,,,,,,,,,,,,,,,,,,,,,,,,,,,,,,,,,,,,,,,,,,,,,,,,,,,,,,,,,,,,,,,,,,,,,,,,,,,,,,,,,,,,,,,,,,,,,,,,,,,,,,,,
1764665199.108146,1764665199.105447,35814,0,4367.179688,4378.077148,4504.230957,4516.794922,4382.692383,4493.717773,4536.794922,4378.205078,4559.743652,4384.230957,4486.282227,4500.384766,4554.358887,4385.769043,4379.871582,4484.487305,4531.794922,4533.974121,4503.205078,4378.205078,4381.922852,4553.077148,4517.820313,4483.205078,4382.94873,4562.436035,4374.615234,4537.563965,4495.256348,4388.589844,4521.794922,4503.077148,2781,1,25,2048,10113,,,,0,4,4,4,4,4,4,4,4,4,4,4,4,4,4,4,4,4,4,4,4,4,4,4,4,4,4,4,4,4,4,4,4,100,,,,,,,,,,,,,,,,,,,,,,,,,,,,,,,,,,,,,,,,,,,,,,,,,,,,,,,,,,,,,,,,,,,,,,,,,,,,,,,,,,,,,,,,,,,,,,,,,,,,,,,,,,,,,,,,,,,,,,,,,,,,,,,,,,,,,,,,,,,,,,,,,,,,,,,,,,,,,,,,,,,,,,,,,,,,,,,,,,,,,,,,,,,,,,,,,,,,,,,,,,,,,,
1764665199.112054,1764665199.109355,35815,0,4366.282227,4377.94873,4507.692383,4521.153809,4383.589844,4493.333496,4538.205078,4380.256348,4563.205078,4387.05127,4486.922852,4500.384766,4556.922852,4391.794922,4382.179688,4485.384766,4531.282227,4534.230957,4505.641113,4383.974121,4384.743652,4557.94873,4516.794922,4483.974121,4374.358887,4564.615234,4378.077148,4541.025879,4494.230957,4391.282227,4524.102539,4507.820313,2967,1,25,2048,10113,,,,0,4,4,4,4,4,4,4,4,4,4,4,4,4,4,4,4,4,4,4,4,4,4,4,4,4,4,4,4,4,4,4,4,100,,,,,,,,,,,,,,,,,,,,,,,,,,,,,,,,,,,,,,,,,,,,,,,,,,,,,,,,,,,,,,,,,,,,,,,,,,,,,,,,,,,,,,,,,,,,,,,,,,,,,,,,,,,,,,,,,,,,,,,,,,,,,,,,,,,,,,,,,,,,,,,,,,,,,,,,,,,,,,,,,,,,,,,,,,,,,,,,,,,,,,,,,,,,,,,,,,,,,,,,,,,,,,
1764665199.115963,1764665199.113262,35816,0,4363.717773,4375.769043,4507.179688,4521.025879,4380.769043,4493.333496,4532.94873,4378.589844,4563.461426,4389.102539,4487.05127,4499.871582,4556.922852,4396.025879,4382.307617,4484.230957,4528.333496,4532.307617,4505.897461,4384.230957,4386.538574,4559.102539,4513.846191,4482.692383,4377.05127,4566.025879,4379.743652,4542.307617,4491.922852,4390.897461,4525.641113,4507.692383,2849,1,25,2304,10121,,,,0,4,4,4,4,4,4,4,4,4,4,4,4,4,4,4,4,4,4,4,4,4,4,4,4,4,4,4,4,4,4,4,4,100,,,,,,,,,,,,,,,,,,,,,,,,,,,,,,,,,,,,,,,,,,,,,,,,,,,,,,,,,,,,,,,,,,,,,,,,,,,,,,,,,,,,,,,,,,,,,,,,,,,,,,,,,,,,,,,,,,,,,,,,,,,,,,,,,,,,,,,,,,,,,,,,,,,,,,,,,,,,,,,,,,,,,,,,,,,,,,,,,,,,,,,,,,,,,,,,,,,,,,,,,,,,,,
1764665199.119871,1764665199.117170,35817,0,4361.538574,4374.102539,4504.487305,4516.922852,4377.179688,4494.102539,4525,4374.871582,4561.666504,4388.589844,4487.05127,4500,4555.384766,4397.05127,4381.538574,4483.461426,4525.769043,4531.666504,4505.769043,4380.897461,4388.717773,4556.666504,4511.666504,4481.666504,4389.615234,4567.563965,4380.384766,4541.282227,4490.897461,4387.179688,4527.563965,4504.615234,2700,1,25,2304,10121,,,,0,4,4,4,4,4,4,4,4,4,4,4,4,4,4,4,4,4,4,4,4,4,4,4,4,4,4,4,4,4,4,4,4,100,,,,,,,,,,,,,,,,,,,,,,,,,,,,,,,,,,,25338,0,0.255383,-0.610779,-0.722473,0.199402,0.984495,0.156757,0.024905,22.666666,30,44.333332,,,,,,,,,,,,,,,,,,,,,,,,,,,,,,,,,,,,,,,,,,,,,,,,,,,,,,,,,,,,,,,,,,,,,,,,,,,,,,,,,,,,,,,,,,,,,,,,,,,,,,,,,,,,,,,,,,,,,,,,,,,,,,,,,,,,,,,,,,,,,,,,,,,,,,,,,,,,,,,,
1764665199.123779,1764665199.121077,35818,0,4361.025879,4374.743652,4502.692383,4511.922852,4375.256348,4495.256348,4518.974121,4371.410156,4559.230957,4386.410156,4486.538574,4500.641113,4553.461426,4395.128418,4380.384766,4484.230957,4525.256348,4534.102539,4506.794922,4377.94873,4391.410156,4552.820313,4510.512695,4482.436035,4404.230957,4569.743652,4381.153809,4539.230957,4492.05127,4382.05127,4529.743652,4502.179688,2265,1,25,2560,10129,,,,0,4,4,4,4,4,4,4,4,4,4,4,4,4,4,4,4,4,4,4,4,4,4,4,4,4,4,4,4,4,4,4,4,100,,,,,,,,,,,,,,,,,,,,,,,,,,,,,,,,,,,,,,,,,,,,,,,,,,,,,,,,,,,,,,,,,,,,,,,,,,,,,,,,,,,,,,,,,,,,,,,,,,,,,,,,,,,,,,,,,,,,,,,,,,,,,,,,,,,,,,,,,,,,,,,,,,,,,,,,,,,,,,,,,,,,,,,,,,,,,,,,,,,,,,,,,,,,,,,,,,,,,,,,,,,,,,
1764665199.127688,1764665199.124985,35819,0,4360.897461,4376.922852,4503.205078,4508.589844,4375.256348,4495.384766,4517.307617,4368.974121,4556.794922,4384.487305,4484.358887,4500,4552.05127,4391.666504,4378.589844,4485.512695,4526.025879,4536.538574,4507.692383,4376.666504,4393.205078,4549.615234,4508.846191,4484.230957,4411.282227,4571.666504,4381.666504,4536.922852,4493.974121,4377.692383,4530.512695,4502.307617,2668,1,25,2560,10129,,,,0,4,4,4,4,4,4,4,4,4,4,4,4,4,4,4,4,4,4,4,4,4,4,4,4,4,4,4,4,4,4,4,4,100,,,,,,,,,,,,,,,,,,,,,,,,,,,,,,,,,,,,,,,,,,,,,,,,,,,,,,,,,,,,,,,,,,,,,,,,,,,,,,,,,,,,,,,,,,,,,,,,,,,,,,,,,,,,,,,,,,,,,,,,,,,,,,,,,,,,,,,,,,,,,,,,,,,,,,,,,,,,,,,,,,,,,,,,,,,,,,,,,,,,,,,,,,,,,,,,,,,,,,,,,,,,,,
1764665199.131596,1764665199.128892,35820,0,4358.974121,4378.333496,4505,4507.05127,4375.384766,4493.461426,4518.974121,4367.436035,4554.102539,4383.974121,4480.384766,4496.410156,4550.769043,4387.820313,4375.897461,4485.384766,4525.641113,4535.256348,4506.025879,4376.410156,4392.307617,4547.563965,4505,4484.743652,4406.666504,4571.794922,4380.641113,4535.128418,4493.717773,4375.256348,4528.333496,4503.717773,2477,1,25,2560,10136,,,,0,4,4,4,4,4,4,4,4,4,4,4,4,4,4,4,4,4,4,4,4,4,4,4,4,4,4,4,4,4,4,4,4,100,,,,,,,,,,,,,,,,,,,,,,,,,,,,,,,,,,,,,,,,,,,,,,,,,,,,,,,,,,,,,,,,,,,,,,,,,,,,,,,,,,,,,,,,,,,,,,,,,,,,,,,,,,,,,,,,,,,,,,,,,,,,,,,,,,,,,,,,,,,,,,,,,,,,,,,,,,,,,,,,,,,,,,,,,,,,,,,,,,,,,,,,,,,,,,,,,,,,,,,,,,,,,,
1764665199.135504,1764665199.132799,35821,0,4355.512695,4377.820313,4506.282227,4505.512695,4373.974121,4490.897461,4522.05127,4366.922852,4551.410156,4385.128418,4476.794922,4492.05127,4550.256348,4384.358887,4373.461426,4483.846191,4523.333496,4530.512695,4502.820313,4375.897461,4388.717773,4547.436035,4500.641113,4483.205078,4394.871582,4570.128418,4378.333496,4534.230957,4490.897461,4375.128418,4524.615234,4504.487305,2220,1,25,2560,10136,,,,0,4,4,4,4,4,4,4,4,4,4,4,4,4,4,4,4,4,4,4,4,4,4,4,4,4,4,4,4,4,4,4,4,100,,,,,,,,,,,,,,,,,,,,,,,,,,,,,,,,,,,25339,0,0.25538,-0.61084,-0.722473,0.199219,0.990355,0.177268,0.02637,22.166666,29.666666,45.166668,,,,,,,,,,,,,,,,,,,,,,,,,,,,,,,,,,,,,,,,,,,,,,,,,,,,,,,,,,,,,,,,,,,,,,,,,,,,,,,,,,,,,,,,,,,,,,,,,,,,,,,,,,,,,,,,,,,,,,,,,,,,,,,,,,,,,,,,,,,,,,,,,,,,,,,,,,,,,,,,
1764665199.139413,1764665199.136707,35822,0,4353.974121,4377.563965,4506.794922,4503.974121,4372.563965,4490.641113,4525.641113,4368.846191,4550.512695,4387.05127,4476.922852,4491.410156,4551.922852,4382.563965,4373.461426,4484.102539,4521.282227,4527.179688,4501.538574,4376.153809,4385.256348,4550.512695,4499.102539,4482.05127,4386.282227,4568.589844,4376.922852,4535.256348,4488.077148,4377.436035,4522.820313,4504.615234,2688,1,25,2561,10144,,,,0,4,4,4,4,4,4,4,4,4,4,4,4,4,4,4,4,4,4,4,4,4,4,4,4,4,4,4,4,4,4,4,4,100,,,,,,,,,,,,,,,,,,,,,,,,,,,,,,,,,,,,,,,,,,,,,,,,,,,,,,,,,,,,,,,,,,,,,,,,,,,,,,,,,,,,,,,,,,,,,,,,,,,,,,,,,,,,,,,,,,,,,,,,,,,,,,,,,,,,,,,,,,,,,,,,,,,,,,,,,,,,,,,,,,,,,,,,,,,,,,,,,,,,,,,,,,,,,,,,,,,,,,,,,,,,,,
1764665199.143321,1764665199.140614,35823,0,4358.077148,4380,4507.692383,4504.487305,4373.846191,4495,4530.769043,4374.230957,4553.333496,4388.974121,4482.820313,4497.94873,4556.153809,4383.974121,4377.179688,4488.589844,4523.333496,4530.256348,4505.384766,4378.461426,4385.641113,4556.794922,4502.692383,4484.230957,4388.461426,4569.102539,4379.102539,4539.102539,4489.102539,4382.563965,4524.871582,4505.512695,2478,1,25,2561,10144,,,,0,4,4,4,4,4,4,4,4,4,4,4,4,4,4,4,4,4,4,4,4,4,4,4,4,4,4,4,4,4,4,4,4,100,,,,,,,,,,,,,,,,,,,,,,,,,,,,,,,,,,,,,,,,,,,,,,,,,,,,,,,,,,,,,,,,,,,,,,,,,,,,,,,,,,,,,,,,,,,,,,,,,,,,,,,,,,,,,,,,,,,,,,,,,,,,,,,,,,,,,,,,,,,,,,,,,,,,,,,,,,,,,,,,,,,,,,,,,,,,,,,,,,,,,,,,,,,,,,,,,,,,,,,,,,,,,,
1764665199.147229,1764665199.144522,35824,0,4366.794922,4385.641113,4509.102539,4507.436035,4377.820313,4502.563965,4537.179688,4381.410156,4558.333496,4388.846191,4491.410156,4508.974121,4561.153809,4388.205078,4383.205078,4496.153809,4529.743652,4538.974121,4512.179688,4382.307617,4390.512695,4563.974121,4509.487305,4489.743652,4399.102539,4571.282227,4384.102539,4544.871582,4493.846191,4389.102539,4528.717773,4507.179688,2842,1,25,2560,10152,,,,0,4,4,4,4,4,4,4,4,4,4,4,4,4,4,4,4,4,4,4,4,4,4,4,4,4,4,4,4,4,4,4,4,100,,,,,,,,,,,,,,,,,,,,,,,,,,,,,,,,,,,,,,,,,,,,,,,,,,,,,,,,,,,,,,,,,,,,,,,,,,,,,,,,,,,,,,,,,,,,,,,,,,,,,,,,,,,,,,,,,,,,,,,,,,,,,,,,,,,,,,,,,,,,,,,,,,,,,,,,,,,,,,,,,,,,,,,,,,,,,,,,,,,,,,,,,,,,,,,,,,,,,,,,,,,,,,
1764665199.151137,1764665199.148429,35825,0,4375,4391.025879,4509.358887,4510.769043,4381.666504,4509.358887,4542.179688,4385.769043,4561.025879,4386.666504,4497.05127,4517.94873,4563.589844,4392.94873,4387.436035,4501.922852,4536.666504,4547.436035,4516.794922,4385.512695,4396.538574,4568.461426,4515.384766,4495,4408.589844,4573.205078,4388.205078,4550.256348,4499.102539,4393.589844,4529.743652,4507.94873,2913,1,25,2560,10152,,,,0,4,4,4,4,4,4,4,4,4,4,4,4,4,4,4,4,4,4,4,4,4,4,4,4,4,4,4,4,4,4,4,4,100,,,,,,,,,,,,,,,,,,,,,,,,,,,,,,,,,,,25340,0,0.25538,-0.61084,-0.722473,0.199219,0.983518,0.169454,0.024905,23.666666,29.833334,45.833332,,,,,,,,,,,,,,,,,,,,,,,,,,,,,,,,,,,,,,,,,,,,,,,,,,,,,,,,,,,,,,,,,,,,,,,,,,,,,,,,,,,,,,,,,,,,,,,,,,,,,,,,,,,,,,,,,,,,,,,,,,,,,,,,,,,,,,,,,,,,,,,,,,,,,,,,,,,,,,,,
1764665199.155045,1764665199.152337,35826,0,4377.94873,4393.077148,4507.179688,4511.922852,4382.179688,4511.538574,4542.692383,4384.230957,4558.589844,4384.743652,4496.922852,4519.871582,4562.563965,4395.897461,4387.820313,4502.179688,4540,4550.128418,4515.512695,4385.769043,4400.256348,4568.333496,4517.179688,4496.538574,4409.102539,4573.461426,4388.589844,4552.692383,4501.538574,4394.230957,4526.666504,4506.794922,1738,1,25,1792,10160,,,,0,4,4,4,4,4,4,4,4,4,4,4,4,4,4,4,4,4,4,4,4,4,4,4,4,4,4,4,4,4,4,4,4,100,,,,,,,,,,,,,,,,,,,,,,,,,,,,,,,,,,,,,,,,,,,,,,,,,,,,,,,,,,,,,,,,,,,,,,,,,,,,,,,,,,,,,,,,,,,,,,,,,,,,,,,,,,,,,,,,,,,,,,,,,,,,,,,,,,,,,,,,,,,,,,,,,,,,,,,,,,,,,,,,,,,,,,,,,,,,,,,,,,,,,,,,,,,,,,,,,,,,,,,,,,,,,,
1764665199.158954,1764665199.156244,35827,0,4375.769043,4392.179688,4504.871582,4511.794922,4381.153809,4509.871582,4539.487305,4379.358887,4553.077148,4388.205078,4494.230957,4516.153809,4561.410156,4396.282227,4386.025879,4497.820313,4539.487305,4546.410156,4509.871582,4384.230957,4400.897461,4565.641113,4516.025879,4494.615234,4400.897461,4573.717773,4386.794922,4553.333496,4501.538574,4392.94873,4523.846191,4506.282227,2931,1,25,1792,10160,,,,0,4,4,4,4,4,4,4,4,4,4,4,4,4,4,4,4,4,4,4,4,4,4,4,4,4,4,4,4,4,4,4,4,100,,,,,,,,,,,,,,,,,,,,,,,,,,,,,,,,,,,,,,,,,,,,,,,,,,,,,,,,,,,,,,,,,,,,,,,,,,,,,,,,,,,,,,,,,,,,,,,,,,,,,,,,,,,,,,,,,,,,,,,,,,,,,,,,,,,,,,,,,,,,,,,,,,,,,,,,,,,,,,,,,,,,,,,,,,,,,,,,,,,,,,,,,,,,,,,,,,,,,,,,,,,,,,
1764665199.162862,1764665199.160152,35828,0,4373.846191,4393.205078,4507.820313,4514.358887,4383.333496,4509.230957,4537.820313,4377.820313,4551.153809,4399.358887,4495.384766,4513.461426,4564.487305,4395.897461,4386.538574,4494.615234,4539.487305,4541.153809,4505.256348,4383.589844,4401.282227,4565,4516.794922,4493.846191,4391.410156,4577.436035,4388.077148,4555.769043,4502.820313,4394.743652,4528.077148,4510.641113,2493,1,25,512,10168,,,,0,4,4,4,4,4,4,4,4,4,4,4,4,4,4,4,4,4,4,4,4,4,4,4,4,4,4,4,4,4,4,4,4,100,,,,,,,,,,,,,,,,,,,,,,,,,,,,,,,,,,,,,,,,,,,,,,,,,,,,,,,,,,,,,,,,,,,,,,,,,,,,,,,,,,,,,,,,,,,,,,,,,,,,,,,,,,,,,,,,,,,,,,,,,,,,,,,,,,,,,,,,,,,,,,,,,,,,,,,,,,,,,,,,,,,,,,,,,,,,,,,,,,,,,,,,,,,,,,,,,,,,,,,,,,,,,,
1764665199.166770,1764665199.164059,35829,0,4377.436035,4400.128418,4518.589844,4522.436035,4391.922852,4513.717773,4542.436035,4384.871582,4557.05127,4414.743652,4503.589844,4517.179688,4573.077148,4396.922852,4391.666504,4497.692383,4544.102539,4540.256348,4505.512695,4386.153809,4403.717773,4569.102539,4522.692383,4497.563965,4387.307617,4585.384766,4395.384766,4562.820313,4508.333496,4402.436035,4540.512695,4521.794922,2791,1,25,512,10168,,,,0,4,4,4,4,4,4,4,4,4,4,4,4,4,4,4,4,4,4,4,4,4,4,4,4,4,4,4,4,4,4,4,4,100,,,,,,,,,,,,,,,,,,,,,,,,,,,,,,,,,,,25341,0,0.254972,-0.611023,-0.722412,0.199402,0.97131,0.166036,0.037602,21.166666,29.333334,43.666668,,,,,,,,,,,,,,,,,,,,,,,,,,,,,,,,,,,,,,,,,,,,,,,,,,,,,,,,,,,,,,,,,,,,,,,,,,,,,,,,,,,,,,,,,,,,,,,,,,,,,,,,,,,,,,,,,,,,,,,,,,,,,,,,,,,,,,,,,,,,,,,,,,,,,,,,,,,,,,,,
1764665199.170679,1764665199.167966,35830,0,4386.410156,4411.410156,4532.820313,4533.077148,4403.974121,4522.307617,4552.05127,4397.94873,4567.94873,4426.025879,4515.512695,4526.538574,4583.333496,4399.102539,4398.846191,4505.897461,4552.307617,4545.384766,4510.256348,4390.256348,4407.05127,4576.538574,4531.922852,4504.102539,4388.846191,4593.333496,4406.410156,4573.077148,4516.538574,4412.436035,4554.743652,4535,2899,1,25,768,10176,,,,0,4,4,4,4,4,4,4,4,4,4,4,4,4,4,4,4,4,4,4,4,4,4,4,4,4,4,4,4,4,4,4,4,100,,,,,,,,,,,,,,,,,,,,,,,,,,,,,,,,,,,,,,,,,,,,,,,,,,,,,,,,,,,,,,,,,,,,,,,,,,,,,,,,,,,,,,,,,,,,,,,,,,,,,,,,,,,,,,,,,,,,,,,,,,,,,,,,,,,,,,,,,,,,,,,,,,,,,,,,,,,,,,,,,,,,,,,,,,,,,,,,,,,,,,,,,,,,,,,,,,,,,,,,,,,,,,
1764665199.174587,1764665199.171874,35831,0,4394.487305,4419.871582,4541.410156,4539.358887,4411.410156,4529.487305,4560,4408.846191,4575.769043,4426.794922,4523.461426,4534.358887,4589.230957,4400.256348,4402.307617,4512.563965,4558.205078,4551.666504,4514.615234,4391.410156,4407.179688,4582.307617,4538.461426,4507.94873,4390.769043,4594.615234,4413.589844,4580.769043,4522.179688,4417.436035,4560.769043,4542.563965,2816,1,25,768,10176,,,,0,4,4,4,4,4,4,4,4,4,4,4,4,4,4,4,4,4,4,4,4,4,4,4,4,4,4,4,4,4,4,4,4,100,,,,,,,,,,,,,,,,,,,,,,,,,,,,,,,,,,,,,,,,,,,,,,,,,,,,,,,,,,,,,,,,,,,,,,,,,,,,,,,,,,,,,,,,,,,,,,,,,,,,,,,,,,,,,,,,,,,,,,,,,,,,,,,,,,,,,,,,,,,,,,,,,,,,,,,,,,,,,,,,,,,,,,,,,,,,,,,,,,,,,,,,,,,,,,,,,,,,,,,,,,,,,,
1764665199.178495,1764665199.175781,35832,0,4395.769043,4418.974121,4537.692383,4536.538574,4409.102539,4529.871582,4559.487305,4410.128418,4574.230957,4416.666504,4522.05127,4534.615234,4586.794922,4398.333496,4398.205078,4511.025879,4556.282227,4552.307617,4513.974121,4386.922852,4401.666504,4582.179688,4537.179688,4505.128418,4388.717773,4586.538574,4410.769043,4580.897461,4520.512695,4412.692383,4552.820313,4538.205078,2737,1,25,256,10183,,,,0,4,4,4,4,4,4,4,4,4,4,4,4,4,4,4,4,4,4,4,4,4,4,4,4,4,4,4,4,4,4,4,4,100,,,,,,,,,,,,,,,,,,,,,,,,,,,,,,,,,,,,,,,,,,,,,,,,,,,,,,,,,,,,,,,,,,,,,,,,,,,,,,,,,,,,,,,,,,,,,,,,,,,,,,,,,,,,,,,,,,,,,,,,,,,,,,,,,,,,,,,,,,,,,,,,,,,,,,,,,,,,,,,,,,,,,,,,,,,,,,,,,,,,,,,,,,,,,,,,,,,,,,,,,,,,,,
1764665199.182403,1764665199.179689,35833,0,4389.230957,4408.589844,4523.589844,4527.05127,4398.846191,4523.205078,4550.641113,4401.410156,4564.615234,4402.436035,4513.717773,4526.922852,4576.922852,4394.102539,4388.333496,4501.282227,4547.307617,4545.384766,4507.94873,4378.589844,4392.563965,4575.641113,4528.589844,4496.666504,4384.102539,4572.94873,4398.846191,4572.563965,4511.922852,4400.384766,4534.487305,4523.077148,2789,1,25,256,10183,,,,0,4,4,4,4,4,4,4,4,4,4,4,4,4,4,4,4,4,4,4,4,4,4,4,4,4,4,4,4,4,4,4,4,100,,,,,,,,,,,,,,,,,,,,,,,,,,,,,,,,,,,25342,0,0.255046,-0.611084,-0.722351,0.199341,0.96838,0.175803,0.035649,24,29.833334,45.833332,,,,,,,,,,,,,,,,,,,,,,,,,,,,,,,,,,,,,,,,,,,,,,,,,,,,,,,,,,,,,,,,,,,,,,,,,,,,,,,,,,,,,,,,,,,,,,,,,,,,,,,,,,,,,,,,,,,,,,,,,,,,,,,,,,,,,,,,,,,,,,,,,,,,,,,,,,,,,,,,
1764665199.186312,1764665199.183596,35834,0,4379.871582,4396.025879,4508.077148,4518.205078,4388.077148,4513.974121,4540.128418,4389.615234,4553.974121,4392.820313,4505.384766,4517.179688,4565,4389.871582,4378.589844,4489.615234,4537.563965,4534.743652,4500.641113,4371.153809,4385,4566.282227,4518.333496,4487.820313,4382.05127,4561.794922,4384.487305,4560.769043,4501.666504,4388.205078,4516.153809,4505.769043,1932,1,25,512,10191,,,,0,4,4,4,4,4,4,4,4,4,4,4,4,4,4,4,4,4,4,4,4,4,4,4,4,4,4,4,4,4,4,4,4,100,0.9375,100,4,4,4,4,4,4,4,4,4,4,4,4,4,4,4,4,4,4,4,4,4,4,4,4,4,4,4,4,4,4,4,4,,,,,,,,,,,,,2.190126,1.709825,0.236673,0.982734,0.517014,2.82562,2.92275,0.445877,1.00422,0.481556,1.594227,4.938096,0.455451,1.2014,0.732749,1.09175,2.463587,0.316009,0.930093,0.578511,1.532583,2.234172,0.362915,0.918402,0.519478,1.866809,1.897754,0.55873,1.003932,0.474453,1.463563,1.836701,0.396223,0.858384,0.491259,1.24543,2.628168,0.550507,0.935304,0.633331,1.343739,2.428804,0.494812,1.263051,0.63976,1.615922,2.028101,0.860902,2.584745,1.299651,0.846871,1.715199,0.245309,0.618484,0.389575,2.563483,2.496401,0.288279,1.127455,0.470211,1.124977,1.270255,0.308385,0.878662,0.44867,0.610986,1.298351,0.448491,0.747878,0.340067,0.445652,0.725477,0.354917,0.586218,0.422726,1.143892,0.822734,0.324051,0.693598,0.569784,2.545307,1.613168,0.366332,1.153365,0.680013,1.155693,2.017568,0.298473,0.956782,0.716899,1.129548,0.848265,0.30749,0.53648,0.460453,1.450913,1.593365,0.426112,0.666781,0.561473,1.29823,1.656451,0.612675,0.629545,0.524434,2.191368,1.890719,0.352043,0.96025,0.537392,2.002995,1.441586,0.244453,0.678656,0.492524,1.309674,2.123888,0.278152,0.921658,0.670509,2.498939,5.222908,2.729889,2.773139,1.679956,0.851513,2.384853,0.345211,0.782534,0.430801,2.127683,2.291844,0.575749,1.124844,0.577908,2.06579,1.750496,0.287223,1.156983,0.626811,1.507639,1.090936,0.229259,0.466843,0.262024,1.561004,2.678699,0.358652,0.828796,0.543923,1.548112,2.490638,0.677041,0.97232,0.579707,1.816359,3.808483,0.600582,1.011587,0.462926
1764665199.190220,1764665199.187504,35835,0,4373.846191,4389.615234,4500.641113,4516.025879,4383.717773,4507.563965,4534.871582,4382.179688,4548.846191,4392.436035,4502.436035,4511.666504,4557.05127,4388.077148,4374.230957,4483.205078,4533.077148,4526.922852,4496.922852,4369.102539,4383.205078,4559.358887,4512.436035,4483.717773,4386.153809,4558.846191,4376.410156,4552.179688,4496.153809,4383.846191,4508.077148,4496.025879,2609,1,25,512,10191,,,,0,4,4,4,4,4,4,4,4,4,4,4,4,4,4,4,4,4,4,4,4,4,4,4,4,4,4,4,4,4,4,4,4,100,,,,,,,,,,,,,,,,,,,,,,,,,,,,,,,,,,,,,,,,,,,,,,,,,,,,,,,,,,,,,,,,,,,,,,,,,,,,,,,,,,,,,,,,,,,,,,,,,,,,,,,,,,,,,,,,,,,,,,,,,,,,,,,,,,,,,,,,,,,,,,,,,,,,,,,,,,,,,,,,,,,,,,,,,,,,,,,,,,,,,,,,,,,,,,,,,,,,,,,,,,,,,,
1764665199.194128,1764665199.191411,35836,0,4373.846191,4392.563965,4505.384766,4520.512695,4386.666504,4506.666504,4536.794922,4382.05127,4550.512695,4398.589844,4505.128418,4511.922852,4556.025879,4388.461426,4376.794922,4483.846191,4534.743652,4525,4498.461426,4372.692383,4387.179688,4557.692383,4512.563965,4485.128418,4395,4564.102539,4377.94873,4550.512695,4497.94873,4388.974121,4513.077148,4498.974121,2663,1,25,768,10199,,,,0,4,4,4,4,4,4,4,4,4,4,4,4,4,4,4,4,4,4,4,4,4,4,4,4,4,4,4,4,4,4,4,4,100,,,,,,,,,,,,,,,,,,,,,,,,,,,,,,,,,,,,,,,,,,,,,,,,,,,,,,,,,,,,,,,,,,,,,,,,,,,,,,,,,,,,,,,,,,,,,,,,,,,,,,,,,,,,,,,,,,,,,,,,,,,,,,,,,,,,,,,,,,,,,,,,,,,,,,,,,,,,,,,,,,,,,,,,,,,,,,,,,,,,,,,,,,,,,,,,,,,,,,,,,,,,,,
1764665199.198036,1764665199.195319,35837,0,4377.307617,4399.871582,4517.307617,4526.410156,4392.05127,4509.358887,4541.153809,4385.512695,4554.743652,4403.461426,4508.717773,4514.743652,4559.487305,4388.589844,4382.436035,4487.179688,4538.077148,4526.794922,4502.179688,4377.820313,4392.563965,4559.358887,4514.615234,4488.205078,4402.05127,4572.179688,4385.384766,4553.846191,4503.589844,4398.846191,4525,4510.769043,2485,1,25,768,10199,,,,0,4,4,4,4,4,4,4,4,4,4,4,4,4,4,4,4,4,4,4,4,4,4,4,4,4,4,4,4,4,4,4,4,100,,,,,,,,,,,,,,,,,,,,,,,,,,,,,,,,,,,25343,0,0.254921,-0.611084,-0.722412,0.19928,0.96838,0.175803,0.035649,22.666666,29.166666,43.833332,,,,,,,,,,,,,,,,,,,,,,,,,,,,,,,,,,,,,,,,,,,,,,,,,,,,,,,,,,,,,,,,,,,,,,,,,,,,,,,,,,,,,,,,,,,,,,,,,,,,,,,,,,,,,,,,,,,,,,,,,,,,,,,,,,,,,,,,,,,,,,,,,,,,,,,,,,,,,,,,
1764665199.201945,1764665199.199226,35838,0,4378.461426,4402.820313,4526.025879,4527.307617,4393.846191,4511.282227,4541.153809,4386.410156,4555.384766,4401.153809,4508.974121,4515.256348,4561.794922,4385.897461,4385.641113,4487.436035,4537.820313,4527.692383,4503.589844,4379.358887,4394.358887,4559.615234,4513.333496,4487.692383,4402.436035,4576.282227,4390.769043,4556.410156,4506.410156,4405.128418,4534.102539,4521.410156,2631,1,25,1024,10207,,,,0,4,4,4,4,4,4,4,4,4,4,4,4,4,4,4,4,4,4,4,4,4,4,4,4,4,4,4,4,4,4,4,4,100,,,,,,,,,,,,,,,,,,,,,,,,,,,,,,,,,,,,,,,,,,,,,,,,,,,,,,,,,,,,,,,,,,,,,,,,,,,,,,,,,,,,,,,,,,,,,,,,,,,,,,,,,,,,,,,,,,,,,,,,,,,,,,,,,,,,,,,,,,,,,,,,,,,,,,,,,,,,,,,,,,,,,,,,,,,,,,,,,,,,,,,,,,,,,,,,,,,,,,,,,,,,,,
1764665199.205853,1764665199.203133,35839,0,4373.974121,4396.538574,4523.589844,4521.025879,4388.974121,4509.358887,4534.358887,4381.666504,4549.871582,4391.538574,4504.102539,4511.153809,4558.974121,4379.871582,4383.589844,4482.179688,4531.794922,4525.256348,4500.641113,4374.871582,4390.256348,4555.128418,4506.794922,4481.410156,4395.769043,4573.077148,4388.205078,4553.461426,4502.563965,4402.05127,4533.205078,4522.436035,2803,1,25,1024,10207,,,,0,4,4,4,4,4,4,4,4,4,4,4,4,4,4,4,4,4,4,4,4,4,4,4,4,4,4,4,4,4,4,4,4,100,,,,,,,,,,,,,,,,,,,,,,,,,,,,,,,,,,,,,,,,,,,,,,,,,,,,,,,,,,,,,,,,,,,,,,,,,,,,,,,,,,,,,,,,,,,,,,,,,,,,,,,,,,,,,,,,,,,,,,,,,,,,,,,,,,,,,,,,,,,,,,,,,,,,,,,,,,,,,,,,,,,,,,,,,,,,,,,,,,,,,,,,,,,,,,,,,,,,,,,,,,,,,,
1764665199.209761,1764665199.207041,35840,0,4365.897461,4384.358887,4510.641113,4511.410156,4380.641113,4503.974121,4524.743652,4373.333496,4540.641113,4380.256348,4496.794922,4504.871582,4551.794922,4373.589844,4377.692383,4474.871582,4523.461426,4521.025879,4495.512695,4367.05127,4382.563965,4547.05127,4498.077148,4472.179688,4386.922852,4564.871582,4378.589844,4545.384766,4493.717773,4391.153809,4523.333496,4512.307617,2730,1,25,1280,10215,,,,0,4,4,4,4,4,4,4,4,4,4,4,4,4,4,4,4,4,4,4,4,4,4,4,4,4,4,4,4,4,4,4,4,100,,,,,,,,,,,,,,,,,,,,,,,,,,,,,,,,,,,,,,,,,,,,,,,,,,,,,,,,,,,,,,,,,,,,,,,,,,,,,,,,,,,,,,,,,,,,,,,,,,,,,,,,,,,,,,,,,,,,,,,,,,,,,,,,,,,,,,,,,,,,,,,,,,,,,,,,,,,,,,,,,,,,,,,,,,,,,,,,,,,,,,,,,,,,,,,,,,,,,,,,,,,,,,
1764665199.213669,1764665199.210948,35841,0,4359.615234,4374.358887,4495.897461,4505.512695,4374.358887,4497.820313,4519.230957,4366.922852,4533.717773,4374.358887,4491.025879,4500.512695,4544.871582,4370.384766,4372.436035,4470.256348,4518.077148,4518.461426,4492.05127,4360.641113,4375.641113,4539.871582,4492.179688,4464.615234,4381.282227,4557.179688,4367.94873,4536.666504,4485.384766,4379.743652,4511.282227,4497.94873,2886,1,25,1280,10215,,,,0,4,4,4,4,4,4,4,4,4,4,4,4,4,4,4,4,4,4,4,4,4,4,4,4,4,4,4,4,4,4,4,4,100,,,,,,,,,,,,,,,,,,,,,,,,,,,,,,,,,,,25344,0,0.254921,-0.611084,-0.722412,0.19928,0.978147,0.166036,0.021487,24.666666,29.666666,43,,,,,,,,,,,,,,,,,,,,,,,,,,,,,,,,,,,,,,,,,,,,,,,,,,,,,,,,,,,,,,,,,,,,,,,,,,,,,,,,,,,,,,,,,,,,,,,,,,,,,,,,,,,,,,,,,,,,,,,,,,,,,,,,,,,,,,,,,,,,,,,,,,,,,,,,,,,,,,,,
1764665199.217578,1764665199.214856,35842,0,4358.461426,4372.436035,4488.333496,4507.307617,4373.846191,4493.461426,4521.794922,4366.153809,4533.589844,4376.538574,4489.615234,4500.128418,4542.179688,4371.794922,4371.282227,4470.769043,4518.333496,4519.102539,4492.05127,4358.846191,4372.307617,4537.179688,4491.153809,4461.794922,4379.615234,4553.717773,4361.794922,4532.05127,4482.179688,4374.871582,4503.589844,4487.563965,2573,1,25,1536,10222,,,,0,4,4,4,4,4,4,4,4,4,4,4,4,4,4,4,4,4,4,4,4,4,4,4,4,4,4,4,4,4,4,4,4,100,,,,,,,,,,,,,,,,,,,,,,,,,,,,,,,,,,,,,,,,,,,,,,,,,,,,,,,,,,,,,,,,,,,,,,,,,,,,,,,,,,,,,,,,,,,,,,,,,,,,,,,,,,,,,,,,,,,,,,,,,,,,,,,,,,,,,,,,,,,,,,,,,,,,,,,,,,,,,,,,,,,,,,,,,,,,,,,,,,,,,,,,,,,,,,,,,,,,,,,,,,,,,,
1764665199.221486,1764665199.218763,35843,0,4361.153809,4377.94873,4490.256348,4514.358887,4377.692383,4491.794922,4529.487305,4369.743652,4539.487305,4383.205078,4491.538574,4502.692383,4544.230957,4376.025879,4374.358887,4474.358887,4522.179688,4521.666504,4493.846191,4360.769043,4372.307617,4538.589844,4492.94873,4462.307617,4377.94873,4554.102539,4361.538574,4532.307617,4484.230957,4377.563965,4502.436035,4485.384766,2829,1,25,1536,10222,,,,0,4,4,4,4,4,4,4,4,4,4,4,4,4,4,4,4,4,4,4,4,4,4,4,4,4,4,4,4,4,4,4,4,100,,,,,,,,,,,,,,,,,,,,,,,,,,,,,,,,,,,,,,,,,,,,,,,,,,,,,,,,,,,,,,,,,,,,,,,,,,,,,,,,,,,,,,,,,,,,,,,,,,,,,,,,,,,,,,,,,,,,,,,,,,,,,,,,,,,,,,,,,,,,,,,,,,,,,,,,,,,,,,,,,,,,,,,,,,,,,,,,,,,,,,,,,,,,,,,,,,,,,,,,,,,,,,
1764665199.225394,1764665199.222671,35844,0,4363.461426,4384.615234,4496.410156,4519.487305,4381.410156,4491.410156,4535.512695,4373.461426,4546.922852,4387.94873,4493.589844,4505.128418,4548.205078,4379.358887,4378.846191,4477.179688,4525.128418,4523.205078,4494.871582,4363.077148,4372.820313,4541.153809,4494.358887,4462.94873,4372.692383,4555,4363.974121,4535,4488.333496,4382.563965,4505.128418,4488.333496,2727,1,25,1792,10230,,,,0,4,4,4,4,4,4,4,4,4,4,4,4,4,4,4,4,4,4,4,4,4,4,4,4,4,4,4,4,4,4,4,4,100,,,,,,,,,,,,,,,,,,,,,,,,,,,,,,,,,,,,,,,,,,,,,,,,,,,,,,,,,,,,,,,,,,,,,,,,,,,,,,,,,,,,,,,,,,,,,,,,,,,,,,,,,,,,,,,,,,,,,,,,,,,,,,,,,,,,,,,,,,,,,,,,,,,,,,,,,,,,,,,,,,,,,,,,,,,,,,,,,,,,,,,,,,,,,,,,,,,,,,,,,,,,,,
1764665199.229303,1764665199.226578,35845,0,4362.94873,4386.666504,4499.615234,4517.692383,4381.282227,4491.282227,4535,4373.333496,4551.153809,4387.179688,4493.846191,4505.384766,4551.153809,4379.871582,4381.538574,4477.436035,4524.871582,4522.436035,4494.230957,4363.717773,4372.436035,4542.436035,4494.230957,4462.179688,4364.743652,4553.589844,4365.769043,4536.666504,4490.897461,4384.358887,4507.307617,4491.282227,2765,1,25,1792,10230,,,,0,4,4,4,4,4,4,4,4,4,4,4,4,4,4,4,4,4,4,4,4,4,4,4,4,4,4,4,4,4,4,4,4,100,,,,,,,,,,,,,,,,,,,,,,,,,,,,,,,,,,,25345,0,0.255046,-0.611084,-0.722351,0.199341,0.989867,0.167501,0.018557,23,28.333334,42.666668,,,,,,,,,,,,,,,,,,,,,,,,,,,,,,,,,,,,,,,,,,,,,,,,,,,,,,,,,,,,,,,,,,,,,,,,,,,,,,,,,,,,,,,,,,,,,,,,,,,,,,,,,,,,,,,,,,,,,,,,,,,,,,,,,,,,,,,,,,,,,,,,,,,,,,,,,,,,,,,,
1764665199.233211,1764665199.230486,35846,0,4360.641113,4383.717773,4497.563965,4511.282227,4378.589844,4491.538574,4529.487305,4370,4551.153809,4382.179688,4492.820313,4504.102539,4552.179688,4378.205078,4380.512695,4476.025879,4523.205078,4521.153809,4493.589844,4363.205078,4371.794922,4542.307617,4493.717773,4461.025879,4359.615234,4550.769043,4366.282227,4536.282227,4490.769043,4381.666504,4507.179688,4491.794922,2768,1,25,2048,10238,,,,0,4,4,4,4,4,4,4,4,4,4,4,4,4,4,4,4,4,4,4,4,4,4,4,4,4,4,4,4,4,4,4,4,100,,,,,,,,,,,,,,,,,,,,,,,,,,,,,,,,,,,,,,,,,,,,,,,,,,,,,,,,,,,,,,,,,,,,,,,,,,,,,,,,,,,,,,,,,,,,,,,,,,,,,,,,,,,,,,,,,,,,,,,,,,,,,,,,,,,,,,,,,,,,,,,,,,,,,,,,,,,,,,,,,,,,,,,,,,,,,,,,,,,,,,,,,,,,,,,,,,,,,,,,,,,,,,
1764665199.237119,1764665199.234393,35847,0,4360,4380.641113,4493.974121,4506.794922,4377.563965,4493.846191,4524.743652,4367.820313,4549.230957,4377.179688,4492.692383,4503.846191,4552.820313,4376.410156,4376.153809,4475.769043,4523.461426,4521.666504,4494.615234,4363.974121,4373.077148,4542.436035,4495.512695,4462.692383,4362.179688,4549.743652,4367.05127,4535.769043,4489.615234,4378.461426,4506.153809,4491.666504,2956,1,25,2048,10238,,,,0,4,4,4,4,4,4,4,4,4,4,4,4,4,4,4,4,4,4,4,4,4,4,4,4,4,4,4,4,4,4,4,4,100,,,,,,,,,,,,,,,,,,,,,,,,,,,,,,,,,,,,,,,,,,,,,,,,,,,,,,,,,,,,,,,,,,,,,,,,,,,,,,,,,,,,,,,,,,,,,,,,,,,,,,,,,,,,,,,,,,,,,,,,,,,,,,,,,,,,,,,,,,,,,,,,,,,,,,,,,,,,,,,,,,,,,,,,,,,,,,,,,,,,,,,,,,,,,,,,,,,,,,,,,,,,,,
1764665199.241027,1764665199.238300,35848,0,4363.974121,4383.717773,4494.487305,4509.230957,4381.922852,4499.615234,4526.025879,4370.512695,4549.102539,4375.641113,4495.512695,4506.922852,4555.128418,4376.282227,4371.538574,4478.461426,4527.94873,4525.128418,4498.333496,4368.589844,4377.436035,4545,4501.282227,4468.974121,4373.205078,4553.717773,4370.384766,4538.589844,4490.128418,4380,4506.922852,4494.615234,2835,1,25,2304,10246,,,,0,4,4,4,4,4,4,4,4,4,4,4,4,4,4,4,4,4,4,4,4,4,4,4,4,4,4,4,4,4,4,4,4,100,,,,,,,,,,,,,,,,,,,,,,,,,,,,,,,,,,,,,,,,,,,,,,,,,,,,,,,,,,,,,,,,,,,,,,,,,,,,,,,,,,,,,,,,,,,,,,,,,,,,,,,,,,,,,,,,,,,,,,,,,,,,,,,,,,,,,,,,,,,,,,,,,,,,,,,,,,,,,,,,,,,,,,,,,,,,,,,,,,,,,,,,,,,,,,,,,,,,,,,,,,,,,,
1764665199.244935,1764665199.242208,35849,0,4372.307617,4393.846191,4501.538574,4517.820313,4391.794922,4508.077148,4534.487305,4378.333496,4552.436035,4378.717773,4501.666504,4514.102539,4560,4378.205078,4370.256348,4484.102539,4535.769043,4531.282227,4503.846191,4376.538574,4384.102539,4550.769043,4510.769043,4479.102539,4388.077148,4562.820313,4376.666504,4545.897461,4493.846191,4387.820313,4511.410156,4502.307617,2688,1,25,2304,10246,,,,0,4,4,4,4,4,4,4,4,4,4,4,4,4,4,4,4,4,4,4,4,4,4,4,4,4,4,4,4,4,4,4,4,100,,,,,,,,,,,,,,,,,,,,,,,,,,,,,,,,,,,25346,0,0.255044,-0.610901,-0.722473,0.199463,0.969845,0.183128,0.031742,21.833334,29.166666,43,,,,,,,,,,,,,,,,,,,,,,,,,,,,,,,,,,,,,,,,,,,,,,,,,,,,,,,,,,,,,,,,,,,,,,,,,,,,,,,,,,,,,,,,,,,,,,,,,,,,,,,,,,,,,,,,,,,,,,,,,,,,,,,,,,,,,,,,,,,,,,,,,,,,,,,,,,,,,,,,
1764665199.248844,1764665199.246115,35850,0,4381.666504,4405.641113,4512.05127,4527.436035,4403.077148,4515.897461,4545.256348,4387.307617,4558.205078,4385.512695,4509.358887,4522.692383,4566.282227,4380.769043,4373.077148,4490,4543.846191,4537.563965,4509.230957,4384.871582,4390.512695,4558.333496,4520.384766,4489.487305,4399.487305,4573.077148,4383.846191,4554.487305,4499.615234,4398.205078,4518.846191,4511.922852,2257,1,25,2560,10254,,,,0,4,4,4,4,4,4,4,4,4,4,4,4,4,4,4,4,4,4,4,4,4,4,4,4,4,4,4,4,4,4,4,4,100,,,,,,,,,,,,,,,,,,,,,,,,,,,,,,,,,,,,,,,,,,,,,,,,,,,,,,,,,,,,,,,,,,,,,,,,,,,,,,,,,,,,,,,,,,,,,,,,,,,,,,,,,,,,,,,,,,,,,,,,,,,,,,,,,,,,,,,,,,,,,,,,,,,,,,,,,,,,,,,,,,,,,,,,,,,,,,,,,,,,,,,,,,,,,,,,,,,,,,,,,,,,,,
1764665199.252752,1764665199.250023,35851,0,4387.05127,4411.794922,4519.615234,4532.436035,4409.615234,4519.102539,4551.538574,4392.307617,4562.436035,4393.077148,4514.743652,4527.692383,4570.897461,4382.563965,4376.794922,4493.077148,4548.205078,4540.128418,4511.282227,4389.230957,4393.589844,4563.589844,4525.256348,4495.512695,4400.897461,4578.974121,4387.94873,4559.102539,4503.589844,4404.487305,4525.897461,4517.94873,2668,1,25,2560,10254,,,,0,4,4,4,4,4,4,4,4,4,4,4,4,4,4,4,4,4,4,4,4,4,4,4,4,4,4,4,4,4,4,4,4,100,,,,,,,,,,,,,,,,,,,,,,,,,,,,,,,,,,,,,,,,,,,,,,,,,,,,,,,,,,,,,,,,,,,,,,,,,,,,,,,,,,,,,,,,,,,,,,,,,,,,,,,,,,,,,,,,,,,,,,,,,,,,,,,,,,,,,,,,,,,,,,,,,,,,,,,,,,,,,,,,,,,,,,,,,,,,,,,,,,,,,,,,,,,,,,,,,,,,,,,,,,,,,,
1764665199.256660,1764665199.253930,35852,0,4385.769043,4408.333496,4520.128418,4530.769043,4407.820313,4516.538574,4549.487305,4390.769043,4561.794922,4397.307617,4513.717773,4525.256348,4570.256348,4382.563965,4376.538574,4491.153809,4547.179688,4536.922852,4508.333496,4387.307617,4391.922852,4563.077148,4522.94873,4494.230957,4390.384766,4577.692383,4386.666504,4556.282227,4502.692383,4402.692383,4529.102539,4516.538574,2475,1,25,2560,10261,,,,0,4,4,4,4,4,4,4,4,4,4,4,4,4,4,4,4,4,4,4,4,4,4,4,4,4,4,4,4,4,4,4,4,100,,,,,,,,,,,,,,,,,,,,,,,,,,,,,,,,,,,,,,,,,,,,,,,,,,,,,,,,,,,,,,,,,,,,,,,,,,,,,,,,,,,,,,,,,,,,,,,,,,,,,,,,,,,,,,,,,,,,,,,,,,,,,,,,,,,,,,,,,,,,,,,,,,,,,,,,,,,,,,,,,,,,,,,,,,,,,,,,,,,,,,,,,,,,,,,,,,,,,,,,,,,,,,
1764665199.260569,1764665199.257838,35853,0,4378.717773,4398.077148,4514.102539,4524.871582,4398.974121,4510.384766,4540.641113,4383.846191,4556.410156,4395.641113,4505.769043,4516.025879,4564.615234,4381.153809,4370.384766,4484.743652,4542.179688,4529.743652,4501.538574,4380.384766,4386.666504,4557.179688,4515.384766,4487.05127,4372.307617,4571.410156,4381.282227,4547.436035,4497.820313,4395.128418,4527.307617,4509.615234,2224,1,25,2560,10261,,,,0,4,4,4,4,4,4,4,4,4,4,4,4,4,4,4,4,4,4,4,4,4,4,4,4,4,4,4,4,4,4,4,4,100,,,,,,,,,,,,,,,,,,,,,,,,,,,,,,,,,,,25347,0,0.255288,-0.610779,-0.722473,0.199524,0.976682,0.169943,0.027835,22.333334,29.833334,43.666668,,,,,,,,,,,,,,,,,,,,,,,,,,,,,,,,,,,,,,,,,,,,,,,,,,,,,,,,,,,,,,,,,,,,,,,,,,,,,,,,,,,,,,,,,,,,,,,,,,,,,,,,,,,,,,,,,,,,,,,,,,,,,,,,,,,,,,,,,,,,,,,,,,,,,,,,,,,,,,,,
1764665199.264477,1764665199.261745,35854,0,4370,4387.94873,4506.666504,4519.230957,4388.717773,4505.128418,4530.256348,4376.025879,4549.358887,4389.743652,4495,4505.641113,4557.05127,4378.589844,4361.666504,4477.179688,4536.922852,4522.563965,4494.615234,4372.692383,4380.641113,4550.128418,4507.563965,4478.846191,4355.641113,4565.512695,4376.282227,4538.461426,4492.692383,4388.077148,4522.820313,4502.563965,2688,1,25,2561,10269,,,,0,4,4,4,4,4,4,4,4,4,4,4,4,4,4,4,4,4,4,4,4,4,4,4,4,4,4,4,4,4,4,4,4,100,,,,,,,,,,,,,,,,,,,,,,,,,,,,,,,,,,,,,,,,,,,,,,,,,,,,,,,,,,,,,,,,,,,,,,,,,,,,,,,,,,,,,,,,,,,,,,,,,,,,,,,,,,,,,,,,,,,,,,,,,,,,,,,,,,,,,,,,,,,,,,,,,,,,,,,,,,,,,,,,,,,,,,,,,,,,,,,,,,,,,,,,,,,,,,,,,,,,,,,,,,,,,,
1764665199.268385,1764665199.265652,35855,0,4363.974121,4383.717773,4502.820313,4517.179688,4383.077148,4503.589844,4522.692383,4371.282227,4545.128418,4383.717773,4487.307617,4499.487305,4552.179688,4375.384766,4355.897461,4472.05127,4534.102539,4518.589844,4491.410156,4368.333496,4376.410156,4546.922852,4503.077148,4474.871582,4348.974121,4563.974121,4375,4534.615234,4490.897461,4386.922852,4519.615234,4500.256348,2479,1,25,2561,10269,,,,0,4,4,4,4,4,4,4,4,4,4,4,4,4,4,4,4,4,4,4,4,4,4,4,4,4,4,4,4,4,4,4,4,100,,,,,,,,,,,,,,,,,,,,,,,,,,,,,,,,,,,,,,,,,,,,,,,,,,,,,,,,,,,,,,,,,,,,,,,,,,,,,,,,,,,,,,,,,,,,,,,,,,,,,,,,,,,,,,,,,,,,,,,,,,,,,,,,,,,,,,,,,,,,,,,,,,,,,,,,,,,,,,,,,,,,,,,,,,,,,,,,,,,,,,,,,,,,,,,,,,,,,,,,,,,,,,
1764665199.272293,1764665199.269560,35856,0,4362.692383,4386.025879,4504.230957,4518.974121,4383.589844,4505.384766,4519.871582,4370.641113,4545.897461,4381.153809,4486.153809,4499.871582,4551.922852,4371.922852,4357.436035,4471.410156,4534.487305,4518.333496,4493.077148,4367.94873,4374.871582,4548.589844,4502.94873,4477.307617,4355.512695,4567.307617,4377.94873,4537.94873,4492.563965,4391.666504,4519.743652,4502.94873,2840,1,25,2562,10277,,,,0,4,4,4,4,4,4,4,4,4,4,4,4,4,4,4,4,4,4,4,4,4,4,4,4,4,4,4,4,4,4,4,4,100,,,,,,,,,,,,,,,,,,,,,,,,,,,,,,,,,,,,,,,,,,,,,,,,,,,,,,,,,,,,,,,,,,,,,,,,,,,,,,,,,,,,,,,,,,,,,,,,,,,,,,,,,,,,,,,,,,,,,,,,,,,,,,,,,,,,,,,,,,,,,,,,,,,,,,,,,,,,,,,,,,,,,,,,,,,,,,,,,,,,,,,,,,,,,,,,,,,,,,,,,,,,,,
1764665199.276202,1764665199.273467,35857,0,4365.769043,4391.538574,4508.077148,4522.307617,4387.563965,4507.692383,4521.025879,4372.563965,4550.256348,4383.205078,4491.282227,4504.358887,4555.384766,4369.230957,4365.384766,4474.871582,4536.538574,4520,4497.563965,4370,4375.769043,4552.692383,4505.769043,4483.974121,4371.282227,4572.436035,4382.436035,4546.025879,4495.641113,4397.820313,4523.333496,4507.692383,2912,1,25,2562,10277,,,,0,4,4,4,4,4,4,4,4,4,4,4,4,4,4,4,4,4,4,4,4,4,4,4,4,4,4,4,4,4,4,4,4,100,,,,,,,,,,,,,,,,,,,,,,,,,,,,,,,,,,,25348,0,0.255089,-0.610718,-0.722595,0.199524,0.986937,0.165548,0.033207,22.333334,29.833334,42.5,,,,,,,,,,,,,,,,,,,,,,,,,,,,,,,,,,,,,,,,,,,,,,,,,,,,,,,,,,,,,,,,,,,,,,,,,,,,,,,,,,,,,,,,,,,,,,,,,,,,,,,,,,,,,,,,,,,,,,,,,,,,,,,,,,,,,,,,,,,,,,,,,,,,,,,,,,,,,,,,
1764665199.280110,1764665199.277375,35858,0,4371.282227,4396.282227,4511.153809,4524.743652,4391.282227,4508.589844,4524.615234,4375.512695,4554.871582,4387.820313,4499.358887,4509.358887,4560.384766,4369.230957,4375.512695,4480.641113,4538.333496,4522.563965,4502.05127,4372.436035,4378.205078,4555.897461,4509.743652,4490.897461,4387.94873,4575.897461,4385.512695,4554.230957,4497.307617,4401.153809,4528.333496,4511.666504,1738,1,25,2562,10285,,,,0,4,4,4,4,4,4,4,4,4,4,4,4,4,4,4,4,4,4,4,4,4,4,4,4,4,4,4,4,4,4,4,4,100,,,,,,,,,,,,,,,,,,,,,,,,,,,,,,,,,,,,,,,,,,,,,,,,,,,,,,,,,,,,,,,,,,,,,,,,,,,,,,,,,,,,,,,,,,,,,,,,,,,,,,,,,,,,,,,,,,,,,,,,,,,,,,,,,,,,,,,,,,,,,,,,,,,,,,,,,,,,,,,,,,,,,,,,,,,,,,,,,,,,,,,,,,,,,,,,,,,,,,,,,,,,,,
1764665199.284018,1764665199.281282,35859,0,4376.922852,4398.077148,4512.307617,4525.897461,4392.563965,4508.077148,4528.974121,4379.358887,4556.538574,4390.897461,4506.922852,4512.436035,4565.128418,4372.692383,4382.820313,4486.794922,4538.717773,4525.512695,4504.871582,4375,4381.282227,4557.307617,4513.461426,4495.128418,4398.717773,4575.384766,4386.666504,4558.589844,4497.436035,4400.512695,4532.692383,4513.846191,2931,1,25,2562,10285,,,,0,4,4,4,4,4,4,4,4,4,4,4,4,4,4,4,4,4,4,4,4,4,4,4,4,4,4,4,4,4,4,4,4,100,,,,,,,,,,,,,,,,,,,,,,,,,,,,,,,,,,,,,,,,,,,,,,,,,,,,,,,,,,,,,,,,,,,,,,,,,,,,,,,,,,,,,,,,,,,,,,,,,,,,,,,,,,,,,,,,,,,,,,,,,,,,,,,,,,,,,,,,,,,,,,,,,,,,,,,,,,,,,,,,,,,,,,,,,,,,,,,,,,,,,,,,,,,,,,,,,,,,,,,,,,,,,,
1764665199.287926,1764665199.285190,35860,0,4380,4396.410156,4513.077148,4526.410156,4391.538574,4507.563965,4532.436035,4383.717773,4555.641113,4389.358887,4511.282227,4512.307617,4568.589844,4378.461426,4384.743652,4491.282227,4537.94873,4529.230957,4505.897461,4378.077148,4383.717773,4557.563965,4515.256348,4495.384766,4401.410156,4571.282227,4386.025879,4557.436035,4496.410156,4397.436035,4534.743652,4515,2495,1,25,2560,10293,,,,0,4,4,4,4,4,4,4,4,4,4,4,4,4,4,4,4,4,4,4,4,4,4,4,4,4,4,4,4,4,4,4,4,100,,,,,,,,,,,,,,,,,,,,,,,,,,,,,,,,,,,,,,,,,,,,,,,,,,,,,,,,,,,,,,,,,,,,,,,,,,,,,,,,,,,,,,,,,,,,,,,,,,,,,,,,,,,,,,,,,,,,,,,,,,,,,,,,,,,,,,,,,,,,,,,,,,,,,,,,,,,,,,,,,,,,,,,,,,,,,,,,,,,,,,,,,,,,,,,,,,,,,,,,,,,,,,
1764665199.291835,1764665199.289097,35861,0,4378.717773,4391.666504,4514.487305,4526.282227,4389.102539,4507.179688,4533.205078,4386.410156,4554.102539,4383.589844,4511.666504,4509.230957,4570,4382.94873,4381.538574,4492.307617,4535.897461,4532.563965,4505.128418,4381.025879,4384.487305,4557.307617,4513.974121,4492.307617,4397.820313,4565.384766,4384.102539,4551.922852,4494.871582,4394.230957,4533.717773,4516.025879,2799,1,25,2560,10293,,,,0,4,4,4,4,4,4,4,4,4,4,4,4,4,4,4,4,4,4,4,4,4,4,4,4,4,4,4,4,4,4,4,4,100,,,,,,,,,,,,,,,,,,,,,,,,,,,,,,,,,,,25349,0,0.255232,-0.610474,-0.722717,0.199646,0.96838,0.175314,0.030277,22,29.333334,43.666668,,,,,,,,,,,,,,,,,,,,,,,,,,,,,,,,,,,,,,,,,,,,,,,,,,,,,,,,,,,,,,,,,,,,,,,,,,,,,,,,,,,,,,,,,,,,,,,,,,,,,,,,,,,,,,,,,,,,,,,,,,,,,,,,,,,,,,,,,,,,,,,,,,,,,,,,,,,,,,,,
1764665199.295743,1764665199.293005,35862,0,4373.205078,4385.897461,4516.025879,4525.512695,4385.769043,4506.153809,4530.897461,4384.871582,4553.717773,4377.692383,4508.333496,4504.487305,4568.461426,4383.077148,4375.769043,4489.358887,4532.436035,4533.717773,4503.077148,4382.179688,4383.205078,4555.897461,4509.358887,4487.692383,4392.05127,4561.153809,4381.153809,4545.641113,4492.820313,4391.666504,4530.256348,4517.179688,2915,1,25,2048,10301,,,,0,4,4,4,4,4,4,4,4,4,4,4,4,4,4,4,4,4,4,4,4,4,4,4,4,4,4,4,4,4,4,4,4,100,,,,,,,,,,,,,,,,,,,,,,,,,,,,,,,,,,,,,,,,,,,,,,,,,,,,,,,,,,,,,,,,,,,,,,,,,,,,,,,,,,,,,,,,,,,,,,,,,,,,,,,,,,,,,,,,,,,,,,,,,,,,,,,,,,,,,,,,,,,,,,,,,,,,,,,,,,,,,,,,,,,,,,,,,,,,,,,,,,,,,,,,,,,,,,,,,,,,,,,,,,,,,,
1764665199.299651,1764665199.296912,35863,0,4366.282227,4381.538574,4517.436035,4524.102539,4382.436035,4504.358887,4526.794922,4379.230957,4554.871582,4376.666504,4502.820313,4499.487305,4563.846191,4378.717773,4371.153809,4483.717773,4527.94873,4531.025879,4500.512695,4380,4380.512695,4553.333496,4503.333496,4483.974121,4387.94873,4560.384766,4378.589844,4542.179688,4490.897461,4390,4526.282227,4518.461426,2830,1,25,2048,10301,,,,0,4,4,4,4,4,4,4,4,4,4,4,4,4,4,4,4,4,4,4,4,4,4,4,4,4,4,4,4,4,4,4,4,100,,,,,,,,,,,,,,,,,,,,,,,,,,,,,,,,,,,,,,,,,,,,,,,,,,,,,,,,,,,,,,,,,,,,,,,,,,,,,,,,,,,,,,,,,,,,,,,,,,,,,,,,,,,,,,,,,,,,,,,,,,,,,,,,,,,,,,,,,,,,,,,,,,,,,,,,,,,,,,,,,,,,,,,,,,,,,,,,,,,,,,,,,,,,,,,,,,,,,,,,,,,,,,
1764665199.303559,1764665199.300819,35864,0,4361.922852,4381.282227,4518.846191,4523.205078,4380.512695,4502.692383,4523.205078,4372.94873,4556.666504,4382.05127,4497.94873,4495.641113,4557.94873,4372.94873,4370.512695,4477.563965,4523.717773,4525.769043,4498.461426,4375.641113,4378.077148,4550.769043,4498.333496,4483.333496,4388.205078,4562.94873,4378.205078,4543.333496,4490.641113,4390.256348,4524.358887,4519.871582,2751,1,25,2304,10308,,,,0,4,4,4,4,4,4,4,4,4,4,4,4,4,4,4,4,4,4,4,4,4,4,4,4,4,4,4,4,4,4,4,4,100,,,,,,,,,,,,,,,,,,,,,,,,,,,,,,,,,,,,,,,,,,,,,,,,,,,,,,,,,,,,,,,,,,,,,,,,,,,,,,,,,,,,,,,,,,,,,,,,,,,,,,,,,,,,,,,,,,,,,,,,,,,,,,,,,,,,,,,,,,,,,,,,,,,,,,,,,,,,,,,,,,,,,,,,,,,,,,,,,,,,,,,,,,,,,,,,,,,,,,,,,,,,,,
1764665199.307468,1764665199.304727,35865,0,4362.94873,4385.384766,4520.641113,4523.461426,4381.153809,4502.820313,4522.179688,4369.871582,4557.94873,4391.282227,4496.282227,4492.94873,4553.205078,4369.871582,4373.846191,4473.205078,4521.282227,4521.410156,4498.077148,4371.666504,4377.179688,4549.615234,4496.410156,4485.769043,4392.436035,4566.153809,4380.769043,4547.563965,4492.436035,4392.179688,4525.384766,4520.384766,2803,1,25,2304,10308,,,,0,4,4,4,4,4,4,4,4,4,4,4,4,4,4,4,4,4,4,4,4,4,4,4,4,4,4,4,4,4,4,4,4,100,,,,,,,,,,,,,,,,,,,,,,,,,,,,,,,,,,,25350,0,0.255496,-0.610291,-0.722778,0.199646,0.96838,0.175314,0.030277,23.166666,29.333334,43.666668,,,,,,,,,,,,,,,,,,,,,,,,,,,,,,,,,,,,,,,,,,,,,,,,,,,,,,,,,,,,,,,,,,,,,,,,,,,,,,,,,,,,,,,,,,,,,,,,,,,,,,,,,,,,,,,,,,,,,,,,,,,,,,,,,,,,,,,,,,,,,,,,,,,,,,,,,,,,,,,,
1764665199.311376,1764665199.308634,35866,0,4368.589844,4391.666504,4521.922852,4524.358887,4383.974121,4505.256348,4523.589844,4371.282227,4558.589844,4399.102539,4498.461426,4491.410156,4552.05127,4371.410156,4378.077148,4471.922852,4521.794922,4521.025879,4500.128418,4370.384766,4378.461426,4550.512695,4497.820313,4489.102539,4397.692383,4567.307617,4384.358887,4552.05127,4495.128418,4394.743652,4527.820313,4518.589844,1944,1,25,2560,10316,,,,0,4,4,4,4,4,4,4,4,4,4,4,4,4,4,4,4,4,4,4,4,4,4,4,4,4,4,4,4,4,4,4,4,100,,,,,,,,,,,,,,,,,,,,,,,,,,,,,,,,,,,,,,,,,,,,,,,2.532356,1.389324,0.210472,0.88448,0.49381,3.199281,2.605933,0.443047,0.9221,0.46921,2.178828,4.348258,0.49981,1.109575,0.729546,1.453208,2.359636,0.374667,0.926774,0.578142,1.708923,1.996074,0.325672,0.837071,0.494718,2.198516,1.675217,0.579311,0.970001,0.460552,1.678183,1.621647,0.366886,0.827223,0.543257,1.377922,2.357458,0.531844,0.867578,0.626464,1.706924,2.103597,0.515339,1.239199,0.623516,1.771562,2.023851,0.878784,2.352463,1.243975,1.113208,1.483563,0.231341,0.624601,0.384643,2.665197,2.099423,0.312938,1.076203,0.457025,1.088461,1.120243,0.298274,0.862724,0.425339,0.505811,1.068573,0.439845,0.749751,0.330394,0.348798,0.557803,0.334654,0.584492,0.417004,0.961559,0.843856,0.418128,0.656691,0.533507,2.654619,1.300594,0.387398,1.072118,0.624957,1.063785,1.810264,0.403079,0.862065,0.68347,0.885729,0.659686,0.353133,0.513684,0.464268,1.313286,1.384076,0.375257,0.58736,0.539644,1.260404,1.520704,0.568477,0.5664,0.512512,2.156574,1.783789,0.380674,0.837849,0.531003,2.099529,1.294233,0.262243,0.64525,0.482195,1.40722,2.006497,0.232635,0.815215,0.633966,3.01493,4.740775,2.817379,2.51063,1.645874,0.920403,2.296523,0.304577,0.711582,0.414413,2.420715,2.267938,0.544529,1.003483,0.533586,2.446159,1.639136,0.212391,1.015543,0.597438,1.758115,0.992876,0.198097,0.412097,0.248384,1.870742,2.7008,0.327638,0.734393,0.495905,1.924479,2.413438,0.608609,0.908106,0.546899,2.252306,3.429506,0.62005,0.940795,0.435955
1764665199.315284,1764665199.312542,35867,0,4375.384766,4396.153809,4521.282227,4524.487305,4387.179688,4508.589844,4525.641113,4375.512695,4559.230957,4401.410156,4502.94873,4491.666504,4554.615234,4376.410156,4380.256348,4473.717773,4525.256348,4525.384766,4503.974121,4372.436035,4381.666504,4552.692383,4501.282227,4490.769043,4400.384766,4565.641113,4386.025879,4554.230957,4497.179688,4396.282227,4528.461426,4513.846191,2621,1,25,2560,10316,,,,0,4,4,4,4,4,4,4,4,4,4,4,4,4,4,4,4,4,4,4,4,4,4,4,4,4,4,4,4,4,4,4,4,100,,,,,,,,,,,,,,,,,,,,,,,,,,,,,,,,,,,,,,,,,,,,,,,,,,,,,,,,,,,,,,,,,,,,,,,,,,,,,,,,,,,,,,,,,,,,,,,,,,,,,,,,,,,,,,,,,,,,,,,,,,,,,,,,,,,,,,,,,,,,,,,,,,,,,,,,,,,,,,,,,,,,,,,,,,,,,,,,,,,,,,,,,,,,,,,,,,,,,,,,,,,,,,
1764665199.319193,1764665199.316449,35868,0,4379.743652,4396.153809,4518.461426,4523.589844,4389.358887,4510.512695,4526.794922,4379.102539,4560.897461,4397.94873,4507.179688,4493.846191,4559.487305,4381.538574,4379.615234,4477.820313,4530.256348,4532.179688,4508.461426,4377.179688,4385.897461,4555,4505,4489.615234,4399.615234,4562.820313,4384.102539,4553.589844,4497.307617,4396.025879,4525.641113,4508.461426,2678,1,25,2560,10324,,,,0,4,4,4,4,4,4,4,4,4,4,4,4,4,4,4,4,4,4,4,4,4,4,4,4,4,4,4,4,4,4,4,4,100,,,,,,,,,,,,,,,,,,,,,,,,,,,,,,,,,,,,,,,,,,,,,,,,,,,,,,,,,,,,,,,,,,,,,,,,,,,,,,,,,,,,,,,,,,,,,,,,,,,,,,,,,,,,,,,,,,,,,,,,,,,,,,,,,,,,,,,,,,,,,,,,,,,,,,,,,,,,,,,,,,,,,,,,,,,,,,,,,,,,,,,,,,,,,,,,,,,,,,,,,,,,,,
1764665199.323101,1764665199.320357,35869,0,4379.615234,4392.05127,4515.256348,4522.820313,4390.384766,4509.871582,4526.025879,4379.871582,4563.717773,4391.282227,4509.230957,4497.05127,4563.589844,4384.230957,4377.563965,4482.692383,4534.743652,4538.077148,4511.922852,4382.436035,4390,4556.538574,4507.307617,4486.025879,4396.282227,4560.384766,4380,4550.384766,4496.025879,4394.615234,4520.897461,4506.153809,2502,1,25,2560,10324,,,,0,4,4,4,4,4,4,4,4,4,4,4,4,4,4,4,4,4,4,4,4,4,4,4,4,4,4,4,4,4,4,4,4,100,,,,,,,,,,,,,,,,,,,,,,,,,,,,,,,,,,,25351,0,0.25547,-0.610229,-0.722839,0.199646,0.983518,0.173361,0.030765,22.333334,30.166666,43.666668,,,,,,,,,,,,,,,,,,,,,,,,,,,,,,,,,,,,,,,,,,,,,,,,,,,,,,,,,,,,,,,,,,,,,,,,,,,,,,,,,,,,,,,,,,,,,,,,,,,,,,,,,,,,,,,,,,,,,,,,,,,,,,,,,,,,,,,,,,,,,,,,,,,,,,,,,,,,,,,,
1764665199.327009,1764665199.324264,35870,0,4376.538574,4387.05127,4515,4523.589844,4391.538574,4507.436035,4524.102539,4378.077148,4567.05127,4385.641113,4509.230957,4499.615234,4564.487305,4384.230957,4375.769043,4486.666504,4536.282227,4540.256348,4513.461426,4386.153809,4392.94873,4556.922852,4507.436035,4481.794922,4392.307617,4559.615234,4376.538574,4546.025879,4494.487305,4393.077148,4518.333496,4509.743652,2651,1,25,2561,10332,,,,0,4,4,4,4,4,4,4,4,4,4,4,4,4,4,4,4,4,4,4,4,4,4,4,4,4,4,4,4,4,4,4,4,100,,,,,,,,,,,,,,,,,,,,,,,,,,,,,,,,,,,,,,,,,,,,,,,,,,,,,,,,,,,,,,,,,,,,,,,,,,,,,,,,,,,,,,,,,,,,,,,,,,,,,,,,,,,,,,,,,,,,,,,,,,,,,,,,,,,,,,,,,,,,,,,,,,,,,,,,,,,,,,,,,,,,,,,,,,,,,,,,,,,,,,,,,,,,,,,,,,,,,,,,,,,,,,
1764665199.330917,1764665199.328172,35871,0,4374.102539,4384.871582,4519.358887,4526.025879,4393.846191,4505.769043,4522.179688,4376.410156,4570.256348,4384.871582,4508.333496,4500.256348,4562.436035,4383.205078,4375.256348,4487.94873,4534.743652,4538.461426,4513.077148,4387.563965,4393.589844,4556.410156,4505.897461,4478.717773,4389.230957,4559.871582,4376.153809,4542.820313,4494.230957,4392.820313,4520.384766,4518.077148,2824,1,25,2561,10332,,,,0,4,4,4,4,4,4,4,4,4,4,4,4,4,4,4,4,4,4,4,4,4,4,4,4,4,4,4,4,4,4,4,4,100,,,,,,,,,,,,,,,,,,,,,,,,,,,,,,,,,,,,,,,,,,,,,,,,,,,,,,,,,,,,,,,,,,,,,,,,,,,,,,,,,,,,,,,,,,,,,,,,,,,,,,,,,,,,,,,,,,,,,,,,,,,,,,,,,,,,,,,,,,,,,,,,,,,,,,,,,,,,,,,,,,,,,,,,,,,,,,,,,,,,,,,,,,,,,,,,,,,,,,,,,,,,,,
1764665199.334826,1764665199.332079,35872,0,4374.358887,4387.179688,4525.641113,4528.717773,4396.922852,4506.666504,4522.05127,4376.794922,4572.692383,4389.743652,4507.820313,4499.230957,4559.102539,4382.436035,4375.641113,4486.025879,4531.666504,4534.358887,4511.282227,4386.794922,4390.897461,4555.128418,4504.358887,4477.563965,4387.820313,4560,4378.589844,4542.436035,4495.897461,4393.974121,4525.128418,4526.282227,2749,1,25,2562,10340,,,,0,4,4,4,4,4,4,4,4,4,4,4,4,4,4,4,4,4,4,4,4,4,4,4,4,4,4,4,4,4,4,4,4,100,,,,,,,,,,,,,,,,,,,,,,,,,,,,,,,,,,,,,,,,,,,,,,,,,,,,,,,,,,,,,,,,,,,,,,,,,,,,,,,,,,,,,,,,,,,,,,,,,,,,,,,,,,,,,,,,,,,,,,,,,,,,,,,,,,,,,,,,,,,,,,,,,,,,,,,,,,,,,,,,,,,,,,,,,,,,,,,,,,,,,,,,,,,,,,,,,,,,,,,,,,,,,,
1764665199.338734,1764665199.335986,35873,0,4376.538574,4391.666504,4529.230957,4529.743652,4399.230957,4509.358887,4523.717773,4379.358887,4574.102539,4397.05127,4507.307617,4497.179688,4556.538574,4381.666504,4376.025879,4481.538574,4529.230957,4530.128418,4508.589844,4384.358887,4385,4552.563965,4504.487305,4478.077148,4387.820313,4558.717773,4380.769043,4544.102539,4498.077148,4395.128418,4528.205078,4528.205078,2905,1,25,2562,10340,,,,0,4,4,4,4,4,4,4,4,4,4,4,4,4,4,4,4,4,4,4,4,4,4,4,4,4,4,4,4,4,4,4,4,100,,,,,,,,,,,,,,,,,,,,,,,,,,,,,,,,,,,25352,0,0.255517,-0.610229,-0.722839,0.199585,0.983518,0.173361,0.030765,22.333334,30.166666,43.666668,,,,,,,,,,,,,,,,,,,,,,,,,,,,,,,,,,,,,,,,,,,,,,,,,,,,,,,,,,,,,,,,,,,,,,,,,,,,,,,,,,,,,,,,,,,,,,,,,,,,,,,,,,,,,,,,,,,,,,,,,,,,,,,,,,,,,,,,,,,,,,,,,,,,,,,,,,,,,,,,
1764665199.342642,1764665199.339894,35874,0,4377.307617,4393.846191,4526.922852,4528.205078,4398.333496,4510.769043,4525.256348,4381.794922,4573.333496,4401.666504,4505.512695,4495,4555.384766,4379.358887,4375.256348,4476.538574,4527.563965,4526.538574,4504.615234,4380.512695,4377.179688,4548.589844,4505.384766,4478.333496,4387.820313,4555.769043,4379.487305,4544.871582,4498.333496,4393.974121,4525.897461,4521.153809,2594,1,25,2563,10347,,,,0,4,4,4,4,4,4,4,4,4,4,4,4,4,4,4,4,4,4,4,4,4,4,4,4,4,4,4,4,4,4,4,4,100,,,,,,,,,,,,,,,,,,,,,,,,,,,,,,,,,,,,,,,,,,,,,,,,,,,,,,,,,,,,,,,,,,,,,,,,,,,,,,,,,,,,,,,,,,,,,,,,,,,,,,,,,,,,,,,,,,,,,,,,,,,,,,,,,,,,,,,,,,,,,,,,,,,,,,,,,,,,,,,,,,,,,,,,,,,,,,,,,,,,,,,,,,,,,,,,,,,,,,,,,,,,,,
1764665199.346550,1764665199.343801,35875,0,4373.846191,4390.897461,4519.230957,4524.743652,4393.461426,4508.077148,4523.846191,4381.410156,4570,4399.358887,4500.769043,4492.692383,4554.871582,4375.256348,4372.692383,4472.94873,4525.128418,4522.563965,4499.487305,4375.256348,4369.487305,4543.846191,4504.871582,4476.410156,4385.128418,4551.794922,4373.461426,4541.922852,4495,4389.102539,4518.333496,4508.077148,2850,1,25,2563,10347,,,,0,4,4,4,4,4,4,4,4,4,4,4,4,4,4,4,4,4,4,4,4,4,4,4,4,4,4,4,4,4,4,4,4,100,,,,,,,,,,,,,,,,,,,,,,,,,,,,,,,,,,,,,,,,,,,,,,,,,,,,,,,,,,,,,,,,,,,,,,,,,,,,,,,,,,,,,,,,,,,,,,,,,,,,,,,,,,,,,,,,,,,,,,,,,,,,,,,,,,,,,,,,,,,,,,,,,,,,,,,,,,,,,,,,,,,,,,,,,,,,,,,,,,,,,,,,,,,,,,,,,,,,,,,,,,,,,,
1764665199.350459,1764665199.347709,35876,0,4366.794922,4383.846191,4510.256348,4521.153809,4385.897461,4501.922852,4519.487305,4377.563965,4564.871582,4390,4493.461426,4490.641113,4553.846191,4370.512695,4368.846191,4472.05127,4520.641113,4517.692383,4493.974121,4369.358887,4363.589844,4539.487305,4501.922852,4471.025879,4377.563965,4548.077148,4365.256348,4535.512695,4489.358887,4381.410156,4509.358887,4495.512695,2747,1,25,2564,10355,,,,0,4,4,4,4,4,4,4,4,4,4,4,4,4,4,4,4,4,4,4,4,4,4,4,4,4,4,4,4,4,4,4,4,100,,,,,,,,,,,,,,,,,,,,,,,,,,,,,,,,,,,,,,,,,,,,,,,,,,,,,,,,,,,,,,,,,,,,,,,,,,,,,,,,,,,,,,,,,,,,,,,,,,,,,,,,,,,,,,,,,,,,,,,,,,,,,,,,,,,,,,,,,,,,,,,,,,,,,,,,,,,,,,,,,,,,,,,,,,,,,,,,,,,,,,,,,,,,,,,,,,,,,,,,,,,,,,
1764665199.354367,1764665199.351616,35877,0,4359.743652,4376.410156,4504.487305,4518.717773,4379.358887,4495.769043,4514.358887,4372.179688,4559.102539,4377.436035,4486.153809,4489.743652,4552.05127,4367.436035,4365.512695,4473.077148,4515.384766,4512.94873,4489.615234,4363.974121,4360.128418,4536.794922,4497.94873,4464.358887,4364.743652,4545.641113,4359.102539,4528.846191,4484.358887,4374.487305,4503.461426,4488.846191,2787,1,25,2564,10355,,,,0,4,4,4,4,4,4,4,4,4,4,4,4,4,4,4,4,4,4,4,4,4,4,4,4,4,4,4,4,4,4,4,4,100,,,,,,,,,,,,,,,,,,,,,,,,,,,,,,,,,,,25353,0,0.255693,-0.610168,-0.722778,0.199768,0.983518,0.187035,0.02051,23.666666,31,43.333332,,,,,,,,,,,,,,,,,,,,,,,,,,,,,,,,,,,,,,,,,,,,,,,,,,,,,,,,,,,,,,,,,,,,,,,,,,,,,,,,,,,,,,,,,,,,,,,,,,,,,,,,,,,,,,,,,,,,,,,,,,,,,,,,,,,,,,,,,,,,,,,,,,,,,,,,,,,,,,,,
1764665199.358275,1764665199.355524,35878,0,4356.410156,4372.436035,4503.205078,4517.820313,4376.922852,4493.589844,4511.282227,4368.589844,4554.487305,4367.820313,4482.179688,4491.153809,4550.256348,4367.179688,4364.743652,4474.615234,4511.794922,4509.871582,4488.077148,4361.153809,4358.846191,4536.282227,4495.512695,4459.615234,4349.615234,4543.589844,4357.692383,4525.641113,4482.692383,4370.897461,4502.05127,4488.461426,2791,1,25,2565,10363,,,,0,4,4,4,4,4,4,4,4,4,4,4,4,4,4,4,4,4,4,4,4,4,4,4,4,4,4,4,4,4,4,4,4,100,,,,,,,,,,,,,,,,,,,,,,,,,,,,,,,,,,,,,,,,,,,,,,,,,,,,,,,,,,,,,,,,,,,,,,,,,,,,,,,,,,,,,,,,,,,,,,,,,,,,,,,,,,,,,,,,,,,,,,,,,,,,,,,,,,,,,,,,,,,,,,,,,,,,,,,,,,,,,,,,,,,,,,,,,,,,,,,,,,,,,,,,,,,,,,,,,,,,,,,,,,,,,,
1764665199.362183,1764665199.359431,35879,0,4358.589844,4373.333496,4504.102539,4517.820313,4379.358887,4496.282227,4511.538574,4368.717773,4551.922852,4365.641113,4483.205078,4494.871582,4549.743652,4369.230957,4367.05127,4474.871582,4511.538574,4510,4489.230957,4361.538574,4359.230957,4537.05127,4495.769043,4458.974121,4337.820313,4540.897461,4360.384766,4527.307617,4485,4371.282227,4503.205078,4490.512695,2979,1,25,2565,10363,,,,0,4,4,4,4,4,4,4,4,4,4,4,4,4,4,4,4,4,4,4,4,4,4,4,4,4,4,4,4,4,4,4,4,100,,,,,,,,,,,,,,,,,,,,,,,,,,,,,,,,,,,,,,,,,,,,,,,,,,,,,,,,,,,,,,,,,,,,,,,,,,,,,,,,,,,,,,,,,,,,,,,,,,,,,,,,,,,,,,,,,,,,,,,,,,,,,,,,,,,,,,,,,,,,,,,,,,,,,,,,,,,,,,,,,,,,,,,,,,,,,,,,,,,,,,,,,,,,,,,,,,,,,,,,,,,,,,
1764665199.366092,1764665199.363339,35880,0,4364.358887,4378.333496,4504.743652,4518.077148,4384.102539,4501.666504,4514.743652,4372.05127,4551.794922,4371.794922,4487.94873,4499.615234,4551.025879,4371.922852,4371.794922,4473.846191,4514.487305,4513.333496,4492.179688,4364.615234,4361.794922,4537.820313,4497.692383,4462.563965,4334.487305,4537.692383,4365.128418,4532.692383,4489.102539,4374.487305,4504.230957,4491.538574,2857,1,25,2566,10371,,,,0,4,4,4,4,4,4,4,4,4,4,4,4,4,4,4,4,4,4,4,4,4,4,4,4,4,4,4,4,4,4,4,4,100,,,,,,,,,,,,,,,,,,,,,,,,,,,,,,,,,,,,,,,,,,,,,,,,,,,,,,,,,,,,,,,,,,,,,,,,,,,,,,,,,,,,,,,,,,,,,,,,,,,,,,,,,,,,,,,,,,,,,,,,,,,,,,,,,,,,,,,,,,,,,,,,,,,,,,,,,,,,,,,,,,,,,,,,,,,,,,,,,,,,,,,,,,,,,,,,,,,,,,,,,,,,,,
1764665199.370000,1764665199.367246,35881,0,4370.256348,4384.871582,4504.487305,4518.077148,4387.692383,4506.794922,4519.743652,4376.410156,4553.846191,4382.436035,4492.692383,4503.717773,4553.589844,4374.230957,4376.794922,4473.205078,4519.487305,4518.589844,4495.769043,4368.333496,4366.410156,4538.461426,4500,4468.333496,4341.282227,4535.897461,4369.871582,4538.974121,4493.077148,4378.589844,4504.230957,4491.025879,2710,1,25,2566,10371,,,,0,4,4,4,4,4,4,4,4,4,4,4,4,4,4,4,4,4,4,4,4,4,4,4,4,4,4,4,4,4,4,4,4,100,,,,,,,,,,,,,,,,,,,,,,,,,,,,,,,,,,,25354,0,0.25579,-0.610107,-0.722778,0.199829,0.981565,0.179709,0.034672,23.833334,29.166666,43.5,,,,,,,,,,,,,,,,,,,,,,,,,,,,,,,,,,,,,,,,,,,,,,,,,,,,,,,,,,,,,,,,,,,,,,,,,,,,,,,,,,,,,,,,,,,,,,,,,,,,,,,,,,,,,,,,,,,,,,,,,,,,,,,,,,,,,,,,,,,,,,,,,,,,,,,,,,,,,,,,
1764665199.373908,1764665199.371153,35882,0,4373.205078,4390.256348,4504.487305,4518.077148,4388.461426,4510.128418,4524.615234,4379.743652,4556.922852,4391.410156,4494.358887,4506.025879,4556.025879,4376.153809,4380.512695,4474.615234,4524.743652,4523.846191,4498.974121,4371.153809,4372.307617,4539.615234,4501.538574,4473.974121,4355.256348,4537.307617,4373.205078,4543.461426,4495.512695,4382.179688,4504.358887,4490.384766,2278,1,25,2567,10379,,,,0,4,4,4,4,4,4,4,4,4,4,4,4,4,4,4,4,4,4,4,4,4,4,4,4,4,4,4,4,4,4,4,4,100,,,,,,,,,,,,,,,,,,,,,,,,,,,,,,,,,,,,,,,,,,,,,,,,,,,,,,,,,,,,,,,,,,,,,,,,,,,,,,,,,,,,,,,,,,,,,,,,,,,,,,,,,,,,,,,,,,,,,,,,,,,,,,,,,,,,,,,,,,,,,,,,,,,,,,,,,,,,,,,,,,,,,,,,,,,,,,,,,,,,,,,,,,,,,,,,,,,,,,,,,,,,,,
1764665199.377817,1764665199.375061,35883,0,4372.94873,4393.205078,4505.641113,4518.461426,4387.820313,4512.179688,4527.94873,4381.922852,4559.743652,4393.333496,4492.307617,4506.282227,4556.666504,4378.077148,4382.179688,4478.717773,4528.846191,4528.205078,4502.05127,4372.692383,4377.692383,4541.922852,4502.820313,4477.94873,4370.897461,4541.794922,4375.256348,4544.871582,4496.666504,4385,4506.538574,4491.410156,2693,1,25,2567,10379,,,,0,4,4,4,4,4,4,4,4,4,4,4,4,4,4,4,4,4,4,4,4,4,4,4,4,4,4,4,4,4,4,4,4,100,,,,,,,,,,,,,,,,,,,,,,,,,,,,,,,,,,,,,,,,,,,,,,,,,,,,,,,,,,,,,,,,,,,,,,,,,,,,,,,,,,,,,,,,,,,,,,,,,,,,,,,,,,,,,,,,,,,,,,,,,,,,,,,,,,,,,,,,,,,,,,,,,,,,,,,,,,,,,,,,,,,,,,,,,,,,,,,,,,,,,,,,,,,,,,,,,,,,,,,,,,,,,,
1764665199.381725,1764665199.378968,35884,0,4372.307617,4394.230957,4507.563965,4520.641113,4388.589844,4514.358887,4530.256348,4383.717773,4562.05127,4387.692383,4488.846191,4505.512695,4555.769043,4379.871582,4382.05127,4484.102539,4531.666504,4531.922852,4505.897461,4374.358887,4381.153809,4546.282227,4504.871582,4480.641113,4383.589844,4547.563965,4376.153809,4544.743652,4497.94873,4387.563965,4510.897461,4494.743652,2496,1,25,2567,10386,,,,0,4,4,4,4,4,4,4,4,4,4,4,4,4,4,4,4,4,4,4,4,4,4,4,4,4,4,4,4,4,4,4,4,100,,,,,,,,,,,,,,,,,,,,,,,,,,,,,,,,,,,,,,,,,,,,,,,,,,,,,,,,,,,,,,,,,,,,,,,,,,,,,,,,,,,,,,,,,,,,,,,,,,,,,,,,,,,,,,,,,,,,,,,,,,,,,,,,,,,,,,,,,,,,,,,,,,,,,,,,,,,,,,,,,,,,,,,,,,,,,,,,,,,,,,,,,,,,,,,,,,,,,,,,,,,,,,
1764665199.385633,1764665199.382876,35885,0,4374.230957,4395.256348,4508.846191,4525.256348,4392.307617,4517.94873,4533.333496,4386.153809,4565,4379.358887,4487.563965,4505.641113,4554.615234,4381.410156,4381.538574,4488.717773,4533.974121,4535.769043,4510.384766,4377.05127,4382.820313,4552.179688,4509.230957,4483.717773,4391.794922,4552.820313,4376.922852,4545.897461,4500.128418,4390.641113,4516.153809,4499.487305,2247,1,25,2567,10386,,,,0,4,4,4,4,4,4,4,4,4,4,4,4,4,4,4,4,4,4,4,4,4,4,4,4,4,4,4,4,4,4,4,4,100,,,,,,,,,,,,,,,,,,,,,,,,,,,,,,,,,,,25355,0,0.255645,-0.610168,-0.722778,0.199829,0.99182,0.170431,0.013674,22.666666,30,44.333332,,,,,,,,,,,,,,,,,,,,,,,,,,,,,,,,,,,,,,,,,,,,,,,,,,,,,,,,,,,,,,,,,,,,,,,,,,,,,,,,,,,,,,,,,,,,,,,,,,,,,,,,,,,,,,,,,,,,,,,,,,,,,,,,,,,,,,,,,,,,,,,,,,,,,,,,,,,,,,,,
1764665199.389541,1764665199.386783,35886,0,4379.615234,4398.205078,4509.615234,4531.666504,4398.717773,4522.436035,4537.94873,4390.256348,4569.871582,4375.512695,4490.897461,4508.717773,4555,4382.692383,4381.794922,4491.922852,4537.05127,4538.974121,4514.358887,4381.153809,4383.717773,4558.205078,4515,4487.94873,4396.410156,4556.794922,4378.589844,4550.256348,4503.205078,4394.743652,4520.641113,4504.358887,2713,1,25,2564,10394,,,,0,4,4,4,4,4,4,4,4,4,4,4,4,4,4,4,4,4,4,4,4,4,4,4,4,4,4,4,4,4,4,4,4,100,,,,,,,,,,,,,,,,,,,,,,,,,,,,,,,,,,,,,,,,,,,,,,,,,,,,,,,,,,,,,,,,,,,,,,,,,,,,,,,,,,,,,,,,,,,,,,,,,,,,,,,,,,,,,,,,,,,,,,,,,,,,,,,,,,,,,,,,,,,,,,,,,,,,,,,,,,,,,,,,,,,,,,,,,,,,,,,,,,,,,,,,,,,,,,,,,,,,,,,,,,,,,,
1764665199.393449,1764665199.390691,35887,0,4385.897461,4402.820313,4511.025879,4538.077148,4405.641113,4526.922852,4543.077148,4395.641113,4576.410156,4379.743652,4497.307617,4514.358887,4557.05127,4383.333496,4383.717773,4493.846191,4541.153809,4540.512695,4516.025879,4385.512695,4385,4562.307617,4519.743652,4491.794922,4399.615234,4559.615234,4381.666504,4556.794922,4506.025879,4399.487305,4524.358887,4507.307617,2500,1,25,2564,10394,,,,0,4,4,4,4,4,4,4,4,4,4,4,4,4,4,4,4,4,4,4,4,4,4,4,4,4,4,4,4,4,4,4,4,100,,,,,,,,,,,,,,,,,,,,,,,,,,,,,,,,,,,,,,,,,,,,,,,,,,,,,,,,,,,,,,,,,,,,,,,,,,,,,,,,,,,,,,,,,,,,,,,,,,,,,,,,,,,,,,,,,,,,,,,,,,,,,,,,,,,,,,,,,,,,,,,,,,,,,,,,,,,,,,,,,,,,,,,,,,,,,,,,,,,,,,,,,,,,,,,,,,,,,,,,,,,,,,
1764665199.397358,1764665199.394598,35888,0,4389.487305,4406.666504,4513.846191,4541.666504,4409.871582,4529.230957,4545.769043,4399.615234,4581.794922,4388.589844,4502.94873,4519.358887,4559.358887,4383.205078,4386.410156,4494.358887,4545,4539.358887,4514.487305,4388.077148,4386.282227,4562.563965,4520.256348,4493.077148,4403.077148,4561.282227,4385.256348,4561.410156,4507.179688,4403.589844,4526.922852,4507.307617,2867,1,25,2560,10402,,,,0,4,4,4,4,4,4,4,4,4,4,4,4,4,4,4,4,4,4,4,4,4,4,4,4,4,4,4,4,4,4,4,4,100,,,,,,,,,,,,,,,,,,,,,,,,,,,,,,,,,,,,,,,,,,,,,,,,,,,,,,,,,,,,,,,,,,,,,,,,,,,,,,,,,,,,,,,,,,,,,,,,,,,,,,,,,,,,,,,,,,,,,,,,,,,,,,,,,,,,,,,,,,,,,,,,,,,,,,,,,,,,,,,,,,,,,,,,,,,,,,,,,,,,,,,,,,,,,,,,,,,,,,,,,,,,,,
1764665199.401266,1764665199.398506,35889,0,4387.563965,4406.794922,4516.025879,4540.256348,4408.717773,4527.307617,4542.94873,4398.717773,4581.794922,4394.615234,4503.589844,4519.102539,4559.871582,4381.922852,4386.922852,4493.077148,4545,4534.615234,4510.128418,4386.153809,4385.897461,4557.820313,4515.641113,4489.230957,4406.410156,4561.025879,4386.538574,4560.256348,4505.769043,4404.487305,4527.563965,4503.717773,2935,1,25,2560,10402,,,,0,4,4,4,4,4,4,4,4,4,4,4,4,4,4,4,4,4,4,4,4,4,4,4,4,4,4,4,4,4,4,4,4,100,,,,,,,,,,,,,,,,,,,,,,,,,,,,,,,,,,,25356,0,0.255719,-0.610229,-0.722717,0.199768,0.986449,0.181174,0.037602,21.166666,29.833334,45,,,,,,,,,,,,,,,,,,,,,,,,,,,,,,,,,,,,,,,,,,,,,,,,,,,,,,,,,,,,,,,,,,,,,,,,,,,,,,,,,,,,,,,,,,,,,,,,,,,,,,,,,,,,,,,,,,,,,,,,,,,,,,,,,,,,,,,,,,,,,,,,,,,,,,,,,,,,,,,,
1764665199.405174,1764665199.402413,35890,0,4380.512695,4401.666504,4514.615234,4533.717773,4401.794922,4520.256348,4534.358887,4390.897461,4574.358887,4392.179688,4497.94873,4511.282227,4557.436035,4378.846191,4382.94873,4489.230957,4539.102539,4526.538574,4504.230957,4378.974121,4382.436035,4548.461426,4507.820313,4480.512695,4406.025879,4558.077148,4382.692383,4552.436035,4502.179688,4400.897461,4524.743652,4497.307617,1755,1,25,1792,10410,,,,0,4,4,4,4,4,4,4,4,4,4,4,4,4,4,4,4,4,4,4,4,4,4,4,4,4,4,4,4,4,4,4,4,100,,,,,,,,,,,,,,,,,,,,,,,,,,,,,,,,,,,,,,,,,,,,,,,,,,,,,,,,,,,,,,,,,,,,,,,,,,,,,,,,,,,,,,,,,,,,,,,,,,,,,,,,,,,,,,,,,,,,,,,,,,,,,,,,,,,,,,,,,,,,,,,,,,,,,,,,,,,,,,,,,,,,,,,,,,,,,,,,,,,,,,,,,,,,,,,,,,,,,,,,,,,,,,
1764665199.409083,1764665199.406320,35891,0,4371.410156,4393.461426,4508.461426,4524.615234,4391.794922,4510.641113,4523.974121,4379.102539,4562.307617,4382.436035,4489.102539,4498.846191,4553.077148,4374.743652,4375.256348,4484.230957,4528.846191,4518.461426,4498.974121,4369.487305,4376.282227,4538.077148,4501.025879,4470.384766,4398.974121,4553.333496,4374.230957,4542.05127,4498.205078,4393.974121,4518.333496,4490.512695,2959,1,25,1792,10410,,,,0,4,4,4,4,4,4,4,4,4,4,4,4,4,4,4,4,4,4,4,4,4,4,4,4,4,4,4,4,4,4,4,4,100,,,,,,,,,,,,,,,,,,,,,,,,,,,,,,,,,,,,,,,,,,,,,,,,,,,,,,,,,,,,,,,,,,,,,,,,,,,,,,,,,,,,,,,,,,,,,,,,,,,,,,,,,,,,,,,,,,,,,,,,,,,,,,,,,,,,,,,,,,,,,,,,,,,,,,,,,,,,,,,,,,,,,,,,,,,,,,,,,,,,,,,,,,,,,,,,,,,,,,,,,,,,,,
1764665199.412991,1764665199.410228,35892,0,4365.512695,4387.179688,4500.384766,4517.94873,4384.487305,4503.461426,4517.820313,4369.615234,4552.307617,4373.077148,4482.436035,4488.846191,4549.102539,4371.538574,4368.717773,4480.897461,4520,4514.871582,4496.410156,4363.846191,4370.641113,4531.794922,4499.487305,4464.102539,4386.666504,4549.358887,4366.153809,4535.512695,4495.897461,4387.94873,4511.410156,4486.025879,2521,1,25,512,10418,,,,0,4,4,4,4,4,4,4,4,4,4,4,4,4,4,4,4,4,4,4,4,4,4,4,4,4,4,4,4,4,4,4,4,100,,,,,,,,,,,,,,,,,,,,,,,,,,,,,,,,,,,,,,,,,,,,,,,,,,,,,,,,,,,,,,,,,,,,,,,,,,,,,,,,,,,,,,,,,,,,,,,,,,,,,,,,,,,,,,,,,,,,,,,,,,,,,,,,,,,,,,,,,,,,,,,,,,,,,,,,,,,,,,,,,,,,,,,,,,,,,,,,,,,,,,,,,,,,,,,,,,,,,,,,,,,,,,
1764665199.416899,1764665199.414135,35893,0,4365.897461,4386.922852,4495.641113,4517.307617,4384.102539,4502.94873,4519.743652,4368.333496,4549.871582,4372.307617,4482.05127,4486.922852,4547.820313,4371.153809,4367.94873,4482.05127,4517.692383,4518.846191,4497.820313,4366.025879,4368.846191,4533.205078,4504.230957,4465.512695,4375,4548.333496,4363.717773,4536.794922,4496.538574,4386.410156,4508.589844,4485.897461,2824,1,25,512,10418,,,,0,4,4,4,4,4,4,4,4,4,4,4,4,4,4,4,4,4,4,4,4,4,4,4,4,4,4,4,4,4,4,4,4,100,,,,,,,,,,,,,,,,,,,,,,,,,,,,,,,,,,,25357,0,0.255642,-0.610229,-0.722778,0.199646,1.000122,0.175803,0.034184,23.166666,30.166666,44.5,,,,,,,,,,,,,,,,,,,,,,,,,,,,,,,,,,,,,,,,,,,,,,,,,,,,,,,,,,,,,,,,,,,,,,,,,,,,,,,,,,,,,,,,,,,,,,,,,,,,,,,,,,,,,,,,,,,,,,,,,,,,,,,,,,,,,,,,,,,,,,,,,,,,,,,,,,,,,,,,
1764665199.420807,1764665199.418043,35894,0,4371.922852,4392.307617,4496.794922,4522.436035,4390.128418,4508.461426,4528.205078,4375.512695,4555.512695,4381.282227,4487.692383,4493.461426,4549.743652,4374.358887,4373.205078,4486.922852,4522.563965,4528.077148,4502.05127,4374.615234,4371.538574,4541.025879,4512.436035,4473.589844,4369.230957,4550.384766,4368.333496,4544.871582,4499.615234,4389.615234,4511.922852,4489.102539,2934,1,25,768,10426,,,,0,4,4,4,4,4,4,4,4,4,4,4,4,4,4,4,4,4,4,4,4,4,4,4,4,4,4,4,4,4,4,4,4,100,,,,,,,,,,,,,,,,,,,,,,,,,,,,,,,,,,,,,,,,,,,,,,,,,,,,,,,,,,,,,,,,,,,,,,,,,,,,,,,,,,,,,,,,,,,,,,,,,,,,,,,,,,,,,,,,,,,,,,,,,,,,,,,,,,,,,,,,,,,,,,,,,,,,,,,,,,,,,,,,,,,,,,,,,,,,,,,,,,,,,,,,,,,,,,,,,,,,,,,,,,,,,,
1764665199.424716,1764665199.421950,35895,0,4378.717773,4398.717773,4502.436035,4528.717773,4397.563965,4515.384766,4537.307617,4385.128418,4563.205078,4394.487305,4495,4502.563965,4553.461426,4378.846191,4379.871582,4492.05127,4530.256348,4536.282227,4506.025879,4383.461426,4376.410156,4549.871582,4518.717773,4482.820313,4370.128418,4552.94873,4376.025879,4553.717773,4502.692383,4394.743652,4518.589844,4493.205078,2848,1,25,768,10426,,,,0,4,4,4,4,4,4,4,4,4,4,4,4,4,4,4,4,4,4,4,4,4,4,4,4,4,4,4,4,4,4,4,4,100,,,,,,,,,,,,,,,,,,,,,,,,,,,,,,,,,,,,,,,,,,,,,,,,,,,,,,,,,,,,,,,,,,,,,,,,,,,,,,,,,,,,,,,,,,,,,,,,,,,,,,,,,,,,,,,,,,,,,,,,,,,,,,,,,,,,,,,,,,,,,,,,,,,,,,,,,,,,,,,,,,,,,,,,,,,,,,,,,,,,,,,,,,,,,,,,,,,,,,,,,,,,,,
1764665199.428624,1764665199.425858,35896,0,4381.410156,4400.512695,4507.94873,4531.282227,4400.897461,4518.333496,4541.794922,4389.871582,4566.282227,4403.333496,4498.461426,4507.307617,4556.282227,4381.794922,4382.692383,4493.333496,4535,4537.436035,4506.666504,4385.897461,4379.358887,4553.205078,4519.487305,4487.307617,4374.102539,4552.692383,4380.769043,4556.922852,4503.461426,4397.179688,4522.692383,4495.512695,2773,1,25,1024,10433,,,,0,4,4,4,4,4,4,4,4,4,4,4,4,4,4,4,4,4,4,4,4,4,4,4,4,4,4,4,4,4,4,4,4,100,,,,,,,,,,,,,,,,,,,,,,,,,,,,,,,,,,,,,,,,,,,,,,,,,,,,,,,,,,,,,,,,,,,,,,,,,,,,,,,,,,,,,,,,,,,,,,,,,,,,,,,,,,,,,,,,,,,,,,,,,,,,,,,,,,,,,,,,,,,,,,,,,,,,,,,,,,,,,,,,,,,,,,,,,,,,,,,,,,,,,,,,,,,,,,,,,,,,,,,,,,,,,,
1764665199.432532,1764665199.429765,35897,0,4378.077148,4395.897461,4509.487305,4528.589844,4398.205078,4515.384766,4539.615234,4386.794922,4561.922852,4403.333496,4495.769043,4505,4556.538574,4382.179688,4380,4489.615234,4533.974121,4531.025879,4503.974121,4380.384766,4378.589844,4549.487305,4515.769043,4485.384766,4376.794922,4548.717773,4379.615234,4552.820313,4501.282227,4394.871582,4520.384766,4495.256348,2823,1,25,1024,10433,,,,0,4,4,4,4,4,4,4,4,4,4,4,4,4,4,4,4,4,4,4,4,4,4,4,4,4,4,4,4,4,4,4,4,100,,,,,,,,,,,,,,,,,,,,,,,,,,,,,,,,,,,25358,0,0.255625,-0.610474,-0.722595,0.199585,0.97424,0.155781,0.034672,22.833334,29,44.5,,,,,,,,,,,,,,,,,,,,,,,,,,,,,,,,,,,,,,,,,,,,,,,,,,,,,,,,,,,,,,,,,,,,,,,,,,,,,,,,,,,,,,,,,,,,,,,,,,,,,,,,,,,,,,,,,,,,,,,,,,,,,,,,,,,,,,,,,,,,,,,,,,,,,,,,,,,,,,,,
1764665199.436440,1764665199.433672,35898,0,4371.666504,4388.077148,4506.794922,4523.205078,4392.307617,4509.230957,4533.846191,4379.358887,4554.102539,4396.153809,4489.487305,4498.589844,4554.615234,4380.641113,4374.358887,4483.589844,4528.589844,4522.179688,4500.256348,4371.282227,4375.897461,4542.436035,4511.025879,4479.871582,4377.820313,4543.077148,4374.230957,4545.128418,4497.436035,4389.358887,4512.94873,4493.077148,1960,1,25,1280,10441,,,,0,4,4,4,4,4,4,4,4,4,4,4,4,4,4,4,4,4,4,4,4,4,4,4,4,4,4,4,4,4,4,4,4,100,,,,,,,,,,,,,,,,,,,,,,,,,,,,,,,,,,,,,,,,,,,,,,,2.708724,1.164782,0.240919,0.759018,0.481519,3.421911,2.171804,0.506349,0.804432,0.471192,2.830308,3.632111,0.654973,0.974096,0.742052,1.735957,2.150936,0.548391,0.876089,0.594715,1.800508,1.676325,0.364545,0.722036,0.499232,2.402759,1.380201,0.626955,0.892931,0.449603,1.830289,1.400868,0.417962,0.768747,0.626105,1.468107,2.006522,0.60866,0.765613,0.65923,2.055959,1.706362,0.676066,1.128422,0.622013,1.89912,1.932371,0.897362,2.043651,1.156844,1.313542,1.2435,0.249074,0.599392,0.388139,2.608743,1.757604,0.406084,0.989667,0.472965,1.048224,1.063562,0.298878,0.817577,0.416907,0.442671,0.86948,0.463281,0.69233,0.329482,0.274275,0.445458,0.313979,0.545895,0.443388,0.788743,0.934181,0.521754,0.590372,0.511114,2.657564,1.244512,0.44068,0.94843,0.589554,1.017342,1.734617,0.56507,0.740903,0.670891,0.703154,0.558121,0.420628,0.487981,0.470765,1.244529,1.195356,0.369304,0.515992,0.537693,1.28491,1.41599,0.576871,0.506844,0.50822,2.096028,1.689949,0.421279,0.704952,0.547165,2.084649,1.241439,0.307968,0.601035,0.484087,1.451288,1.830701,0.228217,0.694107,0.609448,3.406402,3.999422,2.798517,2.230462,1.612121,0.986813,1.998165,0.292823,0.6238,0.423307,2.555042,2.114394,0.572025,0.851716,0.519893,2.701863,1.552133,0.172323,0.834756,0.583224,1.880205,0.892742,0.173231,0.343179,0.245157,2.062277,2.537847,0.376487,0.623617,0.474395,2.217344,2.180058,0.599508,0.804185,0.54292,2.73668,2.894673,0.700975,0.845143,0.448171
1764665199.440349,1764665199.437580,35899,0,4367.179688,4382.820313,4502.692383,4519.743652,4387.563965,4505.128418,4528.974121,4373.974121,4549.871582,4387.94873,4484.871582,4494.102539,4552.179688,4379.487305,4370.897461,4479.871582,4523.717773,4518.077148,4499.102539,4365.256348,4374.615234,4538.974121,4508.846191,4476.153809,4380.512695,4540,4369.358887,4539.615234,4494.743652,4384.615234,4505.128418,4490.256348,2641,1,25,1280,10441,,,,0,4,4,4,4,4,4,4,4,4,4,4,4,4,4,4,4,4,4,4,4,4,4,4,4,4,4,4,4,4,4,4,4,100,,,,,,,,,,,,,,,,,,,,,,,,,,,,,,,,,,,,,,,,,,,,,,,,,,,,,,,,,,,,,,,,,,,,,,,,,,,,,,,,,,,,,,,,,,,,,,,,,,,,,,,,,,,,,,,,,,,,,,,,,,,,,,,,,,,,,,,,,,,,,,,,,,,,,,,,,,,,,,,,,,,,,,,,,,,,,,,,,,,,,,,,,,,,,,,,,,,,,,,,,,,,,,
1764665199.444257,1764665199.441487,35900,0,4367.94873,4383.461426,4500.512695,4521.282227,4387.05127,4506.153809,4528.974121,4375.256348,4553.205078,4385.128418,4486.025879,4496.025879,4551.153809,4379.615234,4372.436035,4481.410156,4524.358887,4521.922852,4501.922852,4366.410156,4376.794922,4543.077148,4510.256348,4477.692383,4387.820313,4542.692383,4368.205078,4540.128418,4495,4384.358887,4501.025879,4488.205078,2699,1,25,1536,10449,,,,0,4,4,4,4,4,4,4,4,4,4,4,4,4,4,4,4,4,4,4,4,4,4,4,4,4,4,4,4,4,4,4,4,100,,,,,,,,,,,,,,,,,,,,,,,,,,,,,,,,,,,,,,,,,,,,,,,,,,,,,,,,,,,,,,,,,,,,,,,,,,,,,,,,,,,,,,,,,,,,,,,,,,,,,,,,,,,,,,,,,,,,,,,,,,,,,,,,,,,,,,,,,,,,,,,,,,,,,,,,,,,,,,,,,,,,,,,,,,,,,,,,,,,,,,,,,,,,,,,,,,,,,,,,,,,,,,
1764665199.448165,1764665199.445395,35901,0,4373.461426,4389.615234,4502.179688,4527.692383,4391.025879,4512.05127,4533.717773,4383.333496,4562.307617,4390.512695,4492.820313,4503.846191,4552.436035,4380.641113,4378.205078,4487.436035,4531.153809,4530.641113,4507.179688,4373.589844,4381.410156,4553.077148,4514.102539,4483.461426,4396.794922,4550.512695,4370.897461,4545.897461,4498.205078,4388.589844,4502.307617,4488.077148,2516,1,25,1536,10449,,,,0,4,4,4,4,4,4,4,4,4,4,4,4,4,4,4,4,4,4,4,4,4,4,4,4,4,4,4,4,4,4,4,4,100,,,,,,,,,,,,,,,,,,,,,,,,,,,,,,,,,,,25359,0,0.255672,-0.610474,-0.722595,0.199524,0.966427,0.167989,0.032719,23,28.833334,44.666668,,,,,,,,,,,,,,,,,,,,,,,,,,,,,,,,,,,,,,,,,,,,,,,,,,,,,,,,,,,,,,,,,,,,,,,,,,,,,,,,,,,,,,,,,,,,,,,,,,,,,,,,,,,,,,,,,,,,,,,,,,,,,,,,,,,,,,,,,,,,,,,,,,,,,,,,,,,,,,,,
1764665199.452073,1764665199.449302,35902,0,4379.743652,4397.05127,4507.307617,4535.641113,4396.922852,4519.487305,4539.487305,4394.230957,4571.282227,4401.410156,4501.153809,4512.436035,4555.897461,4381.282227,4384.358887,4494.230957,4540,4537.820313,4511.282227,4381.666504,4385.384766,4562.692383,4517.94873,4488.974121,4399.871582,4558.717773,4374.358887,4552.563965,4502.05127,4394.615234,4506.922852,4491.282227,2666,1,25,1792,10457,,,,0,4,4,4,4,4,4,4,4,4,4,4,4,4,4,4,4,4,4,4,4,4,4,4,4,4,4,4,4,4,4,4,4,100,,,,,,,,,,,,,,,,,,,,,,,,,,,,,,,,,,,,,,,,,,,,,,,,,,,,,,,,,,,,,,,,,,,,,,,,,,,,,,,,,,,,,,,,,,,,,,,,,,,,,,,,,,,,,,,,,,,,,,,,,,,,,,,,,,,,,,,,,,,,,,,,,,,,,,,,,,,,,,,,,,,,,,,,,,,,,,,,,,,,,,,,,,,,,,,,,,,,,,,,,,,,,,
1764665199.455982,1764665199.453210,35903,0,4383.205078,4401.922852,4513.717773,4541.794922,4401.282227,4524.871582,4542.692383,4402.692383,4575.384766,4411.025879,4505.897461,4516.153809,4559.871582,4381.538574,4386.794922,4497.820313,4545,4538.846191,4511.025879,4384.871582,4385.641113,4565.641113,4519.871582,4490,4391.282227,4562.179688,4375.512695,4556.025879,4504.743652,4398.846191,4511.794922,4497.563965,2839,1,25,1792,10457,,,,0,4,4,4,4,4,4,4,4,4,4,4,4,4,4,4,4,4,4,4,4,4,4,4,4,4,4,4,4,4,4,4,4,100,,,,,,,,,,,,,,,,,,,,,,,,,,,,,,,,,,,,,,,,,,,,,,,,,,,,,,,,,,,,,,,,,,,,,,,,,,,,,,,,,,,,,,,,,,,,,,,,,,,,,,,,,,,,,,,,,,,,,,,,,,,,,,,,,,,,,,,,,,,,,,,,,,,,,,,,,,,,,,,,,,,,,,,,,,,,,,,,,,,,,,,,,,,,,,,,,,,,,,,,,,,,,,
1764665199.459890,1764665199.457117,35904,0,4382.692383,4402.05127,4518.974121,4543.717773,4402.179688,4526.153809,4542.436035,4405.256348,4573.461426,4412.820313,4505.128418,4513.205078,4563.077148,4381.922852,4384.615234,4497.05127,4543.846191,4534.102539,4506.666504,4381.794922,4381.794922,4561.025879,4519.743652,4485.128418,4373.846191,4559.487305,4374.102539,4555.512695,4504.871582,4399.358887,4514.487305,4504.743652,2760,1,25,2048,10465,,,,0,4,4,4,4,4,4,4,4,4,4,4,4,4,4,4,4,4,4,4,4,4,4,4,4,4,4,4,4,4,4,4,4,100,,,,,,,,,,,,,,,,,,,,,,,,,,,,,,,,,,,,,,,,,,,,,,,,,,,,,,,,,,,,,,,,,,,,,,,,,,,,,,,,,,,,,,,,,,,,,,,,,,,,,,,,,,,,,,,,,,,,,,,,,,,,,,,,,,,,,,,,,,,,,,,,,,,,,,,,,,,,,,,,,,,,,,,,,,,,,,,,,,,,,,,,,,,,,,,,,,,,,,,,,,,,,,
1764665199.463798,1764665199.461025,35905,0,4379.615234,4398.589844,4521.025879,4541.538574,4399.743652,4524.230957,4540.256348,4401.666504,4568.461426,4405.256348,4500.384766,4507.307617,4564.743652,4383.461426,4379.871582,4493.461426,4539.102539,4527.820313,4500.769043,4375,4376.538574,4553.077148,4518.589844,4477.307617,4357.692383,4553.077148,4372.05127,4553.077148,4502.94873,4396.794922,4514.871582,4508.589844,2916,1,25,2048,10465,,,,0,4,4,4,4,4,4,4,4,4,4,4,4,4,4,4,4,4,4,4,4,4,4,4,4,4,4,4,4,4,4,4,4,100,,,,,,,,,,,,,,,,,,,,,,,,,,,,,,,,,,,25360,0,0.255497,-0.610535,-0.722656,0.199341,0.966427,0.167989,0.032719,21.333334,28.333334,43,,,,,,,,,,,,,,,,,,,,,,,,,,,,,,,,,,,,,,,,,,,,,,,,,,,,,,,,,,,,,,,,,,,,,,,,,,,,,,,,,,,,,,,,,,,,,,,,,,,,,,,,,,,,,,,,,,,,,,,,,,,,,,,,,,,,,,,,,,,,,,,,,,,,,,,,,,,,,,,,
1764665199.467707,1764665199.464932,35906,0,4376.410156,4394.102539,4518.974121,4537.179688,4396.538574,4520.897461,4538.333496,4395.128418,4564.615234,4392.94873,4495.128418,4503.717773,4565.128418,4385.897461,4376.282227,4490.128418,4535.256348,4525.128418,4497.179688,4369.615234,4373.461426,4547.820313,4517.436035,4471.153809,4352.307617,4548.077148,4371.666504,4551.153809,4500.256348,4393.974121,4514.230957,4506.538574,2605,1,25,2304,10472,,,,0,4,4,4,4,4,4,4,4,4,4,4,4,4,4,4,4,4,4,4,4,4,4,4,4,4,4,4,4,4,4,4,4,100,,,,,,,,,,,,,,,,,,,,,,,,,,,,,,,,,,,,,,,,,,,,,,,,,,,,,,,,,,,,,,,,,,,,,,,,,,,,,,,,,,,,,,,,,,,,,,,,,,,,,,,,,,,,,,,,,,,,,,,,,,,,,,,,,,,,,,,,,,,,,,,,,,,,,,,,,,,,,,,,,,,,,,,,,,,,,,,,,,,,,,,,,,,,,,,,,,,,,,,,,,,,,,
1764665199.471615,1764665199.468839,35907,0,4375.128418,4391.538574,4514.230957,4533.589844,4394.743652,4517.820313,4537.307617,4389.487305,4564.487305,4383.974121,4491.922852,4504.615234,4565.128418,4388.205078,4376.922852,4489.358887,4535,4527.692383,4497.563965,4368.974121,4374.871582,4548.846191,4516.666504,4470.384766,4359.358887,4547.563965,4373.077148,4551.153809,4498.333496,4392.94873,4513.461426,4500,2862,1,25,2304,10472,,,,0,4,4,4,4,4,4,4,4,4,4,4,4,4,4,4,4,4,4,4,4,4,4,4,4,4,4,4,4,4,4,4,4,100,,,,,,,,,,,,,,,,,,,,,,,,,,,,,,,,,,,,,,,,,,,,,,,,,,,,,,,,,,,,,,,,,,,,,,,,,,,,,,,,,,,,,,,,,,,,,,,,,,,,,,,,,,,,,,,,,,,,,,,,,,,,,,,,,,,,,,,,,,,,,,,,,,,,,,,,,,,,,,,,,,,,,,,,,,,,,,,,,,,,,,,,,,,,,,,,,,,,,,,,,,,,,,
1764665199.475523,1764665199.472747,35908,0,4376.025879,4391.794922,4510.256348,4532.94873,4395.384766,4515.641113,4537.307617,4387.563965,4568.333496,4384.871582,4491.666504,4508.077148,4565.256348,4389.487305,4381.922852,4491.538574,4538.205078,4533.077148,4500.897461,4372.94873,4379.871582,4554.743652,4516.538574,4475.384766,4372.05127,4551.410156,4375.512695,4552.94873,4497.436035,4394.487305,4512.820313,4493.589844,2756,1,25,2304,10480,,,,0,4,4,4,4,4,4,4,4,4,4,4,4,4,4,4,4,4,4,4,4,4,4,4,4,4,4,4,4,4,4,4,4,100,,,,,,,,,,,,,,,,,,,,,,,,,,,,,,,,,,,,,,,,,,,,,,,,,,,,,,,,,,,,,,,,,,,,,,,,,,,,,,,,,,,,,,,,,,,,,,,,,,,,,,,,,,,,,,,,,,,,,,,,,,,,,,,,,,,,,,,,,,,,,,,,,,,,,,,,,,,,,,,,,,,,,,,,,,,,,,,,,,,,,,,,,,,,,,,,,,,,,,,,,,,,,,
1764665199.479431,1764665199.476654,35909,0,4377.94873,4393.974121,4509.230957,4535.769043,4397.820313,4514.615234,4537.692383,4389.487305,4574.230957,4396.922852,4493.589844,4510.512695,4565.897461,4390.128418,4388.461426,4495,4542.179688,4536.922852,4504.487305,4377.436035,4385.384766,4560.897461,4516.922852,4482.820313,4380.897461,4556.666504,4377.436035,4555.512695,4497.692383,4397.05127,4512.179688,4491.410156,2796,1,25,2304,10480,,,,0,4,4,4,4,4,4,4,4,4,4,4,4,4,4,4,4,4,4,4,4,4,4,4,4,4,4,4,4,4,4,4,4,100,,,,,,,,,,,,,,,,,,,,,,,,,,,,,,,,,,,25361,0,0.255324,-0.610535,-0.722717,0.199341,0.992797,0.182151,0.022464,21,29.166666,42.666668,,,,,,,,,,,,,,,,,,,,,,,,,,,,,,,,,,,,,,,,,,,,,,,,,,,,,,,,,,,,,,,,,,,,,,,,,,,,,,,,,,,,,,,,,,,,,,,,,,,,,,,,,,,,,,,,,,,,,,,,,,,,,,,,,,,,,,,,,,,,,,,,,,,,,,,,,,,,,,,,
1764665199.483339,1764665199.480562,35910,0,4378.974121,4396.538574,4510.897461,4538.974121,4400.256348,4514.358887,4538.077148,4393.589844,4579.615234,4413.717773,4495.769043,4510.512695,4566.410156,4390.512695,4392.307617,4497.179688,4544.615234,4536.794922,4505.769043,4379.102539,4387.820313,4562.94873,4517.692383,4488.205078,4380.897461,4559.871582,4377.692383,4557.307617,4498.205078,4397.94873,4511.282227,4493.077148,2799,1,25,2304,10488,,,,0,4,4,4,4,4,4,4,4,4,4,4,4,4,4,4,4,4,4,4,4,4,4,4,4,4,4,4,4,4,4,4,4,100,,,,,,,,,,,,,,,,,,,,,,,,,,,,,,,,,,,,,,,,,,,,,,,,,,,,,,,,,,,,,,,,,,,,,,,,,,,,,,,,,,,,,,,,,,,,,,,,,,,,,,,,,,,,,,,,,,,,,,,,,,,,,,,,,,,,,,,,,,,,,,,,,,,,,,,,,,,,,,,,,,,,,,,,,,,,,,,,,,,,,,,,,,,,,,,,,,,,,,,,,,,,,,
1764665199.487248,1764665199.484469,35911,0,4378.077148,4396.922852,4512.179688,4538.205078,4400.128418,4513.974121,4537.436035,4396.025879,4581.794922,4424.102539,4496.282227,4508.846191,4565.641113,4390.128418,4390.769043,4495.512695,4543.333496,4532.820313,4503.846191,4376.666504,4385.897461,4559.743652,4517.94873,4488.974121,4375.128418,4559.102539,4375.641113,4556.538574,4497.692383,4395.512695,4509.487305,4494.102539,2988,1,25,2304,10488,,,,0,4,4,4,4,4,4,4,4,4,4,4,4,4,4,4,4,4,4,4,4,4,4,4,4,4,4,4,4,4,4,4,4,100,,,,,,,,,,,,,,,,,,,,,,,,,,,,,,,,,,,,,,,,,,,,,,,,,,,,,,,,,,,,,,,,,,,,,,,,,,,,,,,,,,,,,,,,,,,,,,,,,,,,,,,,,,,,,,,,,,,,,,,,,,,,,,,,,,,,,,,,,,,,,,,,,,,,,,,,,,,,,,,,,,,,,,,,,,,,,,,,,,,,,,,,,,,,,,,,,,,,,,,,,,,,,,
1764665199.491156,1764665199.488377,35912,0,4375.128418,4394.102539,4509.230957,4530.641113,4396.025879,4512.05127,4534.615234,4393.846191,4578.717773,4419.230957,4494.615234,4507.307617,4561.922852,4387.563965,4384.102539,4490,4537.436035,4527.179688,4500.256348,4371.538574,4380.641113,4553.974121,4516.538574,4485,4371.538574,4554.615234,4370.897461,4552.563965,4495.256348,4389.358887,4506.666504,4490,2868,1,25,2560,10496,,,,0,4,4,4,4,4,4,4,4,4,4,4,4,4,4,4,4,4,4,4,4,4,4,4,4,4,4,4,4,4,4,4,4,100,,,,,,,,,,,,,,,,,,,,,,,,,,,,,,,,,,,,,,,,,,,,,,,,,,,,,,,,,,,,,,,,,,,,,,,,,,,,,,,,,,,,,,,,,,,,,,,,,,,,,,,,,,,,,,,,,,,,,,,,,,,,,,,,,,,,,,,,,,,,,,,,,,,,,,,,,,,,,,,,,,,,,,,,,,,,,,,,,,,,,,,,,,,,,,,,,,,,,,,,,,,,,,
1764665199.495064,1764665199.492284,35913,0,4371.153809,4388.717773,4501.666504,4518.077148,4388.717773,4508.077148,4530.128418,4387.179688,4570.512695,4399.230957,4491.666504,4506.282227,4555.641113,4383.333496,4375.769043,4483.077148,4528.333496,4521.794922,4496.922852,4367.179688,4375.512695,4548.846191,4512.692383,4478.717773,4376.282227,4548.846191,4364.615234,4546.282227,4491.794922,4381.666504,4503.589844,4481.666504,2720,1,25,2560,10496,,,,0,4,4,4,4,4,4,4,4,4,4,4,4,4,4,4,4,4,4,4,4,4,4,4,4,4,4,4,4,4,4,4,4,100,,,,,,,,,,,,,,,,,,,,,,,,,,,,,,,,,,,25362,0,0.255351,-0.610596,-0.722656,0.199341,0.973263,0.165059,0.033696,21.666666,29.333334,42,,,,,,,,,,,,,,,,,,,,,,,,,,,,,,,,,,,,,,,,,,,,,,,,,,,,,,,,,,,,,,,,,,,,,,,,,,,,,,,,,,,,,,,,,,,,,,,,,,,,,,,,,,,,,,,,,,,,,,,,,,,,,,,,,,,,,,,,,,,,,,,,,,,,,,,,,,,,,,,,
1764665199.498973,1764665199.496192,35914,0,4368.077148,4383.846191,4493.974121,4506.666504,4382.436035,4503.717773,4525.897461,4379.871582,4561.025879,4375,4489.743652,4505.256348,4550.384766,4379.871582,4370.641113,4479.743652,4520.384766,4519.230957,4495.897461,4366.666504,4373.846191,4546.666504,4507.820313,4474.230957,4388.589844,4545.641113,4360.384766,4540.897461,4489.615234,4376.410156,4502.436035,4475.384766,2288,1,25,1792,10504,,,,0,4,4,4,4,4,4,4,4,4,4,4,4,4,4,4,4,4,4,4,4,4,4,4,4,4,4,4,4,4,4,4,4,100,,,,,,,,,,,,,,,,,,,,,,,,,,,,,,,,,,,,,,,,,,,,,,,,,,,,,,,,,,,,,,,,,,,,,,,,,,,,,,,,,,,,,,,,,,,,,,,,,,,,,,,,,,,,,,,,,,,,,,,,,,,,,,,,,,,,,,,,,,,,,,,,,,,,,,,,,,,,,,,,,,,,,,,,,,,,,,,,,,,,,,,,,,,,,,,,,,,,,,,,,,,,,,
1764665199.502881,1764665199.500099,35915,0,4368.205078,4383.717773,4492.94873,4503.077148,4382.179688,4502.820313,4525.128418,4377.05127,4557.05127,4361.153809,4490.256348,4504.743652,4550.256348,4379.743652,4372.05127,4483.205078,4518.205078,4521.025879,4498.077148,4371.025879,4377.179688,4547.692383,4504.871582,4474.230957,4402.05127,4548.205078,4361.794922,4539.743652,4490.897461,4377.179688,4505.512695,4477.94873,2699,1,25,1792,10504,,,,0,4,4,4,4,4,4,4,4,4,4,4,4,4,4,4,4,4,4,4,4,4,4,4,4,4,4,4,4,4,4,4,4,100,,,,,,,,,,,,,,,,,,,,,,,,,,,,,,,,,,,,,,,,,,,,,,,,,,,,,,,,,,,,,,,,,,,,,,,,,,,,,,,,,,,,,,,,,,,,,,,,,,,,,,,,,,,,,,,,,,,,,,,,,,,,,,,,,,,,,,,,,,,,,,,,,,,,,,,,,,,,,,,,,,,,,,,,,,,,,,,,,,,,,,,,,,,,,,,,,,,,,,,,,,,,,,
1764665199.506789,1764665199.504006,35916,0,4372.179688,4389.615234,4501.025879,4509.615234,4389.871582,4507.692383,4528.974121,4381.025879,4562.94873,4365.641113,4492.692383,4505.512695,4555.769043,4383.333496,4379.230957,4491.666504,4522.820313,4526.794922,4502.94873,4378.333496,4383.461426,4551.282227,4506.282227,4478.461426,4409.102539,4556.153809,4369.230957,4543.974121,4495.512695,4384.487305,4512.94873,4490,2500,1,25,1280,10511,,,,0,4,4,4,4,4,4,4,4,4,4,4,4,4,4,4,4,4,4,4,4,4,4,4,4,4,4,4,4,4,4,4,4,100,,,,,,,,,,,,,,,,,,,,,,,,,,,,,,,,,,,,,,,,,,,,,,,,,,,,,,,,,,,,,,,,,,,,,,,,,,,,,,,,,,,,,,,,,,,,,,,,,,,,,,,,,,,,,,,,,,,,,,,,,,,,,,,,,,,,,,,,,,,,,,,,,,,,,,,,,,,,,,,,,,,,,,,,,,,,,,,,,,,,,,,,,,,,,,,,,,,,,,,,,,,,,,
1764665199.510697,1764665199.507914,35917,0,4378.205078,4399.230957,4513.974121,4522.05127,4401.794922,4516.794922,4535.512695,4388.974121,4575.897461,4383.846191,4494.230957,4507.436035,4562.94873,4387.94873,4387.179688,4499.871582,4530.256348,4533.205078,4507.94873,4384.102539,4388.589844,4555.256348,4510.512695,4483.974121,4407.307617,4565.512695,4378.846191,4551.153809,4500.512695,4394.358887,4521.538574,4505,2249,1,25,1280,10511,,,,0,4,4,4,4,4,4,4,4,4,4,4,4,4,4,4,4,4,4,4,4,4,4,4,4,4,4,4,4,4,4,4,4,100,,,,,,,,,,,,,,,,,,,,,,,,,,,,,,,,,,,25363,0,0.255428,-0.610596,-0.722595,0.199463,0.987425,0.172873,0.036626,22.666666,28.833334,43.5,,,,,,,,,,,,,,,,,,,,,,,,,,,,,,,,,,,,,,,,,,,,,,,,,,,,,,,,,,,,,,,,,,,,,,,,,,,,,,,,,,,,,,,,,,,,,,,,,,,,,,,,,,,,,,,,,,,,,,,,,,,,,,,,,,,,,,,,,,,,,,,,,,,,,,,,,,,,,,,,
1764665199.514606,1764665199.511821,35918,0,4383.077148,4407.05127,4523.846191,4532.307617,4411.794922,4525.128418,4540.897461,4395.512695,4587.820313,4402.307617,4493.589844,4509.358887,4567.05127,4390,4390.769043,4503.205078,4535.256348,4536.410156,4510.256348,4385.128418,4388.974121,4557.436035,4513.974121,4487.820313,4399.615234,4570.384766,4384.615234,4556.538574,4503.461426,4401.666504,4527.179688,4513.717773,2718,1,25,1280,10519,,,,0,4,4,4,4,4,4,4,4,4,4,4,4,4,4,4,4,4,4,4,4,4,4,4,4,4,4,4,4,4,4,4,4,100,,,,,,,,,,,,,,,,,,,,,,,,,,,,,,,,,,,,,,,,,,,,,,,,,,,,,,,,,,,,,,,,,,,,,,,,,,,,,,,,,,,,,,,,,,,,,,,,,,,,,,,,,,,,,,,,,,,,,,,,,,,,,,,,,,,,,,,,,,,,,,,,,,,,,,,,,,,,,,,,,,,,,,,,,,,,,,,,,,,,,,,,,,,,,,,,,,,,,,,,,,,,,,
1764665199.518514,1764665199.515729,35919,0,4384.230957,4409.487305,4525.128418,4534.487305,4415.128418,4529.358887,4542.820313,4397.436035,4591.538574,4410.256348,4491.666504,4510.256348,4566.025879,4388.077148,4388.461426,4501.282227,4535.641113,4534.615234,4508.717773,4381.282227,4384.743652,4557.436035,4513.846191,4488.846191,4391.282227,4568.589844,4384.230957,4557.179688,4503.205078,4403.589844,4527.692383,4511.666504,2504,1,25,1280,10519,,,,0,4,4,4,4,4,4,4,4,4,4,4,4,4,4,4,4,4,4,4,4,4,4,4,4,4,4,4,4,4,4,4,4,100,,,,,,,,,,,,,,,,,,,,,,,,,,,,,,,,,,,,,,,,,,,,,,,,,,,,,,,,,,,,,,,,,,,,,,,,,,,,,,,,,,,,,,,,,,,,,,,,,,,,,,,,,,,,,,,,,,,,,,,,,,,,,,,,,,,,,,,,,,,,,,,,,,,,,,,,,,,,,,,,,,,,,,,,,,,,,,,,,,,,,,,,,,,,,,,,,,,,,,,,,,,,,,
1764665199.522422,1764665199.519636,35920,0,4382.307617,4406.666504,4518.846191,4528.717773,4411.666504,4528.974121,4541.794922,4394.615234,4586.538574,4405.512695,4490.256348,4509.743652,4562.179688,4383.974121,4383.333496,4497.94873,4533.077148,4529.615234,4504.615234,4376.538574,4379.230957,4555.769043,4510.512695,4487.692383,4385.769043,4562.05127,4379.743652,4554.230957,4500.897461,4400.897461,4524.358887,4501.666504,2870,1,25,256,10527,,,,0,4,4,4,4,4,4,4,4,4,4,4,4,4,4,4,4,4,4,4,4,4,4,4,4,4,4,4,4,4,4,4,4,100,,,,,,,,,,,,,,,,,,,,,,,,,,,,,,,,,,,,,,,,,,,,,,,,,,,,,,,,,,,,,,,,,,,,,,,,,,,,,,,,,,,,,,,,,,,,,,,,,,,,,,,,,,,,,,,,,,,,,,,,,,,,,,,,,,,,,,,,,,,,,,,,,,,,,,,,,,,,,,,,,,,,,,,,,,,,,,,,,,,,,,,,,,,,,,,,,,,,,,,,,,,,,,
1764665199.526330,1764665199.523544,35921,0,4379.487305,4401.410156,4510,4520.897461,4404.615234,4525.769043,4539.102539,4390,4578.846191,4393.717773,4489.615234,4508.205078,4558.717773,4380.128418,4379.102539,4496.538574,4531.153809,4525,4500.641113,4374.230957,4376.153809,4553.717773,4506.666504,4485.512695,4382.436035,4555.128418,4375.641113,4551.153809,4498.205078,4397.05127,4520.641113,4491.153809,2929,1,25,256,10527,,,,0,4,4,4,4,4,4,4,4,4,4,4,4,4,4,4,4,4,4,4,4,4,4,4,4,4,4,4,4,4,4,4,4,100,,,,,,,,,,,,,,,,,,,,,,,,,,,,,,,,,,,25364,0,0.255604,-0.610535,-0.722534,0.199646,0.970822,0.165548,0.02051,23,30,42.166668,,,,,,,,,,,,,,,,,,,,,,,,,,,,,,,,,,,,,,,,,,,,,,,,,,,,,,,,,,,,,,,,,,,,,,,,,,,,,,,,,,,,,,,,,,,,,,,,,,,,,,,,,,,,,,,,,,,,,,,,,,,,,,,,,,,,,,,,,,,,,,,,,,,,,,,,,,,,,,,,
1764665199.530239,1764665199.527451,35922,0,4378.077148,4397.05127,4503.974121,4517.692383,4398.077148,4522.05127,4535.897461,4386.025879,4574.358887,4382.820313,4489.230957,4505.769043,4557.179688,4378.205078,4377.307617,4497.563965,4531.666504,4523.717773,4498.589844,4375,4376.794922,4551.922852,4504.487305,4483.077148,4378.974121,4550.512695,4374.615234,4550,4496.282227,4394.615234,4518.333496,4486.153809,1756,1,25,512,10535,,,,0,4,4,4,4,4,4,4,4,4,4,4,4,4,4,4,4,4,4,4,4,4,4,4,4,4,4,4,4,4,4,4,4,100,,,,,,,,,,,,,,,,,,,,,,,,,,,,,,,,,,,,,,,,,,,,,,,,,,,,,,,,,,,,,,,,,,,,,,,,,,,,,,,,,,,,,,,,,,,,,,,,,,,,,,,,,,,,,,,,,,,,,,,,,,,,,,,,,,,,,,,,,,,,,,,,,,,,,,,,,,,,,,,,,,,,,,,,,,,,,,,,,,,,,,,,,,,,,,,,,,,,,,,,,,,,,,
1764665199.534147,1764665199.531359,35923,0,4378.717773,4394.871582,4502.436035,4521.153809,4394.743652,4519.358887,4533.333496,4383.717773,4575.384766,4378.205078,4488.461426,4503.846191,4557.179688,4378.205078,4377.436035,4498.333496,4534.358887,4525.512695,4499.230957,4377.179688,4379.743652,4551.153809,4505,4481.025879,4374.871582,4549.743652,4376.666504,4550.897461,4495.641113,4394.102539,4517.692383,4487.692383,2962,1,25,512,10535,,,,0,4,4,4,4,4,4,4,4,4,4,4,4,4,4,4,4,4,4,4,4,4,4,4,4,4,4,4,4,4,4,4,4,100,,,,,,,,,,,,,,,,,,,,,,,,,,,,,,,,,,,,,,,,,,,,,,,,,,,,,,,,,,,,,,,,,,,,,,,,,,,,,,,,,,,,,,,,,,,,,,,,,,,,,,,,,,,,,,,,,,,,,,,,,,,,,,,,,,,,,,,,,,,,,,,,,,,,,,,,,,,,,,,,,,,,,,,,,,,,,,,,,,,,,,,,,,,,,,,,,,,,,,,,,,,,,,
1764665199.538055,1764665199.535266,35924,0,4381.666504,4395.384766,4504.230957,4528.333496,4395.256348,4518.974121,4532.692383,4383.077148,4580.256348,4382.436035,4488.461426,4504.230957,4558.077148,4379.743652,4378.333496,4497.307617,4537.692383,4528.589844,4501.922852,4378.846191,4383.333496,4552.307617,4507.94873,4480.897461,4372.692383,4552.436035,4380.128418,4553.205078,4497.05127,4394.871582,4518.205078,4492.820313,2523,1,25,768,10543,,,,0,4,4,4,4,4,4,4,4,4,4,4,4,4,4,4,4,4,4,4,4,4,4,4,4,4,4,4,4,4,4,4,4,100,,,,,,,,,,,,,,,,,,,,,,,,,,,,,,,,,,,,,,,,,,,,,,,,,,,,,,,,,,,,,,,,,,,,,,,,,,,,,,,,,,,,,,,,,,,,,,,,,,,,,,,,,,,,,,,,,,,,,,,,,,,,,,,,,,,,,,,,,,,,,,,,,,,,,,,,,,,,,,,,,,,,,,,,,,,,,,,,,,,,,,,,,,,,,,,,,,,,,,,,,,,,,,
1764665199.541963,1764665199.539173,35925,0,4385.641113,4397.820313,4507.94873,4534.230957,4398.461426,4521.794922,4535.641113,4383.846191,4585.641113,4393.974121,4490.897461,4508.461426,4560.512695,4382.307617,4380,4495.256348,4541.153809,4531.153809,4506.025879,4380.128418,4386.538574,4556.153809,4513.205078,4483.846191,4376.025879,4557.307617,4384.102539,4556.410156,4500.256348,4396.410156,4520.512695,4497.820313,2826,1,25,768,10543,,,,0,4,4,4,4,4,4,4,4,4,4,4,4,4,4,4,4,4,4,4,4,4,4,4,4,4,4,4,4,4,4,4,4,100,,,,,,,,,,,,,,,,,,,,,,,,,,,,,,,,,,,25365,0,0.255577,-0.610474,-0.722595,0.199646,0.982053,0.178733,0.018069,22.666666,29.166666,44.333332,,,,,,,,,,,,,,,,,,,,,,,,,,,,,,,,,,,,,,,,,,,,,,,,,,,,,,,,,,,,,,,,,,,,,,,,,,,,,,,,,,,,,,,,,,,,,,,,,,,,,,,,,,,,,,,,,,,,,,,,,,,,,,,,,,,,,,,,,,,,,,,,,,,,,,,,,,,,,,,,
1764665199.545872,1764665199.543081,35926,0,4389.615234,4401.922852,4512.563965,4537.179688,4403.205078,4527.692383,4541.666504,4386.922852,4589.871582,4408.717773,4496.025879,4515.128418,4565.384766,4385.769043,4382.820313,4495.384766,4544.615234,4533.974121,4510,4381.922852,4389.230957,4562.05127,4519.871582,4490.384766,4385.512695,4562.94873,4388.333496,4560.769043,4504.871582,4399.487305,4525.641113,4501.410156,2936,1,25,1024,10551,,,,0,4,4,4,4,4,4,4,4,4,4,4,4,4,4,4,4,4,4,4,4,4,4,4,4,4,4,4,4,4,4,4,4,100,,,,,,,,,,,,,,,,,,,,,,,,,,,,,,,,,,,,,,,,,,,,,,,,,,,,,,,,,,,,,,,,,,,,,,,,,,,,,,,,,,,,,,,,,,,,,,,,,,,,,,,,,,,,,,,,,,,,,,,,,,,,,,,,,,,,,,,,,,,,,,,,,,,,,,,,,,,,,,,,,,,,,,,,,,,,,,,,,,,,,,,,,,,,,,,,,,,,,,,,,,,,,,
1764665199.549780,1764665199.546988,35927,0,4393.077148,4407.307617,4518.205078,4538.589844,4408.717773,4534.358887,4548.974121,4392.436035,4592.692383,4421.922852,4502.563965,4521.794922,4572.179688,4390,4386.410156,4499.743652,4548.846191,4537.563965,4512.307617,4384.871582,4391.666504,4568.077148,4527.05127,4498.717773,4398.077148,4568.077148,4393.077148,4566.025879,4509.743652,4403.846191,4533.205078,4504.230957,2848,1,25,1024,10551,,,,0,4,4,4,4,4,4,4,4,4,4,4,4,4,4,4,4,4,4,4,4,4,4,4,4,4,4,4,4,4,4,4,4,100,,,,,,,,,,,,,,,,,,,,,,,,,,,,,,,,,,,,,,,,,,,,,,,,,,,,,,,,,,,,,,,,,,,,,,,,,,,,,,,,,,,,,,,,,,,,,,,,,,,,,,,,,,,,,,,,,,,,,,,,,,,,,,,,,,,,,,,,,,,,,,,,,,,,,,,,,,,,,,,,,,,,,,,,,,,,,,,,,,,,,,,,,,,,,,,,,,,,,,,,,,,,,,
1764665199.553688,1764665199.550896,35928,0,4396.153809,4413.077148,4523.589844,4541.025879,4414.358887,4538.846191,4554.487305,4398.846191,4595,4430,4507.692383,4526.410156,4578.846191,4395.128418,4389.230957,4506.538574,4553.846191,4541.666504,4511.922852,4388.461426,4393.461426,4572.307617,4533.205078,4504.871582,4408.333496,4572.94873,4398.589844,4570.641113,4513.717773,4408.717773,4540.512695,4507.94873,2782,1,25,1280,10558,,,,0,4,4,4,4,4,4,4,4,4,4,4,4,4,4,4,4,4,4,4,4,4,4,4,4,4,4,4,4,4,4,4,4,100,,,,,,,,,,,,,,,,,,,,,,,,,,,,,,,,,,,,,,,,,,,,,,,,,,,,,,,,,,,,,,,,,,,,,,,,,,,,,,,,,,,,,,,,,,,,,,,,,,,,,,,,,,,,,,,,,,,,,,,,,,,,,,,,,,,,,,,,,,,,,,,,,,,,,,,,,,,,,,,,,,,,,,,,,,,,,,,,,,,,,,,,,,,,,,,,,,,,,,,,,,,,,,
1764665199.557597,1764665199.554803,35929,0,4398.717773,4417.179688,4526.666504,4543.589844,4418.077148,4538.846191,4555.256348,4403.077148,4596.410156,4430.897461,4509.230957,4528.333496,4582.563965,4399.615234,4389.615234,4511.922852,4557.94873,4544.230957,4509.487305,4390.897461,4393.846191,4573.717773,4536.282227,4505.512695,4410.897461,4576.282227,4402.820313,4572.307617,4515.641113,4411.794922,4543.717773,4511.025879,2832,1,25,1280,10558,,,,0,4,4,4,4,4,4,4,4,4,4,4,4,4,4,4,4,4,4,4,4,4,4,4,4,4,4,4,4,4,4,4,4,100,,,,,,,,,,,,,,,,,,,,,,,,,,,,,,,,,,,25366,0,0.255675,-0.610413,-0.722595,0.199707,0.968868,0.174338,0.025394,23,30,43.833332,,,,,,,,,,,,,,,,,,,,,,,,,,,,,,,,,,,,,,,,,,,,,,,,,,,,,,,,,,,,,,,,,,,,,,,,,,,,,,,,,,,,,,,,,,,,,,,,,,,,,,,,,,,,,,,,,,,,,,,,,,,,,,,,,,,,,,,,,,,,,,,,,,,,,,,,,,,,,,,,
1764665199.561505,1764665199.558711,35930,0,4399.487305,4417.436035,4524.487305,4543.077148,4417.436035,4534.102539,4550.512695,4402.436035,4595.641113,4423.717773,4506.025879,4527.436035,4581.538574,4401.410156,4387.05127,4512.179688,4558.846191,4543.589844,4506.666504,4390.769043,4392.179688,4571.922852,4534.615234,4500.256348,4403.589844,4576.538574,4403.333496,4569.743652,4515.128418,4410.512695,4540.256348,4510.769043,1967,1,25,1536,10566,,,,0,4,4,4,4,4,4,4,4,4,4,4,4,4,4,4,4,4,4,4,4,4,4,4,4,4,4,4,4,4,4,4,4,100,,,,,,,,,,,,,,,,,,,,,,,,,,,,,,,,,,,,,,,,,,,,,,,2.688974,1.102938,0.352311,0.641499,0.484,3.471334,1.771735,0.662817,0.687595,0.491258,3.389587,2.960258,0.892196,0.839089,0.777541,1.85438,1.919627,0.815655,0.79553,0.630563,1.780939,1.369905,0.493107,0.607721,0.533629,2.465182,1.119918,0.714278,0.7946,0.445881,1.867982,1.232699,0.571478,0.706658,0.728247,1.484845,1.664692,0.788043,0.654225,0.729037,2.29379,1.355303,0.977795,0.967683,0.6397,1.955392,1.855099,0.947372,1.752956,1.06752,1.394585,1.07473,0.314618,0.558571,0.401204,2.42486,1.568213,0.581828,0.889631,0.513031,1.024726,1.162491,0.324655,0.757488,0.428861,0.446763,0.749037,0.506086,0.596636,0.341745,0.248239,0.409964,0.314794,0.485939,0.495817,0.694869,1.112438,0.623475,0.511173,0.512663,2.536454,1.514028,0.540755,0.813102,0.581486,1.044891,1.815742,0.777837,0.616408,0.683224,0.620873,0.547523,0.50428,0.463965,0.477617,1.269202,1.049719,0.411233,0.470031,0.552313,1.365368,1.37045,0.643307,0.469639,0.517599,2.028403,1.649665,0.479836,0.603908,0.58306,1.970018,1.347725,0.395026,0.559661,0.501954,1.461735,1.639625,0.27833,0.587133,0.603488,3.625467,3.189135,2.651588,2.012789,1.602685,1.023862,1.580127,0.316321,0.552668,0.458816,2.50402,1.897208,0.660611,0.721669,0.539582,2.793597,1.556101,0.193099,0.66655,0.592015,1.868445,0.839139,0.179746,0.280101,0.2545,2.111735,2.286605,0.505816,0.534819,0.492628,2.365718,1.870786,0.660923,0.706694,0.579907,3.231903,2.353669,0.828641,0.767772,0.507612
1764665199.565413,1764665199.562618,35931,0,4397.05127,4413.461426,4517.179688,4537.05127,4411.666504,4526.794922,4542.563965,4397.05127,4591.538574,4410.641113,4499.102539,4524.230957,4576.282227,4399.743652,4382.692383,4507.563965,4555.384766,4539.615234,4505.641113,4388.077148,4389.230957,4568.077148,4528.205078,4492.436035,4389.871582,4572.307617,4398.974121,4563.717773,4511.922852,4404.487305,4531.410156,4505.641113,2652,1,25,1536,10566,,,,0,4,4,4,4,4,4,4,4,4,4,4,4,4,4,4,4,4,4,4,4,4,4,4,4,4,4,4,4,4,4,4,4,100,,,,,,,,,,,,,,,,,,,,,,,,,,,,,,,,,,,,,,,,,,,,,,,,,,,,,,,,,,,,,,,,,,,,,,,,,,,,,,,,,,,,,,,,,,,,,,,,,,,,,,,,,,,,,,,,,,,,,,,,,,,,,,,,,,,,,,,,,,,,,,,,,,,,,,,,,,,,,,,,,,,,,,,,,,,,,,,,,,,,,,,,,,,,,,,,,,,,,,,,,,,,,,
1764665199.569321,1764665199.566526,35932,0,4391.282227,4406.666504,4507.94873,4527.94873,4403.589844,4520.641113,4536.025879,4389.871582,4585.256348,4397.563965,4492.05127,4520.128418,4569.871582,4395.769043,4379.230957,4502.05127,4549.358887,4535.641113,4507.820313,4385.128418,4387.179688,4563.717773,4520.256348,4487.05127,4377.820313,4565.769043,4391.922852,4557.563965,4507.563965,4396.794922,4522.05127,4497.692383,2706,1,25,1792,10574,,,,0,4,4,4,4,4,4,4,4,4,4,4,4,4,4,4,4,4,4,4,4,4,4,4,4,4,4,4,4,4,4,4,4,100,,,,,,,,,,,,,,,,,,,,,,,,,,,,,,,,,,,,,,,,,,,,,,,,,,,,,,,,,,,,,,,,,,,,,,,,,,,,,,,,,,,,,,,,,,,,,,,,,,,,,,,,,,,,,,,,,,,,,,,,,,,,,,,,,,,,,,,,,,,,,,,,,,,,,,,,,,,,,,,,,,,,,,,,,,,,,,,,,,,,,,,,,,,,,,,,,,,,,,,,,,,,,,
1764665199.573230,1764665199.570433,35933,0,4384.615234,4400.256348,4501.666504,4521.666504,4398.333496,4518.846191,4533.974121,4385.128418,4580.512695,4390.897461,4488.077148,4517.436035,4566.922852,4392.307617,4378.461426,4500.512695,4544.102539,4535.256348,4512.05127,4384.230957,4387.436035,4560.897461,4514.487305,4487.820313,4376.410156,4560.641113,4386.538574,4554.615234,4503.974121,4392.563965,4517.820313,4491.794922,2525,1,25,1792,10574,,,,0,4,4,4,4,4,4,4,4,4,4,4,4,4,4,4,4,4,4,4,4,4,4,4,4,4,4,4,4,4,4,4,4,100,,,,,,,,,,,,,,,,,,,,,,,,,,,,,,,,,,,25367,0,0.255898,-0.610352,-0.722534,0.199829,0.968868,0.174338,0.025394,23.666666,29.333334,44.166668,,,,,,,,,,,,,,,,,,,,,,,,,,,,,,,,,,,,,,,,,,,,,,,,,,,,,,,,,,,,,,,,,,,,,,,,,,,,,,,,,,,,,,,,,,,,,,,,,,,,,,,,,,,,,,,,,,,,,,,,,,,,,,,,,,,,,,,,,,,,,,,,,,,,,,,,,,,,,,,,
1764665199.577138,1764665199.574340,35934,0,4379.743652,4396.410156,4501.410156,4522.179688,4398.461426,4521.538574,4536.538574,4385.128418,4580.128418,4392.179688,4488.077148,4517.436035,4568.717773,4390.128418,4380.512695,4503.589844,4542.179688,4538.846191,4514.871582,4385.769043,4389.615234,4560.128418,4512.820313,4493.333496,4387.820313,4560.512695,4385.128418,4555.384766,4502.692383,4394.615234,4520,4491.922852,2671,1,25,2048,10582,,,,0,4,4,4,4,4,4,4,4,4,4,4,4,4,4,4,4,4,4,4,4,4,4,4,4,4,4,4,4,4,4,4,4,100,,,,,,,,,,,,,,,,,,,,,,,,,,,,,,,,,,,,,,,,,,,,,,,,,,,,,,,,,,,,,,,,,,,,,,,,,,,,,,,,,,,,,,,,,,,,,,,,,,,,,,,,,,,,,,,,,,,,,,,,,,,,,,,,,,,,,,,,,,,,,,,,,,,,,,,,,,,,,,,,,,,,,,,,,,,,,,,,,,,,,,,,,,,,,,,,,,,,,,,,,,,,,,
1764665199.581046,1764665199.578248,35935,0,4378.077148,4395,4505.641113,4528.974121,4402.307617,4525.512695,4540.512695,4389.102539,4583.205078,4397.563965,4490.256348,4518.461426,4572.563965,4388.846191,4383.205078,4507.692383,4542.307617,4542.307617,4513.077148,4387.436035,4390.769043,4560.384766,4513.461426,4498.077148,4405.384766,4564.743652,4386.410156,4556.794922,4503.077148,4401.025879,4525.256348,4497.05127,2845,1,25,2048,10582,,,,0,4,4,4,4,4,4,4,4,4,4,4,4,4,4,4,4,4,4,4,4,4,4,4,4,4,4,4,4,4,4,4,4,100,,,,,,,,,,,,,,,,,,,,,,,,,,,,,,,,,,,,,,,,,,,,,,,,,,,,,,,,,,,,,,,,,,,,,,,,,,,,,,,,,,,,,,,,,,,,,,,,,,,,,,,,,,,,,,,,,,,,,,,,,,,,,,,,,,,,,,,,,,,,,,,,,,,,,,,,,,,,,,,,,,,,,,,,,,,,,,,,,,,,,,,,,,,,,,,,,,,,,,,,,,,,,,
1764665199.584954,1764665199.582155,35936,0,4378.461426,4394.487305,4510,4537.179688,4405.128418,4527.179688,4542.563965,4393.846191,4585.256348,4401.153809,4492.307617,4517.94873,4573.717773,4387.436035,4385,4508.333496,4541.794922,4540.641113,4507.307617,4386.666504,4389.102539,4559.615234,4513.333496,4497.307617,4418.461426,4570.128418,4387.307617,4556.025879,4503.205078,4406.794922,4528.846191,4503.205078,2769,1,25,2048,10590,,,,0,4,4,4,4,4,4,4,4,4,4,4,4,4,4,4,4,4,4,4,4,4,4,4,4,4,4,4,4,4,4,4,4,100,,,,,,,,,,,,,,,,,,,,,,,,,,,,,,,,,,,,,,,,,,,,,,,,,,,,,,,,,,,,,,,,,,,,,,,,,,,,,,,,,,,,,,,,,,,,,,,,,,,,,,,,,,,,,,,,,,,,,,,,,,,,,,,,,,,,,,,,,,,,,,,,,,,,,,,,,,,,,,,,,,,,,,,,,,,,,,,,,,,,,,,,,,,,,,,,,,,,,,,,,,,,,,
1764665199.588863,1764665199.586063,35937,0,4379.743652,4394.102539,4510.769043,4541.922852,4404.615234,4525.512695,4541.538574,4396.794922,4582.179688,4401.025879,4492.94873,4514.743652,4570.769043,4386.025879,4385.128418,4504.487305,4539.487305,4533.717773,4501.025879,4383.205078,4385.256348,4556.922852,4511.025879,4490.641113,4419.871582,4573.205078,4386.666504,4553.205078,4502.307617,4407.94873,4528.846191,4506.794922,2920,1,25,2048,10590,,,,0,4,4,4,4,4,4,4,4,4,4,4,4,4,4,4,4,4,4,4,4,4,4,4,4,4,4,4,4,4,4,4,4,100,,,,,,,,,,,,,,,,,,,,,,,,,,,,,,,,,,,25368,0,0.25585,-0.610352,-0.722534,0.19989,0.976682,0.170919,0.036137,22.833334,29.333334,44.5,,,,,,,,,,,,,,,,,,,,,,,,,,,,,,,,,,,,,,,,,,,,,,,,,,,,,,,,,,,,,,,,,,,,,,,,,,,,,,,,,,,,,,,,,,,,,,,,,,,,,,,,,,,,,,,,,,,,,,,,,,,,,,,,,,,,,,,,,,,,,,,,,,,,,,,,,,,,,,,,
1764665199.592771,1764665199.589970,35938,0,4381.025879,4394.487305,4508.461426,4541.410156,4401.794922,4522.563965,4538.717773,4397.05127,4574.358887,4400.384766,4492.692383,4510.384766,4566.025879,4385.256348,4384.102539,4499.230957,4537.05127,4526.025879,4497.820313,4378.717773,4381.666504,4553.846191,4508.589844,4482.820313,4410.384766,4573.205078,4385.897461,4550.897461,4501.153809,4404.487305,4527.05127,4507.05127,2610,1,25,768,10597,,,,0,4,4,4,4,4,4,4,4,4,4,4,4,4,4,4,4,4,4,4,4,4,4,4,4,4,4,4,4,4,4,4,4,100,,,,,,,,,,,,,,,,,,,,,,,,,,,,,,,,,,,,,,,,,,,,,,,,,,,,,,,,,,,,,,,,,,,,,,,,,,,,,,,,,,,,,,,,,,,,,,,,,,,,,,,,,,,,,,,,,,,,,,,,,,,,,,,,,,,,,,,,,,,,,,,,,,,,,,,,,,,,,,,,,,,,,,,,,,,,,,,,,,,,,,,,,,,,,,,,,,,,,,,,,,,,,,
1764665199.596679,1764665199.593878,35939,0,4381.794922,4396.666504,4505.897461,4537.179688,4399.358887,4520.512695,4536.025879,4395.769043,4566.410156,4402.307617,4491.794922,4507.94873,4562.563965,4384.487305,4382.05127,4496.025879,4536.410156,4522.692383,4498.461426,4375.512695,4380.769043,4552.94873,4508.846191,4478.461426,4397.307617,4571.538574,4386.538574,4552.05127,4501.153809,4399.615234,4526.794922,4506.282227,2868,1,25,768,10597,,,,0,4,4,4,4,4,4,4,4,4,4,4,4,4,4,4,4,4,4,4,4,4,4,4,4,4,4,4,4,4,4,4,4,100,,,,,,,,,,,,,,,,,,,,,,,,,,,,,,,,,,,,,,,,,,,,,,,,,,,,,,,,,,,,,,,,,,,,,,,,,,,,,,,,,,,,,,,,,,,,,,,,,,,,,,,,,,,,,,,,,,,,,,,,,,,,,,,,,,,,,,,,,,,,,,,,,,,,,,,,,,,,,,,,,,,,,,,,,,,,,,,,,,,,,,,,,,,,,,,,,,,,,,,,,,,,,,
1764665199.600587,1764665199.597785,35940,0,4382.436035,4400,4507.179688,4533.205078,4400,4519.871582,4535.256348,4394.743652,4563.846191,4406.282227,4490.384766,4508.974121,4561.666504,4383.205078,4379.358887,4496.025879,4538.205078,4525.128418,4500.384766,4375.128418,4382.94873,4555.256348,4512.94873,4479.743652,4390,4570.128418,4388.846191,4556.666504,4502.820313,4397.436035,4529.871582,4507.179688,2762,1,25,256,10605,,,,0,4,4,4,4,4,4,4,4,4,4,4,4,4,4,4,4,4,4,4,4,4,4,4,4,4,4,4,4,4,4,4,4,100,,,,,,,,,,,,,,,,,,,,,,,,,,,,,,,,,,,,,,,,,,,,,,,,,,,,,,,,,,,,,,,,,,,,,,,,,,,,,,,,,,,,,,,,,,,,,,,,,,,,,,,,,,,,,,,,,,,,,,,,,,,,,,,,,,,,,,,,,,,,,,,,,,,,,,,,,,,,,,,,,,,,,,,,,,,,,,,,,,,,,,,,,,,,,,,,,,,,,,,,,,,,,,
1764665199.604496,1764665199.601693,35941,0,4383.717773,4403.717773,4513.974121,4533.333496,4404.871582,4520,4536.794922,4395.897461,4568.461426,4409.615234,4489.358887,4513.205078,4562.563965,4381.922852,4377.563965,4498.205078,4541.666504,4531.282227,4501.538574,4377.692383,4387.179688,4559.743652,4519.358887,4486.282227,4394.102539,4571.025879,4392.307617,4562.307617,4505.897461,4400.128418,4535.384766,4511.538574,2801,1,25,256,10605,,,,0,4,4,4,4,4,4,4,4,4,4,4,4,4,4,4,4,4,4,4,4,4,4,4,4,4,4,4,4,4,4,4,4,100,,,,,,,,,,,,,,,,,,,,,,,,,,,,,,,,,,,25369,0,0.256022,-0.610352,-0.722473,0.19989,0.976682,0.170919,0.036137,21.666666,30.666666,44.166668,,,,,,,,,,,,,,,,,,,,,,,,,,,,,,,,,,,,,,,,,,,,,,,,,,,,,,,,,,,,,,,,,,,,,,,,,,,,,,,,,,,,,,,,,,,,,,,,,,,,,,,,,,,,,,,,,,,,,,,,,,,,,,,,,,,,,,,,,,,,,,,,,,,,,,,,,,,,,,,,
1764665199.608404,1764665199.605600,35942,0,4386.666504,4407.820313,4525.128418,4539.102539,4413.717773,4521.153809,4540.897461,4400.512695,4578.461426,4411.025879,4490.897461,4519.102539,4565,4382.307617,4378.717773,4501.538574,4546.282227,4537.436035,4501.922852,4382.563965,4392.05127,4564.358887,4525.384766,4495.769043,4406.794922,4573.974121,4396.025879,4566.666504,4509.871582,4406.666504,4540.641113,4518.717773,2801,1,25,256,10613,,,,0,4,4,4,4,4,4,4,4,4,4,4,4,4,4,4,4,4,4,4,4,4,4,4,4,4,4,4,4,4,4,4,4,100,,,,,,,,,,,,,,,,,,,,,,,,,,,,,,,,,,,,,,,,,,,,,,,,,,,,,,,,,,,,,,,,,,,,,,,,,,,,,,,,,,,,,,,,,,,,,,,,,,,,,,,,,,,,,,,,,,,,,,,,,,,,,,,,,,,,,,,,,,,,,,,,,,,,,,,,,,,,,,,,,,,,,,,,,,,,,,,,,,,,,,,,,,,,,,,,,,,,,,,,,,,,,,
1764665199.612312,1764665199.609507,35943,0,4391.666504,4412.692383,4536.794922,4547.94873,4423.205078,4523.974121,4547.179688,4407.563965,4588.717773,4411.666504,4496.025879,4524.230957,4569.615234,4385.512695,4383.589844,4504.871582,4551.538574,4540.897461,4503.205078,4388.846191,4396.282227,4568.205078,4528.846191,4504.743652,4419.102539,4577.563965,4400,4569.102539,4513.461426,4414.230957,4543.461426,4525.769043,2990,1,25,256,10613,,,,0,4,4,4,4,4,4,4,4,4,4,4,4,4,4,4,4,4,4,4,4,4,4,4,4,4,4,4,4,4,4,4,4,100,,,,,,,,,,,,,,,,,,,,,,,,,,,,,,,,,,,,,,,,,,,,,,,,,,,,,,,,,,,,,,,,,,,,,,,,,,,,,,,,,,,,,,,,,,,,,,,,,,,,,,,,,,,,,,,,,,,,,,,,,,,,,,,,,,,,,,,,,,,,,,,,,,,,,,,,,,,,,,,,,,,,,,,,,,,,,,,,,,,,,,,,,,,,,,,,,,,,,,,,,,,,,,
1764665199.616221,1764665199.613313,35944,0,4396.410156,4418.205078,4544.487305,4554.358887,4428.974121,4528.461426,4553.461426,4413.846191,4594.615234,4411.538574,4502.436035,4526.538574,4576.153809,4390.641113,4390.256348,4507.94873,4556.410156,4541.282227,4506.666504,4394.487305,4398.461426,4571.538574,4530,4510.256348,4421.794922,4579.230957,4404.102539,4570.256348,4515.641113,4420,4543.589844,4529.487305,2876,1,25,256,10621,,,,0,4,4,4,4,4,4,4,4,4,4,4,4,4,4,4,4,4,4,4,4,4,4,4,4,4,4,4,4,4,4,4,4,100,,,,,,,,,,,,,,,,,,,,,,,,,,,,,,,,,,,,,,,,,,,,,,,,,,,,,,,,,,,,,,,,,,,,,,,,,,,,,,,,,,,,,,,,,,,,,,,,,,,,,,,,,,,,,,,,,,,,,,,,,,,,,,,,,,,,,,,,,,,,,,,,,,,,,,,,,,,,,,,,,,,,,,,,,,,,,,,,,,,,,,,,,,,,,,,,,,,,,,,,,,,,,,
1764665199.620129,1764665199.617219,35945,0,4398.461426,4422.820313,4545.384766,4554.230957,4428.205078,4532.692383,4557.05127,4415.769043,4593.589844,4409.871582,4506.410156,4525.512695,4582.563965,4394.743652,4394.743652,4510.256348,4559.487305,4540.128418,4511.538574,4397.307617,4398.333496,4575.128418,4530,4510.897461,4412.692383,4577.436035,4407.94873,4571.666504,4515.897461,4422.820313,4542.05127,4528.974121,2727,1,25,256,10621,,,,0,4,4,4,4,4,4,4,4,4,4,4,4,4,4,4,4,4,4,4,4,4,4,4,4,4,4,4,4,4,4,4,4,100,,,,,,,,,,,,,,,,,,,,,,,,,,,,,,,,,,,25370,0,0.25607,-0.610352,-0.722473,0.199829,0.98303,0.165059,0.034184,22.166666,29.666666,45.166668,,,,,,,,,,,,,,,,,,,,,,,,,,,,,,,,,,,,,,,,,,,,,,,,,,,,,,,,,,,,,,,,,,,,,,,,,,,,,,,,,,,,,,,,,,,,,,,,,,,,,,,,,,,,,,,,,,,,,,,,,,,,,,,,,,,,,,,,,,,,,,,,,,,,,,,,,,,,,,,,
1764665199.624037,1764665199.621025,35946,0,4397.307617,4425.769043,4541.153809,4548.461426,4423.205078,4535.512695,4556.410156,4412.94873,4587.692383,4406.025879,4506.025879,4523.205078,4586.410156,4395.641113,4394.615234,4511.666504,4560.128418,4539.487305,4515.769043,4396.666504,4396.794922,4578.846191,4530.512695,4508.589844,4398.846191,4573.205078,4410.384766,4573.846191,4515.128418,4423.846191,4540.769043,4527.179688,2298,1,25,512,10629,,,,0,4,4,4,4,4,4,4,4,4,4,4,4,4,4,4,4,4,4,4,4,4,4,4,4,4,4,4,4,4,4,4,4,100,,,,,,,,,,,,,,,,,,,,,,,,,,,,,,,,,,,,,,,,,,,,,,,,,,,,,,,,,,,,,,,,,,,,,,,,,,,,,,,,,,,,,,,,,,,,,,,,,,,,,,,,,,,,,,,,,,,,,,,,,,,,,,,,,,,,,,,,,,,,,,,,,,,,,,,,,,,,,,,,,,,,,,,,,,,,,,,,,,,,,,,,,,,,,,,,,,,,,,,,,,,,,,
1764665199.627945,1764665199.624931,35947,0,4395.769043,4427.179688,4536.538574,4542.05127,4419.102539,4537.179688,4553.589844,4408.846191,4582.05127,4401.794922,4502.820313,4522.692383,4586.153809,4393.974121,4390.384766,4512.05127,4559.743652,4539.743652,4518.205078,4394.615234,4396.025879,4582.05127,4532.436035,4506.794922,4391.410156,4569.230957,4411.025879,4576.922852,4515.256348,4424.487305,4541.153809,4527.94873,2705,1,25,512,10629,,,,0,4,4,4,4,4,4,4,4,4,4,4,4,4,4,4,4,4,4,4,4,4,4,4,4,4,4,4,4,4,4,4,4,100,,,,,,,,,,,,,,,,,,,,,,,,,,,,,,,,,,,,,,,,,,,,,,,,,,,,,,,,,,,,,,,,,,,,,,,,,,,,,,,,,,,,,,,,,,,,,,,,,,,,,,,,,,,,,,,,,,,,,,,,,,,,,,,,,,,,,,,,,,,,,,,,,,,,,,,,,,,,,,,,,,,,,,,,,,,,,,,,,,,,,,,,,,,,,,,,,,,,,,,,,,,,,,
1764665199.631853,1764665199.628836,35948,0,4396.025879,4427.692383,4535.641113,4539.743652,4419.743652,4538.461426,4551.666504,4407.436035,4581.025879,4399.358887,4500.641113,4524.743652,4582.820313,4391.922852,4385.256348,4511.025879,4559.487305,4540.128418,4518.205078,4393.589844,4397.436035,4583.589844,4535,4507.563965,4396.794922,4568.589844,4408.974121,4579.358887,4516.538574,4425.384766,4542.692383,4532.436035,2506,1,25,512,10636,,,,0,4,4,4,4,4,4,4,4,4,4,4,4,4,4,4,4,4,4,4,4,4,4,4,4,4,4,4,4,4,4,4,4,100,,,,,,,,,,,,,,,,,,,,,,,,,,,,,,,,,,,,,,,,,,,,,,,,,,,,,,,,,,,,,,,,,,,,,,,,,,,,,,,,,,,,,,,,,,,,,,,,,,,,,,,,,,,,,,,,,,,,,,,,,,,,,,,,,,,,,,,,,,,,,,,,,,,,,,,,,,,,,,,,,,,,,,,,,,,,,,,,,,,,,,,,,,,,,,,,,,,,,,,,,,,,,,
1764665199.635762,1764665199.632742,35949,0,4398.205078,4426.922852,4538.589844,4541.922852,4423.846191,4539.102539,4551.666504,4409.487305,4584.358887,4399.487305,4500.897461,4527.307617,4578.077148,4390.897461,4382.179688,4509.102539,4558.717773,4539.487305,4515.897461,4393.846191,4399.743652,4582.05127,4535.897461,4510,4410.512695,4571.025879,4404.358887,4578.589844,4517.820313,4425.641113,4543.333496,4537.94873,2252,1,25,512,10636,,,,0,4,4,4,4,4,4,4,4,4,4,4,4,4,4,4,4,4,4,4,4,4,4,4,4,4,4,4,4,4,4,4,4,100,,,,,,,,,,,,,,,,,,,,,,,,,,,,,,,,,,,25371,0,0.255993,-0.610352,-0.722534,0.199707,0.974728,0.171896,0.040532,22.166666,29.666666,45.166668,,,,,,,,,,,,,,,,,,,,,,,,,,,,,,,,,,,,,,,,,,,,,,,,,,,,,,,,,,,,,,,,,,,,,,,,,,,,,,,,,,,,,,,,,,,,,,,,,,,,,,,,,,,,,,,,,,,,,,,,,,,,,,,,,,,,,,,,,,,,,,,,,,,,,,,,,,,,,,,,
1764665199.639670,1764665199.636648,35950,0,4399.487305,4425,4542.179688,4545.256348,4427.05127,4537.820313,4552.436035,4412.05127,4587.94873,4401.666504,4502.436035,4527.436035,4574.230957,4391.410156,4382.307617,4507.179688,4556.282227,4538.205078,4512.436035,4393.846191,4400.256348,4577.94873,4533.589844,4511.538574,4421.666504,4573.846191,4398.974121,4573.589844,4516.922852,4423.974121,4541.794922,4540.256348,2720,1,25,768,10644,,,,0,4,4,4,4,4,4,4,4,4,4,4,4,4,4,4,4,4,4,4,4,4,4,4,4,4,4,4,4,4,4,4,4,100,,,,,,,,,,,,,,,,,,,,,,,,,,,,,,,,,,,,,,,,,,,,,,,,,,,,,,,,,,,,,,,,,,,,,,,,,,,,,,,,,,,,,,,,,,,,,,,,,,,,,,,,,,,,,,,,,,,,,,,,,,,,,,,,,,,,,,,,,,,,,,,,,,,,,,,,,,,,,,,,,,,,,,,,,,,,,,,,,,,,,,,,,,,,,,,,,,,,,,,,,,,,,,
1764665199.643578,1764665199.640554,35951,0,4398.717773,4423.077148,4543.205078,4546.153809,4426.025879,4535.641113,4552.436035,4412.692383,4588.846191,4406.410156,4504.358887,4525.512695,4573.077148,4393.589844,4385.384766,4507.05127,4552.820313,4538.077148,4510,4393.077148,4398.589844,4574.230957,4529.615234,4510.256348,4423.205078,4574.615234,4395.897461,4567.563965,4514.230957,4420.897461,4538.717773,4538.589844,2511,1,25,768,10644,,,,0,4,4,4,4,4,4,4,4,4,4,4,4,4,4,4,4,4,4,4,4,4,4,4,4,4,4,4,4,4,4,4,4,100,,,,,,,,,,,,,,,,,,,,,,,,,,,,,,,,,,,,,,,,,,,,,,,,,,,,,,,,,,,,,,,,,,,,,,,,,,,,,,,,,,,,,,,,,,,,,,,,,,,,,,,,,,,,,,,,,,,,,,,,,,,,,,,,,,,,,,,,,,,,,,,,,,,,,,,,,,,,,,,,,,,,,,,,,,,,,,,,,,,,,,,,,,,,,,,,,,,,,,,,,,,,,,
1764665199.647487,1764665199.644460,35952,0,4396.922852,4422.94873,4541.025879,4544.487305,4422.05127,4535.128418,4551.410156,4411.538574,4588.333496,4414.102539,4506.794922,4524.358887,4575.897461,4397.307617,4390.128418,4510.384766,4551.410156,4541.538574,4511.025879,4393.205078,4396.922852,4574.358887,4527.436035,4507.692383,4417.05127,4573.589844,4397.94873,4565.512695,4512.307617,4418.589844,4536.666504,4535.512695,2874,1,25,1024,10652,,,,0,4,4,4,4,4,4,4,4,4,4,4,4,4,4,4,4,4,4,4,4,4,4,4,4,4,4,4,4,4,4,4,4,100,,,,,,,,,,,,,,,,,,,,,,,,,,,,,,,,,,,,,,,,,,,,,,,,,,,,,,,,,,,,,,,,,,,,,,,,,,,,,,,,,,,,,,,,,,,,,,,,,,,,,,,,,,,,,,,,,,,,,,,,,,,,,,,,,,,,,,,,,,,,,,,,,,,,,,,,,,,,,,,,,,,,,,,,,,,,,,,,,,,,,,,,,,,,,,,,,,,,,,,,,,,,,,
1764665199.651395,1764665199.648365,35953,0,4396.538574,4424.615234,4538.077148,4542.94873,4418.461426,4538.461426,4551.153809,4411.410156,4589.871582,4422.436035,4510.384766,4526.666504,4582.05127,4401.538574,4395.128418,4517.307617,4554.615234,4548.205078,4516.282227,4396.025879,4398.205078,4578.846191,4528.589844,4506.794922,4411.153809,4572.307617,4403.974121,4569.615234,4513.846191,4418.846191,4537.179688,4533.974121,2921,1,25,1024,10652,,,,0,4,4,4,4,4,4,4,4,4,4,4,4,4,4,4,4,4,4,4,4,4,4,4,4,4,4,4,4,4,4,4,4,100,,,,,,,,,,,,,,,,,,,,,,,,,,,,,,,,,,,25372,0,0.255862,-0.610229,-0.722717,0.199585,0.985472,0.185081,0.033207,22.833334,27.333334,43.666668,,,,,,,,,,,,,,,,,,,,,,,,,,,,,,,,,,,,,,,,,,,,,,,,,,,,,,,,,,,,,,,,,,,,,,,,,,,,,,,,,,,,,,,,,,,,,,,,,,,,,,,,,,,,,,,,,,,,,,,,,,,,,,,,,,,,,,,,,,,,,,,,,,,,,,,,,,,,,,,,
1764665199.655303,1764665199.652271,35954,0,4398.974121,4427.05127,4537.436035,4544.230957,4417.94873,4544.487305,4552.307617,4414.102539,4594.358887,4427.94873,4515.128418,4532.436035,4589.230957,4404.871582,4398.846191,4525.128418,4561.282227,4555.769043,4523.717773,4401.025879,4402.94873,4584.871582,4532.436035,4509.487305,4411.410156,4573.077148,4410.512695,4577.563965,4518.974121,4421.282227,4539.102539,4535.384766,1757,1,25,1280,10660,,,,0,4,4,4,4,4,4,4,4,4,4,4,4,4,4,4,4,4,4,4,4,4,4,4,4,4,4,4,4,4,4,4,4,100,,,,,,,,,,,,,,,,,,,,,,,,,,,,,,,,,,,,,,,,,,,,,,,,,,,,,,,,,,,,,,,,,,,,,,,,,,,,,,,,,,,,,,,,,,,,,,,,,,,,,,,,,,,,,,,,,,,,,,,,,,,,,,,,,,,,,,,,,,,,,,,,,,,,,,,,,,,,,,,,,,,,,,,,,,,,,,,,,,,,,,,,,,,,,,,,,,,,,,,,,,,,,,
1764665199.659211,1764665199.656177,35955,0,4403.589844,4428.974121,4540.128418,4548.974121,4421.153809,4550.384766,4555.128418,4418.974121,4599.102539,4429.487305,4519.102539,4539.615234,4594.487305,4406.282227,4400.897461,4530.128418,4567.820313,4561.922852,4530.256348,4406.153809,4409.358887,4589.358887,4536.282227,4515.128418,4416.666504,4577.179688,4414.358887,4585,4525.256348,4424.487305,4541.153809,4538.717773,2965,1,25,1280,10660,,,,0,4,4,4,4,4,4,4,4,4,4,4,4,4,4,4,4,4,4,4,4,4,4,4,4,4,4,4,4,4,4,4,4,100,,,,,,,,,,,,,,,,,,,,,,,,,,,,,,,,,,,,,,,,,,,,,,,,,,,,,,,,,,,,,,,,,,,,,,,,,,,,,,,,,,,,,,,,,,,,,,,,,,,,,,,,,,,,,,,,,,,,,,,,,,,,,,,,,,,,,,,,,,,,,,,,,,,,,,,,,,,,,,,,,,,,,,,,,,,,,,,,,,,,,,,,,,,,,,,,,,,,,,,,,,,,,,
1764665199.663120,1764665199.660083,35956,0,4408.717773,4430.384766,4544.487305,4554.102539,4426.025879,4553.333496,4558.205078,4423.333496,4600.769043,4429.871582,4520.769043,4545,4596.538574,4405.769043,4401.410156,4530.384766,4570.769043,4565.256348,4533.077148,4409.487305,4414.230957,4590.897461,4538.589844,4521.282227,4419.871582,4583.205078,4415.641113,4588.846191,4529.487305,4427.05127,4542.563965,4541.538574,2524,1,25,1536,10668,,,,0,4,4,4,4,4,4,4,4,4,4,4,4,4,4,4,4,4,4,4,4,4,4,4,4,4,4,4,4,4,4,4,4,100,,,,,,,,,,,,,,,,,,,,,,,,,,,,,,,,,,,,,,,,,,,,,,,,,,,,,,,,,,,,,,,,,,,,,,,,,,,,,,,,,,,,,,,,,,,,,,,,,,,,,,,,,,,,,,,,,,,,,,,,,,,,,,,,,,,,,,,,,,,,,,,,,,,,,,,,,,,,,,,,,,,,,,,,,,,,,,,,,,,,,,,,,,,,,,,,,,,,,,,,,,,,,,
1764665199.667028,1764665199.663988,35957,0,4411.538574,4431.025879,4546.153809,4554.615234,4429.230957,4551.794922,4559.743652,4423.461426,4598.077148,4432.05127,4518.461426,4545.769043,4595,4403.589844,4400.769043,4525.897461,4568.461426,4565,4530.512695,4408.717773,4414.230957,4589.487305,4538.205078,4524.487305,4415.256348,4587.307617,4415.128418,4588.077148,4529.358887,4427.820313,4542.692383,4540.897461,2828,1,25,1536,10668,,,,0,4,4,4,4,4,4,4,4,4,4,4,4,4,4,4,4,4,4,4,4,4,4,4,4,4,4,4,4,4,4,4,4,100,,,,,,,,,,,,,,,,,,,,,,,,,,,,,,,,,,,25373,0,0.255735,-0.610291,-0.722778,0.199341,0.980588,0.175314,0.027347,22.333334,29,44.166668,,,,,,,,,,,,,,,,,,,,,,,,,,,,,,,,,,,,,,,,,,,,,,,,,,,,,,,,,,,,,,,,,,,,,,,,,,,,,,,,,,,,,,,,,,,,,,,,,,,,,,,,,,,,,,,,,,,,,,,,,,,,,,,,,,,,,,,,,,,,,,,,,,,,,,,,,,,,,,,,
1764665199.670936,1764665199.667894,35958,0,4410.256348,4429.615234,4541.794922,4548.589844,4427.820313,4546.282227,4558.846191,4417.820313,4592.563965,4434.615234,4512.563965,4541.025879,4590.128418,4400,4398.589844,4518.974121,4562.307617,4560.641113,4522.820313,4402.94873,4408.205078,4585.769043,4534.871582,4522.307617,4403.974121,4586.025879,4413.077148,4583.333496,4525.641113,4425.769043,4541.025879,4535.512695,2934,1,25,1792,10676,,,,0,4,4,4,4,4,4,4,4,4,4,4,4,4,4,4,4,4,4,4,4,4,4,4,4,4,4,4,4,4,4,4,4,100,,,,,,,,,,,,,,,,,,,,,,,,,,,,,,,,,,,,,,,,,,,,,,,,,,,,,,,,,,,,,,,,,,,,,,,,,,,,,,,,,,,,,,,,,,,,,,,,,,,,,,,,,,,,,,,,,,,,,,,,,,,,,,,,,,,,,,,,,,,,,,,,,,,,,,,,,,,,,,,,,,,,,,,,,,,,,,,,,,,,,,,,,,,,,,,,,,,,,,,,,,,,,,
1764665199.674844,1764665199.671800,35959,0,4405.256348,4426.153809,4532.436035,4539.230957,4422.436035,4538.846191,4555.641113,4408.333496,4587.820313,4433.205078,4505.512695,4532.692383,4582.692383,4396.410156,4395.256348,4512.05127,4555,4552.820313,4513.461426,4394.230957,4398.461426,4581.282227,4530.256348,4515.641113,4393.461426,4579.487305,4409.230957,4577.179688,4520.512695,4421.153809,4538.077148,4526.922852,2846,1,25,1792,10676,,,,0,4,4,4,4,4,4,4,4,4,4,4,4,4,4,4,4,4,4,4,4,4,4,4,4,4,4,4,4,4,4,4,4,100,,,,,,,,,,,,,,,,,,,,,,,,,,,,,,,,,,,,,,,,,,,,,,,,,,,,,,,,,,,,,,,,,,,,,,,,,,,,,,,,,,,,,,,,,,,,,,,,,,,,,,,,,,,,,,,,,,,,,,,,,,,,,,,,,,,,,,,,,,,,,,,,,,,,,,,,,,,,,,,,,,,,,,,,,,,,,,,,,,,,,,,,,,,,,,,,,,,,,,,,,,,,,,
1764665199.678753,1764665199.675706,35960,0,4400.384766,4422.820313,4523.333496,4533.077148,4417.179688,4533.205078,4552.820313,4399.743652,4586.794922,4425.256348,4501.282227,4525,4575,4395,4392.05127,4507.563965,4550.512695,4544.871582,4507.307617,4387.179688,4389.871582,4577.307617,4526.538574,4508.461426,4391.410156,4572.307617,4405,4572.692383,4517.692383,4416.410156,4536.025879,4519.358887,2779,1,25,2048,10683,,,,0,4,4,4,4,4,4,4,4,4,4,4,4,4,4,4,4,4,4,4,4,4,4,4,4,4,4,4,4,4,4,4,4,100,,,,,,,,,,,,,,,,,,,,,,,,,,,,,,,,,,,,,,,,,,,,,,,,,,,,,,,,,,,,,,,,,,,,,,,,,,,,,,,,,,,,,,,,,,,,,,,,,,,,,,,,,,,,,,,,,,,,,,,,,,,,,,,,,,,,,,,,,,,,,,,,,,,,,,,,,,,,,,,,,,,,,,,,,,,,,,,,,,,,,,,,,,,,,,,,,,,,,,,,,,,,,,
1764665199.682661,1764665199.679612,35961,0,4399.615234,4422.563965,4519.615234,4533.717773,4415.769043,4532.692383,4552.563965,4396.025879,4590.128418,4413.461426,4502.05127,4521.794922,4570.256348,4396.922852,4390.641113,4506.282227,4550.641113,4540.384766,4507.179688,4385.512695,4386.282227,4575.512695,4525.641113,4504.743652,4399.102539,4569.102539,4402.436035,4571.794922,4518.717773,4414.358887,4536.794922,4517.05127,2828,1,25,2048,10683,,,,0,4,4,4,4,4,4,4,4,4,4,4,4,4,4,4,4,4,4,4,4,4,4,4,4,4,4,4,4,4,4,4,4,100,,,,,,,,,,,,,,,,,,,,,,,,,,,,,,,,,,,25374,0,0.255684,-0.610352,-0.722778,0.199219,0.969845,0.19143,0.0293,23,28.333334,45.166668,,,,,,,,,,,,,,,,,,,,,,,,,,,,,,,,,,,,,,,,,,,,,,,,,,,,,,,,,,,,,,,,,,,,,,,,,,,,,,,,,,,,,,,,,,,,,,,,,,,,,,,,,,,,,,,,,,,,,,,,,,,,,,,,,,,,,,,,,,,,,,,,,,,,,,,,,,,,,,,,
1764665199.686569,1764665199.683517,35962,0,4403.205078,4425.512695,4521.794922,4538.846191,4418.077148,4536.922852,4555.128418,4397.563965,4594.487305,4403.333496,4506.282227,4524.230957,4569.102539,4400.384766,4390.512695,4507.05127,4553.846191,4540.384766,4511.153809,4388.589844,4388.205078,4575.897461,4526.922852,4505.512695,4410.256348,4571.282227,4402.307617,4573.846191,4522.436035,4415.512695,4539.743652,4520.128418,1965,1,25,2304,10691,,,,0,4,4,4,4,4,4,4,4,4,4,4,4,4,4,4,4,4,4,4,4,4,4,4,4,4,4,4,4,4,4,4,4,100,0.957031,100,4,4,4,4,4,4,4,4,4,4,4,4,4,4,4,4,4,4,4,4,4,4,4,4,4,4,4,4,4,4,4,4,,,,,,,,,,,,,2.475222,1.19814,0.54277,0.555569,0.498032,3.366167,1.525975,0.901762,0.599413,0.525219,3.732817,2.427051,1.136435,0.741007,0.826897,1.780591,1.731806,1.107465,0.711785,0.674989,1.639292,1.156797,0.699668,0.525306,0.58476,2.391167,0.980566,0.838317,0.698849,0.446427,1.769907,1.151318,0.808852,0.659862,0.824945,1.402422,1.406693,1.026357,0.559215,0.812901,2.346483,1.118525,1.353444,0.803023,0.667143,1.906197,1.856777,1.050728,1.544883,0.998847,1.345512,1.021245,0.430148,0.521503,0.420593,2.158613,1.557255,0.815154,0.793953,0.560231,1.02229,1.404841,0.386729,0.695664,0.455901,0.512065,0.716627,0.559864,0.494488,0.362404,0.275432,0.436636,0.347852,0.424211,0.555731,0.713392,1.356112,0.711204,0.44041,0.534043,2.288902,2.030091,0.700989,0.696235,0.593103,1.136089,1.990469,1.01362,0.514461,0.707346,0.630481,0.589806,0.593688,0.44811,0.478568,1.369676,0.939999,0.488609,0.461053,0.570296,1.482369,1.376618,0.75744,0.46918,0.533625,1.954738,1.6737,0.565421,0.554315,0.622747,1.782929,1.613638,0.53292,0.532059,0.528601,1.497303,1.493799,0.380212,0.516017,0.610492,3.703963,2.53197,2.405366,1.931205,1.619782,1.056594,1.172464,0.373007,0.517815,0.507969,2.317845,1.709156,0.785455,0.64475,0.578759,2.733567,1.68764,0.289891,0.545934,0.61853,1.747193,0.857831,0.232542,0.237001,0.272482,2.046174,2.067484,0.689445,0.492938,0.54246,2.379819,1.590707,0.763717,0.652835,0.648125,3.706985,1.920895,0.966387,0.742608,0.602236
1764665199.690477,1764665199.687423,35963,0,4407.436035,4428.077148,4525.256348,4542.05127,4420.128418,4541.410156,4557.436035,4400.897461,4595.256348,4397.820313,4509.230957,4529.102539,4570,4401.153809,4389.487305,4507.436035,4555.897461,4542.307617,4514.871582,4392.436035,4392.307617,4577.307617,4528.333496,4507.94873,4416.666504,4575.256348,4402.179688,4575.769043,4525.128418,4417.179688,4541.153809,4524.358887,2648,1,25,2304,10691,,,,0,4,4,4,4,4,4,4,4,4,4,4,4,4,4,4,4,4,4,4,4,4,4,4,4,4,4,4,4,4,4,4,4,100,,,,,,,,,,,,,,,,,,,,,,,,,,,,,,,,,,,,,,,,,,,,,,,,,,,,,,,,,,,,,,,,,,,,,,,,,,,,,,,,,,,,,,,,,,,,,,,,,,,,,,,,,,,,,,,,,,,,,,,,,,,,,,,,,,,,,,,,,,,,,,,,,,,,,,,,,,,,,,,,,,,,,,,,,,,,,,,,,,,,,,,,,,,,,,,,,,,,,,,,,,,,,,
1764665199.694386,1764665199.691329,35964,0,4407.436035,4425.897461,4524.615234,4539.102539,4418.205078,4541.538574,4556.410156,4401.538574,4590.128418,4396.410156,4507.179688,4531.410156,4570.384766,4396.666504,4385.641113,4505,4553.333496,4542.692383,4514.230957,4392.94873,4394.615234,4577.307617,4527.179688,4508.077148,4415.384766,4576.153809,4399.615234,4574.102539,4523.974121,4416.410156,4537.820313,4524.358887,2701,1,25,2560,10699,,,,0,4,4,4,4,4,4,4,4,4,4,4,4,4,4,4,4,4,4,4,4,4,4,4,4,4,4,4,4,4,4,4,4,100,,,,,,,,,,,,,,,,,,,,,,,,,,,,,,,,,,,,,,,,,,,,,,,,,,,,,,,,,,,,,,,,,,,,,,,,,,,,,,,,,,,,,,,,,,,,,,,,,,,,,,,,,,,,,,,,,,,,,,,,,,,,,,,,,,,,,,,,,,,,,,,,,,,,,,,,,,,,,,,,,,,,,,,,,,,,,,,,,,,,,,,,,,,,,,,,,,,,,,,,,,,,,,
1764665199.698294,1764665199.695235,35965,0,4401.794922,4418.461426,4518.205078,4530.384766,4412.179688,4535.897461,4550.897461,4397.692383,4580.897461,4396.794922,4500.641113,4528.717773,4568.717773,4388.077148,4379.230957,4500,4546.666504,4540.256348,4509.487305,4388.846191,4393.333496,4574.743652,4522.307617,4504.487305,4409.230957,4572.179688,4394.102539,4568.077148,4518.846191,4412.179688,4530.128418,4517.563965,2522,1,25,2560,10699,,,,0,4,4,4,4,4,4,4,4,4,4,4,4,4,4,4,4,4,4,4,4,4,4,4,4,4,4,4,4,4,4,4,4,100,,,,,,,,,,,,,,,,,,,,,,,,,,,,,,,,,,,25375,0,0.255383,-0.610413,-0.7229,0.198975,0.97717,0.174338,0.027347,23,28.833334,43,,,,,,,,,,,,,,,,,,,,,,,,,,,,,,,,,,,,,,,,,,,,,,,,,,,,,,,,,,,,,,,,,,,,,,,,,,,,,,,,,,,,,,,,,,,,,,,,,,,,,,,,,,,,,,,,,,,,,,,,,,,,,,,,,,,,,,,,,,,,,,,,,,,,,,,,,,,,,,,,
1764665199.702202,1764665199.699140,35966,0,4393.333496,4409.358887,4508.589844,4520.769043,4405.128418,4527.179688,4543.077148,4391.025879,4571.794922,4397.692383,4492.94873,4522.436035,4566.025879,4379.871582,4372.94873,4495,4539.615234,4536.538574,4503.974121,4382.307617,4389.743652,4570,4515.128418,4498.974121,4403.589844,4565.641113,4387.692383,4560.256348,4512.563965,4406.666504,4522.05127,4506.922852,2668,1,25,2560,10707,,,,0,4,4,4,4,4,4,4,4,4,4,4,4,4,4,4,4,4,4,4,4,4,4,4,4,4,4,4,4,4,4,4,4,100,,,,,,,,,,,,,,,,,,,,,,,,,,,,,,,,,,,,,,,,,,,,,,,,,,,,,,,,,,,,,,,,,,,,,,,,,,,,,,,,,,,,,,,,,,,,,,,,,,,,,,,,,,,,,,,,,,,,,,,,,,,,,,,,,,,,,,,,,,,,,,,,,,,,,,,,,,,,,,,,,,,,,,,,,,,,,,,,,,,,,,,,,,,,,,,,,,,,,,,,,,,,,,
1764665199.706111,1764665199.703046,35967,0,4386.666504,4403.846191,4501.153809,4515.256348,4400.512695,4520.384766,4536.922852,4385.641113,4566.410156,4398.717773,4488.205078,4517.05127,4564.358887,4376.794922,4370.512695,4493.589844,4536.025879,4534.615234,4502.307617,4377.820313,4387.179688,4565.769043,4509.102539,4495.641113,4401.666504,4561.282227,4384.102539,4555,4508.717773,4403.589844,4518.589844,4498.846191,2840,1,25,2560,10707,,,,0,4,4,4,4,4,4,4,4,4,4,4,4,4,4,4,4,4,4,4,4,4,4,4,4,4,4,4,4,4,4,4,4,100,,,,,,,,,,,,,,,,,,,,,,,,,,,,,,,,,,,,,,,,,,,,,,,,,,,,,,,,,,,,,,,,,,,,,,,,,,,,,,,,,,,,,,,,,,,,,,,,,,,,,,,,,,,,,,,,,,,,,,,,,,,,,,,,,,,,,,,,,,,,,,,,,,,,,,,,,,,,,,,,,,,,,,,,,,,,,,,,,,,,,,,,,,,,,,,,,,,,,,,,,,,,,,
1764665199.710019,1764665199.706952,35968,0,4385.512695,4405.256348,4500.641113,4515.641113,4401.282227,4520,4535.641113,4385,4565.641113,4399.358887,4488.589844,4516.282227,4566.282227,4381.410156,4374.615234,4498.077148,4537.94873,4537.307617,4506.794922,4378.974121,4388.205078,4565.384766,4508.461426,4497.307617,4404.102539,4563.077148,4386.922852,4555.256348,4509.743652,4406.666504,4523.589844,4499.487305,2762,1,25,1792,10715,,,,0,4,4,4,4,4,4,4,4,4,4,4,4,4,4,4,4,4,4,4,4,4,4,4,4,4,4,4,4,4,4,4,4,100,,,,,,,,,,,,,,,,,,,,,,,,,,,,,,,,,,,,,,,,,,,,,,,,,,,,,,,,,,,,,,,,,,,,,,,,,,,,,,,,,,,,,,,,,,,,,,,,,,,,,,,,,,,,,,,,,,,,,,,,,,,,,,,,,,,,,,,,,,,,,,,,,,,,,,,,,,,,,,,,,,,,,,,,,,,,,,,,,,,,,,,,,,,,,,,,,,,,,,,,,,,,,,
1764665199.713927,1764665199.710858,35969,0,4390.897461,4413.589844,4508.461426,4520.769043,4408.461426,4527.692383,4540.384766,4390,4568.974121,4400,4494.230957,4521.538574,4571.922852,4391.410156,4384.743652,4507.692383,4545.128418,4545.641113,4516.410156,4387.179688,4394.102539,4570.769043,4515.128418,4504.487305,4409.615234,4571.794922,4397.05127,4562.05127,4515.641113,4416.794922,4536.153809,4510.384766,2919,1,25,1792,10715,,,,0,4,4,4,4,4,4,4,4,4,4,4,4,4,4,4,4,4,4,4,4,4,4,4,4,4,4,4,4,4,4,4,4,100,,,,,,,,,,,,,,,,,,,,,,,,,,,,,,,,,,,25376,0,0.255482,-0.610352,-0.7229,0.199036,0.974728,0.179221,0.023929,22.666666,28,42.666668,,,,,,,,,,,,,,,,,,,,,,,,,,,,,,,,,,,,,,,,,,,,,,,,,,,,,,,,,,,,,,,,,,,,,,,,,,,,,,,,,,,,,,,,,,,,,,,,,,,,,,,,,,,,,,,,,,,,,,,,,,,,,,,,,,,,,,,,,,,,,,,,,,,,,,,,,,,,,,,,
1764665199.717835,1764665199.714763,35970,0,4401.538574,4425.641113,4521.666504,4528.333496,4420.641113,4540.641113,4550.256348,4399.102539,4575.512695,4403.077148,4502.820313,4531.666504,4579.871582,4401.922852,4397.436035,4519.487305,4556.282227,4557.179688,4527.692383,4400.384766,4403.846191,4580.769043,4527.436035,4515,4417.307617,4584.230957,4411.794922,4574.102539,4524.487305,4431.153809,4551.410156,4527.05127,2602,1,25,1280,10722,,,,0,4,4,4,4,4,4,4,4,4,4,4,4,4,4,4,4,4,4,4,4,4,4,4,4,4,4,4,4,4,4,4,4,100,,,,,,,,,,,,,,,,,,,,,,,,,,,,,,,,,,,,,,,,,,,,,,,,,,,,,,,,,,,,,,,,,,,,,,,,,,,,,,,,,,,,,,,,,,,,,,,,,,,,,,,,,,,,,,,,,,,,,,,,,,,,,,,,,,,,,,,,,,,,,,,,,,,,,,,,,,,,,,,,,,,,,,,,,,,,,,,,,,,,,,,,,,,,,,,,,,,,,,,,,,,,,,
1764665199.721743,1764665199.718669,35971,0,4413.205078,4436.410156,4534.358887,4536.282227,4434.102539,4553.461426,4561.922852,4409.615234,4583.846191,4410.641113,4511.025879,4542.563965,4587.436035,4407.692383,4407.307617,4528.846191,4568.077148,4567.94873,4536.153809,4413.333496,4414.487305,4591.025879,4540.128418,4525.256348,4425.512695,4595.128418,4425.384766,4586.922852,4532.692383,4443.974121,4562.179688,4541.538574,2860,1,25,1280,10722,,,,0,4,4,4,4,4,4,4,4,4,4,4,4,4,4,4,4,4,4,4,4,4,4,4,4,4,4,4,4,4,4,4,4,100,,,,,,,,,,,,,,,,,,,,,,,,,,,,,,,,,,,,,,,,,,,,,,,,,,,,,,,,,,,,,,,,,,,,,,,,,,,,,,,,,,,,,,,,,,,,,,,,,,,,,,,,,,,,,,,,,,,,,,,,,,,,,,,,,,,,,,,,,,,,,,,,,,,,,,,,,,,,,,,,,,,,,,,,,,,,,,,,,,,,,,,,,,,,,,,,,,,,,,,,,,,,,,
1764665199.725652,1764665199.722575,35972,0,4420.769043,4440.897461,4540.641113,4542.563965,4443.333496,4560.384766,4570.128418,4417.436035,4590.641113,4420.897461,4514.615234,4548.974121,4591.538574,4406.282227,4409.871582,4532.05127,4575.384766,4572.563965,4538.333496,4420.128418,4421.410156,4595.897461,4547.179688,4531.153809,4430.384766,4600.128418,4431.538574,4594.871582,4536.794922,4448.846191,4563.846191,4546.282227,2755,1,25,1024,10730,,,,0,4,4,4,4,4,4,4,4,4,4,4,4,4,4,4,4,4,4,4,4,4,4,4,4,4,4,4,4,4,4,4,4,100,,,,,,,,,,,,,,,,,,,,,,,,,,,,,,,,,,,,,,,,,,,,,,,,,,,,,,,,,,,,,,,,,,,,,,,,,,,,,,,,,,,,,,,,,,,,,,,,,,,,,,,,,,,,,,,,,,,,,,,,,,,,,,,,,,,,,,,,,,,,,,,,,,,,,,,,,,,,,,,,,,,,,,,,,,,,,,,,,,,,,,,,,,,,,,,,,,,,,,,,,,,,,,
1764665199.729560,1764665199.726481,35973,0,4419.871582,4437.307617,4538.333496,4544.615234,4443.589844,4558.717773,4570.256348,4418.589844,4592.05127,4426.666504,4510.512695,4547.05127,4590,4398.974121,4403.974121,4527.179688,4573.589844,4568.205078,4533.205078,4416.282227,4420,4591.153809,4544.871582,4529.487305,4426.666504,4597.820313,4427.05127,4593.717773,4534.615234,4443.461426,4556.153809,4539.871582,2792,1,25,1024,10730,,,,0,4,4,4,4,4,4,4,4,4,4,4,4,4,4,4,4,4,4,4,4,4,4,4,4,4,4,4,4,4,4,4,4,100,,,,,,,,,,,,,,,,,,,,,,,,,,,,,,,,,,,25377,0,0.255329,-0.610291,-0.723022,0.198975,0.974728,0.179221,0.023929,22.833334,29.833334,43.666668,,,,,,,,,,,,,,,,,,,,,,,,,,,,,,,,,,,,,,,,,,,,,,,,,,,,,,,,,,,,,,,,,,,,,,,,,,,,,,,,,,,,,,,,,,,,,,,,,,,,,,,,,,,,,,,,,,,,,,,,,,,,,,,,,,,,,,,,,,,,,,,,,,,,,,,,,,,,,,,,
1764665199.733468,1764665199.730387,35974,0,4410.641113,4428.205078,4530.128418,4541.538574,4435.512695,4550.384766,4561.282227,4412.179688,4586.666504,4421.666504,4499.871582,4538.077148,4583.205078,4390.128418,4393.205078,4516.282227,4562.179688,4556.153809,4522.94873,4402.820313,4409.615234,4578.333496,4535.128418,4520.384766,4413.589844,4590,4414.615234,4583.974121,4527.179688,4431.410156,4543.846191,4527.307617,2792,1,25,1280,10738,,,,0,4,4,4,4,4,4,4,4,4,4,4,4,4,4,4,4,4,4,4,4,4,4,4,4,4,4,4,4,4,4,4,4,100,,,,,,,,,,,,,,,,,,,,,,,,,,,,,,,,,,,,,,,,,,,,,,,,,,,,,,,,,,,,,,,,,,,,,,,,,,,,,,,,,,,,,,,,,,,,,,,,,,,,,,,,,,,,,,,,,,,,,,,,,,,,,,,,,,,,,,,,,,,,,,,,,,,,,,,,,,,,,,,,,,,,,,,,,,,,,,,,,,,,,,,,,,,,,,,,,,,,,,,,,,,,,,
1764665199.737377,1764665199.734292,35975,0,4398.077148,4419.358887,4521.922852,4536.282227,4425.128418,4540.512695,4548.205078,4402.307617,4578.461426,4406.282227,4488.077148,4527.436035,4574.102539,4385,4383.974121,4505,4547.436035,4542.563965,4513.205078,4386.538574,4395.512695,4564.230957,4524.743652,4508.589844,4398.205078,4581.538574,4401.922852,4571.922852,4518.717773,4420.512695,4533.974121,4516.794922,2980,1,25,1280,10738,,,,0,4,4,4,4,4,4,4,4,4,4,4,4,4,4,4,4,4,4,4,4,4,4,4,4,4,4,4,4,4,4,4,4,100,,,,,,,,,,,,,,,,,,,,,,,,,,,,,,,,,,,,,,,,,,,,,,,,,,,,,,,,,,,,,,,,,,,,,,,,,,,,,,,,,,,,,,,,,,,,,,,,,,,,,,,,,,,,,,,,,,,,,,,,,,,,,,,,,,,,,,,,,,,,,,,,,,,,,,,,,,,,,,,,,,,,,,,,,,,,,,,,,,,,,,,,,,,,,,,,,,,,,,,,,,,,,,
1764665199.741285,1764665199.738198,35976,0,4389.871582,4416.153809,4519.487305,4533.333496,4420.384766,4534.615234,4538.846191,4395.256348,4573.461426,4388.461426,4482.307617,4521.153809,4566.794922,4386.666504,4381.153809,4499.230957,4538.333496,4534.487305,4508.717773,4376.666504,4385.512695,4557.307617,4520.641113,4501.153809,4391.922852,4577.820313,4396.282227,4565,4514.487305,4417.692383,4531.666504,4514.871582,2864,1,25,256,10746,,,,0,4,4,4,4,4,4,4,4,4,4,4,4,4,4,4,4,4,4,4,4,4,4,4,4,4,4,4,4,4,4,4,4,100,,,,,,,,,,,,,,,,,,,,,,,,,,,,,,,,,,,,,,,,,,,,,,,,,,,,,,,,,,,,,,,,,,,,,,,,,,,,,,,,,,,,,,,,,,,,,,,,,,,,,,,,,,,,,,,,,,,,,,,,,,,,,,,,,,,,,,,,,,,,,,,,,,,,,,,,,,,,,,,,,,,,,,,,,,,,,,,,,,,,,,,,,,,,,,,,,,,,,,,,,,,,,,
1764665199.745193,1764665199.742104,35977,0,4390.897461,4420,4525.512695,4536.666504,4424.358887,4534.743652,4538.589844,4395.641113,4575.641113,4377.94873,4486.025879,4522.05127,4564.230957,4394.102539,4385.128418,4501.410156,4540.384766,4536.025879,4511.538574,4378.077148,4385,4561.538574,4525.769043,4503.077148,4401.410156,4582.05127,4400.384766,4567.179688,4517.05127,4424.358887,4538.205078,4522.692383,2716,1,25,256,10746,,,,0,4,4,4,4,4,4,4,4,4,4,4,4,4,4,4,4,4,4,4,4,4,4,4,4,4,4,4,4,4,4,4,4,100,,,,,,,,,,,,,,,,,,,,,,,,,,,,,,,,,,,25378,0,0.255502,-0.610291,-0.722961,0.198975,0.993774,0.176779,0.027835,22.666666,30,44.666668,,,,,,,,,,,,,,,,,,,,,,,,,,,,,,,,,,,,,,,,,,,,,,,,,,,,,,,,,,,,,,,,,,,,,,,,,,,,,,,,,,,,,,,,,,,,,,,,,,,,,,,,,,,,,,,,,,,,,,,,,,,,,,,,,,,,,,,,,,,,,,,,,,,,,,,,,,,,,,,,
1764665199.749102,1764665199.746010,35978,0,4400.384766,4428.077148,4537.307617,4546.410156,4434.102539,4539.487305,4546.922852,4402.94873,4583.974121,4380.897461,4496.538574,4529.230957,4567.436035,4403.461426,4392.563965,4509.102539,4551.410156,4545.384766,4519.102539,4388.589844,4393.077148,4574.230957,4537.436035,4513.205078,4422.692383,4593.077148,4411.025879,4576.538574,4525.128418,4435.641113,4550.384766,4535.769043,2288,1,25,512,10754,,,,0,4,4,4,4,4,4,4,4,4,4,4,4,4,4,4,4,4,4,4,4,4,4,4,4,4,4,4,4,4,4,4,4,100,,,,,,,,,,,,,,,,,,,,,,,,,,,,,,,,,,,,,,,,,,,,,,,,,,,,,,,,,,,,,,,,,,,,,,,,,,,,,,,,,,,,,,,,,,,,,,,,,,,,,,,,,,,,,,,,,,,,,,,,,,,,,,,,,,,,,,,,,,,,,,,,,,,,,,,,,,,,,,,,,,,,,,,,,,,,,,,,,,,,,,,,,,,,,,,,,,,,,,,,,,,,,,
1764665199.753010,1764665199.749915,35979,0,4411.538574,4435.512695,4548.077148,4556.794922,4442.05127,4545.384766,4557.307617,4411.666504,4593.077148,4395.256348,4506.794922,4538.333496,4574.102539,4410.128418,4398.717773,4516.153809,4563.461426,4556.282227,4526.538574,4400.384766,4402.94873,4587.436035,4548.589844,4524.615234,4443.205078,4604.871582,4421.153809,4587.179688,4533.974121,4443.589844,4561.922852,4546.025879,2691,1,25,512,10754,,,,0,4,4,4,4,4,4,4,4,4,4,4,4,4,4,4,4,4,4,4,4,4,4,4,4,4,4,4,4,4,4,4,4,100,,,,,,,,,,,,,,,,,,,,,,,,,,,,,,,,,,,,,,,,,,,,,,,,,,,,,,,,,,,,,,,,,,,,,,,,,,,,,,,,,,,,,,,,,,,,,,,,,,,,,,,,,,,,,,,,,,,,,,,,,,,,,,,,,,,,,,,,,,,,,,,,,,,,,,,,,,,,,,,,,,,,,,,,,,,,,,,,,,,,,,,,,,,,,,,,,,,,,,,,,,,,,,
1764665199.756918,1764665199.753821,35980,0,4416.282227,4437.307617,4550.641113,4560,4441.666504,4548.333496,4562.307617,4414.871582,4596.794922,4411.922852,4509.102539,4543.077148,4579.358887,4411.153809,4399.743652,4516.794922,4568.077148,4560.769043,4528.589844,4404.615234,4406.666504,4592.307617,4551.666504,4529.615234,4449.230957,4610,4423.846191,4591.666504,4537.307617,4442.179688,4565.128418,4546.794922,2494,1,25,768,10761,,,,0,4,4,4,4,4,4,4,4,4,4,4,4,4,4,4,4,4,4,4,4,4,4,4,4,4,4,4,4,4,4,4,4,100,,,,,,,,,,,,,,,,,,,,,,,,,,,,,,,,,,,,,,,,,,,,,,,,,,,,,,,,,,,,,,,,,,,,,,,,,,,,,,,,,,,,,,,,,,,,,,,,,,,,,,,,,,,,,,,,,,,,,,,,,,,,,,,,,,,,,,,,,,,,,,,,,,,,,,,,,,,,,,,,,,,,,,,,,,,,,,,,,,,,,,,,,,,,,,,,,,,,,,,,,,,,,,
1764665199.760826,1764665199.757727,35981,0,4409.871582,4431.153809,4541.666504,4551.666504,4431.410156,4545.897461,4557.436035,4407.820313,4591.410156,4419.871582,4500.769043,4539.230957,4578.333496,4406.538574,4394.487305,4508.846191,4561.666504,4555.128418,4522.94873,4397.307617,4400.128418,4585.512695,4544.230957,4524.358887,4435.769043,4604.615234,4416.282227,4586.794922,4532.307617,4431.025879,4556.794922,4536.538574,2241,1,25,768,10761,,,,0,4,4,4,4,4,4,4,4,4,4,4,4,4,4,4,4,4,4,4,4,4,4,4,4,4,4,4,4,4,4,4,4,100,,,,,,,,,,,,,,,,,,,,,,,,,,,,,,,,,,,25379,0,0.2556,-0.610229,-0.722961,0.199036,0.98303,0.180686,0.045416,22.666666,30,44.666668,,,,,,,,,,,,,,,,,,,,,,,,,,,,,,,,,,,,,,,,,,,,,,,,,,,,,,,,,,,,,,,,,,,,,,,,,,,,,,,,,,,,,,,,,,,,,,,,,,,,,,,,,,,,,,,,,,,,,,,,,,,,,,,,,,,,,,,,,,,,,,,,,,,,,,,,,,,,,,,,
1764665199.764734,1764665199.761633,35982,0,4395.384766,4418.974121,4525,4535.897461,4416.794922,4538.461426,4545,4393.333496,4579.487305,4413.589844,4487.179688,4527.692383,4570.769043,4399.102539,4386.410156,4496.153809,4547.820313,4542.307617,4512.307617,4383.077148,4387.179688,4571.794922,4531.282227,4512.563965,4410.512695,4592.307617,4402.436035,4575.128418,4521.538574,4416.153809,4540.897461,4520.769043,2707,1,25,1024,10769,,,,0,4,4,4,4,4,4,4,4,4,4,4,4,4,4,4,4,4,4,4,4,4,4,4,4,4,4,4,4,4,4,4,4,100,,,,,,,,,,,,,,,,,,,,,,,,,,,,,,,,,,,,,,,,,,,,,,,,,,,,,,,,,,,,,,,,,,,,,,,,,,,,,,,,,,,,,,,,,,,,,,,,,,,,,,,,,,,,,,,,,,,,,,,,,,,,,,,,,,,,,,,,,,,,,,,,,,,,,,,,,,,,,,,,,,,,,,,,,,,,,,,,,,,,,,,,,,,,,,,,,,,,,,,,,,,,,,
1764665199.768643,1764665199.765539,35983,0,4381.282227,4406.538574,4509.102539,4522.307617,4405.769043,4529.358887,4532.179688,4379.615234,4567.179688,4397.692383,4477.692383,4514.743652,4561.025879,4393.717773,4380.512695,4486.410156,4535,4530.256348,4503.205078,4370.897461,4376.282227,4560.641113,4521.282227,4502.05127,4388.461426,4580.897461,4390.641113,4564.102539,4511.282227,4405.512695,4526.410156,4507.820313,2498,1,25,1024,10769,,,,0,4,4,4,4,4,4,4,4,4,4,4,4,4,4,4,4,4,4,4,4,4,4,4,4,4,4,4,4,4,4,4,4,100,,,,,,,,,,,,,,,,,,,,,,,,,,,,,,,,,,,,,,,,,,,,,,,,,,,,,,,,,,,,,,,,,,,,,,,,,,,,,,,,,,,,,,,,,,,,,,,,,,,,,,,,,,,,,,,,,,,,,,,,,,,,,,,,,,,,,,,,,,,,,,,,,,,,,,,,,,,,,,,,,,,,,,,,,,,,,,,,,,,,,,,,,,,,,,,,,,,,,,,,,,,,,,
1764665199.772551,1764665199.769444,35984,0,4375,4399.102539,4501.410156,4518.846191,4402.563965,4522.563965,4526.153809,4374.230957,4561.025879,4383.077148,4478.205078,4507.05127,4555.256348,4393.077148,4379.358887,4485.128418,4530.384766,4525.641113,4501.153809,4368.205078,4374.358887,4558.717773,4518.717773,4498.717773,4380.769043,4576.666504,4387.307617,4559.487305,4506.794922,4403.077148,4519.871582,4502.692383,2862,1,25,1280,10777,,,,0,4,4,4,4,4,4,4,4,4,4,4,4,4,4,4,4,4,4,4,4,4,4,4,4,4,4,4,4,4,4,4,4,100,,,,,,,,,,,,,,,,,,,,,,,,,,,,,,,,,,,,,,,,,,,,,,,,,,,,,,,,,,,,,,,,,,,,,,,,,,,,,,,,,,,,,,,,,,,,,,,,,,,,,,,,,,,,,,,,,,,,,,,,,,,,,,,,,,,,,,,,,,,,,,,,,,,,,,,,,,,,,,,,,,,,,,,,,,,,,,,,,,,,,,,,,,,,,,,,,,,,,,,,,,,,,,
1764665199.776459,1764665199.773350,35985,0,4377.307617,4397.94873,4502.692383,4525.256348,4404.615234,4519.615234,4528.846191,4378.205078,4562.436035,4378.461426,4486.666504,4507.05127,4556.538574,4396.025879,4381.538574,4491.666504,4534.102539,4529.102539,4506.025879,4374.487305,4381.410156,4565,4522.179688,4502.307617,4388.077148,4579.615234,4392.307617,4562.05127,4508.589844,4406.410156,4521.794922,4504.230957,2904,1,25,1280,10777,,,,0,4,4,4,4,4,4,4,4,4,4,4,4,4,4,4,4,4,4,4,4,4,4,4,4,4,4,4,4,4,4,4,4,100,,,,,,,,,,,,,,,,,,,,,,,,,,,,,,,,,,,25380,0,0.255475,-0.610229,-0.723022,0.198975,0.983518,0.1885,0.027835,23.833334,29.166666,43.833332,,,,,,,,,,,,,,,,,,,,,,,,,,,,,,,,,,,,,,,,,,,,,,,,,,,,,,,,,,,,,,,,,,,,,,,,,,,,,,,,,,,,,,,,,,,,,,,,,,,,,,,,,,,,,,,,,,,,,,,,,,,,,,,,,,,,,,,,,,,,,,,,,,,,,,,,,,,,,,,,
1764665199.780367,1764665199.777256,35986,0,4383.461426,4400.512695,4507.94873,4534.743652,4406.666504,4519.230957,4536.666504,4386.153809,4568.846191,4384.358887,4495.897461,4512.307617,4562.94873,4399.358887,4383.205078,4500.641113,4540.897461,4535.512695,4513.077148,4383.461426,4391.666504,4573.077148,4526.282227,4508.205078,4402.820313,4585.128418,4399.871582,4567.94873,4512.94873,4410.128418,4527.820313,4507.436035,1750,1,25,1536,10785,,,,0,4,4,4,4,4,4,4,4,4,4,4,4,4,4,4,4,4,4,4,4,4,4,4,4,4,4,4,4,4,4,4,4,100,,,,,,,,,,,,,,,,,,,,,,,,,,,,,,,,,,,,,,,,,,,,,,,,,,,,,,,,,,,,,,,,,,,,,,,,,,,,,,,,,,,,,,,,,,,,,,,,,,,,,,,,,,,,,,,,,,,,,,,,,,,,,,,,,,,,,,,,,,,,,,,,,,,,,,,,,,,,,,,,,,,,,,,,,,,,,,,,,,,,,,,,,,,,,,,,,,,,,,,,,,,,,,
1764665199.784276,1764665199.781162,35987,0,4388.077148,4403.333496,4511.922852,4539.358887,4405.256348,4519.487305,4543.717773,4391.410156,4575.641113,4394.102539,4500.512695,4518.077148,4569.871582,4400.769043,4383.333496,4506.410156,4544.358887,4539.102539,4516.794922,4388.974121,4398.717773,4576.666504,4527.179688,4511.410156,4415.512695,4589.102539,4403.974121,4572.179688,4515.897461,4411.282227,4533.717773,4509.230957,2954,1,25,1536,10785,,,,0,4,4,4,4,4,4,4,4,4,4,4,4,4,4,4,4,4,4,4,4,4,4,4,4,4,4,4,4,4,4,4,4,100,,,,,,,,,,,,,,,,,,,,,,,,,,,,,,,,,,,,,,,,,,,,,,,,,,,,,,,,,,,,,,,,,,,,,,,,,,,,,,,,,,,,,,,,,,,,,,,,,,,,,,,,,,,,,,,,,,,,,,,,,,,,,,,,,,,,,,,,,,,,,,,,,,,,,,,,,,,,,,,,,,,,,,,,,,,,,,,,,,,,,,,,,,,,,,,,,,,,,,,,,,,,,,
1764665199.788184,1764665199.785067,35988,0,4388.846191,4404.358887,4511.922852,4535.512695,4401.538574,4520.256348,4545.897461,4391.025879,4578.974121,4400.512695,4500.256348,4521.153809,4573.333496,4400.641113,4383.333496,4506.794922,4542.820313,4538.205078,4514.871582,4388.974121,4400.128418,4574.230957,4524.102539,4510.256348,4420.641113,4590.128418,4402.94873,4572.05127,4515.641113,4410.256348,4537.307617,4509.487305,2512,1,25,1792,10793,,,,0,4,4,4,4,4,4,4,4,4,4,4,4,4,4,4,4,4,4,4,4,4,4,4,4,4,4,4,4,4,4,4,4,100,,,,,,,,,,,,,,,,,,,,,,,,,,,,,,,,,,,,,,,,,,,,,,,,,,,,,,,,,,,,,,,,,,,,,,,,,,,,,,,,,,,,,,,,,,,,,,,,,,,,,,,,,,,,,,,,,,,,,,,,,,,,,,,,,,,,,,,,,,,,,,,,,,,,,,,,,,,,,,,,,,,,,,,,,,,,,,,,,,,,,,,,,,,,,,,,,,,,,,,,,,,,,,
1764665199.792092,1764665199.788973,35989,0,4386.922852,4403.974121,4509.102539,4526.153809,4398.205078,4521.282227,4543.589844,4386.282227,4578.461426,4401.794922,4498.717773,4521.025879,4572.563965,4399.743652,4385.384766,4503.974121,4538.974121,4535.128418,4510.256348,4385.897461,4397.436035,4569.230957,4519.743652,4506.794922,4417.820313,4588.846191,4399.358887,4568.333496,4513.333496,4409.230957,4537.563965,4509.102539,2816,1,25,1792,10793,,,,0,4,4,4,4,4,4,4,4,4,4,4,4,4,4,4,4,4,4,4,4,4,4,4,4,4,4,4,4,4,4,4,4,100,,,,,,,,,,,,,,,,,,,,,,,,,,,,,,,,,,,25381,0,0.255475,-0.610229,-0.723022,0.198975,0.988402,0.178244,0.035649,22.333334,29.333334,43.333332,,,,,,,,,,,,,,,,,,,,,,,,,,,,,,,,,,,,,,,,,,,,,,,,,,,,,,,,,,,,,,,,,,,,,,,,,,,,,,,,,,,,,,,,,,,,,,,,,,,,,,,,,,,,,,,,,,,,,,,,,,,,,,,,,,,,,,,,,,,,,,,,,,,,,,,,,,,,,,,,
1764665199.796001,1764665199.792879,35990,0,4384.871582,4402.820313,4505.512695,4517.692383,4396.794922,4522.05127,4539.871582,4381.410156,4575.897461,4400.641113,4498.333496,4519.358887,4569.871582,4398.846191,4388.717773,4501.922852,4536.538574,4533.589844,4507.179688,4383.333496,4394.102539,4566.025879,4516.410156,4504.102539,4410.512695,4586.666504,4396.410156,4563.717773,4511.025879,4408.974121,4535,4508.846191,2921,1,25,2048,10801,,,,0,4,4,4,4,4,4,4,4,4,4,4,4,4,4,4,4,4,4,4,4,4,4,4,4,4,4,4,4,4,4,4,4,100,,,,,,,,,,,,,,,,,,,,,,,,,,,,,,,,,,,,,,,,,,,,,,,,,,,,,,,,,,,,,,,,,,,,,,,,,,,,,,,,,,,,,,,,,,,,,,,,,,,,,,,,,,,,,,,,,,,,,,,,,,,,,,,,,,,,,,,,,,,,,,,,,,,,,,,,,,,,,,,,,,,,,,,,,,,,,,,,,,,,,,,,,,,,,,,,,,,,,,,,,,,,,,
1764665199.799909,1764665199.796785,35991,0,4384.230957,4401.282227,4503.589844,4515.384766,4396.410156,4521.538574,4537.94873,4379.615234,4573.589844,4399.615234,4499.358887,4518.333496,4568.333496,4397.563965,4390.641113,4503.589844,4536.794922,4535.384766,4508.461426,4383.333496,4392.692383,4566.666504,4515.897461,4503.717773,4403.205078,4584.871582,4395.384766,4560.384766,4510.128418,4408.589844,4531.153809,4508.846191,2833,1,25,2048,10801,,,,0,4,4,4,4,4,4,4,4,4,4,4,4,4,4,4,4,4,4,4,4,4,4,4,4,4,4,4,4,4,4,4,4,100,,,,,,,,,,,,,,,,,,,,,,,,,,,,,,,,,,,,,,,,,,,,,,,,,,,,,,,,,,,,,,,,,,,,,,,,,,,,,,,,,,,,,,,,,,,,,,,,,,,,,,,,,,,,,,,,,,,,,,,,,,,,,,,,,,,,,,,,,,,,,,,,,,,,,,,,,,,,,,,,,,,,,,,,,,,,,,,,,,,,,,,,,,,,,,,,,,,,,,,,,,,,,,
1764665199.803817,1764665199.800690,35992,0,4384.615234,4399.743652,4504.358887,4518.846191,4395.641113,4518.974121,4538.461426,4381.538574,4572.563965,4397.820313,4500.256348,4517.563965,4569.487305,4395.897461,4388.717773,4507.563965,4538.589844,4539.358887,4512.563965,4385.512695,4392.563965,4569.871582,4517.179688,4504.487305,4399.102539,4583.974121,4396.025879,4558.717773,4509.743652,4407.05127,4528.846191,4508.846191,2766,1,25,2304,10808,,,,0,4,4,4,4,4,4,4,4,4,4,4,4,4,4,4,4,4,4,4,4,4,4,4,4,4,4,4,4,4,4,4,4,100,,,,,,,,,,,,,,,,,,,,,,,,,,,,,,,,,,,,,,,,,,,,,,,,,,,,,,,,,,,,,,,,,,,,,,,,,,,,,,,,,,,,,,,,,,,,,,,,,,,,,,,,,,,,,,,,,,,,,,,,,,,,,,,,,,,,,,,,,,,,,,,,,,,,,,,,,,,,,,,,,,,,,,,,,,,,,,,,,,,,,,,,,,,,,,,,,,,,,,,,,,,,,,
1764665199.807725,1764665199.804596,35993,0,4384.487305,4398.333496,4506.538574,4523.589844,4393.589844,4515.128418,4539.871582,4384.743652,4572.179688,4393.077148,4499.230957,4515.769043,4571.922852,4394.743652,4383.846191,4510.256348,4539.871582,4542.436035,4516.025879,4387.436035,4392.05127,4572.692383,4518.461426,4504.358887,4398.077148,4584.230957,4396.666504,4557.94873,4508.846191,4405,4529.615234,4509.358887,2815,1,25,2304,10808,,,,0,4,4,4,4,4,4,4,4,4,4,4,4,4,4,4,4,4,4,4,4,4,4,4,4,4,4,4,4,4,4,4,4,100,,,,,,,,,,,,,,,,,,,,,,,,,,,,,,,,,,,25382,0,0.255559,-0.610352,-0.722839,0.199158,0.980588,0.177268,0.034672,23.5,28.833334,43,,,,,,,,,,,,,,,,,,,,,,,,,,,,,,,,,,,,,,,,,,,,,,,,,,,,,,,,,,,,,,,,,,,,,,,,,,,,,,,,,,,,,,,,,,,,,,,,,,,,,,,,,,,,,,,,,,,,,,,,,,,,,,,,,,,,,,,,,,,,,,,,,,,,,,,,,,,,,,,,
1764665199.811634,1764665199.808502,35994,0,4383.205078,4396.794922,4507.563965,4524.743652,4390.769043,4511.666504,4539.615234,4386.153809,4570.641113,4385.897461,4496.410156,4511.922852,4572.436035,4394.615234,4379.102539,4509.102539,4539.230957,4542.179688,4515.641113,4386.922852,4390.256348,4572.692383,4518.589844,4502.563965,4398.589844,4585,4396.025879,4556.538574,4506.922852,4402.94873,4532.307617,4509.871582,1954,1,25,2048,10816,,,,0,4,4,4,4,4,4,4,4,4,4,4,4,4,4,4,4,4,4,4,4,4,4,4,4,4,4,4,4,4,4,4,4,100,,,,,,,,,,,,,,,,,,,,,,,,,,,,,,,,,,,,,,,,,,,,,,,2.130185,1.384413,0.782585,0.506336,0.511917,3.168868,1.469954,1.173594,0.550533,0.560141,3.773505,2.033953,1.310401,0.695749,0.866859,1.539997,1.610125,1.350822,0.643392,0.70947,1.408583,1.067657,0.943492,0.489325,0.630462,2.227131,0.993651,0.987368,0.620492,0.442714,1.573271,1.150795,1.075006,0.632592,0.885668,1.243952,1.267172,1.251382,0.496083,0.876964,2.223235,0.996033,1.702349,0.670613,0.686314,1.770819,1.935814,1.213319,1.427177,0.968768,1.194818,1.074306,0.579833,0.501489,0.438314,1.87061,1.678244,1.051432,0.711135,0.592573,1.025795,1.710593,0.487553,0.636894,0.481258,0.611421,0.742458,0.617124,0.411673,0.37759,0.341098,0.491987,0.409643,0.374187,0.599269,0.823522,1.609425,0.778602,0.392204,0.557728,1.95313,2.608771,0.92553,0.613836,0.604161,1.244619,2.156006,1.237254,0.450795,0.718082,0.687155,0.641033,0.680024,0.442235,0.465061,1.493072,0.852802,0.583036,0.48638,0.574995,1.604728,1.406465,0.900563,0.504082,0.538538,1.871888,1.74544,0.684184,0.547177,0.644587,1.568438,1.968255,0.713875,0.521678,0.546728,1.606418,1.449585,0.514583,0.487584,0.615243,3.727315,2.222201,2.14777,2.012914,1.644323,1.121252,0.890554,0.455262,0.519412,0.549008,2.09286,1.622333,0.906091,0.62309,0.61271,2.579173,1.930181,0.459048,0.481201,0.644867,1.573623,0.938305,0.328048,0.218366,0.288929,1.926712,1.958452,0.890283,0.497687,0.597928,2.333039,1.429527,0.859083,0.655975,0.717653,4.093809,1.63469,1.079131,0.781038,0.701822
1764665199.815542,1764665199.812408,35995,0,4380.641113,4393.846191,4505.128418,4520.641113,4387.820313,4509.230957,4536.410156,4384.358887,4567.179688,4379.615234,4492.563965,4506.666504,4568.461426,4394.871582,4377.179688,4503.974121,4536.025879,4538.205078,4511.922852,4383.974121,4387.05127,4569.358887,4517.05127,4499.615234,4398.717773,4584.743652,4393.205078,4552.94873,4504.358887,4400.641113,4533.461426,4509.230957,2640,1,25,2048,10816,,,,0,4,4,4,4,4,4,4,4,4,4,4,4,4,4,4,4,4,4,4,4,4,4,4,4,4,4,4,4,4,4,4,4,100,,,,,,,,,,,,,,,,,,,,,,,,,,,,,,,,,,,,,,,,,,,,,,,,,,,,,,,,,,,,,,,,,,,,,,,,,,,,,,,,,,,,,,,,,,,,,,,,,,,,,,,,,,,,,,,,,,,,,,,,,,,,,,,,,,,,,,,,,,,,,,,,,,,,,,,,,,,,,,,,,,,,,,,,,,,,,,,,,,,,,,,,,,,,,,,,,,,,,,,,,,,,,,
1764665199.819450,1764665199.816314,35996,0,4377.307617,4389.102539,4499.230957,4512.94873,4384.487305,4507.307617,4530.384766,4379.358887,4562.05127,4377.179688,4487.820313,4501.282227,4560.512695,4394.358887,4378.077148,4497.307617,4530.769043,4531.794922,4507.179688,4379.743652,4382.94873,4563.077148,4513.974121,4496.153809,4396.153809,4582.436035,4387.820313,4546.922852,4501.282227,4396.922852,4530,4505.641113,2691,1,25,2304,10824,,,,0,4,4,4,4,4,4,4,4,4,4,4,4,4,4,4,4,4,4,4,4,4,4,4,4,4,4,4,4,4,4,4,4,100,,,,,,,,,,,,,,,,,,,,,,,,,,,,,,,,,,,,,,,,,,,,,,,,,,,,,,,,,,,,,,,,,,,,,,,,,,,,,,,,,,,,,,,,,,,,,,,,,,,,,,,,,,,,,,,,,,,,,,,,,,,,,,,,,,,,,,,,,,,,,,,,,,,,,,,,,,,,,,,,,,,,,,,,,,,,,,,,,,,,,,,,,,,,,,,,,,,,,,,,,,,,,,
1764665199.823358,1764665199.820219,35997,0,4373.333496,4382.692383,4492.436035,4505.384766,4380.641113,4505.128418,4523.974121,4373.205078,4556.153809,4377.820313,4482.307617,4496.794922,4552.563965,4392.307617,4379.230957,4492.179688,4524.743652,4525.897461,4504.358887,4375.897461,4378.205078,4555.769043,4509.743652,4491.794922,4389.743652,4577.179688,4380.641113,4540,4497.563965,4391.153809,4521.538574,4498.846191,2511,1,25,2304,10824,,,,0,4,4,4,4,4,4,4,4,4,4,4,4,4,4,4,4,4,4,4,4,4,4,4,4,4,4,4,4,4,4,4,4,100,,,,,,,,,,,,,,,,,,,,,,,,,,,,,,,,,,,25383,0,0.255508,-0.610413,-0.722839,0.199036,0.976682,0.172873,0.037114,21.333334,29.166666,45.166668,,,,,,,,,,,,,,,,,,,,,,,,,,,,,,,,,,,,,,,,,,,,,,,,,,,,,,,,,,,,,,,,,,,,,,,,,,,,,,,,,,,,,,,,,,,,,,,,,,,,,,,,,,,,,,,,,,,,,,,,,,,,,,,,,,,,,,,,,,,,,,,,,,,,,,,,,,,,,,,,
1764665199.827267,1764665199.824125,35998,0,4370.769043,4377.179688,4487.436035,4501.794922,4377.179688,4503.333496,4519.743652,4368.461426,4551.153809,4379.358887,4477.307617,4494.743652,4549.487305,4389.615234,4378.717773,4491.282227,4520.384766,4523.589844,4505,4373.461426,4374.102539,4550.128418,4505.512695,4487.436035,4380.897461,4570,4374.358887,4534.871582,4494.487305,4385.384766,4511.666504,4490.769043,2657,1,25,2560,10832,,,,0,4,4,4,4,4,4,4,4,4,4,4,4,4,4,4,4,4,4,4,4,4,4,4,4,4,4,4,4,4,4,4,4,100,,,,,,,,,,,,,,,,,,,,,,,,,,,,,,,,,,,,,,,,,,,,,,,,,,,,,,,,,,,,,,,,,,,,,,,,,,,,,,,,,,,,,,,,,,,,,,,,,,,,,,,,,,,,,,,,,,,,,,,,,,,,,,,,,,,,,,,,,,,,,,,,,,,,,,,,,,,,,,,,,,,,,,,,,,,,,,,,,,,,,,,,,,,,,,,,,,,,,,,,,,,,,,
1764665199.831175,1764665199.828031,35999,0,4372.05127,4375.769043,4485.512695,4503.589844,4376.410156,4503.717773,4519.487305,4367.692383,4548.846191,4380.897461,4475.897461,4496.666504,4553.461426,4388.205078,4377.307617,4495.128418,4520.512695,4526.794922,4508.461426,4373.974121,4372.94873,4549.358887,4503.846191,4485.641113,4373.461426,4564.615234,4372.563965,4535.128418,4493.846191,4383.461426,4505.512695,4485.512695,2825,1,25,2560,10832,,,,0,4,4,4,4,4,4,4,4,4,4,4,4,4,4,4,4,4,4,4,4,4,4,4,4,4,4,4,4,4,4,4,4,100,,,,,,,,,,,,,,,,,,,,,,,,,,,,,,,,,,,,,,,,,,,,,,,,,,,,,,,,,,,,,,,,,,,,,,,,,,,,,,,,,,,,,,,,,,,,,,,,,,,,,,,,,,,,,,,,,,,,,,,,,,,,,,,,,,,,,,,,,,,,,,,,,,,,,,,,,,,,,,,,,,,,,,,,,,,,,,,,,,,,,,,,,,,,,,,,,,,,,,,,,,,,,,
1764665199.835083,1764665199.831937,36000,0,4378.333496,4380.512695,4486.794922,4509.743652,4380.769043,4507.820313,4522.94873,4371.410156,4550.128418,4382.94873,4479.871582,4503.077148,4562.307617,4388.974121,4377.436035,4502.179688,4526.538574,4534.358887,4513.205078,4377.94873,4376.922852,4554.358887,4507.307617,4488.717773,4371.410156,4565,4377.563965,4541.794922,4497.179688,4387.94873,4507.307617,4487.436035,2755,1,25,2560,10840,,,,0,4,4,4,4,4,4,4,4,4,4,4,4,4,4,4,4,4,4,4,4,4,4,4,4,4,4,4,4,4,4,4,4,100,,,,,,,,,,,,,,,,,,,,,,,,,,,,,,,,,,,,,,,,,,,,,,,,,,,,,,,,,,,,,,,,,,,,,,,,,,,,,,,,,,,,,,,,,,,,,,,,,,,,,,,,,,,,,,,,,,,,,,,,,,,,,,,,,,,,,,,,,,,,,,,,,,,,,,,,,,,,,,,,,,,,,,,,,,,,,,,,,,,,,,,,,,,,,,,,,,,,,,,,,,,,,,
1764665199.838992,1764665199.835842,36001,0,4387.692383,4390.512695,4490.769043,4517.436035,4389.487305,4515.128418,4527.436035,4377.94873,4554.358887,4385.384766,4487.563965,4512.436035,4570.641113,4390.897461,4380.384766,4508.974121,4536.282227,4542.307617,4517.05127,4384.230957,4384.615234,4562.820313,4515.384766,4496.794922,4376.282227,4572.179688,4387.820313,4552.563965,4503.461426,4397.179688,4516.922852,4497.179688,2914,1,25,2560,10840,,,,0,4,4,4,4,4,4,4,4,4,4,4,4,4,4,4,4,4,4,4,4,4,4,4,4,4,4,4,4,4,4,4,4,100,,,,,,,,,,,,,,,,,,,,,,,,,,,,,,,,,,,25384,0,0.255478,-0.610413,-0.7229,0.198853,0.976682,0.172873,0.037114,22.833334,29.333334,45,,,,,,,,,,,,,,,,,,,,,,,,,,,,,,,,,,,,,,,,,,,,,,,,,,,,,,,,,,,,,,,,,,,,,,,,,,,,,,,,,,,,,,,,,,,,,,,,,,,,,,,,,,,,,,,,,,,,,,,,,,,,,,,,,,,,,,,,,,,,,,,,,,,,,,,,,,,,,,,,
1764665199.842900,1764665199.839748,36002,0,4395,4400.769043,4495.897461,4522.692383,4398.589844,4522.05127,4529.871582,4384.102539,4558.974121,4385.512695,4494.358887,4520.769043,4573.974121,4391.666504,4384.487305,4511.794922,4544.743652,4545.897461,4517.94873,4388.974121,4391.922852,4569.871582,4523.717773,4505,4385.512695,4581.922852,4397.692383,4561.666504,4509.871582,4405.256348,4528.461426,4509.230957,2599,1,25,2561,10847,,,,0,4,4,4,4,4,4,4,4,4,4,4,4,4,4,4,4,4,4,4,4,4,4,4,4,4,4,4,4,4,4,4,4,100,,,,,,,,,,,,,,,,,,,,,,,,,,,,,,,,,,,,,,,,,,,,,,,,,,,,,,,,,,,,,,,,,,,,,,,,,,,,,,,,,,,,,,,,,,,,,,,,,,,,,,,,,,,,,,,,,,,,,,,,,,,,,,,,,,,,,,,,,,,,,,,,,,,,,,,,,,,,,,,,,,,,,,,,,,,,,,,,,,,,,,,,,,,,,,,,,,,,,,,,,,,,,,
1764665199.846808,1764665199.843654,36003,0,4395.512695,4404.743652,4498.846191,4522.692383,4402.563965,4524.102539,4527.94873,4385.384766,4560,4380.256348,4494.871582,4522.692383,4570.769043,4388.846191,4385.769043,4508.205078,4546.666504,4541.666504,4514.487305,4387.820313,4393.205078,4570.769043,4525.897461,4506.666504,4393.589844,4586.282227,4399.743652,4563.205078,4512.307617,4405.897461,4532.94873,4514.871582,2849,1,25,2561,10847,,,,0,4,4,4,4,4,4,4,4,4,4,4,4,4,4,4,4,4,4,4,4,4,4,4,4,4,4,4,4,4,4,4,4,100,,,,,,,,,,,,,,,,,,,,,,,,,,,,,,,,,,,,,,,,,,,,,,,,,,,,,,,,,,,,,,,,,,,,,,,,,,,,,,,,,,,,,,,,,,,,,,,,,,,,,,,,,,,,,,,,,,,,,,,,,,,,,,,,,,,,,,,,,,,,,,,,,,,,,,,,,,,,,,,,,,,,,,,,,,,,,,,,,,,,,,,,,,,,,,,,,,,,,,,,,,,,,,
1764665199.850716,1764665199.847560,36004,0,4388.333496,4399.102539,4496.410156,4516.794922,4398.205078,4518.846191,4522.05127,4379.743652,4554.871582,4369.615234,4487.692383,4515.769043,4562.563965,4382.307617,4381.282227,4498.974121,4540.384766,4530.641113,4506.922852,4379.487305,4386.282227,4564.230957,4518.846191,4498.589844,4395.384766,4580.641113,4390.128418,4555.512695,4508.846191,4397.436035,4525.384766,4508.717773,2750,1,25,2562,10855,,,,0,4,4,4,4,4,4,4,4,4,4,4,4,4,4,4,4,4,4,4,4,4,4,4,4,4,4,4,4,4,4,4,4,100,,,,,,,,,,,,,,,,,,,,,,,,,,,,,,,,,,,,,,,,,,,,,,,,,,,,,,,,,,,,,,,,,,,,,,,,,,,,,,,,,,,,,,,,,,,,,,,,,,,,,,,,,,,,,,,,,,,,,,,,,,,,,,,,,,,,,,,,,,,,,,,,,,,,,,,,,,,,,,,,,,,,,,,,,,,,,,,,,,,,,,,,,,,,,,,,,,,,,,,,,,,,,,
1764665199.854625,1764665199.851466,36005,0,4377.94873,4387.436035,4488.461426,4508.205078,4388.589844,4508.974121,4515.897461,4369.487305,4544.871582,4357.820313,4477.94873,4502.94873,4553.846191,4375.384766,4373.205078,4488.974121,4529.871582,4518.717773,4498.717773,4368.717773,4375.256348,4554.102539,4506.922852,4484.615234,4389.615234,4567.692383,4373.205078,4543.077148,4501.538574,4384.871582,4509.358887,4493.333496,2785,1,25,2562,10855,,,,0,4,4,4,4,4,4,4,4,4,4,4,4,4,4,4,4,4,4,4,4,4,4,4,4,4,4,4,4,4,4,4,4,100,,,,,,,,,,,,,,,,,,,,,,,,,,,,,,,,,,,25385,0,0.255353,-0.610413,-0.722961,0.198792,0.982542,0.181663,0.026859,21.333334,29.666666,45.166668,,,,,,,,,,,,,,,,,,,,,,,,,,,,,,,,,,,,,,,,,,,,,,,,,,,,,,,,,,,,,,,,,,,,,,,,,,,,,,,,,,,,,,,,,,,,,,,,,,,,,,,,,,,,,,,,,,,,,,,,,,,,,,,,,,,,,,,,,,,,,,,,,,,,,,,,,,,,,,,,
1764665199.858533,1764665199.855371,36006,0,4371.153809,4377.563965,4479.102539,4502.05127,4380.641113,4500.897461,4513.461426,4361.282227,4535.384766,4352.179688,4473.717773,4492.436035,4549.487305,4372.94873,4367.820313,4484.743652,4521.666504,4513.717773,4495,4362.436035,4367.563965,4547.307617,4498.589844,4473.333496,4379.743652,4555.897461,4358.589844,4533.461426,4495.256348,4376.410156,4495,4478.461426,2787,1,25,2563,10863,,,,0,4,4,4,4,4,4,4,4,4,4,4,4,4,4,4,4,4,4,4,4,4,4,4,4,4,4,4,4,4,4,4,4,100,,,,,,,,,,,,,,,,,,,,,,,,,,,,,,,,,,,,,,,,,,,,,,,,,,,,,,,,,,,,,,,,,,,,,,,,,,,,,,,,,,,,,,,,,,,,,,,,,,,,,,,,,,,,,,,,,,,,,,,,,,,,,,,,,,,,,,,,,,,,,,,,,,,,,,,,,,,,,,,,,,,,,,,,,,,,,,,,,,,,,,,,,,,,,,,,,,,,,,,,,,,,,,
1764665199.862441,1764665199.859277,36007,0,4371.666504,4375.897461,4473.974121,4501.666504,4379.487305,4499.743652,4516.025879,4359.871582,4532.307617,4356.922852,4479.102539,4490.256348,4550.897461,4376.922852,4369.615234,4489.102539,4520,4518.589844,4498.205078,4364.230957,4367.820313,4547.436035,4499.358887,4471.153809,4370.384766,4551.922852,4353.974121,4531.922852,4493.589844,4376.666504,4490.256348,4472.692383,2978,1,25,2563,10863,,,,0,4,4,4,4,4,4,4,4,4,4,4,4,4,4,4,4,4,4,4,4,4,4,4,4,4,4,4,4,4,4,4,4,100,,,,,,,,,,,,,,,,,,,,,,,,,,,,,,,,,,,,,,,,,,,,,,,,,,,,,,,,,,,,,,,,,,,,,,,,,,,,,,,,,,,,,,,,,,,,,,,,,,,,,,,,,,,,,,,,,,,,,,,,,,,,,,,,,,,,,,,,,,,,,,,,,,,,,,,,,,,,,,,,,,,,,,,,,,,,,,,,,,,,,,,,,,,,,,,,,,,,,,,,,,,,,,
1764665199.866349,1764665199.863183,36008,0,4377.179688,4381.922852,4475.256348,4505.256348,4383.846191,4504.487305,4521.025879,4365,4536.410156,4369.487305,4489.871582,4495.641113,4555,4383.461426,4376.282227,4498.589844,4523.974121,4529.102539,4505.128418,4371.282227,4374.487305,4552.05127,4507.436035,4476.794922,4365.128418,4555.769043,4359.871582,4537.307617,4496.025879,4383.077148,4494.615234,4477.307617,2860,1,25,2564,10871,,,,0,4,4,4,4,4,4,4,4,4,4,4,4,4,4,4,4,4,4,4,4,4,4,4,4,4,4,4,4,4,4,4,4,100,,,,,,,,,,,,,,,,,,,,,,,,,,,,,,,,,,,,,,,,,,,,,,,,,,,,,,,,,,,,,,,,,,,,,,,,,,,,,,,,,,,,,,,,,,,,,,,,,,,,,,,,,,,,,,,,,,,,,,,,,,,,,,,,,,,,,,,,,,,,,,,,,,,,,,,,,,,,,,,,,,,,,,,,,,,,,,,,,,,,,,,,,,,,,,,,,,,,,,,,,,,,,,
1764665199.870258,1764665199.867089,36009,0,4382.05127,4390.641113,4480.769043,4508.846191,4388.205078,4509.743652,4524.358887,4371.153809,4543.846191,4381.794922,4497.563965,4502.436035,4557.820313,4386.666504,4381.153809,4505.897461,4529.230957,4536.922852,4509.615234,4376.666504,4381.153809,4555.641113,4516.153809,4484.102539,4364.615234,4562.179688,4370.256348,4543.846191,4499.615234,4389.358887,4502.307617,4486.153809,2712,1,25,2564,10871,,,,0,4,4,4,4,4,4,4,4,4,4,4,4,4,4,4,4,4,4,4,4,4,4,4,4,4,4,4,4,4,4,4,4,100,,,,,,,,,,,,,,,,,,,,,,,,,,,,,,,,,,,25386,0,0.255427,-0.610474,-0.7229,0.19873,0.99182,0.174826,0.033207,22.666666,29.666666,43.5,,,,,,,,,,,,,,,,,,,,,,,,,,,,,,,,,,,,,,,,,,,,,,,,,,,,,,,,,,,,,,,,,,,,,,,,,,,,,,,,,,,,,,,,,,,,,,,,,,,,,,,,,,,,,,,,,,,,,,,,,,,,,,,,,,,,,,,,,,,,,,,,,,,,,,,,,,,,,,,,
1764665199.874166,1764665199.870994,36010,1,4384.145508,4393.860352,4485.156738,4511.852051,4390.98291,4512.008789,4526.310547,4373.945801,4547.563965,4384.615234,4498.248047,4504.287598,4559.074219,4387.07959,4381.809082,4505.228027,4530.655273,4537.108398,4509.871582,4377.905762,4382.421875,4557.07959,4518.262207,4486.880371,4368.646484,4565.441406,4374.074219,4546.95166,4501.381836,4392.222168,4506.866211,4490.071289,0,1,25,0,0,,,,0,4,4,4,4,4,4,4,4,4,4,4,4,4,4,4,4,4,4,4,4,4,4,4,4,4,4,4,4,4,4,4,4,100,,,,,,,,,,,,,,,,,,,,,,,,,,,,,,,,,,,,,,,,,,,,,,,,,,,,,,,,,,,,,,,,,,,,,,,,,,,,,,,,,,,,,,,,,,,,,,,,,,,,,,,,,,,,,,,,,,,,,,,,,,,,,,,,,,,,,,,,,,,,,,,,,,,,,,,,,,,,,,,,,,,,,,,,,,,,,,,,,,,,,,,,,,,,,,,,,,,,,,,,,,,,,,
1764665199.878074,1764665199.874900,36011,1,4386.239258,4397.07959,4489.543945,4514.857422,4393.760742,4514.273438,4528.262207,4376.737793,4551.282227,4387.436035,4498.931641,4506.139648,4560.327637,4387.492676,4382.464355,4504.558594,4532.07959,4537.293457,4510.128418,4379.145508,4383.689453,4558.518555,4520.370605,4489.658203,4372.678223,4568.703613,4377.891602,4550.057129,4503.147949,4395.085449,4511.424316,4493.98877,0,1,25,0,0,,,,0,4,4,4,4,4,4,4,4,4,4,4,4,4,4,4,4,4,4,4,4,4,4,4,4,4,4,4,4,4,4,4,4,100,,,,,,,,,,,,,,,,,,,,,,,,,,,,,,,,,,,,,,,,,,,,,,,,,,,,,,,,,,,,,,,,,,,,,,,,,,,,,,,,,,,,,,,,,,,,,,,,,,,,,,,,,,,,,,,,,,,,,,,,,,,,,,,,,,,,,,,,,,,,,,,,,,,,,,,,,,,,,,,,,,,,,,,,,,,,,,,,,,,,,,,,,,,,,,,,,,,,,,,,,,,,,,
1764665199.881982,1764665199.878806,36012,1,4388.333496,4400.299316,4493.931641,4517.863281,4396.538574,4516.538574,4530.213867,4379.529785,4555,4390.256348,4499.615234,4507.991211,4561.581055,4387.905762,4383.119629,4503.888672,4533.504395,4537.478516,4510.384766,4380.384766,4384.957031,4559.957031,4522.478516,4492.436035,4376.709473,4571.96582,4381.709473,4553.162598,4504.914551,4397.94873,4515.98291,4497.905762,0,1,25,0,0,,,,0,4,4,4,4,4,4,4,4,4,4,4,4,4,4,4,4,4,4,4,4,4,4,4,4,4,4,4,4,4,4,4,4,100,,,,,,,,,,,,,,,,,,,,,,,,,,,,,,,,,,,,,,,,,,,,,,,,,,,,,,,,,,,,,,,,,,,,,,,,,,,,,,,,,,,,,,,,,,,,,,,,,,,,,,,,,,,,,,,,,,,,,,,,,,,,,,,,,,,,,,,,,,,,,,,,,,,,,,,,,,,,,,,,,,,,,,,,,,,,,,,,,,,,,,,,,,,,,,,,,,,,,,,,,,,,,,
1764665199.885891,1764665199.882712,36013,1,4390.427246,4403.518555,4498.318848,4520.869141,4399.316406,4518.803223,4532.165039,4382.321777,4558.717773,4393.077148,4500.299316,4509.843262,4562.834961,4388.318848,4383.774902,4503.219238,4534.928711,4537.663574,4510.641113,4381.624023,4386.225098,4561.395996,4524.586914,4495.213867,4380.740723,4575.228027,4385.526855,4556.267578,4506.681152,4400.812012,4520.541504,4501.823242,0,1,25,0,0,,,,0,4,4,4,4,4,4,4,4,4,4,4,4,4,4,4,4,4,4,4,4,4,4,4,4,4,4,4,4,4,4,4,4,100,,,,,,,,,,,,,,,,,,,,,,,,,,,,,,,,,,,,,,,,,,,,,,,,,,,,,,,,,,,,,,,,,,,,,,,,,,,,,,,,,,,,,,,,,,,,,,,,,,,,,,,,,,,,,,,,,,,,,,,,,,,,,,,,,,,,,,,,,,,,,,,,,,,,,,,,,,,,,,,,,,,,,,,,,,,,,,,,,,,,,,,,,,,,,,,,,,,,,,,,,,,,,,
1764665199.889799,1764665199.886617,36014,1,4392.521484,4406.737793,4502.706543,4523.874512,4402.094238,4521.068359,4534.116699,4385.11377,4562.436035,4395.897461,4500.98291,4511.695313,4564.088379,4388.732422,4384.430176,4502.549805,4536.353516,4537.849121,4510.897461,4382.863281,4387.492676,4562.834961,4526.695313,4497.991211,4384.771973,4578.490234,4389.344727,4559.373047,4508.447266,4403.675293,4525.099609,4505.740723,0,1,25,0,0,,,,0,4,4,4,4,4,4,4,4,4,4,4,4,4,4,4,4,4,4,4,4,4,4,4,4,4,4,4,4,4,4,4,4,100,,,,,,,,,,,,,,,,,,,,,,,,,,,,,,,,,,,,,,,,,,,,,,,,,,,,,,,,,,,,,,,,,,,,,,,,,,,,,,,,,,,,,,,,,,,,,,,,,,,,,,,,,,,,,,,,,,,,,,,,,,,,,,,,,,,,,,,,,,,,,,,,,,,,,,,,,,,,,,,,,,,,,,,,,,,,,,,,,,,,,,,,,,,,,,,,,,,,,,,,,,,,,,
1764665199.893707,1764665199.890523,36015,1,4394.615234,4409.957031,4507.094238,4526.880371,4404.871582,4523.333496,4536.068359,4387.905762,4566.153809,4398.717773,4501.666504,4513.546875,4565.341797,4389.145508,4385.085449,4501.880371,4537.777832,4538.03418,4511.153809,4384.102539,4388.760742,4564.273438,4528.803223,4500.769043,4388.803223,4581.751953,4393.162598,4562.478516,4510.213867,4406.538574,4529.658203,4509.658203,0,1,25,0,0,,,,0,4,4,4,4,4,4,4,4,4,4,4,4,4,4,4,4,4,4,4,4,4,4,4,4,4,4,4,4,4,4,4,4,100,,,,,,,,,,,,,,,,,,,,,,,,,,,,,,,,,,,,,,,,,,,,,,,,,,,,,,,,,,,,,,,,,,,,,,,,,,,,,,,,,,,,,,,,,,,,,,,,,,,,,,,,,,,,,,,,,,,,,,,,,,,,,,,,,,,,,,,,,,,,,,,,,,,,,,,,,,,,,,,,,,,,,,,,,,,,,,,,,,,,,,,,,,,,,,,,,,,,,,,,,,,,,,
1764665199.897615,1764665199.894429,36016,1,4396.709473,4413.176758,4511.481445,4529.88623,4407.649414,4525.598145,4538.02002,4390.698242,4569.871582,4401.538574,4502.350586,4515.398926,4566.595215,4389.558594,4385.740723,4501.210938,4539.202148,4538.219238,4511.410156,4385.341797,4390.02832,4565.712402,4530.911621,4503.546875,4392.834961,4585.01416,4396.97998,4565.583984,4511.97998,4409.401855,4534.216309,4513.575684,0,1,25,0,0,,,,0,4,4,4,4,4,4,4,4,4,4,4,4,4,4,4,4,4,4,4,4,4,4,4,4,4,4,4,4,4,4,4,4,100,,,,,,,,,,,,,,,,,,,,,,,,,,,,,,,,,,,,,,,,,,,,,,,,,,,,,,,,,,,,,,,,,,,,,,,,,,,,,,,,,,,,,,,,,,,,,,,,,,,,,,,,,,,,,,,,,,,,,,,,,,,,,,,,,,,,,,,,,,,,,,,,,,,,,,,,,,,,,,,,,,,,,,,,,,,,,,,,,,,,,,,,,,,,,,,,,,,,,,,,,,,,,,
1764665199.901524,1764665199.898335,36017,1,4398.803223,4416.395996,4515.869141,4532.891602,4410.427246,4527.863281,4539.97168,4393.490234,4573.589844,4404.358887,4503.03418,4517.250488,4567.849121,4389.97168,4386.395996,4500.541504,4540.626953,4538.404785,4511.666504,4386.581055,4391.296387,4567.150879,4533.02002,4506.324707,4396.866211,4588.276367,4400.797852,4568.689453,4513.746582,4412.265137,4538.774902,4517.492676,0,1,25,0,0,,,,0,4,4,4,4,4,4,4,4,4,4,4,4,4,4,4,4,4,4,4,4,4,4,4,4,4,4,4,4,4,4,4,4,100,,,,,,,,,,,,,,,,,,,,,,,,,,,,,,,,,,,,,,,,,,,,,,,,,,,,,,,,,,,,,,,,,,,,,,,,,,,,,,,,,,,,,,,,,,,,,,,,,,,,,,,,,,,,,,,,,,,,,,,,,,,,,,,,,,,,,,,,,,,,,,,,,,,,,,,,,,,,,,,,,,,,,,,,,,,,,,,,,,,,,,,,,,,,,,,,,,,,,,,,,,,,,,
1764665199.905432,1764665199.902241,36018,0,4400.897461,4419.615234,4520.256348,4535.897461,4413.205078,4530.128418,4541.922852,4396.282227,4577.307617,4407.179688,4503.717773,4519.102539,4569.102539,4390.384766,4387.05127,4499.871582,4542.05127,4538.589844,4511.922852,4387.820313,4392.563965,4568.589844,4535.128418,4509.102539,4400.897461,4591.538574,4404.615234,4571.794922,4515.512695,4415.128418,4543.333496,4521.410156,1749,1,25,2569,10910,,,,0,4,4,4,4,4,4,4,4,4,4,4,4,4,4,4,4,4,4,4,4,4,4,4,4,4,4,4,4,4,4,4,4,100,,,,,,,,,,,,,,,,,,,,,,,,,,,,,,,,,,,,,,,,,,,,,,,,,,,,,,,,,,,,,,,,,,,,,,,,,,,,,,,,,,,,,,,,,,,,,,,,,,,,,,,,,,,,,,,,,,,,,,,,,,,,,,,,,,,,,,,,,,,,,,,,,,,,,,,,,,,,,,,,,,,,,,,,,,,,,,,,,,,,,,,,,,,,,,,,,,,,,,,,,,,,,,
1764665199.909340,1764665199.906146,36019,0,4405,4421.153809,4520.512695,4537.820313,4412.692383,4534.615234,4545.256348,4400.128418,4577.307617,4407.436035,4505.256348,4521.666504,4573.205078,4390.769043,4384.102539,4499.743652,4545.256348,4537.307617,4509.871582,4383.846191,4390.641113,4569.615234,4534.487305,4508.717773,4405.769043,4590.897461,4405.897461,4572.94873,4519.743652,4418.077148,4544.230957,4520,2952,1,25,2569,10910,,,,0,4,4,4,4,4,4,4,4,4,4,4,4,4,4,4,4,4,4,4,4,4,4,4,4,4,4,4,4,4,4,4,4,100,,,,,,,,,,,,,,,,,,,,,,,,,,,,,,,,,,,,,,,,,,,,,,,,,,,,,,,,,,,,,,,,,,,,,,,,,,,,,,,,,,,,,,,,,,,,,,,,,,,,,,,,,,,,,,,,,,,,,,,,,,,,,,,,,,,,,,,,,,,,,,,,,,,,,,,,,,,,,,,,,,,,,,,,,,,,,,,,,,,,,,,,,,,,,,,,,,,,,,,,,,,,,,
1764665199.913248,1764665199.910052,36020,0,4401.282227,4415.384766,4513.589844,4532.436035,4404.487305,4532.692383,4541.153809,4395.512695,4568.077148,4398.717773,4500.769043,4520.256348,4571.025879,4388.461426,4376.538574,4496.282227,4542.820313,4529.871582,4505.384766,4377.179688,4383.974121,4564.487305,4529.102539,4501.666504,4404.487305,4581.922852,4399.230957,4565.769043,4517.94873,4411.410156,4535.641113,4512.179688,2511,1,25,2570,10918,,,,0,4,4,4,4,4,4,4,4,4,4,4,4,4,4,4,4,4,4,4,4,4,4,4,4,4,4,4,4,4,4,4,4,100,,,,,,,,,,,,,,,,,,,,,,,,,,,,,,,,,,,,,,,,,,,,,,,,,,,,,,,,,,,,,,,,,,,,,,,,,,,,,,,,,,,,,,,,,,,,,,,,,,,,,,,,,,,,,,,,,,,,,,,,,,,,,,,,,,,,,,,,,,,,,,,,,,,,,,,,,,,,,,,,,,,,,,,,,,,,,,,,,,,,,,,,,,,,,,,,,,,,,,,,,,,,,,
1764665199.917157,1764665199.913958,36021,0,4390.512695,4403.846191,4501.410156,4520.512695,4390.512695,4523.589844,4530.384766,4383.333496,4553.333496,4383.846191,4493.333496,4515,4562.820313,4384.871582,4368.077148,4490.641113,4535.641113,4518.846191,4500.384766,4370.128418,4374.615234,4554.487305,4520.641113,4490.128418,4396.153809,4568.077148,4386.666504,4553.846191,4509.487305,4397.563965,4521.282227,4501.025879,2815,1,25,2570,10918,,,,0,4,4,4,4,4,4,4,4,4,4,4,4,4,4,4,4,4,4,4,4,4,4,4,4,4,4,4,4,4,4,4,4,100,,,,,,,,,,,,,,,,,,,,,,,,,,,,,,,,,,,25389,0,0.255448,-0.610413,-0.722961,0.198669,0.981077,0.175803,0.030765,22.333334,29,45,,,,,,,,,,,,,,,,,,,,,,,,,,,,,,,,,,,,,,,,,,,,,,,,,,,,,,,,,,,,,,,,,,,,,,,,,,,,,,,,,,,,,,,,,,,,,,,,,,,,,,,,,,,,,,,,,,,,,,,,,,,,,,,,,,,,,,,,,,,,,,,,,,,,,,,,,,,,,,,,
1764665199.921065,1764665199.917864,36022,0,4378.333496,4391.025879,4488.461426,4506.538574,4376.410156,4510.769043,4517.563965,4368.461426,4540.128418,4368.974121,4487.436035,4508.077148,4553.077148,4381.538574,4362.436035,4485.128418,4526.666504,4509.230957,4496.794922,4364.615234,4366.025879,4544.102539,4511.538574,4478.461426,4383.333496,4555.512695,4373.717773,4543.077148,4498.461426,4383.333496,4507.307617,4490.512695,2922,1,25,2571,10926,,,,0,4,4,4,4,4,4,4,4,4,4,4,4,4,4,4,4,4,4,4,4,4,4,4,4,4,4,4,4,4,4,4,4,100,,,,,,,,,,,,,,,,,,,,,,,,,,,,,,,,,,,,,,,,,,,,,,,,,,,,,,,,,,,,,,,,,,,,,,,,,,,,,,,,,,,,,,,,,,,,,,,,,,,,,,,,,,,,,,,,,,,,,,,,,,,,,,,,,,,,,,,,,,,,,,,,,,,,,,,,,,,,,,,,,,,,,,,,,,,,,,,,,,,,,,,,,,,,,,,,,,,,,,,,,,,,,,
1764665199.924973,1764665199.921769,36023,0,4370.897461,4381.025879,4479.743652,4496.538574,4367.820313,4500.512695,4508.461426,4357.05127,4534.615234,4360.256348,4485.897461,4503.077148,4546.538574,4379.743652,4360.641113,4482.307617,4519.871582,4505.256348,4495.641113,4361.794922,4362.307617,4538.589844,4505.384766,4471.025879,4370.641113,4549.615234,4366.153809,4538.077148,4490.769043,4375.897461,4498.974121,4484.487305,2835,1,25,2571,10926,,,,0,4,4,4,4,4,4,4,4,4,4,4,4,4,4,4,4,4,4,4,4,4,4,4,4,4,4,4,4,4,4,4,4,100,,,,,,,,,,,,,,,,,,,,,,,,,,,,,,,,,,,,,,,,,,,,,,,,,,,,,,,,,,,,,,,,,,,,,,,,,,,,,,,,,,,,,,,,,,,,,,,,,,,,,,,,,,,,,,,,,,,,,,,,,,,,,,,,,,,,,,,,,,,,,,,,,,,,,,,,,,,,,,,,,,,,,,,,,,,,,,,,,,,,,,,,,,,,,,,,,,,,,,,,,,,,,,
1764665199.928882,1764665199.925675,36024,0,4370.897461,4377.436035,4478.461426,4494.102539,4367.05127,4497.179688,4505.641113,4353.461426,4538.077148,4359.743652,4487.94873,4501.794922,4545.769043,4379.615234,4361.794922,4483.077148,4517.820313,4508.205078,4496.666504,4361.666504,4364.871582,4540.384766,4503.846191,4470,4363.461426,4551.922852,4366.410156,4539.102539,4489.615234,4377.94873,4498.333496,4484.743652,2761,1,25,2572,10933,,,,0,4,4,4,4,4,4,4,4,4,4,4,4,4,4,4,4,4,4,4,4,4,4,4,4,4,4,4,4,4,4,4,4,100,,,,,,,,,,,,,,,,,,,,,,,,,,,,,,,,,,,,,,,,,,,,,,,,,,,,,,,,,,,,,,,,,,,,,,,,,,,,,,,,,,,,,,,,,,,,,,,,,,,,,,,,,,,,,,,,,,,,,,,,,,,,,,,,,,,,,,,,,,,,,,,,,,,,,,,,,,,,,,,,,,,,,,,,,,,,,,,,,,,,,,,,,,,,,,,,,,,,,,,,,,,,,,
1764665199.932790,1764665199.929581,36025,0,4375.769043,4380.512695,4483.974121,4498.717773,4372.436035,4500.769043,4507.692383,4357.94873,4546.794922,4365.256348,4490.769043,4503.589844,4549.743652,4380.897461,4363.846191,4486.666504,4520,4515.128418,4498.461426,4363.589844,4371.538574,4547.307617,4505.897461,4474.487305,4364.743652,4559.358887,4372.692383,4542.307617,4493.846191,4385.769043,4502.94873,4489.358887,2812,1,25,2572,10933,,,,0,4,4,4,4,4,4,4,4,4,4,4,4,4,4,4,4,4,4,4,4,4,4,4,4,4,4,4,4,4,4,4,4,100,,,,,,,,,,,,,,,,,,,,,,,,,,,,,,,,,,,25390,0,0.255272,-0.610474,-0.723022,0.198486,0.972287,0.175803,0.028324,24.666666,30,43,,,,,,,,,,,,,,,,,,,,,,,,,,,,,,,,,,,,,,,,,,,,,,,,,,,,,,,,,,,,,,,,,,,,,,,,,,,,,,,,,,,,,,,,,,,,,,,,,,,,,,,,,,,,,,,,,,,,,,,,,,,,,,,,,,,,,,,,,,,,,,,,,,,,,,,,,,,,,,,,
1764665199.936698,1764665199.933487,36026,0,4380.641113,4386.794922,4492.05127,4506.025879,4378.974121,4506.922852,4510.897461,4365.769043,4554.871582,4371.538574,4491.922852,4505,4554.615234,4382.179688,4365.384766,4490.256348,4523.333496,4521.153809,4499.871582,4366.410156,4377.692383,4554.358887,4509.102539,4480.641113,4373.974121,4566.153809,4379.487305,4543.974121,4499.102539,4392.692383,4507.94873,4494.358887,1952,1,25,2572,10941,,,,0,4,4,4,4,4,4,4,4,4,4,4,4,4,4,4,4,4,4,4,4,4,4,4,4,4,4,4,4,4,4,4,4,100,,,,,,,,,,,,,,,,,,,,,,,,,,,,,,,,,,,,,,,,,,,,,,,1.750042,1.576547,1.023762,0.486719,0.513711,2.957923,1.574698,1.41357,0.538722,0.58214,3.566997,1.775512,1.373111,0.69755,0.875136,1.23155,1.541984,1.500333,0.593628,0.719884,1.153971,1.095259,1.170769,0.496853,0.652251,2.035915,1.144471,1.136753,0.56291,0.42944,1.359322,1.194967,1.301646,0.618834,0.888871,1.076419,1.237028,1.399982,0.466773,0.894073,1.959139,0.953341,1.937372,0.586914,0.683668,1.607041,2.050346,1.401487,1.373999,0.989413,1.011365,1.184783,0.734915,0.499139,0.447452,1.617603,1.855861,1.229807,0.644833,0.596136,1.006408,1.974215,0.618423,0.582552,0.488472,0.695423,0.783614,0.667287,0.360458,0.374879,0.41744,0.548351,0.48631,0.34218,0.609792,0.962057,1.803496,0.8335,0.371338,0.56452,1.592944,3.059748,1.201417,0.567755,0.596254,1.309317,2.232225,1.424611,0.431803,0.696664,0.733724,0.683157,0.761189,0.445139,0.434114,1.568944,0.782879,0.680494,0.532335,0.55806,1.688012,1.423495,1.055172,0.558381,0.517463,1.771747,1.829966,0.831311,0.559358,0.634208,1.370612,2.304714,0.915155,0.527645,0.540963,1.766019,1.523503,0.651947,0.497923,0.605488,3.722215,2.338732,1.945135,2.216541,1.653848,1.215035,0.779314,0.549986,0.543009,0.56483,1.894184,1.649455,0.986664,0.640144,0.621216,2.385348,2.212377,0.676558,0.461175,0.65308,1.399102,1.042308,0.444862,0.22166,0.294138,1.80819,1.962629,1.072333,0.528825,0.631557,2.27247,1.410648,0.909202,0.702646,0.755796,4.317069,1.49104,1.143671,0.867049,0.773787
1764665199.940606,1764665199.937393,36027,0,4381.794922,4391.538574,4497.307617,4511.025879,4382.179688,4510.512695,4512.05127,4371.153809,4558.077148,4375,4490.512695,4503.717773,4557.179688,4382.563965,4366.666504,4491.410156,4524.871582,4522.820313,4500.641113,4370,4379.743652,4557.05127,4511.666504,4485.128418,4386.282227,4568.333496,4382.179688,4542.692383,4501.410156,4393.717773,4509.102539,4495.897461,2639,1,25,2572,10941,,,,0,4,4,4,4,4,4,4,4,4,4,4,4,4,4,4,4,4,4,4,4,4,4,4,4,4,4,4,4,4,4,4,4,100,,,,,,,,,,,,,,,,,,,,,,,,,,,,,,,,,,,,,,,,,,,,,,,,,,,,,,,,,,,,,,,,,,,,,,,,,,,,,,,,,,,,,,,,,,,,,,,,,,,,,,,,,,,,,,,,,,,,,,,,,,,,,,,,,,,,,,,,,,,,,,,,,,,,,,,,,,,,,,,,,,,,,,,,,,,,,,,,,,,,,,,,,,,,,,,,,,,,,,,,,,,,,,
1764665199.944515,1764665199.941298,36028,0,4379.871582,4392.307617,4496.794922,4511.282227,4380.897461,4509.615234,4511.153809,4371.282227,4555.641113,4375.641113,4488.461426,4500.512695,4556.153809,4382.05127,4369.102539,4489.743652,4524.102539,4521.025879,4501.922852,4374.102539,4377.94873,4555,4513.077148,4486.794922,4395.512695,4566.666504,4380.512695,4540.512695,4500,4389.487305,4506.282227,4493.717773,2690,1,25,2573,10949,,,,0,4,4,4,4,4,4,4,4,4,4,4,4,4,4,4,4,4,4,4,4,4,4,4,4,4,4,4,4,4,4,4,4,100,,,,,,,,,,,,,,,,,,,,,,,,,,,,,,,,,,,,,,,,,,,,,,,,,,,,,,,,,,,,,,,,,,,,,,,,,,,,,,,,,,,,,,,,,,,,,,,,,,,,,,,,,,,,,,,,,,,,,,,,,,,,,,,,,,,,,,,,,,,,,,,,,,,,,,,,,,,,,,,,,,,,,,,,,,,,,,,,,,,,,,,,,,,,,,,,,,,,,,,,,,,,,,
1764665199.948423,1764665199.945204,36029,0,4377.692383,4390.384766,4491.922852,4507.94873,4377.179688,4506.410156,4510.128418,4367.94873,4551.410156,4376.282227,4487.94873,4498.589844,4553.589844,4381.410156,4373.077148,4487.692383,4522.563965,4519.615234,4505.512695,4378.717773,4375.512695,4551.538574,4514.102539,4487.692383,4396.410156,4564.358887,4377.692383,4540.256348,4497.05127,4384.743652,4502.820313,4490.384766,2509,1,25,2573,10949,,,,0,4,4,4,4,4,4,4,4,4,4,4,4,4,4,4,4,4,4,4,4,4,4,4,4,4,4,4,4,4,4,4,4,100,,,,,,,,,,,,,,,,,,,,,,,,,,,,,,,,,,,25391,0,0.255543,-0.610413,-0.722961,0.198547,0.972287,0.175803,0.028324,25.333334,30.166666,42.833332,,,,,,,,,,,,,,,,,,,,,,,,,,,,,,,,,,,,,,,,,,,,,,,,,,,,,,,,,,,,,,,,,,,,,,,,,,,,,,,,,,,,,,,,,,,,,,,,,,,,,,,,,,,,,,,,,,,,,,,,,,,,,,,,,,,,,,,,,,,,,,,,,,,,,,,,,,,,,,,,
1764665199.952331,1764665199.949110,36030,0,4377.692383,4388.846191,4487.307617,4505,4374.615234,4504.358887,4510.641113,4365.256348,4549.871582,4378.333496,4489.871582,4500.256348,4552.563965,4381.666504,4377.307617,4487.436035,4522.179688,4522.179688,4510.897461,4382.436035,4376.153809,4550.256348,4515,4489.615234,4387.820313,4563.846191,4377.05127,4542.820313,4495.128418,4384.102539,4502.436035,4489.230957,2655,1,25,2570,10957,,,,0,4,4,4,4,4,4,4,4,4,4,4,4,4,4,4,4,4,4,4,4,4,4,4,4,4,4,4,4,4,4,4,4,100,,,,,,,,,,,,,,,,,,,,,,,,,,,,,,,,,,,,,,,,,,,,,,,,,,,,,,,,,,,,,,,,,,,,,,,,,,,,,,,,,,,,,,,,,,,,,,,,,,,,,,,,,,,,,,,,,,,,,,,,,,,,,,,,,,,,,,,,,,,,,,,,,,,,,,,,,,,,,,,,,,,,,,,,,,,,,,,,,,,,,,,,,,,,,,,,,,,,,,,,,,,,,,
1764665199.956239,1764665199.953016,36031,0,4379.615234,4388.717773,4486.794922,4504.871582,4374.743652,4505.897461,4511.538574,4365.897461,4553.077148,4379.871582,4492.692383,4504.871582,4553.974121,4382.179688,4378.846191,4489.102539,4523.461426,4527.692383,4515.512695,4384.102539,4380.512695,4552.05127,4515.641113,4491.922852,4373.077148,4564.358887,4378.205078,4546.410156,4495.384766,4387.820313,4505.897461,4490.897461,2825,1,25,2570,10957,,,,0,4,4,4,4,4,4,4,4,4,4,4,4,4,4,4,4,4,4,4,4,4,4,4,4,4,4,4,4,4,4,4,4,100,,,,,,,,,,,,,,,,,,,,,,,,,,,,,,,,,,,,,,,,,,,,,,,,,,,,,,,,,,,,,,,,,,,,,,,,,,,,,,,,,,,,,,,,,,,,,,,,,,,,,,,,,,,,,,,,,,,,,,,,,,,,,,,,,,,,,,,,,,,,,,,,,,,,,,,,,,,,,,,,,,,,,,,,,,,,,,,,,,,,,,,,,,,,,,,,,,,,,,,,,,,,,,
1764665199.960148,1764665199.956921,36032,0,4381.153809,4389.487305,4490.512695,4507.436035,4376.282227,4509.487305,4511.538574,4368.846191,4558.077148,4377.692383,4493.846191,4509.102539,4556.410156,4381.666504,4376.282227,4491.282227,4525.641113,4532.179688,4515.384766,4382.94873,4385.128418,4554.871582,4515.256348,4492.692383,4358.333496,4563.461426,4378.974121,4548.333496,4497.307617,4392.307617,4509.230957,4493.077148,2747,1,25,2571,10965,,,,0,4,4,4,4,4,4,4,4,4,4,4,4,4,4,4,4,4,4,4,4,4,4,4,4,4,4,4,4,4,4,4,4,100,,,,,,,,,,,,,,,,,,,,,,,,,,,,,,,,,,,,,,,,,,,,,,,,,,,,,,,,,,,,,,,,,,,,,,,,,,,,,,,,,,,,,,,,,,,,,,,,,,,,,,,,,,,,,,,,,,,,,,,,,,,,,,,,,,,,,,,,,,,,,,,,,,,,,,,,,,,,,,,,,,,,,,,,,,,,,,,,,,,,,,,,,,,,,,,,,,,,,,,,,,,,,,
1764665199.964056,1764665199.960827,36033,0,4380.256348,4389.102539,4494.102539,4510,4377.179688,4511.410156,4510.128418,4370.384766,4559.871582,4371.153809,4491.794922,4510.128418,4557.307617,4379.615234,4370.512695,4491.922852,4526.666504,4531.666504,4509.487305,4379.487305,4386.282227,4555.769043,4513.077148,4490.641113,4349.615234,4559.358887,4376.922852,4547.05127,4499.102539,4393.333496,4508.461426,4493.077148,2910,1,25,2571,10965,,,,0,4,4,4,4,4,4,4,4,4,4,4,4,4,4,4,4,4,4,4,4,4,4,4,4,4,4,4,4,4,4,4,4,100,,,,,,,,,,,,,,,,,,,,,,,,,,,,,,,,,,,25392,0,0.255668,-0.610413,-0.7229,0.198608,0.988402,0.172384,0.046392,23.666666,29,44.5,,,,,,,,,,,,,,,,,,,,,,,,,,,,,,,,,,,,,,,,,,,,,,,,,,,,,,,,,,,,,,,,,,,,,,,,,,,,,,,,,,,,,,,,,,,,,,,,,,,,,,,,,,,,,,,,,,,,,,,,,,,,,,,,,,,,,,,,,,,,,,,,,,,,,,,,,,,,,,,,
1764665199.967964,1764665199.964733,36034,0,4377.05127,4387.05127,4493.589844,4510,4376.794922,4509.230957,4508.589844,4368.589844,4556.666504,4363.589844,4487.436035,4507.563965,4555.512695,4377.307617,4364.358887,4490.769043,4525,4525.769043,4500.769043,4375.256348,4382.692383,4553.205078,4509.487305,4487.179688,4349.743652,4553.589844,4372.563965,4544.358887,4499.487305,4389.743652,4502.307617,4490.384766,2594,1,25,2572,10972,,,,0,4,4,4,4,4,4,4,4,4,4,4,4,4,4,4,4,4,4,4,4,4,4,4,4,4,4,4,4,4,4,4,4,100,,,,,,,,,,,,,,,,,,,,,,,,,,,,,,,,,,,,,,,,,,,,,,,,,,,,,,,,,,,,,,,,,,,,,,,,,,,,,,,,,,,,,,,,,,,,,,,,,,,,,,,,,,,,,,,,,,,,,,,,,,,,,,,,,,,,,,,,,,,,,,,,,,,,,,,,,,,,,,,,,,,,,,,,,,,,,,,,,,,,,,,,,,,,,,,,,,,,,,,,,,,,,,
1764665199.971872,1764665199.968639,36035,0,4373.974121,4384.615234,4488.974121,4507.179688,4376.025879,4504.487305,4508.974121,4365,4551.666504,4360.384766,4483.461426,4504.102539,4552.563965,4376.410156,4361.282227,4488.974121,4521.666504,4518.461426,4494.615234,4372.436035,4376.538574,4548.717773,4507.179688,4485.128418,4358.333496,4549.615234,4368.846191,4543.205078,4498.333496,4384.615234,4494.615234,4487.05127,2847,1,25,2572,10972,,,,0,4,4,4,4,4,4,4,4,4,4,4,4,4,4,4,4,4,4,4,4,4,4,4,4,4,4,4,4,4,4,4,4,100,,,,,,,,,,,,,,,,,,,,,,,,,,,,,,,,,,,,,,,,,,,,,,,,,,,,,,,,,,,,,,,,,,,,,,,,,,,,,,,,,,,,,,,,,,,,,,,,,,,,,,,,,,,,,,,,,,,,,,,,,,,,,,,,,,,,,,,,,,,,,,,,,,,,,,,,,,,,,,,,,,,,,,,,,,,,,,,,,,,,,,,,,,,,,,,,,,,,,,,,,,,,,,
1764665199.975781,1764665199.972544,36036,0,4373.589844,4384.358887,4483.974121,4504.230957,4376.794922,4501.410156,4512.820313,4363.461426,4550.512695,4364.743652,4482.692383,4503.077148,4551.922852,4377.820313,4363.077148,4488.205078,4520.128418,4515.128418,4494.615234,4372.436035,4372.563965,4545.769043,4508.974121,4486.538574,4372.307617,4550.769043,4369.230957,4545.512695,4497.436035,4382.179688,4490.897461,4486.410156,2744,1,25,2573,10980,,,,0,4,4,4,4,4,4,4,4,4,4,4,4,4,4,4,4,4,4,4,4,4,4,4,4,4,4,4,4,4,4,4,4,100,,,,,,,,,,,,,,,,,,,,,,,,,,,,,,,,,,,,,,,,,,,,,,,,,,,,,,,,,,,,,,,,,,,,,,,,,,,,,,,,,,,,,,,,,,,,,,,,,,,,,,,,,,,,,,,,,,,,,,,,,,,,,,,,,,,,,,,,,,,,,,,,,,,,,,,,,,,,,,,,,,,,,,,,,,,,,,,,,,,,,,,,,,,,,,,,,,,,,,,,,,,,,,
1764665199.979689,1764665199.976450,36037,0,4376.922852,4387.94873,4483.077148,4503.974121,4380,4504.102539,4519.871582,4366.666504,4556.410156,4374.487305,4486.153809,4506.538574,4555.897461,4381.025879,4368.717773,4489.743652,4523.589844,4518.717773,4500.897461,4374.743652,4373.974121,4547.179688,4515.897461,4490.897461,4387.179688,4557.179688,4374.230957,4550.384766,4498.205078,4384.743652,4493.974121,4489.743652,2782,1,25,2573,10980,,,,0,4,4,4,4,4,4,4,4,4,4,4,4,4,4,4,4,4,4,4,4,4,4,4,4,4,4,4,4,4,4,4,4,100,,,,,,,,,,,,,,,,,,,,,,,,,,,,,,,,,,,25393,0,0.255444,-0.610474,-0.722961,0.198486,0.970822,0.178244,0.020999,22.833334,28.666666,45,,,,,,,,,,,,,,,,,,,,,,,,,,,,,,,,,,,,,,,,,,,,,,,,,,,,,,,,,,,,,,,,,,,,,,,,,,,,,,,,,,,,,,,,,,,,,,,,,,,,,,,,,,,,,,,,,,,,,,,,,,,,,,,,,,,,,,,,,,,,,,,,,,,,,,,,,,,,,,,,
1764665199.983597,1764665199.980356,36038,0,4381.410156,4393.974121,4486.410156,4506.794922,4383.846191,4511.538574,4526.922852,4372.94873,4566.538574,4383.846191,4492.179688,4512.692383,4563.205078,4384.358887,4375.384766,4492.692383,4531.153809,4527.05127,4509.102539,4377.307617,4379.743652,4552.307617,4524.871582,4495,4397.820313,4565.128418,4380.384766,4554.871582,4500.384766,4390,4501.282227,4494.487305,2786,1,25,2574,10988,,,,0,4,4,4,4,4,4,4,4,4,4,4,4,4,4,4,4,4,4,4,4,4,4,4,4,4,4,4,4,4,4,4,4,100,,,,,,,,,,,,,,,,,,,,,,,,,,,,,,,,,,,,,,,,,,,,,,,,,,,,,,,,,,,,,,,,,,,,,,,,,,,,,,,,,,,,,,,,,,,,,,,,,,,,,,,,,,,,,,,,,,,,,,,,,,,,,,,,,,,,,,,,,,,,,,,,,,,,,,,,,,,,,,,,,,,,,,,,,,,,,,,,,,,,,,,,,,,,,,,,,,,,,,,,,,,,,,
1764665199.987506,1764665199.984262,36039,0,4383.589844,4398.717773,4489.871582,4509.615234,4385,4518.846191,4530.256348,4378.333496,4574.102539,4387.692383,4496.922852,4517.692383,4569.358887,4386.153809,4379.871582,4495.128418,4538.589844,4534.487305,4513.333496,4377.692383,4385,4557.179688,4530.512695,4494.615234,4400,4568.974121,4382.94873,4556.282227,4501.922852,4393.333496,4507.05127,4495.897461,2976,1,25,2574,10988,,,,0,4,4,4,4,4,4,4,4,4,4,4,4,4,4,4,4,4,4,4,4,4,4,4,4,4,4,4,4,4,4,4,4,100,,,,,,,,,,,,,,,,,,,,,,,,,,,,,,,,,,,,,,,,,,,,,,,,,,,,,,,,,,,,,,,,,,,,,,,,,,,,,,,,,,,,,,,,,,,,,,,,,,,,,,,,,,,,,,,,,,,,,,,,,,,,,,,,,,,,,,,,,,,,,,,,,,,,,,,,,,,,,,,,,,,,,,,,,,,,,,,,,,,,,,,,,,,,,,,,,,,,,,,,,,,,,,
1764665199.991414,1764665199.988168,36040,0,4382.05127,4398.846191,4488.846191,4509.230957,4381.922852,4521.153809,4528.974121,4379.487305,4574.230957,4385.769043,4497.692383,4518.974121,4570.897461,4385.256348,4380.641113,4495.641113,4541.410156,4536.410156,4511.282227,4375.512695,4385.256348,4558.717773,4529.358887,4489.487305,4393.461426,4566.666504,4379.743652,4554.358887,4501.538574,4392.179688,4507.05127,4491.538574,2855,1,25,2575,10996,,,,0,4,4,4,4,4,4,4,4,4,4,4,4,4,4,4,4,4,4,4,4,4,4,4,4,4,4,4,4,4,4,4,4,100,,,,,,,,,,,,,,,,,,,,,,,,,,,,,,,,,,,,,,,,,,,,,,,,,,,,,,,,,,,,,,,,,,,,,,,,,,,,,,,,,,,,,,,,,,,,,,,,,,,,,,,,,,,,,,,,,,,,,,,,,,,,,,,,,,,,,,,,,,,,,,,,,,,,,,,,,,,,,,,,,,,,,,,,,,,,,,,,,,,,,,,,,,,,,,,,,,,,,,,,,,,,,,
1764665199.995322,1764665199.992073,36041,0,4378.461426,4395,4483.077148,4505.512695,4377.179688,4518.077148,4526.025879,4377.179688,4568.333496,4381.538574,4494.487305,4517.179688,4567.820313,4382.820313,4378.461426,4494.230957,4539.102539,4532.94873,4505,4372.307617,4381.410156,4557.307617,4523.077148,4484.102539,4383.205078,4561.282227,4374.615234,4551.153809,4500.512695,4387.692383,4502.436035,4484.358887,2708,1,25,2575,10996,,,,0,4,4,4,4,4,4,4,4,4,4,4,4,4,4,4,4,4,4,4,4,4,4,4,4,4,4,4,4,4,4,4,4,100,,,,,,,,,,,,,,,,,,,,,,,,,,,,,,,,,,,25394,0,0.255492,-0.610474,-0.722961,0.198425,0.970822,0.178244,0.020999,23.666666,29.333334,44.5,,,,,,,,,,,,,,,,,,,,,,,,,,,,,,,,,,,,,,,,,,,,,,,,,,,,,,,,,,,,,,,,,,,,,,,,,,,,,,,,,,,,,,,,,,,,,,,,,,,,,,,,,,,,,,,,,,,,,,,,,,,,,,,,,,,,,,,,,,,,,,,,,,,,,,,,,,,,,,,,
1764665199.999230,1764665199.995979,36042,0,4376.410156,4391.410156,4477.05127,4502.307617,4375.384766,4513.333496,4525.512695,4374.615234,4562.307617,4378.974121,4490.512695,4515.512695,4563.717773,4380.897461,4375.641113,4492.692383,4534.871582,4527.820313,4499.743652,4370.769043,4377.820313,4556.025879,4517.05127,4483.717773,4376.922852,4558.333496,4373.333496,4549.230957,4501.153809,4384.230957,4499.102539,4480.384766,2277,1,25,2576,11004,,,,0,4,4,4,4,4,4,4,4,4,4,4,4,4,4,4,4,4,4,4,4,4,4,4,4,4,4,4,4,4,4,4,4,100,,,,,,,,,,,,,,,,,,,,,,,,,,,,,,,,,,,,,,,,,,,,,,,,,,,,,,,,,,,,,,,,,,,,,,,,,,,,,,,,,,,,,,,,,,,,,,,,,,,,,,,,,,,,,,,,,,,,,,,,,,,,,,,,,,,,,,,,,,,,,,,,,,,,,,,,,,,,,,,,,,,,,,,,,,,,,,,,,,,,,,,,,,,,,,,,,,,,,,,,,,,,,,
1764665200.003138,1764665199.999885,36043,0,4377.820313,4392.05127,4476.025879,4503.333496,4379.230957,4511.282227,4528.846191,4375,4561.410156,4379.871582,4488.974121,4515.897461,4562.307617,4380.769043,4373.717773,4492.692383,4533.077148,4525.512695,4499.487305,4371.794922,4378.974121,4556.922852,4516.025879,4489.615234,4379.743652,4560.897461,4378.589844,4550,4504.230957,4385.256348,4501.538574,4483.589844,2687,1,25,2576,11004,,,,0,4,4,4,4,4,4,4,4,4,4,4,4,4,4,4,4,4,4,4,4,4,4,4,4,4,4,4,4,4,4,4,4,100,,,,,,,,,,,,,,,,,,,,,,,,,,,,,,,,,,,,,,,,,,,,,,,,,,,,,,,,,,,,,,,,,,,,,,,,,,,,,,,,,,,,,,,,,,,,,,,,,,,,,,,,,,,,,,,,,,,,,,,,,,,,,,,,,,,,,,,,,,,,,,,,,,,,,,,,,,,,,,,,,,,,,,,,,,,,,,,,,,,,,,,,,,,,,,,,,,,,,,,,,,,,,,
1764665200.007047,1764665200.003791,36044,0,4381.282227,4397.436035,4481.922852,4508.717773,4387.307617,4512.692383,4533.589844,4378.077148,4566.025879,4383.333496,4490.769043,4517.563965,4563.846191,4382.179688,4373.333496,4494.487305,4535,4526.922852,4503.846191,4374.487305,4384.615234,4559.230957,4520.256348,4497.436035,4391.410156,4567.563965,4387.307617,4552.94873,4507.94873,4390.128418,4508.974121,4492.307617,2491,1,25,2576,11011,,,,0,4,4,4,4,4,4,4,4,4,4,4,4,4,4,4,4,4,4,4,4,4,4,4,4,4,4,4,4,4,4,4,4,100,,,,,,,,,,,,,,,,,,,,,,,,,,,,,,,,,,,,,,,,,,,,,,,,,,,,,,,,,,,,,,,,,,,,,,,,,,,,,,,,,,,,,,,,,,,,,,,,,,,,,,,,,,,,,,,,,,,,,,,,,,,,,,,,,,,,,,,,,,,,,,,,,,,,,,,,,,,,,,,,,,,,,,,,,,,,,,,,,,,,,,,,,,,,,,,,,,,,,,,,,,,,,,
1764665200.010955,1764665200.007696,36045,0,4383.717773,4403.077148,4491.153809,4514.615234,4395.256348,4515.256348,4535.897461,4381.153809,4571.922852,4386.794922,4493.846191,4518.333496,4565.769043,4383.589844,4373.589844,4496.666504,4537.94873,4530,4508.717773,4377.05127,4391.025879,4560.384766,4525.897461,4500.897461,4404.871582,4573.846191,4393.589844,4555.769043,4509.743652,4395.769043,4515.897461,4501.025879,2240,1,25,2576,11011,,,,0,4,4,4,4,4,4,4,4,4,4,4,4,4,4,4,4,4,4,4,4,4,4,4,4,4,4,4,4,4,4,4,4,100,,,,,,,,,,,,,,,,,,,,,,,,,,,,,,,,,,,25395,0,0.255268,-0.610535,-0.723022,0.198303,0.977658,0.174338,0.023929,21.833334,28,43.5,,,,,,,,,,,,,,,,,,,,,,,,,,,,,,,,,,,,,,,,,,,,,,,,,,,,,,,,,,,,,,,,,,,,,,,,,,,,,,,,,,,,,,,,,,,,,,,,,,,,,,,,,,,,,,,,,,,,,,,,,,,,,,,,,,,,,,,,,,,,,,,,,,,,,,,,,,,,,,,,
1764665200.014863,1764665200.011602,36046,0,4382.436035,4403.846191,4497.820313,4516.282227,4398.333496,4515.769043,4533.846191,4381.025879,4574.102539,4387.307617,4494.871582,4515.641113,4564.615234,4383.205078,4373.077148,4497.179688,4537.94873,4531.025879,4509.871582,4377.563965,4393.077148,4558.846191,4528.205078,4497.179688,4410.897461,4575.897461,4393.205078,4556.025879,4508.205078,4398.333496,4517.307617,4504.358887,2705,1,25,2576,11019,,,,0,4,4,4,4,4,4,4,4,4,4,4,4,4,4,4,4,4,4,4,4,4,4,4,4,4,4,4,4,4,4,4,4,100,,,,,,,,,,,,,,,,,,,,,,,,,,,,,,,,,,,,,,,,,,,,,,,,,,,,,,,,,,,,,,,,,,,,,,,,,,,,,,,,,,,,,,,,,,,,,,,,,,,,,,,,,,,,,,,,,,,,,,,,,,,,,,,,,,,,,,,,,,,,,,,,,,,,,,,,,,,,,,,,,,,,,,,,,,,,,,,,,,,,,,,,,,,,,,,,,,,,,,,,,,,,,,
1764665200.018772,1764665200.015508,36047,0,4377.692383,4398.077148,4498.461426,4511.666504,4395,4513.205078,4528.589844,4376.794922,4570.256348,4383.589844,4492.179688,4509.743652,4559.615234,4380.128418,4371.282227,4495.384766,4533.077148,4528.077148,4505.897461,4375.769043,4389.358887,4555,4525.256348,4488.717773,4403.717773,4572.563965,4386.666504,4552.692383,4503.717773,4396.666504,4512.179688,4501.282227,2494,1,25,2576,11019,,,,0,4,4,4,4,4,4,4,4,4,4,4,4,4,4,4,4,4,4,4,4,4,4,4,4,4,4,4,4,4,4,4,4,100,,,,,,,,,,,,,,,,,,,,,,,,,,,,,,,,,,,,,,,,,,,,,,,,,,,,,,,,,,,,,,,,,,,,,,,,,,,,,,,,,,,,,,,,,,,,,,,,,,,,,,,,,,,,,,,,,,,,,,,,,,,,,,,,,,,,,,,,,,,,,,,,,,,,,,,,,,,,,,,,,,,,,,,,,,,,,,,,,,,,,,,,,,,,,,,,,,,,,,,,,,,,,,
1764665200.022680,1764665200.019414,36048,0,4371.666504,4388.846191,4493.717773,4503.333496,4386.794922,4509.102539,4522.436035,4370,4562.563965,4376.153809,4487.05127,4503.077148,4552.820313,4375.128418,4368.846191,4492.05127,4525.128418,4522.692383,4499.615234,4372.307617,4382.307617,4550.256348,4518.461426,4480.897461,4385.256348,4566.153809,4378.333496,4546.410156,4497.820313,4392.05127,4504.102539,4494.871582,2859,1,25,2576,11027,,,,0,4,4,4,4,4,4,4,4,4,4,4,4,4,4,4,4,4,4,4,4,4,4,4,4,4,4,4,4,4,4,4,4,100,,,,,,,,,,,,,,,,,,,,,,,,,,,,,,,,,,,,,,,,,,,,,,,,,,,,,,,,,,,,,,,,,,,,,,,,,,,,,,,,,,,,,,,,,,,,,,,,,,,,,,,,,,,,,,,,,,,,,,,,,,,,,,,,,,,,,,,,,,,,,,,,,,,,,,,,,,,,,,,,,,,,,,,,,,,,,,,,,,,,,,,,,,,,,,,,,,,,,,,,,,,,,,
1764665200.026588,1764665200.023320,36049,0,4367.307617,4380.641113,4487.05127,4495.769043,4378.846191,4504.743652,4517.05127,4362.820313,4555,4367.94873,4482.563965,4498.589844,4548.205078,4370,4367.307617,4489.102539,4518.333496,4517.820313,4495.384766,4369.230957,4376.538574,4546.410156,4511.282227,4477.307617,4364.871582,4560,4372.436035,4539.102539,4492.563965,4386.666504,4498.205078,4489.102539,2914,1,25,2576,11027,,,,0,4,4,4,4,4,4,4,4,4,4,4,4,4,4,4,4,4,4,4,4,4,4,4,4,4,4,4,4,4,4,4,4,100,,,,,,,,,,,,,,,,,,,,,,,,,,,,,,,,,,,25396,0,0.255268,-0.610535,-0.723022,0.198303,0.977658,0.179221,0.02637,22.166666,30,43.833332,,,,,,,,,,,,,,,,,,,,,,,,,,,,,,,,,,,,,,,,,,,,,,,,,,,,,,,,,,,,,,,,,,,,,,,,,,,,,,,,,,,,,,,,,,,,,,,,,,,,,,,,,,,,,,,,,,,,,,,,,,,,,,,,,,,,,,,,,,,,,,,,,,,,,,,,,,,,,,,,
1764665200.030496,1764665200.027225,36050,0,4366.025879,4376.666504,4483.205078,4493.461426,4375.512695,4501.153809,4512.820313,4357.563965,4550.897461,4362.307617,4481.282227,4498.461426,4547.692383,4367.05127,4367.94873,4488.333496,4516.025879,4516.538574,4495.384766,4368.589844,4375.384766,4544.358887,4507.436035,4478.333496,4352.692383,4557.179688,4371.282227,4534.102539,4489.615234,4382.307617,4497.179688,4486.282227,1748,1,25,2572,11035,,,,0,4,4,4,4,4,4,4,4,4,4,4,4,4,4,4,4,4,4,4,4,4,4,4,4,4,4,4,4,4,4,4,4,100,,,,,,,,,,,,,,,,,,,,,,,,,,,,,,,,,,,,,,,,,,,,,,,,,,,,,,,,,,,,,,,,,,,,,,,,,,,,,,,,,,,,,,,,,,,,,,,,,,,,,,,,,,,,,,,,,,,,,,,,,,,,,,,,,,,,,,,,,,,,,,,,,,,,,,,,,,,,,,,,,,,,,,,,,,,,,,,,,,,,,,,,,,,,,,,,,,,,,,,,,,,,,,
1764665200.034405,1764665200.031131,36051,0,4367.563965,4377.179688,4484.487305,4497.179688,4378.461426,4498.205078,4510.128418,4356.282227,4551.410156,4362.307617,4483.589844,4502.179688,4550.641113,4368.205078,4370.769043,4489.615234,4518.461426,4519.102539,4498.589844,4370.897461,4378.589844,4544.615234,4508.077148,4481.538574,4354.102539,4558.846191,4373.717773,4533.717773,4489.743652,4380.128418,4501.025879,4486.922852,2951,1,25,2572,11035,,,,0,4,4,4,4,4,4,4,4,4,4,4,4,4,4,4,4,4,4,4,4,4,4,4,4,4,4,4,4,4,4,4,4,100,,,,,,,,,,,,,,,,,,,,,,,,,,,,,,,,,,,,,,,,,,,,,,,,,,,,,,,,,,,,,,,,,,,,,,,,,,,,,,,,,,,,,,,,,,,,,,,,,,,,,,,,,,,,,,,,,,,,,,,,,,,,,,,,,,,,,,,,,,,,,,,,,,,,,,,,,,,,,,,,,,,,,,,,,,,,,,,,,,,,,,,,,,,,,,,,,,,,,,,,,,,,,,
1764665200.038313,1764665200.035037,36052,0,4369.871582,4380.128418,4489.615234,4504.102539,4385.641113,4495.897461,4509.487305,4359.102539,4554.871582,4368.077148,4487.692383,4507.307617,4553.974121,4372.94873,4373.974121,4491.922852,4521.794922,4523.461426,4502.05127,4374.871582,4382.820313,4546.666504,4511.538574,4484.487305,4366.282227,4563.846191,4377.692383,4537.820313,4492.307617,4380.897461,4507.179688,4490.769043,2512,1,25,2571,11043,,,,0,4,4,4,4,4,4,4,4,4,4,4,4,4,4,4,4,4,4,4,4,4,4,4,4,4,4,4,4,4,4,4,4,100,,,,,,,,,,,,,,,,,,,,,,,,,,,,,,,,,,,,,,,,,,,,,,,,,,,,,,,,,,,,,,,,,,,,,,,,,,,,,,,,,,,,,,,,,,,,,,,,,,,,,,,,,,,,,,,,,,,,,,,,,,,,,,,,,,,,,,,,,,,,,,,,,,,,,,,,,,,,,,,,,,,,,,,,,,,,,,,,,,,,,,,,,,,,,,,,,,,,,,,,,,,,,,
1764665200.042221,1764665200.038943,36053,0,4370.641113,4382.820313,4495,4509.102539,4392.307617,4494.743652,4511.410156,4364.358887,4559.358887,4376.410156,4491.153809,4509.871582,4555,4377.94873,4375.512695,4493.461426,4521.410156,4525.769043,4502.820313,4377.692383,4384.230957,4548.589844,4513.717773,4485.256348,4380.897461,4568.717773,4380.256348,4543.461426,4494.487305,4383.846191,4512.692383,4496.282227,2814,1,25,2571,11043,,,,0,4,4,4,4,4,4,4,4,4,4,4,4,4,4,4,4,4,4,4,4,4,4,4,4,4,4,4,4,4,4,4,4,100,,,,,,,,,,,,,,,,,,,,,,,,,,,,,,,,,,,25397,0,0.255143,-0.610535,-0.723083,0.198242,0.985472,0.174826,0.045904,23.833334,28,42.666668,,,,,,,,,,,,,,,,,,,,,,,,,,,,,,,,,,,,,,,,,,,,,,,,,,,,,,,,,,,,,,,,,,,,,,,,,,,,,,,,,,,,,,,,,,,,,,,,,,,,,,,,,,,,,,,,,,,,,,,,,,,,,,,,,,,,,,,,,,,,,,,,,,,,,,,,,,,,,,,,
1764665200.046129,1764665200.042848,36054,0,4369.102539,4382.94873,4497.436035,4509.615234,4394.743652,4495.256348,4514.358887,4368.461426,4563.461426,4381.666504,4492.05127,4507.563965,4553.333496,4379.871582,4374.358887,4493.077148,4515.384766,4524.358887,4501.153809,4377.820313,4381.410156,4548.205078,4511.794922,4483.333496,4389.230957,4570.641113,4380.512695,4546.666504,4493.974121,4387.179688,4515.128418,4501.794922,2921,1,25,2567,11051,,,,0,4,4,4,4,4,4,4,4,4,4,4,4,4,4,4,4,4,4,4,4,4,4,4,4,4,4,4,4,4,4,4,4,100,,,,,,,,,,,,,,,,,,,,,,,,,,,,,,,,,,,,,,,,,,,,,,,,,,,,,,,,,,,,,,,,,,,,,,,,,,,,,,,,,,,,,,,,,,,,,,,,,,,,,,,,,,,,,,,,,,,,,,,,,,,,,,,,,,,,,,,,,,,,,,,,,,,,,,,,,,,,,,,,,,,,,,,,,,,,,,,,,,,,,,,,,,,,,,,,,,,,,,,,,,,,,,
1764665200.050038,1764665200.046754,36055,0,4366.410156,4380.512695,4497.436035,4506.794922,4392.436035,4498.077148,4516.794922,4369.358887,4566.794922,4381.538574,4490.128418,4501.666504,4550.769043,4377.820313,4371.666504,4491.410156,4506.922852,4520.512695,4498.717773,4375.769043,4376.410156,4545.512695,4507.05127,4480,4388.589844,4568.974121,4379.230957,4545.641113,4491.025879,4389.487305,4513.974121,4505.769043,2833,1,25,2567,11051,,,,0,4,4,4,4,4,4,4,4,4,4,4,4,4,4,4,4,4,4,4,4,4,4,4,4,4,4,4,4,4,4,4,4,100,,,,,,,,,,,,,,,,,,,,,,,,,,,,,,,,,,,,,,,,,,,,,,,,,,,,,,,,,,,,,,,,,,,,,,,,,,,,,,,,,,,,,,,,,,,,,,,,,,,,,,,,,,,,,,,,,,,,,,,,,,,,,,,,,,,,,,,,,,,,,,,,,,,,,,,,,,,,,,,,,,,,,,,,,,,,,,,,,,,,,,,,,,,,,,,,,,,,,,,,,,,,,,
1764665200.053946,1764665200.050660,36056,0,4365.256348,4378.461426,4496.666504,4505,4388.461426,4502.436035,4518.205078,4367.820313,4569.230957,4378.974121,4487.692383,4496.666504,4549.487305,4374.230957,4370.384766,4490.512695,4502.05127,4517.307617,4497.436035,4373.717773,4372.820313,4542.179688,4503.205078,4477.820313,4382.307617,4565.512695,4378.333496,4541.922852,4488.205078,4390.641113,4510.769043,4507.820313,2759,1,25,2568,11058,,,,0,4,4,4,4,4,4,4,4,4,4,4,4,4,4,4,4,4,4,4,4,4,4,4,4,4,4,4,4,4,4,4,4,100,,,,,,,,,,,,,,,,,,,,,,,,,,,,,,,,,,,,,,,,,,,,,,,,,,,,,,,,,,,,,,,,,,,,,,,,,,,,,,,,,,,,,,,,,,,,,,,,,,,,,,,,,,,,,,,,,,,,,,,,,,,,,,,,,,,,,,,,,,,,,,,,,,,,,,,,,,,,,,,,,,,,,,,,,,,,,,,,,,,,,,,,,,,,,,,,,,,,,,,,,,,,,,
1764665200.057854,1764665200.054566,36057,0,4367.692383,4380,4496.282227,4507.436035,4387.05127,4506.282227,4519.358887,4366.922852,4570.512695,4379.487305,4486.922852,4496.538574,4550.256348,4372.820313,4371.922852,4491.794922,4504.358887,4516.666504,4497.563965,4372.94873,4372.820313,4541.025879,4503.461426,4478.205078,4376.153809,4562.820313,4379.487305,4538.846191,4488.333496,4391.794922,4508.077148,4508.077148,2810,1,25,2568,11058,,,,0,4,4,4,4,4,4,4,4,4,4,4,4,4,4,4,4,4,4,4,4,4,4,4,4,4,4,4,4,4,4,4,4,100,,,,,,,,,,,,,,,,,,,,,,,,,,,,,,,,,,,25398,0,0.255143,-0.610535,-0.723083,0.198242,0.992309,0.177756,0.03223,22.833334,28.166666,43.333332,,,,,,,,,,,,,,,,,,,,,,,,,,,,,,,,,,,,,,,,,,,,,,,,,,,,,,,,,,,,,,,,,,,,,,,,,,,,,,,,,,,,,,,,,,,,,,,,,,,,,,,,,,,,,,,,,,,,,,,,,,,,,,,,,,,,,,,,,,,,,,,,,,,,,,,,,,,,,,,,
1764665200.061762,1764665200.058472,36058,0,4373.205078,4386.025879,4496.025879,4513.717773,4389.615234,4507.94873,4520.769043,4368.846191,4570.256348,4385.128418,4488.461426,4501.153809,4551.922852,4375.128418,4374.871582,4494.487305,4512.179688,4518.333496,4497.820313,4373.717773,4375.256348,4542.692383,4507.692383,4480.641113,4374.743652,4562.436035,4381.922852,4538.846191,4491.410156,4393.974121,4507.692383,4507.692383,1950,1,25,2564,11066,,,,0,4,4,4,4,4,4,4,4,4,4,4,4,4,4,4,4,4,4,4,4,4,4,4,4,4,4,4,4,4,4,4,4,100,,,,,,,,,,,,,,,,,,,,,,,,,,,,,,,,,,,,,,,,,,,,,,,1.407944,1.700862,1.212501,0.48475,0.500304,2.747783,1.768157,1.566393,0.555695,0.58373,3.214205,1.670128,1.338267,0.727535,0.84438,0.961066,1.501042,1.550076,0.555952,0.705265,0.950253,1.209725,1.333683,0.534626,0.644388,1.832344,1.37553,1.254914,0.522053,0.409703,1.181904,1.237753,1.43536,0.608534,0.834493,0.960285,1.278417,1.450316,0.463245,0.856968,1.639071,0.960182,2.022522,0.548602,0.658649,1.442337,2.148679,1.558958,1.355979,1.06121,0.860779,1.284655,0.863416,0.504997,0.447858,1.428595,2.008215,1.306863,0.598396,0.571091,0.943445,2.10511,0.754992,0.537617,0.470844,0.726587,0.809077,0.699565,0.337573,0.351879,0.475628,0.59049,0.562051,0.329543,0.58586,1.058037,1.874961,0.889554,0.375224,0.546075,1.267554,3.248745,1.478122,0.552504,0.565472,1.292436,2.167359,1.55525,0.455286,0.642426,0.733858,0.710766,0.832445,0.453438,0.392491,1.544603,0.730215,0.773126,0.580887,0.525796,1.678138,1.391468,1.201679,0.612068,0.470991,1.647837,1.874472,0.980091,0.570328,0.594009,1.22889,2.517328,1.094346,0.54404,0.509388,1.902563,1.675556,0.760595,0.536365,0.579948,3.642567,2.768977,1.814307,2.453451,1.645671,1.316172,0.798789,0.641456,0.570438,0.552811,1.730027,1.745896,1.013107,0.67801,0.601031,2.174799,2.434782,0.89444,0.469909,0.637097,1.240103,1.118454,0.550204,0.240544,0.285704,1.700317,2.021725,1.209439,0.562938,0.630941,2.201577,1.495984,0.907792,0.766761,0.74888,4.282371,1.477242,1.160077,0.967938,0.801631
1764665200.065671,1764665200.062377,36059,0,4379.358887,4393.077148,4495.769043,4520.384766,4393.589844,4507.820313,4522.05127,4373.846191,4569.487305,4391.922852,4491.025879,4506.794922,4553.205078,4379.871582,4376.410156,4496.153809,4520.512695,4520.641113,4497.563965,4375.512695,4377.692383,4546.410156,4512.179688,4483.974121,4379.358887,4564.871582,4384.230957,4541.410156,4494.743652,4397.179688,4509.487305,4507.563965,2635,1,25,2564,11066,,,,0,4,4,4,4,4,4,4,4,4,4,4,4,4,4,4,4,4,4,4,4,4,4,4,4,4,4,4,4,4,4,4,4,100,,,,,,,,,,,,,,,,,,,,,,,,,,,,,,,,,,,,,,,,,,,,,,,,,,,,,,,,,,,,,,,,,,,,,,,,,,,,,,,,,,,,,,,,,,,,,,,,,,,,,,,,,,,,,,,,,,,,,,,,,,,,,,,,,,,,,,,,,,,,,,,,,,,,,,,,,,,,,,,,,,,,,,,,,,,,,,,,,,,,,,,,,,,,,,,,,,,,,,,,,,,,,,
1764665200.069579,1764665200.066283,36060,0,4382.692383,4396.025879,4495.512695,4522.820313,4395.256348,4507.563965,4522.436035,4378.717773,4568.717773,4394.615234,4492.692383,4508.717773,4553.846191,4383.589844,4375,4495,4524.871582,4522.94873,4497.05127,4377.307617,4378.077148,4550,4513.589844,4486.282227,4388.205078,4569.230957,4384.871582,4543.974121,4496.282227,4400.128418,4512.307617,4507.94873,2687,1,25,2564,11074,,,,0,4,4,4,4,4,4,4,4,4,4,4,4,4,4,4,4,4,4,4,4,4,4,4,4,4,4,4,4,4,4,4,4,100,,,,,,,,,,,,,,,,,,,,,,,,,,,,,,,,,,,,,,,,,,,,,,,,,,,,,,,,,,,,,,,,,,,,,,,,,,,,,,,,,,,,,,,,,,,,,,,,,,,,,,,,,,,,,,,,,,,,,,,,,,,,,,,,,,,,,,,,,,,,,,,,,,,,,,,,,,,,,,,,,,,,,,,,,,,,,,,,,,,,,,,,,,,,,,,,,,,,,,,,,,,,,,
1764665200.073487,1764665200.070189,36061,0,4381.794922,4392.05127,4494.487305,4519.358887,4392.179688,4507.820313,4521.153809,4379.487305,4567.94873,4390.512695,4492.692383,4505,4554.102539,4383.461426,4371.282227,4491.282227,4524.102539,4524.358887,4497.05127,4378.077148,4377.179688,4551.538574,4510.256348,4486.666504,4395.641113,4573.333496,4383.333496,4544.230957,4495.128418,4400.769043,4514.102539,4508.205078,2506,1,25,2564,11074,,,,0,4,4,4,4,4,4,4,4,4,4,4,4,4,4,4,4,4,4,4,4,4,4,4,4,4,4,4,4,4,4,4,4,100,,,,,,,,,,,,,,,,,,,,,,,,,,,,,,,,,,,25399,0,0.254887,-0.610596,-0.723206,0.197937,0.988402,0.1885,0.030277,21.666666,28.166666,43.333332,,,,,,,,,,,,,,,,,,,,,,,,,,,,,,,,,,,,,,,,,,,,,,,,,,,,,,,,,,,,,,,,,,,,,,,,,,,,,,,,,,,,,,,,,,,,,,,,,,,,,,,,,,,,,,,,,,,,,,,,,,,,,,,,,,,,,,,,,,,,,,,,,,,,,,,,,,,,,,,,
1764665200.077396,1764665200.074095,36062,0,4377.179688,4383.461426,4492.05127,4511.794922,4385.512695,4507.307617,4517.307617,4374.487305,4566.922852,4382.307617,4491.153809,4498.077148,4553.846191,4378.974121,4367.563965,4487.692383,4520,4524.615234,4497.692383,4377.436035,4376.538574,4550.384766,4504.487305,4484.615234,4395.384766,4574.487305,4380.512695,4542.179688,4492.563965,4398.077148,4513.717773,4506.666504,2652,1,25,2565,11082,,,,0,4,4,4,4,4,4,4,4,4,4,4,4,4,4,4,4,4,4,4,4,4,4,4,4,4,4,4,4,4,4,4,4,100,,,,,,,,,,,,,,,,,,,,,,,,,,,,,,,,,,,,,,,,,,,,,,,,,,,,,,,,,,,,,,,,,,,,,,,,,,,,,,,,,,,,,,,,,,,,,,,,,,,,,,,,,,,,,,,,,,,,,,,,,,,,,,,,,,,,,,,,,,,,,,,,,,,,,,,,,,,,,,,,,,,,,,,,,,,,,,,,,,,,,,,,,,,,,,,,,,,,,,,,,,,,,,
1764665200.081304,1764665200.078000,36063,0,4371.922852,4375.512695,4489.230957,4505.128418,4378.974121,4505,4512.179688,4366.410156,4565.512695,4374.230957,4489.102539,4492.436035,4552.94873,4373.077148,4365.769043,4487.179688,4515.897461,4523.461426,4498.717773,4375.769043,4376.922852,4547.307617,4500.641113,4481.282227,4385.256348,4572.05127,4377.94873,4539.871582,4490.641113,4392.820313,4511.666504,4502.94873,2822,1,25,2565,11082,,,,0,4,4,4,4,4,4,4,4,4,4,4,4,4,4,4,4,4,4,4,4,4,4,4,4,4,4,4,4,4,4,4,4,100,,,,,,,,,,,,,,,,,,,,,,,,,,,,,,,,,,,,,,,,,,,,,,,,,,,,,,,,,,,,,,,,,,,,,,,,,,,,,,,,,,,,,,,,,,,,,,,,,,,,,,,,,,,,,,,,,,,,,,,,,,,,,,,,,,,,,,,,,,,,,,,,,,,,,,,,,,,,,,,,,,,,,,,,,,,,,,,,,,,,,,,,,,,,,,,,,,,,,,,,,,,,,,
1764665200.085212,1764665200.081906,36064,0,4369.358887,4373.717773,4487.94873,4504.487305,4376.666504,4502.179688,4509.102539,4361.025879,4564.487305,4369.358887,4487.820313,4492.05127,4551.922852,4370,4367.05127,4491.282227,4514.871582,4521.922852,4499.871582,4374.871582,4378.589844,4545,4502.692383,4479.230957,4368.974121,4567.820313,4377.436035,4540.256348,4491.153809,4388.717773,4510,4499.230957,2742,1,25,2566,11090,,,,0,4,4,4,4,4,4,4,4,4,4,4,4,4,4,4,4,4,4,4,4,4,4,4,4,4,4,4,4,4,4,4,4,100,,,,,,,,,,,,,,,,,,,,,,,,,,,,,,,,,,,,,,,,,,,,,,,,,,,,,,,,,,,,,,,,,,,,,,,,,,,,,,,,,,,,,,,,,,,,,,,,,,,,,,,,,,,,,,,,,,,,,,,,,,,,,,,,,,,,,,,,,,,,,,,,,,,,,,,,,,,,,,,,,,,,,,,,,,,,,,,,,,,,,,,,,,,,,,,,,,,,,,,,,,,,,,
1764665200.089120,1764665200.085812,36065,0,4370.897461,4379.487305,4490.128418,4511.153809,4380.128418,4501.153809,4511.025879,4362.820313,4565.769043,4367.563965,4488.205078,4496.538574,4551.538574,4372.307617,4370.384766,4497.820313,4517.436035,4521.153809,4500.641113,4376.410156,4380.897461,4546.410156,4510.512695,4481.282227,4355,4565.512695,4381.153809,4544.230957,4494.615234,4389.358887,4511.153809,4498.974121,2905,1,25,2566,11090,,,,0,4,4,4,4,4,4,4,4,4,4,4,4,4,4,4,4,4,4,4,4,4,4,4,4,4,4,4,4,4,4,4,4,100,,,,,,,,,,,,,,,,,,,,,,,,,,,,,,,,,,,25400,0,0.254836,-0.610657,-0.723206,0.197815,0.98596,0.168478,0.029789,22.166666,29.166666,43,,,,,,,,,,,,,,,,,,,,,,,,,,,,,,,,,,,,,,,,,,,,,,,,,,,,,,,,,,,,,,,,,,,,,,,,,,,,,,,,,,,,,,,,,,,,,,,,,,,,,,,,,,,,,,,,,,,,,,,,,,,,,,,,,,,,,,,,,,,,,,,,,,,,,,,,,,,,,,,,
1764665200.093029,1764665200.089718,36066,0,4376.025879,4388.589844,4496.153809,4521.282227,4386.922852,4503.333496,4517.179688,4371.153809,4570.128418,4366.153809,4490.512695,4502.307617,4551.794922,4378.077148,4374.230957,4502.436035,4522.307617,4521.922852,4501.153809,4380.256348,4382.820313,4551.794922,4519.871582,4487.692383,4350.512695,4567.179688,4388.589844,4550.256348,4499.743652,4395.128418,4515.128418,4503.589844,2589,1,25,2567,11097,,,,0,4,4,4,4,4,4,4,4,4,4,4,4,4,4,4,4,4,4,4,4,4,4,4,4,4,4,4,4,4,4,4,4,100,,,,,,,,,,,,,,,,,,,,,,,,,,,,,,,,,,,,,,,,,,,,,,,,,,,,,,,,,,,,,,,,,,,,,,,,,,,,,,,,,,,,,,,,,,,,,,,,,,,,,,,,,,,,,,,,,,,,,,,,,,,,,,,,,,,,,,,,,,,,,,,,,,,,,,,,,,,,,,,,,,,,,,,,,,,,,,,,,,,,,,,,,,,,,,,,,,,,,,,,,,,,,,
1764665200.096937,1764665200.093623,36067,0,4381.410156,4394.358887,4502.820313,4528.589844,4392.179688,4506.794922,4523.589844,4380.641113,4575.897461,4363.461426,4493.589844,4505,4552.692383,4382.692383,4376.153809,4502.436035,4526.666504,4523.974121,4501.538574,4384.487305,4383.846191,4558.333496,4524.615234,4495,4357.05127,4571.025879,4396.538574,4554.358887,4503.461426,4401.922852,4519.487305,4509.743652,2843,1,25,2567,11097,,,,0,4,4,4,4,4,4,4,4,4,4,4,4,4,4,4,4,4,4,4,4,4,4,4,4,4,4,4,4,4,4,4,4,100,,,,,,,,,,,,,,,,,,,,,,,,,,,,,,,,,,,,,,,,,,,,,,,,,,,,,,,,,,,,,,,,,,,,,,,,,,,,,,,,,,,,,,,,,,,,,,,,,,,,,,,,,,,,,,,,,,,,,,,,,,,,,,,,,,,,,,,,,,,,,,,,,,,,,,,,,,,,,,,,,,,,,,,,,,,,,,,,,,,,,,,,,,,,,,,,,,,,,,,,,,,,,,
1764665200.100845,1764665200.097529,36068,0,4382.94873,4391.666504,4505.769043,4528.589844,4391.922852,4507.692383,4525.641113,4384.743652,4578.974121,4360.897461,4495,4503.077148,4553.846191,4383.077148,4374.743652,4498.333496,4527.94873,4526.025879,4502.05127,4386.922852,4383.461426,4561.538574,4521.794922,4498.333496,4369.871582,4573.205078,4399.871582,4553.589844,4503.205078,4403.333496,4520.256348,4512.05127,2737,1,25,2568,11105,,,,0,4,4,4,4,4,4,4,4,4,4,4,4,4,4,4,4,4,4,4,4,4,4,4,4,4,4,4,4,4,4,4,4,100,,,,,,,,,,,,,,,,,,,,,,,,,,,,,,,,,,,,,,,,,,,,,,,,,,,,,,,,,,,,,,,,,,,,,,,,,,,,,,,,,,,,,,,,,,,,,,,,,,,,,,,,,,,,,,,,,,,,,,,,,,,,,,,,,,,,,,,,,,,,,,,,,,,,,,,,,,,,,,,,,,,,,,,,,,,,,,,,,,,,,,,,,,,,,,,,,,,,,,,,,,,,,,
1764665200.104753,1764665200.101435,36069,0,4378.717773,4381.666504,4501.794922,4521.282227,4385.769043,4503.333496,4521.153809,4381.025879,4576.666504,4361.410156,4493.077148,4498.461426,4554.358887,4379.615234,4370.769043,4493.461426,4525,4526.666504,4501.666504,4386.282227,4381.282227,4559.487305,4512.820313,4495.512695,4381.282227,4571.538574,4394.743652,4547.179688,4498.717773,4396.666504,4515.512695,4507.307617,2777,1,25,2568,11105,,,,0,4,4,4,4,4,4,4,4,4,4,4,4,4,4,4,4,4,4,4,4,4,4,4,4,4,4,4,4,4,4,4,4,100,,,,,,,,,,,,,,,,,,,,,,,,,,,,,,,,,,,25401,0,0.254863,-0.610718,-0.723145,0.197815,0.98596,0.168478,0.029789,22.666666,28.333334,43.833332,,,,,,,,,,,,,,,,,,,,,,,,,,,,,,,,,,,,,,,,,,,,,,,,,,,,,,,,,,,,,,,,,,,,,,,,,,,,,,,,,,,,,,,,,,,,,,,,,,,,,,,,,,,,,,,,,,,,,,,,,,,,,,,,,,,,,,,,,,,,,,,,,,,,,,,,,,,,,,,,
1764665200.108662,1764665200.105341,36070,0,4370.384766,4370,4492.179688,4511.410156,4376.794922,4495,4512.563965,4372.179688,4569.230957,4365.512695,4488.205078,4493.205078,4553.717773,4375.384766,4366.153809,4490.769043,4518.717773,4524.615234,4499.487305,4383.077148,4377.179688,4553.461426,4502.436035,4488.205078,4385.641113,4566.922852,4382.436035,4537.94873,4492.692383,4384.487305,4506.922852,4497.179688,2782,1,25,2569,11113,,,,0,4,4,4,4,4,4,4,4,4,4,4,4,4,4,4,4,4,4,4,4,4,4,4,4,4,4,4,4,4,4,4,4,100,,,,,,,,,,,,,,,,,,,,,,,,,,,,,,,,,,,,,,,,,,,,,,,,,,,,,,,,,,,,,,,,,,,,,,,,,,,,,,,,,,,,,,,,,,,,,,,,,,,,,,,,,,,,,,,,,,,,,,,,,,,,,,,,,,,,,,,,,,,,,,,,,,,,,,,,,,,,,,,,,,,,,,,,,,,,,,,,,,,,,,,,,,,,,,,,,,,,,,,,,,,,,,
1764665200.112570,1764665200.109247,36071,0,4361.794922,4362.563965,4481.282227,4503.974121,4369.487305,4487.05127,4504.871582,4363.333496,4560.384766,4370.641113,4483.333496,4489.230957,4551.538574,4373.333496,4363.077148,4490.512695,4511.410156,4519.871582,4495.128418,4378.205078,4371.666504,4546.666504,4495.641113,4480.641113,4382.94873,4561.666504,4368.461426,4530.256348,4487.94873,4373.077148,4498.205078,4487.436035,2972,1,25,2569,11113,,,,0,4,4,4,4,4,4,4,4,4,4,4,4,4,4,4,4,4,4,4,4,4,4,4,4,4,4,4,4,4,4,4,4,100,,,,,,,,,,,,,,,,,,,,,,,,,,,,,,,,,,,,,,,,,,,,,,,,,,,,,,,,,,,,,,,,,,,,,,,,,,,,,,,,,,,,,,,,,,,,,,,,,,,,,,,,,,,,,,,,,,,,,,,,,,,,,,,,,,,,,,,,,,,,,,,,,,,,,,,,,,,,,,,,,,,,,,,,,,,,,,,,,,,,,,,,,,,,,,,,,,,,,,,,,,,,,,
1764665200.116478,1764665200.113152,36072,0,4357.563965,4361.922852,4474.230957,4501.538574,4366.538574,4483.974121,4502.05127,4357.94873,4554.102539,4372.692383,4481.025879,4486.794922,4549.230957,4374.743652,4362.563965,4490.769043,4506.538574,4513.974121,4490.256348,4373.333496,4365.897461,4541.794922,4494.358887,4475.897461,4378.461426,4557.94873,4359.358887,4527.179688,4486.410156,4368.461426,4493.077148,4482.692383,2848,1,25,2570,11121,,,,0,4,4,4,4,4,4,4,4,4,4,4,4,4,4,4,4,4,4,4,4,4,4,4,4,4,4,4,4,4,4,4,4,100,,,,,,,,,,,,,,,,,,,,,,,,,,,,,,,,,,,,,,,,,,,,,,,,,,,,,,,,,,,,,,,,,,,,,,,,,,,,,,,,,,,,,,,,,,,,,,,,,,,,,,,,,,,,,,,,,,,,,,,,,,,,,,,,,,,,,,,,,,,,,,,,,,,,,,,,,,,,,,,,,,,,,,,,,,,,,,,,,,,,,,,,,,,,,,,,,,,,,,,,,,,,,,
1764665200.120386,1764665200.117058,36073,0,4359.615234,4365.897461,4473.205078,4503.461426,4367.563965,4487.436035,4504.743652,4356.794922,4553.205078,4371.025879,4482.820313,4486.538574,4549.102539,4378.589844,4364.487305,4489.358887,4506.153809,4509.743652,4487.436035,4370.256348,4362.05127,4540.641113,4497.692383,4475.512695,4377.94873,4557.179688,4358.846191,4529.230957,4488.333496,4371.794922,4492.820313,4483.846191,2699,1,25,2570,11121,,,,0,4,4,4,4,4,4,4,4,4,4,4,4,4,4,4,4,4,4,4,4,4,4,4,4,4,4,4,4,4,4,4,4,100,,,,,,,,,,,,,,,,,,,,,,,,,,,,,,,,,,,25402,0,0.254764,-0.610779,-0.723145,0.197754,0.986937,0.178733,0.031742,23,29.166666,45.166668,,,,,,,,,,,,,,,,,,,,,,,,,,,,,,,,,,,,,,,,,,,,,,,,,,,,,,,,,,,,,,,,,,,,,,,,,,,,,,,,,,,,,,,,,,,,,,,,,,,,,,,,,,,,,,,,,,,,,,,,,,,,,,,,,,,,,,,,,,,,,,,,,,,,,,,,,,,,,,,,
1764665200.124295,1764665200.120964,36074,0,4366.922852,4371.153809,4477.563965,4507.692383,4371.153809,4495.512695,4511.153809,4359.358887,4558.461426,4369.230957,4487.692383,4488.846191,4552.563965,4382.94873,4367.436035,4486.538574,4510.512695,4509.615234,4488.461426,4370.384766,4362.307617,4543.589844,4503.589844,4479.487305,4383.846191,4559.743652,4365.256348,4535.128418,4492.563965,4379.358887,4496.538574,4488.205078,2270,1,25,2571,11129,,,,0,4,4,4,4,4,4,4,4,4,4,4,4,4,4,4,4,4,4,4,4,4,4,4,4,4,4,4,4,4,4,4,4,100,,,,,,,,,,,,,,,,,,,,,,,,,,,,,,,,,,,,,,,,,,,,,,,,,,,,,,,,,,,,,,,,,,,,,,,,,,,,,,,,,,,,,,,,,,,,,,,,,,,,,,,,,,,,,,,,,,,,,,,,,,,,,,,,,,,,,,,,,,,,,,,,,,,,,,,,,,,,,,,,,,,,,,,,,,,,,,,,,,,,,,,,,,,,,,,,,,,,,,,,,,,,,,
1764665200.128203,1764665200.124870,36075,0,4376.282227,4376.282227,4485,4512.307617,4375.897461,4504.358887,4518.333496,4364.615234,4567.820313,4372.179688,4493.333496,4493.717773,4558.717773,4386.666504,4370.641113,4484.615234,4517.94873,4514.358887,4493.205078,4373.717773,4367.05127,4549.743652,4510,4486.666504,4393.461426,4564.743652,4374.102539,4542.05127,4497.179688,4386.153809,4502.307617,4492.05127,2676,1,25,2571,11129,,,,0,4,4,4,4,4,4,4,4,4,4,4,4,4,4,4,4,4,4,4,4,4,4,4,4,4,4,4,4,4,4,4,4,100,,,,,,,,,,,,,,,,,,,,,,,,,,,,,,,,,,,,,,,,,,,,,,,,,,,,,,,,,,,,,,,,,,,,,,,,,,,,,,,,,,,,,,,,,,,,,,,,,,,,,,,,,,,,,,,,,,,,,,,,,,,,,,,,,,,,,,,,,,,,,,,,,,,,,,,,,,,,,,,,,,,,,,,,,,,,,,,,,,,,,,,,,,,,,,,,,,,,,,,,,,,,,,
1764665200.132111,1764665200.128775,36076,0,4383.461426,4380.512695,4491.666504,4515.769043,4380.512695,4509.871582,4524.102539,4371.153809,4577.307617,4380.641113,4497.820313,4500,4565.256348,4388.846191,4373.077148,4485.769043,4525.256348,4521.666504,4499.615234,4378.461426,4374.743652,4556.410156,4515.128418,4493.589844,4400.897461,4570.128418,4379.871582,4547.307617,4499.615234,4388.461426,4507.436035,4493.333496,2481,1,25,2572,11136,,,,0,4,4,4,4,4,4,4,4,4,4,4,4,4,4,4,4,4,4,4,4,4,4,4,4,4,4,4,4,4,4,4,4,100,,,,,,,,,,,,,,,,,,,,,,,,,,,,,,,,,,,,,,,,,,,,,,,,,,,,,,,,,,,,,,,,,,,,,,,,,,,,,,,,,,,,,,,,,,,,,,,,,,,,,,,,,,,,,,,,,,,,,,,,,,,,,,,,,,,,,,,,,,,,,,,,,,,,,,,,,,,,,,,,,,,,,,,,,,,,,,,,,,,,,,,,,,,,,,,,,,,,,,,,,,,,,,
1764665200.136019,1764665200.132681,36077,0,4385,4383.205078,4494.615234,4516.410156,4383.589844,4510.512695,4527.05127,4376.282227,4582.563965,4390,4499.487305,4504.358887,4569.102539,4389.230957,4374.487305,4490,4529.102539,4527.307617,4503.974121,4382.05127,4381.538574,4560,4517.05127,4496.538574,4401.410156,4573.461426,4380.128418,4548.589844,4498.205078,4385.641113,4510.128418,4492.179688,2231,1,25,2572,11136,,,,0,4,4,4,4,4,4,4,4,4,4,4,4,4,4,4,4,4,4,4,4,4,4,4,4,4,4,4,4,4,4,4,4,100,,,,,,,,,,,,,,,,,,,,,,,,,,,,,,,,,,,25403,0,0.254566,-0.610901,-0.723145,0.197632,0.97131,0.183128,0.027835,23.5,29.166666,44.666668,,,,,,,,,,,,,,,,,,,,,,,,,,,,,,,,,,,,,,,,,,,,,,,,,,,,,,,,,,,,,,,,,,,,,,,,,,,,,,,,,,,,,,,,,,,,,,,,,,,,,,,,,,,,,,,,,,,,,,,,,,,,,,,,,,,,,,,,,,,,,,,,,,,,,,,,,,,,,,,,
1764665200.139928,1764665200.136587,36078,0,4381.025879,4382.94873,4493.077148,4513.846191,4383.717773,4507.307617,4525.769043,4377.563965,4581.410156,4393.846191,4497.94873,4504.102539,4568.974121,4387.307617,4374.871582,4494.743652,4528.077148,4528.205078,4504.358887,4382.179688,4384.615234,4558.717773,4515.256348,4493.589844,4395.512695,4573.333496,4375.897461,4545.769043,4493.461426,4380.641113,4509.487305,4489.871582,2695,1,25,2573,11144,,,,0,4,4,4,4,4,4,4,4,4,4,4,4,4,4,4,4,4,4,4,4,4,4,4,4,4,4,4,4,4,4,4,4,100,,,,,,,,,,,,,,,,,,,,,,,,,,,,,,,,,,,,,,,,,,,,,,,,,,,,,,,,,,,,,,,,,,,,,,,,,,,,,,,,,,,,,,,,,,,,,,,,,,,,,,,,,,,,,,,,,,,,,,,,,,,,,,,,,,,,,,,,,,,,,,,,,,,,,,,,,,,,,,,,,,,,,,,,,,,,,,,,,,,,,,,,,,,,,,,,,,,,,,,,,,,,,,
1764665200.143836,1764665200.140493,36079,0,4374.871582,4380,4489.230957,4509.358887,4381.410156,4503.333496,4521.538574,4374.871582,4576.410156,4389.230957,4494.487305,4499.743652,4565.641113,4383.846191,4374.871582,4497.05127,4523.717773,4525,4501.153809,4379.487305,4383.974121,4553.974121,4511.410156,4487.820313,4388.589844,4571.153809,4371.282227,4540.769043,4488.846191,4377.692383,4506.666504,4487.94873,2486,1,25,2573,11144,,,,0,4,4,4,4,4,4,4,4,4,4,4,4,4,4,4,4,4,4,4,4,4,4,4,4,4,4,4,4,4,4,4,4,100,,,,,,,,,,,,,,,,,,,,,,,,,,,,,,,,,,,,,,,,,,,,,,,,,,,,,,,,,,,,,,,,,,,,,,,,,,,,,,,,,,,,,,,,,,,,,,,,,,,,,,,,,,,,,,,,,,,,,,,,,,,,,,,,,,,,,,,,,,,,,,,,,,,,,,,,,,,,,,,,,,,,,,,,,,,,,,,,,,,,,,,,,,,,,,,,,,,,,,,,,,,,,,
1764665200.147744,1764665200.144399,36080,0,4371.538574,4376.922852,4486.538574,4506.025879,4379.615234,4501.410156,4518.077148,4370.897461,4572.307617,4378.974121,4491.666504,4495.256348,4561.538574,4381.025879,4376.282227,4496.025879,4519.743652,4521.282227,4497.436035,4376.666504,4382.179688,4549.487305,4509.230957,4484.358887,4386.666504,4569.871582,4370.641113,4537.179688,4487.692383,4379.743652,4504.743652,4487.820313,2852,1,25,2572,11152,,,,0,4,4,4,4,4,4,4,4,4,4,4,4,4,4,4,4,4,4,4,4,4,4,4,4,4,4,4,4,4,4,4,4,100,,,,,,,,,,,,,,,,,,,,,,,,,,,,,,,,,,,,,,,,,,,,,,,,,,,,,,,,,,,,,,,,,,,,,,,,,,,,,,,,,,,,,,,,,,,,,,,,,,,,,,,,,,,,,,,,,,,,,,,,,,,,,,,,,,,,,,,,,,,,,,,,,,,,,,,,,,,,,,,,,,,,,,,,,,,,,,,,,,,,,,,,,,,,,,,,,,,,,,,,,,,,,,
1764665200.151652,1764665200.148304,36081,0,4374.102539,4377.05127,4487.05127,4506.538574,4381.025879,4503.077148,4518.333496,4369.102539,4572.94873,4369.102539,4491.410156,4495.256348,4558.974121,4381.410156,4379.487305,4493.846191,4519.615234,4520.769043,4496.410156,4376.282227,4381.922852,4548.461426,4510.641113,4486.282227,4390.384766,4571.410156,4375.641113,4537.436035,4491.410156,4386.410156,4506.282227,4490,2908,1,25,2572,11152,,,,0,4,4,4,4,4,4,4,4,4,4,4,4,4,4,4,4,4,4,4,4,4,4,4,4,4,4,4,4,4,4,4,4,100,,,,,,,,,,,,,,,,,,,,,,,,,,,,,,,,,,,25404,0,0.254514,-0.610962,-0.723145,0.19751,0.992797,0.174338,0.033696,23.833334,30,45.5,,,,,,,,,,,,,,,,,,,,,,,,,,,,,,,,,,,,,,,,,,,,,,,,,,,,,,,,,,,,,,,,,,,,,,,,,,,,,,,,,,,,,,,,,,,,,,,,,,,,,,,,,,,,,,,,,,,,,,,,,,,,,,,,,,,,,,,,,,,,,,,,,,,,,,,,,,,,,,,,
1764665200.155561,1764665200.152210,36082,0,4380.897461,4381.025879,4490.384766,4510.769043,4386.410156,4507.563965,4522.307617,4371.025879,4578.589844,4364.615234,4493.077148,4500,4558.846191,4385.512695,4383.461426,4493.077148,4523.077148,4523.589844,4498.974121,4378.461426,4384.102539,4551.025879,4514.743652,4491.794922,4394.871582,4574.487305,4383.589844,4541.282227,4497.307617,4393.846191,4510.769043,4493.589844,1746,1,25,2570,11160,,,,0,4,4,4,4,4,4,4,4,4,4,4,4,4,4,4,4,4,4,4,4,4,4,4,4,4,4,4,4,4,4,4,4,100,,,,,,,,,,,,,,,,,,,,,,,,,,,,,,,,,,,,,,,,,,,,,,,,,,,,,,,,,,,,,,,,,,,,,,,,,,,,,,,,,,,,,,,,,,,,,,,,,,,,,,,,,,,,,,,,,,,,,,,,,,,,,,,,,,,,,,,,,,,,,,,,,,,,,,,,,,,,,,,,,,,,,,,,,,,,,,,,,,,,,,,,,,,,,,,,,,,,,,,,,,,,,,
1764665200.159469,1764665200.156116,36083,0,4386.666504,4385.384766,4493.461426,4515.256348,4392.05127,4511.282227,4526.282227,4374.487305,4585.128418,4366.922852,4493.717773,4505.128418,4559.487305,4390.897461,4385.769043,4494.743652,4526.922852,4527.307617,4502.692383,4380.641113,4386.282227,4554.102539,4517.563965,4495.256348,4393.333496,4575.769043,4388.974121,4545.384766,4500.769043,4397.307617,4514.102539,4496.025879,2943,1,25,2570,11160,,,,0,4,4,4,4,4,4,4,4,4,4,4,4,4,4,4,4,4,4,4,4,4,4,4,4,4,4,4,4,4,4,4,4,100,,,,,,,,,,,,,,,,,,,,,,,,,,,,,,,,,,,,,,,,,,,,,,,,,,,,,,,,,,,,,,,,,,,,,,,,,,,,,,,,,,,,,,,,,,,,,,,,,,,,,,,,,,,,,,,,,,,,,,,,,,,,,,,,,,,,,,,,,,,,,,,,,,,,,,,,,,,,,,,,,,,,,,,,,,,,,,,,,,,,,,,,,,,,,,,,,,,,,,,,,,,,,,
1764665200.163377,1764665200.160022,36084,0,4387.307617,4385.641113,4492.820313,4516.410156,4393.974121,4511.410156,4526.410156,4375.512695,4587.05127,4373.461426,4491.025879,4505.641113,4558.974121,4393.333496,4384.871582,4496.538574,4527.05127,4528.333496,4504.230957,4379.615234,4385.641113,4553.717773,4516.025879,4492.307617,4383.846191,4572.179688,4387.820313,4545.769043,4499.102539,4394.743652,4512.563965,4495.256348,2505,1,25,2571,11168,,,,0,4,4,4,4,4,4,4,4,4,4,4,4,4,4,4,4,4,4,4,4,4,4,4,4,4,4,4,4,4,4,4,4,100,,,,,,,,,,,,,,,,,,,,,,,,,,,,,,,,,,,,,,,,,,,,,,,,,,,,,,,,,,,,,,,,,,,,,,,,,,,,,,,,,,,,,,,,,,,,,,,,,,,,,,,,,,,,,,,,,,,,,,,,,,,,,,,,,,,,,,,,,,,,,,,,,,,,,,,,,,,,,,,,,,,,,,,,,,,,,,,,,,,,,,,,,,,,,,,,,,,,,,,,,,,,,,
1764665200.167286,1764665200.163927,36085,0,4382.179688,4380.256348,4487.179688,4512.692383,4390.128418,4506.922852,4521.538574,4372.307617,4582.05127,4380.384766,4485.897461,4500.256348,4556.410156,4390.384766,4381.794922,4496.025879,4522.05127,4525.769043,4502.05127,4374.743652,4381.282227,4548.974121,4509.743652,4483.461426,4370.128418,4564.487305,4380.897461,4541.666504,4492.94873,4387.692383,4506.153809,4491.153809,2807,1,25,2571,11168,,,,0,4,4,4,4,4,4,4,4,4,4,4,4,4,4,4,4,4,4,4,4,4,4,4,4,4,4,4,4,4,4,4,4,100,,,,,,,,,,,,,,,,,,,,,,,,,,,,,,,,,,,25405,0,0.254692,-0.610901,-0.723083,0.197693,0.972287,0.164571,0.028812,22.833334,29.833334,42,,,,,,,,,,,,,,,,,,,,,,,,,,,,,,,,,,,,,,,,,,,,,,,,,,,,,,,,,,,,,,,,,,,,,,,,,,,,,,,,,,,,,,,,,,,,,,,,,,,,,,,,,,,,,,,,,,,,,,,,,,,,,,,,,,,,,,,,,,,,,,,,,,,,,,,,,,,,,,,,
1764665200.171194,1764665200.167833,36086,0,4375,4372.179688,4478.974121,4506.794922,4382.820313,4500.256348,4514.358887,4366.025879,4572.436035,4383.846191,4481.282227,4492.436035,4553.077148,4382.94873,4378.205078,4492.307617,4514.615234,4521.410156,4498.077148,4368.717773,4375.128418,4542.179688,4501.922852,4473.333496,4358.974121,4557.179688,4372.307617,4535.897461,4486.153809,4380.128418,4498.717773,4485.641113,2917,1,25,2567,11176,,,,0,4,4,4,4,4,4,4,4,4,4,4,4,4,4,4,4,4,4,4,4,4,4,4,4,4,4,4,4,4,4,4,4,100,,,,,,,,,,,,,,,,,,,,,,,,,,,,,,,,,,,,,,,,,,,,,,,,,,,,,,,,,,,,,,,,,,,,,,,,,,,,,,,,,,,,,,,,,,,,,,,,,,,,,,,,,,,,,,,,,,,,,,,,,,,,,,,,,,,,,,,,,,,,,,,,,,,,,,,,,,,,,,,,,,,,,,,,,,,,,,,,,,,,,,,,,,,,,,,,,,,,,,,,,,,,,,
1764665200.175102,1764665200.171739,36087,0,4369.871582,4366.025879,4472.436035,4502.179688,4376.282227,4495,4508.333496,4360.512695,4563.205078,4382.436035,4478.717773,4487.179688,4550.769043,4375.128418,4375.384766,4486.794922,4508.461426,4518.846191,4495.384766,4365.641113,4370.256348,4536.794922,4496.410156,4467.692383,4355,4554.487305,4366.538574,4532.307617,4482.436035,4375.641113,4494.487305,4481.025879,2829,1,25,2567,11176,,,,0,4,4,4,4,4,4,4,4,4,4,4,4,4,4,4,4,4,4,4,4,4,4,4,4,4,4,4,4,4,4,4,4,100,,,,,,,,,,,,,,,,,,,,,,,,,,,,,,,,,,,,,,,,,,,,,,,,,,,,,,,,,,,,,,,,,,,,,,,,,,,,,,,,,,,,,,,,,,,,,,,,,,,,,,,,,,,,,,,,,,,,,,,,,,,,,,,,,,,,,,,,,,,,,,,,,,,,,,,,,,,,,,,,,,,,,,,,,,,,,,,,,,,,,,,,,,,,,,,,,,,,,,,,,,,,,,
1764665200.179010,1764665200.175645,36088,0,4368.846191,4365.128418,4470.641113,4501.153809,4373.717773,4493.846191,4505.769043,4358.333496,4558.077148,4377.692383,4477.94873,4486.794922,4550,4371.153809,4373.077148,4482.179688,4506.794922,4519.615234,4495.512695,4367.307617,4369.102539,4535.641113,4495.384766,4468.974121,4358.974121,4557.692383,4365.384766,4532.307617,4483.333496,4375.641113,4495.256348,4479.358887,2750,1,25,2563,11183,,,,0,4,4,4,4,4,4,4,4,4,4,4,4,4,4,4,4,4,4,4,4,4,4,4,4,4,4,4,4,4,4,4,4,100,,,,,,,,,,,,,,,,,,,,,,,,,,,,,,,,,,,,,,,,,,,,,,,,,,,,,,,,,,,,,,,,,,,,,,,,,,,,,,,,,,,,,,,,,,,,,,,,,,,,,,,,,,,,,,,,,,,,,,,,,,,,,,,,,,,,,,,,,,,,,,,,,,,,,,,,,,,,,,,,,,,,,,,,,,,,,,,,,,,,,,,,,,,,,,,,,,,,,,,,,,,,,,
1764665200.182919,1764665200.179550,36089,0,4371.282227,4369.358887,4473.717773,4502.94873,4375.769043,4496.666504,4506.025879,4359.487305,4557.94873,4372.436035,4477.94873,4489.871582,4550.512695,4372.436035,4370.384766,4480.512695,4509.487305,4522.05127,4497.179688,4372.307617,4371.666504,4538.974121,4497.692383,4476.153809,4368.205078,4564.487305,4368.461426,4535,4487.563965,4379.743652,4499.615234,4481.666504,2809,1,25,2563,11183,,,,0,4,4,4,4,4,4,4,4,4,4,4,4,4,4,4,4,4,4,4,4,4,4,4,4,4,4,4,4,4,4,4,4,100,,,,,,,,,,,,,,,,,,,,,,,,,,,,,,,,,,,25406,0,0.254739,-0.610901,-0.723083,0.197632,0.978147,0.171408,0.027835,24,29.333334,45,,,,,,,,,,,,,,,,,,,,,,,,,,,,,,,,,,,,,,,,,,,,,,,,,,,,,,,,,,,,,,,,,,,,,,,,,,,,,,,,,,,,,,,,,,,,,,,,,,,,,,,,,,,,,,,,,,,,,,,,,,,,,,,,,,,,,,,,,,,,,,,,,,,,,,,,,,,,,,,,
1764665200.186827,1764665200.183456,36090,0,4375.128418,4376.153809,4480.128418,4505.512695,4380.641113,4501.410156,4507.692383,4362.436035,4561.538574,4369.871582,4478.077148,4492.94873,4551.153809,4376.538574,4366.282227,4481.666504,4514.487305,4523.077148,4497.820313,4377.436035,4376.538574,4544.871582,4501.153809,4485.256348,4378.846191,4571.410156,4373.717773,4537.94873,4492.436035,4386.025879,4504.871582,4486.922852,1947,1,25,2562,11191,,,,0,4,4,4,4,4,4,4,4,4,4,4,4,4,4,4,4,4,4,4,4,4,4,4,4,4,4,4,4,4,4,4,4,100,0.976563,100,4,4,4,4,4,4,4,4,4,4,4,4,4,4,4,4,4,4,4,4,4,4,4,4,4,4,4,4,4,4,4,4,,,,,,,,,,,,,1.169151,1.709778,1.30405,0.490782,0.481056,2.563734,1.966378,1.601473,0.592448,0.568948,2.869084,1.703807,1.254839,0.762312,0.787211,0.82078,1.462962,1.524578,0.518996,0.678217,0.898422,1.368491,1.401542,0.588425,0.616842,1.650744,1.610392,1.314425,0.492097,0.394488,1.059965,1.260501,1.450455,0.590814,0.744988,0.933519,1.351011,1.412822,0.472923,0.782658,1.345536,1.011407,1.972878,0.539097,0.625305,1.292972,2.217844,1.638806,1.350467,1.169739,0.779122,1.322212,0.938119,0.50489,0.446647,1.309517,2.062494,1.267022,0.573753,0.531896,0.83384,2.066925,0.86667,0.509578,0.436552,0.691225,0.812443,0.7089,0.329164,0.318263,0.494591,0.615855,0.623664,0.332987,0.54075,1.057697,1.797366,0.95752,0.394872,0.510632,1.022992,3.144861,1.679677,0.558,0.526278,1.185918,1.958124,1.621813,0.51105,0.576044,0.671919,0.722151,0.887226,0.46231,0.355339,1.398147,0.690054,0.859518,0.616579,0.496464,1.540506,1.291657,1.320142,0.650262,0.417904,1.492008,1.829154,1.087443,0.572663,0.544233,1.154493,2.551811,1.208101,0.561201,0.466778,1.928556,1.822646,0.82342,0.591596,0.550381,3.432333,3.266502,1.720339,2.629913,1.637585,1.400241,0.868219,0.721953,0.592947,0.526318,1.583999,1.842642,0.995438,0.728402,0.567753,1.967009,2.519141,1.058473,0.497645,0.606293,1.10719,1.129287,0.612839,0.26887,0.270559,1.615283,2.05987,1.286427,0.585654,0.60534,2.116918,1.619482,0.881455,0.827163,0.710563,3.994531,1.55674,1.148605,1.050104,0.791912
1764665200.190735,1764665200.187362,36091,0,4378.589844,4382.307617,4486.922852,4507.692383,4385.897461,4505.256348,4509.615234,4365.128418,4566.410156,4371.922852,4479.230957,4493.974121,4551.538574,4380.256348,4362.179688,4485,4519.102539,4521.025879,4496.410156,4380.256348,4381.282227,4550.256348,4503.717773,4491.922852,4388.077148,4575.897461,4379.102539,4539.871582,4495.769043,4392.307617,4508.717773,4493.461426,2627,1,25,2562,11191,,,,0,4,4,4,4,4,4,4,4,4,4,4,4,4,4,4,4,4,4,4,4,4,4,4,4,4,4,4,4,4,4,4,4,100,,,,,,,,,,,,,,,,,,,,,,,,,,,,,,,,,,,,,,,,,,,,,,,,,,,,,,,,,,,,,,,,,,,,,,,,,,,,,,,,,,,,,,,,,,,,,,,,,,,,,,,,,,,,,,,,,,,,,,,,,,,,,,,,,,,,,,,,,,,,,,,,,,,,,,,,,,,,,,,,,,,,,,,,,,,,,,,,,,,,,,,,,,,,,,,,,,,,,,,,,,,,,,
1764665200.194643,1764665200.191268,36092,0,4380.769043,4385.641113,4491.922852,4510.256348,4389.743652,4506.538574,4511.794922,4367.563965,4569.871582,4378.077148,4481.538574,4493.717773,4552.05127,4382.179688,4359.871582,4488.974121,4521.410156,4517.179688,4493.974121,4380.512695,4384.615234,4552.94873,4504.871582,4494.743652,4394.102539,4577.563965,4382.820313,4541.153809,4496.794922,4396.666504,4510.512695,4500,2680,1,25,2563,11199,,,,0,4,4,4,4,4,4,4,4,4,4,4,4,4,4,4,4,4,4,4,4,4,4,4,4,4,4,4,4,4,4,4,4,100,,,,,,,,,,,,,,,,,,,,,,,,,,,,,,,,,,,,,,,,,,,,,,,,,,,,,,,,,,,,,,,,,,,,,,,,,,,,,,,,,,,,,,,,,,,,,,,,,,,,,,,,,,,,,,,,,,,,,,,,,,,,,,,,,,,,,,,,,,,,,,,,,,,,,,,,,,,,,,,,,,,,,,,,,,,,,,,,,,,,,,,,,,,,,,,,,,,,,,,,,,,,,,
1764665200.198552,1764665200.195174,36093,0,4381.922852,4386.666504,4494.615234,4513.846191,4391.922852,4505.897461,4514.230957,4370.512695,4570.384766,4385.128418,4484.230957,4494.230957,4553.077148,4382.05127,4361.025879,4491.794922,4521.410156,4514.487305,4492.692383,4379.615234,4386.282227,4552.94873,4504.615234,4494.230957,4396.794922,4578.077148,4384.102539,4542.436035,4496.410156,4398.717773,4511.025879,4505.641113,2501,1,25,2563,11199,,,,0,4,4,4,4,4,4,4,4,4,4,4,4,4,4,4,4,4,4,4,4,4,4,4,4,4,4,4,4,4,4,4,4,100,,,,,,,,,,,,,,,,,,,,,,,,,,,,,,,,,,,25407,0,0.254739,-0.610901,-0.723083,0.197632,0.981077,0.162129,0.031254,22.833334,29.833334,43.666668,,,,,,,,,,,,,,,,,,,,,,,,,,,,,,,,,,,,,,,,,,,,,,,,,,,,,,,,,,,,,,,,,,,,,,,,,,,,,,,,,,,,,,,,,,,,,,,,,,,,,,,,,,,,,,,,,,,,,,,,,,,,,,,,,,,,,,,,,,,,,,,,,,,,,,,,,,,,,,,,
1764665200.202460,1764665200.199079,36094,0,4382.307617,4386.538574,4495,4518.077148,4393.717773,4505.256348,4516.666504,4373.974121,4568.205078,4388.205078,4486.153809,4496.666504,4554.230957,4380.769043,4364.743652,4492.692383,4520.512695,4515,4493.333496,4378.974121,4386.666504,4552.179688,4503.974121,4492.436035,4396.153809,4578.717773,4383.077148,4544.487305,4496.025879,4398.846191,4511.538574,4509.358887,2648,1,25,2564,11207,,,,0,4,4,4,4,4,4,4,4,4,4,4,4,4,4,4,4,4,4,4,4,4,4,4,4,4,4,4,4,4,4,4,4,100,,,,,,,,,,,,,,,,,,,,,,,,,,,,,,,,,,,,,,,,,,,,,,,,,,,,,,,,,,,,,,,,,,,,,,,,,,,,,,,,,,,,,,,,,,,,,,,,,,,,,,,,,,,,,,,,,,,,,,,,,,,,,,,,,,,,,,,,,,,,,,,,,,,,,,,,,,,,,,,,,,,,,,,,,,,,,,,,,,,,,,,,,,,,,,,,,,,,,,,,,,,,,,
1764665200.206368,1764665200.202985,36095,0,4382.05127,4386.538574,4493.717773,4521.794922,4395.512695,4505.769043,4519.230957,4377.179688,4564.615234,4383.589844,4486.282227,4500.897461,4555,4379.358887,4368.205078,4491.666504,4520.384766,4518.717773,4495.769043,4378.974121,4386.538574,4552.179688,4503.974121,4490.512695,4393.077148,4579.102539,4381.025879,4546.794922,4495.897461,4398.205078,4512.436035,4509.743652,2820,1,25,2564,11207,,,,0,4,4,4,4,4,4,4,4,4,4,4,4,4,4,4,4,4,4,4,4,4,4,4,4,4,4,4,4,4,4,4,4,100,,,,,,,,,,,,,,,,,,,,,,,,,,,,,,,,,,,,,,,,,,,,,,,,,,,,,,,,,,,,,,,,,,,,,,,,,,,,,,,,,,,,,,,,,,,,,,,,,,,,,,,,,,,,,,,,,,,,,,,,,,,,,,,,,,,,,,,,,,,,,,,,,,,,,,,,,,,,,,,,,,,,,,,,,,,,,,,,,,,,,,,,,,,,,,,,,,,,,,,,,,,,,,
1764665200.210276,1764665200.206891,36096,0,4380.512695,4386.922852,4491.538574,4523.589844,4396.410156,4506.922852,4521.153809,4378.333496,4560.897461,4371.794922,4484.615234,4505.256348,4555,4378.333496,4369.487305,4490.128418,4521.410156,4522.436035,4498.205078,4378.717773,4385.897461,4552.692383,4504.743652,4488.461426,4388.461426,4578.077148,4378.589844,4547.820313,4495.897461,4397.692383,4513.077148,4506.410156,2747,1,25,2565,11215,,,,0,4,4,4,4,4,4,4,4,4,4,4,4,4,4,4,4,4,4,4,4,4,4,4,4,4,4,4,4,4,4,4,4,100,,,,,,,,,,,,,,,,,,,,,,,,,,,,,,,,,,,,,,,,,,,,,,,,,,,,,,,,,,,,,,,,,,,,,,,,,,,,,,,,,,,,,,,,,,,,,,,,,,,,,,,,,,,,,,,,,,,,,,,,,,,,,,,,,,,,,,,,,,,,,,,,,,,,,,,,,,,,,,,,,,,,,,,,,,,,,,,,,,,,,,,,,,,,,,,,,,,,,,,,,,,,,,
1764665200.214185,1764665200.210797,36097,0,4377.692383,4386.538574,4489.615234,4522.563965,4395.512695,4507.307617,4521.410156,4376.282227,4557.820313,4358.589844,4482.179688,4507.05127,4553.974121,4378.589844,4368.717773,4489.615234,4522.563965,4523.461426,4498.974121,4376.666504,4384.230957,4552.820313,4505.897461,4486.153809,4383.846191,4575,4376.282227,4545.897461,4494.615234,4396.794922,4512.179688,4501.410156,2914,1,25,2565,11215,,,,0,4,4,4,4,4,4,4,4,4,4,4,4,4,4,4,4,4,4,4,4,4,4,4,4,4,4,4,4,4,4,4,4,100,,,,,,,,,,,,,,,,,,,,,,,,,,,,,,,,,,,25408,0,0.25464,-0.610962,-0.723083,0.197571,0.981077,0.162129,0.031254,23.666666,28.166666,44.5,,,,,,,,,,,,,,,,,,,,,,,,,,,,,,,,,,,,,,,,,,,,,,,,,,,,,,,,,,,,,,,,,,,,,,,,,,,,,,,,,,,,,,,,,,,,,,,,,,,,,,,,,,,,,,,,,,,,,,,,,,,,,,,,,,,,,,,,,,,,,,,,,,,,,,,,,,,,,,,,
1764665200.218093,1764665200.214702,36098,0,4374.743652,4385.256348,4489.358887,4519.487305,4393.461426,4506.410156,4519.358887,4371.922852,4556.025879,4352.436035,4481.025879,4505.641113,4552.436035,4380.512695,4368.461426,4491.666504,4522.820313,4522.307617,4498.077148,4373.205078,4382.179688,4552.563965,4506.666504,4485.256348,4381.025879,4571.794922,4374.871582,4541.794922,4492.307617,4395.256348,4510.384766,4497.94873,2591,1,25,2566,11222,,,,0,4,4,4,4,4,4,4,4,4,4,4,4,4,4,4,4,4,4,4,4,4,4,4,4,4,4,4,4,4,4,4,4,100,,,,,,,,,,,,,,,,,,,,,,,,,,,,,,,,,,,,,,,,,,,,,,,,,,,,,,,,,,,,,,,,,,,,,,,,,,,,,,,,,,,,,,,,,,,,,,,,,,,,,,,,,,,,,,,,,,,,,,,,,,,,,,,,,,,,,,,,,,,,,,,,,,,,,,,,,,,,,,,,,,,,,,,,,,,,,,,,,,,,,,,,,,,,,,,,,,,,,,,,,,,,,,
1764665200.222001,1764665200.218608,36099,0,4374.743652,4384.743652,4492.436035,4516.922852,4393.589844,4506.282227,4517.563965,4369.102539,4557.179688,4358.974121,4483.461426,4504.230957,4552.05127,4384.358887,4371.410156,4497.05127,4523.589844,4522.692383,4497.820313,4371.153809,4381.922852,4554.102539,4508.333496,4488.205078,4380.897461,4571.538574,4376.410156,4539.230957,4490.897461,4394.615234,4510.641113,4499.358887,2851,1,25,2566,11222,,,,0,4,4,4,4,4,4,4,4,4,4,4,4,4,4,4,4,4,4,4,4,4,4,4,4,4,4,4,4,4,4,4,4,100,,,,,,,,,,,,,,,,,,,,,,,,,,,,,,,,,,,,,,,,,,,,,,,,,,,,,,,,,,,,,,,,,,,,,,,,,,,,,,,,,,,,,,,,,,,,,,,,,,,,,,,,,,,,,,,,,,,,,,,,,,,,,,,,,,,,,,,,,,,,,,,,,,,,,,,,,,,,,,,,,,,,,,,,,,,,,,,,,,,,,,,,,,,,,,,,,,,,,,,,,,,,,,
1764665200.225910,1764665200.222514,36100,0,4379.358887,4387.436035,4498.974121,4518.589844,4398.589844,4509.615234,4519.487305,4371.794922,4562.94873,4376.794922,4490.512695,4507.05127,4554.615234,4389.487305,4378.077148,4504.487305,4527.179688,4527.94873,4500.769043,4373.974121,4386.025879,4558.846191,4512.05127,4495.384766,4383.589844,4576.666504,4382.179688,4542.563965,4493.205078,4397.563965,4516.025879,4506.410156,2741,1,25,2567,11230,,,,0,4,4,4,4,4,4,4,4,4,4,4,4,4,4,4,4,4,4,4,4,4,4,4,4,4,4,4,4,4,4,4,4,100,,,,,,,,,,,,,,,,,,,,,,,,,,,,,,,,,,,,,,,,,,,,,,,,,,,,,,,,,,,,,,,,,,,,,,,,,,,,,,,,,,,,,,,,,,,,,,,,,,,,,,,,,,,,,,,,,,,,,,,,,,,,,,,,,,,,,,,,,,,,,,,,,,,,,,,,,,,,,,,,,,,,,,,,,,,,,,,,,,,,,,,,,,,,,,,,,,,,,,,,,,,,,,
1764665200.229818,1764665200.226420,36101,0,4387.820313,4394.102539,4507.179688,4525.512695,4407.436035,4516.666504,4526.538574,4380.256348,4572.307617,4396.794922,4499.358887,4515.384766,4559.487305,4393.846191,4385,4510.641113,4534.230957,4536.410156,4506.666504,4381.410156,4393.461426,4565.641113,4517.692383,4503.974121,4387.94873,4585.897461,4391.538574,4551.794922,4499.487305,4405,4525.897461,4515.897461,2781,1,25,2567,11230,,,,0,4,4,4,4,4,4,4,4,4,4,4,4,4,4,4,4,4,4,4,4,4,4,4,4,4,4,4,4,4,4,4,4,100,,,,,,,,,,,,,,,,,,,,,,,,,,,,,,,,,,,25409,0,0.254714,-0.611023,-0.723022,0.19751,0.984495,0.176291,0.043951,23,30,43.833332,,,,,,,,,,,,,,,,,,,,,,,,,,,,,,,,,,,,,,,,,,,,,,,,,,,,,,,,,,,,,,,,,,,,,,,,,,,,,,,,,,,,,,,,,,,,,,,,,,,,,,,,,,,,,,,,,,,,,,,,,,,,,,,,,,,,,,,,,,,,,,,,,,,,,,,,,,,,,,,,
1764665200.233726,1764665200.230326,36102,0,4395.641113,4401.922852,4513.717773,4534.615234,4415.256348,4524.358887,4535.128418,4389.487305,4581.025879,4407.563965,4505.769043,4525,4563.717773,4394.230957,4387.05127,4511.794922,4542.05127,4542.820313,4511.666504,4388.974121,4399.615234,4570.384766,4522.820313,4509.230957,4391.922852,4594.487305,4400.512695,4562.05127,4506.666504,4414.102539,4535.512695,4522.692383,2781,1,25,2568,11238,,,,0,4,4,4,4,4,4,4,4,4,4,4,4,4,4,4,4,4,4,4,4,4,4,4,4,4,4,4,4,4,4,4,4,100,,,,,,,,,,,,,,,,,,,,,,,,,,,,,,,,,,,,,,,,,,,,,,,,,,,,,,,,,,,,,,,,,,,,,,,,,,,,,,,,,,,,,,,,,,,,,,,,,,,,,,,,,,,,,,,,,,,,,,,,,,,,,,,,,,,,,,,,,,,,,,,,,,,,,,,,,,,,,,,,,,,,,,,,,,,,,,,,,,,,,,,,,,,,,,,,,,,,,,,,,,,,,,
1764665200.237634,1764665200.234231,36103,0,4398.589844,4406.666504,4515.897461,4540,4416.794922,4528.589844,4539.358887,4392.94873,4583.974121,4403.077148,4506.282227,4529.230957,4564.230957,4390,4382.436035,4506.538574,4546.282227,4542.692383,4512.307617,4391.538574,4399.743652,4569.871582,4524.230957,4507.820313,4394.487305,4597.692383,4405,4567.179688,4510.641113,4420,4538.974121,4523.077148,2974,1,25,2568,11238,,,,0,4,4,4,4,4,4,4,4,4,4,4,4,4,4,4,4,4,4,4,4,4,4,4,4,4,4,4,4,4,4,4,4,100,,,,,,,,,,,,,,,,,,,,,,,,,,,,,,,,,,,,,,,,,,,,,,,,,,,,,,,,,,,,,,,,,,,,,,,,,,,,,,,,,,,,,,,,,,,,,,,,,,,,,,,,,,,,,,,,,,,,,,,,,,,,,,,,,,,,,,,,,,,,,,,,,,,,,,,,,,,,,,,,,,,,,,,,,,,,,,,,,,,,,,,,,,,,,,,,,,,,,,,,,,,,,,
1764665200.241542,1764665200.238137,36104,0,4395.641113,4405.769043,4513.077148,4538.589844,4411.282227,4528.205078,4536.794922,4388.333496,4579.871582,4387.05127,4501.922852,4525.128418,4560.769043,4383.461426,4374.230957,4498.077148,4544.743652,4536.025879,4508.077148,4386.922852,4393.974121,4563.974121,4521.538574,4500.512695,4396.538574,4594.615234,4403.461426,4565.128418,4509.487305,4419.743652,4534.743652,4517.436035,2852,1,25,2569,11246,,,,0,4,4,4,4,4,4,4,4,4,4,4,4,4,4,4,4,4,4,4,4,4,4,4,4,4,4,4,4,4,4,4,4,100,,,,,,,,,,,,,,,,,,,,,,,,,,,,,,,,,,,,,,,,,,,,,,,,,,,,,,,,,,,,,,,,,,,,,,,,,,,,,,,,,,,,,,,,,,,,,,,,,,,,,,,,,,,,,,,,,,,,,,,,,,,,,,,,,,,,,,,,,,,,,,,,,,,,,,,,,,,,,,,,,,,,,,,,,,,,,,,,,,,,,,,,,,,,,,,,,,,,,,,,,,,,,,
1764665200.245451,1764665200.242043,36105,0,4389.871582,4400.512695,4507.820313,4532.179688,4403.205078,4524.743652,4530,4378.974121,4572.436035,4370.256348,4496.153809,4514.871582,4556.282227,4378.974121,4367.563965,4491.922852,4539.615234,4528.205078,4502.436035,4378.717773,4386.538574,4556.666504,4517.436035,4491.410156,4399.743652,4588.333496,4398.461426,4559.358887,4504.871582,4414.743652,4527.05127,4510,2702,1,25,2569,11246,,,,0,4,4,4,4,4,4,4,4,4,4,4,4,4,4,4,4,4,4,4,4,4,4,4,4,4,4,4,4,4,4,4,4,100,,,,,,,,,,,,,,,,,,,,,,,,,,,,,,,,,,,25410,0,0.254636,-0.611023,-0.723083,0.197388,0.984495,0.176291,0.043951,22.833334,29.833334,45,,,,,,,,,,,,,,,,,,,,,,,,,,,,,,,,,,,,,,,,,,,,,,,,,,,,,,,,,,,,,,,,,,,,,,,,,,,,,,,,,,,,,,,,,,,,,,,,,,,,,,,,,,,,,,,,,,,,,,,,,,,,,,,,,,,,,,,,,,,,,,,,,,,,,,,,,,,,,,,,
1764665200.249359,1764665200.245949,36106,0,4385.641113,4394.871582,4503.974121,4526.025879,4398.333496,4521.410156,4524.102539,4371.794922,4567.820313,4362.94873,4492.179688,4505.384766,4555.256348,4378.717773,4366.538574,4492.179688,4535.128418,4524.871582,4499.743652,4372.820313,4382.563965,4552.820313,4515.256348,4485.641113,4405.384766,4583.205078,4394.102539,4555.641113,4500.384766,4408.717773,4521.922852,4505.769043,2268,1,25,2566,11254,,,,0,4,4,4,4,4,4,4,4,4,4,4,4,4,4,4,4,4,4,4,4,4,4,4,4,4,4,4,4,4,4,4,4,100,,,,,,,,,,,,,,,,,,,,,,,,,,,,,,,,,,,,,,,,,,,,,,,,,,,,,,,,,,,,,,,,,,,,,,,,,,,,,,,,,,,,,,,,,,,,,,,,,,,,,,,,,,,,,,,,,,,,,,,,,,,,,,,,,,,,,,,,,,,,,,,,,,,,,,,,,,,,,,,,,,,,,,,,,,,,,,,,,,,,,,,,,,,,,,,,,,,,,,,,,,,,,,
1764665200.253267,1764665200.249854,36107,0,4385.641113,4393.077148,4504.487305,4524.871582,4399.871582,4520.512695,4522.820313,4371.794922,4570.384766,4368.974121,4490.769043,4502.563965,4559.615234,4381.538574,4370.769043,4498.717773,4534.615234,4528.846191,4502.692383,4373.846191,4384.871582,4555.128418,4517.307617,4486.410156,4412.94873,4582.436035,4393.717773,4557.307617,4499.102539,4405.769043,4523.077148,4506.666504,2671,1,25,2566,11254,,,,0,4,4,4,4,4,4,4,4,4,4,4,4,4,4,4,4,4,4,4,4,4,4,4,4,4,4,4,4,4,4,4,4,100,,,,,,,,,,,,,,,,,,,,,,,,,,,,,,,,,,,,,,,,,,,,,,,,,,,,,,,,,,,,,,,,,,,,,,,,,,,,,,,,,,,,,,,,,,,,,,,,,,,,,,,,,,,,,,,,,,,,,,,,,,,,,,,,,,,,,,,,,,,,,,,,,,,,,,,,,,,,,,,,,,,,,,,,,,,,,,,,,,,,,,,,,,,,,,,,,,,,,,,,,,,,,,
1764665200.257176,1764665200.253760,36108,0,4389.487305,4396.538574,4508.717773,4529.230957,4405.641113,4521.794922,4526.410156,4378.205078,4579.102539,4383.077148,4491.922852,4507.307617,4567.436035,4384.743652,4377.179688,4507.94873,4538.461426,4537.692383,4509.615234,4381.922852,4392.179688,4562.05127,4522.436035,4493.205078,4419.871582,4586.538574,4397.820313,4563.846191,4501.410156,4406.794922,4529.615234,4510.897461,2479,1,25,2562,11261,,,,0,4,4,4,4,4,4,4,4,4,4,4,4,4,4,4,4,4,4,4,4,4,4,4,4,4,4,4,4,4,4,4,4,100,,,,,,,,,,,,,,,,,,,,,,,,,,,,,,,,,,,,,,,,,,,,,,,,,,,,,,,,,,,,,,,,,,,,,,,,,,,,,,,,,,,,,,,,,,,,,,,,,,,,,,,,,,,,,,,,,,,,,,,,,,,,,,,,,,,,,,,,,,,,,,,,,,,,,,,,,,,,,,,,,,,,,,,,,,,,,,,,,,,,,,,,,,,,,,,,,,,,,,,,,,,,,,
1764665200.261084,1764665200.257666,36109,0,4393.333496,4402.179688,4512.307617,4533.974121,4409.743652,4522.436035,4531.538574,4384.615234,4587.94873,4395.384766,4493.974121,4514.358887,4573.717773,4385.512695,4380.769043,4514.743652,4543.589844,4544.871582,4516.025879,4391.282227,4398.974121,4568.589844,4527.179688,4501.538574,4422.692383,4592.05127,4402.820313,4570.128418,4505,4408.846191,4535.897461,4514.230957,2223,1,25,2562,11261,,,,0,4,4,4,4,4,4,4,4,4,4,4,4,4,4,4,4,4,4,4,4,4,4,4,4,4,4,4,4,4,4,4,4,100,,,,,,,,,,,,,,,,,,,,,,,,,,,,,,,,,,,25411,0,0.254478,-0.611023,-0.723206,0.197144,0.990844,0.180198,0.026859,23.166666,29,45,,,,,,,,,,,,,,,,,,,,,,,,,,,,,,,,,,,,,,,,,,,,,,,,,,,,,,,,,,,,,,,,,,,,,,,,,,,,,,,,,,,,,,,,,,,,,,,,,,,,,,,,,,,,,,,,,,,,,,,,,,,,,,,,,,,,,,,,,,,,,,,,,,,,,,,,,,,,,,,,
1764665200.264992,1764665200.261572,36110,0,4392.307617,4403.717773,4510.128418,4532.692383,4406.538574,4518.846191,4533.205078,4383.205078,4589.230957,4397.307617,4494.615234,4515.897461,4573.077148,4382.563965,4378.205078,4514.743652,4544.358887,4544.615234,4517.05127,4394.871582,4399.358887,4569.102539,4527.307617,4505.384766,4418.333496,4593.846191,4403.205078,4570.256348,4506.153809,4407.05127,4535.384766,4512.05127,2692,1,25,2561,11269,,,,0,4,4,4,4,4,4,4,4,4,4,4,4,4,4,4,4,4,4,4,4,4,4,4,4,4,4,4,4,4,4,4,4,100,,,,,,,,,,,,,,,,,,,,,,,,,,,,,,,,,,,,,,,,,,,,,,,,,,,,,,,,,,,,,,,,,,,,,,,,,,,,,,,,,,,,,,,,,,,,,,,,,,,,,,,,,,,,,,,,,,,,,,,,,,,,,,,,,,,,,,,,,,,,,,,,,,,,,,,,,,,,,,,,,,,,,,,,,,,,,,,,,,,,,,,,,,,,,,,,,,,,,,,,,,,,,,
1764665200.268900,1764665200.265477,36111,0,4385,4397.179688,4500.641113,4523.077148,4395.256348,4509.871582,4528.589844,4372.436035,4579.743652,4386.794922,4492.179688,4508.333496,4564.358887,4377.179688,4370.384766,4508.077148,4537.94873,4535.256348,4510.897461,4389.102539,4391.666504,4562.563965,4521.538574,4501.538574,4407.94873,4588.974121,4396.153809,4561.922852,4503.077148,4399.102539,4525.512695,4503.205078,2484,1,25,2561,11269,,,,0,4,4,4,4,4,4,4,4,4,4,4,4,4,4,4,4,4,4,4,4,4,4,4,4,4,4,4,4,4,4,4,4,100,,,,,,,,,,,,,,,,,,,,,,,,,,,,,,,,,,,,,,,,,,,,,,,,,,,,,,,,,,,,,,,,,,,,,,,,,,,,,,,,,,,,,,,,,,,,,,,,,,,,,,,,,,,,,,,,,,,,,,,,,,,,,,,,,,,,,,,,,,,,,,,,,,,,,,,,,,,,,,,,,,,,,,,,,,,,,,,,,,,,,,,,,,,,,,,,,,,,,,,,,,,,,,
1764665200.272809,1764665200.269383,36112,0,4375.512695,4385.128418,4488.077148,4509.743652,4381.538574,4500,4520,4359.102539,4563.846191,4370.641113,4488.077148,4495.897461,4551.922852,4373.077148,4362.179688,4499.102539,4527.05127,4522.436035,4501.538574,4377.94873,4380.256348,4553.333496,4513.077148,4492.563965,4397.820313,4579.871582,4385.384766,4549.487305,4497.436035,4388.717773,4511.538574,4492.307617,2848,1,25,2562,11277,,,,0,4,4,4,4,4,4,4,4,4,4,4,4,4,4,4,4,4,4,4,4,4,4,4,4,4,4,4,4,4,4,4,4,100,,,,,,,,,,,,,,,,,,,,,,,,,,,,,,,,,,,,,,,,,,,,,,,,,,,,,,,,,,,,,,,,,,,,,,,,,,,,,,,,,,,,,,,,,,,,,,,,,,,,,,,,,,,,,,,,,,,,,,,,,,,,,,,,,,,,,,,,,,,,,,,,,,,,,,,,,,,,,,,,,,,,,,,,,,,,,,,,,,,,,,,,,,,,,,,,,,,,,,,,,,,,,,
1764665200.276717,1764665200.273289,36113,0,4370.769043,4375.128418,4479.487305,4501.410156,4373.974121,4495.384766,4514.102539,4352.820313,4551.794922,4359.358887,4485.769043,4488.205078,4543.589844,4374.358887,4359.487305,4493.717773,4518.974121,4515,4495.512695,4370.128418,4373.461426,4548.974121,4507.436035,4485.384766,4394.871582,4572.692383,4378.077148,4540.897461,4493.077148,4382.820313,4502.05127,4485.769043,2901,1,25,2562,11277,,,,0,4,4,4,4,4,4,4,4,4,4,4,4,4,4,4,4,4,4,4,4,4,4,4,4,4,4,4,4,4,4,4,4,100,,,,,,,,,,,,,,,,,,,,,,,,,,,,,,,,,,,25412,0,0.254379,-0.611084,-0.723206,0.197083,0.989379,0.172384,0.025394,23.166666,29.833334,44.166668,,,,,,,,,,,,,,,,,,,,,,,,,,,,,,,,,,,,,,,,,,,,,,,,,,,,,,,,,,,,,,,,,,,,,,,,,,,,,,,,,,,,,,,,,,,,,,,,,,,,,,,,,,,,,,,,,,,,,,,,,,,,,,,,,,,,,,,,,,,,,,,,,,,,,,,,,,,,,,,,
1764665200.280625,1764665200.277195,36114,0,4373.846191,4373.461426,4479.358887,4503.461426,4376.666504,4498.717773,4516.025879,4358.333496,4551.282227,4360.256348,4487.307617,4491.025879,4543.846191,4381.025879,4363.589844,4494.871582,4520,4517.820313,4497.179688,4371.794922,4375.897461,4553.077148,4508.461426,4485,4400.128418,4572.436035,4378.717773,4541.282227,4492.820313,4384.871582,4502.307617,4487.179688,1744,1,25,2048,11285,,,,0,4,4,4,4,4,4,4,4,4,4,4,4,4,4,4,4,4,4,4,4,4,4,4,4,4,4,4,4,4,4,4,4,100,,,,,,,,,,,,,,,,,,,,,,,,,,,,,,,,,,,,,,,,,,,,,,,,,,,,,,,,,,,,,,,,,,,,,,,,,,,,,,,,,,,,,,,,,,,,,,,,,,,,,,,,,,,,,,,,,,,,,,,,,,,,,,,,,,,,,,,,,,,,,,,,,,,,,,,,,,,,,,,,,,,,,,,,,,,,,,,,,,,,,,,,,,,,,,,,,,,,,,,,,,,,,,
1764665200.284533,1764665200.281101,36115,0,4381.153809,4379.358887,4485.128418,4513.077148,4385.512695,4506.025879,4524.230957,4370.641113,4561.666504,4371.153809,4491.025879,4500.641113,4550.641113,4389.102539,4370.897461,4499.871582,4528.717773,4527.692383,4504.615234,4381.025879,4384.743652,4561.794922,4514.102539,4489.230957,4406.538574,4578.205078,4385.256348,4547.94873,4495.384766,4391.794922,4510.384766,4493.589844,2939,1,25,2048,11285,,,,0,4,4,4,4,4,4,4,4,4,4,4,4,4,4,4,4,4,4,4,4,4,4,4,4,4,4,4,4,4,4,4,4,100,,,,,,,,,,,,,,,,,,,,,,,,,,,,,,,,,,,,,,,,,,,,,,,,,,,,,,,,,,,,,,,,,,,,,,,,,,,,,,,,,,,,,,,,,,,,,,,,,,,,,,,,,,,,,,,,,,,,,,,,,,,,,,,,,,,,,,,,,,,,,,,,,,,,,,,,,,,,,,,,,,,,,,,,,,,,,,,,,,,,,,,,,,,,,,,,,,,,,,,,,,,,,,
1764665200.288442,1764665200.285006,36116,0,4385.256348,4386.282227,4490.769043,4522.05127,4391.666504,4510.384766,4531.794922,4379.743652,4574.102539,4383.333496,4492.820313,4507.820313,4557.563965,4392.692383,4375.512695,4502.94873,4537.05127,4535.641113,4511.410156,4390.128418,4392.436035,4567.436035,4518.333496,4492.179688,4405,4584.743652,4391.153809,4552.820313,4496.922852,4396.666504,4518.333496,4498.461426,2501,1,25,1792,11293,,,,0,4,4,4,4,4,4,4,4,4,4,4,4,4,4,4,4,4,4,4,4,4,4,4,4,4,4,4,4,4,4,4,4,100,,,,,,,,,,,,,,,,,,,,,,,,,,,,,,,,,,,,,,,,,,,,,,,,,,,,,,,,,,,,,,,,,,,,,,,,,,,,,,,,,,,,,,,,,,,,,,,,,,,,,,,,,,,,,,,,,,,,,,,,,,,,,,,,,,,,,,,,,,,,,,,,,,,,,,,,,,,,,,,,,,,,,,,,,,,,,,,,,,,,,,,,,,,,,,,,,,,,,,,,,,,,,,
1764665200.292350,1764665200.288912,36117,0,4382.179688,4387.692383,4491.025879,4522.94873,4389.102539,4507.94873,4532.179688,4378.333496,4579.487305,4389.102539,4490,4505.769043,4559.102539,4389.102539,4374.615234,4501.025879,4537.436035,4534.743652,4511.538574,4391.794922,4392.94873,4565,4516.538574,4489.230957,4392.94873,4586.538574,4390.897461,4550.384766,4494.358887,4394.615234,4518.974121,4496.666504,2801,1,25,1792,11293,,,,0,4,4,4,4,4,4,4,4,4,4,4,4,4,4,4,4,4,4,4,4,4,4,4,4,4,4,4,4,4,4,4,4,100,,,,,,,,,,,,,,,,,,,,,,,,,,,,,,,,,,,25413,0,0.254379,-0.611084,-0.723206,0.197083,0.986449,0.161641,0.035649,24.833334,29.333334,45,,,,,,,,,,,,,,,,,,,,,,,,,,,,,,,,,,,,,,,,,,,,,,,,,,,,,,,,,,,,,,,,,,,,,,,,,,,,,,,,,,,,,,,,,,,,,,,,,,,,,,,,,,,,,,,,,,,,,,,,,,,,,,,,,,,,,,,,,,,,,,,,,,,,,,,,,,,,,,,,
1764665200.296258,1764665200.292818,36118,0,4374.487305,4382.307617,4485,4514.743652,4378.717773,4500.512695,4525,4367.179688,4574.743652,4387.307617,4483.461426,4495.512695,4555.641113,4380.641113,4370.256348,4495,4529.102539,4526.153809,4504.871582,4385.256348,4386.410156,4556.025879,4508.717773,4481.025879,4377.307617,4582.05127,4384.358887,4541.025879,4488.974121,4386.922852,4511.666504,4488.589844,2913,1,25,2048,11301,,,,0,4,4,4,4,4,4,4,4,4,4,4,4,4,4,4,4,4,4,4,4,4,4,4,4,4,4,4,4,4,4,4,4,100,,,,,,,,,,,,,,,,,,,,,,,,,,,,,,,,,,,,,,,,,,,,,,,,,,,,,,,,,,,,,,,,,,,,,,,,,,,,,,,,,,,,,,,,,,,,,,,,,,,,,,,,,,,,,,,,,,,,,,,,,,,,,,,,,,,,,,,,,,,,,,,,,,,,,,,,,,,,,,,,,,,,,,,,,,,,,,,,,,,,,,,,,,,,,,,,,,,,,,,,,,,,,,
1764665200.300166,1764665200.296724,36119,0,4368.333496,4375,4476.538574,4503.205078,4367.307617,4493.717773,4515.897461,4354.358887,4564.743652,4382.307617,4476.922852,4484.743652,4550.897461,4372.94873,4366.666504,4489.615234,4518.205078,4516.922852,4496.538574,4375.897461,4378.077148,4546.282227,4499.615234,4472.179688,4368.589844,4574.102539,4376.025879,4530.897461,4485.128418,4378.846191,4501.794922,4479.871582,2828,1,25,2048,11301,,,,0,4,4,4,4,4,4,4,4,4,4,4,4,4,4,4,4,4,4,4,4,4,4,4,4,4,4,4,4,4,4,4,4,100,,,,,,,,,,,,,,,,,,,,,,,,,,,,,,,,,,,,,,,,,,,,,,,,,,,,,,,,,,,,,,,,,,,,,,,,,,,,,,,,,,,,,,,,,,,,,,,,,,,,,,,,,,,,,,,,,,,,,,,,,,,,,,,,,,,,,,,,,,,,,,,,,,,,,,,,,,,,,,,,,,,,,,,,,,,,,,,,,,,,,,,,,,,,,,,,,,,,,,,,,,,,,,
1764665200.304075,1764665200.300629,36120,0,4367.94873,4371.666504,4471.410156,4496.410156,4362.307617,4492.307617,4511.153809,4348.589844,4557.307617,4379.615234,4473.717773,4481.666504,4548.846191,4370.897461,4367.179688,4488.974121,4512.179688,4513.717773,4492.563965,4370.256348,4374.230957,4541.666504,4494.102539,4468.461426,4372.307617,4567.179688,4371.538574,4526.538574,4486.025879,4375.512695,4495.769043,4477.05127,2749,1,25,2304,11308,,,,0,4,4,4,4,4,4,4,4,4,4,4,4,4,4,4,4,4,4,4,4,4,4,4,4,4,4,4,4,4,4,4,4,100,,,,,,,,,,,,,,,,,,,,,,,,,,,,,,,,,,,,,,,,,,,,,,,,,,,,,,,,,,,,,,,,,,,,,,,,,,,,,,,,,,,,,,,,,,,,,,,,,,,,,,,,,,,,,,,,,,,,,,,,,,,,,,,,,,,,,,,,,,,,,,,,,,,,,,,,,,,,,,,,,,,,,,,,,,,,,,,,,,,,,,,,,,,,,,,,,,,,,,,,,,,,,,
1764665200.307983,1764665200.304535,36121,0,4373.717773,4375.512695,4473.974121,4498.974121,4367.563965,4497.436035,4513.846191,4352.94873,4557.436035,4382.179688,4475.641113,4488.974121,4550.769043,4375.384766,4371.794922,4493.846191,4515,4518.589844,4495.769043,4371.538574,4377.436035,4544.358887,4494.871582,4472.94873,4385.128418,4564.743652,4373.846191,4530.769043,4491.538574,4378.589844,4497.307617,4483.717773,2807,1,25,2304,11308,,,,0,4,4,4,4,4,4,4,4,4,4,4,4,4,4,4,4,4,4,4,4,4,4,4,4,4,4,4,4,4,4,4,4,100,,,,,,,,,,,,,,,,,,,,,,,,,,,,,,,,,,,25414,0,0.254599,-0.611084,-0.723145,0.197021,0.984495,0.1885,0.025394,24.5,29.833334,42.5,,,,,,,,,,,,,,,,,,,,,,,,,,,,,,,,,,,,,,,,,,,,,,,,,,,,,,,,,,,,,,,,,,,,,,,,,,,,,,,,,,,,,,,,,,,,,,,,,,,,,,,,,,,,,,,,,,,,,,,,,,,,,,,,,,,,,,,,,,,,,,,,,,,,,,,,,,,,,,,,
1764665200.311891,1764665200.308441,36122,0,4381.666504,4384.615234,4484.358887,4508.589844,4380.897461,4506.666504,4521.794922,4363.846191,4565,4388.461426,4482.179688,4502.05127,4555.384766,4382.563965,4377.820313,4501.410156,4524.230957,4528.333496,4503.846191,4378.205078,4385.256348,4552.692383,4500.769043,4483.205078,4397.436035,4567.307617,4381.666504,4541.538574,4498.717773,4386.538574,4505.256348,4497.179688,1944,1,25,2560,11316,,,,0,4,4,4,4,4,4,4,4,4,4,4,4,4,4,4,4,4,4,4,4,4,4,4,4,4,4,4,4,4,4,4,4,100,,,,,,,,,,,,,,,,,,,,,,,,,,,,,,,,,,,,,,,,,,,,,,,1.039891,1.610802,1.283945,0.498966,0.470406,2.395978,2.119956,1.526109,0.641016,0.549808,2.628271,1.833664,1.190647,0.785436,0.726879,0.845211,1.429057,1.463943,0.479552,0.656455,1.055361,1.53526,1.373747,0.646817,0.586965,1.496646,1.798265,1.306866,0.469863,0.394327,0.987181,1.294739,1.359876,0.560594,0.652487,0.988614,1.440158,1.324934,0.486685,0.701977,1.145896,1.130356,1.843002,0.545112,0.60227,1.169412,2.289689,1.645509,1.351906,1.286504,0.758156,1.289509,0.947565,0.487968,0.45177,1.227734,1.990433,1.134916,0.569618,0.498145,0.688228,1.893735,0.926715,0.502978,0.401574,0.603806,0.811304,0.695545,0.319569,0.288377,0.472229,0.635185,0.664461,0.349091,0.492269,0.952098,1.602204,1.032575,0.417742,0.475727,0.861267,2.833419,1.738221,0.57147,0.500649,1.011453,1.669623,1.626466,0.581134,0.52601,0.558401,0.726887,0.919594,0.466283,0.33774,1.144464,0.663814,0.93666,0.631759,0.486872,1.281276,1.146616,1.390085,0.667685,0.383134,1.290479,1.685241,1.112534,0.569199,0.50852,1.120885,2.439163,1.230271,0.56948,0.435387,1.789149,1.89464,0.84154,0.65437,0.533041,3.064355,3.584821,1.648293,2.680862,1.652865,1.434976,0.92242,0.791201,0.613025,0.504896,1.427127,1.890357,0.95363,0.792883,0.544447,1.754896,2.455692,1.126272,0.540689,0.576692,0.984112,1.073031,0.615272,0.301878,0.259884,1.544585,2.03971,1.302485,0.597085,0.576046,2.007992,1.724177,0.86922,0.877693,0.66887,3.519558,1.68181,1.139329,1.092558,0.764859
1764665200.315800,1764665200.312347,36123,0,4386.922852,4393.846191,4497.820313,4519.743652,4395.128418,4515.128418,4529.358887,4374.358887,4574.743652,4393.589844,4490,4512.563965,4560.128418,4387.179688,4381.153809,4506.794922,4533.846191,4537.179688,4511.282227,4384.871582,4392.307617,4561.538574,4507.692383,4493.205078,4400.384766,4571.922852,4390,4552.94873,4503.333496,4395.512695,4514.487305,4510.512695,2624,1,25,2560,11316,,,,0,4,4,4,4,4,4,4,4,4,4,4,4,4,4,4,4,4,4,4,4,4,4,4,4,4,4,4,4,4,4,4,4,100,,,,,,,,,,,,,,,,,,,,,,,,,,,,,,,,,,,,,,,,,,,,,,,,,,,,,,,,,,,,,,,,,,,,,,,,,,,,,,,,,,,,,,,,,,,,,,,,,,,,,,,,,,,,,,,,,,,,,,,,,,,,,,,,,,,,,,,,,,,,,,,,,,,,,,,,,,,,,,,,,,,,,,,,,,,,,,,,,,,,,,,,,,,,,,,,,,,,,,,,,,,,,,
1764665200.319708,1764665200.316253,36124,1,4384.505371,4391.117188,4495.183105,4517.802246,4392.161133,4511.941406,4526.410156,4372.307617,4571.336914,4389.505371,4489.707031,4510,4557.729004,4385.53125,4379.01123,4504.963379,4530.86084,4533.717773,4507.655762,4383.223633,4389.780273,4558.333496,4504.377441,4490.805664,4399.34082,4570.311523,4387.399414,4549.834961,4501.043945,4393.736328,4512.563965,4508.27832,2691,1,25,0,0,,,,0,4,4,4,4,4,4,4,4,4,4,4,4,4,4,4,4,4,4,4,4,4,4,4,4,4,4,4,4,4,4,4,4,100,,,,,,,,,,,,,,,,,,,,,,,,,,,,,,,,,,,,,,,,,,,,,,,,,,,,,,,,,,,,,,,,,,,,,,,,,,,,,,,,,,,,,,,,,,,,,,,,,,,,,,,,,,,,,,,,,,,,,,,,,,,,,,,,,,,,,,,,,,,,,,,,,,,,,,,,,,,,,,,,,,,,,,,,,,,,,,,,,,,,,,,,,,,,,,,,,,,,,,,,,,,,,,
1764665200.323616,1764665200.320158,36125,1,4382.087891,4388.388184,4492.545898,4515.86084,4389.194336,4508.754395,4523.461426,4370.256348,4567.930176,4385.421387,4489.414063,4507.436035,4555.32959,4383.882813,4376.868164,4503.131836,4527.875488,4530.256348,4504.029297,4381.575195,4387.25293,4555.128418,4501.0625,4488.406738,4398.296875,4568.699707,4384.79834,4546.72168,4498.754395,4391.959473,4510.641113,4506.043945,2511,1,25,0,0,,,,0,4,4,4,4,4,4,4,4,4,4,4,4,4,4,4,4,4,4,4,4,4,4,4,4,4,4,4,4,4,4,4,4,100,,,,,,,,,,,,,,,,,,,,,,,,,,,,,,,,,,,,,,,,,,,,,,,,,,,,,,,,,,,,,,,,,,,,,,,,,,,,,,,,,,,,,,,,,,,,,,,,,,,,,,,,,,,,,,,,,,,,,,,,,,,,,,,,,,,,,,,,,,,,,,,,,,,,,,,,,,,,,,,,,,,,,,,,,,,,,,,,,,,,,,,,,,,,,,,,,,,,,,,,,,,,,,
1764665200.327524,1764665200.324064,36126,1,4379.67041,4385.65918,4489.908203,4513.919434,4386.227051,4505.567871,4520.512695,4368.205078,4564.523926,4381.336914,4489.121094,4504.871582,4552.930176,4382.234375,4374.725098,4501.300293,4524.890137,4526.794922,4500.402832,4379.926758,4384.725098,4551.922852,4497.74707,4486.007324,4397.25293,4567.087891,4382.197754,4543.60791,4496.465332,4390.183105,4508.717773,4503.80957,2657,1,25,0,0,,,,0,4,4,4,4,4,4,4,4,4,4,4,4,4,4,4,4,4,4,4,4,4,4,4,4,4,4,4,4,4,4,4,4,100,,,,,,,,,,,,,,,,,,,,,,,,,,,,,,,,,,,,,,,,,,,,,,,,,,,,,,,,,,,,,,,,,,,,,,,,,,,,,,,,,,,,,,,,,,,,,,,,,,,,,,,,,,,,,,,,,,,,,,,,,,,,,,,,,,,,,,,,,,,,,,,,,,,,,,,,,,,,,,,,,,,,,,,,,,,,,,,,,,,,,,,,,,,,,,,,,,,,,,,,,,,,,,
1764665200.331433,1764665200.327970,36127,1,4377.25293,4382.930176,4487.270996,4511.978027,4383.260254,4502.380859,4517.563965,4366.153809,4561.117188,4377.25293,4488.827637,4502.307617,4550.53125,4380.585938,4372.58252,4499.46875,4521.904785,4523.333496,4496.776367,4378.27832,4382.197754,4548.717773,4494.432129,4483.60791,4396.208984,4565.476074,4379.597168,4540.494629,4494.175781,4388.406738,4506.794922,4501.575195,2825,1,25,0,0,,,,0,4,4,4,4,4,4,4,4,4,4,4,4,4,4,4,4,4,4,4,4,4,4,4,4,4,4,4,4,4,4,4,4,100,,,,,,,,,,,,,,,,,,,,,,,,,,,,,,,,,,,,,,,,,,,,,,,,,,,,,,,,,,,,,,,,,,,,,,,,,,,,,,,,,,,,,,,,,,,,,,,,,,,,,,,,,,,,,,,,,,,,,,,,,,,,,,,,,,,,,,,,,,,,,,,,,,,,,,,,,,,,,,,,,,,,,,,,,,,,,,,,,,,,,,,,,,,,,,,,,,,,,,,,,,,,,,
1764665200.335341,1764665200.331876,36128,1,4374.834961,4380.20166,4484.633789,4510.036621,4380.292969,4499.194336,4514.615234,4364.102539,4557.710449,4373.168457,4488.534668,4499.743652,4548.131836,4378.9375,4370.439453,4497.637207,4518.919434,4519.871582,4493.150391,4376.629883,4379.67041,4545.512695,4491.117188,4481.208984,4395.165039,4563.864258,4376.996094,4537.380859,4491.88623,4386.629883,4504.871582,4499.34082,0,1,25,0,0,,,,0,4,4,4,4,4,4,4,4,4,4,4,4,4,4,4,4,4,4,4,4,4,4,4,4,4,4,4,4,4,4,4,4,100,,,,,,,,,,,,,,,,,,,,,,,,,,,,,,,,,,,,,,,,,,,,,,,,,,,,,,,,,,,,,,,,,,,,,,,,,,,,,,,,,,,,,,,,,,,,,,,,,,,,,,,,,,,,,,,,,,,,,,,,,,,,,,,,,,,,,,,,,,,,,,,,,,,,,,,,,,,,,,,,,,,,,,,,,,,,,,,,,,,,,,,,,,,,,,,,,,,,,,,,,,,,,,
1764665200.339249,1764665200.335781,36129,1,4372.41748,4377.472656,4481.996094,4508.095215,4377.326172,4496.007324,4511.666504,4362.05127,4554.304199,4369.084473,4488.241699,4497.179688,4545.732422,4377.289551,4368.296875,4495.805664,4515.934082,4516.410156,4489.523926,4374.981445,4377.143066,4542.307617,4487.802246,4478.80957,4394.121094,4562.25293,4374.395508,4534.267578,4489.597168,4384.853516,4502.94873,4497.106445,0,1,25,0,0,,,,0,4,4,4,4,4,4,4,4,4,4,4,4,4,4,4,4,4,4,4,4,4,4,4,4,4,4,4,4,4,4,4,4,100,,,,,,,,,,,,,,,,,,,,,,,,,,,,,,,,,,,,,,,,,,,,,,,,,,,,,,,,,,,,,,,,,,,,,,,,,,,,,,,,,,,,,,,,,,,,,,,,,,,,,,,,,,,,,,,,,,,,,,,,,,,,,,,,,,,,,,,,,,,,,,,,,,,,,,,,,,,,,,,,,,,,,,,,,,,,,,,,,,,,,,,,,,,,,,,,,,,,,,,,,,,,,,
1764665200.343157,1764665200.339687,36130,0,4370,4374.743652,4479.358887,4506.153809,4374.358887,4492.820313,4508.717773,4360,4550.897461,4365,4487.94873,4494.615234,4543.333496,4375.641113,4366.153809,4493.974121,4512.94873,4512.94873,4485.897461,4373.333496,4374.615234,4539.102539,4484.487305,4476.410156,4393.077148,4560.641113,4371.794922,4531.153809,4487.307617,4383.077148,4501.025879,4494.871582,2603,1,25,2563,11347,,,,0,4,4,4,4,4,4,4,4,4,4,4,4,4,4,4,4,4,4,4,4,4,4,4,4,4,4,4,4,4,4,4,4,100,,,,,,,,,,,,,,,,,,,,,,,,,,,,,,,,,,,,,,,,,,,,,,,,,,,,,,,,,,,,,,,,,,,,,,,,,,,,,,,,,,,,,,,,,,,,,,,,,,,,,,,,,,,,,,,,,,,,,,,,,,,,,,,,,,,,,,,,,,,,,,,,,,,,,,,,,,,,,,,,,,,,,,,,,,,,,,,,,,,,,,,,,,,,,,,,,,,,,,,,,,,,,,
1764665200.347066,1764665200.343593,36131,0,4369.358887,4376.153809,4485.641113,4508.077148,4376.922852,4493.461426,4508.846191,4363.717773,4555,4363.717773,4488.333496,4494.743652,4545.384766,4375.128418,4368.589844,4492.692383,4516.410156,4516.538574,4489.487305,4374.230957,4375.897461,4539.615234,4485.512695,4475.897461,4396.666504,4564.487305,4370.897461,4534.871582,4487.307617,4387.307617,4503.589844,4496.282227,2864,1,25,2563,11347,,,,0,4,4,4,4,4,4,4,4,4,4,4,4,4,4,4,4,4,4,4,4,4,4,4,4,4,4,4,4,4,4,4,4,100,,,,,,,,,,,,,,,,,,,,,,,,,,,,,,,,,,,,,,,,,,,,,,,,,,,,,,,,,,,,,,,,,,,,,,,,,,,,,,,,,,,,,,,,,,,,,,,,,,,,,,,,,,,,,,,,,,,,,,,,,,,,,,,,,,,,,,,,,,,,,,,,,,,,,,,,,,,,,,,,,,,,,,,,,,,,,,,,,,,,,,,,,,,,,,,,,,,,,,,,,,,,,,
1764665200.350974,1764665200.347499,36132,0,4367.692383,4376.153809,4490.384766,4507.692383,4378.077148,4492.05127,4506.025879,4363.846191,4554.871582,4359.743652,4484.102539,4493.077148,4546.282227,4372.94873,4369.230957,4489.615234,4517.179688,4517.820313,4491.922852,4371.922852,4375.384766,4539.102539,4486.282227,4472.94873,4391.153809,4566.282227,4368.333496,4535.897461,4485.769043,4389.102539,4504.358887,4495,2752,1,25,2564,11355,,,,0,4,4,4,4,4,4,4,4,4,4,4,4,4,4,4,4,4,4,4,4,4,4,4,4,4,4,4,4,4,4,4,4,100,,,,,,,,,,,,,,,,,,,,,,,,,,,,,,,,,,,,,,,,,,,,,,,,,,,,,,,,,,,,,,,,,,,,,,,,,,,,,,,,,,,,,,,,,,,,,,,,,,,,,,,,,,,,,,,,,,,,,,,,,,,,,,,,,,,,,,,,,,,,,,,,,,,,,,,,,,,,,,,,,,,,,,,,,,,,,,,,,,,,,,,,,,,,,,,,,,,,,,,,,,,,,,
1764665200.354882,1764665200.351404,36133,0,4367.820313,4376.538574,4493.077148,4507.307617,4379.358887,4490.641113,4505,4362.692383,4552.692383,4359.487305,4478.974121,4493.461426,4546.794922,4372.05127,4370.897461,4488.846191,4517.820313,4519.743652,4495,4370,4376.410156,4540.641113,4488.717773,4471.794922,4383.077148,4566.282227,4366.666504,4536.153809,4484.871582,4389.102539,4504.871582,4493.589844,2795,1,25,2564,11355,,,,0,4,4,4,4,4,4,4,4,4,4,4,4,4,4,4,4,4,4,4,4,4,4,4,4,4,4,4,4,4,4,4,4,100,,,,,,,,,,,,,,,,,,,,,,,,,,,,,,,,,,,25417,0,0.254642,-0.611145,-0.723145,0.196777,0.985472,0.186058,0.036626,22,28.166666,43.666668,,,,,,,,,,,,,,,,,,,,,,,,,,,,,,,,,,,,,,,,,,,,,,,,,,,,,,,,,,,,,,,,,,,,,,,,,,,,,,,,,,,,,,,,,,,,,,,,,,,,,,,,,,,,,,,,,,,,,,,,,,,,,,,,,,,,,,,,,,,,,,,,,,,,,,,,,,,,,,,,
1764665200.358791,1764665200.355310,36134,0,4371.666504,4379.358887,4495.897461,4509.487305,4382.692383,4491.794922,4510.256348,4364.102539,4552.179688,4366.282227,4477.05127,4498.077148,4549.358887,4374.230957,4375.512695,4492.692383,4521.025879,4525,4500.256348,4372.05127,4381.025879,4546.666504,4494.230957,4475.641113,4380.641113,4566.410156,4368.974121,4538.717773,4486.410156,4389.487305,4507.179688,4495.641113,2792,1,25,2565,11363,,,,0,4,4,4,4,4,4,4,4,4,4,4,4,4,4,4,4,4,4,4,4,4,4,4,4,4,4,4,4,4,4,4,4,100,,,,,,,,,,,,,,,,,,,,,,,,,,,,,,,,,,,,,,,,,,,,,,,,,,,,,,,,,,,,,,,,,,,,,,,,,,,,,,,,,,,,,,,,,,,,,,,,,,,,,,,,,,,,,,,,,,,,,,,,,,,,,,,,,,,,,,,,,,,,,,,,,,,,,,,,,,,,,,,,,,,,,,,,,,,,,,,,,,,,,,,,,,,,,,,,,,,,,,,,,,,,,,
1764665200.362699,1764665200.359216,36135,0,4378.974121,4385.384766,4500.512695,4514.743652,4388.333496,4496.666504,4521.153809,4370,4555.384766,4377.820313,4480.769043,4505.897461,4555.128418,4378.974121,4382.563965,4500.897461,4527.820313,4533.333496,4507.307617,4379.358887,4388.717773,4556.538574,4502.436035,4484.871582,4387.563965,4568.717773,4376.922852,4545.384766,4490.512695,4392.563965,4512.563965,4502.563965,2986,1,25,2565,11363,,,,0,4,4,4,4,4,4,4,4,4,4,4,4,4,4,4,4,4,4,4,4,4,4,4,4,4,4,4,4,4,4,4,4,100,,,,,,,,,,,,,,,,,,,,,,,,,,,,,,,,,,,,,,,,,,,,,,,,,,,,,,,,,,,,,,,,,,,,,,,,,,,,,,,,,,,,,,,,,,,,,,,,,,,,,,,,,,,,,,,,,,,,,,,,,,,,,,,,,,,,,,,,,,,,,,,,,,,,,,,,,,,,,,,,,,,,,,,,,,,,,,,,,,,,,,,,,,,,,,,,,,,,,,,,,,,,,,
1764665200.366607,1764665200.363122,36136,0,4387.94873,4393.077148,4506.410156,4520.256348,4394.615234,4504.102539,4532.820313,4379.102539,4561.410156,4389.102539,4488.974121,4514.102539,4563.205078,4385,4389.615234,4510,4536.538574,4542.436035,4513.717773,4389.487305,4396.282227,4567.05127,4510.897461,4496.666504,4400,4574.230957,4388.077148,4554.871582,4496.153809,4398.333496,4520,4512.05127,2867,1,25,2566,11371,,,,0,4,4,4,4,4,4,4,4,4,4,4,4,4,4,4,4,4,4,4,4,4,4,4,4,4,4,4,4,4,4,4,4,100,,,,,,,,,,,,,,,,,,,,,,,,,,,,,,,,,,,,,,,,,,,,,,,,,,,,,,,,,,,,,,,,,,,,,,,,,,,,,,,,,,,,,,,,,,,,,,,,,,,,,,,,,,,,,,,,,,,,,,,,,,,,,,,,,,,,,,,,,,,,,,,,,,,,,,,,,,,,,,,,,,,,,,,,,,,,,,,,,,,,,,,,,,,,,,,,,,,,,,,,,,,,,,
1764665200.370515,1764665200.367028,36137,0,4395,4398.589844,4509.358887,4521.538574,4398.461426,4509.871582,4539.487305,4386.410156,4566.153809,4395.256348,4497.05127,4518.846191,4570.256348,4390.384766,4392.94873,4515.641113,4543.461426,4548.205078,4516.282227,4396.922852,4399.615234,4573.461426,4515.897461,4505.769043,4408.461426,4580.256348,4397.05127,4562.563965,4501.282227,4404.102539,4525.512695,4518.717773,2716,1,25,2566,11371,,,,0,4,4,4,4,4,4,4,4,4,4,4,4,4,4,4,4,4,4,4,4,4,4,4,4,4,4,4,4,4,4,4,4,100,,,,,,,,,,,,,,,,,,,,,,,,,,,,,,,,,,,25418,0,0.254537,-0.611267,-0.723145,0.196533,0.985472,0.186058,0.036626,21.666666,28.666666,44.5,,,,,,,,,,,,,,,,,,,,,,,,,,,,,,,,,,,,,,,,,,,,,,,,,,,,,,,,,,,,,,,,,,,,,,,,,,,,,,,,,,,,,,,,,,,,,,,,,,,,,,,,,,,,,,,,,,,,,,,,,,,,,,,,,,,,,,,,,,,,,,,,,,,,,,,,,,,,,,,,
1764665200.374423,1764665200.370933,36138,0,4396.025879,4398.461426,4505.641113,4516.666504,4397.05127,4509.743652,4538.077148,4386.922852,4565.641113,4393.333496,4499.615234,4516.922852,4572.307617,4393.077148,4390,4514.358887,4544.358887,4547.179688,4512.692383,4396.794922,4396.153809,4573.077148,4514.487305,4507.436035,4404.615234,4582.436035,4398.077148,4563.589844,4503.589844,4405.256348,4525.256348,4517.307617,2280,1,25,2567,11379,,,,0,4,4,4,4,4,4,4,4,4,4,4,4,4,4,4,4,4,4,4,4,4,4,4,4,4,4,4,4,4,4,4,4,100,,,,,,,,,,,,,,,,,,,,,,,,,,,,,,,,,,,,,,,,,,,,,,,,,,,,,,,,,,,,,,,,,,,,,,,,,,,,,,,,,,,,,,,,,,,,,,,,,,,,,,,,,,,,,,,,,,,,,,,,,,,,,,,,,,,,,,,,,,,,,,,,,,,,,,,,,,,,,,,,,,,,,,,,,,,,,,,,,,,,,,,,,,,,,,,,,,,,,,,,,,,,,,
1764665200.378332,1764665200.374839,36139,0,4389.102539,4392.692383,4495.769043,4507.94873,4391.025879,4503.077148,4530.384766,4379.230957,4559.743652,4383.461426,4495.128418,4508.717773,4567.820313,4392.307617,4381.794922,4506.410156,4537.94873,4538.589844,4504.358887,4388.589844,4387.436035,4566.538574,4506.666504,4500.384766,4389.102539,4578.461426,4390,4556.153809,4502.05127,4400.256348,4518.461426,4507.436035,2700,1,25,2567,11379,,,,0,4,4,4,4,4,4,4,4,4,4,4,4,4,4,4,4,4,4,4,4,4,4,4,4,4,4,4,4,4,4,4,4,100,,,,,,,,,,,,,,,,,,,,,,,,,,,,,,,,,,,,,,,,,,,,,,,,,,,,,,,,,,,,,,,,,,,,,,,,,,,,,,,,,,,,,,,,,,,,,,,,,,,,,,,,,,,,,,,,,,,,,,,,,,,,,,,,,,,,,,,,,,,,,,,,,,,,,,,,,,,,,,,,,,,,,,,,,,,,,,,,,,,,,,,,,,,,,,,,,,,,,,,,,,,,,,
1764665200.382240,1764665200.378745,36140,0,4377.820313,4385.897461,4486.410156,4501.410156,4383.974121,4494.230957,4522.179688,4368.077148,4552.94873,4370.128418,4487.05127,4498.205078,4559.358887,4388.589844,4373.333496,4496.410156,4527.563965,4526.794922,4495.641113,4377.179688,4378.461426,4557.820313,4496.794922,4488.461426,4372.05127,4571.410156,4377.94873,4544.615234,4497.692383,4392.820313,4509.102539,4494.487305,2501,1,25,2568,11386,,,,0,4,4,4,4,4,4,4,4,4,4,4,4,4,4,4,4,4,4,4,4,4,4,4,4,4,4,4,4,4,4,4,4,100,,,,,,,,,,,,,,,,,,,,,,,,,,,,,,,,,,,,,,,,,,,,,,,,,,,,,,,,,,,,,,,,,,,,,,,,,,,,,,,,,,,,,,,,,,,,,,,,,,,,,,,,,,,,,,,,,,,,,,,,,,,,,,,,,,,,,,,,,,,,,,,,,,,,,,,,,,,,,,,,,,,,,,,,,,,,,,,,,,,,,,,,,,,,,,,,,,,,,,,,,,,,,,
1764665200.386148,1764665200.382651,36141,0,4369.230957,4382.692383,4484.102539,4501.153809,4380,4488.333496,4518.333496,4359.871582,4550.256348,4359.871582,4480,4490.769043,4551.794922,4383.717773,4369.487305,4489.871582,4519.358887,4518.205078,4491.025879,4368.589844,4373.846191,4551.153809,4490.256348,4478.077148,4366.025879,4566.538574,4369.358887,4535.769043,4493.461426,4387.820313,4502.94873,4486.025879,2246,1,25,2568,11386,,,,0,4,4,4,4,4,4,4,4,4,4,4,4,4,4,4,4,4,4,4,4,4,4,4,4,4,4,4,4,4,4,4,4,100,,,,,,,,,,,,,,,,,,,,,,,,,,,,,,,,,,,25419,0,0.254239,-0.61145,-0.723145,0.19635,0.980588,0.163106,0.051276,22.166666,28,43.5,,,,,,,,,,,,,,,,,,,,,,,,,,,,,,,,,,,,,,,,,,,,,,,,,,,,,,,,,,,,,,,,,,,,,,,,,,,,,,,,,,,,,,,,,,,,,,,,,,,,,,,,,,,,,,,,,,,,,,,,,,,,,,,,,,,,,,,,,,,,,,,,,,,,,,,,,,,,,,,,
1764665200.390056,1764665200.386556,36142,0,4367.820313,4384.230957,4489.230957,4505.512695,4380.128418,4488.333496,4519.102539,4357.692383,4552.307617,4356.666504,4476.153809,4489.102539,4548.717773,4379.615234,4371.410156,4488.717773,4517.307617,4516.538574,4491.666504,4366.025879,4374.487305,4548.205078,4490.128418,4473.461426,4375.128418,4567.05127,4367.563965,4533.717773,4491.538574,4387.436035,4502.563965,4485.384766,2717,1,25,2569,11394,,,,0,4,4,4,4,4,4,4,4,4,4,4,4,4,4,4,4,4,4,4,4,4,4,4,4,4,4,4,4,4,4,4,4,100,,,,,,,,,,,,,,,,,,,,,,,,,,,,,,,,,,,,,,,,,,,,,,,,,,,,,,,,,,,,,,,,,,,,,,,,,,,,,,,,,,,,,,,,,,,,,,,,,,,,,,,,,,,,,,,,,,,,,,,,,,,,,,,,,,,,,,,,,,,,,,,,,,,,,,,,,,,,,,,,,,,,,,,,,,,,,,,,,,,,,,,,,,,,,,,,,,,,,,,,,,,,,,
1764665200.393965,1764665200.390462,36143,0,4372.436035,4386.922852,4495.256348,4508.333496,4381.410156,4491.922852,4520.256348,4359.487305,4555.256348,4359.102539,4474.871582,4491.794922,4549.871582,4376.538574,4375.641113,4490.256348,4520.256348,4519.871582,4494.871582,4367.820313,4377.179688,4547.307617,4494.487305,4474.102539,4391.538574,4571.025879,4371.025879,4536.538574,4492.05127,4389.358887,4506.282227,4490,2509,1,25,2569,11394,,,,0,4,4,4,4,4,4,4,4,4,4,4,4,4,4,4,4,4,4,4,4,4,4,4,4,4,4,4,4,4,4,4,4,100,,,,,,,,,,,,,,,,,,,,,,,,,,,,,,,,,,,,,,,,,,,,,,,,,,,,,,,,,,,,,,,,,,,,,,,,,,,,,,,,,,,,,,,,,,,,,,,,,,,,,,,,,,,,,,,,,,,,,,,,,,,,,,,,,,,,,,,,,,,,,,,,,,,,,,,,,,,,,,,,,,,,,,,,,,,,,,,,,,,,,,,,,,,,,,,,,,,,,,,,,,,,,,
1764665200.397873,1764665200.394368,36144,0,4377.436035,4386.922852,4495.512695,4505.384766,4380.256348,4495.256348,4518.333496,4360.769043,4554.615234,4362.307617,4474.487305,4495.512695,4552.307617,4374.102539,4377.436035,4490.769043,4523.589844,4522.563965,4496.410156,4370.384766,4378.077148,4545.769043,4498.717773,4477.05127,4402.692383,4573.589844,4375.256348,4540.128418,4493.461426,4390.512695,4510.384766,4494.871582,2869,1,25,2570,11402,,,,0,4,4,4,4,4,4,4,4,4,4,4,4,4,4,4,4,4,4,4,4,4,4,4,4,4,4,4,4,4,4,4,4,100,,,,,,,,,,,,,,,,,,,,,,,,,,,,,,,,,,,,,,,,,,,,,,,,,,,,,,,,,,,,,,,,,,,,,,,,,,,,,,,,,,,,,,,,,,,,,,,,,,,,,,,,,,,,,,,,,,,,,,,,,,,,,,,,,,,,,,,,,,,,,,,,,,,,,,,,,,,,,,,,,,,,,,,,,,,,,,,,,,,,,,,,,,,,,,,,,,,,,,,,,,,,,,
1764665200.401781,1764665200.398274,36145,0,4378.205078,4383.589844,4488.846191,4497.436035,4376.538574,4495.769043,4513.846191,4359.358887,4549.615234,4363.461426,4474.871582,4497.692383,4553.717773,4371.922852,4375.512695,4489.102539,4524.358887,4521.410156,4494.743652,4371.538574,4376.538574,4543.205078,4499.743652,4479.487305,4401.025879,4572.05127,4377.692383,4541.666504,4494.615234,4390.128418,4512.692383,4496.794922,2917,1,25,2570,11402,,,,0,4,4,4,4,4,4,4,4,4,4,4,4,4,4,4,4,4,4,4,4,4,4,4,4,4,4,4,4,4,4,4,4,100,,,,,,,,,,,,,,,,,,,,,,,,,,,,,,,,,,,25420,0,0.254206,-0.61145,-0.723206,0.196167,0.972775,0.178244,0.035161,22.166666,28,43.5,,,,,,,,,,,,,,,,,,,,,,,,,,,,,,,,,,,,,,,,,,,,,,,,,,,,,,,,,,,,,,,,,,,,,,,,,,,,,,,,,,,,,,,,,,,,,,,,,,,,,,,,,,,,,,,,,,,,,,,,,,,,,,,,,,,,,,,,,,,,,,,,,,,,,,,,,,,,,,,,
1764665200.405690,1764665200.402180,36146,0,4375.256348,4380.256348,4481.538574,4490.641113,4373.333496,4494.615234,4511.025879,4357.179688,4543.461426,4364.102539,4476.794922,4498.333496,4554.487305,4371.153809,4372.179688,4487.94873,4522.94873,4518.589844,4491.794922,4372.307617,4375.128418,4542.179688,4498.333496,4480.769043,4390.512695,4568.461426,4379.230957,4542.05127,4495.384766,4390.641113,4513.461426,4496.922852,1757,1,25,2571,11410,,,,0,4,4,4,4,4,4,4,4,4,4,4,4,4,4,4,4,4,4,4,4,4,4,4,4,4,4,4,4,4,4,4,4,100,,,,,,,,,,,,,,,,,,,,,,,,,,,,,,,,,,,,,,,,,,,,,,,,,,,,,,,,,,,,,,,,,,,,,,,,,,,,,,,,,,,,,,,,,,,,,,,,,,,,,,,,,,,,,,,,,,,,,,,,,,,,,,,,,,,,,,,,,,,,,,,,,,,,,,,,,,,,,,,,,,,,,,,,,,,,,,,,,,,,,,,,,,,,,,,,,,,,,,,,,,,,,,
1764665200.409598,1764665200.406085,36147,0,4373.205078,4381.538574,4480.769043,4491.538574,4375.384766,4495.512695,4514.487305,4358.589844,4541.538574,4368.589844,4480.897461,4500,4556.794922,4373.461426,4371.410156,4490.641113,4523.461426,4519.358887,4492.05127,4375.512695,4377.692383,4545.641113,4498.205078,4482.94873,4382.563965,4567.94873,4383.077148,4544.487305,4496.922852,4394.871582,4515.128418,4498.461426,2960,1,25,2571,11410,,,,0,4,4,4,4,4,4,4,4,4,4,4,4,4,4,4,4,4,4,4,4,4,4,4,4,4,4,4,4,4,4,4,4,100,,,,,,,,,,,,,,,,,,,,,,,,,,,,,,,,,,,,,,,,,,,,,,,,,,,,,,,,,,,,,,,,,,,,,,,,,,,,,,,,,,,,,,,,,,,,,,,,,,,,,,,,,,,,,,,,,,,,,,,,,,,,,,,,,,,,,,,,,,,,,,,,,,,,,,,,,,,,,,,,,,,,,,,,,,,,,,,,,,,,,,,,,,,,,,,,,,,,,,,,,,,,,,
1764665200.413506,1764665200.409991,36148,0,4377.563965,4389.743652,4490,4502.436035,4384.743652,4501.794922,4525.128418,4366.410156,4547.563965,4378.846191,4486.666504,4505,4562.820313,4379.230957,4375.512695,4498.333496,4529.230957,4526.794922,4498.077148,4382.820313,4385.384766,4554.615234,4502.563965,4488.205078,4386.153809,4573.846191,4390.769043,4550.769043,4500.769043,4403.461426,4519.743652,4503.974121,2515,1,25,2572,11418,,,,0,4,4,4,4,4,4,4,4,4,4,4,4,4,4,4,4,4,4,4,4,4,4,4,4,4,4,4,4,4,4,4,4,100,,,,,,,,,,,,,,,,,,,,,,,,,,,,,,,,,,,,,,,,,,,,,,,,,,,,,,,,,,,,,,,,,,,,,,,,,,,,,,,,,,,,,,,,,,,,,,,,,,,,,,,,,,,,,,,,,,,,,,,,,,,,,,,,,,,,,,,,,,,,,,,,,,,,,,,,,,,,,,,,,,,,,,,,,,,,,,,,,,,,,,,,,,,,,,,,,,,,,,,,,,,,,,
1764665200.417414,1764665200.413897,36149,0,4388.717773,4401.794922,4504.871582,4518.589844,4398.205078,4512.563965,4538.974121,4378.974121,4560,4392.05127,4493.205078,4513.205078,4571.538574,4386.538574,4383.077148,4507.820313,4539.743652,4538.333496,4507.820313,4392.05127,4395,4565.512695,4510.512695,4496.666504,4398.461426,4584.358887,4400.641113,4559.230957,4506.794922,4413.717773,4526.794922,4512.307617,2822,1,25,2572,11418,,,,0,4,4,4,4,4,4,4,4,4,4,4,4,4,4,4,4,4,4,4,4,4,4,4,4,4,4,4,4,4,4,4,4,100,,,,,,,,,,,,,,,,,,,,,,,,,,,,,,,,,,,25421,0,0.254559,-0.611389,-0.723083,0.19635,0.979123,0.165548,0.033207,24,30.166666,42.5,,,,,,,,,,,,,,,,,,,,,,,,,,,,,,,,,,,,,,,,,,,,,,,,,,,,,,,,,,,,,,,,,,,,,,,,,,,,,,,,,,,,,,,,,,,,,,,,,,,,,,,,,,,,,,,,,,,,,,,,,,,,,,,,,,,,,,,,,,,,,,,,,,,,,,,,,,,,,,,,
1764665200.421323,1764665200.417803,36150,0,4400.769043,4411.282227,4516.794922,4531.538574,4408.846191,4522.307617,4549.102539,4390.641113,4572.692383,4401.282227,4497.94873,4520.384766,4578.717773,4391.282227,4389.871582,4513.461426,4549.871582,4546.538574,4515.512695,4398.205078,4400.641113,4572.94873,4517.436035,4503.974121,4407.94873,4592.307617,4406.922852,4565.128418,4512.179688,4420.897461,4532.563965,4518.589844,2938,1,25,2573,11426,,,,0,4,4,4,4,4,4,4,4,4,4,4,4,4,4,4,4,4,4,4,4,4,4,4,4,4,4,4,4,4,4,4,4,100,,,,,,,,,,,,,,,,,,,,,,,,,,,,,,,,,,,,,,,,,,,,,,,,,,,,,,,,,,,,,,,,,,,,,,,,,,,,,,,,,,,,,,,,,,,,,,,,,,,,,,,,,,,,,,,,,,,,,,,,,,,,,,,,,,,,,,,,,,,,,,,,,,,,,,,,,,,,,,,,,,,,,,,,,,,,,,,,,,,,,,,,,,,,,,,,,,,,,,,,,,,,,,
1764665200.425231,1764665200.421708,36151,0,4405.384766,4411.794922,4517.692383,4533.333496,4410.512695,4524.358887,4549.615234,4394.230957,4577.820313,4400.769043,4499.102539,4520.897461,4579.102539,4389.358887,4391.282227,4510.641113,4552.563965,4544.871582,4515.256348,4396.282227,4397.05127,4571.538574,4517.436035,4504.487305,4403.205078,4590.897461,4404.358887,4563.846191,4513.077148,4420.512695,4532.179688,4517.820313,2851,1,25,2573,11426,,,,0,4,4,4,4,4,4,4,4,4,4,4,4,4,4,4,4,4,4,4,4,4,4,4,4,4,4,4,4,4,4,4,4,100,,,,,,,,,,,,,,,,,,,,,,,,,,,,,,,,,,,,,,,,,,,,,,,,,,,,,,,,,,,,,,,,,,,,,,,,,,,,,,,,,,,,,,,,,,,,,,,,,,,,,,,,,,,,,,,,,,,,,,,,,,,,,,,,,,,,,,,,,,,,,,,,,,,,,,,,,,,,,,,,,,,,,,,,,,,,,,,,,,,,,,,,,,,,,,,,,,,,,,,,,,,,,,
1764665200.429139,1764665200.425614,36152,0,4397.436035,4402.307617,4505.769043,4521.794922,4401.025879,4515.641113,4539.487305,4386.538574,4571.025879,4389.871582,4495,4511.922852,4570.769043,4380.128418,4385.256348,4499.487305,4544.102539,4532.820313,4505.512695,4385.128418,4383.846191,4560.256348,4508.717773,4495.128418,4383.205078,4577.820313,4391.922852,4554.358887,4507.307617,4411.282227,4523.333496,4508.077148,2778,1,25,2574,11433,,,,0,4,4,4,4,4,4,4,4,4,4,4,4,4,4,4,4,4,4,4,4,4,4,4,4,4,4,4,4,4,4,4,4,100,,,,,,,,,,,,,,,,,,,,,,,,,,,,,,,,,,,,,,,,,,,,,,,,,,,,,,,,,,,,,,,,,,,,,,,,,,,,,,,,,,,,,,,,,,,,,,,,,,,,,,,,,,,,,,,,,,,,,,,,,,,,,,,,,,,,,,,,,,,,,,,,,,,,,,,,,,,,,,,,,,,,,,,,,,,,,,,,,,,,,,,,,,,,,,,,,,,,,,,,,,,,,,
1764665200.433047,1764665200.429520,36153,0,4379.871582,4387.05127,4486.410156,4502.179688,4385.128418,4499.615234,4523.333496,4370.641113,4555.256348,4374.230957,4486.410156,4496.666504,4556.922852,4367.94873,4373.974121,4485.128418,4527.179688,4516.153809,4490.897461,4369.102539,4366.538574,4544.230957,4494.230957,4478.461426,4357.307617,4557.692383,4374.102539,4540,4496.538574,4396.282227,4508.077148,4492.692383,2828,1,25,2574,11433,,,,0,4,4,4,4,4,4,4,4,4,4,4,4,4,4,4,4,4,4,4,4,4,4,4,4,4,4,4,4,4,4,4,4,100,,,,,,,,,,,,,,,,,,,,,,,,,,,,,,,,,,,25422,0,0.254685,-0.611389,-0.723022,0.196411,0.977658,0.179709,0.035161,24.166666,28.833334,42.666668,,,,,,,,,,,,,,,,,,,,,,,,,,,,,,,,,,,,,,,,,,,,,,,,,,,,,,,,,,,,,,,,,,,,,,,,,,,,,,,,,,,,,,,,,,,,,,,,,,,,,,,,,,,,,,,,,,,,,,,,,,,,,,,,,,,,,,,,,,,,,,,,,,,,,,,,,,,,,,,,
1764665200.436956,1764665200.433426,36154,0,4361.794922,4373.205078,4469.230957,4484.743652,4370.384766,4485.256348,4508.717773,4355,4538.717773,4361.282227,4476.025879,4483.205078,4543.974121,4358.846191,4362.563965,4475,4509.871582,4503.589844,4479.743652,4356.025879,4353.205078,4531.410156,4480.769043,4462.05127,4338.974121,4539.487305,4358.461426,4527.05127,4485.769043,4381.794922,4492.94873,4478.205078,1962,1,25,2575,11441,,,,0,4,4,4,4,4,4,4,4,4,4,4,4,4,4,4,4,4,4,4,4,4,4,4,4,4,4,4,4,4,4,4,4,100,,,,,,,,,,,,,,,,,,,,,,,,,,,,,,,,,,,,,,,,,,,,,,,1.001778,1.460902,1.166864,0.50784,0.477899,2.25729,2.243316,1.375737,0.696635,0.538659,2.528706,1.996941,1.179603,0.796567,0.683324,1.00799,1.416548,1.390866,0.446411,0.651492,1.426139,1.697874,1.272271,0.701561,0.569176,1.385627,1.936582,1.239029,0.458191,0.411802,0.937191,1.40269,1.206305,0.521108,0.582771,1.083276,1.558025,1.229405,0.503332,0.642197,1.035448,1.34103,1.679591,0.564282,0.600249,1.07941,2.410939,1.619161,1.367594,1.374744,0.76179,1.224835,0.895028,0.45183,0.464312,1.139155,1.836335,0.963322,0.581565,0.482862,0.533656,1.67106,0.921747,0.513908,0.378278,0.495864,0.819152,0.658729,0.300734,0.273389,0.423833,0.664093,0.686843,0.373263,0.452273,0.778309,1.357131,1.090139,0.433344,0.454861,0.755487,2.473076,1.628292,0.583563,0.502315,0.810533,1.401035,1.566463,0.642759,0.509415,0.419459,0.731814,0.916962,0.460713,0.34486,0.835308,0.654755,0.987203,0.627238,0.499858,0.957327,1.004266,1.388755,0.669418,0.380604,1.043807,1.490913,1.036122,0.565393,0.499134,1.112223,2.27857,1.159671,0.564966,0.431361,1.502346,1.877208,0.823373,0.718223,0.53712,2.583922,3.628977,1.616219,2.593851,1.703603,1.440404,0.94564,0.839786,0.640737,0.501376,1.272014,1.896207,0.902689,0.87433,0.54848,1.546444,2.31866,1.080975,0.597114,0.560318,0.864305,0.992241,0.558502,0.335494,0.261929,1.507642,1.982766,1.258296,0.607208,0.561686,1.895085,1.79633,0.888616,0.923203,0.647125,3.003097,1.804402,1.143069,1.09418,0.74047
1764665200.440864,1764665200.437332,36155,0,4353.077148,4366.666504,4462.94873,4479.102539,4363.974121,4480.128418,4501.922852,4348.333496,4530.512695,4356.153809,4468.461426,4479.487305,4537.692383,4357.436035,4356.538574,4473.589844,4500.641113,4501.025879,4478.077148,4352.179688,4350.256348,4528.461426,4474.487305,4453.974121,4336.922852,4530.769043,4350.897461,4520.897461,4480.256348,4374.230957,4484.615234,4471.282227,2647,1,25,2575,11441,,,,0,4,4,4,4,4,4,4,4,4,4,4,4,4,4,4,4,4,4,4,4,4,4,4,4,4,4,4,4,4,4,4,4,100,,,,,,,,,,,,,,,,,,,,,,,,,,,,,,,,,,,,,,,,,,,,,,,,,,,,,,,,,,,,,,,,,,,,,,,,,,,,,,,,,,,,,,,,,,,,,,,,,,,,,,,,,,,,,,,,,,,,,,,,,,,,,,,,,,,,,,,,,,,,,,,,,,,,,,,,,,,,,,,,,,,,,,,,,,,,,,,,,,,,,,,,,,,,,,,,,,,,,,,,,,,,,,
1764665200.444772,1764665200.441237,36156,1,4362.692383,4373.205078,4473.803223,4491.922852,4372.136719,4489.743652,4508.974121,4358.846191,4541.794922,4358.205078,4473.205078,4488.846191,4544.572754,4364.914551,4361.538574,4480,4509.060059,4509.914551,4486.581055,4360.170898,4359.316406,4537.692383,4481.239258,4463.119629,4356.495605,4540,4355.939941,4527.008789,4485.598145,4380.384766,4491.880371,4479.145508,0,1,25,0,0,,,,0,4,4,4,4,4,4,4,4,4,4,4,4,4,4,4,4,4,4,4,4,4,4,4,4,4,4,4,4,4,4,4,4,100,,,,,,,,,,,,,,,,,,,,,,,,,,,,,,,,,,,,,,,,,,,,,,,,,,,,,,,,,,,,,,,,,,,,,,,,,,,,,,,,,,,,,,,,,,,,,,,,,,,,,,,,,,,,,,,,,,,,,,,,,,,,,,,,,,,,,,,,,,,,,,,,,,,,,,,,,,,,,,,,,,,,,,,,,,,,,,,,,,,,,,,,,,,,,,,,,,,,,,,,,,,,,,
1764665200.448681,1764665200.445143,36157,1,4372.307617,4379.743652,4484.658203,4504.743652,4380.299316,4499.358887,4516.025879,4369.358887,4553.077148,4360.256348,4477.94873,4498.205078,4551.453125,4372.393066,4366.538574,4486.410156,4517.478516,4518.803223,4495.085449,4368.162598,4368.375977,4546.922852,4487.991211,4472.265137,4376.068359,4549.230957,4360.98291,4533.119629,4490.939941,4386.538574,4499.145508,4487.008789,0,1,25,0,0,,,,0,4,4,4,4,4,4,4,4,4,4,4,4,4,4,4,4,4,4,4,4,4,4,4,4,4,4,4,4,4,4,4,4,100,,,,,,,,,,,,,,,,,,,,,,,,,,,,,,,,,,,,,,,,,,,,,,,,,,,,,,,,,,,,,,,,,,,,,,,,,,,,,,,,,,,,,,,,,,,,,,,,,,,,,,,,,,,,,,,,,,,,,,,,,,,,,,,,,,,,,,,,,,,,,,,,,,,,,,,,,,,,,,,,,,,,,,,,,,,,,,,,,,,,,,,,,,,,,,,,,,,,,,,,,,,,,,
1764665200.452589,1764665200.449049,36158,0,4381.922852,4386.282227,4495.512695,4517.563965,4388.461426,4508.974121,4523.077148,4379.871582,4564.358887,4362.307617,4482.692383,4507.563965,4558.333496,4379.871582,4371.538574,4492.820313,4525.897461,4527.692383,4503.589844,4376.153809,4377.436035,4556.153809,4494.743652,4481.410156,4395.641113,4558.461426,4366.025879,4539.230957,4496.282227,4392.692383,4506.410156,4494.871582,2667,1,25,2576,11457,,,,0,4,4,4,4,4,4,4,4,4,4,4,4,4,4,4,4,4,4,4,4,4,4,4,4,4,4,4,4,4,4,4,4,100,,,,,,,,,,,,,,,,,,,,,,,,,,,,,,,,,,,,,,,,,,,,,,,,,,,,,,,,,,,,,,,,,,,,,,,,,,,,,,,,,,,,,,,,,,,,,,,,,,,,,,,,,,,,,,,,,,,,,,,,,,,,,,,,,,,,,,,,,,,,,,,,,,,,,,,,,,,,,,,,,,,,,,,,,,,,,,,,,,,,,,,,,,,,,,,,,,,,,,,,,,,,,,
1764665200.456497,1764665200.452955,36159,0,4386.282227,4392.307617,4499.615234,4521.794922,4393.846191,4512.820313,4528.717773,4384.615234,4572.563965,4360.256348,4490.769043,4506.922852,4562.436035,4381.025879,4373.974121,4492.563965,4532.436035,4529.102539,4503.333496,4377.05127,4377.307617,4557.820313,4498.846191,4486.410156,4405.641113,4563.589844,4368.077148,4543.077148,4499.358887,4396.025879,4511.922852,4498.205078,2835,1,25,2576,11457,,,,0,4,4,4,4,4,4,4,4,4,4,4,4,4,4,4,4,4,4,4,4,4,4,4,4,4,4,4,4,4,4,4,4,100,,,,,,,,,,,,,,,,,,,,,,,,,,,,,,,,,,,,,,,,,,,,,,,,,,,,,,,,,,,,,,,,,,,,,,,,,,,,,,,,,,,,,,,,,,,,,,,,,,,,,,,,,,,,,,,,,,,,,,,,,,,,,,,,,,,,,,,,,,,,,,,,,,,,,,,,,,,,,,,,,,,,,,,,,,,,,,,,,,,,,,,,,,,,,,,,,,,,,,,,,,,,,,
1764665200.460405,1764665200.456860,36160,0,4382.563965,4392.94873,4496.410156,4516.666504,4392.436035,4509.487305,4528.974121,4380.769043,4570.769043,4358.589844,4492.307617,4499.230957,4559.743652,4377.307617,4370.641113,4489.102539,4530.641113,4525.128418,4498.461426,4372.179688,4370.897461,4552.820313,4496.922852,4482.94873,4401.282227,4560.128418,4365,4541.410156,4497.563965,4392.94873,4510.128418,4494.487305,2773,1,25,2576,11465,,,,0,4,4,4,4,4,4,4,4,4,4,4,4,4,4,4,4,4,4,4,4,4,4,4,4,4,4,4,4,4,4,4,4,100,,,,,,,,,,,,,,,,,,,,,,,,,,,,,,,,,,,,,,,,,,,,,,,,,,,,,,,,,,,,,,,,,,,,,,,,,,,,,,,,,,,,,,,,,,,,,,,,,,,,,,,,,,,,,,,,,,,,,,,,,,,,,,,,,,,,,,,,,,,,,,,,,,,,,,,,,,,,,,,,,,,,,,,,,,,,,,,,,,,,,,,,,,,,,,,,,,,,,,,,,,,,,,
1764665200.464314,1764665200.460766,36161,0,4375.897461,4389.230957,4491.666504,4507.94873,4387.307617,4503.205078,4526.153809,4372.820313,4562.436035,4360.512695,4486.410156,4491.025879,4552.820313,4372.820313,4363.846191,4485.897461,4523.461426,4519.871582,4493.589844,4366.666504,4364.230957,4545.769043,4491.922852,4475.128418,4387.179688,4552.307617,4360,4536.666504,4493.589844,4387.179688,4504.102539,4488.589844,2934,1,25,2576,11465,,,,0,4,4,4,4,4,4,4,4,4,4,4,4,4,4,4,4,4,4,4,4,4,4,4,4,4,4,4,4,4,4,4,4,100,,,,,,,,,,,,,,,,,,,,,,,,,,,,,,,,,,,25424,0,0.254911,-0.611328,-0.722961,0.196533,0.98303,0.179709,0.045904,23.5,29.166666,43.5,,,,,,,,,,,,,,,,,,,,,,,,,,,,,,,,,,,,,,,,,,,,,,,,,,,,,,,,,,,,,,,,,,,,,,,,,,,,,,,,,,,,,,,,,,,,,,,,,,,,,,,,,,,,,,,,,,,,,,,,,,,,,,,,,,,,,,,,,,,,,,,,,,,,,,,,,,,,,,,,
1764665200.468222,1764665200.464672,36162,0,4372.307617,4384.615234,4491.282227,4502.307617,4383.461426,4499.230957,4524.487305,4367.179688,4554.487305,4365.128418,4477.436035,4488.589844,4546.922852,4371.025879,4358.461426,4485.512695,4517.307617,4517.179688,4491.922852,4365.641113,4363.333496,4541.922852,4488.077148,4469.230957,4373.077148,4546.794922,4357.692383,4533.077148,4491.410156,4384.230957,4499.487305,4487.179688,2618,1,25,2574,11472,,,,0,4,4,4,4,4,4,4,4,4,4,4,4,4,4,4,4,4,4,4,4,4,4,4,4,4,4,4,4,4,4,4,4,100,,,,,,,,,,,,,,,,,,,,,,,,,,,,,,,,,,,,,,,,,,,,,,,,,,,,,,,,,,,,,,,,,,,,,,,,,,,,,,,,,,,,,,,,,,,,,,,,,,,,,,,,,,,,,,,,,,,,,,,,,,,,,,,,,,,,,,,,,,,,,,,,,,,,,,,,,,,,,,,,,,,,,,,,,,,,,,,,,,,,,,,,,,,,,,,,,,,,,,,,,,,,,,
1764665200.472130,1764665200.468578,36163,0,4374.743652,4383.333496,4496.666504,4502.692383,4383.974121,4500.769043,4526.538574,4367.307617,4551.922852,4369.615234,4472.436035,4493.846191,4546.410156,4373.461426,4358.589844,4487.563965,4517.179688,4518.205078,4493.717773,4370.512695,4369.615234,4543.589844,4488.333496,4469.102539,4367.94873,4548.333496,4360.512695,4532.820313,4493.077148,4386.794922,4500,4492.94873,2878,1,25,2574,11472,,,,0,4,4,4,4,4,4,4,4,4,4,4,4,4,4,4,4,4,4,4,4,4,4,4,4,4,4,4,4,4,4,4,4,100,,,,,,,,,,,,,,,,,,,,,,,,,,,,,,,,,,,,,,,,,,,,,,,,,,,,,,,,,,,,,,,,,,,,,,,,,,,,,,,,,,,,,,,,,,,,,,,,,,,,,,,,,,,,,,,,,,,,,,,,,,,,,,,,,,,,,,,,,,,,,,,,,,,,,,,,,,,,,,,,,,,,,,,,,,,,,,,,,,,,,,,,,,,,,,,,,,,,,,,,,,,,,,
1764665200.476038,1764665200.472483,36164,0,4381.922852,4387.179688,4504.358887,4507.307617,4388.717773,4506.410156,4531.794922,4372.307617,4554.487305,4371.153809,4475,4503.589844,4551.794922,4377.820313,4364.230957,4490.897461,4523.974121,4521.794922,4496.922852,4378.461426,4379.615234,4549.230957,4492.820313,4473.846191,4372.94873,4556.666504,4367.692383,4536.025879,4497.563965,4393.333496,4505,4502.94873,2767,1,25,2572,11480,,,,0,4,4,4,4,4,4,4,4,4,4,4,4,4,4,4,4,4,4,4,4,4,4,4,4,4,4,4,4,4,4,4,4,100,,,,,,,,,,,,,,,,,,,,,,,,,,,,,,,,,,,,,,,,,,,,,,,,,,,,,,,,,,,,,,,,,,,,,,,,,,,,,,,,,,,,,,,,,,,,,,,,,,,,,,,,,,,,,,,,,,,,,,,,,,,,,,,,,,,,,,,,,,,,,,,,,,,,,,,,,,,,,,,,,,,,,,,,,,,,,,,,,,,,,,,,,,,,,,,,,,,,,,,,,,,,,,
1764665200.479946,1764665200.476389,36165,0,4389.615234,4393.974121,4508.974121,4512.179688,4395,4511.666504,4537.307617,4377.820313,4558.333496,4370.512695,4482.820313,4511.794922,4559.230957,4380.897461,4371.794922,4493.589844,4533.077148,4526.025879,4498.589844,4384.358887,4387.563965,4555.256348,4499.102539,4479.487305,4381.922852,4567.179688,4375.512695,4540.256348,4501.922852,4398.974121,4510.512695,4510.769043,2809,1,25,2572,11480,,,,0,4,4,4,4,4,4,4,4,4,4,4,4,4,4,4,4,4,4,4,4,4,4,4,4,4,4,4,4,4,4,4,4,100,,,,,,,,,,,,,,,,,,,,,,,,,,,,,,,,,,,25425,0,0.254911,-0.611328,-0.722961,0.196533,0.98303,0.179709,0.045904,21.833334,29.166666,44.333332,,,,,,,,,,,,,,,,,,,,,,,,,,,,,,,,,,,,,,,,,,,,,,,,,,,,,,,,,,,,,,,,,,,,,,,,,,,,,,,,,,,,,,,,,,,,,,,,,,,,,,,,,,,,,,,,,,,,,,,,,,,,,,,,,,,,,,,,,,,,,,,,,,,,,,,,,,,,,,,,
1764665200.483855,1764665200.480295,36166,0,4393.717773,4399.358887,4507.692383,4514.615234,4399.615234,4512.436035,4539.743652,4379.871582,4559.743652,4369.487305,4489.743652,4514.230957,4563.205078,4380.641113,4376.666504,4495.128418,4539.102539,4528.589844,4498.205078,4385.128418,4389.487305,4558.461426,4503.717773,4482.692383,4386.153809,4574.358887,4380.256348,4543.461426,4503.205078,4400.256348,4513.461426,4512.179688,2806,1,25,2571,11488,,,,0,4,4,4,4,4,4,4,4,4,4,4,4,4,4,4,4,4,4,4,4,4,4,4,4,4,4,4,4,4,4,4,4,100,,,,,,,,,,,,,,,,,,,,,,,,,,,,,,,,,,,,,,,,,,,,,,,,,,,,,,,,,,,,,,,,,,,,,,,,,,,,,,,,,,,,,,,,,,,,,,,,,,,,,,,,,,,,,,,,,,,,,,,,,,,,,,,,,,,,,,,,,,,,,,,,,,,,,,,,,,,,,,,,,,,,,,,,,,,,,,,,,,,,,,,,,,,,,,,,,,,,,,,,,,,,,,
1764665200.487763,1764665200.484201,36167,0,4392.05127,4399.487305,4501.410156,4513.589844,4399.615234,4508.846191,4537.692383,4376.538574,4557.563965,4369.102539,4491.025879,4510.384766,4560.769043,4377.692383,4376.153809,4495.512695,4538.333496,4528.077148,4496.410156,4380.641113,4385,4557.179688,4504.358887,4482.436035,4381.410156,4574.358887,4381.153809,4544.230957,4500.512695,4397.307617,4513.077148,4507.179688,2998,1,25,2571,11488,,,,0,4,4,4,4,4,4,4,4,4,4,4,4,4,4,4,4,4,4,4,4,4,4,4,4,4,4,4,4,4,4,4,4,100,,,,,,,,,,,,,,,,,,,,,,,,,,,,,,,,,,,,,,,,,,,,,,,,,,,,,,,,,,,,,,,,,,,,,,,,,,,,,,,,,,,,,,,,,,,,,,,,,,,,,,,,,,,,,,,,,,,,,,,,,,,,,,,,,,,,,,,,,,,,,,,,,,,,,,,,,,,,,,,,,,,,,,,,,,,,,,,,,,,,,,,,,,,,,,,,,,,,,,,,,,,,,,
1764665200.491671,1764665200.488107,36168,0,4384.871582,4393.717773,4493.333496,4509.743652,4394.358887,4503.077148,4531.922852,4369.358887,4552.820313,4367.179688,4486.410156,4503.205078,4552.820313,4372.94873,4370.641113,4494.487305,4531.410156,4523.589844,4493.974121,4373.333496,4376.794922,4551.410156,4500.641113,4479.358887,4370.769043,4568.077148,4379.102539,4542.179688,4494.871582,4392.307617,4510.641113,4499.230957,2883,1,25,2572,11496,,,,0,4,4,4,4,4,4,4,4,4,4,4,4,4,4,4,4,4,4,4,4,4,4,4,4,4,4,4,4,4,4,4,4,100,,,,,,,,,,,,,,,,,,,,,,,,,,,,,,,,,,,,,,,,,,,,,,,,,,,,,,,,,,,,,,,,,,,,,,,,,,,,,,,,,,,,,,,,,,,,,,,,,,,,,,,,,,,,,,,,,,,,,,,,,,,,,,,,,,,,,,,,,,,,,,,,,,,,,,,,,,,,,,,,,,,,,,,,,,,,,,,,,,,,,,,,,,,,,,,,,,,,,,,,,,,,,,
1764665200.495580,1764665200.492012,36169,0,4375.512695,4384.615234,4486.794922,4504.487305,4385.897461,4497.820313,4525,4361.410156,4548.077148,4361.794922,4479.615234,4496.666504,4543.461426,4368.333496,4363.333496,4491.922852,4522.307617,4516.666504,4491.025879,4366.794922,4368.974121,4543.717773,4494.871582,4475.256348,4361.922852,4559.615234,4375.641113,4538.589844,4488.589844,4387.563965,4507.692383,4492.436035,2730,1,25,2572,11496,,,,0,4,4,4,4,4,4,4,4,4,4,4,4,4,4,4,4,4,4,4,4,4,4,4,4,4,4,4,4,4,4,4,4,100,,,,,,,,,,,,,,,,,,,,,,,,,,,,,,,,,,,25426,0,0.254732,-0.611389,-0.723022,0.19635,0.981565,0.169943,0.034184,23.166666,27.833334,43.666668,,,,,,,,,,,,,,,,,,,,,,,,,,,,,,,,,,,,,,,,,,,,,,,,,,,,,,,,,,,,,,,,,,,,,,,,,,,,,,,,,,,,,,,,,,,,,,,,,,,,,,,,,,,,,,,,,,,,,,,,,,,,,,,,,,,,,,,,,,,,,,,,,,,,,,,,,,,,,,,,
1764665200.499488,1764665200.495918,36170,0,4369.358887,4377.692383,4484.230957,4500,4378.717773,4495.256348,4520.641113,4356.922852,4545.897461,4355,4476.153809,4494.358887,4538.846191,4366.153809,4358.589844,4489.230957,4516.410156,4511.025879,4488.461426,4364.743652,4365.897461,4538.077148,4491.410156,4472.692383,4362.563965,4554.487305,4372.307617,4535.512695,4484.743652,4384.487305,4505.769043,4489.230957,2295,1,25,2570,11504,,,,0,4,4,4,4,4,4,4,4,4,4,4,4,4,4,4,4,4,4,4,4,4,4,4,4,4,4,4,4,4,4,4,4,100,,,,,,,,,,,,,,,,,,,,,,,,,,,,,,,,,,,,,,,,,,,,,,,,,,,,,,,,,,,,,,,,,,,,,,,,,,,,,,,,,,,,,,,,,,,,,,,,,,,,,,,,,,,,,,,,,,,,,,,,,,,,,,,,,,,,,,,,,,,,,,,,,,,,,,,,,,,,,,,,,,,,,,,,,,,,,,,,,,,,,,,,,,,,,,,,,,,,,,,,,,,,,,
1764665200.503396,1764665200.499824,36171,0,4370.512695,4377.563965,4486.410156,4499.615234,4377.179688,4496.794922,4522.05127,4358.974121,4548.974121,4353.077148,4479.487305,4497.94873,4543.077148,4369.358887,4360.256348,4488.589844,4517.820313,4511.282227,4488.461426,4369.615234,4369.487305,4538.589844,4493.205078,4474.230957,4374.487305,4556.282227,4371.282227,4535.641113,4486.025879,4384.358887,4506.538574,4490.769043,2719,1,25,2570,11504,,,,0,4,4,4,4,4,4,4,4,4,4,4,4,4,4,4,4,4,4,4,4,4,4,4,4,4,4,4,4,4,4,4,4,100,,,,,,,,,,,,,,,,,,,,,,,,,,,,,,,,,,,,,,,,,,,,,,,,,,,,,,,,,,,,,,,,,,,,,,,,,,,,,,,,,,,,,,,,,,,,,,,,,,,,,,,,,,,,,,,,,,,,,,,,,,,,,,,,,,,,,,,,,,,,,,,,,,,,,,,,,,,,,,,,,,,,,,,,,,,,,,,,,,,,,,,,,,,,,,,,,,,,,,,,,,,,,,
1764665200.507304,1764665200.503730,36172,0,4379.102539,4385.128418,4493.077148,4504.743652,4382.820313,4502.05127,4530,4367.563965,4557.179688,4360.769043,4488.333496,4506.282227,4555,4378.205078,4368.205078,4492.05127,4526.410156,4519.230957,4492.820313,4379.743652,4379.102539,4545.769043,4500.384766,4480.769043,4391.922852,4564.358887,4373.974121,4539.871582,4492.820313,4387.820313,4510.897461,4496.282227,2512,1,25,2568,11511,,,,0,4,4,4,4,4,4,4,4,4,4,4,4,4,4,4,4,4,4,4,4,4,4,4,4,4,4,4,4,4,4,4,4,100,,,,,,,,,,,,,,,,,,,,,,,,,,,,,,,,,,,,,,,,,,,,,,,,,,,,,,,,,,,,,,,,,,,,,,,,,,,,,,,,,,,,,,,,,,,,,,,,,,,,,,,,,,,,,,,,,,,,,,,,,,,,,,,,,,,,,,,,,,,,,,,,,,,,,,,,,,,,,,,,,,,,,,,,,,,,,,,,,,,,,,,,,,,,,,,,,,,,,,,,,,,,,,
1764665200.511213,1764665200.507635,36173,0,4390.512695,4395.641113,4501.153809,4513.717773,4393.077148,4508.846191,4541.153809,4378.974121,4567.692383,4375.641113,4497.179688,4515.384766,4568.846191,4389.615234,4378.333496,4499.487305,4537.692383,4532.05127,4501.025879,4390.769043,4390.641113,4556.538574,4509.487305,4490.256348,4403.461426,4574.230957,4380.128418,4546.538574,4501.538574,4394.102539,4517.820313,4503.205078,2260,1,25,2568,11511,,,,0,4,4,4,4,4,4,4,4,4,4,4,4,4,4,4,4,4,4,4,4,4,4,4,4,4,4,4,4,4,4,4,4,100,,,,,,,,,,,,,,,,,,,,,,,,,,,,,,,,,,,25427,0,0.254832,-0.611328,-0.723022,0.196411,0.981565,0.169943,0.034184,22.833334,30.666666,45,,,,,,,,,,,,,,,,,,,,,,,,,,,,,,,,,,,,,,,,,,,,,,,,,,,,,,,,,,,,,,,,,,,,,,,,,,,,,,,,,,,,,,,,,,,,,,,,,,,,,,,,,,,,,,,,,,,,,,,,,,,,,,,,,,,,,,,,,,,,,,,,,,,,,,,,,,,,,,,,
1764665200.515121,1764665200.511541,36174,0,4398.077148,4402.05127,4506.922852,4522.05127,4402.05127,4513.846191,4549.487305,4387.563965,4575.256348,4389.743652,4500.769043,4520.897461,4576.922852,4397.820313,4384.615234,4507.307617,4544.871582,4542.820313,4508.974121,4397.307617,4398.974121,4565.512695,4516.153809,4497.820313,4401.794922,4580.641113,4386.538574,4551.922852,4506.666504,4400.256348,4523.974121,4508.077148,2728,1,25,2569,11519,,,,0,4,4,4,4,4,4,4,4,4,4,4,4,4,4,4,4,4,4,4,4,4,4,4,4,4,4,4,4,4,4,4,4,100,,,,,,,,,,,,,,,,,,,,,,,,,,,,,,,,,,,,,,,,,,,,,,,,,,,,,,,,,,,,,,,,,,,,,,,,,,,,,,,,,,,,,,,,,,,,,,,,,,,,,,,,,,,,,,,,,,,,,,,,,,,,,,,,,,,,,,,,,,,,,,,,,,,,,,,,,,,,,,,,,,,,,,,,,,,,,,,,,,,,,,,,,,,,,,,,,,,,,,,,,,,,,,
1764665200.519029,1764665200.515447,36175,0,4396.666504,4399.487305,4506.794922,4524.102539,4404.358887,4514.871582,4550.256348,4388.461426,4575.256348,4395,4497.436035,4520.256348,4575.512695,4398.077148,4383.333496,4510.769043,4543.461426,4545,4511.538574,4396.025879,4399.743652,4567.563965,4517.307617,4499.102539,4389.102539,4579.871582,4389.230957,4552.307617,4504.358887,4402.179688,4525.256348,4507.307617,2519,1,25,2569,11519,,,,0,4,4,4,4,4,4,4,4,4,4,4,4,4,4,4,4,4,4,4,4,4,4,4,4,4,4,4,4,4,4,4,4,100,,,,,,,,,,,,,,,,,,,,,,,,,,,,,,,,,,,,,,,,,,,,,,,,,,,,,,,,,,,,,,,,,,,,,,,,,,,,,,,,,,,,,,,,,,,,,,,,,,,,,,,,,,,,,,,,,,,,,,,,,,,,,,,,,,,,,,,,,,,,,,,,,,,,,,,,,,,,,,,,,,,,,,,,,,,,,,,,,,,,,,,,,,,,,,,,,,,,,,,,,,,,,,
1764665200.522937,1764665200.519353,36176,0,4386.794922,4388.846191,4499.615234,4517.563965,4398.205078,4510.769043,4542.820313,4381.153809,4566.794922,4389.358887,4489.487305,4513.717773,4566.794922,4389.871582,4375.128418,4506.794922,4534.102539,4536.794922,4506.153809,4387.563965,4392.436035,4561.025879,4512.563965,4493.205078,4375.256348,4572.436035,4385.897461,4547.05127,4496.153809,4397.94873,4519.871582,4499.743652,2882,1,25,2570,11527,,,,0,4,4,4,4,4,4,4,4,4,4,4,4,4,4,4,4,4,4,4,4,4,4,4,4,4,4,4,4,4,4,4,4,100,,,,,,,,,,,,,,,,,,,,,,,,,,,,,,,,,,,,,,,,,,,,,,,,,,,,,,,,,,,,,,,,,,,,,,,,,,,,,,,,,,,,,,,,,,,,,,,,,,,,,,,,,,,,,,,,,,,,,,,,,,,,,,,,,,,,,,,,,,,,,,,,,,,,,,,,,,,,,,,,,,,,,,,,,,,,,,,,,,,,,,,,,,,,,,,,,,,,,,,,,,,,,,
1764665200.526846,1764665200.523259,36177,0,4373.461426,4374.871582,4488.077148,4505,4386.794922,4502.563965,4530.897461,4369.487305,4554.102539,4376.922852,4479.615234,4503.461426,4556.538574,4377.05127,4364.102539,4496.794922,4522.179688,4522.05127,4494.871582,4375.512695,4380.384766,4548.717773,4504.230957,4482.820313,4369.743652,4561.538574,4377.179688,4538.589844,4486.666504,4388.974121,4509.743652,4487.563965,2929,1,25,2570,11527,,,,0,4,4,4,4,4,4,4,4,4,4,4,4,4,4,4,4,4,4,4,4,4,4,4,4,4,4,4,4,4,4,4,4,100,,,,,,,,,,,,,,,,,,,,,,,,,,,,,,,,,,,25428,0,0.254958,-0.611328,-0.722961,0.196472,0.985472,0.168966,0.0293,23.666666,29,44.5,,,,,,,,,,,,,,,,,,,,,,,,,,,,,,,,,,,,,,,,,,,,,,,,,,,,,,,,,,,,,,,,,,,,,,,,,,,,,,,,,,,,,,,,,,,,,,,,,,,,,,,,,,,,,,,,,,,,,,,,,,,,,,,,,,,,,,,,,,,,,,,,,,,,,,,,,,,,,,,,
1764665200.530754,1764665200.527164,36178,0,4362.692383,4363.205078,4476.922852,4492.692383,4375.256348,4492.179688,4519.230957,4358.846191,4542.692383,4364.102539,4469.871582,4492.94873,4549.102539,4366.153809,4355.384766,4485.512695,4513.077148,4508.077148,4483.333496,4364.871582,4369.230957,4536.153809,4495.512695,4473.077148,4373.205078,4551.666504,4366.538574,4530.384766,4480.384766,4379.358887,4499.487305,4475.641113,1766,1,25,2571,11535,,,,0,4,4,4,4,4,4,4,4,4,4,4,4,4,4,4,4,4,4,4,4,4,4,4,4,4,4,4,4,4,4,4,4,100,,,,,,,,,,,,,,,,,,,,,,,,,,,,,,,,,,,,,,,,,,,,,,,,,,,,,,,,,,,,,,,,,,,,,,,,,,,,,,,,,,,,,,,,,,,,,,,,,,,,,,,,,,,,,,,,,,,,,,,,,,,,,,,,,,,,,,,,,,,,,,,,,,,,,,,,,,,,,,,,,,,,,,,,,,,,,,,,,,,,,,,,,,,,,,,,,,,,,,,,,,,,,,
1764665200.534662,1764665200.531070,36179,0,4357.307617,4356.794922,4470.256348,4485.897461,4367.692383,4482.05127,4510.512695,4352.692383,4536.538574,4355.769043,4461.538574,4484.230957,4545.256348,4361.794922,4351.538574,4478.461426,4508.205078,4500.384766,4477.179688,4358.974121,4363.205078,4528.461426,4488.589844,4467.94873,4378.589844,4546.025879,4357.94873,4524.358887,4478.846191,4372.820313,4492.820313,4468.974121,2976,1,25,2571,11535,,,,0,4,4,4,4,4,4,4,4,4,4,4,4,4,4,4,4,4,4,4,4,4,4,4,4,4,4,4,4,4,4,4,4,100,,,,,,,,,,,,,,,,,,,,,,,,,,,,,,,,,,,,,,,,,,,,,,,,,,,,,,,,,,,,,,,,,,,,,,,,,,,,,,,,,,,,,,,,,,,,,,,,,,,,,,,,,,,,,,,,,,,,,,,,,,,,,,,,,,,,,,,,,,,,,,,,,,,,,,,,,,,,,,,,,,,,,,,,,,,,,,,,,,,,,,,,,,,,,,,,,,,,,,,,,,,,,,
1764665200.538571,1764665200.534976,36180,0,4356.666504,4355.641113,4469.230957,4485.512695,4365.128418,4474.487305,4505.128418,4350.897461,4535.769043,4352.94873,4456.410156,4478.717773,4542.692383,4364.871582,4351.794922,4477.94873,4506.153809,4500.256348,4478.077148,4358.205078,4362.820313,4526.922852,4484.102539,4468.461426,4377.94873,4545.769043,4354.102539,4521.025879,4480.256348,4370.897461,4490.897461,4469.102539,2529,1,25,2572,11543,,,,0,4,4,4,4,4,4,4,4,4,4,4,4,4,4,4,4,4,4,4,4,4,4,4,4,4,4,4,4,4,4,4,4,100,,,,,,,,,,,,,,,,,,,,,,,,,,,,,,,,,,,,,,,,,,,,,,,,,,,,,,,,,,,,,,,,,,,,,,,,,,,,,,,,,,,,,,,,,,,,,,,,,,,,,,,,,,,,,,,,,,,,,,,,,,,,,,,,,,,,,,,,,,,,,,,,,,,,,,,,,,,,,,,,,,,,,,,,,,,,,,,,,,,,,,,,,,,,,,,,,,,,,,,,,,,,,,
1764665200.542479,1764665200.538882,36181,0,4358.333496,4358.333496,4471.794922,4488.846191,4366.538574,4471.794922,4502.820313,4351.282227,4537.820313,4354.871582,4456.666504,4476.922852,4540.384766,4372.436035,4353.717773,4482.94873,4505.641113,4504.871582,4483.717773,4361.025879,4366.025879,4530.128418,4482.436035,4472.307617,4370.256348,4549.102539,4355.128418,4520,4482.563965,4372.563965,4491.794922,4473.205078,2837,1,25,2572,11543,,,,0,4,4,4,4,4,4,4,4,4,4,4,4,4,4,4,4,4,4,4,4,4,4,4,4,4,4,4,4,4,4,4,4,100,,,,,,,,,,,,,,,,,,,,,,,,,,,,,,,,,,,25429,0,0.254879,-0.611328,-0.723022,0.19635,0.979123,0.174826,0.046392,23.666666,29,44.5,,,,,,,,,,,,,,,,,,,,,,,,,,,,,,,,,,,,,,,,,,,,,,,,,,,,,,,,,,,,,,,,,,,,,,,,,,,,,,,,,,,,,,,,,,,,,,,,,,,,,,,,,,,,,,,,,,,,,,,,,,,,,,,,,,,,,,,,,,,,,,,,,,,,,,,,,,,,,,,,
1764665200.546387,1764665200.542787,36182,0,4360.512695,4363.205078,4474.487305,4492.436035,4370.384766,4475,4504.358887,4352.179688,4540.128418,4359.102539,4462.436035,4479.487305,4538.846191,4380.128418,4355.641113,4489.102539,4506.794922,4508.846191,4489.743652,4365.128418,4369.358887,4534.615234,4483.205078,4475.641113,4362.436035,4552.563965,4358.717773,4521.025879,4484.230957,4375.128418,4493.589844,4476.282227,2953,1,25,2573,11551,,,,0,4,4,4,4,4,4,4,4,4,4,4,4,4,4,4,4,4,4,4,4,4,4,4,4,4,4,4,4,4,4,4,4,100,,,,,,,,,,,,,,,,,,,,,,,,,,,,,,,,,,,,,,,,,,,,,,,,,,,,,,,,,,,,,,,,,,,,,,,,,,,,,,,,,,,,,,,,,,,,,,,,,,,,,,,,,,,,,,,,,,,,,,,,,,,,,,,,,,,,,,,,,,,,,,,,,,,,,,,,,,,,,,,,,,,,,,,,,,,,,,,,,,,,,,,,,,,,,,,,,,,,,,,,,,,,,,
1764665200.550295,1764665200.546693,36183,0,4362.307617,4368.461426,4475.128418,4494.871582,4374.487305,4482.307617,4509.487305,4353.461426,4541.666504,4363.077148,4471.153809,4485.256348,4539.871582,4384.615234,4357.179688,4492.307617,4509.743652,4508.846191,4492.692383,4368.461426,4371.410156,4537.820313,4485.897461,4476.153809,4363.461426,4554.102539,4362.179688,4523.461426,4485.128418,4376.666504,4494.743652,4475.769043,2862,1,25,2573,11551,,,,0,4,4,4,4,4,4,4,4,4,4,4,4,4,4,4,4,4,4,4,4,4,4,4,4,4,4,4,4,4,4,4,4,100,,,,,,,,,,,,,,,,,,,,,,,,,,,,,,,,,,,,,,,,,,,,,,,,,,,,,,,,,,,,,,,,,,,,,,,,,,,,,,,,,,,,,,,,,,,,,,,,,,,,,,,,,,,,,,,,,,,,,,,,,,,,,,,,,,,,,,,,,,,,,,,,,,,,,,,,,,,,,,,,,,,,,,,,,,,,,,,,,,,,,,,,,,,,,,,,,,,,,,,,,,,,,,
1764665200.554204,1764665200.550599,36184,0,4363.589844,4372.692383,4474.358887,4496.794922,4377.436035,4489.743652,4516.666504,4355.897461,4542.820313,4365.128418,4477.820313,4491.282227,4544.102539,4384.615234,4358.589844,4492.179688,4513.846191,4505.897461,4491.282227,4370.512695,4371.666504,4539.358887,4489.615234,4474.743652,4375.897461,4554.358887,4364.615234,4527.179688,4485.256348,4377.307617,4495.897461,4473.077148,2794,1,25,2574,11558,,,,0,4,4,4,4,4,4,4,4,4,4,4,4,4,4,4,4,4,4,4,4,4,4,4,4,4,4,4,4,4,4,4,4,100,,,,,,,,,,,,,,,,,,,,,,,,,,,,,,,,,,,,,,,,,,,,,,,,,,,,,,,,,,,,,,,,,,,,,,,,,,,,,,,,,,,,,,,,,,,,,,,,,,,,,,,,,,,,,,,,,,,,,,,,,,,,,,,,,,,,,,,,,,,,,,,,,,,,,,,,,,,,,,,,,,,,,,,,,,,,,,,,,,,,,,,,,,,,,,,,,,,,,,,,,,,,,,
1764665200.558112,1764665200.554505,36185,0,4365.128418,4375.128418,4473.974121,4499.743652,4378.846191,4493.333496,4523.077148,4359.615234,4545.128418,4365.512695,4479.102539,4493.846191,4549.615234,4381.282227,4359.743652,4490.897461,4518.333496,4503.974121,4487.436035,4371.666504,4371.666504,4541.025879,4493.205078,4474.358887,4392.692383,4555.641113,4366.794922,4531.666504,4485,4378.846191,4498.846191,4472.692383,2839,1,25,2574,11558,,,,0,4,4,4,4,4,4,4,4,4,4,4,4,4,4,4,4,4,4,4,4,4,4,4,4,4,4,4,4,4,4,4,4,100,,,,,,,,,,,,,,,,,,,,,,,,,,,,,,,,,,,25430,0,0.254926,-0.611328,-0.723022,0.196289,0.984007,0.172384,0.041997,23,30.333334,42.666668,,,,,,,,,,,,,,,,,,,,,,,,,,,,,,,,,,,,,,,,,,,,,,,,,,,,,,,,,,,,,,,,,,,,,,,,,,,,,,,,,,,,,,,,,,,,,,,,,,,,,,,,,,,,,,,,,,,,,,,,,,,,,,,,,,,,,,,,,,,,,,,,,,,,,,,,,,,,,,,,
1764665200.562020,1764665200.558410,36186,0,4367.179688,4376.025879,4476.025879,4503.461426,4379.230957,4492.307617,4526.538574,4363.333496,4548.717773,4365.897461,4476.282227,4492.05127,4554.230957,4377.179688,4361.025879,4491.922852,4522.307617,4506.922852,4485.128418,4373.717773,4373.077148,4544.230957,4496.282227,4477.692383,4403.077148,4558.717773,4369.487305,4536.025879,4485.512695,4382.179688,4503.846191,4477.05127,1973,1,25,2575,11566,,,,0,4,4,4,4,4,4,4,4,4,4,4,4,4,4,4,4,4,4,4,4,4,4,4,4,4,4,4,4,4,4,4,4,100,,,,,,,,,,,,,,,,,,,,,,,,,,,,,,,,,,,,,,,,,,,,,,,1.021885,1.316302,0.990527,0.518721,0.500179,2.183768,2.347107,1.193277,0.754425,0.539375,2.560157,2.134773,1.205363,0.804669,0.661778,1.240978,1.437475,1.296841,0.433353,0.661411,1.971155,1.842813,1.124929,0.745828,0.567159,1.341551,2.025465,1.130849,0.461095,0.43803,0.914505,1.607884,1.045806,0.482108,0.542862,1.170614,1.700909,1.145839,0.526779,0.613663,0.980689,1.620417,1.512833,0.597889,0.616699,1.024806,2.573972,1.59948,1.401425,1.406314,0.752502,1.179536,0.797088,0.40453,0.475267,1.056386,1.67287,0.804569,0.601979,0.485016,0.41142,1.478737,0.857575,0.530395,0.368199,0.403336,0.828573,0.604333,0.273694,0.274911,0.372748,0.70827,0.699862,0.398714,0.421851,0.599176,1.128286,1.096175,0.436136,0.448018,0.708811,2.195212,1.38136,0.589893,0.526771,0.637723,1.220223,1.440989,0.677152,0.52195,0.292616,0.729703,0.867894,0.443991,0.368015,0.541473,0.653265,0.990631,0.609625,0.522729,0.653188,0.903219,1.310788,0.664607,0.405227,0.795567,1.307311,0.875621,0.565542,0.509838,1.145439,2.155694,1.023537,0.550395,0.453586,1.159119,1.790707,0.779381,0.780174,0.557153,2.100642,3.450271,1.694549,2.404341,1.777211,1.442407,0.949759,0.852479,0.680539,0.513388,1.159918,1.883877,0.850517,0.967678,0.580325,1.390261,2.193639,0.940185,0.66215,0.55699,0.766806,0.92872,0.461392,0.365738,0.276022,1.54851,1.924055,1.156704,0.625812,0.566097,1.826107,1.846364,0.924941,0.967682,0.650542,2.602393,1.886401,1.142523,1.068133,0.726594
1764665200.565928,1764665200.562316,36187,0,4369.743652,4376.282227,4480.512695,4506.282227,4380,4489.487305,4526.666504,4365.769043,4552.692383,4368.205078,4473.974121,4488.461426,4556.025879,4374.743652,4362.820313,4496.794922,4525.641113,4514.871582,4487.307617,4377.307617,4376.922852,4549.102539,4499.230957,4483.717773,4399.871582,4562.307617,4372.94873,4540,4487.563965,4386.922852,4508.974121,4484.230957,2659,1,25,2575,11566,,,,0,4,4,4,4,4,4,4,4,4,4,4,4,4,4,4,4,4,4,4,4,4,4,4,4,4,4,4,4,4,4,4,4,100,,,,,,,,,,,,,,,,,,,,,,,,,,,,,,,,,,,,,,,,,,,,,,,,,,,,,,,,,,,,,,,,,,,,,,,,,,,,,,,,,,,,,,,,,,,,,,,,,,,,,,,,,,,,,,,,,,,,,,,,,,,,,,,,,,,,,,,,,,,,,,,,,,,,,,,,,,,,,,,,,,,,,,,,,,,,,,,,,,,,,,,,,,,,,,,,,,,,,,,,,,,,,,
1764665200.569837,1764665200.566222,36188,0,4372.436035,4377.563965,4485.769043,4506.794922,4382.179688,4488.846191,4525.128418,4366.666504,4556.153809,4373.077148,4475.897461,4487.692383,4555.769043,4375.512695,4366.025879,4504.230957,4528.974121,4524.615234,4493.461426,4382.692383,4382.563965,4554.615234,4502.179688,4489.358887,4385.512695,4564.487305,4376.282227,4543.461426,4490.769043,4391.153809,4511.282227,4489.358887,2712,1,25,2576,11574,,,,0,4,4,4,4,4,4,4,4,4,4,4,4,4,4,4,4,4,4,4,4,4,4,4,4,4,4,4,4,4,4,4,4,100,,,,,,,,,,,,,,,,,,,,,,,,,,,,,,,,,,,,,,,,,,,,,,,,,,,,,,,,,,,,,,,,,,,,,,,,,,,,,,,,,,,,,,,,,,,,,,,,,,,,,,,,,,,,,,,,,,,,,,,,,,,,,,,,,,,,,,,,,,,,,,,,,,,,,,,,,,,,,,,,,,,,,,,,,,,,,,,,,,,,,,,,,,,,,,,,,,,,,,,,,,,,,,
1764665200.573745,1764665200.570128,36189,0,4375,4380.769043,4490.256348,4505.641113,4386.025879,4492.307617,4523.717773,4366.922852,4558.717773,4379.230957,4481.666504,4491.922852,4555.384766,4379.230957,4370.641113,4511.282227,4532.692383,4532.05127,4500.256348,4388.589844,4388.205078,4559.358887,4505.256348,4492.436035,4371.538574,4563.717773,4378.461426,4546.794922,4494.487305,4393.846191,4510.384766,4490,2532,1,25,2576,11574,,,,0,4,4,4,4,4,4,4,4,4,4,4,4,4,4,4,4,4,4,4,4,4,4,4,4,4,4,4,4,4,4,4,4,100,,,,,,,,,,,,,,,,,,,,,,,,,,,,,,,,,,,25431,0,0.255151,-0.611267,-0.722961,0.196411,0.987425,0.173849,0.019534,23,31.666666,44.666668,,,,,,,,,,,,,,,,,,,,,,,,,,,,,,,,,,,,,,,,,,,,,,,,,,,,,,,,,,,,,,,,,,,,,,,,,,,,,,,,,,,,,,,,,,,,,,,,,,,,,,,,,,,,,,,,,,,,,,,,,,,,,,,,,,,,,,,,,,,,,,,,,,,,,,,,,,,,,,,,
1764665200.577653,1764665200.574034,36190,0,4378.077148,4385.128418,4492.692383,4505.256348,4390.641113,4498.333496,4524.102539,4367.94873,4560.641113,4384.230957,4487.436035,4499.230957,4556.666504,4383.717773,4375.641113,4514.230957,4536.666504,4534.743652,4503.846191,4393.077148,4391.794922,4562.179688,4508.589844,4493.333496,4369.615234,4561.282227,4379.743652,4550.128418,4497.820313,4395,4508.589844,4486.794922,2681,1,25,2575,11582,,,,0,4,4,4,4,4,4,4,4,4,4,4,4,4,4,4,4,4,4,4,4,4,4,4,4,4,4,4,4,4,4,4,4,100,,,,,,,,,,,,,,,,,,,,,,,,,,,,,,,,,,,,,,,,,,,,,,,,,,,,,,,,,,,,,,,,,,,,,,,,,,,,,,,,,,,,,,,,,,,,,,,,,,,,,,,,,,,,,,,,,,,,,,,,,,,,,,,,,,,,,,,,,,,,,,,,,,,,,,,,,,,,,,,,,,,,,,,,,,,,,,,,,,,,,,,,,,,,,,,,,,,,,,,,,,,,,,
1764665200.581561,1764665200.577939,36191,0,4381.666504,4389.615234,4493.205078,4507.94873,4394.743652,4504.230957,4525.512695,4370.256348,4562.307617,4385.512695,4489.615234,4506.025879,4559.487305,4387.05127,4379.230957,4511.922852,4539.871582,4532.307617,4502.94873,4394.487305,4392.05127,4563.205078,4511.922852,4494.230957,4382.692383,4559.743652,4381.025879,4552.692383,4500.512695,4395.769043,4509.102539,4483.205078,2848,1,25,2575,11582,,,,0,4,4,4,4,4,4,4,4,4,4,4,4,4,4,4,4,4,4,4,4,4,4,4,4,4,4,4,4,4,4,4,4,100,,,,,,,,,,,,,,,,,,,,,,,,,,,,,,,,,,,,,,,,,,,,,,,,,,,,,,,,,,,,,,,,,,,,,,,,,,,,,,,,,,,,,,,,,,,,,,,,,,,,,,,,,,,,,,,,,,,,,,,,,,,,,,,,,,,,,,,,,,,,,,,,,,,,,,,,,,,,,,,,,,,,,,,,,,,,,,,,,,,,,,,,,,,,,,,,,,,,,,,,,,,,,,
1764665200.585470,1764665200.581845,36192,0,4385.384766,4393.589844,4492.820313,4513.717773,4397.820313,4507.820313,4526.538574,4373.461426,4563.974121,4383.077148,4487.563965,4509.615234,4562.05127,4388.333496,4380.256348,4506.922852,4541.666504,4527.692383,4499.871582,4392.94873,4390,4563.717773,4515,4496.794922,4401.922852,4561.922852,4382.820313,4553.846191,4502.436035,4396.794922,4512.563965,4482.563965,2791,1,25,2574,11590,,,,0,4,4,4,4,4,4,4,4,4,4,4,4,4,4,4,4,4,4,4,4,4,4,4,4,4,4,4,4,4,4,4,4,100,,,,,,,,,,,,,,,,,,,,,,,,,,,,,,,,,,,,,,,,,,,,,,,,,,,,,,,,,,,,,,,,,,,,,,,,,,,,,,,,,,,,,,,,,,,,,,,,,,,,,,,,,,,,,,,,,,,,,,,,,,,,,,,,,,,,,,,,,,,,,,,,,,,,,,,,,,,,,,,,,,,,,,,,,,,,,,,,,,,,,,,,,,,,,,,,,,,,,,,,,,,,,,
1764665200.589378,1764665200.585751,36193,0,4389.102539,4397.436035,4493.077148,4520.897461,4400,4508.717773,4526.538574,4376.538574,4566.794922,4379.615234,4484.102539,4510.384766,4562.94873,4388.846191,4378.974121,4503.461426,4541.922852,4525.256348,4498.717773,4390.641113,4388.717773,4565.128418,4517.307617,4500.769043,4413.846191,4567.820313,4384.743652,4554.230957,4503.461426,4398.077148,4517.179688,4485.897461,2953,1,25,2574,11590,,,,0,4,4,4,4,4,4,4,4,4,4,4,4,4,4,4,4,4,4,4,4,4,4,4,4,4,4,4,4,4,4,4,4,100,,,,,,,,,,,,,,,,,,,,,,,,,,,,,,,,,,,25432,0,0.255183,-0.611267,-0.7229,0.196594,0.982053,0.176779,0.03223,22.333334,29,43.666668,,,,,,,,,,,,,,,,,,,,,,,,,,,,,,,,,,,,,,,,,,,,,,,,,,,,,,,,,,,,,,,,,,,,,,,,,,,,,,,,,,,,,,,,,,,,,,,,,,,,,,,,,,,,,,,,,,,,,,,,,,,,,,,,,,,,,,,,,,,,,,,,,,,,,,,,,,,,,,,,
1764665200.593286,1764665200.589657,36194,0,4392.307617,4401.538574,4494.871582,4526.922852,4401.538574,4508.461426,4526.410156,4378.717773,4571.025879,4378.974121,4483.077148,4510.512695,4562.436035,4390.384766,4377.179688,4504.871582,4541.794922,4528.333496,4501.410156,4390.769043,4390.384766,4568.205078,4518.974121,4504.230957,4411.282227,4574.743652,4386.410156,4555.128418,4504.230957,4399.230957,4520.256348,4491.282227,2636,1,25,2573,11597,,,,0,4,4,4,4,4,4,4,4,4,4,4,4,4,4,4,4,4,4,4,4,4,4,4,4,4,4,4,4,4,4,4,4,100,,,,,,,,,,,,,,,,,,,,,,,,,,,,,,,,,,,,,,,,,,,,,,,,,,,,,,,,,,,,,,,,,,,,,,,,,,,,,,,,,,,,,,,,,,,,,,,,,,,,,,,,,,,,,,,,,,,,,,,,,,,,,,,,,,,,,,,,,,,,,,,,,,,,,,,,,,,,,,,,,,,,,,,,,,,,,,,,,,,,,,,,,,,,,,,,,,,,,,,,,,,,,,
1764665200.597195,1764665200.593562,36195,0,4394.230957,4405.512695,4497.436035,4529.487305,4402.436035,4508.589844,4527.179688,4379.358887,4575.512695,4382.307617,4486.025879,4511.794922,4561.410156,4393.205078,4375.641113,4509.487305,4542.563965,4535.769043,4506.922852,4394.230957,4394.102539,4572.179688,4520.128418,4505.128418,4397.94873,4577.94873,4387.436035,4556.922852,4504.615234,4400,4520.128418,4495.641113,2891,1,25,2573,11597,,,,0,4,4,4,4,4,4,4,4,4,4,4,4,4,4,4,4,4,4,4,4,4,4,4,4,4,4,4,4,4,4,4,4,100,,,,,,,,,,,,,,,,,,,,,,,,,,,,,,,,,,,,,,,,,,,,,,,,,,,,,,,,,,,,,,,,,,,,,,,,,,,,,,,,,,,,,,,,,,,,,,,,,,,,,,,,,,,,,,,,,,,,,,,,,,,,,,,,,,,,,,,,,,,,,,,,,,,,,,,,,,,,,,,,,,,,,,,,,,,,,,,,,,,,,,,,,,,,,,,,,,,,,,,,,,,,,,
1764665200.601103,1764665200.597468,36196,0,4393.717773,4406.922852,4498.974121,4526.922852,4402.179688,4508.846191,4528.077148,4378.333496,4577.307617,4385.512695,4490.512695,4513.333496,4560,4395.256348,4373.974121,4512.179688,4543.589844,4542.820313,4511.153809,4397.436035,4396.025879,4574.358887,4520.256348,4502.05127,4383.589844,4573.846191,4386.794922,4558.077148,4503.717773,4399.230957,4516.666504,4496.282227,2785,1,25,2570,11605,,,,0,4,4,4,4,4,4,4,4,4,4,4,4,4,4,4,4,4,4,4,4,4,4,4,4,4,4,4,4,4,4,4,4,100,,,,,,,,,,,,,,,,,,,,,,,,,,,,,,,,,,,,,,,,,,,,,,,,,,,,,,,,,,,,,,,,,,,,,,,,,,,,,,,,,,,,,,,,,,,,,,,,,,,,,,,,,,,,,,,,,,,,,,,,,,,,,,,,,,,,,,,,,,,,,,,,,,,,,,,,,,,,,,,,,,,,,,,,,,,,,,,,,,,,,,,,,,,,,,,,,,,,,,,,,,,,,,
1764665200.605011,1764665200.601374,36197,0,4390.128418,4404.358887,4497.307617,4519.743652,4400,4508.077148,4527.05127,4375.769043,4573.589844,4382.94873,4492.436035,4512.692383,4557.820313,4393.461426,4371.538574,4508.846191,4543.461426,4543.589844,4510.512695,4396.025879,4392.820313,4572.436035,4518.205078,4496.025879,4375.128418,4563.589844,4383.717773,4555.769043,4501.025879,4395.769043,4511.153809,4493.077148,2825,1,25,2570,11605,,,,0,4,4,4,4,4,4,4,4,4,4,4,4,4,4,4,4,4,4,4,4,4,4,4,4,4,4,4,4,4,4,4,4,100,,,,,,,,,,,,,,,,,,,,,,,,,,,,,,,,,,,25433,0,0.255554,-0.611145,-0.722839,0.196716,0.994262,0.187523,0.039067,22,31,42.833332,,,,,,,,,,,,,,,,,,,,,,,,,,,,,,,,,,,,,,,,,,,,,,,,,,,,,,,,,,,,,,,,,,,,,,,,,,,,,,,,,,,,,,,,,,,,,,,,,,,,,,,,,,,,,,,,,,,,,,,,,,,,,,,,,,,,,,,,,,,,,,,,,,,,,,,,,,,,,,,,
1764665200.608919,1764665200.605280,36198,0,4385.256348,4398.589844,4492.436035,4511.153809,4396.025879,4505.641113,4523.589844,4372.692383,4564.743652,4373.077148,4490.512695,4509.102539,4555.384766,4387.820313,4368.461426,4500,4540.897461,4536.666504,4504.487305,4388.589844,4385,4566.538574,4514.358887,4489.230957,4373.846191,4552.307617,4378.717773,4549.102539,4497.436035,4389.358887,4505.641113,4488.205078,2824,1,25,2566,11613,,,,0,4,4,4,4,4,4,4,4,4,4,4,4,4,4,4,4,4,4,4,4,4,4,4,4,4,4,4,4,4,4,4,4,100,,,,,,,,,,,,,,,,,,,,,,,,,,,,,,,,,,,,,,,,,,,,,,,,,,,,,,,,,,,,,,,,,,,,,,,,,,,,,,,,,,,,,,,,,,,,,,,,,,,,,,,,,,,,,,,,,,,,,,,,,,,,,,,,,,,,,,,,,,,,,,,,,,,,,,,,,,,,,,,,,,,,,,,,,,,,,,,,,,,,,,,,,,,,,,,,,,,,,,,,,,,,,,
1764665200.612827,1764665200.609186,36199,0,4382.307617,4393.461426,4487.307617,4505.384766,4392.436035,4503.589844,4520.512695,4371.025879,4555.897461,4361.025879,4487.436035,4504.871582,4554.358887,4381.922852,4367.436035,4491.025879,4537.436035,4526.538574,4497.05127,4379.230957,4377.05127,4560,4510.769043,4485.128418,4377.307617,4546.666504,4374.358887,4540.897461,4495.384766,4383.077148,4502.563965,4485.256348,3014,1,25,2566,11613,,,,0,4,4,4,4,4,4,4,4,4,4,4,4,4,4,4,4,4,4,4,4,4,4,4,4,4,4,4,4,4,4,4,4,100,,,,,,,,,,,,,,,,,,,,,,,,,,,,,,,,,,,,,,,,,,,,,,,,,,,,,,,,,,,,,,,,,,,,,,,,,,,,,,,,,,,,,,,,,,,,,,,,,,,,,,,,,,,,,,,,,,,,,,,,,,,,,,,,,,,,,,,,,,,,,,,,,,,,,,,,,,,,,,,,,,,,,,,,,,,,,,,,,,,,,,,,,,,,,,,,,,,,,,,,,,,,,,
1764665200.616736,1764665200.613091,36200,0,4383.974121,4393.461426,4486.282227,4505.512695,4392.563965,4504.487305,4521.410156,4373.589844,4553.205078,4355.512695,4487.307617,4504.230957,4556.922852,4380.384766,4371.025879,4488.461426,4536.410156,4521.025879,4493.077148,4374.487305,4374.871582,4556.922852,4510.897461,4486.153809,4384.358887,4550.769043,4373.974121,4537.692383,4497.05127,4381.153809,4504.230957,4486.666504,2897,1,25,2563,11621,,,,0,4,4,4,4,4,4,4,4,4,4,4,4,4,4,4,4,4,4,4,4,4,4,4,4,4,4,4,4,4,4,4,4,100,,,,,,,,,,,,,,,,,,,,,,,,,,,,,,,,,,,,,,,,,,,,,,,,,,,,,,,,,,,,,,,,,,,,,,,,,,,,,,,,,,,,,,,,,,,,,,,,,,,,,,,,,,,,,,,,,,,,,,,,,,,,,,,,,,,,,,,,,,,,,,,,,,,,,,,,,,,,,,,,,,,,,,,,,,,,,,,,,,,,,,,,,,,,,,,,,,,,,,,,,,,,,,
1764665200.620644,1764665200.616997,36201,0,4390.256348,4399.487305,4490.641113,4510.384766,4397.179688,4508.461426,4527.563965,4380.384766,4558.974121,4360.897461,4491.282227,4509.487305,4562.692383,4385.256348,4378.717773,4493.589844,4539.615234,4524.358887,4495.256348,4377.94873,4380,4559.358887,4515.256348,4491.538574,4394.615234,4562.436035,4378.077148,4542.94873,4502.05127,4385.897461,4510.384766,4491.666504,2746,1,25,2563,11621,,,,0,4,4,4,4,4,4,4,4,4,4,4,4,4,4,4,4,4,4,4,4,4,4,4,4,4,4,4,4,4,4,4,4,100,,,,,,,,,,,,,,,,,,,,,,,,,,,,,,,,,,,25434,0,0.255679,-0.611145,-0.722778,0.196777,0.977658,0.184593,0.044439,23.5,30.333334,45.5,,,,,,,,,,,,,,,,,,,,,,,,,,,,,,,,,,,,,,,,,,,,,,,,,,,,,,,,,,,,,,,,,,,,,,,,,,,,,,,,,,,,,,,,,,,,,,,,,,,,,,,,,,,,,,,,,,,,,,,,,,,,,,,,,,,,,,,,,,,,,,,,,,,,,,,,,,,,,,,,
1764665200.624552,1764665200.620903,36202,0,4396.282227,4407.307617,4496.410156,4514.871582,4402.820313,4512.179688,4534.871582,4387.05127,4568.589844,4373.461426,4495.897461,4517.692383,4568.333496,4392.692383,4385,4501.153809,4545,4533.205078,4501.025879,4386.410156,4387.94873,4564.615234,4520.384766,4497.05127,4404.230957,4573.717773,4383.461426,4553.205078,4506.538574,4394.102539,4517.05127,4496.153809,2312,1,25,2560,11629,,,,0,4,4,4,4,4,4,4,4,4,4,4,4,4,4,4,4,4,4,4,4,4,4,4,4,4,4,4,4,4,4,4,4,100,,,,,,,,,,,,,,,,,,,,,,,,,,,,,,,,,,,,,,,,,,,,,,,,,,,,,,,,,,,,,,,,,,,,,,,,,,,,,,,,,,,,,,,,,,,,,,,,,,,,,,,,,,,,,,,,,,,,,,,,,,,,,,,,,,,,,,,,,,,,,,,,,,,,,,,,,,,,,,,,,,,,,,,,,,,,,,,,,,,,,,,,,,,,,,,,,,,,,,,,,,,,,,
1764665200.628461,1764665200.624809,36203,0,4396.538574,4409.743652,4496.794922,4513.846191,4403.333496,4510.384766,4537.179688,4387.307617,4573.461426,4383.205078,4496.025879,4522.179688,4568.717773,4395.769043,4384.487305,4503.717773,4547.05127,4538.589844,4504.358887,4392.563965,4391.153809,4567.307617,4520,4497.05127,4406.794922,4576.282227,4384.487305,4559.487305,4505.897461,4398.717773,4518.589844,4495.512695,2733,1,25,2560,11629,,,,0,4,4,4,4,4,4,4,4,4,4,4,4,4,4,4,4,4,4,4,4,4,4,4,4,4,4,4,4,4,4,4,4,100,,,,,,,,,,,,,,,,,,,,,,,,,,,,,,,,,,,,,,,,,,,,,,,,,,,,,,,,,,,,,,,,,,,,,,,,,,,,,,,,,,,,,,,,,,,,,,,,,,,,,,,,,,,,,,,,,,,,,,,,,,,,,,,,,,,,,,,,,,,,,,,,,,,,,,,,,,,,,,,,,,,,,,,,,,,,,,,,,,,,,,,,,,,,,,,,,,,,,,,,,,,,,,
1764665200.632369,1764665200.628714,36204,0,4388.461426,4402.820313,4488.333496,4505.897461,4395.512695,4501.410156,4531.410156,4378.333496,4568.333496,4382.692383,4489.871582,4517.94873,4561.922852,4390.512695,4375.769043,4497.563965,4542.307617,4534.615234,4501.153809,4391.025879,4385,4563.589844,4510.769043,4488.846191,4397.307617,4567.307617,4377.94873,4555,4499.102539,4395.128418,4512.179688,4488.461426,2525,1,25,2560,11636,,,,0,4,4,4,4,4,4,4,4,4,4,4,4,4,4,4,4,4,4,4,4,4,4,4,4,4,4,4,4,4,4,4,4,100,,,,,,,,,,,,,,,,,,,,,,,,,,,,,,,,,,,,,,,,,,,,,,,,,,,,,,,,,,,,,,,,,,,,,,,,,,,,,,,,,,,,,,,,,,,,,,,,,,,,,,,,,,,,,,,,,,,,,,,,,,,,,,,,,,,,,,,,,,,,,,,,,,,,,,,,,,,,,,,,,,,,,,,,,,,,,,,,,,,,,,,,,,,,,,,,,,,,,,,,,,,,,,
1764665200.636277,1764665200.632620,36205,0,4375.512695,4389.102539,4474.358887,4495.128418,4382.179688,4487.94873,4520,4363.077148,4554.871582,4371.666504,4479.871582,4506.153809,4550.512695,4379.487305,4363.846191,4486.282227,4532.05127,4521.922852,4492.563965,4382.179688,4372.563965,4553.846191,4495.641113,4475.128418,4378.205078,4552.05127,4366.153809,4541.666504,4489.102539,4384.102539,4500.769043,4477.820313,2270,1,25,2560,11636,,,,0,4,4,4,4,4,4,4,4,4,4,4,4,4,4,4,4,4,4,4,4,4,4,4,4,4,4,4,4,4,4,4,4,100,,,,,,,,,,,,,,,,,,,,,,,,,,,,,,,,,,,25435,0,0.25582,-0.611145,-0.722778,0.196594,0.977658,0.184593,0.044439,23,28.333334,44.333332,,,,,,,,,,,,,,,,,,,,,,,,,,,,,,,,,,,,,,,,,,,,,,,,,,,,,,,,,,,,,,,,,,,,,,,,,,,,,,,,,,,,,,,,,,,,,,,,,,,,,,,,,,,,,,,,,,,,,,,,,,,,,,,,,,,,,,,,,,,,,,,,,,,,,,,,,,,,,,,,
1764665200.640185,1764665200.636526,36206,0,4363.974121,4375.256348,4462.563965,4486.666504,4369.230957,4476.025879,4508.846191,4348.589844,4540.512695,4357.692383,4471.282227,4492.94873,4539.871582,4369.615234,4355.641113,4477.05127,4522.05127,4507.179688,4483.461426,4371.922852,4361.538574,4543.077148,4482.436035,4462.307617,4357.94873,4539.230957,4354.871582,4527.436035,4480.897461,4371.794922,4490.769043,4468.717773,2739,1,25,2561,11644,,,,0,4,4,4,4,4,4,4,4,4,4,4,4,4,4,4,4,4,4,4,4,4,4,4,4,4,4,4,4,4,4,4,4,100,,,,,,,,,,,,,,,,,,,,,,,,,,,,,,,,,,,,,,,,,,,,,,,,,,,,,,,,,,,,,,,,,,,,,,,,,,,,,,,,,,,,,,,,,,,,,,,,,,,,,,,,,,,,,,,,,,,,,,,,,,,,,,,,,,,,,,,,,,,,,,,,,,,,,,,,,,,,,,,,,,,,,,,,,,,,,,,,,,,,,,,,,,,,,,,,,,,,,,,,,,,,,,
1764665200.644094,1764665200.640432,36207,0,4357.94873,4367.94873,4458.205078,4482.94873,4361.666504,4469.871582,4502.436035,4340.512695,4532.179688,4349.102539,4467.436035,4484.871582,4533.974121,4366.410156,4354.615234,4474.743652,4516.922852,4498.205078,4479.102539,4365.769043,4358.333496,4536.153809,4477.179688,4456.410156,4345.512695,4534.871582,4349.871582,4519.743652,4477.820313,4364.487305,4487.307617,4465.256348,2529,1,25,2561,11644,,,,0,4,4,4,4,4,4,4,4,4,4,4,4,4,4,4,4,4,4,4,4,4,4,4,4,4,4,4,4,4,4,4,4,100,,,,,,,,,,,,,,,,,,,,,,,,,,,,,,,,,,,,,,,,,,,,,,,,,,,,,,,,,,,,,,,,,,,,,,,,,,,,,,,,,,,,,,,,,,,,,,,,,,,,,,,,,,,,,,,,,,,,,,,,,,,,,,,,,,,,,,,,,,,,,,,,,,,,,,,,,,,,,,,,,,,,,,,,,,,,,,,,,,,,,,,,,,,,,,,,,,,,,,,,,,,,,,
1764665200.648002,1764665200.644337,36208,0,4357.692383,4368.333496,4461.025879,4483.205078,4360.256348,4469.615234,4501.282227,4340.512695,4531.922852,4350.128418,4467.692383,4483.461426,4533.333496,4369.487305,4358.205078,4478.717773,4517.05127,4498.205078,4480.384766,4366.025879,4362.820313,4534.615234,4480.512695,4459.358887,4344.743652,4538.589844,4352.307617,4520.128418,4479.615234,4363.717773,4491.025879,4468.333496,2893,1,25,2562,11652,,,,0,4,4,4,4,4,4,4,4,4,4,4,4,4,4,4,4,4,4,4,4,4,4,4,4,4,4,4,4,4,4,4,4,100,,,,,,,,,,,,,,,,,,,,,,,,,,,,,,,,,,,,,,,,,,,,,,,,,,,,,,,,,,,,,,,,,,,,,,,,,,,,,,,,,,,,,,,,,,,,,,,,,,,,,,,,,,,,,,,,,,,,,,,,,,,,,,,,,,,,,,,,,,,,,,,,,,,,,,,,,,,,,,,,,,,,,,,,,,,,,,,,,,,,,,,,,,,,,,,,,,,,,,,,,,,,,,
1764665200.651910,1764665200.648243,36209,0,4360.128418,4372.94873,4467.436035,4486.153809,4362.94873,4472.820313,4503.077148,4345.897461,4537.05127,4358.461426,4469.230957,4486.282227,4536.025879,4374.358887,4361.282227,4483.974121,4519.487305,4504.743652,4484.871582,4370.769043,4370.769043,4536.922852,4488.205078,4467.820313,4353.077148,4544.743652,4358.333496,4524.487305,4483.205078,4366.794922,4497.436035,4474.615234,2951,1,25,2562,11652,,,,0,4,4,4,4,4,4,4,4,4,4,4,4,4,4,4,4,4,4,4,4,4,4,4,4,4,4,4,4,4,4,4,4,100,,,,,,,,,,,,,,,,,,,,,,,,,,,,,,,,,,,25436,0,0.255695,-0.611145,-0.722839,0.196533,0.992309,0.180198,0.018557,20.5,29.666666,44.666668,,,,,,,,,,,,,,,,,,,,,,,,,,,,,,,,,,,,,,,,,,,,,,,,,,,,,,,,,,,,,,,,,,,,,,,,,,,,,,,,,,,,,,,,,,,,,,,,,,,,,,,,,,,,,,,,,,,,,,,,,,,,,,,,,,,,,,,,,,,,,,,,,,,,,,,,,,,,,,,,
1764665200.655818,1764665200.652149,36210,0,4362.563965,4377.307617,4473.846191,4490.512695,4367.436035,4477.307617,4506.153809,4352.563965,4544.102539,4367.820313,4470.512695,4490.384766,4539.358887,4376.666504,4361.282227,4486.153809,4521.410156,4512.05127,4489.615234,4376.538574,4377.179688,4540.641113,4495,4475.897461,4364.487305,4548.333496,4362.563965,4528.333496,4485.512695,4370.256348,4501.025879,4479.358887,1775,1,25,2563,11660,,,,0,4,4,4,4,4,4,4,4,4,4,4,4,4,4,4,4,4,4,4,4,4,4,4,4,4,4,4,4,4,4,4,4,100,,,,,,,,,,,,,,,,,,,,,,,,,,,,,,,,,,,,,,,,,,,,,,,,,,,,,,,,,,,,,,,,,,,,,,,,,,,,,,,,,,,,,,,,,,,,,,,,,,,,,,,,,,,,,,,,,,,,,,,,,,,,,,,,,,,,,,,,,,,,,,,,,,,,,,,,,,,,,,,,,,,,,,,,,,,,,,,,,,,,,,,,,,,,,,,,,,,,,,,,,,,,,,
1764665200.659727,1764665200.656055,36211,0,4364.358887,4379.230957,4478.974121,4495.769043,4372.436035,4482.179688,4510.384766,4358.205078,4550.384766,4372.692383,4472.179688,4494.871582,4542.692383,4376.794922,4360,4485.384766,4522.692383,4516.410156,4493.205078,4380.641113,4380.256348,4544.743652,4498.077148,4479.358887,4373.974121,4548.077148,4362.820313,4530.128418,4486.025879,4372.307617,4499.102539,4479.871582,2989,1,25,2563,11660,,,,0,4,4,4,4,4,4,4,4,4,4,4,4,4,4,4,4,4,4,4,4,4,4,4,4,4,4,4,4,4,4,4,4,100,,,,,,,,,,,,,,,,,,,,,,,,,,,,,,,,,,,,,,,,,,,,,,,,,,,,,,,,,,,,,,,,,,,,,,,,,,,,,,,,,,,,,,,,,,,,,,,,,,,,,,,,,,,,,,,,,,,,,,,,,,,,,,,,,,,,,,,,,,,,,,,,,,,,,,,,,,,,,,,,,,,,,,,,,,,,,,,,,,,,,,,,,,,,,,,,,,,,,,,,,,,,,,
1764665200.663635,1764665200.659961,36212,0,4366.025879,4379.358887,4482.94873,4500.384766,4376.922852,4486.666504,4515.512695,4362.436035,4554.871582,4371.025879,4474.487305,4499.615234,4546.538574,4377.307617,4360.512695,4484.487305,4524.615234,4517.820313,4495.641113,4382.436035,4381.025879,4549.487305,4497.94873,4478.333496,4378.974121,4546.538574,4360.897461,4531.153809,4485.512695,4373.333496,4493.589844,4476.922852,2542,1,25,2564,11668,,,,0,4,4,4,4,4,4,4,4,4,4,4,4,4,4,4,4,4,4,4,4,4,4,4,4,4,4,4,4,4,4,4,4,100,,,,,,,,,,,,,,,,,,,,,,,,,,,,,,,,,,,,,,,,,,,,,,,,,,,,,,,,,,,,,,,,,,,,,,,,,,,,,,,,,,,,,,,,,,,,,,,,,,,,,,,,,,,,,,,,,,,,,,,,,,,,,,,,,,,,,,,,,,,,,,,,,,,,,,,,,,,,,,,,,,,,,,,,,,,,,,,,,,,,,,,,,,,,,,,,,,,,,,,,,,,,,,
1764665200.667543,1764665200.663866,36213,0,4367.563965,4379.358887,4486.153809,4502.692383,4380.256348,4489.615234,4520.641113,4365.128418,4556.538574,4364.615234,4476.794922,4503.589844,4550.384766,4380,4363.461426,4486.153809,4527.563965,4518.974121,4497.307617,4382.436035,4380.384766,4553.461426,4496.922852,4475.897461,4380,4546.666504,4360.512695,4532.692383,4485.512695,4374.358887,4489.102539,4474.230957,2848,1,25,2564,11668,,,,0,4,4,4,4,4,4,4,4,4,4,4,4,4,4,4,4,4,4,4,4,4,4,4,4,4,4,4,4,4,4,4,4,100,,,,,,,,,,,,,,,,,,,,,,,,,,,,,,,,,,,25437,0,0.255695,-0.611145,-0.722839,0.196533,0.984007,0.177756,0.018557,24.166666,29.666666,43.833332,,,,,,,,,,,,,,,,,,,,,,,,,,,,,,,,,,,,,,,,,,,,,,,,,,,,,,,,,,,,,,,,,,,,,,,,,,,,,,,,,,,,,,,,,,,,,,,,,,,,,,,,,,,,,,,,,,,,,,,,,,,,,,,,,,,,,,,,,,,,,,,,,,,,,,,,,,,,,,,,
1764665200.671451,1764665200.667772,36214,0,4368.205078,4379.358887,4487.94873,4501.794922,4381.025879,4490,4523.077148,4365.641113,4554.487305,4356.666504,4477.179688,4504.743652,4552.563965,4383.077148,4366.153809,4489.743652,4530.256348,4521.410156,4498.077148,4380.769043,4377.94873,4554.487305,4496.410156,4475.256348,4378.333496,4548.461426,4362.563965,4534.487305,4486.410156,4375.256348,4488.846191,4474.102539,2961,1,25,2565,11676,,,,0,4,4,4,4,4,4,4,4,4,4,4,4,4,4,4,4,4,4,4,4,4,4,4,4,4,4,4,4,4,4,4,4,100,,,,,,,,,,,,,,,,,,,,,,,,,,,,,,,,,,,,,,,,,,,,,,,,,,,,,,,,,,,,,,,,,,,,,,,,,,,,,,,,,,,,,,,,,,,,,,,,,,,,,,,,,,,,,,,,,,,,,,,,,,,,,,,,,,,,,,,,,,,,,,,,,,,,,,,,,,,,,,,,,,,,,,,,,,,,,,,,,,,,,,,,,,,,,,,,,,,,,,,,,,,,,,
1764665200.675360,1764665200.671678,36215,0,4367.05127,4378.846191,4486.922852,4498.333496,4378.974121,4487.692383,4521.025879,4363.333496,4549.102539,4350.897461,4474.102539,4501.922852,4550.769043,4383.205078,4366.153809,4492.692383,4531.282227,4523.846191,4497.179688,4377.436035,4372.94873,4550.769043,4495.769043,4476.153809,4374.743652,4549.102539,4364.871582,4533.974121,4487.05127,4374.743652,4491.666504,4476.282227,2867,1,25,2565,11676,,,,0,4,4,4,4,4,4,4,4,4,4,4,4,4,4,4,4,4,4,4,4,4,4,4,4,4,4,4,4,4,4,4,4,100,,,,,,,,,,,,,,,,,,,,,,,,,,,,,,,,,,,,,,,,,,,,,,,,,,,,,,,,,,,,,,,,,,,,,,,,,,,,,,,,,,,,,,,,,,,,,,,,,,,,,,,,,,,,,,,,,,,,,,,,,,,,,,,,,,,,,,,,,,,,,,,,,,,,,,,,,,,,,,,,,,,,,,,,,,,,,,,,,,,,,,,,,,,,,,,,,,,,,,,,,,,,,,
1764665200.679268,1764665200.675584,36216,0,4364.230957,4377.307617,4482.563965,4494.871582,4375.256348,4483.974121,4515.128418,4358.717773,4543.077148,4349.487305,4467.563965,4496.666504,4545,4378.846191,4363.205078,4493.077148,4529.871582,4524.230957,4495.512695,4373.205078,4366.922852,4543.717773,4493.461426,4476.922852,4369.743652,4545.897461,4364.358887,4530.512695,4486.025879,4371.666504,4493.717773,4478.077148,2799,1,25,2566,11683,,,,0,4,4,4,4,4,4,4,4,4,4,4,4,4,4,4,4,4,4,4,4,4,4,4,4,4,4,4,4,4,4,4,4,100,,,,,,,,,,,,,,,,,,,,,,,,,,,,,,,,,,,,,,,,,,,,,,,,,,,,,,,,,,,,,,,,,,,,,,,,,,,,,,,,,,,,,,,,,,,,,,,,,,,,,,,,,,,,,,,,,,,,,,,,,,,,,,,,,,,,,,,,,,,,,,,,,,,,,,,,,,,,,,,,,,,,,,,,,,,,,,,,,,,,,,,,,,,,,,,,,,,,,,,,,,,,,,
1764665200.683176,1764665200.679489,36217,0,4361.282227,4374.871582,4476.538574,4493.461426,4372.05127,4481.282227,4509.615234,4353.846191,4540.512695,4352.94873,4460.256348,4492.436035,4538.461426,4372.307617,4360.128418,4491.282227,4527.307617,4522.563965,4494.358887,4370.512695,4363.589844,4538.589844,4490.128418,4476.153809,4365.128418,4539.871582,4360.256348,4526.538574,4483.846191,4367.05127,4492.179688,4477.563965,2845,1,25,2566,11683,,,,0,4,4,4,4,4,4,4,4,4,4,4,4,4,4,4,4,4,4,4,4,4,4,4,4,4,4,4,4,4,4,4,4,100,,,,,,,,,,,,,,,,,,,,,,,,,,,,,,,,,,,25438,0,0.255668,-0.611084,-0.7229,0.196533,0.988402,0.181174,0.030277,22.833334,29.833334,44.5,,,,,,,,,,,,,,,,,,,,,,,,,,,,,,,,,,,,,,,,,,,,,,,,,,,,,,,,,,,,,,,,,,,,,,,,,,,,,,,,,,,,,,,,,,,,,,,,,,,,,,,,,,,,,,,,,,,,,,,,,,,,,,,,,,,,,,,,,,,,,,,,,,,,,,,,,,,,,,,,
1764665200.687085,1764665200.683395,36218,0,4360.256348,4372.436035,4472.563965,4495.128418,4371.025879,4481.538574,4508.717773,4351.666504,4543.974121,4360,4456.153809,4493.077148,4535.256348,4368.077148,4359.615234,4489.615234,4525.769043,4520.897461,4494.615234,4372.05127,4365.769043,4539.743652,4488.077148,4474.871582,4363.974121,4535.128418,4355.384766,4526.153809,4482.179688,4363.717773,4488.333496,4475.256348,1981,1,25,2565,11691,,,,0,4,4,4,4,4,4,4,4,4,4,4,4,4,4,4,4,4,4,4,4,4,4,4,4,4,4,4,4,4,4,4,4,100,0.96875,100,4,4,4,4,4,4,4,4,4,4,4,4,4,4,4,4,4,4,4,4,4,4,4,4,4,4,4,4,4,4,4,4,,,,,,,,,,,,,1.066095,1.213597,0.805241,0.537318,0.527471,2.183131,2.423372,1.020982,0.809051,0.548691,2.686043,2.210893,1.221627,0.820732,0.655742,1.473119,1.487765,1.164008,0.449124,0.678553,2.588346,1.960897,0.963425,0.777892,0.576982,1.348719,2.065694,1.011295,0.483007,0.460532,0.923381,1.87881,0.925403,0.463141,0.525577,1.208108,1.844009,1.069277,0.565072,0.611302,0.932926,1.894611,1.353006,0.64169,0.642421,0.988909,2.719147,1.595904,1.455135,1.377184,0.71744,1.184973,0.676045,0.363744,0.472583,0.994335,1.569375,0.694752,0.625751,0.496563,0.361576,1.35016,0.756519,0.544849,0.36573,0.339256,0.819144,0.543465,0.248457,0.287664,0.338776,0.765735,0.713488,0.420523,0.395924,0.470127,0.956784,1.034158,0.433551,0.44593,0.730869,2.053158,1.082763,0.596221,0.558158,0.529743,1.137697,1.269787,0.684065,0.546201,0.209073,0.705306,0.77698,0.423818,0.392353,0.322795,0.63858,0.937113,0.593941,0.538499,0.434547,0.846935,1.171528,0.666257,0.440052,0.602033,1.169751,0.684248,0.578462,0.525405,1.233845,2.105844,0.867806,0.535404,0.487415,0.875606,1.659336,0.717054,0.846289,0.579798,1.719877,3.153647,1.922075,2.178797,1.84253,1.47091,0.959538,0.824768,0.728644,0.529864,1.136144,1.869782,0.804657,1.06294,0.625275,1.328119,2.128277,0.752986,0.731085,0.557786,0.705331,0.899958,0.356723,0.391035,0.294376,1.715759,1.875955,1.015775,0.659499,0.57985,1.856495,1.881076,0.948206,1.009498,0.667059,2.439472,1.905619,1.112863,1.036894,0.718702
1764665200.690993,1764665200.687301,36219,0,4362.436035,4371.666504,4472.94873,4498.461426,4372.307617,4485.128418,4513.461426,4353.205078,4551.922852,4366.538574,4457.563965,4499.230957,4536.794922,4368.974121,4362.307617,4490,4526.282227,4521.025879,4495.641113,4377.563965,4371.666504,4546.922852,4489.358887,4474.871582,4368.205078,4535,4352.692383,4530.512695,4482.436035,4363.589844,4485.769043,4473.589844,2665,1,25,2565,11691,,,,0,4,4,4,4,4,4,4,4,4,4,4,4,4,4,4,4,4,4,4,4,4,4,4,4,4,4,4,4,4,4,4,4,100,,,,,,,,,,,,,,,,,,,,,,,,,,,,,,,,,,,,,,,,,,,,,,,,,,,,,,,,,,,,,,,,,,,,,,,,,,,,,,,,,,,,,,,,,,,,,,,,,,,,,,,,,,,,,,,,,,,,,,,,,,,,,,,,,,,,,,,,,,,,,,,,,,,,,,,,,,,,,,,,,,,,,,,,,,,,,,,,,,,,,,,,,,,,,,,,,,,,,,,,,,,,,,
1764665200.694901,1764665200.691207,36220,0,4366.410156,4372.692383,4476.666504,4500.384766,4374.230957,4490.384766,4520.384766,4357.307617,4558.974121,4368.717773,4463.974121,4506.922852,4540.897461,4373.974121,4366.666504,4492.436035,4527.692383,4523.077148,4496.666504,4382.820313,4376.538574,4554.102539,4493.589844,4476.794922,4375.769043,4539.102539,4353.333496,4536.794922,4484.615234,4365.641113,4486.538574,4473.461426,2719,1,25,2563,11699,,,,0,4,4,4,4,4,4,4,4,4,4,4,4,4,4,4,4,4,4,4,4,4,4,4,4,4,4,4,4,4,4,4,4,100,,,,,,,,,,,,,,,,,,,,,,,,,,,,,,,,,,,,,,,,,,,,,,,,,,,,,,,,,,,,,,,,,,,,,,,,,,,,,,,,,,,,,,,,,,,,,,,,,,,,,,,,,,,,,,,,,,,,,,,,,,,,,,,,,,,,,,,,,,,,,,,,,,,,,,,,,,,,,,,,,,,,,,,,,,,,,,,,,,,,,,,,,,,,,,,,,,,,,,,,,,,,,,
1764665200.698809,1764665200.695113,36221,0,4369.615234,4375.128418,4479.615234,4498.333496,4374.615234,4494.743652,4525.256348,4360.128418,4560.128418,4365.512695,4471.025879,4511.410156,4544.230957,4379.358887,4370.128418,4494.871582,4528.333496,4525.769043,4497.179688,4383.974121,4376.666504,4555.128418,4498.333496,4479.230957,4381.666504,4543.717773,4356.153809,4539.743652,4487.436035,4367.436035,4490,4474.230957,2535,1,25,2563,11699,,,,0,4,4,4,4,4,4,4,4,4,4,4,4,4,4,4,4,4,4,4,4,4,4,4,4,4,4,4,4,4,4,4,4,100,,,,,,,,,,,,,,,,,,,,,,,,,,,,,,,,,,,25439,0,0.255668,-0.611084,-0.7229,0.196533,0.996215,0.179709,0.025394,24.166666,30.333334,45.166668,,,,,,,,,,,,,,,,,,,,,,,,,,,,,,,,,,,,,,,,,,,,,,,,,,,,,,,,,,,,,,,,,,,,,,,,,,,,,,,,,,,,,,,,,,,,,,,,,,,,,,,,,,,,,,,,,,,,,,,,,,,,,,,,,,,,,,,,,,,,,,,,,,,,,,,,,,,,,,,,
1764665200.702718,1764665200.699018,36222,0,4370.256348,4377.563965,4479.487305,4493.717773,4373.077148,4495.897461,4526.153809,4359.358887,4555,4360.384766,4474.358887,4510.384766,4544.743652,4381.538574,4371.410156,4495.384766,4527.563965,4527.307617,4497.179688,4380.128418,4372.179688,4549.358887,4500.641113,4480.512695,4380.512695,4545.384766,4358.846191,4537.05127,4488.846191,4366.922852,4493.589844,4475.128418,2685,1,25,2564,11707,,,,0,4,4,4,4,4,4,4,4,4,4,4,4,4,4,4,4,4,4,4,4,4,4,4,4,4,4,4,4,4,4,4,4,100,,,,,,,,,,,,,,,,,,,,,,,,,,,,,,,,,,,,,,,,,,,,,,,,,,,,,,,,,,,,,,,,,,,,,,,,,,,,,,,,,,,,,,,,,,,,,,,,,,,,,,,,,,,,,,,,,,,,,,,,,,,,,,,,,,,,,,,,,,,,,,,,,,,,,,,,,,,,,,,,,,,,,,,,,,,,,,,,,,,,,,,,,,,,,,,,,,,,,,,,,,,,,,
1764665200.706626,1764665200.702924,36223,0,4368.589844,4378.461426,4477.436035,4490.256348,4371.025879,4493.333496,4524.358887,4355.641113,4548.205078,4357.94873,4472.179688,4504.615234,4542.563965,4379.358887,4370.641113,4492.563965,4526.025879,4526.666504,4496.666504,4374.487305,4366.922852,4540.897461,4499.230957,4479.743652,4371.282227,4543.333496,4359.358887,4530.256348,4487.820313,4364.743652,4494.358887,4475.256348,2854,1,25,2564,11707,,,,0,4,4,4,4,4,4,4,4,4,4,4,4,4,4,4,4,4,4,4,4,4,4,4,4,4,4,4,4,4,4,4,4,100,,,,,,,,,,,,,,,,,,,,,,,,,,,,,,,,,,,,,,,,,,,,,,,,,,,,,,,,,,,,,,,,,,,,,,,,,,,,,,,,,,,,,,,,,,,,,,,,,,,,,,,,,,,,,,,,,,,,,,,,,,,,,,,,,,,,,,,,,,,,,,,,,,,,,,,,,,,,,,,,,,,,,,,,,,,,,,,,,,,,,,,,,,,,,,,,,,,,,,,,,,,,,,
1764665200.710534,1764665200.706830,36224,0,4365.641113,4377.436035,4476.666504,4490.512695,4370.256348,4488.589844,4521.922852,4351.794922,4544.743652,4359.230957,4465.897461,4497.307617,4539.743652,4374.358887,4368.461426,4486.794922,4524.102539,4522.820313,4495,4370.641113,4363.974121,4534.871582,4494.743652,4477.563965,4356.922852,4539.487305,4357.05127,4523.974121,4484.743652,4362.692383,4491.410156,4474.615234,2784,1,25,2564,11715,,,,0,4,4,4,4,4,4,4,4,4,4,4,4,4,4,4,4,4,4,4,4,4,4,4,4,4,4,4,4,4,4,4,4,100,,,,,,,,,,,,,,,,,,,,,,,,,,,,,,,,,,,,,,,,,,,,,,,,,,,,,,,,,,,,,,,,,,,,,,,,,,,,,,,,,,,,,,,,,,,,,,,,,,,,,,,,,,,,,,,,,,,,,,,,,,,,,,,,,,,,,,,,,,,,,,,,,,,,,,,,,,,,,,,,,,,,,,,,,,,,,,,,,,,,,,,,,,,,,,,,,,,,,,,,,,,,,,
1764665200.714442,1764665200.710736,36225,0,4362.307617,4374.871582,4478.333496,4493.974121,4371.025879,4483.461426,4520.128418,4349.871582,4545.897461,4360.384766,4459.102539,4491.025879,4537.436035,4369.358887,4365,4479.615234,4521.794922,4515.512695,4491.153809,4369.487305,4363.846191,4533.717773,4488.589844,4474.358887,4343.205078,4536.410156,4352.820313,4521.025879,4481.538574,4361.282227,4485.256348,4473.333496,2945,1,25,2564,11715,,,,0,4,4,4,4,4,4,4,4,4,4,4,4,4,4,4,4,4,4,4,4,4,4,4,4,4,4,4,4,4,4,4,4,100,,,,,,,,,,,,,,,,,,,,,,,,,,,,,,,,,,,25440,0,0.255621,-0.611084,-0.7229,0.196594,0.98596,0.181663,0.023929,24,28.666666,42.833332,,,,,,,,,,,,,,,,,,,,,,,,,,,,,,,,,,,,,,,,,,,,,,,,,,,,,,,,,,,,,,,,,,,,,,,,,,,,,,,,,,,,,,,,,,,,,,,,,,,,,,,,,,,,,,,,,,,,,,,,,,,,,,,,,,,,,,,,,,,,,,,,,,,,,,,,,,,,,,,,
1764665200.718351,1764665200.714641,36226,0,4359.358887,4372.692383,4481.282227,4497.94873,4372.307617,4480.512695,4519.102539,4350.512695,4548.974121,4357.179688,4456.153809,4487.436035,4536.282227,4366.794922,4361.282227,4473.846191,4519.230957,4507.307617,4485.769043,4369.615234,4364.615234,4536.153809,4483.077148,4471.153809,4335.769043,4535.384766,4349.102539,4521.410156,4480.384766,4360.641113,4478.717773,4472.307617,2630,1,25,2565,11722,,,,0,4,4,4,4,4,4,4,4,4,4,4,4,4,4,4,4,4,4,4,4,4,4,4,4,4,4,4,4,4,4,4,4,100,,,,,,,,,,,,,,,,,,,,,,,,,,,,,,,,,,,,,,,,,,,,,,,,,,,,,,,,,,,,,,,,,,,,,,,,,,,,,,,,,,,,,,,,,,,,,,,,,,,,,,,,,,,,,,,,,,,,,,,,,,,,,,,,,,,,,,,,,,,,,,,,,,,,,,,,,,,,,,,,,,,,,,,,,,,,,,,,,,,,,,,,,,,,,,,,,,,,,,,,,,,,,,
1764665200.722259,1764665200.718547,36227,0,4358.589844,4373.461426,4484.230957,4500.897461,4374.487305,4481.794922,4519.487305,4354.102539,4551.538574,4351.153809,4458.846191,4487.05127,4536.922852,4367.94873,4359.358887,4472.563965,4518.333496,4503.589844,4482.563965,4370.641113,4365.897461,4540.897461,4481.538574,4470,4338.974121,4536.922852,4349.358887,4524.230957,4482.692383,4361.153809,4476.410156,4473.333496,2884,1,25,2565,11722,,,,0,4,4,4,4,4,4,4,4,4,4,4,4,4,4,4,4,4,4,4,4,4,4,4,4,4,4,4,4,4,4,4,4,100,,,,,,,,,,,,,,,,,,,,,,,,,,,,,,,,,,,,,,,,,,,,,,,,,,,,,,,,,,,,,,,,,,,,,,,,,,,,,,,,,,,,,,,,,,,,,,,,,,,,,,,,,,,,,,,,,,,,,,,,,,,,,,,,,,,,,,,,,,,,,,,,,,,,,,,,,,,,,,,,,,,,,,,,,,,,,,,,,,,,,,,,,,,,,,,,,,,,,,,,,,,,,,
1764665200.726167,1764665200.722453,36228,0,4362.307617,4378.461426,4487.563965,4504.102539,4378.589844,4488.333496,4522.307617,4360.897461,4553.589844,4348.846191,4466.794922,4490.384766,4540.769043,4373.077148,4361.410156,4477.820313,4522.05127,4509.230957,4486.025879,4373.974121,4369.615234,4547.563965,4486.666504,4473.717773,4354.102539,4541.025879,4355.512695,4529.743652,4487.94873,4364.615234,4481.410156,4477.179688,2777,1,25,2565,11730,,,,0,4,4,4,4,4,4,4,4,4,4,4,4,4,4,4,4,4,4,4,4,4,4,4,4,4,4,4,4,4,4,4,4,100,,,,,,,,,,,,,,,,,,,,,,,,,,,,,,,,,,,,,,,,,,,,,,,,,,,,,,,,,,,,,,,,,,,,,,,,,,,,,,,,,,,,,,,,,,,,,,,,,,,,,,,,,,,,,,,,,,,,,,,,,,,,,,,,,,,,,,,,,,,,,,,,,,,,,,,,,,,,,,,,,,,,,,,,,,,,,,,,,,,,,,,,,,,,,,,,,,,,,,,,,,,,,,
1764665200.730075,1764665200.726359,36229,0,4371.153809,4387.05127,4492.692383,4509.615234,4385.641113,4498.461426,4528.461426,4370,4557.179688,4355.641113,4476.666504,4497.05127,4548.333496,4380.769043,4367.820313,4488.205078,4531.410156,4524.102539,4497.307617,4381.666504,4378.077148,4556.538574,4498.077148,4482.94873,4377.563965,4547.05127,4365.897461,4538.333496,4493.846191,4371.666504,4492.563965,4482.94873,2816,1,25,2565,11730,,,,0,4,4,4,4,4,4,4,4,4,4,4,4,4,4,4,4,4,4,4,4,4,4,4,4,4,4,4,4,4,4,4,4,100,,,,,,,,,,,,,,,,,,,,,,,,,,,,,,,,,,,25441,0,0.255668,-0.611084,-0.7229,0.196533,0.981565,0.167013,0.036626,24,27.833334,44.5,,,,,,,,,,,,,,,,,,,,,,,,,,,,,,,,,,,,,,,,,,,,,,,,,,,,,,,,,,,,,,,,,,,,,,,,,,,,,,,,,,,,,,,,,,,,,,,,,,,,,,,,,,,,,,,,,,,,,,,,,,,,,,,,,,,,,,,,,,,,,,,,,,,,,,,,,,,,,,,,
1764665200.733984,1764665200.730264,36230,0,4382.179688,4396.025879,4498.589844,4517.179688,4394.487305,4508.205078,4536.794922,4378.846191,4563.205078,4369.743652,4484.102539,4505.641113,4557.307617,4387.94873,4375.769043,4498.846191,4543.461426,4541.153809,4511.666504,4392.179688,4389.743652,4566.282227,4511.153809,4494.102539,4400.641113,4553.461426,4375.769043,4547.563965,4498.717773,4380.897461,4504.615234,4488.974121,2819,1,25,2560,11738,,,,0,4,4,4,4,4,4,4,4,4,4,4,4,4,4,4,4,4,4,4,4,4,4,4,4,4,4,4,4,4,4,4,4,100,,,,,,,,,,,,,,,,,,,,,,,,,,,,,,,,,,,,,,,,,,,,,,,,,,,,,,,,,,,,,,,,,,,,,,,,,,,,,,,,,,,,,,,,,,,,,,,,,,,,,,,,,,,,,,,,,,,,,,,,,,,,,,,,,,,,,,,,,,,,,,,,,,,,,,,,,,,,,,,,,,,,,,,,,,,,,,,,,,,,,,,,,,,,,,,,,,,,,,,,,,,,,,
1764665200.737892,1764665200.734170,36231,0,4390.128418,4401.922852,4502.820313,4524.230957,4401.666504,4513.461426,4544.102539,4384.487305,4569.487305,4382.692383,4486.153809,4513.077148,4563.077148,4391.538574,4380.769043,4504.358887,4552.179688,4550.897461,4520.256348,4400.512695,4399.230957,4572.563965,4519.358887,4501.410156,4413.589844,4557.94873,4380.128418,4553.461426,4501.538574,4388.205078,4511.794922,4493.077148,3008,1,25,2560,11738,,,,0,4,4,4,4,4,4,4,4,4,4,4,4,4,4,4,4,4,4,4,4,4,4,4,4,4,4,4,4,4,4,4,4,100,,,,,,,,,,,,,,,,,,,,,,,,,,,,,,,,,,,,,,,,,,,,,,,,,,,,,,,,,,,,,,,,,,,,,,,,,,,,,,,,,,,,,,,,,,,,,,,,,,,,,,,,,,,,,,,,,,,,,,,,,,,,,,,,,,,,,,,,,,,,,,,,,,,,,,,,,,,,,,,,,,,,,,,,,,,,,,,,,,,,,,,,,,,,,,,,,,,,,,,,,,,,,,
1764665200.741800,1764665200.738076,36232,0,4391.025879,4402.692383,4503.077148,4528.077148,4403.717773,4512.436035,4546.666504,4385.512695,4572.563965,4386.538574,4482.179688,4516.282227,4561.922852,4390.128418,4379.615234,4502.179688,4552.436035,4547.436035,4516.666504,4401.153809,4400.256348,4571.282227,4518.717773,4500.384766,4412.05127,4558.846191,4377.436035,4553.333496,4501.666504,4389.743652,4511.025879,4493.974121,2891,1,25,2561,11746,,,,0,4,4,4,4,4,4,4,4,4,4,4,4,4,4,4,4,4,4,4,4,4,4,4,4,4,4,4,4,4,4,4,4,100,,,,,,,,,,,,,,,,,,,,,,,,,,,,,,,,,,,,,,,,,,,,,,,,,,,,,,,,,,,,,,,,,,,,,,,,,,,,,,,,,,,,,,,,,,,,,,,,,,,,,,,,,,,,,,,,,,,,,,,,,,,,,,,,,,,,,,,,,,,,,,,,,,,,,,,,,,,,,,,,,,,,,,,,,,,,,,,,,,,,,,,,,,,,,,,,,,,,,,,,,,,,,,
1764665200.745708,1764665200.741982,36233,0,4384.487305,4398.717773,4499.102539,4527.820313,4399.230957,4507.05127,4543.205078,4381.922852,4570.128418,4379.615234,4475.128418,4513.717773,4554.102539,4384.615234,4372.692383,4494.102539,4543.846191,4532.94873,4502.179688,4392.05127,4390.769043,4561.922852,4510.256348,4491.025879,4398.974121,4556.025879,4369.743652,4547.692383,4499.230957,4385.256348,4503.205078,4491.025879,2743,1,25,2561,11746,,,,0,4,4,4,4,4,4,4,4,4,4,4,4,4,4,4,4,4,4,4,4,4,4,4,4,4,4,4,4,4,4,4,4,100,,,,,,,,,,,,,,,,,,,,,,,,,,,,,,,,,,,25442,0,0.25571,-0.611145,-0.7229,0.196289,0.981565,0.167013,0.036626,22.166666,28.333334,44.333332,,,,,,,,,,,,,,,,,,,,,,,,,,,,,,,,,,,,,,,,,,,,,,,,,,,,,,,,,,,,,,,,,,,,,,,,,,,,,,,,,,,,,,,,,,,,,,,,,,,,,,,,,,,,,,,,,,,,,,,,,,,,,,,,,,,,,,,,,,,,,,,,,,,,,,,,,,,,,,,,
1764665200.749617,1764665200.745888,36234,0,4374.615234,4392.307617,4493.077148,4523.589844,4390.128418,4500.384766,4535.512695,4375.512695,4563.461426,4367.692383,4468.717773,4506.794922,4543.717773,4377.820313,4363.846191,4484.102539,4531.666504,4515.128418,4485.128418,4377.307617,4375.769043,4548.717773,4499.230957,4478.333496,4382.179688,4550.512695,4361.794922,4540,4494.743652,4377.820313,4493.205078,4485.897461,2311,1,25,2562,11754,,,,0,4,4,4,4,4,4,4,4,4,4,4,4,4,4,4,4,4,4,4,4,4,4,4,4,4,4,4,4,4,4,4,4,100,,,,,,,,,,,,,,,,,,,,,,,,,,,,,,,,,,,,,,,,,,,,,,,,,,,,,,,,,,,,,,,,,,,,,,,,,,,,,,,,,,,,,,,,,,,,,,,,,,,,,,,,,,,,,,,,,,,,,,,,,,,,,,,,,,,,,,,,,,,,,,,,,,,,,,,,,,,,,,,,,,,,,,,,,,,,,,,,,,,,,,,,,,,,,,,,,,,,,,,,,,,,,,
1764665200.753525,1764665200.749793,36235,0,4365.897461,4385.897461,4487.563965,4516.794922,4380.128418,4494.871582,4526.922852,4368.589844,4555.897461,4357.94873,4465,4498.461426,4536.025879,4372.179688,4357.820313,4476.666504,4521.794922,4502.692383,4475,4364.487305,4363.717773,4538.077148,4491.282227,4468.974121,4368.205078,4544.615234,4357.436035,4533.974121,4489.743652,4371.794922,4486.025879,4480.641113,2723,1,25,2562,11754,,,,0,4,4,4,4,4,4,4,4,4,4,4,4,4,4,4,4,4,4,4,4,4,4,4,4,4,4,4,4,4,4,4,4,100,,,,,,,,,,,,,,,,,,,,,,,,,,,,,,,,,,,,,,,,,,,,,,,,,,,,,,,,,,,,,,,,,,,,,,,,,,,,,,,,,,,,,,,,,,,,,,,,,,,,,,,,,,,,,,,,,,,,,,,,,,,,,,,,,,,,,,,,,,,,,,,,,,,,,,,,,,,,,,,,,,,,,,,,,,,,,,,,,,,,,,,,,,,,,,,,,,,,,,,,,,,,,,
1764665200.757433,1764665200.753699,36236,0,4361.538574,4381.922852,4484.230957,4509.230957,4372.94873,4490.769043,4520.897461,4363.333496,4550.641113,4355,4464.487305,4492.436035,4534.102539,4369.487305,4356.666504,4473.717773,4517.692383,4500.128418,4475.769043,4359.230957,4360.128418,4534.615234,4489.102539,4467.436035,4359.615234,4540.641113,4358.589844,4531.794922,4486.025879,4370.128418,4484.615234,4477.820313,2519,1,25,2563,11761,,,,0,4,4,4,4,4,4,4,4,4,4,4,4,4,4,4,4,4,4,4,4,4,4,4,4,4,4,4,4,4,4,4,4,100,,,,,,,,,,,,,,,,,,,,,,,,,,,,,,,,,,,,,,,,,,,,,,,,,,,,,,,,,,,,,,,,,,,,,,,,,,,,,,,,,,,,,,,,,,,,,,,,,,,,,,,,,,,,,,,,,,,,,,,,,,,,,,,,,,,,,,,,,,,,,,,,,,,,,,,,,,,,,,,,,,,,,,,,,,,,,,,,,,,,,,,,,,,,,,,,,,,,,,,,,,,,,,
1764665200.761341,1764665200.757605,36237,0,4362.436035,4381.922852,4483.589844,4504.358887,4371.025879,4488.461426,4519.102539,4361.282227,4549.358887,4358.077148,4466.538574,4491.025879,4537.05127,4369.743652,4360,4474.743652,4519.487305,4506.538574,4484.230957,4362.563965,4365,4538.974121,4492.179688,4473.974121,4355.512695,4541.025879,4364.358887,4533.717773,4485.641113,4373.717773,4488.846191,4478.846191,2267,1,25,2563,11761,,,,0,4,4,4,4,4,4,4,4,4,4,4,4,4,4,4,4,4,4,4,4,4,4,4,4,4,4,4,4,4,4,4,4,100,,,,,,,,,,,,,,,,,,,,,,,,,,,,,,,,,,,25443,0,0.255532,-0.611206,-0.722961,0.196106,0.971798,0.178733,0.037602,21.166666,30.666666,44.5,,,,,,,,,,,,,,,,,,,,,,,,,,,,,,,,,,,,,,,,,,,,,,,,,,,,,,,,,,,,,,,,,,,,,,,,,,,,,,,,,,,,,,,,,,,,,,,,,,,,,,,,,,,,,,,,,,,,,,,,,,,,,,,,,,,,,,,,,,,,,,,,,,,,,,,,,,,,,,,,
1764665200.765250,1764665200.761511,36238,0,4367.820313,4386.025879,4485.897461,4505.128418,4374.358887,4488.461426,4521.410156,4363.077148,4552.436035,4363.205078,4470.641113,4494.743652,4542.307617,4372.692383,4365.769043,4478.205078,4524.743652,4516.410156,4493.461426,4370.641113,4373.205078,4547.820313,4497.436035,4484.230957,4355.256348,4546.282227,4372.05127,4538.461426,4489.358887,4381.282227,4496.410156,4483.846191,2734,1,25,2564,11769,,,,0,4,4,4,4,4,4,4,4,4,4,4,4,4,4,4,4,4,4,4,4,4,4,4,4,4,4,4,4,4,4,4,4,100,,,,,,,,,,,,,,,,,,,,,,,,,,,,,,,,,,,,,,,,,,,,,,,,,,,,,,,,,,,,,,,,,,,,,,,,,,,,,,,,,,,,,,,,,,,,,,,,,,,,,,,,,,,,,,,,,,,,,,,,,,,,,,,,,,,,,,,,,,,,,,,,,,,,,,,,,,,,,,,,,,,,,,,,,,,,,,,,,,,,,,,,,,,,,,,,,,,,,,,,,,,,,,
1764665200.769158,1764665200.765416,36239,0,4375.128418,4392.94873,4490.384766,4510.769043,4381.153809,4490.897461,4525.512695,4367.436035,4557.563965,4366.282227,4475.384766,4502.179688,4546.282227,4377.307617,4371.282227,4482.307617,4529.871582,4524.102539,4498.461426,4378.077148,4379.487305,4556.153809,4501.666504,4491.922852,4358.846191,4553.717773,4378.846191,4543.974121,4495.512695,4389.615234,4504.230957,4490.641113,2525,1,25,2564,11769,,,,0,4,4,4,4,4,4,4,4,4,4,4,4,4,4,4,4,4,4,4,4,4,4,4,4,4,4,4,4,4,4,4,4,100,,,,,,,,,,,,,,,,,,,,,,,,,,,,,,,,,,,,,,,,,,,,,,,,,,,,,,,,,,,,,,,,,,,,,,,,,,,,,,,,,,,,,,,,,,,,,,,,,,,,,,,,,,,,,,,,,,,,,,,,,,,,,,,,,,,,,,,,,,,,,,,,,,,,,,,,,,,,,,,,,,,,,,,,,,,,,,,,,,,,,,,,,,,,,,,,,,,,,,,,,,,,,,
1764665200.773066,1764665200.769322,36240,0,4380.256348,4398.974121,4494.615234,4516.666504,4387.563965,4494.230957,4528.333496,4371.153809,4560.897461,4365.384766,4478.333496,4509.230957,4546.666504,4382.05127,4373.589844,4485,4531.538574,4526.025879,4497.563965,4380.384766,4380.256348,4559.102539,4501.666504,4492.692383,4365.128418,4559.230957,4381.666504,4547.436035,4500.769043,4394.743652,4509.487305,4495.641113,2889,1,25,2565,11777,,,,0,4,4,4,4,4,4,4,4,4,4,4,4,4,4,4,4,4,4,4,4,4,4,4,4,4,4,4,4,4,4,4,4,100,,,,,,,,,,,,,,,,,,,,,,,,,,,,,,,,,,,,,,,,,,,,,,,,,,,,,,,,,,,,,,,,,,,,,,,,,,,,,,,,,,,,,,,,,,,,,,,,,,,,,,,,,,,,,,,,,,,,,,,,,,,,,,,,,,,,,,,,,,,,,,,,,,,,,,,,,,,,,,,,,,,,,,,,,,,,,,,,,,,,,,,,,,,,,,,,,,,,,,,,,,,,,,
1764665200.776975,1764665200.773228,36241,0,4380.128418,4400.256348,4495.512695,4517.436035,4390,4496.025879,4527.05127,4371.282227,4558.974121,4361.922852,4477.307617,4511.666504,4543.333496,4384.358887,4371.153809,4484.743652,4529.102539,4521.666504,4492.05127,4376.794922,4375.769043,4555.128418,4497.179688,4486.794922,4371.025879,4560.128418,4379.230957,4547.179688,4501.666504,4393.974121,4510,4496.282227,2956,1,25,2565,11777,,,,0,4,4,4,4,4,4,4,4,4,4,4,4,4,4,4,4,4,4,4,4,4,4,4,4,4,4,4,4,4,4,4,4,100,,,,,,,,,,,,,,,,,,,,,,,,,,,,,,,,,,,25444,0,0.255485,-0.611206,-0.722961,0.196167,0.97131,0.179221,0.038579,22.666666,30,44.333332,,,,,,,,,,,,,,,,,,,,,,,,,,,,,,,,,,,,,,,,,,,,,,,,,,,,,,,,,,,,,,,,,,,,,,,,,,,,,,,,,,,,,,,,,,,,,,,,,,,,,,,,,,,,,,,,,,,,,,,,,,,,,,,,,,,,,,,,,,,,,,,,,,,,,,,,,,,,,,,,
1764665200.780883,1764665200.777134,36242,0,4375.128418,4395.769043,4492.563965,4512.436035,4387.94873,4495.256348,4522.94873,4367.820313,4552.563965,4359.487305,4472.94873,4507.94873,4538.717773,4383.077148,4365.256348,4482.307617,4524.871582,4513.974121,4485.769043,4370.256348,4369.615234,4546.794922,4490.384766,4478.846191,4374.743652,4557.436035,4372.94873,4543.333496,4497.692383,4387.94873,4506.410156,4492.436035,1773,1,25,2566,11785,,,,0,4,4,4,4,4,4,4,4,4,4,4,4,4,4,4,4,4,4,4,4,4,4,4,4,4,4,4,4,4,4,4,4,100,,,,,,,,,,,,,,,,,,,,,,,,,,,,,,,,,,,,,,,,,,,,,,,,,,,,,,,,,,,,,,,,,,,,,,,,,,,,,,,,,,,,,,,,,,,,,,,,,,,,,,,,,,,,,,,,,,,,,,,,,,,,,,,,,,,,,,,,,,,,,,,,,,,,,,,,,,,,,,,,,,,,,,,,,,,,,,,,,,,,,,,,,,,,,,,,,,,,,,,,,,,,,,
1764665200.784791,1764665200.781040,36243,0,4369.743652,4389.358887,4488.846191,4506.153809,4384.743652,4493.461426,4519.615234,4364.358887,4546.153809,4361.410156,4469.230957,4501.794922,4537.179688,4379.615234,4360.256348,4480.897461,4522.692383,4508.333496,4483.077148,4366.282227,4366.538574,4540.128418,4485.512695,4474.358887,4377.94873,4555.128418,4366.922852,4538.846191,4491.922852,4381.153809,4502.179688,4487.436035,2982,1,25,2566,11785,,,,0,4,4,4,4,4,4,4,4,4,4,4,4,4,4,4,4,4,4,4,4,4,4,4,4,4,4,4,4,4,4,4,4,100,,,,,,,,,,,,,,,,,,,,,,,,,,,,,,,,,,,,,,,,,,,,,,,,,,,,,,,,,,,,,,,,,,,,,,,,,,,,,,,,,,,,,,,,,,,,,,,,,,,,,,,,,,,,,,,,,,,,,,,,,,,,,,,,,,,,,,,,,,,,,,,,,,,,,,,,,,,,,,,,,,,,,,,,,,,,,,,,,,,,,,,,,,,,,,,,,,,,,,,,,,,,,,
1764665200.788699,1764665200.784945,36244,0,4368.846191,4386.410156,4488.974121,4504.615234,4384.743652,4493.717773,4521.410156,4365.641113,4546.025879,4368.205078,4470.256348,4499.487305,4541.410156,4377.563965,4361.282227,4483.846191,4525.256348,4509.871582,4487.179688,4368.846191,4370.512695,4540.256348,4486.282227,4476.153809,4383.333496,4557.05127,4366.153809,4537.94873,4489.358887,4378.717773,4501.282227,4485.641113,2539,1,25,2567,11793,,,,0,4,4,4,4,4,4,4,4,4,4,4,4,4,4,4,4,4,4,4,4,4,4,4,4,4,4,4,4,4,4,4,4,100,,,,,,,,,,,,,,,,,,,,,,,,,,,,,,,,,,,,,,,,,,,,,,,,,,,,,,,,,,,,,,,,,,,,,,,,,,,,,,,,,,,,,,,,,,,,,,,,,,,,,,,,,,,,,,,,,,,,,,,,,,,,,,,,,,,,,,,,,,,,,,,,,,,,,,,,,,,,,,,,,,,,,,,,,,,,,,,,,,,,,,,,,,,,,,,,,,,,,,,,,,,,,,
1764665200.792608,1764665200.788851,36245,0,4374.743652,4390.384766,4494.487305,4510.128418,4390.384766,4497.820313,4528.974121,4373.077148,4554.487305,4378.205078,4477.436035,4505.256348,4551.410156,4380,4369.487305,4491.538574,4533.205078,4520.256348,4497.436035,4377.94873,4381.410156,4548.333496,4493.205078,4484.102539,4392.436035,4564.487305,4373.077148,4543.333496,4492.563965,4383.205078,4505.897461,4489.871582,2845,1,25,2567,11793,,,,0,4,4,4,4,4,4,4,4,4,4,4,4,4,4,4,4,4,4,4,4,4,4,4,4,4,4,4,4,4,4,4,4,100,,,,,,,,,,,,,,,,,,,,,,,,,,,,,,,,,,,25445,0,0.255558,-0.611267,-0.7229,0.196106,0.973752,0.173849,0.041509,22.666666,30,45.5,,,,,,,,,,,,,,,,,,,,,,,,,,,,,,,,,,,,,,,,,,,,,,,,,,,,,,,,,,,,,,,,,,,,,,,,,,,,,,,,,,,,,,,,,,,,,,,,,,,,,,,,,,,,,,,,,,,,,,,,,,,,,,,,,,,,,,,,,,,,,,,,,,,,,,,,,,,,,,,,
1764665200.796516,1764665200.792757,36246,0,4384.615234,4399.102539,4502.692383,4520,4398.846191,4505,4538.974121,4383.589844,4568.205078,4387.820313,4487.05127,4517.436035,4562.94873,4386.538574,4381.666504,4500.384766,4543.333496,4535.384766,4509.230957,4389.615234,4394.358887,4560.128418,4503.205078,4494.743652,4402.307617,4574.615234,4384.871582,4553.589844,4500.128418,4392.307617,4513.974121,4498.461426,2951,1,25,2567,11801,,,,0,4,4,4,4,4,4,4,4,4,4,4,4,4,4,4,4,4,4,4,4,4,4,4,4,4,4,4,4,4,4,4,4,100,,,,,,,,,,,,,,,,,,,,,,,,,,,,,,,,,,,,,,,,,,,,,,,,,,,,,,,,,,,,,,,,,,,,,,,,,,,,,,,,,,,,,,,,,,,,,,,,,,,,,,,,,,,,,,,,,,,,,,,,,,,,,,,,,,,,,,,,,,,,,,,,,,,,,,,,,,,,,,,,,,,,,,,,,,,,,,,,,,,,,,,,,,,,,,,,,,,,,,,,,,,,,,
1764665200.800424,1764665200.796663,36247,0,4392.179688,4406.410156,4507.563965,4527.307617,4403.846191,4511.153809,4545.384766,4390.769043,4578.589844,4393.205078,4493.717773,4528.461426,4570.512695,4393.077148,4390.512695,4505.128418,4550.769043,4547.05127,4516.666504,4397.820313,4402.563965,4568.461426,4510.256348,4502.692383,4408.077148,4582.05127,4395.128418,4562.94873,4506.794922,4399.871582,4520.128418,4505.256348,2856,1,25,2567,11801,,,,0,4,4,4,4,4,4,4,4,4,4,4,4,4,4,4,4,4,4,4,4,4,4,4,4,4,4,4,4,4,4,4,4,100,,,,,,,,,,,,,,,,,,,,,,,,,,,,,,,,,,,,,,,,,,,,,,,,,,,,,,,,,,,,,,,,,,,,,,,,,,,,,,,,,,,,,,,,,,,,,,,,,,,,,,,,,,,,,,,,,,,,,,,,,,,,,,,,,,,,,,,,,,,,,,,,,,,,,,,,,,,,,,,,,,,,,,,,,,,,,,,,,,,,,,,,,,,,,,,,,,,,,,,,,,,,,,
1764665200.804332,1764665200.800568,36248,0,4392.179688,4406.666504,4503.846191,4526.538574,4399.871582,4511.794922,4543.846191,4389.358887,4578.461426,4390.769043,4493.205078,4530.512695,4570.384766,4394.615234,4390.512695,4502.692383,4550.897461,4547.820313,4515.512695,4398.205078,4401.153809,4568.205078,4510.128418,4503.077148,4405.897461,4581.410156,4397.563965,4564.871582,4507.820313,4399.615234,4518.974121,4503.974121,2793,1,25,2566,11808,,,,0,4,4,4,4,4,4,4,4,4,4,4,4,4,4,4,4,4,4,4,4,4,4,4,4,4,4,4,4,4,4,4,4,100,,,,,,,,,,,,,,,,,,,,,,,,,,,,,,,,,,,,,,,,,,,,,,,,,,,,,,,,,,,,,,,,,,,,,,,,,,,,,,,,,,,,,,,,,,,,,,,,,,,,,,,,,,,,,,,,,,,,,,,,,,,,,,,,,,,,,,,,,,,,,,,,,,,,,,,,,,,,,,,,,,,,,,,,,,,,,,,,,,,,,,,,,,,,,,,,,,,,,,,,,,,,,,
1764665200.808241,1764665200.804474,36249,0,4384.615234,4399.615234,4492.05127,4517.307617,4387.94873,4506.410156,4535.384766,4379.358887,4567.179688,4381.538574,4487.307617,4521.538574,4563.205078,4389.230957,4381.538574,4494.615234,4543.589844,4536.794922,4506.666504,4391.282227,4391.282227,4560.128418,4503.077148,4494.743652,4397.820313,4572.692383,4391.794922,4557.94873,4502.692383,4391.025879,4510.256348,4493.846191,2836,1,25,2566,11808,,,,0,4,4,4,4,4,4,4,4,4,4,4,4,4,4,4,4,4,4,4,4,4,4,4,4,4,4,4,4,4,4,4,4,100,,,,,,,,,,,,,,,,,,,,,,,,,,,,,,,,,,,25446,0,0.255432,-0.611267,-0.722961,0.196045,0.981565,0.181663,0.025882,23.666666,28.666666,43.666668,,,,,,,,,,,,,,,,,,,,,,,,,,,,,,,,,,,,,,,,,,,,,,,,,,,,,,,,,,,,,,,,,,,,,,,,,,,,,,,,,,,,,,,,,,,,,,,,,,,,,,,,,,,,,,,,,,,,,,,,,,,,,,,,,,,,,,,,,,,,,,,,,,,,,,,,,,,,,,,,
1764665200.812149,1764665200.808380,36250,0,4375.641113,4391.282227,4480,4506.025879,4376.282227,4499.615234,4526.153809,4368.717773,4552.692383,4372.436035,4481.794922,4508.461426,4554.102539,4380.256348,4370.128418,4486.794922,4534.230957,4522.307617,4496.410156,4382.179688,4379.743652,4551.025879,4495.128418,4482.820313,4390.512695,4561.666504,4383.846191,4547.436035,4496.282227,4380.641113,4501.025879,4481.922852,1977,1,25,2560,11816,,,,0,4,4,4,4,4,4,4,4,4,4,4,4,4,4,4,4,4,4,4,4,4,4,4,4,4,4,4,4,4,4,4,4,100,,,,,,,,,,,,,,,,,,,,,,,,,,,,,,,,,,,,,,,,,,,,,,,1.101747,1.171656,0.643227,0.570859,0.551935,2.238672,2.452641,0.874487,0.854278,0.561188,2.814339,2.212609,1.173807,0.852419,0.655736,1.638988,1.55208,0.984993,0.491498,0.697806,3.130676,2.037252,0.805547,0.801213,0.592622,1.398404,2.06556,0.893779,0.526969,0.471567,0.964193,2.129933,0.857537,0.489677,0.518615,1.194189,1.940702,0.978008,0.626526,0.623687,0.861441,2.072232,1.186947,0.688934,0.67059,0.945038,2.752843,1.576503,1.527762,1.305824,0.66207,1.238531,0.551474,0.349799,0.451002,0.999709,1.557819,0.631948,0.650701,0.511792,0.392377,1.271199,0.640164,0.562541,0.366122,0.305939,0.775511,0.486023,0.239655,0.305624,0.330823,0.830438,0.726933,0.435225,0.371717,0.415867,0.851582,0.904471,0.441609,0.439613,0.838232,2.024241,0.818035,0.615136,0.581225,0.49486,1.126087,1.070167,0.68321,0.567514,0.179324,0.651322,0.655217,0.413785,0.407961,0.204692,0.604107,0.832126,0.599773,0.538922,0.333981,0.822884,0.994404,0.685999,0.471367,0.510446,1.08729,0.513468,0.61377,0.534397,1.372792,2.113166,0.725095,0.534031,0.514832,0.723512,1.508744,0.636378,0.924824,0.593987,1.487258,2.842474,2.24073,1.989612,1.871895,1.545932,1.005387,0.760664,0.774164,0.542758,1.210099,1.867035,0.771576,1.145953,0.662211,1.378284,2.117199,0.571489,0.79973,0.552603,0.691203,0.899355,0.271045,0.411793,0.30796,2.001775,1.825431,0.859206,0.70689,0.587887,1.995581,1.896753,0.929448,1.039188,0.676064,2.504581,1.85445,1.033018,1.019682,0.706258
1764665200.816057,1764665200.812286,36251,0,4373.333496,4389.358887,4476.410156,4500.128418,4373.974121,4497.05127,4523.717773,4366.538574,4546.025879,4371.922852,4482.05127,4500.641113,4549.615234,4374.871582,4364.102539,4484.487305,4529.743652,4515.128418,4491.666504,4377.820313,4374.230957,4547.820313,4492.563965,4475.769043,4389.487305,4556.153809,4381.666504,4542.179688,4493.974121,4377.307617,4499.358887,4476.922852,2657,1,25,2560,11816,,,,0,4,4,4,4,4,4,4,4,4,4,4,4,4,4,4,4,4,4,4,4,4,4,4,4,4,4,4,4,4,4,4,4,100,,,,,,,,,,,,,,,,,,,,,,,,,,,,,,,,,,,,,,,,,,,,,,,,,,,,,,,,,,,,,,,,,,,,,,,,,,,,,,,,,,,,,,,,,,,,,,,,,,,,,,,,,,,,,,,,,,,,,,,,,,,,,,,,,,,,,,,,,,,,,,,,,,,,,,,,,,,,,,,,,,,,,,,,,,,,,,,,,,,,,,,,,,,,,,,,,,,,,,,,,,,,,,
1764665200.819965,1764665200.816192,36252,0,4379.871582,4395.897461,4483.205078,4503.077148,4382.179688,4500.897461,4529.871582,4375.512695,4552.05127,4381.794922,4487.94873,4503.077148,4551.794922,4376.538574,4366.153809,4488.974121,4532.94873,4519.743652,4494.871582,4380.641113,4376.922852,4551.922852,4497.436035,4477.94873,4393.974121,4559.102539,4388.205078,4546.025879,4497.820313,4383.974121,4507.692383,4481.794922,2713,1,25,1792,11824,,,,0,4,4,4,4,4,4,4,4,4,4,4,4,4,4,4,4,4,4,4,4,4,4,4,4,4,4,4,4,4,4,4,4,100,,,,,,,,,,,,,,,,,,,,,,,,,,,,,,,,,,,,,,,,,,,,,,,,,,,,,,,,,,,,,,,,,,,,,,,,,,,,,,,,,,,,,,,,,,,,,,,,,,,,,,,,,,,,,,,,,,,,,,,,,,,,,,,,,,,,,,,,,,,,,,,,,,,,,,,,,,,,,,,,,,,,,,,,,,,,,,,,,,,,,,,,,,,,,,,,,,,,,,,,,,,,,,
1764665200.823874,1764665200.820097,36253,0,4389.871582,4405.641113,4494.102539,4510.769043,4394.230957,4507.563965,4539.743652,4388.461426,4565.641113,4393.846191,4493.717773,4511.666504,4557.307617,4383.077148,4372.563965,4495.641113,4540.128418,4530.512695,4501.794922,4386.922852,4383.077148,4558.461426,4505.256348,4485.769043,4397.436035,4566.922852,4398.846191,4555.128418,4504.487305,4395.256348,4519.615234,4491.410156,2527,1,25,1792,11824,,,,0,4,4,4,4,4,4,4,4,4,4,4,4,4,4,4,4,4,4,4,4,4,4,4,4,4,4,4,4,4,4,4,4,100,,,,,,,,,,,,,,,,,,,,,,,,,,,,,,,,,,,25447,0,0.255479,-0.611267,-0.722961,0.195984,0.989379,0.174826,0.051276,23.166666,28.666666,43.333332,,,,,,,,,,,,,,,,,,,,,,,,,,,,,,,,,,,,,,,,,,,,,,,,,,,,,,,,,,,,,,,,,,,,,,,,,,,,,,,,,,,,,,,,,,,,,,,,,,,,,,,,,,,,,,,,,,,,,,,,,,,,,,,,,,,,,,,,,,,,,,,,,,,,,,,,,,,,,,,,
1764665200.827782,1764665200.824003,36254,0,4394.743652,4410.641113,4499.871582,4516.153809,4400.384766,4511.282227,4545.384766,4394.615234,4575.769043,4397.436035,4493.717773,4517.94873,4559.487305,4387.563965,4376.666504,4498.077148,4543.717773,4537.307617,4505.128418,4389.230957,4385.384766,4560.384766,4508.717773,4491.282227,4393.846191,4571.922852,4405.769043,4561.025879,4508.333496,4401.410156,4525.641113,4497.05127,2676,1,25,768,11832,,,,0,4,4,4,4,4,4,4,4,4,4,4,4,4,4,4,4,4,4,4,4,4,4,4,4,4,4,4,4,4,4,4,4,100,,,,,,,,,,,,,,,,,,,,,,,,,,,,,,,,,,,,,,,,,,,,,,,,,,,,,,,,,,,,,,,,,,,,,,,,,,,,,,,,,,,,,,,,,,,,,,,,,,,,,,,,,,,,,,,,,,,,,,,,,,,,,,,,,,,,,,,,,,,,,,,,,,,,,,,,,,,,,,,,,,,,,,,,,,,,,,,,,,,,,,,,,,,,,,,,,,,,,,,,,,,,,,
1764665200.831690,1764665200.827909,36255,0,4390.256348,4406.922852,4496.410156,4514.487305,4396.025879,4508.717773,4541.922852,4388.717773,4574.615234,4388.205078,4486.794922,4515.641113,4554.871582,4385.256348,4373.974121,4493.461426,4538.974121,4533.333496,4500.512695,4383.077148,4380.256348,4554.358887,4504.102539,4488.333496,4382.563965,4569.230957,4404.230957,4557.94873,4505.512695,4397.307617,4520.384766,4493.717773,2845,1,25,768,11832,,,,0,4,4,4,4,4,4,4,4,4,4,4,4,4,4,4,4,4,4,4,4,4,4,4,4,4,4,4,4,4,4,4,4,100,,,,,,,,,,,,,,,,,,,,,,,,,,,,,,,,,,,,,,,,,,,,,,,,,,,,,,,,,,,,,,,,,,,,,,,,,,,,,,,,,,,,,,,,,,,,,,,,,,,,,,,,,,,,,,,,,,,,,,,,,,,,,,,,,,,,,,,,,,,,,,,,,,,,,,,,,,,,,,,,,,,,,,,,,,,,,,,,,,,,,,,,,,,,,,,,,,,,,,,,,,,,,,
1764665200.835599,1764665200.831815,36256,0,4379.230957,4396.794922,4487.05127,4506.666504,4384.358887,4501.538574,4531.794922,4374.358887,4563.333496,4372.05127,4477.563965,4505.256348,4544.871582,4376.922852,4366.025879,4484.487305,4527.94873,4520.384766,4490.512695,4370.512695,4370,4543.846191,4494.230957,4477.563965,4369.230957,4560.769043,4396.153809,4547.436035,4496.922852,4385.512695,4507.179688,4483.717773,2773,1,25,256,11840,,,,0,4,4,4,4,4,4,4,4,4,4,4,4,4,4,4,4,4,4,4,4,4,4,4,4,4,4,4,4,4,4,4,4,100,,,,,,,,,,,,,,,,,,,,,,,,,,,,,,,,,,,,,,,,,,,,,,,,,,,,,,,,,,,,,,,,,,,,,,,,,,,,,,,,,,,,,,,,,,,,,,,,,,,,,,,,,,,,,,,,,,,,,,,,,,,,,,,,,,,,,,,,,,,,,,,,,,,,,,,,,,,,,,,,,,,,,,,,,,,,,,,,,,,,,,,,,,,,,,,,,,,,,,,,,,,,,,
1764665200.839507,1764665200.835720,36257,0,4369.358887,4387.436035,4479.358887,4499.102539,4373.846191,4495.641113,4522.307617,4361.282227,4550.384766,4358.974121,4472.05127,4493.333496,4535.256348,4368.461426,4358.205078,4477.563965,4517.179688,4507.307617,4482.307617,4359.358887,4361.922852,4535.897461,4486.282227,4465.897461,4361.282227,4553.333496,4387.94873,4537.307617,4488.589844,4375.256348,4494.871582,4475.512695,2936,1,25,256,11840,,,,0,4,4,4,4,4,4,4,4,4,4,4,4,4,4,4,4,4,4,4,4,4,4,4,4,4,4,4,4,4,4,4,4,100,,,,,,,,,,,,,,,,,,,,,,,,,,,,,,,,,,,25448,0,0.255479,-0.611267,-0.722961,0.195984,0.978635,0.173849,0.042974,21,29.166666,43.833332,,,,,,,,,,,,,,,,,,,,,,,,,,,,,,,,,,,,,,,,,,,,,,,,,,,,,,,,,,,,,,,,,,,,,,,,,,,,,,,,,,,,,,,,,,,,,,,,,,,,,,,,,,,,,,,,,,,,,,,,,,,,,,,,,,,,,,,,,,,,,,,,,,,,,,,,,,,,,,,,
1764665200.843415,1764665200.839626,36258,0,4367.05127,4385,4479.102539,4498.333496,4371.922852,4495.897461,4520.897461,4358.077148,4544.615234,4355.897461,4473.461426,4488.205078,4531.410156,4365.897461,4356.025879,4477.307617,4513.717773,4502.820313,4482.307617,4357.179688,4361.922852,4535.769043,4486.153809,4460.897461,4362.692383,4553.077148,4385.512695,4534.871582,4486.153809,4373.589844,4492.05127,4475.769043,2619,1,25,256,11847,,,,0,4,4,4,4,4,4,4,4,4,4,4,4,4,4,4,4,4,4,4,4,4,4,4,4,4,4,4,4,4,4,4,4,100,,,,,,,,,,,,,,,,,,,,,,,,,,,,,,,,,,,,,,,,,,,,,,,,,,,,,,,,,,,,,,,,,,,,,,,,,,,,,,,,,,,,,,,,,,,,,,,,,,,,,,,,,,,,,,,,,,,,,,,,,,,,,,,,,,,,,,,,,,,,,,,,,,,,,,,,,,,,,,,,,,,,,,,,,,,,,,,,,,,,,,,,,,,,,,,,,,,,,,,,,,,,,,
1764665200.847323,1764665200.843532,36259,0,4373.077148,4390.512695,4486.153809,4505.769043,4378.974121,4502.436035,4528.333496,4365.384766,4548.333496,4362.436035,4479.615234,4492.820313,4534.230957,4371.025879,4360.512695,4483.077148,4519.102539,4509.102539,4490.128418,4365.256348,4369.871582,4542.179688,4493.589844,4465.128418,4371.538574,4559.871582,4389.743652,4541.282227,4490.897461,4380.769043,4499.102539,4483.461426,2873,1,25,256,11847,,,,0,4,4,4,4,4,4,4,4,4,4,4,4,4,4,4,4,4,4,4,4,4,4,4,4,4,4,4,4,4,4,4,4,100,,,,,,,,,,,,,,,,,,,,,,,,,,,,,,,,,,,,,,,,,,,,,,,,,,,,,,,,,,,,,,,,,,,,,,,,,,,,,,,,,,,,,,,,,,,,,,,,,,,,,,,,,,,,,,,,,,,,,,,,,,,,,,,,,,,,,,,,,,,,,,,,,,,,,,,,,,,,,,,,,,,,,,,,,,,,,,,,,,,,,,,,,,,,,,,,,,,,,,,,,,,,,,
1764665200.851231,1764665200.847339,36260,0,4382.563965,4398.974121,4494.358887,4516.410156,4388.974121,4510.128418,4538.333496,4376.410156,4556.666504,4372.563965,4484.871582,4503.205078,4540,4379.358887,4367.436035,4489.871582,4528.589844,4520.769043,4498.974121,4377.05127,4379.358887,4548.717773,4502.563965,4474.358887,4381.153809,4568.077148,4395.769043,4551.538574,4498.846191,4389.871582,4508.846191,4490.769043,2766,1,25,512,11855,,,,0,4,4,4,4,4,4,4,4,4,4,4,4,4,4,4,4,4,4,4,4,4,4,4,4,4,4,4,4,4,4,4,4,100,,,,,,,,,,,,,,,,,,,,,,,,,,,,,,,,,,,,,,,,,,,,,,,,,,,,,,,,,,,,,,,,,,,,,,,,,,,,,,,,,,,,,,,,,,,,,,,,,,,,,,,,,,,,,,,,,,,,,,,,,,,,,,,,,,,,,,,,,,,,,,,,,,,,,,,,,,,,,,,,,,,,,,,,,,,,,,,,,,,,,,,,,,,,,,,,,,,,,,,,,,,,,,
1764665200.855140,1764665200.851246,36261,0,4389.102539,4403.974121,4497.820313,4523.205078,4394.358887,4513.461426,4543.461426,4382.307617,4561.922852,4380,4484.871582,4510.769043,4543.717773,4384.615234,4371.410156,4492.563965,4535.256348,4528.974121,4501.666504,4384.102539,4383.717773,4550.128418,4506.666504,4481.410156,4386.025879,4571.538574,4398.205078,4557.692383,4504.230957,4393.333496,4512.563965,4490.769043,2802,1,25,512,11855,,,,0,4,4,4,4,4,4,4,4,4,4,4,4,4,4,4,4,4,4,4,4,4,4,4,4,4,4,4,4,4,4,4,4,100,,,,,,,,,,,,,,,,,,,,,,,,,,,,,,,,,,,25449,0,0.255327,-0.611389,-0.722961,0.195801,0.97717,0.183128,0.040532,22.333334,28.166666,45,,,,,,,,,,,,,,,,,,,,,,,,,,,,,,,,,,,,,,,,,,,,,,,,,,,,,,,,,,,,,,,,,,,,,,,,,,,,,,,,,,,,,,,,,,,,,,,,,,,,,,,,,,,,,,,,,,,,,,,,,,,,,,,,,,,,,,,,,,,,,,,,,,,,,,,,,,,,,,,,
1764665200.859048,1764665200.855153,36262,0,4389.487305,4402.692383,4495.769043,4523.205078,4392.563965,4511.282227,4540.769043,4380.128418,4561.025879,4382.05127,4480.384766,4510.256348,4543.205078,4383.461426,4370,4490.128418,4534.487305,4529.230957,4497.436035,4383.333496,4381.666504,4545.897461,4504.230957,4482.307617,4385.384766,4568.846191,4395.128418,4556.410156,4504.615234,4389.358887,4508.077148,4483.974121,2807,1,25,768,11863,,,,0,4,4,4,4,4,4,4,4,4,4,4,4,4,4,4,4,4,4,4,4,4,4,4,4,4,4,4,4,4,4,4,4,100,,,,,,,,,,,,,,,,,,,,,,,,,,,,,,,,,,,,,,,,,,,,,,,,,,,,,,,,,,,,,,,,,,,,,,,,,,,,,,,,,,,,,,,,,,,,,,,,,,,,,,,,,,,,,,,,,,,,,,,,,,,,,,,,,,,,,,,,,,,,,,,,,,,,,,,,,,,,,,,,,,,,,,,,,,,,,,,,,,,,,,,,,,,,,,,,,,,,,,,,,,,,,,
1764665200.862956,1764665200.859060,36263,0,4384.871582,4398.589844,4492.307617,4518.461426,4386.922852,4506.538574,4533.974121,4373.717773,4556.410156,4379.487305,4475.641113,4502.820313,4540.128418,4377.820313,4365.512695,4485.897461,4527.94873,4523.717773,4491.410156,4378.333496,4376.538574,4540.769043,4498.333496,4478.717773,4381.282227,4562.820313,4389.230957,4549.871582,4501.538574,4382.436035,4500,4477.05127,2996,1,25,768,11863,,,,0,4,4,4,4,4,4,4,4,4,4,4,4,4,4,4,4,4,4,4,4,4,4,4,4,4,4,4,4,4,4,4,4,100,,,,,,,,,,,,,,,,,,,,,,,,,,,,,,,,,,,,,,,,,,,,,,,,,,,,,,,,,,,,,,,,,,,,,,,,,,,,,,,,,,,,,,,,,,,,,,,,,,,,,,,,,,,,,,,,,,,,,,,,,,,,,,,,,,,,,,,,,,,,,,,,,,,,,,,,,,,,,,,,,,,,,,,,,,,,,,,,,,,,,,,,,,,,,,,,,,,,,,,,,,,,,,
1764665200.866865,1764665200.862967,36264,0,4378.717773,4396.410156,4490.897461,4513.589844,4382.94873,4502.94873,4528.717773,4369.487305,4552.05127,4374.102539,4474.230957,4494.102539,4537.307617,4372.307617,4361.282227,4483.205078,4520.769043,4518.205078,4488.974121,4374.615234,4372.820313,4539.230957,4493.461426,4475.256348,4376.282227,4557.307617,4384.487305,4543.461426,4498.589844,4377.94873,4494.871582,4475.384766,2881,1,25,1024,11871,,,,0,4,4,4,4,4,4,4,4,4,4,4,4,4,4,4,4,4,4,4,4,4,4,4,4,4,4,4,4,4,4,4,4,100,,,,,,,,,,,,,,,,,,,,,,,,,,,,,,,,,,,,,,,,,,,,,,,,,,,,,,,,,,,,,,,,,,,,,,,,,,,,,,,,,,,,,,,,,,,,,,,,,,,,,,,,,,,,,,,,,,,,,,,,,,,,,,,,,,,,,,,,,,,,,,,,,,,,,,,,,,,,,,,,,,,,,,,,,,,,,,,,,,,,,,,,,,,,,,,,,,,,,,,,,,,,,,
1764665200.870773,1764665200.866874,36265,0,4374.871582,4398.589844,4491.538574,4511.794922,4383.333496,4502.05127,4528.333496,4370.384766,4550.128418,4367.692383,4476.538574,4489.230957,4536.794922,4370.769043,4360,4483.333496,4518.077148,4516.538574,4491.410156,4375.512695,4372.307617,4542.436035,4492.307617,4476.153809,4372.307617,4554.615234,4382.563965,4541.410156,4497.820313,4378.589844,4495.641113,4479.230957,2730,1,25,1024,11871,,,,0,4,4,4,4,4,4,4,4,4,4,4,4,4,4,4,4,4,4,4,4,4,4,4,4,4,4,4,4,4,4,4,4,100,,,,,,,,,,,,,,,,,,,,,,,,,,,,,,,,,,,25450,0,0.255394,-0.611328,-0.723022,0.195679,0.97717,0.170919,0.025394,23,29.666666,44.333332,,,,,,,,,,,,,,,,,,,,,,,,,,,,,,,,,,,,,,,,,,,,,,,,,,,,,,,,,,,,,,,,,,,,,,,,,,,,,,,,,,,,,,,,,,,,,,,,,,,,,,,,,,,,,,,,,,,,,,,,,,,,,,,,,,,,,,,,,,,,,,,,,,,,,,,,,,,,,,,,
1764665200.874681,1764665200.870781,36266,0,4375.384766,4404.615234,4492.820313,4514.102539,4387.820313,4503.461426,4532.563965,4375.512695,4551.282227,4362.94873,4481.025879,4491.153809,4539.358887,4373.974121,4362.692383,4486.538574,4522.05127,4519.230957,4496.794922,4380.769043,4374.358887,4548.717773,4495,4482.05127,4371.666504,4555.512695,4383.589844,4544.230957,4499.871582,4383.077148,4501.153809,4485.256348,2297,1,25,1280,11879,,,,0,4,4,4,4,4,4,4,4,4,4,4,4,4,4,4,4,4,4,4,4,4,4,4,4,4,4,4,4,4,4,4,4,100,,,,,,,,,,,,,,,,,,,,,,,,,,,,,,,,,,,,,,,,,,,,,,,,,,,,,,,,,,,,,,,,,,,,,,,,,,,,,,,,,,,,,,,,,,,,,,,,,,,,,,,,,,,,,,,,,,,,,,,,,,,,,,,,,,,,,,,,,,,,,,,,,,,,,,,,,,,,,,,,,,,,,,,,,,,,,,,,,,,,,,,,,,,,,,,,,,,,,,,,,,,,,,
1764665200.878589,1764665200.874688,36267,0,4381.025879,4412.05127,4494.871582,4519.615234,4394.230957,4506.410156,4539.487305,4382.05127,4555.512695,4362.436035,4486.666504,4498.846191,4545.128418,4380.641113,4368.077148,4491.538574,4531.153809,4524.615234,4502.05127,4387.820313,4377.179688,4555.512695,4500,4490.128418,4376.794922,4559.102539,4387.05127,4550.256348,4504.358887,4388.717773,4507.94873,4489.743652,2702,1,25,1280,11879,,,,0,4,4,4,4,4,4,4,4,4,4,4,4,4,4,4,4,4,4,4,4,4,4,4,4,4,4,4,4,4,4,4,4,100,,,,,,,,,,,,,,,,,,,,,,,,,,,,,,,,,,,,,,,,,,,,,,,,,,,,,,,,,,,,,,,,,,,,,,,,,,,,,,,,,,,,,,,,,,,,,,,,,,,,,,,,,,,,,,,,,,,,,,,,,,,,,,,,,,,,,,,,,,,,,,,,,,,,,,,,,,,,,,,,,,,,,,,,,,,,,,,,,,,,,,,,,,,,,,,,,,,,,,,,,,,,,,
1764665200.882498,1764665200.878595,36268,0,4389.487305,4418.205078,4498.461426,4526.538574,4400.512695,4510.384766,4545.897461,4387.307617,4561.666504,4366.922852,4491.666504,4508.333496,4552.563965,4387.436035,4373.846191,4496.666504,4541.025879,4530.128418,4504.871582,4393.077148,4379.358887,4560.512695,4505.128418,4496.282227,4386.666504,4563.846191,4391.538574,4556.666504,4509.871582,4392.94873,4512.563965,4491.410156,2500,1,25,1536,11886,,,,0,4,4,4,4,4,4,4,4,4,4,4,4,4,4,4,4,4,4,4,4,4,4,4,4,4,4,4,4,4,4,4,4,100,,,,,,,,,,,,,,,,,,,,,,,,,,,,,,,,,,,,,,,,,,,,,,,,,,,,,,,,,,,,,,,,,,,,,,,,,,,,,,,,,,,,,,,,,,,,,,,,,,,,,,,,,,,,,,,,,,,,,,,,,,,,,,,,,,,,,,,,,,,,,,,,,,,,,,,,,,,,,,,,,,,,,,,,,,,,,,,,,,,,,,,,,,,,,,,,,,,,,,,,,,,,,,
1764665200.886406,1764665200.882502,36269,0,4396.410156,4420.769043,4502.05127,4531.538574,4405,4514.615234,4549.102539,4389.743652,4567.436035,4373.077148,4493.589844,4514.102539,4558.205078,4390.769043,4377.05127,4498.974121,4546.794922,4533.077148,4504.358887,4393.333496,4378.846191,4561.794922,4508.077148,4497.563965,4395.256348,4567.820313,4394.615234,4560.128418,4513.717773,4393.974121,4513.077148,4491.153809,2245,1,25,1536,11886,,,,0,4,4,4,4,4,4,4,4,4,4,4,4,4,4,4,4,4,4,4,4,4,4,4,4,4,4,4,4,4,4,4,4,100,,,,,,,,,,,,,,,,,,,,,,,,,,,,,,,,,,,25451,0,0.255222,-0.611328,-0.723083,0.195679,0.987914,0.168478,0.037114,22.166666,28.333334,43.833332,,,,,,,,,,,,,,,,,,,,,,,,,,,,,,,,,,,,,,,,,,,,,,,,,,,,,,,,,,,,,,,,,,,,,,,,,,,,,,,,,,,,,,,,,,,,,,,,,,,,,,,,,,,,,,,,,,,,,,,,,,,,,,,,,,,,,,,,,,,,,,,,,,,,,,,,,,,,,,,,
1764665200.890314,1764665200.886409,36270,0,4397.307617,4418.589844,4502.820313,4531.538574,4405.897461,4516.666504,4547.692383,4388.974121,4569.743652,4376.025879,4490.384766,4512.563965,4558.717773,4389.102539,4375.512695,4496.538574,4545.256348,4531.410156,4500.128418,4387.179688,4374.871582,4558.333496,4507.436035,4493.589844,4395.512695,4569.230957,4393.333496,4558.589844,4514.102539,4391.794922,4508.846191,4489.358887,2712,1,25,1792,11894,,,,0,4,4,4,4,4,4,4,4,4,4,4,4,4,4,4,4,4,4,4,4,4,4,4,4,4,4,4,4,4,4,4,4,100,,,,,,,,,,,,,,,,,,,,,,,,,,,,,,,,,,,,,,,,,,,,,,,,,,,,,,,,,,,,,,,,,,,,,,,,,,,,,,,,,,,,,,,,,,,,,,,,,,,,,,,,,,,,,,,,,,,,,,,,,,,,,,,,,,,,,,,,,,,,,,,,,,,,,,,,,,,,,,,,,,,,,,,,,,,,,,,,,,,,,,,,,,,,,,,,,,,,,,,,,,,,,,
1764665200.894222,1764665200.890316,36271,0,4391.153809,4412.05127,4498.077148,4525.769043,4402.179688,4515.128418,4542.179688,4385,4566.922852,4372.563965,4483.077148,4504.615234,4553.461426,4383.077148,4369.487305,4489.615234,4537.307617,4525.512695,4493.717773,4376.794922,4368.077148,4551.153809,4502.820313,4486.153809,4385.512695,4566.922852,4386.794922,4552.307617,4510.512695,4387.436035,4501.538574,4485.512695,2504,1,25,1792,11894,,,,0,4,4,4,4,4,4,4,4,4,4,4,4,4,4,4,4,4,4,4,4,4,4,4,4,4,4,4,4,4,4,4,4,100,,,,,,,,,,,,,,,,,,,,,,,,,,,,,,,,,,,,,,,,,,,,,,,,,,,,,,,,,,,,,,,,,,,,,,,,,,,,,,,,,,,,,,,,,,,,,,,,,,,,,,,,,,,,,,,,,,,,,,,,,,,,,,,,,,,,,,,,,,,,,,,,,,,,,,,,,,,,,,,,,,,,,,,,,,,,,,,,,,,,,,,,,,,,,,,,,,,,,,,,,,,,,,
1764665200.898131,1764665200.894223,36272,0,4381.794922,4403.974121,4488.461426,4517.307617,4395.384766,4510.512695,4534.743652,4378.717773,4560.256348,4365.512695,4475.897461,4495.128418,4546.025879,4375.897461,4361.410156,4482.05127,4527.436035,4517.94873,4487.307617,4366.794922,4361.282227,4543.717773,4496.025879,4478.717773,4370.512695,4561.794922,4378.205078,4544.102539,4505,4382.436035,4493.974121,4479.487305,2865,1,25,2048,11902,,,,0,4,4,4,4,4,4,4,4,4,4,4,4,4,4,4,4,4,4,4,4,4,4,4,4,4,4,4,4,4,4,4,4,100,,,,,,,,,,,,,,,,,,,,,,,,,,,,,,,,,,,,,,,,,,,,,,,,,,,,,,,,,,,,,,,,,,,,,,,,,,,,,,,,,,,,,,,,,,,,,,,,,,,,,,,,,,,,,,,,,,,,,,,,,,,,,,,,,,,,,,,,,,,,,,,,,,,,,,,,,,,,,,,,,,,,,,,,,,,,,,,,,,,,,,,,,,,,,,,,,,,,,,,,,,,,,,
1764665200.902039,1764665200.898130,36273,0,4375.512695,4398.461426,4478.589844,4510.897461,4389.230957,4506.282227,4528.717773,4373.077148,4553.461426,4361.538574,4473.974121,4489.487305,4541.282227,4371.410156,4355.769043,4478.077148,4521.282227,4511.794922,4483.717773,4361.410156,4357.94873,4539.743652,4490.641113,4475,4359.358887,4556.666504,4372.820313,4538.717773,4501.025879,4379.487305,4490,4472.94873,2925,1,25,2048,11902,,,,0,4,4,4,4,4,4,4,4,4,4,4,4,4,4,4,4,4,4,4,4,4,4,4,4,4,4,4,4,4,4,4,4,100,,,,,,,,,,,,,,,,,,,,,,,,,,,,,,,,,,,25452,0,0.255169,-0.611389,-0.723083,0.195557,0.987914,0.168478,0.037114,21.833334,28.833334,45.166668,,,,,,,,,,,,,,,,,,,,,,,,,,,,,,,,,,,,,,,,,,,,,,,,,,,,,,,,,,,,,,,,,,,,,,,,,,,,,,,,,,,,,,,,,,,,,,,,,,,,,,,,,,,,,,,,,,,,,,,,,,,,,,,,,,,,,,,,,,,,,,,,,,,,,,,,,,,,,,,,
1764665200.905947,1764665200.902036,36274,0,4377.05127,4398.461426,4474.358887,4510,4387.563965,4506.025879,4526.794922,4371.410156,4550.256348,4366.666504,4478.974121,4490.769043,4542.436035,4372.179688,4355.641113,4479.615234,4522.307617,4509.743652,4484.102539,4362.436035,4359.615234,4541.025879,4490,4476.922852,4357.94873,4554.358887,4374.358887,4539.230957,4501.282227,4380.512695,4491.794922,4469.358887,1755,1,25,2304,11910,,,,0,4,4,4,4,4,4,4,4,4,4,4,4,4,4,4,4,4,4,4,4,4,4,4,4,4,4,4,4,4,4,4,4,100,,,,,,,,,,,,,,,,,,,,,,,,,,,,,,,,,,,,,,,,,,,,,,,,,,,,,,,,,,,,,,,,,,,,,,,,,,,,,,,,,,,,,,,,,,,,,,,,,,,,,,,,,,,,,,,,,,,,,,,,,,,,,,,,,,,,,,,,,,,,,,,,,,,,,,,,,,,,,,,,,,,,,,,,,,,,,,,,,,,,,,,,,,,,,,,,,,,,,,,,,,,,,,
1764665200.909855,1764665200.905943,36275,0,4385.512695,4404.102539,4478.461426,4514.615234,4391.282227,4510.256348,4530.384766,4375.512695,4551.794922,4380.256348,4487.436035,4497.820313,4548.589844,4377.94873,4361.538574,4485.384766,4529.230957,4512.05127,4488.077148,4368.589844,4365.128418,4545.641113,4494.871582,4483.461426,4364.871582,4556.153809,4381.922852,4545.256348,4505.641113,4385.512695,4498.077148,4470.897461,2958,1,25,2304,11910,,,,0,4,4,4,4,4,4,4,4,4,4,4,4,4,4,4,4,4,4,4,4,4,4,4,4,4,4,4,4,4,4,4,4,100,,,,,,,,,,,,,,,,,,,,,,,,,,,,,,,,,,,,,,,,,,,,,,,,,,,,,,,,,,,,,,,,,,,,,,,,,,,,,,,,,,,,,,,,,,,,,,,,,,,,,,,,,,,,,,,,,,,,,,,,,,,,,,,,,,,,,,,,,,,,,,,,,,,,,,,,,,,,,,,,,,,,,,,,,,,,,,,,,,,,,,,,,,,,,,,,,,,,,,,,,,,,,,
1764665200.913764,1764665200.909850,36276,0,4395,4411.666504,4488.205078,4520.769043,4397.05127,4516.410156,4537.05127,4382.820313,4555.512695,4394.615234,4492.94873,4506.922852,4555.769043,4385.769043,4369.743652,4491.794922,4537.05127,4516.666504,4493.077148,4376.025879,4371.410156,4550.256348,4502.563965,4490.512695,4373.461426,4560.384766,4390.256348,4552.563965,4510.769043,4391.410156,4504.615234,4476.153809,2516,1,25,2560,11918,,,,0,4,4,4,4,4,4,4,4,4,4,4,4,4,4,4,4,4,4,4,4,4,4,4,4,4,4,4,4,4,4,4,4,100,,,,,,,,,,,,,,,,,,,,,,,,,,,,,,,,,,,,,,,,,,,,,,,,,,,,,,,,,,,,,,,,,,,,,,,,,,,,,,,,,,,,,,,,,,,,,,,,,,,,,,,,,,,,,,,,,,,,,,,,,,,,,,,,,,,,,,,,,,,,,,,,,,,,,,,,,,,,,,,,,,,,,,,,,,,,,,,,,,,,,,,,,,,,,,,,,,,,,,,,,,,,,,
1764665200.917672,1764665200.913757,36277,0,4399.230957,4416.153809,4496.282227,4523.846191,4400.512695,4519.743652,4542.563965,4388.077148,4557.692383,4400.256348,4491.410156,4513.461426,4559.230957,4391.025879,4374.615234,4494.743652,4540.128418,4520.897461,4495.897461,4380.384766,4375.256348,4551.922852,4508.077148,4493.974121,4377.820313,4563.717773,4393.461426,4556.282227,4512.436035,4394.358887,4506.922852,4481.410156,2820,1,25,2560,11918,,,,0,4,4,4,4,4,4,4,4,4,4,4,4,4,4,4,4,4,4,4,4,4,4,4,4,4,4,4,4,4,4,4,4,100,,,,,,,,,,,,,,,,,,,,,,,,,,,,,,,,,,,25453,0,0.254943,-0.61145,-0.723145,0.195435,0.978147,0.174826,0.036137,22.833334,28.666666,45,,,,,,,,,,,,,,,,,,,,,,,,,,,,,,,,,,,,,,,,,,,,,,,,,,,,,,,,,,,,,,,,,,,,,,,,,,,,,,,,,,,,,,,,,,,,,,,,,,,,,,,,,,,,,,,,,,,,,,,,,,,,,,,,,,,,,,,,,,,,,,,,,,,,,,,,,,,,,,,,
1764665200.921580,1764665200.917664,36278,0,4395.641113,4414.615234,4497.05127,4521.025879,4398.974121,4517.563965,4543.589844,4387.563965,4556.538574,4392.820313,4484.102539,4514.615234,4557.436035,4390.769043,4372.692383,4492.436035,4536.025879,4522.563965,4494.871582,4379.102539,4375,4549.743652,4507.94873,4491.666504,4376.282227,4562.94873,4388.333496,4554.102539,4508.846191,4392.179688,4502.94873,4482.692383,2924,1,25,1536,11926,,,,0,4,4,4,4,4,4,4,4,4,4,4,4,4,4,4,4,4,4,4,4,4,4,4,4,4,4,4,4,4,4,4,4,100,,,,,,,,,,,,,,,,,,,,,,,,,,,,,,,,,,,,,,,,,,,,,,,,,,,,,,,,,,,,,,,,,,,,,,,,,,,,,,,,,,,,,,,,,,,,,,,,,,,,,,,,,,,,,,,,,,,,,,,,,,,,,,,,,,,,,,,,,,,,,,,,,,,,,,,,,,,,,,,,,,,,,,,,,,,,,,,,,,,,,,,,,,,,,,,,,,,,,,,,,,,,,,
1764665200.925489,1764665200.921571,36279,0,4386.538574,4407.436035,4490,4513.717773,4393.333496,4511.025879,4539.230957,4381.153809,4553.333496,4377.05127,4475.769043,4510,4551.922852,4385.641113,4364.743652,4486.025879,4526.922852,4520.897461,4490.897461,4373.333496,4371.282227,4545.128418,4502.307617,4484.871582,4371.922852,4557.307617,4377.820313,4547.05127,4502.05127,4386.153809,4494.102539,4478.846191,2831,1,25,1536,11926,,,,0,4,4,4,4,4,4,4,4,4,4,4,4,4,4,4,4,4,4,4,4,4,4,4,4,4,4,4,4,4,4,4,4,100,,,,,,,,,,,,,,,,,,,,,,,,,,,,,,,,,,,,,,,,,,,,,,,,,,,,,,,,,,,,,,,,,,,,,,,,,,,,,,,,,,,,,,,,,,,,,,,,,,,,,,,,,,,,,,,,,,,,,,,,,,,,,,,,,,,,,,,,,,,,,,,,,,,,,,,,,,,,,,,,,,,,,,,,,,,,,,,,,,,,,,,,,,,,,,,,,,,,,,,,,,,,,,
1764665200.929397,1764665200.925478,36280,0,4377.820313,4398.461426,4480.256348,4506.153809,4386.922852,4504.358887,4532.307617,4372.820313,4551.153809,4363.589844,4471.025879,4502.563965,4545.641113,4379.487305,4355.641113,4479.743652,4518.205078,4517.436035,4487.436035,4367.179688,4366.282227,4540.897461,4495.384766,4477.692383,4368.846191,4550.128418,4368.077148,4539.615234,4496.538574,4380.384766,4485.128418,4473.077148,2764,1,25,1280,11933,,,,0,4,4,4,4,4,4,4,4,4,4,4,4,4,4,4,4,4,4,4,4,4,4,4,4,4,4,4,4,4,4,4,4,100,,,,,,,,,,,,,,,,,,,,,,,,,,,,,,,,,,,,,,,,,,,,,,,,,,,,,,,,,,,,,,,,,,,,,,,,,,,,,,,,,,,,,,,,,,,,,,,,,,,,,,,,,,,,,,,,,,,,,,,,,,,,,,,,,,,,,,,,,,,,,,,,,,,,,,,,,,,,,,,,,,,,,,,,,,,,,,,,,,,,,,,,,,,,,,,,,,,,,,,,,,,,,,
1764665200.933305,1764665200.929385,36281,0,4373.974121,4392.563965,4474.871582,4503.077148,4382.692383,4502.05127,4526.282227,4367.436035,4551.666504,4361.025879,4471.410156,4496.153809,4541.410156,4376.666504,4350.641113,4477.179688,4515,4513.846191,4487.179688,4364.358887,4362.692383,4540,4491.666504,4474.102539,4368.205078,4545.512695,4364.743652,4536.282227,4495.512695,4378.205078,4481.794922,4469.871582,2811,1,25,1280,11933,,,,0,4,4,4,4,4,4,4,4,4,4,4,4,4,4,4,4,4,4,4,4,4,4,4,4,4,4,4,4,4,4,4,4,100,,,,,,,,,,,,,,,,,,,,,,,,,,,,,,,,,,,25454,0,0.254863,-0.61145,-0.723206,0.195313,0.984495,0.171408,0.02344,23,29.666666,44.666668,,,,,,,,,,,,,,,,,,,,,,,,,,,,,,,,,,,,,,,,,,,,,,,,,,,,,,,,,,,,,,,,,,,,,,,,,,,,,,,,,,,,,,,,,,,,,,,,,,,,,,,,,,,,,,,,,,,,,,,,,,,,,,,,,,,,,,,,,,,,,,,,,,,,,,,,,,,,,,,,
1764665200.937213,1764665200.933292,36282,0,4375.256348,4391.794922,4476.794922,4504.871582,4381.922852,4504.230957,4523.461426,4366.922852,4553.717773,4369.487305,4474.230957,4494.230957,4539.871582,4378.846191,4351.282227,4478.846191,4518.077148,4511.538574,4490.384766,4365.897461,4361.794922,4542.05127,4492.692383,4475,4367.436035,4544.102539,4368.846191,4538.077148,4498.205078,4379.615234,4485.512695,4471.666504,1954,1,25,1536,11941,,,,0,4,4,4,4,4,4,4,4,4,4,4,4,4,4,4,4,4,4,4,4,4,4,4,4,4,4,4,4,4,4,4,4,100,,,,,,,,,,,,,,,,,,,,,,,,,,,,,,,,,,,,,,,,,,,,,,,1.114325,1.21482,0.524805,0.623471,0.573681,2.33075,2.458383,0.761533,0.885444,0.575194,2.859385,2.181754,1.056491,0.900911,0.657753,1.729454,1.623152,0.796658,0.547946,0.720059,3.471607,2.085479,0.670878,0.823257,0.611551,1.453927,2.067136,0.794287,0.592371,0.474111,1.011468,2.290176,0.834691,0.58112,0.516059,1.144176,1.962971,0.878281,0.715583,0.643839,0.779965,2.115186,1.026902,0.73269,0.701897,0.875457,2.616248,1.516876,1.616041,1.225138,0.619437,1.31822,0.448843,0.376718,0.418054,1.058558,1.646949,0.601587,0.67742,0.533707,0.481226,1.215115,0.534824,0.598533,0.371223,0.296669,0.703537,0.440873,0.260195,0.32826,0.351122,0.90252,0.740266,0.443605,0.354812,0.433963,0.811809,0.736178,0.474718,0.429239,1.01383,2.061797,0.652531,0.658448,0.59105,0.513602,1.178043,0.880187,0.703029,0.586734,0.192025,0.591087,0.532412,0.42637,0.416818,0.181654,0.580011,0.707911,0.639081,0.530728,0.33534,0.83502,0.825846,0.726162,0.499222,0.548683,1.074863,0.407414,0.676467,0.538597,1.525377,2.16425,0.621081,0.558825,0.527322,0.728694,1.389536,0.551138,1.015392,0.599732,1.370769,2.60042,2.547092,1.890289,1.867481,1.653316,1.110068,0.674238,0.802669,0.556131,1.343585,1.907082,0.772539,1.201645,0.677008,1.50022,2.140426,0.442984,0.864666,0.539322,0.712147,0.915162,0.218915,0.429598,0.312944,2.323023,1.765576,0.72275,0.757724,0.581199,2.18435,1.901607,0.869619,1.04326,0.664742,2.679138,1.77023,0.912464,1.021676,0.683338
1764665200.941122,1764665200.937199,36283,0,4378.461426,4395,4483.077148,4508.077148,4383.589844,4507.179688,4522.820313,4369.615234,4554.615234,4379.487305,4475.384766,4496.538574,4539.871582,4384.230957,4355.128418,4482.179688,4523.589844,4510.769043,4494.615234,4369.615234,4363.461426,4545.128418,4496.282227,4477.94873,4363.461426,4543.717773,4376.410156,4542.436035,4500.897461,4381.922852,4492.692383,4476.025879,2626,1,25,1536,11941,,,,0,4,4,4,4,4,4,4,4,4,4,4,4,4,4,4,4,4,4,4,4,4,4,4,4,4,4,4,4,4,4,4,4,100,,,,,,,,,,,,,,,,,,,,,,,,,,,,,,,,,,,,,,,,,,,,,,,,,,,,,,,,,,,,,,,,,,,,,,,,,,,,,,,,,,,,,,,,,,,,,,,,,,,,,,,,,,,,,,,,,,,,,,,,,,,,,,,,,,,,,,,,,,,,,,,,,,,,,,,,,,,,,,,,,,,,,,,,,,,,,,,,,,,,,,,,,,,,,,,,,,,,,,,,,,,,,,
1764665200.945030,1764665200.941106,36284,0,4380.641113,4399.487305,4489.230957,4509.230957,4385.384766,4507.563965,4522.820313,4372.820313,4553.333496,4381.538574,4473.461426,4500.769043,4540.641113,4389.615234,4359.230957,4484.743652,4528.205078,4511.922852,4497.436035,4373.461426,4366.794922,4547.94873,4499.615234,4480.641113,4357.692383,4543.333496,4382.94873,4546.153809,4501.282227,4383.205078,4498.846191,4480,2686,1,25,1792,11949,,,,0,4,4,4,4,4,4,4,4,4,4,4,4,4,4,4,4,4,4,4,4,4,4,4,4,4,4,4,4,4,4,4,4,100,,,,,,,,,,,,,,,,,,,,,,,,,,,,,,,,,,,,,,,,,,,,,,,,,,,,,,,,,,,,,,,,,,,,,,,,,,,,,,,,,,,,,,,,,,,,,,,,,,,,,,,,,,,,,,,,,,,,,,,,,,,,,,,,,,,,,,,,,,,,,,,,,,,,,,,,,,,,,,,,,,,,,,,,,,,,,,,,,,,,,,,,,,,,,,,,,,,,,,,,,,,,,,
1764665200.948938,1764665200.945013,36285,0,4382.179688,4403.846191,4493.333496,4509.230957,4387.692383,4506.538574,4524.230957,4376.025879,4552.563965,4374.615234,4471.538574,4505.128418,4543.205078,4393.589844,4363.205078,4487.307617,4531.410156,4516.538574,4498.717773,4377.436035,4371.410156,4551.666504,4502.05127,4483.846191,4356.922852,4545.128418,4387.94873,4549.358887,4500.641113,4385.256348,4502.820313,4483.717773,2501,1,25,1792,11949,,,,0,4,4,4,4,4,4,4,4,4,4,4,4,4,4,4,4,4,4,4,4,4,4,4,4,4,4,4,4,4,4,4,4,100,,,,,,,,,,,,,,,,,,,,,,,,,,,,,,,,,,,25455,0,0.25499,-0.61145,-0.723145,0.195374,0.989867,0.186546,0.037114,23.666666,29.833334,43.666668,,,,,,,,,,,,,,,,,,,,,,,,,,,,,,,,,,,,,,,,,,,,,,,,,,,,,,,,,,,,,,,,,,,,,,,,,,,,,,,,,,,,,,,,,,,,,,,,,,,,,,,,,,,,,,,,,,,,,,,,,,,,,,,,,,,,,,,,,,,,,,,,,,,,,,,,,,,,,,,,
1764665200.952846,1764665200.948920,36286,0,4385.256348,4408.717773,4497.307617,4511.538574,4391.922852,4507.820313,4529.102539,4380.384766,4555.897461,4366.153809,4473.461426,4509.230957,4549.102539,4396.410156,4368.333496,4491.922852,4535.512695,4525.512695,4500.256348,4382.436035,4377.307617,4557.436035,4505.128418,4489.743652,4365.897461,4551.666504,4393.846191,4554.230957,4502.563965,4391.153809,4506.922852,4489.487305,2649,1,25,512,11957,,,,0,4,4,4,4,4,4,4,4,4,4,4,4,4,4,4,4,4,4,4,4,4,4,4,4,4,4,4,4,4,4,4,4,100,,,,,,,,,,,,,,,,,,,,,,,,,,,,,,,,,,,,,,,,,,,,,,,,,,,,,,,,,,,,,,,,,,,,,,,,,,,,,,,,,,,,,,,,,,,,,,,,,,,,,,,,,,,,,,,,,,,,,,,,,,,,,,,,,,,,,,,,,,,,,,,,,,,,,,,,,,,,,,,,,,,,,,,,,,,,,,,,,,,,,,,,,,,,,,,,,,,,,,,,,,,,,,
1764665200.956755,1764665200.952827,36287,0,4390.641113,4413.589844,4502.307617,4517.436035,4397.692383,4512.692383,4536.666504,4385.512695,4563.333496,4364.487305,4479.487305,4511.922852,4556.666504,4397.692383,4373.974121,4498.461426,4541.282227,4536.153809,4502.307617,4387.563965,4382.820313,4563.846191,4508.717773,4497.307617,4380.769043,4561.282227,4401.153809,4560.641113,4507.94873,4400.256348,4511.794922,4497.307617,2818,1,25,512,11957,,,,0,4,4,4,4,4,4,4,4,4,4,4,4,4,4,4,4,4,4,4,4,4,4,4,4,4,4,4,4,4,4,4,4,100,,,,,,,,,,,,,,,,,,,,,,,,,,,,,,,,,,,,,,,,,,,,,,,,,,,,,,,,,,,,,,,,,,,,,,,,,,,,,,,,,,,,,,,,,,,,,,,,,,,,,,,,,,,,,,,,,,,,,,,,,,,,,,,,,,,,,,,,,,,,,,,,,,,,,,,,,,,,,,,,,,,,,,,,,,,,,,,,,,,,,,,,,,,,,,,,,,,,,,,,,,,,,,
1764665200.960663,1764665200.956734,36288,0,4394.615234,4416.153809,4506.410156,4523.461426,4401.666504,4517.563965,4542.307617,4389.102539,4570.512695,4371.282227,4485.256348,4511.666504,4561.282227,4396.538574,4376.922852,4503.333496,4545.897461,4542.94873,4502.94873,4389.743652,4385.128418,4566.538574,4510.769043,4502.436035,4391.282227,4567.563965,4405.769043,4565.384766,4513.461426,4406.410156,4514.871582,4502.692383,2745,1,25,768,11965,,,,0,4,4,4,4,4,4,4,4,4,4,4,4,4,4,4,4,4,4,4,4,4,4,4,4,4,4,4,4,4,4,4,4,100,,,,,,,,,,,,,,,,,,,,,,,,,,,,,,,,,,,,,,,,,,,,,,,,,,,,,,,,,,,,,,,,,,,,,,,,,,,,,,,,,,,,,,,,,,,,,,,,,,,,,,,,,,,,,,,,,,,,,,,,,,,,,,,,,,,,,,,,,,,,,,,,,,,,,,,,,,,,,,,,,,,,,,,,,,,,,,,,,,,,,,,,,,,,,,,,,,,,,,,,,,,,,,
1764665200.964571,1764665200.960641,36289,0,4393.717773,4414.102539,4506.410156,4524.615234,4401.153809,4518.333496,4541.666504,4388.077148,4572.563965,4381.025879,4486.025879,4507.307617,4559.615234,4392.94873,4374.871582,4503.333496,4545.512695,4541.538574,4501.025879,4387.436035,4382.436035,4563.205078,4509.615234,4502.05127,4390.128418,4566.153809,4403.205078,4564.615234,4514.487305,4403.974121,4512.820313,4501.922852,2910,1,25,768,11965,,,,0,4,4,4,4,4,4,4,4,4,4,4,4,4,4,4,4,4,4,4,4,4,4,4,4,4,4,4,4,4,4,4,4,100,,,,,,,,,,,,,,,,,,,,,,,,,,,,,,,,,,,25456,0,0.25499,-0.61145,-0.723145,0.195374,0.978147,0.174826,0.045904,21.833334,28.833334,42.166668,,,,,,,,,,,,,,,,,,,,,,,,,,,,,,,,,,,,,,,,,,,,,,,,,,,,,,,,,,,,,,,,,,,,,,,,,,,,,,,,,,,,,,,,,,,,,,,,,,,,,,,,,,,,,,,,,,,,,,,,,,,,,,,,,,,,,,,,,,,,,,,,,,,,,,,,,,,,,,,,
1764665200.968480,1764665200.964548,36290,0,4388.333496,4408.461426,4502.179688,4519.871582,4396.410156,4514.358887,4535.128418,4383.333496,4568.846191,4387.179688,4482.05127,4501.025879,4553.974121,4389.358887,4369.487305,4498.846191,4540.384766,4534.102539,4498.333496,4382.692383,4377.692383,4557.05127,4506.025879,4497.563965,4380,4558.717773,4393.974121,4558.589844,4509.871582,4393.589844,4506.282227,4495.384766,2594,1,25,1024,11972,,,,0,4,4,4,4,4,4,4,4,4,4,4,4,4,4,4,4,4,4,4,4,4,4,4,4,4,4,4,4,4,4,4,4,100,,,,,,,,,,,,,,,,,,,,,,,,,,,,,,,,,,,,,,,,,,,,,,,,,,,,,,,,,,,,,,,,,,,,,,,,,,,,,,,,,,,,,,,,,,,,,,,,,,,,,,,,,,,,,,,,,,,,,,,,,,,,,,,,,,,,,,,,,,,,,,,,,,,,,,,,,,,,,,,,,,,,,,,,,,,,,,,,,,,,,,,,,,,,,,,,,,,,,,,,,,,,,,
1764665200.972388,1764665200.968455,36291,0,4382.436035,4402.179688,4496.410156,4512.692383,4391.282227,4509.230957,4527.820313,4378.333496,4562.05127,4386.922852,4477.436035,4496.794922,4549.743652,4388.846191,4365.128418,4494.230957,4533.974121,4526.794922,4497.94873,4379.743652,4375,4553.461426,4502.820313,4493.589844,4370.256348,4551.922852,4383.846191,4551.794922,4503.333496,4382.436035,4499.615234,4487.94873,2847,1,25,1024,11972,,,,0,4,4,4,4,4,4,4,4,4,4,4,4,4,4,4,4,4,4,4,4,4,4,4,4,4,4,4,4,4,4,4,4,100,,,,,,,,,,,,,,,,,,,,,,,,,,,,,,,,,,,,,,,,,,,,,,,,,,,,,,,,,,,,,,,,,,,,,,,,,,,,,,,,,,,,,,,,,,,,,,,,,,,,,,,,,,,,,,,,,,,,,,,,,,,,,,,,,,,,,,,,,,,,,,,,,,,,,,,,,,,,,,,,,,,,,,,,,,,,,,,,,,,,,,,,,,,,,,,,,,,,,,,,,,,,,,
1764665200.976296,1764665200.972362,36292,0,4379.358887,4397.436035,4491.410156,4506.794922,4388.077148,4505.897461,4524.102539,4375.256348,4555.384766,4380.769043,4475.769043,4495.897461,4550.128418,4390.641113,4364.358887,4492.820313,4530.128418,4523.589844,4499.743652,4380.128418,4376.282227,4554.230957,4501.282227,4492.820313,4367.820313,4550.384766,4377.820313,4547.820313,4498.846191,4376.794922,4496.282227,4483.461426,2738,1,25,1280,11980,,,,0,4,4,4,4,4,4,4,4,4,4,4,4,4,4,4,4,4,4,4,4,4,4,4,4,4,4,4,4,4,4,4,4,100,,,,,,,,,,,,,,,,,,,,,,,,,,,,,,,,,,,,,,,,,,,,,,,,,,,,,,,,,,,,,,,,,,,,,,,,,,,,,,,,,,,,,,,,,,,,,,,,,,,,,,,,,,,,,,,,,,,,,,,,,,,,,,,,,,,,,,,,,,,,,,,,,,,,,,,,,,,,,,,,,,,,,,,,,,,,,,,,,,,,,,,,,,,,,,,,,,,,,,,,,,,,,,
1764665200.980204,1764665200.976269,36293,0,4378.205078,4393.717773,4486.794922,4502.692383,4386.025879,4503.974121,4523.205078,4373.077148,4550.128418,4372.94873,4476.282227,4496.153809,4552.692383,4391.538574,4366.025879,4493.333496,4528.846191,4523.461426,4499.871582,4381.410156,4378.461426,4555.384766,4499.743652,4493.077148,4372.05127,4552.563965,4376.025879,4546.410156,4497.692383,4377.179688,4495.512695,4482.307617,2780,1,25,1280,11980,,,,0,4,4,4,4,4,4,4,4,4,4,4,4,4,4,4,4,4,4,4,4,4,4,4,4,4,4,4,4,4,4,4,4,100,,,,,,,,,,,,,,,,,,,,,,,,,,,,,,,,,,,25457,0,0.25499,-0.61145,-0.723145,0.195374,0.983518,0.178244,0.022464,23.166666,27.333334,43.333332,,,,,,,,,,,,,,,,,,,,,,,,,,,,,,,,,,,,,,,,,,,,,,,,,,,,,,,,,,,,,,,,,,,,,,,,,,,,,,,,,,,,,,,,,,,,,,,,,,,,,,,,,,,,,,,,,,,,,,,,,,,,,,,,,,,,,,,,,,,,,,,,,,,,,,,,,,,,,,,,
1764665200.984112,1764665200.980176,36294,0,4376.025879,4389.743652,4481.538574,4499.230957,4382.94873,4501.153809,4522.179688,4368.974121,4545.769043,4368.333496,4476.410156,4495,4552.94873,4388.589844,4366.922852,4493.077148,4527.307617,4522.692383,4494.871582,4380,4377.94873,4552.179688,4496.025879,4491.282227,4377.692383,4553.846191,4374.871582,4543.974121,4498.205078,4379.102539,4493.974121,4481.794922,2788,1,25,1536,11988,,,,0,4,4,4,4,4,4,4,4,4,4,4,4,4,4,4,4,4,4,4,4,4,4,4,4,4,4,4,4,4,4,4,4,100,,,,,,,,,,,,,,,,,,,,,,,,,,,,,,,,,,,,,,,,,,,,,,,,,,,,,,,,,,,,,,,,,,,,,,,,,,,,,,,,,,,,,,,,,,,,,,,,,,,,,,,,,,,,,,,,,,,,,,,,,,,,,,,,,,,,,,,,,,,,,,,,,,,,,,,,,,,,,,,,,,,,,,,,,,,,,,,,,,,,,,,,,,,,,,,,,,,,,,,,,,,,,,
1764665200.988021,1764665200.984083,36295,0,4371.282227,4385.384766,4476.538574,4496.153809,4377.692383,4496.538574,4519.230957,4362.179688,4541.794922,4369.615234,4475.128418,4491.922852,4548.846191,4382.563965,4364.358887,4490.897461,4524.102539,4520.128418,4486.666504,4375.256348,4374.230957,4544.743652,4490.384766,4486.794922,4380.384766,4550.769043,4371.153809,4538.717773,4497.563965,4377.94873,4489.743652,4479.743652,2973,1,25,1536,11988,,,,0,4,4,4,4,4,4,4,4,4,4,4,4,4,4,4,4,4,4,4,4,4,4,4,4,4,4,4,4,4,4,4,4,100,,,,,,,,,,,,,,,,,,,,,,,,,,,,,,,,,,,,,,,,,,,,,,,,,,,,,,,,,,,,,,,,,,,,,,,,,,,,,,,,,,,,,,,,,,,,,,,,,,,,,,,,,,,,,,,,,,,,,,,,,,,,,,,,,,,,,,,,,,,,,,,,,,,,,,,,,,,,,,,,,,,,,,,,,,,,,,,,,,,,,,,,,,,,,,,,,,,,,,,,,,,,,,
1764665200.991929,1764665200.987990,36296,0,4365.641113,4382.692383,4473.717773,4495.128418,4372.307617,4491.025879,4515.256348,4355.641113,4538.717773,4373.846191,4473.974121,4489.102539,4542.94873,4376.922852,4358.717773,4488.333496,4520.256348,4517.436035,4481.410156,4369.871582,4370.769043,4537.563965,4485.769043,4482.692383,4378.974121,4545.256348,4365.769043,4532.94873,4495.256348,4372.692383,4484.615234,4476.153809,2855,1,25,1792,11996,,,,0,4,4,4,4,4,4,4,4,4,4,4,4,4,4,4,4,4,4,4,4,4,4,4,4,4,4,4,4,4,4,4,4,100,,,,,,,,,,,,,,,,,,,,,,,,,,,,,,,,,,,,,,,,,,,,,,,,,,,,,,,,,,,,,,,,,,,,,,,,,,,,,,,,,,,,,,,,,,,,,,,,,,,,,,,,,,,,,,,,,,,,,,,,,,,,,,,,,,,,,,,,,,,,,,,,,,,,,,,,,,,,,,,,,,,,,,,,,,,,,,,,,,,,,,,,,,,,,,,,,,,,,,,,,,,,,,
1764665200.995837,1764665200.991897,36297,0,4363.205078,4383.846191,4475.384766,4498.205078,4370.512695,4488.205078,4513.461426,4353.717773,4537.94873,4375.769043,4475.256348,4489.102539,4540.512695,4375.897461,4353.461426,4488.077148,4519.743652,4517.820313,4484.358887,4368.333496,4371.410156,4536.538574,4485.769043,4482.94873,4375.384766,4541.538574,4362.692383,4531.410156,4493.205078,4367.692383,4482.436035,4473.974121,2704,1,25,1792,11996,,,,0,4,4,4,4,4,4,4,4,4,4,4,4,4,4,4,4,4,4,4,4,4,4,4,4,4,4,4,4,4,4,4,4,100,,,,,,,,,,,,,,,,,,,,,,,,,,,,,,,,,,,25458,0,0.254811,-0.611511,-0.723206,0.19519,0.978147,0.168966,0.032719,23.666666,27.833334,43.666668,,,,,,,,,,,,,,,,,,,,,,,,,,,,,,,,,,,,,,,,,,,,,,,,,,,,,,,,,,,,,,,,,,,,,,,,,,,,,,,,,,,,,,,,,,,,,,,,,,,,,,,,,,,,,,,,,,,,,,,,,,,,,,,,,,,,,,,,,,,,,,,,,,,,,,,,,,,,,,,,
1764665200.999745,1764665200.995804,36298,0,4367.692383,4390.384766,4482.563965,4505.512695,4374.615234,4491.794922,4517.179688,4359.358887,4541.282227,4374.358887,4480,4493.205078,4544.487305,4381.538574,4352.94873,4492.05127,4525.256348,4523.333496,4495.641113,4373.589844,4377.820313,4544.487305,4492.563965,4489.487305,4373.077148,4543.717773,4366.153809,4537.563965,4495.128418,4368.589844,4486.538574,4476.922852,2277,1,25,2048,12004,,,,0,4,4,4,4,4,4,4,4,4,4,4,4,4,4,4,4,4,4,4,4,4,4,4,4,4,4,4,4,4,4,4,4,100,,,,,,,,,,,,,,,,,,,,,,,,,,,,,,,,,,,,,,,,,,,,,,,,,,,,,,,,,,,,,,,,,,,,,,,,,,,,,,,,,,,,,,,,,,,,,,,,,,,,,,,,,,,,,,,,,,,,,,,,,,,,,,,,,,,,,,,,,,,,,,,,,,,,,,,,,,,,,,,,,,,,,,,,,,,,,,,,,,,,,,,,,,,,,,,,,,,,,,,,,,,,,,
1764665201.003654,1764665200.999711,36299,0,4378.974121,4401.025879,4494.230957,4515.256348,4384.487305,4502.692383,4527.179688,4371.666504,4548.717773,4373.461426,4487.179688,4500.384766,4553.974121,4392.05127,4359.743652,4500.128418,4535.897461,4532.820313,4509.615234,4384.102539,4387.820313,4558.589844,4504.358887,4500.769043,4374.871582,4552.436035,4377.436035,4550,4502.307617,4377.820313,4496.922852,4486.025879,2682,1,25,2048,12004,,,,0,4,4,4,4,4,4,4,4,4,4,4,4,4,4,4,4,4,4,4,4,4,4,4,4,4,4,4,4,4,4,4,4,100,,,,,,,,,,,,,,,,,,,,,,,,,,,,,,,,,,,,,,,,,,,,,,,,,,,,,,,,,,,,,,,,,,,,,,,,,,,,,,,,,,,,,,,,,,,,,,,,,,,,,,,,,,,,,,,,,,,,,,,,,,,,,,,,,,,,,,,,,,,,,,,,,,,,,,,,,,,,,,,,,,,,,,,,,,,,,,,,,,,,,,,,,,,,,,,,,,,,,,,,,,,,,,
1764665201.007562,1764665201.003618,36300,0,4392.05127,4412.05127,4506.794922,4524.358887,4395.897461,4516.410156,4539.230957,4385.641113,4558.333496,4377.436035,4493.846191,4507.820313,4563.717773,4402.307617,4370.897461,4508.974121,4547.179688,4541.282227,4518.077148,4394.615234,4396.794922,4572.05127,4516.666504,4511.538574,4381.025879,4563.077148,4391.666504,4562.436035,4511.282227,4391.282227,4508.846191,4498.461426,2487,1,25,2304,12011,,,,0,4,4,4,4,4,4,4,4,4,4,4,4,4,4,4,4,4,4,4,4,4,4,4,4,4,4,4,4,4,4,4,4,100,,,,,,,,,,,,,,,,,,,,,,,,,,,,,,,,,,,,,,,,,,,,,,,,,,,,,,,,,,,,,,,,,,,,,,,,,,,,,,,,,,,,,,,,,,,,,,,,,,,,,,,,,,,,,,,,,,,,,,,,,,,,,,,,,,,,,,,,,,,,,,,,,,,,,,,,,,,,,,,,,,,,,,,,,,,,,,,,,,,,,,,,,,,,,,,,,,,,,,,,,,,,,,
1764665201.011470,1764665201.007525,36301,0,4400,4418.205078,4514.615234,4529.743652,4403.974121,4525.769043,4546.410156,4395,4566.666504,4383.846191,4497.179688,4511.922852,4568.205078,4406.153809,4380.256348,4513.077148,4553.717773,4542.820313,4516.153809,4398.974121,4399.871582,4577.820313,4523.205078,4516.282227,4388.717773,4568.974121,4400.641113,4567.436035,4516.410156,4400.256348,4516.025879,4508.205078,2232,1,25,2304,12011,,,,0,4,4,4,4,4,4,4,4,4,4,4,4,4,4,4,4,4,4,4,4,4,4,4,4,4,4,4,4,4,4,4,4,100,,,,,,,,,,,,,,,,,,,,,,,,,,,,,,,,,,,25459,0,0.254758,-0.611572,-0.723206,0.195068,0.978147,0.168966,0.032719,22.833334,30.166666,45.833332,,,,,,,,,,,,,,,,,,,,,,,,,,,,,,,,,,,,,,,,,,,,,,,,,,,,,,,,,,,,,,,,,,,,,,,,,,,,,,,,,,,,,,,,,,,,,,,,,,,,,,,,,,,,,,,,,,,,,,,,,,,,,,,,,,,,,,,,,,,,,,,,,,,,,,,,,,,,,,,,
1764665201.015379,1764665201.011432,36302,0,4398.333496,4416.538574,4514.615234,4529.615234,4405.769043,4525.769043,4544.871582,4395.769043,4570.384766,4385.128418,4495.897461,4511.410156,4565.128418,4401.153809,4382.563965,4509.615234,4552.179688,4535.769043,4505.641113,4395.128418,4395.897461,4573.461426,4521.282227,4511.794922,4394.230957,4566.666504,4398.717773,4562.820313,4513.974121,4398.717773,4514.230957,4509.871582,2697,1,25,2560,12019,,,,0,4,4,4,4,4,4,4,4,4,4,4,4,4,4,4,4,4,4,4,4,4,4,4,4,4,4,4,4,4,4,4,4,100,,,,,,,,,,,,,,,,,,,,,,,,,,,,,,,,,,,,,,,,,,,,,,,,,,,,,,,,,,,,,,,,,,,,,,,,,,,,,,,,,,,,,,,,,,,,,,,,,,,,,,,,,,,,,,,,,,,,,,,,,,,,,,,,,,,,,,,,,,,,,,,,,,,,,,,,,,,,,,,,,,,,,,,,,,,,,,,,,,,,,,,,,,,,,,,,,,,,,,,,,,,,,,
1764665201.019287,1764665201.015338,36303,0,4389.487305,4408.333496,4508.205078,4524.615234,4402.692383,4518.077148,4536.794922,4389.230957,4568.717773,4376.538574,4492.563965,4508.077148,4557.307617,4390.641113,4377.692383,4500.769043,4545,4525.128418,4493.846191,4386.922852,4387.820313,4563.205078,4513.461426,4501.025879,4395.641113,4559.102539,4387.820313,4552.94873,4505.897461,4388.205078,4505.897461,4503.077148,2490,1,25,2560,12019,,,,0,4,4,4,4,4,4,4,4,4,4,4,4,4,4,4,4,4,4,4,4,4,4,4,4,4,4,4,4,4,4,4,4,100,,,,,,,,,,,,,,,,,,,,,,,,,,,,,,,,,,,,,,,,,,,,,,,,,,,,,,,,,,,,,,,,,,,,,,,,,,,,,,,,,,,,,,,,,,,,,,,,,,,,,,,,,,,,,,,,,,,,,,,,,,,,,,,,,,,,,,,,,,,,,,,,,,,,,,,,,,,,,,,,,,,,,,,,,,,,,,,,,,,,,,,,,,,,,,,,,,,,,,,,,,,,,,
1764665201.023195,1764665201.019245,36304,0,4380,4398.974121,4499.743652,4517.436035,4398.333496,4509.615234,4528.846191,4381.282227,4563.717773,4363.205078,4490.769043,4505.641113,4550.641113,4381.538574,4370,4492.692383,4537.692383,4518.589844,4488.589844,4381.282227,4381.410156,4554.743652,4506.153809,4490.769043,4394.102539,4553.077148,4376.282227,4545.769043,4498.077148,4377.05127,4498.077148,4493.205078,2848,1,25,2304,12027,,,,0,4,4,4,4,4,4,4,4,4,4,4,4,4,4,4,4,4,4,4,4,4,4,4,4,4,4,4,4,4,4,4,4,100,,,,,,,,,,,,,,,,,,,,,,,,,,,,,,,,,,,,,,,,,,,,,,,,,,,,,,,,,,,,,,,,,,,,,,,,,,,,,,,,,,,,,,,,,,,,,,,,,,,,,,,,,,,,,,,,,,,,,,,,,,,,,,,,,,,,,,,,,,,,,,,,,,,,,,,,,,,,,,,,,,,,,,,,,,,,,,,,,,,,,,,,,,,,,,,,,,,,,,,,,,,,,,
1764665201.027103,1764665201.023152,36305,0,4376.025879,4393.461426,4493.461426,4511.410156,4395.897461,4506.538574,4526.410156,4377.563965,4558.205078,4355.897461,4491.922852,4505.769043,4549.358887,4378.333496,4364.871582,4490.512695,4535,4519.743652,4491.794922,4382.436035,4380.128418,4553.077148,4503.974121,4486.666504,4391.922852,4553.205078,4371.666504,4545.128418,4495,4372.94873,4497.05127,4487.436035,2911,1,25,2304,12027,,,,0,4,4,4,4,4,4,4,4,4,4,4,4,4,4,4,4,4,4,4,4,4,4,4,4,4,4,4,4,4,4,4,4,100,,,,,,,,,,,,,,,,,,,,,,,,,,,,,,,,,,,25460,0,0.254658,-0.611633,-0.723206,0.195007,0.982542,0.186546,0.034672,21.666666,28.666666,43.333332,,,,,,,,,,,,,,,,,,,,,,,,,,,,,,,,,,,,,,,,,,,,,,,,,,,,,,,,,,,,,,,,,,,,,,,,,,,,,,,,,,,,,,,,,,,,,,,,,,,,,,,,,,,,,,,,,,,,,,,,,,,,,,,,,,,,,,,,,,,,,,,,,,,,,,,,,,,,,,,,
1764665201.031012,1764665201.027059,36306,0,4377.94873,4393.461426,4490.641113,4508.205078,4395.512695,4509.358887,4529.487305,4379.230957,4554.615234,4361.282227,4493.974121,4506.410156,4552.563965,4380.384766,4364.615234,4494.102539,4536.538574,4525.512695,4499.615234,4388.589844,4383.717773,4556.794922,4506.410156,4488.589844,4389.487305,4557.820313,4375.128418,4548.333496,4497.179688,4376.922852,4502.820313,4488.077148,1746,1,25,1280,12035,,,,0,4,4,4,4,4,4,4,4,4,4,4,4,4,4,4,4,4,4,4,4,4,4,4,4,4,4,4,4,4,4,4,4,100,,,,,,,,,,,,,,,,,,,,,,,,,,,,,,,,,,,,,,,,,,,,,,,,,,,,,,,,,,,,,,,,,,,,,,,,,,,,,,,,,,,,,,,,,,,,,,,,,,,,,,,,,,,,,,,,,,,,,,,,,,,,,,,,,,,,,,,,,,,,,,,,,,,,,,,,,,,,,,,,,,,,,,,,,,,,,,,,,,,,,,,,,,,,,,,,,,,,,,,,,,,,,,
1764665201.034920,1764665201.030966,36307,0,4381.153809,4396.153809,4490.769043,4507.820313,4395.256348,4513.717773,4533.333496,4382.692383,4554.102539,4376.794922,4493.717773,4504.487305,4556.153809,4383.205078,4368.205078,4499.102539,4539.102539,4529.871582,4505.512695,4394.358887,4388.205078,4561.410156,4509.743652,4492.436035,4385.897461,4562.179688,4382.05127,4549.871582,4500.897461,4383.461426,4509.871582,4492.179688,2943,1,25,1280,12035,,,,0,4,4,4,4,4,4,4,4,4,4,4,4,4,4,4,4,4,4,4,4,4,4,4,4,4,4,4,4,4,4,4,4,100,,,,,,,,,,,,,,,,,,,,,,,,,,,,,,,,,,,,,,,,,,,,,,,,,,,,,,,,,,,,,,,,,,,,,,,,,,,,,,,,,,,,,,,,,,,,,,,,,,,,,,,,,,,,,,,,,,,,,,,,,,,,,,,,,,,,,,,,,,,,,,,,,,,,,,,,,,,,,,,,,,,,,,,,,,,,,,,,,,,,,,,,,,,,,,,,,,,,,,,,,,,,,,
1764665201.038828,1764665201.034873,36308,0,4381.153809,4398.333496,4492.94873,4509.615234,4394.102539,4515.128418,4533.589844,4383.717773,4556.538574,4393.205078,4491.025879,4499.615234,4557.05127,4383.333496,4373.461426,4502.05127,4539.743652,4530.897461,4506.282227,4396.410156,4390.256348,4563.461426,4510.641113,4494.102539,4381.282227,4563.589844,4387.436035,4547.436035,4502.820313,4386.666504,4512.692383,4495.512695,2501,1,25,256,12043,,,,0,4,4,4,4,4,4,4,4,4,4,4,4,4,4,4,4,4,4,4,4,4,4,4,4,4,4,4,4,4,4,4,4,100,,,,,,,,,,,,,,,,,,,,,,,,,,,,,,,,,,,,,,,,,,,,,,,,,,,,,,,,,,,,,,,,,,,,,,,,,,,,,,,,,,,,,,,,,,,,,,,,,,,,,,,,,,,,,,,,,,,,,,,,,,,,,,,,,,,,,,,,,,,,,,,,,,,,,,,,,,,,,,,,,,,,,,,,,,,,,,,,,,,,,,,,,,,,,,,,,,,,,,,,,,,,,,
1764665201.042736,1764665201.038780,36309,0,4377.820313,4398.461426,4496.410156,4512.94873,4392.94873,4512.820313,4530.641113,4381.025879,4561.282227,4402.179688,4488.077148,4495.641113,4555.769043,4380.897461,4378.333496,4502.94873,4538.589844,4530.512695,4503.333496,4395.384766,4389.615234,4562.94873,4508.974121,4493.461426,4377.692383,4562.692383,4389.743652,4543.717773,4502.05127,4384.743652,4510.897461,4496.282227,2809,1,25,256,12043,,,,0,4,4,4,4,4,4,4,4,4,4,4,4,4,4,4,4,4,4,4,4,4,4,4,4,4,4,4,4,4,4,4,4,100,,,,,,,,,,,,,,,,,,,,,,,,,,,,,,,,,,,25461,0,0.254511,-0.611694,-0.723206,0.195007,0.970822,0.160664,0.040044,21.666666,28.666666,43.333332,,,,,,,,,,,,,,,,,,,,,,,,,,,,,,,,,,,,,,,,,,,,,,,,,,,,,,,,,,,,,,,,,,,,,,,,,,,,,,,,,,,,,,,,,,,,,,,,,,,,,,,,,,,,,,,,,,,,,,,,,,,,,,,,,,,,,,,,,,,,,,,,,,,,,,,,,,,,,,,,
1764665201.046645,1764665201.042687,36310,0,4375.128418,4397.179688,4499.615234,4516.410156,4393.205078,4508.717773,4527.820313,4376.538574,4566.922852,4401.153809,4487.436035,4496.410156,4554.871582,4379.230957,4381.282227,4504.230957,4537.179688,4531.153809,4500.384766,4393.846191,4388.333496,4561.666504,4506.666504,4492.563965,4376.922852,4561.922852,4390.384766,4542.307617,4500.128418,4380.897461,4507.820313,4495.769043,2926,1,25,512,12051,,,,0,4,4,4,4,4,4,4,4,4,4,4,4,4,4,4,4,4,4,4,4,4,4,4,4,4,4,4,4,4,4,4,4,100,,,,,,,,,,,,,,,,,,,,,,,,,,,,,,,,,,,,,,,,,,,,,,,,,,,,,,,,,,,,,,,,,,,,,,,,,,,,,,,,,,,,,,,,,,,,,,,,,,,,,,,,,,,,,,,,,,,,,,,,,,,,,,,,,,,,,,,,,,,,,,,,,,,,,,,,,,,,,,,,,,,,,,,,,,,,,,,,,,,,,,,,,,,,,,,,,,,,,,,,,,,,,,
1764665201.050553,1764665201.046594,36311,0,4375.769043,4396.025879,4500.897461,4518.461426,4394.871582,4506.025879,4528.205078,4373.205078,4571.025879,4393.846191,4489.230957,4501.538574,4555.641113,4380.512695,4381.282227,4506.666504,4537.179688,4532.563965,4499.358887,4393.461426,4388.461426,4560.384766,4505.128418,4492.692383,4378.461426,4561.794922,4390.256348,4543.846191,4498.846191,4378.077148,4506.282227,4495.128418,2837,1,25,512,12051,,,,0,4,4,4,4,4,4,4,4,4,4,4,4,4,4,4,4,4,4,4,4,4,4,4,4,4,4,4,4,4,4,4,4,100,,,,,,,,,,,,,,,,,,,,,,,,,,,,,,,,,,,,,,,,,,,,,,,,,,,,,,,,,,,,,,,,,,,,,,,,,,,,,,,,,,,,,,,,,,,,,,,,,,,,,,,,,,,,,,,,,,,,,,,,,,,,,,,,,,,,,,,,,,,,,,,,,,,,,,,,,,,,,,,,,,,,,,,,,,,,,,,,,,,,,,,,,,,,,,,,,,,,,,,,,,,,,,
1764665201.054461,1764665201.050501,36312,0,4379.230957,4395.769043,4499.358887,4518.974121,4396.666504,4506.025879,4531.666504,4372.94873,4572.307617,4387.820313,4491.538574,4507.307617,4557.436035,4384.871582,4378.717773,4509.358887,4538.461426,4533.077148,4499.615234,4393.974121,4389.230957,4559.230957,4504.871582,4493.846191,4380.641113,4561.666504,4389.102539,4546.282227,4498.717773,4377.436035,4506.153809,4494.230957,2764,1,25,768,12058,,,,0,4,4,4,4,4,4,4,4,4,4,4,4,4,4,4,4,4,4,4,4,4,4,4,4,4,4,4,4,4,4,4,4,100,,,,,,,,,,,,,,,,,,,,,,,,,,,,,,,,,,,,,,,,,,,,,,,,,,,,,,,,,,,,,,,,,,,,,,,,,,,,,,,,,,,,,,,,,,,,,,,,,,,,,,,,,,,,,,,,,,,,,,,,,,,,,,,,,,,,,,,,,,,,,,,,,,,,,,,,,,,,,,,,,,,,,,,,,,,,,,,,,,,,,,,,,,,,,,,,,,,,,,,,,,,,,,
1764665201.058370,1764665201.054408,36313,0,4382.94873,4396.666504,4496.153809,4518.974121,4397.436035,4508.077148,4535.641113,4375.897461,4570.897461,4388.717773,4493.205078,4510.128418,4558.461426,4390.128418,4375,4510.512695,4539.487305,4531.538574,4500.128418,4394.615234,4389.358887,4557.94873,4504.743652,4494.871582,4381.538574,4560.384766,4386.666504,4546.410156,4499.487305,4378.205078,4506.538574,4492.436035,2813,1,25,768,12058,,,,0,4,4,4,4,4,4,4,4,4,4,4,4,4,4,4,4,4,4,4,4,4,4,4,4,4,4,4,4,4,4,4,4,100,,,,,,,,,,,,,,,,,,,,,,,,,,,,,,,,,,,25462,0,0.254558,-0.611694,-0.723206,0.194946,0.987914,0.183616,0.039067,22,29.833334,45.333332,,,,,,,,,,,,,,,,,,,,,,,,,,,,,,,,,,,,,,,,,,,,,,,,,,,,,,,,,,,,,,,,,,,,,,,,,,,,,,,,,,,,,,,,,,,,,,,,,,,,,,,,,,,,,,,,,,,,,,,,,,,,,,,,,,,,,,,,,,,,,,,,,,,,,,,,,,,,,,,,
1764665201.062278,1764665201.058315,36314,0,4384.230957,4398.205078,4493.333496,4519.230957,4397.179688,4510.128418,4537.436035,4379.871582,4568.333496,4395.769043,4493.589844,4509.487305,4557.563965,4393.846191,4372.05127,4509.743652,4539.358887,4528.974121,4500.512695,4394.358887,4387.179688,4556.666504,4503.589844,4494.615234,4379.743652,4558.333496,4383.846191,4543.974121,4500.128418,4379.102539,4506.666504,4490.256348,1953,1,25,256,12066,,,,0,4,4,4,4,4,4,4,4,4,4,4,4,4,4,4,4,4,4,4,4,4,4,4,4,4,4,4,4,4,4,4,4,100,,,,,,,,,,,,,,,,,,,,,,,,,,,,,,,,,,,,,,,,,,,,,,,1.132051,1.343165,0.456773,0.69236,0.600279,2.473924,2.454128,0.680613,0.90155,0.593083,2.808259,2.154457,0.896425,0.959903,0.663304,1.801359,1.677703,0.651934,0.60326,0.748817,3.568571,2.108322,0.575575,0.854324,0.635558,1.514743,2.094432,0.723977,0.674991,0.478469,1.039297,2.313051,0.828582,0.735568,0.520863,1.120103,1.888711,0.794322,0.82824,0.672023,0.739657,2.031399,0.897018,0.767806,0.74181,0.80878,2.312509,1.414052,1.710161,1.164868,0.644712,1.386009,0.39012,0.443129,0.390977,1.1493,1.802445,0.581411,0.709071,0.572137,0.599973,1.155725,0.467366,0.663927,0.38843,0.310773,0.61838,0.408582,0.312793,0.360155,0.398752,0.977037,0.745681,0.447827,0.355965,0.499571,0.828923,0.576321,0.537066,0.424643,1.22735,2.111465,0.607482,0.730765,0.595251,0.562079,1.294232,0.739427,0.762802,0.62125,0.228038,0.555511,0.443825,0.464443,0.432265,0.228094,0.598779,0.614182,0.709514,0.531932,0.411428,0.880447,0.713551,0.779354,0.535881,0.719023,1.133717,0.38919,0.76315,0.552022,1.662334,2.231913,0.567802,0.611686,0.53109,0.872585,1.331249,0.48179,1.104198,0.608479,1.341206,2.420738,2.754439,1.919596,1.859704,1.765177,1.259227,0.587214,0.805193,0.58241,1.499954,1.99271,0.813332,1.218881,0.670695,1.658941,2.160194,0.389193,0.922289,0.526417,0.768243,0.928913,0.200723,0.445024,0.312769,2.609068,1.682483,0.63076,0.799454,0.563633,2.341941,1.883773,0.784091,1.016208,0.638885,2.830889,1.689718,0.769743,1.034679,0.653801
1764665201.066186,1764665201.062222,36315,0,4382.307617,4399.230957,4491.538574,4519.743652,4396.282227,4510,4535.256348,4382.94873,4565.897461,4402.05127,4493.205078,4507.179688,4555.128418,4394.230957,4370.256348,4507.820313,4537.692383,4527.436035,4500.641113,4393.205078,4383.333496,4555.256348,4501.410156,4492.94873,4374.487305,4556.153809,4382.05127,4541.025879,4500,4379.487305,4506.538574,4488.846191,2628,1,25,256,12066,,,,0,4,4,4,4,4,4,4,4,4,4,4,4,4,4,4,4,4,4,4,4,4,4,4,4,4,4,4,4,4,4,4,4,100,,,,,,,,,,,,,,,,,,,,,,,,,,,,,,,,,,,,,,,,,,,,,,,,,,,,,,,,,,,,,,,,,,,,,,,,,,,,,,,,,,,,,,,,,,,,,,,,,,,,,,,,,,,,,,,,,,,,,,,,,,,,,,,,,,,,,,,,,,,,,,,,,,,,,,,,,,,,,,,,,,,,,,,,,,,,,,,,,,,,,,,,,,,,,,,,,,,,,,,,,,,,,,
1764665201.070094,1764665201.066129,36316,0,4379.102539,4399.743652,4491.025879,4520.512695,4396.025879,4508.077148,4530.128418,4384.615234,4564.871582,4401.794922,4493.205078,4505.128418,4552.94873,4392.05127,4370.256348,4505.897461,4536.153809,4528.333496,4500.897461,4392.05127,4379.615234,4554.358887,4500.128418,4490.512695,4367.94873,4555,4381.922852,4540.641113,4499.230957,4379.615234,4506.666504,4489.358887,2686,1,25,512,12074,,,,0,4,4,4,4,4,4,4,4,4,4,4,4,4,4,4,4,4,4,4,4,4,4,4,4,4,4,4,4,4,4,4,4,100,,,,,,,,,,,,,,,,,,,,,,,,,,,,,,,,,,,,,,,,,,,,,,,,,,,,,,,,,,,,,,,,,,,,,,,,,,,,,,,,,,,,,,,,,,,,,,,,,,,,,,,,,,,,,,,,,,,,,,,,,,,,,,,,,,,,,,,,,,,,,,,,,,,,,,,,,,,,,,,,,,,,,,,,,,,,,,,,,,,,,,,,,,,,,,,,,,,,,,,,,,,,,,
1764665201.074003,1764665201.070036,36317,0,4377.820313,4400.641113,4492.436035,4522.563965,4397.563965,4507.307617,4526.025879,4386.410156,4565.641113,4395.641113,4494.487305,4504.871582,4553.205078,4390.256348,4372.692383,4505.128418,4536.794922,4531.794922,4501.410156,4391.922852,4378.461426,4555.512695,4502.05127,4489.487305,4365.384766,4556.410156,4384.102539,4544.102539,4499.102539,4380.256348,4507.179688,4491.666504,2505,1,25,512,12074,,,,0,4,4,4,4,4,4,4,4,4,4,4,4,4,4,4,4,4,4,4,4,4,4,4,4,4,4,4,4,4,4,4,4,100,,,,,,,,,,,,,,,,,,,,,,,,,,,,,,,,,,,25463,0,0.254558,-0.611694,-0.723206,0.194946,0.99182,0.172873,0.033696,22.666666,28.833334,43,,,,,,,,,,,,,,,,,,,,,,,,,,,,,,,,,,,,,,,,,,,,,,,,,,,,,,,,,,,,,,,,,,,,,,,,,,,,,,,,,,,,,,,,,,,,,,,,,,,,,,,,,,,,,,,,,,,,,,,,,,,,,,,,,,,,,,,,,,,,,,,,,,,,,,,,,,,,,,,,
1764665201.077911,1764665201.073943,36318,0,4379.487305,4402.05127,4495.769043,4525.512695,4400.641113,4508.974121,4526.282227,4389.230957,4567.179688,4389.102539,4496.410156,4506.025879,4555.897461,4391.153809,4377.307617,4505.769043,4539.871582,4535.641113,4502.05127,4392.94873,4380.769043,4558.589844,4507.179688,4491.666504,4372.05127,4560.128418,4387.179688,4549.358887,4499.743652,4381.794922,4507.820313,4493.846191,2654,1,25,768,12082,,,,0,4,4,4,4,4,4,4,4,4,4,4,4,4,4,4,4,4,4,4,4,4,4,4,4,4,4,4,4,4,4,4,4,100,,,,,,,,,,,,,,,,,,,,,,,,,,,,,,,,,,,,,,,,,,,,,,,,,,,,,,,,,,,,,,,,,,,,,,,,,,,,,,,,,,,,,,,,,,,,,,,,,,,,,,,,,,,,,,,,,,,,,,,,,,,,,,,,,,,,,,,,,,,,,,,,,,,,,,,,,,,,,,,,,,,,,,,,,,,,,,,,,,,,,,,,,,,,,,,,,,,,,,,,,,,,,,
1764665201.081819,1764665201.077850,36319,0,4381.922852,4402.05127,4498.717773,4526.794922,4402.436035,4510.512695,4529.487305,4391.153809,4566.666504,4385.256348,4496.025879,4505.769043,4558.333496,4392.692383,4380.641113,4505.256348,4542.436035,4535.512695,4501.282227,4392.563965,4384.102539,4560.128418,4512.05127,4494.615234,4386.538574,4562.94873,4387.436035,4551.025879,4500.128418,4382.05127,4506.666504,4492.307617,2823,1,25,768,12082,,,,0,4,4,4,4,4,4,4,4,4,4,4,4,4,4,4,4,4,4,4,4,4,4,4,4,4,4,4,4,4,4,4,4,100,,,,,,,,,,,,,,,,,,,,,,,,,,,,,,,,,,,,,,,,,,,,,,,,,,,,,,,,,,,,,,,,,,,,,,,,,,,,,,,,,,,,,,,,,,,,,,,,,,,,,,,,,,,,,,,,,,,,,,,,,,,,,,,,,,,,,,,,,,,,,,,,,,,,,,,,,,,,,,,,,,,,,,,,,,,,,,,,,,,,,,,,,,,,,,,,,,,,,,,,,,,,,,
1764665201.085727,1764665201.081757,36320,0,4380.256348,4397.820313,4496.666504,4522.05127,4399.358887,4506.794922,4530.256348,4387.563965,4561.025879,4381.666504,4490.256348,4500.897461,4556.666504,4390.512695,4378.333496,4500.128418,4540.512695,4527.94873,4497.307617,4387.692383,4383.846191,4556.153809,4510.897461,4493.205078,4399.102539,4560.512695,4381.025879,4544.743652,4497.692383,4377.94873,4501.282227,4484.743652,2760,1,25,1024,12090,,,,0,4,4,4,4,4,4,4,4,4,4,4,4,4,4,4,4,4,4,4,4,4,4,4,4,4,4,4,4,4,4,4,4,100,,,,,,,,,,,,,,,,,,,,,,,,,,,,,,,,,,,,,,,,,,,,,,,,,,,,,,,,,,,,,,,,,,,,,,,,,,,,,,,,,,,,,,,,,,,,,,,,,,,,,,,,,,,,,,,,,,,,,,,,,,,,,,,,,,,,,,,,,,,,,,,,,,,,,,,,,,,,,,,,,,,,,,,,,,,,,,,,,,,,,,,,,,,,,,,,,,,,,,,,,,,,,,
1764665201.089635,1764665201.085664,36321,0,4372.179688,4388.589844,4487.179688,4510.256348,4390.128418,4495.769043,4524.358887,4377.05127,4550.384766,4375.641113,4479.487305,4491.282227,4549.358887,4382.94873,4369.230957,4489.871582,4532.692383,4514.743652,4490.641113,4377.94873,4378.077148,4546.282227,4501.794922,4484.487305,4398.846191,4551.025879,4368.461426,4531.666504,4491.666504,4368.717773,4491.538574,4472.563965,2924,1,25,1024,12090,,,,0,4,4,4,4,4,4,4,4,4,4,4,4,4,4,4,4,4,4,4,4,4,4,4,4,4,4,4,4,4,4,4,4,100,,,,,,,,,,,,,,,,,,,,,,,,,,,,,,,,,,,25464,0,0.254605,-0.611694,-0.723206,0.194885,0.981077,0.169454,0.025882,22.333334,29.333334,44.166668,,,,,,,,,,,,,,,,,,,,,,,,,,,,,,,,,,,,,,,,,,,,,,,,,,,,,,,,,,,,,,,,,,,,,,,,,,,,,,,,,,,,,,,,,,,,,,,,,,,,,,,,,,,,,,,,,,,,,,,,,,,,,,,,,,,,,,,,,,,,,,,,,,,,,,,,,,,,,,,,
1764665201.093544,1764665201.089571,36322,0,4360.769043,4377.94873,4473.461426,4496.153809,4378.974121,4482.179688,4514.102539,4363.589844,4538.846191,4369.102539,4468.333496,4481.538574,4539.743652,4373.333496,4358.077148,4479.230957,4522.820313,4503.205078,4484.487305,4368.461426,4369.871582,4536.282227,4489.743652,4471.794922,4383.205078,4538.589844,4355.512695,4518.846191,4484.871582,4358.461426,4480.384766,4460.769043,2607,1,25,1280,12097,,,,0,4,4,4,4,4,4,4,4,4,4,4,4,4,4,4,4,4,4,4,4,4,4,4,4,4,4,4,4,4,4,4,4,100,,,,,,,,,,,,,,,,,,,,,,,,,,,,,,,,,,,,,,,,,,,,,,,,,,,,,,,,,,,,,,,,,,,,,,,,,,,,,,,,,,,,,,,,,,,,,,,,,,,,,,,,,,,,,,,,,,,,,,,,,,,,,,,,,,,,,,,,,,,,,,,,,,,,,,,,,,,,,,,,,,,,,,,,,,,,,,,,,,,,,,,,,,,,,,,,,,,,,,,,,,,,,,
1764665201.097452,1764665201.093478,36323,0,4353.205078,4372.05127,4462.179688,4487.820313,4371.538574,4473.846191,4506.538574,4354.615234,4532.179688,4367.179688,4462.820313,4477.563965,4533.974121,4367.94873,4351.794922,4474.743652,4516.922852,4500.769043,4482.436035,4365.128418,4365.128418,4533.077148,4482.692383,4462.94873,4361.666504,4529.743652,4349.743652,4513.974121,4480.897461,4352.436035,4473.077148,4454.615234,2863,1,25,1280,12097,,,,0,4,4,4,4,4,4,4,4,4,4,4,4,4,4,4,4,4,4,4,4,4,4,4,4,4,4,4,4,4,4,4,4,100,,,,,,,,,,,,,,,,,,,,,,,,,,,,,,,,,,,,,,,,,,,,,,,,,,,,,,,,,,,,,,,,,,,,,,,,,,,,,,,,,,,,,,,,,,,,,,,,,,,,,,,,,,,,,,,,,,,,,,,,,,,,,,,,,,,,,,,,,,,,,,,,,,,,,,,,,,,,,,,,,,,,,,,,,,,,,,,,,,,,,,,,,,,,,,,,,,,,,,,,,,,,,,
1764665201.101360,1764665201.097385,36324,0,4353.974121,4373.846191,4458.589844,4489.743652,4371.153809,4475,4506.153809,4354.615234,4533.205078,4371.922852,4465.384766,4481.025879,4535.512695,4369.743652,4354.102539,4478.974121,4518.589844,4508.333496,4485.897461,4370.384766,4367.179688,4538.333496,4484.615234,4463.589844,4348.846191,4528.717773,4353.333496,4518.077148,4481.922852,4353.205078,4472.307617,4455.384766,2753,1,25,1536,12105,,,,0,4,4,4,4,4,4,4,4,4,4,4,4,4,4,4,4,4,4,4,4,4,4,4,4,4,4,4,4,4,4,4,4,100,,,,,,,,,,,,,,,,,,,,,,,,,,,,,,,,,,,,,,,,,,,,,,,,,,,,,,,,,,,,,,,,,,,,,,,,,,,,,,,,,,,,,,,,,,,,,,,,,,,,,,,,,,,,,,,,,,,,,,,,,,,,,,,,,,,,,,,,,,,,,,,,,,,,,,,,,,,,,,,,,,,,,,,,,,,,,,,,,,,,,,,,,,,,,,,,,,,,,,,,,,,,,,
1764665201.105269,1764665201.101292,36325,0,4360.769043,4380.384766,4461.922852,4498.717773,4375.384766,4482.563965,4512.05127,4361.025879,4539.230957,4379.230957,4472.436035,4487.94873,4542.05127,4376.410156,4362.436035,4488.077148,4525.256348,4520.128418,4492.692383,4379.743652,4373.461426,4546.794922,4492.179688,4471.410156,4352.563965,4533.974121,4361.538574,4526.025879,4486.025879,4358.461426,4476.410156,4459.102539,2794,1,25,1536,12105,,,,0,4,4,4,4,4,4,4,4,4,4,4,4,4,4,4,4,4,4,4,4,4,4,4,4,4,4,4,4,4,4,4,4,100,,,,,,,,,,,,,,,,,,,,,,,,,,,,,,,,,,,25465,0,0.254558,-0.611694,-0.723206,0.194946,0.98303,0.172384,0.031742,23,29.166666,43.5,,,,,,,,,,,,,,,,,,,,,,,,,,,,,,,,,,,,,,,,,,,,,,,,,,,,,,,,,,,,,,,,,,,,,,,,,,,,,,,,,,,,,,,,,,,,,,,,,,,,,,,,,,,,,,,,,,,,,,,,,,,,,,,,,,,,,,,,,,,,,,,,,,,,,,,,,,,,,,,,
1764665201.109177,1764665201.105199,36326,0,4367.05127,4386.153809,4467.05127,4506.794922,4379.358887,4489.487305,4518.077148,4366.410156,4545.641113,4382.436035,4477.820313,4491.922852,4547.563965,4382.05127,4370.384766,4495.256348,4530.512695,4528.077148,4498.589844,4385.897461,4378.333496,4551.922852,4498.333496,4478.846191,4367.307617,4540.897461,4367.179688,4530.769043,4489.743652,4363.846191,4480.769043,4460.897461,2799,1,25,1792,12113,,,,0,4,4,4,4,4,4,4,4,4,4,4,4,4,4,4,4,4,4,4,4,4,4,4,4,4,4,4,4,4,4,4,4,100,,,,,,,,,,,,,,,,,,,,,,,,,,,,,,,,,,,,,,,,,,,,,,,,,,,,,,,,,,,,,,,,,,,,,,,,,,,,,,,,,,,,,,,,,,,,,,,,,,,,,,,,,,,,,,,,,,,,,,,,,,,,,,,,,,,,,,,,,,,,,,,,,,,,,,,,,,,,,,,,,,,,,,,,,,,,,,,,,,,,,,,,,,,,,,,,,,,,,,,,,,,,,,
1764665201.113085,1764665201.109106,36327,0,4368.205078,4387.692383,4470.128418,4508.205078,4379.743652,4491.153809,4519.871582,4366.153809,4548.717773,4378.846191,4477.563965,4490.897461,4548.461426,4382.563965,4372.307617,4496.666504,4530.128418,4529.102539,4500.897461,4384.743652,4378.589844,4550.769043,4499.102539,4479.871582,4379.358887,4545.641113,4367.436035,4529.871582,4491.410156,4367.05127,4483.205078,4460.256348,2990,1,25,1792,12113,,,,0,4,4,4,4,4,4,4,4,4,4,4,4,4,4,4,4,4,4,4,4,4,4,4,4,4,4,4,4,4,4,4,4,100,,,,,,,,,,,,,,,,,,,,,,,,,,,,,,,,,,,,,,,,,,,,,,,,,,,,,,,,,,,,,,,,,,,,,,,,,,,,,,,,,,,,,,,,,,,,,,,,,,,,,,,,,,,,,,,,,,,,,,,,,,,,,,,,,,,,,,,,,,,,,,,,,,,,,,,,,,,,,,,,,,,,,,,,,,,,,,,,,,,,,,,,,,,,,,,,,,,,,,,,,,,,,,
1764665201.116993,1764665201.113013,36328,0,4366.025879,4387.05127,4471.538574,4504.743652,4378.077148,4489.871582,4518.205078,4361.922852,4549.102539,4372.307617,4473.461426,4488.461426,4546.922852,4379.230957,4368.589844,4493.589844,4525.641113,4526.153809,4500.128418,4379.102539,4375.769043,4546.794922,4496.922852,4476.538574,4380.256348,4548.077148,4365.769043,4527.05127,4492.307617,4370,4485.512695,4460.769043,2868,1,25,2048,12121,,,,0,4,4,4,4,4,4,4,4,4,4,4,4,4,4,4,4,4,4,4,4,4,4,4,4,4,4,4,4,4,4,4,4,100,,,,,,,,,,,,,,,,,,,,,,,,,,,,,,,,,,,,,,,,,,,,,,,,,,,,,,,,,,,,,,,,,,,,,,,,,,,,,,,,,,,,,,,,,,,,,,,,,,,,,,,,,,,,,,,,,,,,,,,,,,,,,,,,,,,,,,,,,,,,,,,,,,,,,,,,,,,,,,,,,,,,,,,,,,,,,,,,,,,,,,,,,,,,,,,,,,,,,,,,,,,,,,
1764665201.120902,1764665201.116920,36329,0,4366.538574,4389.102539,4474.743652,4503.589844,4379.615234,4491.922852,4518.461426,4360.256348,4549.743652,4368.974121,4471.153809,4491.153809,4548.077148,4376.922852,4363.589844,4491.410156,4523.717773,4525,4499.230957,4376.282227,4375.897461,4546.794922,4497.563965,4476.025879,4372.563965,4551.922852,4368.461426,4528.717773,4495,4375.897461,4491.666504,4466.922852,2718,1,25,2048,12121,,,,0,4,4,4,4,4,4,4,4,4,4,4,4,4,4,4,4,4,4,4,4,4,4,4,4,4,4,4,4,4,4,4,4,100,,,,,,,,,,,,,,,,,,,,,,,,,,,,,,,,,,,25466,0,0.254684,-0.611694,-0.723145,0.195007,0.98303,0.172384,0.031742,23.5,30.333334,42.666668,,,,,,,,,,,,,,,,,,,,,,,,,,,,,,,,,,,,,,,,,,,,,,,,,,,,,,,,,,,,,,,,,,,,,,,,,,,,,,,,,,,,,,,,,,,,,,,,,,,,,,,,,,,,,,,,,,,,,,,,,,,,,,,,,,,,,,,,,,,,,,,,,,,,,,,,,,,,,,,,
1764665201.124810,1764665201.120827,36330,0,4373.974121,4396.538574,4481.922852,4509.102539,4387.05127,4501.410156,4525.256348,4366.153809,4552.692383,4372.307617,4474.871582,4501.538574,4555.256348,4379.487305,4361.922852,4493.974121,4529.358887,4528.846191,4500.256348,4380.897461,4382.307617,4554.871582,4504.615234,4483.589844,4367.307617,4559.743652,4378.589844,4538.461426,4500.256348,4385.512695,4502.692383,4478.589844,2286,1,25,2304,12129,,,,0,4,4,4,4,4,4,4,4,4,4,4,4,4,4,4,4,4,4,4,4,4,4,4,4,4,4,4,4,4,4,4,4,100,,,,,,,,,,,,,,,,,,,,,,,,,,,,,,,,,,,,,,,,,,,,,,,,,,,,,,,,,,,,,,,,,,,,,,,,,,,,,,,,,,,,,,,,,,,,,,,,,,,,,,,,,,,,,,,,,,,,,,,,,,,,,,,,,,,,,,,,,,,,,,,,,,,,,,,,,,,,,,,,,,,,,,,,,,,,,,,,,,,,,,,,,,,,,,,,,,,,,,,,,,,,,,
1764665201.128718,1764665201.124734,36331,0,4385.769043,4406.666504,4490.512695,4518.846191,4397.692383,4514.743652,4536.282227,4377.563965,4557.692383,4380.512695,4483.846191,4514.871582,4565.641113,4385.769043,4363.846191,4499.615234,4540.512695,4534.871582,4502.563965,4391.025879,4392.307617,4567.94873,4515.384766,4496.538574,4373.205078,4570.256348,4392.563965,4552.820313,4505.897461,4395.128418,4515,4489.615234,2685,1,25,2304,12129,,,,0,4,4,4,4,4,4,4,4,4,4,4,4,4,4,4,4,4,4,4,4,4,4,4,4,4,4,4,4,4,4,4,4,100,,,,,,,,,,,,,,,,,,,,,,,,,,,,,,,,,,,,,,,,,,,,,,,,,,,,,,,,,,,,,,,,,,,,,,,,,,,,,,,,,,,,,,,,,,,,,,,,,,,,,,,,,,,,,,,,,,,,,,,,,,,,,,,,,,,,,,,,,,,,,,,,,,,,,,,,,,,,,,,,,,,,,,,,,,,,,,,,,,,,,,,,,,,,,,,,,,,,,,,,,,,,,,
1764665201.132626,1764665201.128640,36332,0,4394.871582,4413.077148,4494.615234,4525.128418,4404.487305,4523.717773,4543.974121,4386.922852,4561.410156,4387.05127,4492.820313,4522.820313,4572.436035,4390.512695,4365.128418,4503.205078,4549.871582,4537.563965,4503.077148,4399.230957,4398.717773,4577.692383,4522.563965,4506.666504,4390.256348,4578.205078,4401.666504,4563.461426,4508.461426,4399.102539,4522.563965,4493.205078,2493,1,25,768,12136,,,,0,4,4,4,4,4,4,4,4,4,4,4,4,4,4,4,4,4,4,4,4,4,4,4,4,4,4,4,4,4,4,4,4,100,,,,,,,,,,,,,,,,,,,,,,,,,,,,,,,,,,,,,,,,,,,,,,,,,,,,,,,,,,,,,,,,,,,,,,,,,,,,,,,,,,,,,,,,,,,,,,,,,,,,,,,,,,,,,,,,,,,,,,,,,,,,,,,,,,,,,,,,,,,,,,,,,,,,,,,,,,,,,,,,,,,,,,,,,,,,,,,,,,,,,,,,,,,,,,,,,,,,,,,,,,,,,,
1764665201.136535,1764665201.132547,36333,0,4396.153809,4411.538574,4491.153809,4523.077148,4402.563965,4522.563965,4542.179688,4388.077148,4562.179688,4386.538574,4496.153809,4520.769043,4570.641113,4390,4363.205078,4501.025879,4550.897461,4533.461426,4500.641113,4400.128418,4396.538574,4578.205078,4520.897461,4506.922852,4410.256348,4579.615234,4400.897461,4564.358887,4506.410156,4395.384766,4522.307617,4488.205078,2237,1,25,768,12136,,,,0,4,4,4,4,4,4,4,4,4,4,4,4,4,4,4,4,4,4,4,4,4,4,4,4,4,4,4,4,4,4,4,4,100,,,,,,,,,,,,,,,,,,,,,,,,,,,,,,,,,,,25467,0,0.254684,-0.611694,-0.723145,0.195007,0.974728,0.180198,0.032719,23.166666,27.833334,44.166668,,,,,,,,,,,,,,,,,,,,,,,,,,,,,,,,,,,,,,,,,,,,,,,,,,,,,,,,,,,,,,,,,,,,,,,,,,,,,,,,,,,,,,,,,,,,,,,,,,,,,,,,,,,,,,,,,,,,,,,,,,,,,,,,,,,,,,,,,,,,,,,,,,,,,,,,,,,,,,,,
1764665201.140443,1764665201.136454,36334,0,4391.025879,4405,4484.102539,4515.769043,4394.487305,4514.102539,4532.692383,4382.563965,4561.282227,4380.512695,4492.307617,4511.922852,4562.307617,4385.384766,4360.256348,4494.871582,4544.487305,4525.769043,4497.436035,4394.615234,4388.974121,4571.153809,4512.692383,4498.717773,4422.692383,4575.512695,4392.692383,4557.692383,4502.179688,4388.589844,4517.179688,4481.153809,2705,1,25,256,12144,,,,0,4,4,4,4,4,4,4,4,4,4,4,4,4,4,4,4,4,4,4,4,4,4,4,4,4,4,4,4,4,4,4,4,100,,,,,,,,,,,,,,,,,,,,,,,,,,,,,,,,,,,,,,,,,,,,,,,,,,,,,,,,,,,,,,,,,,,,,,,,,,,,,,,,,,,,,,,,,,,,,,,,,,,,,,,,,,,,,,,,,,,,,,,,,,,,,,,,,,,,,,,,,,,,,,,,,,,,,,,,,,,,,,,,,,,,,,,,,,,,,,,,,,,,,,,,,,,,,,,,,,,,,,,,,,,,,,
1764665201.144351,1764665201.140361,36335,0,4386.282227,4400.641113,4481.410156,4511.666504,4388.205078,4507.307617,4524.487305,4377.563965,4562.307617,4375.897461,4485.897461,4505,4555.384766,4381.794922,4361.282227,4490.128418,4538.333496,4521.922852,4497.307617,4389.615234,4384.102539,4565.128418,4506.666504,4490.512695,4422.436035,4571.794922,4386.410156,4551.538574,4500.512695,4386.025879,4513.589844,4480.128418,2498,1,25,256,12144,,,,0,4,4,4,4,4,4,4,4,4,4,4,4,4,4,4,4,4,4,4,4,4,4,4,4,4,4,4,4,4,4,4,4,100,,,,,,,,,,,,,,,,,,,,,,,,,,,,,,,,,,,,,,,,,,,,,,,,,,,,,,,,,,,,,,,,,,,,,,,,,,,,,,,,,,,,,,,,,,,,,,,,,,,,,,,,,,,,,,,,,,,,,,,,,,,,,,,,,,,,,,,,,,,,,,,,,,,,,,,,,,,,,,,,,,,,,,,,,,,,,,,,,,,,,,,,,,,,,,,,,,,,,,,,,,,,,,
1764665201.148260,1764665201.144268,36336,0,4387.820313,4404.102539,4488.077148,4517.179688,4390.769043,4509.102539,4526.282227,4380,4567.436035,4378.589844,4483.333496,4507.05127,4556.410156,4383.717773,4368.717773,4491.153809,4539.871582,4527.307617,4502.179688,4391.794922,4388.077148,4567.563965,4509.358887,4490.641113,4412.563965,4573.974121,4389.487305,4553.846191,4504.871582,4391.282227,4516.153809,4487.692383,2855,1,25,512,12152,,,,0,4,4,4,4,4,4,4,4,4,4,4,4,4,4,4,4,4,4,4,4,4,4,4,4,4,4,4,4,4,4,4,4,100,,,,,,,,,,,,,,,,,,,,,,,,,,,,,,,,,,,,,,,,,,,,,,,,,,,,,,,,,,,,,,,,,,,,,,,,,,,,,,,,,,,,,,,,,,,,,,,,,,,,,,,,,,,,,,,,,,,,,,,,,,,,,,,,,,,,,,,,,,,,,,,,,,,,,,,,,,,,,,,,,,,,,,,,,,,,,,,,,,,,,,,,,,,,,,,,,,,,,,,,,,,,,,
1764665201.152168,1764665201.148175,36337,0,4395.641113,4413.974121,4501.282227,4529.743652,4401.282227,4519.102539,4538.461426,4389.615234,4574.358887,4387.307617,4487.692383,4518.589844,4564.871582,4391.153809,4378.846191,4498.461426,4550.512695,4540.256348,4510,4401.666504,4399.615234,4578.077148,4519.615234,4499.871582,4402.179688,4582.05127,4401.410156,4564.487305,4513.077148,4401.410156,4524.230957,4499.358887,2907,1,25,512,12152,,,,0,4,4,4,4,4,4,4,4,4,4,4,4,4,4,4,4,4,4,4,4,4,4,4,4,4,4,4,4,4,4,4,4,100,,,,,,,,,,,,,,,,,,,,,,,,,,,,,,,,,,,25468,0,0.254684,-0.611694,-0.723145,0.195007,0.974728,0.180198,0.032719,22,29.833334,45.333332,,,,,,,,,,,,,,,,,,,,,,,,,,,,,,,,,,,,,,,,,,,,,,,,,,,,,,,,,,,,,,,,,,,,,,,,,,,,,,,,,,,,,,,,,,,,,,,,,,,,,,,,,,,,,,,,,,,,,,,,,,,,,,,,,,,,,,,,,,,,,,,,,,,,,,,,,,,,,,,,
1764665201.156076,1764665201.152082,36338,0,4404.358887,4422.820313,4512.179688,4541.025879,4412.563965,4528.974121,4552.94873,4399.615234,4577.94873,4394.871582,4495.256348,4532.179688,4573.974121,4398.846191,4384.743652,4507.563965,4563.717773,4552.820313,4516.922852,4412.692383,4411.153809,4589.615234,4529.615234,4511.538574,4399.102539,4590,4413.333496,4576.153809,4519.358887,4409.102539,4532.820313,4507.05127,1752,1,25,512,12160,,,,0,4,4,4,4,4,4,4,4,4,4,4,4,4,4,4,4,4,4,4,4,4,4,4,4,4,4,4,4,4,4,4,4,100,,,,,,,,,,,,,,,,,,,,,,,,,,,,,,,,,,,,,,,,,,,,,,,,,,,,,,,,,,,,,,,,,,,,,,,,,,,,,,,,,,,,,,,,,,,,,,,,,,,,,,,,,,,,,,,,,,,,,,,,,,,,,,,,,,,,,,,,,,,,,,,,,,,,,,,,,,,,,,,,,,,,,,,,,,,,,,,,,,,,,,,,,,,,,,,,,,,,,,,,,,,,,,
1764665201.159984,1764665201.155989,36339,0,4407.179688,4422.94873,4513.205078,4543.077148,4416.153809,4530.256348,4559.230957,4402.307617,4574.871582,4395.512695,4499.487305,4538.846191,4576.794922,4400.897461,4381.922852,4512.820313,4570.769043,4557.179688,4519.743652,4417.05127,4414.743652,4593.717773,4531.666504,4516.282227,4403.333496,4592.05127,4415.384766,4579.871582,4518.846191,4408.461426,4536.025879,4505.769043,2951,1,25,512,12160,,,,0,4,4,4,4,4,4,4,4,4,4,4,4,4,4,4,4,4,4,4,4,4,4,4,4,4,4,4,4,4,4,4,4,100,,,,,,,,,,,,,,,,,,,,,,,,,,,,,,,,,,,,,,,,,,,,,,,,,,,,,,,,,,,,,,,,,,,,,,,,,,,,,,,,,,,,,,,,,,,,,,,,,,,,,,,,,,,,,,,,,,,,,,,,,,,,,,,,,,,,,,,,,,,,,,,,,,,,,,,,,,,,,,,,,,,,,,,,,,,,,,,,,,,,,,,,,,,,,,,,,,,,,,,,,,,,,,
1764665201.163893,1764665201.159896,36340,0,4401.410156,4412.563965,4503.589844,4535,4408.974121,4520.897461,4553.717773,4395.769043,4565.769043,4389.230957,4496.153809,4534.743652,4571.025879,4395.256348,4371.794922,4511.538574,4567.05127,4551.025879,4518.461426,4411.538574,4407.692383,4587.94873,4523.974121,4510.256348,4407.820313,4586.282227,4404.487305,4572.692383,4511.410156,4399.487305,4531.025879,4496.538574,2508,1,25,512,12168,,,,0,4,4,4,4,4,4,4,4,4,4,4,4,4,4,4,4,4,4,4,4,4,4,4,4,4,4,4,4,4,4,4,4,100,,,,,,,,,,,,,,,,,,,,,,,,,,,,,,,,,,,,,,,,,,,,,,,,,,,,,,,,,,,,,,,,,,,,,,,,,,,,,,,,,,,,,,,,,,,,,,,,,,,,,,,,,,,,,,,,,,,,,,,,,,,,,,,,,,,,,,,,,,,,,,,,,,,,,,,,,,,,,,,,,,,,,,,,,,,,,,,,,,,,,,,,,,,,,,,,,,,,,,,,,,,,,,
1764665201.167801,1764665201.163803,36341,0,4390.256348,4396.410156,4489.615234,4523.077148,4395.256348,4506.153809,4541.282227,4384.230957,4556.025879,4381.153809,4487.179688,4523.077148,4560.641113,4384.743652,4361.025879,4505.128418,4554.743652,4538.974121,4514.487305,4400.256348,4395.128418,4575.897461,4510.897461,4497.307617,4405,4576.538574,4386.794922,4558.974121,4501.282227,4387.692383,4520.256348,4484.743652,2815,1,25,512,12168,,,,0,4,4,4,4,4,4,4,4,4,4,4,4,4,4,4,4,4,4,4,4,4,4,4,4,4,4,4,4,4,4,4,4,100,,,,,,,,,,,,,,,,,,,,,,,,,,,,,,,,,,,25469,0,0.254931,-0.611572,-0.723145,0.195068,0.979612,0.170919,0.035161,22.666666,28.833334,43,,,,,,,,,,,,,,,,,,,,,,,,,,,,,,,,,,,,,,,,,,,,,,,,,,,,,,,,,,,,,,,,,,,,,,,,,,,,,,,,,,,,,,,,,,,,,,,,,,,,,,,,,,,,,,,,,,,,,,,,,,,,,,,,,,,,,,,,,,,,,,,,,,,,,,,,,,,,,,,,
1764665201.171709,1764665201.167710,36342,0,4379.871582,4383.205078,4479.871582,4515.128418,4382.94873,4494.615234,4531.025879,4374.871582,4551.025879,4375.769043,4478.333496,4511.282227,4552.05127,4375.256348,4355.641113,4497.692383,4541.538574,4527.94873,4510,4391.025879,4384.743652,4564.487305,4499.230957,4485.897461,4395.256348,4568.589844,4372.94873,4547.05127,4494.102539,4379.487305,4509.743652,4476.410156,2926,1,25,512,12176,,,,0,4,4,4,4,4,4,4,4,4,4,4,4,4,4,4,4,4,4,4,4,4,4,4,4,4,4,4,4,4,4,4,4,100,,,,,,,,,,,,,,,,,,,,,,,,,,,,,,,,,,,,,,,,,,,,,,,,,,,,,,,,,,,,,,,,,,,,,,,,,,,,,,,,,,,,,,,,,,,,,,,,,,,,,,,,,,,,,,,,,,,,,,,,,,,,,,,,,,,,,,,,,,,,,,,,,,,,,,,,,,,,,,,,,,,,,,,,,,,,,,,,,,,,,,,,,,,,,,,,,,,,,,,,,,,,,,
1764665201.175617,1764665201.171617,36343,0,4375.128418,4378.974121,4478.846191,4514.743652,4378.333496,4491.410156,4529.230957,4372.307617,4553.077148,4374.615234,4474.871582,4504.871582,4549.615234,4371.410156,4357.692383,4493.333496,4533.846191,4523.205078,4506.666504,4388.974121,4382.307617,4558.717773,4494.230957,4482.692383,4385.769043,4566.794922,4370.256348,4542.820313,4492.692383,4378.077148,4504.743652,4475.256348,2838,1,25,512,12176,,,,0,4,4,4,4,4,4,4,4,4,4,4,4,4,4,4,4,4,4,4,4,4,4,4,4,4,4,4,4,4,4,4,4,100,,,,,,,,,,,,,,,,,,,,,,,,,,,,,,,,,,,,,,,,,,,,,,,,,,,,,,,,,,,,,,,,,,,,,,,,,,,,,,,,,,,,,,,,,,,,,,,,,,,,,,,,,,,,,,,,,,,,,,,,,,,,,,,,,,,,,,,,,,,,,,,,,,,,,,,,,,,,,,,,,,,,,,,,,,,,,,,,,,,,,,,,,,,,,,,,,,,,,,,,,,,,,,
1764665201.179526,1764665201.175524,36344,0,4376.282227,4383.974121,4485.641113,4520,4382.563965,4495.769043,4534.871582,4376.153809,4560.384766,4376.794922,4477.820313,4504.743652,4553.205078,4373.589844,4364.102539,4493.974121,4533.333496,4525.256348,4504.871582,4393.461426,4387.692383,4559.487305,4496.153809,4488.205078,4383.846191,4571.025879,4377.820313,4546.410156,4495.897461,4382.179688,4507.05127,4480.641113,2764,1,25,768,12183,,,,0,4,4,4,4,4,4,4,4,4,4,4,4,4,4,4,4,4,4,4,4,4,4,4,4,4,4,4,4,4,4,4,4,100,,,,,,,,,,,,,,,,,,,,,,,,,,,,,,,,,,,,,,,,,,,,,,,,,,,,,,,,,,,,,,,,,,,,,,,,,,,,,,,,,,,,,,,,,,,,,,,,,,,,,,,,,,,,,,,,,,,,,,,,,,,,,,,,,,,,,,,,,,,,,,,,,,,,,,,,,,,,,,,,,,,,,,,,,,,,,,,,,,,,,,,,,,,,,,,,,,,,,,,,,,,,,,
1764665201.183434,1764665201.179431,36345,0,4380,4393.077148,4495.256348,4525,4391.538574,4502.563965,4541.794922,4382.436035,4568.461426,4380.897461,4484.230957,4507.436035,4558.974121,4378.974121,4370.512695,4498.205078,4536.922852,4530.384766,4504.743652,4399.615234,4395.384766,4563.974121,4501.922852,4496.666504,4389.743652,4577.692383,4388.333496,4553.205078,4500.512695,4388.205078,4513.846191,4488.589844,2812,1,25,768,12183,,,,0,4,4,4,4,4,4,4,4,4,4,4,4,4,4,4,4,4,4,4,4,4,4,4,4,4,4,4,4,4,4,4,4,100,,,,,,,,,,,,,,,,,,,,,,,,,,,,,,,,,,,25470,0,0.255097,-0.61145,-0.723206,0.195007,0.98303,0.173849,0.03223,22.666666,28,43,,,,,,,,,,,,,,,,,,,,,,,,,,,,,,,,,,,,,,,,,,,,,,,,,,,,,,,,,,,,,,,,,,,,,,,,,,,,,,,,,,,,,,,,,,,,,,,,,,,,,,,,,,,,,,,,,,,,,,,,,,,,,,,,,,,,,,,,,,,,,,,,,,,,,,,,,,,,,,,,
1764665201.187342,1764665201.183338,36346,0,4382.94873,4399.743652,4502.820313,4525.641113,4398.974121,4507.179688,4544.102539,4386.410156,4573.974121,4386.410156,4490,4509.230957,4563.077148,4383.589844,4373.974121,4503.205078,4540.512695,4534.230957,4506.153809,4402.436035,4399.358887,4567.94873,4507.820313,4501.922852,4397.05127,4581.922852,4394.615234,4558.589844,4503.846191,4392.563965,4520.384766,4493.846191,1952,1,25,1024,12191,,,,0,4,4,4,4,4,4,4,4,4,4,4,4,4,4,4,4,4,4,4,4,4,4,4,4,4,4,4,4,4,4,4,4,100,0.96875,100,4,4,4,4,4,4,4,4,4,4,4,4,4,4,4,4,4,4,4,4,4,4,4,4,4,4,4,4,4,4,4,4,,,,,,,,,,,,,1.190674,1.522305,0.42248,0.763646,0.63833,2.672952,2.429169,0.620518,0.902368,0.61554,2.646651,2.141656,0.73455,1.017547,0.672813,1.89086,1.691498,0.589273,0.647579,0.782372,3.442076,2.093863,0.521341,0.898047,0.664415,1.564052,2.135507,0.669487,0.762316,0.492565,1.024389,2.196278,0.80473,0.922007,0.538013,1.146968,1.71923,0.751503,0.94675,0.708045,0.764034,1.8702,0.811305,0.788259,0.791001,0.769835,1.927804,1.289248,1.791634,1.135851,0.764178,1.409528,0.380173,0.528225,0.385524,1.214562,1.966817,0.550122,0.742885,0.632916,0.715469,1.093248,0.454182,0.751526,0.423029,0.347066,0.543528,0.384905,0.383586,0.40518,0.464029,1.043138,0.730356,0.4496,0.382527,0.578089,0.893134,0.465133,0.616589,0.435295,1.411212,2.134323,0.654724,0.820001,0.605645,0.607035,1.470687,0.674875,0.855685,0.689895,0.262444,0.566197,0.417808,0.515347,0.468986,0.313014,0.670058,0.604614,0.791561,0.559335,0.538847,0.947136,0.688798,0.829397,0.592283,0.97298,1.242179,0.456919,0.85498,0.587541,1.737659,2.288327,0.557646,0.678171,0.539364,1.095851,1.330057,0.450011,1.164686,0.631793,1.390947,2.244493,2.837815,2.065992,1.880395,1.860114,1.405631,0.515162,0.782718,0.62785,1.660091,2.092927,0.865694,1.195294,0.655338,1.803575,2.137629,0.399432,0.965529,0.525761,0.843293,0.923321,0.204224,0.455393,0.314264,2.790487,1.564676,0.574953,0.822629,0.546899,2.410551,1.817438,0.68745,0.964549,0.615848,2.850596,1.627535,0.622807,1.042467,0.626767
1764665201.191250,1764665201.187245,36347,0,4383.974121,4400.769043,4505.897461,4521.922852,4400.769043,4507.692383,4540.641113,4386.282227,4576.025879,4391.666504,4493.205078,4508.974121,4564.358887,4386.410156,4374.230957,4506.538574,4541.666504,4534.743652,4508.461426,4400.769043,4397.05127,4568.846191,4511.025879,4501.153809,4398.717773,4581.794922,4393.717773,4560,4505,4393.461426,4523.205078,4494.230957,2629,1,25,1024,12191,,,,0,4,4,4,4,4,4,4,4,4,4,4,4,4,4,4,4,4,4,4,4,4,4,4,4,4,4,4,4,4,4,4,4,100,,,,,,,,,,,,,,,,,,,,,,,,,,,,,,,,,,,,,,,,,,,,,,,,,,,,,,,,,,,,,,,,,,,,,,,,,,,,,,,,,,,,,,,,,,,,,,,,,,,,,,,,,,,,,,,,,,,,,,,,,,,,,,,,,,,,,,,,,,,,,,,,,,,,,,,,,,,,,,,,,,,,,,,,,,,,,,,,,,,,,,,,,,,,,,,,,,,,,,,,,,,,,,
1764665201.195159,1764665201.191152,36348,0,4383.461426,4396.922852,4504.102539,4515.897461,4396.538574,4505.769043,4534.743652,4382.563965,4574.615234,4393.974121,4493.077148,4506.922852,4563.333496,4387.94873,4372.820313,4506.538574,4540.512695,4532.94873,4510.256348,4396.410156,4390,4566.922852,4510.384766,4495.897461,4392.179688,4578.077148,4387.563965,4557.94873,4504.358887,4390.897461,4521.025879,4490.641113,2686,1,25,1280,12199,,,,0,4,4,4,4,4,4,4,4,4,4,4,4,4,4,4,4,4,4,4,4,4,4,4,4,4,4,4,4,4,4,4,4,100,,,,,,,,,,,,,,,,,,,,,,,,,,,,,,,,,,,,,,,,,,,,,,,,,,,,,,,,,,,,,,,,,,,,,,,,,,,,,,,,,,,,,,,,,,,,,,,,,,,,,,,,,,,,,,,,,,,,,,,,,,,,,,,,,,,,,,,,,,,,,,,,,,,,,,,,,,,,,,,,,,,,,,,,,,,,,,,,,,,,,,,,,,,,,,,,,,,,,,,,,,,,,,
1764665201.199067,1764665201.195059,36349,0,4382.05127,4391.282227,4498.717773,4509.230957,4389.358887,4503.589844,4530.512695,4377.436035,4569.871582,4390.512695,4490.128418,4503.717773,4561.153809,4389.230957,4370.897461,4503.589844,4537.94873,4530.641113,4510.128418,4391.922852,4382.179688,4564.102539,4506.410156,4489.358887,4381.025879,4573.077148,4380,4554.230957,4502.05127,4386.282227,4514.871582,4485.641113,2506,1,25,1280,12199,,,,0,4,4,4,4,4,4,4,4,4,4,4,4,4,4,4,4,4,4,4,4,4,4,4,4,4,4,4,4,4,4,4,4,100,,,,,,,,,,,,,,,,,,,,,,,,,,,,,,,,,,,25471,0,0.254971,-0.61145,-0.723267,0.194946,0.98303,0.180686,0.02344,23,31.166666,44.333332,,,,,,,,,,,,,,,,,,,,,,,,,,,,,,,,,,,,,,,,,,,,,,,,,,,,,,,,,,,,,,,,,,,,,,,,,,,,,,,,,,,,,,,,,,,,,,,,,,,,,,,,,,,,,,,,,,,,,,,,,,,,,,,,,,,,,,,,,,,,,,,,,,,,,,,,,,,,,,,,
1764665201.202975,1764665201.198966,36350,0,4379.871582,4387.179688,4492.05127,4503.077148,4383.333496,4502.05127,4530,4372.94873,4562.436035,4382.179688,4485.384766,4500.256348,4557.820313,4390.384766,4368.974121,4500,4535.641113,4529.487305,4507.179688,4388.461426,4376.410156,4561.922852,4501.538574,4485.128418,4371.794922,4568.717773,4374.358887,4550.512695,4498.974121,4381.666504,4507.307617,4481.666504,2650,1,25,1536,12207,,,,0,4,4,4,4,4,4,4,4,4,4,4,4,4,4,4,4,4,4,4,4,4,4,4,4,4,4,4,4,4,4,4,4,100,,,,,,,,,,,,,,,,,,,,,,,,,,,,,,,,,,,,,,,,,,,,,,,,,,,,,,,,,,,,,,,,,,,,,,,,,,,,,,,,,,,,,,,,,,,,,,,,,,,,,,,,,,,,,,,,,,,,,,,,,,,,,,,,,,,,,,,,,,,,,,,,,,,,,,,,,,,,,,,,,,,,,,,,,,,,,,,,,,,,,,,,,,,,,,,,,,,,,,,,,,,,,,
1764665201.206884,1764665201.202873,36351,0,4377.94873,4386.538574,4486.922852,4498.974121,4381.794922,4501.538574,4532.307617,4370.769043,4554.743652,4373.461426,4480.512695,4498.461426,4554.487305,4390.897461,4367.563965,4498.333496,4534.487305,4529.487305,4501.922852,4385.897461,4373.589844,4560.641113,4498.846191,4484.615234,4370,4565.128418,4372.436035,4548.461426,4496.794922,4378.461426,4502.05127,4480.256348,2821,1,25,1536,12207,,,,0,4,4,4,4,4,4,4,4,4,4,4,4,4,4,4,4,4,4,4,4,4,4,4,4,4,4,4,4,4,4,4,4,100,,,,,,,,,,,,,,,,,,,,,,,,,,,,,,,,,,,,,,,,,,,,,,,,,,,,,,,,,,,,,,,,,,,,,,,,,,,,,,,,,,,,,,,,,,,,,,,,,,,,,,,,,,,,,,,,,,,,,,,,,,,,,,,,,,,,,,,,,,,,,,,,,,,,,,,,,,,,,,,,,,,,,,,,,,,,,,,,,,,,,,,,,,,,,,,,,,,,,,,,,,,,,,
1764665201.210792,1764665201.206780,36352,0,4377.820313,4389.487305,4485.512695,4498.846191,4385.641113,4502.436035,4536.025879,4372.179688,4549.615234,4369.615234,4477.563965,4500.256348,4552.436035,4390.641113,4367.179688,4500.128418,4534.871582,4529.615234,4496.410156,4383.461426,4373.077148,4560.256348,4500,4487.05127,4377.05127,4562.05127,4373.846191,4548.717773,4496.666504,4377.307617,4501.153809,4481.666504,2757,1,25,1792,12215,,,,0,4,4,4,4,4,4,4,4,4,4,4,4,4,4,4,4,4,4,4,4,4,4,4,4,4,4,4,4,4,4,4,4,100,,,,,,,,,,,,,,,,,,,,,,,,,,,,,,,,,,,,,,,,,,,,,,,,,,,,,,,,,,,,,,,,,,,,,,,,,,,,,,,,,,,,,,,,,,,,,,,,,,,,,,,,,,,,,,,,,,,,,,,,,,,,,,,,,,,,,,,,,,,,,,,,,,,,,,,,,,,,,,,,,,,,,,,,,,,,,,,,,,,,,,,,,,,,,,,,,,,,,,,,,,,,,,
1764665201.214700,1764665201.210687,36353,0,4380.384766,4394.358887,4488.333496,4503.461426,4392.94873,4505.512695,4539.743652,4376.922852,4549.743652,4373.205078,4477.820313,4505.897461,4552.94873,4389.615234,4368.461426,4504.230957,4536.794922,4529.230957,4493.077148,4381.922852,4374.743652,4560.512695,4504.230957,4490.512695,4388.461426,4559.615234,4377.05127,4550.769043,4498.846191,4378.205078,4504.102539,4484.743652,2914,1,25,1792,12215,,,,0,4,4,4,4,4,4,4,4,4,4,4,4,4,4,4,4,4,4,4,4,4,4,4,4,4,4,4,4,4,4,4,4,100,,,,,,,,,,,,,,,,,,,,,,,,,,,,,,,,,,,25472,0,0.255004,-0.61145,-0.723206,0.195129,0.984495,0.166036,0.037602,22.666666,27.666666,43,,,,,,,,,,,,,,,,,,,,,,,,,,,,,,,,,,,,,,,,,,,,,,,,,,,,,,,,,,,,,,,,,,,,,,,,,,,,,,,,,,,,,,,,,,,,,,,,,,,,,,,,,,,,,,,,,,,,,,,,,,,,,,,,,,,,,,,,,,,,,,,,,,,,,,,,,,,,,,,,
1764665201.218608,1764665201.214594,36354,0,4385.256348,4399.230957,4493.589844,4511.282227,4399.743652,4510.769043,4542.436035,4383.974121,4555.256348,4383.077148,4481.153809,4513.461426,4555.897461,4388.205078,4371.282227,4508.077148,4539.230957,4528.717773,4492.692383,4382.436035,4378.461426,4561.153809,4509.487305,4493.077148,4398.077148,4559.230957,4380.128418,4553.717773,4501.922852,4380.641113,4507.692383,4487.820313,2604,1,25,2048,12222,,,,0,4,4,4,4,4,4,4,4,4,4,4,4,4,4,4,4,4,4,4,4,4,4,4,4,4,4,4,4,4,4,4,4,100,,,,,,,,,,,,,,,,,,,,,,,,,,,,,,,,,,,,,,,,,,,,,,,,,,,,,,,,,,,,,,,,,,,,,,,,,,,,,,,,,,,,,,,,,,,,,,,,,,,,,,,,,,,,,,,,,,,,,,,,,,,,,,,,,,,,,,,,,,,,,,,,,,,,,,,,,,,,,,,,,,,,,,,,,,,,,,,,,,,,,,,,,,,,,,,,,,,,,,,,,,,,,,
1764665201.222516,1764665201.218501,36355,0,4390.769043,4402.179688,4497.820313,4518.974121,4402.820313,4516.025879,4543.589844,4390.256348,4563.846191,4394.871582,4486.410156,4519.615234,4559.743652,4386.794922,4374.615234,4509.230957,4541.025879,4529.102539,4494.102539,4385.256348,4383.717773,4562.05127,4512.563965,4493.974121,4402.05127,4561.410156,4381.922852,4555.769043,4504.230957,4383.589844,4508.974121,4489.230957,2856,1,25,2048,12222,,,,0,4,4,4,4,4,4,4,4,4,4,4,4,4,4,4,4,4,4,4,4,4,4,4,4,4,4,4,4,4,4,4,4,100,,,,,,,,,,,,,,,,,,,,,,,,,,,,,,,,,,,,,,,,,,,,,,,,,,,,,,,,,,,,,,,,,,,,,,,,,,,,,,,,,,,,,,,,,,,,,,,,,,,,,,,,,,,,,,,,,,,,,,,,,,,,,,,,,,,,,,,,,,,,,,,,,,,,,,,,,,,,,,,,,,,,,,,,,,,,,,,,,,,,,,,,,,,,,,,,,,,,,,,,,,,,,,
1764665201.226425,1764665201.222408,36356,0,4393.974121,4402.179688,4498.077148,4522.820313,4401.153809,4518.589844,4542.563965,4393.077148,4571.153809,4402.94873,4491.410156,4522.692383,4562.307617,4385.641113,4376.153809,4507.563965,4541.410156,4530.769043,4496.153809,4388.589844,4388.205078,4562.563965,4512.307617,4493.077148,4400.769043,4564.487305,4381.922852,4555.512695,4504.230957,4385.641113,4507.820313,4488.205078,2747,1,25,2304,12230,,,,0,4,4,4,4,4,4,4,4,4,4,4,4,4,4,4,4,4,4,4,4,4,4,4,4,4,4,4,4,4,4,4,4,100,,,,,,,,,,,,,,,,,,,,,,,,,,,,,,,,,,,,,,,,,,,,,,,,,,,,,,,,,,,,,,,,,,,,,,,,,,,,,,,,,,,,,,,,,,,,,,,,,,,,,,,,,,,,,,,,,,,,,,,,,,,,,,,,,,,,,,,,,,,,,,,,,,,,,,,,,,,,,,,,,,,,,,,,,,,,,,,,,,,,,,,,,,,,,,,,,,,,,,,,,,,,,,
1764665201.230333,1764665201.226315,36357,0,4393.846191,4399.871582,4494.487305,4521.538574,4396.922852,4517.307617,4540.256348,4391.410156,4573.846191,4403.974121,4494.102539,4522.692383,4562.436035,4385,4375.256348,4504.743652,4540.897461,4532.94873,4498.205078,4390.769043,4390.256348,4562.692383,4509.615234,4491.153809,4397.307617,4566.410156,4380.897461,4553.717773,4502.179688,4386.153809,4506.153809,4486.666504,2790,1,25,2304,12230,,,,0,4,4,4,4,4,4,4,4,4,4,4,4,4,4,4,4,4,4,4,4,4,4,4,4,4,4,4,4,4,4,4,4,100,,,,,,,,,,,,,,,,,,,,,,,,,,,,,,,,,,,25473,0,0.255097,-0.61145,-0.723206,0.195007,0.978635,0.169943,0.038091,23.5,29.166666,45.166668,,,,,,,,,,,,,,,,,,,,,,,,,,,,,,,,,,,,,,,,,,,,,,,,,,,,,,,,,,,,,,,,,,,,,,,,,,,,,,,,,,,,,,,,,,,,,,,,,,,,,,,,,,,,,,,,,,,,,,,,,,,,,,,,,,,,,,,,,,,,,,,,,,,,,,,,,,,,,,,,
1764665201.234241,1764665201.230222,36358,0,4391.025879,4397.307617,4491.153809,4517.307617,4393.717773,4514.102539,4538.846191,4387.436035,4571.922852,4398.846191,4493.974121,4521.922852,4560.769043,4385.128418,4372.94873,4503.974121,4540.384766,4535,4500.641113,4391.666504,4389.743652,4562.179688,4507.05127,4489.230957,4393.589844,4566.153809,4380,4552.307617,4499.487305,4385.512695,4506.538574,4487.05127,2793,1,25,2560,12238,,,,0,4,4,4,4,4,4,4,4,4,4,4,4,4,4,4,4,4,4,4,4,4,4,4,4,4,4,4,4,4,4,4,4,100,,,,,,,,,,,,,,,,,,,,,,,,,,,,,,,,,,,,,,,,,,,,,,,,,,,,,,,,,,,,,,,,,,,,,,,,,,,,,,,,,,,,,,,,,,,,,,,,,,,,,,,,,,,,,,,,,,,,,,,,,,,,,,,,,,,,,,,,,,,,,,,,,,,,,,,,,,,,,,,,,,,,,,,,,,,,,,,,,,,,,,,,,,,,,,,,,,,,,,,,,,,,,,
1764665201.238150,1764665201.234129,36359,0,4388.077148,4396.538574,4491.794922,4513.333496,4393.717773,4511.794922,4539.102539,4384.358887,4568.461426,4391.282227,4492.307617,4521.410156,4558.846191,4385.897461,4370.641113,4505.897461,4540.641113,4535.769043,4503.077148,4391.794922,4387.179688,4560.769043,4506.410156,4488.205078,4389.487305,4563.846191,4380.128418,4552.692383,4498.205078,4384.615234,4509.358887,4489.871582,2987,1,25,2560,12238,,,,0,4,4,4,4,4,4,4,4,4,4,4,4,4,4,4,4,4,4,4,4,4,4,4,4,4,4,4,4,4,4,4,4,100,,,,,,,,,,,,,,,,,,,,,,,,,,,,,,,,,,,,,,,,,,,,,,,,,,,,,,,,,,,,,,,,,,,,,,,,,,,,,,,,,,,,,,,,,,,,,,,,,,,,,,,,,,,,,,,,,,,,,,,,,,,,,,,,,,,,,,,,,,,,,,,,,,,,,,,,,,,,,,,,,,,,,,,,,,,,,,,,,,,,,,,,,,,,,,,,,,,,,,,,,,,,,,
1764665201.242058,1764665201.238036,36360,0,4386.538574,4397.563965,4496.410156,4511.282227,4396.153809,4511.794922,4540,4383.461426,4566.794922,4384.871582,4491.153809,4521.282227,4557.436035,4386.922852,4368.974121,4508.589844,4541.282227,4534.615234,4504.102539,4391.538574,4383.846191,4558.077148,4506.794922,4487.820313,4383.589844,4560.512695,4380.641113,4554.615234,4498.333496,4383.205078,4511.922852,4492.179688,2864,1,25,2560,12246,,,,0,4,4,4,4,4,4,4,4,4,4,4,4,4,4,4,4,4,4,4,4,4,4,4,4,4,4,4,4,4,4,4,4,100,,,,,,,,,,,,,,,,,,,,,,,,,,,,,,,,,,,,,,,,,,,,,,,,,,,,,,,,,,,,,,,,,,,,,,,,,,,,,,,,,,,,,,,,,,,,,,,,,,,,,,,,,,,,,,,,,,,,,,,,,,,,,,,,,,,,,,,,,,,,,,,,,,,,,,,,,,,,,,,,,,,,,,,,,,,,,,,,,,,,,,,,,,,,,,,,,,,,,,,,,,,,,,
1764665201.245966,1764665201.241942,36361,0,4386.538574,4398.846191,4501.666504,4511.025879,4398.717773,4513.589844,4538.974121,4384.102539,4567.820313,4381.666504,4491.538574,4520.512695,4555.897461,4387.307617,4367.436035,4509.102539,4541.282227,4531.410156,4502.94873,4390.384766,4381.153809,4554.743652,4506.282227,4487.05127,4375.897461,4557.436035,4380.769043,4556.025879,4498.461426,4381.410156,4511.922852,4491.282227,2714,1,25,2560,12246,,,,0,4,4,4,4,4,4,4,4,4,4,4,4,4,4,4,4,4,4,4,4,4,4,4,4,4,4,4,4,4,4,4,4,100,,,,,,,,,,,,,,,,,,,,,,,,,,,,,,,,,,,25474,0,0.255097,-0.61145,-0.723206,0.195007,0.974728,0.177268,0.034672,22.833334,30.166666,43.666668,,,,,,,,,,,,,,,,,,,,,,,,,,,,,,,,,,,,,,,,,,,,,,,,,,,,,,,,,,,,,,,,,,,,,,,,,,,,,,,,,,,,,,,,,,,,,,,,,,,,,,,,,,,,,,,,,,,,,,,,,,,,,,,,,,,,,,,,,,,,,,,,,,,,,,,,,,,,,,,,
1764665201.249874,1764665201.245849,36362,0,4387.05127,4399.102539,4504.487305,4511.410156,4400,4515.769043,4534.871582,4384.615234,4570.128418,4382.436035,4493.205078,4518.846191,4554.358887,4386.794922,4366.538574,4506.282227,4540.641113,4527.820313,4500.769043,4388.461426,4380.256348,4552.307617,4504.102539,4485.897461,4368.461426,4556.410156,4380.769043,4555.128418,4497.692383,4380,4509.487305,4487.307617,2277,1,25,2560,12254,,,,0,4,4,4,4,4,4,4,4,4,4,4,4,4,4,4,4,4,4,4,4,4,4,4,4,4,4,4,4,4,4,4,4,100,,,,,,,,,,,,,,,,,,,,,,,,,,,,,,,,,,,,,,,,,,,,,,,,,,,,,,,,,,,,,,,,,,,,,,,,,,,,,,,,,,,,,,,,,,,,,,,,,,,,,,,,,,,,,,,,,,,,,,,,,,,,,,,,,,,,,,,,,,,,,,,,,,,,,,,,,,,,,,,,,,,,,,,,,,,,,,,,,,,,,,,,,,,,,,,,,,,,,,,,,,,,,,
1764665201.253783,1764665201.249756,36363,0,4386.794922,4397.436035,4503.717773,4511.410156,4400.256348,4516.410156,4529.871582,4384.615234,4571.794922,4386.538574,4494.615234,4516.666504,4553.205078,4385.512695,4366.922852,4502.05127,4539.615234,4525.512695,4498.974121,4386.410156,4380.897461,4551.922852,4501.410156,4484.615234,4363.974121,4558.077148,4381.153809,4552.05127,4495.769043,4379.487305,4506.666504,4482.94873,2680,1,25,2560,12254,,,,0,4,4,4,4,4,4,4,4,4,4,4,4,4,4,4,4,4,4,4,4,4,4,4,4,4,4,4,4,4,4,4,4,100,,,,,,,,,,,,,,,,,,,,,,,,,,,,,,,,,,,,,,,,,,,,,,,,,,,,,,,,,,,,,,,,,,,,,,,,,,,,,,,,,,,,,,,,,,,,,,,,,,,,,,,,,,,,,,,,,,,,,,,,,,,,,,,,,,,,,,,,,,,,,,,,,,,,,,,,,,,,,,,,,,,,,,,,,,,,,,,,,,,,,,,,,,,,,,,,,,,,,,,,,,,,,,
1764665201.257691,1764665201.253663,36364,0,4385,4393.717773,4500.256348,4510.256348,4399.615234,4514.487305,4526.666504,4383.974121,4571.282227,4391.153809,4494.487305,4513.974121,4553.077148,4384.358887,4368.461426,4498.589844,4537.94873,4524.743652,4498.077148,4383.846191,4381.153809,4553.461426,4498.589844,4483.077148,4363.717773,4560.128418,4381.538574,4548.077148,4493.589844,4379.102539,4505,4480.384766,2490,1,25,2560,12261,,,,0,4,4,4,4,4,4,4,4,4,4,4,4,4,4,4,4,4,4,4,4,4,4,4,4,4,4,4,4,4,4,4,4,100,,,,,,,,,,,,,,,,,,,,,,,,,,,,,,,,,,,,,,,,,,,,,,,,,,,,,,,,,,,,,,,,,,,,,,,,,,,,,,,,,,,,,,,,,,,,,,,,,,,,,,,,,,,,,,,,,,,,,,,,,,,,,,,,,,,,,,,,,,,,,,,,,,,,,,,,,,,,,,,,,,,,,,,,,,,,,,,,,,,,,,,,,,,,,,,,,,,,,,,,,,,,,,
1764665201.261599,1764665201.257570,36365,0,4381.538574,4388.589844,4495.256348,4508.077148,4397.179688,4509.615234,4525.384766,4382.436035,4567.692383,4391.282227,4492.307617,4510.256348,4553.333496,4384.230957,4369.615234,4497.307617,4534.743652,4523.846191,4497.820313,4380.641113,4378.974121,4555,4495.641113,4480.769043,4367.05127,4559.102539,4380.128418,4544.358887,4491.538574,4376.666504,4503.333496,4478.589844,2234,1,25,2560,12261,,,,0,4,4,4,4,4,4,4,4,4,4,4,4,4,4,4,4,4,4,4,4,4,4,4,4,4,4,4,4,4,4,4,4,100,,,,,,,,,,,,,,,,,,,,,,,,,,,,,,,,,,,25475,0,0.255243,-0.611389,-0.723206,0.195007,0.9801,0.179221,0.048834,23.833334,29.666666,44.333332,,,,,,,,,,,,,,,,,,,,,,,,,,,,,,,,,,,,,,,,,,,,,,,,,,,,,,,,,,,,,,,,,,,,,,,,,,,,,,,,,,,,,,,,,,,,,,,,,,,,,,,,,,,,,,,,,,,,,,,,,,,,,,,,,,,,,,,,,,,,,,,,,,,,,,,,,,,,,,,,
1764665201.265507,1764665201.261477,36366,0,4377.436035,4382.820313,4489.871582,4505.641113,4392.307617,4503.717773,4524.615234,4380,4561.922852,4384.615234,4488.589844,4505.897461,4553.333496,4385.769043,4369.487305,4497.94873,4530.769043,4522.307617,4497.820313,4377.179688,4374.358887,4554.743652,4492.692383,4477.820313,4372.436035,4554.615234,4375.897461,4541.794922,4490.128418,4371.666504,4499.871582,4475.769043,2702,1,25,2304,12269,,,,0,4,4,4,4,4,4,4,4,4,4,4,4,4,4,4,4,4,4,4,4,4,4,4,4,4,4,4,4,4,4,4,4,100,,,,,,,,,,,,,,,,,,,,,,,,,,,,,,,,,,,,,,,,,,,,,,,,,,,,,,,,,,,,,,,,,,,,,,,,,,,,,,,,,,,,,,,,,,,,,,,,,,,,,,,,,,,,,,,,,,,,,,,,,,,,,,,,,,,,,,,,,,,,,,,,,,,,,,,,,,,,,,,,,,,,,,,,,,,,,,,,,,,,,,,,,,,,,,,,,,,,,,,,,,,,,,
1764665201.269416,1764665201.265384,36367,0,4374.230957,4378.205078,4484.871582,4504.615234,4386.538574,4498.589844,4522.820313,4377.05127,4556.538574,4373.589844,4484.230957,4501.666504,4552.692383,4388.333496,4368.461426,4499.358887,4527.436035,4520.769043,4498.589844,4375.384766,4369.871582,4552.94873,4490.512695,4475.128418,4378.205078,4549.102539,4369.487305,4540.256348,4489.358887,4365.384766,4493.974121,4471.282227,2494,1,25,2304,12269,,,,0,4,4,4,4,4,4,4,4,4,4,4,4,4,4,4,4,4,4,4,4,4,4,4,4,4,4,4,4,4,4,4,4,100,,,,,,,,,,,,,,,,,,,,,,,,,,,,,,,,,,,,,,,,,,,,,,,,,,,,,,,,,,,,,,,,,,,,,,,,,,,,,,,,,,,,,,,,,,,,,,,,,,,,,,,,,,,,,,,,,,,,,,,,,,,,,,,,,,,,,,,,,,,,,,,,,,,,,,,,,,,,,,,,,,,,,,,,,,,,,,,,,,,,,,,,,,,,,,,,,,,,,,,,,,,,,,
1764665201.273324,1764665201.269291,36368,0,4372.307617,4375.384766,4480.384766,4505.128418,4381.538574,4495.384766,4519.487305,4374.230957,4553.333496,4363.846191,4479.743652,4497.563965,4551.282227,4390.128418,4366.922852,4499.358887,4525.641113,4520.384766,4500,4375.897461,4367.307617,4550.128418,4489.230957,4472.692383,4382.179688,4544.871582,4362.94873,4538.589844,4488.461426,4360.897461,4486.410156,4465.384766,2854,1,25,2304,12277,,,,0,4,4,4,4,4,4,4,4,4,4,4,4,4,4,4,4,4,4,4,4,4,4,4,4,4,4,4,4,4,4,4,4,100,,,,,,,,,,,,,,,,,,,,,,,,,,,,,,,,,,,,,,,,,,,,,,,,,,,,,,,,,,,,,,,,,,,,,,,,,,,,,,,,,,,,,,,,,,,,,,,,,,,,,,,,,,,,,,,,,,,,,,,,,,,,,,,,,,,,,,,,,,,,,,,,,,,,,,,,,,,,,,,,,,,,,,,,,,,,,,,,,,,,,,,,,,,,,,,,,,,,,,,,,,,,,,
1764665201.277232,1764665201.273198,36369,0,4370.641113,4373.077148,4476.025879,4505.384766,4377.94873,4492.692383,4515.256348,4371.410156,4551.666504,4358.717773,4475.384766,4493.077148,4549.102539,4388.717773,4364.743652,4496.922852,4524.102539,4519.487305,4500.512695,4376.922852,4366.666504,4546.153809,4488.077148,4469.615234,4382.307617,4541.410156,4357.05127,4535,4486.153809,4359.230957,4478.974121,4458.846191,2902,1,25,2304,12277,,,,0,4,4,4,4,4,4,4,4,4,4,4,4,4,4,4,4,4,4,4,4,4,4,4,4,4,4,4,4,4,4,4,4,100,,,,,,,,,,,,,,,,,,,,,,,,,,,,,,,,,,,25476,0,0.255463,-0.611389,-0.723145,0.194946,0.9801,0.179221,0.048834,23.5,28.833334,43.5,,,,,,,,,,,,,,,,,,,,,,,,,,,,,,,,,,,,,,,,,,,,,,,,,,,,,,,,,,,,,,,,,,,,,,,,,,,,,,,,,,,,,,,,,,,,,,,,,,,,,,,,,,,,,,,,,,,,,,,,,,,,,,,,,,,,,,,,,,,,,,,,,,,,,,,,,,,,,,,,
1764665201.281140,1764665201.277105,36370,0,4368.333496,4369.743652,4472.436035,4504.102539,4375.512695,4489.358887,4511.922852,4368.717773,4549.871582,4356.538574,4471.922852,4488.717773,4546.794922,4383.974121,4362.05127,4492.820313,4521.282227,4516.538574,4498.461426,4376.025879,4366.025879,4541.666504,4486.410156,4465.128418,4377.94873,4537.307617,4352.563965,4529.230957,4482.307617,4359.743652,4473.717773,4453.077148,1752,1,25,2560,12285,,,,0,4,4,4,4,4,4,4,4,4,4,4,4,4,4,4,4,4,4,4,4,4,4,4,4,4,4,4,4,4,4,4,4,100,,,,,,,,,,,,,,,,,,,,,,,,,,,,,,,,,,,,,,,,,,,,,,,,,,,,,,,,,,,,,,,,,,,,,,,,,,,,,,,,,,,,,,,,,,,,,,,,,,,,,,,,,,,,,,,,,,,,,,,,,,,,,,,,,,,,,,,,,,,,,,,,,,,,,,,,,,,,,,,,,,,,,,,,,,,,,,,,,,,,,,,,,,,,,,,,,,,,,,,,,,,,,,
1764665201.285049,1764665201.281012,36371,0,4366.410156,4366.282227,4471.794922,4502.179688,4374.358887,4486.794922,4511.282227,4368.205078,4547.563965,4354.358887,4471.025879,4486.666504,4545.897461,4378.846191,4360.769043,4489.743652,4518.205078,4512.563965,4494.358887,4373.589844,4365.384766,4538.846191,4485.641113,4461.153809,4371.922852,4532.94873,4351.153809,4524.358887,4478.974121,4361.794922,4472.820313,4451.153809,2950,1,25,2560,12285,,,,0,4,4,4,4,4,4,4,4,4,4,4,4,4,4,4,4,4,4,4,4,4,4,4,4,4,4,4,4,4,4,4,4,100,,,,,,,,,,,,,,,,,,,,,,,,,,,,,,,,,,,,,,,,,,,,,,,,,,,,,,,,,,,,,,,,,,,,,,,,,,,,,,,,,,,,,,,,,,,,,,,,,,,,,,,,,,,,,,,,,,,,,,,,,,,,,,,,,,,,,,,,,,,,,,,,,,,,,,,,,,,,,,,,,,,,,,,,,,,,,,,,,,,,,,,,,,,,,,,,,,,,,,,,,,,,,,
1764665201.288957,1764665201.284919,36372,0,4367.179688,4366.025879,4475.641113,4502.692383,4376.282227,4488.077148,4514.871582,4371.538574,4546.666504,4352.307617,4473.717773,4488.717773,4548.205078,4377.692383,4363.589844,4491.282227,4517.820313,4511.794922,4491.282227,4372.179688,4366.794922,4540.897461,4488.205078,4461.794922,4368.589844,4531.922852,4354.487305,4524.487305,4479.102539,4365.769043,4477.94873,4455.769043,2507,1,25,2560,12293,,,,0,4,4,4,4,4,4,4,4,4,4,4,4,4,4,4,4,4,4,4,4,4,4,4,4,4,4,4,4,4,4,4,4,100,,,,,,,,,,,,,,,,,,,,,,,,,,,,,,,,,,,,,,,,,,,,,,,,,,,,,,,,,,,,,,,,,,,,,,,,,,,,,,,,,,,,,,,,,,,,,,,,,,,,,,,,,,,,,,,,,,,,,,,,,,,,,,,,,,,,,,,,,,,,,,,,,,,,,,,,,,,,,,,,,,,,,,,,,,,,,,,,,,,,,,,,,,,,,,,,,,,,,,,,,,,,,,
1764665201.292865,1764665201.288826,36373,0,4372.179688,4371.794922,4483.589844,4507.692383,4382.179688,4494.615234,4521.153809,4378.461426,4549.743652,4354.743652,4479.615234,4495.128418,4553.589844,4382.179688,4370.897461,4497.94873,4523.077148,4517.436035,4492.05127,4374.743652,4371.538574,4547.94873,4495,4469.230957,4371.922852,4536.666504,4362.820313,4531.153809,4483.589844,4372.563965,4488.205078,4467.436035,2813,1,25,2560,12293,,,,0,4,4,4,4,4,4,4,4,4,4,4,4,4,4,4,4,4,4,4,4,4,4,4,4,4,4,4,4,4,4,4,4,100,,,,,,,,,,,,,,,,,,,,,,,,,,,,,,,,,,,25477,0,0.255237,-0.61145,-0.723206,0.194824,0.990355,0.174826,0.035161,23.833334,28.833334,45.5,,,,,,,,,,,,,,,,,,,,,,,,,,,,,,,,,,,,,,,,,,,,,,,,,,,,,,,,,,,,,,,,,,,,,,,,,,,,,,,,,,,,,,,,,,,,,,,,,,,,,,,,,,,,,,,,,,,,,,,,,,,,,,,,,,,,,,,,,,,,,,,,,,,,,,,,,,,,,,,,
1764665201.296774,1764665201.292733,36374,0,4380.128418,4382.820313,4492.820313,4515.769043,4390.384766,4504.102539,4526.922852,4385.641113,4556.538574,4365.384766,4486.025879,4503.846191,4559.102539,4390.512695,4380,4506.666504,4533.077148,4528.205078,4497.563965,4381.410156,4378.846191,4556.410156,4504.358887,4481.922852,4381.282227,4546.282227,4373.333496,4541.794922,4491.410156,4381.538574,4500.384766,4481.794922,2923,1,25,2561,12301,,,,0,4,4,4,4,4,4,4,4,4,4,4,4,4,4,4,4,4,4,4,4,4,4,4,4,4,4,4,4,4,4,4,4,100,,,,,,,,,,,,,,,,,,,,,,,,,,,,,,,,,,,,,,,,,,,,,,,,,,,,,,,,,,,,,,,,,,,,,,,,,,,,,,,,,,,,,,,,,,,,,,,,,,,,,,,,,,,,,,,,,,,,,,,,,,,,,,,,,,,,,,,,,,,,,,,,,,,,,,,,,,,,,,,,,,,,,,,,,,,,,,,,,,,,,,,,,,,,,,,,,,,,,,,,,,,,,,
1764665201.300682,1764665201.296640,36375,0,4387.05127,4394.871582,4499.871582,4522.692383,4397.436035,4511.282227,4529.358887,4389.487305,4564.102539,4382.307617,4489.487305,4511.922852,4562.05127,4398.077148,4385.769043,4512.436035,4543.077148,4538.461426,4504.871582,4388.717773,4385.256348,4561.666504,4512.05127,4493.846191,4391.410156,4556.538574,4381.794922,4551.153809,4499.230957,4389.615234,4510.128418,4492.436035,2835,1,25,2561,12301,,,,0,4,4,4,4,4,4,4,4,4,4,4,4,4,4,4,4,4,4,4,4,4,4,4,4,4,4,4,4,4,4,4,4,100,,,,,,,,,,,,,,,,,,,,,,,,,,,,,,,,,,,,,,,,,,,,,,,,,,,,,,,,,,,,,,,,,,,,,,,,,,,,,,,,,,,,,,,,,,,,,,,,,,,,,,,,,,,,,,,,,,,,,,,,,,,,,,,,,,,,,,,,,,,,,,,,,,,,,,,,,,,,,,,,,,,,,,,,,,,,,,,,,,,,,,,,,,,,,,,,,,,,,,,,,,,,,,
1764665201.304590,1764665201.300547,36376,0,4388.974121,4401.794922,4501.538574,4523.974121,4399.102539,4512.307617,4527.94873,4387.820313,4568.205078,4396.410156,4487.692383,4516.025879,4561.025879,4401.025879,4384.615234,4511.922852,4547.05127,4541.922852,4509.743652,4391.922852,4387.563965,4561.410156,4514.230957,4498.717773,4394.871582,4562.307617,4383.974121,4554.615234,4503.077148,4392.820313,4513.461426,4493.974121,2760,1,25,2562,12308,,,,0,4,4,4,4,4,4,4,4,4,4,4,4,4,4,4,4,4,4,4,4,4,4,4,4,4,4,4,4,4,4,4,4,100,,,,,,,,,,,,,,,,,,,,,,,,,,,,,,,,,,,,,,,,,,,,,,,,,,,,,,,,,,,,,,,,,,,,,,,,,,,,,,,,,,,,,,,,,,,,,,,,,,,,,,,,,,,,,,,,,,,,,,,,,,,,,,,,,,,,,,,,,,,,,,,,,,,,,,,,,,,,,,,,,,,,,,,,,,,,,,,,,,,,,,,,,,,,,,,,,,,,,,,,,,,,,,
1764665201.308498,1764665201.304454,36377,0,4384.102539,4400.128418,4496.794922,4517.692383,4394.102539,4506.922852,4524.358887,4381.794922,4565.897461,4398.461426,4481.538574,4514.102539,4557.307617,4398.077148,4377.179688,4505.641113,4541.922852,4536.794922,4508.717773,4389.358887,4384.358887,4557.179688,4509.743652,4494.102539,4388.205078,4561.153809,4378.717773,4550.384766,4500.769043,4389.102539,4508.717773,4485.641113,2811,1,25,2562,12308,,,,0,4,4,4,4,4,4,4,4,4,4,4,4,4,4,4,4,4,4,4,4,4,4,4,4,4,4,4,4,4,4,4,4,100,,,,,,,,,,,,,,,,,,,,,,,,,,,,,,,,,,,25478,0,0.255064,-0.611633,-0.723145,0.194702,0.984495,0.175314,0.030277,22.333334,29.833334,44.166668,,,,,,,,,,,,,,,,,,,,,,,,,,,,,,,,,,,,,,,,,,,,,,,,,,,,,,,,,,,,,,,,,,,,,,,,,,,,,,,,,,,,,,,,,,,,,,,,,,,,,,,,,,,,,,,,,,,,,,,,,,,,,,,,,,,,,,,,,,,,,,,,,,,,,,,,,,,,,,,,
1764665201.312407,1764665201.308361,36378,0,4375.128418,4391.282227,4487.94873,4506.410156,4384.871582,4498.333496,4520.641113,4374.487305,4558.589844,4387.307617,4475.256348,4506.922852,4553.077148,4391.538574,4368.205078,4498.077148,4530.769043,4527.05127,4502.179688,4382.307617,4376.922852,4552.05127,4501.153809,4483.205078,4376.282227,4555.384766,4368.974121,4541.666504,4493.589844,4380.769043,4498.333496,4472.179688,1952,1,25,2563,12316,,,,0,4,4,4,4,4,4,4,4,4,4,4,4,4,4,4,4,4,4,4,4,4,4,4,4,4,4,4,4,4,4,4,4,100,,,,,,,,,,,,,,,,,,,,,,,,,,,,,,,,,,,,,,,,,,,,,,,1.301816,1.696483,0.416547,0.819126,0.686417,2.902847,2.364285,0.594689,0.892182,0.639584,2.424572,2.117518,0.628667,1.063621,0.683234,2.009467,1.638611,0.628374,0.680883,0.810086,3.178158,2.031682,0.516995,0.947856,0.691483,1.601195,2.16175,0.626265,0.836917,0.516021,0.97808,1.984842,0.761546,1.090097,0.567671,1.231254,1.494405,0.780985,1.047352,0.745997,0.846325,1.698385,0.787111,0.792699,0.839773,0.791332,1.576245,1.191703,1.829103,1.130153,0.984411,1.374189,0.420239,0.602398,0.406403,1.240529,2.089746,0.51641,0.769171,0.709944,0.813759,1.052593,0.508589,0.836865,0.472169,0.406585,0.496098,0.374938,0.449748,0.460838,0.537327,1.085785,0.692635,0.450217,0.43296,0.65232,0.984443,0.426408,0.691797,0.461937,1.521467,2.107612,0.765922,0.900866,0.627758,0.638216,1.670351,0.697982,0.950985,0.795769,0.283571,0.618879,0.464067,0.556422,0.53219,0.416326,0.776154,0.714918,0.854633,0.615864,0.714608,1.007221,0.761153,0.856554,0.665669,1.250356,1.355334,0.599735,0.921998,0.645838,1.749489,2.305672,0.589687,0.733265,0.561873,1.33852,1.359638,0.476279,1.171641,0.671742,1.533449,2.017116,2.833069,2.261114,1.936115,1.928646,1.499572,0.470249,0.744279,0.685343,1.818983,2.168137,0.909927,1.140644,0.644987,1.915218,2.051735,0.462132,0.98576,0.543357,0.925772,0.890872,0.22242,0.456495,0.322418,2.855012,1.416785,0.545566,0.824011,0.542328,2.386801,1.69659,0.610519,0.9039,0.610703,2.740581,1.574069,0.510035,1.028273,0.608291
1764665201.316315,1764665201.312268,36379,0,4367.563965,4381.153809,4479.230957,4496.153809,4376.794922,4491.025879,4518.461426,4369.743652,4551.538574,4370.897461,4473.589844,4498.461426,4551.025879,4385.256348,4363.205078,4494.743652,4520.897461,4519.743652,4495,4375.641113,4369.487305,4548.974121,4493.589844,4473.077148,4368.974121,4549.871582,4360.769043,4534.230957,4486.153809,4373.077148,4488.717773,4461.666504,2629,1,25,2563,12316,,,,0,4,4,4,4,4,4,4,4,4,4,4,4,4,4,4,4,4,4,4,4,4,4,4,4,4,4,4,4,4,4,4,4,100,,,,,,,,,,,,,,,,,,,,,,,,,,,,,,,,,,,,,,,,,,,,,,,,,,,,,,,,,,,,,,,,,,,,,,,,,,,,,,,,,,,,,,,,,,,,,,,,,,,,,,,,,,,,,,,,,,,,,,,,,,,,,,,,,,,,,,,,,,,,,,,,,,,,,,,,,,,,,,,,,,,,,,,,,,,,,,,,,,,,,,,,,,,,,,,,,,,,,,,,,,,,,,
1764665201.320223,1764665201.316175,36380,0,4365.769043,4376.153809,4475,4492.563965,4374.487305,4487.820313,4518.333496,4369.743652,4549.102539,4360.512695,4478.205078,4493.717773,4551.922852,4382.307617,4364.871582,4497.436035,4518.974121,4519.743652,4493.205078,4373.333496,4365.769043,4549.358887,4490.897461,4470.384766,4372.05127,4548.974121,4359.102539,4532.820313,4482.692383,4371.025879,4486.025879,4460.384766,2684,1,25,2564,12324,,,,0,4,4,4,4,4,4,4,4,4,4,4,4,4,4,4,4,4,4,4,4,4,4,4,4,4,4,4,4,4,4,4,4,100,,,,,,,,,,,,,,,,,,,,,,,,,,,,,,,,,,,,,,,,,,,,,,,,,,,,,,,,,,,,,,,,,,,,,,,,,,,,,,,,,,,,,,,,,,,,,,,,,,,,,,,,,,,,,,,,,,,,,,,,,,,,,,,,,,,,,,,,,,,,,,,,,,,,,,,,,,,,,,,,,,,,,,,,,,,,,,,,,,,,,,,,,,,,,,,,,,,,,,,,,,,,,,
1764665201.324131,1764665201.320082,36381,0,4369.230957,4378.205078,4477.179688,4496.922852,4378.846191,4489.358887,4520,4373.846191,4552.436035,4362.820313,4486.282227,4495,4554.743652,4383.205078,4371.538574,4503.846191,4525.128418,4526.538574,4498.717773,4376.538574,4367.563965,4552.179688,4493.333496,4476.025879,4381.282227,4552.94873,4364.615234,4538.077148,4485.128418,4375.897461,4491.410156,4468.333496,2506,1,25,2564,12324,,,,0,4,4,4,4,4,4,4,4,4,4,4,4,4,4,4,4,4,4,4,4,4,4,4,4,4,4,4,4,4,4,4,4,100,,,,,,,,,,,,,,,,,,,,,,,,,,,,,,,,,,,25479,0,0.254685,-0.611816,-0.723206,0.194397,0.9801,0.176779,0.035649,22.833334,28.166666,45.833332,,,,,,,,,,,,,,,,,,,,,,,,,,,,,,,,,,,,,,,,,,,,,,,,,,,,,,,,,,,,,,,,,,,,,,,,,,,,,,,,,,,,,,,,,,,,,,,,,,,,,,,,,,,,,,,,,,,,,,,,,,,,,,,,,,,,,,,,,,,,,,,,,,,,,,,,,,,,,,,,
1764665201.328040,1764665201.323989,36382,0,4373.589844,4384.358887,4483.333496,4504.871582,4385.897461,4493.205078,4522.692383,4378.974121,4557.94873,4374.358887,4492.436035,4500.128418,4556.794922,4386.410156,4378.077148,4508.846191,4533.589844,4534.358887,4507.563965,4381.922852,4372.94873,4554.615234,4497.179688,4485.128418,4385.769043,4557.692383,4372.692383,4546.153809,4490.641113,4383.717773,4500.256348,4478.589844,2645,1,25,2565,12332,,,,0,4,4,4,4,4,4,4,4,4,4,4,4,4,4,4,4,4,4,4,4,4,4,4,4,4,4,4,4,4,4,4,4,100,,,,,,,,,,,,,,,,,,,,,,,,,,,,,,,,,,,,,,,,,,,,,,,,,,,,,,,,,,,,,,,,,,,,,,,,,,,,,,,,,,,,,,,,,,,,,,,,,,,,,,,,,,,,,,,,,,,,,,,,,,,,,,,,,,,,,,,,,,,,,,,,,,,,,,,,,,,,,,,,,,,,,,,,,,,,,,,,,,,,,,,,,,,,,,,,,,,,,,,,,,,,,,
1764665201.331948,1764665201.327896,36383,0,4374.615234,4388.205078,4488.717773,4510.641113,4390.384766,4496.025879,4525,4382.179688,4560.769043,4385.897461,4492.436035,4504.871582,4556.410156,4389.487305,4380.512695,4508.461426,4537.563965,4537.179688,4513.077148,4384.487305,4377.94873,4554.871582,4498.205078,4491.410156,4377.563965,4558.077148,4377.820313,4551.666504,4494.743652,4388.589844,4505.897461,4482.692383,2818,1,25,2565,12332,,,,0,4,4,4,4,4,4,4,4,4,4,4,4,4,4,4,4,4,4,4,4,4,4,4,4,4,4,4,4,4,4,4,4,100,,,,,,,,,,,,,,,,,,,,,,,,,,,,,,,,,,,,,,,,,,,,,,,,,,,,,,,,,,,,,,,,,,,,,,,,,,,,,,,,,,,,,,,,,,,,,,,,,,,,,,,,,,,,,,,,,,,,,,,,,,,,,,,,,,,,,,,,,,,,,,,,,,,,,,,,,,,,,,,,,,,,,,,,,,,,,,,,,,,,,,,,,,,,,,,,,,,,,,,,,,,,,,
1764665201.335856,1764665201.331803,36384,0,4371.282227,4386.282227,4488.974121,4510.641113,4389.487305,4495.641113,4525.384766,4382.307617,4559.230957,4390,4486.922852,4506.538574,4553.846191,4391.922852,4378.461426,4503.077148,4535,4533.077148,4511.538574,4382.563965,4380,4553.717773,4495.897461,4491.410156,4359.230957,4552.563965,4377.307617,4551.538574,4494.358887,4386.538574,4504.230957,4476.922852,2749,1,25,2566,12340,,,,0,4,4,4,4,4,4,4,4,4,4,4,4,4,4,4,4,4,4,4,4,4,4,4,4,4,4,4,4,4,4,4,4,100,,,,,,,,,,,,,,,,,,,,,,,,,,,,,,,,,,,,,,,,,,,,,,,,,,,,,,,,,,,,,,,,,,,,,,,,,,,,,,,,,,,,,,,,,,,,,,,,,,,,,,,,,,,,,,,,,,,,,,,,,,,,,,,,,,,,,,,,,,,,,,,,,,,,,,,,,,,,,,,,,,,,,,,,,,,,,,,,,,,,,,,,,,,,,,,,,,,,,,,,,,,,,,
1764665201.339764,1764665201.335710,36385,0,4366.922852,4379.743652,4484.230957,4506.922852,4384.615234,4492.563965,4524.102539,4380.897461,4555.641113,4386.153809,4480.128418,4505.641113,4551.153809,4394.230957,4375.128418,4497.307617,4529.487305,4526.282227,4505.384766,4378.589844,4379.487305,4553.333496,4493.205078,4487.307617,4342.307617,4545.512695,4373.461426,4546.794922,4489.743652,4379.615234,4497.05127,4466.666504,2902,1,25,2566,12340,,,,0,4,4,4,4,4,4,4,4,4,4,4,4,4,4,4,4,4,4,4,4,4,4,4,4,4,4,4,4,4,4,4,4,100,,,,,,,,,,,,,,,,,,,,,,,,,,,,,,,,,,,25480,0,0.254658,-0.611755,-0.723267,0.194397,0.965938,0.180686,0.028324,22.833334,29,43.666668,,,,,,,,,,,,,,,,,,,,,,,,,,,,,,,,,,,,,,,,,,,,,,,,,,,,,,,,,,,,,,,,,,,,,,,,,,,,,,,,,,,,,,,,,,,,,,,,,,,,,,,,,,,,,,,,,,,,,,,,,,,,,,,,,,,,,,,,,,,,,,,,,,,,,,,,,,,,,,,,
1764665201.343673,1764665201.339617,36386,0,4365.256348,4373.717773,4478.077148,4504.230957,4379.871582,4489.871582,4523.077148,4380.384766,4553.717773,4380.128418,4476.666504,4504.102539,4550.128418,4396.410156,4375.128418,4496.025879,4527.436035,4523.205078,4500.769043,4377.692383,4378.846191,4555.897461,4493.717773,4483.717773,4339.871582,4543.077148,4370.512695,4541.282227,4484.487305,4372.820313,4489.871582,4460.897461,2597,1,25,2567,12347,,,,0,4,4,4,4,4,4,4,4,4,4,4,4,4,4,4,4,4,4,4,4,4,4,4,4,4,4,4,4,4,4,4,4,100,,,,,,,,,,,,,,,,,,,,,,,,,,,,,,,,,,,,,,,,,,,,,,,,,,,,,,,,,,,,,,,,,,,,,,,,,,,,,,,,,,,,,,,,,,,,,,,,,,,,,,,,,,,,,,,,,,,,,,,,,,,,,,,,,,,,,,,,,,,,,,,,,,,,,,,,,,,,,,,,,,,,,,,,,,,,,,,,,,,,,,,,,,,,,,,,,,,,,,,,,,,,,,
1764665201.347581,1764665201.343524,36387,0,4367.692383,4372.436035,4474.615234,4505.128418,4378.205078,4489.358887,4523.589844,4381.538574,4555.384766,4377.563965,4477.563965,4502.820313,4551.666504,4397.307617,4379.102539,4500.128418,4531.025879,4526.794922,4501.538574,4381.666504,4379.487305,4560.641113,4497.563965,4483.717773,4356.282227,4547.563965,4370.769043,4538.589844,4481.794922,4370.512695,4487.692383,4463.333496,2847,1,25,2567,12347,,,,0,4,4,4,4,4,4,4,4,4,4,4,4,4,4,4,4,4,4,4,4,4,4,4,4,4,4,4,4,4,4,4,4,100,,,,,,,,,,,,,,,,,,,,,,,,,,,,,,,,,,,,,,,,,,,,,,,,,,,,,,,,,,,,,,,,,,,,,,,,,,,,,,,,,,,,,,,,,,,,,,,,,,,,,,,,,,,,,,,,,,,,,,,,,,,,,,,,,,,,,,,,,,,,,,,,,,,,,,,,,,,,,,,,,,,,,,,,,,,,,,,,,,,,,,,,,,,,,,,,,,,,,,,,,,,,,,
1764665201.351489,1764665201.347431,36388,0,4371.538574,4375.512695,4474.487305,4508.077148,4378.717773,4490.897461,4525,4382.563965,4558.333496,4379.358887,4480,4501.666504,4554.615234,4394.615234,4383.589844,4505.769043,4536.666504,4534.102539,4506.410156,4387.436035,4380.641113,4564.230957,4501.794922,4486.282227,4383.717773,4555.128418,4372.05127,4538.846191,4482.179688,4372.05127,4490.256348,4469.743652,2742,1,25,2563,12355,,,,0,4,4,4,4,4,4,4,4,4,4,4,4,4,4,4,4,4,4,4,4,4,4,4,4,4,4,4,4,4,4,4,4,100,,,,,,,,,,,,,,,,,,,,,,,,,,,,,,,,,,,,,,,,,,,,,,,,,,,,,,,,,,,,,,,,,,,,,,,,,,,,,,,,,,,,,,,,,,,,,,,,,,,,,,,,,,,,,,,,,,,,,,,,,,,,,,,,,,,,,,,,,,,,,,,,,,,,,,,,,,,,,,,,,,,,,,,,,,,,,,,,,,,,,,,,,,,,,,,,,,,,,,,,,,,,,,
1764665201.355397,1764665201.351338,36389,0,4372.820313,4379.102539,4475.769043,4508.974121,4378.846191,4492.563965,4524.871582,4381.538574,4558.333496,4381.922852,4480.384766,4500,4556.922852,4387.820313,4383.846191,4508.077148,4538.589844,4538.974121,4510.128418,4390.128418,4380.384766,4563.589844,4502.179688,4487.436035,4406.025879,4560.128418,4370.384766,4540,4483.717773,4373.717773,4493.717773,4472.436035,2783,1,25,2563,12355,,,,0,4,4,4,4,4,4,4,4,4,4,4,4,4,4,4,4,4,4,4,4,4,4,4,4,4,4,4,4,4,4,4,4,100,,,,,,,,,,,,,,,,,,,,,,,,,,,,,,,,,,,25481,0,0.254558,-0.611816,-0.723267,0.194336,0.987425,0.178733,0.040532,24.166666,29.166666,45.5,,,,,,,,,,,,,,,,,,,,,,,,,,,,,,,,,,,,,,,,,,,,,,,,,,,,,,,,,,,,,,,,,,,,,,,,,,,,,,,,,,,,,,,,,,,,,,,,,,,,,,,,,,,,,,,,,,,,,,,,,,,,,,,,,,,,,,,,,,,,,,,,,,,,,,,,,,,,,,,,
1764665201.359306,1764665201.355244,36390,0,4369.871582,4379.358887,4475.897461,4505.641113,4377.05127,4492.692383,4521.666504,4377.94873,4552.94873,4381.538574,4477.692383,4497.563965,4556.922852,4379.230957,4378.205078,4504.743652,4534.102539,4537.179688,4508.974121,4387.307617,4377.94873,4558.717773,4497.820313,4484.743652,4410.384766,4559.358887,4364.743652,4539.871582,4484.102539,4372.820313,4494.102539,4467.820313,2786,1,25,2560,12363,,,,0,4,4,4,4,4,4,4,4,4,4,4,4,4,4,4,4,4,4,4,4,4,4,4,4,4,4,4,4,4,4,4,4,100,,,,,,,,,,,,,,,,,,,,,,,,,,,,,,,,,,,,,,,,,,,,,,,,,,,,,,,,,,,,,,,,,,,,,,,,,,,,,,,,,,,,,,,,,,,,,,,,,,,,,,,,,,,,,,,,,,,,,,,,,,,,,,,,,,,,,,,,,,,,,,,,,,,,,,,,,,,,,,,,,,,,,,,,,,,,,,,,,,,,,,,,,,,,,,,,,,,,,,,,,,,,,,
1764665201.363214,1764665201.359151,36391,0,4364.615234,4376.025879,4474.102539,4500.641113,4374.615234,4491.538574,4516.666504,4374.358887,4544.358887,4378.333496,4473.846191,4494.871582,4554.358887,4372.05127,4369.487305,4498.077148,4525.769043,4530,4503.589844,4381.153809,4373.846191,4552.692383,4491.282227,4479.102539,4396.410156,4554.871582,4358.461426,4538.333496,4482.820313,4370,4491.153809,4460,2978,1,25,2560,12363,,,,0,4,4,4,4,4,4,4,4,4,4,4,4,4,4,4,4,4,4,4,4,4,4,4,4,4,4,4,4,4,4,4,4,100,,,,,,,,,,,,,,,,,,,,,,,,,,,,,,,,,,,,,,,,,,,,,,,,,,,,,,,,,,,,,,,,,,,,,,,,,,,,,,,,,,,,,,,,,,,,,,,,,,,,,,,,,,,,,,,,,,,,,,,,,,,,,,,,,,,,,,,,,,,,,,,,,,,,,,,,,,,,,,,,,,,,,,,,,,,,,,,,,,,,,,,,,,,,,,,,,,,,,,,,,,,,,,
1764665201.367122,1764665201.363058,36392,0,4360.641113,4372.179688,4472.307617,4498.077148,4373.846191,4490.256348,4512.692383,4373.461426,4537.563965,4375.512695,4471.666504,4492.692383,4550.512695,4368.974121,4362.563965,4492.436035,4518.717773,4523.205078,4498.205078,4376.025879,4370.384766,4548.974121,4486.538574,4474.358887,4376.538574,4551.025879,4355.897461,4536.538574,4480.897461,4368.461426,4488.077148,4456.282227,2857,1,25,2048,12371,,,,0,4,4,4,4,4,4,4,4,4,4,4,4,4,4,4,4,4,4,4,4,4,4,4,4,4,4,4,4,4,4,4,4,100,,,,,,,,,,,,,,,,,,,,,,,,,,,,,,,,,,,,,,,,,,,,,,,,,,,,,,,,,,,,,,,,,,,,,,,,,,,,,,,,,,,,,,,,,,,,,,,,,,,,,,,,,,,,,,,,,,,,,,,,,,,,,,,,,,,,,,,,,,,,,,,,,,,,,,,,,,,,,,,,,,,,,,,,,,,,,,,,,,,,,,,,,,,,,,,,,,,,,,,,,,,,,,
1764665201.371030,1764665201.366965,36393,0,4360.512695,4371.410156,4472.94873,4500.256348,4375.384766,4490.128418,4512.179688,4376.282227,4535.769043,4374.743652,4472.692383,4492.05127,4547.179688,4370.256348,4360.769043,4490.897461,4517.179688,4521.282227,4496.410156,4374.615234,4369.358887,4548.205078,4486.025879,4473.205078,4365.641113,4551.666504,4358.461426,4535,4480.256348,4370.512695,4488.077148,4460.256348,2705,1,25,2048,12371,,,,0,4,4,4,4,4,4,4,4,4,4,4,4,4,4,4,4,4,4,4,4,4,4,4,4,4,4,4,4,4,4,4,4,100,,,,,,,,,,,,,,,,,,,,,,,,,,,,,,,,,,,25482,0,0.254604,-0.611816,-0.723267,0.194275,0.978635,0.176779,0.036137,23.5,30.333334,43.5,,,,,,,,,,,,,,,,,,,,,,,,,,,,,,,,,,,,,,,,,,,,,,,,,,,,,,,,,,,,,,,,,,,,,,,,,,,,,,,,,,,,,,,,,,,,,,,,,,,,,,,,,,,,,,,,,,,,,,,,,,,,,,,,,,,,,,,,,,,,,,,,,,,,,,,,,,,,,,,,
1764665201.374939,1764665201.370872,36394,0,4363.589844,4374.102539,4476.666504,4505.641113,4378.205078,4491.538574,4515.256348,4380.512695,4538.589844,4374.743652,4476.025879,4493.589844,4545.256348,4373.333496,4363.333496,4493.461426,4520.641113,4524.487305,4498.589844,4376.538574,4370.897461,4548.461426,4488.974121,4475.256348,4369.102539,4556.025879,4363.589844,4533.846191,4481.666504,4374.743652,4491.538574,4468.846191,2271,1,25,768,12379,,,,0,4,4,4,4,4,4,4,4,4,4,4,4,4,4,4,4,4,4,4,4,4,4,4,4,4,4,4,4,4,4,4,4,100,,,,,,,,,,,,,,,,,,,,,,,,,,,,,,,,,,,,,,,,,,,,,,,,,,,,,,,,,,,,,,,,,,,,,,,,,,,,,,,,,,,,,,,,,,,,,,,,,,,,,,,,,,,,,,,,,,,,,,,,,,,,,,,,,,,,,,,,,,,,,,,,,,,,,,,,,,,,,,,,,,,,,,,,,,,,,,,,,,,,,,,,,,,,,,,,,,,,,,,,,,,,,,
1764665201.378847,1764665201.374779,36395,0,4366.794922,4377.436035,4480.769043,4509.743652,4379.487305,4493.205078,4519.871582,4382.179688,4542.94873,4372.692383,4478.846191,4496.794922,4543.717773,4375.256348,4366.666504,4496.794922,4525.128418,4528.846191,4501.922852,4379.230957,4373.461426,4547.563965,4491.794922,4477.563965,4380.256348,4560.256348,4366.538574,4532.820313,4483.974121,4377.179688,4495.512695,4474.230957,2679,1,25,768,12379,,,,0,4,4,4,4,4,4,4,4,4,4,4,4,4,4,4,4,4,4,4,4,4,4,4,4,4,4,4,4,4,4,4,4,100,,,,,,,,,,,,,,,,,,,,,,,,,,,,,,,,,,,,,,,,,,,,,,,,,,,,,,,,,,,,,,,,,,,,,,,,,,,,,,,,,,,,,,,,,,,,,,,,,,,,,,,,,,,,,,,,,,,,,,,,,,,,,,,,,,,,,,,,,,,,,,,,,,,,,,,,,,,,,,,,,,,,,,,,,,,,,,,,,,,,,,,,,,,,,,,,,,,,,,,,,,,,,,
1764665201.382755,1764665201.378686,36396,0,4367.05127,4377.563965,4480.897461,4508.974121,4377.05127,4492.820313,4522.563965,4378.846191,4545,4368.205078,4478.589844,4499.230957,4541.666504,4374.230957,4367.436035,4496.794922,4526.282227,4529.358887,4502.179688,4379.615234,4374.358887,4544.615234,4491.538574,4476.794922,4387.179688,4560.384766,4364.487305,4531.025879,4485,4374.487305,4495.384766,4471.025879,2489,1,25,256,12386,,,,0,4,4,4,4,4,4,4,4,4,4,4,4,4,4,4,4,4,4,4,4,4,4,4,4,4,4,4,4,4,4,4,4,100,,,,,,,,,,,,,,,,,,,,,,,,,,,,,,,,,,,,,,,,,,,,,,,,,,,,,,,,,,,,,,,,,,,,,,,,,,,,,,,,,,,,,,,,,,,,,,,,,,,,,,,,,,,,,,,,,,,,,,,,,,,,,,,,,,,,,,,,,,,,,,,,,,,,,,,,,,,,,,,,,,,,,,,,,,,,,,,,,,,,,,,,,,,,,,,,,,,,,,,,,,,,,,
1764665201.386664,1764665201.382593,36397,0,4364.102539,4373.077148,4475.641113,4503.077148,4371.282227,4489.102539,4520.897461,4371.153809,4543.461426,4363.461426,4475.256348,4498.974121,4538.717773,4371.025879,4365.128418,4492.307617,4522.307617,4524.102539,4498.333496,4376.282227,4372.307617,4540.384766,4487.563965,4472.307617,4383.717773,4555.512695,4358.461426,4528.205078,4482.692383,4366.922852,4490,4460.897461,2233,1,25,256,12386,,,,0,4,4,4,4,4,4,4,4,4,4,4,4,4,4,4,4,4,4,4,4,4,4,4,4,4,4,4,4,4,4,4,4,100,,,,,,,,,,,,,,,,,,,,,,,,,,,,,,,,,,,25483,0,0.254785,-0.611755,-0.723206,0.194458,0.978635,0.176779,0.036137,23.666666,30.166666,42.833332,,,,,,,,,,,,,,,,,,,,,,,,,,,,,,,,,,,,,,,,,,,,,,,,,,,,,,,,,,,,,,,,,,,,,,,,,,,,,,,,,,,,,,,,,,,,,,,,,,,,,,,,,,,,,,,,,,,,,,,,,,,,,,,,,,,,,,,,,,,,,,,,,,,,,,,,,,,,,,,,
1764665201.390572,1764665201.386500,36398,0,4361.153809,4367.179688,4469.230957,4496.025879,4365.897461,4483.974121,4516.025879,4364.615234,4540.256348,4361.922852,4471.666504,4497.05127,4536.282227,4368.205078,4362.94873,4486.025879,4516.794922,4516.794922,4493.333496,4371.922852,4368.974121,4538.077148,4482.820313,4467.307617,4373.846191,4549.871582,4353.205078,4526.282227,4478.717773,4359.487305,4483.589844,4451.410156,2701,1,25,256,12394,,,,0,4,4,4,4,4,4,4,4,4,4,4,4,4,4,4,4,4,4,4,4,4,4,4,4,4,4,4,4,4,4,4,4,100,,,,,,,,,,,,,,,,,,,,,,,,,,,,,,,,,,,,,,,,,,,,,,,,,,,,,,,,,,,,,,,,,,,,,,,,,,,,,,,,,,,,,,,,,,,,,,,,,,,,,,,,,,,,,,,,,,,,,,,,,,,,,,,,,,,,,,,,,,,,,,,,,,,,,,,,,,,,,,,,,,,,,,,,,,,,,,,,,,,,,,,,,,,,,,,,,,,,,,,,,,,,,,
1764665201.394480,1764665201.390407,36399,0,4362.179688,4365.641113,4468.205078,4493.846191,4366.282227,4482.307617,4513.077148,4365,4539.358887,4364.743652,4471.666504,4497.307617,4537.307617,4368.717773,4364.871582,4483.077148,4515.512695,4514.230957,4492.563965,4371.538574,4368.974121,4541.410156,4482.05127,4467.307617,4367.436035,4549.358887,4354.358887,4528.461426,4476.794922,4358.333496,4482.94873,4450.897461,2496,1,25,256,12394,,,,0,4,4,4,4,4,4,4,4,4,4,4,4,4,4,4,4,4,4,4,4,4,4,4,4,4,4,4,4,4,4,4,4,100,,,,,,,,,,,,,,,,,,,,,,,,,,,,,,,,,,,,,,,,,,,,,,,,,,,,,,,,,,,,,,,,,,,,,,,,,,,,,,,,,,,,,,,,,,,,,,,,,,,,,,,,,,,,,,,,,,,,,,,,,,,,,,,,,,,,,,,,,,,,,,,,,,,,,,,,,,,,,,,,,,,,,,,,,,,,,,,,,,,,,,,,,,,,,,,,,,,,,,,,,,,,,,
1764665201.398388,1764665201.394214,36400,0,4369.102539,4371.922852,4475.769043,4500,4375,4488.077148,4516.666504,4375,4543.589844,4370.641113,4476.666504,4502.94873,4543.333496,4373.205078,4371.794922,4487.179688,4522.179688,4520.897461,4498.589844,4378.205078,4375.384766,4551.282227,4487.94873,4475,4371.410156,4556.794922,4364.102539,4536.282227,4480.256348,4366.410156,4491.666504,4461.794922,2854,1,25,512,12402,,,,0,4,4,4,4,4,4,4,4,4,4,4,4,4,4,4,4,4,4,4,4,4,4,4,4,4,4,4,4,4,4,4,4,100,,,,,,,,,,,,,,,,,,,,,,,,,,,,,,,,,,,,,,,,,,,,,,,,,,,,,,,,,,,,,,,,,,,,,,,,,,,,,,,,,,,,,,,,,,,,,,,,,,,,,,,,,,,,,,,,,,,,,,,,,,,,,,,,,,,,,,,,,,,,,,,,,,,,,,,,,,,,,,,,,,,,,,,,,,,,,,,,,,,,,,,,,,,,,,,,,,,,,,,,,,,,,,
1764665201.402297,1764665201.398121,36401,0,4379.230957,4383.717773,4488.205078,4511.538574,4388.974121,4500.769043,4526.410156,4390.256348,4551.538574,4376.025879,4484.102539,4512.692383,4552.94873,4379.230957,4380.384766,4496.666504,4534.487305,4533.974121,4508.461426,4389.230957,4385.897461,4563.717773,4498.461426,4487.307617,4384.487305,4567.820313,4378.077148,4546.794922,4488.077148,4379.871582,4505.256348,4477.692383,2902,1,25,512,12402,,,,0,4,4,4,4,4,4,4,4,4,4,4,4,4,4,4,4,4,4,4,4,4,4,4,4,4,4,4,4,4,4,4,4,100,,,,,,,,,,,,,,,,,,,,,,,,,,,,,,,,,,,25484,0,0.255191,-0.611633,-0.723083,0.194763,0.982542,0.178244,0.037114,23.833334,29.666666,43,,,,,,,,,,,,,,,,,,,,,,,,,,,,,,,,,,,,,,,,,,,,,,,,,,,,,,,,,,,,,,,,,,,,,,,,,,,,,,,,,,,,,,,,,,,,,,,,,,,,,,,,,,,,,,,,,,,,,,,,,,,,,,,,,,,,,,,,,,,,,,,,,,,,,,,,,,,,,,,,
1764665201.406205,1764665201.402028,36402,0,4387.307617,4393.589844,4497.179688,4521.153809,4400.641113,4514.487305,4536.666504,4402.307617,4558.461426,4377.436035,4488.974121,4520.769043,4560.897461,4382.94873,4384.871582,4505.897461,4545.128418,4544.487305,4515,4397.820313,4393.974121,4571.025879,4507.307617,4496.538574,4397.436035,4574.871582,4388.077148,4554.102539,4495.384766,4390.128418,4514.230957,4487.563965,1747,1,25,768,12410,,,,0,4,4,4,4,4,4,4,4,4,4,4,4,4,4,4,4,4,4,4,4,4,4,4,4,4,4,4,4,4,4,4,4,100,,,,,,,,,,,,,,,,,,,,,,,,,,,,,,,,,,,,,,,,,,,,,,,,,,,,,,,,,,,,,,,,,,,,,,,,,,,,,,,,,,,,,,,,,,,,,,,,,,,,,,,,,,,,,,,,,,,,,,,,,,,,,,,,,,,,,,,,,,,,,,,,,,,,,,,,,,,,,,,,,,,,,,,,,,,,,,,,,,,,,,,,,,,,,,,,,,,,,,,,,,,,,,
1764665201.410113,1764665201.405935,36403,0,4388.589844,4395.128418,4495.897461,4522.05127,4403.205078,4520.897461,4540,4403.974121,4559.615234,4372.94873,4487.179688,4521.025879,4562.436035,4381.794922,4380.897461,4508.589844,4547.307617,4543.974121,4513.077148,4397.94873,4393.205078,4568.077148,4508.589844,4496.538574,4400.512695,4573.205078,4387.820313,4553.846191,4497.436035,4390.384766,4511.922852,4484.615234,2951,1,25,768,12410,,,,0,4,4,4,4,4,4,4,4,4,4,4,4,4,4,4,4,4,4,4,4,4,4,4,4,4,4,4,4,4,4,4,4,100,,,,,,,,,,,,,,,,,,,,,,,,,,,,,,,,,,,,,,,,,,,,,,,,,,,,,,,,,,,,,,,,,,,,,,,,,,,,,,,,,,,,,,,,,,,,,,,,,,,,,,,,,,,,,,,,,,,,,,,,,,,,,,,,,,,,,,,,,,,,,,,,,,,,,,,,,,,,,,,,,,,,,,,,,,,,,,,,,,,,,,,,,,,,,,,,,,,,,,,,,,,,,,
1764665201.414021,1764665201.409842,36404,0,4382.563965,4387.94873,4485.128418,4514.230957,4396.025879,4516.922852,4533.974121,4395.128418,4554.615234,4364.358887,4479.743652,4512.307617,4556.282227,4376.410156,4370.384766,4503.333496,4539.743652,4531.666504,4503.717773,4389.487305,4383.333496,4556.794922,4501.410156,4487.563965,4389.743652,4565.128418,4378.077148,4546.922852,4493.461426,4381.538574,4500.384766,4472.436035,2508,1,25,1024,12418,,,,0,4,4,4,4,4,4,4,4,4,4,4,4,4,4,4,4,4,4,4,4,4,4,4,4,4,4,4,4,4,4,4,4,100,,,,,,,,,,,,,,,,,,,,,,,,,,,,,,,,,,,,,,,,,,,,,,,,,,,,,,,,,,,,,,,,,,,,,,,,,,,,,,,,,,,,,,,,,,,,,,,,,,,,,,,,,,,,,,,,,,,,,,,,,,,,,,,,,,,,,,,,,,,,,,,,,,,,,,,,,,,,,,,,,,,,,,,,,,,,,,,,,,,,,,,,,,,,,,,,,,,,,,,,,,,,,,
1764665201.417930,1764665201.413749,36405,0,4373.717773,4378.461426,4473.333496,4504.743652,4385.897461,4506.922852,4523.077148,4383.461426,4548.846191,4357.692383,4472.179688,4499.871582,4547.179688,4371.410156,4360.256348,4494.102539,4528.461426,4516.025879,4493.333496,4377.94873,4371.025879,4545.384766,4491.538574,4476.282227,4372.05127,4558.205078,4367.179688,4539.743652,4487.436035,4371.538574,4489.487305,4462.179688,2814,1,25,1024,12418,,,,0,4,4,4,4,4,4,4,4,4,4,4,4,4,4,4,4,4,4,4,4,4,4,4,4,4,4,4,4,4,4,4,4,100,,,,,,,,,,,,,,,,,,,,,,,,,,,,,,,,,,,25485,0,0.25529,-0.611572,-0.723083,0.194824,0.982542,0.178244,0.037114,22.166666,29.666666,44.333332,,,,,,,,,,,,,,,,,,,,,,,,,,,,,,,,,,,,,,,,,,,,,,,,,,,,,,,,,,,,,,,,,,,,,,,,,,,,,,,,,,,,,,,,,,,,,,,,,,,,,,,,,,,,,,,,,,,,,,,,,,,,,,,,,,,,,,,,,,,,,,,,,,,,,,,,,,,,,,,,
1764665201.421838,1764665201.417656,36406,0,4369.230957,4375.128418,4470.641113,4502.436035,4382.307617,4500.256348,4516.025879,4378.717773,4549.358887,4359.358887,4471.282227,4493.077148,4542.820313,4371.538574,4358.846191,4487.692383,4522.94873,4508.717773,4489.615234,4371.410156,4365.128418,4542.436035,4486.922852,4471.153809,4360,4558.461426,4363.974121,4539.358887,4485.512695,4369.487305,4488.717773,4462.94873,2929,1,25,1280,12426,,,,0,4,4,4,4,4,4,4,4,4,4,4,4,4,4,4,4,4,4,4,4,4,4,4,4,4,4,4,4,4,4,4,4,100,,,,,,,,,,,,,,,,,,,,,,,,,,,,,,,,,,,,,,,,,,,,,,,,,,,,,,,,,,,,,,,,,,,,,,,,,,,,,,,,,,,,,,,,,,,,,,,,,,,,,,,,,,,,,,,,,,,,,,,,,,,,,,,,,,,,,,,,,,,,,,,,,,,,,,,,,,,,,,,,,,,,,,,,,,,,,,,,,,,,,,,,,,,,,,,,,,,,,,,,,,,,,,
1764665201.425746,1764665201.421563,36407,0,4373.589844,4381.410156,4481.538574,4511.282227,4390,4503.205078,4518.461426,4385.897461,4559.358887,4371.666504,4480.128418,4498.589844,4548.333496,4378.589844,4368.461426,4489.487305,4528.974121,4516.153809,4495.897461,4374.871582,4370.128418,4550.641113,4491.410156,4476.794922,4363.589844,4566.282227,4371.794922,4547.820313,4490.641113,4378.333496,4499.487305,4474.487305,2841,1,25,1280,12426,,,,0,4,4,4,4,4,4,4,4,4,4,4,4,4,4,4,4,4,4,4,4,4,4,4,4,4,4,4,4,4,4,4,4,100,,,,,,,,,,,,,,,,,,,,,,,,,,,,,,,,,,,,,,,,,,,,,,,,,,,,,,,,,,,,,,,,,,,,,,,,,,,,,,,,,,,,,,,,,,,,,,,,,,,,,,,,,,,,,,,,,,,,,,,,,,,,,,,,,,,,,,,,,,,,,,,,,,,,,,,,,,,,,,,,,,,,,,,,,,,,,,,,,,,,,,,,,,,,,,,,,,,,,,,,,,,,,,
1764665201.429654,1764665201.425470,36408,0,4385.128418,4393.717773,4499.871582,4527.563965,4404.743652,4513.846191,4529.743652,4401.282227,4575.769043,4390.641113,4495.384766,4515,4562.05127,4390.512695,4384.102539,4500.256348,4544.102539,4534.230957,4508.717773,4386.538574,4382.563965,4565.128418,4502.179688,4489.871582,4382.05127,4576.538574,4385.769043,4560.769043,4501.025879,4392.94873,4514.230957,4488.589844,2765,1,25,1536,12433,,,,0,4,4,4,4,4,4,4,4,4,4,4,4,4,4,4,4,4,4,4,4,4,4,4,4,4,4,4,4,4,4,4,4,100,,,,,,,,,,,,,,,,,,,,,,,,,,,,,,,,,,,,,,,,,,,,,,,,,,,,,,,,,,,,,,,,,,,,,,,,,,,,,,,,,,,,,,,,,,,,,,,,,,,,,,,,,,,,,,,,,,,,,,,,,,,,,,,,,,,,,,,,,,,,,,,,,,,,,,,,,,,,,,,,,,,,,,,,,,,,,,,,,,,,,,,,,,,,,,,,,,,,,,,,,,,,,,
1764665201.433563,1764665201.429377,36409,0,4396.794922,4404.358887,4514.358887,4541.922852,4417.307617,4524.871582,4543.077148,4415,4590,4409.102539,4509.102539,4533.205078,4575.769043,4401.538574,4396.538574,4514.230957,4558.974121,4552.05127,4520,4399.230957,4394.102539,4577.94873,4512.179688,4502.436035,4404.615234,4582.692383,4396.922852,4570.769043,4510.512695,4404.230957,4523.589844,4496.282227,2817,1,25,1536,12433,,,,0,4,4,4,4,4,4,4,4,4,4,4,4,4,4,4,4,4,4,4,4,4,4,4,4,4,4,4,4,4,4,4,4,100,,,,,,,,,,,,,,,,,,,,,,,,,,,,,,,,,,,25486,0,0.25539,-0.611511,-0.723083,0.194885,0.972287,0.170919,0.0293,22.166666,30,43.5,,,,,,,,,,,,,,,,,,,,,,,,,,,,,,,,,,,,,,,,,,,,,,,,,,,,,,,,,,,,,,,,,,,,,,,,,,,,,,,,,,,,,,,,,,,,,,,,,,,,,,,,,,,,,,,,,,,,,,,,,,,,,,,,,,,,,,,,,,,,,,,,,,,,,,,,,,,,,,,,
1764665201.437471,1764665201.433284,36410,0,4401.538574,4407.05127,4516.025879,4545.512695,4419.487305,4528.333496,4550,4418.205078,4593.717773,4419.871582,4513.333496,4542.94873,4580.897461,4406.153809,4398.589844,4522.820313,4564.615234,4559.871582,4522.820313,4405.128418,4397.05127,4582.94873,4515.256348,4506.666504,4418.589844,4581.666504,4398.974121,4572.692383,4513.461426,4406.025879,4523.333496,4494.487305,1959,1,25,1792,12441,,,,0,4,4,4,4,4,4,4,4,4,4,4,4,4,4,4,4,4,4,4,4,4,4,4,4,4,4,4,4,4,4,4,4,100,,,,,,,,,,,,,,,,,,,,,,,,,,,,,,,,,,,,,,,,,,,,,,,1.438795,1.811734,0.44123,0.843524,0.734525,3.085439,2.244529,0.622868,0.875066,0.66151,2.20755,2.044532,0.610182,1.092033,0.691061,2.128816,1.509664,0.746652,0.707765,0.818851,2.863982,1.912638,0.563219,0.989469,0.70866,1.619644,2.156273,0.601187,0.883016,0.542187,0.920955,1.732534,0.711892,1.188359,0.603557,1.339462,1.268471,0.889867,1.109311,0.77611,0.958064,1.567484,0.817474,0.785888,0.872263,0.887101,1.328339,1.158377,1.781433,1.132232,1.277991,1.286365,0.497428,0.641274,0.445489,1.223855,2.151871,0.502904,0.776261,0.786124,0.883565,1.041862,0.623512,0.886227,0.524911,0.479347,0.46906,0.389457,0.490715,0.516898,0.612592,1.088729,0.637922,0.447026,0.497656,0.720955,1.069818,0.455005,0.741208,0.495863,1.538949,2.017622,0.910953,0.94515,0.657914,0.659876,1.828964,0.787001,1.010322,0.920426,0.296439,0.684936,0.563022,0.567486,0.611288,0.530922,0.894647,0.922656,0.870915,0.687334,0.937541,1.034175,0.900752,0.846564,0.739423,1.501824,1.430812,0.786582,0.935206,0.714121,1.685078,2.238456,0.653946,0.752928,0.5996,1.568521,1.388489,0.562907,1.115496,0.720754,1.781241,1.737332,2.793362,2.413044,1.999161,1.979719,1.520998,0.457406,0.700251,0.737602,1.956796,2.20685,0.938775,1.070276,0.651732,1.989564,1.909108,0.563342,0.975812,0.578294,0.994605,0.833668,0.254769,0.443746,0.33773,2.800303,1.259815,0.534479,0.806415,0.555402,2.315619,1.571841,0.577776,0.849887,0.628206,2.580803,1.530545,0.459409,0.984453,0.599362
1764665201.441379,1764665201.437191,36411,0,4396.666504,4401.794922,4505,4536.153809,4410.384766,4522.05127,4546.153809,4408.846191,4584.487305,4419.487305,4505.897461,4540,4574.615234,4401.538574,4389.743652,4520.384766,4558.205078,4554.743652,4516.153809,4400.641113,4390.128418,4578.974121,4510.384766,4501.282227,4418.333496,4575.769043,4391.666504,4566.153809,4508.717773,4399.102539,4516.282227,4486.538574,2634,1,25,1792,12441,,,,0,4,4,4,4,4,4,4,4,4,4,4,4,4,4,4,4,4,4,4,4,4,4,4,4,4,4,4,4,4,4,4,4,100,,,,,,,,,,,,,,,,,,,,,,,,,,,,,,,,,,,,,,,,,,,,,,,,,,,,,,,,,,,,,,,,,,,,,,,,,,,,,,,,,,,,,,,,,,,,,,,,,,,,,,,,,,,,,,,,,,,,,,,,,,,,,,,,,,,,,,,,,,,,,,,,,,,,,,,,,,,,,,,,,,,,,,,,,,,,,,,,,,,,,,,,,,,,,,,,,,,,,,,,,,,,,,
1764665201.445288,1764665201.441098,36412,0,4385.769043,4392.94873,4489.358887,4519.230957,4396.153809,4510.128418,4534.102539,4392.563965,4567.436035,4409.615234,4491.922852,4528.717773,4561.538574,4390.512695,4375.897461,4508.589844,4545.256348,4542.05127,4504.871582,4389.358887,4378.589844,4569.358887,4501.410156,4491.153809,4407.692383,4569.743652,4380.512695,4555.512695,4500,4389.358887,4508.717773,4479.102539,2690,1,25,2048,12449,,,,0,4,4,4,4,4,4,4,4,4,4,4,4,4,4,4,4,4,4,4,4,4,4,4,4,4,4,4,4,4,4,4,4,100,,,,,,,,,,,,,,,,,,,,,,,,,,,,,,,,,,,,,,,,,,,,,,,,,,,,,,,,,,,,,,,,,,,,,,,,,,,,,,,,,,,,,,,,,,,,,,,,,,,,,,,,,,,,,,,,,,,,,,,,,,,,,,,,,,,,,,,,,,,,,,,,,,,,,,,,,,,,,,,,,,,,,,,,,,,,,,,,,,,,,,,,,,,,,,,,,,,,,,,,,,,,,,
1764665201.449196,1764665201.445005,36413,0,4375.384766,4386.538574,4479.358887,4504.487305,4385.769043,4499.615234,4521.538574,4378.846191,4552.307617,4396.153809,4479.871582,4517.307617,4550.128418,4378.461426,4364.102539,4494.615234,4534.102539,4529.871582,4496.025879,4378.333496,4370.384766,4560,4494.487305,4483.717773,4395,4567.563965,4372.436035,4547.05127,4493.077148,4383.205078,4506.025879,4477.307617,2512,1,25,2048,12449,,,,0,4,4,4,4,4,4,4,4,4,4,4,4,4,4,4,4,4,4,4,4,4,4,4,4,4,4,4,4,4,4,4,4,100,,,,,,,,,,,,,,,,,,,,,,,,,,,,,,,,,,,25487,0,0.255662,-0.61145,-0.723022,0.194946,0.982542,0.177268,0.042486,22.166666,30,43.5,,,,,,,,,,,,,,,,,,,,,,,,,,,,,,,,,,,,,,,,,,,,,,,,,,,,,,,,,,,,,,,,,,,,,,,,,,,,,,,,,,,,,,,,,,,,,,,,,,,,,,,,,,,,,,,,,,,,,,,,,,,,,,,,,,,,,,,,,,,,,,,,,,,,,,,,,,,,,,,,
1764665201.453104,1764665201.448912,36414,0,4370.512695,4385.512695,4479.358887,4499.102539,4384.230957,4495.256348,4515.897461,4374.230957,4546.794922,4385.512695,4476.025879,4512.563965,4545.641113,4370.897461,4358.717773,4486.282227,4530.384766,4523.974121,4493.974121,4373.717773,4370.384766,4555.769043,4493.589844,4482.563965,4387.436035,4569.358887,4371.794922,4544.487305,4491.538574,4383.717773,4508.846191,4481.153809,2654,1,25,2304,12457,,,,0,4,4,4,4,4,4,4,4,4,4,4,4,4,4,4,4,4,4,4,4,4,4,4,4,4,4,4,4,4,4,4,4,100,,,,,,,,,,,,,,,,,,,,,,,,,,,,,,,,,,,,,,,,,,,,,,,,,,,,,,,,,,,,,,,,,,,,,,,,,,,,,,,,,,,,,,,,,,,,,,,,,,,,,,,,,,,,,,,,,,,,,,,,,,,,,,,,,,,,,,,,,,,,,,,,,,,,,,,,,,,,,,,,,,,,,,,,,,,,,,,,,,,,,,,,,,,,,,,,,,,,,,,,,,,,,,
1764665201.457012,1764665201.452819,36415,0,4371.538574,4389.102539,4486.025879,4504.230957,4390.384766,4497.307617,4519.230957,4378.205078,4551.794922,4382.307617,4480.384766,4515.256348,4548.461426,4369.871582,4359.871582,4487.307617,4533.333496,4525.256348,4498.589844,4376.922852,4377.692383,4557.94873,4498.077148,4486.410156,4386.794922,4573.205078,4377.692383,4547.05127,4494.615234,4389.230957,4514.102539,4485.897461,2826,1,25,2304,12457,,,,0,4,4,4,4,4,4,4,4,4,4,4,4,4,4,4,4,4,4,4,4,4,4,4,4,4,4,4,4,4,4,4,4,100,,,,,,,,,,,,,,,,,,,,,,,,,,,,,,,,,,,,,,,,,,,,,,,,,,,,,,,,,,,,,,,,,,,,,,,,,,,,,,,,,,,,,,,,,,,,,,,,,,,,,,,,,,,,,,,,,,,,,,,,,,,,,,,,,,,,,,,,,,,,,,,,,,,,,,,,,,,,,,,,,,,,,,,,,,,,,,,,,,,,,,,,,,,,,,,,,,,,,,,,,,,,,,
1764665201.460920,1764665201.456726,36416,0,4375.512695,4393.589844,4492.692383,4515.128418,4397.94873,4502.179688,4528.205078,4385.256348,4562.436035,4386.282227,4488.717773,4521.538574,4554.615234,4373.974121,4364.487305,4495.641113,4538.846191,4530.512695,4506.538574,4384.615234,4387.436035,4563.589844,4504.358887,4491.410156,4390.384766,4577.179688,4386.025879,4550.897461,4499.102539,4396.153809,4518.461426,4487.692383,2755,1,25,1280,12465,,,,0,4,4,4,4,4,4,4,4,4,4,4,4,4,4,4,4,4,4,4,4,4,4,4,4,4,4,4,4,4,4,4,4,100,,,,,,,,,,,,,,,,,,,,,,,,,,,,,,,,,,,,,,,,,,,,,,,,,,,,,,,,,,,,,,,,,,,,,,,,,,,,,,,,,,,,,,,,,,,,,,,,,,,,,,,,,,,,,,,,,,,,,,,,,,,,,,,,,,,,,,,,,,,,,,,,,,,,,,,,,,,,,,,,,,,,,,,,,,,,,,,,,,,,,,,,,,,,,,,,,,,,,,,,,,,,,,
1764665201.464829,1764665201.460633,36417,0,4378.974121,4396.153809,4495.128418,4525.256348,4401.794922,4506.538574,4537.05127,4389.230957,4571.666504,4393.333496,4495.256348,4525.512695,4559.871582,4379.615234,4369.615234,4505.512695,4542.94873,4535.512695,4513.461426,4391.666504,4394.487305,4568.333496,4508.077148,4494.487305,4394.487305,4580.897461,4391.666504,4553.333496,4501.410156,4400.769043,4520.641113,4486.153809,2923,1,25,1280,12465,,,,0,4,4,4,4,4,4,4,4,4,4,4,4,4,4,4,4,4,4,4,4,4,4,4,4,4,4,4,4,4,4,4,4,100,,,,,,,,,,,,,,,,,,,,,,,,,,,,,,,,,,,25488,0,0.255887,-0.611389,-0.722961,0.195068,0.979612,0.171408,0.035161,23.166666,29.333334,42,,,,,,,,,,,,,,,,,,,,,,,,,,,,,,,,,,,,,,,,,,,,,,,,,,,,,,,,,,,,,,,,,,,,,,,,,,,,,,,,,,,,,,,,,,,,,,,,,,,,,,,,,,,,,,,,,,,,,,,,,,,,,,,,,,,,,,,,,,,,,,,,,,,,,,,,,,,,,,,,
1764665201.468737,1764665201.464540,36418,0,4379.871582,4396.410156,4493.461426,4529.743652,4400.256348,4508.846191,4542.05127,4388.333496,4573.846191,4397.94873,4496.922852,4524.358887,4560.897461,4383.589844,4373.077148,4511.410156,4543.717773,4537.692383,4516.282227,4394.615234,4396.794922,4569.230957,4507.307617,4494.743652,4397.307617,4583.974121,4392.692383,4554.102539,4500.769043,4401.922852,4521.282227,4484.743652,2604,1,25,1024,12472,,,,0,4,4,4,4,4,4,4,4,4,4,4,4,4,4,4,4,4,4,4,4,4,4,4,4,4,4,4,4,4,4,4,4,100,,,,,,,,,,,,,,,,,,,,,,,,,,,,,,,,,,,,,,,,,,,,,,,,,,,,,,,,,,,,,,,,,,,,,,,,,,,,,,,,,,,,,,,,,,,,,,,,,,,,,,,,,,,,,,,,,,,,,,,,,,,,,,,,,,,,,,,,,,,,,,,,,,,,,,,,,,,,,,,,,,,,,,,,,,,,,,,,,,,,,,,,,,,,,,,,,,,,,,,,,,,,,,
1764665201.472645,1764665201.468447,36419,0,4378.717773,4395.512695,4490.512695,4527.820313,4395.384766,4509.615234,4542.05127,4385.128418,4568.846191,4396.666504,4493.974121,4519.102539,4557.692383,4384.230957,4374.230957,4511.025879,4541.794922,4536.025879,4514.102539,4393.077148,4394.743652,4566.025879,4503.461426,4492.94873,4398.717773,4586.025879,4390.128418,4554.358887,4498.333496,4400.512695,4521.410156,4486.410156,2855,1,25,1024,12472,,,,0,4,4,4,4,4,4,4,4,4,4,4,4,4,4,4,4,4,4,4,4,4,4,4,4,4,4,4,4,4,4,4,4,100,,,,,,,,,,,,,,,,,,,,,,,,,,,,,,,,,,,,,,,,,,,,,,,,,,,,,,,,,,,,,,,,,,,,,,,,,,,,,,,,,,,,,,,,,,,,,,,,,,,,,,,,,,,,,,,,,,,,,,,,,,,,,,,,,,,,,,,,,,,,,,,,,,,,,,,,,,,,,,,,,,,,,,,,,,,,,,,,,,,,,,,,,,,,,,,,,,,,,,,,,,,,,,
1764665201.476554,1764665201.472354,36420,0,4377.05127,4394.487305,4488.589844,4522.692383,4390.384766,4508.974121,4538.717773,4383.589844,4560.128418,4390.512695,4489.487305,4513.333496,4552.563965,4382.692383,4373.461426,4505.897461,4539.102539,4531.538574,4508.974121,4388.846191,4390.641113,4560.512695,4499.871582,4490.256348,4398.717773,4586.282227,4387.179688,4554.358887,4496.025879,4398.461426,4521.025879,4490.769043,2752,1,25,1280,12480,,,,0,4,4,4,4,4,4,4,4,4,4,4,4,4,4,4,4,4,4,4,4,4,4,4,4,4,4,4,4,4,4,4,4,100,,,,,,,,,,,,,,,,,,,,,,,,,,,,,,,,,,,,,,,,,,,,,,,,,,,,,,,,,,,,,,,,,,,,,,,,,,,,,,,,,,,,,,,,,,,,,,,,,,,,,,,,,,,,,,,,,,,,,,,,,,,,,,,,,,,,,,,,,,,,,,,,,,,,,,,,,,,,,,,,,,,,,,,,,,,,,,,,,,,,,,,,,,,,,,,,,,,,,,,,,,,,,,
1764665201.480462,1764665201.476260,36421,0,4376.282227,4393.589844,4488.205078,4518.717773,4387.692383,4507.307617,4535,4385.256348,4553.333496,4383.717773,4487.05127,4510.256348,4549.487305,4380.769043,4372.563965,4500.256348,4536.794922,4526.794922,4503.846191,4384.871582,4386.922852,4555.897461,4498.974121,4488.205078,4396.794922,4585,4385.769043,4553.717773,4495.128418,4397.05127,4520.128418,4493.717773,2791,1,25,1280,12480,,,,0,4,4,4,4,4,4,4,4,4,4,4,4,4,4,4,4,4,4,4,4,4,4,4,4,4,4,4,4,4,4,4,4,100,,,,,,,,,,,,,,,,,,,,,,,,,,,,,,,,,,,25489,0,0.255808,-0.611389,-0.723022,0.194946,0.987425,0.180198,0.041021,21.833334,28,45.166668,,,,,,,,,,,,,,,,,,,,,,,,,,,,,,,,,,,,,,,,,,,,,,,,,,,,,,,,,,,,,,,,,,,,,,,,,,,,,,,,,,,,,,,,,,,,,,,,,,,,,,,,,,,,,,,,,,,,,,,,,,,,,,,,,,,,,,,,,,,,,,,,,,,,,,,,,,,,,,,,
1764665201.484370,1764665201.480167,36422,0,4377.179688,4392.820313,4489.102539,4518.589844,4388.461426,4505.641113,4533.461426,4388.717773,4552.179688,4380.897461,4488.077148,4510.641113,4550.897461,4380.128418,4373.205078,4498.333496,4535.897461,4525.128418,4501.666504,4383.717773,4385.128418,4555.256348,4500.128418,4488.077148,4393.461426,4583.589844,4386.410156,4552.436035,4495.769043,4396.538574,4519.871582,4492.436035,2794,1,25,1536,12488,,,,0,4,4,4,4,4,4,4,4,4,4,4,4,4,4,4,4,4,4,4,4,4,4,4,4,4,4,4,4,4,4,4,4,100,,,,,,,,,,,,,,,,,,,,,,,,,,,,,,,,,,,,,,,,,,,,,,,,,,,,,,,,,,,,,,,,,,,,,,,,,,,,,,,,,,,,,,,,,,,,,,,,,,,,,,,,,,,,,,,,,,,,,,,,,,,,,,,,,,,,,,,,,,,,,,,,,,,,,,,,,,,,,,,,,,,,,,,,,,,,,,,,,,,,,,,,,,,,,,,,,,,,,,,,,,,,,,
1764665201.488279,1764665201.484074,36423,0,4379.615234,4392.94873,4491.666504,4522.94873,4392.436035,4505.256348,4535.384766,4391.538574,4556.922852,4384.102539,4491.922852,4513.333496,4556.538574,4381.025879,4376.538574,4501.153809,4537.436035,4528.461426,4503.333496,4386.538574,4386.538574,4559.615234,4502.307617,4491.025879,4390.641113,4583.846191,4388.333496,4552.179688,4497.820313,4397.692383,4521.794922,4488.589844,2987,1,25,1536,12488,,,,0,4,4,4,4,4,4,4,4,4,4,4,4,4,4,4,4,4,4,4,4,4,4,4,4,4,4,4,4,4,4,4,4,100,,,,,,,,,,,,,,,,,,,,,,,,,,,,,,,,,,,,,,,,,,,,,,,,,,,,,,,,,,,,,,,,,,,,,,,,,,,,,,,,,,,,,,,,,,,,,,,,,,,,,,,,,,,,,,,,,,,,,,,,,,,,,,,,,,,,,,,,,,,,,,,,,,,,,,,,,,,,,,,,,,,,,,,,,,,,,,,,,,,,,,,,,,,,,,,,,,,,,,,,,,,,,,
1764665201.492187,1764665201.487981,36424,0,4383.077148,4394.871582,4496.282227,4529.743652,4398.461426,4507.307617,4539.487305,4393.205078,4564.743652,4391.794922,4496.282227,4516.538574,4563.589844,4382.692383,4381.922852,4506.282227,4541.153809,4535.897461,4507.563965,4391.282227,4391.025879,4567.307617,4504.871582,4496.666504,4391.922852,4586.410156,4391.410156,4553.846191,4500.384766,4400.641113,4527.05127,4487.179688,2866,1,25,1280,12496,,,,0,4,4,4,4,4,4,4,4,4,4,4,4,4,4,4,4,4,4,4,4,4,4,4,4,4,4,4,4,4,4,4,4,100,,,,,,,,,,,,,,,,,,,,,,,,,,,,,,,,,,,,,,,,,,,,,,,,,,,,,,,,,,,,,,,,,,,,,,,,,,,,,,,,,,,,,,,,,,,,,,,,,,,,,,,,,,,,,,,,,,,,,,,,,,,,,,,,,,,,,,,,,,,,,,,,,,,,,,,,,,,,,,,,,,,,,,,,,,,,,,,,,,,,,,,,,,,,,,,,,,,,,,,,,,,,,,
1764665201.496095,1764665201.491888,36425,0,4385.897461,4397.179688,4502.05127,4535.641113,4403.589844,4510.641113,4542.94873,4394.358887,4571.666504,4399.230957,4499.102539,4518.205078,4568.077148,4384.102539,4387.179688,4509.230957,4545.256348,4543.077148,4511.538574,4394.615234,4395.769043,4573.589844,4507.179688,4502.307617,4398.077148,4589.358887,4394.358887,4556.153809,4502.563965,4403.846191,4532.820313,4490.769043,2716,1,25,1280,12496,,,,0,4,4,4,4,4,4,4,4,4,4,4,4,4,4,4,4,4,4,4,4,4,4,4,4,4,4,4,4,4,4,4,4,100,,,,,,,,,,,,,,,,,,,,,,,,,,,,,,,,,,,25490,0,0.255855,-0.611389,-0.723022,0.194885,0.989867,0.179221,0.037602,23.833334,30,43.833332,,,,,,,,,,,,,,,,,,,,,,,,,,,,,,,,,,,,,,,,,,,,,,,,,,,,,,,,,,,,,,,,,,,,,,,,,,,,,,,,,,,,,,,,,,,,,,,,,,,,,,,,,,,,,,,,,,,,,,,,,,,,,,,,,,,,,,,,,,,,,,,,,,,,,,,,,,,,,,,,
1764665201.500003,1764665201.495795,36426,0,4385,4396.922852,4505.641113,4536.922852,4404.102539,4511.794922,4542.179688,4394.615234,4574.102539,4401.666504,4498.461426,4516.410156,4567.307617,4384.358887,4388.205078,4506.794922,4545.641113,4544.230957,4512.436035,4393.461426,4396.538574,4573.333496,4507.179688,4503.974121,4405.128418,4589.743652,4394.615234,4555.641113,4502.436035,4403.846191,4533.846191,4495.641113,2282,1,25,512,12504,,,,0,4,4,4,4,4,4,4,4,4,4,4,4,4,4,4,4,4,4,4,4,4,4,4,4,4,4,4,4,4,4,4,4,100,,,,,,,,,,,,,,,,,,,,,,,,,,,,,,,,,,,,,,,,,,,,,,,,,,,,,,,,,,,,,,,,,,,,,,,,,,,,,,,,,,,,,,,,,,,,,,,,,,,,,,,,,,,,,,,,,,,,,,,,,,,,,,,,,,,,,,,,,,,,,,,,,,,,,,,,,,,,,,,,,,,,,,,,,,,,,,,,,,,,,,,,,,,,,,,,,,,,,,,,,,,,,,
1764665201.503911,1764665201.499702,36427,0,4378.846191,4390.897461,4503.205078,4531.538574,4397.179688,4507.05127,4535.641113,4392.179688,4570.256348,4397.436035,4494.102539,4510.769043,4560.512695,4382.563965,4382.692383,4499.102539,4539.615234,4536.922852,4509.102539,4387.563965,4390.769043,4565.256348,4503.205078,4499.230957,4407.05127,4585.384766,4389.615234,4549.487305,4498.589844,4397.563965,4526.794922,4495.128418,2688,1,25,512,12504,,,,0,4,4,4,4,4,4,4,4,4,4,4,4,4,4,4,4,4,4,4,4,4,4,4,4,4,4,4,4,4,4,4,4,100,,,,,,,,,,,,,,,,,,,,,,,,,,,,,,,,,,,,,,,,,,,,,,,,,,,,,,,,,,,,,,,,,,,,,,,,,,,,,,,,,,,,,,,,,,,,,,,,,,,,,,,,,,,,,,,,,,,,,,,,,,,,,,,,,,,,,,,,,,,,,,,,,,,,,,,,,,,,,,,,,,,,,,,,,,,,,,,,,,,,,,,,,,,,,,,,,,,,,,,,,,,,,,
1764665201.507820,1764665201.503609,36428,0,4369.358887,4380,4494.743652,4521.282227,4384.615234,4497.307617,4525.641113,4386.538574,4561.922852,4389.230957,4488.077148,4503.205078,4550.897461,4379.102539,4372.563965,4490,4528.333496,4524.615234,4502.692383,4379.743652,4380.128418,4553.846191,4495.897461,4489.871582,4401.153809,4577.692383,4380.384766,4538.974121,4491.410156,4386.666504,4514.743652,4486.922852,2498,1,25,768,12511,,,,0,4,4,4,4,4,4,4,4,4,4,4,4,4,4,4,4,4,4,4,4,4,4,4,4,4,4,4,4,4,4,4,4,100,,,,,,,,,,,,,,,,,,,,,,,,,,,,,,,,,,,,,,,,,,,,,,,,,,,,,,,,,,,,,,,,,,,,,,,,,,,,,,,,,,,,,,,,,,,,,,,,,,,,,,,,,,,,,,,,,,,,,,,,,,,,,,,,,,,,,,,,,,,,,,,,,,,,,,,,,,,,,,,,,,,,,,,,,,,,,,,,,,,,,,,,,,,,,,,,,,,,,,,,,,,,,,
1764665201.511728,1764665201.507516,36429,0,4361.666504,4369.615234,4485.128418,4511.794922,4373.589844,4487.436035,4517.692383,4380.512695,4553.717773,4382.563965,4483.846191,4498.077148,4543.717773,4375.641113,4363.846191,4484.230957,4518.205078,4515.256348,4496.666504,4374.615234,4371.025879,4546.538574,4490,4482.179688,4390.897461,4571.410156,4371.538574,4530.512695,4484.615234,4376.538574,4505.128418,4476.282227,2240,1,25,768,12511,,,,0,4,4,4,4,4,4,4,4,4,4,4,4,4,4,4,4,4,4,4,4,4,4,4,4,4,4,4,4,4,4,4,4,100,,,,,,,,,,,,,,,,,,,,,,,,,,,,,,,,,,,25491,0,0.255781,-0.611328,-0.723083,0.194946,0.986937,0.186546,0.030277,21.166666,29.333334,43.333332,,,,,,,,,,,,,,,,,,,,,,,,,,,,,,,,,,,,,,,,,,,,,,,,,,,,,,,,,,,,,,,,,,,,,,,,,,,,,,,,,,,,,,,,,,,,,,,,,,,,,,,,,,,,,,,,,,,,,,,,,,,,,,,,,,,,,,,,,,,,,,,,,,,,,,,,,,,,,,,,
1764665201.515636,1764665201.511423,36430,0,4360.512695,4366.025879,4481.410156,4509.230957,4371.538574,4483.333496,4516.153809,4378.589844,4550.641113,4380.641113,4484.230957,4499.358887,4543.205078,4374.487305,4362.05127,4485,4515.769043,4515,4494.743652,4375.128418,4369.230957,4547.820313,4490.769043,4481.538574,4383.333496,4570.512695,4368.974121,4530.384766,4482.179688,4373.205078,4503.846191,4471.922852,2706,1,25,1024,12519,,,,0,4,4,4,4,4,4,4,4,4,4,4,4,4,4,4,4,4,4,4,4,4,4,4,4,4,4,4,4,4,4,4,4,100,,,,,,,,,,,,,,,,,,,,,,,,,,,,,,,,,,,,,,,,,,,,,,,,,,,,,,,,,,,,,,,,,,,,,,,,,,,,,,,,,,,,,,,,,,,,,,,,,,,,,,,,,,,,,,,,,,,,,,,,,,,,,,,,,,,,,,,,,,,,,,,,,,,,,,,,,,,,,,,,,,,,,,,,,,,,,,,,,,,,,,,,,,,,,,,,,,,,,,,,,,,,,,
1764665201.519544,1764665201.515330,36431,0,4366.282227,4371.025879,4486.794922,4516.282227,4380.641113,4486.794922,4522.179688,4383.846191,4554.487305,4382.307617,4489.102539,4506.666504,4548.717773,4376.922852,4367.820313,4491.153809,4522.436035,4523.333496,4497.692383,4380.256348,4375.641113,4556.153809,4499.102539,4488.846191,4383.589844,4575.256348,4374.358887,4540.128418,4485.769043,4377.436035,4510.769043,4477.820313,2505,1,25,1024,12519,,,,0,4,4,4,4,4,4,4,4,4,4,4,4,4,4,4,4,4,4,4,4,4,4,4,4,4,4,4,4,4,4,4,4,100,,,,,,,,,,,,,,,,,,,,,,,,,,,,,,,,,,,,,,,,,,,,,,,,,,,,,,,,,,,,,,,,,,,,,,,,,,,,,,,,,,,,,,,,,,,,,,,,,,,,,,,,,,,,,,,,,,,,,,,,,,,,,,,,,,,,,,,,,,,,,,,,,,,,,,,,,,,,,,,,,,,,,,,,,,,,,,,,,,,,,,,,,,,,,,,,,,,,,,,,,,,,,,
1764665201.523453,1764665201.519237,36432,0,4374.743652,4381.153809,4497.94873,4528.589844,4395.256348,4494.743652,4531.922852,4394.102539,4562.436035,4383.846191,4495.128418,4515.512695,4555.641113,4381.410156,4376.282227,4498.974121,4533.077148,4533.846191,4502.692383,4385.769043,4385.769043,4565.384766,4510.769043,4499.230957,4390.384766,4581.153809,4384.102539,4554.230957,4492.692383,4384.871582,4519.743652,4489.743652,2862,1,25,1280,12527,,,,0,4,4,4,4,4,4,4,4,4,4,4,4,4,4,4,4,4,4,4,4,4,4,4,4,4,4,4,4,4,4,4,4,100,,,,,,,,,,,,,,,,,,,,,,,,,,,,,,,,,,,,,,,,,,,,,,,,,,,,,,,,,,,,,,,,,,,,,,,,,,,,,,,,,,,,,,,,,,,,,,,,,,,,,,,,,,,,,,,,,,,,,,,,,,,,,,,,,,,,,,,,,,,,,,,,,,,,,,,,,,,,,,,,,,,,,,,,,,,,,,,,,,,,,,,,,,,,,,,,,,,,,,,,,,,,,,
1764665201.527361,1764665201.523144,36433,0,4380.897461,4390.128418,4507.692383,4538.461426,4406.794922,4502.179688,4540.256348,4403.846191,4569.615234,4383.077148,4498.461426,4520,4558.717773,4385.512695,4381.666504,4504.102539,4540.256348,4539.358887,4506.153809,4387.94873,4393.333496,4570.128418,4519.230957,4506.410156,4397.692383,4583.717773,4392.05127,4564.230957,4498.589844,4389.743652,4524.487305,4498.846191,2917,1,25,1280,12527,,,,0,4,4,4,4,4,4,4,4,4,4,4,4,4,4,4,4,4,4,4,4,4,4,4,4,4,4,4,4,4,4,4,4,100,,,,,,,,,,,,,,,,,,,,,,,,,,,,,,,,,,,25492,0,0.255954,-0.611328,-0.723022,0.194946,0.987425,0.190453,0.040532,23.166666,30.166666,44.166668,,,,,,,,,,,,,,,,,,,,,,,,,,,,,,,,,,,,,,,,,,,,,,,,,,,,,,,,,,,,,,,,,,,,,,,,,,,,,,,,,,,,,,,,,,,,,,,,,,,,,,,,,,,,,,,,,,,,,,,,,,,,,,,,,,,,,,,,,,,,,,,,,,,,,,,,,,,,,,,,
1764665201.531269,1764665201.527051,36434,0,4382.563965,4394.102539,4510.769043,4540.384766,4409.743652,4505.769043,4543.333496,4407.563965,4572.692383,4381.025879,4497.179688,4518.589844,4556.922852,4387.436035,4381.538574,4505.256348,4541.025879,4538.205078,4506.282227,4386.794922,4395.384766,4569.615234,4520.641113,4507.692383,4400.384766,4581.538574,4394.871582,4565.769043,4500.769043,4390.897461,4523.205078,4500.128418,1750,1,25,1536,12535,,,,0,4,4,4,4,4,4,4,4,4,4,4,4,4,4,4,4,4,4,4,4,4,4,4,4,4,4,4,4,4,4,4,4,100,,,,,,,,,,,,,,,,,,,,,,,,,,,,,,,,,,,,,,,,,,,,,,,,,,,,,,,,,,,,,,,,,,,,,,,,,,,,,,,,,,,,,,,,,,,,,,,,,,,,,,,,,,,,,,,,,,,,,,,,,,,,,,,,,,,,,,,,,,,,,,,,,,,,,,,,,,,,,,,,,,,,,,,,,,,,,,,,,,,,,,,,,,,,,,,,,,,,,,,,,,,,,,
1764665201.535178,1764665201.530958,36435,0,4381.410156,4393.333496,4508.077148,4535.256348,4405.769043,4506.153809,4541.538574,4404.358887,4571.666504,4380.512695,4493.717773,4514.358887,4553.717773,4387.307617,4378.589844,4504.230957,4538.717773,4533.974121,4504.743652,4385.769043,4393.846191,4566.794922,4516.025879,4505.128418,4398.974121,4578.205078,4393.589844,4561.153809,4500.384766,4391.282227,4520.256348,4496.025879,2956,1,25,1536,12535,,,,0,4,4,4,4,4,4,4,4,4,4,4,4,4,4,4,4,4,4,4,4,4,4,4,4,4,4,4,4,4,4,4,4,100,,,,,,,,,,,,,,,,,,,,,,,,,,,,,,,,,,,,,,,,,,,,,,,,,,,,,,,,,,,,,,,,,,,,,,,,,,,,,,,,,,,,,,,,,,,,,,,,,,,,,,,,,,,,,,,,,,,,,,,,,,,,,,,,,,,,,,,,,,,,,,,,,,,,,,,,,,,,,,,,,,,,,,,,,,,,,,,,,,,,,,,,,,,,,,,,,,,,,,,,,,,,,,
1764665201.539086,1764665201.534865,36436,0,4380.769043,4391.794922,4505.128418,4528.846191,4400.769043,4505.769043,4537.94873,4398.205078,4569.102539,4383.461426,4491.025879,4511.922852,4553.846191,4385.897461,4376.666504,4503.974121,4538.589844,4531.666504,4504.230957,4387.563965,4392.820313,4565.897461,4510,4503.589844,4397.563965,4578.205078,4392.05127,4557.05127,4500.769043,4395.128418,4521.153809,4493.974121,2511,1,25,1792,12543,,,,0,4,4,4,4,4,4,4,4,4,4,4,4,4,4,4,4,4,4,4,4,4,4,4,4,4,4,4,4,4,4,4,4,100,,,,,,,,,,,,,,,,,,,,,,,,,,,,,,,,,,,,,,,,,,,,,,,,,,,,,,,,,,,,,,,,,,,,,,,,,,,,,,,,,,,,,,,,,,,,,,,,,,,,,,,,,,,,,,,,,,,,,,,,,,,,,,,,,,,,,,,,,,,,,,,,,,,,,,,,,,,,,,,,,,,,,,,,,,,,,,,,,,,,,,,,,,,,,,,,,,,,,,,,,,,,,,
1764665201.542994,1764665201.538772,36437,0,4382.436035,4392.692383,4506.666504,4526.666504,4399.487305,4506.410156,4535.897461,4394.615234,4567.179688,4389.487305,4490.769043,4512.94873,4558.717773,4384.615234,4377.820313,4505.897461,4542.820313,4533.333496,4506.153809,4391.538574,4394.487305,4568.717773,4506.666504,4505.769043,4399.230957,4581.922852,4393.205078,4558.077148,4503.461426,4402.563965,4527.820313,4498.717773,2816,1,25,1792,12543,,,,0,4,4,4,4,4,4,4,4,4,4,4,4,4,4,4,4,4,4,4,4,4,4,4,4,4,4,4,4,4,4,4,4,100,,,,,,,,,,,,,,,,,,,,,,,,,,,,,,,,,,,25493,0,0.256053,-0.611267,-0.723022,0.195007,0.987425,0.190453,0.040532,22.833334,30.166666,43.666668,,,,,,,,,,,,,,,,,,,,,,,,,,,,,,,,,,,,,,,,,,,,,,,,,,,,,,,,,,,,,,,,,,,,,,,,,,,,,,,,,,,,,,,,,,,,,,,,,,,,,,,,,,,,,,,,,,,,,,,,,,,,,,,,,,,,,,,,,,,,,,,,,,,,,,,,,,,,,,,,
1764665201.546902,1764665201.542679,36438,0,4385.128418,4396.025879,4511.538574,4528.974121,4401.922852,4507.307617,4536.538574,4395.384766,4565.512695,4395.769043,4491.025879,4515.641113,4565,4383.846191,4380.641113,4508.205078,4548.333496,4536.666504,4509.102539,4394.743652,4396.922852,4572.820313,4507.307617,4509.743652,4402.179688,4585.256348,4395.769043,4562.94873,4506.410156,4409.487305,4535,4507.436035,2924,1,25,2048,12551,,,,0,4,4,4,4,4,4,4,4,4,4,4,4,4,4,4,4,4,4,4,4,4,4,4,4,4,4,4,4,4,4,4,4,100,,,,,,,,,,,,,,,,,,,,,,,,,,,,,,,,,,,,,,,,,,,,,,,,,,,,,,,,,,,,,,,,,,,,,,,,,,,,,,,,,,,,,,,,,,,,,,,,,,,,,,,,,,,,,,,,,,,,,,,,,,,,,,,,,,,,,,,,,,,,,,,,,,,,,,,,,,,,,,,,,,,,,,,,,,,,,,,,,,,,,,,,,,,,,,,,,,,,,,,,,,,,,,
1764665201.550811,1764665201.546586,36439,0,4385.897461,4398.846191,4514.487305,4531.410156,4403.717773,4507.436035,4537.820313,4397.436035,4562.94873,4398.717773,4489.615234,4516.410156,4568.461426,4383.589844,4382.05127,4508.974121,4550.384766,4538.333496,4510.897461,4394.230957,4396.922852,4574.358887,4509.358887,4511.794922,4402.820313,4583.589844,4396.666504,4566.282227,4506.666504,4410.512695,4536.025879,4512.05127,2837,1,25,2048,12551,,,,0,4,4,4,4,4,4,4,4,4,4,4,4,4,4,4,4,4,4,4,4,4,4,4,4,4,4,4,4,4,4,4,4,100,,,,,,,,,,,,,,,,,,,,,,,,,,,,,,,,,,,,,,,,,,,,,,,,,,,,,,,,,,,,,,,,,,,,,,,,,,,,,,,,,,,,,,,,,,,,,,,,,,,,,,,,,,,,,,,,,,,,,,,,,,,,,,,,,,,,,,,,,,,,,,,,,,,,,,,,,,,,,,,,,,,,,,,,,,,,,,,,,,,,,,,,,,,,,,,,,,,,,,,,,,,,,,
1764665201.554719,1764665201.550493,36440,0,4383.974121,4398.846191,4512.05127,4530.641113,4402.179688,4507.307617,4538.077148,4397.179688,4560,4397.692383,4486.153809,4514.102539,4568.333496,4384.230957,4381.282227,4508.461426,4547.94873,4537.179688,4511.025879,4390.897461,4394.102539,4572.436035,4510.384766,4509.743652,4400.256348,4577.436035,4394.102539,4564.487305,4503.717773,4404.743652,4529.230957,4507.94873,2762,1,25,2304,12558,,,,0,4,4,4,4,4,4,4,4,4,4,4,4,4,4,4,4,4,4,4,4,4,4,4,4,4,4,4,4,4,4,4,4,100,,,,,,,,,,,,,,,,,,,,,,,,,,,,,,,,,,,,,,,,,,,,,,,,,,,,,,,,,,,,,,,,,,,,,,,,,,,,,,,,,,,,,,,,,,,,,,,,,,,,,,,,,,,,,,,,,,,,,,,,,,,,,,,,,,,,,,,,,,,,,,,,,,,,,,,,,,,,,,,,,,,,,,,,,,,,,,,,,,,,,,,,,,,,,,,,,,,,,,,,,,,,,,
1764665201.558627,1764665201.554400,36441,0,4382.05127,4397.820313,4507.05127,4528.205078,4399.358887,4510.128418,4539.358887,4394.871582,4559.615234,4395.897461,4483.589844,4511.410156,4567.820313,4386.025879,4381.153809,4509.615234,4545.384766,4537.05127,4510.897461,4388.846191,4392.563965,4570.769043,4511.666504,4506.538574,4398.461426,4572.94873,4391.153809,4560.769043,4500.641113,4397.820313,4521.282227,4499.487305,2812,1,25,2304,12558,,,,0,4,4,4,4,4,4,4,4,4,4,4,4,4,4,4,4,4,4,4,4,4,4,4,4,4,4,4,4,4,4,4,4,100,,,,,,,,,,,,,,,,,,,,,,,,,,,,,,,,,,,25494,0,0.256325,-0.611206,-0.722961,0.195068,0.97717,0.175314,0.037114,21.333334,30.833334,43.5,,,,,,,,,,,,,,,,,,,,,,,,,,,,,,,,,,,,,,,,,,,,,,,,,,,,,,,,,,,,,,,,,,,,,,,,,,,,,,,,,,,,,,,,,,,,,,,,,,,,,,,,,,,,,,,,,,,,,,,,,,,,,,,,,,,,,,,,,,,,,,,,,,,,,,,,,,,,,,,,
1764665201.562535,1764665201.558307,36442,0,4384.615234,4401.282227,4507.179688,4529.230957,4400.769043,4518.333496,4544.871582,4395.641113,4565.384766,4398.205078,4486.153809,4513.461426,4570.897461,4390,4384.871582,4515.641113,4548.589844,4542.05127,4513.461426,4392.436035,4397.563965,4574.230957,4516.410156,4507.307617,4403.461426,4577.307617,4393.717773,4561.922852,4502.307617,4398.333496,4521.794922,4497.436035,1957,1,25,2560,12566,,,,0,4,4,4,4,4,4,4,4,4,4,4,4,4,4,4,4,4,4,4,4,4,4,4,4,4,4,4,4,4,4,4,4,100,,,,,,,,,,,,,,,,,,,,,,,,,,,,,,,,,,,,,,,,,,,,,,,1.528708,1.83176,0.502345,0.829983,0.767318,3.099071,2.069038,0.709522,0.85634,0.677291,2.058455,1.890627,0.665862,1.103066,0.694068,2.195864,1.321705,0.898135,0.731555,0.801858,2.535677,1.736285,0.644408,1.006537,0.711343,1.595285,2.114908,0.610611,0.892089,0.563198,0.891447,1.485025,0.670314,1.187171,0.63453,1.402369,1.08384,1.057058,1.11913,0.789154,1.058472,1.505886,0.870068,0.777517,0.874553,1.044978,1.214569,1.179883,1.629244,1.132687,1.565539,1.169551,0.58008,0.635355,0.486356,1.170998,2.163768,0.532313,0.756319,0.84057,0.921169,1.04834,0.76177,0.872865,0.566259,0.543417,0.444223,0.434289,0.499101,0.559029,0.674167,1.041045,0.573308,0.435221,0.562554,0.796083,1.113521,0.515061,0.750765,0.52378,1.471707,1.86492,1.061163,0.935615,0.686192,0.682722,1.88401,0.894402,1.007484,1.031222,0.322868,0.728805,0.67323,0.541026,0.683462,0.660413,1.004725,1.15232,0.827657,0.749142,1.189031,1.018305,1.04645,0.796453,0.791384,1.699342,1.443358,0.970923,0.882602,0.772199,1.551492,2.061365,0.732294,0.726646,0.643758,1.768866,1.392977,0.683245,1.008109,0.765917,2.094048,1.463028,2.792267,2.448435,2.021381,2.042643,1.490709,0.46765,0.658802,0.764777,2.039129,2.230987,0.946229,1.00003,0.680348,2.02746,1.743965,0.679454,0.93444,0.622971,1.025295,0.758281,0.299498,0.415865,0.355925,2.662613,1.125373,0.532727,0.777192,0.582411,2.255369,1.518866,0.586809,0.814579,0.660494,2.478366,1.49894,0.474701,0.920282,0.598734
1764665201.566444,1764665201.562214,36443,0,4393.461426,4411.922852,4517.820313,4537.94873,4409.871582,4530.641113,4555,4404.230957,4577.179688,4406.410156,4494.871582,4522.692383,4577.820313,4396.025879,4392.94873,4526.025879,4559.102539,4552.307617,4519.615234,4401.794922,4409.230957,4584.102539,4525.897461,4514.615234,4416.410156,4591.538574,4404.743652,4572.05127,4509.871582,4409.743652,4535.641113,4509.743652,2630,1,25,2560,12566,,,,0,4,4,4,4,4,4,4,4,4,4,4,4,4,4,4,4,4,4,4,4,4,4,4,4,4,4,4,4,4,4,4,4,100,,,,,,,,,,,,,,,,,,,,,,,,,,,,,,,,,,,,,,,,,,,,,,,,,,,,,,,,,,,,,,,,,,,,,,,,,,,,,,,,,,,,,,,,,,,,,,,,,,,,,,,,,,,,,,,,,,,,,,,,,,,,,,,,,,,,,,,,,,,,,,,,,,,,,,,,,,,,,,,,,,,,,,,,,,,,,,,,,,,,,,,,,,,,,,,,,,,,,,,,,,,,,,
1764665201.570352,1764665201.566121,36444,0,4404.743652,4425.384766,4536.025879,4552.94873,4423.846191,4541.794922,4565.384766,4418.717773,4590.512695,4416.922852,4505.641113,4535.256348,4585.256348,4401.922852,4401.410156,4536.282227,4571.538574,4562.05127,4526.666504,4411.666504,4421.538574,4595,4536.410156,4524.871582,4430.897461,4608.205078,4419.871582,4586.922852,4519.102539,4426.922852,4556.025879,4532.307617,2685,1,25,2560,12574,,,,0,4,4,4,4,4,4,4,4,4,4,4,4,4,4,4,4,4,4,4,4,4,4,4,4,4,4,4,4,4,4,4,4,100,,,,,,,,,,,,,,,,,,,,,,,,,,,,,,,,,,,,,,,,,,,,,,,,,,,,,,,,,,,,,,,,,,,,,,,,,,,,,,,,,,,,,,,,,,,,,,,,,,,,,,,,,,,,,,,,,,,,,,,,,,,,,,,,,,,,,,,,,,,,,,,,,,,,,,,,,,,,,,,,,,,,,,,,,,,,,,,,,,,,,,,,,,,,,,,,,,,,,,,,,,,,,,
1764665201.574260,1764665201.570028,36445,0,4411.794922,4433.205078,4551.282227,4566.666504,4434.871582,4545.641113,4569.743652,4431.282227,4598.589844,4423.205078,4511.922852,4542.563965,4588.589844,4404.615234,4404.871582,4540.512695,4577.179688,4564.487305,4529.358887,4415.128418,4425.769043,4599.615234,4541.025879,4530.769043,4437.94873,4616.153809,4428.974121,4596.666504,4523.461426,4438.077148,4568.846191,4550.641113,2504,1,25,2560,12574,,,,0,4,4,4,4,4,4,4,4,4,4,4,4,4,4,4,4,4,4,4,4,4,4,4,4,4,4,4,4,4,4,4,4,100,,,,,,,,,,,,,,,,,,,,,,,,,,,,,,,,,,,25495,0,0.256331,-0.611145,-0.722961,0.195251,0.976682,0.18557,0.012697,23,29.166666,42.666668,,,,,,,,,,,,,,,,,,,,,,,,,,,,,,,,,,,,,,,,,,,,,,,,,,,,,,,,,,,,,,,,,,,,,,,,,,,,,,,,,,,,,,,,,,,,,,,,,,,,,,,,,,,,,,,,,,,,,,,,,,,,,,,,,,,,,,,,,,,,,,,,,,,,,,,,,,,,,,,,
1764665201.578169,1764665201.573935,36446,0,4409.743652,4428.846191,4553.333496,4571.025879,4435.897461,4540.128418,4565.384766,4433.846191,4597.820313,4421.538574,4509.615234,4538.461426,4585.384766,4402.307617,4401.282227,4536.025879,4571.153809,4557.692383,4524.358887,4409.358887,4418.077148,4594.230957,4535.128418,4526.666504,4433.717773,4608.589844,4424.358887,4593.461426,4518.589844,4434.743652,4563.717773,4551.025879,2649,1,25,2560,12582,,,,0,4,4,4,4,4,4,4,4,4,4,4,4,4,4,4,4,4,4,4,4,4,4,4,4,4,4,4,4,4,4,4,4,100,,,,,,,,,,,,,,,,,,,,,,,,,,,,,,,,,,,,,,,,,,,,,,,,,,,,,,,,,,,,,,,,,,,,,,,,,,,,,,,,,,,,,,,,,,,,,,,,,,,,,,,,,,,,,,,,,,,,,,,,,,,,,,,,,,,,,,,,,,,,,,,,,,,,,,,,,,,,,,,,,,,,,,,,,,,,,,,,,,,,,,,,,,,,,,,,,,,,,,,,,,,,,,
1764665201.582077,1764665201.577842,36447,0,4400.128418,4413.974121,4540.128418,4562.94873,4426.282227,4528.461426,4554.743652,4425,4589.358887,4412.820313,4500.641113,4524.743652,4577.436035,4395,4393.589844,4525.512695,4556.666504,4546.153809,4513.974121,4397.563965,4402.692383,4582.179688,4521.922852,4513.846191,4421.922852,4590,4406.922852,4578.077148,4507.05127,4418.077148,4542.179688,4531.538574,2820,1,25,2560,12582,,,,0,4,4,4,4,4,4,4,4,4,4,4,4,4,4,4,4,4,4,4,4,4,4,4,4,4,4,4,4,4,4,4,4,100,,,,,,,,,,,,,,,,,,,,,,,,,,,,,,,,,,,,,,,,,,,,,,,,,,,,,,,,,,,,,,,,,,,,,,,,,,,,,,,,,,,,,,,,,,,,,,,,,,,,,,,,,,,,,,,,,,,,,,,,,,,,,,,,,,,,,,,,,,,,,,,,,,,,,,,,,,,,,,,,,,,,,,,,,,,,,,,,,,,,,,,,,,,,,,,,,,,,,,,,,,,,,,
1764665201.585985,1764665201.581749,36448,0,4388.333496,4396.282227,4518.974121,4546.538574,4411.666504,4516.794922,4543.077148,4409.871582,4577.94873,4401.410156,4491.025879,4509.743652,4568.589844,4385.512695,4386.794922,4515,4542.307617,4536.538574,4503.846191,4386.666504,4388.846191,4570.512695,4509.487305,4498.974121,4409.871582,4571.666504,4386.410156,4559.871582,4495.641113,4397.820313,4516.410156,4503.461426,2741,1,25,1536,12590,,,,0,4,4,4,4,4,4,4,4,4,4,4,4,4,4,4,4,4,4,4,4,4,4,4,4,4,4,4,4,4,4,4,4,100,,,,,,,,,,,,,,,,,,,,,,,,,,,,,,,,,,,,,,,,,,,,,,,,,,,,,,,,,,,,,,,,,,,,,,,,,,,,,,,,,,,,,,,,,,,,,,,,,,,,,,,,,,,,,,,,,,,,,,,,,,,,,,,,,,,,,,,,,,,,,,,,,,,,,,,,,,,,,,,,,,,,,,,,,,,,,,,,,,,,,,,,,,,,,,,,,,,,,,,,,,,,,,
1764665201.589893,1764665201.585656,36449,0,4379.615234,4383.974121,4501.282227,4529.487305,4399.358887,4509.743652,4534.102539,4396.153809,4568.846191,4391.282227,4486.282227,4501.153809,4561.410156,4377.179688,4383.846191,4508.717773,4534.487305,4531.538574,4498.461426,4381.153809,4383.333496,4563.846191,4504.487305,4488.717773,4401.666504,4563.461426,4372.563965,4548.333496,4489.615234,4384.102539,4499.230957,4482.179688,2914,1,25,1536,12590,,,,0,4,4,4,4,4,4,4,4,4,4,4,4,4,4,4,4,4,4,4,4,4,4,4,4,4,4,4,4,4,4,4,4,100,,,,,,,,,,,,,,,,,,,,,,,,,,,,,,,,,,,25496,0,0.256502,-0.610962,-0.723022,0.195374,0.973263,0.181663,0.024417,23.666666,29.333334,44.166668,,,,,,,,,,,,,,,,,,,,,,,,,,,,,,,,,,,,,,,,,,,,,,,,,,,,,,,,,,,,,,,,,,,,,,,,,,,,,,,,,,,,,,,,,,,,,,,,,,,,,,,,,,,,,,,,,,,,,,,,,,,,,,,,,,,,,,,,,,,,,,,,,,,,,,,,,,,,,,,,
1764665201.593801,1764665201.589562,36450,0,4375.641113,4380.256348,4494.871582,4518.846191,4393.846191,4507.692383,4528.461426,4388.717773,4565,4385.256348,4486.794922,4501.153809,4556.666504,4373.205078,4383.846191,4507.179688,4533.717773,4529.871582,4498.717773,4380.256348,4386.282227,4562.05127,4506.666504,4485.769043,4395.769043,4566.153809,4369.615234,4546.666504,4489.615234,4380.512695,4495.769043,4476.922852,2591,1,25,1280,12597,,,,0,4,4,4,4,4,4,4,4,4,4,4,4,4,4,4,4,4,4,4,4,4,4,4,4,4,4,4,4,4,4,4,4,100,,,,,,,,,,,,,,,,,,,,,,,,,,,,,,,,,,,,,,,,,,,,,,,,,,,,,,,,,,,,,,,,,,,,,,,,,,,,,,,,,,,,,,,,,,,,,,,,,,,,,,,,,,,,,,,,,,,,,,,,,,,,,,,,,,,,,,,,,,,,,,,,,,,,,,,,,,,,,,,,,,,,,,,,,,,,,,,,,,,,,,,,,,,,,,,,,,,,,,,,,,,,,,
1764665201.597710,1764665201.593469,36451,0,4375.128418,4383.461426,4499.358887,4517.436035,4395.256348,4508.077148,4525.641113,4387.94873,4566.282227,4383.589844,4489.615234,4505.512695,4553.974121,4375,4383.974121,4507.307617,4536.025879,4528.589844,4502.692383,4380.769043,4392.436035,4562.05127,4511.282227,4487.94873,4389.102539,4573.717773,4373.846191,4551.153809,4492.692383,4383.974121,4501.922852,4484.871582,2837,1,25,1280,12597,,,,0,4,4,4,4,4,4,4,4,4,4,4,4,4,4,4,4,4,4,4,4,4,4,4,4,4,4,4,4,4,4,4,4,100,,,,,,,,,,,,,,,,,,,,,,,,,,,,,,,,,,,,,,,,,,,,,,,,,,,,,,,,,,,,,,,,,,,,,,,,,,,,,,,,,,,,,,,,,,,,,,,,,,,,,,,,,,,,,,,,,,,,,,,,,,,,,,,,,,,,,,,,,,,,,,,,,,,,,,,,,,,,,,,,,,,,,,,,,,,,,,,,,,,,,,,,,,,,,,,,,,,,,,,,,,,,,,
1764665201.601618,1764665201.597376,36452,0,4376.794922,4388.974121,4507.820313,4522.307617,4400,4508.077148,4525.641113,4391.410156,4570.641113,4385.256348,4491.410156,4509.743652,4553.589844,4381.666504,4383.077148,4506.922852,4537.563965,4527.179688,4506.666504,4380.384766,4396.282227,4561.666504,4513.846191,4491.538574,4381.410156,4579.102539,4379.102539,4555.512695,4495.128418,4389.102539,4509.615234,4496.410156,2738,1,25,1024,12605,,,,0,4,4,4,4,4,4,4,4,4,4,4,4,4,4,4,4,4,4,4,4,4,4,4,4,4,4,4,4,4,4,4,4,100,,,,,,,,,,,,,,,,,,,,,,,,,,,,,,,,,,,,,,,,,,,,,,,,,,,,,,,,,,,,,,,,,,,,,,,,,,,,,,,,,,,,,,,,,,,,,,,,,,,,,,,,,,,,,,,,,,,,,,,,,,,,,,,,,,,,,,,,,,,,,,,,,,,,,,,,,,,,,,,,,,,,,,,,,,,,,,,,,,,,,,,,,,,,,,,,,,,,,,,,,,,,,,
1764665201.605526,1764665201.601283,36453,0,4379.487305,4393.205078,4513.077148,4528.974121,4404.743652,4507.307617,4528.717773,4395.641113,4575.512695,4388.461426,4491.922852,4511.922852,4556.153809,4390.512695,4382.692383,4506.410156,4538.077148,4528.205078,4508.974121,4379.358887,4396.025879,4561.538574,4513.717773,4494.487305,4376.538574,4579.743652,4382.179688,4556.410156,4496.153809,4392.563965,4513.846191,4502.563965,2775,1,25,1024,12605,,,,0,4,4,4,4,4,4,4,4,4,4,4,4,4,4,4,4,4,4,4,4,4,4,4,4,4,4,4,4,4,4,4,4,100,,,,,,,,,,,,,,,,,,,,,,,,,,,,,,,,,,,25497,0,0.256798,-0.610779,-0.723022,0.195557,0.960566,0.18557,0.037602,22.666666,30,43.833332,,,,,,,,,,,,,,,,,,,,,,,,,,,,,,,,,,,,,,,,,,,,,,,,,,,,,,,,,,,,,,,,,,,,,,,,,,,,,,,,,,,,,,,,,,,,,,,,,,,,,,,,,,,,,,,,,,,,,,,,,,,,,,,,,,,,,,,,,,,,,,,,,,,,,,,,,,,,,,,,
1764665201.609434,1764665201.605190,36454,0,4382.436035,4395.128418,4512.692383,4533.333496,4407.563965,4507.05127,4533.717773,4398.589844,4579.102539,4392.307617,4492.179688,4513.205078,4561.282227,4397.563965,4383.974121,4507.05127,4539.230957,4533.205078,4509.487305,4379.230957,4393.205078,4562.692383,4512.94873,4496.410156,4379.358887,4577.820313,4382.94873,4554.743652,4496.538574,4393.717773,4514.358887,4501.538574,2775,1,25,1024,12613,,,,0,4,4,4,4,4,4,4,4,4,4,4,4,4,4,4,4,4,4,4,4,4,4,4,4,4,4,4,4,4,4,4,4,100,,,,,,,,,,,,,,,,,,,,,,,,,,,,,,,,,,,,,,,,,,,,,,,,,,,,,,,,,,,,,,,,,,,,,,,,,,,,,,,,,,,,,,,,,,,,,,,,,,,,,,,,,,,,,,,,,,,,,,,,,,,,,,,,,,,,,,,,,,,,,,,,,,,,,,,,,,,,,,,,,,,,,,,,,,,,,,,,,,,,,,,,,,,,,,,,,,,,,,,,,,,,,,
1764665201.613343,1764665201.609097,36455,0,4383.974121,4395.512695,4509.358887,4533.717773,4407.820313,4508.077148,4538.461426,4399.230957,4579.358887,4395.256348,4492.820313,4514.358887,4566.538574,4399.358887,4386.025879,4508.974121,4541.666504,4540.512695,4508.974121,4380,4390.128418,4564.871582,4513.077148,4497.436035,4390.128418,4576.666504,4382.692383,4552.436035,4496.666504,4393.333496,4512.820313,4496.922852,2968,1,25,1024,12613,,,,0,4,4,4,4,4,4,4,4,4,4,4,4,4,4,4,4,4,4,4,4,4,4,4,4,4,4,4,4,4,4,4,4,100,,,,,,,,,,,,,,,,,,,,,,,,,,,,,,,,,,,,,,,,,,,,,,,,,,,,,,,,,,,,,,,,,,,,,,,,,,,,,,,,,,,,,,,,,,,,,,,,,,,,,,,,,,,,,,,,,,,,,,,,,,,,,,,,,,,,,,,,,,,,,,,,,,,,,,,,,,,,,,,,,,,,,,,,,,,,,,,,,,,,,,,,,,,,,,,,,,,,,,,,,,,,,,
1764665201.617251,1764665201.613004,36456,0,4382.692383,4395,4506.538574,4530.512695,4405.256348,4509.102539,4540,4397.563965,4575.512695,4395.641113,4493.461426,4514.615234,4568.846191,4394.743652,4386.153809,4510.897461,4543.717773,4545.256348,4507.820313,4381.153809,4388.077148,4565.769043,4513.589844,4496.922852,4402.94873,4576.922852,4381.282227,4550.641113,4496.153809,4391.922852,4510.641113,4493.333496,2849,1,25,1280,12621,,,,0,4,4,4,4,4,4,4,4,4,4,4,4,4,4,4,4,4,4,4,4,4,4,4,4,4,4,4,4,4,4,4,4,100,,,,,,,,,,,,,,,,,,,,,,,,,,,,,,,,,,,,,,,,,,,,,,,,,,,,,,,,,,,,,,,,,,,,,,,,,,,,,,,,,,,,,,,,,,,,,,,,,,,,,,,,,,,,,,,,,,,,,,,,,,,,,,,,,,,,,,,,,,,,,,,,,,,,,,,,,,,,,,,,,,,,,,,,,,,,,,,,,,,,,,,,,,,,,,,,,,,,,,,,,,,,,,
1764665201.621159,1764665201.616911,36457,0,4378.333496,4393.589844,4506.025879,4525.769043,4401.025879,4508.717773,4537.307617,4394.615234,4568.461426,4392.179688,4493.461426,4512.307617,4566.922852,4386.410156,4382.692383,4510.769043,4542.94873,4544.230957,4506.410156,4381.666504,4387.05127,4563.717773,4512.94873,4494.358887,4410.256348,4577.692383,4378.846191,4549.230957,4494.487305,4390,4508.589844,4493.077148,2702,1,25,1280,12621,,,,0,4,4,4,4,4,4,4,4,4,4,4,4,4,4,4,4,4,4,4,4,4,4,4,4,4,4,4,4,4,4,4,4,100,,,,,,,,,,,,,,,,,,,,,,,,,,,,,,,,,,,25498,0,0.257001,-0.610596,-0.723022,0.195862,0.984984,0.183128,0.034672,23.5,29.666666,43,,,,,,,,,,,,,,,,,,,,,,,,,,,,,,,,,,,,,,,,,,,,,,,,,,,,,,,,,,,,,,,,,,,,,,,,,,,,,,,,,,,,,,,,,,,,,,,,,,,,,,,,,,,,,,,,,,,,,,,,,,,,,,,,,,,,,,,,,,,,,,,,,,,,,,,,,,,,,,,,
1764665201.625068,1764665201.620818,36458,0,4373.717773,4392.05127,4507.436035,4523.846191,4397.436035,4507.179688,4532.692383,4391.794922,4561.666504,4386.025879,4493.461426,4508.077148,4562.436035,4378.974121,4377.179688,4508.205078,4539.615234,4538.717773,4505.641113,4382.436035,4387.179688,4559.615234,4510.897461,4490.384766,4408.589844,4578.077148,4376.538574,4548.333496,4492.94873,4388.461426,4507.563965,4496.153809,2273,1,25,1536,12629,,,,0,4,4,4,4,4,4,4,4,4,4,4,4,4,4,4,4,4,4,4,4,4,4,4,4,4,4,4,4,4,4,4,4,100,,,,,,,,,,,,,,,,,,,,,,,,,,,,,,,,,,,,,,,,,,,,,,,,,,,,,,,,,,,,,,,,,,,,,,,,,,,,,,,,,,,,,,,,,,,,,,,,,,,,,,,,,,,,,,,,,,,,,,,,,,,,,,,,,,,,,,,,,,,,,,,,,,,,,,,,,,,,,,,,,,,,,,,,,,,,,,,,,,,,,,,,,,,,,,,,,,,,,,,,,,,,,,
1764665201.628976,1764665201.624725,36459,0,4372.436035,4391.410156,4510,4527.563965,4396.666504,4506.153809,4530.128418,4390.769043,4559.230957,4381.025879,4494.358887,4504.871582,4559.358887,4376.282227,4373.205078,4505.256348,4536.025879,4533.461426,4506.538574,4384.358887,4388.974121,4557.307617,4509.358887,4486.794922,4400.897461,4578.077148,4376.538574,4548.717773,4492.94873,4388.205078,4508.333496,4500,2680,1,25,1536,12629,,,,0,4,4,4,4,4,4,4,4,4,4,4,4,4,4,4,4,4,4,4,4,4,4,4,4,4,4,4,4,4,4,4,4,100,,,,,,,,,,,,,,,,,,,,,,,,,,,,,,,,,,,,,,,,,,,,,,,,,,,,,,,,,,,,,,,,,,,,,,,,,,,,,,,,,,,,,,,,,,,,,,,,,,,,,,,,,,,,,,,,,,,,,,,,,,,,,,,,,,,,,,,,,,,,,,,,,,,,,,,,,,,,,,,,,,,,,,,,,,,,,,,,,,,,,,,,,,,,,,,,,,,,,,,,,,,,,,
1764665201.632884,1764665201.628632,36460,0,4375.769043,4392.179688,4512.436035,4535.641113,4398.846191,4507.179688,4532.307617,4392.05127,4562.563965,4382.05127,4496.410156,4504.871582,4560.769043,4378.461426,4373.461426,4504.102539,4534.615234,4532.94873,4509.358887,4387.179688,4392.307617,4560,4510,4485.769043,4393.205078,4578.205078,4379.487305,4551.025879,4495,4388.717773,4510,4500.512695,2485,1,25,1792,12636,,,,0,4,4,4,4,4,4,4,4,4,4,4,4,4,4,4,4,4,4,4,4,4,4,4,4,4,4,4,4,4,4,4,4,100,,,,,,,,,,,,,,,,,,,,,,,,,,,,,,,,,,,,,,,,,,,,,,,,,,,,,,,,,,,,,,,,,,,,,,,,,,,,,,,,,,,,,,,,,,,,,,,,,,,,,,,,,,,,,,,,,,,,,,,,,,,,,,,,,,,,,,,,,,,,,,,,,,,,,,,,,,,,,,,,,,,,,,,,,,,,,,,,,,,,,,,,,,,,,,,,,,,,,,,,,,,,,,
1764665201.636792,1764665201.632539,36461,0,4381.666504,4392.94873,4513.205078,4542.179688,4401.153809,4509.615234,4537.94873,4394.615234,4569.102539,4389.615234,4498.461426,4507.692383,4565.769043,4382.307617,4377.436035,4505.769043,4536.025879,4537.179688,4512.820313,4389.358887,4396.153809,4567.05127,4512.563965,4488.077148,4389.487305,4578.205078,4383.077148,4554.487305,4497.436035,4388.077148,4509.743652,4495.128418,2229,1,25,1792,12636,,,,0,4,4,4,4,4,4,4,4,4,4,4,4,4,4,4,4,4,4,4,4,4,4,4,4,4,4,4,4,4,4,4,4,100,,,,,,,,,,,,,,,,,,,,,,,,,,,,,,,,,,,25499,0,0.257276,-0.610474,-0.722961,0.196106,0.97717,0.182639,0.033696,22.166666,29.166666,43,,,,,,,,,,,,,,,,,,,,,,,,,,,,,,,,,,,,,,,,,,,,,,,,,,,,,,,,,,,,,,,,,,,,,,,,,,,,,,,,,,,,,,,,,,,,,,,,,,,,,,,,,,,,,,,,,,,,,,,,,,,,,,,,,,,,,,,,,,,,,,,,,,,,,,,,,,,,,,,,
1764665201.640701,1764665201.636446,36462,0,4385.769043,4391.666504,4511.025879,4541.794922,4401.025879,4511.666504,4542.820313,4395.512695,4573.974121,4398.589844,4498.974121,4511.025879,4570.641113,4384.487305,4382.179688,4509.102539,4538.974121,4542.692383,4515.641113,4389.743652,4398.333496,4574.230957,4514.615234,4492.436035,4390.384766,4577.820313,4383.846191,4557.820313,4498.333496,4384.743652,4505.897461,4485.128418,2693,1,25,2048,12644,,,,0,4,4,4,4,4,4,4,4,4,4,4,4,4,4,4,4,4,4,4,4,4,4,4,4,4,4,4,4,4,4,4,4,100,,,,,,,,,,,,,,,,,,,,,,,,,,,,,,,,,,,,,,,,,,,,,,,,,,,,,,,,,,,,,,,,,,,,,,,,,,,,,,,,,,,,,,,,,,,,,,,,,,,,,,,,,,,,,,,,,,,,,,,,,,,,,,,,,,,,,,,,,,,,,,,,,,,,,,,,,,,,,,,,,,,,,,,,,,,,,,,,,,,,,,,,,,,,,,,,,,,,,,,,,,,,,,
1764665201.644609,1764665201.640353,36463,0,4385.641113,4388.077148,4506.410156,4534.358887,4398.205078,4511.794922,4543.333496,4393.333496,4573.717773,4401.666504,4497.436035,4512.820313,4572.179688,4384.102539,4384.358887,4511.666504,4541.538574,4545,4516.282227,4388.846191,4397.179688,4576.538574,4514.358887,4495.897461,4393.077148,4577.307617,4380.384766,4559.487305,4496.922852,4379.487305,4500,4475.897461,2494,1,25,2048,12644,,,,0,4,4,4,4,4,4,4,4,4,4,4,4,4,4,4,4,4,4,4,4,4,4,4,4,4,4,4,4,4,4,4,4,100,,,,,,,,,,,,,,,,,,,,,,,,,,,,,,,,,,,,,,,,,,,,,,,,,,,,,,,,,,,,,,,,,,,,,,,,,,,,,,,,,,,,,,,,,,,,,,,,,,,,,,,,,,,,,,,,,,,,,,,,,,,,,,,,,,,,,,,,,,,,,,,,,,,,,,,,,,,,,,,,,,,,,,,,,,,,,,,,,,,,,,,,,,,,,,,,,,,,,,,,,,,,,,
1764665201.648517,1764665201.644260,36464,0,4381.922852,4383.205078,4502.179688,4525.512695,4394.871582,4509.871582,4540.128418,4388.846191,4569.102539,4395.128418,4494.615234,4512.05127,4569.615234,4382.179688,4383.205078,4511.410156,4542.05127,4542.94873,4514.487305,4388.077148,4393.333496,4572.436035,4511.666504,4495.641113,4393.846191,4576.794922,4375,4558.333496,4494.230957,4375.512695,4496.025879,4473.077148,2850,1,25,2304,12652,,,,0,4,4,4,4,4,4,4,4,4,4,4,4,4,4,4,4,4,4,4,4,4,4,4,4,4,4,4,4,4,4,4,4,100,,,,,,,,,,,,,,,,,,,,,,,,,,,,,,,,,,,,,,,,,,,,,,,,,,,,,,,,,,,,,,,,,,,,,,,,,,,,,,,,,,,,,,,,,,,,,,,,,,,,,,,,,,,,,,,,,,,,,,,,,,,,,,,,,,,,,,,,,,,,,,,,,,,,,,,,,,,,,,,,,,,,,,,,,,,,,,,,,,,,,,,,,,,,,,,,,,,,,,,,,,,,,,
1764665201.652425,1764665201.648167,36465,0,4377.820313,4379.102539,4500.897461,4521.666504,4393.461426,4507.05127,4536.538574,4385,4563.717773,4382.692383,4492.179688,4509.102539,4564.743652,4380.256348,4380.512695,4507.820313,4539.358887,4538.077148,4511.153809,4388.205078,4388.717773,4564.615234,4508.205078,4490.769043,4390,4576.410156,4371.153809,4554.615234,4491.922852,4375.256348,4496.666504,4477.94873,2903,1,25,2304,12652,,,,0,4,4,4,4,4,4,4,4,4,4,4,4,4,4,4,4,4,4,4,4,4,4,4,4,4,4,4,4,4,4,4,4,100,,,,,,,,,,,,,,,,,,,,,,,,,,,,,,,,,,,25500,0,0.257282,-0.610413,-0.722961,0.196289,0.97717,0.182639,0.033696,24.166666,28.833334,44.333332,,,,,,,,,,,,,,,,,,,,,,,,,,,,,,,,,,,,,,,,,,,,,,,,,,,,,,,,,,,,,,,,,,,,,,,,,,,,,,,,,,,,,,,,,,,,,,,,,,,,,,,,,,,,,,,,,,,,,,,,,,,,,,,,,,,,,,,,,,,,,,,,,,,,,,,,,,,,,,,,
1764665201.656334,1764665201.652074,36466,0,4375.512695,4376.922852,4502.94873,4524.871582,4393.974121,4505,4535.128418,4383.717773,4560.897461,4372.692383,4490.384766,4505.512695,4559.615234,4378.589844,4378.205078,4502.436035,4534.358887,4532.820313,4507.692383,4388.205078,4385.384766,4557.436035,4505.384766,4483.589844,4381.538574,4575.769043,4370.897461,4549.358887,4490.769043,4378.205078,4501.410156,4486.922852,1747,1,25,2560,12660,,,,0,4,4,4,4,4,4,4,4,4,4,4,4,4,4,4,4,4,4,4,4,4,4,4,4,4,4,4,4,4,4,4,4,100,,,,,,,,,,,,,,,,,,,,,,,,,,,,,,,,,,,,,,,,,,,,,,,,,,,,,,,,,,,,,,,,,,,,,,,,,,,,,,,,,,,,,,,,,,,,,,,,,,,,,,,,,,,,,,,,,,,,,,,,,,,,,,,,,,,,,,,,,,,,,,,,,,,,,,,,,,,,,,,,,,,,,,,,,,,,,,,,,,,,,,,,,,,,,,,,,,,,,,,,,,,,,,
1764665201.660242,1764665201.655981,36467,0,4376.153809,4376.538574,4506.794922,4531.794922,4395.128418,4504.615234,4535.512695,4385,4562.179688,4371.538574,4488.974121,4503.077148,4555.897461,4377.05127,4377.179688,4497.94873,4529.230957,4528.974121,4504.871582,4387.05127,4383.974121,4554.230957,4504.230957,4478.205078,4371.666504,4574.487305,4373.846191,4544.615234,4490.641113,4381.922852,4506.922852,4494.102539,2944,1,25,2560,12660,,,,0,4,4,4,4,4,4,4,4,4,4,4,4,4,4,4,4,4,4,4,4,4,4,4,4,4,4,4,4,4,4,4,4,100,,,,,,,,,,,,,,,,,,,,,,,,,,,,,,,,,,,,,,,,,,,,,,,,,,,,,,,,,,,,,,,,,,,,,,,,,,,,,,,,,,,,,,,,,,,,,,,,,,,,,,,,,,,,,,,,,,,,,,,,,,,,,,,,,,,,,,,,,,,,,,,,,,,,,,,,,,,,,,,,,,,,,,,,,,,,,,,,,,,,,,,,,,,,,,,,,,,,,,,,,,,,,,
1764665201.664150,1764665201.659888,36468,0,4379.487305,4378.205078,4510.256348,4537.94873,4396.282227,4506.794922,4536.025879,4387.94873,4566.794922,4380.384766,4488.333496,4503.333496,4555,4376.410156,4377.692383,4497.179688,4527.563965,4528.077148,4503.461426,4385.128418,4384.487305,4556.025879,4506.025879,4478.717773,4366.666504,4573.333496,4377.692383,4543.205078,4491.153809,4384.743652,4510.641113,4496.538574,2499,1,25,2560,12668,,,,0,4,4,4,4,4,4,4,4,4,4,4,4,4,4,4,4,4,4,4,4,4,4,4,4,4,4,4,4,4,4,4,4,100,,,,,,,,,,,,,,,,,,,,,,,,,,,,,,,,,,,,,,,,,,,,,,,,,,,,,,,,,,,,,,,,,,,,,,,,,,,,,,,,,,,,,,,,,,,,,,,,,,,,,,,,,,,,,,,,,,,,,,,,,,,,,,,,,,,,,,,,,,,,,,,,,,,,,,,,,,,,,,,,,,,,,,,,,,,,,,,,,,,,,,,,,,,,,,,,,,,,,,,,,,,,,,
1764665201.668059,1764665201.663795,36469,0,4385,4382.436035,4512.563965,4540.769043,4398.333496,4511.922852,4536.666504,4391.922852,4573.717773,4395,4490.128418,4506.922852,4557.692383,4378.333496,4379.615234,4501.666504,4531.922852,4530.897461,4504.358887,4384.743652,4387.179688,4562.05127,4511.538574,4485.641113,4373.333496,4573.974121,4381.025879,4546.538574,4492.692383,4387.307617,4511.794922,4495.512695,2809,1,25,2560,12668,,,,0,4,4,4,4,4,4,4,4,4,4,4,4,4,4,4,4,4,4,4,4,4,4,4,4,4,4,4,4,4,4,4,4,100,,,,,,,,,,,,,,,,,,,,,,,,,,,,,,,,,,,25501,0,0.25738,-0.610352,-0.722961,0.19635,0.998657,0.186546,0.024905,22.333334,29.333334,43.666668,,,,,,,,,,,,,,,,,,,,,,,,,,,,,,,,,,,,,,,,,,,,,,,,,,,,,,,,,,,,,,,,,,,,,,,,,,,,,,,,,,,,,,,,,,,,,,,,,,,,,,,,,,,,,,,,,,,,,,,,,,,,,,,,,,,,,,,,,,,,,,,,,,,,,,,,,,,,,,,,
1764665201.671967,1764665201.667702,36470,0,4391.666504,4389.102539,4513.205078,4540.769043,4402.563965,4519.358887,4538.589844,4396.794922,4580.897461,4408.974121,4495.512695,4512.94873,4563.589844,4384.230957,4382.563965,4509.871582,4541.794922,4537.05127,4508.205078,4387.692383,4392.179688,4570.512695,4519.487305,4496.025879,4392.820313,4577.436035,4383.461426,4553.717773,4495.769043,4391.153809,4511.666504,4493.846191,2918,1,25,2561,12676,,,,0,4,4,4,4,4,4,4,4,4,4,4,4,4,4,4,4,4,4,4,4,4,4,4,4,4,4,4,4,4,4,4,4,100,,,,,,,,,,,,,,,,,,,,,,,,,,,,,,,,,,,,,,,,,,,,,,,,,,,,,,,,,,,,,,,,,,,,,,,,,,,,,,,,,,,,,,,,,,,,,,,,,,,,,,,,,,,,,,,,,,,,,,,,,,,,,,,,,,,,,,,,,,,,,,,,,,,,,,,,,,,,,,,,,,,,,,,,,,,,,,,,,,,,,,,,,,,,,,,,,,,,,,,,,,,,,,
1764665201.675875,1764665201.671609,36471,0,4398.205078,4395.769043,4511.538574,4539.358887,4407.436035,4527.05127,4542.179688,4401.410156,4585.641113,4415.256348,4503.077148,4518.974121,4569.871582,4392.436035,4385.769043,4517.94873,4553.461426,4543.461426,4513.589844,4392.820313,4398.077148,4578.333496,4525.769043,4504.230957,4417.307617,4582.436035,4385.384766,4561.538574,4500.128418,4395.641113,4511.538574,4493.077148,2830,1,25,2561,12676,,,,0,4,4,4,4,4,4,4,4,4,4,4,4,4,4,4,4,4,4,4,4,4,4,4,4,4,4,4,4,4,4,4,4,100,,,,,,,,,,,,,,,,,,,,,,,,,,,,,,,,,,,,,,,,,,,,,,,,,,,,,,,,,,,,,,,,,,,,,,,,,,,,,,,,,,,,,,,,,,,,,,,,,,,,,,,,,,,,,,,,,,,,,,,,,,,,,,,,,,,,,,,,,,,,,,,,,,,,,,,,,,,,,,,,,,,,,,,,,,,,,,,,,,,,,,,,,,,,,,,,,,,,,,,,,,,,,,
1764665201.679783,1764665201.675516,36472,0,4402.307617,4398.205078,4507.692383,4536.922852,4409.871582,4531.153809,4545.641113,4403.077148,4585.769043,4410.512695,4508.205078,4521.538574,4572.820313,4398.205078,4386.666504,4520.897461,4560.256348,4545.384766,4516.153809,4395.897461,4401.538574,4582.05127,4526.794922,4505.128418,4432.436035,4585.641113,4386.282227,4565.384766,4503.974121,4397.94873,4511.153809,4491.922852,2760,1,25,2562,12683,,,,0,4,4,4,4,4,4,4,4,4,4,4,4,4,4,4,4,4,4,4,4,4,4,4,4,4,4,4,4,4,4,4,4,100,,,,,,,,,,,,,,,,,,,,,,,,,,,,,,,,,,,,,,,,,,,,,,,,,,,,,,,,,,,,,,,,,,,,,,,,,,,,,,,,,,,,,,,,,,,,,,,,,,,,,,,,,,,,,,,,,,,,,,,,,,,,,,,,,,,,,,,,,,,,,,,,,,,,,,,,,,,,,,,,,,,,,,,,,,,,,,,,,,,,,,,,,,,,,,,,,,,,,,,,,,,,,,
1764665201.683692,1764665201.679423,36473,0,4401.282227,4393.846191,4502.307617,4532.436035,4407.436035,4529.102539,4545.641113,4399.487305,4581.153809,4397.436035,4506.538574,4517.94873,4569.358887,4396.794922,4382.94873,4515.769043,4557.179688,4539.871582,4512.563965,4392.563965,4399.230957,4578.717773,4520.641113,4497.307617,4427.05127,4583.077148,4384.102539,4561.922852,4503.974121,4395,4509.615234,4489.102539,2804,1,25,2562,12683,,,,0,4,4,4,4,4,4,4,4,4,4,4,4,4,4,4,4,4,4,4,4,4,4,4,4,4,4,4,4,4,4,4,4,100,,,,,,,,,,,,,,,,,,,,,,,,,,,,,,,,,,,25502,0,0.257287,-0.610352,-0.722961,0.196472,0.97717,0.181663,0.025394,22.333334,29.333334,43.666668,,,,,,,,,,,,,,,,,,,,,,,,,,,,,,,,,,,,,,,,,,,,,,,,,,,,,,,,,,,,,,,,,,,,,,,,,,,,,,,,,,,,,,,,,,,,,,,,,,,,,,,,,,,,,,,,,,,,,,,,,,,,,,,,,,,,,,,,,,,,,,,,,,,,,,,,,,,,,,,,
1764665201.687600,1764665201.683330,36474,0,4394.743652,4383.717773,4496.922852,4526.666504,4400,4521.025879,4540.641113,4391.410156,4574.615234,4384.358887,4497.563965,4508.333496,4560.128418,4388.205078,4374.615234,4504.230957,4544.102539,4528.333496,4502.94873,4382.563965,4390.384766,4568.974121,4510,4484.230957,4402.436035,4573.974121,4377.436035,4551.538574,4498.846191,4385.897461,4505.384766,4484.102539,1955,1,25,2563,12691,,,,0,4,4,4,4,4,4,4,4,4,4,4,4,4,4,4,4,4,4,4,4,4,4,4,4,4,4,4,4,4,4,4,4,100,0.96875,100,4,4,4,4,4,4,4,4,4,4,4,4,4,4,4,4,4,4,4,4,4,4,4,4,4,4,4,4,4,4,4,4,,,,,,,,,,,,,1.528889,1.77366,0.595231,0.783689,0.77139,2.868948,1.884529,0.838517,0.841905,0.683891,1.980536,1.671924,0.74832,1.103114,0.695757,2.169097,1.132346,1.033232,0.751537,0.766639,2.20645,1.544013,0.725489,0.987558,0.703184,1.523711,2.072846,0.657768,0.86744,0.575336,0.921184,1.284325,0.645629,1.091288,0.651104,1.379349,0.980146,1.22801,1.074476,0.783256,1.129117,1.530115,0.897838,0.777661,0.844805,1.236135,1.261056,1.230416,1.399896,1.132529,1.765676,1.065066,0.634712,0.592885,0.514433,1.120691,2.172888,0.608406,0.711421,0.858537,0.932843,1.061988,0.874613,0.793835,0.585595,0.583496,0.42405,0.500677,0.484594,0.575901,0.70998,0.953311,0.505813,0.414855,0.615385,0.871537,1.106647,0.562774,0.720229,0.537235,1.365134,1.691419,1.185357,0.874466,0.70386,0.715016,1.816526,0.963546,0.942228,1.09852,0.382759,0.728412,0.74523,0.483567,0.726529,0.80265,1.09745,1.311467,0.734046,0.779723,1.433172,0.972675,1.136186,0.714976,0.806593,1.843303,1.402357,1.103506,0.778121,0.802912,1.374859,1.802075,0.802993,0.664468,0.680025,1.931241,1.373041,0.792947,0.87811,0.796141,2.385703,1.260862,2.879572,2.347149,1.973197,2.142934,1.452158,0.484969,0.626456,0.754953,2.041363,2.282355,0.925966,0.9417,0.72696,2.047901,1.614466,0.778863,0.869371,0.665929,1.009792,0.687011,0.347886,0.377178,0.371068,2.488638,1.060555,0.537998,0.745819,0.614495,2.251769,1.598149,0.624602,0.804793,0.694017,2.491489,1.50198,0.53918,0.856002,0.608023
1764665201.691508,1764665201.687237,36475,0,4385.128418,4372.820313,4492.692383,4521.538574,4390.897461,4510.512695,4532.94873,4383.205078,4569.230957,4378.974121,4485.641113,4497.436035,4550.128418,4376.794922,4365.384766,4492.307617,4527.563965,4516.666504,4492.436035,4370.512695,4378.846191,4557.436035,4500.512695,4471.794922,4372.307617,4561.666504,4367.436035,4539.102539,4490.512695,4373.589844,4498.333496,4478.077148,2627,1,25,2563,12691,,,,0,4,4,4,4,4,4,4,4,4,4,4,4,4,4,4,4,4,4,4,4,4,4,4,4,4,4,4,4,4,4,4,4,100,,,,,,,,,,,,,,,,,,,,,,,,,,,,,,,,,,,,,,,,,,,,,,,,,,,,,,,,,,,,,,,,,,,,,,,,,,,,,,,,,,,,,,,,,,,,,,,,,,,,,,,,,,,,,,,,,,,,,,,,,,,,,,,,,,,,,,,,,,,,,,,,,,,,,,,,,,,,,,,,,,,,,,,,,,,,,,,,,,,,,,,,,,,,,,,,,,,,,,,,,,,,,,
1764665201.695416,1764665201.691144,36476,0,4377.94873,4366.794922,4490.128418,4519.615234,4384.743652,4503.205078,4527.563965,4379.102539,4567.820313,4382.307617,4477.820313,4491.153809,4545,4368.846191,4360.384766,4485.769043,4516.666504,4511.282227,4487.307617,4363.205078,4370.256348,4549.871582,4497.563965,4465.128418,4353.717773,4551.794922,4358.717773,4531.282227,4483.205078,4364.230957,4490.769043,4473.205078,2682,1,25,2564,12699,,,,0,4,4,4,4,4,4,4,4,4,4,4,4,4,4,4,4,4,4,4,4,4,4,4,4,4,4,4,4,4,4,4,4,100,,,,,,,,,,,,,,,,,,,,,,,,,,,,,,,,,,,,,,,,,,,,,,,,,,,,,,,,,,,,,,,,,,,,,,,,,,,,,,,,,,,,,,,,,,,,,,,,,,,,,,,,,,,,,,,,,,,,,,,,,,,,,,,,,,,,,,,,,,,,,,,,,,,,,,,,,,,,,,,,,,,,,,,,,,,,,,,,,,,,,,,,,,,,,,,,,,,,,,,,,,,,,,
1764665201.699324,1764665201.695051,36477,0,4377.563965,4368.077148,4489.230957,4521.794922,4384.230957,4503.205078,4528.205078,4380.897461,4569.871582,4388.717773,4477.94873,4492.820313,4547.05127,4368.077148,4362.05127,4487.05127,4517.307617,4514.230957,4490.256348,4364.358887,4368.589844,4549.487305,4502.94873,4465.897461,4355.897461,4548.846191,4355.641113,4531.538574,4480.897461,4362.179688,4486.666504,4470.897461,2501,1,25,2564,12699,,,,0,4,4,4,4,4,4,4,4,4,4,4,4,4,4,4,4,4,4,4,4,4,4,4,4,4,4,4,4,4,4,4,4,100,,,,,,,,,,,,,,,,,,,,,,,,,,,,,,,,,,,25503,0,0.257287,-0.610352,-0.722961,0.196472,0.9801,0.177756,0.029789,22.166666,28.333334,43.5,,,,,,,,,,,,,,,,,,,,,,,,,,,,,,,,,,,,,,,,,,,,,,,,,,,,,,,,,,,,,,,,,,,,,,,,,,,,,,,,,,,,,,,,,,,,,,,,,,,,,,,,,,,,,,,,,,,,,,,,,,,,,,,,,,,,,,,,,,,,,,,,,,,,,,,,,,,,,,,,
1764665201.703233,1764665201.698958,36478,0,4384.102539,4375.512695,4490.256348,4527.179688,4388.974121,4510,4534.615234,4386.538574,4573.205078,4391.153809,4484.102539,4500.897461,4554.102539,4373.077148,4368.333496,4493.846191,4527.05127,4521.666504,4498.974121,4371.794922,4373.077148,4554.743652,4512.94873,4471.410156,4374.102539,4552.820313,4360,4538.974121,4484.615234,4367.563965,4488.333496,4471.794922,2646,1,25,2565,12707,,,,0,4,4,4,4,4,4,4,4,4,4,4,4,4,4,4,4,4,4,4,4,4,4,4,4,4,4,4,4,4,4,4,4,100,,,,,,,,,,,,,,,,,,,,,,,,,,,,,,,,,,,,,,,,,,,,,,,,,,,,,,,,,,,,,,,,,,,,,,,,,,,,,,,,,,,,,,,,,,,,,,,,,,,,,,,,,,,,,,,,,,,,,,,,,,,,,,,,,,,,,,,,,,,,,,,,,,,,,,,,,,,,,,,,,,,,,,,,,,,,,,,,,,,,,,,,,,,,,,,,,,,,,,,,,,,,,,
1764665201.707141,1764665201.702864,36479,0,4393.846191,4385.256348,4493.333496,4533.461426,4396.282227,4519.487305,4543.077148,4393.077148,4575.769043,4387.563965,4490.769043,4510.641113,4561.922852,4379.743652,4375.128418,4501.538574,4538.974121,4527.563965,4507.820313,4380.128418,4379.743652,4561.666504,4521.666504,4478.077148,4395,4560.897461,4369.743652,4548.589844,4491.794922,4376.922852,4495.512695,4475.512695,2816,1,25,2565,12707,,,,0,4,4,4,4,4,4,4,4,4,4,4,4,4,4,4,4,4,4,4,4,4,4,4,4,4,4,4,4,4,4,4,4,100,,,,,,,,,,,,,,,,,,,,,,,,,,,,,,,,,,,,,,,,,,,,,,,,,,,,,,,,,,,,,,,,,,,,,,,,,,,,,,,,,,,,,,,,,,,,,,,,,,,,,,,,,,,,,,,,,,,,,,,,,,,,,,,,,,,,,,,,,,,,,,,,,,,,,,,,,,,,,,,,,,,,,,,,,,,,,,,,,,,,,,,,,,,,,,,,,,,,,,,,,,,,,,
1764665201.711049,1764665201.706771,36480,0,4401.922852,4393.846191,4498.717773,4538.717773,4403.717773,4526.666504,4549.615234,4398.717773,4577.179688,4381.794922,4493.974121,4518.461426,4567.563965,4383.974121,4379.615234,4506.666504,4546.410156,4529.230957,4512.94873,4384.743652,4385.641113,4567.179688,4525,4484.230957,4406.666504,4569.615234,4380.128418,4555.897461,4499.102539,4385.384766,4506.153809,4481.922852,2742,1,25,2562,12715,,,,0,4,4,4,4,4,4,4,4,4,4,4,4,4,4,4,4,4,4,4,4,4,4,4,4,4,4,4,4,4,4,4,4,100,,,,,,,,,,,,,,,,,,,,,,,,,,,,,,,,,,,,,,,,,,,,,,,,,,,,,,,,,,,,,,,,,,,,,,,,,,,,,,,,,,,,,,,,,,,,,,,,,,,,,,,,,,,,,,,,,,,,,,,,,,,,,,,,,,,,,,,,,,,,,,,,,,,,,,,,,,,,,,,,,,,,,,,,,,,,,,,,,,,,,,,,,,,,,,,,,,,,,,,,,,,,,,
1764665201.714958,1764665201.710678,36481,0,4405.641113,4399.487305,4506.153809,4542.05127,4410.128418,4529.230957,4552.05127,4402.692383,4578.205078,4379.743652,4493.717773,4523.461426,4570.641113,4384.358887,4381.922852,4508.589844,4547.94873,4528.846191,4513.846191,4384.871582,4389.358887,4570.384766,4523.461426,4489.743652,4406.794922,4575.897461,4387.563965,4559.615234,4504.230957,4390.641113,4516.538574,4490.256348,2908,1,25,2562,12715,,,,0,4,4,4,4,4,4,4,4,4,4,4,4,4,4,4,4,4,4,4,4,4,4,4,4,4,4,4,4,4,4,4,4,100,,,,,,,,,,,,,,,,,,,,,,,,,,,,,,,,,,,25504,0,0.257287,-0.610352,-0.722961,0.196472,0.986449,0.176779,0.031742,22.166666,28.333334,43.5,,,,,,,,,,,,,,,,,,,,,,,,,,,,,,,,,,,,,,,,,,,,,,,,,,,,,,,,,,,,,,,,,,,,,,,,,,,,,,,,,,,,,,,,,,,,,,,,,,,,,,,,,,,,,,,,,,,,,,,,,,,,,,,,,,,,,,,,,,,,,,,,,,,,,,,,,,,,,,,,
1764665201.718866,1764665201.714585,36482,0,4405,4401.538574,4513.077148,4543.717773,4415,4528.461426,4549.871582,4404.487305,4578.589844,4384.615234,4492.436035,4525.769043,4571.922852,4381.794922,4382.692383,4508.589844,4546.282227,4530.384766,4512.436035,4382.692383,4391.153809,4571.794922,4519.615234,4494.358887,4401.666504,4577.692383,4390.128418,4560.384766,4506.025879,4392.436035,4522.563965,4497.94873,2590,1,25,2304,12722,,,,0,4,4,4,4,4,4,4,4,4,4,4,4,4,4,4,4,4,4,4,4,4,4,4,4,4,4,4,4,4,4,4,4,100,,,,,,,,,,,,,,,,,,,,,,,,,,,,,,,,,,,,,,,,,,,,,,,,,,,,,,,,,,,,,,,,,,,,,,,,,,,,,,,,,,,,,,,,,,,,,,,,,,,,,,,,,,,,,,,,,,,,,,,,,,,,,,,,,,,,,,,,,,,,,,,,,,,,,,,,,,,,,,,,,,,,,,,,,,,,,,,,,,,,,,,,,,,,,,,,,,,,,,,,,,,,,,
1764665201.722774,1764665201.718492,36483,0,4400.897461,4400.384766,4515.897461,4543.461426,4416.794922,4526.410156,4544.102539,4403.077148,4577.05127,4393.846191,4491.538574,4525.897461,4571.153809,4378.077148,4382.436035,4508.077148,4544.487305,4534.743652,4511.153809,4380.384766,4391.025879,4571.282227,4516.153809,4496.025879,4397.94873,4574.358887,4387.820313,4559.102539,4504.230957,4391.538574,4521.025879,4501.153809,2838,1,25,2304,12722,,,,0,4,4,4,4,4,4,4,4,4,4,4,4,4,4,4,4,4,4,4,4,4,4,4,4,4,4,4,4,4,4,4,4,100,,,,,,,,,,,,,,,,,,,,,,,,,,,,,,,,,,,,,,,,,,,,,,,,,,,,,,,,,,,,,,,,,,,,,,,,,,,,,,,,,,,,,,,,,,,,,,,,,,,,,,,,,,,,,,,,,,,,,,,,,,,,,,,,,,,,,,,,,,,,,,,,,,,,,,,,,,,,,,,,,,,,,,,,,,,,,,,,,,,,,,,,,,,,,,,,,,,,,,,,,,,,,,
1764665201.726683,1764665201.722399,36484,0,4394.615234,4396.153809,4511.794922,4539.615234,4413.974121,4524.230957,4536.282227,4397.820313,4572.05127,4400.897461,4489.743652,4522.692383,4567.692383,4374.743652,4380.512695,4507.05127,4543.461426,4538.974121,4510.769043,4378.461426,4388.461426,4568.461426,4512.820313,4492.820313,4396.153809,4567.05127,4382.179688,4556.025879,4500,4388.461426,4511.282227,4496.794922,2738,1,25,1536,12730,,,,0,4,4,4,4,4,4,4,4,4,4,4,4,4,4,4,4,4,4,4,4,4,4,4,4,4,4,4,4,4,4,4,4,100,,,,,,,,,,,,,,,,,,,,,,,,,,,,,,,,,,,,,,,,,,,,,,,,,,,,,,,,,,,,,,,,,,,,,,,,,,,,,,,,,,,,,,,,,,,,,,,,,,,,,,,,,,,,,,,,,,,,,,,,,,,,,,,,,,,,,,,,,,,,,,,,,,,,,,,,,,,,,,,,,,,,,,,,,,,,,,,,,,,,,,,,,,,,,,,,,,,,,,,,,,,,,,
1764665201.730591,1764665201.726306,36485,0,4387.563965,4389.871582,4501.282227,4531.410156,4406.153809,4522.05127,4527.94873,4389.358887,4563.974121,4399.487305,4486.153809,4515.897461,4561.410156,4371.794922,4376.794922,4504.743652,4541.794922,4539.230957,4510.512695,4375.769043,4383.846191,4562.94873,4508.717773,4485.128418,4391.922852,4558.205078,4374.871582,4551.666504,4495.256348,4383.717773,4497.563965,4485.897461,2777,1,25,1536,12730,,,,0,4,4,4,4,4,4,4,4,4,4,4,4,4,4,4,4,4,4,4,4,4,4,4,4,4,4,4,4,4,4,4,4,100,,,,,,,,,,,,,,,,,,,,,,,,,,,,,,,,,,,25505,0,0.25738,-0.610352,-0.722961,0.19635,0.969845,0.176291,0.0293,23.666666,27.833334,43.333332,,,,,,,,,,,,,,,,,,,,,,,,,,,,,,,,,,,,,,,,,,,,,,,,,,,,,,,,,,,,,,,,,,,,,,,,,,,,,,,,,,,,,,,,,,,,,,,,,,,,,,,,,,,,,,,,,,,,,,,,,,,,,,,,,,,,,,,,,,,,,,,,,,,,,,,,,,,,,,,,
1764665201.734499,1764665201.730213,36486,0,4382.307617,4384.487305,4490,4521.282227,4397.179688,4519.615234,4521.922852,4381.410156,4556.282227,4389.871582,4482.692383,4508.461426,4555.128418,4370.128418,4372.94873,4501.922852,4538.846191,4534.871582,4509.230957,4372.179688,4378.846191,4557.05127,4504.230957,4477.179688,4382.563965,4551.666504,4369.358887,4547.820313,4492.05127,4379.102539,4487.05127,4474.743652,2778,1,25,1792,12738,,,,0,4,4,4,4,4,4,4,4,4,4,4,4,4,4,4,4,4,4,4,4,4,4,4,4,4,4,4,4,4,4,4,4,100,,,,,,,,,,,,,,,,,,,,,,,,,,,,,,,,,,,,,,,,,,,,,,,,,,,,,,,,,,,,,,,,,,,,,,,,,,,,,,,,,,,,,,,,,,,,,,,,,,,,,,,,,,,,,,,,,,,,,,,,,,,,,,,,,,,,,,,,,,,,,,,,,,,,,,,,,,,,,,,,,,,,,,,,,,,,,,,,,,,,,,,,,,,,,,,,,,,,,,,,,,,,,,
1764665201.738407,1764665201.734120,36487,0,4381.794922,4383.974121,4486.025879,4515.256348,4393.077148,4518.333496,4521.282227,4379.358887,4553.846191,4379.487305,4483.461426,4505.128418,4553.077148,4370.897461,4372.307617,4501.282227,4536.922852,4530.512695,4507.692383,4370.256348,4376.922852,4554.743652,4502.436035,4474.487305,4372.563965,4550.384766,4368.717773,4547.05127,4492.436035,4378.333496,4486.410156,4471.153809,2969,1,25,1792,12738,,,,0,4,4,4,4,4,4,4,4,4,4,4,4,4,4,4,4,4,4,4,4,4,4,4,4,4,4,4,4,4,4,4,4,100,,,,,,,,,,,,,,,,,,,,,,,,,,,,,,,,,,,,,,,,,,,,,,,,,,,,,,,,,,,,,,,,,,,,,,,,,,,,,,,,,,,,,,,,,,,,,,,,,,,,,,,,,,,,,,,,,,,,,,,,,,,,,,,,,,,,,,,,,,,,,,,,,,,,,,,,,,,,,,,,,,,,,,,,,,,,,,,,,,,,,,,,,,,,,,,,,,,,,,,,,,,,,,
1764665201.742315,1764665201.738027,36488,0,4386.538574,4390.128418,4493.205078,4517.307617,4397.692383,4520,4527.179688,4385.641113,4559.230957,4376.282227,4490.769043,4508.846191,4557.692383,4375,4376.794922,4505.256348,4538.717773,4532.179688,4508.205078,4373.333496,4380.512695,4559.615234,4505.384766,4479.615234,4370.384766,4555,4373.974121,4550.384766,4496.538574,4383.333496,4496.025879,4478.077148,2850,1,25,2048,12746,,,,0,4,4,4,4,4,4,4,4,4,4,4,4,4,4,4,4,4,4,4,4,4,4,4,4,4,4,4,4,4,4,4,4,100,,,,,,,,,,,,,,,,,,,,,,,,,,,,,,,,,,,,,,,,,,,,,,,,,,,,,,,,,,,,,,,,,,,,,,,,,,,,,,,,,,,,,,,,,,,,,,,,,,,,,,,,,,,,,,,,,,,,,,,,,,,,,,,,,,,,,,,,,,,,,,,,,,,,,,,,,,,,,,,,,,,,,,,,,,,,,,,,,,,,,,,,,,,,,,,,,,,,,,,,,,,,,,
1764665201.746224,1764665201.741934,36489,0,4393.205078,4399.615234,4506.666504,4526.025879,4407.94873,4524.487305,4536.666504,4397.179688,4569.230957,4381.666504,4501.922852,4517.692383,4565.897461,4381.025879,4384.230957,4513.077148,4544.358887,4541.025879,4512.307617,4381.538574,4388.205078,4570,4511.794922,4489.487305,4379.615234,4561.538574,4381.666504,4556.153809,4502.436035,4391.538574,4508.461426,4490,2702,1,25,2048,12746,,,,0,4,4,4,4,4,4,4,4,4,4,4,4,4,4,4,4,4,4,4,4,4,4,4,4,4,4,4,4,4,4,4,4,100,,,,,,,,,,,,,,,,,,,,,,,,,,,,,,,,,,,25506,0,0.257208,-0.610352,-0.723022,0.19635,0.978635,0.171896,0.038579,22.833334,30.166666,44.5,,,,,,,,,,,,,,,,,,,,,,,,,,,,,,,,,,,,,,,,,,,,,,,,,,,,,,,,,,,,,,,,,,,,,,,,,,,,,,,,,,,,,,,,,,,,,,,,,,,,,,,,,,,,,,,,,,,,,,,,,,,,,,,,,,,,,,,,,,,,,,,,,,,,,,,,,,,,,,,,
1764665201.750132,1764665201.745841,36490,0,4396.538574,4405.897461,4516.025879,4534.743652,4416.025879,4529.487305,4544.230957,4406.410156,4577.307617,4389.102539,4510.641113,4525.384766,4571.794922,4386.025879,4389.615234,4519.871582,4550.769043,4551.410156,4517.692383,4390.512695,4395,4579.487305,4517.179688,4497.05127,4394.358887,4564.743652,4385.897461,4560.256348,4506.282227,4397.436035,4514.615234,4497.05127,2275,1,25,2304,12754,,,,0,4,4,4,4,4,4,4,4,4,4,4,4,4,4,4,4,4,4,4,4,4,4,4,4,4,4,4,4,4,4,4,4,100,,,,,,,,,,,,,,,,,,,,,,,,,,,,,,,,,,,,,,,,,,,,,,,,,,,,,,,,,,,,,,,,,,,,,,,,,,,,,,,,,,,,,,,,,,,,,,,,,,,,,,,,,,,,,,,,,,,,,,,,,,,,,,,,,,,,,,,,,,,,,,,,,,,,,,,,,,,,,,,,,,,,,,,,,,,,,,,,,,,,,,,,,,,,,,,,,,,,,,,,,,,,,,
1764665201.754040,1764665201.749748,36491,0,4393.589844,4404.358887,4513.974121,4537.436035,4415.512695,4530.897461,4545.256348,4407.307617,4578.205078,4390.641113,4511.538574,4526.410156,4571.025879,4387.563965,4388.846191,4520.641113,4553.589844,4554.871582,4519.615234,4394.615234,4395.769043,4581.538574,4518.077148,4497.05127,4403.333496,4561.666504,4383.205078,4560,4505.256348,4396.922852,4510.256348,4493.846191,2679,1,25,2304,12754,,,,0,4,4,4,4,4,4,4,4,4,4,4,4,4,4,4,4,4,4,4,4,4,4,4,4,4,4,4,4,4,4,4,4,100,,,,,,,,,,,,,,,,,,,,,,,,,,,,,,,,,,,,,,,,,,,,,,,,,,,,,,,,,,,,,,,,,,,,,,,,,,,,,,,,,,,,,,,,,,,,,,,,,,,,,,,,,,,,,,,,,,,,,,,,,,,,,,,,,,,,,,,,,,,,,,,,,,,,,,,,,,,,,,,,,,,,,,,,,,,,,,,,,,,,,,,,,,,,,,,,,,,,,,,,,,,,,,
1764665201.757949,1764665201.753655,36492,0,4385.769043,4396.282227,4502.563965,4532.692383,4407.436035,4527.563965,4539.615234,4399.871582,4572.563965,4384.871582,4504.102539,4519.871582,4564.230957,4385.512695,4382.307617,4514.487305,4550.384766,4548.077148,4515.384766,4391.153809,4389.230957,4575.256348,4515,4490.256348,4400.769043,4555.256348,4375.769043,4555.641113,4499.871582,4390.769043,4499.871582,4483.205078,2483,1,25,2560,12761,,,,0,4,4,4,4,4,4,4,4,4,4,4,4,4,4,4,4,4,4,4,4,4,4,4,4,4,4,4,4,4,4,4,4,100,,,,,,,,,,,,,,,,,,,,,,,,,,,,,,,,,,,,,,,,,,,,,,,,,,,,,,,,,,,,,,,,,,,,,,,,,,,,,,,,,,,,,,,,,,,,,,,,,,,,,,,,,,,,,,,,,,,,,,,,,,,,,,,,,,,,,,,,,,,,,,,,,,,,,,,,,,,,,,,,,,,,,,,,,,,,,,,,,,,,,,,,,,,,,,,,,,,,,,,,,,,,,,
1764665201.761857,1764665201.757562,36493,0,4377.94873,4387.94873,4490.512695,4524.358887,4397.94873,4522.05127,4531.410156,4390.512695,4565.256348,4377.179688,4493.333496,4509.615234,4556.410156,4381.922852,4374.487305,4505.128418,4542.563965,4535,4507.436035,4383.077148,4380,4565.897461,4511.538574,4482.436035,4391.025879,4551.410156,4369.230957,4551.025879,4493.974121,4384.230957,4492.179688,4473.589844,2227,1,25,2560,12761,,,,0,4,4,4,4,4,4,4,4,4,4,4,4,4,4,4,4,4,4,4,4,4,4,4,4,4,4,4,4,4,4,4,4,100,,,,,,,,,,,,,,,,,,,,,,,,,,,,,,,,,,,25507,0,0.257255,-0.610352,-0.723022,0.196289,0.979612,0.185081,0.034184,22.333334,29.333334,44.166668,,,,,,,,,,,,,,,,,,,,,,,,,,,,,,,,,,,,,,,,,,,,,,,,,,,,,,,,,,,,,,,,,,,,,,,,,,,,,,,,,,,,,,,,,,,,,,,,,,,,,,,,,,,,,,,,,,,,,,,,,,,,,,,,,,,,,,,,,,,,,,,,,,,,,,,,,,,,,,,,
1764665201.765765,1764665201.761469,36494,0,4374.871582,4385.384766,4486.153809,4517.94873,4393.589844,4517.94873,4526.410156,4386.153809,4561.410156,4374.487305,4486.282227,4501.666504,4552.94873,4379.615234,4370.769043,4497.820313,4535.128418,4524.102539,4500.512695,4376.282227,4374.230957,4560.128418,4510.641113,4479.615234,4385,4554.102539,4369.102539,4549.871582,4491.922852,4382.179688,4493.461426,4472.05127,2689,1,25,2560,12769,,,,0,4,4,4,4,4,4,4,4,4,4,4,4,4,4,4,4,4,4,4,4,4,4,4,4,4,4,4,4,4,4,4,4,100,,,,,,,,,,,,,,,,,,,,,,,,,,,,,,,,,,,,,,,,,,,,,,,,,,,,,,,,,,,,,,,,,,,,,,,,,,,,,,,,,,,,,,,,,,,,,,,,,,,,,,,,,,,,,,,,,,,,,,,,,,,,,,,,,,,,,,,,,,,,,,,,,,,,,,,,,,,,,,,,,,,,,,,,,,,,,,,,,,,,,,,,,,,,,,,,,,,,,,,,,,,,,,
1764665201.769673,1764665201.765376,36495,0,4377.692383,4389.871582,4491.153809,4517.179688,4396.282227,4517.94873,4527.820313,4389.230957,4562.820313,4378.846191,4487.05127,4499.871582,4555.769043,4380,4373.461426,4495.384766,4532.307617,4520.769043,4497.820313,4375.128418,4375.256348,4560.897461,4512.05127,4482.94873,4390.512695,4561.794922,4375.641113,4553.205078,4495.128418,4386.282227,4503.205078,4479.358887,2489,1,25,2560,12769,,,,0,4,4,4,4,4,4,4,4,4,4,4,4,4,4,4,4,4,4,4,4,4,4,4,4,4,4,4,4,4,4,4,4,100,,,,,,,,,,,,,,,,,,,,,,,,,,,,,,,,,,,,,,,,,,,,,,,,,,,,,,,,,,,,,,,,,,,,,,,,,,,,,,,,,,,,,,,,,,,,,,,,,,,,,,,,,,,,,,,,,,,,,,,,,,,,,,,,,,,,,,,,,,,,,,,,,,,,,,,,,,,,,,,,,,,,,,,,,,,,,,,,,,,,,,,,,,,,,,,,,,,,,,,,,,,,,,
1764665201.773582,1764665201.769283,36496,0,4383.333496,4397.307617,4500.512695,4521.410156,4403.461426,4521.282227,4534.358887,4396.153809,4566.794922,4386.922852,4493.974121,4502.94873,4561.410156,4381.666504,4379.487305,4497.179688,4534.743652,4524.487305,4498.589844,4379.358887,4380.256348,4565,4513.333496,4488.717773,4405,4569.743652,4384.102539,4558.846191,4500.641113,4393.589844,4515.641113,4490.641113,2844,1,25,2561,12777,,,,0,4,4,4,4,4,4,4,4,4,4,4,4,4,4,4,4,4,4,4,4,4,4,4,4,4,4,4,4,4,4,4,4,100,,,,,,,,,,,,,,,,,,,,,,,,,,,,,,,,,,,,,,,,,,,,,,,,,,,,,,,,,,,,,,,,,,,,,,,,,,,,,,,,,,,,,,,,,,,,,,,,,,,,,,,,,,,,,,,,,,,,,,,,,,,,,,,,,,,,,,,,,,,,,,,,,,,,,,,,,,,,,,,,,,,,,,,,,,,,,,,,,,,,,,,,,,,,,,,,,,,,,,,,,,,,,,
1764665201.777490,1764665201.773190,36497,0,4386.666504,4401.538574,4505.897461,4526.025879,4409.230957,4525.256348,4540.641113,4400.897461,4569.358887,4393.333496,4501.282227,4505.769043,4564.230957,4382.563965,4383.461426,4499.871582,4538.589844,4530,4499.615234,4384.230957,4383.589844,4566.666504,4511.666504,4491.025879,4417.307617,4572.307617,4387.563965,4562.05127,4503.846191,4398.717773,4522.94873,4498.589844,2901,1,25,2561,12777,,,,0,4,4,4,4,4,4,4,4,4,4,4,4,4,4,4,4,4,4,4,4,4,4,4,4,4,4,4,4,4,4,4,4,100,,,,,,,,,,,,,,,,,,,,,,,,,,,,,,,,,,,25508,0,0.257446,-0.610291,-0.723022,0.196228,0.975217,0.186058,0.036137,23,30.333334,44.333332,,,,,,,,,,,,,,,,,,,,,,,,,,,,,,,,,,,,,,,,,,,,,,,,,,,,,,,,,,,,,,,,,,,,,,,,,,,,,,,,,,,,,,,,,,,,,,,,,,,,,,,,,,,,,,,,,,,,,,,,,,,,,,,,,,,,,,,,,,,,,,,,,,,,,,,,,,,,,,,,
1764665201.781398,1764665201.777097,36498,0,4384.743652,4398.974121,4502.692383,4526.794922,4409.615234,4527.307617,4542.05127,4400.384766,4567.563965,4395,4503.333496,4504.487305,4561.282227,4381.282227,4381.666504,4500.769043,4539.487305,4531.922852,4499.487305,4384.230957,4382.05127,4562.692383,4507.05127,4487.436035,4416.538574,4567.436035,4382.692383,4559.230957,4501.922852,4397.563965,4520.128418,4498.333496,1742,1,25,2562,12785,,,,0,4,4,4,4,4,4,4,4,4,4,4,4,4,4,4,4,4,4,4,4,4,4,4,4,4,4,4,4,4,4,4,4,100,,,,,,,,,,,,,,,,,,,,,,,,,,,,,,,,,,,,,,,,,,,,,,,,,,,,,,,,,,,,,,,,,,,,,,,,,,,,,,,,,,,,,,,,,,,,,,,,,,,,,,,,,,,,,,,,,,,,,,,,,,,,,,,,,,,,,,,,,,,,,,,,,,,,,,,,,,,,,,,,,,,,,,,,,,,,,,,,,,,,,,,,,,,,,,,,,,,,,,,,,,,,,,
1764665201.785306,1764665201.781004,36499,0,4380.128418,4391.666504,4493.077148,4523.461426,4405.384766,4527.05127,4538.589844,4396.282227,4563.333496,4392.692383,4499.358887,4500,4554.871582,4377.820313,4375.384766,4498.333496,4536.410156,4528.846191,4499.487305,4378.846191,4377.94873,4555.641113,4502.436035,4480.897461,4400.641113,4558.461426,4372.820313,4551.794922,4496.153809,4391.153809,4509.230957,4490.769043,2939,1,25,2562,12785,,,,0,4,4,4,4,4,4,4,4,4,4,4,4,4,4,4,4,4,4,4,4,4,4,4,4,4,4,4,4,4,4,4,4,100,,,,,,,,,,,,,,,,,,,,,,,,,,,,,,,,,,,,,,,,,,,,,,,,,,,,,,,,,,,,,,,,,,,,,,,,,,,,,,,,,,,,,,,,,,,,,,,,,,,,,,,,,,,,,,,,,,,,,,,,,,,,,,,,,,,,,,,,,,,,,,,,,,,,,,,,,,,,,,,,,,,,,,,,,,,,,,,,,,,,,,,,,,,,,,,,,,,,,,,,,,,,,,
1764665201.789215,1764665201.784911,36500,0,4378.589844,4385.769043,4484.743652,4519.487305,4402.436035,4527.179688,4535,4393.974121,4561.153809,4390.512695,4493.974121,4497.436035,4550.384766,4374.487305,4369.230957,4494.358887,4532.94873,4523.974121,4501.282227,4372.563965,4376.538574,4551.538574,4502.563965,4477.436035,4378.846191,4551.666504,4365.384766,4545.256348,4491.153809,4384.871582,4498.333496,4482.563965,2497,1,25,2560,12793,,,,0,4,4,4,4,4,4,4,4,4,4,4,4,4,4,4,4,4,4,4,4,4,4,4,4,4,4,4,4,4,4,4,4,100,,,,,,,,,,,,,,,,,,,,,,,,,,,,,,,,,,,,,,,,,,,,,,,,,,,,,,,,,,,,,,,,,,,,,,,,,,,,,,,,,,,,,,,,,,,,,,,,,,,,,,,,,,,,,,,,,,,,,,,,,,,,,,,,,,,,,,,,,,,,,,,,,,,,,,,,,,,,,,,,,,,,,,,,,,,,,,,,,,,,,,,,,,,,,,,,,,,,,,,,,,,,,,
1764665201.793123,1764665201.788818,36501,0,4383.846191,4386.666504,4485.384766,4519.871582,4405.384766,4530.512695,4535.769043,4397.436035,4564.615234,4391.794922,4493.077148,4500.384766,4551.922852,4373.589844,4367.820313,4491.538574,4533.077148,4521.666504,4504.871582,4370.641113,4380.769043,4554.358887,4509.102539,4480.256348,4363.846191,4551.538574,4366.666504,4545,4491.153809,4384.358887,4495.128418,4480.897461,2804,1,25,2560,12793,,,,0,4,4,4,4,4,4,4,4,4,4,4,4,4,4,4,4,4,4,4,4,4,4,4,4,4,4,4,4,4,4,4,4,100,,,,,,,,,,,,,,,,,,,,,,,,,,,,,,,,,,,25509,0,0.257321,-0.610291,-0.723083,0.196167,0.977658,0.190453,0.036137,22.666666,29.666666,46.833332,,,,,,,,,,,,,,,,,,,,,,,,,,,,,,,,,,,,,,,,,,,,,,,,,,,,,,,,,,,,,,,,,,,,,,,,,,,,,,,,,,,,,,,,,,,,,,,,,,,,,,,,,,,,,,,,,,,,,,,,,,,,,,,,,,,,,,,,,,,,,,,,,,,,,,,,,,,,,,,,
1764665201.797031,1764665201.792725,36502,0,4394.102539,4394.615234,4495.897461,4526.666504,4414.615234,4538.077148,4542.307617,4406.282227,4572.307617,4396.410156,4498.205078,4509.102539,4558.846191,4375.769043,4372.179688,4492.436035,4538.205078,4523.589844,4507.692383,4374.487305,4388.846191,4562.436035,4518.846191,4487.563965,4363.461426,4557.436035,4376.538574,4551.794922,4496.282227,4391.153809,4501.538574,4487.820313,2916,1,25,1792,12801,,,,0,4,4,4,4,4,4,4,4,4,4,4,4,4,4,4,4,4,4,4,4,4,4,4,4,4,4,4,4,4,4,4,4,100,,,,,,,,,,,,,,,,,,,,,,,,,,,,,,,,,,,,,,,,,,,,,,,,,,,,,,,,,,,,,,,,,,,,,,,,,,,,,,,,,,,,,,,,,,,,,,,,,,,,,,,,,,,,,,,,,,,,,,,,,,,,,,,,,,,,,,,,,,,,,,,,,,,,,,,,,,,,,,,,,,,,,,,,,,,,,,,,,,,,,,,,,,,,,,,,,,,,,,,,,,,,,,
1764665201.800939,1764665201.796632,36503,0,4403.589844,4404.871582,4510.512695,4537.692383,4424.743652,4547.307617,4551.538574,4415.897461,4580.128418,4401.025879,4505.641113,4519.743652,4566.538574,4379.615234,4379.487305,4497.05127,4546.410156,4528.333496,4507.436035,4381.410156,4395.897461,4570.769043,4526.538574,4494.487305,4375.769043,4564.743652,4388.717773,4561.666504,4503.461426,4401.666504,4512.820313,4498.717773,2828,1,25,1792,12801,,,,0,4,4,4,4,4,4,4,4,4,4,4,4,4,4,4,4,4,4,4,4,4,4,4,4,4,4,4,4,4,4,4,4,100,,,,,,,,,,,,,,,,,,,,,,,,,,,,,,,,,,,,,,,,,,,,,,,,,,,,,,,,,,,,,,,,,,,,,,,,,,,,,,,,,,,,,,,,,,,,,,,,,,,,,,,,,,,,,,,,,,,,,,,,,,,,,,,,,,,,,,,,,,,,,,,,,,,,,,,,,,,,,,,,,,,,,,,,,,,,,,,,,,,,,,,,,,,,,,,,,,,,,,,,,,,,,,
1764665201.804848,1764665201.800539,36504,0,4407.307617,4410.897461,4520.641113,4546.794922,4430.128418,4553.717773,4558.846191,4420.897461,4584.102539,4401.922852,4509.871582,4527.436035,4570.641113,4382.692383,4385.512695,4502.307617,4553.846191,4532.692383,4503.846191,4386.538574,4398.077148,4574.871582,4528.589844,4496.922852,4392.563965,4568.205078,4395.512695,4568.717773,4508.717773,4409.743652,4521.538574,4506.153809,2758,1,25,2048,12808,,,,0,4,4,4,4,4,4,4,4,4,4,4,4,4,4,4,4,4,4,4,4,4,4,4,4,4,4,4,4,4,4,4,4,100,,,,,,,,,,,,,,,,,,,,,,,,,,,,,,,,,,,,,,,,,,,,,,,,,,,,,,,,,,,,,,,,,,,,,,,,,,,,,,,,,,,,,,,,,,,,,,,,,,,,,,,,,,,,,,,,,,,,,,,,,,,,,,,,,,,,,,,,,,,,,,,,,,,,,,,,,,,,,,,,,,,,,,,,,,,,,,,,,,,,,,,,,,,,,,,,,,,,,,,,,,,,,,
1764665201.808756,1764665201.804446,36505,0,4405.384766,4410,4520.512695,4548.846191,4428.205078,4553.974121,4560.897461,4418.077148,4582.692383,4398.846191,4508.717773,4529.102539,4569.871582,4383.077148,4386.922852,4505.128418,4557.05127,4534.871582,4499.358887,4386.922852,4394.743652,4574.230957,4525.769043,4494.487305,4405.256348,4566.153809,4393.589844,4569.358887,4509.615234,4411.538574,4522.307617,4504.615234,2800,1,25,2048,12808,,,,0,4,4,4,4,4,4,4,4,4,4,4,4,4,4,4,4,4,4,4,4,4,4,4,4,4,4,4,4,4,4,4,4,100,,,,,,,,,,,,,,,,,,,,,,,,,,,,,,,,,,,25510,0,0.257144,-0.610352,-0.723145,0.195984,0.977658,0.190453,0.036137,22.166666,29.166666,43,,,,,,,,,,,,,,,,,,,,,,,,,,,,,,,,,,,,,,,,,,,,,,,,,,,,,,,,,,,,,,,,,,,,,,,,,,,,,,,,,,,,,,,,,,,,,,,,,,,,,,,,,,,,,,,,,,,,,,,,,,,,,,,,,,,,,,,,,,,,,,,,,,,,,,,,,,,,,,,,
1764665201.812664,1764665201.808353,36506,0,4400.641113,4403.589844,4510.256348,4542.563965,4421.025879,4548.333496,4556.666504,4408.333496,4577.563965,4393.974121,4503.589844,4525.256348,4566.282227,4380.384766,4383.333496,4503.846191,4555.384766,4534.230957,4497.05127,4383.205078,4387.94873,4571.410156,4521.153809,4490.128418,4408.974121,4560.384766,4385.384766,4564.358887,4506.538574,4407.05127,4515.384766,4494.487305,1953,1,25,768,12816,,,,0,4,4,4,4,4,4,4,4,4,4,4,4,4,4,4,4,4,4,4,4,4,4,4,4,4,4,4,4,4,4,4,4,100,,,,,,,,,,,,,,,,,,,,,,,,,,,,,,,,,,,,,,,,,,,,,,,1.457282,1.68652,0.699005,0.72041,0.744239,2.429512,1.762882,0.978629,0.835517,0.683322,1.988716,1.453141,0.803953,1.09797,0.707737,2.035964,0.995483,1.10974,0.765553,0.734751,1.909901,1.398177,0.768119,0.933059,0.697016,1.470615,2.069288,0.728004,0.821429,0.581678,1.013756,1.152604,0.637937,0.937242,0.652331,1.296839,0.973088,1.342965,0.98914,0.766393,1.195946,1.636385,0.861989,0.787485,0.797301,1.420657,1.47452,1.279974,1.156396,1.134701,1.828703,1.005184,0.640203,0.536504,0.52608,1.123752,2.225552,0.714369,0.657598,0.840065,0.934932,1.0736,0.931185,0.673126,0.58321,0.601369,0.42752,0.569025,0.469032,0.565909,0.718569,0.847652,0.447065,0.395515,0.650458,0.949885,1.070914,0.57545,0.664251,0.53905,1.282178,1.555318,1.254062,0.784391,0.710738,0.762599,1.659175,0.960059,0.842746,1.111449,0.479711,0.684576,0.748131,0.41325,0.731278,0.948846,1.174403,1.337202,0.61775,0.772498,1.624303,0.925879,1.135402,0.620622,0.787661,1.949177,1.348974,1.147726,0.655944,0.802129,1.185867,1.52283,0.841488,0.59084,0.697462,2.04539,1.350788,0.852064,0.757605,0.808278,2.575853,1.153358,3.038758,2.139663,1.863292,2.278531,1.443288,0.497821,0.606349,0.712742,1.95521,2.387177,0.884841,0.901231,0.783406,2.077663,1.581247,0.838481,0.798458,0.698677,0.960237,0.646843,0.388834,0.336567,0.380346,2.323282,1.10378,0.553483,0.721708,0.645467,2.297045,1.814868,0.67849,0.820254,0.722119,2.633106,1.565731,0.621692,0.812747,0.635424
1764665201.816573,1764665201.812260,36507,0,4396.153809,4396.025879,4496.025879,4531.410156,4412.563965,4539.487305,4547.820313,4395.641113,4571.282227,4390,4497.820313,4518.461426,4562.436035,4376.025879,4376.922852,4499.871582,4550.128418,4531.538574,4498.205078,4378.333496,4381.025879,4568.974121,4516.922852,4487.307617,4404.615234,4554.487305,4377.05127,4556.794922,4501.666504,4399.487305,4505.641113,4481.666504,2626,1,25,768,12816,,,,0,4,4,4,4,4,4,4,4,4,4,4,4,4,4,4,4,4,4,4,4,4,4,4,4,4,4,4,4,4,4,4,4,100,,,,,,,,,,,,,,,,,,,,,,,,,,,,,,,,,,,,,,,,,,,,,,,,,,,,,,,,,,,,,,,,,,,,,,,,,,,,,,,,,,,,,,,,,,,,,,,,,,,,,,,,,,,,,,,,,,,,,,,,,,,,,,,,,,,,,,,,,,,,,,,,,,,,,,,,,,,,,,,,,,,,,,,,,,,,,,,,,,,,,,,,,,,,,,,,,,,,,,,,,,,,,,
1764665201.820481,1764665201.816166,36508,0,4393.205078,4390.897461,4485.512695,4521.153809,4405.769043,4531.538574,4538.205078,4384.871582,4566.025879,4387.692383,4493.717773,4512.179688,4560.384766,4372.307617,4371.410156,4496.153809,4544.487305,4528.077148,4501.538574,4375.512695,4376.922852,4568.205078,4513.974121,4487.692383,4396.538574,4551.666504,4373.974121,4550.769043,4497.563965,4393.589844,4499.487305,4473.333496,2681,1,25,256,12824,,,,0,4,4,4,4,4,4,4,4,4,4,4,4,4,4,4,4,4,4,4,4,4,4,4,4,4,4,4,4,4,4,4,4,100,,,,,,,,,,,,,,,,,,,,,,,,,,,,,,,,,,,,,,,,,,,,,,,,,,,,,,,,,,,,,,,,,,,,,,,,,,,,,,,,,,,,,,,,,,,,,,,,,,,,,,,,,,,,,,,,,,,,,,,,,,,,,,,,,,,,,,,,,,,,,,,,,,,,,,,,,,,,,,,,,,,,,,,,,,,,,,,,,,,,,,,,,,,,,,,,,,,,,,,,,,,,,,
1764665201.824389,1764665201.820073,36509,0,4391.794922,4389.743652,4483.974121,4517.436035,4402.563965,4528.077148,4532.436035,4379.487305,4563.461426,4387.94873,4492.820313,4508.974121,4560.897461,4371.666504,4370.512695,4495.384766,4541.666504,4526.282227,4504.102539,4376.282227,4377.179688,4568.589844,4512.563965,4491.025879,4390.641113,4553.205078,4377.179688,4549.358887,4495.769043,4392.05127,4500.641113,4473.846191,2500,1,25,256,12824,,,,0,4,4,4,4,4,4,4,4,4,4,4,4,4,4,4,4,4,4,4,4,4,4,4,4,4,4,4,4,4,4,4,4,100,,,,,,,,,,,,,,,,,,,,,,,,,,,,,,,,,,,25511,0,0.257243,-0.610291,-0.723145,0.196045,0.976682,0.180686,0.018557,22.666666,29.666666,43.5,,,,,,,,,,,,,,,,,,,,,,,,,,,,,,,,,,,,,,,,,,,,,,,,,,,,,,,,,,,,,,,,,,,,,,,,,,,,,,,,,,,,,,,,,,,,,,,,,,,,,,,,,,,,,,,,,,,,,,,,,,,,,,,,,,,,,,,,,,,,,,,,,,,,,,,,,,,,,,,,
1764665201.828297,1764665201.823980,36510,0,4392.692383,4392.820313,4491.922852,4522.94873,4404.230957,4530,4533.974121,4381.538574,4564.615234,4392.05127,4496.025879,4510.128418,4564.230957,4375.256348,4375.769043,4498.846191,4543.974121,4528.205078,4504.871582,4380.512695,4381.922852,4570.256348,4513.974121,4496.025879,4391.025879,4558.846191,4384.615234,4553.333496,4496.922852,4395.128418,4508.717773,4482.692383,2643,1,25,256,12832,,,,0,4,4,4,4,4,4,4,4,4,4,4,4,4,4,4,4,4,4,4,4,4,4,4,4,4,4,4,4,4,4,4,4,100,,,,,,,,,,,,,,,,,,,,,,,,,,,,,,,,,,,,,,,,,,,,,,,,,,,,,,,,,,,,,,,,,,,,,,,,,,,,,,,,,,,,,,,,,,,,,,,,,,,,,,,,,,,,,,,,,,,,,,,,,,,,,,,,,,,,,,,,,,,,,,,,,,,,,,,,,,,,,,,,,,,,,,,,,,,,,,,,,,,,,,,,,,,,,,,,,,,,,,,,,,,,,,
1764665201.832205,1764665201.827887,36511,0,4396.410156,4399.102539,4504.615234,4535.128418,4410.384766,4535.769043,4542.563965,4389.487305,4569.358887,4400.384766,4502.307617,4515,4569.871582,4382.179688,4385.256348,4505.512695,4550.769043,4534.615234,4505.384766,4387.179688,4389.102539,4573.077148,4518.589844,4500.641113,4397.692383,4566.794922,4392.307617,4560.769043,4500.384766,4400.641113,4519.487305,4494.230957,2816,1,25,256,12832,,,,0,4,4,4,4,4,4,4,4,4,4,4,4,4,4,4,4,4,4,4,4,4,4,4,4,4,4,4,4,4,4,4,4,100,,,,,,,,,,,,,,,,,,,,,,,,,,,,,,,,,,,,,,,,,,,,,,,,,,,,,,,,,,,,,,,,,,,,,,,,,,,,,,,,,,,,,,,,,,,,,,,,,,,,,,,,,,,,,,,,,,,,,,,,,,,,,,,,,,,,,,,,,,,,,,,,,,,,,,,,,,,,,,,,,,,,,,,,,,,,,,,,,,,,,,,,,,,,,,,,,,,,,,,,,,,,,,
1764665201.836114,1764665201.831694,36512,0,4401.025879,4405,4514.487305,4547.05127,4417.436035,4541.025879,4553.077148,4398.717773,4575.769043,4408.846191,4508.717773,4520.384766,4575.512695,4388.333496,4393.589844,4511.666504,4557.94873,4542.436035,4507.436035,4393.205078,4394.487305,4575.512695,4524.102539,4502.307617,4404.358887,4573.846191,4395.769043,4566.922852,4503.717773,4403.846191,4526.538574,4501.282227,2752,1,25,512,12840,,,,0,4,4,4,4,4,4,4,4,4,4,4,4,4,4,4,4,4,4,4,4,4,4,4,4,4,4,4,4,4,4,4,4,100,,,,,,,,,,,,,,,,,,,,,,,,,,,,,,,,,,,,,,,,,,,,,,,,,,,,,,,,,,,,,,,,,,,,,,,,,,,,,,,,,,,,,,,,,,,,,,,,,,,,,,,,,,,,,,,,,,,,,,,,,,,,,,,,,,,,,,,,,,,,,,,,,,,,,,,,,,,,,,,,,,,,,,,,,,,,,,,,,,,,,,,,,,,,,,,,,,,,,,,,,,,,,,
1764665201.840022,1764665201.835601,36513,0,4401.922852,4405.512695,4514.358887,4551.153809,4418.974121,4540.897461,4557.307617,4402.820313,4579.615234,4410.256348,4510.897461,4520.769043,4577.692383,4388.974121,4395.128418,4512.820313,4559.102539,4545.641113,4510,4394.102539,4394.102539,4574.358887,4525.512695,4497.94873,4402.563965,4575.384766,4392.05127,4566.794922,4503.974121,4400.897461,4525,4498.333496,2922,1,25,512,12840,,,,0,4,4,4,4,4,4,4,4,4,4,4,4,4,4,4,4,4,4,4,4,4,4,4,4,4,4,4,4,4,4,4,4,100,,,,,,,,,,,,,,,,,,,,,,,,,,,,,,,,,,,25512,0,0.257341,-0.610229,-0.723145,0.196106,0.9801,0.181174,0.028812,23.166666,29.833334,42.833332,,,,,,,,,,,,,,,,,,,,,,,,,,,,,,,,,,,,,,,,,,,,,,,,,,,,,,,,,,,,,,,,,,,,,,,,,,,,,,,,,,,,,,,,,,,,,,,,,,,,,,,,,,,,,,,,,,,,,,,,,,,,,,,,,,,,,,,,,,,,,,,,,,,,,,,,,,,,,,,,
1764665201.843930,1764665201.839508,36514,0,4395.128418,4396.794922,4502.563965,4543.974121,4410.641113,4532.436035,4549.615234,4398.205078,4577.307617,4400.641113,4506.282227,4512.179688,4573.461426,4381.666504,4387.436035,4506.794922,4550.256348,4539.102539,4509.230957,4386.666504,4385.769043,4567.05127,4517.820313,4486.153809,4388.846191,4568.974121,4381.282227,4557.563965,4498.717773,4390.641113,4513.974121,4485.512695,2598,1,25,768,12847,,,,0,4,4,4,4,4,4,4,4,4,4,4,4,4,4,4,4,4,4,4,4,4,4,4,4,4,4,4,4,4,4,4,4,100,,,,,,,,,,,,,,,,,,,,,,,,,,,,,,,,,,,,,,,,,,,,,,,,,,,,,,,,,,,,,,,,,,,,,,,,,,,,,,,,,,,,,,,,,,,,,,,,,,,,,,,,,,,,,,,,,,,,,,,,,,,,,,,,,,,,,,,,,,,,,,,,,,,,,,,,,,,,,,,,,,,,,,,,,,,,,,,,,,,,,,,,,,,,,,,,,,,,,,,,,,,,,,
1764665201.847839,1764665201.843415,36515,0,4380.512695,4380.256348,4484.358887,4527.820313,4393.974121,4517.179688,4531.410156,4385.641113,4568.333496,4382.563965,4495.641113,4496.282227,4562.692383,4368.974121,4373.974121,4495.256348,4533.077148,4523.974121,4502.692383,4371.922852,4371.410156,4554.102539,4501.666504,4469.358887,4369.102539,4556.153809,4366.922852,4541.282227,4489.358887,4376.025879,4498.205078,4468.333496,2851,1,25,768,12847,,,,0,4,4,4,4,4,4,4,4,4,4,4,4,4,4,4,4,4,4,4,4,4,4,4,4,4,4,4,4,4,4,4,4,100,,,,,,,,,,,,,,,,,,,,,,,,,,,,,,,,,,,,,,,,,,,,,,,,,,,,,,,,,,,,,,,,,,,,,,,,,,,,,,,,,,,,,,,,,,,,,,,,,,,,,,,,,,,,,,,,,,,,,,,,,,,,,,,,,,,,,,,,,,,,,,,,,,,,,,,,,,,,,,,,,,,,,,,,,,,,,,,,,,,,,,,,,,,,,,,,,,,,,,,,,,,,,,
1764665201.851747,1764665201.847322,36516,0,4363.589844,4362.436035,4468.974121,4509.871582,4376.922852,4501.025879,4510.769043,4371.025879,4556.282227,4363.205078,4482.820313,4479.743652,4548.974121,4356.666504,4361.153809,4483.205078,4515,4507.563965,4492.94873,4356.025879,4356.282227,4540,4483.846191,4454.358887,4354.487305,4543.333496,4353.974121,4524.615234,4479.743652,4362.692383,4485,4454.615234,2749,1,25,1024,12855,,,,0,4,4,4,4,4,4,4,4,4,4,4,4,4,4,4,4,4,4,4,4,4,4,4,4,4,4,4,4,4,4,4,4,100,,,,,,,,,,,,,,,,,,,,,,,,,,,,,,,,,,,,,,,,,,,,,,,,,,,,,,,,,,,,,,,,,,,,,,,,,,,,,,,,,,,,,,,,,,,,,,,,,,,,,,,,,,,,,,,,,,,,,,,,,,,,,,,,,,,,,,,,,,,,,,,,,,,,,,,,,,,,,,,,,,,,,,,,,,,,,,,,,,,,,,,,,,,,,,,,,,,,,,,,,,,,,,
1764665201.855655,1764665201.851229,36517,0,4352.436035,4352.179688,4463.846191,4497.692383,4367.820313,4490.897461,4498.077148,4361.794922,4547.307617,4349.743652,4473.333496,4470.128418,4538.077148,4351.025879,4355.128418,4475.769043,4504.230957,4498.461426,4486.153809,4346.922852,4346.922852,4530.512695,4472.820313,4447.820313,4353.333496,4536.666504,4346.794922,4514.871582,4474.358887,4355.897461,4479.871582,4450.512695,2790,1,25,1024,12855,,,,0,4,4,4,4,4,4,4,4,4,4,4,4,4,4,4,4,4,4,4,4,4,4,4,4,4,4,4,4,4,4,4,4,100,,,,,,,,,,,,,,,,,,,,,,,,,,,,,,,,,,,25513,0,0.257642,-0.610168,-0.723022,0.19635,0.976193,0.175314,0.0293,22.833334,30.666666,42.833332,,,,,,,,,,,,,,,,,,,,,,,,,,,,,,,,,,,,,,,,,,,,,,,,,,,,,,,,,,,,,,,,,,,,,,,,,,,,,,,,,,,,,,,,,,,,,,,,,,,,,,,,,,,,,,,,,,,,,,,,,,,,,,,,,,,,,,,,,,,,,,,,,,,,,,,,,,,,,,,,
1764665201.859563,1764665201.855136,36518,0,4352.692383,4355,4469.615234,4496.666504,4370.897461,4491.410156,4499.102539,4362.692383,4546.410156,4345.769043,4471.410156,4471.666504,4535,4354.743652,4357.94873,4475.512695,4505.256348,4500.256348,4487.05127,4349.615234,4347.436035,4529.743652,4473.717773,4452.179688,4365.897461,4538.974121,4347.692383,4515.769043,4475.384766,4358.333496,4484.102539,4457.436035,2793,1,25,1280,12863,,,,0,4,4,4,4,4,4,4,4,4,4,4,4,4,4,4,4,4,4,4,4,4,4,4,4,4,4,4,4,4,4,4,4,100,,,,,,,,,,,,,,,,,,,,,,,,,,,,,,,,,,,,,,,,,,,,,,,,,,,,,,,,,,,,,,,,,,,,,,,,,,,,,,,,,,,,,,,,,,,,,,,,,,,,,,,,,,,,,,,,,,,,,,,,,,,,,,,,,,,,,,,,,,,,,,,,,,,,,,,,,,,,,,,,,,,,,,,,,,,,,,,,,,,,,,,,,,,,,,,,,,,,,,,,,,,,,,
1764665201.863472,1764665201.859043,36519,0,4364.230957,4369.743652,4482.307617,4506.794922,4383.974121,4502.179688,4511.922852,4373.974121,4555.384766,4351.794922,4477.307617,4482.820313,4540.641113,4365,4367.436035,4481.282227,4516.410156,4510.897461,4494.743652,4362.563965,4357.307617,4537.563965,4485,4464.743652,4385,4548.974121,4356.282227,4526.666504,4481.922852,4368.974121,4495.384766,4472.179688,2982,1,25,1280,12863,,,,0,4,4,4,4,4,4,4,4,4,4,4,4,4,4,4,4,4,4,4,4,4,4,4,4,4,4,4,4,4,4,4,4,100,,,,,,,,,,,,,,,,,,,,,,,,,,,,,,,,,,,,,,,,,,,,,,,,,,,,,,,,,,,,,,,,,,,,,,,,,,,,,,,,,,,,,,,,,,,,,,,,,,,,,,,,,,,,,,,,,,,,,,,,,,,,,,,,,,,,,,,,,,,,,,,,,,,,,,,,,,,,,,,,,,,,,,,,,,,,,,,,,,,,,,,,,,,,,,,,,,,,,,,,,,,,,,
1764665201.867380,1764665201.862950,36520,0,4381.025879,4390.128418,4496.666504,4523.461426,4401.153809,4518.589844,4528.846191,4391.538574,4571.410156,4366.410156,4488.077148,4497.692383,4552.307617,4376.666504,4378.974121,4490.128418,4531.410156,4524.615234,4505.128418,4379.358887,4372.179688,4550.512695,4500.512695,4478.974121,4401.282227,4562.692383,4370.512695,4543.077148,4491.666504,4384.743652,4510,4489.615234,2864,1,25,1536,12871,,,,0,4,4,4,4,4,4,4,4,4,4,4,4,4,4,4,4,4,4,4,4,4,4,4,4,4,4,4,4,4,4,4,4,100,,,,,,,,,,,,,,,,,,,,,,,,,,,,,,,,,,,,,,,,,,,,,,,,,,,,,,,,,,,,,,,,,,,,,,,,,,,,,,,,,,,,,,,,,,,,,,,,,,,,,,,,,,,,,,,,,,,,,,,,,,,,,,,,,,,,,,,,,,,,,,,,,,,,,,,,,,,,,,,,,,,,,,,,,,,,,,,,,,,,,,,,,,,,,,,,,,,,,,,,,,,,,,
1764665201.871288,1764665201.866857,36521,0,4395.256348,4407.563965,4509.358887,4539.487305,4415.897461,4534.358887,4542.436035,4409.358887,4588.333496,4386.153809,4498.846191,4509.871582,4564.743652,4385.128418,4388.589844,4498.717773,4543.717773,4536.538574,4513.333496,4392.820313,4386.153809,4563.333496,4513.205078,4489.743652,4409.615234,4575.256348,4385.769043,4558.717773,4500.769043,4400.641113,4523.717773,4504.358887,2714,1,25,1536,12871,,,,0,4,4,4,4,4,4,4,4,4,4,4,4,4,4,4,4,4,4,4,4,4,4,4,4,4,4,4,4,4,4,4,4,100,,,,,,,,,,,,,,,,,,,,,,,,,,,,,,,,,,,25514,0,0.257642,-0.610168,-0.723022,0.19635,0.991332,0.1885,0.031254,22.166666,28.833334,43,,,,,,,,,,,,,,,,,,,,,,,,,,,,,,,,,,,,,,,,,,,,,,,,,,,,,,,,,,,,,,,,,,,,,,,,,,,,,,,,,,,,,,,,,,,,,,,,,,,,,,,,,,,,,,,,,,,,,,,,,,,,,,,,,,,,,,,,,,,,,,,,,,,,,,,,,,,,,,,,
1764665201.875196,1764665201.870764,36522,0,4401.282227,4416.410156,4517.820313,4548.077148,4423.589844,4543.461426,4548.846191,4421.153809,4599.615234,4404.871582,4504.358887,4515.897461,4572.436035,4387.94873,4393.461426,4504.615234,4549.615234,4543.333496,4517.436035,4399.102539,4394.743652,4571.282227,4518.717773,4494.871582,4410.384766,4581.666504,4396.666504,4568.077148,4506.282227,4411.282227,4532.436035,4511.922852,2288,1,25,1792,12879,,,,0,4,4,4,4,4,4,4,4,4,4,4,4,4,4,4,4,4,4,4,4,4,4,4,4,4,4,4,4,4,4,4,4,100,,,,,,,,,,,,,,,,,,,,,,,,,,,,,,,,,,,,,,,,,,,,,,,,,,,,,,,,,,,,,,,,,,,,,,,,,,,,,,,,,,,,,,,,,,,,,,,,,,,,,,,,,,,,,,,,,,,,,,,,,,,,,,,,,,,,,,,,,,,,,,,,,,,,,,,,,,,,,,,,,,,,,,,,,,,,,,,,,,,,,,,,,,,,,,,,,,,,,,,,,,,,,,
1764665201.879105,1764665201.874671,36523,0,4397.94873,4414.743652,4519.230957,4546.153809,4423.077148,4542.692383,4547.820313,4422.563965,4600.256348,4415.384766,4501.922852,4514.871582,4572.307617,4384.871582,4392.179688,4505.769043,4548.333496,4543.205078,4517.05127,4397.563965,4395.641113,4571.538574,4516.153809,4494.358887,4406.282227,4578.974121,4397.94873,4568.077148,4505.769043,4412.179688,4532.436035,4509.615234,2704,1,25,1792,12879,,,,0,4,4,4,4,4,4,4,4,4,4,4,4,4,4,4,4,4,4,4,4,4,4,4,4,4,4,4,4,4,4,4,4,100,,,,,,,,,,,,,,,,,,,,,,,,,,,,,,,,,,,,,,,,,,,,,,,,,,,,,,,,,,,,,,,,,,,,,,,,,,,,,,,,,,,,,,,,,,,,,,,,,,,,,,,,,,,,,,,,,,,,,,,,,,,,,,,,,,,,,,,,,,,,,,,,,,,,,,,,,,,,,,,,,,,,,,,,,,,,,,,,,,,,,,,,,,,,,,,,,,,,,,,,,,,,,,
1764665201.883013,1764665201.878578,36524,0,4387.692383,4403.974121,4511.922852,4534.743652,4415.128418,4532.94873,4541.025879,4412.436035,4590,4412.820313,4492.307617,4507.692383,4564.615234,4377.436035,4384.615234,4501.410156,4541.025879,4535.897461,4512.307617,4389.743652,4389.102539,4563.974121,4507.563965,4488.974121,4399.487305,4568.205078,4388.333496,4559.358887,4499.230957,4402.05127,4522.436035,4497.692383,2505,1,25,2048,12886,,,,0,4,4,4,4,4,4,4,4,4,4,4,4,4,4,4,4,4,4,4,4,4,4,4,4,4,4,4,4,4,4,4,4,100,,,,,,,,,,,,,,,,,,,,,,,,,,,,,,,,,,,,,,,,,,,,,,,,,,,,,,,,,,,,,,,,,,,,,,,,,,,,,,,,,,,,,,,,,,,,,,,,,,,,,,,,,,,,,,,,,,,,,,,,,,,,,,,,,,,,,,,,,,,,,,,,,,,,,,,,,,,,,,,,,,,,,,,,,,,,,,,,,,,,,,,,,,,,,,,,,,,,,,,,,,,,,,
1764665201.886921,1764665201.882485,36525,0,4375,4387.692383,4497.307617,4518.461426,4402.436035,4518.333496,4530.512695,4394.487305,4572.94873,4397.563965,4479.487305,4496.410156,4553.589844,4368.333496,4372.820313,4493.205078,4529.358887,4523.974121,4504.230957,4378.333496,4378.077148,4551.538574,4496.025879,4479.871582,4390.897461,4553.333496,4371.538574,4545,4488.974121,4384.358887,4505.256348,4481.025879,2253,1,25,2048,12886,,,,0,4,4,4,4,4,4,4,4,4,4,4,4,4,4,4,4,4,4,4,4,4,4,4,4,4,4,4,4,4,4,4,4,100,,,,,,,,,,,,,,,,,,,,,,,,,,,,,,,,,,,25515,0,0.257616,-0.610107,-0.723083,0.19635,0.985472,0.195336,0.031254,22.166666,28.833334,43.5,,,,,,,,,,,,,,,,,,,,,,,,,,,,,,,,,,,,,,,,,,,,,,,,,,,,,,,,,,,,,,,,,,,,,,,,,,,,,,,,,,,,,,,,,,,,,,,,,,,,,,,,,,,,,,,,,,,,,,,,,,,,,,,,,,,,,,,,,,,,,,,,,,,,,,,,,,,,,,,,
1764665201.890829,1764665201.886392,36526,0,4363.846191,4371.025879,4481.410156,4503.461426,4388.717773,4505.128418,4518.974121,4375.769043,4556.666504,4376.538574,4468.077148,4484.487305,4543.717773,4360.641113,4360.512695,4484.743652,4516.666504,4511.666504,4495.128418,4367.436035,4367.820313,4539.358887,4485.256348,4469.743652,4381.922852,4539.743652,4355.256348,4529.871582,4479.102539,4366.666504,4487.563965,4466.282227,2720,1,25,2304,12894,,,,0,4,4,4,4,4,4,4,4,4,4,4,4,4,4,4,4,4,4,4,4,4,4,4,4,4,4,4,4,4,4,4,4,100,,,,,,,,,,,,,,,,,,,,,,,,,,,,,,,,,,,,,,,,,,,,,,,,,,,,,,,,,,,,,,,,,,,,,,,,,,,,,,,,,,,,,,,,,,,,,,,,,,,,,,,,,,,,,,,,,,,,,,,,,,,,,,,,,,,,,,,,,,,,,,,,,,,,,,,,,,,,,,,,,,,,,,,,,,,,,,,,,,,,,,,,,,,,,,,,,,,,,,,,,,,,,,
1764665201.894738,1764665201.890299,36527,0,4357.307617,4359.230957,4471.666504,4493.717773,4378.205078,4498.461426,4510,4363.589844,4547.692383,4360.256348,4461.922852,4475.641113,4537.563965,4357.179688,4352.307617,4479.230957,4506.922852,4503.333496,4488.589844,4360.641113,4362.820313,4532.563965,4478.974121,4462.05127,4375,4532.05127,4346.410156,4519.358887,4474.102539,4356.153809,4476.922852,4459.102539,2513,1,25,2304,12894,,,,0,4,4,4,4,4,4,4,4,4,4,4,4,4,4,4,4,4,4,4,4,4,4,4,4,4,4,4,4,4,4,4,4,100,,,,,,,,,,,,,,,,,,,,,,,,,,,,,,,,,,,,,,,,,,,,,,,,,,,,,,,,,,,,,,,,,,,,,,,,,,,,,,,,,,,,,,,,,,,,,,,,,,,,,,,,,,,,,,,,,,,,,,,,,,,,,,,,,,,,,,,,,,,,,,,,,,,,,,,,,,,,,,,,,,,,,,,,,,,,,,,,,,,,,,,,,,,,,,,,,,,,,,,,,,,,,,
1764665201.898646,1764665201.894206,36528,0,4356.794922,4355.897461,4471.666504,4490.256348,4374.615234,4499.615234,4506.025879,4361.025879,4548.461426,4357.563965,4462.692383,4472.692383,4535.384766,4359.487305,4350.512695,4478.077148,4503.461426,4501.025879,4486.410156,4359.487305,4363.846191,4532.436035,4479.358887,4459.487305,4372.05127,4531.666504,4346.922852,4516.153809,4475.512695,4355.897461,4476.282227,4460.641113,2868,1,25,2048,12902,,,,0,4,4,4,4,4,4,4,4,4,4,4,4,4,4,4,4,4,4,4,4,4,4,4,4,4,4,4,4,4,4,4,4,100,,,,,,,,,,,,,,,,,,,,,,,,,,,,,,,,,,,,,,,,,,,,,,,,,,,,,,,,,,,,,,,,,,,,,,,,,,,,,,,,,,,,,,,,,,,,,,,,,,,,,,,,,,,,,,,,,,,,,,,,,,,,,,,,,,,,,,,,,,,,,,,,,,,,,,,,,,,,,,,,,,,,,,,,,,,,,,,,,,,,,,,,,,,,,,,,,,,,,,,,,,,,,,
1764665201.902554,1764665201.898113,36529,0,4361.410156,4360.641113,4479.358887,4491.025879,4378.589844,4505.128418,4508.077148,4366.538574,4556.025879,4368.461426,4468.846191,4475.256348,4536.794922,4366.666504,4354.358887,4480.384766,4506.153809,4503.717773,4487.820313,4362.820313,4367.692383,4536.922852,4485.641113,4462.307617,4372.820313,4536.922852,4353.589844,4520,4481.410156,4362.94873,4482.820313,4467.94873,2927,1,25,2048,12902,,,,0,4,4,4,4,4,4,4,4,4,4,4,4,4,4,4,4,4,4,4,4,4,4,4,4,4,4,4,4,4,4,4,4,100,,,,,,,,,,,,,,,,,,,,,,,,,,,,,,,,,,,25516,0,0.257393,-0.610168,-0.723145,0.196228,0.987425,0.186058,0.019534,21.666666,29.333334,45.333332,,,,,,,,,,,,,,,,,,,,,,,,,,,,,,,,,,,,,,,,,,,,,,,,,,,,,,,,,,,,,,,,,,,,,,,,,,,,,,,,,,,,,,,,,,,,,,,,,,,,,,,,,,,,,,,,,,,,,,,,,,,,,,,,,,,,,,,,,,,,,,,,,,,,,,,,,,,,,,,,
1764665201.906463,1764665201.902020,36530,0,4368.333496,4369.230957,4488.717773,4493.205078,4387.05127,4510.128418,4514.230957,4375,4564.487305,4383.846191,4476.410156,4481.153809,4540.512695,4375.512695,4361.153809,4484.102539,4512.307617,4509.230957,4490.897461,4367.94873,4370.256348,4541.538574,4494.487305,4467.820313,4374.102539,4543.846191,4360.256348,4527.307617,4487.692383,4371.410156,4489.871582,4476.153809,1756,1,25,1024,12910,,,,0,4,4,4,4,4,4,4,4,4,4,4,4,4,4,4,4,4,4,4,4,4,4,4,4,4,4,4,4,4,4,4,4,100,,,,,,,,,,,,,,,,,,,,,,,,,,,,,,,,,,,,,,,,,,,,,,,,,,,,,,,,,,,,,,,,,,,,,,,,,,,,,,,,,,,,,,,,,,,,,,,,,,,,,,,,,,,,,,,,,,,,,,,,,,,,,,,,,,,,,,,,,,,,,,,,,,,,,,,,,,,,,,,,,,,,,,,,,,,,,,,,,,,,,,,,,,,,,,,,,,,,,,,,,,,,,,
1764665201.910371,1764665201.905927,36531,0,4374.102539,4375.897461,4494.230957,4494.487305,4394.615234,4511.794922,4520.769043,4380.897461,4568.717773,4391.410156,4480.769043,4487.436035,4545.512695,4382.307617,4368.077148,4488.461426,4518.461426,4514.615234,4493.589844,4372.05127,4369.358887,4543.333496,4501.538574,4472.94873,4372.563965,4549.102539,4363.717773,4534.102539,4490.512695,4376.538574,4492.563965,4481.025879,2965,1,25,1024,12910,,,,0,4,4,4,4,4,4,4,4,4,4,4,4,4,4,4,4,4,4,4,4,4,4,4,4,4,4,4,4,4,4,4,4,100,,,,,,,,,,,,,,,,,,,,,,,,,,,,,,,,,,,,,,,,,,,,,,,,,,,,,,,,,,,,,,,,,,,,,,,,,,,,,,,,,,,,,,,,,,,,,,,,,,,,,,,,,,,,,,,,,,,,,,,,,,,,,,,,,,,,,,,,,,,,,,,,,,,,,,,,,,,,,,,,,,,,,,,,,,,,,,,,,,,,,,,,,,,,,,,,,,,,,,,,,,,,,,
1764665201.914279,1764665201.909834,36532,0,4376.794922,4377.94873,4494.615234,4493.717773,4397.436035,4510.384766,4524.358887,4382.307617,4567.94873,4385.384766,4479.871582,4491.922852,4550.512695,4385.128418,4373.461426,4492.820313,4522.307617,4517.94873,4495,4373.846191,4366.538574,4542.563965,4503.974121,4475.641113,4367.307617,4551.282227,4364.230957,4538.205078,4489.487305,4377.94873,4491.538574,4482.436035,2519,1,25,256,12918,,,,0,4,4,4,4,4,4,4,4,4,4,4,4,4,4,4,4,4,4,4,4,4,4,4,4,4,4,4,4,4,4,4,4,100,,,,,,,,,,,,,,,,,,,,,,,,,,,,,,,,,,,,,,,,,,,,,,,,,,,,,,,,,,,,,,,,,,,,,,,,,,,,,,,,,,,,,,,,,,,,,,,,,,,,,,,,,,,,,,,,,,,,,,,,,,,,,,,,,,,,,,,,,,,,,,,,,,,,,,,,,,,,,,,,,,,,,,,,,,,,,,,,,,,,,,,,,,,,,,,,,,,,,,,,,,,,,,
1764665201.918187,1764665201.913741,36533,0,4376.538574,4377.05127,4492.820313,4490.897461,4395.769043,4509.102539,4524.102539,4380.641113,4564.871582,4371.282227,4476.025879,4494.102539,4554.102539,4384.871582,4376.922852,4496.666504,4523.974121,4519.102539,4495.769043,4373.717773,4365,4542.307617,4502.563965,4476.282227,4361.922852,4551.153809,4365.128418,4540.256348,4487.179688,4378.589844,4491.153809,4483.205078,2831,1,25,256,12918,,,,0,4,4,4,4,4,4,4,4,4,4,4,4,4,4,4,4,4,4,4,4,4,4,4,4,4,4,4,4,4,4,4,4,100,,,,,,,,,,,,,,,,,,,,,,,,,,,,,,,,,,,25517,0,0.257439,-0.610168,-0.723145,0.196167,0.987425,0.186058,0.019534,23.833334,30,44.666668,,,,,,,,,,,,,,,,,,,,,,,,,,,,,,,,,,,,,,,,,,,,,,,,,,,,,,,,,,,,,,,,,,,,,,,,,,,,,,,,,,,,,,,,,,,,,,,,,,,,,,,,,,,,,,,,,,,,,,,,,,,,,,,,,,,,,,,,,,,,,,,,,,,,,,,,,,,,,,,,
1764665201.922096,1764665201.917648,36534,0,4375.641113,4376.922852,4493.461426,4486.666504,4393.461426,4510.256348,4522.05127,4379.487305,4562.94873,4360.769043,4473.461426,4495,4555.384766,4383.717773,4378.717773,4500,4526.025879,4519.358887,4497.307617,4373.205078,4367.307617,4544.871582,4500.128418,4476.794922,4361.666504,4550.641113,4367.820313,4541.666504,4486.666504,4380.897461,4494.615234,4486.282227,2943,1,25,512,12926,,,,0,4,4,4,4,4,4,4,4,4,4,4,4,4,4,4,4,4,4,4,4,4,4,4,4,4,4,4,4,4,4,4,4,100,,,,,,,,,,,,,,,,,,,,,,,,,,,,,,,,,,,,,,,,,,,,,,,,,,,,,,,,,,,,,,,,,,,,,,,,,,,,,,,,,,,,,,,,,,,,,,,,,,,,,,,,,,,,,,,,,,,,,,,,,,,,,,,,,,,,,,,,,,,,,,,,,,,,,,,,,,,,,,,,,,,,,,,,,,,,,,,,,,,,,,,,,,,,,,,,,,,,,,,,,,,,,,
1764665201.926004,1764665201.921555,36535,0,4376.025879,4380.256348,4499.102539,4482.307617,4394.358887,4514.230957,4520.897461,4380.769043,4564.743652,4361.794922,4474.487305,4496.538574,4554.743652,4383.717773,4379.230957,4503.077148,4530,4520.512695,4500.128418,4373.589844,4373.077148,4549.487305,4499.230957,4478.333496,4369.358887,4551.282227,4371.282227,4543.589844,4489.102539,4384.871582,4500.897461,4491.025879,2853,1,25,512,12926,,,,0,4,4,4,4,4,4,4,4,4,4,4,4,4,4,4,4,4,4,4,4,4,4,4,4,4,4,4,4,4,4,4,4,100,,,,,,,,,,,,,,,,,,,,,,,,,,,,,,,,,,,,,,,,,,,,,,,,,,,,,,,,,,,,,,,,,,,,,,,,,,,,,,,,,,,,,,,,,,,,,,,,,,,,,,,,,,,,,,,,,,,,,,,,,,,,,,,,,,,,,,,,,,,,,,,,,,,,,,,,,,,,,,,,,,,,,,,,,,,,,,,,,,,,,,,,,,,,,,,,,,,,,,,,,,,,,,
1764665201.929912,1764665201.925462,36536,0,4378.077148,4386.282227,4507.436035,4478.205078,4399.487305,4519.487305,4522.179688,4383.974121,4569.358887,4373.461426,4477.94873,4500.128418,4554.358887,4385.128418,4378.589844,4506.538574,4535.128418,4523.461426,4503.589844,4374.871582,4379.358887,4553.974121,4500.897461,4480.769043,4381.922852,4552.436035,4373.461426,4545.512695,4493.461426,4388.461426,4505.897461,4493.846191,2788,1,25,768,12933,,,,0,4,4,4,4,4,4,4,4,4,4,4,4,4,4,4,4,4,4,4,4,4,4,4,4,4,4,4,4,4,4,4,4,100,,,,,,,,,,,,,,,,,,,,,,,,,,,,,,,,,,,,,,,,,,,,,,,,,,,,,,,,,,,,,,,,,,,,,,,,,,,,,,,,,,,,,,,,,,,,,,,,,,,,,,,,,,,,,,,,,,,,,,,,,,,,,,,,,,,,,,,,,,,,,,,,,,,,,,,,,,,,,,,,,,,,,,,,,,,,,,,,,,,,,,,,,,,,,,,,,,,,,,,,,,,,,,
1764665201.933820,1764665201.929369,36537,0,4380.512695,4392.05127,4513.589844,4474.743652,4405.769043,4523.974121,4525,4387.05127,4574.102539,4387.563965,4480.384766,4505.384766,4555.769043,4386.538574,4377.05127,4509.615234,4538.589844,4526.922852,4506.282227,4376.025879,4383.333496,4556.153809,4503.846191,4482.692383,4392.05127,4553.205078,4373.717773,4546.922852,4497.820313,4389.487305,4506.025879,4491.794922,2829,1,25,768,12933,,,,0,4,4,4,4,4,4,4,4,4,4,4,4,4,4,4,4,4,4,4,4,4,4,4,4,4,4,4,4,4,4,4,4,100,,,,,,,,,,,,,,,,,,,,,,,,,,,,,,,,,,,25518,0,0.257216,-0.610229,-0.723206,0.196045,0.988402,0.187523,0.021487,22,27.333334,43.666668,,,,,,,,,,,,,,,,,,,,,,,,,,,,,,,,,,,,,,,,,,,,,,,,,,,,,,,,,,,,,,,,,,,,,,,,,,,,,,,,,,,,,,,,,,,,,,,,,,,,,,,,,,,,,,,,,,,,,,,,,,,,,,,,,,,,,,,,,,,,,,,,,,,,,,,,,,,,,,,,
1764665201.937729,1764665201.933276,36538,0,4381.410156,4394.615234,4513.846191,4472.307617,4409.615234,4526.025879,4527.307617,4388.077148,4575.769043,4395.769043,4479.871582,4509.615234,4558.589844,4386.153809,4374.487305,4510.641113,4538.077148,4528.717773,4506.794922,4376.025879,4383.974121,4555.256348,4506.025879,4482.692383,4394.230957,4553.333496,4372.563965,4546.922852,4500.128418,4388.205078,4501.666504,4485.512695,1970,1,25,1024,12941,,,,0,4,4,4,4,4,4,4,4,4,4,4,4,4,4,4,4,4,4,4,4,4,4,4,4,4,4,4,4,4,4,4,4,100,,,,,,,,,,,,,,,,,,,,,,,,,,,,,,,,,,,,,,,,,,,,,,,1.382608,1.616887,0.792902,0.658799,0.697755,1.915433,1.753362,1.104804,0.839027,0.683493,2.040328,1.302399,0.813815,1.091017,0.743012,1.824665,0.929779,1.123572,0.778754,0.730188,1.691602,1.335731,0.757279,0.858723,0.70808,1.491857,2.117941,0.811581,0.770438,0.589547,1.127606,1.099301,0.652366,0.776906,0.646187,1.211094,1.045154,1.369323,0.891787,0.75227,1.286912,1.790271,0.76318,0.80151,0.75598,1.571627,1.827876,1.322947,0.966264,1.14084,1.748797,0.995867,0.599593,0.491625,0.529863,1.192199,2.32454,0.824806,0.618097,0.801302,0.937842,1.078793,0.938482,0.548091,0.570247,0.606709,0.472477,0.618586,0.472809,0.539236,0.713942,0.748167,0.415235,0.389881,0.668726,1.024763,1.042396,0.560571,0.603715,0.541654,1.263222,1.504434,1.256319,0.696943,0.716838,0.814967,1.47363,0.892381,0.747513,1.082003,0.591456,0.618802,0.686585,0.34894,0.705015,1.073169,1.243968,1.227991,0.511795,0.738068,1.714026,0.911573,1.052541,0.534798,0.754329,2.018372,1.333046,1.09846,0.553892,0.781889,1.018956,1.290892,0.831616,0.532285,0.695305,2.092026,1.358674,0.847363,0.670063,0.808942,2.629948,1.125928,3.172738,1.911039,1.737503,2.410839,1.464648,0.507017,0.599159,0.659644,1.821615,2.534644,0.844177,0.879048,0.842273,2.127941,1.674713,0.856273,0.740897,0.721917,0.901485,0.657004,0.415742,0.303329,0.38611,2.199979,1.275082,0.588922,0.714145,0.675641,2.357545,2.116541,0.746076,0.857174,0.751819,2.802349,1.702874,0.701975,0.810224,0.693294
1764665201.941637,1764665201.937182,36539,0,4379.615234,4392.820313,4508.717773,4471.153809,4409.358887,4525.384766,4527.179688,4386.794922,4573.077148,4394.358887,4477.436035,4510,4559.871582,4383.589844,4370.897461,4507.563965,4533.846191,4527.820313,4505.128418,4375.256348,4382.179688,4552.05127,4505.769043,4480.512695,4388.974121,4552.94873,4371.153809,4544.871582,4499.487305,4385.769043,4496.922852,4479.102539,2652,1,25,1024,12941,,,,0,4,4,4,4,4,4,4,4,4,4,4,4,4,4,4,4,4,4,4,4,4,4,4,4,4,4,4,4,4,4,4,4,100,,,,,,,,,,,,,,,,,,,,,,,,,,,,,,,,,,,,,,,,,,,,,,,,,,,,,,,,,,,,,,,,,,,,,,,,,,,,,,,,,,,,,,,,,,,,,,,,,,,,,,,,,,,,,,,,,,,,,,,,,,,,,,,,,,,,,,,,,,,,,,,,,,,,,,,,,,,,,,,,,,,,,,,,,,,,,,,,,,,,,,,,,,,,,,,,,,,,,,,,,,,,,,
1764665201.945545,1764665201.941089,36540,0,4375.641113,4387.563965,4502.179688,4471.410156,4405.641113,4522.94873,4524.743652,4383.974121,4567.307617,4385.512695,4475,4505.512695,4556.538574,4379.615234,4366.666504,4500.384766,4527.563965,4524.743652,4501.922852,4374.487305,4379.615234,4547.820313,4502.436035,4476.538574,4381.410156,4552.563965,4369.102539,4541.282227,4496.153809,4383.846191,4495.128418,4477.436035,2705,1,25,1280,12949,,,,0,4,4,4,4,4,4,4,4,4,4,4,4,4,4,4,4,4,4,4,4,4,4,4,4,4,4,4,4,4,4,4,4,100,,,,,,,,,,,,,,,,,,,,,,,,,,,,,,,,,,,,,,,,,,,,,,,,,,,,,,,,,,,,,,,,,,,,,,,,,,,,,,,,,,,,,,,,,,,,,,,,,,,,,,,,,,,,,,,,,,,,,,,,,,,,,,,,,,,,,,,,,,,,,,,,,,,,,,,,,,,,,,,,,,,,,,,,,,,,,,,,,,,,,,,,,,,,,,,,,,,,,,,,,,,,,,
1764665201.949453,1764665201.944996,36541,0,4370.897461,4381.538574,4498.077148,4472.820313,4400.641113,4519.871582,4521.282227,4381.666504,4561.025879,4375.256348,4473.846191,4497.94873,4548.846191,4376.153809,4363.461426,4492.179688,4521.922852,4521.538574,4498.846191,4374.871582,4377.563965,4544.102539,4497.563965,4472.436035,4377.179688,4551.410156,4366.153809,4537.820313,4491.666504,4382.563965,4497.179688,4481.282227,2522,1,25,1280,12949,,,,0,4,4,4,4,4,4,4,4,4,4,4,4,4,4,4,4,4,4,4,4,4,4,4,4,4,4,4,4,4,4,4,4,100,,,,,,,,,,,,,,,,,,,,,,,,,,,,,,,,,,,25519,0,0.256992,-0.610291,-0.723267,0.195923,0.987425,0.176779,0.02051,23.166666,29.833334,44.5,,,,,,,,,,,,,,,,,,,,,,,,,,,,,,,,,,,,,,,,,,,,,,,,,,,,,,,,,,,,,,,,,,,,,,,,,,,,,,,,,,,,,,,,,,,,,,,,,,,,,,,,,,,,,,,,,,,,,,,,,,,,,,,,,,,,,,,,,,,,,,,,,,,,,,,,,,,,,,,,
1764665201.953362,1764665201.948903,36542,0,4368.077148,4378.077148,4497.692383,4475.769043,4396.538574,4517.307617,4518.589844,4381.410156,4557.307617,4370.256348,4473.717773,4491.794922,4540.641113,4374.871582,4362.563965,4487.436035,4518.589844,4520.256348,4497.307617,4376.282227,4376.410156,4542.563965,4493.974121,4470.384766,4378.717773,4550.641113,4363.461426,4536.666504,4488.589844,4382.05127,4502.05127,4487.563965,2669,1,25,1536,12957,,,,0,4,4,4,4,4,4,4,4,4,4,4,4,4,4,4,4,4,4,4,4,4,4,4,4,4,4,4,4,4,4,4,4,100,,,,,,,,,,,,,,,,,,,,,,,,,,,,,,,,,,,,,,,,,,,,,,,,,,,,,,,,,,,,,,,,,,,,,,,,,,,,,,,,,,,,,,,,,,,,,,,,,,,,,,,,,,,,,,,,,,,,,,,,,,,,,,,,,,,,,,,,,,,,,,,,,,,,,,,,,,,,,,,,,,,,,,,,,,,,,,,,,,,,,,,,,,,,,,,,,,,,,,,,,,,,,,
1764665201.957270,1764665201.952810,36543,0,4368.589844,4378.846191,4500.769043,4480.897461,4395.256348,4516.282227,4518.461426,4384.358887,4558.461426,4374.743652,4473.974121,4491.153809,4537.820313,4376.282227,4364.743652,4489.102539,4519.102539,4521.410156,4498.333496,4378.077148,4376.282227,4544.358887,4494.230957,4472.179688,4385.512695,4551.666504,4364.102539,4539.358887,4488.974121,4383.461426,4508.077148,4492.692383,2840,1,25,1536,12957,,,,0,4,4,4,4,4,4,4,4,4,4,4,4,4,4,4,4,4,4,4,4,4,4,4,4,4,4,4,4,4,4,4,4,100,,,,,,,,,,,,,,,,,,,,,,,,,,,,,,,,,,,,,,,,,,,,,,,,,,,,,,,,,,,,,,,,,,,,,,,,,,,,,,,,,,,,,,,,,,,,,,,,,,,,,,,,,,,,,,,,,,,,,,,,,,,,,,,,,,,,,,,,,,,,,,,,,,,,,,,,,,,,,,,,,,,,,,,,,,,,,,,,,,,,,,,,,,,,,,,,,,,,,,,,,,,,,,
1764665201.961178,1764665201.956717,36544,0,4372.436035,4383.589844,4505.384766,4488.333496,4397.05127,4517.692383,4521.282227,4389.871582,4564.230957,4386.282227,4475,4497.05127,4542.692383,4379.487305,4369.358887,4495.512695,4523.205078,4524.358887,4501.666504,4379.487305,4376.922852,4548.846191,4498.589844,4477.563965,4394.230957,4555.641113,4369.487305,4546.025879,4493.333496,4387.307617,4514.358887,4494.871582,2778,1,25,1792,12965,,,,0,4,4,4,4,4,4,4,4,4,4,4,4,4,4,4,4,4,4,4,4,4,4,4,4,4,4,4,4,4,4,4,4,100,,,,,,,,,,,,,,,,,,,,,,,,,,,,,,,,,,,,,,,,,,,,,,,,,,,,,,,,,,,,,,,,,,,,,,,,,,,,,,,,,,,,,,,,,,,,,,,,,,,,,,,,,,,,,,,,,,,,,,,,,,,,,,,,,,,,,,,,,,,,,,,,,,,,,,,,,,,,,,,,,,,,,,,,,,,,,,,,,,,,,,,,,,,,,,,,,,,,,,,,,,,,,,
1764665201.965086,1764665201.960624,36545,0,4376.922852,4388.846191,4509.615234,4496.282227,4399.871582,4520.512695,4524.871582,4395.128418,4571.666504,4397.179688,4476.410156,4505.128418,4551.025879,4382.820313,4373.974121,4502.307617,4528.717773,4526.410156,4506.410156,4380.256348,4377.94873,4553.333496,4504.487305,4483.974121,4401.025879,4560.256348,4378.205078,4553.717773,4499.230957,4392.436035,4519.102539,4494.487305,2947,1,25,1792,12965,,,,0,4,4,4,4,4,4,4,4,4,4,4,4,4,4,4,4,4,4,4,4,4,4,4,4,4,4,4,4,4,4,4,4,100,,,,,,,,,,,,,,,,,,,,,,,,,,,,,,,,,,,25520,0,0.256992,-0.610291,-0.723267,0.195923,0.97717,0.175803,0.020999,21.833334,28.833334,43.833332,,,,,,,,,,,,,,,,,,,,,,,,,,,,,,,,,,,,,,,,,,,,,,,,,,,,,,,,,,,,,,,,,,,,,,,,,,,,,,,,,,,,,,,,,,,,,,,,,,,,,,,,,,,,,,,,,,,,,,,,,,,,,,,,,,,,,,,,,,,,,,,,,,,,,,,,,,,,,,,,
1764665201.968995,1764665201.964531,36546,0,4378.974121,4391.153809,4511.153809,4501.922852,4401.025879,4523.461426,4526.794922,4397.307617,4576.794922,4399.487305,4476.922852,4509.615234,4555.641113,4384.358887,4375.897461,4505.384766,4532.307617,4525.769043,4510.641113,4380,4378.846191,4554.871582,4508.461426,4487.436035,4402.94873,4563.077148,4385.897461,4559.102539,4502.94873,4396.153809,4520.897461,4492.436035,2621,1,25,2048,12972,,,,0,4,4,4,4,4,4,4,4,4,4,4,4,4,4,4,4,4,4,4,4,4,4,4,4,4,4,4,4,4,4,4,4,100,,,,,,,,,,,,,,,,,,,,,,,,,,,,,,,,,,,,,,,,,,,,,,,,,,,,,,,,,,,,,,,,,,,,,,,,,,,,,,,,,,,,,,,,,,,,,,,,,,,,,,,,,,,,,,,,,,,,,,,,,,,,,,,,,,,,,,,,,,,,,,,,,,,,,,,,,,,,,,,,,,,,,,,,,,,,,,,,,,,,,,,,,,,,,,,,,,,,,,,,,,,,,,
1764665201.972903,1764665201.968438,36547,0,4377.179688,4389.487305,4508.589844,4504.358887,4399.487305,4524.615234,4526.153809,4395.512695,4576.410156,4391.794922,4475.769043,4507.307617,4552.436035,4383.589844,4374.102539,4503.077148,4531.538574,4522.436035,4512.307617,4378.974121,4379.102539,4552.05127,4508.461426,4486.025879,4400.384766,4563.077148,4388.333496,4559.871582,4502.692383,4395.897461,4518.846191,4490.641113,2876,1,25,2048,12972,,,,0,4,4,4,4,4,4,4,4,4,4,4,4,4,4,4,4,4,4,4,4,4,4,4,4,4,4,4,4,4,4,4,4,100,,,,,,,,,,,,,,,,,,,,,,,,,,,,,,,,,,,,,,,,,,,,,,,,,,,,,,,,,,,,,,,,,,,,,,,,,,,,,,,,,,,,,,,,,,,,,,,,,,,,,,,,,,,,,,,,,,,,,,,,,,,,,,,,,,,,,,,,,,,,,,,,,,,,,,,,,,,,,,,,,,,,,,,,,,,,,,,,,,,,,,,,,,,,,,,,,,,,,,,,,,,,,,
1764665201.976811,1764665201.972345,36548,0,4373.589844,4385.897461,4503.846191,4505.128418,4396.153809,4523.589844,4524.615234,4391.922852,4571.410156,4380.512695,4473.846191,4500.384766,4544.230957,4381.538574,4370.384766,4497.179688,4526.794922,4518.717773,4510.641113,4377.820313,4378.974121,4546.922852,4505.641113,4481.666504,4395.641113,4562.05127,4385.384766,4556.666504,4499.487305,4392.307617,4514.615234,4490.769043,2773,1,25,2304,12980,,,,0,4,4,4,4,4,4,4,4,4,4,4,4,4,4,4,4,4,4,4,4,4,4,4,4,4,4,4,4,4,4,4,4,100,,,,,,,,,,,,,,,,,,,,,,,,,,,,,,,,,,,,,,,,,,,,,,,,,,,,,,,,,,,,,,,,,,,,,,,,,,,,,,,,,,,,,,,,,,,,,,,,,,,,,,,,,,,,,,,,,,,,,,,,,,,,,,,,,,,,,,,,,,,,,,,,,,,,,,,,,,,,,,,,,,,,,,,,,,,,,,,,,,,,,,,,,,,,,,,,,,,,,,,,,,,,,,
1764665201.980719,1764665201.976252,36549,0,4371.538574,4384.230957,4500.384766,4507.05127,4393.974121,4521.410156,4525.256348,4390.128418,4566.153809,4374.487305,4473.205078,4494.230957,4537.820313,4379.615234,4368.205078,4491.153809,4521.538574,4517.436035,4506.538574,4377.307617,4378.589844,4543.333496,4502.692383,4478.333496,4391.282227,4562.179688,4380.641113,4552.307617,4496.282227,4388.461426,4511.794922,4493.846191,2812,1,25,2304,12980,,,,0,4,4,4,4,4,4,4,4,4,4,4,4,4,4,4,4,4,4,4,4,4,4,4,4,4,4,4,4,4,4,4,4,100,,,,,,,,,,,,,,,,,,,,,,,,,,,,,,,,,,,25521,0,0.256901,-0.610474,-0.723145,0.195923,0.986937,0.167989,0.039067,23.833334,30,45.166668,,,,,,,,,,,,,,,,,,,,,,,,,,,,,,,,,,,,,,,,,,,,,,,,,,,,,,,,,,,,,,,,,,,,,,,,,,,,,,,,,,,,,,,,,,,,,,,,,,,,,,,,,,,,,,,,,,,,,,,,,,,,,,,,,,,,,,,,,,,,,,,,,,,,,,,,,,,,,,,,
1764665201.984628,1764665201.980159,36550,0,4373.205078,4386.410156,4501.025879,4511.282227,4394.358887,4520.128418,4529.102539,4391.922852,4565,4377.820313,4475,4493.717773,4538.333496,4378.717773,4369.871582,4488.077148,4519.871582,4519.487305,4502.820313,4377.563965,4378.461426,4544.102539,4502.05127,4478.717773,4388.461426,4564.358887,4378.333496,4550.256348,4495.897461,4387.307617,4513.205078,4498.846191,2819,1,25,2560,12988,,,,0,4,4,4,4,4,4,4,4,4,4,4,4,4,4,4,4,4,4,4,4,4,4,4,4,4,4,4,4,4,4,4,4,100,,,,,,,,,,,,,,,,,,,,,,,,,,,,,,,,,,,,,,,,,,,,,,,,,,,,,,,,,,,,,,,,,,,,,,,,,,,,,,,,,,,,,,,,,,,,,,,,,,,,,,,,,,,,,,,,,,,,,,,,,,,,,,,,,,,,,,,,,,,,,,,,,,,,,,,,,,,,,,,,,,,,,,,,,,,,,,,,,,,,,,,,,,,,,,,,,,,,,,,,,,,,,,
1764665201.988536,1764665201.984066,36551,0,4377.820313,4391.410156,4505.256348,4515.897461,4396.666504,4520.256348,4534.102539,4395.512695,4568.717773,4387.05127,4477.820313,4498.846191,4545,4378.205078,4373.974121,4488.717773,4523.717773,4522.692383,4501.153809,4378.077148,4378.846191,4548.717773,4503.974121,4482.307617,4386.282227,4566.538574,4379.871582,4551.794922,4498.333496,4389.230957,4517.820313,4502.94873,3005,1,25,2560,12988,,,,0,4,4,4,4,4,4,4,4,4,4,4,4,4,4,4,4,4,4,4,4,4,4,4,4,4,4,4,4,4,4,4,4,100,,,,,,,,,,,,,,,,,,,,,,,,,,,,,,,,,,,,,,,,,,,,,,,,,,,,,,,,,,,,,,,,,,,,,,,,,,,,,,,,,,,,,,,,,,,,,,,,,,,,,,,,,,,,,,,,,,,,,,,,,,,,,,,,,,,,,,,,,,,,,,,,,,,,,,,,,,,,,,,,,,,,,,,,,,,,,,,,,,,,,,,,,,,,,,,,,,,,,,,,,,,,,,
1764665201.992444,1764665201.987973,36552,0,4382.05127,4394.615234,4509.358887,4517.436035,4397.94873,4521.153809,4536.794922,4397.692383,4573.974121,4393.589844,4479.230957,4505,4552.436035,4377.692383,4376.538574,4491.410156,4530.897461,4523.589844,4501.153809,4377.692383,4378.461426,4553.717773,4506.025879,4485.512695,4383.717773,4565.897461,4382.692383,4554.615234,4501.025879,4391.666504,4521.538574,4503.589844,2889,1,25,2560,12996,,,,0,4,4,4,4,4,4,4,4,4,4,4,4,4,4,4,4,4,4,4,4,4,4,4,4,4,4,4,4,4,4,4,4,100,,,,,,,,,,,,,,,,,,,,,,,,,,,,,,,,,,,,,,,,,,,,,,,,,,,,,,,,,,,,,,,,,,,,,,,,,,,,,,,,,,,,,,,,,,,,,,,,,,,,,,,,,,,,,,,,,,,,,,,,,,,,,,,,,,,,,,,,,,,,,,,,,,,,,,,,,,,,,,,,,,,,,,,,,,,,,,,,,,,,,,,,,,,,,,,,,,,,,,,,,,,,,,
1764665201.996353,1764665201.991880,36553,0,4383.333496,4393.077148,4510,4514.615234,4396.666504,4521.410156,4535.512695,4396.410156,4576.538574,4391.410156,4477.692383,4507.05127,4556.025879,4377.94873,4375,4494.358887,4537.307617,4521.922852,4501.922852,4376.538574,4377.05127,4556.666504,4506.538574,4485.641113,4381.794922,4561.410156,4382.94873,4555.897461,4501.153809,4391.282227,4520.128418,4499.871582,2736,1,25,2560,12996,,,,0,4,4,4,4,4,4,4,4,4,4,4,4,4,4,4,4,4,4,4,4,4,4,4,4,4,4,4,4,4,4,4,4,100,,,,,,,,,,,,,,,,,,,,,,,,,,,,,,,,,,,25522,0,0.256638,-0.610657,-0.723083,0.195923,0.979612,0.176291,0.026859,22,30.166666,44.166668,,,,,,,,,,,,,,,,,,,,,,,,,,,,,,,,,,,,,,,,,,,,,,,,,,,,,,,,,,,,,,,,,,,,,,,,,,,,,,,,,,,,,,,,,,,,,,,,,,,,,,,,,,,,,,,,,,,,,,,,,,,,,,,,,,,,,,,,,,,,,,,,,,,,,,,,,,,,,,,,
1764665202.000261,1764665201.995787,36554,0,4382.05127,4387.692383,4506.666504,4509.615234,4393.974121,4520.897461,4532.436035,4392.94873,4575.384766,4382.05127,4475.128418,4504.615234,4555.897461,4380.769043,4371.794922,4497.307617,4540,4520.897461,4503.333496,4375.641113,4375.256348,4557.436035,4506.282227,4483.717773,4383.333496,4555.128418,4380,4555,4498.846191,4387.94873,4513.589844,4493.846191,2305,1,25,2561,13004,,,,0,4,4,4,4,4,4,4,4,4,4,4,4,4,4,4,4,4,4,4,4,4,4,4,4,4,4,4,4,4,4,4,4,100,,,,,,,,,,,,,,,,,,,,,,,,,,,,,,,,,,,,,,,,,,,,,,,,,,,,,,,,,,,,,,,,,,,,,,,,,,,,,,,,,,,,,,,,,,,,,,,,,,,,,,,,,,,,,,,,,,,,,,,,,,,,,,,,,,,,,,,,,,,,,,,,,,,,,,,,,,,,,,,,,,,,,,,,,,,,,,,,,,,,,,,,,,,,,,,,,,,,,,,,,,,,,,
1764665202.004169,1764665201.999694,36555,0,4380.384766,4382.692383,4501.922852,4506.538574,4392.94873,4520.384766,4531.538574,4390.769043,4573.077148,4372.820313,4474.871582,4501.922852,4556.410156,4387.05127,4371.282227,4501.153809,4539.487305,4524.487305,4505.897461,4376.410156,4374.615234,4558.589844,4507.436035,4483.077148,4389.615234,4550.769043,4376.282227,4553.589844,4496.666504,4384.102539,4506.153809,4488.333496,2720,1,25,2561,13004,,,,0,4,4,4,4,4,4,4,4,4,4,4,4,4,4,4,4,4,4,4,4,4,4,4,4,4,4,4,4,4,4,4,4,100,,,,,,,,,,,,,,,,,,,,,,,,,,,,,,,,,,,,,,,,,,,,,,,,,,,,,,,,,,,,,,,,,,,,,,,,,,,,,,,,,,,,,,,,,,,,,,,,,,,,,,,,,,,,,,,,,,,,,,,,,,,,,,,,,,,,,,,,,,,,,,,,,,,,,,,,,,,,,,,,,,,,,,,,,,,,,,,,,,,,,,,,,,,,,,,,,,,,,,,,,,,,,,
1764665202.008077,1764665202.003601,36556,0,4380.256348,4381.410156,4498.589844,4507.05127,4394.487305,4520.128418,4534.487305,4391.025879,4572.307617,4369.743652,4478.717773,4502.820313,4560.384766,4394.743652,4375.769043,4505.641113,4538.333496,4532.563965,4509.487305,4378.589844,4376.025879,4561.025879,4511.153809,4485.641113,4398.077148,4550,4375.256348,4553.333496,4497.05127,4382.05127,4502.307617,4485,2520,1,25,2562,13011,,,,0,4,4,4,4,4,4,4,4,4,4,4,4,4,4,4,4,4,4,4,4,4,4,4,4,4,4,4,4,4,4,4,4,100,,,,,,,,,,,,,,,,,,,,,,,,,,,,,,,,,,,,,,,,,,,,,,,,,,,,,,,,,,,,,,,,,,,,,,,,,,,,,,,,,,,,,,,,,,,,,,,,,,,,,,,,,,,,,,,,,,,,,,,,,,,,,,,,,,,,,,,,,,,,,,,,,,,,,,,,,,,,,,,,,,,,,,,,,,,,,,,,,,,,,,,,,,,,,,,,,,,,,,,,,,,,,,
1764665202.011986,1764665202.007508,36557,0,4381.282227,4382.692383,4496.666504,4509.102539,4396.153809,4518.974121,4538.717773,4391.666504,4572.692383,4373.461426,4484.615234,4506.538574,4566.410156,4399.871582,4382.692383,4509.102539,4538.846191,4540.128418,4512.436035,4380.384766,4378.589844,4563.846191,4514.743652,4489.871582,4403.589844,4551.538574,4376.538574,4553.589844,4499.102539,4381.153809,4502.820313,4483.846191,2266,1,25,2562,13011,,,,0,4,4,4,4,4,4,4,4,4,4,4,4,4,4,4,4,4,4,4,4,4,4,4,4,4,4,4,4,4,4,4,4,100,,,,,,,,,,,,,,,,,,,,,,,,,,,,,,,,,,,25523,0,0.256472,-0.610779,-0.723022,0.195984,0.987425,0.178244,0.041997,23.666666,29.833334,44.166668,,,,,,,,,,,,,,,,,,,,,,,,,,,,,,,,,,,,,,,,,,,,,,,,,,,,,,,,,,,,,,,,,,,,,,,,,,,,,,,,,,,,,,,,,,,,,,,,,,,,,,,,,,,,,,,,,,,,,,,,,,,,,,,,,,,,,,,,,,,,,,,,,,,,,,,,,,,,,,,,
1764665202.015894,1764665202.011415,36558,0,4382.179688,4383.205078,4494.871582,4509.230957,4394.615234,4516.538574,4540,4389.358887,4572.179688,4380.384766,4488.589844,4509.102539,4570,4399.487305,4387.820313,4510.641113,4541.410156,4542.436035,4513.077148,4380.641113,4381.282227,4564.743652,4514.871582,4492.436035,4402.307617,4552.179688,4377.05127,4552.692383,4500.384766,4379.230957,4504.230957,4483.461426,2738,1,25,2563,13019,,,,0,4,4,4,4,4,4,4,4,4,4,4,4,4,4,4,4,4,4,4,4,4,4,4,4,4,4,4,4,4,4,4,4,100,,,,,,,,,,,,,,,,,,,,,,,,,,,,,,,,,,,,,,,,,,,,,,,,,,,,,,,,,,,,,,,,,,,,,,,,,,,,,,,,,,,,,,,,,,,,,,,,,,,,,,,,,,,,,,,,,,,,,,,,,,,,,,,,,,,,,,,,,,,,,,,,,,,,,,,,,,,,,,,,,,,,,,,,,,,,,,,,,,,,,,,,,,,,,,,,,,,,,,,,,,,,,,
1764665202.019802,1764665202.015322,36559,0,4381.410156,4380.384766,4492.179688,4505.384766,4388.974121,4513.077148,4536.538574,4382.692383,4569.358887,4385.512695,4487.94873,4507.05127,4568.205078,4394.487305,4388.461426,4510.641113,4544.615234,4538.846191,4511.666504,4379.358887,4382.820313,4562.563965,4509.615234,4490.897461,4393.846191,4550,4373.846191,4549.743652,4498.589844,4375,4502.179688,4482.179688,2527,1,25,2563,13019,,,,0,4,4,4,4,4,4,4,4,4,4,4,4,4,4,4,4,4,4,4,4,4,4,4,4,4,4,4,4,4,4,4,4,100,,,,,,,,,,,,,,,,,,,,,,,,,,,,,,,,,,,,,,,,,,,,,,,,,,,,,,,,,,,,,,,,,,,,,,,,,,,,,,,,,,,,,,,,,,,,,,,,,,,,,,,,,,,,,,,,,,,,,,,,,,,,,,,,,,,,,,,,,,,,,,,,,,,,,,,,,,,,,,,,,,,,,,,,,,,,,,,,,,,,,,,,,,,,,,,,,,,,,,,,,,,,,,
1764665202.023710,1764665202.019229,36560,0,4378.461426,4374.615234,4488.461426,4498.333496,4380.897461,4509.871582,4529.487305,4373.461426,4564.358887,4385.512695,4483.077148,4500.512695,4562.563965,4388.205078,4385.512695,4510.256348,4545.897461,4532.563965,4509.487305,4377.179688,4382.05127,4557.94873,4500.384766,4484.871582,4381.538574,4544.615234,4366.794922,4545,4493.974121,4369.358887,4495.256348,4478.974121,2888,1,25,2048,13027,,,,0,4,4,4,4,4,4,4,4,4,4,4,4,4,4,4,4,4,4,4,4,4,4,4,4,4,4,4,4,4,4,4,4,100,,,,,,,,,,,,,,,,,,,,,,,,,,,,,,,,,,,,,,,,,,,,,,,,,,,,,,,,,,,,,,,,,,,,,,,,,,,,,,,,,,,,,,,,,,,,,,,,,,,,,,,,,,,,,,,,,,,,,,,,,,,,,,,,,,,,,,,,,,,,,,,,,,,,,,,,,,,,,,,,,,,,,,,,,,,,,,,,,,,,,,,,,,,,,,,,,,,,,,,,,,,,,,
1764665202.027619,1764665202.023136,36561,0,4373.717773,4368.333496,4483.717773,4491.025879,4373.717773,4507.179688,4522.05127,4365.512695,4558.717773,4379.743652,4476.794922,4492.563965,4556.410156,4383.461426,4381.922852,4509.102539,4543.589844,4526.922852,4507.307617,4374.230957,4377.692383,4551.922852,4490.769043,4476.410156,4370.897461,4537.94873,4358.077148,4539.487305,4488.333496,4364.487305,4485.384766,4473.717773,2942,1,25,2048,13027,,,,0,4,4,4,4,4,4,4,4,4,4,4,4,4,4,4,4,4,4,4,4,4,4,4,4,4,4,4,4,4,4,4,4,100,,,,,,,,,,,,,,,,,,,,,,,,,,,,,,,,,,,25524,0,0.256452,-0.61084,-0.722961,0.196045,0.987425,0.178244,0.041997,21.833334,29.666666,43.833332,,,,,,,,,,,,,,,,,,,,,,,,,,,,,,,,,,,,,,,,,,,,,,,,,,,,,,,,,,,,,,,,,,,,,,,,,,,,,,,,,,,,,,,,,,,,,,,,,,,,,,,,,,,,,,,,,,,,,,,,,,,,,,,,,,,,,,,,,,,,,,,,,,,,,,,,,,,,,,,,
1764665202.031527,1764665202.027043,36562,0,4368.077148,4363.461426,4478.077148,4485.769043,4369.487305,4504.102539,4516.794922,4361.282227,4553.461426,4370.128418,4472.307617,4486.025879,4552.307617,4380.897461,4379.871582,4506.666504,4538.077148,4523.205078,4505.384766,4370.897461,4369.871582,4546.025879,4483.846191,4468.205078,4366.153809,4531.794922,4350.641113,4533.589844,4483.461426,4361.282227,4476.410156,4467.563965,1771,1,25,1280,13035,,,,0,4,4,4,4,4,4,4,4,4,4,4,4,4,4,4,4,4,4,4,4,4,4,4,4,4,4,4,4,4,4,4,4,100,,,,,,,,,,,,,,,,,,,,,,,,,,,,,,,,,,,,,,,,,,,,,,,,,,,,,,,,,,,,,,,,,,,,,,,,,,,,,,,,,,,,,,,,,,,,,,,,,,,,,,,,,,,,,,,,,,,,,,,,,,,,,,,,,,,,,,,,,,,,,,,,,,,,,,,,,,,,,,,,,,,,,,,,,,,,,,,,,,,,,,,,,,,,,,,,,,,,,,,,,,,,,,
1764665202.035435,1764665202.030950,36563,0,4362.94873,4360.384766,4472.436035,4483.846191,4368.333496,4500.128418,4514.871582,4360.769043,4549.230957,4360.641113,4471.282227,4482.563965,4550.769043,4379.230957,4379.615234,4502.820313,4531.410156,4521.282227,4503.846191,4367.94873,4361.282227,4541.666504,4480.897461,4462.820313,4368.077148,4527.820313,4346.538574,4528.205078,4480.897461,4359.615234,4471.538574,4462.179688,2983,1,25,1280,13035,,,,0,4,4,4,4,4,4,4,4,4,4,4,4,4,4,4,4,4,4,4,4,4,4,4,4,4,4,4,4,4,4,4,4,100,,,,,,,,,,,,,,,,,,,,,,,,,,,,,,,,,,,,,,,,,,,,,,,,,,,,,,,,,,,,,,,,,,,,,,,,,,,,,,,,,,,,,,,,,,,,,,,,,,,,,,,,,,,,,,,,,,,,,,,,,,,,,,,,,,,,,,,,,,,,,,,,,,,,,,,,,,,,,,,,,,,,,,,,,,,,,,,,,,,,,,,,,,,,,,,,,,,,,,,,,,,,,,
1764665202.039343,1764665202.034857,36564,0,4360.128418,4358.974121,4468.974121,4485.128418,4369.615234,4497.05127,4515.769043,4362.94873,4547.307617,4356.153809,4473.205078,4482.179688,4551.153809,4377.94873,4380.384766,4499.358887,4526.282227,4521.282227,4503.846191,4367.436035,4357.307617,4541.153809,4481.538574,4462.307617,4372.179688,4527.307617,4346.410156,4525.641113,4481.282227,4358.974121,4471.794922,4460.128418,2533,1,25,1280,13043,,,,0,4,4,4,4,4,4,4,4,4,4,4,4,4,4,4,4,4,4,4,4,4,4,4,4,4,4,4,4,4,4,4,4,100,,,,,,,,,,,,,,,,,,,,,,,,,,,,,,,,,,,,,,,,,,,,,,,,,,,,,,,,,,,,,,,,,,,,,,,,,,,,,,,,,,,,,,,,,,,,,,,,,,,,,,,,,,,,,,,,,,,,,,,,,,,,,,,,,,,,,,,,,,,,,,,,,,,,,,,,,,,,,,,,,,,,,,,,,,,,,,,,,,,,,,,,,,,,,,,,,,,,,,,,,,,,,,
1764665202.043252,1764665202.038764,36565,0,4361.666504,4360.256348,4470.256348,4489.102539,4373.205078,4497.820313,4519.230957,4367.307617,4548.974121,4359.743652,4476.025879,4485,4553.461426,4377.820313,4381.282227,4499.102539,4525,4523.589844,4506.666504,4371.666504,4362.436035,4546.025879,4485.256348,4467.307617,4373.077148,4531.922852,4351.282227,4528.717773,4484.743652,4360.769043,4477.307617,4463.461426,2847,1,25,1280,13043,,,,0,4,4,4,4,4,4,4,4,4,4,4,4,4,4,4,4,4,4,4,4,4,4,4,4,4,4,4,4,4,4,4,4,100,,,,,,,,,,,,,,,,,,,,,,,,,,,,,,,,,,,25525,0,0.256228,-0.610901,-0.723022,0.195923,0.995727,0.181174,0.022464,22.666666,28.333334,45.166668,,,,,,,,,,,,,,,,,,,,,,,,,,,,,,,,,,,,,,,,,,,,,,,,,,,,,,,,,,,,,,,,,,,,,,,,,,,,,,,,,,,,,,,,,,,,,,,,,,,,,,,,,,,,,,,,,,,,,,,,,,,,,,,,,,,,,,,,,,,,,,,,,,,,,,,,,,,,,,,,
1764665202.047160,1764665202.042671,36566,0,4368.205078,4365.641113,4477.563965,4495.897461,4379.743652,4504.615234,4525.256348,4374.230957,4554.871582,4371.153809,4478.589844,4491.025879,4558.205078,4380.128418,4382.179688,4502.307617,4528.461426,4528.205078,4511.922852,4380.897461,4375.384766,4555.512695,4491.538574,4476.922852,4368.974121,4542.179688,4361.153809,4538.589844,4490.769043,4367.05127,4487.179688,4472.436035,2956,1,25,1536,13051,,,,0,4,4,4,4,4,4,4,4,4,4,4,4,4,4,4,4,4,4,4,4,4,4,4,4,4,4,4,4,4,4,4,4,100,,,,,,,,,,,,,,,,,,,,,,,,,,,,,,,,,,,,,,,,,,,,,,,,,,,,,,,,,,,,,,,,,,,,,,,,,,,,,,,,,,,,,,,,,,,,,,,,,,,,,,,,,,,,,,,,,,,,,,,,,,,,,,,,,,,,,,,,,,,,,,,,,,,,,,,,,,,,,,,,,,,,,,,,,,,,,,,,,,,,,,,,,,,,,,,,,,,,,,,,,,,,,,
1764665202.051068,1764665202.046578,36567,0,4378.077148,4374.230957,4489.487305,4505.384766,4388.333496,4515.384766,4532.692383,4382.820313,4563.717773,4385.769043,4480,4499.358887,4564.487305,4384.102539,4383.205078,4506.153809,4535,4533.077148,4517.05127,4391.153809,4389.102539,4565.384766,4498.717773,4487.563965,4363.717773,4555,4374.102539,4552.436035,4497.436035,4377.692383,4499.615234,4484.487305,2869,1,25,1536,13051,,,,0,4,4,4,4,4,4,4,4,4,4,4,4,4,4,4,4,4,4,4,4,4,4,4,4,4,4,4,4,4,4,4,4,100,,,,,,,,,,,,,,,,,,,,,,,,,,,,,,,,,,,,,,,,,,,,,,,,,,,,,,,,,,,,,,,,,,,,,,,,,,,,,,,,,,,,,,,,,,,,,,,,,,,,,,,,,,,,,,,,,,,,,,,,,,,,,,,,,,,,,,,,,,,,,,,,,,,,,,,,,,,,,,,,,,,,,,,,,,,,,,,,,,,,,,,,,,,,,,,,,,,,,,,,,,,,,,
1764665202.054977,1764665202.050484,36568,0,4386.282227,4382.436035,4501.153809,4515.128418,4396.025879,4524.615234,4539.487305,4390.128418,4571.794922,4395.897461,4479.615234,4506.410156,4569.487305,4387.436035,4384.102539,4506.922852,4540.897461,4534.871582,4518.205078,4396.410156,4395.641113,4569.871582,4503.717773,4493.717773,4363.205078,4564.615234,4385.512695,4564.102539,4502.436035,4388.461426,4510.512695,4494.743652,2795,1,25,1792,13058,,,,0,4,4,4,4,4,4,4,4,4,4,4,4,4,4,4,4,4,4,4,4,4,4,4,4,4,4,4,4,4,4,4,4,100,,,,,,,,,,,,,,,,,,,,,,,,,,,,,,,,,,,,,,,,,,,,,,,,,,,,,,,,,,,,,,,,,,,,,,,,,,,,,,,,,,,,,,,,,,,,,,,,,,,,,,,,,,,,,,,,,,,,,,,,,,,,,,,,,,,,,,,,,,,,,,,,,,,,,,,,,,,,,,,,,,,,,,,,,,,,,,,,,,,,,,,,,,,,,,,,,,,,,,,,,,,,,,
1764665202.058885,1764665202.054391,36569,0,4388.846191,4386.025879,4508.205078,4521.922852,4399.358887,4527.436035,4542.436035,4393.205078,4575.641113,4397.307617,4477.563965,4508.846191,4570.641113,4387.563965,4384.487305,4503.589844,4543.077148,4532.179688,4514.358887,4393.589844,4392.05127,4566.794922,4504.871582,4492.179688,4370.897461,4566.666504,4390.897461,4568.205078,4504.102539,4394.102539,4515.641113,4498.846191,2847,1,25,1792,13058,,,,0,4,4,4,4,4,4,4,4,4,4,4,4,4,4,4,4,4,4,4,4,4,4,4,4,4,4,4,4,4,4,4,4,100,,,,,,,,,,,,,,,,,,,,,,,,,,,,,,,,,,,25526,0,0.256275,-0.610901,-0.723022,0.195862,0.995727,0.181174,0.022464,23.5,30,45.5,,,,,,,,,,,,,,,,,,,,,,,,,,,,,,,,,,,,,,,,,,,,,,,,,,,,,,,,,,,,,,,,,,,,,,,,,,,,,,,,,,,,,,,,,,,,,,,,,,,,,,,,,,,,,,,,,,,,,,,,,,,,,,,,,,,,,,,,,,,,,,,,,,,,,,,,,,,,,,,,
1764665202.062793,1764665202.058298,36570,0,4385.897461,4384.743652,4508.974121,4524.358887,4398.589844,4523.589844,4541.282227,4392.307617,4575.128418,4391.922852,4475.641113,4506.410156,4568.589844,4385.128418,4384.615234,4499.615234,4541.794922,4526.922852,4508.205078,4386.410156,4383.589844,4559.615234,4503.205078,4485.256348,4385.384766,4562.563965,4389.358887,4564.102539,4502.820313,4392.692383,4514.102539,4496.922852,1974,1,25,2048,13066,,,,0,4,4,4,4,4,4,4,4,4,4,4,4,4,4,4,4,4,4,4,4,4,4,4,4,4,4,4,4,4,4,4,4,100,,,,,,,,,,,,,,,,,,,,,,,,,,,,,,,,,,,,,,,,,,,,,,,1.381164,1.589122,0.869735,0.614478,0.652451,1.511359,1.836422,1.214974,0.859079,0.695316,2.087986,1.238323,0.803742,1.08859,0.808959,1.590993,0.915643,1.114606,0.806918,0.766357,1.59699,1.347977,0.718974,0.790042,0.745698,1.62447,2.196952,0.923613,0.73051,0.605797,1.213305,1.123294,0.698277,0.65902,0.645707,1.182518,1.145564,1.315591,0.818497,0.754414,1.399974,1.93149,0.637264,0.814748,0.741523,1.662994,2.258248,1.375032,0.877663,1.149852,1.558624,1.003461,0.529929,0.474296,0.539392,1.3082,2.419354,0.924557,0.613972,0.76589,0.944687,1.0719,0.926712,0.454355,0.562289,0.610327,0.557669,0.634064,0.502761,0.512096,0.7141,0.671326,0.42246,0.407579,0.675232,1.092427,1.052621,0.538665,0.557561,0.557073,1.320487,1.54085,1.211439,0.640243,0.735594,0.857792,1.320158,0.80327,0.688711,1.035711,0.680271,0.557845,0.595856,0.305611,0.664696,1.138323,1.302964,1.042978,0.445146,0.69581,1.673767,0.939476,0.934959,0.475825,0.731617,2.034555,1.370671,0.987556,0.499961,0.762296,0.903841,1.147201,0.77783,0.509475,0.682834,2.066468,1.405095,0.80186,0.627509,0.810069,2.530402,1.137137,3.190344,1.773255,1.65724,2.454448,1.474342,0.516618,0.609226,0.623671,1.66712,2.66077,0.829677,0.875292,0.898295,2.189481,1.858987,0.852768,0.711964,0.744079,0.864019,0.711389,0.430673,0.284295,0.393532,2.13187,1.540492,0.666919,0.733768,0.709576,2.364288,2.385401,0.831151,0.916636,0.798029,2.895623,1.878551,0.783195,0.865041,0.788248
1764665202.066701,1764665202.062205,36571,0,4381.538574,4382.692383,4506.025879,4523.974121,4397.179688,4518.333496,4538.461426,4390.769043,4572.820313,4386.666504,4476.282227,4502.563965,4566.153809,4382.307617,4384.871582,4500,4539.487305,4523.974121,4504.615234,4382.05127,4378.717773,4554.743652,4501.794922,4479.230957,4401.282227,4557.94873,4384.487305,4556.282227,4500.512695,4386.666504,4508.974121,4493.205078,2661,1,25,2048,13066,,,,0,4,4,4,4,4,4,4,4,4,4,4,4,4,4,4,4,4,4,4,4,4,4,4,4,4,4,4,4,4,4,4,4,100,,,,,,,,,,,,,,,,,,,,,,,,,,,,,,,,,,,,,,,,,,,,,,,,,,,,,,,,,,,,,,,,,,,,,,,,,,,,,,,,,,,,,,,,,,,,,,,,,,,,,,,,,,,,,,,,,,,,,,,,,,,,,,,,,,,,,,,,,,,,,,,,,,,,,,,,,,,,,,,,,,,,,,,,,,,,,,,,,,,,,,,,,,,,,,,,,,,,,,,,,,,,,,
1764665202.070609,1764665202.066112,36572,0,4379.743652,4384.102539,4503.717773,4523.205078,4398.589844,4517.05127,4537.179688,4391.538574,4572.563965,4387.307617,4479.743652,4500.769043,4566.282227,4381.410156,4385.384766,4505.641113,4538.846191,4526.538574,4506.410156,4384.358887,4381.922852,4556.025879,4502.436035,4479.230957,4412.179688,4558.077148,4380.897461,4550.897461,4499.358887,4381.282227,4505.256348,4492.692383,2715,1,25,2304,13074,,,,0,4,4,4,4,4,4,4,4,4,4,4,4,4,4,4,4,4,4,4,4,4,4,4,4,4,4,4,4,4,4,4,4,100,,,,,,,,,,,,,,,,,,,,,,,,,,,,,,,,,,,,,,,,,,,,,,,,,,,,,,,,,,,,,,,,,,,,,,,,,,,,,,,,,,,,,,,,,,,,,,,,,,,,,,,,,,,,,,,,,,,,,,,,,,,,,,,,,,,,,,,,,,,,,,,,,,,,,,,,,,,,,,,,,,,,,,,,,,,,,,,,,,,,,,,,,,,,,,,,,,,,,,,,,,,,,,
1764665202.074518,1764665202.070019,36573,0,4381.282227,4389.743652,4504.230957,4523.846191,4402.436035,4520.384766,4538.589844,4394.358887,4575.256348,4392.94873,4483.077148,4502.179688,4568.717773,4382.05127,4385.384766,4512.820313,4540,4533.589844,4512.307617,4391.025879,4390.256348,4561.666504,4503.974121,4484.487305,4414.358887,4563.717773,4380.512695,4550.641113,4500,4379.615234,4505.641113,4496.410156,2530,1,25,2304,13074,,,,0,4,4,4,4,4,4,4,4,4,4,4,4,4,4,4,4,4,4,4,4,4,4,4,4,4,4,4,4,4,4,4,4,100,,,,,,,,,,,,,,,,,,,,,,,,,,,,,,,,,,,25527,0,0.255925,-0.610962,-0.723145,0.195679,0.989379,0.176779,0.037602,22.666666,28.833334,43,,,,,,,,,,,,,,,,,,,,,,,,,,,,,,,,,,,,,,,,,,,,,,,,,,,,,,,,,,,,,,,,,,,,,,,,,,,,,,,,,,,,,,,,,,,,,,,,,,,,,,,,,,,,,,,,,,,,,,,,,,,,,,,,,,,,,,,,,,,,,,,,,,,,,,,,,,,,,,,,
1764665202.078426,1764665202.073926,36574,0,4383.717773,4395.769043,4506.666504,4525.128418,4405.641113,4524.615234,4540.897461,4396.153809,4578.846191,4398.077148,4483.461426,4505.128418,4570.769043,4382.563965,4383.974121,4516.410156,4541.538574,4540.897461,4518.333496,4396.666504,4396.666504,4566.666504,4504.102539,4490.256348,4408.846191,4570.769043,4382.692383,4553.974121,4501.538574,4382.05127,4509.230957,4501.153809,2681,1,25,2560,13082,,,,0,4,4,4,4,4,4,4,4,4,4,4,4,4,4,4,4,4,4,4,4,4,4,4,4,4,4,4,4,4,4,4,4,100,,,,,,,,,,,,,,,,,,,,,,,,,,,,,,,,,,,,,,,,,,,,,,,,,,,,,,,,,,,,,,,,,,,,,,,,,,,,,,,,,,,,,,,,,,,,,,,,,,,,,,,,,,,,,,,,,,,,,,,,,,,,,,,,,,,,,,,,,,,,,,,,,,,,,,,,,,,,,,,,,,,,,,,,,,,,,,,,,,,,,,,,,,,,,,,,,,,,,,,,,,,,,,
1764665202.082334,1764665202.077833,36575,0,4384.358887,4397.820313,4507.820313,4525.641113,4405.512695,4525.769043,4542.05127,4394.743652,4580.384766,4398.589844,4481.153809,4507.307617,4570.512695,4381.794922,4381.794922,4514.487305,4542.94873,4544.102539,4521.538574,4397.436035,4396.282227,4567.563965,4502.307617,4492.692383,4400.256348,4574.487305,4384.615234,4556.922852,4503.205078,4385.641113,4513.077148,4502.692383,2850,1,25,2560,13082,,,,0,4,4,4,4,4,4,4,4,4,4,4,4,4,4,4,4,4,4,4,4,4,4,4,4,4,4,4,4,4,4,4,4,100,,,,,,,,,,,,,,,,,,,,,,,,,,,,,,,,,,,,,,,,,,,,,,,,,,,,,,,,,,,,,,,,,,,,,,,,,,,,,,,,,,,,,,,,,,,,,,,,,,,,,,,,,,,,,,,,,,,,,,,,,,,,,,,,,,,,,,,,,,,,,,,,,,,,,,,,,,,,,,,,,,,,,,,,,,,,,,,,,,,,,,,,,,,,,,,,,,,,,,,,,,,,,,
1764665202.086243,1764665202.081740,36576,0,4383.333496,4395,4505.384766,4524.743652,4402.05127,4523.205078,4541.153809,4391.538574,4578.589844,4395.128418,4478.461426,4507.692383,4568.846191,4380.897461,4380.384766,4509.743652,4545.256348,4542.179688,4521.794922,4393.974121,4390.769043,4565.512695,4500.512695,4491.282227,4393.589844,4572.179688,4385,4556.922852,4504.615234,4387.563965,4514.487305,4498.846191,2787,1,25,2560,13090,,,,0,4,4,4,4,4,4,4,4,4,4,4,4,4,4,4,4,4,4,4,4,4,4,4,4,4,4,4,4,4,4,4,4,100,,,,,,,,,,,,,,,,,,,,,,,,,,,,,,,,,,,,,,,,,,,,,,,,,,,,,,,,,,,,,,,,,,,,,,,,,,,,,,,,,,,,,,,,,,,,,,,,,,,,,,,,,,,,,,,,,,,,,,,,,,,,,,,,,,,,,,,,,,,,,,,,,,,,,,,,,,,,,,,,,,,,,,,,,,,,,,,,,,,,,,,,,,,,,,,,,,,,,,,,,,,,,,
1764665202.090151,1764665202.085647,36577,0,4382.307617,4390.384766,4499.487305,4523.205078,4397.563965,4519.871582,4539.487305,4389.871582,4574.743652,4392.307617,4478.205078,4507.436035,4568.077148,4381.410156,4380.897461,4506.922852,4549.230957,4538.205078,4520.769043,4390,4385.512695,4564.743652,4500.897461,4488.205078,4391.666504,4565.769043,4384.358887,4554.871582,4505.641113,4386.922852,4513.846191,4491.922852,2959,1,25,2560,13090,,,,0,4,4,4,4,4,4,4,4,4,4,4,4,4,4,4,4,4,4,4,4,4,4,4,4,4,4,4,4,4,4,4,4,100,,,,,,,,,,,,,,,,,,,,,,,,,,,,,,,,,,,25528,0,0.255925,-0.610962,-0.723145,0.195679,0.973752,0.171896,0.039556,23.166666,29.333334,44.166668,,,,,,,,,,,,,,,,,,,,,,,,,,,,,,,,,,,,,,,,,,,,,,,,,,,,,,,,,,,,,,,,,,,,,,,,,,,,,,,,,,,,,,,,,,,,,,,,,,,,,,,,,,,,,,,,,,,,,,,,,,,,,,,,,,,,,,,,,,,,,,,,,,,,,,,,,,,,,,,,
1764665202.094059,1764665202.089554,36578,0,4382.820313,4388.205078,4492.692383,4521.922852,4395.512695,4519.102539,4538.589844,4391.666504,4571.282227,4393.461426,4480.769043,4507.820313,4569.358887,4383.333496,4382.563965,4508.205078,4553.717773,4536.025879,4520.384766,4388.589844,4385.128418,4566.794922,4504.487305,4486.282227,4394.358887,4559.871582,4384.358887,4553.717773,4506.282227,4385.128418,4513.589844,4486.794922,2631,1,25,2561,13097,,,,0,4,4,4,4,4,4,4,4,4,4,4,4,4,4,4,4,4,4,4,4,4,4,4,4,4,4,4,4,4,4,4,4,100,,,,,,,,,,,,,,,,,,,,,,,,,,,,,,,,,,,,,,,,,,,,,,,,,,,,,,,,,,,,,,,,,,,,,,,,,,,,,,,,,,,,,,,,,,,,,,,,,,,,,,,,,,,,,,,,,,,,,,,,,,,,,,,,,,,,,,,,,,,,,,,,,,,,,,,,,,,,,,,,,,,,,,,,,,,,,,,,,,,,,,,,,,,,,,,,,,,,,,,,,,,,,,
1764665202.097968,1764665202.093461,36579,0,4385,4389.871582,4488.205078,4521.282227,4397.05127,4521.025879,4538.846191,4395,4569.615234,4396.538574,4483.846191,4508.974121,4571.153809,4385,4383.461426,4512.179688,4556.025879,4537.05127,4520,4389.615234,4388.846191,4569.358887,4509.487305,4486.153809,4399.102539,4557.820313,4386.282227,4555,4506.410156,4384.230957,4515.641113,4486.794922,2884,1,25,2561,13097,,,,0,4,4,4,4,4,4,4,4,4,4,4,4,4,4,4,4,4,4,4,4,4,4,4,4,4,4,4,4,4,4,4,4,100,,,,,,,,,,,,,,,,,,,,,,,,,,,,,,,,,,,,,,,,,,,,,,,,,,,,,,,,,,,,,,,,,,,,,,,,,,,,,,,,,,,,,,,,,,,,,,,,,,,,,,,,,,,,,,,,,,,,,,,,,,,,,,,,,,,,,,,,,,,,,,,,,,,,,,,,,,,,,,,,,,,,,,,,,,,,,,,,,,,,,,,,,,,,,,,,,,,,,,,,,,,,,,
1764665202.101876,1764665202.097368,36580,0,4387.563965,4394.230957,4488.333496,4520.897461,4400.128418,4523.205078,4539.487305,4396.794922,4569.358887,4396.922852,4484.102539,4509.743652,4570.641113,4384.615234,4381.794922,4514.743652,4553.589844,4539.102539,4518.461426,4390.769043,4392.692383,4568.205078,4513.461426,4486.282227,4402.307617,4560.384766,4388.846191,4557.436035,4505.384766,4385.512695,4519.487305,4491.666504,2782,1,25,2562,13105,,,,0,4,4,4,4,4,4,4,4,4,4,4,4,4,4,4,4,4,4,4,4,4,4,4,4,4,4,4,4,4,4,4,4,100,,,,,,,,,,,,,,,,,,,,,,,,,,,,,,,,,,,,,,,,,,,,,,,,,,,,,,,,,,,,,,,,,,,,,,,,,,,,,,,,,,,,,,,,,,,,,,,,,,,,,,,,,,,,,,,,,,,,,,,,,,,,,,,,,,,,,,,,,,,,,,,,,,,,,,,,,,,,,,,,,,,,,,,,,,,,,,,,,,,,,,,,,,,,,,,,,,,,,,,,,,,,,,
1764665202.105784,1764665202.101275,36581,0,4389.871582,4398.461426,4492.436035,4520.256348,4402.307617,4523.205078,4539.743652,4395.256348,4569.871582,4393.333496,4480.512695,4509.615234,4567.307617,4382.94873,4377.94873,4513.589844,4547.436035,4539.487305,4515.384766,4389.743652,4392.94873,4562.563965,4514.743652,4485.128418,4401.922852,4565.512695,4390.384766,4558.589844,4503.589844,4388.589844,4522.692383,4498.205078,2819,1,25,2562,13105,,,,0,4,4,4,4,4,4,4,4,4,4,4,4,4,4,4,4,4,4,4,4,4,4,4,4,4,4,4,4,4,4,4,4,100,,,,,,,,,,,,,,,,,,,,,,,,,,,,,,,,,,,25529,0,0.256117,-0.610901,-0.723145,0.195618,0.979612,0.172873,0.041021,23.166666,29.333334,44.166668,,,,,,,,,,,,,,,,,,,,,,,,,,,,,,,,,,,,,,,,,,,,,,,,,,,,,,,,,,,,,,,,,,,,,,,,,,,,,,,,,,,,,,,,,,,,,,,,,,,,,,,,,,,,,,,,,,,,,,,,,,,,,,,,,,,,,,,,,,,,,,,,,,,,,,,,,,,,,,,,
1764665202.109692,1764665202.105182,36582,0,4391.794922,4400.641113,4498.589844,4519.871582,4402.307617,4521.282227,4540.128418,4392.436035,4571.025879,4389.102539,4475.641113,4508.717773,4563.205078,4381.794922,4374.102539,4509.871582,4541.666504,4537.179688,4512.436035,4387.05127,4389.871582,4555.897461,4513.461426,4482.563965,4398.589844,4569.615234,4389.487305,4557.820313,4502.179688,4392.05127,4523.333496,4503.461426,2825,1,25,2563,13113,,,,0,4,4,4,4,4,4,4,4,4,4,4,4,4,4,4,4,4,4,4,4,4,4,4,4,4,4,4,4,4,4,4,4,100,,,,,,,,,,,,,,,,,,,,,,,,,,,,,,,,,,,,,,,,,,,,,,,,,,,,,,,,,,,,,,,,,,,,,,,,,,,,,,,,,,,,,,,,,,,,,,,,,,,,,,,,,,,,,,,,,,,,,,,,,,,,,,,,,,,,,,,,,,,,,,,,,,,,,,,,,,,,,,,,,,,,,,,,,,,,,,,,,,,,,,,,,,,,,,,,,,,,,,,,,,,,,,
1764665202.113600,1764665202.109089,36583,0,4392.94873,4400,4503.589844,4520,4400.641113,4520,4540.769043,4391.410156,4573.589844,4388.717773,4473.333496,4508.589844,4561.153809,4382.563965,4372.820313,4507.179688,4538.974121,4533.717773,4511.538574,4384.743652,4386.025879,4552.436035,4510.897461,4480.128418,4393.717773,4569.743652,4385.897461,4556.025879,4502.179688,4394.230957,4520.384766,4505.256348,3011,1,25,2563,13113,,,,0,4,4,4,4,4,4,4,4,4,4,4,4,4,4,4,4,4,4,4,4,4,4,4,4,4,4,4,4,4,4,4,4,100,,,,,,,,,,,,,,,,,,,,,,,,,,,,,,,,,,,,,,,,,,,,,,,,,,,,,,,,,,,,,,,,,,,,,,,,,,,,,,,,,,,,,,,,,,,,,,,,,,,,,,,,,,,,,,,,,,,,,,,,,,,,,,,,,,,,,,,,,,,,,,,,,,,,,,,,,,,,,,,,,,,,,,,,,,,,,,,,,,,,,,,,,,,,,,,,,,,,,,,,,,,,,,
1764665202.117509,1764665202.112996,36584,0,4392.307617,4397.307617,4505.128418,4521.153809,4398.717773,4520.512695,4541.282227,4393.205078,4577.307617,4392.692383,4474.871582,4509.487305,4562.179688,4384.358887,4374.615234,4506.922852,4539.358887,4530.384766,4512.563965,4383.461426,4383.205078,4553.077148,4507.94873,4479.102539,4389.230957,4565.512695,4380.897461,4554.743652,4503.077148,4393.589844,4514.871582,4502.94873,2892,1,25,2563,13121,,,,0,4,4,4,4,4,4,4,4,4,4,4,4,4,4,4,4,4,4,4,4,4,4,4,4,4,4,4,4,4,4,4,4,100,,,,,,,,,,,,,,,,,,,,,,,,,,,,,,,,,,,,,,,,,,,,,,,,,,,,,,,,,,,,,,,,,,,,,,,,,,,,,,,,,,,,,,,,,,,,,,,,,,,,,,,,,,,,,,,,,,,,,,,,,,,,,,,,,,,,,,,,,,,,,,,,,,,,,,,,,,,,,,,,,,,,,,,,,,,,,,,,,,,,,,,,,,,,,,,,,,,,,,,,,,,,,,
1764665202.121417,1764665202.116903,36585,0,4389.487305,4393.974121,4502.692383,4522.94873,4397.307617,4522.179688,4540.641113,4396.282227,4581.794922,4397.05127,4478.846191,4510.641113,4564.487305,4384.743652,4377.692383,4507.94873,4540.512695,4527.307617,4513.717773,4382.307617,4381.410156,4555.128418,4505.256348,4480,4386.666504,4558.974121,4376.410156,4554.230957,4503.333496,4389.743652,4508.974121,4497.179688,2742,1,25,2563,13121,,,,0,4,4,4,4,4,4,4,4,4,4,4,4,4,4,4,4,4,4,4,4,4,4,4,4,4,4,4,4,4,4,4,4,100,,,,,,,,,,,,,,,,,,,,,,,,,,,,,,,,,,,25530,0,0.255918,-0.61084,-0.723267,0.195618,0.990844,0.186058,0.020022,22.666666,28.833334,43.833332,,,,,,,,,,,,,,,,,,,,,,,,,,,,,,,,,,,,,,,,,,,,,,,,,,,,,,,,,,,,,,,,,,,,,,,,,,,,,,,,,,,,,,,,,,,,,,,,,,,,,,,,,,,,,,,,,,,,,,,,,,,,,,,,,,,,,,,,,,,,,,,,,,,,,,,,,,,,,,,,
1764665202.125325,1764665202.120810,36586,0,4385.897461,4391.282227,4497.94873,4524.487305,4396.666504,4523.205078,4539.358887,4397.563965,4585.769043,4398.077148,4481.666504,4510.897461,4565.769043,4383.205078,4380.128418,4508.205078,4540.641113,4524.358887,4513.461426,4380.641113,4379.487305,4556.025879,4503.205078,4482.05127,4387.692383,4554.102539,4373.846191,4553.461426,4502.692383,4384.358887,4505.128418,4489.871582,2302,1,25,2560,13129,,,,0,4,4,4,4,4,4,4,4,4,4,4,4,4,4,4,4,4,4,4,4,4,4,4,4,4,4,4,4,4,4,4,4,100,,,,,,,,,,,,,,,,,,,,,,,,,,,,,,,,,,,,,,,,,,,,,,,,,,,,,,,,,,,,,,,,,,,,,,,,,,,,,,,,,,,,,,,,,,,,,,,,,,,,,,,,,,,,,,,,,,,,,,,,,,,,,,,,,,,,,,,,,,,,,,,,,,,,,,,,,,,,,,,,,,,,,,,,,,,,,,,,,,,,,,,,,,,,,,,,,,,,,,,,,,,,,,
1764665202.129233,1764665202.124717,36587,0,4383.205078,4389.358887,4493.717773,4525.256348,4396.538574,4522.436035,4538.717773,4395.512695,4588.589844,4395.128418,4481.666504,4509.743652,4564.615234,4381.794922,4381.153809,4507.05127,4540,4522.436035,4512.05127,4378.974121,4377.820313,4555.256348,4502.05127,4483.974121,4392.05127,4553.589844,4372.692383,4551.153809,4501.794922,4380,4504.102539,4483.461426,2715,1,25,2560,13129,,,,0,4,4,4,4,4,4,4,4,4,4,4,4,4,4,4,4,4,4,4,4,4,4,4,4,4,4,4,4,4,4,4,4,100,,,,,,,,,,,,,,,,,,,,,,,,,,,,,,,,,,,,,,,,,,,,,,,,,,,,,,,,,,,,,,,,,,,,,,,,,,,,,,,,,,,,,,,,,,,,,,,,,,,,,,,,,,,,,,,,,,,,,,,,,,,,,,,,,,,,,,,,,,,,,,,,,,,,,,,,,,,,,,,,,,,,,,,,,,,,,,,,,,,,,,,,,,,,,,,,,,,,,,,,,,,,,,
1764665202.133142,1764665202.128624,36588,0,4382.307617,4388.077148,4491.794922,4524.743652,4396.282227,4519.358887,4539.487305,4391.153809,4589.102539,4390.384766,4479.230957,4508.077148,4561.922852,4382.820313,4381.410156,4505.897461,4539.102539,4522.307617,4511.282227,4379.487305,4377.179688,4554.230957,4501.666504,4484.871582,4397.692383,4557.307617,4371.922852,4547.436035,4501.410156,4378.333496,4504.743652,4479.743652,2520,1,25,2560,13136,,,,0,4,4,4,4,4,4,4,4,4,4,4,4,4,4,4,4,4,4,4,4,4,4,4,4,4,4,4,4,4,4,4,4,100,,,,,,,,,,,,,,,,,,,,,,,,,,,,,,,,,,,,,,,,,,,,,,,,,,,,,,,,,,,,,,,,,,,,,,,,,,,,,,,,,,,,,,,,,,,,,,,,,,,,,,,,,,,,,,,,,,,,,,,,,,,,,,,,,,,,,,,,,,,,,,,,,,,,,,,,,,,,,,,,,,,,,,,,,,,,,,,,,,,,,,,,,,,,,,,,,,,,,,,,,,,,,,
1764665202.137050,1764665202.132531,36589,0,4382.563965,4387.179688,4491.538574,4522.436035,4394.871582,4514.743652,4540.769043,4387.563965,4587.05127,4386.153809,4476.794922,4507.179688,4559.102539,4386.410156,4381.666504,4505.769043,4538.461426,4523.717773,4511.794922,4382.307617,4377.94873,4553.846191,4502.307617,4483.846191,4401.025879,4562.307617,4370.384766,4543.717773,4501.410156,4378.974121,4504.743652,4478.333496,2266,1,25,2560,13136,,,,0,4,4,4,4,4,4,4,4,4,4,4,4,4,4,4,4,4,4,4,4,4,4,4,4,4,4,4,4,4,4,4,4,100,,,,,,,,,,,,,,,,,,,,,,,,,,,,,,,,,,,25531,0,0.255838,-0.61084,-0.723328,0.195496,0.967403,0.196801,0.028324,23.666666,28.666666,44.5,,,,,,,,,,,,,,,,,,,,,,,,,,,,,,,,,,,,,,,,,,,,,,,,,,,,,,,,,,,,,,,,,,,,,,,,,,,,,,,,,,,,,,,,,,,,,,,,,,,,,,,,,,,,,,,,,,,,,,,,,,,,,,,,,,,,,,,,,,,,,,,,,,,,,,,,,,,,,,,,
1764665202.140958,1764665202.136438,36590,0,4381.666504,4385.512695,4490.769043,4518.333496,4391.025879,4509.230957,4540.769043,4386.153809,4582.563965,4382.179688,4476.025879,4507.307617,4557.05127,4389.487305,4381.282227,4507.307617,4536.666504,4525.128418,4512.436035,4385.128418,4378.461426,4552.692383,4503.077148,4480.897461,4399.230957,4564.871582,4367.820313,4541.153809,4500.512695,4379.358887,4502.563965,4477.94873,2737,1,25,1792,13144,,,,0,4,4,4,4,4,4,4,4,4,4,4,4,4,4,4,4,4,4,4,4,4,4,4,4,4,4,4,4,4,4,4,4,100,,,,,,,,,,,,,,,,,,,,,,,,,,,,,,,,,,,,,,,,,,,,,,,,,,,,,,,,,,,,,,,,,,,,,,,,,,,,,,,,,,,,,,,,,,,,,,,,,,,,,,,,,,,,,,,,,,,,,,,,,,,,,,,,,,,,,,,,,,,,,,,,,,,,,,,,,,,,,,,,,,,,,,,,,,,,,,,,,,,,,,,,,,,,,,,,,,,,,,,,,,,,,,
1764665202.144867,1764665202.140345,36591,0,4377.179688,4381.153809,4486.922852,4512.820313,4383.717773,4503.461426,4537.179688,4385.897461,4576.153809,4377.563965,4476.025879,4507.307617,4555.641113,4388.205078,4379.358887,4508.974121,4532.436035,4524.871582,4511.153809,4383.717773,4376.794922,4548.974121,4501.922852,4476.410156,4391.153809,4562.820313,4363.974121,4539.230957,4497.94873,4376.538574,4498.205078,4477.05127,2526,1,25,1792,13144,,,,0,4,4,4,4,4,4,4,4,4,4,4,4,4,4,4,4,4,4,4,4,4,4,4,4,4,4,4,4,4,4,4,4,100,,,,,,,,,,,,,,,,,,,,,,,,,,,,,,,,,,,,,,,,,,,,,,,,,,,,,,,,,,,,,,,,,,,,,,,,,,,,,,,,,,,,,,,,,,,,,,,,,,,,,,,,,,,,,,,,,,,,,,,,,,,,,,,,,,,,,,,,,,,,,,,,,,,,,,,,,,,,,,,,,,,,,,,,,,,,,,,,,,,,,,,,,,,,,,,,,,,,,,,,,,,,,,
1764665202.148775,1764665202.144252,36592,0,4368.974121,4373.461426,4480.384766,4507.436035,4374.102539,4497.05127,4530,4383.846191,4569.487305,4372.05127,4475.128418,4506.025879,4554.102539,4382.179688,4375.769043,4508.846191,4525.897461,4522.179688,4507.307617,4377.179688,4372.563965,4542.179688,4497.436035,4471.538574,4378.846191,4556.666504,4359.102539,4535.897461,4493.717773,4369.871582,4492.820313,4475.256348,2888,1,25,768,13152,,,,0,4,4,4,4,4,4,4,4,4,4,4,4,4,4,4,4,4,4,4,4,4,4,4,4,4,4,4,4,4,4,4,4,100,,,,,,,,,,,,,,,,,,,,,,,,,,,,,,,,,,,,,,,,,,,,,,,,,,,,,,,,,,,,,,,,,,,,,,,,,,,,,,,,,,,,,,,,,,,,,,,,,,,,,,,,,,,,,,,,,,,,,,,,,,,,,,,,,,,,,,,,,,,,,,,,,,,,,,,,,,,,,,,,,,,,,,,,,,,,,,,,,,,,,,,,,,,,,,,,,,,,,,,,,,,,,,
1764665202.152683,1764665202.148159,36593,0,4359.615234,4364.743652,4473.974121,4504.230957,4365.512695,4491.025879,4521.794922,4378.846191,4564.615234,4367.563965,4472.94873,4503.333496,4552.179688,4375,4372.179688,4506.538574,4519.487305,4518.717773,4502.692383,4369.487305,4368.205078,4535.256348,4491.025879,4468.077148,4367.05127,4549.615234,4354.487305,4531.025879,4489.487305,4362.436035,4488.333496,4473.333496,2934,1,25,768,13152,,,,0,4,4,4,4,4,4,4,4,4,4,4,4,4,4,4,4,4,4,4,4,4,4,4,4,4,4,4,4,4,4,4,4,100,,,,,,,,,,,,,,,,,,,,,,,,,,,,,,,,,,,25532,0,0.255957,-0.610718,-0.723389,0.195496,0.990844,0.175314,0.035649,23.166666,30.666666,45,,,,,,,,,,,,,,,,,,,,,,,,,,,,,,,,,,,,,,,,,,,,,,,,,,,,,,,,,,,,,,,,,,,,,,,,,,,,,,,,,,,,,,,,,,,,,,,,,,,,,,,,,,,,,,,,,,,,,,,,,,,,,,,,,,,,,,,,,,,,,,,,,,,,,,,,,,,,,,,,
1764665202.156591,1764665202.152066,36594,0,4354.358887,4359.487305,4470.897461,4504.487305,4362.05127,4487.179688,4517.05127,4373.077148,4563.461426,4366.410156,4471.538574,4501.153809,4551.025879,4371.794922,4371.410156,4503.974121,4516.922852,4517.436035,4500.641113,4366.794922,4367.563965,4532.563965,4486.153809,4468.205078,4361.794922,4546.025879,4353.205078,4526.922852,4487.820313,4358.846191,4487.179688,4472.05127,1774,1,25,256,13160,,,,0,4,4,4,4,4,4,4,4,4,4,4,4,4,4,4,4,4,4,4,4,4,4,4,4,4,4,4,4,4,4,4,4,100,,,,,,,,,,,,,,,,,,,,,,,,,,,,,,,,,,,,,,,,,,,,,,,,,,,,,,,,,,,,,,,,,,,,,,,,,,,,,,,,,,,,,,,,,,,,,,,,,,,,,,,,,,,,,,,,,,,,,,,,,,,,,,,,,,,,,,,,,,,,,,,,,,,,,,,,,,,,,,,,,,,,,,,,,,,,,,,,,,,,,,,,,,,,,,,,,,,,,,,,,,,,,,
1764665202.160500,1764665202.155973,36595,0,4355.512695,4360.256348,4472.436035,4507.307617,4365,4487.436035,4517.563965,4370.512695,4566.153809,4369.102539,4472.179688,4501.538574,4551.794922,4373.974121,4375,4504.358887,4519.230957,4520.384766,4502.94873,4371.794922,4372.179688,4536.666504,4485.897461,4472.307617,4365.769043,4546.922852,4357.05127,4526.410156,4489.743652,4361.282227,4490.769043,4472.179688,2984,1,25,256,13160,,,,0,4,4,4,4,4,4,4,4,4,4,4,4,4,4,4,4,4,4,4,4,4,4,4,4,4,4,4,4,4,4,4,4,100,,,,,,,,,,,,,,,,,,,,,,,,,,,,,,,,,,,,,,,,,,,,,,,,,,,,,,,,,,,,,,,,,,,,,,,,,,,,,,,,,,,,,,,,,,,,,,,,,,,,,,,,,,,,,,,,,,,,,,,,,,,,,,,,,,,,,,,,,,,,,,,,,,,,,,,,,,,,,,,,,,,,,,,,,,,,,,,,,,,,,,,,,,,,,,,,,,,,,,,,,,,,,,
1764665202.164408,1764665202.159880,36596,0,4361.153809,4365.641113,4476.153809,4509.743652,4371.153809,4491.025879,4521.410156,4372.436035,4570,4373.077148,4474.102539,4503.974121,4554.358887,4379.102539,4380.769043,4508.333496,4523.589844,4526.025879,4508.205078,4381.153809,4379.358887,4545.128418,4489.743652,4478.077148,4376.794922,4550.641113,4364.487305,4529.615234,4494.102539,4367.307617,4497.692383,4473.205078,2537,1,25,512,13168,,,,0,4,4,4,4,4,4,4,4,4,4,4,4,4,4,4,4,4,4,4,4,4,4,4,4,4,4,4,4,4,4,4,4,100,,,,,,,,,,,,,,,,,,,,,,,,,,,,,,,,,,,,,,,,,,,,,,,,,,,,,,,,,,,,,,,,,,,,,,,,,,,,,,,,,,,,,,,,,,,,,,,,,,,,,,,,,,,,,,,,,,,,,,,,,,,,,,,,,,,,,,,,,,,,,,,,,,,,,,,,,,,,,,,,,,,,,,,,,,,,,,,,,,,,,,,,,,,,,,,,,,,,,,,,,,,,,,
1764665202.168316,1764665202.163786,36597,0,4365.769043,4371.153809,4478.077148,4509.743652,4375.641113,4494.871582,4524.615234,4376.025879,4572.05127,4374.615234,4475.384766,4506.282227,4556.922852,4382.94873,4385,4513.589844,4526.025879,4530.641113,4512.820313,4387.820313,4384.358887,4552.307617,4494.743652,4481.282227,4388.717773,4554.230957,4371.282227,4533.846191,4497.820313,4372.05127,4503.846191,4474.230957,2850,1,25,512,13168,,,,0,4,4,4,4,4,4,4,4,4,4,4,4,4,4,4,4,4,4,4,4,4,4,4,4,4,4,4,4,4,4,4,4,100,,,,,,,,,,,,,,,,,,,,,,,,,,,,,,,,,,,25533,0,0.255831,-0.610718,-0.72345,0.195435,0.9801,0.193871,0.033696,21.333334,28.333334,43.833332,,,,,,,,,,,,,,,,,,,,,,,,,,,,,,,,,,,,,,,,,,,,,,,,,,,,,,,,,,,,,,,,,,,,,,,,,,,,,,,,,,,,,,,,,,,,,,,,,,,,,,,,,,,,,,,,,,,,,,,,,,,,,,,,,,,,,,,,,,,,,,,,,,,,,,,,,,,,,,,,
1764665202.172224,1764665202.167693,36598,0,4365.897461,4373.077148,4476.666504,4507.692383,4376.025879,4496.025879,4524.358887,4377.692383,4570.897461,4373.333496,4475.897461,4506.922852,4558.333496,4383.846191,4385,4516.282227,4524.743652,4531.794922,4514.230957,4388.077148,4384.615234,4554.487305,4498.333496,4480.512695,4395.256348,4556.153809,4374.487305,4536.922852,4498.589844,4372.179688,4506.538574,4474.871582,2958,1,25,768,13176,,,,0,4,4,4,4,4,4,4,4,4,4,4,4,4,4,4,4,4,4,4,4,4,4,4,4,4,4,4,4,4,4,4,4,100,,,,,,,,,,,,,,,,,,,,,,,,,,,,,,,,,,,,,,,,,,,,,,,,,,,,,,,,,,,,,,,,,,,,,,,,,,,,,,,,,,,,,,,,,,,,,,,,,,,,,,,,,,,,,,,,,,,,,,,,,,,,,,,,,,,,,,,,,,,,,,,,,,,,,,,,,,,,,,,,,,,,,,,,,,,,,,,,,,,,,,,,,,,,,,,,,,,,,,,,,,,,,,
1764665202.176133,1764665202.171600,36599,0,4363.077148,4372.179688,4475.128418,4506.282227,4374.487305,4494.871582,4522.05127,4376.794922,4568.077148,4373.333496,4476.410156,4506.794922,4559.358887,4383.846191,4382.307617,4514.871582,4522.05127,4530.512695,4513.077148,4383.846191,4382.05127,4552.436035,4500.256348,4478.077148,4394.230957,4557.05127,4374.487305,4538.717773,4496.794922,4369.102539,4506.025879,4475.256348,2878,1,25,768,13176,,,,0,4,4,4,4,4,4,4,4,4,4,4,4,4,4,4,4,4,4,4,4,4,4,4,4,4,4,4,4,4,4,4,4,100,,,,,,,,,,,,,,,,,,,,,,,,,,,,,,,,,,,,,,,,,,,,,,,,,,,,,,,,,,,,,,,,,,,,,,,,,,,,,,,,,,,,,,,,,,,,,,,,,,,,,,,,,,,,,,,,,,,,,,,,,,,,,,,,,,,,,,,,,,,,,,,,,,,,,,,,,,,,,,,,,,,,,,,,,,,,,,,,,,,,,,,,,,,,,,,,,,,,,,,,,,,,,,
1764665202.180041,1764665202.175507,36600,0,4362.563965,4371.922852,4477.563965,4508.077148,4374.871582,4494.615234,4521.282227,4376.666504,4566.538574,4380.256348,4478.846191,4509.102539,4562.05127,4385.897461,4380.384766,4511.410156,4522.563965,4530.256348,4512.179688,4381.025879,4381.282227,4551.025879,4502.692383,4478.589844,4390,4558.717773,4375.128418,4542.05127,4495.256348,4367.307617,4506.025879,4477.307617,2793,1,25,1024,13183,,,,0,4,4,4,4,4,4,4,4,4,4,4,4,4,4,4,4,4,4,4,4,4,4,4,4,4,4,4,4,4,4,4,4,100,,,,,,,,,,,,,,,,,,,,,,,,,,,,,,,,,,,,,,,,,,,,,,,,,,,,,,,,,,,,,,,,,,,,,,,,,,,,,,,,,,,,,,,,,,,,,,,,,,,,,,,,,,,,,,,,,,,,,,,,,,,,,,,,,,,,,,,,,,,,,,,,,,,,,,,,,,,,,,,,,,,,,,,,,,,,,,,,,,,,,,,,,,,,,,,,,,,,,,,,,,,,,,
1764665202.183949,1764665202.179414,36601,0,4368.461426,4375.384766,4486.025879,4513.589844,4380,4498.846191,4525.256348,4380.897461,4568.717773,4394.230957,4483.846191,4516.153809,4568.077148,4390.897461,4381.794922,4510,4530,4534.102539,4514.871582,4384.487305,4385.641113,4554.487305,4507.563965,4484.743652,4389.871582,4562.563965,4379.615234,4549.102539,4497.436035,4371.153809,4510.512695,4482.820313,2852,1,25,1024,13183,,,,0,4,4,4,4,4,4,4,4,4,4,4,4,4,4,4,4,4,4,4,4,4,4,4,4,4,4,4,4,4,4,4,4,100,,,,,,,,,,,,,,,,,,,,,,,,,,,,,,,,,,,25534,0,0.255705,-0.610718,-0.723511,0.195374,0.9801,0.193871,0.033696,22.833334,29,43.333332,,,,,,,,,,,,,,,,,,,,,,,,,,,,,,,,,,,,,,,,,,,,,,,,,,,,,,,,,,,,,,,,,,,,,,,,,,,,,,,,,,,,,,,,,,,,,,,,,,,,,,,,,,,,,,,,,,,,,,,,,,,,,,,,,,,,,,,,,,,,,,,,,,,,,,,,,,,,,,,,
1764665202.187858,1764665202.183321,36602,0,4380.256348,4382.179688,4497.820313,4521.538574,4389.102539,4508.077148,4533.846191,4389.871582,4573.589844,4408.589844,4491.153809,4526.538574,4575.897461,4395.897461,4386.025879,4512.692383,4543.589844,4542.05127,4521.794922,4393.974121,4394.102539,4563.717773,4514.487305,4495.384766,4397.820313,4567.94873,4388.077148,4559.358887,4504.230957,4380.384766,4519.230957,4491.025879,1975,1,25,1280,13191,,,,0,4,4,4,4,4,4,4,4,4,4,4,4,4,4,4,4,4,4,4,4,4,4,4,4,4,4,4,4,4,4,4,4,100,0.984375,100,4,4,4,4,4,4,4,4,4,4,4,4,4,4,4,4,4,4,4,4,4,4,4,4,4,4,4,4,4,4,4,4,,,,,,,,,,,,,1.478546,1.6001,0.928381,0.600238,0.628835,1.352117,1.943559,1.320049,0.910383,0.728772,2.093354,1.226766,0.822354,1.101361,0.90432,1.421289,0.921374,1.131224,0.868779,0.840708,1.642697,1.388678,0.70573,0.75469,0.809534,1.864954,2.257307,1.084424,0.715226,0.634624,1.250293,1.205223,0.778331,0.615625,0.663939,1.237186,1.216531,1.227694,0.803795,0.781974,1.499986,1.995135,0.534362,0.829122,0.763131,1.690393,2.661066,1.447985,0.907852,1.165235,1.317731,0.983343,0.453568,0.487298,0.564657,1.436566,2.441958,1.009566,0.65697,0.752968,0.953179,1.056058,0.924252,0.416189,0.56987,0.620042,0.659846,0.613236,0.553293,0.498679,0.732455,0.625229,0.463517,0.4558,0.675589,1.150587,1.113084,0.524742,0.540137,0.587417,1.436973,1.630525,1.155382,0.635648,0.774947,0.877414,1.234113,0.738607,0.682058,0.995175,0.711904,0.52203,0.517297,0.291636,0.625087,1.114661,1.33611,0.863428,0.436684,0.664059,1.520681,0.991272,0.848246,0.455919,0.736252,1.979172,1.439317,0.869915,0.508582,0.758759,0.86396,1.090123,0.695497,0.535355,0.675013,1.982102,1.469013,0.754027,0.636425,0.820869,2.290743,1.139341,3.063867,1.812918,1.663816,2.335803,1.430238,0.537051,0.643136,0.624843,1.532503,2.687482,0.859918,0.89583,0.948764,2.242327,2.047079,0.851253,0.727459,0.7755,0.862061,0.783055,0.441593,0.282836,0.407519,2.126848,1.820823,0.805635,0.795933,0.75205,2.284638,2.508269,0.935897,1.007018,0.872765,2.85665,2.019396,0.875846,0.983556,0.915918
1764665202.191766,1764665202.187228,36603,0,4392.307617,4388.974121,4507.179688,4528.717773,4398.205078,4518.974121,4543.589844,4399.487305,4578.077148,4413.461426,4498.589844,4535,4582.179688,4396.666504,4390,4518.077148,4557.692383,4550.128418,4529.487305,4403.589844,4402.05127,4574.230957,4520.512695,4505.641113,4411.153809,4572.05127,4395.641113,4568.205078,4511.922852,4389.615234,4527.05127,4498.333496,2660,1,25,1280,13191,,,,0,4,4,4,4,4,4,4,4,4,4,4,4,4,4,4,4,4,4,4,4,4,4,4,4,4,4,4,4,4,4,4,4,100,,,,,,,,,,,,,,,,,,,,,,,,,,,,,,,,,,,,,,,,,,,,,,,,,,,,,,,,,,,,,,,,,,,,,,,,,,,,,,,,,,,,,,,,,,,,,,,,,,,,,,,,,,,,,,,,,,,,,,,,,,,,,,,,,,,,,,,,,,,,,,,,,,,,,,,,,,,,,,,,,,,,,,,,,,,,,,,,,,,,,,,,,,,,,,,,,,,,,,,,,,,,,,
1764665202.195674,1764665202.191135,36604,0,4397.820313,4391.025879,4508.077148,4531.410156,4401.922852,4525.512695,4548.846191,4403.461426,4578.461426,4404.102539,4502.563965,4536.410156,4583.589844,4391.282227,4390,4521.666504,4564.358887,4552.820313,4532.436035,4406.153809,4403.589844,4579.358887,4521.025879,4508.717773,4421.282227,4571.794922,4396.025879,4570.128418,4515.128418,4391.794922,4527.307617,4500,2716,1,25,1536,13199,,,,0,4,4,4,4,4,4,4,4,4,4,4,4,4,4,4,4,4,4,4,4,4,4,4,4,4,4,4,4,4,4,4,4,100,,,,,,,,,,,,,,,,,,,,,,,,,,,,,,,,,,,,,,,,,,,,,,,,,,,,,,,,,,,,,,,,,,,,,,,,,,,,,,,,,,,,,,,,,,,,,,,,,,,,,,,,,,,,,,,,,,,,,,,,,,,,,,,,,,,,,,,,,,,,,,,,,,,,,,,,,,,,,,,,,,,,,,,,,,,,,,,,,,,,,,,,,,,,,,,,,,,,,,,,,,,,,,
1764665202.199582,1764665202.195042,36605,0,4393.589844,4386.282227,4498.846191,4527.307617,4397.307617,4522.820313,4546.410156,4398.333496,4573.077148,4384.615234,4499.871582,4528.974121,4578.461426,4381.794922,4384.743652,4519.358887,4559.615234,4546.922852,4527.179688,4398.461426,4396.153809,4574.230957,4514.230957,4501.282227,4421.025879,4565.897461,4386.025879,4562.307617,4510.128418,4383.717773,4517.179688,4493.717773,2533,1,25,1536,13199,,,,0,4,4,4,4,4,4,4,4,4,4,4,4,4,4,4,4,4,4,4,4,4,4,4,4,4,4,4,4,4,4,4,4,100,,,,,,,,,,,,,,,,,,,,,,,,,,,,,,,,,,,25535,0,0.255798,-0.610718,-0.723511,0.195251,0.979123,0.186546,0.022952,21.166666,28.166666,45.833332,,,,,,,,,,,,,,,,,,,,,,,,,,,,,,,,,,,,,,,,,,,,,,,,,,,,,,,,,,,,,,,,,,,,,,,,,,,,,,,,,,,,,,,,,,,,,,,,,,,,,,,,,,,,,,,,,,,,,,,,,,,,,,,,,,,,,,,,,,,,,,,,,,,,,,,,,,,,,,,,
1764665202.203490,1764665202.198949,36606,0,4382.05127,4376.410156,4484.358887,4517.692383,4386.282227,4511.410156,4537.563965,4385.897461,4563.846191,4366.282227,4490.897461,4515.897461,4568.974121,4373.077148,4376.794922,4511.538574,4545.769043,4534.230957,4515,4384.102539,4382.307617,4560,4502.307617,4486.025879,4410.128418,4555.641113,4368.846191,4547.563965,4498.589844,4368.717773,4500.384766,4482.563965,2684,1,25,1792,13207,,,,0,4,4,4,4,4,4,4,4,4,4,4,4,4,4,4,4,4,4,4,4,4,4,4,4,4,4,4,4,4,4,4,4,100,,,,,,,,,,,,,,,,,,,,,,,,,,,,,,,,,,,,,,,,,,,,,,,,,,,,,,,,,,,,,,,,,,,,,,,,,,,,,,,,,,,,,,,,,,,,,,,,,,,,,,,,,,,,,,,,,,,,,,,,,,,,,,,,,,,,,,,,,,,,,,,,,,,,,,,,,,,,,,,,,,,,,,,,,,,,,,,,,,,,,,,,,,,,,,,,,,,,,,,,,,,,,,
1764665202.207399,1764665202.202856,36607,0,4370.256348,4366.922852,4472.179688,4507.692383,4375,4496.922852,4527.05127,4372.692383,4554.615234,4358.974121,4480.256348,4504.230957,4559.871582,4369.358887,4370.769043,4502.307617,4530.384766,4520.769043,4502.05127,4370.769043,4369.102539,4543.461426,4491.153809,4470.897461,4395.512695,4544.871582,4352.820313,4533.717773,4486.794922,4355.512695,4486.153809,4472.307617,2852,1,25,1792,13207,,,,0,4,4,4,4,4,4,4,4,4,4,4,4,4,4,4,4,4,4,4,4,4,4,4,4,4,4,4,4,4,4,4,4,100,,,,,,,,,,,,,,,,,,,,,,,,,,,,,,,,,,,,,,,,,,,,,,,,,,,,,,,,,,,,,,,,,,,,,,,,,,,,,,,,,,,,,,,,,,,,,,,,,,,,,,,,,,,,,,,,,,,,,,,,,,,,,,,,,,,,,,,,,,,,,,,,,,,,,,,,,,,,,,,,,,,,,,,,,,,,,,,,,,,,,,,,,,,,,,,,,,,,,,,,,,,,,,
1764665202.211307,1764665202.206763,36608,0,4364.615234,4363.205078,4469.102539,4502.820313,4369.358887,4487.436035,4520,4365.897461,4550,4364.743652,4473.589844,4499.358887,4556.153809,4371.666504,4370.641113,4497.179688,4521.922852,4513.333496,4495.384766,4364.743652,4363.205078,4533.333496,4486.794922,4463.846191,4385.769043,4538.461426,4346.282227,4528.333496,4481.282227,4351.922852,4482.563965,4468.333496,2792,1,25,2048,13215,,,,0,4,4,4,4,4,4,4,4,4,4,4,4,4,4,4,4,4,4,4,4,4,4,4,4,4,4,4,4,4,4,4,4,100,,,,,,,,,,,,,,,,,,,,,,,,,,,,,,,,,,,,,,,,,,,,,,,,,,,,,,,,,,,,,,,,,,,,,,,,,,,,,,,,,,,,,,,,,,,,,,,,,,,,,,,,,,,,,,,,,,,,,,,,,,,,,,,,,,,,,,,,,,,,,,,,,,,,,,,,,,,,,,,,,,,,,,,,,,,,,,,,,,,,,,,,,,,,,,,,,,,,,,,,,,,,,,
1764665202.215215,1764665202.210670,36609,0,4367.436035,4367.179688,4475.512695,4505.256348,4371.666504,4487.563965,4518.717773,4368.333496,4551.794922,4376.794922,4473.717773,4502.692383,4559.358887,4377.436035,4376.410156,4498.589844,4523.846191,4515.128418,4497.94873,4367.05127,4366.666504,4534.102539,4491.025879,4466.922852,4384.871582,4539.102539,4352.307617,4532.820313,4484.743652,4358.974121,4491.410156,4471.538574,2962,1,25,2048,13215,,,,0,4,4,4,4,4,4,4,4,4,4,4,4,4,4,4,4,4,4,4,4,4,4,4,4,4,4,4,4,4,4,4,4,100,,,,,,,,,,,,,,,,,,,,,,,,,,,,,,,,,,,25536,0,0.255593,-0.610718,-0.723633,0.195068,0.984495,0.186058,0.037114,22.333334,30.166666,44.5,,,,,,,,,,,,,,,,,,,,,,,,,,,,,,,,,,,,,,,,,,,,,,,,,,,,,,,,,,,,,,,,,,,,,,,,,,,,,,,,,,,,,,,,,,,,,,,,,,,,,,,,,,,,,,,,,,,,,,,,,,,,,,,,,,,,,,,,,,,,,,,,,,,,,,,,,,,,,,,,
1764665202.219123,1764665202.214577,36610,0,4374.871582,4375,4485.256348,4511.922852,4378.333496,4495.384766,4521.666504,4376.025879,4557.179688,4384.871582,4478.205078,4509.615234,4566.153809,4382.436035,4384.230957,4504.358887,4532.692383,4522.692383,4506.410156,4373.589844,4374.743652,4543.077148,4498.846191,4475.512695,4389.615234,4544.743652,4365.256348,4541.794922,4493.589844,4370.512695,4505.512695,4478.077148,2635,1,25,2304,13222,,,,0,4,4,4,4,4,4,4,4,4,4,4,4,4,4,4,4,4,4,4,4,4,4,4,4,4,4,4,4,4,4,4,4,100,,,,,,,,,,,,,,,,,,,,,,,,,,,,,,,,,,,,,,,,,,,,,,,,,,,,,,,,,,,,,,,,,,,,,,,,,,,,,,,,,,,,,,,,,,,,,,,,,,,,,,,,,,,,,,,,,,,,,,,,,,,,,,,,,,,,,,,,,,,,,,,,,,,,,,,,,,,,,,,,,,,,,,,,,,,,,,,,,,,,,,,,,,,,,,,,,,,,,,,,,,,,,,
1764665202.223032,1764665202.218484,36611,0,4380.512695,4379.615234,4490.128418,4516.922852,4383.717773,4503.717773,4524.743652,4381.282227,4560.897461,4382.94873,4481.794922,4513.461426,4571.153809,4383.846191,4388.846191,4509.230957,4540.897461,4528.589844,4513.717773,4378.589844,4379.871582,4552.307617,4503.461426,4481.153809,4392.436035,4550,4374.615234,4547.05127,4501.025879,4377.05127,4513.717773,4481.922852,2892,1,25,2304,13222,,,,0,4,4,4,4,4,4,4,4,4,4,4,4,4,4,4,4,4,4,4,4,4,4,4,4,4,4,4,4,4,4,4,4,100,,,,,,,,,,,,,,,,,,,,,,,,,,,,,,,,,,,,,,,,,,,,,,,,,,,,,,,,,,,,,,,,,,,,,,,,,,,,,,,,,,,,,,,,,,,,,,,,,,,,,,,,,,,,,,,,,,,,,,,,,,,,,,,,,,,,,,,,,,,,,,,,,,,,,,,,,,,,,,,,,,,,,,,,,,,,,,,,,,,,,,,,,,,,,,,,,,,,,,,,,,,,,,
1764665202.226940,1764665202.222391,36612,0,4380.512695,4377.563965,4486.410156,4516.282227,4384.358887,4506.153809,4525.512695,4379.615234,4559.615234,4373.974121,4481.538574,4510.769043,4571.025879,4382.692383,4387.307617,4509.615234,4542.692383,4527.820313,4514.871582,4378.717773,4377.563965,4555.384766,4501.922852,4479.358887,4388.205078,4550.512695,4374.230957,4545.128418,4502.05127,4373.717773,4510,4480,2788,1,25,2304,13230,,,,0,4,4,4,4,4,4,4,4,4,4,4,4,4,4,4,4,4,4,4,4,4,4,4,4,4,4,4,4,4,4,4,4,100,,,,,,,,,,,,,,,,,,,,,,,,,,,,,,,,,,,,,,,,,,,,,,,,,,,,,,,,,,,,,,,,,,,,,,,,,,,,,,,,,,,,,,,,,,,,,,,,,,,,,,,,,,,,,,,,,,,,,,,,,,,,,,,,,,,,,,,,,,,,,,,,,,,,,,,,,,,,,,,,,,,,,,,,,,,,,,,,,,,,,,,,,,,,,,,,,,,,,,,,,,,,,,
1764665202.230848,1764665202.226298,36613,0,4376.794922,4371.538574,4478.205078,4511.025879,4382.05127,4502.820313,4525,4374.102539,4554.871582,4366.410156,4478.974121,4504.358887,4567.436035,4382.563965,4381.794922,4506.410156,4538.717773,4522.179688,4511.025879,4375.769043,4370.769043,4552.94873,4498.461426,4473.205078,4378.717773,4546.922852,4366.666504,4539.615234,4497.94873,4364.230957,4497.820313,4474.230957,2825,1,25,2304,13230,,,,0,4,4,4,4,4,4,4,4,4,4,4,4,4,4,4,4,4,4,4,4,4,4,4,4,4,4,4,4,4,4,4,4,100,,,,,,,,,,,,,,,,,,,,,,,,,,,,,,,,,,,25537,0,0.255448,-0.610962,-0.723511,0.194946,0.96838,0.179709,0.025882,22.666666,30.333334,45.5,,,,,,,,,,,,,,,,,,,,,,,,,,,,,,,,,,,,,,,,,,,,,,,,,,,,,,,,,,,,,,,,,,,,,,,,,,,,,,,,,,,,,,,,,,,,,,,,,,,,,,,,,,,,,,,,,,,,,,,,,,,,,,,,,,,,,,,,,,,,,,,,,,,,,,,,,,,,,,,,
1764665202.234757,1764665202.230205,36614,0,4375,4367.94873,4473.205078,4505.384766,4381.282227,4499.102539,4526.538574,4371.410156,4551.410156,4368.589844,4477.820313,4501.025879,4564.871582,4386.410156,4377.692383,4504.102539,4534.615234,4518.589844,4507.563965,4374.230957,4366.794922,4551.282227,4499.615234,4470,4371.282227,4544.230957,4360.641113,4537.563965,4494.230957,4357.307617,4488.077148,4470,2832,1,25,2560,13238,,,,0,4,4,4,4,4,4,4,4,4,4,4,4,4,4,4,4,4,4,4,4,4,4,4,4,4,4,4,4,4,4,4,4,100,,,,,,,,,,,,,,,,,,,,,,,,,,,,,,,,,,,,,,,,,,,,,,,,,,,,,,,,,,,,,,,,,,,,,,,,,,,,,,,,,,,,,,,,,,,,,,,,,,,,,,,,,,,,,,,,,,,,,,,,,,,,,,,,,,,,,,,,,,,,,,,,,,,,,,,,,,,,,,,,,,,,,,,,,,,,,,,,,,,,,,,,,,,,,,,,,,,,,,,,,,,,,,
1764665202.238665,1764665202.234112,36615,0,4377.94873,4371.282227,4475.769043,4503.205078,4384.358887,4500.256348,4531.794922,4375,4552.05127,4380.641113,4480.512695,4504.358887,4566.282227,4393.333496,4378.333496,4505.384766,4534.871582,4521.410156,4508.717773,4376.794922,4370.256348,4555.128418,4507.820313,4473.974121,4371.538574,4546.153809,4362.05127,4541.666504,4495.128418,4359.230957,4488.205078,4471.282227,3019,1,25,2560,13238,,,,0,4,4,4,4,4,4,4,4,4,4,4,4,4,4,4,4,4,4,4,4,4,4,4,4,4,4,4,4,4,4,4,4,100,,,,,,,,,,,,,,,,,,,,,,,,,,,,,,,,,,,,,,,,,,,,,,,,,,,,,,,,,,,,,,,,,,,,,,,,,,,,,,,,,,,,,,,,,,,,,,,,,,,,,,,,,,,,,,,,,,,,,,,,,,,,,,,,,,,,,,,,,,,,,,,,,,,,,,,,,,,,,,,,,,,,,,,,,,,,,,,,,,,,,,,,,,,,,,,,,,,,,,,,,,,,,,
1764665202.242573,1764665202.238019,36616,0,4383.461426,4380.128418,4483.205078,4504.358887,4389.871582,4506.025879,4538.333496,4381.922852,4555.769043,4395.641113,4485.897461,4512.05127,4570.256348,4399.102539,4382.05127,4508.717773,4539.102539,4528.717773,4513.717773,4382.05127,4378.974121,4563.333496,4518.461426,4481.666504,4378.461426,4551.538574,4369.615234,4549.230957,4499.487305,4368.589844,4497.179688,4477.179688,2897,1,25,2560,13246,,,,0,4,4,4,4,4,4,4,4,4,4,4,4,4,4,4,4,4,4,4,4,4,4,4,4,4,4,4,4,4,4,4,4,100,,,,,,,,,,,,,,,,,,,,,,,,,,,,,,,,,,,,,,,,,,,,,,,,,,,,,,,,,,,,,,,,,,,,,,,,,,,,,,,,,,,,,,,,,,,,,,,,,,,,,,,,,,,,,,,,,,,,,,,,,,,,,,,,,,,,,,,,,,,,,,,,,,,,,,,,,,,,,,,,,,,,,,,,,,,,,,,,,,,,,,,,,,,,,,,,,,,,,,,,,,,,,,
1764665202.246481,1764665202.241926,36617,0,4386.922852,4389.615234,4489.230957,4507.436035,4394.871582,4512.179688,4542.307617,4386.410156,4559.743652,4404.487305,4490.512695,4517.94873,4573.205078,4399.871582,4384.615234,4510.256348,4542.94873,4535,4517.94873,4385.897461,4387.179688,4569.358887,4524.487305,4486.922852,4385.897461,4556.282227,4377.179688,4554.487305,4503.205078,4378.717773,4507.307617,4482.692383,2748,1,25,2560,13246,,,,0,4,4,4,4,4,4,4,4,4,4,4,4,4,4,4,4,4,4,4,4,4,4,4,4,4,4,4,4,4,4,4,4,100,,,,,,,,,,,,,,,,,,,,,,,,,,,,,,,,,,,25538,0,0.255547,-0.610901,-0.723511,0.195007,0.97424,0.171408,0.037602,23.166666,29.833334,44.166668,,,,,,,,,,,,,,,,,,,,,,,,,,,,,,,,,,,,,,,,,,,,,,,,,,,,,,,,,,,,,,,,,,,,,,,,,,,,,,,,,,,,,,,,,,,,,,,,,,,,,,,,,,,,,,,,,,,,,,,,,,,,,,,,,,,,,,,,,,,,,,,,,,,,,,,,,,,,,,,,
1764665202.250390,1764665202.245833,36618,0,4386.282227,4395.641113,4490.384766,4510.384766,4397.436035,4514.871582,4541.666504,4386.410156,4561.922852,4403.846191,4492.563965,4518.589844,4573.333496,4395.641113,4384.102539,4508.846191,4543.077148,4536.153809,4517.94873,4386.153809,4390.512695,4568.846191,4522.94873,4487.307617,4388.461426,4557.307617,4379.871582,4554.487305,4503.333496,4383.974121,4511.794922,4483.077148,2304,1,25,1792,13254,,,,0,4,4,4,4,4,4,4,4,4,4,4,4,4,4,4,4,4,4,4,4,4,4,4,4,4,4,4,4,4,4,4,4,100,,,,,,,,,,,,,,,,,,,,,,,,,,,,,,,,,,,,,,,,,,,,,,,,,,,,,,,,,,,,,,,,,,,,,,,,,,,,,,,,,,,,,,,,,,,,,,,,,,,,,,,,,,,,,,,,,,,,,,,,,,,,,,,,,,,,,,,,,,,,,,,,,,,,,,,,,,,,,,,,,,,,,,,,,,,,,,,,,,,,,,,,,,,,,,,,,,,,,,,,,,,,,,
1764665202.254298,1764665202.249740,36619,0,4383.846191,4397.05127,4487.179688,4512.820313,4397.820313,4513.846191,4538.205078,4384.102539,4562.94873,4396.922852,4492.307617,4515.128418,4571.666504,4390.384766,4382.05127,4506.666504,4540.897461,4532.94873,4514.487305,4384.230957,4389.871582,4563.077148,4517.307617,4485.256348,4386.666504,4555.384766,4377.307617,4550.769043,4500.897461,4383.589844,4510,4478.461426,2714,1,25,1792,13254,,,,0,4,4,4,4,4,4,4,4,4,4,4,4,4,4,4,4,4,4,4,4,4,4,4,4,4,4,4,4,4,4,4,4,100,,,,,,,,,,,,,,,,,,,,,,,,,,,,,,,,,,,,,,,,,,,,,,,,,,,,,,,,,,,,,,,,,,,,,,,,,,,,,,,,,,,,,,,,,,,,,,,,,,,,,,,,,,,,,,,,,,,,,,,,,,,,,,,,,,,,,,,,,,,,,,,,,,,,,,,,,,,,,,,,,,,,,,,,,,,,,,,,,,,,,,,,,,,,,,,,,,,,,,,,,,,,,,
1764665202.258206,1764665202.253647,36620,0,4382.692383,4395.512695,4483.461426,4515.641113,4397.436035,4511.538574,4535.641113,4383.717773,4564.102539,4389.743652,4490.897461,4511.922852,4570.512695,4388.461426,4381.410156,4506.794922,4539.871582,4529.743652,4511.153809,4382.94873,4388.846191,4557.563965,4513.461426,4484.615234,4385.641113,4553.846191,4373.461426,4547.94873,4499.487305,4380.384766,4506.153809,4473.589844,2521,1,25,1024,13261,,,,0,4,4,4,4,4,4,4,4,4,4,4,4,4,4,4,4,4,4,4,4,4,4,4,4,4,4,4,4,4,4,4,4,100,,,,,,,,,,,,,,,,,,,,,,,,,,,,,,,,,,,,,,,,,,,,,,,,,,,,,,,,,,,,,,,,,,,,,,,,,,,,,,,,,,,,,,,,,,,,,,,,,,,,,,,,,,,,,,,,,,,,,,,,,,,,,,,,,,,,,,,,,,,,,,,,,,,,,,,,,,,,,,,,,,,,,,,,,,,,,,,,,,,,,,,,,,,,,,,,,,,,,,,,,,,,,,
1764665202.262114,1764665202.257554,36621,0,4384.102539,4393.589844,4483.077148,4519.743652,4397.563965,4510.512695,4536.282227,4387.05127,4566.282227,4386.538574,4489.615234,4511.666504,4571.538574,4391.153809,4383.333496,4509.743652,4542.563965,4530.384766,4511.410156,4384.102539,4390.384766,4557.179688,4514.230957,4486.794922,4389.615234,4555.897461,4372.563965,4549.102539,4501.410156,4378.846191,4505.384766,4473.717773,2268,1,25,1024,13261,,,,0,4,4,4,4,4,4,4,4,4,4,4,4,4,4,4,4,4,4,4,4,4,4,4,4,4,4,4,4,4,4,4,4,100,,,,,,,,,,,,,,,,,,,,,,,,,,,,,,,,,,,25539,0,0.255726,-0.61084,-0.72345,0.19519,0.975705,0.177268,0.02051,22.166666,28.833334,42.666668,,,,,,,,,,,,,,,,,,,,,,,,,,,,,,,,,,,,,,,,,,,,,,,,,,,,,,,,,,,,,,,,,,,,,,,,,,,,,,,,,,,,,,,,,,,,,,,,,,,,,,,,,,,,,,,,,,,,,,,,,,,,,,,,,,,,,,,,,,,,,,,,,,,,,,,,,,,,,,,,
1764665202.266023,1764665202.261461,36622,0,4386.282227,4393.077148,4487.179688,4524.358887,4398.077148,4511.666504,4539.487305,4392.179688,4569.358887,4387.820313,4488.717773,4513.974121,4574.102539,4395.256348,4386.282227,4513.461426,4547.563965,4534.871582,4514.743652,4386.538574,4393.333496,4561.538574,4517.563965,4489.871582,4396.922852,4561.153809,4376.410156,4553.589844,4506.025879,4380.512695,4509.358887,4480.128418,2739,1,25,256,13269,,,,0,4,4,4,4,4,4,4,4,4,4,4,4,4,4,4,4,4,4,4,4,4,4,4,4,4,4,4,4,4,4,4,4,100,,,,,,,,,,,,,,,,,,,,,,,,,,,,,,,,,,,,,,,,,,,,,,,,,,,,,,,,,,,,,,,,,,,,,,,,,,,,,,,,,,,,,,,,,,,,,,,,,,,,,,,,,,,,,,,,,,,,,,,,,,,,,,,,,,,,,,,,,,,,,,,,,,,,,,,,,,,,,,,,,,,,,,,,,,,,,,,,,,,,,,,,,,,,,,,,,,,,,,,,,,,,,,
1764665202.269931,1764665202.265368,36623,0,4386.410156,4393.717773,4493.205078,4527.692383,4397.692383,4513.205078,4541.282227,4395.641113,4571.666504,4390.641113,4487.563965,4515.641113,4575.897461,4397.05127,4387.692383,4514.743652,4550.641113,4539.871582,4517.436035,4387.692383,4394.102539,4565.897461,4518.589844,4490.641113,4400.897461,4566.153809,4382.05127,4557.563965,4509.487305,4383.461426,4514.743652,4488.589844,2530,1,25,256,13269,,,,0,4,4,4,4,4,4,4,4,4,4,4,4,4,4,4,4,4,4,4,4,4,4,4,4,4,4,4,4,4,4,4,4,100,,,,,,,,,,,,,,,,,,,,,,,,,,,,,,,,,,,,,,,,,,,,,,,,,,,,,,,,,,,,,,,,,,,,,,,,,,,,,,,,,,,,,,,,,,,,,,,,,,,,,,,,,,,,,,,,,,,,,,,,,,,,,,,,,,,,,,,,,,,,,,,,,,,,,,,,,,,,,,,,,,,,,,,,,,,,,,,,,,,,,,,,,,,,,,,,,,,,,,,,,,,,,,
1764665202.273839,1764665202.269275,36624,0,4383.461426,4393.589844,4496.410156,4528.077148,4395,4512.820313,4538.589844,4395.128418,4571.153809,4391.282227,4485.769043,4514.102539,4574.743652,4394.487305,4386.153809,4512.436035,4548.846191,4540.769043,4516.025879,4385.769043,4390,4564.615234,4514.743652,4487.307617,4396.153809,4566.538574,4385,4556.794922,4508.461426,4383.846191,4516.794922,4492.94873,2891,1,25,256,13277,,,,0,4,4,4,4,4,4,4,4,4,4,4,4,4,4,4,4,4,4,4,4,4,4,4,4,4,4,4,4,4,4,4,4,100,,,,,,,,,,,,,,,,,,,,,,,,,,,,,,,,,,,,,,,,,,,,,,,,,,,,,,,,,,,,,,,,,,,,,,,,,,,,,,,,,,,,,,,,,,,,,,,,,,,,,,,,,,,,,,,,,,,,,,,,,,,,,,,,,,,,,,,,,,,,,,,,,,,,,,,,,,,,,,,,,,,,,,,,,,,,,,,,,,,,,,,,,,,,,,,,,,,,,,,,,,,,,,
1764665202.277748,1764665202.273182,36625,0,4378.846191,4391.922852,4494.358887,4525.897461,4390.384766,4509.743652,4532.307617,4391.025879,4567.692383,4388.333496,4482.94873,4509.743652,4570.897461,4388.974121,4382.820313,4508.461426,4542.94873,4536.410156,4511.025879,4381.410156,4382.436035,4556.794922,4507.563965,4481.153809,4384.102539,4560.897461,4382.563965,4550.897461,4503.333496,4379.743652,4513.333496,4489.871582,2939,1,25,256,13277,,,,0,4,4,4,4,4,4,4,4,4,4,4,4,4,4,4,4,4,4,4,4,4,4,4,4,4,4,4,4,4,4,4,4,100,,,,,,,,,,,,,,,,,,,,,,,,,,,,,,,,,,,25540,0,0.255852,-0.61084,-0.723389,0.195251,0.984495,0.177268,0.028324,22.166666,29.666666,43.5,,,,,,,,,,,,,,,,,,,,,,,,,,,,,,,,,,,,,,,,,,,,,,,,,,,,,,,,,,,,,,,,,,,,,,,,,,,,,,,,,,,,,,,,,,,,,,,,,,,,,,,,,,,,,,,,,,,,,,,,,,,,,,,,,,,,,,,,,,,,,,,,,,,,,,,,,,,,,,,,
1764665202.281656,1764665202.276989,36626,0,4375.256348,4389.487305,4488.974121,4523.846191,4386.282227,4505.512695,4525.769043,4386.538574,4563.077148,4382.94873,4479.743652,4505.384766,4566.666504,4383.461426,4379.871582,4505.641113,4536.666504,4529.358887,4506.153809,4377.05127,4375.769043,4547.307617,4500.769043,4475.641113,4372.436035,4552.820313,4376.153809,4543.205078,4497.05127,4373.589844,4507.307617,4481.794922,1769,1,25,512,13285,,,,0,4,4,4,4,4,4,4,4,4,4,4,4,4,4,4,4,4,4,4,4,4,4,4,4,4,4,4,4,4,4,4,4,100,,,,,,,,,,,,,,,,,,,,,,,,,,,,,,,,,,,,,,,,,,,,,,,,,,,,,,,,,,,,,,,,,,,,,,,,,,,,,,,,,,,,,,,,,,,,,,,,,,,,,,,,,,,,,,,,,,,,,,,,,,,,,,,,,,,,,,,,,,,,,,,,,,,,,,,,,,,,,,,,,,,,,,,,,,,,,,,,,,,,,,,,,,,,,,,,,,,,,,,,,,,,,,
1764665202.285564,1764665202.280896,36627,0,4374.358887,4387.563965,4484.871582,4523.461426,4384.743652,4503.205078,4522.563965,4384.358887,4559.871582,4378.205078,4477.307617,4503.205078,4564.743652,4380.256348,4379.230957,4505,4533.205078,4522.94873,4504.230957,4375.128418,4372.94873,4542.05127,4498.077148,4473.205078,4368.974121,4547.820313,4369.743652,4538.205078,4492.94873,4369.358887,4503.333496,4474.615234,2986,1,25,512,13285,,,,0,4,4,4,4,4,4,4,4,4,4,4,4,4,4,4,4,4,4,4,4,4,4,4,4,4,4,4,4,4,4,4,4,100,,,,,,,,,,,,,,,,,,,,,,,,,,,,,,,,,,,,,,,,,,,,,,,,,,,,,,,,,,,,,,,,,,,,,,,,,,,,,,,,,,,,,,,,,,,,,,,,,,,,,,,,,,,,,,,,,,,,,,,,,,,,,,,,,,,,,,,,,,,,,,,,,,,,,,,,,,,,,,,,,,,,,,,,,,,,,,,,,,,,,,,,,,,,,,,,,,,,,,,,,,,,,,
1764665202.289472,1764665202.284803,36628,0,4376.025879,4386.666504,4484.871582,4524.358887,4385.769043,4504.102539,4522.94873,4385.384766,4560,4375.384766,4476.922852,4503.333496,4565.384766,4379.743652,4381.025879,4505.128418,4533.461426,4519.487305,4505.256348,4376.410156,4374.358887,4543.333496,4499.743652,4473.717773,4375.384766,4548.589844,4366.410156,4537.820313,4492.436035,4369.487305,4503.461426,4472.94873,2539,1,25,768,13293,,,,0,4,4,4,4,4,4,4,4,4,4,4,4,4,4,4,4,4,4,4,4,4,4,4,4,4,4,4,4,4,4,4,4,100,,,,,,,,,,,,,,,,,,,,,,,,,,,,,,,,,,,,,,,,,,,,,,,,,,,,,,,,,,,,,,,,,,,,,,,,,,,,,,,,,,,,,,,,,,,,,,,,,,,,,,,,,,,,,,,,,,,,,,,,,,,,,,,,,,,,,,,,,,,,,,,,,,,,,,,,,,,,,,,,,,,,,,,,,,,,,,,,,,,,,,,,,,,,,,,,,,,,,,,,,,,,,,
1764665202.293381,1764665202.288709,36629,0,4378.077148,4386.282227,4488.077148,4524.871582,4387.563965,4506.666504,4524.743652,4387.307617,4562.563965,4373.205078,4478.589844,4504.102539,4567.307617,4380.256348,4383.461426,4504.230957,4535.641113,4519.358887,4507.179688,4379.615234,4377.307617,4548.717773,4503.333496,4475.384766,4385.512695,4553.077148,4366.410156,4540.128418,4494.871582,4372.307617,4505.769043,4476.538574,2853,1,25,768,13293,,,,0,4,4,4,4,4,4,4,4,4,4,4,4,4,4,4,4,4,4,4,4,4,4,4,4,4,4,4,4,4,4,4,4,100,,,,,,,,,,,,,,,,,,,,,,,,,,,,,,,,,,,25541,0,0.255806,-0.61084,-0.723389,0.195313,0.984495,0.177268,0.028324,22.666666,30,43,,,,,,,,,,,,,,,,,,,,,,,,,,,,,,,,,,,,,,,,,,,,,,,,,,,,,,,,,,,,,,,,,,,,,,,,,,,,,,,,,,,,,,,,,,,,,,,,,,,,,,,,,,,,,,,,,,,,,,,,,,,,,,,,,,,,,,,,,,,,,,,,,,,,,,,,,,,,,,,,
1764665202.297289,1764665202.292616,36630,0,4378.205078,4384.743652,4490.769043,4524.358887,4387.436035,4508.333496,4525.384766,4387.563965,4564.743652,4370,4481.538574,4503.589844,4568.333496,4380.641113,4384.487305,4502.179688,4537.820313,4521.666504,4508.077148,4382.692383,4378.974121,4553.333496,4505.128418,4476.538574,4391.922852,4556.666504,4367.436035,4541.794922,4497.94873,4374.102539,4506.538574,4480.897461,2954,1,25,1024,13301,,,,0,4,4,4,4,4,4,4,4,4,4,4,4,4,4,4,4,4,4,4,4,4,4,4,4,4,4,4,4,4,4,4,4,100,,,,,,,,,,,,,,,,,,,,,,,,,,,,,,,,,,,,,,,,,,,,,,,,,,,,,,,,,,,,,,,,,,,,,,,,,,,,,,,,,,,,,,,,,,,,,,,,,,,,,,,,,,,,,,,,,,,,,,,,,,,,,,,,,,,,,,,,,,,,,,,,,,,,,,,,,,,,,,,,,,,,,,,,,,,,,,,,,,,,,,,,,,,,,,,,,,,,,,,,,,,,,,
1764665202.301197,1764665202.296523,36631,0,4375.641113,4381.666504,4489.230957,4522.94873,4384.358887,4507.692383,4523.717773,4384.615234,4563.589844,4366.282227,4484.102539,4501.666504,4567.05127,4379.871582,4383.333496,4500.384766,4538.333496,4525.256348,4508.589844,4384.102539,4378.846191,4554.487305,4503.846191,4477.307617,4391.794922,4556.794922,4367.307617,4541.153809,4499.743652,4372.05127,4503.974121,4481.538574,2873,1,25,1024,13301,,,,0,4,4,4,4,4,4,4,4,4,4,4,4,4,4,4,4,4,4,4,4,4,4,4,4,4,4,4,4,4,4,4,4,100,,,,,,,,,,,,,,,,,,,,,,,,,,,,,,,,,,,,,,,,,,,,,,,,,,,,,,,,,,,,,,,,,,,,,,,,,,,,,,,,,,,,,,,,,,,,,,,,,,,,,,,,,,,,,,,,,,,,,,,,,,,,,,,,,,,,,,,,,,,,,,,,,,,,,,,,,,,,,,,,,,,,,,,,,,,,,,,,,,,,,,,,,,,,,,,,,,,,,,,,,,,,,,
1764665202.305105,1764665202.300430,36632,0,4372.05127,4377.820313,4483.205078,4521.666504,4379.615234,4505.512695,4520.512695,4380.256348,4559.230957,4365.897461,4484.743652,4500,4563.846191,4378.333496,4381.282227,4499.615234,4537.179688,4529.230957,4509.871582,4383.461426,4377.94873,4552.692383,4501.025879,4478.717773,4387.94873,4554.871582,4365.256348,4538.589844,4499.358887,4366.794922,4499.743652,4477.94873,2782,1,25,1280,13308,,,,0,4,4,4,4,4,4,4,4,4,4,4,4,4,4,4,4,4,4,4,4,4,4,4,4,4,4,4,4,4,4,4,4,100,,,,,,,,,,,,,,,,,,,,,,,,,,,,,,,,,,,,,,,,,,,,,,,,,,,,,,,,,,,,,,,,,,,,,,,,,,,,,,,,,,,,,,,,,,,,,,,,,,,,,,,,,,,,,,,,,,,,,,,,,,,,,,,,,,,,,,,,,,,,,,,,,,,,,,,,,,,,,,,,,,,,,,,,,,,,,,,,,,,,,,,,,,,,,,,,,,,,,,,,,,,,,,
1764665202.309013,1764665202.304337,36633,0,4369.487305,4375.512695,4476.666504,4521.410156,4376.153809,4503.846191,4517.436035,4377.179688,4554.615234,4371.666504,4483.461426,4500.384766,4560.128418,4376.794922,4380.128418,4500,4535.512695,4532.436035,4512.179688,4382.179688,4377.820313,4550.897461,4499.743652,4481.666504,4385.128418,4554.230957,4362.692383,4536.538574,4497.563965,4361.794922,4497.436035,4473.205078,2840,1,25,1280,13308,,,,0,4,4,4,4,4,4,4,4,4,4,4,4,4,4,4,4,4,4,4,4,4,4,4,4,4,4,4,4,4,4,4,4,100,,,,,,,,,,,,,,,,,,,,,,,,,,,,,,,,,,,25542,0,0.255905,-0.610779,-0.723389,0.195374,0.979612,0.172384,0.029789,23,28,43.833332,,,,,,,,,,,,,,,,,,,,,,,,,,,,,,,,,,,,,,,,,,,,,,,,,,,,,,,,,,,,,,,,,,,,,,,,,,,,,,,,,,,,,,,,,,,,,,,,,,,,,,,,,,,,,,,,,,,,,,,,,,,,,,,,,,,,,,,,,,,,,,,,,,,,,,,,,,,,,,,,
1764665202.312922,1764665202.308244,36634,0,4369.487305,4377.179688,4474.230957,4522.179688,4376.410156,4503.589844,4516.794922,4377.820313,4552.563965,4382.563965,4482.179688,4503.333496,4557.436035,4376.025879,4380.384766,4500.769043,4534.743652,4533.333496,4513.846191,4381.153809,4378.717773,4551.153809,4502.05127,4484.615234,4384.615234,4556.922852,4361.282227,4536.538574,4495.512695,4360.128418,4498.846191,4471.282227,1971,1,25,1536,13316,,,,0,4,4,4,4,4,4,4,4,4,4,4,4,4,4,4,4,4,4,4,4,4,4,4,4,4,4,4,4,4,4,4,4,100,,,,,,,,,,,,,,,,,,,,,,,,,,,,,,,,,,,,,,,,,,,,,,,1.636331,1.592829,0.971,0.625346,0.636303,1.467533,1.971592,1.429514,1.010305,0.784772,2.038996,1.204205,0.915641,1.141315,1.014722,1.439354,0.953757,1.194995,0.973342,0.932516,1.801882,1.382196,0.767223,0.773339,0.885445,2.155723,2.222569,1.293357,0.734526,0.672884,1.239107,1.286461,0.881234,0.654622,0.704644,1.359664,1.223245,1.164292,0.867206,0.832274,1.534888,1.927546,0.504254,0.854009,0.812712,1.676667,2.908803,1.527298,1.042742,1.197371,1.096282,0.898528,0.391262,0.521843,0.604526,1.552046,2.333148,1.08295,0.749477,0.766926,0.962267,1.030135,0.94238,0.441932,0.592134,0.635341,0.74323,0.568843,0.612092,0.503541,0.773382,0.602436,0.520805,0.535635,0.671732,1.188426,1.206503,0.529224,0.558858,0.622439,1.579562,1.701619,1.123314,0.693746,0.829293,0.869724,1.207017,0.729288,0.724719,0.967562,0.673447,0.514205,0.477909,0.310302,0.591093,1.004236,1.321447,0.745063,0.490085,0.651222,1.308995,1.024848,0.831026,0.479814,0.767285,1.857328,1.484342,0.793572,0.580546,0.771878,0.910327,1.067251,0.603939,0.611272,0.681328,1.869317,1.501203,0.733871,0.699523,0.840186,1.984609,1.111564,2.836917,2.041396,1.748389,2.054729,1.322307,0.567364,0.703667,0.664371,1.465027,2.559852,0.926594,0.956218,0.988902,2.276416,2.128267,0.863507,0.803285,0.818633,0.892746,0.829973,0.456598,0.299814,0.428612,2.19597,2.00755,1.000781,0.916615,0.800637,2.161695,2.441492,1.035038,1.137911,0.972069,2.701683,2.054133,0.982237,1.15702,1.055924
1764665202.316830,1764665202.312151,36635,0,4372.05127,4382.179688,4477.436035,4523.333496,4380.897461,4504.615234,4518.974121,4381.538574,4554.615234,4393.077148,4483.077148,4507.436035,4556.282227,4375.769043,4380.897461,4501.153809,4535.769043,4530.641113,4512.820313,4380.641113,4378.846191,4553.077148,4506.666504,4485.256348,4384.358887,4561.153809,4361.410156,4538.077148,4494.358887,4362.820313,4502.563965,4473.333496,2651,1,25,1536,13316,,,,0,4,4,4,4,4,4,4,4,4,4,4,4,4,4,4,4,4,4,4,4,4,4,4,4,4,4,4,4,4,4,4,4,100,,,,,,,,,,,,,,,,,,,,,,,,,,,,,,,,,,,,,,,,,,,,,,,,,,,,,,,,,,,,,,,,,,,,,,,,,,,,,,,,,,,,,,,,,,,,,,,,,,,,,,,,,,,,,,,,,,,,,,,,,,,,,,,,,,,,,,,,,,,,,,,,,,,,,,,,,,,,,,,,,,,,,,,,,,,,,,,,,,,,,,,,,,,,,,,,,,,,,,,,,,,,,,
1764665202.320738,1764665202.316058,36636,0,4375.512695,4387.436035,4484.487305,4524.487305,4387.307617,4506.153809,4522.436035,4386.153809,4559.358887,4397.563965,4486.538574,4510.128418,4556.538574,4375.769043,4380.512695,4501.282227,4537.820313,4525.769043,4508.077148,4379.871582,4377.05127,4554.743652,4510.512695,4482.05127,4382.05127,4563.846191,4362.820313,4539.615234,4494.743652,4367.820313,4505.512695,4477.05127,2708,1,25,1792,13324,,,,0,4,4,4,4,4,4,4,4,4,4,4,4,4,4,4,4,4,4,4,4,4,4,4,4,4,4,4,4,4,4,4,4,100,,,,,,,,,,,,,,,,,,,,,,,,,,,,,,,,,,,,,,,,,,,,,,,,,,,,,,,,,,,,,,,,,,,,,,,,,,,,,,,,,,,,,,,,,,,,,,,,,,,,,,,,,,,,,,,,,,,,,,,,,,,,,,,,,,,,,,,,,,,,,,,,,,,,,,,,,,,,,,,,,,,,,,,,,,,,,,,,,,,,,,,,,,,,,,,,,,,,,,,,,,,,,,
1764665202.324647,1764665202.319965,36637,0,4379.230957,4390.512695,4490.769043,4524.743652,4391.794922,4507.563965,4524.487305,4388.461426,4563.589844,4394.230957,4490.384766,4509.615234,4557.820313,4375.897461,4378.974121,4501.922852,4539.487305,4521.922852,4501.666504,4378.461426,4373.974121,4554.743652,4511.153809,4476.922852,4378.205078,4562.820313,4364.743652,4540.769043,4496.538574,4372.563965,4505.897461,4479.487305,2528,1,25,1792,13324,,,,0,4,4,4,4,4,4,4,4,4,4,4,4,4,4,4,4,4,4,4,4,4,4,4,4,4,4,4,4,4,4,4,4,100,,,,,,,,,,,,,,,,,,,,,,,,,,,,,,,,,,,25543,0,0.255753,-0.610901,-0.723389,0.19519,0.979612,0.172384,0.029789,23,28,43.833332,,,,,,,,,,,,,,,,,,,,,,,,,,,,,,,,,,,,,,,,,,,,,,,,,,,,,,,,,,,,,,,,,,,,,,,,,,,,,,,,,,,,,,,,,,,,,,,,,,,,,,,,,,,,,,,,,,,,,,,,,,,,,,,,,,,,,,,,,,,,,,,,,,,,,,,,,,,,,,,,
1764665202.328555,1764665202.323872,36638,0,4381.922852,4389.615234,4492.05127,4522.436035,4391.666504,4508.461426,4523.205078,4386.410156,4564.358887,4385.128418,4490.897461,4506.153809,4559.102539,4375.769043,4376.666504,4503.333496,4538.717773,4520.769043,4496.922852,4376.153809,4370.897461,4552.692383,4508.077148,4472.307617,4375.641113,4558.717773,4366.025879,4541.410156,4498.974121,4374.871582,4504.615234,4479.102539,2673,1,25,2048,13332,,,,0,4,4,4,4,4,4,4,4,4,4,4,4,4,4,4,4,4,4,4,4,4,4,4,4,4,4,4,4,4,4,4,4,100,,,,,,,,,,,,,,,,,,,,,,,,,,,,,,,,,,,,,,,,,,,,,,,,,,,,,,,,,,,,,,,,,,,,,,,,,,,,,,,,,,,,,,,,,,,,,,,,,,,,,,,,,,,,,,,,,,,,,,,,,,,,,,,,,,,,,,,,,,,,,,,,,,,,,,,,,,,,,,,,,,,,,,,,,,,,,,,,,,,,,,,,,,,,,,,,,,,,,,,,,,,,,,
1764665202.332463,1764665202.327779,36639,0,4381.922852,4384.743652,4486.410156,4516.794922,4386.282227,4508.077148,4518.077148,4379.358887,4559.743652,4374.487305,4486.666504,4500.384766,4558.461426,4374.615234,4372.820313,4503.333496,4534.615234,4521.410156,4495.256348,4372.692383,4368.205078,4548.717773,4502.692383,4468.846191,4375.641113,4553.974121,4365.384766,4540.512695,4500.512695,4373.846191,4502.820313,4475.897461,2845,1,25,2048,13332,,,,0,4,4,4,4,4,4,4,4,4,4,4,4,4,4,4,4,4,4,4,4,4,4,4,4,4,4,4,4,4,4,4,4,100,,,,,,,,,,,,,,,,,,,,,,,,,,,,,,,,,,,,,,,,,,,,,,,,,,,,,,,,,,,,,,,,,,,,,,,,,,,,,,,,,,,,,,,,,,,,,,,,,,,,,,,,,,,,,,,,,,,,,,,,,,,,,,,,,,,,,,,,,,,,,,,,,,,,,,,,,,,,,,,,,,,,,,,,,,,,,,,,,,,,,,,,,,,,,,,,,,,,,,,,,,,,,,
1764665202.336372,1764665202.331686,36640,0,4378.589844,4377.563965,4476.666504,4508.461426,4377.436035,4506.025879,4510.897461,4369.871582,4551.538574,4366.282227,4479.230957,4493.974121,4555,4371.666504,4367.05127,4499.743652,4527.820313,4520.897461,4495.641113,4367.94873,4365.384766,4543.077148,4496.794922,4465.641113,4377.179688,4550.512695,4362.179688,4537.563965,4499.743652,4370,4501.025879,4471.538574,2773,1,25,2304,13340,,,,0,4,4,4,4,4,4,4,4,4,4,4,4,4,4,4,4,4,4,4,4,4,4,4,4,4,4,4,4,4,4,4,4,100,,,,,,,,,,,,,,,,,,,,,,,,,,,,,,,,,,,,,,,,,,,,,,,,,,,,,,,,,,,,,,,,,,,,,,,,,,,,,,,,,,,,,,,,,,,,,,,,,,,,,,,,,,,,,,,,,,,,,,,,,,,,,,,,,,,,,,,,,,,,,,,,,,,,,,,,,,,,,,,,,,,,,,,,,,,,,,,,,,,,,,,,,,,,,,,,,,,,,,,,,,,,,,
1764665202.340280,1764665202.335593,36641,0,4374.487305,4372.307617,4468.589844,4501.153809,4369.871582,4503.589844,4505.128418,4362.94873,4544.615234,4363.077148,4473.589844,4490,4550.897461,4368.077148,4361.410156,4493.589844,4521.666504,4518.461426,4496.153809,4363.589844,4363.333496,4537.563965,4492.563965,4463.717773,4377.820313,4550.256348,4358.205078,4533.974121,4497.563965,4366.153809,4499.615234,4468.589844,2941,1,25,2304,13340,,,,0,4,4,4,4,4,4,4,4,4,4,4,4,4,4,4,4,4,4,4,4,4,4,4,4,4,4,4,4,4,4,4,4,100,,,,,,,,,,,,,,,,,,,,,,,,,,,,,,,,,,,25544,0,0.2557,-0.610962,-0.723389,0.195068,0.97424,0.173849,0.021975,23,28.833334,44.666668,,,,,,,,,,,,,,,,,,,,,,,,,,,,,,,,,,,,,,,,,,,,,,,,,,,,,,,,,,,,,,,,,,,,,,,,,,,,,,,,,,,,,,,,,,,,,,,,,,,,,,,,,,,,,,,,,,,,,,,,,,,,,,,,,,,,,,,,,,,,,,,,,,,,,,,,,,,,,,,,
1764665202.344188,1764665202.339500,36642,0,4374.358887,4373.589844,4467.820313,4499.743652,4368.846191,4503.077148,4505.512695,4363.077148,4543.974121,4365.769043,4474.615234,4491.922852,4550.128418,4367.179688,4359.743652,4489.358887,4520.897461,4516.025879,4496.282227,4363.333496,4364.487305,4535.641113,4492.94873,4465.512695,4377.436035,4554.615234,4357.692383,4533.461426,4496.538574,4366.025879,4500.256348,4469.871582,2617,1,25,1024,13347,,,,0,4,4,4,4,4,4,4,4,4,4,4,4,4,4,4,4,4,4,4,4,4,4,4,4,4,4,4,4,4,4,4,4,100,,,,,,,,,,,,,,,,,,,,,,,,,,,,,,,,,,,,,,,,,,,,,,,,,,,,,,,,,,,,,,,,,,,,,,,,,,,,,,,,,,,,,,,,,,,,,,,,,,,,,,,,,,,,,,,,,,,,,,,,,,,,,,,,,,,,,,,,,,,,,,,,,,,,,,,,,,,,,,,,,,,,,,,,,,,,,,,,,,,,,,,,,,,,,,,,,,,,,,,,,,,,,,
1764665202.348096,1764665202.343407,36643,0,4380.769043,4381.922852,4475,4506.282227,4376.025879,4505.897461,4513.974121,4370.384766,4551.025879,4372.94873,4482.563965,4499.871582,4555,4370.897461,4364.230957,4490.641113,4527.05127,4516.282227,4497.820313,4368.846191,4370.769043,4539.487305,4498.333496,4472.179688,4377.820313,4562.94873,4363.077148,4537.692383,4498.461426,4371.153809,4504.230957,4476.282227,2875,1,25,1024,13347,,,,0,4,4,4,4,4,4,4,4,4,4,4,4,4,4,4,4,4,4,4,4,4,4,4,4,4,4,4,4,4,4,4,4,100,,,,,,,,,,,,,,,,,,,,,,,,,,,,,,,,,,,,,,,,,,,,,,,,,,,,,,,,,,,,,,,,,,,,,,,,,,,,,,,,,,,,,,,,,,,,,,,,,,,,,,,,,,,,,,,,,,,,,,,,,,,,,,,,,,,,,,,,,,,,,,,,,,,,,,,,,,,,,,,,,,,,,,,,,,,,,,,,,,,,,,,,,,,,,,,,,,,,,,,,,,,,,,
1764665202.352004,1764665202.347314,36644,0,4390.897461,4392.692383,4485.641113,4517.05127,4387.179688,4510.769043,4526.538574,4380.384766,4561.666504,4381.538574,4492.307617,4509.615234,4563.333496,4378.205078,4372.307617,4496.922852,4536.922852,4519.487305,4501.666504,4377.94873,4380.256348,4547.307617,4505.641113,4481.666504,4381.282227,4571.794922,4372.563965,4544.743652,4502.179688,4378.974121,4511.025879,4485.384766,2769,1,25,1024,13355,,,,0,4,4,4,4,4,4,4,4,4,4,4,4,4,4,4,4,4,4,4,4,4,4,4,4,4,4,4,4,4,4,4,4,100,,,,,,,,,,,,,,,,,,,,,,,,,,,,,,,,,,,,,,,,,,,,,,,,,,,,,,,,,,,,,,,,,,,,,,,,,,,,,,,,,,,,,,,,,,,,,,,,,,,,,,,,,,,,,,,,,,,,,,,,,,,,,,,,,,,,,,,,,,,,,,,,,,,,,,,,,,,,,,,,,,,,,,,,,,,,,,,,,,,,,,,,,,,,,,,,,,,,,,,,,,,,,,
1764665202.355913,1764665202.351221,36645,0,4398.205078,4399.230957,4493.077148,4525.512695,4395.128418,4513.717773,4536.153809,4386.666504,4568.717773,4388.974121,4497.563965,4515,4570.256348,4384.487305,4378.461426,4503.717773,4543.974121,4523.205078,4506.666504,4385.128418,4388.077148,4554.102539,4510.512695,4488.846191,4387.94873,4576.794922,4381.153809,4549.871582,4505.128418,4385,4517.692383,4492.05127,2808,1,25,1024,13355,,,,0,4,4,4,4,4,4,4,4,4,4,4,4,4,4,4,4,4,4,4,4,4,4,4,4,4,4,4,4,4,4,4,4,100,,,,,,,,,,,,,,,,,,,,,,,,,,,,,,,,,,,25545,0,0.255747,-0.610962,-0.723389,0.195007,0.973752,0.165548,0.038579,23.5,29.666666,43.833332,,,,,,,,,,,,,,,,,,,,,,,,,,,,,,,,,,,,,,,,,,,,,,,,,,,,,,,,,,,,,,,,,,,,,,,,,,,,,,,,,,,,,,,,,,,,,,,,,,,,,,,,,,,,,,,,,,,,,,,,,,,,,,,,,,,,,,,,,,,,,,,,,,,,,,,,,,,,,,,,
1764665202.359821,1764665202.355128,36646,0,4398.077148,4398.205078,4494.230957,4527.05127,4395.769043,4512.436035,4537.436035,4385.897461,4568.589844,4394.102539,4495.256348,4513.205078,4571.666504,4386.025879,4379.358887,4506.282227,4543.974121,4525.128418,4510.384766,4386.538574,4389.743652,4556.282227,4510.769043,4490.769043,4395.512695,4576.538574,4384.230957,4549.743652,4504.871582,4387.05127,4521.538574,4493.077148,2813,1,25,512,13363,,,,0,4,4,4,4,4,4,4,4,4,4,4,4,4,4,4,4,4,4,4,4,4,4,4,4,4,4,4,4,4,4,4,4,100,,,,,,,,,,,,,,,,,,,,,,,,,,,,,,,,,,,,,,,,,,,,,,,,,,,,,,,,,,,,,,,,,,,,,,,,,,,,,,,,,,,,,,,,,,,,,,,,,,,,,,,,,,,,,,,,,,,,,,,,,,,,,,,,,,,,,,,,,,,,,,,,,,,,,,,,,,,,,,,,,,,,,,,,,,,,,,,,,,,,,,,,,,,,,,,,,,,,,,,,,,,,,,
1764665202.363729,1764665202.359035,36647,0,4391.666504,4392.307617,4491.410156,4522.94873,4391.025879,4508.333496,4531.922852,4380.769043,4562.94873,4397.436035,4488.717773,4507.05127,4567.692383,4382.692383,4376.282227,4503.974121,4538.589844,4525.384766,4511.410156,4383.077148,4386.025879,4554.102539,4508.589844,4488.589844,4400.769043,4573.461426,4382.692383,4545.641113,4502.179688,4385.897461,4521.922852,4489.230957,3004,1,25,512,13363,,,,0,4,4,4,4,4,4,4,4,4,4,4,4,4,4,4,4,4,4,4,4,4,4,4,4,4,4,4,4,4,4,4,4,100,,,,,,,,,,,,,,,,,,,,,,,,,,,,,,,,,,,,,,,,,,,,,,,,,,,,,,,,,,,,,,,,,,,,,,,,,,,,,,,,,,,,,,,,,,,,,,,,,,,,,,,,,,,,,,,,,,,,,,,,,,,,,,,,,,,,,,,,,,,,,,,,,,,,,,,,,,,,,,,,,,,,,,,,,,,,,,,,,,,,,,,,,,,,,,,,,,,,,,,,,,,,,,
1764665202.367638,1764665202.362942,36648,0,4384.615234,4387.436035,4489.615234,4519.358887,4386.922852,4505.256348,4525.769043,4377.436035,4557.179688,4399.102539,4483.974121,4503.461426,4562.307617,4378.461426,4374.743652,4500.256348,4534.230957,4526.794922,4511.794922,4379.743652,4382.179688,4551.538574,4508.077148,4486.538574,4401.153809,4571.538574,4381.025879,4542.179688,4499.615234,4384.871582,4520.769043,4485.512695,2877,1,25,256,13371,,,,0,4,4,4,4,4,4,4,4,4,4,4,4,4,4,4,4,4,4,4,4,4,4,4,4,4,4,4,4,4,4,4,4,100,,,,,,,,,,,,,,,,,,,,,,,,,,,,,,,,,,,,,,,,,,,,,,,,,,,,,,,,,,,,,,,,,,,,,,,,,,,,,,,,,,,,,,,,,,,,,,,,,,,,,,,,,,,,,,,,,,,,,,,,,,,,,,,,,,,,,,,,,,,,,,,,,,,,,,,,,,,,,,,,,,,,,,,,,,,,,,,,,,,,,,,,,,,,,,,,,,,,,,,,,,,,,,
1764665202.371546,1764665202.366849,36649,0,4382.05127,4387.94873,4491.538574,4520.769043,4387.94873,4506.538574,4524.871582,4379.615234,4555.641113,4398.717773,4485,4506.666504,4560.128418,4377.05127,4378.461426,4500.512695,4535.897461,4531.025879,4513.717773,4381.282227,4383.717773,4552.820313,4511.794922,4487.692383,4397.05127,4573.717773,4383.846191,4543.846191,4500.256348,4386.282227,4521.282227,4486.025879,2729,1,25,256,13371,,,,0,4,4,4,4,4,4,4,4,4,4,4,4,4,4,4,4,4,4,4,4,4,4,4,4,4,4,4,4,4,4,4,4,100,,,,,,,,,,,,,,,,,,,,,,,,,,,,,,,,,,,25546,0,0.255794,-0.610962,-0.723389,0.194946,0.984984,0.176291,0.047369,23.5,28.333334,43.833332,,,,,,,,,,,,,,,,,,,,,,,,,,,,,,,,,,,,,,,,,,,,,,,,,,,,,,,,,,,,,,,,,,,,,,,,,,,,,,,,,,,,,,,,,,,,,,,,,,,,,,,,,,,,,,,,,,,,,,,,,,,,,,,,,,,,,,,,,,,,,,,,,,,,,,,,,,,,,,,,
1764665202.375454,1764665202.370756,36650,0,4385.128418,4392.94873,4495.769043,4526.794922,4392.94873,4511.410156,4529.615234,4385.641113,4558.589844,4395.384766,4490.512695,4514.871582,4562.94873,4379.358887,4386.282227,4506.025879,4543.077148,4537.179688,4517.820313,4388.077148,4391.666504,4559.230957,4517.820313,4492.179688,4391.153809,4579.230957,4391.153809,4550.769043,4504.230957,4389.743652,4524.358887,4490.769043,2293,1,25,512,13379,,,,0,4,4,4,4,4,4,4,4,4,4,4,4,4,4,4,4,4,4,4,4,4,4,4,4,4,4,4,4,4,4,4,4,100,,,,,,,,,,,,,,,,,,,,,,,,,,,,,,,,,,,,,,,,,,,,,,,,,,,,,,,,,,,,,,,,,,,,,,,,,,,,,,,,,,,,,,,,,,,,,,,,,,,,,,,,,,,,,,,,,,,,,,,,,,,,,,,,,,,,,,,,,,,,,,,,,,,,,,,,,,,,,,,,,,,,,,,,,,,,,,,,,,,,,,,,,,,,,,,,,,,,,,,,,,,,,,
1764665202.379362,1764665202.374663,36651,0,4389.487305,4397.179688,4498.461426,4532.05127,4396.794922,4515.897461,4534.871582,4389.358887,4562.179688,4389.743652,4495.384766,4521.538574,4567.692383,4382.05127,4392.05127,4512.820313,4549.871582,4541.025879,4521.282227,4395.512695,4401.153809,4567.307617,4522.179688,4496.025879,4386.666504,4583.974121,4398.077148,4558.205078,4508.589844,4391.922852,4527.563965,4494.743652,2698,1,25,512,13379,,,,0,4,4,4,4,4,4,4,4,4,4,4,4,4,4,4,4,4,4,4,4,4,4,4,4,4,4,4,4,4,4,4,4,100,,,,,,,,,,,,,,,,,,,,,,,,,,,,,,,,,,,,,,,,,,,,,,,,,,,,,,,,,,,,,,,,,,,,,,,,,,,,,,,,,,,,,,,,,,,,,,,,,,,,,,,,,,,,,,,,,,,,,,,,,,,,,,,,,,,,,,,,,,,,,,,,,,,,,,,,,,,,,,,,,,,,,,,,,,,,,,,,,,,,,,,,,,,,,,,,,,,,,,,,,,,,,,
1764665202.383271,1764665202.378570,36652,0,4389.743652,4394.871582,4495.769043,4531.153809,4395.128418,4514.871582,4534.102539,4385.897461,4561.538574,4383.077148,4494.871582,4520.256348,4568.846191,4381.153809,4389.871582,4515.128418,4549.743652,4539.230957,4520.769043,4397.563965,4405.384766,4570.897461,4520.897461,4494.871582,4385.769043,4583.333496,4398.333496,4560.256348,4509.358887,4388.974121,4526.922852,4492.692383,2500,1,25,512,13386,,,,0,4,4,4,4,4,4,4,4,4,4,4,4,4,4,4,4,4,4,4,4,4,4,4,4,4,4,4,4,4,4,4,4,100,,,,,,,,,,,,,,,,,,,,,,,,,,,,,,,,,,,,,,,,,,,,,,,,,,,,,,,,,,,,,,,,,,,,,,,,,,,,,,,,,,,,,,,,,,,,,,,,,,,,,,,,,,,,,,,,,,,,,,,,,,,,,,,,,,,,,,,,,,,,,,,,,,,,,,,,,,,,,,,,,,,,,,,,,,,,,,,,,,,,,,,,,,,,,,,,,,,,,,,,,,,,,,
1764665202.387179,1764665202.382477,36653,0,4382.563965,4384.871582,4487.436035,4522.820313,4387.05127,4506.666504,4525.128418,4375.512695,4554.102539,4376.282227,4487.820313,4508.717773,4562.563965,4375,4378.974121,4510.128418,4541.282227,4531.410156,4515.128418,4391.410156,4400.641113,4566.025879,4513.461426,4487.563965,4388.461426,4575.897461,4389.487305,4553.717773,4503.974121,4379.743652,4520.128418,4482.692383,2247,1,25,512,13386,,,,0,4,4,4,4,4,4,4,4,4,4,4,4,4,4,4,4,4,4,4,4,4,4,4,4,4,4,4,4,4,4,4,4,100,,,,,,,,,,,,,,,,,,,,,,,,,,,,,,,,,,,25547,0,0.255714,-0.610962,-0.72345,0.194824,0.981565,0.176291,0.041509,23,29.166666,45.166668,,,,,,,,,,,,,,,,,,,,,,,,,,,,,,,,,,,,,,,,,,,,,,,,,,,,,,,,,,,,,,,,,,,,,,,,,,,,,,,,,,,,,,,,,,,,,,,,,,,,,,,,,,,,,,,,,,,,,,,,,,,,,,,,,,,,,,,,,,,,,,,,,,,,,,,,,,,,,,,,
1764665202.391087,1764665202.386384,36654,0,4370.128418,4371.025879,4476.025879,4511.410156,4376.153809,4494.487305,4512.307617,4363.205078,4542.307617,4369.743652,4478.205078,4491.025879,4550.256348,4366.025879,4364.358887,4500.512695,4528.589844,4521.794922,4507.436035,4380.512695,4389.230957,4554.102539,4503.077148,4476.794922,4392.692383,4565.256348,4375,4540.769043,4494.230957,4367.820313,4508.846191,4468.589844,2718,1,25,768,13394,,,,0,4,4,4,4,4,4,4,4,4,4,4,4,4,4,4,4,4,4,4,4,4,4,4,4,4,4,4,4,4,4,4,4,100,,,,,,,,,,,,,,,,,,,,,,,,,,,,,,,,,,,,,,,,,,,,,,,,,,,,,,,,,,,,,,,,,,,,,,,,,,,,,,,,,,,,,,,,,,,,,,,,,,,,,,,,,,,,,,,,,,,,,,,,,,,,,,,,,,,,,,,,,,,,,,,,,,,,,,,,,,,,,,,,,,,,,,,,,,,,,,,,,,,,,,,,,,,,,,,,,,,,,,,,,,,,,,
1764665202.394995,1764665202.390291,36655,0,4358.717773,4359.358887,4465.897461,4502.563965,4367.820313,4485,4502.563965,4355.769043,4531.794922,4363.333496,4472.05127,4475.384766,4538.333496,4359.102539,4354.102539,4491.794922,4518.589844,4515.897461,4501.922852,4371.794922,4378.077148,4541.922852,4494.871582,4467.820313,4396.025879,4556.666504,4361.922852,4527.94873,4484.871582,4359.230957,4497.436035,4457.05127,2503,1,25,768,13394,,,,0,4,4,4,4,4,4,4,4,4,4,4,4,4,4,4,4,4,4,4,4,4,4,4,4,4,4,4,4,4,4,4,4,100,,,,,,,,,,,,,,,,,,,,,,,,,,,,,,,,,,,,,,,,,,,,,,,,,,,,,,,,,,,,,,,,,,,,,,,,,,,,,,,,,,,,,,,,,,,,,,,,,,,,,,,,,,,,,,,,,,,,,,,,,,,,,,,,,,,,,,,,,,,,,,,,,,,,,,,,,,,,,,,,,,,,,,,,,,,,,,,,,,,,,,,,,,,,,,,,,,,,,,,,,,,,,,
1764665202.398904,1764665202.394198,36656,0,4353.974121,4354.615234,4461.153809,4500.256348,4365.512695,4483.333496,4501.282227,4356.153809,4528.333496,4358.077148,4473.205078,4468.974121,4533.589844,4358.589844,4353.205078,4488.333496,4515.769043,4517.436035,4501.025879,4370.384766,4373.589844,4536.794922,4492.563965,4464.358887,4396.025879,4553.589844,4355.897461,4521.025879,4480.769043,4357.692383,4490.641113,4453.333496,2871,1,25,1024,13402,,,,0,4,4,4,4,4,4,4,4,4,4,4,4,4,4,4,4,4,4,4,4,4,4,4,4,4,4,4,4,4,4,4,4,100,,,,,,,,,,,,,,,,,,,,,,,,,,,,,,,,,,,,,,,,,,,,,,,,,,,,,,,,,,,,,,,,,,,,,,,,,,,,,,,,,,,,,,,,,,,,,,,,,,,,,,,,,,,,,,,,,,,,,,,,,,,,,,,,,,,,,,,,,,,,,,,,,,,,,,,,,,,,,,,,,,,,,,,,,,,,,,,,,,,,,,,,,,,,,,,,,,,,,,,,,,,,,,
1764665202.402812,1764665202.398104,36657,0,4357.307617,4357.307617,4462.692383,4503.846191,4368.717773,4489.102539,4507.307617,4362.563965,4533.205078,4354.358887,4480.384766,4472.94873,4537.179688,4364.743652,4360.384766,4490.384766,4519.871582,4524.230957,4504.358887,4376.153809,4376.794922,4540.128418,4495.897461,4466.538574,4391.922852,4555.256348,4357.820313,4521.794922,4483.205078,4362.179688,4490,4457.436035,2923,1,25,1024,13402,,,,0,4,4,4,4,4,4,4,4,4,4,4,4,4,4,4,4,4,4,4,4,4,4,4,4,4,4,4,4,4,4,4,4,100,,,,,,,,,,,,,,,,,,,,,,,,,,,,,,,,,,,25548,0,0.255615,-0.611023,-0.72345,0.194763,0.987425,0.177756,0.036137,22.333334,30.666666,45.833332,,,,,,,,,,,,,,,,,,,,,,,,,,,,,,,,,,,,,,,,,,,,,,,,,,,,,,,,,,,,,,,,,,,,,,,,,,,,,,,,,,,,,,,,,,,,,,,,,,,,,,,,,,,,,,,,,,,,,,,,,,,,,,,,,,,,,,,,,,,,,,,,,,,,,,,,,,,,,,,,
1764665202.406720,1764665202.402011,36658,0,4364.102539,4363.717773,4468.333496,4509.487305,4373.461426,4497.05127,4515,4369.743652,4541.794922,4352.563965,4488.205078,4482.179688,4543.846191,4373.333496,4368.974121,4493.717773,4526.282227,4530,4507.94873,4383.461426,4382.436035,4546.538574,4500.641113,4470,4385.769043,4557.820313,4362.820313,4526.282227,4489.230957,4367.94873,4492.94873,4463.589844,1757,1,25,1280,13410,,,,0,4,4,4,4,4,4,4,4,4,4,4,4,4,4,4,4,4,4,4,4,4,4,4,4,4,4,4,4,4,4,4,4,100,,,,,,,,,,,,,,,,,,,,,,,,,,,,,,,,,,,,,,,,,,,,,,,,,,,,,,,,,,,,,,,,,,,,,,,,,,,,,,,,,,,,,,,,,,,,,,,,,,,,,,,,,,,,,,,,,,,,,,,,,,,,,,,,,,,,,,,,,,,,,,,,,,,,,,,,,,,,,,,,,,,,,,,,,,,,,,,,,,,,,,,,,,,,,,,,,,,,,,,,,,,,,,
1764665202.410628,1764665202.405918,36659,0,4367.692383,4368.077148,4473.205078,4512.436035,4375,4500.897461,4517.179688,4371.922852,4546.282227,4353.333496,4490.384766,4489.102539,4546.922852,4378.461426,4372.05127,4493.846191,4528.974121,4528.717773,4507.436035,4385.128418,4383.333496,4548.461426,4501.282227,4469.743652,4381.538574,4557.820313,4364.487305,4528.333496,4493.589844,4369.615234,4494.871582,4465.512695,2965,1,25,1280,13410,,,,0,4,4,4,4,4,4,4,4,4,4,4,4,4,4,4,4,4,4,4,4,4,4,4,4,4,4,4,4,4,4,4,4,100,,,,,,,,,,,,,,,,,,,,,,,,,,,,,,,,,,,,,,,,,,,,,,,,,,,,,,,,,,,,,,,,,,,,,,,,,,,,,,,,,,,,,,,,,,,,,,,,,,,,,,,,,,,,,,,,,,,,,,,,,,,,,,,,,,,,,,,,,,,,,,,,,,,,,,,,,,,,,,,,,,,,,,,,,,,,,,,,,,,,,,,,,,,,,,,,,,,,,,,,,,,,,,
1764665202.414537,1764665202.409825,36660,0,4365,4367.179688,4473.589844,4511.410156,4372.179688,4498.333496,4511.794922,4368.333496,4543.077148,4357.436035,4484.358887,4488.846191,4543.974121,4376.922852,4367.436035,4489.230957,4525.256348,4519.743652,4501.666504,4378.846191,4376.794922,4542.307617,4496.153809,4464.230957,4381.153809,4554.615234,4359.743652,4525.256348,4492.563965,4365.769043,4492.563965,4461.282227,2521,1,25,1536,13418,,,,0,4,4,4,4,4,4,4,4,4,4,4,4,4,4,4,4,4,4,4,4,4,4,4,4,4,4,4,4,4,4,4,4,100,,,,,,,,,,,,,,,,,,,,,,,,,,,,,,,,,,,,,,,,,,,,,,,,,,,,,,,,,,,,,,,,,,,,,,,,,,,,,,,,,,,,,,,,,,,,,,,,,,,,,,,,,,,,,,,,,,,,,,,,,,,,,,,,,,,,,,,,,,,,,,,,,,,,,,,,,,,,,,,,,,,,,,,,,,,,,,,,,,,,,,,,,,,,,,,,,,,,,,,,,,,,,,
1764665202.418445,1764665202.413732,36661,0,4359.230957,4363.333496,4470.897461,4509.102539,4367.94873,4493.077148,4503.589844,4362.563965,4535.897461,4365.128418,4473.846191,4483.077148,4539.102539,4370.769043,4359.743652,4483.461426,4517.94873,4508.974121,4494.487305,4369.487305,4367.307617,4532.05127,4489.230957,4457.692383,4382.307617,4551.025879,4352.179688,4520.128418,4486.794922,4360.641113,4488.461426,4455.384766,2830,1,25,1536,13418,,,,0,4,4,4,4,4,4,4,4,4,4,4,4,4,4,4,4,4,4,4,4,4,4,4,4,4,4,4,4,4,4,4,4,100,,,,,,,,,,,,,,,,,,,,,,,,,,,,,,,,,,,25549,0,0.255581,-0.611023,-0.723511,0.19458,0.972775,0.188988,0.046881,24.5,29.833334,43.333332,,,,,,,,,,,,,,,,,,,,,,,,,,,,,,,,,,,,,,,,,,,,,,,,,,,,,,,,,,,,,,,,,,,,,,,,,,,,,,,,,,,,,,,,,,,,,,,,,,,,,,,,,,,,,,,,,,,,,,,,,,,,,,,,,,,,,,,,,,,,,,,,,,,,,,,,,,,,,,,,
1764665202.422353,1764665202.417639,36662,0,4356.538574,4362.05127,4469.871582,4510.384766,4367.563965,4491.282227,4500.769043,4361.025879,4532.692383,4375,4466.666504,4478.461426,4538.589844,4365.769043,4356.025879,4481.666504,4513.333496,4503.974121,4491.538574,4364.743652,4362.436035,4525.384766,4487.179688,4455.897461,4380.384766,4550.769043,4348.846191,4518.846191,4481.538574,4360.256348,4488.077148,4455.128418,2933,1,25,1792,13426,,,,0,4,4,4,4,4,4,4,4,4,4,4,4,4,4,4,4,4,4,4,4,4,4,4,4,4,4,4,4,4,4,4,4,100,,,,,,,,,,,,,,,,,,,,,,,,,,,,,,,,,,,,,,,,,,,,,,,,,,,,,,,,,,,,,,,,,,,,,,,,,,,,,,,,,,,,,,,,,,,,,,,,,,,,,,,,,,,,,,,,,,,,,,,,,,,,,,,,,,,,,,,,,,,,,,,,,,,,,,,,,,,,,,,,,,,,,,,,,,,,,,,,,,,,,,,,,,,,,,,,,,,,,,,,,,,,,,
1764665202.426262,1764665202.421546,36663,0,4361.025879,4367.179688,4475.256348,4517.94873,4373.333496,4496.922852,4507.563965,4367.307617,4539.230957,4384.358887,4468.974121,4481.538574,4545.256348,4366.922852,4360.128418,4486.666504,4515.512695,4508.461426,4495.769043,4368.846191,4366.153809,4528.333496,4493.077148,4461.153809,4373.717773,4555.256348,4354.615234,4524.615234,4482.436035,4367.94873,4495.256348,4464.230957,2851,1,25,1792,13426,,,,0,4,4,4,4,4,4,4,4,4,4,4,4,4,4,4,4,4,4,4,4,4,4,4,4,4,4,4,4,4,4,4,4,100,,,,,,,,,,,,,,,,,,,,,,,,,,,,,,,,,,,,,,,,,,,,,,,,,,,,,,,,,,,,,,,,,,,,,,,,,,,,,,,,,,,,,,,,,,,,,,,,,,,,,,,,,,,,,,,,,,,,,,,,,,,,,,,,,,,,,,,,,,,,,,,,,,,,,,,,,,,,,,,,,,,,,,,,,,,,,,,,,,,,,,,,,,,,,,,,,,,,,,,,,,,,,,
1764665202.430170,1764665202.425453,36664,0,4371.794922,4378.205078,4487.307617,4529.743652,4383.205078,4508.461426,4521.538574,4379.487305,4554.230957,4391.282227,4480.384766,4492.563965,4556.666504,4374.358887,4370.512695,4497.05127,4524.230957,4520.128418,4504.230957,4379.358887,4375.769043,4539.743652,4504.102539,4471.025879,4365.384766,4562.94873,4368.205078,4536.410156,4491.025879,4381.025879,4508.589844,4479.230957,2766,1,25,2048,13433,,,,0,4,4,4,4,4,4,4,4,4,4,4,4,4,4,4,4,4,4,4,4,4,4,4,4,4,4,4,4,4,4,4,4,100,,,,,,,,,,,,,,,,,,,,,,,,,,,,,,,,,,,,,,,,,,,,,,,,,,,,,,,,,,,,,,,,,,,,,,,,,,,,,,,,,,,,,,,,,,,,,,,,,,,,,,,,,,,,,,,,,,,,,,,,,,,,,,,,,,,,,,,,,,,,,,,,,,,,,,,,,,,,,,,,,,,,,,,,,,,,,,,,,,,,,,,,,,,,,,,,,,,,,,,,,,,,,,
1764665202.434078,1764665202.429360,36665,0,4383.846191,4390.769043,4500.897461,4540.256348,4392.94873,4520.641113,4535.641113,4391.666504,4570.256348,4396.025879,4494.230957,4506.666504,4567.436035,4383.333496,4381.666504,4507.94873,4534.615234,4532.94873,4512.179688,4389.230957,4385,4553.205078,4514.102539,4480.384766,4362.563965,4570.384766,4383.461426,4549.615234,4503.333496,4393.589844,4521.538574,4492.436035,2822,1,25,2048,13433,,,,0,4,4,4,4,4,4,4,4,4,4,4,4,4,4,4,4,4,4,4,4,4,4,4,4,4,4,4,4,4,4,4,4,100,,,,,,,,,,,,,,,,,,,,,,,,,,,,,,,,,,,25550,0,0.255807,-0.610962,-0.72345,0.194702,0.982053,0.179221,0.028324,22.833334,30.166666,43.666668,,,,,,,,,,,,,,,,,,,,,,,,,,,,,,,,,,,,,,,,,,,,,,,,,,,,,,,,,,,,,,,,,,,,,,,,,,,,,,,,,,,,,,,,,,,,,,,,,,,,,,,,,,,,,,,,,,,,,,,,,,,,,,,,,,,,,,,,,,,,,,,,,,,,,,,,,,,,,,,,
1764665202.437986,1764665202.433267,36666,0,4391.666504,4399.358887,4509.487305,4544.871582,4399.230957,4528.461426,4544.102539,4398.205078,4579.743652,4399.487305,4503.589844,4516.794922,4573.589844,4388.589844,4388.589844,4514.358887,4541.922852,4541.410156,4516.410156,4393.461426,4389.615234,4561.666504,4518.846191,4485.897461,4370.384766,4574.871582,4393.589844,4559.230957,4513.333496,4399.871582,4527.692383,4497.436035,1958,1,25,2304,13441,,,,0,4,4,4,4,4,4,4,4,4,4,4,4,4,4,4,4,4,4,4,4,4,4,4,4,4,4,4,4,4,4,4,4,100,,,,,,,,,,,,,,,,,,,,,,,,,,,,,,,,,,,,,,,,,,,,,,,1.791811,1.520108,1.003743,0.691975,0.667493,1.791942,1.859691,1.537298,1.160461,0.849991,1.962571,1.142099,1.091799,1.211801,1.115234,1.732293,1.078486,1.287966,1.107322,1.010206,2.042284,1.292206,0.925893,0.850947,0.948961,2.442825,2.055972,1.519674,0.78964,0.709923,1.221768,1.303751,0.983137,0.760911,0.757132,1.517505,1.184783,1.169652,1.000772,0.889138,1.478033,1.724623,0.566013,0.896637,0.866482,1.646158,2.914465,1.585299,1.244973,1.253469,0.948691,0.75306,0.358403,0.564157,0.645352,1.64362,2.088199,1.145432,0.881246,0.794677,0.977023,0.995921,0.965413,0.523348,0.617127,0.639993,0.776507,0.523407,0.668507,0.518587,0.817524,0.583646,0.567207,0.637281,0.660427,1.177004,1.296674,0.548124,0.610292,0.644218,1.723132,1.706289,1.128959,0.808871,0.880885,0.834516,1.209499,0.780247,0.798966,0.943355,0.5786,0.524174,0.479867,0.3596,0.55831,0.838146,1.256014,0.695749,0.593933,0.65387,1.099933,1.01669,0.872777,0.541516,0.808037,1.700473,1.464912,0.782568,0.708062,0.788613,1.038893,1.030286,0.525231,0.730838,0.698288,1.748784,1.46586,0.747574,0.814972,0.856126,1.699471,1.122851,2.597713,2.383008,1.855007,1.693366,1.197306,0.600242,0.785228,0.72442,1.488969,2.314274,0.996164,1.07209,1.010061,2.300965,2.048824,0.892088,0.946748,0.863434,0.938771,0.821779,0.475557,0.333514,0.451082,2.330998,2.033103,1.21334,1.093551,0.843668,2.077488,2.265064,1.092378,1.306645,1.073574,2.496815,1.980265,1.088745,1.358327,1.17605
1764665202.441894,1764665202.437174,36667,0,4392.94873,4401.282227,4509.358887,4542.05127,4400.897461,4530.769043,4545.128418,4397.692383,4579.358887,4402.179688,4504.871582,4518.846191,4574.230957,4387.820313,4389.358887,4514.358887,4544.358887,4543.461426,4517.179688,4391.153809,4390.128418,4562.436035,4517.94873,4487.307617,4387.179688,4575.256348,4394.743652,4561.922852,4516.282227,4397.692383,4524.871582,4492.94873,2633,1,25,2304,13441,,,,0,4,4,4,4,4,4,4,4,4,4,4,4,4,4,4,4,4,4,4,4,4,4,4,4,4,4,4,4,4,4,4,4,100,,,,,,,,,,,,,,,,,,,,,,,,,,,,,,,,,,,,,,,,,,,,,,,,,,,,,,,,,,,,,,,,,,,,,,,,,,,,,,,,,,,,,,,,,,,,,,,,,,,,,,,,,,,,,,,,,,,,,,,,,,,,,,,,,,,,,,,,,,,,,,,,,,,,,,,,,,,,,,,,,,,,,,,,,,,,,,,,,,,,,,,,,,,,,,,,,,,,,,,,,,,,,,
1764665202.445803,1764665202.441081,36668,0,4388.589844,4397.05127,4502.179688,4534.230957,4398.717773,4528.974121,4541.153809,4392.563965,4572.563965,4402.820313,4500.256348,4513.717773,4571.538574,4382.692383,4385.641113,4509.358887,4542.94873,4540.641113,4516.410156,4386.025879,4389.487305,4557.820313,4514.871582,4486.410156,4403.974121,4571.922852,4388.205078,4557.94873,4511.794922,4389.743652,4515.897461,4483.077148,2691,1,25,2560,13449,,,,0,4,4,4,4,4,4,4,4,4,4,4,4,4,4,4,4,4,4,4,4,4,4,4,4,4,4,4,4,4,4,4,4,100,,,,,,,,,,,,,,,,,,,,,,,,,,,,,,,,,,,,,,,,,,,,,,,,,,,,,,,,,,,,,,,,,,,,,,,,,,,,,,,,,,,,,,,,,,,,,,,,,,,,,,,,,,,,,,,,,,,,,,,,,,,,,,,,,,,,,,,,,,,,,,,,,,,,,,,,,,,,,,,,,,,,,,,,,,,,,,,,,,,,,,,,,,,,,,,,,,,,,,,,,,,,,,
1764665202.449711,1764665202.444988,36669,0,4383.077148,4390.384766,4493.205078,4525.769043,4394.743652,4526.025879,4536.794922,4387.563965,4565.769043,4399.871582,4494.102539,4506.666504,4568.589844,4377.820313,4381.153809,4503.974121,4540.512695,4536.666504,4515.384766,4382.179688,4390.128418,4553.205078,4513.205078,4485.769043,4411.025879,4566.922852,4378.461426,4550.512695,4504.230957,4381.538574,4506.666504,4473.846191,2511,1,25,2560,13449,,,,0,4,4,4,4,4,4,4,4,4,4,4,4,4,4,4,4,4,4,4,4,4,4,4,4,4,4,4,4,4,4,4,4,100,,,,,,,,,,,,,,,,,,,,,,,,,,,,,,,,,,,25551,0,0.255714,-0.610962,-0.72345,0.194824,0.982053,0.179221,0.028324,23.5,30.333334,43.833332,,,,,,,,,,,,,,,,,,,,,,,,,,,,,,,,,,,,,,,,,,,,,,,,,,,,,,,,,,,,,,,,,,,,,,,,,,,,,,,,,,,,,,,,,,,,,,,,,,,,,,,,,,,,,,,,,,,,,,,,,,,,,,,,,,,,,,,,,,,,,,,,,,,,,,,,,,,,,,,,
1764665202.453619,1764665202.448895,36670,0,4380,4385.769043,4487.94873,4521.410156,4391.538574,4523.974121,4535.641113,4385.256348,4563.846191,4393.461426,4490.512695,4503.717773,4567.563965,4376.922852,4378.846191,4501.922852,4539.358887,4534.871582,4514.743652,4381.922852,4391.922852,4552.179688,4514.487305,4485.897461,4404.358887,4563.077148,4370.897461,4543.974121,4498.717773,4377.307617,4502.179688,4470,2654,1,25,2304,13457,2,1,4,0,4,4,4,4,4,4,4,4,4,4,4,4,4,4,4,4,4,4,4,4,4,4,4,4,4,4,4,4,4,4,4,4,100,,,,,,,,,,,,,,,,,,,,,,,,,,,,,,,,,,,,,,,,,,,,,,,,,,,,,,,,,,,,,,,,,,,,,,,,,,,,,,,,,,,,,,,,,,,,,,,,,,,,,,,,,,,,,,,,,,,,,,,,,,,,,,,,,,,,,,,,,,,,,,,,,,,,,,,,,,,,,,,,,,,,,,,,,,,,,,,,,,,,,,,,,,,,,,,,,,,,,,,,,,,,,,
