title:Neutral3, start timestamp:1764665234.159713, stop timestamp:1764665241.533611, headset type:FLEX2, headset serial:F30002B4, headset firmware:2f10, channels:283, sampling rate:eeg_256;mot_64;pow_8, samples:1889      , version:2.2, ,,,,,,,,,,,,,,,,,,,,,,,,,,,,,,,,,,,,,,,,,,,,,,,,,,,,,,,,,,,,,,,,,,,,,,,,,,,,,,,,,,,,,,,,,,,,,,,,,,,,,,,,,,,,,,,,,,,,,,,,,,,,,,,,,,,,,,,,,,,,,,,,,,,,,,,,,,,,,,,,,,,,,,,,,,,,,,,,,,,,,,,,,,,,,,,,,,,,,,,,,,,,,,,,,,,,,,,,,,,,,,,,,,,,,,,,,,,,,,,,,,,,,,,,,,,,,,,,,,,,,,,,,,,,,,,,
Timestamp,EEG.Counter,EEG.Interpolated,EEG.Cz,EEG.Fz,EEG.Fp1,EEG.F7,EEG.F3,EEG.FC1,EEG.C3,EEG.FC5,EEG.FT9,EEG.T7,EEG.CP5,EEG.CP1,EEG.P3,EEG.P7,EEG.PO9,EEG.O1,EEG.Pz,EEG.Oz,EEG.O2,EEG.PO10,EEG.P8,EEG.P4,EEG.CP2,EEG.CP6,EEG.T8,EEG.FT10,EEG.FC6,EEG.C4,EEG.FC2,EEG.F4,EEG.F8,EEG.Fp2,EEG.RawCq,EEG.Battery,EEG.BatteryPercent,EEG.FwBufferSize,EEG.FwClockTime,MarkerIndex,MarkerType,MarkerValueInt,EEG.MarkerHardware,CQ.Cz,CQ.Fz,CQ.Fp1,CQ.F7,CQ.F3,CQ.FC1,CQ.C3,CQ.FC5,CQ.FT9,CQ.T7,CQ.CP5,CQ.CP1,CQ.P3,CQ.P7,CQ.PO9,CQ.O1,CQ.Pz,CQ.Oz,CQ.O2,CQ.PO10,CQ.P8,CQ.P4,CQ.CP2,CQ.CP6,CQ.T8,CQ.FT10,CQ.FC6,CQ.C4,CQ.FC2,CQ.F4,CQ.F8,CQ.Fp2,CQ.Overall,EQ.SampleRateQuality,EQ.OVERALL,EQ.Cz,EQ.Fz,EQ.Fp1,EQ.F7,EQ.F3,EQ.FC1,EQ.C3,EQ.FC5,EQ.FT9,EQ.T7,EQ.CP5,EQ.CP1,EQ.P3,EQ.P7,EQ.PO9,EQ.O1,EQ.Pz,EQ.Oz,EQ.O2,EQ.PO10,EQ.P8,EQ.P4,EQ.CP2,EQ.CP6,EQ.T8,EQ.FT10,EQ.FC6,EQ.C4,EQ.FC2,EQ.F4,EQ.F8,EQ.Fp2,MOT.CounterMems,MOT.InterpolatedMems,MOT.Q0,MOT.Q1,MOT.Q2,MOT.Q3,MOT.AccX,MOT.AccY,MOT.AccZ,MOT.MagX,MOT.MagY,MOT.MagZ,POW.Cz.Theta,POW.Cz.Alpha,POW.Cz.BetaL,POW.Cz.BetaH,POW.Cz.Gamma,POW.Fz.Theta,POW.Fz.Alpha,POW.Fz.BetaL,POW.Fz.BetaH,POW.Fz.Gamma,POW.Fp1.Theta,POW.Fp1.Alpha,POW.Fp1.BetaL,POW.Fp1.BetaH,POW.Fp1.Gamma,POW.F7.Theta,POW.F7.Alpha,POW.F7.BetaL,POW.F7.BetaH,POW.F7.Gamma,POW.F3.Theta,POW.F3.Alpha,POW.F3.BetaL,POW.F3.BetaH,POW.F3.Gamma,POW.FC1.Theta,POW.FC1.Alpha,POW.FC1.BetaL,POW.FC1.BetaH,POW.FC1.Gamma,POW.C3.Theta,POW.C3.Alpha,POW.C3.BetaL,POW.C3.BetaH,POW.C3.Gamma,POW.FC5.Theta,POW.FC5.Alpha,POW.FC5.BetaL,POW.FC5.BetaH,POW.FC5.Gamma,POW.FT9.Theta,POW.FT9.Alpha,POW.FT9.BetaL,POW.FT9.BetaH,POW.FT9.Gamma,POW.T7.Theta,POW.T7.Alpha,POW.T7.BetaL,POW.T7.BetaH,POW.T7.Gamma,POW.CP5.Theta,POW.CP5.Alpha,POW.CP5.BetaL,POW.CP5.BetaH,POW.CP5.Gamma,POW.CP1.Theta,POW.CP1.Alpha,POW.CP1.BetaL,POW.CP1.BetaH,POW.CP1.Gamma,POW.P3.Theta,POW.P3.Alpha,POW.P3.BetaL,POW.P3.BetaH,POW.P3.Gamma,POW.P7.Theta,POW.P7.Alpha,POW.P7.BetaL,POW.P7.BetaH,POW.P7.Gamma,POW.PO9.Theta,POW.PO9.Alpha,POW.PO9.BetaL,POW.PO9.BetaH,POW.PO9.Gamma,POW.O1.Theta,POW.O1.Alpha,POW.O1.BetaL,POW.O1.BetaH,POW.O1.Gamma,POW.Pz.Theta,POW.Pz.Alpha,POW.Pz.BetaL,POW.Pz.BetaH,POW.Pz.Gamma,POW.Oz.Theta,POW.Oz.Alpha,POW.Oz.BetaL,POW.Oz.BetaH,POW.Oz.Gamma,POW.O2.Theta,POW.O2.Alpha,POW.O2.BetaL,POW.O2.BetaH,POW.O2.Gamma,POW.PO10.Theta,POW.PO10.Alpha,POW.PO10.BetaL,POW.PO10.BetaH,POW.PO10.Gamma,POW.P8.Theta,POW.P8.Alpha,POW.P8.BetaL,POW.P8.BetaH,POW.P8.Gamma,POW.P4.Theta,POW.P4.Alpha,POW.P4.BetaL,POW.P4.BetaH,POW.P4.Gamma,POW.CP2.Theta,POW.CP2.Alpha,POW.CP2.BetaL,POW.CP2.BetaH,POW.CP2.Gamma,POW.CP6.Theta,POW.CP6.Alpha,POW.CP6.BetaL,POW.CP6.BetaH,POW.CP6.Gamma,POW.T8.Theta,POW.T8.Alpha,POW.T8.BetaL,POW.T8.BetaH,POW.T8.Gamma,POW.FT10.Theta,POW.FT10.Alpha,POW.FT10.BetaL,POW.FT10.BetaH,POW.FT10.Gamma,POW.FC6.Theta,POW.FC6.Alpha,POW.FC6.BetaL,POW.FC6.BetaH,POW.FC6.Gamma,POW.C4.Theta,POW.C4.Alpha,POW.C4.BetaL,POW.C4.BetaH,POW.C4.Gamma,POW.FC2.Theta,POW.FC2.Alpha,POW.FC2.BetaL,POW.FC2.BetaH,POW.FC2.Gamma,POW.F4.Theta,POW.F4.Alpha,POW.F4.BetaL,POW.F4.BetaH,POW.F4.Gamma,POW.F8.Theta,POW.F8.Alpha,POW.F8.BetaL,POW.F8.BetaH,POW.F8.Gamma,POW.Fp2.Theta,POW.Fp2.Alpha,POW.Fp2.BetaL,POW.Fp2.BetaH,POW.Fp2.Gamma
1764665234.651892,44913,1,4372.94873,4391.760742,4507.829102,4531.025879,4395.393066,4508.375977,4533.094238,4389.692383,4559.974121,4378.777832,4495.418945,4501.709473,4556.273438,4400.563965,4372.598145,4502.273438,4540.692383,4533.213867,4500.931641,4369.273438,4386.914551,4558.974121,4507.931641,4494.863281,4390.265137,4565.871582,4376.905762,4553.803223,4493.914551,4384.256348,4515.495605,4493.282227,0,1,25,0,0,1,1,3,0,4,4,4,4,4,4,4,4,4,4,4,4,4,4,4,4,4,4,4,4,4,4,4,4,4,4,4,4,4,4,4,4,100,,,,,,,,,,,,,,,,,,,,,,,,,,,,,,,,,,,,,,,,,,,,,,,,,,,,,,,,,,,,,,,,,,,,,,,,,,,,,,,,,,,,,,,,,,,,,,,,,,,,,,,,,,,,,,,,,,,,,,,,,,,,,,,,,,,,,,,,,,,,,,,,,,,,,,,,,,,,,,,,,,,,,,,,,,,,,,,,,,,,,,,,,,,,,,,,,,,,,,,,,,,,,,
1764665234.655799,44914,1,4371.282227,4389.128418,4505.794922,4530.256348,4393.358887,4506.666504,4531.974121,4388.692383,4559.025879,4378.512695,4494.846191,4500.897461,4555.871582,4400.282227,4372.538574,4502.974121,4539.641113,4532.589844,4500.487305,4368.077148,4385.487305,4557.307617,4506.487305,4493.436035,4388.743652,4564.282227,4374.692383,4551.538574,4492.641113,4381.615234,4512.769043,4491.128418,0,1,25,0,0,,,,0,4,4,4,4,4,4,4,4,4,4,4,4,4,4,4,4,4,4,4,4,4,4,4,4,4,4,4,4,4,4,4,4,100,,,,,,,,,,,,,,,,,,,,,,,,,,,,,,,,,,,,,,,,,,,,,,,,,,,,,,,,,,,,,,,,,,,,,,,,,,,,,,,,,,,,,,,,,,,,,,,,,,,,,,,,,,,,,,,,,,,,,,,,,,,,,,,,,,,,,,,,,,,,,,,,,,,,,,,,,,,,,,,,,,,,,,,,,,,,,,,,,,,,,,,,,,,,,,,,,,,,,,,,,,,,,,
1764665234.659707,44915,1,4369.615234,4386.495605,4503.760742,4529.487305,4391.324707,4504.957031,4530.854492,4387.692383,4558.077148,4378.248047,4494.273438,4500.085449,4555.470215,4400,4372.478516,4503.675293,4538.589844,4531.96582,4500.042969,4366.880371,4384.060059,4555.641113,4505.042969,4492.008789,4387.222168,4562.692383,4372.478516,4549.273438,4491.367676,4378.974121,4510.042969,4488.974121,0,1,25,0,0,,,,0,4,4,4,4,4,4,4,4,4,4,4,4,4,4,4,4,4,4,4,4,4,4,4,4,4,4,4,4,4,4,4,4,100,,,,,,,,,,,,,,,,,,,,,,,,,,,,,,,,,,,27611,1,0.263303,-0.600021,-0.732941,0.182877,0.966671,0.214504,0.059578,23.625,27.958334,44.708332,,,,,,,,,,,,,,,,,,,,,,,,,,,,,,,,,,,,,,,,,,,,,,,,,,,,,,,,,,,,,,,,,,,,,,,,,,,,,,,,,,,,,,,,,,,,,,,,,,,,,,,,,,,,,,,,,,,,,,,,,,,,,,,,,,,,,,,,,,,,,,,,,,,,,,,,,,,,,,,,
1764665234.663614,44916,1,4367.94873,4383.863281,4501.726563,4528.717773,4389.290527,4503.248047,4529.734863,4386.692383,4557.128418,4377.98291,4493.700684,4499.273438,4555.068359,4399.717773,4372.418945,4504.375977,4537.538574,4531.341797,4499.598145,4365.683594,4382.632324,4553.974121,4503.598145,4490.581055,4385.700684,4561.102539,4370.265137,4547.008789,4490.094238,4376.333496,4507.316406,4486.820313,0,1,25,0,0,,,,0,4,4,4,4,4,4,4,4,4,4,4,4,4,4,4,4,4,4,4,4,4,4,4,4,4,4,4,4,4,4,4,4,100,,,,,,,,,,,,,,,,,,,,,,,,,,,,,,,,,,,,,,,,,,,,,,,,,,,,,,,,,,,,,,,,,,,,,,,,,,,,,,,,,,,,,,,,,,,,,,,,,,,,,,,,,,,,,,,,,,,,,,,,,,,,,,,,,,,,,,,,,,,,,,,,,,,,,,,,,,,,,,,,,,,,,,,,,,,,,,,,,,,,,,,,,,,,,,,,,,,,,,,,,,,,,,
1764665234.667521,44917,1,4366.282227,4381.230957,4499.692383,4527.94873,4387.256348,4501.538574,4528.615234,4385.692383,4556.179688,4377.717773,4493.128418,4498.461426,4554.666504,4399.436035,4372.358887,4505.077148,4536.487305,4530.717773,4499.153809,4364.487305,4381.205078,4552.307617,4502.153809,4489.153809,4384.179688,4559.512695,4368.05127,4544.743652,4488.820313,4373.692383,4504.589844,4484.666504,0,1,25,0,0,,,,0,4,4,4,4,4,4,4,4,4,4,4,4,4,4,4,4,4,4,4,4,4,4,4,4,4,4,4,4,4,4,4,4,100,,,,,,,,,,,,,,,,,,,,,,,,,,,,,,,,,,,27612,1,0.263285,-0.600006,-0.732971,0.182831,0.966427,0.215114,0.057624,23.583334,28.083334,44.416668,,,,,,,,,,,,,,,,,,,,,,,,,,,,,,,,,,,,,,,,,,,,,,,,,,,,,,,,,,,,,,,,,,,,,,,,,,,,,,,,,,,,,,,,,,,,,,,,,,,,,,,,,,,,,,,,,,,,,,,,,,,,,,,,,,,,,,,,,,,,,,,,,,,,,,,,,,,,,,,,
1764665234.671428,44918,1,4364.615234,4378.598145,4497.658203,4527.179688,4385.222168,4499.829102,4527.495605,4384.692383,4555.230957,4377.453125,4492.555664,4497.649414,4554.265137,4399.153809,4372.299316,4505.777832,4535.436035,4530.094238,4498.709473,4363.290527,4379.777832,4550.641113,4500.709473,4487.726563,4382.658203,4557.922852,4365.837402,4542.478516,4487.546875,4371.05127,4501.863281,4482.512695,0,1,25,0,0,,,,0,4,4,4,4,4,4,4,4,4,4,4,4,4,4,4,4,4,4,4,4,4,4,4,4,4,4,4,4,4,4,4,4,100,,,,,,,,,,,,,,,,,,,,,,,,,,,,,,,,,,,,,,,,,,,,,,,,,,,,,,,,,,,,,,,,,,,,,,,,,,,,,,,,,,,,,,,,,,,,,,,,,,,,,,,,,,,,,,,,,,,,,,,,,,,,,,,,,,,,,,,,,,,,,,,,,,,,,,,,,,,,,,,,,,,,,,,,,,,,,,,,,,,,,,,,,,,,,,,,,,,,,,,,,,,,,,
1764665234.675335,44919,1,4362.94873,4375.96582,4495.624023,4526.410156,4383.187988,4498.119629,4526.375977,4383.692383,4554.282227,4377.187988,4491.98291,4496.837402,4553.863281,4398.871582,4372.239258,4506.478516,4534.384766,4529.470215,4498.265137,4362.094238,4378.350586,4548.974121,4499.265137,4486.299316,4381.136719,4556.333496,4363.624023,4540.213867,4486.273438,4368.410156,4499.136719,4480.358887,0,1,25,0,0,,,,0,4,4,4,4,4,4,4,4,4,4,4,4,4,4,4,4,4,4,4,4,4,4,4,4,4,4,4,4,4,4,4,4,100,,,,,,,,,,,,,,,,,,,,,,,,,,,,,,,,,,,27613,1,0.263266,-0.599991,-0.733002,0.182785,0.966182,0.215725,0.055671,23.541666,28.208334,44.125,,,,,,,,,,,,,,,,,,,,,,,,,,,,,,,,,,,,,,,,,,,,,,,,,,,,,,,,,,,,,,,,,,,,,,,,,,,,,,,,,,,,,,,,,,,,,,,,,,,,,,,,,,,,,,,,,,,,,,,,,,,,,,,,,,,,,,,,,,,,,,,,,,,,,,,,,,,,,,,,
1764665234.679243,44920,0,4361.282227,4373.333496,4493.589844,4525.641113,4381.153809,4496.410156,4525.256348,4382.692383,4553.333496,4376.922852,4491.410156,4496.025879,4553.461426,4398.589844,4372.179688,4507.179688,4533.333496,4528.846191,4497.820313,4360.897461,4376.922852,4547.307617,4497.820313,4484.871582,4379.615234,4554.743652,4361.410156,4537.94873,4485,4365.769043,4496.410156,4478.205078,2758,1,25,2570,45678,,,,0,4,4,4,4,4,4,4,4,4,4,4,4,4,4,4,4,4,4,4,4,4,4,4,4,4,4,4,4,4,4,4,4,100,,,,,,,,,,,,,,,,,,,,,,,,,,,,,,,,,,,,,,,,,,,,,,,,,,,,,,,,,,,,,,,,,,,,,,,,,,,,,,,,,,,,,,,,,,,,,,,,,,,,,,,,,,,,,,,,,,,,,,,,,,,,,,,,,,,,,,,,,,,,,,,,,,,,,,,,,,,,,,,,,,,,,,,,,,,,,,,,,,,,,,,,,,,,,,,,,,,,,,,,,,,,,,
1764665234.683150,44921,0,4359.743652,4370.769043,4490.128418,4522.05127,4376.153809,4496.025879,4521.794922,4380.128418,4553.589844,4382.436035,4489.743652,4493.205078,4553.974121,4398.333496,4370.128418,4506.025879,4529.743652,4526.410156,4497.820313,4361.922852,4377.820313,4547.05127,4498.333496,4481.025879,4372.436035,4556.666504,4361.153809,4537.820313,4484.230957,4363.461426,4497.692383,4478.717773,2809,1,25,2570,45678,,,,0,4,4,4,4,4,4,4,4,4,4,4,4,4,4,4,4,4,4,4,4,4,4,4,4,4,4,4,4,4,4,4,4,100,,,,,,,,,,,,,,,,,,,,,,,,,,,,,,,,,,,27614,0,0.263248,-0.599976,-0.733032,0.182739,0.965938,0.216335,0.053717,23.5,28.333334,43.833332,,,,,,,,,,,,,,,,,,,,,,,,,,,,,,,,,,,,,,,,,,,,,,,,,,,,,,,,,,,,,,,,,,,,,,,,,,,,,,,,,,,,,,,,,,,,,,,,,,,,,,,,,,,,,,,,,,,,,,,,,,,,,,,,,,,,,,,,,,,,,,,,,,,,,,,,,,,,,,,,
1764665234.687057,44922,0,4359.615234,4367.94873,4487.692383,4520.512695,4372.94873,4496.153809,4520.256348,4376.666504,4552.563965,4392.307617,4487.820313,4491.922852,4554.102539,4396.666504,4368.205078,4501.282227,4525.256348,4522.692383,4495.512695,4365.641113,4376.794922,4548.077148,4498.077148,4475.512695,4367.436035,4555.128418,4358.974121,4536.282227,4483.077148,4362.692383,4494.615234,4477.436035,1951,1,25,2571,45686,,,,0,4,4,4,4,4,4,4,4,4,4,4,4,4,4,4,4,4,4,4,4,4,4,4,4,4,4,4,4,4,4,4,4,100,0.972656,100,4,4,4,4,4,4,4,4,4,4,4,4,4,4,4,4,4,4,4,4,4,4,4,4,4,4,4,4,4,4,4,4,,,,,,,,,,,,,2.512794,4.222599,0.464658,0.640338,0.612952,2.59637,4.343226,0.380497,0.875865,0.646389,1.193932,4.201684,0.759023,0.761036,0.773011,0.705659,3.852975,0.721315,0.799258,0.692745,1.753527,4.168241,0.479291,0.666651,0.547883,1.819875,5.075151,0.408516,0.585051,0.60252,1.57527,4.363642,0.523615,0.655135,0.718659,1.86379,4.459684,0.621834,0.79463,0.772133,0.968334,2.995847,0.70219,0.606969,0.680578,0.936839,3.707804,0.993434,1.524059,1.248317,1.318912,2.45454,0.31269,0.519718,0.548925,2.036155,3.957911,0.333248,0.543496,0.629107,1.496022,2.945504,0.609985,0.552209,0.587336,0.643969,0.686782,0.603921,0.407042,0.441589,0.252074,0.445598,0.688431,0.601845,0.740153,0.986579,1.180625,0.692545,0.459965,0.452509,2.682229,5.783681,0.975513,0.729945,0.636788,0.959087,2.748745,1.280286,0.890422,0.682104,0.467122,2.647635,1.029282,0.49128,0.373955,0.574141,2.806791,0.969987,0.924442,0.750037,1.571621,3.607062,2.167935,0.937416,0.656098,2.421782,4.612479,1.52328,0.980404,0.656328,3.059182,3.623693,0.543665,0.637642,0.618364,2.504831,2.529939,1.193003,1.200069,0.769284,2.249794,4.763366,1.722545,2.02868,1.804191,2.210141,1.504463,0.766173,0.934844,0.605595,3.096478,2.909144,0.746312,1.039616,0.816851,3.676367,3.717794,0.664256,0.847314,0.653953,2.047247,2.272637,0.235041,0.454827,0.280473,3.645276,2.631269,0.787258,0.885163,0.691604,4.077494,2.116391,0.516465,0.852501,0.692243,3.61515,2.760705,0.582921,0.88967,0.748387
1764665234.690964,44923,0,4361.538574,4366.922852,4487.820313,4521.153809,4373.589844,4496.025879,4520.641113,4374.871582,4551.282227,4399.743652,4487.436035,4492.307617,4554.487305,4394.871582,4367.692383,4496.410156,4522.179688,4519.743652,4493.077148,4369.743652,4375.128418,4549.487305,4497.820313,4472.307617,4368.717773,4552.436035,4356.794922,4534.102539,4483.077148,4364.487305,4490,4475.769043,2632,1,25,2571,45686,,,,0,4,4,4,4,4,4,4,4,4,4,4,4,4,4,4,4,4,4,4,4,4,4,4,4,4,4,4,4,4,4,4,4,100,,,,,,,,,,,,,,,,,,,,,,,,,,,,,,,,,,,,,,,,,,,,,,,,,,,,,,,,,,,,,,,,,,,,,,,,,,,,,,,,,,,,,,,,,,,,,,,,,,,,,,,,,,,,,,,,,,,,,,,,,,,,,,,,,,,,,,,,,,,,,,,,,,,,,,,,,,,,,,,,,,,,,,,,,,,,,,,,,,,,,,,,,,,,,,,,,,,,,,,,,,,,,,
1764665234.694871,44924,0,4364.615234,4368.333496,4490.256348,4522.692383,4377.563965,4495.897461,4522.436035,4376.153809,4551.410156,4400,4489.102539,4493.974121,4555.512695,4393.589844,4368.205078,4493.846191,4521.922852,4518.077148,4491.666504,4371.794922,4373.974121,4550,4498.333496,4473.333496,4375.384766,4551.410156,4356.538574,4532.94873,4484.230957,4368.717773,4488.077148,4475.384766,2687,1,25,2572,45694,,,,0,4,4,4,4,4,4,4,4,4,4,4,4,4,4,4,4,4,4,4,4,4,4,4,4,4,4,4,4,4,4,4,4,100,,,,,,,,,,,,,,,,,,,,,,,,,,,,,,,,,,,,,,,,,,,,,,,,,,,,,,,,,,,,,,,,,,,,,,,,,,,,,,,,,,,,,,,,,,,,,,,,,,,,,,,,,,,,,,,,,,,,,,,,,,,,,,,,,,,,,,,,,,,,,,,,,,,,,,,,,,,,,,,,,,,,,,,,,,,,,,,,,,,,,,,,,,,,,,,,,,,,,,,,,,,,,,
1764665234.698779,44925,0,4366.538574,4371.538574,4494.102539,4523.717773,4382.307617,4495.256348,4524.743652,4379.358887,4553.077148,4392.05127,4491.153809,4495.256348,4555.512695,4392.436035,4368.717773,4493.717773,4523.589844,4516.538574,4490.897461,4370.641113,4373.333496,4548.333496,4499.487305,4476.922852,4381.666504,4552.692383,4358.205078,4533.717773,4485.128418,4372.94873,4490.769043,4477.436035,2505,1,25,2572,45694,,,,0,4,4,4,4,4,4,4,4,4,4,4,4,4,4,4,4,4,4,4,4,4,4,4,4,4,4,4,4,4,4,4,4,100,,,,,,,,,,,,,,,,,,,,,,,,,,,,,,,,,,,27615,0,0.263248,-0.599976,-0.733032,0.182739,0.965938,0.215847,0.049322,25.5,27.666666,43.833332,,,,,,,,,,,,,,,,,,,,,,,,,,,,,,,,,,,,,,,,,,,,,,,,,,,,,,,,,,,,,,,,,,,,,,,,,,,,,,,,,,,,,,,,,,,,,,,,,,,,,,,,,,,,,,,,,,,,,,,,,,,,,,,,,,,,,,,,,,,,,,,,,,,,,,,,,,,,,,,,
1764665234.702686,44926,0,4365.897461,4374.230957,4497.820313,4523.589844,4384.487305,4493.717773,4526.153809,4381.282227,4554.615234,4379.487305,4490.641113,4494.743652,4552.307617,4390.384766,4368.077148,4493.717773,4524.358887,4513.461426,4490.256348,4367.307617,4372.692383,4544.615234,4500.384766,4479.102539,4380.769043,4554.743652,4360.256348,4535.384766,4484.871582,4375.128418,4496.794922,4481.410156,2649,1,25,2572,45702,,,,0,4,4,4,4,4,4,4,4,4,4,4,4,4,4,4,4,4,4,4,4,4,4,4,4,4,4,4,4,4,4,4,4,100,,,,,,,,,,,,,,,,,,,,,,,,,,,,,,,,,,,,,,,,,,,,,,,,,,,,,,,,,,,,,,,,,,,,,,,,,,,,,,,,,,,,,,,,,,,,,,,,,,,,,,,,,,,,,,,,,,,,,,,,,,,,,,,,,,,,,,,,,,,,,,,,,,,,,,,,,,,,,,,,,,,,,,,,,,,,,,,,,,,,,,,,,,,,,,,,,,,,,,,,,,,,,,
1764665234.706593,44927,0,4363.461426,4374.743652,4500.384766,4522.563965,4382.692383,4491.282227,4525.641113,4379.615234,4554.487305,4367.692383,4486.153809,4492.307617,4546.025879,4387.179688,4366.410156,4492.05127,4522.820313,4509.102539,4489.743652,4364.743652,4372.05127,4541.410156,4500.769043,4478.077148,4372.436035,4555.256348,4361.282227,4536.538574,4484.102539,4374.615234,4502.436035,4485.641113,2819,1,25,2572,45702,,,,0,4,4,4,4,4,4,4,4,4,4,4,4,4,4,4,4,4,4,4,4,4,4,4,4,4,4,4,4,4,4,4,4,100,,,,,,,,,,,,,,,,,,,,,,,,,,,,,,,,,,,,,,,,,,,,,,,,,,,,,,,,,,,,,,,,,,,,,,,,,,,,,,,,,,,,,,,,,,,,,,,,,,,,,,,,,,,,,,,,,,,,,,,,,,,,,,,,,,,,,,,,,,,,,,,,,,,,,,,,,,,,,,,,,,,,,,,,,,,,,,,,,,,,,,,,,,,,,,,,,,,,,,,,,,,,,,
1764665234.710500,44928,0,4361.922852,4373.589844,4501.666504,4520.769043,4379.487305,4489.615234,4522.94873,4375,4552.563965,4362.563965,4478.846191,4489.230957,4539.102539,4383.333496,4365.641113,4488.846191,4520.128418,4505.641113,4490,4365.128418,4372.563965,4541.153809,4501.153809,4475.256348,4363.333496,4553.974121,4361.410156,4536.794922,4484.487305,4373.333496,4504.615234,4488.461426,2758,1,25,2571,45710,,,,0,4,4,4,4,4,4,4,4,4,4,4,4,4,4,4,4,4,4,4,4,4,4,4,4,4,4,4,4,4,4,4,4,100,,,,,,,,,,,,,,,,,,,,,,,,,,,,,,,,,,,,,,,,,,,,,,,,,,,,,,,,,,,,,,,,,,,,,,,,,,,,,,,,,,,,,,,,,,,,,,,,,,,,,,,,,,,,,,,,,,,,,,,,,,,,,,,,,,,,,,,,,,,,,,,,,,,,,,,,,,,,,,,,,,,,,,,,,,,,,,,,,,,,,,,,,,,,,,,,,,,,,,,,,,,,,,
1764665234.714408,44929,0,4363.717773,4372.820313,4502.820313,4518.974121,4378.077148,4490.641113,4520,4370.384766,4550.641113,4367.307617,4473.461426,4488.333496,4535.384766,4380,4367.05127,4486.666504,4519.102539,4505.256348,4491.538574,4368.717773,4375,4544.871582,4502.05127,4473.974121,4361.794922,4552.436035,4362.307617,4537.307617,4487.179688,4373.461426,4503.974121,4489.743652,2924,1,25,2571,45710,,,,0,4,4,4,4,4,4,4,4,4,4,4,4,4,4,4,4,4,4,4,4,4,4,4,4,4,4,4,4,4,4,4,4,100,,,,,,,,,,,,,,,,,,,,,,,,,,,,,,,,,,,27616,0,0.263302,-0.599915,-0.733032,0.182861,0.968868,0.212917,0.038091,25.333334,30.166666,44.5,,,,,,,,,,,,,,,,,,,,,,,,,,,,,,,,,,,,,,,,,,,,,,,,,,,,,,,,,,,,,,,,,,,,,,,,,,,,,,,,,,,,,,,,,,,,,,,,,,,,,,,,,,,,,,,,,,,,,,,,,,,,,,,,,,,,,,,,,,,,,,,,,,,,,,,,,,,,,,,,
1764665234.718315,44930,0,4368.717773,4374.487305,4505,4518.205078,4380.641113,4494.871582,4520,4369.230957,4550.256348,4379.358887,4473.974121,4491.153809,4536.794922,4378.333496,4370.128418,4487.436035,4521.282227,4508.077148,4493.333496,4373.205078,4379.615234,4551.025879,4504.615234,4475.512695,4370.128418,4552.94873,4365.256348,4539.615234,4491.410156,4376.282227,4503.717773,4490.769043,2598,1,25,2572,45717,,,,0,4,4,4,4,4,4,4,4,4,4,4,4,4,4,4,4,4,4,4,4,4,4,4,4,4,4,4,4,4,4,4,4,100,,,,,,,,,,,,,,,,,,,,,,,,,,,,,,,,,,,,,,,,,,,,,,,,,,,,,,,,,,,,,,,,,,,,,,,,,,,,,,,,,,,,,,,,,,,,,,,,,,,,,,,,,,,,,,,,,,,,,,,,,,,,,,,,,,,,,,,,,,,,,,,,,,,,,,,,,,,,,,,,,,,,,,,,,,,,,,,,,,,,,,,,,,,,,,,,,,,,,,,,,,,,,,
1764665234.722222,44931,0,4375.128418,4378.974121,4508.589844,4519.743652,4386.666504,4501.538574,4524.487305,4372.820313,4552.05127,4392.05127,4480.384766,4497.179688,4542.563965,4378.589844,4372.692383,4491.410156,4526.538574,4511.922852,4494.230957,4376.025879,4385.128418,4556.666504,4508.589844,4479.615234,4383.461426,4556.794922,4369.615234,4543.974121,4495.641113,4381.666504,4506.538574,4493.205078,2857,1,25,2572,45717,,,,0,4,4,4,4,4,4,4,4,4,4,4,4,4,4,4,4,4,4,4,4,4,4,4,4,4,4,4,4,4,4,4,4,100,,,,,,,,,,,,,,,,,,,,,,,,,,,,,,,,,,,,,,,,,,,,,,,,,,,,,,,,,,,,,,,,,,,,,,,,,,,,,,,,,,,,,,,,,,,,,,,,,,,,,,,,,,,,,,,,,,,,,,,,,,,,,,,,,,,,,,,,,,,,,,,,,,,,,,,,,,,,,,,,,,,,,,,,,,,,,,,,,,,,,,,,,,,,,,,,,,,,,,,,,,,,,,
1764665234.726129,44932,0,4380.641113,4385.512695,4513.205078,4523.846191,4393.846191,4509.230957,4532.05127,4379.487305,4555.512695,4397.692383,4488.846191,4504.358887,4550,4380.384766,4373.205078,4496.666504,4532.94873,4515.128418,4494.487305,4377.05127,4390.256348,4560.256348,4513.846191,4485,4394.358887,4563.205078,4374.615234,4550.128418,4498.974121,4387.820313,4513.461426,4498.205078,2748,1,25,2573,45725,,,,0,4,4,4,4,4,4,4,4,4,4,4,4,4,4,4,4,4,4,4,4,4,4,4,4,4,4,4,4,4,4,4,4,100,,,,,,,,,,,,,,,,,,,,,,,,,,,,,,,,,,,,,,,,,,,,,,,,,,,,,,,,,,,,,,,,,,,,,,,,,,,,,,,,,,,,,,,,,,,,,,,,,,,,,,,,,,,,,,,,,,,,,,,,,,,,,,,,,,,,,,,,,,,,,,,,,,,,,,,,,,,,,,,,,,,,,,,,,,,,,,,,,,,,,,,,,,,,,,,,,,,,,,,,,,,,,,
1764665234.730036,44933,0,4384.358887,4392.179688,4517.05127,4528.333496,4399.358887,4515.897461,4539.230957,4386.153809,4558.846191,4392.94873,4494.358887,4510.128418,4555.897461,4382.563965,4371.666504,4501.538574,4538.717773,4518.333496,4495.769043,4377.94873,4394.358887,4562.436035,4519.487305,4490.512695,4398.717773,4569.487305,4379.230957,4556.922852,4501.282227,4392.820313,4521.794922,4504.743652,2786,1,25,2573,45725,,,,0,4,4,4,4,4,4,4,4,4,4,4,4,4,4,4,4,4,4,4,4,4,4,4,4,4,4,4,4,4,4,4,4,100,,,,,,,,,,,,,,,,,,,,,,,,,,,,,,,,,,,27617,0,0.26343,-0.599915,-0.732971,0.182922,0.961543,0.213893,0.051764,24.5,27.833334,43.333332,,,,,,,,,,,,,,,,,,,,,,,,,,,,,,,,,,,,,,,,,,,,,,,,,,,,,,,,,,,,,,,,,,,,,,,,,,,,,,,,,,,,,,,,,,,,,,,,,,,,,,,,,,,,,,,,,,,,,,,,,,,,,,,,,,,,,,,,,,,,,,,,,,,,,,,,,,,,,,,,
1764665234.733944,44934,0,4385.769043,4396.025879,4517.94873,4529.743652,4401.153809,4519.102539,4541.922852,4389.615234,4560,4380.641113,4494.102539,4512.820313,4557.692383,4383.461426,4368.846191,4503.717773,4542.05127,4521.922852,4498.717773,4379.615234,4396.922852,4564.102539,4523.461426,4494.871582,4397.563965,4572.563965,4382.307617,4561.794922,4502.692383,4394.615234,4527.436035,4509.615234,2795,1,25,2574,45733,,,,0,4,4,4,4,4,4,4,4,4,4,4,4,4,4,4,4,4,4,4,4,4,4,4,4,4,4,4,4,4,4,4,4,100,,,,,,,,,,,,,,,,,,,,,,,,,,,,,,,,,,,,,,,,,,,,,,,,,,,,,,,,,,,,,,,,,,,,,,,,,,,,,,,,,,,,,,,,,,,,,,,,,,,,,,,,,,,,,,,,,,,,,,,,,,,,,,,,,,,,,,,,,,,,,,,,,,,,,,,,,,,,,,,,,,,,,,,,,,,,,,,,,,,,,,,,,,,,,,,,,,,,,,,,,,,,,,
1764665234.737851,44935,0,4383.846191,4394.871582,4514.102539,4525.128418,4397.94873,4516.666504,4538.589844,4387.05127,4557.563965,4367.05127,4488.589844,4511.666504,4555.256348,4381.666504,4365.384766,4502.179688,4542.05127,4525,4501.410156,4380.128418,4396.666504,4565,4523.333496,4495.641113,4393.589844,4570.384766,4381.538574,4562.179688,4503.077148,4391.922852,4525.641113,4508.205078,2977,1,25,2574,45733,,,,0,4,4,4,4,4,4,4,4,4,4,4,4,4,4,4,4,4,4,4,4,4,4,4,4,4,4,4,4,4,4,4,4,100,,,,,,,,,,,,,,,,,,,,,,,,,,,,,,,,,,,,,,,,,,,,,,,,,,,,,,,,,,,,,,,,,,,,,,,,,,,,,,,,,,,,,,,,,,,,,,,,,,,,,,,,,,,,,,,,,,,,,,,,,,,,,,,,,,,,,,,,,,,,,,,,,,,,,,,,,,,,,,,,,,,,,,,,,,,,,,,,,,,,,,,,,,,,,,,,,,,,,,,,,,,,,,
1764665234.741758,44936,0,4378.333496,4388.974121,4506.410156,4515.512695,4391.538574,4509.871582,4531.153809,4379.230957,4552.179688,4358.589844,4481.410156,4507.94873,4551.410156,4377.94873,4361.922852,4497.94873,4539.358887,4526.794922,4502.179688,4377.692383,4393.333496,4564.615234,4518.589844,4492.307617,4388.846191,4564.487305,4376.410156,4557.820313,4501.922852,4385.769043,4515.897461,4499.615234,2859,1,25,2575,45741,,,,0,4,4,4,4,4,4,4,4,4,4,4,4,4,4,4,4,4,4,4,4,4,4,4,4,4,4,4,4,4,4,4,4,100,,,,,,,,,,,,,,,,,,,,,,,,,,,,,,,,,,,,,,,,,,,,,,,,,,,,,,,,,,,,,,,,,,,,,,,,,,,,,,,,,,,,,,,,,,,,,,,,,,,,,,,,,,,,,,,,,,,,,,,,,,,,,,,,,,,,,,,,,,,,,,,,,,,,,,,,,,,,,,,,,,,,,,,,,,,,,,,,,,,,,,,,,,,,,,,,,,,,,,,,,,,,,,
1764665234.745665,44937,0,4372.563965,4382.94873,4499.871582,4506.922852,4386.538574,4503.974121,4525.256348,4371.410156,4547.692383,4359.487305,4478.077148,4505,4550.769043,4375.769043,4360.641113,4495.384766,4537.436035,4529.487305,4502.05127,4373.461426,4389.230957,4564.102539,4513.205078,4488.589844,4384.743652,4558.717773,4369.615234,4551.922852,4499.615234,4380.128418,4503.846191,4488.974121,2711,1,25,2575,45741,,,,0,4,4,4,4,4,4,4,4,4,4,4,4,4,4,4,4,4,4,4,4,4,4,4,4,4,4,4,4,4,4,4,4,100,,,,,,,,,,,,,,,,,,,,,,,,,,,,,,,,,,,27618,0,0.263345,-0.599915,-0.733032,0.1828,0.961543,0.213893,0.051764,24.5,27,44.166668,,,,,,,,,,,,,,,,,,,,,,,,,,,,,,,,,,,,,,,,,,,,,,,,,,,,,,,,,,,,,,,,,,,,,,,,,,,,,,,,,,,,,,,,,,,,,,,,,,,,,,,,,,,,,,,,,,,,,,,,,,,,,,,,,,,,,,,,,,,,,,,,,,,,,,,,,,,,,,,,
1764665234.749572,44938,0,4371.153809,4381.410156,4499.358887,4506.538574,4387.307617,4505,4526.666504,4370.512695,4549.102539,4369.615234,4482.307617,4506.922852,4556.538574,4378.846191,4364.358887,4499.358887,4540.512695,4536.153809,4504.102539,4371.794922,4388.717773,4565.512695,4512.179688,4490.128418,4383.077148,4557.692383,4366.666504,4549.615234,4497.820313,4379.487305,4497.820313,4484.358887,2277,1,25,2576,45749,,,,0,4,4,4,4,4,4,4,4,4,4,4,4,4,4,4,4,4,4,4,4,4,4,4,4,4,4,4,4,4,4,4,4,100,,,,,,,,,,,,,,,,,,,,,,,,,,,,,,,,,,,,,,,,,,,,,,,,,,,,,,,,,,,,,,,,,,,,,,,,,,,,,,,,,,,,,,,,,,,,,,,,,,,,,,,,,,,,,,,,,,,,,,,,,,,,,,,,,,,,,,,,,,,,,,,,,,,,,,,,,,,,,,,,,,,,,,,,,,,,,,,,,,,,,,,,,,,,,,,,,,,,,,,,,,,,,,
1764665234.753480,44939,0,4376.538574,4385.384766,4505,4515.641113,4394.358887,4513.717773,4535.384766,4378.717773,4557.436035,4384.871582,4493.077148,4514.358887,4567.179688,4387.563965,4373.589844,4510.512695,4549.358887,4546.922852,4510,4375.128418,4393.846191,4570.384766,4518.077148,4498.205078,4385.641113,4562.179688,4370.128418,4552.820313,4498.333496,4384.615234,4501.794922,4489.743652,2688,1,25,2576,45749,,,,0,4,4,4,4,4,4,4,4,4,4,4,4,4,4,4,4,4,4,4,4,4,4,4,4,4,4,4,4,4,4,4,4,100,,,,,,,,,,,,,,,,,,,,,,,,,,,,,,,,,,,,,,,,,,,,,,,,,,,,,,,,,,,,,,,,,,,,,,,,,,,,,,,,,,,,,,,,,,,,,,,,,,,,,,,,,,,,,,,,,,,,,,,,,,,,,,,,,,,,,,,,,,,,,,,,,,,,,,,,,,,,,,,,,,,,,,,,,,,,,,,,,,,,,,,,,,,,,,,,,,,,,,,,,,,,,,
1764665234.757387,44940,0,4385.384766,4391.025879,4511.410156,4528.461426,4402.307617,4524.615234,4545.384766,4390.641113,4567.692383,4398.077148,4503.974121,4523.205078,4576.794922,4397.307617,4384.102539,4522.94873,4559.743652,4556.153809,4516.666504,4381.410156,4401.410156,4576.410156,4526.922852,4507.692383,4390.769043,4568.974121,4377.05127,4558.846191,4501.153809,4391.153809,4511.282227,4500.769043,2489,1,25,2576,45757,,,,0,4,4,4,4,4,4,4,4,4,4,4,4,4,4,4,4,4,4,4,4,4,4,4,4,4,4,4,4,4,4,4,4,100,,,,,,,,,,,,,,,,,,,,,,,,,,,,,,,,,,,,,,,,,,,,,,,,,,,,,,,,,,,,,,,,,,,,,,,,,,,,,,,,,,,,,,,,,,,,,,,,,,,,,,,,,,,,,,,,,,,,,,,,,,,,,,,,,,,,,,,,,,,,,,,,,,,,,,,,,,,,,,,,,,,,,,,,,,,,,,,,,,,,,,,,,,,,,,,,,,,,,,,,,,,,,,
1764665234.761294,44941,0,4391.794922,4393.461426,4512.563965,4537.05127,4405.256348,4530,4549.743652,4397.692383,4573.333496,4403.461426,4508.717773,4527.307617,4579.615234,4402.563965,4390.641113,4529.230957,4565.128418,4557.94873,4519.230957,4385.384766,4405.128418,4579.358887,4532.179688,4511.666504,4395,4573.077148,4381.922852,4562.436035,4504.102539,4393.333496,4518.333496,4508.589844,2227,1,25,2576,45757,,,,0,4,4,4,4,4,4,4,4,4,4,4,4,4,4,4,4,4,4,4,4,4,4,4,4,4,4,4,4,4,4,4,4,100,,,,,,,,,,,,,,,,,,,,,,,,,,,,,,,,,,,27619,0,0.263387,-0.599915,-0.733032,0.182739,0.972287,0.217312,0.052252,23,28.833334,43.5,,,,,,,,,,,,,,,,,,,,,,,,,,,,,,,,,,,,,,,,,,,,,,,,,,,,,,,,,,,,,,,,,,,,,,,,,,,,,,,,,,,,,,,,,,,,,,,,,,,,,,,,,,,,,,,,,,,,,,,,,,,,,,,,,,,,,,,,,,,,,,,,,,,,,,,,,,,,,,,,
1764665234.765201,44942,0,4392.05127,4391.410156,4508.333496,4537.820313,4402.563965,4527.563965,4546.794922,4396.282227,4572.179688,4400.641113,4505.769043,4523.974121,4575,4401.025879,4390.512695,4526.025879,4562.179688,4550.897461,4515.512695,4384.102539,4401.666504,4576.922852,4529.743652,4507.179688,4396.025879,4571.922852,4382.179688,4561.153809,4504.743652,4389.743652,4518.717773,4508.589844,2705,1,25,2576,45764,,,,0,4,4,4,4,4,4,4,4,4,4,4,4,4,4,4,4,4,4,4,4,4,4,4,4,4,4,4,4,4,4,4,4,100,,,,,,,,,,,,,,,,,,,,,,,,,,,,,,,,,,,,,,,,,,,,,,,,,,,,,,,,,,,,,,,,,,,,,,,,,,,,,,,,,,,,,,,,,,,,,,,,,,,,,,,,,,,,,,,,,,,,,,,,,,,,,,,,,,,,,,,,,,,,,,,,,,,,,,,,,,,,,,,,,,,,,,,,,,,,,,,,,,,,,,,,,,,,,,,,,,,,,,,,,,,,,,
1764665234.769108,44943,0,4387.820313,4388.717773,4504.615234,4533.717773,4398.461426,4521.282227,4541.282227,4390.641113,4568.205078,4395,4499.871582,4516.282227,4568.077148,4395.897461,4386.538574,4516.666504,4553.461426,4540.384766,4507.820313,4380.256348,4393.717773,4570.769043,4521.538574,4498.077148,4395,4567.94873,4379.871582,4556.794922,4502.94873,4384.743652,4515,4503.846191,2495,1,25,2576,45764,,,,0,4,4,4,4,4,4,4,4,4,4,4,4,4,4,4,4,4,4,4,4,4,4,4,4,4,4,4,4,4,4,4,4,100,,,,,,,,,,,,,,,,,,,,,,,,,,,,,,,,,,,,,,,,,,,,,,,,,,,,,,,,,,,,,,,,,,,,,,,,,,,,,,,,,,,,,,,,,,,,,,,,,,,,,,,,,,,,,,,,,,,,,,,,,,,,,,,,,,,,,,,,,,,,,,,,,,,,,,,,,,,,,,,,,,,,,,,,,,,,,,,,,,,,,,,,,,,,,,,,,,,,,,,,,,,,,,
1764665234.773016,44944,0,4383.461426,4389.230957,4507.179688,4530.897461,4398.333496,4517.05127,4539.743652,4387.436035,4567.179688,4393.333496,4496.410156,4509.487305,4564.743652,4392.820313,4383.461426,4507.563965,4545.128418,4533.846191,4501.282227,4378.589844,4387.307617,4565.256348,4513.205078,4490.769043,4393.717773,4566.153809,4378.974121,4553.974121,4500.512695,4384.102539,4513.205078,4501.153809,2859,1,25,2576,45772,,,,0,4,4,4,4,4,4,4,4,4,4,4,4,4,4,4,4,4,4,4,4,4,4,4,4,4,4,4,4,4,4,4,4,100,,,,,,,,,,,,,,,,,,,,,,,,,,,,,,,,,,,,,,,,,,,,,,,,,,,,,,,,,,,,,,,,,,,,,,,,,,,,,,,,,,,,,,,,,,,,,,,,,,,,,,,,,,,,,,,,,,,,,,,,,,,,,,,,,,,,,,,,,,,,,,,,,,,,,,,,,,,,,,,,,,,,,,,,,,,,,,,,,,,,,,,,,,,,,,,,,,,,,,,,,,,,,,
1764665234.776923,44945,0,4381.794922,4393.205078,4515.641113,4532.05127,4402.563965,4517.436035,4544.102539,4389.743652,4571.666504,4397.563965,4497.436035,4507.179688,4566.922852,4394.743652,4383.205078,4502.94873,4541.282227,4534.230957,4498.974121,4381.025879,4386.153809,4562.692383,4509.102539,4488.717773,4392.307617,4568.589844,4380.897461,4554.358887,4499.615234,4388.846191,4515.641113,4503.717773,2906,1,25,2576,45772,,,,0,4,4,4,4,4,4,4,4,4,4,4,4,4,4,4,4,4,4,4,4,4,4,4,4,4,4,4,4,4,4,4,4,100,,,,,,,,,,,,,,,,,,,,,,,,,,,,,,,,,,,27620,0,0.263441,-0.599854,-0.733032,0.182861,0.971798,0.214382,0.052252,23.833334,29.166666,43.833332,,,,,,,,,,,,,,,,,,,,,,,,,,,,,,,,,,,,,,,,,,,,,,,,,,,,,,,,,,,,,,,,,,,,,,,,,,,,,,,,,,,,,,,,,,,,,,,,,,,,,,,,,,,,,,,,,,,,,,,,,,,,,,,,,,,,,,,,,,,,,,,,,,,,,,,,,,,,,,,,
1764665234.780830,44946,0,4382.179688,4396.410156,4523.205078,4534.743652,4407.436035,4520.128418,4549.743652,4394.230957,4577.820313,4403.589844,4501.025879,4507.94873,4570.128418,4399.358887,4383.846191,4502.307617,4541.410156,4538.333496,4499.871582,4384.102539,4388.461426,4561.410156,4509.102539,4490.128418,4389.358887,4572.94873,4383.461426,4555.512695,4500.128418,4393.974121,4519.487305,4508.589844,1753,1,25,2576,45780,,,,0,4,4,4,4,4,4,4,4,4,4,4,4,4,4,4,4,4,4,4,4,4,4,4,4,4,4,4,4,4,4,4,4,100,,,,,,,,,,,,,,,,,,,,,,,,,,,,,,,,,,,,,,,,,,,,,,,,,,,,,,,,,,,,,,,,,,,,,,,,,,,,,,,,,,,,,,,,,,,,,,,,,,,,,,,,,,,,,,,,,,,,,,,,,,,,,,,,,,,,,,,,,,,,,,,,,,,,,,,,,,,,,,,,,,,,,,,,,,,,,,,,,,,,,,,,,,,,,,,,,,,,,,,,,,,,,,
1764665234.784737,44947,0,4382.05127,4394.615234,4523.717773,4534.230957,4408.461426,4521.025879,4550,4395.384766,4579.615234,4405.512695,4503.205078,4508.205078,4568.461426,4401.666504,4381.538574,4501.538574,4541.410156,4539.487305,4500,4383.333496,4388.974121,4558.077148,4510,4490.384766,4384.102539,4574.102539,4383.077148,4553.717773,4500.256348,4393.717773,4520.256348,4509.743652,2947,1,25,2576,45780,,,,0,4,4,4,4,4,4,4,4,4,4,4,4,4,4,4,4,4,4,4,4,4,4,4,4,4,4,4,4,4,4,4,4,100,,,,,,,,,,,,,,,,,,,,,,,,,,,,,,,,,,,,,,,,,,,,,,,,,,,,,,,,,,,,,,,,,,,,,,,,,,,,,,,,,,,,,,,,,,,,,,,,,,,,,,,,,,,,,,,,,,,,,,,,,,,,,,,,,,,,,,,,,,,,,,,,,,,,,,,,,,,,,,,,,,,,,,,,,,,,,,,,,,,,,,,,,,,,,,,,,,,,,,,,,,,,,,
1764665234.788644,44948,0,4379.487305,4387.94873,4516.025879,4528.333496,4403.974121,4517.820313,4542.179688,4390.512695,4573.333496,4400,4501.025879,4505.512695,4559.615234,4398.205078,4374.743652,4497.563965,4537.94873,4533.589844,4497.05127,4377.05127,4384.487305,4551.282227,4507.94873,4486.153809,4377.820313,4569.615234,4378.205078,4547.820313,4498.077148,4386.410156,4516.153809,4504.487305,2510,1,25,2576,45788,,,,0,4,4,4,4,4,4,4,4,4,4,4,4,4,4,4,4,4,4,4,4,4,4,4,4,4,4,4,4,4,4,4,4,100,,,,,,,,,,,,,,,,,,,,,,,,,,,,,,,,,,,,,,,,,,,,,,,,,,,,,,,,,,,,,,,,,,,,,,,,,,,,,,,,,,,,,,,,,,,,,,,,,,,,,,,,,,,,,,,,,,,,,,,,,,,,,,,,,,,,,,,,,,,,,,,,,,,,,,,,,,,,,,,,,,,,,,,,,,,,,,,,,,,,,,,,,,,,,,,,,,,,,,,,,,,,,,
1764665234.792552,44949,0,4374.743652,4380.128418,4504.871582,4519.871582,4396.410156,4511.153809,4529.615234,4381.666504,4561.666504,4388.205078,4494.871582,4499.615234,4546.794922,4390.128418,4365.512695,4490.641113,4531.025879,4522.179688,4491.666504,4368.205078,4376.282227,4543.333496,4502.05127,4478.205078,4373.974121,4561.282227,4370.384766,4540.128418,4494.102539,4376.538574,4509.230957,4495.256348,2813,1,25,2576,45788,,,,0,4,4,4,4,4,4,4,4,4,4,4,4,4,4,4,4,4,4,4,4,4,4,4,4,4,4,4,4,4,4,4,4,100,,,,,,,,,,,,,,,,,,,,,,,,,,,,,,,,,,,27621,0,0.263708,-0.599792,-0.73291,0.183167,0.963497,0.217312,0.054694,24.833334,29,42.833332,,,,,,,,,,,,,,,,,,,,,,,,,,,,,,,,,,,,,,,,,,,,,,,,,,,,,,,,,,,,,,,,,,,,,,,,,,,,,,,,,,,,,,,,,,,,,,,,,,,,,,,,,,,,,,,,,,,,,,,,,,,,,,,,,,,,,,,,,,,,,,,,,,,,,,,,,,,,,,,,
1764665234.796459,44950,0,4370.641113,4375.769043,4496.794922,4514.487305,4390.256348,4504.102539,4519.230957,4374.102539,4551.538574,4374.871582,4487.179688,4493.333496,4536.538574,4382.563965,4358.077148,4483.974121,4523.717773,4510.897461,4486.538574,4362.179688,4368.974121,4537.820313,4494.871582,4470.641113,4375.384766,4554.358887,4363.589844,4535.128418,4490.769043,4370.384766,4504.102539,4487.563965,2916,1,25,2576,45796,,,,0,4,4,4,4,4,4,4,4,4,4,4,4,4,4,4,4,4,4,4,4,4,4,4,4,4,4,4,4,4,4,4,4,100,,,,,,,,,,,,,,,,,,,,,,,,,,,,,,,,,,,,,,,,,,,,,,,,,,,,,,,,,,,,,,,,,,,,,,,,,,,,,,,,,,,,,,,,,,,,,,,,,,,,,,,,,,,,,,,,,,,,,,,,,,,,,,,,,,,,,,,,,,,,,,,,,,,,,,,,,,,,,,,,,,,,,,,,,,,,,,,,,,,,,,,,,,,,,,,,,,,,,,,,,,,,,,
1764665234.800366,44951,0,4370.384766,4377.436035,4495.897461,4515.641113,4389.743652,4500.641113,4516.666504,4372.820313,4549.358887,4365.769043,4482.563965,4490.897461,4533.974121,4380.256348,4356.794922,4481.794922,4520.641113,4505.897461,4484.871582,4362.692383,4368.205078,4537.692383,4491.666504,4469.230957,4382.820313,4553.717773,4362.307617,4536.410156,4490.641113,4372.436035,4504.358887,4486.410156,2830,1,25,2576,45796,,,,0,4,4,4,4,4,4,4,4,4,4,4,4,4,4,4,4,4,4,4,4,4,4,4,4,4,4,4,4,4,4,4,4,100,,,,,,,,,,,,,,,,,,,,,,,,,,,,,,,,,,,,,,,,,,,,,,,,,,,,,,,,,,,,,,,,,,,,,,,,,,,,,,,,,,,,,,,,,,,,,,,,,,,,,,,,,,,,,,,,,,,,,,,,,,,,,,,,,,,,,,,,,,,,,,,,,,,,,,,,,,,,,,,,,,,,,,,,,,,,,,,,,,,,,,,,,,,,,,,,,,,,,,,,,,,,,,
1764665234.804273,44952,0,4375.384766,4384.871582,4502.436035,4521.538574,4396.025879,4502.692383,4522.692383,4378.974121,4557.05127,4365.512695,4484.487305,4495.512695,4540,4385,4362.820313,4486.410156,4524.615234,4509.871582,4487.94873,4370.256348,4375.897461,4543.974121,4495.384766,4476.153809,4393.589844,4560.512695,4368.589844,4544.487305,4494.230957,4382.179688,4511.410156,4493.589844,2751,1,25,2571,45803,,,,0,4,4,4,4,4,4,4,4,4,4,4,4,4,4,4,4,4,4,4,4,4,4,4,4,4,4,4,4,4,4,4,4,100,,,,,,,,,,,,,,,,,,,,,,,,,,,,,,,,,,,,,,,,,,,,,,,,,,,,,,,,,,,,,,,,,,,,,,,,,,,,,,,,,,,,,,,,,,,,,,,,,,,,,,,,,,,,,,,,,,,,,,,,,,,,,,,,,,,,,,,,,,,,,,,,,,,,,,,,,,,,,,,,,,,,,,,,,,,,,,,,,,,,,,,,,,,,,,,,,,,,,,,,,,,,,,
1764665234.808180,44953,0,4383.461426,4395.128418,4512.307617,4527.307617,4405.769043,4509.102539,4533.077148,4388.974121,4570.128418,4374.743652,4492.820313,4505.512695,4551.282227,4393.461426,4373.077148,4496.025879,4533.974121,4520.512695,4494.358887,4381.282227,4388.717773,4554.487305,4505,4488.333496,4402.307617,4571.282227,4380.384766,4555.897461,4499.743652,4394.102539,4522.692383,4505.769043,2805,1,25,2571,45803,,,,0,4,4,4,4,4,4,4,4,4,4,4,4,4,4,4,4,4,4,4,4,4,4,4,4,4,4,4,4,4,4,4,4,100,,,,,,,,,,,,,,,,,,,,,,,,,,,,,,,,,,,27622,0,0.263708,-0.599792,-0.73291,0.183167,0.981565,0.219265,0.047369,23.666666,29.833334,43.333332,,,,,,,,,,,,,,,,,,,,,,,,,,,,,,,,,,,,,,,,,,,,,,,,,,,,,,,,,,,,,,,,,,,,,,,,,,,,,,,,,,,,,,,,,,,,,,,,,,,,,,,,,,,,,,,,,,,,,,,,,,,,,,,,,,,,,,,,,,,,,,,,,,,,,,,,,,,,,,,,
1764665234.812088,44954,0,4390.641113,4403.589844,4519.615234,4529.230957,4413.333496,4516.666504,4541.538574,4397.05127,4580,4388.461426,4502.563965,4515.769043,4562.179688,4400.512695,4381.794922,4505.769043,4544.230957,4531.922852,4501.282227,4390.641113,4400.256348,4564.871582,4515.512695,4498.974121,4404.487305,4580.769043,4391.922852,4565.384766,4504.358887,4402.436035,4532.820313,4516.666504,1945,1,25,2569,45811,,,,0,4,4,4,4,4,4,4,4,4,4,4,4,4,4,4,4,4,4,4,4,4,4,4,4,4,4,4,4,4,4,4,4,100,,,,,,,,,,,,,,,,,,,,,,,,,,,,,,,,,,,,,,,,,,,,,,,2.676268,3.618189,0.462732,0.700272,0.577086,2.86654,3.511248,0.349635,0.886981,0.635351,1.28499,3.837024,0.617501,0.803297,0.857623,0.7324,3.812924,0.686018,0.835212,0.709716,1.975564,3.391181,0.43796,0.672202,0.546224,2.1948,4.209758,0.382763,0.650137,0.580004,1.752396,3.519705,0.625125,0.721667,0.694983,2.020952,3.924614,0.697319,0.835714,0.796262,1.169249,3.256021,0.716129,0.601811,0.704374,0.838072,3.504317,0.939782,1.70286,1.238845,1.45513,2.185338,0.384524,0.517105,0.525653,2.494244,3.618831,0.33026,0.593517,0.577223,1.630174,2.649042,0.636351,0.55134,0.57168,0.63837,0.824901,0.499299,0.413512,0.437318,0.191889,0.463935,0.581893,0.661768,0.740053,0.948608,1.203318,0.658796,0.460767,0.463368,2.907064,5.645386,0.774896,0.735404,0.599898,1.041281,2.734007,1.204856,0.832367,0.653031,0.464858,2.39598,0.988087,0.489742,0.362015,0.693375,2.369143,0.890864,0.846316,0.721752,1.670256,3.366452,1.818103,0.908713,0.600801,2.575613,5.10227,1.255304,0.995397,0.639857,3.216731,3.648941,0.457525,0.619347,0.574322,2.721503,2.581292,1.00455,1.185338,0.730269,2.207094,6.063167,1.596825,1.660312,1.763495,2.280417,1.860969,0.608246,0.921239,0.624397,3.222643,2.6767,0.620473,1.068786,0.809574,3.666075,3.662772,0.527877,0.882246,0.620232,2.192333,1.895704,0.214162,0.464878,0.272922,3.803949,2.304757,0.691155,0.935392,0.681961,4.17296,2.261111,0.457505,0.900735,0.675687,3.147626,2.718584,0.498391,0.957418,0.788104
1764665234.815995,44955,0,4393.846191,4406.922852,4520.897461,4526.922852,4415.128418,4522.563965,4544.230957,4398.974121,4580.128418,4399.615234,4508.205078,4521.153809,4568.846191,4402.692383,4385.512695,4510.897461,4551.410156,4538.846191,4506.282227,4395.256348,4405.384766,4571.410156,4521.922852,4503.974121,4401.153809,4586.153809,4398.205078,4569.615234,4506.153809,4404.743652,4537.307617,4521.153809,2626,1,25,2569,45811,,,,0,4,4,4,4,4,4,4,4,4,4,4,4,4,4,4,4,4,4,4,4,4,4,4,4,4,4,4,4,4,4,4,4,100,,,,,,,,,,,,,,,,,,,,,,,,,,,,,,,,,,,,,,,,,,,,,,,,,,,,,,,,,,,,,,,,,,,,,,,,,,,,,,,,,,,,,,,,,,,,,,,,,,,,,,,,,,,,,,,,,,,,,,,,,,,,,,,,,,,,,,,,,,,,,,,,,,,,,,,,,,,,,,,,,,,,,,,,,,,,,,,,,,,,,,,,,,,,,,,,,,,,,,,,,,,,,,
1764665234.819902,44956,0,4393.589844,4405,4517.307617,4523.205078,4411.666504,4525.128418,4542.179688,4395.641113,4571.922852,4403.846191,4507.563965,4520.512695,4570.641113,4401.153809,4384.102539,4511.538574,4554.615234,4541.153809,4509.102539,4395.897461,4404.615234,4573.846191,4523.333496,4504.102539,4397.820313,4587.820313,4399.102539,4569.358887,4505.512695,4402.820313,4535.897461,4519.615234,2681,1,25,2566,45819,,,,0,4,4,4,4,4,4,4,4,4,4,4,4,4,4,4,4,4,4,4,4,4,4,4,4,4,4,4,4,4,4,4,4,100,,,,,,,,,,,,,,,,,,,,,,,,,,,,,,,,,,,,,,,,,,,,,,,,,,,,,,,,,,,,,,,,,,,,,,,,,,,,,,,,,,,,,,,,,,,,,,,,,,,,,,,,,,,,,,,,,,,,,,,,,,,,,,,,,,,,,,,,,,,,,,,,,,,,,,,,,,,,,,,,,,,,,,,,,,,,,,,,,,,,,,,,,,,,,,,,,,,,,,,,,,,,,,
1764665234.823809,44957,0,4392.179688,4400.384766,4513.077148,4520.512695,4406.538574,4524.358887,4539.743652,4391.282227,4562.436035,4401.538574,4502.94873,4516.794922,4568.846191,4399.358887,4381.025879,4510.512695,4555.384766,4541.922852,4511.282227,4395.641113,4402.820313,4574.615234,4521.922852,4502.94873,4399.358887,4588.461426,4397.436035,4568.077148,4503.974121,4400.641113,4532.05127,4515.641113,2498,1,25,2566,45819,,,,0,4,4,4,4,4,4,4,4,4,4,4,4,4,4,4,4,4,4,4,4,4,4,4,4,4,4,4,4,4,4,4,4,100,,,,,,,,,,,,,,,,,,,,,,,,,,,,,,,,,,,27623,0,0.263708,-0.599792,-0.73291,0.183167,0.976193,0.203638,0.057136,23.5,28,43.833332,,,,,,,,,,,,,,,,,,,,,,,,,,,,,,,,,,,,,,,,,,,,,,,,,,,,,,,,,,,,,,,,,,,,,,,,,,,,,,,,,,,,,,,,,,,,,,,,,,,,,,,,,,,,,,,,,,,,,,,,,,,,,,,,,,,,,,,,,,,,,,,,,,,,,,,,,,,,,,,,
1764665234.827716,44958,0,4390.897461,4395.256348,4510.769043,4519.358887,4402.307617,4520.384766,4540.128418,4388.077148,4558.077148,4396.538574,4497.820313,4513.846191,4566.025879,4399.615234,4378.974121,4509.871582,4554.871582,4542.820313,4513.333496,4395.769043,4403.589844,4575,4519.615234,4501.794922,4404.358887,4588.846191,4395.256348,4567.436035,4502.436035,4399.358887,4528.974121,4512.307617,2647,1,25,2562,45827,,,,0,4,4,4,4,4,4,4,4,4,4,4,4,4,4,4,4,4,4,4,4,4,4,4,4,4,4,4,4,4,4,4,4,100,,,,,,,,,,,,,,,,,,,,,,,,,,,,,,,,,,,,,,,,,,,,,,,,,,,,,,,,,,,,,,,,,,,,,,,,,,,,,,,,,,,,,,,,,,,,,,,,,,,,,,,,,,,,,,,,,,,,,,,,,,,,,,,,,,,,,,,,,,,,,,,,,,,,,,,,,,,,,,,,,,,,,,,,,,,,,,,,,,,,,,,,,,,,,,,,,,,,,,,,,,,,,,
1764665234.831624,44959,0,4388.461426,4390.128418,4509.230957,4517.94873,4398.589844,4513.974121,4541.794922,4385.256348,4559.102539,4391.538574,4494.358887,4512.307617,4562.820313,4401.025879,4377.692383,4508.974121,4552.436035,4542.692383,4513.717773,4394.487305,4405.256348,4573.846191,4516.282227,4499.615234,4405.769043,4587.94873,4391.538574,4565.384766,4500.512695,4397.307617,4526.025879,4509.871582,2813,1,25,2562,45827,,,,0,4,4,4,4,4,4,4,4,4,4,4,4,4,4,4,4,4,4,4,4,4,4,4,4,4,4,4,4,4,4,4,4,100,,,,,,,,,,,,,,,,,,,,,,,,,,,,,,,,,,,,,,,,,,,,,,,,,,,,,,,,,,,,,,,,,,,,,,,,,,,,,,,,,,,,,,,,,,,,,,,,,,,,,,,,,,,,,,,,,,,,,,,,,,,,,,,,,,,,,,,,,,,,,,,,,,,,,,,,,,,,,,,,,,,,,,,,,,,,,,,,,,,,,,,,,,,,,,,,,,,,,,,,,,,,,,
1764665234.835531,44960,0,4382.820313,4384.358887,4505.256348,4514.487305,4393.333496,4506.025879,4539.871582,4380,4559.871582,4386.666504,4492.179688,4510.128418,4558.589844,4400.384766,4375.512695,4506.153809,4546.666504,4538.974121,4510.769043,4389.102539,4402.94873,4569.358887,4510.384766,4494.743652,4398.077148,4583.846191,4384.230957,4559.102539,4496.922852,4391.922852,4521.282227,4506.153809,2747,1,25,1792,45835,,,,0,4,4,4,4,4,4,4,4,4,4,4,4,4,4,4,4,4,4,4,4,4,4,4,4,4,4,4,4,4,4,4,4,100,,,,,,,,,,,,,,,,,,,,,,,,,,,,,,,,,,,,,,,,,,,,,,,,,,,,,,,,,,,,,,,,,,,,,,,,,,,,,,,,,,,,,,,,,,,,,,,,,,,,,,,,,,,,,,,,,,,,,,,,,,,,,,,,,,,,,,,,,,,,,,,,,,,,,,,,,,,,,,,,,,,,,,,,,,,,,,,,,,,,,,,,,,,,,,,,,,,,,,,,,,,,,,
1764665234.839438,44961,0,4374.358887,4378.333496,4497.563965,4508.846191,4385.769043,4497.692383,4531.922852,4371.794922,4556.025879,4380.641113,4489.743652,4504.743652,4553.461426,4395.769043,4371.153809,4501.666504,4538.077148,4532.307617,4504.487305,4380.256348,4395.256348,4561.538574,4502.179688,4488.205078,4384.358887,4576.922852,4373.974121,4548.846191,4491.282227,4383.461426,4514.487305,4499.615234,2913,1,25,1792,45835,,,,0,4,4,4,4,4,4,4,4,4,4,4,4,4,4,4,4,4,4,4,4,4,4,4,4,4,4,4,4,4,4,4,4,100,,,,,,,,,,,,,,,,,,,,,,,,,,,,,,,,,,,27624,0,0.26375,-0.599792,-0.73291,0.183105,0.976193,0.2178,0.056159,24.666666,29.166666,46,,,,,,,,,,,,,,,,,,,,,,,,,,,,,,,,,,,,,,,,,,,,,,,,,,,,,,,,,,,,,,,,,,,,,,,,,,,,,,,,,,,,,,,,,,,,,,,,,,,,,,,,,,,,,,,,,,,,,,,,,,,,,,,,,,,,,,,,,,,,,,,,,,,,,,,,,,,,,,,,
1764665234.843345,44962,0,4366.025879,4373.461426,4488.846191,4502.94873,4377.179688,4490.897461,4520.769043,4363.077148,4547.820313,4372.820313,4487.179688,4496.282227,4549.487305,4388.077148,4366.538574,4497.563965,4530.512695,4526.282227,4497.94873,4371.794922,4385.769043,4553.717773,4493.846191,4483.205078,4373.461426,4570,4365.384766,4539.487305,4485.256348,4375.128418,4508.333496,4491.794922,2591,1,25,2048,45842,,,,0,4,4,4,4,4,4,4,4,4,4,4,4,4,4,4,4,4,4,4,4,4,4,4,4,4,4,4,4,4,4,4,4,100,,,,,,,,,,,,,,,,,,,,,,,,,,,,,,,,,,,,,,,,,,,,,,,,,,,,,,,,,,,,,,,,,,,,,,,,,,,,,,,,,,,,,,,,,,,,,,,,,,,,,,,,,,,,,,,,,,,,,,,,,,,,,,,,,,,,,,,,,,,,,,,,,,,,,,,,,,,,,,,,,,,,,,,,,,,,,,,,,,,,,,,,,,,,,,,,,,,,,,,,,,,,,,
1764665234.847252,44963,0,4361.538574,4371.025879,4482.94873,4499.871582,4370.512695,4487.436035,4512.692383,4357.05127,4540.128418,4365.128418,4485.512695,4488.461426,4548.077148,4381.153809,4364.358887,4496.025879,4528.333496,4524.487305,4494.358887,4367.820313,4379.743652,4549.615234,4489.230957,4482.05127,4372.179688,4566.538574,4362.563965,4535.384766,4481.922852,4370.641113,4505.769043,4485.512695,2848,1,25,2048,45842,,,,0,4,4,4,4,4,4,4,4,4,4,4,4,4,4,4,4,4,4,4,4,4,4,4,4,4,4,4,4,4,4,4,4,100,,,,,,,,,,,,,,,,,,,,,,,,,,,,,,,,,,,,,,,,,,,,,,,,,,,,,,,,,,,,,,,,,,,,,,,,,,,,,,,,,,,,,,,,,,,,,,,,,,,,,,,,,,,,,,,,,,,,,,,,,,,,,,,,,,,,,,,,,,,,,,,,,,,,,,,,,,,,,,,,,,,,,,,,,,,,,,,,,,,,,,,,,,,,,,,,,,,,,,,,,,,,,,
1764665234.851160,44964,0,4362.820313,4371.282227,4482.05127,4501.538574,4368.589844,4487.94873,4512.436035,4356.282227,4537.820313,4360.256348,4486.410156,4485.384766,4549.871582,4378.333496,4366.153809,4497.820313,4532.94873,4527.820313,4495.769043,4370.128418,4380.256348,4551.794922,4490.384766,4484.358887,4380.384766,4568.205078,4366.153809,4538.077148,4482.820313,4371.666504,4507.563965,4483.974121,2738,1,25,2304,45850,,,,0,4,4,4,4,4,4,4,4,4,4,4,4,4,4,4,4,4,4,4,4,4,4,4,4,4,4,4,4,4,4,4,4,100,,,,,,,,,,,,,,,,,,,,,,,,,,,,,,,,,,,,,,,,,,,,,,,,,,,,,,,,,,,,,,,,,,,,,,,,,,,,,,,,,,,,,,,,,,,,,,,,,,,,,,,,,,,,,,,,,,,,,,,,,,,,,,,,,,,,,,,,,,,,,,,,,,,,,,,,,,,,,,,,,,,,,,,,,,,,,,,,,,,,,,,,,,,,,,,,,,,,,,,,,,,,,,
1764665234.855067,44965,0,4368.589844,4374.230957,4485.384766,4507.307617,4372.179688,4492.307617,4519.871582,4360.641113,4542.05127,4360.641113,4490.256348,4488.974121,4554.102539,4381.025879,4371.538574,4502.563965,4541.282227,4534.102539,4501.153809,4376.922852,4385.897461,4559.230957,4496.410156,4488.717773,4392.692383,4573.461426,4373.717773,4545,4487.05127,4377.436035,4513.333496,4487.820313,2778,1,25,2304,45850,,,,0,4,4,4,4,4,4,4,4,4,4,4,4,4,4,4,4,4,4,4,4,4,4,4,4,4,4,4,4,4,4,4,4,100,,,,,,,,,,,,,,,,,,,,,,,,,,,,,,,,,,,27625,0,0.263696,-0.599854,-0.73291,0.182983,0.976193,0.2178,0.056159,23.666666,29,46.166668,,,,,,,,,,,,,,,,,,,,,,,,,,,,,,,,,,,,,,,,,,,,,,,,,,,,,,,,,,,,,,,,,,,,,,,,,,,,,,,,,,,,,,,,,,,,,,,,,,,,,,,,,,,,,,,,,,,,,,,,,,,,,,,,,,,,,,,,,,,,,,,,,,,,,,,,,,,,,,,,
1764665234.858974,44966,0,4376.282227,4379.102539,4490.256348,4514.230957,4379.743652,4499.358887,4530.641113,4368.205078,4549.743652,4366.410156,4495.897461,4497.563965,4560,4387.563965,4377.94873,4508.846191,4549.358887,4540.256348,4507.692383,4384.487305,4393.589844,4568.333496,4504.358887,4493.461426,4403.461426,4579.487305,4381.666504,4552.692383,4492.436035,4385.512695,4520.769043,4495.769043,2786,1,25,2560,45858,,,,0,4,4,4,4,4,4,4,4,4,4,4,4,4,4,4,4,4,4,4,4,4,4,4,4,4,4,4,4,4,4,4,4,100,,,,,,,,,,,,,,,,,,,,,,,,,,,,,,,,,,,,,,,,,,,,,,,,,,,,,,,,,,,,,,,,,,,,,,,,,,,,,,,,,,,,,,,,,,,,,,,,,,,,,,,,,,,,,,,,,,,,,,,,,,,,,,,,,,,,,,,,,,,,,,,,,,,,,,,,,,,,,,,,,,,,,,,,,,,,,,,,,,,,,,,,,,,,,,,,,,,,,,,,,,,,,,
1764665234.862881,44967,0,4382.307617,4384.615234,4494.358887,4518.846191,4387.436035,4506.025879,4539.230957,4375.641113,4556.025879,4375.384766,4500.512695,4506.794922,4566.282227,4394.615234,4382.94873,4514.230957,4554.615234,4544.615234,4512.820313,4389.871582,4399.743652,4575.641113,4510.769043,4497.94873,4409.102539,4583.333496,4386.666504,4558.461426,4496.666504,4393.333496,4527.05127,4503.974121,2972,1,25,2560,45858,,,,0,4,4,4,4,4,4,4,4,4,4,4,4,4,4,4,4,4,4,4,4,4,4,4,4,4,4,4,4,4,4,4,4,100,,,,,,,,,,,,,,,,,,,,,,,,,,,,,,,,,,,,,,,,,,,,,,,,,,,,,,,,,,,,,,,,,,,,,,,,,,,,,,,,,,,,,,,,,,,,,,,,,,,,,,,,,,,,,,,,,,,,,,,,,,,,,,,,,,,,,,,,,,,,,,,,,,,,,,,,,,,,,,,,,,,,,,,,,,,,,,,,,,,,,,,,,,,,,,,,,,,,,,,,,,,,,,
1764665234.866788,44968,0,4384.615234,4389.102539,4496.025879,4519.615234,4391.153809,4509.102539,4542.563965,4379.871582,4557.94873,4383.461426,4502.05127,4512.179688,4571.538574,4398.717773,4384.102539,4516.538574,4557.563965,4546.922852,4515.769043,4392.05127,4402.692383,4579.102539,4514.487305,4501.922852,4408.205078,4584.102539,4388.205078,4561.538574,4498.461426,4399.487305,4530.384766,4508.461426,2849,1,25,2560,45866,,,,0,4,4,4,4,4,4,4,4,4,4,4,4,4,4,4,4,4,4,4,4,4,4,4,4,4,4,4,4,4,4,4,4,100,,,,,,,,,,,,,,,,,,,,,,,,,,,,,,,,,,,,,,,,,,,,,,,,,,,,,,,,,,,,,,,,,,,,,,,,,,,,,,,,,,,,,,,,,,,,,,,,,,,,,,,,,,,,,,,,,,,,,,,,,,,,,,,,,,,,,,,,,,,,,,,,,,,,,,,,,,,,,,,,,,,,,,,,,,,,,,,,,,,,,,,,,,,,,,,,,,,,,,,,,,,,,,
1764665234.870696,44969,0,4383.717773,4391.410156,4495.769043,4517.436035,4390.128418,4508.333496,4541.794922,4380.769043,4557.179688,4387.179688,4500.897461,4511.794922,4574.358887,4398.846191,4381.922852,4515.512695,4559.743652,4548.077148,4516.922852,4392.307617,4403.077148,4579.743652,4516.282227,4505.512695,4401.922852,4582.94873,4387.94873,4563.205078,4498.846191,4403.205078,4531.410156,4508.205078,2703,1,25,2560,45866,,,,0,4,4,4,4,4,4,4,4,4,4,4,4,4,4,4,4,4,4,4,4,4,4,4,4,4,4,4,4,4,4,4,4,100,,,,,,,,,,,,,,,,,,,,,,,,,,,,,,,,,,,27626,0,0.263611,-0.599854,-0.732971,0.182861,0.978147,0.217312,0.045904,24,28.666666,44.5,,,,,,,,,,,,,,,,,,,,,,,,,,,,,,,,,,,,,,,,,,,,,,,,,,,,,,,,,,,,,,,,,,,,,,,,,,,,,,,,,,,,,,,,,,,,,,,,,,,,,,,,,,,,,,,,,,,,,,,,,,,,,,,,,,,,,,,,,,,,,,,,,,,,,,,,,,,,,,,,
1764665234.874603,44970,0,4382.563965,4391.922852,4496.282227,4515.256348,4387.563965,4506.410156,4541.410156,4380.384766,4557.307617,4386.538574,4500,4508.205078,4575,4397.179688,4379.615234,4512.820313,4562.179688,4549.358887,4517.436035,4393.205078,4403.077148,4580.512695,4518.589844,4509.358887,4395.384766,4582.05127,4389.487305,4565.641113,4499.743652,4405.128418,4532.307617,4505.769043,2272,1,25,2561,45874,,,,0,4,4,4,4,4,4,4,4,4,4,4,4,4,4,4,4,4,4,4,4,4,4,4,4,4,4,4,4,4,4,4,4,100,,,,,,,,,,,,,,,,,,,,,,,,,,,,,,,,,,,,,,,,,,,,,,,,,,,,,,,,,,,,,,,,,,,,,,,,,,,,,,,,,,,,,,,,,,,,,,,,,,,,,,,,,,,,,,,,,,,,,,,,,,,,,,,,,,,,,,,,,,,,,,,,,,,,,,,,,,,,,,,,,,,,,,,,,,,,,,,,,,,,,,,,,,,,,,,,,,,,,,,,,,,,,,
1764665234.878510,44971,0,4384.358887,4392.820313,4500.641113,4516.282227,4388.205078,4508.077148,4545,4382.05127,4561.282227,4384.871582,4501.538574,4506.282227,4574.871582,4396.794922,4380.384766,4510.897461,4565.384766,4551.025879,4517.563965,4396.282227,4404.615234,4583.717773,4522.820313,4514.102539,4394.358887,4583.461426,4394.871582,4570,4503.205078,4406.538574,4535.769043,4506.153809,2679,1,25,2561,45874,,,,0,4,4,4,4,4,4,4,4,4,4,4,4,4,4,4,4,4,4,4,4,4,4,4,4,4,4,4,4,4,4,4,4,100,,,,,,,,,,,,,,,,,,,,,,,,,,,,,,,,,,,,,,,,,,,,,,,,,,,,,,,,,,,,,,,,,,,,,,,,,,,,,,,,,,,,,,,,,,,,,,,,,,,,,,,,,,,,,,,,,,,,,,,,,,,,,,,,,,,,,,,,,,,,,,,,,,,,,,,,,,,,,,,,,,,,,,,,,,,,,,,,,,,,,,,,,,,,,,,,,,,,,,,,,,,,,,
1764665234.882417,44972,0,4389.230957,4395.512695,4508.077148,4520.769043,4393.205078,4514.487305,4552.05127,4387.05127,4567.94873,4386.410156,4505,4508.461426,4575.256348,4398.846191,4383.974121,4510.384766,4567.820313,4551.538574,4516.666504,4400.128418,4407.05127,4588.589844,4527.692383,4518.333496,4401.025879,4586.410156,4402.05127,4574.871582,4508.846191,4407.94873,4540.897461,4511.025879,2483,1,25,2562,45882,,,,0,4,4,4,4,4,4,4,4,4,4,4,4,4,4,4,4,4,4,4,4,4,4,4,4,4,4,4,4,4,4,4,4,100,,,,,,,,,,,,,,,,,,,,,,,,,,,,,,,,,,,,,,,,,,,,,,,,,,,,,,,,,,,,,,,,,,,,,,,,,,,,,,,,,,,,,,,,,,,,,,,,,,,,,,,,,,,,,,,,,,,,,,,,,,,,,,,,,,,,,,,,,,,,,,,,,,,,,,,,,,,,,,,,,,,,,,,,,,,,,,,,,,,,,,,,,,,,,,,,,,,,,,,,,,,,,,
1764665234.886324,44973,0,4393.846191,4398.717773,4514.615234,4526.410156,4399.615234,4522.820313,4558.333496,4392.307617,4572.436035,4391.538574,4506.666504,4512.179688,4574.743652,4401.153809,4385.769043,4509.358887,4566.538574,4548.205078,4512.820313,4400.384766,4406.410156,4590.641113,4529.358887,4518.461426,4410.256348,4587.692383,4405.769043,4577.179688,4513.589844,4408.333496,4543.717773,4517.05127,2227,1,25,2562,45882,,,,0,4,4,4,4,4,4,4,4,4,4,4,4,4,4,4,4,4,4,4,4,4,4,4,4,4,4,4,4,4,4,4,4,100,,,,,,,,,,,,,,,,,,,,,,,,,,,,,,,,,,,27627,0,0.263569,-0.599854,-0.732971,0.182922,0.972775,0.20901,0.047369,22.666666,28.833334,42.666668,,,,,,,,,,,,,,,,,,,,,,,,,,,,,,,,,,,,,,,,,,,,,,,,,,,,,,,,,,,,,,,,,,,,,,,,,,,,,,,,,,,,,,,,,,,,,,,,,,,,,,,,,,,,,,,,,,,,,,,,,,,,,,,,,,,,,,,,,,,,,,,,,,,,,,,,,,,,,,,,
1764665234.890232,44974,0,4393.717773,4399.230957,4515.128418,4528.846191,4401.922852,4527.307617,4558.717773,4393.589844,4569.871582,4396.538574,4503.589844,4512.820313,4571.025879,4400.256348,4381.153809,4505.512695,4559.743652,4539.743652,4505.384766,4393.846191,4399.871582,4585.769043,4524.743652,4511.666504,4413.205078,4584.230957,4401.282227,4573.846191,4513.717773,4406.025879,4539.871582,4518.333496,2698,1,25,2563,45889,,,,0,4,4,4,4,4,4,4,4,4,4,4,4,4,4,4,4,4,4,4,4,4,4,4,4,4,4,4,4,4,4,4,4,100,,,,,,,,,,,,,,,,,,,,,,,,,,,,,,,,,,,,,,,,,,,,,,,,,,,,,,,,,,,,,,,,,,,,,,,,,,,,,,,,,,,,,,,,,,,,,,,,,,,,,,,,,,,,,,,,,,,,,,,,,,,,,,,,,,,,,,,,,,,,,,,,,,,,,,,,,,,,,,,,,,,,,,,,,,,,,,,,,,,,,,,,,,,,,,,,,,,,,,,,,,,,,,
1764665234.894139,44975,0,4387.179688,4395.512695,4508.333496,4526.025879,4398.333496,4524.487305,4552.05127,4388.974121,4560.384766,4395.769043,4496.410156,4508.461426,4563.974121,4395.128418,4370.512695,4499.102539,4548.717773,4528.717773,4496.410156,4381.922852,4389.102539,4574.230957,4515.256348,4499.358887,4404.615234,4575.769043,4390.256348,4565.256348,4508.205078,4400.641113,4529.615234,4511.922852,2487,1,25,2563,45889,,,,0,4,4,4,4,4,4,4,4,4,4,4,4,4,4,4,4,4,4,4,4,4,4,4,4,4,4,4,4,4,4,4,4,100,,,,,,,,,,,,,,,,,,,,,,,,,,,,,,,,,,,,,,,,,,,,,,,,,,,,,,,,,,,,,,,,,,,,,,,,,,,,,,,,,,,,,,,,,,,,,,,,,,,,,,,,,,,,,,,,,,,,,,,,,,,,,,,,,,,,,,,,,,,,,,,,,,,,,,,,,,,,,,,,,,,,,,,,,,,,,,,,,,,,,,,,,,,,,,,,,,,,,,,,,,,,,,
1764665234.898046,44976,0,4377.563965,4389.487305,4497.820313,4519.871582,4391.153809,4515.512695,4542.179688,4381.666504,4549.615234,4388.205078,4488.846191,4501.794922,4556.410156,4388.589844,4359.743652,4493.077148,4538.205078,4520,4490.256348,4370.897461,4379.615234,4561.666504,4506.025879,4486.794922,4387.692383,4565.769043,4378.846191,4555.769043,4499.743652,4393.589844,4518.077148,4500.897461,2855,1,25,2564,45897,,,,0,4,4,4,4,4,4,4,4,4,4,4,4,4,4,4,4,4,4,4,4,4,4,4,4,4,4,4,4,4,4,4,4,100,,,,,,,,,,,,,,,,,,,,,,,,,,,,,,,,,,,,,,,,,,,,,,,,,,,,,,,,,,,,,,,,,,,,,,,,,,,,,,,,,,,,,,,,,,,,,,,,,,,,,,,,,,,,,,,,,,,,,,,,,,,,,,,,,,,,,,,,,,,,,,,,,,,,,,,,,,,,,,,,,,,,,,,,,,,,,,,,,,,,,,,,,,,,,,,,,,,,,,,,,,,,,,
1764665234.901953,44977,0,4371.025879,4385.128418,4489.615234,4514.358887,4385.128418,4505.384766,4535.128418,4376.922852,4544.487305,4377.692383,4484.871582,4497.179688,4552.307617,4385,4356.025879,4490.769043,4532.820313,4517.820313,4490.128418,4366.666504,4376.282227,4554.871582,4502.05127,4479.615234,4373.077148,4559.102539,4373.589844,4550.897461,4493.077148,4387.436035,4511.666504,4491.153809,2902,1,25,2564,45897,,,,0,4,4,4,4,4,4,4,4,4,4,4,4,4,4,4,4,4,4,4,4,4,4,4,4,4,4,4,4,4,4,4,4,100,,,,,,,,,,,,,,,,,,,,,,,,,,,,,,,,,,,27628,0,0.263472,-0.599915,-0.732971,0.182861,0.976193,0.216823,0.050299,24.5,27.333334,44.166668,,,,,,,,,,,,,,,,,,,,,,,,,,,,,,,,,,,,,,,,,,,,,,,,,,,,,,,,,,,,,,,,,,,,,,,,,,,,,,,,,,,,,,,,,,,,,,,,,,,,,,,,,,,,,,,,,,,,,,,,,,,,,,,,,,,,,,,,,,,,,,,,,,,,,,,,,,,,,,,,
1764665234.905860,44978,0,4371.410156,4384.871582,4487.307617,4512.94873,4383.205078,4500,4534.358887,4377.563965,4547.179688,4370.384766,4485.769043,4497.436035,4553.205078,4386.666504,4362.179688,4492.692383,4534.615234,4522.179688,4495.512695,4370.512695,4379.743652,4556.666504,4504.358887,4480.384766,4371.282227,4558.333496,4375.641113,4552.05127,4491.538574,4384.487305,4512.307617,4487.05127,1753,1,25,2565,45905,,,,0,4,4,4,4,4,4,4,4,4,4,4,4,4,4,4,4,4,4,4,4,4,4,4,4,4,4,4,4,4,4,4,4,100,,,,,,,,,,,,,,,,,,,,,,,,,,,,,,,,,,,,,,,,,,,,,,,,,,,,,,,,,,,,,,,,,,,,,,,,,,,,,,,,,,,,,,,,,,,,,,,,,,,,,,,,,,,,,,,,,,,,,,,,,,,,,,,,,,,,,,,,,,,,,,,,,,,,,,,,,,,,,,,,,,,,,,,,,,,,,,,,,,,,,,,,,,,,,,,,,,,,,,,,,,,,,,
1764665234.909768,44979,0,4378.589844,4388.205078,4490.256348,4515.512695,4385.256348,4502.05127,4539.487305,4382.436035,4554.487305,4370.512695,4489.743652,4501.922852,4557.692383,4392.307617,4374.102539,4497.436035,4541.794922,4530,4502.94873,4378.589844,4386.025879,4563.974121,4510.128418,4486.922852,4383.846191,4562.307617,4381.538574,4556.538574,4494.871582,4385.384766,4517.179688,4488.205078,2943,1,25,2565,45905,,,,0,4,4,4,4,4,4,4,4,4,4,4,4,4,4,4,4,4,4,4,4,4,4,4,4,4,4,4,4,4,4,4,4,100,,,,,,,,,,,,,,,,,,,,,,,,,,,,,,,,,,,,,,,,,,,,,,,,,,,,,,,,,,,,,,,,,,,,,,,,,,,,,,,,,,,,,,,,,,,,,,,,,,,,,,,,,,,,,,,,,,,,,,,,,,,,,,,,,,,,,,,,,,,,,,,,,,,,,,,,,,,,,,,,,,,,,,,,,,,,,,,,,,,,,,,,,,,,,,,,,,,,,,,,,,,,,,
1764665234.913675,44980,0,4388.333496,4392.820313,4495.384766,4519.743652,4389.230957,4509.487305,4546.153809,4388.077148,4561.025879,4377.94873,4494.102539,4507.436035,4562.436035,4397.94873,4384.743652,4503.205078,4550.641113,4537.179688,4508.333496,4385.384766,4391.410156,4571.666504,4515.384766,4494.358887,4402.307617,4567.94873,4386.666504,4560.256348,4500.128418,4389.487305,4521.794922,4491.666504,2510,1,25,2562,45913,,,,0,4,4,4,4,4,4,4,4,4,4,4,4,4,4,4,4,4,4,4,4,4,4,4,4,4,4,4,4,4,4,4,4,100,,,,,,,,,,,,,,,,,,,,,,,,,,,,,,,,,,,,,,,,,,,,,,,,,,,,,,,,,,,,,,,,,,,,,,,,,,,,,,,,,,,,,,,,,,,,,,,,,,,,,,,,,,,,,,,,,,,,,,,,,,,,,,,,,,,,,,,,,,,,,,,,,,,,,,,,,,,,,,,,,,,,,,,,,,,,,,,,,,,,,,,,,,,,,,,,,,,,,,,,,,,,,,
1764665234.917582,44981,0,4395.769043,4396.922852,4499.743652,4523.461426,4393.077148,4517.692383,4550.641113,4391.666504,4563.333496,4389.102539,4496.922852,4511.794922,4566.025879,4400.384766,4388.974121,4508.205078,4557.179688,4541.538574,4510.641113,4388.461426,4394.487305,4576.282227,4518.077148,4498.846191,4414.615234,4572.179688,4388.974121,4561.794922,4504.487305,4395.128418,4524.230957,4494.358887,2811,1,25,2562,45913,,,,0,4,4,4,4,4,4,4,4,4,4,4,4,4,4,4,4,4,4,4,4,4,4,4,4,4,4,4,4,4,4,4,4,100,,,,,,,,,,,,,,,,,,,,,,,,,,,,,,,,,,,27629,0,0.263696,-0.599854,-0.73291,0.182983,0.977658,0.206568,0.059089,25.333334,29,42.833332,,,,,,,,,,,,,,,,,,,,,,,,,,,,,,,,,,,,,,,,,,,,,,,,,,,,,,,,,,,,,,,,,,,,,,,,,,,,,,,,,,,,,,,,,,,,,,,,,,,,,,,,,,,,,,,,,,,,,,,,,,,,,,,,,,,,,,,,,,,,,,,,,,,,,,,,,,,,,,,,
1764665234.921489,44982,0,4398.717773,4399.358887,4502.436035,4525.897461,4395.897461,4522.94873,4551.922852,4392.179688,4561.410156,4399.358887,4498.717773,4513.974121,4568.461426,4399.358887,4386.282227,4511.282227,4560,4542.820313,4510.512695,4388.717773,4396.153809,4577.05127,4518.717773,4499.743652,4414.615234,4574.358887,4389.358887,4562.05127,4506.410156,4400.128418,4525.256348,4495.897461,2919,1,25,2563,45921,,,,0,4,4,4,4,4,4,4,4,4,4,4,4,4,4,4,4,4,4,4,4,4,4,4,4,4,4,4,4,4,4,4,4,100,,,,,,,,,,,,,,,,,,,,,,,,,,,,,,,,,,,,,,,,,,,,,,,,,,,,,,,,,,,,,,,,,,,,,,,,,,,,,,,,,,,,,,,,,,,,,,,,,,,,,,,,,,,,,,,,,,,,,,,,,,,,,,,,,,,,,,,,,,,,,,,,,,,,,,,,,,,,,,,,,,,,,,,,,,,,,,,,,,,,,,,,,,,,,,,,,,,,,,,,,,,,,,
1764665234.925397,44983,0,4397.436035,4399.615234,4503.333496,4526.666504,4397.563965,4524.358887,4551.025879,4390.769043,4557.179688,4404.871582,4500.897461,4514.230957,4569.615234,4396.666504,4380,4510.897461,4559.487305,4540.897461,4509.230957,4388.077148,4397.05127,4575.641113,4518.589844,4498.333496,4405.641113,4575.512695,4389.230957,4562.563965,4507.05127,4402.94873,4526.538574,4497.563965,2836,1,25,2563,45921,,,,0,4,4,4,4,4,4,4,4,4,4,4,4,4,4,4,4,4,4,4,4,4,4,4,4,4,4,4,4,4,4,4,4,100,,,,,,,,,,,,,,,,,,,,,,,,,,,,,,,,,,,,,,,,,,,,,,,,,,,,,,,,,,,,,,,,,,,,,,,,,,,,,,,,,,,,,,,,,,,,,,,,,,,,,,,,,,,,,,,,,,,,,,,,,,,,,,,,,,,,,,,,,,,,,,,,,,,,,,,,,,,,,,,,,,,,,,,,,,,,,,,,,,,,,,,,,,,,,,,,,,,,,,,,,,,,,,
1764665234.929304,44984,0,4394.102539,4397.820313,4502.563965,4525.256348,4397.94873,4523.077148,4549.487305,4389.230957,4552.820313,4403.846191,4503.717773,4513.077148,4568.846191,4394.487305,4373.846191,4506.282227,4556.922852,4536.794922,4507.05127,4387.820313,4396.794922,4573.846191,4518.589844,4496.794922,4397.05127,4576.922852,4389.615234,4563.333496,4507.307617,4403.461426,4528.461426,4499.743652,2753,1,25,2563,45928,,,,0,4,4,4,4,4,4,4,4,4,4,4,4,4,4,4,4,4,4,4,4,4,4,4,4,4,4,4,4,4,4,4,4,100,,,,,,,,,,,,,,,,,,,,,,,,,,,,,,,,,,,,,,,,,,,,,,,,,,,,,,,,,,,,,,,,,,,,,,,,,,,,,,,,,,,,,,,,,,,,,,,,,,,,,,,,,,,,,,,,,,,,,,,,,,,,,,,,,,,,,,,,,,,,,,,,,,,,,,,,,,,,,,,,,,,,,,,,,,,,,,,,,,,,,,,,,,,,,,,,,,,,,,,,,,,,,,
1764665234.933211,44985,0,4391.666504,4395.769043,4500.897461,4522.179688,4397.307617,4521.025879,4548.717773,4388.589844,4549.743652,4397.692383,4506.025879,4511.153809,4565.769043,4393.974121,4370.256348,4498.846191,4554.358887,4532.563965,4504.871582,4387.94873,4395.769043,4572.820313,4518.846191,4496.025879,4396.282227,4579.358887,4390.769043,4564.102539,4508.461426,4403.077148,4530.641113,4501.666504,2810,1,25,2563,45928,,,,0,4,4,4,4,4,4,4,4,4,4,4,4,4,4,4,4,4,4,4,4,4,4,4,4,4,4,4,4,4,4,4,4,100,,,,,,,,,,,,,,,,,,,,,,,,,,,,,,,,,,,27630,0,0.26375,-0.599792,-0.73291,0.183105,0.96838,0.215847,0.048346,24.666666,29.166666,43.5,,,,,,,,,,,,,,,,,,,,,,,,,,,,,,,,,,,,,,,,,,,,,,,,,,,,,,,,,,,,,,,,,,,,,,,,,,,,,,,,,,,,,,,,,,,,,,,,,,,,,,,,,,,,,,,,,,,,,,,,,,,,,,,,,,,,,,,,,,,,,,,,,,,,,,,,,,,,,,,,
1764665234.937118,44986,0,4392.563965,4395.641113,4500,4520.128418,4397.307617,4520.641113,4549.871582,4389.230957,4548.974121,4390.384766,4507.05127,4509.871582,4562.179688,4395,4370.128418,4492.94873,4553.717773,4530.769043,4503.717773,4388.077148,4395.256348,4572.94873,4519.615234,4496.794922,4403.974121,4582.692383,4392.563965,4565,4511.025879,4403.974121,4532.692383,4502.563965,1950,1,25,2564,45936,,,,0,4,4,4,4,4,4,4,4,4,4,4,4,4,4,4,4,4,4,4,4,4,4,4,4,4,4,4,4,4,4,4,4,100,,,,,,,,,,,,,,,,,,,,,,,,,,,,,,,,,,,,,,,,,,,,,,,2.945822,3.052351,0.492593,0.769102,0.545263,3.499815,2.819821,0.357943,0.882882,0.623689,1.627018,3.463293,0.500135,0.828842,0.958235,0.902905,3.656877,0.657472,0.861698,0.753832,2.501434,2.752376,0.423547,0.680621,0.555224,2.747823,3.403163,0.354524,0.725321,0.578676,2.124136,2.749083,0.745175,0.769949,0.68095,2.245947,3.338988,0.792626,0.857745,0.828598,1.364447,3.451338,0.718624,0.589568,0.74749,0.805137,3.357434,0.901855,1.808155,1.221947,1.604867,1.900217,0.449836,0.515166,0.513368,3.148777,3.261994,0.343835,0.63532,0.544548,1.786686,2.317243,0.703503,0.551994,0.565184,0.656643,0.931401,0.410441,0.422569,0.429358,0.184588,0.513296,0.458166,0.717921,0.734239,0.878362,1.215765,0.650492,0.468737,0.473635,3.189139,5.413483,0.646573,0.742256,0.570351,1.204621,2.6685,1.135939,0.766709,0.615888,0.485584,2.123117,0.986015,0.481631,0.35344,0.887814,1.941348,0.849291,0.755135,0.676169,1.795649,3.242673,1.536771,0.884028,0.546492,2.838985,5.463112,1.117415,0.980065,0.623263,3.427675,3.566605,0.422176,0.602025,0.540864,3.057036,2.816054,0.866086,1.121319,0.700769,2.350107,7.105418,1.392306,1.294962,1.644278,2.480456,2.211634,0.46731,0.867672,0.646783,3.677628,2.619732,0.512279,1.069488,0.812006,3.980407,3.700671,0.430019,0.924816,0.610623,2.442271,1.576901,0.207862,0.465422,0.272839,4.215079,2.071274,0.60032,0.958237,0.678405,4.55193,2.462548,0.429852,0.919751,0.680571,2.965313,2.648005,0.424483,0.996712,0.834039
1764665234.941025,44987,0,4397.307617,4398.589844,4500.769043,4521.794922,4398.974121,4523.077148,4553.333496,4390.512695,4550.641113,4386.025879,4506.666504,4511.153809,4560.256348,4397.307617,4372.692383,4492.307617,4556.282227,4533.205078,4504.871582,4388.205078,4396.025879,4574.615234,4521.282227,4499.358887,4414.230957,4586.794922,4395,4566.025879,4513.974121,4407.05127,4534.102539,4501.794922,2632,1,25,2564,45936,,,,0,4,4,4,4,4,4,4,4,4,4,4,4,4,4,4,4,4,4,4,4,4,4,4,4,4,4,4,4,4,4,4,4,100,,,,,,,,,,,,,,,,,,,,,,,,,,,,,,,,,,,,,,,,,,,,,,,,,,,,,,,,,,,,,,,,,,,,,,,,,,,,,,,,,,,,,,,,,,,,,,,,,,,,,,,,,,,,,,,,,,,,,,,,,,,,,,,,,,,,,,,,,,,,,,,,,,,,,,,,,,,,,,,,,,,,,,,,,,,,,,,,,,,,,,,,,,,,,,,,,,,,,,,,,,,,,,
1764665234.944933,44988,0,4403.205078,4402.94873,4502.692383,4527.563965,4402.692383,4528.205078,4557.692383,4391.922852,4554.230957,4386.410156,4505.512695,4515.256348,4562.307617,4399.615234,4376.794922,4498.205078,4561.153809,4538.333496,4507.94873,4388.461426,4397.820313,4577.94873,4523.974121,4503.077148,4420.512695,4591.282227,4397.436035,4567.436035,4516.025879,4410.769043,4534.743652,4500.641113,2685,1,25,2560,45944,,,,0,4,4,4,4,4,4,4,4,4,4,4,4,4,4,4,4,4,4,4,4,4,4,4,4,4,4,4,4,4,4,4,4,100,,,,,,,,,,,,,,,,,,,,,,,,,,,,,,,,,,,,,,,,,,,,,,,,,,,,,,,,,,,,,,,,,,,,,,,,,,,,,,,,,,,,,,,,,,,,,,,,,,,,,,,,,,,,,,,,,,,,,,,,,,,,,,,,,,,,,,,,,,,,,,,,,,,,,,,,,,,,,,,,,,,,,,,,,,,,,,,,,,,,,,,,,,,,,,,,,,,,,,,,,,,,,,
1764665234.948840,44989,0,4407.05127,4406.538574,4504.102539,4534.358887,4406.922852,4533.846191,4560.769043,4393.461426,4558.846191,4390.897461,4505,4521.282227,4568.461426,4400.897461,4380.512695,4507.692383,4566.410156,4544.230957,4511.282227,4388.846191,4400.128418,4582.179688,4526.922852,4507.307617,4421.666504,4595.128418,4399.487305,4569.743652,4516.538574,4412.307617,4535,4500.641113,2505,1,25,2560,45944,,,,0,4,4,4,4,4,4,4,4,4,4,4,4,4,4,4,4,4,4,4,4,4,4,4,4,4,4,4,4,4,4,4,4,100,,,,,,,,,,,,,,,,,,,,,,,,,,,,,,,,,,,27631,0,0.26375,-0.599792,-0.73291,0.183105,0.970822,0.20608,0.055183,23.666666,29,45,,,,,,,,,,,,,,,,,,,,,,,,,,,,,,,,,,,,,,,,,,,,,,,,,,,,,,,,,,,,,,,,,,,,,,,,,,,,,,,,,,,,,,,,,,,,,,,,,,,,,,,,,,,,,,,,,,,,,,,,,,,,,,,,,,,,,,,,,,,,,,,,,,,,,,,,,,,,,,,,
1764665234.952747,44990,0,4407.436035,4408.205078,4504.358887,4538.461426,4410.128418,4538.333496,4561.794922,4395.384766,4563.717773,4397.179688,4506.153809,4526.794922,4576.794922,4400.512695,4382.820313,4516.794922,4570.512695,4549.230957,4513.717773,4389.743652,4402.692383,4586.282227,4529.230957,4510.897461,4420.641113,4597.179688,4400.641113,4573.461426,4516.282227,4410.512695,4535.769043,4502.94873,2652,1,25,1536,45952,,,,0,4,4,4,4,4,4,4,4,4,4,4,4,4,4,4,4,4,4,4,4,4,4,4,4,4,4,4,4,4,4,4,4,100,,,,,,,,,,,,,,,,,,,,,,,,,,,,,,,,,,,,,,,,,,,,,,,,,,,,,,,,,,,,,,,,,,,,,,,,,,,,,,,,,,,,,,,,,,,,,,,,,,,,,,,,,,,,,,,,,,,,,,,,,,,,,,,,,,,,,,,,,,,,,,,,,,,,,,,,,,,,,,,,,,,,,,,,,,,,,,,,,,,,,,,,,,,,,,,,,,,,,,,,,,,,,,
1764665234.956654,44991,0,4406.282227,4408.333496,4502.820313,4537.820313,4411.666504,4540.769043,4561.666504,4397.563965,4567.94873,4402.436035,4509.743652,4529.615234,4584.230957,4398.717773,4382.692383,4521.794922,4573.077148,4552.94873,4515.256348,4391.282227,4405.384766,4588.974121,4530.384766,4513.461426,4419.230957,4597.05127,4400.769043,4578.205078,4516.282227,4406.922852,4537.05127,4506.794922,2821,1,25,1536,45952,,,,0,4,4,4,4,4,4,4,4,4,4,4,4,4,4,4,4,4,4,4,4,4,4,4,4,4,4,4,4,4,4,4,4,100,,,,,,,,,,,,,,,,,,,,,,,,,,,,,,,,,,,,,,,,,,,,,,,,,,,,,,,,,,,,,,,,,,,,,,,,,,,,,,,,,,,,,,,,,,,,,,,,,,,,,,,,,,,,,,,,,,,,,,,,,,,,,,,,,,,,,,,,,,,,,,,,,,,,,,,,,,,,,,,,,,,,,,,,,,,,,,,,,,,,,,,,,,,,,,,,,,,,,,,,,,,,,,
1764665234.960561,44992,0,4405.769043,4407.436035,4500.384766,4533.205078,4411.410156,4540.769043,4561.666504,4399.102539,4570.641113,4404.615234,4514.871582,4529.102539,4588.077148,4396.538574,4379.743652,4521.794922,4574.230957,4555.128418,4516.666504,4392.820313,4407.94873,4589.743652,4529.871582,4514.230957,4416.153809,4595,4399.487305,4582.436035,4516.666504,4403.717773,4538.205078,4509.358887,2753,1,25,1536,45960,,,,0,4,4,4,4,4,4,4,4,4,4,4,4,4,4,4,4,4,4,4,4,4,4,4,4,4,4,4,4,4,4,4,4,100,,,,,,,,,,,,,,,,,,,,,,,,,,,,,,,,,,,,,,,,,,,,,,,,,,,,,,,,,,,,,,,,,,,,,,,,,,,,,,,,,,,,,,,,,,,,,,,,,,,,,,,,,,,,,,,,,,,,,,,,,,,,,,,,,,,,,,,,,,,,,,,,,,,,,,,,,,,,,,,,,,,,,,,,,,,,,,,,,,,,,,,,,,,,,,,,,,,,,,,,,,,,,,
1764665234.964469,44993,0,4406.282227,4406.025879,4497.563965,4527.692383,4409.487305,4539.102539,4562.307617,4398.846191,4570.897461,4402.179688,4519.102539,4526.025879,4587.94873,4395.256348,4375.128418,4518.461426,4573.974121,4555.256348,4517.820313,4393.077148,4409.102539,4588.717773,4527.307617,4512.692383,4408.717773,4592.179688,4397.05127,4584.487305,4516.794922,4402.05127,4537.820313,4507.94873,2917,1,25,1536,45960,,,,0,4,4,4,4,4,4,4,4,4,4,4,4,4,4,4,4,4,4,4,4,4,4,4,4,4,4,4,4,4,4,4,4,100,,,,,,,,,,,,,,,,,,,,,,,,,,,,,,,,,,,27632,0,0.26375,-0.599792,-0.73291,0.183105,0.970822,0.20608,0.055183,24.166666,28.833334,44.666668,,,,,,,,,,,,,,,,,,,,,,,,,,,,,,,,,,,,,,,,,,,,,,,,,,,,,,,,,,,,,,,,,,,,,,,,,,,,,,,,,,,,,,,,,,,,,,,,,,,,,,,,,,,,,,,,,,,,,,,,,,,,,,,,,,,,,,,,,,,,,,,,,,,,,,,,,,,,,,,,
1764665234.968376,44994,0,4406.538574,4404.615234,4495.384766,4523.974121,4406.922852,4536.922852,4562.436035,4396.410156,4569.230957,4396.410156,4520.256348,4522.94873,4585.769043,4395.512695,4371.410156,4514.871582,4572.820313,4553.846191,4517.563965,4391.282227,4408.461426,4586.794922,4523.205078,4508.846191,4397.05127,4589.871582,4394.487305,4584.102539,4516.153809,4401.153809,4535.128418,4502.436035,2597,1,25,1792,45967,,,,0,4,4,4,4,4,4,4,4,4,4,4,4,4,4,4,4,4,4,4,4,4,4,4,4,4,4,4,4,4,4,4,4,100,,,,,,,,,,,,,,,,,,,,,,,,,,,,,,,,,,,,,,,,,,,,,,,,,,,,,,,,,,,,,,,,,,,,,,,,,,,,,,,,,,,,,,,,,,,,,,,,,,,,,,,,,,,,,,,,,,,,,,,,,,,,,,,,,,,,,,,,,,,,,,,,,,,,,,,,,,,,,,,,,,,,,,,,,,,,,,,,,,,,,,,,,,,,,,,,,,,,,,,,,,,,,,
1764665234.972283,44995,0,4405.128418,4403.077148,4493.846191,4523.461426,4404.615234,4535.641113,4561.410156,4393.077148,4567.436035,4389.743652,4517.179688,4522.05127,4583.974121,4397.307617,4371.153809,4513.333496,4571.282227,4551.666504,4515.128418,4387.563965,4406.153809,4585.128418,4519.230957,4504.487305,4386.410156,4588.974121,4393.077148,4582.179688,4514.743652,4400.256348,4531.025879,4495.512695,2852,1,25,1792,45967,,,,0,4,4,4,4,4,4,4,4,4,4,4,4,4,4,4,4,4,4,4,4,4,4,4,4,4,4,4,4,4,4,4,4,100,,,,,,,,,,,,,,,,,,,,,,,,,,,,,,,,,,,,,,,,,,,,,,,,,,,,,,,,,,,,,,,,,,,,,,,,,,,,,,,,,,,,,,,,,,,,,,,,,,,,,,,,,,,,,,,,,,,,,,,,,,,,,,,,,,,,,,,,,,,,,,,,,,,,,,,,,,,,,,,,,,,,,,,,,,,,,,,,,,,,,,,,,,,,,,,,,,,,,,,,,,,,,,
1764665234.976190,44996,0,4402.307617,4401.410156,4492.436035,4524.871582,4402.820313,4535.769043,4559.102539,4390.512695,4566.666504,4384.871582,4510.769043,4523.589844,4583.461426,4398.717773,4373.846191,4513.333496,4569.615234,4548.974121,4511.922852,4383.717773,4402.820313,4583.717773,4517.307617,4501.538574,4382.436035,4588.717773,4392.94873,4579.743652,4513.461426,4399.102539,4526.922852,4491.282227,2746,1,25,2048,45975,,,,0,4,4,4,4,4,4,4,4,4,4,4,4,4,4,4,4,4,4,4,4,4,4,4,4,4,4,4,4,4,4,4,4,100,,,,,,,,,,,,,,,,,,,,,,,,,,,,,,,,,,,,,,,,,,,,,,,,,,,,,,,,,,,,,,,,,,,,,,,,,,,,,,,,,,,,,,,,,,,,,,,,,,,,,,,,,,,,,,,,,,,,,,,,,,,,,,,,,,,,,,,,,,,,,,,,,,,,,,,,,,,,,,,,,,,,,,,,,,,,,,,,,,,,,,,,,,,,,,,,,,,,,,,,,,,,,,
1764665234.980097,44997,0,4398.589844,4398.974121,4491.025879,4525.384766,4401.153809,4536.538574,4556.410156,4389.230957,4566.153809,4382.820313,4504.102539,4525.512695,4582.563965,4397.692383,4376.410156,4512.563965,4567.05127,4545.384766,4509.487305,4380.897461,4399.230957,4581.922852,4517.436035,4501.025879,4387.05127,4587.563965,4393.077148,4577.05127,4512.436035,4398.205078,4523.846191,4491.794922,2785,1,25,2048,45975,,,,0,4,4,4,4,4,4,4,4,4,4,4,4,4,4,4,4,4,4,4,4,4,4,4,4,4,4,4,4,4,4,4,4,100,,,,,,,,,,,,,,,,,,,,,,,,,,,,,,,,,,,27633,0,0.263954,-0.599609,-0.732971,0.183167,0.96545,0.213893,0.047857,23.833334,29.166666,43.833332,,,,,,,,,,,,,,,,,,,,,,,,,,,,,,,,,,,,,,,,,,,,,,,,,,,,,,,,,,,,,,,,,,,,,,,,,,,,,,,,,,,,,,,,,,,,,,,,,,,,,,,,,,,,,,,,,,,,,,,,,,,,,,,,,,,,,,,,,,,,,,,,,,,,,,,,,,,,,,,,
1764665234.984005,44998,0,4395.128418,4396.025879,4490.512695,4523.461426,4398.717773,4536.153809,4554.487305,4388.333496,4564.230957,4383.333496,4500.256348,4525.256348,4579.871582,4393.846191,4375.512695,4509.743652,4563.333496,4541.025879,4508.333496,4379.871582,4396.666504,4579.871582,4518.333496,4501.922852,4396.282227,4584.871582,4392.05127,4573.846191,4511.666504,4398.077148,4522.05127,4496.410156,2791,1,25,2304,45983,,,,0,4,4,4,4,4,4,4,4,4,4,4,4,4,4,4,4,4,4,4,4,4,4,4,4,4,4,4,4,4,4,4,4,100,,,,,,,,,,,,,,,,,,,,,,,,,,,,,,,,,,,,,,,,,,,,,,,,,,,,,,,,,,,,,,,,,,,,,,,,,,,,,,,,,,,,,,,,,,,,,,,,,,,,,,,,,,,,,,,,,,,,,,,,,,,,,,,,,,,,,,,,,,,,,,,,,,,,,,,,,,,,,,,,,,,,,,,,,,,,,,,,,,,,,,,,,,,,,,,,,,,,,,,,,,,,,,
1764665234.987912,44999,0,4393.205078,4394.358887,4492.692383,4521.025879,4396.666504,4533.974121,4553.974121,4387.436035,4560.897461,4386.153809,4501.153809,4522.436035,4575.769043,4389.487305,4371.153809,4506.282227,4559.230957,4537.94873,4508.461426,4381.282227,4396.410156,4578.589844,4518.333496,4502.820313,4404.615234,4582.05127,4390.512695,4570.897461,4511.794922,4399.102539,4522.05127,4502.436035,2981,1,25,2304,45983,,,,0,4,4,4,4,4,4,4,4,4,4,4,4,4,4,4,4,4,4,4,4,4,4,4,4,4,4,4,4,4,4,4,4,100,,,,,,,,,,,,,,,,,,,,,,,,,,,,,,,,,,,,,,,,,,,,,,,,,,,,,,,,,,,,,,,,,,,,,,,,,,,,,,,,,,,,,,,,,,,,,,,,,,,,,,,,,,,,,,,,,,,,,,,,,,,,,,,,,,,,,,,,,,,,,,,,,,,,,,,,,,,,,,,,,,,,,,,,,,,,,,,,,,,,,,,,,,,,,,,,,,,,,,,,,,,,,,
1764665234.991819,45000,0,4393.717773,4396.025879,4498.077148,4521.282227,4396.538574,4530.512695,4554.743652,4387.436035,4558.846191,4391.153809,4505.897461,4518.461426,4572.692383,4388.077148,4366.922852,4504.615234,4556.410156,4537.94873,4509.743652,4385.128418,4398.974121,4579.358887,4517.05127,4502.94873,4408.974121,4581.922852,4390.256348,4570.128418,4513.077148,4400.897461,4523.974121,4507.436035,2860,1,25,2560,45991,,,,0,4,4,4,4,4,4,4,4,4,4,4,4,4,4,4,4,4,4,4,4,4,4,4,4,4,4,4,4,4,4,4,4,100,,,,,,,,,,,,,,,,,,,,,,,,,,,,,,,,,,,,,,,,,,,,,,,,,,,,,,,,,,,,,,,,,,,,,,,,,,,,,,,,,,,,,,,,,,,,,,,,,,,,,,,,,,,,,,,,,,,,,,,,,,,,,,,,,,,,,,,,,,,,,,,,,,,,,,,,,,,,,,,,,,,,,,,,,,,,,,,,,,,,,,,,,,,,,,,,,,,,,,,,,,,,,,
1764665234.995726,45001,0,4395.512695,4400.128418,4504.487305,4524.358887,4398.205078,4527.179688,4554.487305,4388.077148,4560,4397.307617,4510.384766,4515.128418,4572.179688,4390.512695,4365.384766,4505.769043,4555.897461,4540.897461,4511.025879,4389.743652,4402.436035,4581.282227,4515.256348,4501.794922,4410,4584.743652,4391.410156,4571.666504,4515.128418,4402.436035,4526.538574,4509.615234,2712,1,25,2560,45991,,,,0,4,4,4,4,4,4,4,4,4,4,4,4,4,4,4,4,4,4,4,4,4,4,4,4,4,4,4,4,4,4,4,4,100,,,,,,,,,,,,,,,,,,,,,,,,,,,,,,,,,,,27634,0,0.264051,-0.599548,-0.732971,0.183228,0.976193,0.2178,0.041997,24.5,29,44.5,,,,,,,,,,,,,,,,,,,,,,,,,,,,,,,,,,,,,,,,,,,,,,,,,,,,,,,,,,,,,,,,,,,,,,,,,,,,,,,,,,,,,,,,,,,,,,,,,,,,,,,,,,,,,,,,,,,,,,,,,,,,,,,,,,,,,,,,,,,,,,,,,,,,,,,,,,,,,,,,
1764665234.999633,45002,0,4395.641113,4402.94873,4507.436035,4526.794922,4399.230957,4524.871582,4551.025879,4387.692383,4563.077148,4401.282227,4510.128418,4512.436035,4573.333496,4394.230957,4366.922852,4507.692383,4555.641113,4543.717773,4510.512695,4392.05127,4403.333496,4581.666504,4513.333496,4498.717773,4408.461426,4587.692383,4392.05127,4573.077148,4516.153809,4402.563965,4527.563965,4508.461426,2280,1,25,2560,45999,,,,0,4,4,4,4,4,4,4,4,4,4,4,4,4,4,4,4,4,4,4,4,4,4,4,4,4,4,4,4,4,4,4,4,100,,,,,,,,,,,,,,,,,,,,,,,,,,,,,,,,,,,,,,,,,,,,,,,,,,,,,,,,,,,,,,,,,,,,,,,,,,,,,,,,,,,,,,,,,,,,,,,,,,,,,,,,,,,,,,,,,,,,,,,,,,,,,,,,,,,,,,,,,,,,,,,,,,,,,,,,,,,,,,,,,,,,,,,,,,,,,,,,,,,,,,,,,,,,,,,,,,,,,,,,,,,,,,
1764665235.003541,45003,0,4391.922852,4401.410156,4503.717773,4524.743652,4397.307617,4523.077148,4543.846191,4384.615234,4565.128418,4399.871582,4503.589844,4510,4573.461426,4395.769043,4369.487305,4507.692383,4553.333496,4543.077148,4507.563965,4390.128418,4399.871582,4577.94873,4511.666504,4494.615234,4404.615234,4587.436035,4390.641113,4571.153809,4514.487305,4400.512695,4525.897461,4504.743652,2694,1,25,2560,45999,,,,0,4,4,4,4,4,4,4,4,4,4,4,4,4,4,4,4,4,4,4,4,4,4,4,4,4,4,4,4,4,4,4,4,100,,,,,,,,,,,,,,,,,,,,,,,,,,,,,,,,,,,,,,,,,,,,,,,,,,,,,,,,,,,,,,,,,,,,,,,,,,,,,,,,,,,,,,,,,,,,,,,,,,,,,,,,,,,,,,,,,,,,,,,,,,,,,,,,,,,,,,,,,,,,,,,,,,,,,,,,,,,,,,,,,,,,,,,,,,,,,,,,,,,,,,,,,,,,,,,,,,,,,,,,,,,,,,
1764665235.007448,45004,0,4385.897461,4396.794922,4496.025879,4518.589844,4392.94873,4521.538574,4536.666504,4380,4564.743652,4393.974121,4494.615234,4508.205078,4571.410156,4393.974121,4372.05127,4505.256348,4549.487305,4538.846191,4503.846191,4385.512695,4394.615234,4571.153809,4511.025879,4492.563965,4399.487305,4583.846191,4388.846191,4566.922852,4510.769043,4398.333496,4523.461426,4501.538574,2494,1,25,2561,46007,,,,0,4,4,4,4,4,4,4,4,4,4,4,4,4,4,4,4,4,4,4,4,4,4,4,4,4,4,4,4,4,4,4,4,100,,,,,,,,,,,,,,,,,,,,,,,,,,,,,,,,,,,,,,,,,,,,,,,,,,,,,,,,,,,,,,,,,,,,,,,,,,,,,,,,,,,,,,,,,,,,,,,,,,,,,,,,,,,,,,,,,,,,,,,,,,,,,,,,,,,,,,,,,,,,,,,,,,,,,,,,,,,,,,,,,,,,,,,,,,,,,,,,,,,,,,,,,,,,,,,,,,,,,,,,,,,,,,
1764665235.011355,45005,0,4382.307617,4394.230957,4491.153809,4513.333496,4389.871582,4521.153809,4535.128418,4377.563965,4564.230957,4388.077148,4490,4507.692383,4568.846191,4391.666504,4374.615234,4503.077148,4546.922852,4534.487305,4502.563965,4382.307617,4392.179688,4565.769043,4512.05127,4495.897461,4396.153809,4580.512695,4389.615234,4564.487305,4507.820313,4399.230957,4523.717773,4501.922852,2239,1,25,2561,46007,,,,0,4,4,4,4,4,4,4,4,4,4,4,4,4,4,4,4,4,4,4,4,4,4,4,4,4,4,4,4,4,4,4,4,100,,,,,,,,,,,,,,,,,,,,,,,,,,,,,,,,,,,27635,0,0.263923,-0.599548,-0.733032,0.183167,0.976193,0.2178,0.041997,24,28.666666,46.166668,,,,,,,,,,,,,,,,,,,,,,,,,,,,,,,,,,,,,,,,,,,,,,,,,,,,,,,,,,,,,,,,,,,,,,,,,,,,,,,,,,,,,,,,,,,,,,,,,,,,,,,,,,,,,,,,,,,,,,,,,,,,,,,,,,,,,,,,,,,,,,,,,,,,,,,,,,,,,,,,
1764665235.015262,45006,0,4384.615234,4397.307617,4494.102539,4513.461426,4390.641113,4522.94873,4541.025879,4380.256348,4567.05127,4386.410156,4492.94873,4508.974121,4568.589844,4391.666504,4377.05127,4503.974121,4548.333496,4534.102539,4505.256348,4383.461426,4395.128418,4565.512695,4514.487305,4503.846191,4397.692383,4581.025879,4394.102539,4566.538574,4508.589844,4404.102539,4528.333496,4506.922852,2708,1,25,2562,46014,,,,0,4,4,4,4,4,4,4,4,4,4,4,4,4,4,4,4,4,4,4,4,4,4,4,4,4,4,4,4,4,4,4,4,100,,,,,,,,,,,,,,,,,,,,,,,,,,,,,,,,,,,,,,,,,,,,,,,,,,,,,,,,,,,,,,,,,,,,,,,,,,,,,,,,,,,,,,,,,,,,,,,,,,,,,,,,,,,,,,,,,,,,,,,,,,,,,,,,,,,,,,,,,,,,,,,,,,,,,,,,,,,,,,,,,,,,,,,,,,,,,,,,,,,,,,,,,,,,,,,,,,,,,,,,,,,,,,
1764665235.019169,45007,0,4391.410156,4404.615234,4503.333496,4518.461426,4394.871582,4525.897461,4550.512695,4386.922852,4573.589844,4389.615234,4500.897461,4511.025879,4570.384766,4394.358887,4378.205078,4507.307617,4552.94873,4538.205078,4509.871582,4387.307617,4400.641113,4569.871582,4516.666504,4511.282227,4404.358887,4585,4398.846191,4571.410156,4513.077148,4409.487305,4534.487305,4513.461426,2498,1,25,2562,46014,,,,0,4,4,4,4,4,4,4,4,4,4,4,4,4,4,4,4,4,4,4,4,4,4,4,4,4,4,4,4,4,4,4,4,100,,,,,,,,,,,,,,,,,,,,,,,,,,,,,,,,,,,,,,,,,,,,,,,,,,,,,,,,,,,,,,,,,,,,,,,,,,,,,,,,,,,,,,,,,,,,,,,,,,,,,,,,,,,,,,,,,,,,,,,,,,,,,,,,,,,,,,,,,,,,,,,,,,,,,,,,,,,,,,,,,,,,,,,,,,,,,,,,,,,,,,,,,,,,,,,,,,,,,,,,,,,,,,
1764665235.023077,45008,0,4397.692383,4410.897461,4511.922852,4523.974121,4398.589844,4527.436035,4556.410156,4393.461426,4579.743652,4395.256348,4507.179688,4512.179688,4572.307617,4396.666504,4377.05127,4509.358887,4556.794922,4543.205078,4512.94873,4389.615234,4403.589844,4575,4516.794922,4512.436035,4412.05127,4588.077148,4399.102539,4574.102539,4517.692383,4410.897461,4537.307617,4516.666504,2867,1,25,2561,46022,,,,0,4,4,4,4,4,4,4,4,4,4,4,4,4,4,4,4,4,4,4,4,4,4,4,4,4,4,4,4,4,4,4,4,100,,,,,,,,,,,,,,,,,,,,,,,,,,,,,,,,,,,,,,,,,,,,,,,,,,,,,,,,,,,,,,,,,,,,,,,,,,,,,,,,,,,,,,,,,,,,,,,,,,,,,,,,,,,,,,,,,,,,,,,,,,,,,,,,,,,,,,,,,,,,,,,,,,,,,,,,,,,,,,,,,,,,,,,,,,,,,,,,,,,,,,,,,,,,,,,,,,,,,,,,,,,,,,
1764665235.026984,45009,0,4398.717773,4411.538574,4513.333496,4524.358887,4398.461426,4525.512695,4554.743652,4395.256348,4580.128418,4399.102539,4506.410156,4511.410156,4570.897461,4395.512695,4373.846191,4507.307617,4556.282227,4544.358887,4512.179688,4387.05127,4400.641113,4576.025879,4514.358887,4505.641113,4413.846191,4585.384766,4393.333496,4571.282227,4518.077148,4406.025879,4533.846191,4513.846191,2907,1,25,2561,46022,,,,0,4,4,4,4,4,4,4,4,4,4,4,4,4,4,4,4,4,4,4,4,4,4,4,4,4,4,4,4,4,4,4,4,100,,,,,,,,,,,,,,,,,,,,,,,,,,,,,,,,,,,27636,0,0.263839,-0.599548,-0.733093,0.183044,0.97131,0.224637,0.044927,24.166666,27.666666,44.333332,,,,,,,,,,,,,,,,,,,,,,,,,,,,,,,,,,,,,,,,,,,,,,,,,,,,,,,,,,,,,,,,,,,,,,,,,,,,,,,,,,,,,,,,,,,,,,,,,,,,,,,,,,,,,,,,,,,,,,,,,,,,,,,,,,,,,,,,,,,,,,,,,,,,,,,,,,,,,,,,
1764665235.030891,45010,0,4393.205078,4405.897461,4505.897461,4518.077148,4393.717773,4520.384766,4546.794922,4390.128418,4572.692383,4397.563965,4498.205078,4508.205078,4565.384766,4390.769043,4370,4502.179688,4550.512695,4539.358887,4507.820313,4379.358887,4392.94873,4571.282227,4509.615234,4494.871582,4404.102539,4576.025879,4383.461426,4562.94873,4512.94873,4396.794922,4525.128418,4505.769043,1765,1,25,2560,46030,,,,0,4,4,4,4,4,4,4,4,4,4,4,4,4,4,4,4,4,4,4,4,4,4,4,4,4,4,4,4,4,4,4,4,100,,,,,,,,,,,,,,,,,,,,,,,,,,,,,,,,,,,,,,,,,,,,,,,,,,,,,,,,,,,,,,,,,,,,,,,,,,,,,,,,,,,,,,,,,,,,,,,,,,,,,,,,,,,,,,,,,,,,,,,,,,,,,,,,,,,,,,,,,,,,,,,,,,,,,,,,,,,,,,,,,,,,,,,,,,,,,,,,,,,,,,,,,,,,,,,,,,,,,,,,,,,,,,
1764665235.034798,45011,0,4383.846191,4396.666504,4494.230957,4508.077148,4387.05127,4514.615234,4537.94873,4380.256348,4560.384766,4388.974121,4487.179688,4503.974121,4557.692383,4384.871582,4367.307617,4496.922852,4542.307617,4530.384766,4502.307617,4369.615234,4384.230957,4563.461426,4504.230957,4486.538574,4383.333496,4563.974121,4374.358887,4552.820313,4504.871582,4387.820313,4515.256348,4496.538574,2953,1,25,2560,46030,,,,0,4,4,4,4,4,4,4,4,4,4,4,4,4,4,4,4,4,4,4,4,4,4,4,4,4,4,4,4,4,4,4,4,100,,,,,,,,,,,,,,,,,,,,,,,,,,,,,,,,,,,,,,,,,,,,,,,,,,,,,,,,,,,,,,,,,,,,,,,,,,,,,,,,,,,,,,,,,,,,,,,,,,,,,,,,,,,,,,,,,,,,,,,,,,,,,,,,,,,,,,,,,,,,,,,,,,,,,,,,,,,,,,,,,,,,,,,,,,,,,,,,,,,,,,,,,,,,,,,,,,,,,,,,,,,,,,
1764665235.038705,45012,0,4376.153809,4388.461426,4485.641113,4500.512695,4382.05127,4511.153809,4532.820313,4370.897461,4549.358887,4374.871582,4480,4501.282227,4552.05127,4381.025879,4366.666504,4495,4536.282227,4522.94873,4498.589844,4362.563965,4378.333496,4557.692383,4500.128418,4485.128418,4360.128418,4555.128418,4369.487305,4546.538574,4499.230957,4383.589844,4508.974121,4490.256348,2517,1,25,1536,46038,,,,0,4,4,4,4,4,4,4,4,4,4,4,4,4,4,4,4,4,4,4,4,4,4,4,4,4,4,4,4,4,4,4,4,100,,,,,,,,,,,,,,,,,,,,,,,,,,,,,,,,,,,,,,,,,,,,,,,,,,,,,,,,,,,,,,,,,,,,,,,,,,,,,,,,,,,,,,,,,,,,,,,,,,,,,,,,,,,,,,,,,,,,,,,,,,,,,,,,,,,,,,,,,,,,,,,,,,,,,,,,,,,,,,,,,,,,,,,,,,,,,,,,,,,,,,,,,,,,,,,,,,,,,,,,,,,,,,
1764665235.042613,45013,0,4374.615234,4385.641113,4485,4500.128418,4381.282227,4512.05127,4532.820313,4367.692383,4545,4361.025879,4480.641113,4502.436035,4552.307617,4380.641113,4368.589844,4497.692383,4536.282227,4522.307617,4498.846191,4362.05127,4377.94873,4557.563965,4500,4490.256348,4347.563965,4553.974121,4370.512695,4548.205078,4499.102539,4386.410156,4508.461426,4490,2821,1,25,1536,46038,,,,0,4,4,4,4,4,4,4,4,4,4,4,4,4,4,4,4,4,4,4,4,4,4,4,4,4,4,4,4,4,4,4,4,100,,,,,,,,,,,,,,,,,,,,,,,,,,,,,,,,,,,27637,0,0.263723,-0.599487,-0.733215,0.182922,0.963497,0.213893,0.051764,24.5,28.666666,43.333332,,,,,,,,,,,,,,,,,,,,,,,,,,,,,,,,,,,,,,,,,,,,,,,,,,,,,,,,,,,,,,,,,,,,,,,,,,,,,,,,,,,,,,,,,,,,,,,,,,,,,,,,,,,,,,,,,,,,,,,,,,,,,,,,,,,,,,,,,,,,,,,,,,,,,,,,,,,,,,,,
1764665235.046520,45014,0,4379.871582,4388.846191,4492.05127,4507.307617,4385.128418,4516.922852,4536.538574,4372.179688,4548.333496,4354.615234,4487.563965,4507.05127,4559.102539,4383.077148,4372.179688,4503.461426,4542.563965,4529.358887,4503.077148,4367.820313,4382.820313,4562.94873,4504.487305,4498.077148,4353.846191,4559.743652,4375.769043,4556.922852,4503.717773,4394.487305,4512.820313,4495,2931,1,25,1536,46046,,,,0,4,4,4,4,4,4,4,4,4,4,4,4,4,4,4,4,4,4,4,4,4,4,4,4,4,4,4,4,4,4,4,4,100,,,,,,,,,,,,,,,,,,,,,,,,,,,,,,,,,,,,,,,,,,,,,,,,,,,,,,,,,,,,,,,,,,,,,,,,,,,,,,,,,,,,,,,,,,,,,,,,,,,,,,,,,,,,,,,,,,,,,,,,,,,,,,,,,,,,,,,,,,,,,,,,,,,,,,,,,,,,,,,,,,,,,,,,,,,,,,,,,,,,,,,,,,,,,,,,,,,,,,,,,,,,,,
1764665235.050427,45015,0,4388.974121,4395.512695,4501.410156,4517.307617,4391.282227,4523.333496,4540.897461,4380.897461,4555.384766,4359.487305,4495.384766,4513.205078,4569.230957,4386.153809,4376.410156,4508.846191,4551.922852,4540.128418,4509.743652,4376.153809,4390.384766,4570.512695,4512.179688,4504.358887,4376.025879,4568.205078,4382.179688,4567.179688,4509.230957,4403.461426,4518.717773,4502.05127,2843,1,25,1536,46046,,,,0,4,4,4,4,4,4,4,4,4,4,4,4,4,4,4,4,4,4,4,4,4,4,4,4,4,4,4,4,4,4,4,4,100,,,,,,,,,,,,,,,,,,,,,,,,,,,,,,,,,,,,,,,,,,,,,,,,,,,,,,,,,,,,,,,,,,,,,,,,,,,,,,,,,,,,,,,,,,,,,,,,,,,,,,,,,,,,,,,,,,,,,,,,,,,,,,,,,,,,,,,,,,,,,,,,,,,,,,,,,,,,,,,,,,,,,,,,,,,,,,,,,,,,,,,,,,,,,,,,,,,,,,,,,,,,,,
1764665235.054334,45016,0,4396.410156,4401.025879,4507.563965,4524.358887,4396.538574,4527.436035,4543.333496,4388.077148,4560.641113,4373.333496,4498.846191,4518.461426,4577.563965,4387.94873,4379.487305,4511.538574,4560,4548.333496,4515.641113,4382.307617,4397.436035,4576.410156,4519.102539,4506.666504,4401.025879,4574.358887,4386.410156,4572.94873,4511.794922,4408.205078,4522.94873,4507.179688,2767,1,25,512,46053,,,,0,4,4,4,4,4,4,4,4,4,4,4,4,4,4,4,4,4,4,4,4,4,4,4,4,4,4,4,4,4,4,4,4,100,,,,,,,,,,,,,,,,,,,,,,,,,,,,,,,,,,,,,,,,,,,,,,,,,,,,,,,,,,,,,,,,,,,,,,,,,,,,,,,,,,,,,,,,,,,,,,,,,,,,,,,,,,,,,,,,,,,,,,,,,,,,,,,,,,,,,,,,,,,,,,,,,,,,,,,,,,,,,,,,,,,,,,,,,,,,,,,,,,,,,,,,,,,,,,,,,,,,,,,,,,,,,,
1764665235.058241,45017,0,4398.717773,4402.692383,4508.846191,4525.769043,4399.102539,4527.820313,4543.333496,4389.871582,4561.410156,4388.846191,4496.666504,4521.794922,4580.384766,4388.717773,4381.025879,4511.794922,4563.333496,4550.769043,4518.205078,4383.589844,4401.153809,4578.333496,4521.153809,4505.897461,4415.384766,4576.025879,4387.05127,4571.666504,4510.384766,4406.538574,4524.615234,4508.846191,2820,1,25,512,46053,,,,0,4,4,4,4,4,4,4,4,4,4,4,4,4,4,4,4,4,4,4,4,4,4,4,4,4,4,4,4,4,4,4,4,100,,,,,,,,,,,,,,,,,,,,,,,,,,,,,,,,,,,27638,0,0.264085,-0.599365,-0.733154,0.183044,0.974728,0.218777,0.055671,23.166666,29.333334,42.833332,,,,,,,,,,,,,,,,,,,,,,,,,,,,,,,,,,,,,,,,,,,,,,,,,,,,,,,,,,,,,,,,,,,,,,,,,,,,,,,,,,,,,,,,,,,,,,,,,,,,,,,,,,,,,,,,,,,,,,,,,,,,,,,,,,,,,,,,,,,,,,,,,,,,,,,,,,,,,,,,
1764665235.062149,45018,0,4396.025879,4400.384766,4507.179688,4522.94873,4398.846191,4525.641113,4541.538574,4386.538574,4559.743652,4398.717773,4491.410156,4522.307617,4577.436035,4389.871582,4381.025879,4511.922852,4561.538574,4548.461426,4516.538574,4380.897461,4401.025879,4576.282227,4517.563965,4503.589844,4413.717773,4574.102539,4385.384766,4566.025879,4507.05127,4400,4524.230957,4507.820313,1959,1,25,256,46061,,,,0,4,4,4,4,4,4,4,4,4,4,4,4,4,4,4,4,4,4,4,4,4,4,4,4,4,4,4,4,4,4,4,4,100,,,,,,,,,,,,,,,,,,,,,,,,,,,,,,,,,,,,,,,,,,,,,,,3.312173,2.559686,0.549447,0.826527,0.514535,4.498445,2.2857,0.421057,0.862965,0.602932,2.262897,3.047389,0.434484,0.830275,1.035604,1.216089,3.348149,0.642623,0.86604,0.796933,3.2995,2.281149,0.454782,0.686246,0.56425,3.454993,2.730896,0.346521,0.795377,0.592297,2.622491,2.174139,0.849795,0.795114,0.669261,2.505604,2.792245,0.884644,0.843325,0.844193,1.539068,3.485539,0.717638,0.570373,0.786425,0.818494,3.287392,0.861816,1.81422,1.207795,1.718941,1.646913,0.488974,0.516805,0.505363,3.920474,2.932842,0.366967,0.660294,0.525746,1.968689,2.005248,0.785625,0.558566,0.556462,0.751302,0.980602,0.34103,0.436786,0.410551,0.220087,0.582667,0.34594,0.766761,0.713796,0.783987,1.246275,0.648659,0.48391,0.47379,3.519278,4.999719,0.576796,0.74512,0.545789,1.448463,2.594732,1.071827,0.704125,0.565606,0.542803,1.860525,0.995089,0.466609,0.343726,1.120727,1.582575,0.851913,0.67342,0.612752,1.939441,3.13589,1.350289,0.862511,0.494364,3.191267,5.448062,1.088346,0.937066,0.597824,3.662486,3.299003,0.43524,0.593796,0.513903,3.490702,3.040145,0.785672,1.025452,0.675453,2.641266,7.46571,1.199652,1.002261,1.463229,2.715157,2.399884,0.365073,0.782266,0.656224,4.377247,2.612481,0.44579,1.03814,0.807423,4.573328,3.652466,0.394219,0.963428,0.617869,2.774372,1.324645,0.217837,0.451056,0.275798,4.94278,1.879856,0.546129,0.951429,0.671382,5.204861,2.575145,0.435703,0.904197,0.693479,3.234316,2.470822,0.383937,0.993522,0.859777
1764665235.066056,45019,0,4391.666504,4396.666504,4505.769043,4519.615234,4396.922852,4523.589844,4539.487305,4381.794922,4559.102539,4399.615234,4487.563965,4520.512695,4572.179688,4392.563965,4380.256348,4513.333496,4556.922852,4545.128418,4513.205078,4377.05127,4398.589844,4572.692383,4511.025879,4501.538574,4402.179688,4571.153809,4383.333496,4560.128418,4504.871582,4392.692383,4522.563965,4505.641113,2639,1,25,256,46061,,,,0,4,4,4,4,4,4,4,4,4,4,4,4,4,4,4,4,4,4,4,4,4,4,4,4,4,4,4,4,4,4,4,4,100,,,,,,,,,,,,,,,,,,,,,,,,,,,,,,,,,,,,,,,,,,,,,,,,,,,,,,,,,,,,,,,,,,,,,,,,,,,,,,,,,,,,,,,,,,,,,,,,,,,,,,,,,,,,,,,,,,,,,,,,,,,,,,,,,,,,,,,,,,,,,,,,,,,,,,,,,,,,,,,,,,,,,,,,,,,,,,,,,,,,,,,,,,,,,,,,,,,,,,,,,,,,,,
1764665235.069963,45020,0,4389.230957,4393.974121,4505.256348,4518.205078,4394.358887,4523.205078,4538.333496,4379.358887,4560.897461,4394.102539,4488.077148,4517.05127,4568.846191,4396.025879,4379.615234,4515.641113,4553.205078,4543.717773,4511.538574,4374.871582,4395.897461,4570.384766,4505.897461,4500.384766,4391.025879,4568.717773,4381.666504,4557.05127,4505.256348,4387.94873,4519.871582,4502.94873,2695,1,25,512,46069,,,,0,4,4,4,4,4,4,4,4,4,4,4,4,4,4,4,4,4,4,4,4,4,4,4,4,4,4,4,4,4,4,4,4,100,,,,,,,,,,,,,,,,,,,,,,,,,,,,,,,,,,,,,,,,,,,,,,,,,,,,,,,,,,,,,,,,,,,,,,,,,,,,,,,,,,,,,,,,,,,,,,,,,,,,,,,,,,,,,,,,,,,,,,,,,,,,,,,,,,,,,,,,,,,,,,,,,,,,,,,,,,,,,,,,,,,,,,,,,,,,,,,,,,,,,,,,,,,,,,,,,,,,,,,,,,,,,,
1764665235.073870,45021,0,4389.743652,4393.846191,4504.743652,4518.974121,4392.05127,4524.358887,4538.205078,4380.897461,4563.974121,4387.820313,4492.820313,4513.974121,4569.487305,4398.461426,4380,4517.692383,4552.692383,4544.230957,4513.333496,4375.769043,4393.974121,4570.641113,4505,4500,4387.179688,4566.410156,4380.128418,4556.922852,4506.794922,4386.922852,4516.666504,4500,2515,1,25,512,46069,,,,0,4,4,4,4,4,4,4,4,4,4,4,4,4,4,4,4,4,4,4,4,4,4,4,4,4,4,4,4,4,4,4,4,100,,,,,,,,,,,,,,,,,,,,,,,,,,,,,,,,,,,27639,0,0.264085,-0.599365,-0.733154,0.183044,0.990355,0.207057,0.047369,23.833334,29.166666,43.5,,,,,,,,,,,,,,,,,,,,,,,,,,,,,,,,,,,,,,,,,,,,,,,,,,,,,,,,,,,,,,,,,,,,,,,,,,,,,,,,,,,,,,,,,,,,,,,,,,,,,,,,,,,,,,,,,,,,,,,,,,,,,,,,,,,,,,,,,,,,,,,,,,,,,,,,,,,,,,,,
1764665235.077777,45022,0,4391.666504,4396.153809,4503.461426,4520.897461,4390.641113,4525.512695,4538.717773,4385.512695,4566.282227,4386.153809,4499.615234,4512.563965,4572.307617,4398.589844,4381.282227,4518.846191,4554.743652,4545.641113,4516.410156,4378.846191,4393.077148,4572.563965,4507.692383,4499.487305,4390.128418,4563.333496,4378.461426,4558.205078,4506.922852,4387.94873,4513.846191,4496.922852,2661,1,25,768,46077,,,,0,4,4,4,4,4,4,4,4,4,4,4,4,4,4,4,4,4,4,4,4,4,4,4,4,4,4,4,4,4,4,4,4,100,,,,,,,,,,,,,,,,,,,,,,,,,,,,,,,,,,,,,,,,,,,,,,,,,,,,,,,,,,,,,,,,,,,,,,,,,,,,,,,,,,,,,,,,,,,,,,,,,,,,,,,,,,,,,,,,,,,,,,,,,,,,,,,,,,,,,,,,,,,,,,,,,,,,,,,,,,,,,,,,,,,,,,,,,,,,,,,,,,,,,,,,,,,,,,,,,,,,,,,,,,,,,,
1764665235.081685,45023,0,4392.692383,4399.615234,4501.153809,4522.820313,4390.769043,4525.897461,4540,4390,4567.05127,4390.384766,4505,4512.692383,4574.102539,4397.05127,4382.94873,4519.487305,4556.666504,4546.282227,4517.820313,4381.666504,4392.436035,4573.846191,4510.384766,4498.333496,4395.256348,4560,4377.307617,4559.230957,4504.487305,4389.358887,4511.922852,4494.615234,2829,1,25,768,46077,,,,0,4,4,4,4,4,4,4,4,4,4,4,4,4,4,4,4,4,4,4,4,4,4,4,4,4,4,4,4,4,4,4,4,100,,,,,,,,,,,,,,,,,,,,,,,,,,,,,,,,,,,,,,,,,,,,,,,,,,,,,,,,,,,,,,,,,,,,,,,,,,,,,,,,,,,,,,,,,,,,,,,,,,,,,,,,,,,,,,,,,,,,,,,,,,,,,,,,,,,,,,,,,,,,,,,,,,,,,,,,,,,,,,,,,,,,,,,,,,,,,,,,,,,,,,,,,,,,,,,,,,,,,,,,,,,,,,
1764665235.085592,45024,0,4391.538574,4401.666504,4498.333496,4523.717773,4391.922852,4525.512695,4541.666504,4391.025879,4567.692383,4397.820313,4506.666504,4513.205078,4572.563965,4395.256348,4383.589844,4519.230957,4556.025879,4545.256348,4514.743652,4381.794922,4391.538574,4572.692383,4510.128418,4495.897461,4397.563965,4557.307617,4376.153809,4558.461426,4500.897461,4389.743652,4510.128418,4493.461426,2763,1,25,1024,46085,,,,0,4,4,4,4,4,4,4,4,4,4,4,4,4,4,4,4,4,4,4,4,4,4,4,4,4,4,4,4,4,4,4,4,100,,,,,,,,,,,,,,,,,,,,,,,,,,,,,,,,,,,,,,,,,,,,,,,,,,,,,,,,,,,,,,,,,,,,,,,,,,,,,,,,,,,,,,,,,,,,,,,,,,,,,,,,,,,,,,,,,,,,,,,,,,,,,,,,,,,,,,,,,,,,,,,,,,,,,,,,,,,,,,,,,,,,,,,,,,,,,,,,,,,,,,,,,,,,,,,,,,,,,,,,,,,,,,
1764665235.089499,45025,0,4388.077148,4400.256348,4495.512695,4523.333496,4392.307617,4524.871582,4542.94873,4387.692383,4568.589844,4402.94873,4504.102539,4512.436035,4568.077148,4393.846191,4382.05127,4516.922852,4551.538574,4542.179688,4507.563965,4379.102539,4389.487305,4568.589844,4505.512695,4492.179688,4395,4555.512695,4373.974121,4555.128418,4498.205078,4388.205078,4507.436035,4492.179688,2929,1,25,1024,46085,,,,0,4,4,4,4,4,4,4,4,4,4,4,4,4,4,4,4,4,4,4,4,4,4,4,4,4,4,4,4,4,4,4,4,100,,,,,,,,,,,,,,,,,,,,,,,,,,,,,,,,,,,27640,0,0.264308,-0.599304,-0.733093,0.183167,0.97717,0.218777,0.052741,24.5,29.333334,44.166668,,,,,,,,,,,,,,,,,,,,,,,,,,,,,,,,,,,,,,,,,,,,,,,,,,,,,,,,,,,,,,,,,,,,,,,,,,,,,,,,,,,,,,,,,,,,,,,,,,,,,,,,,,,,,,,,,,,,,,,,,,,,,,,,,,,,,,,,,,,,,,,,,,,,,,,,,,,,,,,,
1764665235.093406,45026,0,4383.205078,4395,4492.94873,4521.922852,4390.256348,4524.230957,4542.436035,4381.794922,4569.871582,4401.794922,4498.461426,4509.743652,4561.922852,4392.179688,4378.974121,4511.794922,4544.487305,4536.794922,4499.102539,4374.871582,4386.025879,4562.179688,4498.333496,4487.820313,4388.846191,4554.230957,4370,4549.615234,4497.436035,4384.102539,4503.077148,4489.487305,2605,1,25,1280,46092,,,,0,4,4,4,4,4,4,4,4,4,4,4,4,4,4,4,4,4,4,4,4,4,4,4,4,4,4,4,4,4,4,4,4,100,,,,,,,,,,,,,,,,,,,,,,,,,,,,,,,,,,,,,,,,,,,,,,,,,,,,,,,,,,,,,,,,,,,,,,,,,,,,,,,,,,,,,,,,,,,,,,,,,,,,,,,,,,,,,,,,,,,,,,,,,,,,,,,,,,,,,,,,,,,,,,,,,,,,,,,,,,,,,,,,,,,,,,,,,,,,,,,,,,,,,,,,,,,,,,,,,,,,,,,,,,,,,,
1764665235.097313,45027,0,4378.461426,4388.461426,4490.384766,4520.256348,4386.410156,4522.820313,4539.743652,4377.563965,4570.641113,4394.230957,4492.05127,4506.025879,4556.153809,4389.871582,4376.410156,4504.615234,4537.307617,4530,4493.846191,4371.538574,4382.307617,4555.769043,4492.179688,4483.589844,4382.692383,4553.205078,4365.128418,4543.717773,4497.820313,4378.077148,4498.077148,4484.615234,2862,1,25,1280,46092,,,,0,4,4,4,4,4,4,4,4,4,4,4,4,4,4,4,4,4,4,4,4,4,4,4,4,4,4,4,4,4,4,4,4,100,,,,,,,,,,,,,,,,,,,,,,,,,,,,,,,,,,,,,,,,,,,,,,,,,,,,,,,,,,,,,,,,,,,,,,,,,,,,,,,,,,,,,,,,,,,,,,,,,,,,,,,,,,,,,,,,,,,,,,,,,,,,,,,,,,,,,,,,,,,,,,,,,,,,,,,,,,,,,,,,,,,,,,,,,,,,,,,,,,,,,,,,,,,,,,,,,,,,,,,,,,,,,,
1764665235.101221,45028,0,4375.512695,4384.230957,4488.077148,4519.230957,4382.820313,4520.512695,4536.025879,4377.692383,4570,4384.615234,4487.307617,4502.692383,4552.05127,4387.05127,4376.025879,4497.563965,4532.820313,4524.615234,4494.487305,4370.512695,4380,4552.307617,4489.871582,4481.025879,4379.743652,4553.077148,4361.538574,4540.128418,4497.94873,4372.94873,4494.358887,4478.846191,2755,1,25,1536,46100,,,,0,4,4,4,4,4,4,4,4,4,4,4,4,4,4,4,4,4,4,4,4,4,4,4,4,4,4,4,4,4,4,4,4,100,,,,,,,,,,,,,,,,,,,,,,,,,,,,,,,,,,,,,,,,,,,,,,,,,,,,,,,,,,,,,,,,,,,,,,,,,,,,,,,,,,,,,,,,,,,,,,,,,,,,,,,,,,,,,,,,,,,,,,,,,,,,,,,,,,,,,,,,,,,,,,,,,,,,,,,,,,,,,,,,,,,,,,,,,,,,,,,,,,,,,,,,,,,,,,,,,,,,,,,,,,,,,,
1764665235.105128,45029,0,4375.384766,4384.230957,4486.410156,4518.974121,4382.436035,4518.205078,4533.717773,4382.692383,4568.461426,4378.846191,4486.282227,4501.410156,4550.512695,4385.256348,4378.077148,4493.077148,4531.922852,4523.077148,4500,4372.307617,4380.512695,4553.205078,4491.794922,4481.282227,4381.153809,4554.615234,4361.538574,4540.256348,4497.179688,4371.794922,4494.230957,4475.641113,2795,1,25,1536,46100,,,,0,4,4,4,4,4,4,4,4,4,4,4,4,4,4,4,4,4,4,4,4,4,4,4,4,4,4,4,4,4,4,4,4,100,,,,,,,,,,,,,,,,,,,,,,,,,,,,,,,,,,,27641,0,0.264231,-0.599487,-0.732971,0.183167,0.963985,0.217312,0.049811,23.666666,28.666666,44.166668,,,,,,,,,,,,,,,,,,,,,,,,,,,,,,,,,,,,,,,,,,,,,,,,,,,,,,,,,,,,,,,,,,,,,,,,,,,,,,,,,,,,,,,,,,,,,,,,,,,,,,,,,,,,,,,,,,,,,,,,,,,,,,,,,,,,,,,,,,,,,,,,,,,,,,,,,,,,,,,,
1764665235.109035,45030,0,4377.94873,4388.333496,4486.794922,4520,4386.410156,4517.94873,4534.743652,4390.128418,4567.563965,4379.871582,4489.487305,4502.307617,4551.922852,4386.025879,4380.641113,4492.179688,4534.358887,4526.666504,4506.666504,4376.282227,4383.846191,4557.820313,4496.410156,4484.615234,4385.256348,4557.94873,4365.897461,4543.846191,4496.538574,4375.897461,4499.358887,4477.94873,2798,1,25,1792,46108,,,,0,4,4,4,4,4,4,4,4,4,4,4,4,4,4,4,4,4,4,4,4,4,4,4,4,4,4,4,4,4,4,4,4,100,,,,,,,,,,,,,,,,,,,,,,,,,,,,,,,,,,,,,,,,,,,,,,,,,,,,,,,,,,,,,,,,,,,,,,,,,,,,,,,,,,,,,,,,,,,,,,,,,,,,,,,,,,,,,,,,,,,,,,,,,,,,,,,,,,,,,,,,,,,,,,,,,,,,,,,,,,,,,,,,,,,,,,,,,,,,,,,,,,,,,,,,,,,,,,,,,,,,,,,,,,,,,,
1764665235.112942,45031,0,4382.820313,4394.487305,4490,4522.820313,4393.333496,4520.384766,4539.615234,4397.05127,4569.230957,4386.538574,4496.410156,4505.384766,4555.641113,4390.128418,4382.307617,4494.358887,4538.461426,4533.589844,4511.025879,4381.410156,4388.974121,4563.974121,4501.666504,4490,4390.256348,4561.922852,4373.846191,4549.871582,4498.077148,4383.974121,4508.717773,4485.897461,2988,1,25,1792,46108,,,,0,4,4,4,4,4,4,4,4,4,4,4,4,4,4,4,4,4,4,4,4,4,4,4,4,4,4,4,4,4,4,4,4,100,,,,,,,,,,,,,,,,,,,,,,,,,,,,,,,,,,,,,,,,,,,,,,,,,,,,,,,,,,,,,,,,,,,,,,,,,,,,,,,,,,,,,,,,,,,,,,,,,,,,,,,,,,,,,,,,,,,,,,,,,,,,,,,,,,,,,,,,,,,,,,,,,,,,,,,,,,,,,,,,,,,,,,,,,,,,,,,,,,,,,,,,,,,,,,,,,,,,,,,,,,,,,,
1764665235.116849,45032,0,4388.077148,4400.256348,4495.256348,4526.666504,4400.128418,4524.487305,4546.153809,4401.666504,4573.205078,4394.871582,4503.846191,4509.871582,4560.897461,4395.512695,4382.307617,4497.307617,4542.563965,4540.384766,4511.666504,4386.025879,4393.717773,4568.846191,4505.769043,4495.256348,4394.615234,4565,4382.94873,4556.025879,4502.05127,4392.692383,4519.230957,4495.641113,2870,1,25,2048,46116,,,,0,4,4,4,4,4,4,4,4,4,4,4,4,4,4,4,4,4,4,4,4,4,4,4,4,4,4,4,4,4,4,4,4,100,,,,,,,,,,,,,,,,,,,,,,,,,,,,,,,,,,,,,,,,,,,,,,,,,,,,,,,,,,,,,,,,,,,,,,,,,,,,,,,,,,,,,,,,,,,,,,,,,,,,,,,,,,,,,,,,,,,,,,,,,,,,,,,,,,,,,,,,,,,,,,,,,,,,,,,,,,,,,,,,,,,,,,,,,,,,,,,,,,,,,,,,,,,,,,,,,,,,,,,,,,,,,,
1764665235.120757,45033,0,4391.025879,4403.077148,4499.358887,4529.230957,4402.692383,4526.922852,4550.384766,4402.307617,4576.666504,4400.512695,4507.307617,4513.077148,4565,4398.974121,4380.512695,4498.205078,4544.743652,4542.563965,4508.974121,4387.94873,4395.897461,4569.871582,4507.05127,4496.794922,4396.666504,4565.512695,4389.358887,4559.487305,4506.025879,4397.563965,4525.641113,4501.410156,2721,1,25,2048,46116,,,,0,4,4,4,4,4,4,4,4,4,4,4,4,4,4,4,4,4,4,4,4,4,4,4,4,4,4,4,4,4,4,4,4,100,,,,,,,,,,,,,,,,,,,,,,,,,,,,,,,,,,,27642,0,0.264166,-0.599609,-0.73291,0.183105,0.963985,0.217312,0.049811,23.666666,29.333334,42.833332,,,,,,,,,,,,,,,,,,,,,,,,,,,,,,,,,,,,,,,,,,,,,,,,,,,,,,,,,,,,,,,,,,,,,,,,,,,,,,,,,,,,,,,,,,,,,,,,,,,,,,,,,,,,,,,,,,,,,,,,,,,,,,,,,,,,,,,,,,,,,,,,,,,,,,,,,,,,,,,,
1764665235.124664,45034,0,4389.102539,4401.410156,4498.461426,4527.307617,4398.717773,4525.128418,4548.461426,4397.820313,4575.897461,4401.153809,4503.974121,4512.436035,4564.615234,4397.436035,4376.410156,4495,4542.436035,4537.563965,4504.615234,4385.128418,4393.846191,4565.641113,4504.615234,4492.307617,4395.384766,4562.692383,4389.230957,4557.820313,4506.794922,4395.512695,4524.487305,4499.358887,2288,1,25,2304,46124,,,,0,4,4,4,4,4,4,4,4,4,4,4,4,4,4,4,4,4,4,4,4,4,4,4,4,4,4,4,4,4,4,4,4,100,,,,,,,,,,,,,,,,,,,,,,,,,,,,,,,,,,,,,,,,,,,,,,,,,,,,,,,,,,,,,,,,,,,,,,,,,,,,,,,,,,,,,,,,,,,,,,,,,,,,,,,,,,,,,,,,,,,,,,,,,,,,,,,,,,,,,,,,,,,,,,,,,,,,,,,,,,,,,,,,,,,,,,,,,,,,,,,,,,,,,,,,,,,,,,,,,,,,,,,,,,,,,,
1764665235.128571,45035,0,4381.538574,4394.487305,4490.897461,4520.128418,4388.974121,4518.461426,4539.743652,4388.717773,4569.615234,4396.538574,4494.487305,4507.436035,4557.94873,4390.897461,4369.743652,4488.077148,4535.256348,4526.922852,4499.743652,4377.820313,4387.307617,4556.666504,4499.230957,4482.94873,4390.512695,4557.05127,4381.282227,4551.025879,4502.563965,4387.05127,4516.025879,4489.871582,2701,1,25,2304,46124,,,,0,4,4,4,4,4,4,4,4,4,4,4,4,4,4,4,4,4,4,4,4,4,4,4,4,4,4,4,4,4,4,4,4,100,,,,,,,,,,,,,,,,,,,,,,,,,,,,,,,,,,,,,,,,,,,,,,,,,,,,,,,,,,,,,,,,,,,,,,,,,,,,,,,,,,,,,,,,,,,,,,,,,,,,,,,,,,,,,,,,,,,,,,,,,,,,,,,,,,,,,,,,,,,,,,,,,,,,,,,,,,,,,,,,,,,,,,,,,,,,,,,,,,,,,,,,,,,,,,,,,,,,,,,,,,,,,,
1764665235.132478,45036,0,4370.897461,4384.615234,4479.487305,4510.641113,4377.692383,4509.743652,4528.077148,4378.461426,4560.256348,4389.487305,4483.846191,4500,4547.436035,4382.05127,4362.307617,4480.384766,4525.641113,4515.769043,4495.641113,4369.102539,4378.461426,4546.538574,4492.94873,4473.205078,4383.846191,4551.538574,4369.102539,4542.436035,4495,4376.153809,4504.743652,4477.94873,2500,1,25,2560,46132,,,,0,4,4,4,4,4,4,4,4,4,4,4,4,4,4,4,4,4,4,4,4,4,4,4,4,4,4,4,4,4,4,4,4,100,,,,,,,,,,,,,,,,,,,,,,,,,,,,,,,,,,,,,,,,,,,,,,,,,,,,,,,,,,,,,,,,,,,,,,,,,,,,,,,,,,,,,,,,,,,,,,,,,,,,,,,,,,,,,,,,,,,,,,,,,,,,,,,,,,,,,,,,,,,,,,,,,,,,,,,,,,,,,,,,,,,,,,,,,,,,,,,,,,,,,,,,,,,,,,,,,,,,,,,,,,,,,,
1764665235.136386,45037,0,4361.922852,4375.641113,4470.128418,4503.974121,4369.615234,4502.820313,4519.102539,4371.025879,4553.077148,4382.820313,4477.94873,4493.461426,4538.717773,4375.512695,4357.179688,4475.897461,4518.846191,4509.615234,4493.333496,4363.717773,4371.666504,4539.615234,4488.846191,4468.205078,4378.589844,4549.358887,4358.846191,4536.794922,4488.077148,4368.717773,4496.922852,4470.128418,2243,1,25,2560,46132,,,,0,4,4,4,4,4,4,4,4,4,4,4,4,4,4,4,4,4,4,4,4,4,4,4,4,4,4,4,4,4,4,4,4,100,,,,,,,,,,,,,,,,,,,,,,,,,,,,,,,,,,,27643,0,0.264389,-0.599548,-0.732849,0.183228,0.970333,0.216823,0.042486,23.666666,28.166666,46.166668,,,,,,,,,,,,,,,,,,,,,,,,,,,,,,,,,,,,,,,,,,,,,,,,,,,,,,,,,,,,,,,,,,,,,,,,,,,,,,,,,,,,,,,,,,,,,,,,,,,,,,,,,,,,,,,,,,,,,,,,,,,,,,,,,,,,,,,,,,,,,,,,,,,,,,,,,,,,,,,,
1764665235.140293,45038,0,4358.717773,4371.410156,4467.307617,4503.717773,4367.563965,4501.153809,4516.025879,4369.487305,4552.307617,4378.589844,4478.974121,4491.025879,4536.666504,4374.102539,4357.307617,4477.05127,4519.102539,4510.897461,4493.717773,4364.102539,4370.512695,4538.974121,4488.205078,4470.512695,4377.692383,4552.436035,4355.769043,4536.538574,4485.512695,4367.692383,4496.538574,4469.615234,2713,1,25,2560,46139,,,,0,4,4,4,4,4,4,4,4,4,4,4,4,4,4,4,4,4,4,4,4,4,4,4,4,4,4,4,4,4,4,4,4,100,,,,,,,,,,,,,,,,,,,,,,,,,,,,,,,,,,,,,,,,,,,,,,,,,,,,,,,,,,,,,,,,,,,,,,,,,,,,,,,,,,,,,,,,,,,,,,,,,,,,,,,,,,,,,,,,,,,,,,,,,,,,,,,,,,,,,,,,,,,,,,,,,,,,,,,,,,,,,,,,,,,,,,,,,,,,,,,,,,,,,,,,,,,,,,,,,,,,,,,,,,,,,,
1764665235.144200,45039,0,4362.563965,4372.94873,4471.153809,4509.871582,4370.769043,4503.846191,4518.205078,4373.333496,4558.717773,4377.179688,4484.487305,4493.974121,4542.05127,4377.563965,4362.94873,4482.692383,4526.025879,4518.717773,4497.307617,4369.615234,4375.641113,4545.256348,4491.153809,4478.846191,4381.666504,4558.461426,4360.384766,4541.282227,4488.205078,4371.666504,4502.820313,4475.128418,2506,1,25,2560,46139,,,,0,4,4,4,4,4,4,4,4,4,4,4,4,4,4,4,4,4,4,4,4,4,4,4,4,4,4,4,4,4,4,4,4,100,,,,,,,,,,,,,,,,,,,,,,,,,,,,,,,,,,,,,,,,,,,,,,,,,,,,,,,,,,,,,,,,,,,,,,,,,,,,,,,,,,,,,,,,,,,,,,,,,,,,,,,,,,,,,,,,,,,,,,,,,,,,,,,,,,,,,,,,,,,,,,,,,,,,,,,,,,,,,,,,,,,,,,,,,,,,,,,,,,,,,,,,,,,,,,,,,,,,,,,,,,,,,,
1764665235.148107,45040,0,4370.512695,4378.077148,4477.820313,4518.205078,4376.025879,4507.692383,4522.179688,4379.102539,4568.077148,4378.846191,4490.256348,4500.641113,4551.025879,4382.692383,4371.666504,4490,4535.128418,4528.846191,4503.205078,4377.307617,4384.358887,4555.769043,4496.282227,4488.589844,4388.333496,4564.102539,4368.589844,4548.077148,4493.846191,4376.538574,4511.153809,4482.563965,2873,1,25,2561,46147,,,,0,4,4,4,4,4,4,4,4,4,4,4,4,4,4,4,4,4,4,4,4,4,4,4,4,4,4,4,4,4,4,4,4,100,,,,,,,,,,,,,,,,,,,,,,,,,,,,,,,,,,,,,,,,,,,,,,,,,,,,,,,,,,,,,,,,,,,,,,,,,,,,,,,,,,,,,,,,,,,,,,,,,,,,,,,,,,,,,,,,,,,,,,,,,,,,,,,,,,,,,,,,,,,,,,,,,,,,,,,,,,,,,,,,,,,,,,,,,,,,,,,,,,,,,,,,,,,,,,,,,,,,,,,,,,,,,,
1764665235.152014,45041,0,4377.692383,4383.205078,4482.94873,4523.974121,4380.256348,4509.102539,4524.743652,4383.077148,4575.256348,4383.205078,4493.717773,4507.307617,4558.589844,4386.410156,4379.487305,4496.025879,4541.410156,4537.307617,4509.743652,4383.333496,4392.436035,4566.025879,4502.05127,4495.128418,4394.102539,4566.282227,4375.384766,4553.974121,4498.461426,4378.846191,4516.282227,4487.692383,2908,1,25,2561,46147,,,,0,4,4,4,4,4,4,4,4,4,4,4,4,4,4,4,4,4,4,4,4,4,4,4,4,4,4,4,4,4,4,4,4,100,,,,,,,,,,,,,,,,,,,,,,,,,,,,,,,,,,,27644,0,0.263912,-0.599609,-0.733032,0.182983,0.973752,0.222195,0.041997,23.666666,28.166666,46.166668,,,,,,,,,,,,,,,,,,,,,,,,,,,,,,,,,,,,,,,,,,,,,,,,,,,,,,,,,,,,,,,,,,,,,,,,,,,,,,,,,,,,,,,,,,,,,,,,,,,,,,,,,,,,,,,,,,,,,,,,,,,,,,,,,,,,,,,,,,,,,,,,,,,,,,,,,,,,,,,,
1764665235.155922,45042,0,4381.025879,4386.282227,4484.230957,4524.102539,4382.307617,4508.077148,4525.897461,4383.717773,4576.922852,4389.102539,4495.128418,4510.512695,4562.307617,4387.05127,4383.974121,4499.102539,4543.077148,4542.307617,4515.384766,4385.897461,4396.922852,4572.563965,4507.179688,4496.666504,4395.128418,4565.512695,4378.205078,4557.179688,4499.487305,4378.717773,4515.897461,4488.461426,1768,1,25,1792,46155,,,,0,4,4,4,4,4,4,4,4,4,4,4,4,4,4,4,4,4,4,4,4,4,4,4,4,4,4,4,4,4,4,4,4,100,,,,,,,,,,,,,,,,,,,,,,,,,,,,,,,,,,,,,,,,,,,,,,,,,,,,,,,,,,,,,,,,,,,,,,,,,,,,,,,,,,,,,,,,,,,,,,,,,,,,,,,,,,,,,,,,,,,,,,,,,,,,,,,,,,,,,,,,,,,,,,,,,,,,,,,,,,,,,,,,,,,,,,,,,,,,,,,,,,,,,,,,,,,,,,,,,,,,,,,,,,,,,,
1764665235.159829,45043,0,4380.512695,4386.666504,4482.05127,4519.358887,4382.563965,4507.05127,4527.436035,4381.666504,4573.589844,4392.94873,4496.410156,4509.487305,4563.205078,4384.743652,4384.358887,4499.615234,4542.692383,4544.230957,4518.461426,4385.128418,4397.307617,4574.487305,4510.769043,4494.743652,4390.256348,4563.717773,4377.692383,4557.436035,4497.307617,4377.94873,4511.794922,4485.256348,2960,1,25,1792,46155,,,,0,4,4,4,4,4,4,4,4,4,4,4,4,4,4,4,4,4,4,4,4,4,4,4,4,4,4,4,4,4,4,4,4,100,,,,,,,,,,,,,,,,,,,,,,,,,,,,,,,,,,,,,,,,,,,,,,,,,,,,,,,,,,,,,,,,,,,,,,,,,,,,,,,,,,,,,,,,,,,,,,,,,,,,,,,,,,,,,,,,,,,,,,,,,,,,,,,,,,,,,,,,,,,,,,,,,,,,,,,,,,,,,,,,,,,,,,,,,,,,,,,,,,,,,,,,,,,,,,,,,,,,,,,,,,,,,,
1764665235.163736,45044,0,4378.333496,4385.512695,4478.589844,4512.692383,4382.436035,4507.692383,4530.641113,4378.846191,4568.333496,4391.153809,4498.333496,4507.05127,4563.589844,4380.897461,4382.179688,4498.846191,4543.717773,4544.358887,4518.461426,4383.077148,4395.384766,4573.589844,4512.179688,4492.179688,4381.153809,4562.692383,4376.025879,4555.897461,4494.615234,4378.846191,4508.333496,4480.512695,2524,1,25,768,46163,,,,0,4,4,4,4,4,4,4,4,4,4,4,4,4,4,4,4,4,4,4,4,4,4,4,4,4,4,4,4,4,4,4,4,100,,,,,,,,,,,,,,,,,,,,,,,,,,,,,,,,,,,,,,,,,,,,,,,,,,,,,,,,,,,,,,,,,,,,,,,,,,,,,,,,,,,,,,,,,,,,,,,,,,,,,,,,,,,,,,,,,,,,,,,,,,,,,,,,,,,,,,,,,,,,,,,,,,,,,,,,,,,,,,,,,,,,,,,,,,,,,,,,,,,,,,,,,,,,,,,,,,,,,,,,,,,,,,
1764665235.167643,45045,0,4377.179688,4384.230957,4476.153809,4508.077148,4382.820313,4510.128418,4534.743652,4377.563965,4565.128418,4383.461426,4499.615234,4506.794922,4564.871582,4377.820313,4379.102539,4498.846191,4547.436035,4543.333496,4515.897461,4381.282227,4392.692383,4571.410156,4511.025879,4490.897461,4371.666504,4562.692383,4375.256348,4554.871582,4494.487305,4381.794922,4508.974121,4476.922852,2826,1,25,768,46163,,,,0,4,4,4,4,4,4,4,4,4,4,4,4,4,4,4,4,4,4,4,4,4,4,4,4,4,4,4,4,4,4,4,4,100,,,,,,,,,,,,,,,,,,,,,,,,,,,,,,,,,,,27645,0,0.263646,-0.59967,-0.733093,0.182922,0.970822,0.212917,0.045416,25,28.833334,46,,,,,,,,,,,,,,,,,,,,,,,,,,,,,,,,,,,,,,,,,,,,,,,,,,,,,,,,,,,,,,,,,,,,,,,,,,,,,,,,,,,,,,,,,,,,,,,,,,,,,,,,,,,,,,,,,,,,,,,,,,,,,,,,,,,,,,,,,,,,,,,,,,,,,,,,,,,,,,,,
1764665235.171550,45046,0,4378.333496,4384.102539,4476.410156,4507.307617,4383.589844,4512.307617,4537.820313,4378.461426,4565.384766,4374.102539,4499.102539,4510.128418,4566.666504,4377.179688,4376.282227,4500,4551.410156,4541.153809,4511.794922,4379.358887,4390.256348,4569.230957,4508.333496,4490.256348,4366.410156,4562.94873,4375.897461,4555.512695,4497.179688,4385.128418,4512.94873,4476.282227,2932,1,25,512,46171,,,,0,4,4,4,4,4,4,4,4,4,4,4,4,4,4,4,4,4,4,4,4,4,4,4,4,4,4,4,4,4,4,4,4,100,,,,,,,,,,,,,,,,,,,,,,,,,,,,,,,,,,,,,,,,,,,,,,,,,,,,,,,,,,,,,,,,,,,,,,,,,,,,,,,,,,,,,,,,,,,,,,,,,,,,,,,,,,,,,,,,,,,,,,,,,,,,,,,,,,,,,,,,,,,,,,,,,,,,,,,,,,,,,,,,,,,,,,,,,,,,,,,,,,,,,,,,,,,,,,,,,,,,,,,,,,,,,,
1764665235.175458,45047,0,4380.897461,4385.256348,4478.077148,4509.230957,4383.846191,4513.077148,4538.461426,4380.256348,4568.461426,4369.743652,4497.307617,4514.615234,4567.820313,4378.846191,4374.102539,4500.769043,4552.307617,4537.692383,4507.692383,4375.641113,4387.820313,4566.922852,4505.512695,4488.333496,4367.563965,4562.179688,4377.179688,4557.436035,4500.512695,4386.282227,4516.153809,4477.563965,2845,1,25,512,46171,,,,0,4,4,4,4,4,4,4,4,4,4,4,4,4,4,4,4,4,4,4,4,4,4,4,4,4,4,4,4,4,4,4,4,100,,,,,,,,,,,,,,,,,,,,,,,,,,,,,,,,,,,,,,,,,,,,,,,,,,,,,,,,,,,,,,,,,,,,,,,,,,,,,,,,,,,,,,,,,,,,,,,,,,,,,,,,,,,,,,,,,,,,,,,,,,,,,,,,,,,,,,,,,,,,,,,,,,,,,,,,,,,,,,,,,,,,,,,,,,,,,,,,,,,,,,,,,,,,,,,,,,,,,,,,,,,,,,
1764665235.179365,45048,0,4382.563965,4386.794922,4478.846191,4511.282227,4382.436035,4512.307617,4536.794922,4380.512695,4571.666504,4373.461426,4495.641113,4516.153809,4567.94873,4380.769043,4371.922852,4498.974121,4548.461426,4533.846191,4504.358887,4369.871582,4384.102539,4564.102539,4503.717773,4484.743652,4373.461426,4558.974121,4377.436035,4558.461426,4501.410156,4383.846191,4515.256348,4478.077148,2764,1,25,768,46178,,,,0,4,4,4,4,4,4,4,4,4,4,4,4,4,4,4,4,4,4,4,4,4,4,4,4,4,4,4,4,4,4,4,4,100,,,,,,,,,,,,,,,,,,,,,,,,,,,,,,,,,,,,,,,,,,,,,,,,,,,,,,,,,,,,,,,,,,,,,,,,,,,,,,,,,,,,,,,,,,,,,,,,,,,,,,,,,,,,,,,,,,,,,,,,,,,,,,,,,,,,,,,,,,,,,,,,,,,,,,,,,,,,,,,,,,,,,,,,,,,,,,,,,,,,,,,,,,,,,,,,,,,,,,,,,,,,,,
1764665235.183272,45049,0,4382.05127,4387.307617,4476.538574,4511.666504,4379.102539,4511.410156,4534.358887,4378.461426,4572.179688,4382.563965,4496.025879,4512.820313,4566.922852,4380.897461,4369.487305,4493.717773,4541.666504,4530.256348,4501.794922,4363.461426,4378.205078,4560.512695,4502.563965,4480.512695,4379.487305,4553.717773,4375.641113,4556.922852,4499.102539,4378.205078,4509.871582,4476.153809,2820,1,25,768,46178,,,,0,4,4,4,4,4,4,4,4,4,4,4,4,4,4,4,4,4,4,4,4,4,4,4,4,4,4,4,4,4,4,4,4,100,,,,,,,,,,,,,,,,,,,,,,,,,,,,,,,,,,,27646,0,0.263815,-0.59967,-0.733032,0.182922,0.97131,0.214382,0.043462,23.666666,27.833334,44.166668,,,,,,,,,,,,,,,,,,,,,,,,,,,,,,,,,,,,,,,,,,,,,,,,,,,,,,,,,,,,,,,,,,,,,,,,,,,,,,,,,,,,,,,,,,,,,,,,,,,,,,,,,,,,,,,,,,,,,,,,,,,,,,,,,,,,,,,,,,,,,,,,,,,,,,,,,,,,,,,,
1764665235.187179,45050,0,4379.487305,4386.922852,4472.563965,4510.512695,4375.769043,4511.794922,4532.94873,4375.769043,4569.871582,4390.256348,4498.717773,4507.05127,4565,4378.846191,4367.05127,4487.436035,4536.153809,4528.205078,4499.871582,4359.102539,4371.538574,4557.179688,4501.538574,4478.333496,4382.692383,4548.717773,4372.563965,4553.077148,4495.897461,4372.436035,4503.589844,4472.563965,1958,1,25,1024,46186,,,,0,4,4,4,4,4,4,4,4,4,4,4,4,4,4,4,4,4,4,4,4,4,4,4,4,4,4,4,4,4,4,4,4,100,0.972656,100,4,4,4,4,4,4,4,4,4,4,4,4,4,4,4,4,4,4,4,4,4,4,4,4,4,4,4,4,4,4,4,4,,,,,,,,,,,,,3.724466,2.100245,0.619816,0.85615,0.480908,5.705841,1.835881,0.537751,0.827011,0.566577,3.118934,2.547094,0.432108,0.809336,1.053146,1.614513,2.861227,0.639407,0.844583,0.810181,4.249959,1.900813,0.538857,0.686135,0.562592,4.229589,2.156566,0.382247,0.846077,0.606395,3.143051,1.773897,0.915043,0.803335,0.651624,2.757041,2.291723,0.948457,0.796324,0.823746,1.702628,3.275397,0.716945,0.548748,0.799305,0.861259,3.225304,0.819584,1.749085,1.200255,1.746704,1.426151,0.4955,0.520505,0.495276,4.669989,2.613769,0.407927,0.669183,0.511889,2.160389,1.731777,0.856901,0.578679,0.534074,0.947711,0.96191,0.297164,0.454578,0.378528,0.279714,0.648293,0.266412,0.808257,0.674232,0.676657,1.315819,0.638682,0.507316,0.457479,3.844112,4.348847,0.550435,0.748663,0.521118,1.733895,2.542282,1.009407,0.65554,0.503467,0.632936,1.618144,0.977112,0.450333,0.327531,1.34049,1.303507,0.875245,0.620444,0.535839,2.063095,2.933587,1.22933,0.840814,0.444508,3.548939,4.936469,1.110562,0.881665,0.555549,3.873803,2.80915,0.49107,0.602805,0.486747,3.929918,3.053042,0.764515,0.922285,0.645434,2.968675,6.949765,1.094366,0.822308,1.252073,2.88119,2.346353,0.311854,0.686541,0.639148,5.089729,2.4831,0.43604,0.985288,0.778608,5.23914,3.344558,0.439702,0.986344,0.625115,3.122405,1.099255,0.247346,0.422508,0.275721,5.876129,1.65388,0.550223,0.92286,0.648611,5.959588,2.476956,0.481959,0.863876,0.695045,3.910226,2.14305,0.392722,0.954097,0.84468
1764665235.191086,45051,0,4378.077148,4387.563965,4470.769043,4510.641113,4375.769043,4514.358887,4534.230957,4376.666504,4567.05127,4392.94873,4502.436035,4503.846191,4563.846191,4376.794922,4366.153809,4484.743652,4535.769043,4529.230957,4499.487305,4359.102539,4366.922852,4556.153809,4501.538574,4480,4384.358887,4547.05127,4370.641113,4550,4495.641113,4371.282227,4501.153809,4470.256348,2638,1,25,1024,46186,,,,0,4,4,4,4,4,4,4,4,4,4,4,4,4,4,4,4,4,4,4,4,4,4,4,4,4,4,4,4,4,4,4,4,100,,,,,,,,,,,,,,,,,,,,,,,,,,,,,,,,,,,,,,,,,,,,,,,,,,,,,,,,,,,,,,,,,,,,,,,,,,,,,,,,,,,,,,,,,,,,,,,,,,,,,,,,,,,,,,,,,,,,,,,,,,,,,,,,,,,,,,,,,,,,,,,,,,,,,,,,,,,,,,,,,,,,,,,,,,,,,,,,,,,,,,,,,,,,,,,,,,,,,,,,,,,,,,
1764665235.194994,45052,0,4381.410156,4392.05127,4475.641113,4514.871582,4382.307617,4520.128418,4538.974121,4383.846191,4567.692383,4392.563965,4505.769043,4507.692383,4565.256348,4377.94873,4368.717773,4488.077148,4541.922852,4533.974121,4501.538574,4363.717773,4367.563965,4559.358887,4503.974121,4486.025879,4388.846191,4551.153809,4373.461426,4551.025879,4500.897461,4377.94873,4505.769043,4472.563965,2694,1,25,1280,46194,,,,0,4,4,4,4,4,4,4,4,4,4,4,4,4,4,4,4,4,4,4,4,4,4,4,4,4,4,4,4,4,4,4,4,100,,,,,,,,,,,,,,,,,,,,,,,,,,,,,,,,,,,,,,,,,,,,,,,,,,,,,,,,,,,,,,,,,,,,,,,,,,,,,,,,,,,,,,,,,,,,,,,,,,,,,,,,,,,,,,,,,,,,,,,,,,,,,,,,,,,,,,,,,,,,,,,,,,,,,,,,,,,,,,,,,,,,,,,,,,,,,,,,,,,,,,,,,,,,,,,,,,,,,,,,,,,,,,
1764665235.198901,45053,0,4390.384766,4401.153809,4487.692383,4523.974121,4394.743652,4528.589844,4547.05127,4396.410156,4573.846191,4395.384766,4508.461426,4517.94873,4569.743652,4384.230957,4374.871582,4496.153809,4552.436035,4540.256348,4505.256348,4371.282227,4373.974121,4565.769043,4509.615234,4494.230957,4398.077148,4559.871582,4381.410156,4557.563965,4510.384766,4391.282227,4516.282227,4480.769043,2515,1,25,1280,46194,,,,0,4,4,4,4,4,4,4,4,4,4,4,4,4,4,4,4,4,4,4,4,4,4,4,4,4,4,4,4,4,4,4,4,100,,,,,,,,,,,,,,,,,,,,,,,,,,,,,,,,,,,27647,0,0.263996,-0.599609,-0.733032,0.182861,0.977658,0.221707,0.059578,24.666666,28.333334,44.333332,,,,,,,,,,,,,,,,,,,,,,,,,,,,,,,,,,,,,,,,,,,,,,,,,,,,,,,,,,,,,,,,,,,,,,,,,,,,,,,,,,,,,,,,,,,,,,,,,,,,,,,,,,,,,,,,,,,,,,,,,,,,,,,,,,,,,,,,,,,,,,,,,,,,,,,,,,,,,,,,
1764665235.202808,45054,0,4401.538574,4412.05127,4502.179688,4535.256348,4408.846191,4537.563965,4556.025879,4409.230957,4583.717773,4404.358887,4511.538574,4529.743652,4575.256348,4393.846191,4382.179688,4504.743652,4561.666504,4544.230957,4508.461426,4378.077148,4382.692383,4571.794922,4516.538574,4501.153809,4409.358887,4569.487305,4391.410156,4567.05127,4519.615234,4405.256348,4527.692383,4492.307617,2661,1,25,1536,46202,,,,0,4,4,4,4,4,4,4,4,4,4,4,4,4,4,4,4,4,4,4,4,4,4,4,4,4,4,4,4,4,4,4,4,100,,,,,,,,,,,,,,,,,,,,,,,,,,,,,,,,,,,,,,,,,,,,,,,,,,,,,,,,,,,,,,,,,,,,,,,,,,,,,,,,,,,,,,,,,,,,,,,,,,,,,,,,,,,,,,,,,,,,,,,,,,,,,,,,,,,,,,,,,,,,,,,,,,,,,,,,,,,,,,,,,,,,,,,,,,,,,,,,,,,,,,,,,,,,,,,,,,,,,,,,,,,,,,
1764665235.206715,45055,0,4408.589844,4419.358887,4511.922852,4543.974121,4418.205078,4543.461426,4562.179688,4416.153809,4592.436035,4415.897461,4514.615234,4536.538574,4578.333496,4401.922852,4386.025879,4509.358887,4564.871582,4543.717773,4508.589844,4381.410156,4388.589844,4573.846191,4521.153809,4503.846191,4416.666504,4575.512695,4398.205078,4574.358887,4523.846191,4412.436035,4533.717773,4500.897461,2830,1,25,1536,46202,,,,0,4,4,4,4,4,4,4,4,4,4,4,4,4,4,4,4,4,4,4,4,4,4,4,4,4,4,4,4,4,4,4,4,100,,,,,,,,,,,,,,,,,,,,,,,,,,,,,,,,,,,,,,,,,,,,,,,,,,,,,,,,,,,,,,,,,,,,,,,,,,,,,,,,,,,,,,,,,,,,,,,,,,,,,,,,,,,,,,,,,,,,,,,,,,,,,,,,,,,,,,,,,,,,,,,,,,,,,,,,,,,,,,,,,,,,,,,,,,,,,,,,,,,,,,,,,,,,,,,,,,,,,,,,,,,,,,
1764665235.210622,45056,0,4407.307617,4418.717773,4511.794922,4546.025879,4418.846191,4543.974121,4562.436035,4413.846191,4594.871582,4421.410156,4515.769043,4534.871582,4576.666504,4403.205078,4383.846191,4508.205078,4560.641113,4539.230957,4505.256348,4380.641113,4388.461426,4570.641113,4520.256348,4501.282227,4415.769043,4576.025879,4397.563965,4574.871582,4521.538574,4408.717773,4530.641113,4501.153809,2754,1,25,1792,46210,,,,0,4,4,4,4,4,4,4,4,4,4,4,4,4,4,4,4,4,4,4,4,4,4,4,4,4,4,4,4,4,4,4,4,100,,,,,,,,,,,,,,,,,,,,,,,,,,,,,,,,,,,,,,,,,,,,,,,,,,,,,,,,,,,,,,,,,,,,,,,,,,,,,,,,,,,,,,,,,,,,,,,,,,,,,,,,,,,,,,,,,,,,,,,,,,,,,,,,,,,,,,,,,,,,,,,,,,,,,,,,,,,,,,,,,,,,,,,,,,,,,,,,,,,,,,,,,,,,,,,,,,,,,,,,,,,,,,
1764665235.214530,45057,0,4398.717773,4410.641113,4502.436035,4540.384766,4411.794922,4539.230957,4556.538574,4404.102539,4588.974121,4415.384766,4513.205078,4526.922852,4570.256348,4396.282227,4376.666504,4502.179688,4551.666504,4534.230957,4500.897461,4377.436035,4383.333496,4564.615234,4513.333496,4495.128418,4407.436035,4572.436035,4390,4567.820313,4514.743652,4396.538574,4519.871582,4493.077148,2921,1,25,1792,46210,,,,0,4,4,4,4,4,4,4,4,4,4,4,4,4,4,4,4,4,4,4,4,4,4,4,4,4,4,4,4,4,4,4,4,100,,,,,,,,,,,,,,,,,,,,,,,,,,,,,,,,,,,27648,0,0.263773,-0.59967,-0.733093,0.182739,0.966427,0.208522,0.045904,22.333334,27,43.666668,,,,,,,,,,,,,,,,,,,,,,,,,,,,,,,,,,,,,,,,,,,,,,,,,,,,,,,,,,,,,,,,,,,,,,,,,,,,,,,,,,,,,,,,,,,,,,,,,,,,,,,,,,,,,,,,,,,,,,,,,,,,,,,,,,,,,,,,,,,,,,,,,,,,,,,,,,,,,,,,
1764665235.218437,45058,0,4388.205078,4400.256348,4490.384766,4530.384766,4402.179688,4532.94873,4547.179688,4392.692383,4577.94873,4400.512695,4507.436035,4518.717773,4561.666504,4384.871582,4368.461426,4494.615234,4542.820313,4531.282227,4498.846191,4374.358887,4377.820313,4559.102539,4503.205078,4488.974121,4397.307617,4567.94873,4380,4557.307617,4507.94873,4383.205078,4507.563965,4482.05127,2595,1,25,2048,46217,,,,0,4,4,4,4,4,4,4,4,4,4,4,4,4,4,4,4,4,4,4,4,4,4,4,4,4,4,4,4,4,4,4,4,100,,,,,,,,,,,,,,,,,,,,,,,,,,,,,,,,,,,,,,,,,,,,,,,,,,,,,,,,,,,,,,,,,,,,,,,,,,,,,,,,,,,,,,,,,,,,,,,,,,,,,,,,,,,,,,,,,,,,,,,,,,,,,,,,,,,,,,,,,,,,,,,,,,,,,,,,,,,,,,,,,,,,,,,,,,,,,,,,,,,,,,,,,,,,,,,,,,,,,,,,,,,,,,
1764665235.222344,45059,0,4382.307617,4393.589844,4482.94873,4522.179688,4396.153809,4528.974121,4539.487305,4386.025879,4568.589844,4387.436035,4502.179688,4514.743652,4555,4375.641113,4363.461426,4489.230957,4537.820313,4531.666504,4501.025879,4373.205078,4376.794922,4557.563965,4495.384766,4486.025879,4391.794922,4565.769043,4373.589844,4549.743652,4504.615234,4376.153809,4501.153809,4475.512695,2854,1,25,2048,46217,,,,0,4,4,4,4,4,4,4,4,4,4,4,4,4,4,4,4,4,4,4,4,4,4,4,4,4,4,4,4,4,4,4,4,100,,,,,,,,,,,,,,,,,,,,,,,,,,,,,,,,,,,,,,,,,,,,,,,,,,,,,,,,,,,,,,,,,,,,,,,,,,,,,,,,,,,,,,,,,,,,,,,,,,,,,,,,,,,,,,,,,,,,,,,,,,,,,,,,,,,,,,,,,,,,,,,,,,,,,,,,,,,,,,,,,,,,,,,,,,,,,,,,,,,,,,,,,,,,,,,,,,,,,,,,,,,,,,
1764665235.226251,45060,0,4383.846191,4393.846191,4483.717773,4520.256348,4396.666504,4528.846191,4537.05127,4387.179688,4566.025879,4385.512695,4500.769043,4515.512695,4553.205078,4373.333496,4363.974121,4487.820313,4537.94873,4534.615234,4506.410156,4374.615234,4381.410156,4560.641113,4493.717773,4487.179688,4393.589844,4567.436035,4373.717773,4548.717773,4505.769043,4378.333496,4503.974121,4476.922852,2747,1,25,2304,46225,,,,0,4,4,4,4,4,4,4,4,4,4,4,4,4,4,4,4,4,4,4,4,4,4,4,4,4,4,4,4,4,4,4,4,100,,,,,,,,,,,,,,,,,,,,,,,,,,,,,,,,,,,,,,,,,,,,,,,,,,,,,,,,,,,,,,,,,,,,,,,,,,,,,,,,,,,,,,,,,,,,,,,,,,,,,,,,,,,,,,,,,,,,,,,,,,,,,,,,,,,,,,,,,,,,,,,,,,,,,,,,,,,,,,,,,,,,,,,,,,,,,,,,,,,,,,,,,,,,,,,,,,,,,,,,,,,,,,
1764665235.230158,45061,0,4390,4398.589844,4489.615234,4523.846191,4401.025879,4531.153809,4539.487305,4393.589844,4570.641113,4395.384766,4504.102539,4517.692383,4556.282227,4377.820313,4369.358887,4489.230957,4541.538574,4538.333496,4512.436035,4377.820313,4389.615234,4566.153809,4498.589844,4490.897461,4400.128418,4572.307617,4379.102539,4553.333496,4508.974121,4386.538574,4513.077148,4484.102539,2787,1,25,2304,46225,,,,0,4,4,4,4,4,4,4,4,4,4,4,4,4,4,4,4,4,4,4,4,4,4,4,4,4,4,4,4,4,4,4,4,100,,,,,,,,,,,,,,,,,,,,,,,,,,,,,,,,,,,27649,0,0.263506,-0.599731,-0.733154,0.182678,0.966427,0.208522,0.045904,23.666666,28.666666,44.166668,,,,,,,,,,,,,,,,,,,,,,,,,,,,,,,,,,,,,,,,,,,,,,,,,,,,,,,,,,,,,,,,,,,,,,,,,,,,,,,,,,,,,,,,,,,,,,,,,,,,,,,,,,,,,,,,,,,,,,,,,,,,,,,,,,,,,,,,,,,,,,,,,,,,,,,,,,,,,,,,
1764665235.234066,45062,0,4395,4402.563965,4493.589844,4528.077148,4403.717773,4532.307617,4543.077148,4398.461426,4577.563965,4407.94873,4509.358887,4517.94873,4561.666504,4383.461426,4375.769043,4491.025879,4545.384766,4541.025879,4516.282227,4381.410156,4396.538574,4571.153809,4505.897461,4494.487305,4405.769043,4577.179688,4385,4559.102539,4510.897461,4393.717773,4521.282227,4490,2792,1,25,2560,46233,,,,0,4,4,4,4,4,4,4,4,4,4,4,4,4,4,4,4,4,4,4,4,4,4,4,4,4,4,4,4,4,4,4,4,100,,,,,,,,,,,,,,,,,,,,,,,,,,,,,,,,,,,,,,,,,,,,,,,,,,,,,,,,,,,,,,,,,,,,,,,,,,,,,,,,,,,,,,,,,,,,,,,,,,,,,,,,,,,,,,,,,,,,,,,,,,,,,,,,,,,,,,,,,,,,,,,,,,,,,,,,,,,,,,,,,,,,,,,,,,,,,,,,,,,,,,,,,,,,,,,,,,,,,,,,,,,,,,
1764665235.237973,45063,0,4395,4401.538574,4490.769043,4528.077148,4400,4530.384766,4543.974121,4396.410156,4581.410156,4411.922852,4512.307617,4516.410156,4565.897461,4385.256348,4379.743652,4492.05127,4546.538574,4541.794922,4517.179688,4383.717773,4398.589844,4573.589844,4511.153809,4496.794922,4406.025879,4578.846191,4386.794922,4561.922852,4510,4394.487305,4522.692383,4489.358887,2983,1,25,2560,46233,,,,0,4,4,4,4,4,4,4,4,4,4,4,4,4,4,4,4,4,4,4,4,4,4,4,4,4,4,4,4,4,4,4,4,100,,,,,,,,,,,,,,,,,,,,,,,,,,,,,,,,,,,,,,,,,,,,,,,,,,,,,,,,,,,,,,,,,,,,,,,,,,,,,,,,,,,,,,,,,,,,,,,,,,,,,,,,,,,,,,,,,,,,,,,,,,,,,,,,,,,,,,,,,,,,,,,,,,,,,,,,,,,,,,,,,,,,,,,,,,,,,,,,,,,,,,,,,,,,,,,,,,,,,,,,,,,,,,
1764665235.241880,45064,0,4390.384766,4395.512695,4482.05127,4522.820313,4390.897461,4526.153809,4541.666504,4388.589844,4580,4402.94873,4510.897461,4515.128418,4567.436035,4382.05127,4379.871582,4493.205078,4544.487305,4540.641113,4515.897461,4384.102539,4395.769043,4573.205078,4512.179688,4497.820313,4401.025879,4576.794922,4384.230957,4561.025879,4507.436035,4388.974121,4517.05127,4482.692383,2859,1,25,2048,46241,,,,0,4,4,4,4,4,4,4,4,4,4,4,4,4,4,4,4,4,4,4,4,4,4,4,4,4,4,4,4,4,4,4,4,100,,,,,,,,,,,,,,,,,,,,,,,,,,,,,,,,,,,,,,,,,,,,,,,,,,,,,,,,,,,,,,,,,,,,,,,,,,,,,,,,,,,,,,,,,,,,,,,,,,,,,,,,,,,,,,,,,,,,,,,,,,,,,,,,,,,,,,,,,,,,,,,,,,,,,,,,,,,,,,,,,,,,,,,,,,,,,,,,,,,,,,,,,,,,,,,,,,,,,,,,,,,,,,
1764665235.245787,45065,0,4385.256348,4388.205078,4473.205078,4515.512695,4381.794922,4522.05127,4538.461426,4380.384766,4575.384766,4385.512695,4506.153809,4516.282227,4566.794922,4377.307617,4377.563965,4495.512695,4541.410156,4538.205078,4513.589844,4382.94873,4391.282227,4570.897461,4510,4498.205078,4395.128418,4573.077148,4379.871582,4557.94873,4505.384766,4382.179688,4509.102539,4474.615234,2711,1,25,2048,46241,,,,0,4,4,4,4,4,4,4,4,4,4,4,4,4,4,4,4,4,4,4,4,4,4,4,4,4,4,4,4,4,4,4,4,100,,,,,,,,,,,,,,,,,,,,,,,,,,,,,,,,,,,27650,0,0.263676,-0.599731,-0.733093,0.182678,0.966427,0.208033,0.067391,24.5,29,43.666668,,,,,,,,,,,,,,,,,,,,,,,,,,,,,,,,,,,,,,,,,,,,,,,,,,,,,,,,,,,,,,,,,,,,,,,,,,,,,,,,,,,,,,,,,,,,,,,,,,,,,,,,,,,,,,,,,,,,,,,,,,,,,,,,,,,,,,,,,,,,,,,,,,,,,,,,,,,,,,,,
1764665235.249694,45066,0,4382.820313,4383.205078,4469.358887,4509.615234,4377.436035,4520,4536.922852,4376.410156,4570.897461,4369.230957,4501.025879,4518.974121,4564.487305,4375.512695,4375,4498.077148,4539.358887,4535.641113,4511.025879,4380.384766,4388.205078,4567.436035,4506.410156,4498.589844,4392.820313,4570,4376.666504,4554.102539,4504.871582,4378.974121,4504.102539,4469.615234,2278,1,25,1024,46249,,,,0,4,4,4,4,4,4,4,4,4,4,4,4,4,4,4,4,4,4,4,4,4,4,4,4,4,4,4,4,4,4,4,4,100,,,,,,,,,,,,,,,,,,,,,,,,,,,,,,,,,,,,,,,,,,,,,,,,,,,,,,,,,,,,,,,,,,,,,,,,,,,,,,,,,,,,,,,,,,,,,,,,,,,,,,,,,,,,,,,,,,,,,,,,,,,,,,,,,,,,,,,,,,,,,,,,,,,,,,,,,,,,,,,,,,,,,,,,,,,,,,,,,,,,,,,,,,,,,,,,,,,,,,,,,,,,,,
1764665235.253602,45067,0,4382.307617,4381.153809,4470.256348,4506.538574,4377.692383,4519.102539,4537.05127,4376.410156,4568.077148,4361.025879,4497.436035,4519.871582,4561.282227,4377.436035,4372.820313,4498.846191,4538.717773,4533.461426,4508.589844,4376.410156,4386.538574,4563.461426,4502.692383,4498.205078,4393.589844,4567.94873,4375,4549.743652,4504.487305,4379.487305,4503.077148,4468.461426,2694,1,25,1024,46249,,,,0,4,4,4,4,4,4,4,4,4,4,4,4,4,4,4,4,4,4,4,4,4,4,4,4,4,4,4,4,4,4,4,4,100,,,,,,,,,,,,,,,,,,,,,,,,,,,,,,,,,,,,,,,,,,,,,,,,,,,,,,,,,,,,,,,,,,,,,,,,,,,,,,,,,,,,,,,,,,,,,,,,,,,,,,,,,,,,,,,,,,,,,,,,,,,,,,,,,,,,,,,,,,,,,,,,,,,,,,,,,,,,,,,,,,,,,,,,,,,,,,,,,,,,,,,,,,,,,,,,,,,,,,,,,,,,,,
1764665235.257509,45068,0,4380.897461,4379.743652,4472.05127,4505.384766,4378.717773,4517.05127,4537.05127,4377.05127,4566.282227,4361.922852,4496.153809,4516.922852,4558.077148,4381.282227,4370.641113,4497.436035,4538.974121,4532.179688,4506.794922,4372.307617,4385.128418,4559.871582,4499.615234,4496.794922,4394.358887,4566.410156,4373.077148,4544.871582,4502.436035,4380.641113,4504.102539,4469.230957,2488,1,25,256,46257,,,,0,4,4,4,4,4,4,4,4,4,4,4,4,4,4,4,4,4,4,4,4,4,4,4,4,4,4,4,4,4,4,4,4,100,,,,,,,,,,,,,,,,,,,,,,,,,,,,,,,,,,,,,,,,,,,,,,,,,,,,,,,,,,,,,,,,,,,,,,,,,,,,,,,,,,,,,,,,,,,,,,,,,,,,,,,,,,,,,,,,,,,,,,,,,,,,,,,,,,,,,,,,,,,,,,,,,,,,,,,,,,,,,,,,,,,,,,,,,,,,,,,,,,,,,,,,,,,,,,,,,,,,,,,,,,,,,,
1764665235.261416,45069,0,4378.077148,4378.589844,4471.922852,4506.025879,4378.461426,4514.487305,4536.794922,4376.538574,4566.153809,4369.487305,4497.179688,4511.538574,4557.307617,4384.871582,4369.358887,4496.538574,4540.128418,4533.077148,4507.05127,4370.128418,4383.461426,4558.461426,4498.846191,4495.512695,4393.461426,4566.282227,4371.025879,4541.410156,4499.102539,4380.256348,4504.743652,4470.641113,2240,1,25,256,46257,,,,0,4,4,4,4,4,4,4,4,4,4,4,4,4,4,4,4,4,4,4,4,4,4,4,4,4,4,4,4,4,4,4,4,100,,,,,,,,,,,,,,,,,,,,,,,,,,,,,,,,,,,27651,0,0.263676,-0.599731,-0.733093,0.182678,0.966427,0.208033,0.067391,24,28.166666,44.166668,,,,,,,,,,,,,,,,,,,,,,,,,,,,,,,,,,,,,,,,,,,,,,,,,,,,,,,,,,,,,,,,,,,,,,,,,,,,,,,,,,,,,,,,,,,,,,,,,,,,,,,,,,,,,,,,,,,,,,,,,,,,,,,,,,,,,,,,,,,,,,,,,,,,,,,,,,,,,,,,
1764665235.265323,45070,0,4376.666504,4379.743652,4471.922852,4509.102539,4378.461426,4513.974121,4538.461426,4376.794922,4569.487305,4380,4500.512695,4508.205078,4561.410156,4387.692383,4370.641113,4500,4543.077148,4537.94873,4510.512695,4372.179688,4383.205078,4561.025879,4502.179688,4497.05127,4392.94873,4569.102539,4370.897461,4542.05127,4496.666504,4379.358887,4505.384766,4473.077148,2707,1,25,256,46264,,,,0,4,4,4,4,4,4,4,4,4,4,4,4,4,4,4,4,4,4,4,4,4,4,4,4,4,4,4,4,4,4,4,4,100,,,,,,,,,,,,,,,,,,,,,,,,,,,,,,,,,,,,,,,,,,,,,,,,,,,,,,,,,,,,,,,,,,,,,,,,,,,,,,,,,,,,,,,,,,,,,,,,,,,,,,,,,,,,,,,,,,,,,,,,,,,,,,,,,,,,,,,,,,,,,,,,,,,,,,,,,,,,,,,,,,,,,,,,,,,,,,,,,,,,,,,,,,,,,,,,,,,,,,,,,,,,,,
1764665235.269230,45071,0,4380.384766,4385.256348,4475.897461,4515.512695,4382.307617,4518.205078,4543.717773,4380.897461,4577.820313,4390.641113,4505,4510.256348,4570.128418,4390.256348,4375.256348,4508.589844,4548.461426,4546.538574,4516.410156,4378.333496,4386.025879,4567.307617,4509.358887,4502.820313,4396.153809,4575.256348,4375,4547.563965,4497.820313,4380.641113,4508.077148,4477.563965,2500,1,25,256,46264,,,,0,4,4,4,4,4,4,4,4,4,4,4,4,4,4,4,4,4,4,4,4,4,4,4,4,4,4,4,4,4,4,4,4,100,,,,,,,,,,,,,,,,,,,,,,,,,,,,,,,,,,,,,,,,,,,,,,,,,,,,,,,,,,,,,,,,,,,,,,,,,,,,,,,,,,,,,,,,,,,,,,,,,,,,,,,,,,,,,,,,,,,,,,,,,,,,,,,,,,,,,,,,,,,,,,,,,,,,,,,,,,,,,,,,,,,,,,,,,,,,,,,,,,,,,,,,,,,,,,,,,,,,,,,,,,,,,,
1764665235.273036,45072,0,4388.974121,4394.871582,4485.256348,4524.743652,4391.282227,4526.025879,4551.538574,4389.487305,4589.743652,4399.230957,4508.974121,4517.94873,4580.128418,4393.077148,4381.794922,4518.717773,4555.512695,4555.256348,4522.307617,4386.282227,4391.922852,4574.871582,4517.307617,4510.641113,4402.692383,4583.333496,4382.692383,4555.641113,4502.820313,4385.897461,4514.487305,4484.102539,2867,1,25,256,46272,,,,0,4,4,4,4,4,4,4,4,4,4,4,4,4,4,4,4,4,4,4,4,4,4,4,4,4,4,4,4,4,4,4,4,100,,,,,,,,,,,,,,,,,,,,,,,,,,,,,,,,,,,,,,,,,,,,,,,,,,,,,,,,,,,,,,,,,,,,,,,,,,,,,,,,,,,,,,,,,,,,,,,,,,,,,,,,,,,,,,,,,,,,,,,,,,,,,,,,,,,,,,,,,,,,,,,,,,,,,,,,,,,,,,,,,,,,,,,,,,,,,,,,,,,,,,,,,,,,,,,,,,,,,,,,,,,,,,
1764665235.276942,45073,0,4398.077148,4404.358887,4496.794922,4534.230957,4402.179688,4532.94873,4558.205078,4399.615234,4600.128418,4404.230957,4511.538574,4527.307617,4586.153809,4395.769043,4386.922852,4525.128418,4561.410156,4559.358887,4524.487305,4391.922852,4398.205078,4579.743652,4522.05127,4515.897461,4408.205078,4590.384766,4390.128418,4562.179688,4509.102539,4393.717773,4523.205078,4491.410156,2907,1,25,256,46272,,,,0,4,4,4,4,4,4,4,4,4,4,4,4,4,4,4,4,4,4,4,4,4,4,4,4,4,4,4,4,4,4,4,4,100,,,,,,,,,,,,,,,,,,,,,,,,,,,,,,,,,,,27652,0,0.263804,-0.599731,-0.733032,0.182739,0.954218,0.21487,0.047369,24,29.833334,44.166668,,,,,,,,,,,,,,,,,,,,,,,,,,,,,,,,,,,,,,,,,,,,,,,,,,,,,,,,,,,,,,,,,,,,,,,,,,,,,,,,,,,,,,,,,,,,,,,,,,,,,,,,,,,,,,,,,,,,,,,,,,,,,,,,,,,,,,,,,,,,,,,,,,,,,,,,,,,,,,,,
1764665235.280748,45074,0,4402.179688,4408.974121,4504.615234,4540.512695,4409.615234,4534.615234,4559.743652,4405.897461,4604.487305,4404.487305,4511.922852,4533.077148,4584.743652,4397.436035,4387.94873,4524.102539,4563.077148,4556.153809,4521.794922,4392.94873,4401.666504,4579.487305,4521.282227,4515,4408.461426,4593.333496,4392.820313,4563.717773,4512.179688,4400.128418,4529.743652,4496.922852,1761,1,25,256,46280,,,,0,4,4,4,4,4,4,4,4,4,4,4,4,4,4,4,4,4,4,4,4,4,4,4,4,4,4,4,4,4,4,4,4,100,,,,,,,,,,,,,,,,,,,,,,,,,,,,,,,,,,,,,,,,,,,,,,,,,,,,,,,,,,,,,,,,,,,,,,,,,,,,,,,,,,,,,,,,,,,,,,,,,,,,,,,,,,,,,,,,,,,,,,,,,,,,,,,,,,,,,,,,,,,,,,,,,,,,,,,,,,,,,,,,,,,,,,,,,,,,,,,,,,,,,,,,,,,,,,,,,,,,,,,,,,,,,,
1764665235.284654,45075,0,4398.846191,4406.794922,4505.128418,4541.666504,4409.487305,4530.128418,4554.487305,4405.128418,4600.897461,4400.128418,4509.230957,4531.794922,4577.436035,4396.666504,4384.871582,4516.410156,4558.846191,4547.563965,4515.897461,4389.102539,4400.512695,4574.102539,4515.897461,4507.692383,4403.461426,4590.897461,4389.487305,4560,4509.743652,4400.641113,4530.512695,4498.717773,2956,1,25,256,46280,,,,0,4,4,4,4,4,4,4,4,4,4,4,4,4,4,4,4,4,4,4,4,4,4,4,4,4,4,4,4,4,4,4,4,100,,,,,,,,,,,,,,,,,,,,,,,,,,,,,,,,,,,,,,,,,,,,,,,,,,,,,,,,,,,,,,,,,,,,,,,,,,,,,,,,,,,,,,,,,,,,,,,,,,,,,,,,,,,,,,,,,,,,,,,,,,,,,,,,,,,,,,,,,,,,,,,,,,,,,,,,,,,,,,,,,,,,,,,,,,,,,,,,,,,,,,,,,,,,,,,,,,,,,,,,,,,,,,
1764665235.288461,45076,0,4390.384766,4399.871582,4499.102539,4538.461426,4402.179688,4523.205078,4544.487305,4398.205078,4591.922852,4392.94873,4503.717773,4524.102539,4568.717773,4392.94873,4380,4505.384766,4550.256348,4538.717773,4510.512695,4382.307617,4396.025879,4566.025879,4509.487305,4497.307617,4396.538574,4583.974121,4382.563965,4553.589844,4503.205078,4394.487305,4525.512695,4497.179688,2521,1,25,512,46288,,,,0,4,4,4,4,4,4,4,4,4,4,4,4,4,4,4,4,4,4,4,4,4,4,4,4,4,4,4,4,4,4,4,4,100,,,,,,,,,,,,,,,,,,,,,,,,,,,,,,,,,,,,,,,,,,,,,,,,,,,,,,,,,,,,,,,,,,,,,,,,,,,,,,,,,,,,,,,,,,,,,,,,,,,,,,,,,,,,,,,,,,,,,,,,,,,,,,,,,,,,,,,,,,,,,,,,,,,,,,,,,,,,,,,,,,,,,,,,,,,,,,,,,,,,,,,,,,,,,,,,,,,,,,,,,,,,,,
1764665235.292367,45077,0,4382.05127,4393.205078,4491.794922,4533.974121,4393.589844,4518.717773,4535.256348,4389.871582,4582.692383,4386.410156,4496.794922,4514.230957,4563.461426,4387.692383,4376.410156,4496.538574,4541.025879,4533.974121,4508.461426,4375.384766,4391.025879,4559.487305,4505.897461,4488.846191,4392.307617,4576.282227,4376.922852,4549.102539,4496.794922,4385.897461,4519.102539,4495.769043,2824,1,25,512,46288,,,,0,4,4,4,4,4,4,4,4,4,4,4,4,4,4,4,4,4,4,4,4,4,4,4,4,4,4,4,4,4,4,4,4,100,,,,,,,,,,,,,,,,,,,,,,,,,,,,,,,,,,,27653,0,0.264027,-0.59967,-0.732971,0.182861,0.975705,0.219753,0.042486,25,28.333334,43,,,,,,,,,,,,,,,,,,,,,,,,,,,,,,,,,,,,,,,,,,,,,,,,,,,,,,,,,,,,,,,,,,,,,,,,,,,,,,,,,,,,,,,,,,,,,,,,,,,,,,,,,,,,,,,,,,,,,,,,,,,,,,,,,,,,,,,,,,,,,,,,,,,,,,,,,,,,,,,,
1764665235.296274,45078,0,4378.717773,4391.538574,4489.743652,4532.05127,4390.256348,4519.871582,4532.05127,4385.256348,4578.589844,4384.487305,4492.179688,4507.692383,4563.589844,4383.717773,4376.153809,4493.077148,4535.769043,4534.871582,4510,4371.153809,4388.461426,4557.692383,4507.179688,4486.282227,4392.692383,4572.05127,4376.410156,4549.615234,4495.128418,4381.410156,4517.05127,4498.077148,2930,1,25,768,46296,,,,0,4,4,4,4,4,4,4,4,4,4,4,4,4,4,4,4,4,4,4,4,4,4,4,4,4,4,4,4,4,4,4,4,100,,,,,,,,,,,,,,,,,,,,,,,,,,,,,,,,,,,,,,,,,,,,,,,,,,,,,,,,,,,,,,,,,,,,,,,,,,,,,,,,,,,,,,,,,,,,,,,,,,,,,,,,,,,,,,,,,,,,,,,,,,,,,,,,,,,,,,,,,,,,,,,,,,,,,,,,,,,,,,,,,,,,,,,,,,,,,,,,,,,,,,,,,,,,,,,,,,,,,,,,,,,,,,
1764665235.300181,45079,0,4381.922852,4396.153809,4496.410156,4534.615234,4395.128418,4525.769043,4536.666504,4387.563965,4581.282227,4388.589844,4492.692383,4507.179688,4567.692383,4383.333496,4379.230957,4495.384766,4537.05127,4539.615234,4513.717773,4372.05127,4389.615234,4561.538574,4512.820313,4490.384766,4396.922852,4573.589844,4382.307617,4555.256348,4499.487305,4385.128418,4521.922852,4505.128418,2846,1,25,768,46296,,,,0,4,4,4,4,4,4,4,4,4,4,4,4,4,4,4,4,4,4,4,4,4,4,4,4,4,4,4,4,4,4,4,4,100,,,,,,,,,,,,,,,,,,,,,,,,,,,,,,,,,,,,,,,,,,,,,,,,,,,,,,,,,,,,,,,,,,,,,,,,,,,,,,,,,,,,,,,,,,,,,,,,,,,,,,,,,,,,,,,,,,,,,,,,,,,,,,,,,,,,,,,,,,,,,,,,,,,,,,,,,,,,,,,,,,,,,,,,,,,,,,,,,,,,,,,,,,,,,,,,,,,,,,,,,,,,,,
1764665235.304087,45080,0,4388.974121,4404.358887,4508.846191,4539.487305,4405,4532.820313,4545.769043,4394.743652,4587.820313,4396.025879,4497.94873,4511.666504,4572.307617,4385.641113,4383.461426,4499.743652,4543.461426,4543.717773,4516.922852,4377.179688,4392.820313,4568.205078,4519.230957,4497.94873,4401.666504,4579.615234,4391.666504,4562.692383,4507.436035,4395,4531.282227,4514.743652,2762,1,25,1024,46303,,,,0,4,4,4,4,4,4,4,4,4,4,4,4,4,4,4,4,4,4,4,4,4,4,4,4,4,4,4,4,4,4,4,4,100,,,,,,,,,,,,,,,,,,,,,,,,,,,,,,,,,,,,,,,,,,,,,,,,,,,,,,,,,,,,,,,,,,,,,,,,,,,,,,,,,,,,,,,,,,,,,,,,,,,,,,,,,,,,,,,,,,,,,,,,,,,,,,,,,,,,,,,,,,,,,,,,,,,,,,,,,,,,,,,,,,,,,,,,,,,,,,,,,,,,,,,,,,,,,,,,,,,,,,,,,,,,,,
1764665235.307994,45081,0,4394.358887,4411.666504,4520.128418,4543.077148,4413.077148,4537.436035,4552.94873,4401.153809,4592.563965,4401.794922,4505.128418,4517.563965,4573.974121,4387.820313,4385.128418,4502.05127,4550.769043,4543.205078,4517.05127,4383.333496,4395.384766,4573.077148,4522.05127,4503.974121,4403.461426,4586.153809,4399.743652,4568.077148,4514.615234,4405.256348,4539.358887,4522.307617,2816,1,25,1024,46303,,,,0,4,4,4,4,4,4,4,4,4,4,4,4,4,4,4,4,4,4,4,4,4,4,4,4,4,4,4,4,4,4,4,4,100,,,,,,,,,,,,,,,,,,,,,,,,,,,,,,,,,,,27654,0,0.264124,-0.599609,-0.732971,0.182922,0.979123,0.215847,0.052741,23.166666,28.166666,43.666668,,,,,,,,,,,,,,,,,,,,,,,,,,,,,,,,,,,,,,,,,,,,,,,,,,,,,,,,,,,,,,,,,,,,,,,,,,,,,,,,,,,,,,,,,,,,,,,,,,,,,,,,,,,,,,,,,,,,,,,,,,,,,,,,,,,,,,,,,,,,,,,,,,,,,,,,,,,,,,,,
1764665235.311901,45082,0,4395.256348,4414.871582,4525.641113,4543.461426,4415.641113,4539.102539,4554.871582,4402.436035,4592.307617,4402.436035,4510.384766,4521.410156,4572.436035,4387.94873,4382.563965,4501.538574,4554.615234,4538.205078,4514.358887,4386.666504,4395.769043,4574.102539,4520.128418,4506.410156,4403.077148,4589.871582,4403.461426,4570,4517.563965,4410.897461,4542.692383,4525.384766,1956,1,25,1280,46311,,,,0,4,4,4,4,4,4,4,4,4,4,4,4,4,4,4,4,4,4,4,4,4,4,4,4,4,4,4,4,4,4,4,4,100,,,,,,,,,,,,,,,,,,,,,,,,,,,,,,,,,,,,,,,,,,,,,,,4.126116,1.642944,0.682011,0.853027,0.443184,6.855744,1.417157,0.691252,0.777578,0.513805,4.004056,1.979542,0.494139,0.77668,0.99625,2.021547,2.230564,0.639367,0.80196,0.778272,5.190995,1.536557,0.66403,0.679979,0.543483,4.974606,1.630466,0.469945,0.868235,0.605708,3.59183,1.46743,0.924545,0.803141,0.623139,2.973763,1.802599,0.965626,0.736946,0.762776,1.853635,2.815448,0.717823,0.534134,0.774045,0.941251,3.071429,0.796766,1.668141,1.196135,1.688691,1.215647,0.472191,0.52099,0.481451,5.239707,2.2786,0.472593,0.669299,0.493874,2.319139,1.518041,0.896919,0.621037,0.493856,1.22272,0.882838,0.279594,0.470941,0.336068,0.345437,0.687209,0.225722,0.845685,0.617639,0.567655,1.430411,0.618519,0.54241,0.42482,4.090636,3.540164,0.553733,0.764744,0.491851,1.988994,2.523695,0.954916,0.635474,0.437968,0.731359,1.398794,0.908623,0.445257,0.301942,1.498567,1.07848,0.892575,0.609457,0.454522,2.132557,2.587333,1.12959,0.820965,0.396877,3.813176,4.032043,1.122743,0.836892,0.49519,4.02247,2.161733,0.581094,0.635321,0.453366,4.242468,2.786842,0.798416,0.838177,0.605006,3.216438,5.685325,1.125791,0.760134,1.056478,2.946388,2.084592,0.316847,0.609913,0.591477,5.56069,2.148764,0.494373,0.933677,0.718047,5.734904,2.759226,0.567125,0.988977,0.615536,3.409366,0.870071,0.300706,0.387211,0.268191,6.762577,1.36888,0.626003,0.888728,0.603015,6.545012,2.156603,0.589586,0.820522,0.671388,4.737522,1.705586,0.464734,0.901572,0.785359
1764665235.315808,45083,0,4393.717773,4415,4526.025879,4542.436035,4414.487305,4539.615234,4552.820313,4400.128418,4588.974121,4399.230957,4512.692383,4523.205078,4570,4387.179688,4378.077148,4500.769043,4554.487305,4534.102539,4511.794922,4386.794922,4395.384766,4573.461426,4516.794922,4507.179688,4404.487305,4590.384766,4403.974121,4570.384766,4517.179688,4411.666504,4542.436035,4525.384766,2638,1,25,1280,46311,,,,0,4,4,4,4,4,4,4,4,4,4,4,4,4,4,4,4,4,4,4,4,4,4,4,4,4,4,4,4,4,4,4,4,100,,,,,,,,,,,,,,,,,,,,,,,,,,,,,,,,,,,,,,,,,,,,,,,,,,,,,,,,,,,,,,,,,,,,,,,,,,,,,,,,,,,,,,,,,,,,,,,,,,,,,,,,,,,,,,,,,,,,,,,,,,,,,,,,,,,,,,,,,,,,,,,,,,,,,,,,,,,,,,,,,,,,,,,,,,,,,,,,,,,,,,,,,,,,,,,,,,,,,,,,,,,,,,
1764665235.319714,45084,0,4393.846191,4414.487305,4525.256348,4542.692383,4415.384766,4541.025879,4551.282227,4399.102539,4586.410156,4395.769043,4512.820313,4524.102539,4569.358887,4387.307617,4375.256348,4502.436035,4553.717773,4536.538574,4512.563965,4386.025879,4396.025879,4574.871582,4516.282227,4508.974121,4411.794922,4590.128418,4403.974121,4571.538574,4516.538574,4410.769043,4542.436035,4525.256348,2693,1,25,1536,46319,,,,0,4,4,4,4,4,4,4,4,4,4,4,4,4,4,4,4,4,4,4,4,4,4,4,4,4,4,4,4,4,4,4,4,100,,,,,,,,,,,,,,,,,,,,,,,,,,,,,,,,,,,,,,,,,,,,,,,,,,,,,,,,,,,,,,,,,,,,,,,,,,,,,,,,,,,,,,,,,,,,,,,,,,,,,,,,,,,,,,,,,,,,,,,,,,,,,,,,,,,,,,,,,,,,,,,,,,,,,,,,,,,,,,,,,,,,,,,,,,,,,,,,,,,,,,,,,,,,,,,,,,,,,,,,,,,,,,
1764665235.323621,45085,0,4397.05127,4414.871582,4525.897461,4544.230957,4420.512695,4543.077148,4552.436035,4401.153809,4586.666504,4394.358887,4511.282227,4524.743652,4570.512695,4388.333496,4375.769043,4505.384766,4554.743652,4545.128418,4516.922852,4386.666504,4397.436035,4578.717773,4518.974121,4512.05127,4422.820313,4590,4404.615234,4573.461426,4517.563965,4410.256348,4543.846191,4526.666504,2515,1,25,1536,46319,,,,0,4,4,4,4,4,4,4,4,4,4,4,4,4,4,4,4,4,4,4,4,4,4,4,4,4,4,4,4,4,4,4,4,100,,,,,,,,,,,,,,,,,,,,,,,,,,,,,,,,,,,27655,0,0.264166,-0.599609,-0.732971,0.182861,0.976682,0.2178,0.047857,24,29,43.333332,,,,,,,,,,,,,,,,,,,,,,,,,,,,,,,,,,,,,,,,,,,,,,,,,,,,,,,,,,,,,,,,,,,,,,,,,,,,,,,,,,,,,,,,,,,,,,,,,,,,,,,,,,,,,,,,,,,,,,,,,,,,,,,,,,,,,,,,,,,,,,,,,,,,,,,,,,,,,,,,
1764665235.327528,45086,0,4400.128418,4414.230957,4526.025879,4543.974121,4425.769043,4542.820313,4554.230957,4402.94873,4587.563965,4393.974121,4507.692383,4523.974121,4571.153809,4387.820313,4377.563965,4506.153809,4556.410156,4552.692383,4520.512695,4387.436035,4396.922852,4581.794922,4520.769043,4513.589844,4429.743652,4588.717773,4403.589844,4573.205078,4518.846191,4408.974121,4543.589844,4527.307617,2663,1,25,1792,46327,,,,0,4,4,4,4,4,4,4,4,4,4,4,4,4,4,4,4,4,4,4,4,4,4,4,4,4,4,4,4,4,4,4,4,100,,,,,,,,,,,,,,,,,,,,,,,,,,,,,,,,,,,,,,,,,,,,,,,,,,,,,,,,,,,,,,,,,,,,,,,,,,,,,,,,,,,,,,,,,,,,,,,,,,,,,,,,,,,,,,,,,,,,,,,,,,,,,,,,,,,,,,,,,,,,,,,,,,,,,,,,,,,,,,,,,,,,,,,,,,,,,,,,,,,,,,,,,,,,,,,,,,,,,,,,,,,,,,
1764665235.331435,45087,0,4398.717773,4410.384766,4522.436035,4539.230957,4424.871582,4538.461426,4553.077148,4399.871582,4585.384766,4391.794922,4501.922852,4520.769043,4569.230957,4384.615234,4377.820313,4502.692383,4555.769043,4552.307617,4519.230957,4385.641113,4392.692383,4580.256348,4518.461426,4510.641113,4425,4584.102539,4397.820313,4568.461426,4516.922852,4404.743652,4537.820313,4523.974121,2834,1,25,1792,46327,,,,0,4,4,4,4,4,4,4,4,4,4,4,4,4,4,4,4,4,4,4,4,4,4,4,4,4,4,4,4,4,4,4,4,100,,,,,,,,,,,,,,,,,,,,,,,,,,,,,,,,,,,,,,,,,,,,,,,,,,,,,,,,,,,,,,,,,,,,,,,,,,,,,,,,,,,,,,,,,,,,,,,,,,,,,,,,,,,,,,,,,,,,,,,,,,,,,,,,,,,,,,,,,,,,,,,,,,,,,,,,,,,,,,,,,,,,,,,,,,,,,,,,,,,,,,,,,,,,,,,,,,,,,,,,,,,,,,
1764665235.335341,45088,0,4392.307617,4403.205078,4514.230957,4530.641113,4415.897461,4531.538574,4548.077148,4391.794922,4578.589844,4387.05127,4495.897461,4516.025879,4565.256348,4380.512695,4375.897461,4497.307617,4551.410156,4543.461426,4512.563965,4380.769043,4386.282227,4573.589844,4512.563965,4503.974121,4409.358887,4576.538574,4388.205078,4560,4511.153809,4397.436035,4526.282227,4515.384766,2753,1,25,2048,46335,,,,0,4,4,4,4,4,4,4,4,4,4,4,4,4,4,4,4,4,4,4,4,4,4,4,4,4,4,4,4,4,4,4,4,100,,,,,,,,,,,,,,,,,,,,,,,,,,,,,,,,,,,,,,,,,,,,,,,,,,,,,,,,,,,,,,,,,,,,,,,,,,,,,,,,,,,,,,,,,,,,,,,,,,,,,,,,,,,,,,,,,,,,,,,,,,,,,,,,,,,,,,,,,,,,,,,,,,,,,,,,,,,,,,,,,,,,,,,,,,,,,,,,,,,,,,,,,,,,,,,,,,,,,,,,,,,,,,
1764665235.339248,45089,0,4385,4395.769043,4504.487305,4522.307617,4403.589844,4525.384766,4542.05127,4383.205078,4570,4381.666504,4492.436035,4512.307617,4561.538574,4378.589844,4373.461426,4494.102539,4546.025879,4533.333496,4504.615234,4375.512695,4381.794922,4565.641113,4507.436035,4497.94873,4391.666504,4569.102539,4378.974121,4551.282227,4504.615234,4390.641113,4513.589844,4504.615234,2917,1,25,2048,46335,,,,0,4,4,4,4,4,4,4,4,4,4,4,4,4,4,4,4,4,4,4,4,4,4,4,4,4,4,4,4,4,4,4,4,100,,,,,,,,,,,,,,,,,,,,,,,,,,,,,,,,,,,27656,0,0.264293,-0.599609,-0.73291,0.182922,0.97424,0.222683,0.044439,24.166666,27.166666,44.333332,,,,,,,,,,,,,,,,,,,,,,,,,,,,,,,,,,,,,,,,,,,,,,,,,,,,,,,,,,,,,,,,,,,,,,,,,,,,,,,,,,,,,,,,,,,,,,,,,,,,,,,,,,,,,,,,,,,,,,,,,,,,,,,,,,,,,,,,,,,,,,,,,,,,,,,,,,,,,,,,
1764665235.343155,45090,0,4381.538574,4391.794922,4498.333496,4518.461426,4395.512695,4522.436035,4539.358887,4379.871582,4564.743652,4378.974121,4493.077148,4511.922852,4560.897461,4381.025879,4373.205078,4495.769043,4543.717773,4529.743652,4500.512695,4372.94873,4382.563965,4561.666504,4506.538574,4496.153809,4381.794922,4565.897461,4374.871582,4546.666504,4501.153809,4387.563965,4506.282227,4496.922852,2596,1,25,2304,46342,,,,0,4,4,4,4,4,4,4,4,4,4,4,4,4,4,4,4,4,4,4,4,4,4,4,4,4,4,4,4,4,4,4,4,100,,,,,,,,,,,,,,,,,,,,,,,,,,,,,,,,,,,,,,,,,,,,,,,,,,,,,,,,,,,,,,,,,,,,,,,,,,,,,,,,,,,,,,,,,,,,,,,,,,,,,,,,,,,,,,,,,,,,,,,,,,,,,,,,,,,,,,,,,,,,,,,,,,,,,,,,,,,,,,,,,,,,,,,,,,,,,,,,,,,,,,,,,,,,,,,,,,,,,,,,,,,,,,
1764665235.347061,45091,0,4383.205078,4391.794922,4498.461426,4520,4395.256348,4522.05127,4541.666504,4383.077148,4566.025879,4380.256348,4497.179688,4514.615234,4563.333496,4385.769043,4375.512695,4501.922852,4546.410156,4535.128418,4502.692383,4374.487305,4387.820313,4563.589844,4509.871582,4498.717773,4383.589844,4567.692383,4376.666504,4547.820313,4502.307617,4388.717773,4507.820313,4496.025879,2854,1,25,2304,46342,,,,0,4,4,4,4,4,4,4,4,4,4,4,4,4,4,4,4,4,4,4,4,4,4,4,4,4,4,4,4,4,4,4,4,100,,,,,,,,,,,,,,,,,,,,,,,,,,,,,,,,,,,,,,,,,,,,,,,,,,,,,,,,,,,,,,,,,,,,,,,,,,,,,,,,,,,,,,,,,,,,,,,,,,,,,,,,,,,,,,,,,,,,,,,,,,,,,,,,,,,,,,,,,,,,,,,,,,,,,,,,,,,,,,,,,,,,,,,,,,,,,,,,,,,,,,,,,,,,,,,,,,,,,,,,,,,,,,
1764665235.350968,45092,0,4386.666504,4393.077148,4503.205078,4524.230957,4399.743652,4521.794922,4546.025879,4388.077148,4572.307617,4383.589844,4501.794922,4517.05127,4567.179688,4389.230957,4378.589844,4508.846191,4551.922852,4544.743652,4508.846191,4378.205078,4393.717773,4569.102539,4514.102539,4502.05127,4393.205078,4572.05127,4381.410156,4553.077148,4505.384766,4391.025879,4515.641113,4501.282227,2746,1,25,1792,46350,,,,0,4,4,4,4,4,4,4,4,4,4,4,4,4,4,4,4,4,4,4,4,4,4,4,4,4,4,4,4,4,4,4,4,100,,,,,,,,,,,,,,,,,,,,,,,,,,,,,,,,,,,,,,,,,,,,,,,,,,,,,,,,,,,,,,,,,,,,,,,,,,,,,,,,,,,,,,,,,,,,,,,,,,,,,,,,,,,,,,,,,,,,,,,,,,,,,,,,,,,,,,,,,,,,,,,,,,,,,,,,,,,,,,,,,,,,,,,,,,,,,,,,,,,,,,,,,,,,,,,,,,,,,,,,,,,,,,
1764665235.354875,45093,0,4387.820313,4392.436035,4507.563965,4526.025879,4402.436035,4519.487305,4548.077148,4388.846191,4578.589844,4385.641113,4503.846191,4515.512695,4569.487305,4388.461426,4379.487305,4512.179688,4555.384766,4551.282227,4514.230957,4380.897461,4396.410156,4573.205078,4515.256348,4502.436035,4403.717773,4574.615234,4384.358887,4557.94873,4507.307617,4390.769043,4523.589844,4508.205078,2788,1,25,1792,46350,,,,0,4,4,4,4,4,4,4,4,4,4,4,4,4,4,4,4,4,4,4,4,4,4,4,4,4,4,4,4,4,4,4,4,100,,,,,,,,,,,,,,,,,,,,,,,,,,,,,,,,,,,27657,0,0.264124,-0.599609,-0.732971,0.182922,0.981565,0.218777,0.045904,24.666666,30,44.333332,,,,,,,,,,,,,,,,,,,,,,,,,,,,,,,,,,,,,,,,,,,,,,,,,,,,,,,,,,,,,,,,,,,,,,,,,,,,,,,,,,,,,,,,,,,,,,,,,,,,,,,,,,,,,,,,,,,,,,,,,,,,,,,,,,,,,,,,,,,,,,,,,,,,,,,,,,,,,,,,
1764665235.358782,45094,0,4385.256348,4389.487305,4508.077148,4523.589844,4398.974121,4515.256348,4545.384766,4383.333496,4580,4384.871582,4502.179688,4509.871582,4568.846191,4384.615234,4377.05127,4510,4553.974121,4551.666504,4515.769043,4381.282227,4395.512695,4573.077148,4512.692383,4499.615234,4409.358887,4572.820313,4383.717773,4558.974121,4506.538574,4386.922852,4526.666504,4512.05127,2790,1,25,1280,46358,,,,0,4,4,4,4,4,4,4,4,4,4,4,4,4,4,4,4,4,4,4,4,4,4,4,4,4,4,4,4,4,4,4,4,100,,,,,,,,,,,,,,,,,,,,,,,,,,,,,,,,,,,,,,,,,,,,,,,,,,,,,,,,,,,,,,,,,,,,,,,,,,,,,,,,,,,,,,,,,,,,,,,,,,,,,,,,,,,,,,,,,,,,,,,,,,,,,,,,,,,,,,,,,,,,,,,,,,,,,,,,,,,,,,,,,,,,,,,,,,,,,,,,,,,,,,,,,,,,,,,,,,,,,,,,,,,,,,
1764665235.362688,45095,0,4381.794922,4387.307617,4505.384766,4519.230957,4391.282227,4512.05127,4540.128418,4376.025879,4576.538574,4382.820313,4498.846191,4504.102539,4566.538574,4381.794922,4373.846191,4504.743652,4549.358887,4548.461426,4514.487305,4380.769043,4393.717773,4570.769043,4509.615234,4496.922852,4409.871582,4568.717773,4381.538574,4556.025879,4504.871582,4382.692383,4524.615234,4511.025879,2983,1,25,1280,46358,,,,0,4,4,4,4,4,4,4,4,4,4,4,4,4,4,4,4,4,4,4,4,4,4,4,4,4,4,4,4,4,4,4,4,100,,,,,,,,,,,,,,,,,,,,,,,,,,,,,,,,,,,,,,,,,,,,,,,,,,,,,,,,,,,,,,,,,,,,,,,,,,,,,,,,,,,,,,,,,,,,,,,,,,,,,,,,,,,,,,,,,,,,,,,,,,,,,,,,,,,,,,,,,,,,,,,,,,,,,,,,,,,,,,,,,,,,,,,,,,,,,,,,,,,,,,,,,,,,,,,,,,,,,,,,,,,,,,
1764665235.366595,45096,0,4380.897461,4389.102539,4502.94873,4517.820313,4385.512695,4512.820313,4536.666504,4373.589844,4572.436035,4382.94873,4497.436035,4503.205078,4565.128418,4383.974121,4373.333496,4501.666504,4546.282227,4546.922852,4513.717773,4381.922852,4394.230957,4570.512695,4509.743652,4497.563965,4408.461426,4566.538574,4381.153809,4552.692383,4504.871582,4382.05127,4521.538574,4507.436035,2860,1,25,1024,46366,,,,0,4,4,4,4,4,4,4,4,4,4,4,4,4,4,4,4,4,4,4,4,4,4,4,4,4,4,4,4,4,4,4,4,100,,,,,,,,,,,,,,,,,,,,,,,,,,,,,,,,,,,,,,,,,,,,,,,,,,,,,,,,,,,,,,,,,,,,,,,,,,,,,,,,,,,,,,,,,,,,,,,,,,,,,,,,,,,,,,,,,,,,,,,,,,,,,,,,,,,,,,,,,,,,,,,,,,,,,,,,,,,,,,,,,,,,,,,,,,,,,,,,,,,,,,,,,,,,,,,,,,,,,,,,,,,,,,
1764665235.370502,45097,0,4383.846191,4395.128418,4503.717773,4521.922852,4386.410156,4518.077148,4537.692383,4379.358887,4572.307617,4386.666504,4499.743652,4508.205078,4566.538574,4391.025879,4377.307617,4503.461426,4547.692383,4550.128418,4515.769043,4385.897461,4397.436035,4574.487305,4513.589844,4501.538574,4408.717773,4568.717773,4383.974121,4552.179688,4507.307617,4386.025879,4521.025879,4504.871582,2711,1,25,1024,46366,,,,0,4,4,4,4,4,4,4,4,4,4,4,4,4,4,4,4,4,4,4,4,4,4,4,4,4,4,4,4,4,4,4,4,100,,,,,,,,,,,,,,,,,,,,,,,,,,,,,,,,,,,27658,0,0.264474,-0.599548,-0.732849,0.183105,0.961055,0.20901,0.046392,24.166666,29.166666,41.333332,,,,,,,,,,,,,,,,,,,,,,,,,,,,,,,,,,,,,,,,,,,,,,,,,,,,,,,,,,,,,,,,,,,,,,,,,,,,,,,,,,,,,,,,,,,,,,,,,,,,,,,,,,,,,,,,,,,,,,,,,,,,,,,,,,,,,,,,,,,,,,,,,,,,,,,,,,,,,,,,
1764665235.374409,45098,0,4388.974121,4402.05127,4507.563965,4528.589844,4393.589844,4524.487305,4542.05127,4389.743652,4577.307617,4392.179688,4504.358887,4516.025879,4570.256348,4398.461426,4384.102539,4508.333496,4552.692383,4555.897461,4519.743652,4390.384766,4401.153809,4580.512695,4517.563965,4505.641113,4411.153809,4573.461426,4388.077148,4554.615234,4511.025879,4391.666504,4523.717773,4505.128418,2280,1,25,256,46374,,,,0,4,4,4,4,4,4,4,4,4,4,4,4,4,4,4,4,4,4,4,4,4,4,4,4,4,4,4,4,4,4,4,4,100,,,,,,,,,,,,,,,,,,,,,,,,,,,,,,,,,,,,,,,,,,,,,,,,,,,,,,,,,,,,,,,,,,,,,,,,,,,,,,,,,,,,,,,,,,,,,,,,,,,,,,,,,,,,,,,,,,,,,,,,,,,,,,,,,,,,,,,,,,,,,,,,,,,,,,,,,,,,,,,,,,,,,,,,,,,,,,,,,,,,,,,,,,,,,,,,,,,,,,,,,,,,,,
1764665235.378315,45099,0,4392.820313,4405.512695,4511.025879,4532.692383,4401.410156,4527.820313,4546.025879,4397.820313,4584.743652,4396.538574,4508.077148,4522.179688,4574.230957,4401.410156,4390,4511.794922,4557.563965,4560.128418,4522.94873,4392.563965,4402.307617,4583.589844,4518.205078,4507.05127,4413.077148,4577.179688,4390.256348,4557.820313,4513.717773,4394.743652,4527.179688,4507.692383,2698,1,25,256,46374,,,,0,4,4,4,4,4,4,4,4,4,4,4,4,4,4,4,4,4,4,4,4,4,4,4,4,4,4,4,4,4,4,4,4,100,,,,,,,,,,,,,,,,,,,,,,,,,,,,,,,,,,,,,,,,,,,,,,,,,,,,,,,,,,,,,,,,,,,,,,,,,,,,,,,,,,,,,,,,,,,,,,,,,,,,,,,,,,,,,,,,,,,,,,,,,,,,,,,,,,,,,,,,,,,,,,,,,,,,,,,,,,,,,,,,,,,,,,,,,,,,,,,,,,,,,,,,,,,,,,,,,,,,,,,,,,,,,,
1764665235.382222,45100,0,4393.717773,4404.358887,4511.666504,4531.410156,4405.128418,4527.05127,4546.538574,4398.974121,4590.128418,4397.307617,4508.974121,4524.102539,4576.410156,4397.820313,4392.05127,4511.410156,4558.974121,4560.256348,4523.077148,4391.025879,4400,4581.410156,4515.256348,4505.128418,4411.794922,4577.692383,4389.230957,4559.487305,4513.974121,4393.461426,4529.102539,4510.128418,2495,1,25,512,46382,,,,0,4,4,4,4,4,4,4,4,4,4,4,4,4,4,4,4,4,4,4,4,4,4,4,4,4,4,4,4,4,4,4,4,100,,,,,,,,,,,,,,,,,,,,,,,,,,,,,,,,,,,,,,,,,,,,,,,,,,,,,,,,,,,,,,,,,,,,,,,,,,,,,,,,,,,,,,,,,,,,,,,,,,,,,,,,,,,,,,,,,,,,,,,,,,,,,,,,,,,,,,,,,,,,,,,,,,,,,,,,,,,,,,,,,,,,,,,,,,,,,,,,,,,,,,,,,,,,,,,,,,,,,,,,,,,,,,
1764665235.386129,45101,0,4392.179688,4401.153809,4509.871582,4526.794922,4403.974121,4524.358887,4543.974121,4394.615234,4590.769043,4395.128418,4507.436035,4522.563965,4575.384766,4390.641113,4390.128418,4508.974121,4557.179688,4557.05127,4520.641113,4387.307617,4395.769043,4575.512695,4511.794922,4501.922852,4406.922852,4575.512695,4386.666504,4558.974121,4512.563965,4389.615234,4528.589844,4510.512695,2244,1,25,512,46382,,,,0,4,4,4,4,4,4,4,4,4,4,4,4,4,4,4,4,4,4,4,4,4,4,4,4,4,4,4,4,4,4,4,4,100,,,,,,,,,,,,,,,,,,,,,,,,,,,,,,,,,,,27659,0,0.264558,-0.599548,-0.732788,0.183228,0.961055,0.20901,0.046392,25,28,42.666668,,,,,,,,,,,,,,,,,,,,,,,,,,,,,,,,,,,,,,,,,,,,,,,,,,,,,,,,,,,,,,,,,,,,,,,,,,,,,,,,,,,,,,,,,,,,,,,,,,,,,,,,,,,,,,,,,,,,,,,,,,,,,,,,,,,,,,,,,,,,,,,,,,,,,,,,,,,,,,,,
1764665235.390035,45102,0,4390.128418,4398.974121,4508.205078,4523.461426,4400.769043,4522.179688,4541.025879,4389.615234,4586.794922,4392.692383,4504.743652,4520,4571.282227,4385,4386.538574,4507.307617,4554.102539,4552.692383,4517.179688,4384.102539,4391.410156,4570,4511.025879,4500.128418,4400.769043,4572.692383,4384.487305,4557.05127,4511.025879,4386.538574,4526.282227,4508.205078,2715,1,25,256,46389,,,,0,4,4,4,4,4,4,4,4,4,4,4,4,4,4,4,4,4,4,4,4,4,4,4,4,4,4,4,4,4,4,4,4,100,,,,,,,,,,,,,,,,,,,,,,,,,,,,,,,,,,,,,,,,,,,,,,,,,,,,,,,,,,,,,,,,,,,,,,,,,,,,,,,,,,,,,,,,,,,,,,,,,,,,,,,,,,,,,,,,,,,,,,,,,,,,,,,,,,,,,,,,,,,,,,,,,,,,,,,,,,,,,,,,,,,,,,,,,,,,,,,,,,,,,,,,,,,,,,,,,,,,,,,,,,,,,,
1764665235.393942,45103,0,4388.077148,4398.077148,4508.205078,4523.589844,4398.077148,4520.641113,4539.358887,4387.05127,4580.512695,4391.794922,4501.410156,4517.436035,4565.512695,4383.333496,4383.205078,4507.05127,4550.641113,4548.461426,4513.974121,4381.794922,4387.692383,4566.025879,4512.563965,4499.230957,4395.384766,4570.128418,4382.94873,4553.974121,4510.256348,4385.384766,4522.563965,4504.102539,2505,1,25,256,46389,,,,0,4,4,4,4,4,4,4,4,4,4,4,4,4,4,4,4,4,4,4,4,4,4,4,4,4,4,4,4,4,4,4,4,100,,,,,,,,,,,,,,,,,,,,,,,,,,,,,,,,,,,,,,,,,,,,,,,,,,,,,,,,,,,,,,,,,,,,,,,,,,,,,,,,,,,,,,,,,,,,,,,,,,,,,,,,,,,,,,,,,,,,,,,,,,,,,,,,,,,,,,,,,,,,,,,,,,,,,,,,,,,,,,,,,,,,,,,,,,,,,,,,,,,,,,,,,,,,,,,,,,,,,,,,,,,,,,
1764665235.397849,45104,0,4385.256348,4396.666504,4508.589844,4525.512695,4395.897461,4518.846191,4538.846191,4386.410156,4574.487305,4391.153809,4496.794922,4514.615234,4559.743652,4383.717773,4380.512695,4505.769043,4545.769043,4543.077148,4510.769043,4379.102539,4383.846191,4561.922852,4513.077148,4496.666504,4391.794922,4567.307617,4379.871582,4549.615234,4508.974121,4384.230957,4517.692383,4499.487305,2873,1,25,512,46397,,,,0,4,4,4,4,4,4,4,4,4,4,4,4,4,4,4,4,4,4,4,4,4,4,4,4,4,4,4,4,4,4,4,4,100,,,,,,,,,,,,,,,,,,,,,,,,,,,,,,,,,,,,,,,,,,,,,,,,,,,,,,,,,,,,,,,,,,,,,,,,,,,,,,,,,,,,,,,,,,,,,,,,,,,,,,,,,,,,,,,,,,,,,,,,,,,,,,,,,,,,,,,,,,,,,,,,,,,,,,,,,,,,,,,,,,,,,,,,,,,,,,,,,,,,,,,,,,,,,,,,,,,,,,,,,,,,,,
1764665235.401756,45105,0,4380.769043,4393.461426,4507.563965,4526.153809,4393.333496,4516.282227,4537.94873,4384.871582,4570.897461,4388.717773,4491.538574,4511.025879,4555.384766,4383.717773,4378.717773,4502.05127,4539.102539,4536.153809,4507.820313,4374.615234,4380.128418,4556.538574,4510.256348,4490.512695,4389.743652,4562.94873,4374.615234,4544.487305,4506.025879,4381.410156,4511.794922,4495.512695,2920,1,25,512,46397,,,,0,4,4,4,4,4,4,4,4,4,4,4,4,4,4,4,4,4,4,4,4,4,4,4,4,4,4,4,4,4,4,4,4,100,,,,,,,,,,,,,,,,,,,,,,,,,,,,,,,,,,,27660,0,0.264685,-0.599548,-0.732727,0.183289,0.966915,0.211452,0.055183,23.5,28,41.833332,,,,,,,,,,,,,,,,,,,,,,,,,,,,,,,,,,,,,,,,,,,,,,,,,,,,,,,,,,,,,,,,,,,,,,,,,,,,,,,,,,,,,,,,,,,,,,,,,,,,,,,,,,,,,,,,,,,,,,,,,,,,,,,,,,,,,,,,,,,,,,,,,,,,,,,,,,,,,,,,
1764665235.405662,45106,0,4376.794922,4390.641113,4505.256348,4525,4391.282227,4514.871582,4536.410156,4382.563965,4571.538574,4384.358887,4488.846191,4508.077148,4554.358887,4382.94873,4378.205078,4497.05127,4532.820313,4529.871582,4506.153809,4370.128418,4378.333496,4552.692383,4506.025879,4483.205078,4389.615234,4558.846191,4369.487305,4540.897461,4502.179688,4377.94873,4507.436035,4493.846191,1761,1,25,768,46405,,,,0,4,4,4,4,4,4,4,4,4,4,4,4,4,4,4,4,4,4,4,4,4,4,4,4,4,4,4,4,4,4,4,4,100,,,,,,,,,,,,,,,,,,,,,,,,,,,,,,,,,,,,,,,,,,,,,,,,,,,,,,,,,,,,,,,,,,,,,,,,,,,,,,,,,,,,,,,,,,,,,,,,,,,,,,,,,,,,,,,,,,,,,,,,,,,,,,,,,,,,,,,,,,,,,,,,,,,,,,,,,,,,,,,,,,,,,,,,,,,,,,,,,,,,,,,,,,,,,,,,,,,,,,,,,,,,,,
1764665235.409569,45107,0,4377.307617,4392.436035,4504.358887,4524.743652,4392.179688,4517.179688,4536.025879,4383.205078,4576.538574,4381.025879,4492.307617,4509.358887,4558.461426,4383.717773,4380.128418,4495,4531.410156,4528.461426,4507.692383,4368.974121,4380.641113,4554.487305,4505.128418,4480.384766,4391.153809,4557.820313,4369.102539,4541.282227,4500.897461,4377.436035,4508.077148,4496.025879,2962,1,25,768,46405,,,,0,4,4,4,4,4,4,4,4,4,4,4,4,4,4,4,4,4,4,4,4,4,4,4,4,4,4,4,4,4,4,4,4,100,,,,,,,,,,,,,,,,,,,,,,,,,,,,,,,,,,,,,,,,,,,,,,,,,,,,,,,,,,,,,,,,,,,,,,,,,,,,,,,,,,,,,,,,,,,,,,,,,,,,,,,,,,,,,,,,,,,,,,,,,,,,,,,,,,,,,,,,,,,,,,,,,,,,,,,,,,,,,,,,,,,,,,,,,,,,,,,,,,,,,,,,,,,,,,,,,,,,,,,,,,,,,,
1764665235.413476,45108,0,4384.487305,4399.871582,4507.05127,4528.717773,4398.333496,4524.358887,4538.205078,4389.615234,4584.230957,4382.436035,4501.410156,4516.410156,4566.666504,4387.820313,4383.717773,4498.333496,4537.05127,4533.846191,4512.820313,4372.692383,4386.666504,4562.94873,4510.128418,4484.743652,4392.692383,4561.922852,4375.128418,4546.666504,4504.615234,4382.563965,4514.871582,4502.307617,2528,1,25,1024,46413,,,,0,4,4,4,4,4,4,4,4,4,4,4,4,4,4,4,4,4,4,4,4,4,4,4,4,4,4,4,4,4,4,4,4,100,,,,,,,,,,,,,,,,,,,,,,,,,,,,,,,,,,,,,,,,,,,,,,,,,,,,,,,,,,,,,,,,,,,,,,,,,,,,,,,,,,,,,,,,,,,,,,,,,,,,,,,,,,,,,,,,,,,,,,,,,,,,,,,,,,,,,,,,,,,,,,,,,,,,,,,,,,,,,,,,,,,,,,,,,,,,,,,,,,,,,,,,,,,,,,,,,,,,,,,,,,,,,,
1764665235.417383,45109,0,4394.358887,4409.230957,4512.692383,4536.922852,4407.94873,4533.077148,4543.077148,4398.974121,4590.897461,4388.717773,4510.512695,4525.897461,4575.128418,4393.846191,4386.922852,4505.128418,4546.922852,4543.333496,4518.717773,4379.230957,4392.436035,4573.333496,4518.461426,4492.94873,4391.282227,4569.102539,4384.743652,4554.358887,4512.179688,4391.538574,4524.487305,4510.256348,2831,1,25,1024,46413,,,,0,4,4,4,4,4,4,4,4,4,4,4,4,4,4,4,4,4,4,4,4,4,4,4,4,4,4,4,4,4,4,4,4,100,,,,,,,,,,,,,,,,,,,,,,,,,,,,,,,,,,,27661,0,0.264727,-0.599548,-0.732727,0.183228,0.972287,0.210475,0.055183,24.166666,27.166666,44.666668,,,,,,,,,,,,,,,,,,,,,,,,,,,,,,,,,,,,,,,,,,,,,,,,,,,,,,,,,,,,,,,,,,,,,,,,,,,,,,,,,,,,,,,,,,,,,,,,,,,,,,,,,,,,,,,,,,,,,,,,,,,,,,,,,,,,,,,,,,,,,,,,,,,,,,,,,,,,,,,,
1764665235.421289,45110,0,4399.871582,4414.230957,4516.794922,4544.615234,4415.512695,4537.179688,4547.179688,4404.102539,4592.692383,4395.641113,4513.077148,4531.666504,4578.846191,4397.692383,4386.794922,4510.384766,4554.230957,4550.128418,4521.666504,4383.077148,4392.94873,4577.692383,4523.846191,4498.461426,4385,4574.358887,4391.410156,4559.615234,4518.205078,4398.589844,4530.897461,4515.128418,2938,1,25,1280,46421,,,,0,4,4,4,4,4,4,4,4,4,4,4,4,4,4,4,4,4,4,4,4,4,4,4,4,4,4,4,4,4,4,4,4,100,,,,,,,,,,,,,,,,,,,,,,,,,,,,,,,,,,,,,,,,,,,,,,,,,,,,,,,,,,,,,,,,,,,,,,,,,,,,,,,,,,,,,,,,,,,,,,,,,,,,,,,,,,,,,,,,,,,,,,,,,,,,,,,,,,,,,,,,,,,,,,,,,,,,,,,,,,,,,,,,,,,,,,,,,,,,,,,,,,,,,,,,,,,,,,,,,,,,,,,,,,,,,,
1764665235.425196,45111,0,4395.897461,4411.025879,4515.384766,4545.897461,4415.512695,4532.563965,4546.153809,4399.230957,4587.436035,4396.922852,4506.153809,4529.230957,4575,4395.769043,4381.538574,4509.871582,4552.820313,4548.589844,4518.974121,4380.128418,4386.410156,4571.922852,4521.153809,4496.794922,4375.384766,4573.077148,4390.256348,4558.846191,4517.692383,4397.94873,4529.230957,4513.461426,2853,1,25,1280,46421,,,,0,4,4,4,4,4,4,4,4,4,4,4,4,4,4,4,4,4,4,4,4,4,4,4,4,4,4,4,4,4,4,4,4,100,,,,,,,,,,,,,,,,,,,,,,,,,,,,,,,,,,,,,,,,,,,,,,,,,,,,,,,,,,,,,,,,,,,,,,,,,,,,,,,,,,,,,,,,,,,,,,,,,,,,,,,,,,,,,,,,,,,,,,,,,,,,,,,,,,,,,,,,,,,,,,,,,,,,,,,,,,,,,,,,,,,,,,,,,,,,,,,,,,,,,,,,,,,,,,,,,,,,,,,,,,,,,,
1764665235.429103,45112,0,4384.230957,4401.153809,4508.205078,4538.333496,4407.179688,4521.794922,4538.461426,4385.641113,4577.179688,4390,4493.589844,4519.871582,4565.256348,4387.563965,4372.307617,4503.461426,4543.205078,4538.717773,4511.666504,4371.025879,4376.282227,4558.974121,4510.128418,4490,4367.692383,4565,4381.922852,4552.307617,4510.512695,4388.974121,4520,4505.641113,2770,1,25,1536,46428,,,,0,4,4,4,4,4,4,4,4,4,4,4,4,4,4,4,4,4,4,4,4,4,4,4,4,4,4,4,4,4,4,4,4,100,,,,,,,,,,,,,,,,,,,,,,,,,,,,,,,,,,,,,,,,,,,,,,,,,,,,,,,,,,,,,,,,,,,,,,,,,,,,,,,,,,,,,,,,,,,,,,,,,,,,,,,,,,,,,,,,,,,,,,,,,,,,,,,,,,,,,,,,,,,,,,,,,,,,,,,,,,,,,,,,,,,,,,,,,,,,,,,,,,,,,,,,,,,,,,,,,,,,,,,,,,,,,,
1764665235.433009,45113,0,4372.692383,4391.538574,4500.384766,4526.282227,4396.282227,4512.307617,4527.820313,4371.538574,4567.307617,4378.974121,4482.563965,4509.743652,4554.358887,4377.05127,4362.94873,4494.615234,4531.666504,4526.538574,4503.846191,4361.282227,4368.717773,4547.436035,4497.05127,4484.102539,4367.820313,4555,4373.333496,4544.487305,4501.666504,4378.077148,4510.128418,4496.153809,2824,1,25,1536,46428,,,,0,4,4,4,4,4,4,4,4,4,4,4,4,4,4,4,4,4,4,4,4,4,4,4,4,4,4,4,4,4,4,4,4,100,,,,,,,,,,,,,,,,,,,,,,,,,,,,,,,,,,,27662,0,0.264685,-0.599548,-0.732727,0.183289,0.983518,0.221707,0.050299,26.166666,28.666666,42.833332,,,,,,,,,,,,,,,,,,,,,,,,,,,,,,,,,,,,,,,,,,,,,,,,,,,,,,,,,,,,,,,,,,,,,,,,,,,,,,,,,,,,,,,,,,,,,,,,,,,,,,,,,,,,,,,,,,,,,,,,,,,,,,,,,,,,,,,,,,,,,,,,,,,,,,,,,,,,,,,,
1764665235.436916,45114,0,4369.487305,4388.717773,4498.077148,4517.563965,4390.512695,4510.897461,4521.282227,4365.769043,4563.077148,4370.897461,4478.846191,4505.769043,4547.436035,4369.871582,4358.077148,4488.205078,4525.641113,4519.615234,4499.871582,4357.436035,4368.205078,4544.871582,4490.128418,4483.974121,4377.94873,4549.871582,4371.410156,4541.153809,4497.563965,4373.589844,4507.692383,4491.153809,1962,1,25,1792,46436,,,,0,4,4,4,4,4,4,4,4,4,4,4,4,4,4,4,4,4,4,4,4,4,4,4,4,4,4,4,4,4,4,4,4,100,,,,,,,,,,,,,,,,,,,,,,,,,,,,,,,,,,,,,,,,,,,,,,,4.445639,1.228197,0.720594,0.825457,0.405709,7.63734,1.056447,0.849352,0.720663,0.451972,4.686258,1.435874,0.601428,0.745409,0.879604,2.335028,1.57537,0.633088,0.744146,0.705136,5.932577,1.198264,0.805771,0.669852,0.507762,5.571968,1.181804,0.60092,0.857405,0.581317,3.874128,1.211152,0.888159,0.80171,0.584863,3.117296,1.331103,0.937575,0.687072,0.67386,1.971699,2.206075,0.718564,0.533239,0.713751,1.06324,2.788677,0.820759,1.609906,1.189479,1.570333,1.021548,0.432046,0.513322,0.468057,5.501685,1.943519,0.561591,0.666472,0.466152,2.385624,1.411886,0.900265,0.68981,0.442371,1.49042,0.765501,0.286326,0.480981,0.290571,0.39925,0.684276,0.214187,0.880835,0.551144,0.473854,1.585319,0.598709,0.591807,0.383055,4.167201,2.789705,0.585118,0.803929,0.457731,2.136579,2.53568,0.920116,0.657986,0.383065,0.800801,1.207837,0.798614,0.466043,0.26968,1.569649,0.869294,0.889868,0.643979,0.380593,2.118021,2.136175,1.032847,0.811198,0.352996,3.887739,3.021002,1.09851,0.824326,0.426193,4.070348,1.512647,0.690572,0.690516,0.412781,4.318889,2.338854,0.870513,0.792457,0.555707,3.312155,4.077756,1.300634,0.791326,0.922469,2.94911,1.728118,0.376161,0.575209,0.520115,5.627474,1.672105,0.609182,0.907348,0.633014,5.898394,2.061816,0.75158,0.974094,0.582143,3.572274,0.650019,0.375311,0.356176,0.252741,7.311976,1.069207,0.763291,0.866003,0.540747,6.741979,1.712362,0.760856,0.797288,0.622617,5.406482,1.260777,0.594832,0.862614,0.697148
1764665235.440823,45115,0,4376.410156,4394.102539,4503.205078,4517.307617,4394.102539,4517.94873,4523.205078,4371.538574,4565.769043,4371.025879,4483.077148,4510,4547.307617,4369.358887,4360,4487.307617,4527.820313,4521.153809,4501.153809,4360.769043,4373.717773,4551.922852,4493.589844,4489.102539,4394.615234,4552.563965,4377.94873,4544.230957,4500.384766,4379.358887,4515.512695,4493.589844,2643,1,25,1792,46436,,,,0,4,4,4,4,4,4,4,4,4,4,4,4,4,4,4,4,4,4,4,4,4,4,4,4,4,4,4,4,4,4,4,4,100,,,,,,,,,,,,,,,,,,,,,,,,,,,,,,,,,,,,,,,,,,,,,,,,,,,,,,,,,,,,,,,,,,,,,,,,,,,,,,,,,,,,,,,,,,,,,,,,,,,,,,,,,,,,,,,,,,,,,,,,,,,,,,,,,,,,,,,,,,,,,,,,,,,,,,,,,,,,,,,,,,,,,,,,,,,,,,,,,,,,,,,,,,,,,,,,,,,,,,,,,,,,,,
1764665235.444730,45116,0,4387.820313,4403.077148,4511.538574,4523.717773,4404.487305,4527.692383,4531.538574,4384.230957,4571.538574,4378.205078,4490.512695,4518.846191,4552.307617,4374.487305,4366.794922,4490.512695,4534.743652,4528.333496,4505,4367.563965,4379.871582,4562.563965,4503.461426,4494.487305,4409.358887,4560.256348,4388.077148,4550.641113,4507.05127,4391.538574,4528.589844,4500.897461,2700,1,25,2048,46444,,,,0,4,4,4,4,4,4,4,4,4,4,4,4,4,4,4,4,4,4,4,4,4,4,4,4,4,4,4,4,4,4,4,4,100,,,,,,,,,,,,,,,,,,,,,,,,,,,,,,,,,,,,,,,,,,,,,,,,,,,,,,,,,,,,,,,,,,,,,,,,,,,,,,,,,,,,,,,,,,,,,,,,,,,,,,,,,,,,,,,,,,,,,,,,,,,,,,,,,,,,,,,,,,,,,,,,,,,,,,,,,,,,,,,,,,,,,,,,,,,,,,,,,,,,,,,,,,,,,,,,,,,,,,,,,,,,,,
1764665235.448636,45117,0,4395.641113,4409.358887,4516.410156,4530.897461,4414.743652,4533.205078,4540.128418,4395.641113,4575.641113,4386.282227,4495.128418,4525.897461,4558.077148,4380.256348,4373.461426,4493.846191,4540.256348,4534.615234,4507.563965,4372.05127,4381.922852,4568.589844,4511.794922,4495.512695,4414.871582,4566.666504,4393.846191,4555.128418,4512.307617,4402.179688,4538.333496,4507.94873,2519,1,25,2048,46444,,,,0,4,4,4,4,4,4,4,4,4,4,4,4,4,4,4,4,4,4,4,4,4,4,4,4,4,4,4,4,4,4,4,4,100,,,,,,,,,,,,,,,,,,,,,,,,,,,,,,,,,,,27663,0,0.264601,-0.599548,-0.732788,0.183167,0.979123,0.208033,0.047369,24,26.166666,42.833332,,,,,,,,,,,,,,,,,,,,,,,,,,,,,,,,,,,,,,,,,,,,,,,,,,,,,,,,,,,,,,,,,,,,,,,,,,,,,,,,,,,,,,,,,,,,,,,,,,,,,,,,,,,,,,,,,,,,,,,,,,,,,,,,,,,,,,,,,,,,,,,,,,,,,,,,,,,,,,,,
1764665235.452543,45118,0,4396.153809,4410.512695,4514.871582,4534.358887,4419.102539,4531.410156,4544.358887,4400.128418,4575.897461,4389.487305,4494.615234,4526.794922,4560.897461,4382.307617,4376.410156,4493.974121,4541.410156,4535.512695,4506.794922,4371.538574,4379.871582,4566.794922,4513.846191,4492.692383,4410.769043,4568.333496,4392.05127,4555.256348,4513.205078,4405.384766,4539.230957,4510.897461,2668,1,25,2304,46452,,,,0,4,4,4,4,4,4,4,4,4,4,4,4,4,4,4,4,4,4,4,4,4,4,4,4,4,4,4,4,4,4,4,4,100,,,,,,,,,,,,,,,,,,,,,,,,,,,,,,,,,,,,,,,,,,,,,,,,,,,,,,,,,,,,,,,,,,,,,,,,,,,,,,,,,,,,,,,,,,,,,,,,,,,,,,,,,,,,,,,,,,,,,,,,,,,,,,,,,,,,,,,,,,,,,,,,,,,,,,,,,,,,,,,,,,,,,,,,,,,,,,,,,,,,,,,,,,,,,,,,,,,,,,,,,,,,,,
1764665235.456450,45119,0,4391.922852,4408.589844,4510.512695,4533.589844,4417.179688,4525.769043,4544.230957,4398.205078,4574.358887,4386.666504,4491.794922,4522.563965,4560.769043,4380.641113,4375.769043,4492.05127,4540.256348,4532.436035,4505.128418,4368.717773,4378.333496,4561.666504,4511.538574,4490.641113,4403.589844,4566.666504,4386.794922,4553.461426,4510.384766,4401.666504,4533.717773,4510.256348,2839,1,25,2304,46452,,,,0,4,4,4,4,4,4,4,4,4,4,4,4,4,4,4,4,4,4,4,4,4,4,4,4,4,4,4,4,4,4,4,4,100,,,,,,,,,,,,,,,,,,,,,,,,,,,,,,,,,,,,,,,,,,,,,,,,,,,,,,,,,,,,,,,,,,,,,,,,,,,,,,,,,,,,,,,,,,,,,,,,,,,,,,,,,,,,,,,,,,,,,,,,,,,,,,,,,,,,,,,,,,,,,,,,,,,,,,,,,,,,,,,,,,,,,,,,,,,,,,,,,,,,,,,,,,,,,,,,,,,,,,,,,,,,,,
1764665235.460357,45120,0,4389.487305,4408.333496,4509.487305,4531.794922,4413.333496,4522.94873,4543.974121,4394.743652,4574.487305,4382.436035,4491.666504,4518.717773,4561.666504,4378.846191,4374.871582,4491.666504,4542.05127,4530.897461,4506.410156,4368.974121,4382.179688,4561.025879,4510.769043,4494.487305,4401.410156,4566.153809,4385.128418,4554.743652,4507.820313,4397.05127,4529.743652,4509.487305,2761,1,25,2304,46460,,,,0,4,4,4,4,4,4,4,4,4,4,4,4,4,4,4,4,4,4,4,4,4,4,4,4,4,4,4,4,4,4,4,4,100,,,,,,,,,,,,,,,,,,,,,,,,,,,,,,,,,,,,,,,,,,,,,,,,,,,,,,,,,,,,,,,,,,,,,,,,,,,,,,,,,,,,,,,,,,,,,,,,,,,,,,,,,,,,,,,,,,,,,,,,,,,,,,,,,,,,,,,,,,,,,,,,,,,,,,,,,,,,,,,,,,,,,,,,,,,,,,,,,,,,,,,,,,,,,,,,,,,,,,,,,,,,,,
1764665235.464263,45121,0,4392.820313,4411.922852,4514.487305,4532.563965,4412.820313,4527.179688,4547.436035,4394.871582,4578.077148,4382.692383,4496.794922,4520.641113,4567.05127,4381.538574,4376.794922,4495.641113,4550.384766,4535.384766,4512.436035,4375.128418,4392.05127,4569.230957,4515.128418,4504.230957,4407.563965,4570.128418,4391.025879,4561.666504,4508.846191,4397.436035,4533.205078,4511.922852,2924,1,25,2304,46460,,,,0,4,4,4,4,4,4,4,4,4,4,4,4,4,4,4,4,4,4,4,4,4,4,4,4,4,4,4,4,4,4,4,4,100,,,,,,,,,,,,,,,,,,,,,,,,,,,,,,,,,,,27664,0,0.264601,-0.599548,-0.732788,0.183167,0.96252,0.217312,0.055183,23.833334,28,45.166668,,,,,,,,,,,,,,,,,,,,,,,,,,,,,,,,,,,,,,,,,,,,,,,,,,,,,,,,,,,,,,,,,,,,,,,,,,,,,,,,,,,,,,,,,,,,,,,,,,,,,,,,,,,,,,,,,,,,,,,,,,,,,,,,,,,,,,,,,,,,,,,,,,,,,,,,,,,,,,,,
1764665235.468170,45122,0,4400.897461,4418.205078,4522.307617,4536.538574,4416.922852,4537.179688,4554.615234,4399.230957,4583.974121,4389.743652,4505.128418,4529.358887,4577.05127,4388.974121,4381.410156,4503.461426,4563.333496,4546.025879,4521.025879,4385.256348,4404.358887,4583.205078,4523.205078,4515.769043,4418.589844,4577.692383,4402.179688,4572.436035,4513.589844,4404.230957,4543.205078,4517.307617,2606,1,25,2560,46467,,,,0,4,4,4,4,4,4,4,4,4,4,4,4,4,4,4,4,4,4,4,4,4,4,4,4,4,4,4,4,4,4,4,4,100,,,,,,,,,,,,,,,,,,,,,,,,,,,,,,,,,,,,,,,,,,,,,,,,,,,,,,,,,,,,,,,,,,,,,,,,,,,,,,,,,,,,,,,,,,,,,,,,,,,,,,,,,,,,,,,,,,,,,,,,,,,,,,,,,,,,,,,,,,,,,,,,,,,,,,,,,,,,,,,,,,,,,,,,,,,,,,,,,,,,,,,,,,,,,,,,,,,,,,,,,,,,,,
1764665235.472077,45123,0,4408.717773,4422.692383,4526.666504,4541.666504,4422.307617,4546.410156,4562.179688,4404.230957,4588.461426,4399.487305,4511.922852,4539.871582,4587.05127,4397.692383,4385.128418,4511.794922,4574.615234,4557.436035,4527.563965,4393.974121,4413.333496,4594.871582,4530,4522.94873,4426.922852,4584.102539,4411.922852,4581.922852,4518.974121,4412.692383,4552.692383,4521.922852,2862,1,25,2560,46467,,,,0,4,4,4,4,4,4,4,4,4,4,4,4,4,4,4,4,4,4,4,4,4,4,4,4,4,4,4,4,4,4,4,4,100,,,,,,,,,,,,,,,,,,,,,,,,,,,,,,,,,,,,,,,,,,,,,,,,,,,,,,,,,,,,,,,,,,,,,,,,,,,,,,,,,,,,,,,,,,,,,,,,,,,,,,,,,,,,,,,,,,,,,,,,,,,,,,,,,,,,,,,,,,,,,,,,,,,,,,,,,,,,,,,,,,,,,,,,,,,,,,,,,,,,,,,,,,,,,,,,,,,,,,,,,,,,,,
1764665235.475983,45124,0,4411.025879,4422.436035,4523.974121,4544.358887,4424.230957,4548.846191,4565.897461,4406.153809,4588.333496,4405,4514.102539,4544.743652,4591.410156,4402.179688,4384.871582,4516.538574,4578.589844,4563.461426,4528.846191,4396.922852,4415.512695,4597.436035,4531.794922,4522.94873,4427.436035,4584.871582,4414.358887,4585.641113,4521.153809,4415.641113,4554.102539,4521.922852,2753,1,25,2560,46475,,,,0,4,4,4,4,4,4,4,4,4,4,4,4,4,4,4,4,4,4,4,4,4,4,4,4,4,4,4,4,4,4,4,4,100,,,,,,,,,,,,,,,,,,,,,,,,,,,,,,,,,,,,,,,,,,,,,,,,,,,,,,,,,,,,,,,,,,,,,,,,,,,,,,,,,,,,,,,,,,,,,,,,,,,,,,,,,,,,,,,,,,,,,,,,,,,,,,,,,,,,,,,,,,,,,,,,,,,,,,,,,,,,,,,,,,,,,,,,,,,,,,,,,,,,,,,,,,,,,,,,,,,,,,,,,,,,,,
1764665235.479890,45125,0,4406.282227,4416.922852,4515.769043,4542.436035,4420.256348,4542.436035,4563.846191,4403.333496,4583.205078,4402.692383,4511.922852,4540.641113,4588.333496,4400,4380.384766,4515.384766,4573.974121,4560.769043,4525,4393.846191,4411.282227,4590.384766,4528.205078,4516.922852,4419.487305,4578.974121,4408.333496,4581.922852,4518.974121,4409.487305,4545.256348,4516.282227,2794,1,25,2560,46475,,,,0,4,4,4,4,4,4,4,4,4,4,4,4,4,4,4,4,4,4,4,4,4,4,4,4,4,4,4,4,4,4,4,4,100,,,,,,,,,,,,,,,,,,,,,,,,,,,,,,,,,,,27665,0,0.264643,-0.599548,-0.732788,0.183105,0.970333,0.218288,0.047369,24.666666,28.833334,43,,,,,,,,,,,,,,,,,,,,,,,,,,,,,,,,,,,,,,,,,,,,,,,,,,,,,,,,,,,,,,,,,,,,,,,,,,,,,,,,,,,,,,,,,,,,,,,,,,,,,,,,,,,,,,,,,,,,,,,,,,,,,,,,,,,,,,,,,,,,,,,,,,,,,,,,,,,,,,,,
1764665235.483797,45126,0,4397.820313,4408.974121,4506.538574,4537.179688,4412.179688,4531.666504,4557.820313,4398.333496,4576.282227,4395.769043,4507.94873,4530.256348,4580.512695,4393.461426,4374.743652,4509.230957,4564.358887,4551.153809,4518.589844,4388.077148,4403.589844,4579.358887,4521.794922,4509.230957,4406.410156,4570.256348,4397.692383,4573.333496,4513.974121,4396.794922,4531.282227,4507.94873,2799,1,25,1792,46483,,,,0,4,4,4,4,4,4,4,4,4,4,4,4,4,4,4,4,4,4,4,4,4,4,4,4,4,4,4,4,4,4,4,4,100,,,,,,,,,,,,,,,,,,,,,,,,,,,,,,,,,,,,,,,,,,,,,,,,,,,,,,,,,,,,,,,,,,,,,,,,,,,,,,,,,,,,,,,,,,,,,,,,,,,,,,,,,,,,,,,,,,,,,,,,,,,,,,,,,,,,,,,,,,,,,,,,,,,,,,,,,,,,,,,,,,,,,,,,,,,,,,,,,,,,,,,,,,,,,,,,,,,,,,,,,,,,,,
1764665235.487704,45127,0,4390.256348,4402.05127,4500.769043,4531.538574,4405.128418,4523.205078,4552.05127,4394.743652,4571.538574,4391.410156,4505,4520.769043,4573.205078,4387.436035,4371.410156,4501.922852,4555.384766,4540.384766,4512.94873,4383.205078,4396.282227,4570.769043,4516.282227,4503.077148,4393.717773,4564.487305,4388.846191,4564.615234,4509.102539,4385.256348,4520.897461,4501.666504,2990,1,25,1792,46483,,,,0,4,4,4,4,4,4,4,4,4,4,4,4,4,4,4,4,4,4,4,4,4,4,4,4,4,4,4,4,4,4,4,4,100,,,,,,,,,,,,,,,,,,,,,,,,,,,,,,,,,,,,,,,,,,,,,,,,,,,,,,,,,,,,,,,,,,,,,,,,,,,,,,,,,,,,,,,,,,,,,,,,,,,,,,,,,,,,,,,,,,,,,,,,,,,,,,,,,,,,,,,,,,,,,,,,,,,,,,,,,,,,,,,,,,,,,,,,,,,,,,,,,,,,,,,,,,,,,,,,,,,,,,,,,,,,,,
1764665235.491610,45128,0,4387.307617,4399.230957,4500.512695,4528.461426,4402.94873,4521.410156,4549.615234,4394.743652,4571.025879,4393.974121,4504.230957,4517.692383,4569.743652,4386.025879,4371.666504,4497.563965,4550.897461,4533.846191,4509.615234,4380.769043,4391.153809,4566.794922,4513.333496,4499.102539,4385.897461,4564.743652,4386.025879,4559.743652,4506.538574,4380.769043,4520.512695,4500.128418,2866,1,25,1792,46491,,,,0,4,4,4,4,4,4,4,4,4,4,4,4,4,4,4,4,4,4,4,4,4,4,4,4,4,4,4,4,4,4,4,4,100,,,,,,,,,,,,,,,,,,,,,,,,,,,,,,,,,,,,,,,,,,,,,,,,,,,,,,,,,,,,,,,,,,,,,,,,,,,,,,,,,,,,,,,,,,,,,,,,,,,,,,,,,,,,,,,,,,,,,,,,,,,,,,,,,,,,,,,,,,,,,,,,,,,,,,,,,,,,,,,,,,,,,,,,,,,,,,,,,,,,,,,,,,,,,,,,,,,,,,,,,,,,,,
1764665235.495517,45129,0,4388.205078,4400.128418,4503.461426,4527.820313,4405.256348,4524.358887,4550,4397.179688,4572.820313,4399.871582,4504.487305,4521.025879,4569.102539,4388.589844,4373.333496,4497.179688,4550.897461,4532.307617,4508.077148,4379.871582,4387.563965,4565.128418,4511.666504,4495.769043,4384.743652,4569.230957,4388.589844,4558.974121,4505.897461,4383.461426,4528.205078,4501.922852,2718,1,25,1792,46491,,,,0,4,4,4,4,4,4,4,4,4,4,4,4,4,4,4,4,4,4,4,4,4,4,4,4,4,4,4,4,4,4,4,4,100,,,,,,,,,,,,,,,,,,,,,,,,,,,,,,,,,,,27666,0,0.264601,-0.599548,-0.732788,0.183167,0.970333,0.218288,0.047369,23.833334,28.833334,43,,,,,,,,,,,,,,,,,,,,,,,,,,,,,,,,,,,,,,,,,,,,,,,,,,,,,,,,,,,,,,,,,,,,,,,,,,,,,,,,,,,,,,,,,,,,,,,,,,,,,,,,,,,,,,,,,,,,,,,,,,,,,,,,,,,,,,,,,,,,,,,,,,,,,,,,,,,,,,,,
1764665235.499424,45130,0,4389.230957,4401.282227,4504.487305,4526.666504,4406.282227,4526.153809,4549.358887,4397.94873,4573.205078,4400.128418,4502.94873,4525.128418,4567.179688,4390.641113,4372.692383,4497.94873,4551.153809,4531.922852,4505.641113,4377.179688,4383.205078,4561.282227,4508.077148,4490.769043,4387.179688,4572.05127,4390.897461,4558.461426,4504.743652,4387.563965,4535.384766,4502.307617,2286,1,25,1536,46499,,,,0,4,4,4,4,4,4,4,4,4,4,4,4,4,4,4,4,4,4,4,4,4,4,4,4,4,4,4,4,4,4,4,4,100,,,,,,,,,,,,,,,,,,,,,,,,,,,,,,,,,,,,,,,,,,,,,,,,,,,,,,,,,,,,,,,,,,,,,,,,,,,,,,,,,,,,,,,,,,,,,,,,,,,,,,,,,,,,,,,,,,,,,,,,,,,,,,,,,,,,,,,,,,,,,,,,,,,,,,,,,,,,,,,,,,,,,,,,,,,,,,,,,,,,,,,,,,,,,,,,,,,,,,,,,,,,,,
1764665235.503331,45131,0,4386.410156,4397.820313,4498.846191,4521.538574,4400.128418,4522.05127,4544.487305,4392.94873,4568.205078,4388.717773,4497.692383,4523.589844,4561.153809,4388.461426,4366.922852,4495.512695,4546.538574,4528.205078,4499.615234,4370.384766,4376.025879,4552.436035,4500.769043,4483.077148,4387.436035,4568.077148,4387.563965,4553.974121,4500.897461,4386.666504,4533.717773,4497.820313,2702,1,25,1536,46499,,,,0,4,4,4,4,4,4,4,4,4,4,4,4,4,4,4,4,4,4,4,4,4,4,4,4,4,4,4,4,4,4,4,4,100,,,,,,,,,,,,,,,,,,,,,,,,,,,,,,,,,,,,,,,,,,,,,,,,,,,,,,,,,,,,,,,,,,,,,,,,,,,,,,,,,,,,,,,,,,,,,,,,,,,,,,,,,,,,,,,,,,,,,,,,,,,,,,,,,,,,,,,,,,,,,,,,,,,,,,,,,,,,,,,,,,,,,,,,,,,,,,,,,,,,,,,,,,,,,,,,,,,,,,,,,,,,,,
1764665235.507237,45132,0,4379.615234,4388.717773,4487.179688,4512.436035,4386.153809,4513.077148,4536.282227,4382.436035,4558.461426,4369.230957,4489.230957,4514.358887,4552.179688,4382.563965,4358.461426,4488.461426,4536.025879,4521.538574,4491.025879,4361.025879,4367.05127,4540.384766,4491.794922,4474.102539,4382.94873,4557.692383,4378.461426,4544.743652,4495.512695,4379.487305,4522.179688,4489.358887,2502,1,25,512,46507,,,,0,4,4,4,4,4,4,4,4,4,4,4,4,4,4,4,4,4,4,4,4,4,4,4,4,4,4,4,4,4,4,4,4,100,,,,,,,,,,,,,,,,,,,,,,,,,,,,,,,,,,,,,,,,,,,,,,,,,,,,,,,,,,,,,,,,,,,,,,,,,,,,,,,,,,,,,,,,,,,,,,,,,,,,,,,,,,,,,,,,,,,,,,,,,,,,,,,,,,,,,,,,,,,,,,,,,,,,,,,,,,,,,,,,,,,,,,,,,,,,,,,,,,,,,,,,,,,,,,,,,,,,,,,,,,,,,,
1764665235.511144,45133,0,4372.179688,4378.717773,4475.512695,4503.717773,4371.282227,4504.615234,4529.487305,4371.538574,4548.974121,4353.461426,4481.538574,4501.666504,4545.128418,4377.94873,4353.461426,4480.128418,4523.717773,4515.769043,4484.102539,4354.230957,4360.128418,4530.769043,4486.153809,4467.05127,4377.05127,4547.436035,4369.230957,4535.128418,4491.410156,4370.769043,4508.461426,4481.922852,2247,1,25,512,46507,,,,0,4,4,4,4,4,4,4,4,4,4,4,4,4,4,4,4,4,4,4,4,4,4,4,4,4,4,4,4,4,4,4,4,100,,,,,,,,,,,,,,,,,,,,,,,,,,,,,,,,,,,27667,0,0.264865,-0.599487,-0.732727,0.183228,0.975705,0.20901,0.060554,23.833334,27.666666,44.333332,,,,,,,,,,,,,,,,,,,,,,,,,,,,,,,,,,,,,,,,,,,,,,,,,,,,,,,,,,,,,,,,,,,,,,,,,,,,,,,,,,,,,,,,,,,,,,,,,,,,,,,,,,,,,,,,,,,,,,,,,,,,,,,,,,,,,,,,,,,,,,,,,,,,,,,,,,,,,,,,
1764665235.515051,45134,0,4368.589844,4374.487305,4470.384766,4500.769043,4364.615234,4501.153809,4528.589844,4366.794922,4546.282227,4351.794922,4478.846191,4493.205078,4544.487305,4378.974121,4356.666504,4475.897461,4516.666504,4515.128418,4482.94873,4354.743652,4358.974121,4528.846191,4486.922852,4465.897461,4375.897461,4544.615234,4365.897461,4530.897461,4490.897461,4367.179688,4501.538574,4480.641113,2721,1,25,768,46514,,,,0,4,4,4,4,4,4,4,4,4,4,4,4,4,4,4,4,4,4,4,4,4,4,4,4,4,4,4,4,4,4,4,4,100,,,,,,,,,,,,,,,,,,,,,,,,,,,,,,,,,,,,,,,,,,,,,,,,,,,,,,,,,,,,,,,,,,,,,,,,,,,,,,,,,,,,,,,,,,,,,,,,,,,,,,,,,,,,,,,,,,,,,,,,,,,,,,,,,,,,,,,,,,,,,,,,,,,,,,,,,,,,,,,,,,,,,,,,,,,,,,,,,,,,,,,,,,,,,,,,,,,,,,,,,,,,,,
1764665235.518957,45135,0,4370.128418,4378.589844,4474.487305,4505.512695,4369.871582,4503.077148,4533.717773,4370.256348,4552.94873,4364.102539,4482.307617,4492.94873,4550,4385,4367.05127,4478.846191,4518.589844,4519.230957,4487.692383,4362.179688,4364.230957,4535,4492.820313,4471.153809,4381.153809,4551.282227,4369.615234,4534.743652,4493.589844,4371.538574,4504.743652,4486.282227,2510,1,25,768,46514,,,,0,4,4,4,4,4,4,4,4,4,4,4,4,4,4,4,4,4,4,4,4,4,4,4,4,4,4,4,4,4,4,4,4,100,,,,,,,,,,,,,,,,,,,,,,,,,,,,,,,,,,,,,,,,,,,,,,,,,,,,,,,,,,,,,,,,,,,,,,,,,,,,,,,,,,,,,,,,,,,,,,,,,,,,,,,,,,,,,,,,,,,,,,,,,,,,,,,,,,,,,,,,,,,,,,,,,,,,,,,,,,,,,,,,,,,,,,,,,,,,,,,,,,,,,,,,,,,,,,,,,,,,,,,,,,,,,,
1764665235.522864,45136,0,4374.358887,4387.436035,4484.230957,4514.487305,4382.436035,4507.179688,4540.128418,4378.333496,4564.871582,4379.615234,4489.102539,4498.589844,4556.410156,4391.282227,4377.94873,4486.666504,4527.05127,4524.487305,4494.871582,4371.666504,4372.820313,4544.615234,4499.358887,4480,4388.974121,4562.436035,4376.410156,4543.461426,4497.05127,4380.128418,4514.230957,4494.871582,2875,1,25,1024,46522,,,,0,4,4,4,4,4,4,4,4,4,4,4,4,4,4,4,4,4,4,4,4,4,4,4,4,4,4,4,4,4,4,4,4,100,,,,,,,,,,,,,,,,,,,,,,,,,,,,,,,,,,,,,,,,,,,,,,,,,,,,,,,,,,,,,,,,,,,,,,,,,,,,,,,,,,,,,,,,,,,,,,,,,,,,,,,,,,,,,,,,,,,,,,,,,,,,,,,,,,,,,,,,,,,,,,,,,,,,,,,,,,,,,,,,,,,,,,,,,,,,,,,,,,,,,,,,,,,,,,,,,,,,,,,,,,,,,,
1764665235.526771,45137,0,4377.820313,4394.487305,4492.820313,4521.410156,4393.333496,4509.615234,4542.692383,4384.230957,4573.846191,4386.282227,4494.102539,4503.461426,4558.461426,4392.563965,4382.820313,4493.205078,4535.384766,4526.794922,4500.128418,4377.436035,4380.128418,4551.666504,4502.436035,4486.922852,4393.974121,4570.128418,4381.153809,4550.512695,4499.358887,4386.922852,4523.077148,4500,2928,1,25,1024,46522,,,,0,4,4,4,4,4,4,4,4,4,4,4,4,4,4,4,4,4,4,4,4,4,4,4,4,4,4,4,4,4,4,4,4,100,,,,,,,,,,,,,,,,,,,,,,,,,,,,,,,,,,,27668,0,0.264377,-0.599609,-0.73291,0.1828,0.963985,0.211452,0.055671,25,26.333334,45.166668,,,,,,,,,,,,,,,,,,,,,,,,,,,,,,,,,,,,,,,,,,,,,,,,,,,,,,,,,,,,,,,,,,,,,,,,,,,,,,,,,,,,,,,,,,,,,,,,,,,,,,,,,,,,,,,,,,,,,,,,,,,,,,,,,,,,,,,,,,,,,,,,,,,,,,,,,,,,,,,,
1764665235.530678,45138,0,4378.333496,4395.641113,4495.641113,4521.794922,4395.897461,4508.461426,4539.358887,4383.717773,4574.358887,4380.641113,4493.461426,4502.94873,4554.871582,4388.077148,4379.615234,4493.846191,4538.077148,4525.384766,4501.153809,4376.666504,4382.94873,4552.563965,4501.666504,4488.333496,4393.974121,4570.128418,4381.410156,4551.282227,4499.615234,4387.820313,4526.794922,4499.358887,1762,1,25,1280,46530,,,,0,4,4,4,4,4,4,4,4,4,4,4,4,4,4,4,4,4,4,4,4,4,4,4,4,4,4,4,4,4,4,4,4,100,,,,,,,,,,,,,,,,,,,,,,,,,,,,,,,,,,,,,,,,,,,,,,,,,,,,,,,,,,,,,,,,,,,,,,,,,,,,,,,,,,,,,,,,,,,,,,,,,,,,,,,,,,,,,,,,,,,,,,,,,,,,,,,,,,,,,,,,,,,,,,,,,,,,,,,,,,,,,,,,,,,,,,,,,,,,,,,,,,,,,,,,,,,,,,,,,,,,,,,,,,,,,,
1764665235.534584,45139,0,4375.769043,4391.538574,4491.666504,4516.025879,4390.256348,4505.512695,4532.179688,4377.820313,4566.794922,4369.615234,4487.307617,4497.692383,4548.846191,4381.410156,4371.538574,4488.333496,4534.102539,4522.179688,4499.487305,4371.666504,4381.153809,4548.333496,4499.230957,4484.743652,4390.897461,4564.358887,4378.589844,4546.153809,4498.205078,4383.717773,4525.384766,4494.871582,2968,1,25,1280,46530,,,,0,4,4,4,4,4,4,4,4,4,4,4,4,4,4,4,4,4,4,4,4,4,4,4,4,4,4,4,4,4,4,4,4,100,,,,,,,,,,,,,,,,,,,,,,,,,,,,,,,,,,,,,,,,,,,,,,,,,,,,,,,,,,,,,,,,,,,,,,,,,,,,,,,,,,,,,,,,,,,,,,,,,,,,,,,,,,,,,,,,,,,,,,,,,,,,,,,,,,,,,,,,,,,,,,,,,,,,,,,,,,,,,,,,,,,,,,,,,,,,,,,,,,,,,,,,,,,,,,,,,,,,,,,,,,,,,,
1764665235.538491,45140,0,4372.179688,4386.666504,4484.871582,4508.589844,4381.666504,4503.461426,4525.512695,4371.538574,4557.563965,4363.846191,4478.846191,4492.436035,4545.128418,4376.666504,4364.230957,4481.025879,4527.563965,4520.384766,4497.692383,4366.794922,4377.692383,4543.717773,4497.436035,4480,4388.205078,4558.589844,4375.512695,4539.871582,4496.666504,4379.358887,4522.179688,4491.025879,2531,1,25,1536,46538,,,,0,4,4,4,4,4,4,4,4,4,4,4,4,4,4,4,4,4,4,4,4,4,4,4,4,4,4,4,4,4,4,4,4,100,,,,,,,,,,,,,,,,,,,,,,,,,,,,,,,,,,,,,,,,,,,,,,,,,,,,,,,,,,,,,,,,,,,,,,,,,,,,,,,,,,,,,,,,,,,,,,,,,,,,,,,,,,,,,,,,,,,,,,,,,,,,,,,,,,,,,,,,,,,,,,,,,,,,,,,,,,,,,,,,,,,,,,,,,,,,,,,,,,,,,,,,,,,,,,,,,,,,,,,,,,,,,,
1764665235.542398,45141,0,4370.769043,4385.384766,4480.512695,4505,4376.922852,4504.102539,4523.077148,4369.487305,4553.077148,4367.820313,4472.94873,4491.922852,4546.282227,4375.769043,4361.794922,4476.922852,4523.974121,4521.410156,4498.077148,4366.153809,4376.153809,4543.077148,4497.692383,4478.205078,4388.461426,4557.563965,4374.615234,4538.205078,4496.922852,4378.974121,4520.769043,4491.153809,2834,1,25,1536,46538,,,,0,4,4,4,4,4,4,4,4,4,4,4,4,4,4,4,4,4,4,4,4,4,4,4,4,4,4,4,4,4,4,4,4,100,,,,,,,,,,,,,,,,,,,,,,,,,,,,,,,,,,,27669,0,0.264323,-0.59967,-0.73291,0.182678,0.984495,0.205591,0.054694,23.166666,27,43.666668,,,,,,,,,,,,,,,,,,,,,,,,,,,,,,,,,,,,,,,,,,,,,,,,,,,,,,,,,,,,,,,,,,,,,,,,,,,,,,,,,,,,,,,,,,,,,,,,,,,,,,,,,,,,,,,,,,,,,,,,,,,,,,,,,,,,,,,,,,,,,,,,,,,,,,,,,,,,,,,,
1764665235.546305,45142,0,4373.974121,4389.102539,4481.666504,4507.563965,4378.846191,4506.922852,4525.512695,4372.94873,4555.512695,4377.307617,4471.794922,4497.05127,4550.769043,4377.436035,4363.717773,4477.692383,4525.897461,4523.974121,4500,4370.128418,4377.692383,4547.307617,4500.384766,4481.282227,4392.05127,4561.794922,4377.05127,4543.205078,4499.743652,4383.461426,4522.820313,4495.256348,2944,1,25,1792,46546,,,,0,4,4,4,4,4,4,4,4,4,4,4,4,4,4,4,4,4,4,4,4,4,4,4,4,4,4,4,4,4,4,4,4,100,,,,,,,,,,,,,,,,,,,,,,,,,,,,,,,,,,,,,,,,,,,,,,,,,,,,,,,,,,,,,,,,,,,,,,,,,,,,,,,,,,,,,,,,,,,,,,,,,,,,,,,,,,,,,,,,,,,,,,,,,,,,,,,,,,,,,,,,,,,,,,,,,,,,,,,,,,,,,,,,,,,,,,,,,,,,,,,,,,,,,,,,,,,,,,,,,,,,,,,,,,,,,,
1764665235.550211,45143,0,4380.384766,4395,4487.692383,4513.717773,4384.871582,4509.615234,4529.615234,4378.333496,4561.025879,4384.230957,4474.230957,4504.871582,4555,4378.717773,4366.794922,4481.153809,4531.282227,4525.256348,4501.538574,4375.256348,4380.897461,4553.077148,4503.974121,4487.563965,4396.282227,4567.563965,4381.538574,4551.538574,4503.589844,4389.615234,4526.538574,4500.384766,2858,1,25,1792,46546,,,,0,4,4,4,4,4,4,4,4,4,4,4,4,4,4,4,4,4,4,4,4,4,4,4,4,4,4,4,4,4,4,4,4,100,,,,,,,,,,,,,,,,,,,,,,,,,,,,,,,,,,,,,,,,,,,,,,,,,,,,,,,,,,,,,,,,,,,,,,,,,,,,,,,,,,,,,,,,,,,,,,,,,,,,,,,,,,,,,,,,,,,,,,,,,,,,,,,,,,,,,,,,,,,,,,,,,,,,,,,,,,,,,,,,,,,,,,,,,,,,,,,,,,,,,,,,,,,,,,,,,,,,,,,,,,,,,,
1764665235.554118,45144,0,4385.769043,4398.205078,4494.102539,4517.563965,4389.487305,4510.256348,4530.897461,4380.512695,4563.846191,4383.333496,4476.922852,4510.128418,4556.153809,4377.307617,4367.179688,4483.717773,4535,4523.846191,4500.256348,4377.179688,4382.05127,4555.897461,4505.769043,4491.666504,4397.179688,4569.615234,4384.358887,4556.666504,4505.897461,4392.563965,4528.846191,4502.563965,2778,1,25,2048,46553,,,,0,4,4,4,4,4,4,4,4,4,4,4,4,4,4,4,4,4,4,4,4,4,4,4,4,4,4,4,4,4,4,4,4,100,,,,,,,,,,,,,,,,,,,,,,,,,,,,,,,,,,,,,,,,,,,,,,,,,,,,,,,,,,,,,,,,,,,,,,,,,,,,,,,,,,,,,,,,,,,,,,,,,,,,,,,,,,,,,,,,,,,,,,,,,,,,,,,,,,,,,,,,,,,,,,,,,,,,,,,,,,,,,,,,,,,,,,,,,,,,,,,,,,,,,,,,,,,,,,,,,,,,,,,,,,,,,,
1764665235.558025,45145,0,4385.641113,4395.897461,4495.897461,4515.256348,4388.333496,4508.589844,4527.307617,4376.922852,4560.897461,4375.384766,4476.538574,4509.743652,4553.846191,4373.846191,4363.717773,4483.077148,4532.94873,4520,4496.410156,4373.717773,4378.846191,4553.717773,4503.589844,4489.615234,4392.563965,4565.769043,4382.307617,4553.974121,4504.615234,4390,4527.179688,4500,2832,1,25,2048,46553,,,,0,4,4,4,4,4,4,4,4,4,4,4,4,4,4,4,4,4,4,4,4,4,4,4,4,4,4,4,4,4,4,4,4,100,,,,,,,,,,,,,,,,,,,,,,,,,,,,,,,,,,,27670,0,0.264153,-0.59967,-0.733032,0.182434,0.968868,0.217312,0.054206,23.166666,27,43.666668,,,,,,,,,,,,,,,,,,,,,,,,,,,,,,,,,,,,,,,,,,,,,,,,,,,,,,,,,,,,,,,,,,,,,,,,,,,,,,,,,,,,,,,,,,,,,,,,,,,,,,,,,,,,,,,,,,,,,,,,,,,,,,,,,,,,,,,,,,,,,,,,,,,,,,,,,,,,,,,,
1764665235.561931,45146,0,4379.871582,4389.871582,4492.179688,4508.205078,4382.179688,4505.769043,4521.410156,4369.743652,4554.230957,4365.769043,4472.820313,4505.128418,4549.743652,4371.410156,4358.461426,4480.384766,4525.384766,4515.897461,4492.179688,4366.410156,4372.820313,4547.563965,4497.94873,4481.538574,4383.333496,4557.436035,4375.641113,4544.487305,4500.128418,4384.230957,4522.307617,4493.846191,1965,1,25,2304,46561,,,,0,4,4,4,4,4,4,4,4,4,4,4,4,4,4,4,4,4,4,4,4,4,4,4,4,4,4,4,4,4,4,4,4,100,,,,,,,,,,,,,,,,,,,,,,,,,,,,,,,,,,,,,,,,,,,,,,,4.580783,0.932394,0.7338,0.79164,0.378092,7.779422,0.833826,0.982897,0.670212,0.395331,4.969614,1.049703,0.725053,0.730171,0.741133,2.477232,1.074516,0.619983,0.682475,0.611229,6.277731,0.978941,0.939294,0.665384,0.464687,5.883407,0.907123,0.753669,0.817327,0.534659,3.910022,1.013363,0.839108,0.800757,0.543238,3.13575,0.964381,0.889424,0.66501,0.581792,2.02938,1.613999,0.718789,0.550197,0.636782,1.209976,2.435485,0.900528,1.582779,1.177685,1.455175,0.879992,0.390983,0.498839,0.460549,5.371922,1.652898,0.665315,0.664671,0.430635,2.310592,1.44029,0.862405,0.77648,0.394051,1.654744,0.64392,0.310913,0.484177,0.252287,0.431233,0.64162,0.214671,0.910672,0.484252,0.409539,1.767458,0.589822,0.652254,0.344606,4.007473,2.28879,0.642071,0.86744,0.425118,2.125854,2.56381,0.898523,0.729902,0.351992,0.810892,1.065443,0.673765,0.521783,0.23878,1.544679,0.664555,0.85929,0.720815,0.325326,2.016834,1.687548,0.937883,0.825713,0.317286,3.709175,2.194667,1.044674,0.857789,0.365628,3.948426,1.003873,0.799137,0.757912,0.371644,4.096666,1.865868,0.954661,0.795039,0.505597,3.237749,2.60901,1.590786,0.884248,0.875996,2.917653,1.388452,0.469137,0.592358,0.440995,5.253406,1.192738,0.752413,0.922667,0.543046,5.655404,1.461949,0.954647,0.950267,0.531776,3.5487,0.481284,0.462672,0.340117,0.23383,7.270957,0.828104,0.930344,0.866358,0.481522,6.425865,1.284535,0.970108,0.81113,0.563232,5.651535,0.922915,0.761332,0.855478,0.606492
1764665235.565838,45147,0,4373.077148,4385,4486.794922,4502.179688,4376.410156,4503.333496,4518.589844,4364.615234,4549.230957,4360.641113,4468.589844,4500.512695,4546.922852,4372.692383,4355.384766,4478.717773,4517.563965,4514.230957,4490.256348,4360.128418,4368.461426,4541.025879,4492.820313,4472.05127,4373.974121,4549.743652,4368.846191,4534.743652,4494.743652,4380.512695,4517.94873,4487.563965,2651,1,25,2304,46561,,,,0,4,4,4,4,4,4,4,4,4,4,4,4,4,4,4,4,4,4,4,4,4,4,4,4,4,4,4,4,4,4,4,4,100,,,,,,,,,,,,,,,,,,,,,,,,,,,,,,,,,,,,,,,,,,,,,,,,,,,,,,,,,,,,,,,,,,,,,,,,,,,,,,,,,,,,,,,,,,,,,,,,,,,,,,,,,,,,,,,,,,,,,,,,,,,,,,,,,,,,,,,,,,,,,,,,,,,,,,,,,,,,,,,,,,,,,,,,,,,,,,,,,,,,,,,,,,,,,,,,,,,,,,,,,,,,,,
1764665235.569745,45148,0,4370.512695,4385.641113,4485.128418,4502.05127,4376.410156,4503.077148,4522.436035,4365.512695,4550.512695,4362.94873,4467.94873,4500.128418,4548.077148,4377.436035,4357.179688,4480.897461,4515.512695,4516.538574,4492.563965,4359.230957,4369.102539,4538.333496,4492.05127,4467.436035,4369.102539,4547.563965,4367.307617,4531.794922,4492.436035,4382.563965,4517.563965,4485,2709,1,25,2560,46569,,,,0,4,4,4,4,4,4,4,4,4,4,4,4,4,4,4,4,4,4,4,4,4,4,4,4,4,4,4,4,4,4,4,4,100,,,,,,,,,,,,,,,,,,,,,,,,,,,,,,,,,,,,,,,,,,,,,,,,,,,,,,,,,,,,,,,,,,,,,,,,,,,,,,,,,,,,,,,,,,,,,,,,,,,,,,,,,,,,,,,,,,,,,,,,,,,,,,,,,,,,,,,,,,,,,,,,,,,,,,,,,,,,,,,,,,,,,,,,,,,,,,,,,,,,,,,,,,,,,,,,,,,,,,,,,,,,,,
1764665235.573652,45149,0,4374.358887,4392.179688,4489.102539,4509.102539,4382.563965,4505.512695,4531.153809,4372.820313,4557.692383,4370.769043,4471.538574,4504.358887,4553.333496,4382.820313,4363.205078,4486.282227,4521.153809,4522.307617,4498.205078,4364.102539,4373.974121,4541.025879,4496.794922,4470.256348,4370,4552.05127,4372.94873,4537.436035,4494.615234,4390,4521.410156,4488.077148,2529,1,25,2560,46569,,,,0,4,4,4,4,4,4,4,4,4,4,4,4,4,4,4,4,4,4,4,4,4,4,4,4,4,4,4,4,4,4,4,4,100,,,,,,,,,,,,,,,,,,,,,,,,,,,,,,,,,,,27671,0,0.263802,-0.599731,-0.733154,0.182251,0.976193,0.225125,0.048346,23.5,28.333334,46,,,,,,,,,,,,,,,,,,,,,,,,,,,,,,,,,,,,,,,,,,,,,,,,,,,,,,,,,,,,,,,,,,,,,,,,,,,,,,,,,,,,,,,,,,,,,,,,,,,,,,,,,,,,,,,,,,,,,,,,,,,,,,,,,,,,,,,,,,,,,,,,,,,,,,,,,,,,,,,,
1764665235.577558,45150,0,4381.282227,4400.128418,4494.743652,4518.846191,4390.256348,4508.974121,4539.230957,4381.794922,4565.512695,4378.333496,4476.666504,4509.743652,4559.102539,4385.384766,4369.358887,4492.436035,4530.384766,4528.333496,4503.717773,4370.641113,4377.94873,4547.05127,4503.077148,4477.307617,4373.077148,4559.358887,4381.922852,4546.922852,4499.102539,4397.563965,4526.282227,4494.487305,2675,1,25,2560,46577,,,,0,4,4,4,4,4,4,4,4,4,4,4,4,4,4,4,4,4,4,4,4,4,4,4,4,4,4,4,4,4,4,4,4,100,,,,,,,,,,,,,,,,,,,,,,,,,,,,,,,,,,,,,,,,,,,,,,,,,,,,,,,,,,,,,,,,,,,,,,,,,,,,,,,,,,,,,,,,,,,,,,,,,,,,,,,,,,,,,,,,,,,,,,,,,,,,,,,,,,,,,,,,,,,,,,,,,,,,,,,,,,,,,,,,,,,,,,,,,,,,,,,,,,,,,,,,,,,,,,,,,,,,,,,,,,,,,,
1764665235.581465,45151,0,4385.384766,4402.820313,4496.666504,4524.358887,4392.94873,4510,4541.410156,4386.153809,4567.692383,4379.358887,4479.487305,4510.512695,4560.769043,4383.846191,4370.897461,4496.153809,4535.641113,4530.897461,4505.512695,4372.692383,4376.025879,4551.025879,4505.256348,4482.307617,4373.974121,4563.077148,4387.307617,4551.922852,4501.666504,4398.974121,4527.94873,4499.358887,2850,1,25,2560,46577,,,,0,4,4,4,4,4,4,4,4,4,4,4,4,4,4,4,4,4,4,4,4,4,4,4,4,4,4,4,4,4,4,4,4,100,,,,,,,,,,,,,,,,,,,,,,,,,,,,,,,,,,,,,,,,,,,,,,,,,,,,,,,,,,,,,,,,,,,,,,,,,,,,,,,,,,,,,,,,,,,,,,,,,,,,,,,,,,,,,,,,,,,,,,,,,,,,,,,,,,,,,,,,,,,,,,,,,,,,,,,,,,,,,,,,,,,,,,,,,,,,,,,,,,,,,,,,,,,,,,,,,,,,,,,,,,,,,,
1764665235.585372,45152,0,4382.94873,4397.179688,4491.794922,4520.897461,4387.563965,4506.410156,4535.897461,4382.692383,4561.538574,4371.153809,4478.205078,4503.846191,4556.538574,4379.102539,4366.025879,4496.025879,4532.436035,4527.94873,4502.307617,4367.692383,4366.922852,4548.077148,4499.487305,4480.256348,4370.897461,4558.974121,4383.461426,4547.307617,4499.230957,4391.538574,4523.717773,4498.205078,2762,1,25,1280,46585,,,,0,4,4,4,4,4,4,4,4,4,4,4,4,4,4,4,4,4,4,4,4,4,4,4,4,4,4,4,4,4,4,4,4,100,,,,,,,,,,,,,,,,,,,,,,,,,,,,,,,,,,,,,,,,,,,,,,,,,,,,,,,,,,,,,,,,,,,,,,,,,,,,,,,,,,,,,,,,,,,,,,,,,,,,,,,,,,,,,,,,,,,,,,,,,,,,,,,,,,,,,,,,,,,,,,,,,,,,,,,,,,,,,,,,,,,,,,,,,,,,,,,,,,,,,,,,,,,,,,,,,,,,,,,,,,,,,,
1764665235.589279,45153,0,4375.256348,4385.128418,4481.922852,4509.102539,4376.666504,4499.102539,4525.641113,4373.333496,4550.512695,4356.410156,4474.358887,4492.436035,4548.077148,4373.461426,4357.820313,4492.820313,4522.436035,4520.641113,4495.897461,4358.333496,4355.512695,4538.333496,4488.077148,4471.794922,4365.641113,4548.846191,4371.282227,4534.615234,4492.179688,4378.846191,4514.358887,4490.897461,2936,1,25,1280,46585,,,,0,4,4,4,4,4,4,4,4,4,4,4,4,4,4,4,4,4,4,4,4,4,4,4,4,4,4,4,4,4,4,4,4,100,,,,,,,,,,,,,,,,,,,,,,,,,,,,,,,,,,,27672,0,0.263728,-0.59967,-0.733276,0.182068,0.967892,0.22073,0.047857,23.5,28.333334,43.5,,,,,,,,,,,,,,,,,,,,,,,,,,,,,,,,,,,,,,,,,,,,,,,,,,,,,,,,,,,,,,,,,,,,,,,,,,,,,,,,,,,,,,,,,,,,,,,,,,,,,,,,,,,,,,,,,,,,,,,,,,,,,,,,,,,,,,,,,,,,,,,,,,,,,,,,,,,,,,,,
1764665235.593185,45154,0,4367.307617,4373.589844,4472.436035,4496.153809,4367.436035,4491.922852,4516.666504,4363.717773,4541.282227,4341.922852,4471.282227,4483.205078,4540.384766,4369.743652,4351.922852,4488.717773,4511.922852,4512.436035,4490,4351.025879,4348.589844,4527.563965,4477.563965,4462.179688,4362.179688,4538.333496,4357.436035,4521.410156,4484.871582,4368.333496,4504.230957,4481.538574,2611,1,25,256,46592,,,,0,4,4,4,4,4,4,4,4,4,4,4,4,4,4,4,4,4,4,4,4,4,4,4,4,4,4,4,4,4,4,4,4,100,,,,,,,,,,,,,,,,,,,,,,,,,,,,,,,,,,,,,,,,,,,,,,,,,,,,,,,,,,,,,,,,,,,,,,,,,,,,,,,,,,,,,,,,,,,,,,,,,,,,,,,,,,,,,,,,,,,,,,,,,,,,,,,,,,,,,,,,,,,,,,,,,,,,,,,,,,,,,,,,,,,,,,,,,,,,,,,,,,,,,,,,,,,,,,,,,,,,,,,,,,,,,,
1764665235.597092,45155,0,4364.743652,4369.230957,4469.358887,4490,4365.641113,4489.487305,4514.230957,4359.487305,4539.230957,4335.128418,4471.410156,4481.538574,4538.333496,4370.128418,4352.05127,4486.153809,4507.179688,4507.94873,4487.94873,4351.025879,4350.769043,4522.692383,4475,4457.307617,4363.333496,4533.846191,4350.641113,4515.384766,4482.307617,4366.025879,4498.333496,4476.410156,2868,1,25,256,46592,,,,0,4,4,4,4,4,4,4,4,4,4,4,4,4,4,4,4,4,4,4,4,4,4,4,4,4,4,4,4,4,4,4,4,100,,,,,,,,,,,,,,,,,,,,,,,,,,,,,,,,,,,,,,,,,,,,,,,,,,,,,,,,,,,,,,,,,,,,,,,,,,,,,,,,,,,,,,,,,,,,,,,,,,,,,,,,,,,,,,,,,,,,,,,,,,,,,,,,,,,,,,,,,,,,,,,,,,,,,,,,,,,,,,,,,,,,,,,,,,,,,,,,,,,,,,,,,,,,,,,,,,,,,,,,,,,,,,
1764665235.600999,45156,0,4368.974121,4374.358887,4474.615234,4494.615234,4372.820313,4493.846191,4519.487305,4361.922852,4544.102539,4339.743652,4474.230957,4488.461426,4543.333496,4375,4357.563965,4486.794922,4510,4509.871582,4490.512695,4358.846191,4360.769043,4526.410156,4481.794922,4459.743652,4369.102539,4537.692383,4354.871582,4519.102539,4486.410156,4373.205078,4499.487305,4479.102539,2758,1,25,256,46600,,,,0,4,4,4,4,4,4,4,4,4,4,4,4,4,4,4,4,4,4,4,4,4,4,4,4,4,4,4,4,4,4,4,4,100,,,,,,,,,,,,,,,,,,,,,,,,,,,,,,,,,,,,,,,,,,,,,,,,,,,,,,,,,,,,,,,,,,,,,,,,,,,,,,,,,,,,,,,,,,,,,,,,,,,,,,,,,,,,,,,,,,,,,,,,,,,,,,,,,,,,,,,,,,,,,,,,,,,,,,,,,,,,,,,,,,,,,,,,,,,,,,,,,,,,,,,,,,,,,,,,,,,,,,,,,,,,,,
1764665235.604905,45157,0,4376.794922,4385,4484.871582,4506.666504,4384.487305,4502.563965,4528.333496,4367.94873,4552.179688,4352.307617,4477.307617,4499.102539,4551.922852,4382.179688,4364.230957,4489.358887,4517.692383,4516.410156,4495.512695,4369.871582,4372.692383,4535.256348,4493.717773,4467.307617,4376.666504,4546.794922,4365.897461,4529.230957,4494.871582,4384.743652,4505.897461,4487.692383,2798,1,25,256,46600,,,,0,4,4,4,4,4,4,4,4,4,4,4,4,4,4,4,4,4,4,4,4,4,4,4,4,4,4,4,4,4,4,4,4,100,,,,,,,,,,,,,,,,,,,,,,,,,,,,,,,,,,,27673,0,0.263654,-0.599609,-0.733398,0.181885,0.972775,0.212428,0.045416,23.666666,28.666666,44.5,,,,,,,,,,,,,,,,,,,,,,,,,,,,,,,,,,,,,,,,,,,,,,,,,,,,,,,,,,,,,,,,,,,,,,,,,,,,,,,,,,,,,,,,,,,,,,,,,,,,,,,,,,,,,,,,,,,,,,,,,,,,,,,,,,,,,,,,,,,,,,,,,,,,,,,,,,,,,,,,
1764665235.608713,45158,0,4382.563965,4393.717773,4493.846191,4517.94873,4393.846191,4510.641113,4535,4372.563965,4558.717773,4364.871582,4478.461426,4506.282227,4558.333496,4388.077148,4367.307617,4491.538574,4525.128418,4523.205078,4499.358887,4377.436035,4379.615234,4542.94873,4503.589844,4474.743652,4382.307617,4555.384766,4375,4538.589844,4502.307617,4393.589844,4512.820313,4496.538574,2810,1,25,512,46608,,,,0,4,4,4,4,4,4,4,4,4,4,4,4,4,4,4,4,4,4,4,4,4,4,4,4,4,4,4,4,4,4,4,4,100,,,,,,,,,,,,,,,,,,,,,,,,,,,,,,,,,,,,,,,,,,,,,,,,,,,,,,,,,,,,,,,,,,,,,,,,,,,,,,,,,,,,,,,,,,,,,,,,,,,,,,,,,,,,,,,,,,,,,,,,,,,,,,,,,,,,,,,,,,,,,,,,,,,,,,,,,,,,,,,,,,,,,,,,,,,,,,,,,,,,,,,,,,,,,,,,,,,,,,,,,,,,,,
1764665235.612619,45159,0,4382.94873,4395.384766,4497.05127,4522.179688,4396.666504,4513.974121,4536.153809,4373.205078,4560.384766,4370.897461,4477.820313,4506.282227,4558.333496,4390.512695,4364.871582,4491.153809,4528.205078,4525.897461,4499.871582,4377.94873,4379.358887,4544.487305,4506.410156,4477.692383,4383.461426,4558.846191,4376.282227,4542.05127,4504.358887,4395.512695,4515.256348,4500.512695,2995,1,25,512,46608,,,,0,4,4,4,4,4,4,4,4,4,4,4,4,4,4,4,4,4,4,4,4,4,4,4,4,4,4,4,4,4,4,4,4,100,,,,,,,,,,,,,,,,,,,,,,,,,,,,,,,,,,,,,,,,,,,,,,,,,,,,,,,,,,,,,,,,,,,,,,,,,,,,,,,,,,,,,,,,,,,,,,,,,,,,,,,,,,,,,,,,,,,,,,,,,,,,,,,,,,,,,,,,,,,,,,,,,,,,,,,,,,,,,,,,,,,,,,,,,,,,,,,,,,,,,,,,,,,,,,,,,,,,,,,,,,,,,,
1764665235.616526,45160,0,4379.487305,4390.384766,4495.641113,4518.717773,4393.846191,4512.05127,4533.205078,4371.794922,4557.563965,4370.256348,4477.94873,4500.897461,4553.205078,4390.128418,4359.230957,4488.205078,4526.153809,4523.846191,4497.563965,4373.205078,4374.615234,4540.256348,4502.563965,4475.512695,4380.128418,4557.179688,4370.128418,4538.974121,4501.025879,4391.410156,4512.307617,4499.102539,2867,1,25,768,46616,,,,0,4,4,4,4,4,4,4,4,4,4,4,4,4,4,4,4,4,4,4,4,4,4,4,4,4,4,4,4,4,4,4,4,100,,,,,,,,,,,,,,,,,,,,,,,,,,,,,,,,,,,,,,,,,,,,,,,,,,,,,,,,,,,,,,,,,,,,,,,,,,,,,,,,,,,,,,,,,,,,,,,,,,,,,,,,,,,,,,,,,,,,,,,,,,,,,,,,,,,,,,,,,,,,,,,,,,,,,,,,,,,,,,,,,,,,,,,,,,,,,,,,,,,,,,,,,,,,,,,,,,,,,,,,,,,,,,
1764665235.620433,45161,0,4376.025879,4383.974121,4493.846191,4512.820313,4390,4507.692383,4530.512695,4371.922852,4553.205078,4368.077148,4480.897461,4496.153809,4547.820313,4389.615234,4355.256348,4485,4522.05127,4519.743652,4494.743652,4367.563965,4370.897461,4533.846191,4496.538574,4471.153809,4375,4553.333496,4362.820313,4533.717773,4496.282227,4386.025879,4507.179688,4495.897461,2721,1,25,768,46616,,,,0,4,4,4,4,4,4,4,4,4,4,4,4,4,4,4,4,4,4,4,4,4,4,4,4,4,4,4,4,4,4,4,4,100,,,,,,,,,,,,,,,,,,,,,,,,,,,,,,,,,,,27674,0,0.263358,-0.599365,-0.733765,0.181641,0.982542,0.218288,0.043951,23.666666,27.833334,43.666668,,,,,,,,,,,,,,,,,,,,,,,,,,,,,,,,,,,,,,,,,,,,,,,,,,,,,,,,,,,,,,,,,,,,,,,,,,,,,,,,,,,,,,,,,,,,,,,,,,,,,,,,,,,,,,,,,,,,,,,,,,,,,,,,,,,,,,,,,,,,,,,,,,,,,,,,,,,,,,,,
1764665235.624340,45162,0,4375.384766,4381.153809,4495.641113,4510.897461,4388.846191,4505,4531.153809,4375.384766,4551.282227,4369.743652,4486.282227,4496.794922,4546.410156,4391.153809,4355.641113,4483.974121,4519.487305,4516.922852,4493.077148,4364.871582,4370.512695,4529.487305,4492.692383,4468.205078,4371.153809,4550.897461,4360,4531.282227,4494.102539,4383.205078,4503.846191,4495.641113,2290,1,25,1024,46624,,,,0,4,4,4,4,4,4,4,4,4,4,4,4,4,4,4,4,4,4,4,4,4,4,4,4,4,4,4,4,4,4,4,4,100,,,,,,,,,,,,,,,,,,,,,,,,,,,,,,,,,,,,,,,,,,,,,,,,,,,,,,,,,,,,,,,,,,,,,,,,,,,,,,,,,,,,,,,,,,,,,,,,,,,,,,,,,,,,,,,,,,,,,,,,,,,,,,,,,,,,,,,,,,,,,,,,,,,,,,,,,,,,,,,,,,,,,,,,,,,,,,,,,,,,,,,,,,,,,,,,,,,,,,,,,,,,,,
1764665235.628247,45163,0,4376.410156,4383.461426,4500.512695,4514.871582,4390.641113,4505.128418,4534.230957,4379.871582,4553.077148,4375.384766,4490.769043,4502.179688,4549.358887,4393.461426,4359.102539,4484.871582,4519.743652,4516.153809,4493.077148,4365.769043,4371.922852,4529.102539,4492.307617,4468.717773,4368.717773,4550.641113,4362.563965,4533.077148,4495.256348,4383.589844,4504.102539,4499.102539,2693,1,25,1024,46624,,,,0,4,4,4,4,4,4,4,4,4,4,4,4,4,4,4,4,4,4,4,4,4,4,4,4,4,4,4,4,4,4,4,4,100,,,,,,,,,,,,,,,,,,,,,,,,,,,,,,,,,,,,,,,,,,,,,,,,,,,,,,,,,,,,,,,,,,,,,,,,,,,,,,,,,,,,,,,,,,,,,,,,,,,,,,,,,,,,,,,,,,,,,,,,,,,,,,,,,,,,,,,,,,,,,,,,,,,,,,,,,,,,,,,,,,,,,,,,,,,,,,,,,,,,,,,,,,,,,,,,,,,,,,,,,,,,,,
1764665235.632154,45164,0,4376.538574,4387.94873,4504.358887,4521.538574,4392.179688,4506.538574,4536.538574,4381.410156,4556.666504,4379.871582,4490.512695,4507.179688,4552.563965,4393.461426,4361.538574,4485.256348,4521.153809,4515.769043,4493.205078,4367.563965,4371.410156,4532.179688,4493.589844,4471.538574,4366.922852,4550.512695,4366.538574,4537.179688,4497.820313,4384.871582,4506.794922,4502.820313,2495,1,25,1280,46632,,,,0,4,4,4,4,4,4,4,4,4,4,4,4,4,4,4,4,4,4,4,4,4,4,4,4,4,4,4,4,4,4,4,4,100,,,,,,,,,,,,,,,,,,,,,,,,,,,,,,,,,,,,,,,,,,,,,,,,,,,,,,,,,,,,,,,,,,,,,,,,,,,,,,,,,,,,,,,,,,,,,,,,,,,,,,,,,,,,,,,,,,,,,,,,,,,,,,,,,,,,,,,,,,,,,,,,,,,,,,,,,,,,,,,,,,,,,,,,,,,,,,,,,,,,,,,,,,,,,,,,,,,,,,,,,,,,,,
1764665235.636061,45165,0,4374.230957,4390.641113,4503.205078,4525.641113,4391.153809,4506.538574,4536.153809,4378.333496,4559.102539,4378.205078,4485.384766,4506.666504,4551.794922,4389.615234,4360.256348,4482.94873,4521.538574,4513.589844,4492.307617,4367.436035,4367.692383,4536.153809,4494.743652,4474.358887,4365.384766,4548.846191,4367.563965,4540.128418,4499.230957,4385.128418,4509.358887,4502.692383,2241,1,25,1280,46632,,,,0,4,4,4,4,4,4,4,4,4,4,4,4,4,4,4,4,4,4,4,4,4,4,4,4,4,4,4,4,4,4,4,4,100,,,,,,,,,,,,,,,,,,,,,,,,,,,,,,,,,,,27675,0,0.263338,-0.599243,-0.733887,0.18158,0.981077,0.20901,0.041997,25,28.333334,44.333332,,,,,,,,,,,,,,,,,,,,,,,,,,,,,,,,,,,,,,,,,,,,,,,,,,,,,,,,,,,,,,,,,,,,,,,,,,,,,,,,,,,,,,,,,,,,,,,,,,,,,,,,,,,,,,,,,,,,,,,,,,,,,,,,,,,,,,,,,,,,,,,,,,,,,,,,,,,,,,,,
1764665235.639968,45166,0,4371.025879,4390,4496.922852,4525.128418,4387.692383,4505,4533.333496,4372.820313,4558.717773,4371.153809,4478.333496,4500.897461,4546.410156,4383.077148,4356.666504,4478.333496,4520.384766,4509.871582,4490.384766,4364.743652,4362.94873,4538.333496,4495.512695,4475.384766,4365.128418,4546.410156,4365.384766,4541.153809,4498.717773,4384.871582,4510.128418,4497.94873,2714,1,25,1536,46639,,,,0,4,4,4,4,4,4,4,4,4,4,4,4,4,4,4,4,4,4,4,4,4,4,4,4,4,4,4,4,4,4,4,4,100,,,,,,,,,,,,,,,,,,,,,,,,,,,,,,,,,,,,,,,,,,,,,,,,,,,,,,,,,,,,,,,,,,,,,,,,,,,,,,,,,,,,,,,,,,,,,,,,,,,,,,,,,,,,,,,,,,,,,,,,,,,,,,,,,,,,,,,,,,,,,,,,,,,,,,,,,,,,,,,,,,,,,,,,,,,,,,,,,,,,,,,,,,,,,,,,,,,,,,,,,,,,,,
1764665235.643875,45167,0,4369.615234,4387.436035,4490.128418,4522.179688,4384.615234,4503.846191,4530.384766,4369.102539,4556.538574,4364.743652,4473.461426,4494.487305,4539.871582,4377.563965,4354.615234,4475,4518.717773,4507.307617,4488.974121,4361.794922,4361.153809,4537.820313,4496.922852,4474.743652,4366.922852,4545.897461,4362.820313,4541.153809,4497.436035,4385.769043,4509.102539,4492.94873,2503,1,25,1536,46639,,,,0,4,4,4,4,4,4,4,4,4,4,4,4,4,4,4,4,4,4,4,4,4,4,4,4,4,4,4,4,4,4,4,4,100,,,,,,,,,,,,,,,,,,,,,,,,,,,,,,,,,,,,,,,,,,,,,,,,,,,,,,,,,,,,,,,,,,,,,,,,,,,,,,,,,,,,,,,,,,,,,,,,,,,,,,,,,,,,,,,,,,,,,,,,,,,,,,,,,,,,,,,,,,,,,,,,,,,,,,,,,,,,,,,,,,,,,,,,,,,,,,,,,,,,,,,,,,,,,,,,,,,,,,,,,,,,,,
1764665235.647782,45168,0,4371.410156,4385.128418,4488.205078,4520.384766,4383.846191,4504.871582,4528.974121,4369.871582,4554.487305,4363.205078,4472.563965,4492.692383,4536.538574,4375.641113,4356.922852,4476.025879,4518.077148,4508.461426,4489.487305,4361.025879,4364.102539,4536.153809,4499.743652,4473.717773,4368.974121,4548.333496,4363.333496,4541.794922,4496.666504,4388.077148,4507.820313,4492.307617,2866,1,25,1792,46647,,,,0,4,4,4,4,4,4,4,4,4,4,4,4,4,4,4,4,4,4,4,4,4,4,4,4,4,4,4,4,4,4,4,4,100,,,,,,,,,,,,,,,,,,,,,,,,,,,,,,,,,,,,,,,,,,,,,,,,,,,,,,,,,,,,,,,,,,,,,,,,,,,,,,,,,,,,,,,,,,,,,,,,,,,,,,,,,,,,,,,,,,,,,,,,,,,,,,,,,,,,,,,,,,,,,,,,,,,,,,,,,,,,,,,,,,,,,,,,,,,,,,,,,,,,,,,,,,,,,,,,,,,,,,,,,,,,,,
1764665235.651689,45169,0,4375,4384.615234,4492.307617,4521.153809,4385.384766,4507.94873,4528.974121,4373.974121,4553.846191,4365.256348,4474.358887,4497.179688,4537.692383,4377.563965,4362.05127,4481.153809,4518.846191,4513.333496,4492.179688,4363.333496,4370.384766,4535.897461,4502.692383,4473.974121,4369.102539,4552.563965,4367.436035,4543.077148,4497.05127,4390.512695,4507.563965,4497.179688,2918,1,25,1792,46647,,,,0,4,4,4,4,4,4,4,4,4,4,4,4,4,4,4,4,4,4,4,4,4,4,4,4,4,4,4,4,4,4,4,4,100,,,,,,,,,,,,,,,,,,,,,,,,,,,,,,,,,,,27676,0,0.263307,-0.599182,-0.733948,0.18158,0.981077,0.20901,0.041997,23.833334,28.333334,43.833332,,,,,,,,,,,,,,,,,,,,,,,,,,,,,,,,,,,,,,,,,,,,,,,,,,,,,,,,,,,,,,,,,,,,,,,,,,,,,,,,,,,,,,,,,,,,,,,,,,,,,,,,,,,,,,,,,,,,,,,,,,,,,,,,,,,,,,,,,,,,,,,,,,,,,,,,,,,,,,,,
1764665235.655596,45170,0,4377.94873,4385,4499.102539,4522.05127,4387.692383,4510.512695,4528.974121,4377.436035,4554.102539,4367.436035,4476.153809,4504.358887,4541.794922,4381.153809,4366.153809,4487.307617,4520.769043,4519.230957,4496.410156,4367.05127,4377.307617,4538.717773,4504.230957,4475.897461,4367.179688,4555.897461,4372.436035,4544.487305,4498.077148,4391.538574,4509.102539,4503.717773,1760,1,25,2048,46655,,,,0,4,4,4,4,4,4,4,4,4,4,4,4,4,4,4,4,4,4,4,4,4,4,4,4,4,4,4,4,4,4,4,4,100,,,,,,,,,,,,,,,,,,,,,,,,,,,,,,,,,,,,,,,,,,,,,,,,,,,,,,,,,,,,,,,,,,,,,,,,,,,,,,,,,,,,,,,,,,,,,,,,,,,,,,,,,,,,,,,,,,,,,,,,,,,,,,,,,,,,,,,,,,,,,,,,,,,,,,,,,,,,,,,,,,,,,,,,,,,,,,,,,,,,,,,,,,,,,,,,,,,,,,,,,,,,,,
1764665235.659503,45171,0,4378.461426,4385.128418,4503.717773,4520.384766,4389.487305,4510.256348,4527.94873,4377.179688,4553.846191,4368.461426,4476.794922,4508.974121,4545.897461,4383.974121,4366.153809,4491.025879,4523.589844,4523.846191,4501.025879,4370.512695,4382.692383,4543.974121,4504.230957,4478.717773,4365.897461,4557.307617,4375.384766,4545.897461,4499.615234,4391.538574,4512.307617,4507.692383,2960,1,25,2048,46655,,,,0,4,4,4,4,4,4,4,4,4,4,4,4,4,4,4,4,4,4,4,4,4,4,4,4,4,4,4,4,4,4,4,4,100,,,,,,,,,,,,,,,,,,,,,,,,,,,,,,,,,,,,,,,,,,,,,,,,,,,,,,,,,,,,,,,,,,,,,,,,,,,,,,,,,,,,,,,,,,,,,,,,,,,,,,,,,,,,,,,,,,,,,,,,,,,,,,,,,,,,,,,,,,,,,,,,,,,,,,,,,,,,,,,,,,,,,,,,,,,,,,,,,,,,,,,,,,,,,,,,,,,,,,,,,,,,,,
1764665235.663410,45172,0,4377.05127,4384.871582,4504.358887,4516.410156,4390.641113,4507.05127,4526.538574,4374.615234,4553.077148,4370,4478.205078,4508.461426,4548.974121,4385.256348,4363.589844,4492.179688,4527.436035,4526.538574,4505.128418,4373.333496,4386.410156,4550.512695,4504.487305,4482.307617,4368.846191,4557.94873,4375.641113,4547.563965,4501.666504,4392.179688,4516.794922,4508.077148,2527,1,25,2304,46663,,,,0,4,4,4,4,4,4,4,4,4,4,4,4,4,4,4,4,4,4,4,4,4,4,4,4,4,4,4,4,4,4,4,4,100,,,,,,,,,,,,,,,,,,,,,,,,,,,,,,,,,,,,,,,,,,,,,,,,,,,,,,,,,,,,,,,,,,,,,,,,,,,,,,,,,,,,,,,,,,,,,,,,,,,,,,,,,,,,,,,,,,,,,,,,,,,,,,,,,,,,,,,,,,,,,,,,,,,,,,,,,,,,,,,,,,,,,,,,,,,,,,,,,,,,,,,,,,,,,,,,,,,,,,,,,,,,,,
1764665235.667317,45173,0,4376.282227,4385.769043,4503.589844,4513.205078,4392.307617,4503.461426,4527.820313,4373.717773,4553.333496,4373.589844,4482.436035,4505.512695,4552.436035,4387.05127,4362.692383,4493.589844,4532.307617,4529.230957,4508.846191,4376.538574,4389.102539,4557.05127,4507.05127,4486.794922,4377.307617,4559.871582,4375.897461,4549.487305,4504.230957,4395.128418,4521.666504,4508.205078,2822,1,25,2304,46663,,,,0,4,4,4,4,4,4,4,4,4,4,4,4,4,4,4,4,4,4,4,4,4,4,4,4,4,4,4,4,4,4,4,4,100,,,,,,,,,,,,,,,,,,,,,,,,,,,,,,,,,,,27677,0,0.263275,-0.599121,-0.734009,0.18158,0.970333,0.225613,0.054694,23.5,27.166666,43.5,,,,,,,,,,,,,,,,,,,,,,,,,,,,,,,,,,,,,,,,,,,,,,,,,,,,,,,,,,,,,,,,,,,,,,,,,,,,,,,,,,,,,,,,,,,,,,,,,,,,,,,,,,,,,,,,,,,,,,,,,,,,,,,,,,,,,,,,,,,,,,,,,,,,,,,,,,,,,,,,
1764665235.671224,45174,0,4378.974121,4388.846191,4505.256348,4514.487305,4394.358887,4502.692383,4533.589844,4376.922852,4556.025879,4378.461426,4489.743652,4504.743652,4557.692383,4391.410156,4367.436035,4498.205078,4537.563965,4533.333496,4512.05127,4381.282227,4391.410156,4562.05127,4512.179688,4492.05127,4388.589844,4563.333496,4378.461426,4551.666504,4507.179688,4399.615234,4526.025879,4510.769043,2926,1,25,2560,46671,,,,0,4,4,4,4,4,4,4,4,4,4,4,4,4,4,4,4,4,4,4,4,4,4,4,4,4,4,4,4,4,4,4,4,100,,,,,,,,,,,,,,,,,,,,,,,,,,,,,,,,,,,,,,,,,,,,,,,,,,,,,,,,,,,,,,,,,,,,,,,,,,,,,,,,,,,,,,,,,,,,,,,,,,,,,,,,,,,,,,,,,,,,,,,,,,,,,,,,,,,,,,,,,,,,,,,,,,,,,,,,,,,,,,,,,,,,,,,,,,,,,,,,,,,,,,,,,,,,,,,,,,,,,,,,,,,,,,
1764665235.675131,45175,0,4384.487305,4392.179688,4509.615234,4519.871582,4395.641113,4506.153809,4542.05127,4382.307617,4560.512695,4381.153809,4496.538574,4508.077148,4563.974121,4397.692383,4376.410156,4506.025879,4541.538574,4538.717773,4514.358887,4386.153809,4392.94873,4564.358887,4517.179688,4496.794922,4397.563965,4566.922852,4381.922852,4553.333496,4509.615234,4402.563965,4528.077148,4515,2839,1,25,2560,46671,,,,0,4,4,4,4,4,4,4,4,4,4,4,4,4,4,4,4,4,4,4,4,4,4,4,4,4,4,4,4,4,4,4,4,100,,,,,,,,,,,,,,,,,,,,,,,,,,,,,,,,,,,,,,,,,,,,,,,,,,,,,,,,,,,,,,,,,,,,,,,,,,,,,,,,,,,,,,,,,,,,,,,,,,,,,,,,,,,,,,,,,,,,,,,,,,,,,,,,,,,,,,,,,,,,,,,,,,,,,,,,,,,,,,,,,,,,,,,,,,,,,,,,,,,,,,,,,,,,,,,,,,,,,,,,,,,,,,
1764665235.679038,45176,0,4388.846191,4392.436035,4512.563965,4524.102539,4393.461426,4511.538574,4547.05127,4384.358887,4563.461426,4378.461426,4498.461426,4512.307617,4568.205078,4401.410156,4383.461426,4513.461426,4542.307617,4541.922852,4514.615234,4387.820313,4391.922852,4562.820313,4517.692383,4498.974121,4399.487305,4567.692383,4382.563965,4552.94873,4509.743652,4400.641113,4526.153809,4516.153809,2760,1,25,2304,46678,,,,0,4,4,4,4,4,4,4,4,4,4,4,4,4,4,4,4,4,4,4,4,4,4,4,4,4,4,4,4,4,4,4,4,100,,,,,,,,,,,,,,,,,,,,,,,,,,,,,,,,,,,,,,,,,,,,,,,,,,,,,,,,,,,,,,,,,,,,,,,,,,,,,,,,,,,,,,,,,,,,,,,,,,,,,,,,,,,,,,,,,,,,,,,,,,,,,,,,,,,,,,,,,,,,,,,,,,,,,,,,,,,,,,,,,,,,,,,,,,,,,,,,,,,,,,,,,,,,,,,,,,,,,,,,,,,,,,
1764665235.682945,45177,0,4386.922852,4387.05127,4508.717773,4521.666504,4386.666504,4513.717773,4542.563965,4378.589844,4560.512695,4369.358887,4493.205078,4512.05127,4565.897461,4397.692383,4382.05127,4514.102539,4538.077148,4539.102539,4511.282227,4383.205078,4386.666504,4557.05127,4511.282227,4496.153809,4392.94873,4563.974121,4376.922852,4548.846191,4506.025879,4392.563965,4519.487305,4510.384766,2815,1,25,2304,46678,,,,0,4,4,4,4,4,4,4,4,4,4,4,4,4,4,4,4,4,4,4,4,4,4,4,4,4,4,4,4,4,4,4,4,100,,,,,,,,,,,,,,,,,,,,,,,,,,,,,,,,,,,27678,0,0.263074,-0.59906,-0.734131,0.18158,0.967892,0.211452,0.037114,24.833334,28.166666,43.333332,,,,,,,,,,,,,,,,,,,,,,,,,,,,,,,,,,,,,,,,,,,,,,,,,,,,,,,,,,,,,,,,,,,,,,,,,,,,,,,,,,,,,,,,,,,,,,,,,,,,,,,,,,,,,,,,,,,,,,,,,,,,,,,,,,,,,,,,,,,,,,,,,,,,,,,,,,,,,,,,
1764665235.686852,45178,0,4376.794922,4376.922852,4497.05127,4510.512695,4376.153809,4508.846191,4528.717773,4365.512695,4550,4356.410156,4482.307617,4504.615234,4555.641113,4385.769043,4369.743652,4505,4528.205078,4528.461426,4503.974121,4372.563965,4377.179688,4547.563965,4499.102539,4487.692383,4380.256348,4555.769043,4365.897461,4540.641113,4499.102539,4381.025879,4509.487305,4498.461426,1952,1,25,1536,46686,,,,0,4,4,4,4,4,4,4,4,4,4,4,4,4,4,4,4,4,4,4,4,4,4,4,4,4,4,4,4,4,4,4,4,100,0.972656,100,4,4,4,4,4,4,4,4,4,4,4,4,4,4,4,4,4,4,4,4,4,4,4,4,4,4,4,4,4,4,4,4,,,,,,,,,,,,,4.440737,0.802348,0.721466,0.76667,0.369663,7.170346,0.821336,1.067216,0.64109,0.357968,4.781109,0.933852,0.842584,0.738782,0.621861,2.425337,0.869547,0.613059,0.628689,0.522237,6.130471,0.985322,1.042096,0.678591,0.428232,5.803366,0.880061,0.887946,0.757222,0.476686,3.660916,0.894798,0.803611,0.796685,0.506089,2.986968,0.7924,0.849352,0.675099,0.512385,1.975161,1.188715,0.723187,0.582696,0.567051,1.341408,2.120262,1.026427,1.564544,1.161702,1.36069,0.798769,0.357491,0.484715,0.461957,4.869429,1.441904,0.75797,0.663065,0.396339,2.084469,1.582828,0.785493,0.860516,0.363707,1.647311,0.549525,0.348627,0.485659,0.229279,0.434485,0.578467,0.21877,0.925544,0.425206,0.384537,1.95539,0.597639,0.712006,0.320618,3.594938,2.095034,0.7064,0.942368,0.404214,1.927007,2.588624,0.865462,0.839181,0.350888,0.741272,0.990791,0.560649,0.605717,0.21763,1.41695,0.493666,0.808995,0.823434,0.294905,1.806411,1.356683,0.864248,0.871581,0.294499,3.254603,1.713439,0.981553,0.93466,0.330098,3.595334,0.70344,0.879184,0.818694,0.340335,3.569429,1.497232,1.025248,0.840231,0.464266,2.9831,1.621764,1.953085,1.011313,0.910614,2.796546,1.133626,0.572153,0.651398,0.372767,4.496186,0.839442,0.888116,0.976455,0.470759,5.014357,1.101375,1.12763,0.925375,0.480772,3.295883,0.398543,0.543189,0.342498,0.218768,6.548031,0.709122,1.083815,0.886788,0.448179,5.597349,0.993113,1.173504,0.862435,0.514941,5.365878,0.775318,0.934628,0.878688,0.537118
1764665235.690759,45179,0,4362.820313,4366.538574,4482.307617,4495.256348,4365.512695,4498.077148,4512.05127,4350.897461,4535.641113,4345.512695,4470.897461,4492.94873,4541.153809,4370.897461,4351.666504,4489.615234,4515.256348,4513.846191,4495,4360.769043,4366.666504,4537.05127,4485.897461,4476.282227,4366.794922,4546.282227,4354.487305,4530.641113,4491.922852,4371.153809,4500.256348,4485.641113,2632,1,25,1536,46686,,,,0,4,4,4,4,4,4,4,4,4,4,4,4,4,4,4,4,4,4,4,4,4,4,4,4,4,4,4,4,4,4,4,4,100,,,,,,,,,,,,,,,,,,,,,,,,,,,,,,,,,,,,,,,,,,,,,,,,,,,,,,,,,,,,,,,,,,,,,,,,,,,,,,,,,,,,,,,,,,,,,,,,,,,,,,,,,,,,,,,,,,,,,,,,,,,,,,,,,,,,,,,,,,,,,,,,,,,,,,,,,,,,,,,,,,,,,,,,,,,,,,,,,,,,,,,,,,,,,,,,,,,,,,,,,,,,,,
1764665235.694666,45180,0,4352.563965,4361.025879,4472.307617,4483.974121,4359.230957,4488.589844,4500.897461,4342.307617,4524.358887,4341.666504,4465,4483.717773,4530,4360.384766,4337.307617,4476.794922,4504.487305,4502.820313,4488.717773,4353.717773,4359.743652,4529.230957,4477.179688,4466.794922,4358.077148,4540.512695,4349.102539,4522.820313,4488.205078,4367.94873,4496.282227,4479.102539,2693,1,25,1536,46694,,,,0,4,4,4,4,4,4,4,4,4,4,4,4,4,4,4,4,4,4,4,4,4,4,4,4,4,4,4,4,4,4,4,4,100,,,,,,,,,,,,,,,,,,,,,,,,,,,,,,,,,,,,,,,,,,,,,,,,,,,,,,,,,,,,,,,,,,,,,,,,,,,,,,,,,,,,,,,,,,,,,,,,,,,,,,,,,,,,,,,,,,,,,,,,,,,,,,,,,,,,,,,,,,,,,,,,,,,,,,,,,,,,,,,,,,,,,,,,,,,,,,,,,,,,,,,,,,,,,,,,,,,,,,,,,,,,,,
1764665235.698573,45181,0,4351.794922,4363.846191,4472.692383,4483.205078,4360.128418,4487.563965,4499.615234,4343.717773,4522.692383,4346.282227,4468.205078,4482.820313,4528.589844,4359.487305,4335.256348,4474.230957,4501.282227,4501.666504,4488.461426,4355.384766,4359.871582,4527.563965,4477.05127,4464.230957,4358.333496,4541.666504,4353.205078,4521.025879,4489.871582,4372.820313,4500.128418,4482.436035,2512,1,25,1536,46694,,,,0,4,4,4,4,4,4,4,4,4,4,4,4,4,4,4,4,4,4,4,4,4,4,4,4,4,4,4,4,4,4,4,4,100,,,,,,,,,,,,,,,,,,,,,,,,,,,,,,,,,,,27679,0,0.263042,-0.598999,-0.734192,0.18158,0.967892,0.218777,0.050299,24.833334,27,44.166668,,,,,,,,,,,,,,,,,,,,,,,,,,,,,,,,,,,,,,,,,,,,,,,,,,,,,,,,,,,,,,,,,,,,,,,,,,,,,,,,,,,,,,,,,,,,,,,,,,,,,,,,,,,,,,,,,,,,,,,,,,,,,,,,,,,,,,,,,,,,,,,,,,,,,,,,,,,,,,,,
1764665235.702480,45182,0,4360.512695,4373.974121,4483.461426,4493.205078,4367.820313,4496.666504,4506.922852,4353.205078,4532.05127,4356.153809,4478.461426,4490.384766,4537.307617,4367.563965,4346.153809,4482.563965,4506.922852,4511.025879,4494.102539,4364.358887,4366.666504,4532.820313,4485,4469.615234,4367.179688,4549.230957,4364.102539,4526.153809,4495.897461,4382.692383,4509.615234,4493.461426,2654,1,25,768,46702,,,,0,4,4,4,4,4,4,4,4,4,4,4,4,4,4,4,4,4,4,4,4,4,4,4,4,4,4,4,4,4,4,4,4,100,,,,,,,,,,,,,,,,,,,,,,,,,,,,,,,,,,,,,,,,,,,,,,,,,,,,,,,,,,,,,,,,,,,,,,,,,,,,,,,,,,,,,,,,,,,,,,,,,,,,,,,,,,,,,,,,,,,,,,,,,,,,,,,,,,,,,,,,,,,,,,,,,,,,,,,,,,,,,,,,,,,,,,,,,,,,,,,,,,,,,,,,,,,,,,,,,,,,,,,,,,,,,,
1764665235.706387,45183,0,4372.94873,4386.538574,4498.974121,4507.820313,4378.461426,4510.512695,4517.692383,4365.128418,4546.794922,4365.769043,4489.102539,4501.025879,4550,4379.230957,4362.692383,4495.256348,4517.436035,4524.871582,4502.307617,4375.256348,4376.282227,4541.666504,4496.025879,4479.230957,4379.743652,4559.102539,4375.641113,4535,4502.563965,4392.563965,4518.846191,4506.153809,2829,1,25,768,46702,,,,0,4,4,4,4,4,4,4,4,4,4,4,4,4,4,4,4,4,4,4,4,4,4,4,4,4,4,4,4,4,4,4,4,100,,,,,,,,,,,,,,,,,,,,,,,,,,,,,,,,,,,,,,,,,,,,,,,,,,,,,,,,,,,,,,,,,,,,,,,,,,,,,,,,,,,,,,,,,,,,,,,,,,,,,,,,,,,,,,,,,,,,,,,,,,,,,,,,,,,,,,,,,,,,,,,,,,,,,,,,,,,,,,,,,,,,,,,,,,,,,,,,,,,,,,,,,,,,,,,,,,,,,,,,,,,,,,
1764665235.710294,45184,0,4381.025879,4395.512695,4510.897461,4518.589844,4386.922852,4520,4526.025879,4373.717773,4559.102539,4371.025879,4493.846191,4507.692383,4558.333496,4387.436035,4374.487305,4503.461426,4525.769043,4534.487305,4508.333496,4381.538574,4383.846191,4548.589844,4503.333496,4486.153809,4388.717773,4566.025879,4380.897461,4542.307617,4506.538574,4398.077148,4522.436035,4514.102539,2743,1,25,256,46710,,,,0,4,4,4,4,4,4,4,4,4,4,4,4,4,4,4,4,4,4,4,4,4,4,4,4,4,4,4,4,4,4,4,4,100,,,,,,,,,,,,,,,,,,,,,,,,,,,,,,,,,,,,,,,,,,,,,,,,,,,,,,,,,,,,,,,,,,,,,,,,,,,,,,,,,,,,,,,,,,,,,,,,,,,,,,,,,,,,,,,,,,,,,,,,,,,,,,,,,,,,,,,,,,,,,,,,,,,,,,,,,,,,,,,,,,,,,,,,,,,,,,,,,,,,,,,,,,,,,,,,,,,,,,,,,,,,,,
1764665235.714201,45185,0,4380.512695,4397.179688,4513.846191,4520.384766,4389.615234,4519.358887,4528.077148,4376.282227,4563.333496,4371.025879,4490.641113,4506.794922,4557.563965,4388.589844,4375.384766,4502.436035,4526.410156,4534.230957,4508.461426,4379.743652,4385.512695,4548.589844,4503.461426,4485.128418,4388.205078,4566.538574,4377.94873,4544.102539,4506.153809,4397.436035,4519.102539,4514.871582,2908,1,25,256,46710,,,,0,4,4,4,4,4,4,4,4,4,4,4,4,4,4,4,4,4,4,4,4,4,4,4,4,4,4,4,4,4,4,4,4,100,,,,,,,,,,,,,,,,,,,,,,,,,,,,,,,,,,,27680,0,0.263042,-0.598999,-0.734192,0.18158,0.974728,0.209987,0.043462,23.666666,27.333334,44.5,,,,,,,,,,,,,,,,,,,,,,,,,,,,,,,,,,,,,,,,,,,,,,,,,,,,,,,,,,,,,,,,,,,,,,,,,,,,,,,,,,,,,,,,,,,,,,,,,,,,,,,,,,,,,,,,,,,,,,,,,,,,,,,,,,,,,,,,,,,,,,,,,,,,,,,,,,,,,,,,
1764665235.718108,45186,0,4372.692383,4392.436035,4507.94873,4515,4387.307617,4510.256348,4524.102539,4373.846191,4559.871582,4367.94873,4482.436035,4499.743652,4549.230957,4383.974121,4367.563965,4493.846191,4519.615234,4524.871582,4502.820313,4371.794922,4381.410156,4541.282227,4497.563965,4475.897461,4377.179688,4561.922852,4370.128418,4539.615234,4502.307617,4392.692383,4512.179688,4510.512695,2588,1,25,256,46717,,,,0,4,4,4,4,4,4,4,4,4,4,4,4,4,4,4,4,4,4,4,4,4,4,4,4,4,4,4,4,4,4,4,4,100,,,,,,,,,,,,,,,,,,,,,,,,,,,,,,,,,,,,,,,,,,,,,,,,,,,,,,,,,,,,,,,,,,,,,,,,,,,,,,,,,,,,,,,,,,,,,,,,,,,,,,,,,,,,,,,,,,,,,,,,,,,,,,,,,,,,,,,,,,,,,,,,,,,,,,,,,,,,,,,,,,,,,,,,,,,,,,,,,,,,,,,,,,,,,,,,,,,,,,,,,,,,,,
1764665235.722014,45187,0,4364.102539,4386.282227,4499.230957,4508.974121,4383.717773,4499.743652,4518.333496,4370.641113,4553.974121,4365,4475.512695,4492.179688,4540,4378.333496,4358.333496,4483.846191,4510.384766,4512.820313,4494.743652,4363.589844,4374.615234,4531.153809,4490.256348,4464.358887,4361.538574,4556.282227,4363.717773,4531.922852,4497.692383,4387.563965,4507.179688,4506.282227,2845,1,25,256,46717,,,,0,4,4,4,4,4,4,4,4,4,4,4,4,4,4,4,4,4,4,4,4,4,4,4,4,4,4,4,4,4,4,4,4,100,,,,,,,,,,,,,,,,,,,,,,,,,,,,,,,,,,,,,,,,,,,,,,,,,,,,,,,,,,,,,,,,,,,,,,,,,,,,,,,,,,,,,,,,,,,,,,,,,,,,,,,,,,,,,,,,,,,,,,,,,,,,,,,,,,,,,,,,,,,,,,,,,,,,,,,,,,,,,,,,,,,,,,,,,,,,,,,,,,,,,,,,,,,,,,,,,,,,,,,,,,,,,,
1764665235.725821,45188,0,4361.282227,4383.717773,4494.615234,4508.205078,4383.717773,4495.512695,4515.897461,4371.025879,4552.307617,4364.615234,4475.256348,4489.871582,4536.666504,4376.538574,4355,4478.333496,4505.641113,4505.897461,4489.358887,4361.153809,4369.743652,4524.743652,4486.538574,4458.461426,4350.897461,4554.743652,4363.589844,4526.794922,4495.128418,4386.666504,4507.692383,4506.282227,2734,1,25,512,46725,,,,0,4,4,4,4,4,4,4,4,4,4,4,4,4,4,4,4,4,4,4,4,4,4,4,4,4,4,4,4,4,4,4,4,100,,,,,,,,,,,,,,,,,,,,,,,,,,,,,,,,,,,,,,,,,,,,,,,,,,,,,,,,,,,,,,,,,,,,,,,,,,,,,,,,,,,,,,,,,,,,,,,,,,,,,,,,,,,,,,,,,,,,,,,,,,,,,,,,,,,,,,,,,,,,,,,,,,,,,,,,,,,,,,,,,,,,,,,,,,,,,,,,,,,,,,,,,,,,,,,,,,,,,,,,,,,,,,
1764665235.729728,45189,0,4366.538574,4387.563965,4498.205078,4514.615234,4389.743652,4500.128418,4520.384766,4376.922852,4558.333496,4368.205078,4482.692383,4495.256348,4541.922852,4380.897461,4360.128418,4480.256348,4508.974121,4508.333496,4490.128418,4366.153809,4370.128418,4526.538574,4489.487305,4462.179688,4353.333496,4560,4370.897461,4528.717773,4496.538574,4392.179688,4514.358887,4512.05127,2776,1,25,512,46725,,,,0,4,4,4,4,4,4,4,4,4,4,4,4,4,4,4,4,4,4,4,4,4,4,4,4,4,4,4,4,4,4,4,4,100,,,,,,,,,,,,,,,,,,,,,,,,,,,,,,,,,,,27681,0,0.263097,-0.598938,-0.734192,0.181702,0.966915,0.2178,0.043951,22.666666,28,44.333332,,,,,,,,,,,,,,,,,,,,,,,,,,,,,,,,,,,,,,,,,,,,,,,,,,,,,,,,,,,,,,,,,,,,,,,,,,,,,,,,,,,,,,,,,,,,,,,,,,,,,,,,,,,,,,,,,,,,,,,,,,,,,,,,,,,,,,,,,,,,,,,,,,,,,,,,,,,,,,,,
1764665235.733635,45190,0,4376.666504,4396.410156,4508.846191,4525.256348,4399.358887,4509.487305,4530.641113,4386.282227,4570.128418,4375.384766,4493.461426,4505.897461,4552.563965,4388.589844,4370.384766,4488.205078,4518.461426,4518.205078,4496.153809,4375.256348,4375.769043,4535.769043,4497.94873,4472.94873,4369.230957,4570.128418,4382.179688,4537.05127,4501.282227,4402.436035,4523.974121,4521.282227,2787,1,25,768,46733,,,,0,4,4,4,4,4,4,4,4,4,4,4,4,4,4,4,4,4,4,4,4,4,4,4,4,4,4,4,4,4,4,4,4,100,,,,,,,,,,,,,,,,,,,,,,,,,,,,,,,,,,,,,,,,,,,,,,,,,,,,,,,,,,,,,,,,,,,,,,,,,,,,,,,,,,,,,,,,,,,,,,,,,,,,,,,,,,,,,,,,,,,,,,,,,,,,,,,,,,,,,,,,,,,,,,,,,,,,,,,,,,,,,,,,,,,,,,,,,,,,,,,,,,,,,,,,,,,,,,,,,,,,,,,,,,,,,,
1764665235.737542,45191,0,4384.743652,4405,4520,4533.974121,4407.563965,4517.179688,4541.282227,4394.358887,4581.410156,4383.333496,4501.025879,4515.769043,4562.05127,4394.102539,4379.487305,4497.692383,4527.94873,4528.717773,4502.820313,4382.05127,4382.692383,4547.05127,4507.179688,4483.589844,4388.717773,4579.487305,4391.153809,4546.025879,4506.153809,4411.282227,4531.282227,4528.589844,2967,1,25,768,46733,,,,0,4,4,4,4,4,4,4,4,4,4,4,4,4,4,4,4,4,4,4,4,4,4,4,4,4,4,4,4,4,4,4,4,100,,,,,,,,,,,,,,,,,,,,,,,,,,,,,,,,,,,,,,,,,,,,,,,,,,,,,,,,,,,,,,,,,,,,,,,,,,,,,,,,,,,,,,,,,,,,,,,,,,,,,,,,,,,,,,,,,,,,,,,,,,,,,,,,,,,,,,,,,,,,,,,,,,,,,,,,,,,,,,,,,,,,,,,,,,,,,,,,,,,,,,,,,,,,,,,,,,,,,,,,,,,,,,
1764665235.741448,45192,0,4385.384766,4407.820313,4525,4535.512695,4408.846191,4518.077148,4546.794922,4396.538574,4585.897461,4387.436035,4501.025879,4518.717773,4564.358887,4393.077148,4382.05127,4503.846191,4531.922852,4533.077148,4505.769043,4381.282227,4385.769043,4554.102539,4511.410156,4487.94873,4398.717773,4581.538574,4392.692383,4548.974121,4507.436035,4412.436035,4532.179688,4528.974121,2848,1,25,1024,46741,,,,0,4,4,4,4,4,4,4,4,4,4,4,4,4,4,4,4,4,4,4,4,4,4,4,4,4,4,4,4,4,4,4,4,100,,,,,,,,,,,,,,,,,,,,,,,,,,,,,,,,,,,,,,,,,,,,,,,,,,,,,,,,,,,,,,,,,,,,,,,,,,,,,,,,,,,,,,,,,,,,,,,,,,,,,,,,,,,,,,,,,,,,,,,,,,,,,,,,,,,,,,,,,,,,,,,,,,,,,,,,,,,,,,,,,,,,,,,,,,,,,,,,,,,,,,,,,,,,,,,,,,,,,,,,,,,,,,
1764665235.745355,45193,0,4378.589844,4402.820313,4520.769043,4528.974121,4401.922852,4512.692383,4544.487305,4391.153809,4581.282227,4385.128418,4493.589844,4513.077148,4558.461426,4386.538574,4377.94873,4504.615234,4528.846191,4529.487305,4503.717773,4373.461426,4383.205078,4553.974121,4508.205078,4483.974121,4392.563965,4575,4386.153809,4544.230957,4504.358887,4404.358887,4526.153809,4521.538574,2699,1,25,1024,46741,,,,0,4,4,4,4,4,4,4,4,4,4,4,4,4,4,4,4,4,4,4,4,4,4,4,4,4,4,4,4,4,4,4,4,100,,,,,,,,,,,,,,,,,,,,,,,,,,,,,,,,,,,27682,0,0.263055,-0.598938,-0.734192,0.181763,0.985472,0.21194,0.059089,26.166666,28.666666,44.166668,,,,,,,,,,,,,,,,,,,,,,,,,,,,,,,,,,,,,,,,,,,,,,,,,,,,,,,,,,,,,,,,,,,,,,,,,,,,,,,,,,,,,,,,,,,,,,,,,,,,,,,,,,,,,,,,,,,,,,,,,,,,,,,,,,,,,,,,,,,,,,,,,,,,,,,,,,,,,,,,
1764665235.749262,45194,0,4369.358887,4393.333496,4510,4518.717773,4390.769043,4505.512695,4536.410156,4381.410156,4571.025879,4378.205078,4483.077148,4502.436035,4548.461426,4379.358887,4370.897461,4501.282227,4521.922852,4521.794922,4498.974121,4363.974121,4377.307617,4548.205078,4500.256348,4475.512695,4375.641113,4564.358887,4375.897461,4536.153809,4498.974121,4391.538574,4517.05127,4510.128418,2269,1,25,1280,46749,,,,0,4,4,4,4,4,4,4,4,4,4,4,4,4,4,4,4,4,4,4,4,4,4,4,4,4,4,4,4,4,4,4,4,100,,,,,,,,,,,,,,,,,,,,,,,,,,,,,,,,,,,,,,,,,,,,,,,,,,,,,,,,,,,,,,,,,,,,,,,,,,,,,,,,,,,,,,,,,,,,,,,,,,,,,,,,,,,,,,,,,,,,,,,,,,,,,,,,,,,,,,,,,,,,,,,,,,,,,,,,,,,,,,,,,,,,,,,,,,,,,,,,,,,,,,,,,,,,,,,,,,,,,,,,,,,,,,
1764665235.753168,45195,0,4362.94873,4385.256348,4498.974121,4511.025879,4381.410156,4501.538574,4527.436035,4372.436035,4561.666504,4372.05127,4474.487305,4493.589844,4540.256348,4376.025879,4365.128418,4496.794922,4516.538574,4515.769043,4495.128418,4358.461426,4372.692383,4541.410156,4493.205078,4468.846191,4361.153809,4556.410156,4368.205078,4531.153809,4495.128418,4381.666504,4510.384766,4501.153809,2676,1,25,1280,46749,,,,0,4,4,4,4,4,4,4,4,4,4,4,4,4,4,4,4,4,4,4,4,4,4,4,4,4,4,4,4,4,4,4,4,100,,,,,,,,,,,,,,,,,,,,,,,,,,,,,,,,,,,,,,,,,,,,,,,,,,,,,,,,,,,,,,,,,,,,,,,,,,,,,,,,,,,,,,,,,,,,,,,,,,,,,,,,,,,,,,,,,,,,,,,,,,,,,,,,,,,,,,,,,,,,,,,,,,,,,,,,,,,,,,,,,,,,,,,,,,,,,,,,,,,,,,,,,,,,,,,,,,,,,,,,,,,,,,
1764665235.757075,45196,0,4362.307617,4383.333496,4493.717773,4509.871582,4378.717773,4502.692383,4521.538574,4368.333496,4558.461426,4370.641113,4471.153809,4491.666504,4537.05127,4377.05127,4362.436035,4493.205078,4515.769043,4514.358887,4494.102539,4358.974121,4371.922852,4538.717773,4491.666504,4468.589844,4360,4555.512695,4366.922852,4531.794922,4495,4379.487305,4509.615234,4498.974121,2478,1,25,1536,46757,,,,0,4,4,4,4,4,4,4,4,4,4,4,4,4,4,4,4,4,4,4,4,4,4,4,4,4,4,4,4,4,4,4,4,100,,,,,,,,,,,,,,,,,,,,,,,,,,,,,,,,,,,,,,,,,,,,,,,,,,,,,,,,,,,,,,,,,,,,,,,,,,,,,,,,,,,,,,,,,,,,,,,,,,,,,,,,,,,,,,,,,,,,,,,,,,,,,,,,,,,,,,,,,,,,,,,,,,,,,,,,,,,,,,,,,,,,,,,,,,,,,,,,,,,,,,,,,,,,,,,,,,,,,,,,,,,,,,
1764665235.760982,45197,0,4366.410156,4387.05127,4496.538574,4514.743652,4382.563965,4507.05127,4520.384766,4369.743652,4562.307617,4373.461426,4472.179688,4496.538574,4538.333496,4379.871582,4361.922852,4491.153809,4519.487305,4516.922852,4495.384766,4362.94873,4374.743652,4541.666504,4495.512695,4475,4372.436035,4560.769043,4371.410156,4536.282227,4498.077148,4384.358887,4513.589844,4502.820313,2224,1,25,1536,46757,,,,0,4,4,4,4,4,4,4,4,4,4,4,4,4,4,4,4,4,4,4,4,4,4,4,4,4,4,4,4,4,4,4,4,100,,,,,,,,,,,,,,,,,,,,,,,,,,,,,,,,,,,27683,0,0.263269,-0.598938,-0.73407,0.181946,0.985472,0.21194,0.059089,24.5,26.166666,44.5,,,,,,,,,,,,,,,,,,,,,,,,,,,,,,,,,,,,,,,,,,,,,,,,,,,,,,,,,,,,,,,,,,,,,,,,,,,,,,,,,,,,,,,,,,,,,,,,,,,,,,,,,,,,,,,,,,,,,,,,,,,,,,,,,,,,,,,,,,,,,,,,,,,,,,,,,,,,,,,,
1764665235.764889,45198,0,4371.794922,4392.436035,4504.615234,4521.666504,4388.846191,4510.641113,4522.820313,4373.589844,4568.846191,4377.563965,4474.743652,4503.205078,4541.282227,4381.538574,4362.05127,4490.256348,4524.487305,4520.769043,4497.563965,4367.436035,4378.717773,4547.692383,4501.153809,4483.717773,4389.871582,4568.077148,4377.307617,4540.769043,4501.794922,4391.538574,4519.102539,4507.94873,2696,1,25,1792,46764,,,,0,4,4,4,4,4,4,4,4,4,4,4,4,4,4,4,4,4,4,4,4,4,4,4,4,4,4,4,4,4,4,4,4,100,,,,,,,,,,,,,,,,,,,,,,,,,,,,,,,,,,,,,,,,,,,,,,,,,,,,,,,,,,,,,,,,,,,,,,,,,,,,,,,,,,,,,,,,,,,,,,,,,,,,,,,,,,,,,,,,,,,,,,,,,,,,,,,,,,,,,,,,,,,,,,,,,,,,,,,,,,,,,,,,,,,,,,,,,,,,,,,,,,,,,,,,,,,,,,,,,,,,,,,,,,,,,,
1764665235.768795,45199,0,4374.871582,4394.487305,4511.922852,4526.666504,4392.692383,4510.897461,4525.512695,4376.282227,4572.563965,4379.615234,4476.666504,4506.025879,4542.820313,4380.769043,4361.538574,4490.256348,4526.666504,4523.717773,4500.256348,4370.769043,4381.794922,4552.820313,4504.487305,4489.230957,4401.025879,4572.820313,4380.128418,4542.563965,4503.077148,4395.897461,4523.333496,4510.512695,2484,1,25,1792,46764,,,,0,4,4,4,4,4,4,4,4,4,4,4,4,4,4,4,4,4,4,4,4,4,4,4,4,4,4,4,4,4,4,4,4,100,,,,,,,,,,,,,,,,,,,,,,,,,,,,,,,,,,,,,,,,,,,,,,,,,,,,,,,,,,,,,,,,,,,,,,,,,,,,,,,,,,,,,,,,,,,,,,,,,,,,,,,,,,,,,,,,,,,,,,,,,,,,,,,,,,,,,,,,,,,,,,,,,,,,,,,,,,,,,,,,,,,,,,,,,,,,,,,,,,,,,,,,,,,,,,,,,,,,,,,,,,,,,,
1764665235.772702,45200,0,4374.102539,4391.410156,4513.461426,4527.563965,4392.307617,4507.563965,4526.153809,4375.769043,4570.512695,4378.589844,4477.563965,4502.820313,4542.307617,4378.846191,4360.384766,4490.769043,4524.358887,4525.128418,4502.563965,4373.205078,4382.692383,4554.230957,4503.461426,4488.846191,4400.897461,4573.205078,4378.846191,4541.410156,4500.769043,4395.256348,4525.256348,4509.871582,2849,1,25,2048,46772,,,,0,4,4,4,4,4,4,4,4,4,4,4,4,4,4,4,4,4,4,4,4,4,4,4,4,4,4,4,4,4,4,4,4,100,,,,,,,,,,,,,,,,,,,,,,,,,,,,,,,,,,,,,,,,,,,,,,,,,,,,,,,,,,,,,,,,,,,,,,,,,,,,,,,,,,,,,,,,,,,,,,,,,,,,,,,,,,,,,,,,,,,,,,,,,,,,,,,,,,,,,,,,,,,,,,,,,,,,,,,,,,,,,,,,,,,,,,,,,,,,,,,,,,,,,,,,,,,,,,,,,,,,,,,,,,,,,,
1764665235.776609,45201,0,4370.641113,4385.128418,4508.589844,4525.256348,4389.102539,4502.05127,4524.615234,4372.820313,4563.717773,4374.743652,4477.94873,4496.410156,4541.153809,4378.333496,4358.974121,4492.05127,4519.102539,4525.256348,4503.717773,4375.256348,4381.282227,4551.922852,4499.358887,4483.717773,4392.820313,4570.128418,4375.128418,4539.102539,4496.282227,4390.769043,4525,4507.820313,2905,1,25,2048,46772,,,,0,4,4,4,4,4,4,4,4,4,4,4,4,4,4,4,4,4,4,4,4,4,4,4,4,4,4,4,4,4,4,4,4,100,,,,,,,,,,,,,,,,,,,,,,,,,,,,,,,,,,,27684,0,0.262991,-0.59906,-0.73407,0.181946,0.9801,0.210963,0.058601,24,27.833334,42.833332,,,,,,,,,,,,,,,,,,,,,,,,,,,,,,,,,,,,,,,,,,,,,,,,,,,,,,,,,,,,,,,,,,,,,,,,,,,,,,,,,,,,,,,,,,,,,,,,,,,,,,,,,,,,,,,,,,,,,,,,,,,,,,,,,,,,,,,,,,,,,,,,,,,,,,,,,,,,,,,,
1764665235.780516,45202,0,4366.922852,4379.358887,4501.025879,4521.794922,4385.769043,4496.538574,4522.692383,4369.487305,4555.897461,4369.230957,4477.820313,4491.538574,4541.025879,4380.641113,4357.94873,4493.974121,4513.974121,4524.615234,4502.820313,4376.282227,4378.717773,4548.205078,4495.128418,4478.077148,4384.615234,4566.538574,4371.794922,4537.307617,4492.307617,4385.384766,4523.461426,4506.922852,1749,1,25,2304,46780,,,,0,4,4,4,4,4,4,4,4,4,4,4,4,4,4,4,4,4,4,4,4,4,4,4,4,4,4,4,4,4,4,4,4,100,,,,,,,,,,,,,,,,,,,,,,,,,,,,,,,,,,,,,,,,,,,,,,,,,,,,,,,,,,,,,,,,,,,,,,,,,,,,,,,,,,,,,,,,,,,,,,,,,,,,,,,,,,,,,,,,,,,,,,,,,,,,,,,,,,,,,,,,,,,,,,,,,,,,,,,,,,,,,,,,,,,,,,,,,,,,,,,,,,,,,,,,,,,,,,,,,,,,,,,,,,,,,,
1764665235.784422,45203,0,4364.871582,4377.05127,4495.769043,4519.487305,4383.846191,4492.307617,4521.794922,4368.077148,4550.769043,4362.692383,4476.922852,4491.410156,4542.179688,4383.974121,4357.307617,4495.769043,4511.794922,4523.846191,4500.128418,4375.512695,4376.410156,4545.641113,4492.692383,4475.641113,4382.820313,4565.512695,4371.025879,4536.666504,4490.897461,4382.179688,4521.922852,4507.94873,2939,1,25,2304,46780,,,,0,4,4,4,4,4,4,4,4,4,4,4,4,4,4,4,4,4,4,4,4,4,4,4,4,4,4,4,4,4,4,4,4,100,,,,,,,,,,,,,,,,,,,,,,,,,,,,,,,,,,,,,,,,,,,,,,,,,,,,,,,,,,,,,,,,,,,,,,,,,,,,,,,,,,,,,,,,,,,,,,,,,,,,,,,,,,,,,,,,,,,,,,,,,,,,,,,,,,,,,,,,,,,,,,,,,,,,,,,,,,,,,,,,,,,,,,,,,,,,,,,,,,,,,,,,,,,,,,,,,,,,,,,,,,,,,,
1764665235.788329,45204,0,4365.128418,4378.589844,4495.512695,4519.615234,4383.461426,4490.128418,4521.538574,4369.230957,4550.256348,4357.05127,4475.641113,4495.641113,4544.358887,4385.512695,4357.563965,4497.307617,4513.717773,4523.205078,4496.922852,4373.461426,4375.769043,4545.769043,4492.820313,4478.333496,4387.05127,4568.205078,4373.333496,4536.794922,4492.05127,4382.563965,4521.922852,4510.128418,2507,1,25,2304,46788,,,,0,4,4,4,4,4,4,4,4,4,4,4,4,4,4,4,4,4,4,4,4,4,4,4,4,4,4,4,4,4,4,4,4,100,,,,,,,,,,,,,,,,,,,,,,,,,,,,,,,,,,,,,,,,,,,,,,,,,,,,,,,,,,,,,,,,,,,,,,,,,,,,,,,,,,,,,,,,,,,,,,,,,,,,,,,,,,,,,,,,,,,,,,,,,,,,,,,,,,,,,,,,,,,,,,,,,,,,,,,,,,,,,,,,,,,,,,,,,,,,,,,,,,,,,,,,,,,,,,,,,,,,,,,,,,,,,,
1764665235.792236,45205,0,4366.794922,4382.820313,4499.358887,4521.282227,4383.974121,4489.743652,4521.410156,4371.666504,4553.846191,4354.358887,4475.512695,4500.897461,4547.436035,4383.974121,4359.358887,4498.589844,4518.077148,4523.205078,4495.384766,4371.538574,4377.179688,4547.820313,4494.230957,4484.615234,4391.538574,4573.589844,4377.563965,4537.436035,4494.871582,4386.282227,4524.102539,4512.307617,2803,1,25,2304,46788,,,,0,4,4,4,4,4,4,4,4,4,4,4,4,4,4,4,4,4,4,4,4,4,4,4,4,4,4,4,4,4,4,4,4,100,,,,,,,,,,,,,,,,,,,,,,,,,,,,,,,,,,,27685,0,0.262874,-0.599243,-0.733887,0.182251,0.97131,0.209987,0.053717,24,27.833334,42.833332,,,,,,,,,,,,,,,,,,,,,,,,,,,,,,,,,,,,,,,,,,,,,,,,,,,,,,,,,,,,,,,,,,,,,,,,,,,,,,,,,,,,,,,,,,,,,,,,,,,,,,,,,,,,,,,,,,,,,,,,,,,,,,,,,,,,,,,,,,,,,,,,,,,,,,,,,,,,,,,,
1764665235.796142,45206,0,4368.461426,4386.922852,4503.717773,4521.922852,4383.589844,4490.897461,4520.769043,4373.333496,4558.846191,4356.153809,4477.307617,4503.717773,4550.897461,4381.153809,4362.692383,4499.615234,4521.794922,4523.846191,4496.794922,4371.538574,4379.230957,4549.487305,4495.384766,4490.512695,4389.871582,4578.974121,4381.666504,4538.461426,4497.05127,4390.512695,4527.307617,4513.461426,2915,1,25,1024,46796,,,,0,4,4,4,4,4,4,4,4,4,4,4,4,4,4,4,4,4,4,4,4,4,4,4,4,4,4,4,4,4,4,4,4,100,,,,,,,,,,,,,,,,,,,,,,,,,,,,,,,,,,,,,,,,,,,,,,,,,,,,,,,,,,,,,,,,,,,,,,,,,,,,,,,,,,,,,,,,,,,,,,,,,,,,,,,,,,,,,,,,,,,,,,,,,,,,,,,,,,,,,,,,,,,,,,,,,,,,,,,,,,,,,,,,,,,,,,,,,,,,,,,,,,,,,,,,,,,,,,,,,,,,,,,,,,,,,,
1764665235.800049,45207,0,4368.461426,4388.205078,4504.871582,4519.358887,4381.410156,4492.692383,4519.487305,4373.333496,4562.179688,4361.538574,4480.256348,4501.666504,4553.717773,4379.102539,4366.538574,4500.384766,4521.538574,4524.743652,4499.871582,4373.333496,4379.871582,4548.333496,4494.102539,4491.794922,4380.384766,4581.153809,4383.589844,4539.102539,4497.179688,4391.666504,4528.846191,4512.94873,2830,1,25,1024,46796,,,,0,4,4,4,4,4,4,4,4,4,4,4,4,4,4,4,4,4,4,4,4,4,4,4,4,4,4,4,4,4,4,4,4,100,,,,,,,,,,,,,,,,,,,,,,,,,,,,,,,,,,,,,,,,,,,,,,,,,,,,,,,,,,,,,,,,,,,,,,,,,,,,,,,,,,,,,,,,,,,,,,,,,,,,,,,,,,,,,,,,,,,,,,,,,,,,,,,,,,,,,,,,,,,,,,,,,,,,,,,,,,,,,,,,,,,,,,,,,,,,,,,,,,,,,,,,,,,,,,,,,,,,,,,,,,,,,,
1764665235.803956,45208,0,4365.897461,4385.641113,4501.282227,4513.717773,4377.820313,4492.94873,4516.922852,4371.922852,4562.179688,4368.333496,4482.692383,4495.384766,4554.743652,4378.974121,4369.358887,4500.897461,4517.307617,4525.256348,4502.05127,4374.615234,4377.563965,4543.589844,4489.871582,4487.307617,4368.077148,4578.461426,4382.307617,4538.846191,4495,4388.717773,4526.794922,4510.512695,2757,1,25,1024,46803,,,,0,4,4,4,4,4,4,4,4,4,4,4,4,4,4,4,4,4,4,4,4,4,4,4,4,4,4,4,4,4,4,4,4,100,,,,,,,,,,,,,,,,,,,,,,,,,,,,,,,,,,,,,,,,,,,,,,,,,,,,,,,,,,,,,,,,,,,,,,,,,,,,,,,,,,,,,,,,,,,,,,,,,,,,,,,,,,,,,,,,,,,,,,,,,,,,,,,,,,,,,,,,,,,,,,,,,,,,,,,,,,,,,,,,,,,,,,,,,,,,,,,,,,,,,,,,,,,,,,,,,,,,,,,,,,,,,,
1764665235.807863,45209,0,4362.05127,4380.641113,4495.512695,4507.94873,4374.871582,4490.641113,4513.717773,4370.769043,4559.871582,4374.230957,4483.205078,4487.820313,4553.461426,4379.615234,4370.512695,4501.282227,4511.794922,4524.615234,4500.769043,4373.717773,4373.333496,4537.692383,4484.358887,4478.974121,4361.025879,4572.436035,4378.717773,4537.05127,4491.538574,4383.333496,4521.794922,4506.922852,2810,1,25,1024,46803,,,,0,4,4,4,4,4,4,4,4,4,4,4,4,4,4,4,4,4,4,4,4,4,4,4,4,4,4,4,4,4,4,4,4,100,,,,,,,,,,,,,,,,,,,,,,,,,,,,,,,,,,,27686,0,0.262734,-0.599304,-0.733887,0.182251,0.97131,0.21487,0.055671,23,27.666666,44.666668,,,,,,,,,,,,,,,,,,,,,,,,,,,,,,,,,,,,,,,,,,,,,,,,,,,,,,,,,,,,,,,,,,,,,,,,,,,,,,,,,,,,,,,,,,,,,,,,,,,,,,,,,,,,,,,,,,,,,,,,,,,,,,,,,,,,,,,,,,,,,,,,,,,,,,,,,,,,,,,,
1764665235.811769,45210,0,4358.333496,4375.897461,4490.769043,4504.871582,4373.846191,4486.153809,4510.769043,4370.256348,4556.922852,4377.05127,4481.794922,4482.179688,4549.871582,4379.871582,4370.256348,4500.897461,4508.077148,4522.307617,4496.025879,4370.641113,4368.974121,4533.589844,4479.615234,4470.641113,4363.974121,4566.153809,4374.358887,4533.333496,4488.589844,4378.717773,4516.025879,4503.461426,1949,1,25,1280,46811,,,,0,4,4,4,4,4,4,4,4,4,4,4,4,4,4,4,4,4,4,4,4,4,4,4,4,4,4,4,4,4,4,4,4,100,,,,,,,,,,,,,,,,,,,,,,,,,,,,,,,,,,,,,,,,,,,,,,,4.019879,0.827283,0.682221,0.750542,0.385121,5.97119,1.032607,1.086607,0.6355,0.349856,4.215855,1.106559,0.938935,0.764744,0.54924,2.219298,0.980012,0.627463,0.590407,0.460181,5.57444,1.243739,1.098758,0.711177,0.414197,5.350749,1.093942,0.961882,0.686215,0.423715,3.196922,0.869138,0.781293,0.782145,0.480159,2.679935,0.852863,0.822045,0.70495,0.483019,1.782084,0.995007,0.729752,0.621423,0.525015,1.406032,1.946523,1.172813,1.515797,1.14659,1.310402,0.772279,0.32983,0.477516,0.472794,4.126022,1.320017,0.808743,0.655212,0.377531,1.75302,1.782537,0.686889,0.917446,0.359537,1.461648,0.498641,0.389107,0.49161,0.225034,0.408685,0.521736,0.230638,0.913066,0.381226,0.392743,2.118871,0.615629,0.753202,0.316954,3.013374,2.134464,0.751932,1.003254,0.405834,1.578922,2.586167,0.799851,0.954263,0.377346,0.604653,0.977348,0.480588,0.695202,0.211172,1.207789,0.393212,0.767725,0.918793,0.290212,1.517632,1.195351,0.848003,0.938196,0.288402,2.606313,1.572534,0.925054,1.031357,0.330246,3.020445,0.604129,0.905995,0.851088,0.329171,2.83935,1.290544,1.065879,0.903787,0.439449,2.597835,1.211646,2.332792,1.142045,0.991825,2.574221,0.971316,0.665633,0.721135,0.331235,3.549285,0.683543,0.974827,1.040081,0.43379,4.128009,1.010337,1.224414,0.899448,0.447803,2.838117,0.407741,0.591847,0.356687,0.214538,5.317836,0.734783,1.175361,0.906794,0.456078,4.462464,0.898203,1.315016,0.928504,0.497654,4.661623,0.831299,1.077517,0.908049,0.500736
1764665235.815676,45211,0,4356.025879,4372.692383,4488.461426,4504.743652,4374.487305,4481.410156,4508.333496,4369.615234,4554.743652,4375.512695,4478.974121,4479.615234,4544.230957,4378.717773,4369.615234,4498.974121,4506.666504,4518.461426,4490,4366.922852,4366.025879,4532.563965,4476.538574,4464.871582,4374.230957,4561.666504,4369.615234,4528.589844,4487.05127,4376.282227,4510.897461,4500.641113,2627,1,25,1280,46811,,,,0,4,4,4,4,4,4,4,4,4,4,4,4,4,4,4,4,4,4,4,4,4,4,4,4,4,4,4,4,4,4,4,4,100,,,,,,,,,,,,,,,,,,,,,,,,,,,,,,,,,,,,,,,,,,,,,,,,,,,,,,,,,,,,,,,,,,,,,,,,,,,,,,,,,,,,,,,,,,,,,,,,,,,,,,,,,,,,,,,,,,,,,,,,,,,,,,,,,,,,,,,,,,,,,,,,,,,,,,,,,,,,,,,,,,,,,,,,,,,,,,,,,,,,,,,,,,,,,,,,,,,,,,,,,,,,,,
1764665235.819583,45212,0,4355,4370.897461,4487.94873,4505.897461,4375,4478.974121,4506.282227,4367.436035,4553.077148,4370.256348,4475.769043,4479.230957,4538.333496,4376.922852,4369.230957,4495.384766,4506.282227,4514.230957,4485.897461,4364.102539,4364.487305,4532.820313,4474.743652,4461.538574,4384.615234,4559.102539,4365,4523.846191,4486.666504,4375.641113,4507.436035,4499.102539,2686,1,25,1280,46819,,,,0,4,4,4,4,4,4,4,4,4,4,4,4,4,4,4,4,4,4,4,4,4,4,4,4,4,4,4,4,4,4,4,4,100,,,,,,,,,,,,,,,,,,,,,,,,,,,,,,,,,,,,,,,,,,,,,,,,,,,,,,,,,,,,,,,,,,,,,,,,,,,,,,,,,,,,,,,,,,,,,,,,,,,,,,,,,,,,,,,,,,,,,,,,,,,,,,,,,,,,,,,,,,,,,,,,,,,,,,,,,,,,,,,,,,,,,,,,,,,,,,,,,,,,,,,,,,,,,,,,,,,,,,,,,,,,,,
1764665235.823489,45213,0,4354.743652,4370.769043,4488.077148,4506.794922,4375.128418,4479.743652,4503.974121,4364.358887,4552.307617,4364.615234,4473.461426,4479.871582,4534.743652,4375.897461,4369.743652,4491.410156,4505.769043,4511.153809,4485.256348,4362.692383,4363.846191,4532.05127,4474.230957,4459.102539,4388.205078,4557.820313,4361.794922,4520.769043,4487.05127,4375.641113,4506.538574,4499.358887,2510,1,25,1280,46819,,,,0,4,4,4,4,4,4,4,4,4,4,4,4,4,4,4,4,4,4,4,4,4,4,4,4,4,4,4,4,4,4,4,4,100,,,,,,,,,,,,,,,,,,,,,,,,,,,,,,,,,,,27687,0,0.262553,-0.599365,-0.733887,0.182312,0.978635,0.204615,0.051764,24.666666,27.666666,44.333332,,,,,,,,,,,,,,,,,,,,,,,,,,,,,,,,,,,,,,,,,,,,,,,,,,,,,,,,,,,,,,,,,,,,,,,,,,,,,,,,,,,,,,,,,,,,,,,,,,,,,,,,,,,,,,,,,,,,,,,,,,,,,,,,,,,,,,,,,,,,,,,,,,,,,,,,,,,,,,,,
1764665235.827396,45214,0,4355,4373.077148,4488.589844,4507.436035,4375.897461,4483.717773,4502.05127,4362.179688,4552.94873,4362.563965,4473.205078,4481.025879,4534.871582,4376.153809,4370.897461,4488.333496,4505.256348,4509.871582,4486.922852,4361.922852,4363.846191,4529.102539,4475.384766,4456.922852,4383.333496,4557.692383,4361.538574,4519.871582,4487.820313,4376.153809,4508.333496,4501.282227,2650,1,25,1536,46827,,,,0,4,4,4,4,4,4,4,4,4,4,4,4,4,4,4,4,4,4,4,4,4,4,4,4,4,4,4,4,4,4,4,4,100,,,,,,,,,,,,,,,,,,,,,,,,,,,,,,,,,,,,,,,,,,,,,,,,,,,,,,,,,,,,,,,,,,,,,,,,,,,,,,,,,,,,,,,,,,,,,,,,,,,,,,,,,,,,,,,,,,,,,,,,,,,,,,,,,,,,,,,,,,,,,,,,,,,,,,,,,,,,,,,,,,,,,,,,,,,,,,,,,,,,,,,,,,,,,,,,,,,,,,,,,,,,,,
1764665235.831303,45215,0,4356.153809,4377.179688,4489.743652,4508.461426,4378.077148,4489.358887,4501.410156,4362.94873,4554.743652,4365.384766,4475.128418,4482.820313,4537.179688,4376.410156,4371.153809,4486.538574,4504.743652,4509.102539,4488.333496,4361.025879,4364.358887,4525.384766,4477.820313,4455.769043,4374.102539,4558.589844,4364.358887,4520.769043,4488.846191,4377.820313,4511.922852,4503.974121,2825,1,25,1536,46827,,,,0,4,4,4,4,4,4,4,4,4,4,4,4,4,4,4,4,4,4,4,4,4,4,4,4,4,4,4,4,4,4,4,4,100,,,,,,,,,,,,,,,,,,,,,,,,,,,,,,,,,,,,,,,,,,,,,,,,,,,,,,,,,,,,,,,,,,,,,,,,,,,,,,,,,,,,,,,,,,,,,,,,,,,,,,,,,,,,,,,,,,,,,,,,,,,,,,,,,,,,,,,,,,,,,,,,,,,,,,,,,,,,,,,,,,,,,,,,,,,,,,,,,,,,,,,,,,,,,,,,,,,,,,,,,,,,,,
1764665235.835210,45216,0,4358.974121,4382.179688,4492.179688,4510.641113,4381.794922,4494.487305,4502.820313,4366.794922,4556.794922,4370.641113,4477.436035,4485.384766,4538.846191,4375.128418,4368.846191,4485.256348,4504.358887,4507.820313,4487.820313,4360.384766,4365.384766,4523.589844,4480.128418,4457.05127,4367.05127,4560.384766,4368.717773,4522.307617,4489.871582,4380.897461,4515.769043,4505.897461,2769,1,25,256,46835,,,,0,4,4,4,4,4,4,4,4,4,4,4,4,4,4,4,4,4,4,4,4,4,4,4,4,4,4,4,4,4,4,4,4,100,,,,,,,,,,,,,,,,,,,,,,,,,,,,,,,,,,,,,,,,,,,,,,,,,,,,,,,,,,,,,,,,,,,,,,,,,,,,,,,,,,,,,,,,,,,,,,,,,,,,,,,,,,,,,,,,,,,,,,,,,,,,,,,,,,,,,,,,,,,,,,,,,,,,,,,,,,,,,,,,,,,,,,,,,,,,,,,,,,,,,,,,,,,,,,,,,,,,,,,,,,,,,,
1764665235.839116,45217,0,4363.846191,4387.05127,4496.410156,4514.102539,4385.769043,4497.692383,4506.666504,4372.05127,4558.717773,4374.871582,4478.461426,4488.846191,4538.205078,4372.179688,4363.461426,4483.717773,4503.974121,4506.282227,4486.025879,4361.410156,4367.436035,4525.512695,4481.410156,4460.769043,4367.05127,4562.94873,4372.820313,4523.974121,4491.025879,4384.743652,4519.102539,4506.666504,2939,1,25,256,46835,,,,0,4,4,4,4,4,4,4,4,4,4,4,4,4,4,4,4,4,4,4,4,4,4,4,4,4,4,4,4,4,4,4,4,100,,,,,,,,,,,,,,,,,,,,,,,,,,,,,,,,,,,27688,0,0.26265,-0.599304,-0.733887,0.182373,0.966915,0.210475,0.033696,25.5,28.333334,44.666668,,,,,,,,,,,,,,,,,,,,,,,,,,,,,,,,,,,,,,,,,,,,,,,,,,,,,,,,,,,,,,,,,,,,,,,,,,,,,,,,,,,,,,,,,,,,,,,,,,,,,,,,,,,,,,,,,,,,,,,,,,,,,,,,,,,,,,,,,,,,,,,,,,,,,,,,,,,,,,,,
1764665235.843023,45218,0,4369.487305,4391.538574,4502.179688,4518.974121,4389.615234,4499.871582,4512.307617,4377.307617,4561.666504,4377.307617,4478.461426,4492.94873,4536.794922,4369.487305,4356.538574,4482.436035,4503.974121,4505.897461,4484.871582,4365,4371.025879,4531.282227,4482.563965,4466.282227,4374.871582,4565.769043,4376.153809,4526.282227,4492.563965,4388.333496,4521.794922,4508.333496,2608,1,25,512,46842,,,,0,4,4,4,4,4,4,4,4,4,4,4,4,4,4,4,4,4,4,4,4,4,4,4,4,4,4,4,4,4,4,4,4,100,,,,,,,,,,,,,,,,,,,,,,,,,,,,,,,,,,,,,,,,,,,,,,,,,,,,,,,,,,,,,,,,,,,,,,,,,,,,,,,,,,,,,,,,,,,,,,,,,,,,,,,,,,,,,,,,,,,,,,,,,,,,,,,,,,,,,,,,,,,,,,,,,,,,,,,,,,,,,,,,,,,,,,,,,,,,,,,,,,,,,,,,,,,,,,,,,,,,,,,,,,,,,,
1764665235.846930,45219,0,4374.743652,4395.641113,4508.717773,4524.102539,4393.974121,4503.205078,4518.974121,4382.563965,4566.153809,4380,4479.487305,4497.563965,4537.436035,4369.230957,4351.666504,4482.820313,4506.282227,4508.461426,4486.538574,4370.512695,4375.769043,4539.743652,4486.025879,4471.794922,4386.794922,4568.461426,4379.102539,4530.128418,4495.384766,4391.282227,4524.358887,4512.692383,2869,1,25,512,46842,,,,0,4,4,4,4,4,4,4,4,4,4,4,4,4,4,4,4,4,4,4,4,4,4,4,4,4,4,4,4,4,4,4,4,100,,,,,,,,,,,,,,,,,,,,,,,,,,,,,,,,,,,,,,,,,,,,,,,,,,,,,,,,,,,,,,,,,,,,,,,,,,,,,,,,,,,,,,,,,,,,,,,,,,,,,,,,,,,,,,,,,,,,,,,,,,,,,,,,,,,,,,,,,,,,,,,,,,,,,,,,,,,,,,,,,,,,,,,,,,,,,,,,,,,,,,,,,,,,,,,,,,,,,,,,,,,,,,
1764665235.850837,45220,0,4378.589844,4399.615234,4514.743652,4528.077148,4399.358887,4508.333496,4525.256348,4387.436035,4571.410156,4384.487305,4482.94873,4502.563965,4541.922852,4371.794922,4351.666504,4485.897461,4512.05127,4513.846191,4491.410156,4375.897461,4380.512695,4549.102539,4493.333496,4476.282227,4397.179688,4571.282227,4382.179688,4535.512695,4499.615234,4393.846191,4526.538574,4519.358887,2757,1,25,768,46850,,,,0,4,4,4,4,4,4,4,4,4,4,4,4,4,4,4,4,4,4,4,4,4,4,4,4,4,4,4,4,4,4,4,4,100,,,,,,,,,,,,,,,,,,,,,,,,,,,,,,,,,,,,,,,,,,,,,,,,,,,,,,,,,,,,,,,,,,,,,,,,,,,,,,,,,,,,,,,,,,,,,,,,,,,,,,,,,,,,,,,,,,,,,,,,,,,,,,,,,,,,,,,,,,,,,,,,,,,,,,,,,,,,,,,,,,,,,,,,,,,,,,,,,,,,,,,,,,,,,,,,,,,,,,,,,,,,,,
1764665235.854743,45221,0,4380.512695,4402.563965,4518.333496,4529.615234,4404.743652,4513.461426,4529.743652,4390.641113,4574.358887,4388.077148,4487.563965,4507.05127,4549.102539,4375.769043,4356.153809,4490.769043,4519.615234,4520.128418,4497.179688,4378.846191,4383.589844,4556.538574,4502.820313,4478.846191,4401.666504,4573.717773,4384.871582,4541.153809,4504.230957,4396.153809,4527.94873,4525.128418,2797,1,25,768,46850,,,,0,4,4,4,4,4,4,4,4,4,4,4,4,4,4,4,4,4,4,4,4,4,4,4,4,4,4,4,4,4,4,4,4,100,,,,,,,,,,,,,,,,,,,,,,,,,,,,,,,,,,,27689,0,0.262553,-0.599365,-0.733887,0.182312,0.973752,0.219753,0.042486,24.166666,26.833334,43.5,,,,,,,,,,,,,,,,,,,,,,,,,,,,,,,,,,,,,,,,,,,,,,,,,,,,,,,,,,,,,,,,,,,,,,,,,,,,,,,,,,,,,,,,,,,,,,,,,,,,,,,,,,,,,,,,,,,,,,,,,,,,,,,,,,,,,,,,,,,,,,,,,,,,,,,,,,,,,,,,
1764665235.858650,45222,0,4380.384766,4403.461426,4517.179688,4528.205078,4407.436035,4515.769043,4531.025879,4390.769043,4572.179688,4385.897461,4490,4509.358887,4555.384766,4377.820313,4361.282227,4494.102539,4525.641113,4523.846191,4501.153809,4378.333496,4383.461426,4559.487305,4510.384766,4479.487305,4399.615234,4574.743652,4386.025879,4544.743652,4506.922852,4397.94873,4527.692383,4525.897461,2801,1,25,1024,46858,,,,0,4,4,4,4,4,4,4,4,4,4,4,4,4,4,4,4,4,4,4,4,4,4,4,4,4,4,4,4,4,4,4,4,100,,,,,,,,,,,,,,,,,,,,,,,,,,,,,,,,,,,,,,,,,,,,,,,,,,,,,,,,,,,,,,,,,,,,,,,,,,,,,,,,,,,,,,,,,,,,,,,,,,,,,,,,,,,,,,,,,,,,,,,,,,,,,,,,,,,,,,,,,,,,,,,,,,,,,,,,,,,,,,,,,,,,,,,,,,,,,,,,,,,,,,,,,,,,,,,,,,,,,,,,,,,,,,
1764665235.862557,45223,0,4378.333496,4401.153809,4511.153809,4525.128418,4405.384766,4513.974121,4528.974121,4386.794922,4565.512695,4377.179688,4487.94873,4508.205078,4557.436035,4376.153809,4362.94873,4493.333496,4527.05127,4523.333496,4501.282227,4375.641113,4380.384766,4557.307617,4512.307617,4479.102539,4393.974121,4573.589844,4385,4544.487305,4506.410156,4398.333496,4525.897461,4520.897461,2988,1,25,1024,46858,,,,0,4,4,4,4,4,4,4,4,4,4,4,4,4,4,4,4,4,4,4,4,4,4,4,4,4,4,4,4,4,4,4,4,100,,,,,,,,,,,,,,,,,,,,,,,,,,,,,,,,,,,,,,,,,,,,,,,,,,,,,,,,,,,,,,,,,,,,,,,,,,,,,,,,,,,,,,,,,,,,,,,,,,,,,,,,,,,,,,,,,,,,,,,,,,,,,,,,,,,,,,,,,,,,,,,,,,,,,,,,,,,,,,,,,,,,,,,,,,,,,,,,,,,,,,,,,,,,,,,,,,,,,,,,,,,,,,
1764665235.866463,45224,0,4376.282227,4396.666504,4503.077148,4522.436035,4399.358887,4509.871582,4525.256348,4380.512695,4558.589844,4367.179688,4482.436035,4504.102539,4555.384766,4372.05127,4360.128418,4489.358887,4525,4519.871582,4498.846191,4372.94873,4376.794922,4552.692383,4508.846191,4479.615234,4389.102539,4571.282227,4382.692383,4541.153809,4503.974121,4396.922852,4523.974121,4512.820313,2877,1,25,1280,46866,,,,0,4,4,4,4,4,4,4,4,4,4,4,4,4,4,4,4,4,4,4,4,4,4,4,4,4,4,4,4,4,4,4,4,100,,,,,,,,,,,,,,,,,,,,,,,,,,,,,,,,,,,,,,,,,,,,,,,,,,,,,,,,,,,,,,,,,,,,,,,,,,,,,,,,,,,,,,,,,,,,,,,,,,,,,,,,,,,,,,,,,,,,,,,,,,,,,,,,,,,,,,,,,,,,,,,,,,,,,,,,,,,,,,,,,,,,,,,,,,,,,,,,,,,,,,,,,,,,,,,,,,,,,,,,,,,,,,
1764665235.870370,45225,0,4376.666504,4392.692383,4497.94873,4521.538574,4393.077148,4507.05127,4522.563965,4375.128418,4555,4362.563965,4476.922852,4499.615234,4552.307617,4368.717773,4355.641113,4486.153809,4524.102539,4516.922852,4496.922852,4372.179688,4375.769043,4549.615234,4504.102539,4483.077148,4387.563965,4570.128418,4380.897461,4538.461426,4502.05127,4393.974121,4523.333496,4506.538574,2724,1,25,1280,46866,,,,0,4,4,4,4,4,4,4,4,4,4,4,4,4,4,4,4,4,4,4,4,4,4,4,4,4,4,4,4,4,4,4,4,100,,,,,,,,,,,,,,,,,,,,,,,,,,,,,,,,,,,27690,0,0.262424,-0.599365,-0.733948,0.182251,0.973752,0.219753,0.042486,23.833334,28.833334,43.5,,,,,,,,,,,,,,,,,,,,,,,,,,,,,,,,,,,,,,,,,,,,,,,,,,,,,,,,,,,,,,,,,,,,,,,,,,,,,,,,,,,,,,,,,,,,,,,,,,,,,,,,,,,,,,,,,,,,,,,,,,,,,,,,,,,,,,,,,,,,,,,,,,,,,,,,,,,,,,,,
1764665235.874277,45226,0,4379.615234,4391.025879,4497.820313,4522.436035,4389.615234,4507.436035,4521.794922,4373.717773,4555.256348,4365.512695,4473.974121,4497.179688,4551.025879,4368.205078,4353.077148,4486.666504,4527.436035,4517.179688,4497.436035,4373.333496,4378.333496,4550.897461,4502.307617,4489.102539,4387.820313,4571.282227,4381.153809,4539.230957,4501.794922,4390.641113,4523.717773,4504.743652,2290,1,25,1536,46874,,,,0,4,4,4,4,4,4,4,4,4,4,4,4,4,4,4,4,4,4,4,4,4,4,4,4,4,4,4,4,4,4,4,4,100,,,,,,,,,,,,,,,,,,,,,,,,,,,,,,,,,,,,,,,,,,,,,,,,,,,,,,,,,,,,,,,,,,,,,,,,,,,,,,,,,,,,,,,,,,,,,,,,,,,,,,,,,,,,,,,,,,,,,,,,,,,,,,,,,,,,,,,,,,,,,,,,,,,,,,,,,,,,,,,,,,,,,,,,,,,,,,,,,,,,,,,,,,,,,,,,,,,,,,,,,,,,,,
1764665235.878184,45227,0,4383.077148,4391.666504,4500.769043,4523.717773,4389.487305,4509.358887,4522.692383,4376.538574,4555.897461,4371.922852,4473.717773,4497.692383,4552.307617,4369.743652,4353.589844,4490.256348,4533.974121,4520.128418,4499.358887,4375.128418,4382.563965,4556.282227,4505.256348,4494.871582,4387.307617,4573.846191,4383.333496,4543.846191,4502.820313,4388.205078,4524.358887,4506.666504,2708,1,25,1536,46874,,,,0,4,4,4,4,4,4,4,4,4,4,4,4,4,4,4,4,4,4,4,4,4,4,4,4,4,4,4,4,4,4,4,4,100,,,,,,,,,,,,,,,,,,,,,,,,,,,,,,,,,,,,,,,,,,,,,,,,,,,,,,,,,,,,,,,,,,,,,,,,,,,,,,,,,,,,,,,,,,,,,,,,,,,,,,,,,,,,,,,,,,,,,,,,,,,,,,,,,,,,,,,,,,,,,,,,,,,,,,,,,,,,,,,,,,,,,,,,,,,,,,,,,,,,,,,,,,,,,,,,,,,,,,,,,,,,,,
1764665235.882090,45228,0,4384.743652,4392.94873,4502.820313,4523.717773,4390.641113,4510.512695,4523.846191,4381.153809,4554.102539,4376.153809,4475,4500.641113,4555.384766,4371.410156,4356.410156,4493.717773,4540.512695,4523.077148,4500.897461,4376.282227,4385.769043,4563.333496,4511.282227,4497.820313,4384.871582,4575.256348,4386.666504,4550,4503.461426,4387.692383,4524.358887,4509.230957,2506,1,25,1792,46882,,,,0,4,4,4,4,4,4,4,4,4,4,4,4,4,4,4,4,4,4,4,4,4,4,4,4,4,4,4,4,4,4,4,4,100,,,,,,,,,,,,,,,,,,,,,,,,,,,,,,,,,,,,,,,,,,,,,,,,,,,,,,,,,,,,,,,,,,,,,,,,,,,,,,,,,,,,,,,,,,,,,,,,,,,,,,,,,,,,,,,,,,,,,,,,,,,,,,,,,,,,,,,,,,,,,,,,,,,,,,,,,,,,,,,,,,,,,,,,,,,,,,,,,,,,,,,,,,,,,,,,,,,,,,,,,,,,,,
1764665235.885997,45229,0,4384.487305,4393.589844,4501.538574,4522.563965,4391.153809,4509.871582,4525.128418,4384.358887,4550,4376.025879,4476.538574,4504.871582,4559.230957,4372.820313,4360.128418,4494.871582,4543.589844,4524.615234,4500.897461,4376.922852,4386.538574,4569.230957,4517.05127,4497.436035,4383.461426,4574.615234,4389.871582,4555.384766,4502.94873,4389.487305,4523.974121,4510,2248,1,25,1792,46882,,,,0,4,4,4,4,4,4,4,4,4,4,4,4,4,4,4,4,4,4,4,4,4,4,4,4,4,4,4,4,4,4,4,4,100,,,,,,,,,,,,,,,,,,,,,,,,,,,,,,,,,,,27691,0,0.262704,-0.599243,-0.733887,0.182495,0.9801,0.21487,0.042974,23.833334,28.833334,42.666668,,,,,,,,,,,,,,,,,,,,,,,,,,,,,,,,,,,,,,,,,,,,,,,,,,,,,,,,,,,,,,,,,,,,,,,,,,,,,,,,,,,,,,,,,,,,,,,,,,,,,,,,,,,,,,,,,,,,,,,,,,,,,,,,,,,,,,,,,,,,,,,,,,,,,,,,,,,,,,,,
1764665235.889904,45230,0,4383.461426,4392.94873,4497.692383,4521.282227,4389.487305,4508.461426,4526.025879,4384.487305,4545.897461,4373.846191,4477.563965,4508.717773,4563.205078,4374.615234,4363.333496,4493.974121,4543.077148,4524.871582,4500.769043,4377.94873,4385.512695,4571.666504,4519.743652,4495.384766,4386.922852,4572.179688,4392.436035,4558.205078,4501.538574,4391.794922,4523.205078,4508.589844,2729,1,25,2048,46889,,,,0,4,4,4,4,4,4,4,4,4,4,4,4,4,4,4,4,4,4,4,4,4,4,4,4,4,4,4,4,4,4,4,4,100,,,,,,,,,,,,,,,,,,,,,,,,,,,,,,,,,,,,,,,,,,,,,,,,,,,,,,,,,,,,,,,,,,,,,,,,,,,,,,,,,,,,,,,,,,,,,,,,,,,,,,,,,,,,,,,,,,,,,,,,,,,,,,,,,,,,,,,,,,,,,,,,,,,,,,,,,,,,,,,,,,,,,,,,,,,,,,,,,,,,,,,,,,,,,,,,,,,,,,,,,,,,,,
1764665235.893811,45231,0,4382.820313,4390.641113,4493.974121,4520.769043,4386.282227,4507.820313,4526.153809,4381.922852,4544.743652,4373.461426,4478.461426,4510.384766,4566.794922,4377.436035,4365.384766,4492.692383,4541.025879,4524.743652,4501.794922,4378.974121,4383.974121,4569.358887,4518.461426,4493.461426,4395.897461,4569.615234,4393.717773,4557.563965,4500.384766,4392.179688,4521.794922,4506.153809,2512,1,25,2048,46889,,,,0,4,4,4,4,4,4,4,4,4,4,4,4,4,4,4,4,4,4,4,4,4,4,4,4,4,4,4,4,4,4,4,4,100,,,,,,,,,,,,,,,,,,,,,,,,,,,,,,,,,,,,,,,,,,,,,,,,,,,,,,,,,,,,,,,,,,,,,,,,,,,,,,,,,,,,,,,,,,,,,,,,,,,,,,,,,,,,,,,,,,,,,,,,,,,,,,,,,,,,,,,,,,,,,,,,,,,,,,,,,,,,,,,,,,,,,,,,,,,,,,,,,,,,,,,,,,,,,,,,,,,,,,,,,,,,,,
1764665235.897717,45232,0,4382.563965,4387.563965,4493.333496,4521.282227,4383.333496,4508.205078,4524.743652,4379.230957,4547.563965,4376.666504,4480.128418,4509.487305,4569.615234,4381.025879,4366.538574,4492.692383,4540,4524.871582,4504.230957,4379.102539,4383.205078,4563.717773,4514.615234,4492.820313,4407.179688,4568.974121,4393.205078,4554.230957,4500.384766,4389.743652,4520.384766,4504.358887,2880,1,25,2304,46897,,,,0,4,4,4,4,4,4,4,4,4,4,4,4,4,4,4,4,4,4,4,4,4,4,4,4,4,4,4,4,4,4,4,4,100,,,,,,,,,,,,,,,,,,,,,,,,,,,,,,,,,,,,,,,,,,,,,,,,,,,,,,,,,,,,,,,,,,,,,,,,,,,,,,,,,,,,,,,,,,,,,,,,,,,,,,,,,,,,,,,,,,,,,,,,,,,,,,,,,,,,,,,,,,,,,,,,,,,,,,,,,,,,,,,,,,,,,,,,,,,,,,,,,,,,,,,,,,,,,,,,,,,,,,,,,,,,,,
1764665235.901624,45233,0,4382.563965,4385.384766,4496.794922,4522.436035,4382.820313,4509.102539,4522.94873,4379.102539,4553.461426,4382.05127,4484.230957,4508.205078,4572.179688,4385,4368.589844,4494.487305,4541.025879,4525.384766,4507.179688,4378.974121,4384.358887,4558.205078,4510.641113,4493.589844,4415.384766,4572.05127,4391.794922,4550.256348,4501.410156,4386.666504,4520.256348,4504.615234,2937,1,25,2304,46897,,,,0,4,4,4,4,4,4,4,4,4,4,4,4,4,4,4,4,4,4,4,4,4,4,4,4,4,4,4,4,4,4,4,4,100,,,,,,,,,,,,,,,,,,,,,,,,,,,,,,,,,,,27692,0,0.262715,-0.599182,-0.733948,0.182434,0.979612,0.219753,0.031254,24.666666,28.333334,44.333332,,,,,,,,,,,,,,,,,,,,,,,,,,,,,,,,,,,,,,,,,,,,,,,,,,,,,,,,,,,,,,,,,,,,,,,,,,,,,,,,,,,,,,,,,,,,,,,,,,,,,,,,,,,,,,,,,,,,,,,,,,,,,,,,,,,,,,,,,,,,,,,,,,,,,,,,,,,,,,,,
1764665235.905531,45234,0,4382.436035,4385.128418,4502.179688,4523.077148,4384.487305,4509.230957,4522.563965,4381.538574,4560.256348,4385.897461,4490.641113,4508.205078,4574.230957,4388.846191,4372.307617,4497.820313,4542.179688,4526.282227,4509.615234,4379.615234,4387.179688,4556.282227,4508.461426,4494.487305,4416.538574,4578.333496,4390.256348,4547.692383,4502.436035,4385.384766,4522.563965,4506.538574,1769,1,25,2560,46905,,,,0,4,4,4,4,4,4,4,4,4,4,4,4,4,4,4,4,4,4,4,4,4,4,4,4,4,4,4,4,4,4,4,4,100,,,,,,,,,,,,,,,,,,,,,,,,,,,,,,,,,,,,,,,,,,,,,,,,,,,,,,,,,,,,,,,,,,,,,,,,,,,,,,,,,,,,,,,,,,,,,,,,,,,,,,,,,,,,,,,,,,,,,,,,,,,,,,,,,,,,,,,,,,,,,,,,,,,,,,,,,,,,,,,,,,,,,,,,,,,,,,,,,,,,,,,,,,,,,,,,,,,,,,,,,,,,,,
1764665235.909437,45235,0,4381.282227,4385.256348,4504.487305,4521.410156,4385.384766,4506.922852,4523.589844,4383.717773,4564.230957,4385,4496.794922,4508.589844,4574.743652,4391.153809,4376.282227,4501.025879,4540,4527.179688,4510.128418,4381.025879,4389.358887,4557.179688,4506.794922,4493.205078,4410.384766,4583.205078,4387.820313,4546.025879,4501.410156,4385.897461,4524.871582,4507.94873,2968,1,25,2560,46905,,,,0,4,4,4,4,4,4,4,4,4,4,4,4,4,4,4,4,4,4,4,4,4,4,4,4,4,4,4,4,4,4,4,4,100,,,,,,,,,,,,,,,,,,,,,,,,,,,,,,,,,,,,,,,,,,,,,,,,,,,,,,,,,,,,,,,,,,,,,,,,,,,,,,,,,,,,,,,,,,,,,,,,,,,,,,,,,,,,,,,,,,,,,,,,,,,,,,,,,,,,,,,,,,,,,,,,,,,,,,,,,,,,,,,,,,,,,,,,,,,,,,,,,,,,,,,,,,,,,,,,,,,,,,,,,,,,,,
1764665235.913344,45236,0,4377.563965,4382.563965,4499.871582,4516.666504,4381.794922,4500.897461,4523.974121,4381.922852,4562.94873,4379.102539,4497.820313,4506.025879,4572.563965,4390.256348,4377.05127,4501.410156,4532.692383,4526.538574,4507.563965,4381.025879,4387.692383,4556.282227,4502.692383,4487.436035,4399.743652,4581.538574,4382.563965,4542.307617,4497.05127,4385,4523.589844,4505.769043,2532,1,25,2560,46913,,,,0,4,4,4,4,4,4,4,4,4,4,4,4,4,4,4,4,4,4,4,4,4,4,4,4,4,4,4,4,4,4,4,4,100,,,,,,,,,,,,,,,,,,,,,,,,,,,,,,,,,,,,,,,,,,,,,,,,,,,,,,,,,,,,,,,,,,,,,,,,,,,,,,,,,,,,,,,,,,,,,,,,,,,,,,,,,,,,,,,,,,,,,,,,,,,,,,,,,,,,,,,,,,,,,,,,,,,,,,,,,,,,,,,,,,,,,,,,,,,,,,,,,,,,,,,,,,,,,,,,,,,,,,,,,,,,,,
1764665235.917251,45237,0,4370.384766,4375.641113,4488.846191,4509.102539,4372.94873,4491.153809,4520.384766,4375,4556.410156,4371.410156,4491.410156,4497.563965,4566.922852,4386.025879,4372.692383,4497.179688,4521.794922,4523.205078,4501.282227,4376.922852,4380.769043,4549.743652,4494.102539,4477.05127,4388.077148,4571.410156,4373.846191,4534.102539,4489.871582,4379.615234,4516.282227,4498.974121,2831,1,25,2560,46913,,,,0,4,4,4,4,4,4,4,4,4,4,4,4,4,4,4,4,4,4,4,4,4,4,4,4,4,4,4,4,4,4,4,4,100,,,,,,,,,,,,,,,,,,,,,,,,,,,,,,,,,,,27693,0,0.262545,-0.599182,-0.734009,0.182434,0.979612,0.219753,0.031254,23.833334,28,44.333332,,,,,,,,,,,,,,,,,,,,,,,,,,,,,,,,,,,,,,,,,,,,,,,,,,,,,,,,,,,,,,,,,,,,,,,,,,,,,,,,,,,,,,,,,,,,,,,,,,,,,,,,,,,,,,,,,,,,,,,,,,,,,,,,,,,,,,,,,,,,,,,,,,,,,,,,,,,,,,,,
1764665235.921158,45238,0,4361.282227,4365.512695,4476.153809,4501.025879,4361.410156,4480.128418,4511.666504,4364.871582,4547.692383,4365,4479.358887,4484.743652,4558.077148,4380,4365.256348,4489.743652,4510.897461,4516.666504,4492.820313,4368.974121,4370.641113,4537.436035,4482.692383,4464.487305,4377.436035,4556.410156,4362.94873,4522.179688,4482.179688,4369.615234,4504.230957,4489.487305,2946,1,25,1792,46921,,,,0,4,4,4,4,4,4,4,4,4,4,4,4,4,4,4,4,4,4,4,4,4,4,4,4,4,4,4,4,4,4,4,4,100,,,,,,,,,,,,,,,,,,,,,,,,,,,,,,,,,,,,,,,,,,,,,,,,,,,,,,,,,,,,,,,,,,,,,,,,,,,,,,,,,,,,,,,,,,,,,,,,,,,,,,,,,,,,,,,,,,,,,,,,,,,,,,,,,,,,,,,,,,,,,,,,,,,,,,,,,,,,,,,,,,,,,,,,,,,,,,,,,,,,,,,,,,,,,,,,,,,,,,,,,,,,,,
1764665235.925064,45239,0,4353.205078,4356.153809,4466.922852,4494.871582,4352.436035,4471.282227,4500.128418,4355.769043,4540.641113,4361.153809,4467.436035,4472.563965,4548.077148,4375.256348,4359.102539,4482.94873,4503.077148,4508.846191,4485.384766,4360.256348,4361.282227,4524.102539,4472.94873,4453.974121,4367.436035,4543.461426,4353.461426,4511.282227,4476.410156,4358.846191,4491.794922,4480.897461,2858,1,25,1792,46921,,,,0,4,4,4,4,4,4,4,4,4,4,4,4,4,4,4,4,4,4,4,4,4,4,4,4,4,4,4,4,4,4,4,4,100,,,,,,,,,,,,,,,,,,,,,,,,,,,,,,,,,,,,,,,,,,,,,,,,,,,,,,,,,,,,,,,,,,,,,,,,,,,,,,,,,,,,,,,,,,,,,,,,,,,,,,,,,,,,,,,,,,,,,,,,,,,,,,,,,,,,,,,,,,,,,,,,,,,,,,,,,,,,,,,,,,,,,,,,,,,,,,,,,,,,,,,,,,,,,,,,,,,,,,,,,,,,,,
1764665235.928971,45240,0,4348.846191,4351.282227,4463.846191,4492.820313,4349.615234,4467.820313,4490.769043,4351.153809,4537.94873,4358.846191,4460.769043,4466.794922,4539.615234,4373.461426,4357.692383,4480.384766,4499.871582,4502.94873,4482.307617,4355,4356.282227,4515.769043,4469.487305,4448.974121,4357.05127,4537.94873,4348.846191,4506.153809,4473.974121,4352.436035,4484.487305,4476.153809,2789,1,25,1024,46928,,,,0,4,4,4,4,4,4,4,4,4,4,4,4,4,4,4,4,4,4,4,4,4,4,4,4,4,4,4,4,4,4,4,4,100,,,,,,,,,,,,,,,,,,,,,,,,,,,,,,,,,,,,,,,,,,,,,,,,,,,,,,,,,,,,,,,,,,,,,,,,,,,,,,,,,,,,,,,,,,,,,,,,,,,,,,,,,,,,,,,,,,,,,,,,,,,,,,,,,,,,,,,,,,,,,,,,,,,,,,,,,,,,,,,,,,,,,,,,,,,,,,,,,,,,,,,,,,,,,,,,,,,,,,,,,,,,,,
1764665235.932878,45241,0,4349.230957,4352.05127,4465.769043,4495.897461,4353.589844,4470.384766,4488.205078,4352.307617,4540.128418,4357.307617,4461.025879,4468.846191,4535.641113,4374.871582,4360.897461,4482.820313,4500.256348,4501.794922,4484.102539,4355.384766,4356.922852,4514.743652,4473.077148,4450.128418,4347.307617,4540.384766,4350.512695,4508.717773,4475.128418,4353.461426,4484.743652,4476.794922,2842,1,25,1024,46928,,,,0,4,4,4,4,4,4,4,4,4,4,4,4,4,4,4,4,4,4,4,4,4,4,4,4,4,4,4,4,4,4,4,4,100,,,,,,,,,,,,,,,,,,,,,,,,,,,,,,,,,,,27694,0,0.262598,-0.599121,-0.73407,0.182312,0.979123,0.219753,0.036626,25,29.166666,43,,,,,,,,,,,,,,,,,,,,,,,,,,,,,,,,,,,,,,,,,,,,,,,,,,,,,,,,,,,,,,,,,,,,,,,,,,,,,,,,,,,,,,,,,,,,,,,,,,,,,,,,,,,,,,,,,,,,,,,,,,,,,,,,,,,,,,,,,,,,,,,,,,,,,,,,,,,,,,,,
1764665235.936785,45242,0,4353.333496,4357.307617,4470.128418,4502.692383,4361.794922,4477.05127,4493.846191,4358.333496,4545.256348,4357.563965,4465.641113,4475.384766,4536.922852,4377.307617,4366.025879,4487.820313,4502.94873,4505.641113,4488.974121,4360.256348,4361.538574,4519.615234,4481.410156,4455.769043,4341.666504,4547.436035,4357.692383,4517.05127,4479.230957,4361.282227,4492.307617,4481.922852,1971,1,25,256,46936,,,,0,4,4,4,4,4,4,4,4,4,4,4,4,4,4,4,4,4,4,4,4,4,4,4,4,4,4,4,4,4,4,4,4,100,,,,,,,,,,,,,,,,,,,,,,,,,,,,,,,,,,,,,,,,,,,,,,,3.40305,0.937719,0.622729,0.729363,0.420464,4.521919,1.388495,1.037051,0.641379,0.371456,3.482246,1.471413,0.994978,0.791116,0.527855,1.952033,1.30325,0.661406,0.568867,0.436007,4.819304,1.661149,1.103547,0.752534,0.431408,4.661424,1.431347,0.955378,0.611064,0.38892,2.674429,0.918101,0.756555,0.749153,0.468756,2.283213,1.1015,0.791456,0.732685,0.494453,1.472251,1.006296,0.721431,0.652695,0.519774,1.383097,1.951475,1.299735,1.413379,1.133479,1.318984,0.784317,0.305416,0.48016,0.489277,3.338485,1.255937,0.799281,0.632968,0.385187,1.400822,1.954635,0.594821,0.930003,0.380038,1.164173,0.491911,0.420157,0.506661,0.237343,0.360444,0.494926,0.260817,0.863886,0.35914,0.421947,2.220342,0.634313,0.759406,0.331925,2.418132,2.254465,0.771748,1.023665,0.433787,1.168013,2.527974,0.703331,1.038831,0.421777,0.443753,0.995617,0.443902,0.763374,0.218389,0.963289,0.376903,0.758664,0.97314,0.306762,1.213736,1.179059,0.909738,1.005385,0.298228,1.919533,1.653555,0.889089,1.111468,0.365058,2.32725,0.639315,0.878784,0.840655,0.342966,2.091221,1.227258,1.070096,0.951385,0.433415,2.16609,1.231404,2.686769,1.23827,1.073492,2.261154,0.866736,0.733485,0.76598,0.323939,2.645415,0.713395,0.978955,1.073902,0.437386,3.22989,1.109221,1.224658,0.864435,0.443837,2.267708,0.47864,0.593381,0.370058,0.223514,3.923257,0.874464,1.172831,0.900955,0.503821,3.299474,0.984974,1.348982,0.974824,0.519,3.783581,1.035812,1.153678,0.914691,0.493846
1764665235.940691,45243,0,4360,4364.871582,4476.025879,4510.512695,4370.897461,4484.871582,4505.128418,4366.666504,4550.769043,4361.922852,4470.641113,4482.307617,4541.666504,4379.102539,4370.384766,4491.794922,4507.179688,4512.179688,4494.230957,4366.922852,4367.307617,4526.538574,4490.128418,4463.974121,4344.615234,4555.512695,4368.077148,4527.563965,4485.641113,4373.077148,4503.846191,4490,2657,1,25,256,46936,,,,0,4,4,4,4,4,4,4,4,4,4,4,4,4,4,4,4,4,4,4,4,4,4,4,4,4,4,4,4,4,4,4,4,100,,,,,,,,,,,,,,,,,,,,,,,,,,,,,,,,,,,,,,,,,,,,,,,,,,,,,,,,,,,,,,,,,,,,,,,,,,,,,,,,,,,,,,,,,,,,,,,,,,,,,,,,,,,,,,,,,,,,,,,,,,,,,,,,,,,,,,,,,,,,,,,,,,,,,,,,,,,,,,,,,,,,,,,,,,,,,,,,,,,,,,,,,,,,,,,,,,,,,,,,,,,,,,
1764665235.944598,45244,0,4367.563965,4373.461426,4483.717773,4517.05127,4378.846191,4491.025879,4517.05127,4374.102539,4555,4370.897461,4474.230957,4488.077148,4547.179688,4379.615234,4372.692383,4492.820313,4512.179688,4518.589844,4498.461426,4372.436035,4372.307617,4533.205078,4496.538574,4473.077148,4357.179688,4562.820313,4379.230957,4537.94873,4492.563965,4384.615234,4515.897461,4499.230957,2715,1,25,256,46944,,,,0,4,4,4,4,4,4,4,4,4,4,4,4,4,4,4,4,4,4,4,4,4,4,4,4,4,4,4,4,4,4,4,4,100,,,,,,,,,,,,,,,,,,,,,,,,,,,,,,,,,,,,,,,,,,,,,,,,,,,,,,,,,,,,,,,,,,,,,,,,,,,,,,,,,,,,,,,,,,,,,,,,,,,,,,,,,,,,,,,,,,,,,,,,,,,,,,,,,,,,,,,,,,,,,,,,,,,,,,,,,,,,,,,,,,,,,,,,,,,,,,,,,,,,,,,,,,,,,,,,,,,,,,,,,,,,,,
1764665235.948505,45245,0,4374.487305,4382.692383,4492.436035,4521.025879,4385.384766,4494.615234,4524.743652,4378.717773,4556.666504,4380.897461,4477.436035,4492.692383,4551.538574,4379.358887,4372.94873,4491.794922,4517.692383,4522.692383,4501.282227,4375.384766,4375.384766,4538.974121,4500.384766,4481.666504,4375.256348,4568.846191,4389.487305,4546.794922,4498.461426,4392.820313,4525.512695,4507.692383,2533,1,25,256,46944,,,,0,4,4,4,4,4,4,4,4,4,4,4,4,4,4,4,4,4,4,4,4,4,4,4,4,4,4,4,4,4,4,4,4,100,,,,,,,,,,,,,,,,,,,,,,,,,,,,,,,,,,,27695,0,0.262781,-0.59906,-0.734009,0.182495,0.969845,0.219753,0.040532,26.333334,29.166666,43.833332,,,,,,,,,,,,,,,,,,,,,,,,,,,,,,,,,,,,,,,,,,,,,,,,,,,,,,,,,,,,,,,,,,,,,,,,,,,,,,,,,,,,,,,,,,,,,,,,,,,,,,,,,,,,,,,,,,,,,,,,,,,,,,,,,,,,,,,,,,,,,,,,,,,,,,,,,,,,,,,,
1764665235.952312,45246,0,4379.102539,4390.641113,4499.487305,4522.820313,4390.384766,4495.897461,4526.410156,4380.512695,4555.641113,4387.179688,4481.666504,4497.05127,4554.358887,4379.102539,4371.153809,4490.384766,4522.94873,4524.102539,4502.436035,4375.769043,4376.922852,4544.230957,4503.205078,4487.94873,4391.538574,4572.692383,4396.922852,4552.820313,4502.05127,4395.897461,4531.153809,4513.333496,2678,1,25,512,46952,,,,0,4,4,4,4,4,4,4,4,4,4,4,4,4,4,4,4,4,4,4,4,4,4,4,4,4,4,4,4,4,4,4,4,100,,,,,,,,,,,,,,,,,,,,,,,,,,,,,,,,,,,,,,,,,,,,,,,,,,,,,,,,,,,,,,,,,,,,,,,,,,,,,,,,,,,,,,,,,,,,,,,,,,,,,,,,,,,,,,,,,,,,,,,,,,,,,,,,,,,,,,,,,,,,,,,,,,,,,,,,,,,,,,,,,,,,,,,,,,,,,,,,,,,,,,,,,,,,,,,,,,,,,,,,,,,,,,
1764665235.956218,45247,0,4381.025879,4394.743652,4502.692383,4523.077148,4392.692383,4495.897461,4524.102539,4381.025879,4552.94873,4387.563965,4486.025879,4501.410156,4557.179688,4378.974121,4368.333496,4490.128418,4527.692383,4524.102539,4502.436035,4374.615234,4377.820313,4548.717773,4506.025879,4490.641113,4400.512695,4573.205078,4399.743652,4554.871582,4502.94873,4393.974121,4532.05127,4514.230957,2852,1,25,512,46952,,,,0,4,4,4,4,4,4,4,4,4,4,4,4,4,4,4,4,4,4,4,4,4,4,4,4,4,4,4,4,4,4,4,4,100,,,,,,,,,,,,,,,,,,,,,,,,,,,,,,,,,,,,,,,,,,,,,,,,,,,,,,,,,,,,,,,,,,,,,,,,,,,,,,,,,,,,,,,,,,,,,,,,,,,,,,,,,,,,,,,,,,,,,,,,,,,,,,,,,,,,,,,,,,,,,,,,,,,,,,,,,,,,,,,,,,,,,,,,,,,,,,,,,,,,,,,,,,,,,,,,,,,,,,,,,,,,,,
1764665235.960125,45248,0,4380.641113,4393.717773,4501.794922,4522.307617,4391.922852,4495.897461,4521.666504,4381.025879,4549.487305,4384.102539,4488.589844,4505.897461,4560.897461,4378.461426,4365.384766,4491.025879,4532.05127,4524.230957,4501.922852,4373.077148,4378.717773,4552.05127,4508.974121,4490.128418,4401.282227,4569.871582,4397.94873,4553.077148,4502.05127,4389.743652,4529.358887,4509.743652,2793,1,25,768,46960,,,,0,4,4,4,4,4,4,4,4,4,4,4,4,4,4,4,4,4,4,4,4,4,4,4,4,4,4,4,4,4,4,4,4,100,,,,,,,,,,,,,,,,,,,,,,,,,,,,,,,,,,,,,,,,,,,,,,,,,,,,,,,,,,,,,,,,,,,,,,,,,,,,,,,,,,,,,,,,,,,,,,,,,,,,,,,,,,,,,,,,,,,,,,,,,,,,,,,,,,,,,,,,,,,,,,,,,,,,,,,,,,,,,,,,,,,,,,,,,,,,,,,,,,,,,,,,,,,,,,,,,,,,,,,,,,,,,,
1764665235.964032,45249,0,4379.102539,4388.461426,4498.461426,4520.384766,4388.205078,4496.282227,4521.666504,4380,4546.025879,4379.102539,4487.820313,4509.230957,4565.128418,4377.307617,4363.077148,4492.307617,4535.897461,4525.512695,4502.05127,4372.179688,4380.128418,4553.717773,4511.025879,4488.333496,4396.794922,4563.846191,4392.692383,4548.846191,4500.128418,4385.897461,4524.487305,4502.05127,2958,1,25,768,46960,,,,0,4,4,4,4,4,4,4,4,4,4,4,4,4,4,4,4,4,4,4,4,4,4,4,4,4,4,4,4,4,4,4,4,100,,,,,,,,,,,,,,,,,,,,,,,,,,,,,,,,,,,27696,0,0.263028,-0.598877,-0.734009,0.182739,0.972775,0.212917,0.052252,24.833334,29.333334,44.166668,,,,,,,,,,,,,,,,,,,,,,,,,,,,,,,,,,,,,,,,,,,,,,,,,,,,,,,,,,,,,,,,,,,,,,,,,,,,,,,,,,,,,,,,,,,,,,,,,,,,,,,,,,,,,,,,,,,,,,,,,,,,,,,,,,,,,,,,,,,,,,,,,,,,,,,,,,,,,,,,
1764665235.967938,45250,0,4376.666504,4381.794922,4494.102539,4516.922852,4382.94873,4496.666504,4523.846191,4377.179688,4542.692383,4373.717773,4484.102539,4509.743652,4567.436035,4375.512695,4361.153809,4493.205078,4538.589844,4526.794922,4502.820313,4372.179688,4381.282227,4553.974121,4510.641113,4486.794922,4391.153809,4557.563965,4386.025879,4544.230957,4497.94873,4383.589844,4519.358887,4494.871582,2633,1,25,1024,46967,,,,0,4,4,4,4,4,4,4,4,4,4,4,4,4,4,4,4,4,4,4,4,4,4,4,4,4,4,4,4,4,4,4,4,100,,,,,,,,,,,,,,,,,,,,,,,,,,,,,,,,,,,,,,,,,,,,,,,,,,,,,,,,,,,,,,,,,,,,,,,,,,,,,,,,,,,,,,,,,,,,,,,,,,,,,,,,,,,,,,,,,,,,,,,,,,,,,,,,,,,,,,,,,,,,,,,,,,,,,,,,,,,,,,,,,,,,,,,,,,,,,,,,,,,,,,,,,,,,,,,,,,,,,,,,,,,,,,
1764665235.971845,45251,0,4373.589844,4375.897461,4490,4512.307617,4377.820313,4496.153809,4525.512695,4372.563965,4539.743652,4368.461426,4480.256348,4507.05127,4566.410156,4373.974121,4359.358887,4492.94873,4538.846191,4526.794922,4503.589844,4372.179688,4381.538574,4553.461426,4507.179688,4486.025879,4386.922852,4553.717773,4379.615234,4540.769043,4495.769043,4381.922852,4515.384766,4491.410156,2892,1,25,1024,46967,,,,0,4,4,4,4,4,4,4,4,4,4,4,4,4,4,4,4,4,4,4,4,4,4,4,4,4,4,4,4,4,4,4,4,100,,,,,,,,,,,,,,,,,,,,,,,,,,,,,,,,,,,,,,,,,,,,,,,,,,,,,,,,,,,,,,,,,,,,,,,,,,,,,,,,,,,,,,,,,,,,,,,,,,,,,,,,,,,,,,,,,,,,,,,,,,,,,,,,,,,,,,,,,,,,,,,,,,,,,,,,,,,,,,,,,,,,,,,,,,,,,,,,,,,,,,,,,,,,,,,,,,,,,,,,,,,,,,
1764665235.975752,45252,0,4370.256348,4371.153809,4486.666504,4507.307617,4374.358887,4494.230957,4524.615234,4367.94873,4537.94873,4364.871582,4479.615234,4502.692383,4563.461426,4373.717773,4357.94873,4492.05127,4537.179688,4525.512695,4503.205078,4371.410156,4381.025879,4553.077148,4502.05127,4485.641113,4384.487305,4553.333496,4374.102539,4539.102539,4493.589844,4378.974121,4512.436035,4491.666504,2779,1,25,1280,46975,,,,0,4,4,4,4,4,4,4,4,4,4,4,4,4,4,4,4,4,4,4,4,4,4,4,4,4,4,4,4,4,4,4,4,100,,,,,,,,,,,,,,,,,,,,,,,,,,,,,,,,,,,,,,,,,,,,,,,,,,,,,,,,,,,,,,,,,,,,,,,,,,,,,,,,,,,,,,,,,,,,,,,,,,,,,,,,,,,,,,,,,,,,,,,,,,,,,,,,,,,,,,,,,,,,,,,,,,,,,,,,,,,,,,,,,,,,,,,,,,,,,,,,,,,,,,,,,,,,,,,,,,,,,,,,,,,,,,
1764665235.979659,45253,0,4366.922852,4366.922852,4483.717773,4503.717773,4372.94873,4491.794922,4521.538574,4364.615234,4537.436035,4363.974121,4483.205078,4499.102539,4561.410156,4375.512695,4357.436035,4491.666504,4535.128418,4524.358887,4501.794922,4370,4380.512695,4553.333496,4498.205078,4484.358887,4382.307617,4554.871582,4369.102539,4538.717773,4491.410156,4374.102539,4508.974121,4492.563965,2820,1,25,1280,46975,,,,0,4,4,4,4,4,4,4,4,4,4,4,4,4,4,4,4,4,4,4,4,4,4,4,4,4,4,4,4,4,4,4,4,100,,,,,,,,,,,,,,,,,,,,,,,,,,,,,,,,,,,27697,0,0.263028,-0.598877,-0.734009,0.182739,0.973752,0.210963,0.030277,24,28.666666,44.5,,,,,,,,,,,,,,,,,,,,,,,,,,,,,,,,,,,,,,,,,,,,,,,,,,,,,,,,,,,,,,,,,,,,,,,,,,,,,,,,,,,,,,,,,,,,,,,,,,,,,,,,,,,,,,,,,,,,,,,,,,,,,,,,,,,,,,,,,,,,,,,,,,,,,,,,,,,,,,,,
1764665235.983565,45254,0,4363.974121,4362.692383,4480.256348,4502.820313,4373.205078,4489.871582,4518.461426,4362.692383,4537.563965,4364.487305,4488.205078,4497.563965,4562.179688,4378.974121,4357.563965,4492.436035,4533.846191,4524.487305,4500.384766,4368.461426,4379.871582,4554.102539,4497.436035,4481.153809,4378.846191,4555.384766,4363.846191,4537.563965,4488.974121,4367.05127,4503.333496,4490.512695,2823,1,25,1536,46983,,,,0,4,4,4,4,4,4,4,4,4,4,4,4,4,4,4,4,4,4,4,4,4,4,4,4,4,4,4,4,4,4,4,4,100,,,,,,,,,,,,,,,,,,,,,,,,,,,,,,,,,,,,,,,,,,,,,,,,,,,,,,,,,,,,,,,,,,,,,,,,,,,,,,,,,,,,,,,,,,,,,,,,,,,,,,,,,,,,,,,,,,,,,,,,,,,,,,,,,,,,,,,,,,,,,,,,,,,,,,,,,,,,,,,,,,,,,,,,,,,,,,,,,,,,,,,,,,,,,,,,,,,,,,,,,,,,,,
1764665235.987472,45255,0,4361.666504,4358.974121,4476.153809,4504.358887,4373.333496,4488.589844,4517.179688,4361.666504,4538.077148,4364.102539,4491.282227,4497.563965,4564.743652,4382.692383,4358.333496,4493.589844,4533.333496,4526.025879,4499.871582,4366.922852,4378.461426,4554.871582,4498.846191,4476.538574,4373.974121,4552.436035,4358.205078,4534.102539,4486.666504,4359.230957,4495.512695,4484.358887,3010,1,25,1536,46983,,,,0,4,4,4,4,4,4,4,4,4,4,4,4,4,4,4,4,4,4,4,4,4,4,4,4,4,4,4,4,4,4,4,4,100,,,,,,,,,,,,,,,,,,,,,,,,,,,,,,,,,,,,,,,,,,,,,,,,,,,,,,,,,,,,,,,,,,,,,,,,,,,,,,,,,,,,,,,,,,,,,,,,,,,,,,,,,,,,,,,,,,,,,,,,,,,,,,,,,,,,,,,,,,,,,,,,,,,,,,,,,,,,,,,,,,,,,,,,,,,,,,,,,,,,,,,,,,,,,,,,,,,,,,,,,,,,,,
1764665235.991379,45256,0,4360.256348,4356.794922,4473.333496,4506.922852,4372.692383,4488.077148,4517.94873,4360.769043,4539.487305,4362.05127,4491.794922,4498.077148,4567.307617,4385.641113,4360.384766,4495.384766,4533.717773,4528.333496,4500.897461,4366.025879,4377.05127,4555.128418,4500,4473.333496,4370,4546.410156,4353.461426,4528.717773,4484.871582,4353.205078,4488.589844,4476.666504,2897,1,25,1792,46991,,,,0,4,4,4,4,4,4,4,4,4,4,4,4,4,4,4,4,4,4,4,4,4,4,4,4,4,4,4,4,4,4,4,4,100,,,,,,,,,,,,,,,,,,,,,,,,,,,,,,,,,,,,,,,,,,,,,,,,,,,,,,,,,,,,,,,,,,,,,,,,,,,,,,,,,,,,,,,,,,,,,,,,,,,,,,,,,,,,,,,,,,,,,,,,,,,,,,,,,,,,,,,,,,,,,,,,,,,,,,,,,,,,,,,,,,,,,,,,,,,,,,,,,,,,,,,,,,,,,,,,,,,,,,,,,,,,,,
1764665235.995286,45257,0,4360.512695,4357.05127,4473.974121,4509.230957,4371.282227,4487.94873,4520.256348,4360.512695,4543.333496,4361.153809,4491.410156,4498.846191,4568.205078,4388.205078,4364.743652,4498.461426,4534.743652,4530.512695,4503.589844,4366.922852,4376.922852,4555.128418,4499.230957,4473.974121,4368.846191,4541.025879,4351.666504,4524.487305,4484.230957,4351.410156,4486.282227,4472.05127,2746,1,25,1792,46991,,,,0,4,4,4,4,4,4,4,4,4,4,4,4,4,4,4,4,4,4,4,4,4,4,4,4,4,4,4,4,4,4,4,4,100,,,,,,,,,,,,,,,,,,,,,,,,,,,,,,,,,,,27698,0,0.2629,-0.598877,-0.73407,0.182678,0.966427,0.219753,0.053717,25.5,27.666666,44.333332,,,,,,,,,,,,,,,,,,,,,,,,,,,,,,,,,,,,,,,,,,,,,,,,,,,,,,,,,,,,,,,,,,,,,,,,,,,,,,,,,,,,,,,,,,,,,,,,,,,,,,,,,,,,,,,,,,,,,,,,,,,,,,,,,,,,,,,,,,,,,,,,,,,,,,,,,,,,,,,,
1764665235.999192,45258,0,4361.025879,4358.589844,4476.922852,4508.974121,4368.846191,4487.307617,4521.922852,4360.641113,4548.717773,4362.820313,4492.05127,4499.487305,4567.179688,4390,4369.871582,4503.205078,4535.128418,4531.666504,4506.153809,4369.230957,4378.205078,4553.846191,4496.025879,4477.692383,4368.974121,4538.717773,4352.692383,4523.333496,4484.102539,4353.333496,4488.846191,4472.820313,2309,1,25,2048,46999,,,,0,4,4,4,4,4,4,4,4,4,4,4,4,4,4,4,4,4,4,4,4,4,4,4,4,4,4,4,4,4,4,4,4,100,,,,,,,,,,,,,,,,,,,,,,,,,,,,,,,,,,,,,,,,,,,,,,,,,,,,,,,,,,,,,,,,,,,,,,,,,,,,,,,,,,,,,,,,,,,,,,,,,,,,,,,,,,,,,,,,,,,,,,,,,,,,,,,,,,,,,,,,,,,,,,,,,,,,,,,,,,,,,,,,,,,,,,,,,,,,,,,,,,,,,,,,,,,,,,,,,,,,,,,,,,,,,,
1764665236.003099,45259,0,4359.230957,4357.436035,4477.563965,4504.615234,4364.358887,4484.102539,4520,4359.615234,4552.05127,4364.743652,4492.563965,4497.563965,4563.205078,4389.743652,4371.794922,4507.307617,4532.05127,4530.128418,4505.512695,4370,4378.461426,4549.743652,4490.641113,4480.128418,4366.153809,4538.846191,4353.205078,4523.974121,4483.205078,4355,4491.410156,4476.025879,2719,1,25,2048,46999,,,,0,4,4,4,4,4,4,4,4,4,4,4,4,4,4,4,4,4,4,4,4,4,4,4,4,4,4,4,4,4,4,4,4,100,,,,,,,,,,,,,,,,,,,,,,,,,,,,,,,,,,,,,,,,,,,,,,,,,,,,,,,,,,,,,,,,,,,,,,,,,,,,,,,,,,,,,,,,,,,,,,,,,,,,,,,,,,,,,,,,,,,,,,,,,,,,,,,,,,,,,,,,,,,,,,,,,,,,,,,,,,,,,,,,,,,,,,,,,,,,,,,,,,,,,,,,,,,,,,,,,,,,,,,,,,,,,,
1764665236.007006,45260,0,4353.077148,4350.769043,4472.563965,4496.666504,4356.666504,4477.307617,4513.077148,4355.512695,4549.743652,4362.692383,4490.512695,4491.153809,4556.410156,4385.512695,4367.436035,4507.179688,4523.846191,4525,4499.615234,4366.282227,4374.615234,4541.794922,4483.589844,4476.538574,4356.922852,4538.589844,4349.487305,4522.94873,4479.615234,4352.05127,4488.589844,4476.794922,2519,1,25,2304,47007,,,,0,4,4,4,4,4,4,4,4,4,4,4,4,4,4,4,4,4,4,4,4,4,4,4,4,4,4,4,4,4,4,4,4,100,,,,,,,,,,,,,,,,,,,,,,,,,,,,,,,,,,,,,,,,,,,,,,,,,,,,,,,,,,,,,,,,,,,,,,,,,,,,,,,,,,,,,,,,,,,,,,,,,,,,,,,,,,,,,,,,,,,,,,,,,,,,,,,,,,,,,,,,,,,,,,,,,,,,,,,,,,,,,,,,,,,,,,,,,,,,,,,,,,,,,,,,,,,,,,,,,,,,,,,,,,,,,,
1764665236.010912,45261,0,4344.871582,4340.256348,4463.589844,4488.461426,4348.717773,4468.846191,4504.102539,4349.615234,4542.563965,4356.538574,4485.512695,4481.922852,4548.461426,4378.333496,4359.102539,4502.05127,4513.205078,4518.461426,4491.410156,4359.615234,4367.179688,4533.205078,4477.563965,4467.820313,4343.461426,4536.410156,4342.05127,4519.615234,4474.102539,4345.128418,4480,4473.077148,2257,1,25,2304,47007,,,,0,4,4,4,4,4,4,4,4,4,4,4,4,4,4,4,4,4,4,4,4,4,4,4,4,4,4,4,4,4,4,4,4,100,,,,,,,,,,,,,,,,,,,,,,,,,,,,,,,,,,,27699,0,0.2629,-0.598877,-0.73407,0.182678,0.973263,0.211452,0.055183,24,28.666666,43.333332,,,,,,,,,,,,,,,,,,,,,,,,,,,,,,,,,,,,,,,,,,,,,,,,,,,,,,,,,,,,,,,,,,,,,,,,,,,,,,,,,,,,,,,,,,,,,,,,,,,,,,,,,,,,,,,,,,,,,,,,,,,,,,,,,,,,,,,,,,,,,,,,,,,,,,,,,,,,,,,,
1764665236.014819,45262,0,4340.128418,4332.436035,4456.794922,4485,4345.641113,4464.358887,4499.102539,4346.153809,4536.282227,4350.897461,4481.153809,4475.384766,4542.436035,4372.05127,4353.589844,4496.153809,4506.410156,4515.256348,4487.436035,4355.384766,4360.512695,4529.743652,4476.410156,4459.615234,4333.333496,4533.974121,4336.282227,4517.05127,4469.871582,4339.871582,4471.794922,4468.846191,2742,1,25,1024,47014,,,,0,4,4,4,4,4,4,4,4,4,4,4,4,4,4,4,4,4,4,4,4,4,4,4,4,4,4,4,4,4,4,4,4,100,,,,,,,,,,,,,,,,,,,,,,,,,,,,,,,,,,,,,,,,,,,,,,,,,,,,,,,,,,,,,,,,,,,,,,,,,,,,,,,,,,,,,,,,,,,,,,,,,,,,,,,,,,,,,,,,,,,,,,,,,,,,,,,,,,,,,,,,,,,,,,,,,,,,,,,,,,,,,,,,,,,,,,,,,,,,,,,,,,,,,,,,,,,,,,,,,,,,,,,,,,,,,,
1764665236.018726,45263,0,4343.077148,4333.589844,4458.205078,4489.102539,4350.897461,4467.820313,4502.05127,4349.102539,4536.538574,4351.410156,4481.025879,4476.410156,4541.153809,4370.769043,4355.769043,4494.743652,4508.461426,4518.974121,4491.922852,4357.94873,4359.358887,4534.743652,4482.179688,4458.077148,4334.102539,4535.128418,4337.820313,4519.615234,4470.384766,4341.666504,4471.666504,4469.615234,2524,1,25,1024,47014,,,,0,4,4,4,4,4,4,4,4,4,4,4,4,4,4,4,4,4,4,4,4,4,4,4,4,4,4,4,4,4,4,4,4,100,,,,,,,,,,,,,,,,,,,,,,,,,,,,,,,,,,,,,,,,,,,,,,,,,,,,,,,,,,,,,,,,,,,,,,,,,,,,,,,,,,,,,,,,,,,,,,,,,,,,,,,,,,,,,,,,,,,,,,,,,,,,,,,,,,,,,,,,,,,,,,,,,,,,,,,,,,,,,,,,,,,,,,,,,,,,,,,,,,,,,,,,,,,,,,,,,,,,,,,,,,,,,,
1764665236.022633,45264,0,4352.05127,4343.333496,4467.563965,4498.589844,4362.179688,4477.563965,4510.769043,4356.666504,4543.205078,4359.487305,4485.256348,4483.974121,4544.743652,4374.743652,4364.230957,4498.974121,4518.333496,4527.563965,4502.05127,4366.538574,4364.615234,4545.128418,4492.307617,4463.461426,4346.282227,4540.897461,4346.794922,4527.05127,4475.512695,4350,4481.025879,4476.666504,2894,1,25,1024,47022,,,,0,4,4,4,4,4,4,4,4,4,4,4,4,4,4,4,4,4,4,4,4,4,4,4,4,4,4,4,4,4,4,4,4,100,,,,,,,,,,,,,,,,,,,,,,,,,,,,,,,,,,,,,,,,,,,,,,,,,,,,,,,,,,,,,,,,,,,,,,,,,,,,,,,,,,,,,,,,,,,,,,,,,,,,,,,,,,,,,,,,,,,,,,,,,,,,,,,,,,,,,,,,,,,,,,,,,,,,,,,,,,,,,,,,,,,,,,,,,,,,,,,,,,,,,,,,,,,,,,,,,,,,,,,,,,,,,,
1764665236.026539,45265,0,4360.512695,4354.102539,4478.077148,4507.563965,4372.05127,4486.282227,4518.846191,4363.589844,4550.641113,4370.128418,4490.128418,4491.666504,4550,4379.743652,4372.436035,4504.871582,4528.717773,4534.615234,4510.256348,4374.871582,4372.307617,4552.94873,4500.256348,4469.743652,4362.05127,4548.205078,4356.794922,4533.589844,4482.05127,4358.846191,4493.205078,4485.128418,2960,1,25,1024,47022,,,,0,4,4,4,4,4,4,4,4,4,4,4,4,4,4,4,4,4,4,4,4,4,4,4,4,4,4,4,4,4,4,4,4,100,,,,,,,,,,,,,,,,,,,,,,,,,,,,,,,,,,,27700,0,0.263156,-0.598877,-0.733948,0.1828,0.973263,0.211452,0.055183,24.5,29.833334,43.333332,,,,,,,,,,,,,,,,,,,,,,,,,,,,,,,,,,,,,,,,,,,,,,,,,,,,,,,,,,,,,,,,,,,,,,,,,,,,,,,,,,,,,,,,,,,,,,,,,,,,,,,,,,,,,,,,,,,,,,,,,,,,,,,,,,,,,,,,,,,,,,,,,,,,,,,,,,,,,,,,
1764665236.030446,45266,0,4363.205078,4358.589844,4482.94873,4511.666504,4374.615234,4488.205078,4520.641113,4365,4552.692383,4376.538574,4491.410156,4493.846191,4553.846191,4381.922852,4375.384766,4506.666504,4532.563965,4535.128418,4511.025879,4377.94873,4377.05127,4552.563965,4501.153809,4471.410156,4371.282227,4552.563965,4360.897461,4534.230957,4485.897461,4362.307617,4500,4488.717773,1775,1,25,1024,47030,,,,0,4,4,4,4,4,4,4,4,4,4,4,4,4,4,4,4,4,4,4,4,4,4,4,4,4,4,4,4,4,4,4,4,100,,,,,,,,,,,,,,,,,,,,,,,,,,,,,,,,,,,,,,,,,,,,,,,,,,,,,,,,,,,,,,,,,,,,,,,,,,,,,,,,,,,,,,,,,,,,,,,,,,,,,,,,,,,,,,,,,,,,,,,,,,,,,,,,,,,,,,,,,,,,,,,,,,,,,,,,,,,,,,,,,,,,,,,,,,,,,,,,,,,,,,,,,,,,,,,,,,,,,,,,,,,,,,
1764665236.034353,45267,0,4359.871582,4356.153809,4482.179688,4511.794922,4370.897461,4484.102539,4516.922852,4362.563965,4549.487305,4376.153809,4489.487305,4490.384766,4555.128418,4381.025879,4373.974121,4502.563965,4528.589844,4530.512695,4505.641113,4375.769043,4377.05127,4545.641113,4496.282227,4468.333496,4368.974121,4553.461426,4358.461426,4529.743652,4485.897461,4360.769043,4498.974121,4486.025879,2981,1,25,1024,47030,,,,0,4,4,4,4,4,4,4,4,4,4,4,4,4,4,4,4,4,4,4,4,4,4,4,4,4,4,4,4,4,4,4,4,100,,,,,,,,,,,,,,,,,,,,,,,,,,,,,,,,,,,,,,,,,,,,,,,,,,,,,,,,,,,,,,,,,,,,,,,,,,,,,,,,,,,,,,,,,,,,,,,,,,,,,,,,,,,,,,,,,,,,,,,,,,,,,,,,,,,,,,,,,,,,,,,,,,,,,,,,,,,,,,,,,,,,,,,,,,,,,,,,,,,,,,,,,,,,,,,,,,,,,,,,,,,,,,
1764665236.038260,45268,0,4356.025879,4353.461426,4481.025879,4512.820313,4367.692383,4480.769043,4512.692383,4361.538574,4546.025879,4372.436035,4487.692383,4486.282227,4555.256348,4380,4372.94873,4496.153809,4521.922852,4526.666504,4500.256348,4373.205078,4375,4539.358887,4491.410156,4465.256348,4359.487305,4553.974121,4355.256348,4526.153809,4484.487305,4359.615234,4495.128418,4482.05127,2547,1,25,1280,47037,,,,0,4,4,4,4,4,4,4,4,4,4,4,4,4,4,4,4,4,4,4,4,4,4,4,4,4,4,4,4,4,4,4,4,100,,,,,,,,,,,,,,,,,,,,,,,,,,,,,,,,,,,,,,,,,,,,,,,,,,,,,,,,,,,,,,,,,,,,,,,,,,,,,,,,,,,,,,,,,,,,,,,,,,,,,,,,,,,,,,,,,,,,,,,,,,,,,,,,,,,,,,,,,,,,,,,,,,,,,,,,,,,,,,,,,,,,,,,,,,,,,,,,,,,,,,,,,,,,,,,,,,,,,,,,,,,,,,
1764665236.042166,45269,0,4356.282227,4356.282227,4484.615234,4517.94873,4370.384766,4483.589844,4512.563965,4366.153809,4547.05127,4371.410156,4488.205078,4485.641113,4555.512695,4380.641113,4374.615234,4492.179688,4518.589844,4527.820313,4499.615234,4373.974121,4373.846191,4539.487305,4491.410156,4466.538574,4351.666504,4556.538574,4357.436035,4528.589844,4484.871582,4363.077148,4494.871582,4483.077148,2844,1,25,1280,47037,,,,0,4,4,4,4,4,4,4,4,4,4,4,4,4,4,4,4,4,4,4,4,4,4,4,4,4,4,4,4,4,4,4,4,100,,,,,,,,,,,,,,,,,,,,,,,,,,,,,,,,,,,27701,0,0.263273,-0.598938,-0.733826,0.182922,0.972775,0.209498,0.030765,22.833334,28.166666,42.5,,,,,,,,,,,,,,,,,,,,,,,,,,,,,,,,,,,,,,,,,,,,,,,,,,,,,,,,,,,,,,,,,,,,,,,,,,,,,,,,,,,,,,,,,,,,,,,,,,,,,,,,,,,,,,,,,,,,,,,,,,,,,,,,,,,,,,,,,,,,,,,,,,,,,,,,,,,,,,,,
1764665236.046073,45270,0,4360.512695,4364.487305,4492.307617,4525.256348,4377.820313,4491.538574,4516.153809,4374.871582,4552.563965,4376.410156,4489.487305,4487.94873,4555.128418,4381.410156,4376.922852,4492.05127,4520,4532.307617,4502.179688,4376.922852,4374.743652,4544.871582,4496.153809,4471.794922,4352.436035,4560.384766,4364.743652,4535.897461,4487.820313,4370,4499.743652,4489.615234,2953,1,25,1280,47046,,,,0,4,4,4,4,4,4,4,4,4,4,4,4,4,4,4,4,4,4,4,4,4,4,4,4,4,4,4,4,4,4,4,4,100,,,,,,,,,,,,,,,,,,,,,,,,,,,,,,,,,,,,,,,,,,,,,,,,,,,,,,,,,,,,,,,,,,,,,,,,,,,,,,,,,,,,,,,,,,,,,,,,,,,,,,,,,,,,,,,,,,,,,,,,,,,,,,,,,,,,,,,,,,,,,,,,,,,,,,,,,,,,,,,,,,,,,,,,,,,,,,,,,,,,,,,,,,,,,,,,,,,,,,,,,,,,,,
1764665236.049980,45271,0,4364.615234,4371.666504,4498.461426,4529.102539,4383.589844,4498.846191,4518.974121,4380.769043,4557.436035,4384.487305,4487.820313,4490.384766,4552.307617,4379.358887,4375.512695,4492.179688,4522.820313,4533.974121,4502.820313,4377.563965,4375.512695,4549.615234,4500.769043,4476.538574,4361.282227,4561.666504,4371.153809,4542.179688,4490.641113,4375.128418,4505.512695,4495.641113,2864,1,25,1280,47046,,,,0,4,4,4,4,4,4,4,4,4,4,4,4,4,4,4,4,4,4,4,4,4,4,4,4,4,4,4,4,4,4,4,4,100,,,,,,,,,,,,,,,,,,,,,,,,,,,,,,,,,,,,,,,,,,,,,,,,,,,,,,,,,,,,,,,,,,,,,,,,,,,,,,,,,,,,,,,,,,,,,,,,,,,,,,,,,,,,,,,,,,,,,,,,,,,,,,,,,,,,,,,,,,,,,,,,,,,,,,,,,,,,,,,,,,,,,,,,,,,,,,,,,,,,,,,,,,,,,,,,,,,,,,,,,,,,,,
1764665236.053886,45272,0,4364.487305,4371.410156,4497.307617,4525.641113,4382.05127,4499.615234,4516.153809,4377.692383,4556.794922,4388.717773,4481.922852,4489.615234,4546.538574,4372.563965,4368.333496,4488.077148,4521.922852,4528.589844,4497.563965,4372.563965,4373.461426,4547.94873,4501.282227,4475.897461,4372.307617,4557.820313,4371.025879,4541.538574,4489.871582,4373.589844,4506.410156,4494.743652,2790,1,25,256,47053,,,,0,4,4,4,4,4,4,4,4,4,4,4,4,4,4,4,4,4,4,4,4,4,4,4,4,4,4,4,4,4,4,4,4,100,,,,,,,,,,,,,,,,,,,,,,,,,,,,,,,,,,,,,,,,,,,,,,,,,,,,,,,,,,,,,,,,,,,,,,,,,,,,,,,,,,,,,,,,,,,,,,,,,,,,,,,,,,,,,,,,,,,,,,,,,,,,,,,,,,,,,,,,,,,,,,,,,,,,,,,,,,,,,,,,,,,,,,,,,,,,,,,,,,,,,,,,,,,,,,,,,,,,,,,,,,,,,,
1764665236.057793,45273,0,4360,4363.333496,4488.974121,4517.05127,4373.974121,4492.94873,4508.077148,4366.410156,4549.871582,4383.077148,4474.487305,4485.384766,4539.615234,4362.820313,4358.461426,4479.615234,4516.282227,4517.436035,4488.461426,4363.589844,4368.589844,4540.384766,4497.563965,4470.641113,4378.717773,4550.384766,4364.102539,4534.487305,4485.256348,4365.384766,4501.282227,4486.538574,2847,1,25,256,47053,,,,0,4,4,4,4,4,4,4,4,4,4,4,4,4,4,4,4,4,4,4,4,4,4,4,4,4,4,4,4,4,4,4,4,100,,,,,,,,,,,,,,,,,,,,,,,,,,,,,,,,,,,27702,0,0.26323,-0.598938,-0.733826,0.182983,0.976193,0.208522,0.047857,23.666666,28.666666,45.333332,,,,,,,,,,,,,,,,,,,,,,,,,,,,,,,,,,,,,,,,,,,,,,,,,,,,,,,,,,,,,,,,,,,,,,,,,,,,,,,,,,,,,,,,,,,,,,,,,,,,,,,,,,,,,,,,,,,,,,,,,,,,,,,,,,,,,,,,,,,,,,,,,,,,,,,,,,,,,,,,
1764665236.061700,45274,0,4356.153809,4353.589844,4479.871582,4510.128418,4366.025879,4484.230957,4500.641113,4355.641113,4542.436035,4369.615234,4471.025879,4480.641113,4535.384766,4355.256348,4351.922852,4471.666504,4510.256348,4507.820313,4482.307617,4356.666504,4364.615234,4533.589844,4493.717773,4466.410156,4379.871582,4544.358887,4356.282227,4527.436035,4480.769043,4356.025879,4494.615234,4477.436035,1976,1,25,512,47061,,,,0,4,4,4,4,4,4,4,4,4,4,4,4,4,4,4,4,4,4,4,4,4,4,4,4,4,4,4,4,4,4,4,4,100,,,,,,,,,,,,,,,,,,,,,,,,,,,,,,,,,,,,,,,,,,,,,,,2.736789,1.039274,0.563688,0.690577,0.465383,3.213356,1.76287,0.946769,0.644852,0.414407,2.80104,1.875009,1.008765,0.806737,0.544558,1.723911,1.688312,0.713859,0.564198,0.448279,4.116048,2.080461,1.075517,0.791776,0.476477,3.932724,1.724728,0.884125,0.538041,0.378255,2.267287,1.001724,0.724486,0.701533,0.471715,1.897726,1.432299,0.756596,0.745071,0.53305,1.131844,1.150146,0.690194,0.66675,0.546742,1.28464,2.103713,1.367524,1.267078,1.115765,1.384391,0.800517,0.286488,0.493457,0.505898,2.695628,1.205349,0.742218,0.597497,0.420988,1.113272,2.016817,0.542045,0.901229,0.416751,0.860079,0.513541,0.433391,0.53509,0.260145,0.299628,0.506412,0.32673,0.780376,0.363867,0.445869,2.222817,0.650482,0.726213,0.359019,1.963852,2.310609,0.788089,0.993737,0.481335,0.793722,2.393038,0.602883,1.071244,0.471768,0.30631,1.011145,0.449119,0.792955,0.23405,0.741884,0.429694,0.790391,0.972379,0.337228,0.972289,1.244378,1.047672,1.057368,0.318238,1.355118,1.827207,0.889254,1.144942,0.422916,1.675628,0.749616,0.830535,0.791507,0.37839,1.512256,1.277242,1.059817,0.958426,0.444186,1.791208,1.452721,2.975063,1.267205,1.121714,1.915027,0.787693,0.778602,0.768165,0.348534,1.972743,0.861157,0.915297,1.052092,0.47364,2.528372,1.290661,1.162719,0.813297,0.466866,1.709918,0.564858,0.556819,0.372759,0.24193,2.736708,1.064526,1.091838,0.856845,0.574003,2.373801,1.193426,1.283543,0.974736,0.57024,3.000775,1.294842,1.165048,0.889029,0.503506
1764665236.065607,45275,0,4358.077148,4350.512695,4478.077148,4511.025879,4365.256348,4480.769043,4500.897461,4354.871582,4541.410156,4357.94873,4475.512695,4480.384766,4537.307617,4354.230957,4353.589844,4469.871582,4510.897461,4506.922852,4484.487305,4356.794922,4366.153809,4535,4493.974121,4469.230957,4380.384766,4543.717773,4355.128418,4527.94873,4480.897461,4352.05127,4492.563965,4475,2661,1,25,512,47061,,,,0,4,4,4,4,4,4,4,4,4,4,4,4,4,4,4,4,4,4,4,4,4,4,4,4,4,4,4,4,4,4,4,4,100,,,,,,,,,,,,,,,,,,,,,,,,,,,,,,,,,,,,,,,,,,,,,,,,,,,,,,,,,,,,,,,,,,,,,,,,,,,,,,,,,,,,,,,,,,,,,,,,,,,,,,,,,,,,,,,,,,,,,,,,,,,,,,,,,,,,,,,,,,,,,,,,,,,,,,,,,,,,,,,,,,,,,,,,,,,,,,,,,,,,,,,,,,,,,,,,,,,,,,,,,,,,,,
1764665236.069513,45276,0,4366.666504,4356.538574,4485.384766,4519.487305,4372.692383,4485.641113,4510.641113,4366.153809,4548.974121,4356.794922,4486.282227,4486.410156,4545.897461,4360.384766,4361.922852,4476.025879,4520.769043,4515,4494.230957,4363.717773,4373.717773,4545.256348,4499.358887,4479.102539,4384.102539,4548.589844,4362.436035,4537.436035,4486.538574,4355.641113,4497.563965,4480.512695,2717,1,25,768,47069,,,,0,4,4,4,4,4,4,4,4,4,4,4,4,4,4,4,4,4,4,4,4,4,4,4,4,4,4,4,4,4,4,4,4,100,,,,,,,,,,,,,,,,,,,,,,,,,,,,,,,,,,,,,,,,,,,,,,,,,,,,,,,,,,,,,,,,,,,,,,,,,,,,,,,,,,,,,,,,,,,,,,,,,,,,,,,,,,,,,,,,,,,,,,,,,,,,,,,,,,,,,,,,,,,,,,,,,,,,,,,,,,,,,,,,,,,,,,,,,,,,,,,,,,,,,,,,,,,,,,,,,,,,,,,,,,,,,,
1764665236.073420,45277,0,4375.769043,4366.794922,4494.487305,4528.077148,4382.05127,4495,4524.230957,4381.025879,4559.871582,4365.512695,4496.282227,4495.384766,4556.410156,4369.102539,4369.487305,4485.641113,4534.743652,4525.384766,4503.846191,4370.897461,4381.666504,4557.179688,4506.410156,4488.717773,4388.717773,4554.230957,4372.692383,4548.974121,4493.846191,4362.94873,4504.871582,4487.820313,2533,1,25,768,47069,,,,0,4,4,4,4,4,4,4,4,4,4,4,4,4,4,4,4,4,4,4,4,4,4,4,4,4,4,4,4,4,4,4,4,100,,,,,,,,,,,,,,,,,,,,,,,,,,,,,,,,,,,27703,0,0.263284,-0.598877,-0.733826,0.183105,0.966427,0.214382,0.030765,24.5,29.333334,43.666668,,,,,,,,,,,,,,,,,,,,,,,,,,,,,,,,,,,,,,,,,,,,,,,,,,,,,,,,,,,,,,,,,,,,,,,,,,,,,,,,,,,,,,,,,,,,,,,,,,,,,,,,,,,,,,,,,,,,,,,,,,,,,,,,,,,,,,,,,,,,,,,,,,,,,,,,,,,,,,,,
1764665236.077327,45278,0,4378.077148,4372.563965,4495.256348,4527.94873,4384.615234,4500.897461,4531.922852,4387.436035,4564.743652,4374.615234,4498.461426,4500,4562.307617,4373.974121,4369.230957,4491.538574,4543.077148,4529.743652,4505.384766,4370.641113,4382.820313,4561.410156,4509.487305,4490.512695,4387.563965,4554.871582,4377.05127,4552.820313,4497.05127,4366.666504,4506.922852,4488.717773,2684,1,25,1024,47076,,,,0,4,4,4,4,4,4,4,4,4,4,4,4,4,4,4,4,4,4,4,4,4,4,4,4,4,4,4,4,4,4,4,4,100,,,,,,,,,,,,,,,,,,,,,,,,,,,,,,,,,,,,,,,,,,,,,,,,,,,,,,,,,,,,,,,,,,,,,,,,,,,,,,,,,,,,,,,,,,,,,,,,,,,,,,,,,,,,,,,,,,,,,,,,,,,,,,,,,,,,,,,,,,,,,,,,,,,,,,,,,,,,,,,,,,,,,,,,,,,,,,,,,,,,,,,,,,,,,,,,,,,,,,,,,,,,,,
1764665236.081234,45279,0,4370.641113,4367.94873,4483.589844,4516.666504,4376.410156,4497.820313,4527.436035,4379.487305,4558.717773,4374.871582,4491.410156,4495.769043,4560.128418,4371.794922,4360.128418,4489.615234,4539.615234,4524.743652,4497.436035,4360.897461,4374.230957,4554.230957,4506.282227,4482.179688,4377.179688,4547.820313,4370.897461,4544.871582,4493.333496,4362.820313,4500,4480.128418,2854,1,25,1024,47076,,,,0,4,4,4,4,4,4,4,4,4,4,4,4,4,4,4,4,4,4,4,4,4,4,4,4,4,4,4,4,4,4,4,4,100,,,,,,,,,,,,,,,,,,,,,,,,,,,,,,,,,,,,,,,,,,,,,,,,,,,,,,,,,,,,,,,,,,,,,,,,,,,,,,,,,,,,,,,,,,,,,,,,,,,,,,,,,,,,,,,,,,,,,,,,,,,,,,,,,,,,,,,,,,,,,,,,,,,,,,,,,,,,,,,,,,,,,,,,,,,,,,,,,,,,,,,,,,,,,,,,,,,,,,,,,,,,,,
1764665236.085140,45280,0,4358.205078,4355.384766,4466.025879,4500.128418,4362.307617,4487.179688,4513.846191,4362.820313,4545.384766,4366.410156,4481.025879,4485.641113,4552.820313,4364.871582,4349.230957,4482.436035,4527.94873,4514.743652,4486.025879,4347.94873,4360.769043,4541.282227,4499.230957,4469.615234,4362.05127,4536.794922,4358.333496,4530.512695,4485.384766,4354.102539,4488.589844,4467.179688,2786,1,25,1280,47085,,,,0,4,4,4,4,4,4,4,4,4,4,4,4,4,4,4,4,4,4,4,4,4,4,4,4,4,4,4,4,4,4,4,4,100,,,,,,,,,,,,,,,,,,,,,,,,,,,,,,,,,,,,,,,,,,,,,,,,,,,,,,,,,,,,,,,,,,,,,,,,,,,,,,,,,,,,,,,,,,,,,,,,,,,,,,,,,,,,,,,,,,,,,,,,,,,,,,,,,,,,,,,,,,,,,,,,,,,,,,,,,,,,,,,,,,,,,,,,,,,,,,,,,,,,,,,,,,,,,,,,,,,,,,,,,,,,,,
1764665236.089047,45281,0,4349.358887,4343.333496,4453.461426,4488.205078,4351.410156,4476.025879,4501.410156,4348.589844,4534.102539,4357.05127,4474.743652,4477.436035,4547.307617,4359.230957,4344.871582,4477.436035,4517.820313,4507.94873,4480,4340.641113,4351.282227,4532.692383,4493.846191,4461.538574,4351.410156,4528.974121,4348.205078,4520,4478.589844,4346.922852,4481.410156,4458.974121,2947,1,25,1280,47085,,,,0,4,4,4,4,4,4,4,4,4,4,4,4,4,4,4,4,4,4,4,4,4,4,4,4,4,4,4,4,4,4,4,4,100,,,,,,,,,,,,,,,,,,,,,,,,,,,,,,,,,,,27704,0,0.263412,-0.598877,-0.733765,0.183167,0.97424,0.216823,0.042974,23.666666,29.333334,43.666668,,,,,,,,,,,,,,,,,,,,,,,,,,,,,,,,,,,,,,,,,,,,,,,,,,,,,,,,,,,,,,,,,,,,,,,,,,,,,,,,,,,,,,,,,,,,,,,,,,,,,,,,,,,,,,,,,,,,,,,,,,,,,,,,,,,,,,,,,,,,,,,,,,,,,,,,,,,,,,,,
1764665236.092954,45282,0,4348.717773,4339.102539,4452.820313,4486.922852,4349.230957,4470.384766,4498.461426,4344.230957,4531.538574,4353.846191,4475.897461,4476.538574,4548.333496,4358.846191,4350.384766,4480.256348,4517.307617,4509.871582,4483.461426,4343.589844,4352.179688,4534.358887,4493.974121,4462.436035,4351.922852,4529.615234,4346.794922,4520.128418,4477.05127,4345.897461,4483.333496,4460.897461,2628,1,25,1536,47092,,,,0,4,4,4,4,4,4,4,4,4,4,4,4,4,4,4,4,4,4,4,4,4,4,4,4,4,4,4,4,4,4,4,4,100,,,,,,,,,,,,,,,,,,,,,,,,,,,,,,,,,,,,,,,,,,,,,,,,,,,,,,,,,,,,,,,,,,,,,,,,,,,,,,,,,,,,,,,,,,,,,,,,,,,,,,,,,,,,,,,,,,,,,,,,,,,,,,,,,,,,,,,,,,,,,,,,,,,,,,,,,,,,,,,,,,,,,,,,,,,,,,,,,,,,,,,,,,,,,,,,,,,,,,,,,,,,,,
1764665236.096860,45283,0,4354.615234,4343.589844,4461.410156,4493.974121,4353.846191,4471.538574,4505,4348.846191,4537.179688,4357.307617,4482.05127,4481.153809,4555.128418,4363.717773,4361.282227,4490.256348,4526.153809,4519.358887,4493.589844,4353.717773,4362.820313,4544.230957,4498.333496,4470,4362.179688,4538.717773,4353.846191,4529.230957,4481.025879,4350.256348,4492.436035,4470.128418,2882,1,25,1536,47092,,,,0,4,4,4,4,4,4,4,4,4,4,4,4,4,4,4,4,4,4,4,4,4,4,4,4,4,4,4,4,4,4,4,4,100,,,,,,,,,,,,,,,,,,,,,,,,,,,,,,,,,,,,,,,,,,,,,,,,,,,,,,,,,,,,,,,,,,,,,,,,,,,,,,,,,,,,,,,,,,,,,,,,,,,,,,,,,,,,,,,,,,,,,,,,,,,,,,,,,,,,,,,,,,,,,,,,,,,,,,,,,,,,,,,,,,,,,,,,,,,,,,,,,,,,,,,,,,,,,,,,,,,,,,,,,,,,,,
1764665236.100767,45284,0,4361.410156,4351.794922,4471.282227,4502.820313,4359.487305,4475.897461,4514.615234,4356.666504,4545.384766,4363.333496,4488.717773,4486.282227,4563.717773,4370,4370.641113,4502.05127,4537.820313,4530.256348,4503.846191,4364.358887,4377.307617,4555.384766,4502.94873,4478.077148,4375.128418,4550.897461,4363.589844,4540,4486.922852,4356.282227,4502.436035,4479.230957,2779,1,25,1792,47099,,,,0,4,4,4,4,4,4,4,4,4,4,4,4,4,4,4,4,4,4,4,4,4,4,4,4,4,4,4,4,4,4,4,4,100,,,,,,,,,,,,,,,,,,,,,,,,,,,,,,,,,,,,,,,,,,,,,,,,,,,,,,,,,,,,,,,,,,,,,,,,,,,,,,,,,,,,,,,,,,,,,,,,,,,,,,,,,,,,,,,,,,,,,,,,,,,,,,,,,,,,,,,,,,,,,,,,,,,,,,,,,,,,,,,,,,,,,,,,,,,,,,,,,,,,,,,,,,,,,,,,,,,,,,,,,,,,,,
1764665236.104674,45285,0,4365,4358.589844,4476.410156,4508.333496,4362.820313,4480.384766,4521.282227,4362.692383,4550.897461,4368.846191,4493.461426,4488.846191,4570.256348,4373.846191,4374.615234,4509.871582,4544.871582,4537.179688,4509.743652,4370.897461,4388.846191,4562.692383,4505.256348,4482.436035,4383.974121,4560.128418,4370.641113,4546.538574,4491.282227,4361.153809,4508.717773,4483.333496,2816,1,25,1792,47099,,,,0,4,4,4,4,4,4,4,4,4,4,4,4,4,4,4,4,4,4,4,4,4,4,4,4,4,4,4,4,4,4,4,4,100,,,,,,,,,,,,,,,,,,,,,,,,,,,,,,,,,,,27705,0,0.263412,-0.598877,-0.733765,0.183167,0.970333,0.221707,0.043462,24,29,44.5,,,,,,,,,,,,,,,,,,,,,,,,,,,,,,,,,,,,,,,,,,,,,,,,,,,,,,,,,,,,,,,,,,,,,,,,,,,,,,,,,,,,,,,,,,,,,,,,,,,,,,,,,,,,,,,,,,,,,,,,,,,,,,,,,,,,,,,,,,,,,,,,,,,,,,,,,,,,,,,,
1764665236.108581,45286,0,4365.128418,4362.436035,4477.05127,4510.769043,4365,4484.102539,4523.333496,4366.153809,4552.563965,4373.846191,4496.282227,4489.615234,4572.563965,4373.846191,4373.846191,4511.410156,4544.358887,4538.974121,4510.769043,4373.077148,4394.230957,4565.256348,4505.769043,4482.94873,4387.563965,4564.487305,4373.717773,4547.820313,4493.205078,4365,4511.282227,4483.589844,2816,1,25,2048,47108,,,,0,4,4,4,4,4,4,4,4,4,4,4,4,4,4,4,4,4,4,4,4,4,4,4,4,4,4,4,4,4,4,4,4,100,,,,,,,,,,,,,,,,,,,,,,,,,,,,,,,,,,,,,,,,,,,,,,,,,,,,,,,,,,,,,,,,,,,,,,,,,,,,,,,,,,,,,,,,,,,,,,,,,,,,,,,,,,,,,,,,,,,,,,,,,,,,,,,,,,,,,,,,,,,,,,,,,,,,,,,,,,,,,,,,,,,,,,,,,,,,,,,,,,,,,,,,,,,,,,,,,,,,,,,,,,,,,,
1764665236.112487,45287,0,4365.384766,4366.025879,4478.333496,4513.589844,4369.743652,4488.846191,4523.333496,4369.102539,4552.436035,4379.871582,4498.589844,4491.410156,4571.025879,4371.153809,4372.05127,4508.717773,4539.615234,4538.077148,4509.487305,4373.846191,4395,4565.641113,4506.282227,4483.205078,4389.615234,4566.025879,4375.256348,4547.692383,4494.230957,4369.102539,4513.717773,4485,3005,1,25,2048,47108,,,,0,4,4,4,4,4,4,4,4,4,4,4,4,4,4,4,4,4,4,4,4,4,4,4,4,4,4,4,4,4,4,4,4,100,,,,,,,,,,,,,,,,,,,,,,,,,,,,,,,,,,,,,,,,,,,,,,,,,,,,,,,,,,,,,,,,,,,,,,,,,,,,,,,,,,,,,,,,,,,,,,,,,,,,,,,,,,,,,,,,,,,,,,,,,,,,,,,,,,,,,,,,,,,,,,,,,,,,,,,,,,,,,,,,,,,,,,,,,,,,,,,,,,,,,,,,,,,,,,,,,,,,,,,,,,,,,,
1764665236.116394,45288,0,4368.846191,4372.307617,4485,4519.743652,4378.846191,4495.897461,4524.615234,4373.333496,4553.846191,4387.307617,4501.282227,4495.128418,4567.820313,4367.820313,4372.179688,4505.384766,4536.410156,4537.820313,4509.358887,4376.538574,4395.128418,4566.666504,4508.077148,4486.410156,4394.358887,4568.461426,4378.333496,4549.871582,4496.794922,4373.846191,4517.820313,4491.410156,2889,1,25,2304,47116,,,,0,4,4,4,4,4,4,4,4,4,4,4,4,4,4,4,4,4,4,4,4,4,4,4,4,4,4,4,4,4,4,4,4,100,,,,,,,,,,,,,,,,,,,,,,,,,,,,,,,,,,,,,,,,,,,,,,,,,,,,,,,,,,,,,,,,,,,,,,,,,,,,,,,,,,,,,,,,,,,,,,,,,,,,,,,,,,,,,,,,,,,,,,,,,,,,,,,,,,,,,,,,,,,,,,,,,,,,,,,,,,,,,,,,,,,,,,,,,,,,,,,,,,,,,,,,,,,,,,,,,,,,,,,,,,,,,,
1764665236.120301,45289,0,4376.153809,4381.153809,4496.922852,4528.846191,4390.512695,4504.615234,4529.230957,4379.358887,4558.589844,4394.871582,4504.743652,4500.512695,4565.641113,4366.282227,4375.384766,4505.641113,4538.717773,4540.384766,4512.179688,4382.179688,4397.692383,4569.102539,4511.410156,4492.94873,4402.692383,4573.589844,4384.102539,4555,4501.410156,4379.230957,4523.077148,4501.794922,2741,1,25,2304,47116,,,,0,4,4,4,4,4,4,4,4,4,4,4,4,4,4,4,4,4,4,4,4,4,4,4,4,4,4,4,4,4,4,4,4,100,,,,,,,,,,,,,,,,,,,,,,,,,,,,,,,,,,,27706,0,0.263508,-0.598816,-0.733765,0.183228,0.970333,0.22073,0.038091,23.666666,29.833334,43.666668,,,,,,,,,,,,,,,,,,,,,,,,,,,,,,,,,,,,,,,,,,,,,,,,,,,,,,,,,,,,,,,,,,,,,,,,,,,,,,,,,,,,,,,,,,,,,,,,,,,,,,,,,,,,,,,,,,,,,,,,,,,,,,,,,,,,,,,,,,,,,,,,,,,,,,,,,,,,,,,,
1764665236.124208,45290,0,4385,4390.384766,4509.230957,4538.077148,4400.512695,4513.077148,4536.153809,4386.666504,4566.666504,4400,4508.333496,4506.153809,4566.922852,4367.94873,4381.025879,4510.384766,4546.282227,4545.769043,4517.563965,4390,4402.820313,4572.692383,4515.512695,4500.769043,4411.538574,4580,4390.769043,4561.410156,4506.666504,4384.230957,4527.436035,4511.025879,2304,1,25,768,47124,,,,0,4,4,4,4,4,4,4,4,4,4,4,4,4,4,4,4,4,4,4,4,4,4,4,4,4,4,4,4,4,4,4,4,100,,,,,,,,,,,,,,,,,,,,,,,,,,,,,,,,,,,,,,,,,,,,,,,,,,,,,,,,,,,,,,,,,,,,,,,,,,,,,,,,,,,,,,,,,,,,,,,,,,,,,,,,,,,,,,,,,,,,,,,,,,,,,,,,,,,,,,,,,,,,,,,,,,,,,,,,,,,,,,,,,,,,,,,,,,,,,,,,,,,,,,,,,,,,,,,,,,,,,,,,,,,,,,
1764665236.128114,45291,0,4391.410156,4396.794922,4516.282227,4544.487305,4405.512695,4519.230957,4542.820313,4393.589844,4575.512695,4400.384766,4511.025879,4511.025879,4570.897461,4372.179688,4386.538574,4516.922852,4555,4552.05127,4523.461426,4396.666504,4407.692383,4575.641113,4519.102539,4506.794922,4416.666504,4584.487305,4395.641113,4566.153809,4510.384766,4387.94873,4529.230957,4514.358887,2711,1,25,768,47124,,,,0,4,4,4,4,4,4,4,4,4,4,4,4,4,4,4,4,4,4,4,4,4,4,4,4,4,4,4,4,4,4,4,4,100,,,,,,,,,,,,,,,,,,,,,,,,,,,,,,,,,,,,,,,,,,,,,,,,,,,,,,,,,,,,,,,,,,,,,,,,,,,,,,,,,,,,,,,,,,,,,,,,,,,,,,,,,,,,,,,,,,,,,,,,,,,,,,,,,,,,,,,,,,,,,,,,,,,,,,,,,,,,,,,,,,,,,,,,,,,,,,,,,,,,,,,,,,,,,,,,,,,,,,,,,,,,,,
1764665236.132021,45292,0,4392.307617,4398.333496,4515.256348,4546.153809,4404.230957,4521.666504,4545.641113,4398.077148,4581.282227,4395.256348,4511.410156,4513.589844,4574.358887,4376.410156,4388.846191,4520.641113,4559.358887,4555.384766,4526.282227,4398.846191,4408.077148,4575.641113,4520.769043,4508.461426,4416.153809,4584.358887,4396.153809,4567.179688,4511.282227,4388.846191,4527.820313,4510.256348,2513,1,25,256,47131,,,,0,4,4,4,4,4,4,4,4,4,4,4,4,4,4,4,4,4,4,4,4,4,4,4,4,4,4,4,4,4,4,4,4,100,,,,,,,,,,,,,,,,,,,,,,,,,,,,,,,,,,,,,,,,,,,,,,,,,,,,,,,,,,,,,,,,,,,,,,,,,,,,,,,,,,,,,,,,,,,,,,,,,,,,,,,,,,,,,,,,,,,,,,,,,,,,,,,,,,,,,,,,,,,,,,,,,,,,,,,,,,,,,,,,,,,,,,,,,,,,,,,,,,,,,,,,,,,,,,,,,,,,,,,,,,,,,,
1764665236.135928,45293,0,4387.436035,4395.256348,4507.563965,4543.205078,4398.205078,4520,4543.461426,4398.077148,4580.256348,4386.794922,4509.102539,4512.436035,4572.94873,4377.436035,4385.256348,4517.820313,4555.897461,4552.307617,4523.205078,4394.487305,4401.538574,4571.410156,4519.358887,4504.871582,4410.512695,4578.717773,4391.538574,4563.717773,4509.615234,4386.025879,4523.717773,4501.282227,2252,1,25,256,47131,,,,0,4,4,4,4,4,4,4,4,4,4,4,4,4,4,4,4,4,4,4,4,4,4,4,4,4,4,4,4,4,4,4,4,100,,,,,,,,,,,,,,,,,,,,,,,,,,,,,,,,,,,27707,0,0.263604,-0.598755,-0.733765,0.183289,0.970333,0.22073,0.038091,23.666666,27.833334,45.333332,,,,,,,,,,,,,,,,,,,,,,,,,,,,,,,,,,,,,,,,,,,,,,,,,,,,,,,,,,,,,,,,,,,,,,,,,,,,,,,,,,,,,,,,,,,,,,,,,,,,,,,,,,,,,,,,,,,,,,,,,,,,,,,,,,,,,,,,,,,,,,,,,,,,,,,,,,,,,,,,
1764665236.139834,45294,0,4380.128418,4390,4497.820313,4537.692383,4390.769043,4516.410156,4538.077148,4393.205078,4572.563965,4379.358887,4505.256348,4507.94873,4566.025879,4374.615234,4376.282227,4508.974121,4546.282227,4542.179688,4514.230957,4384.615234,4389.743652,4563.333496,4515.128418,4497.436035,4402.05127,4570.641113,4383.333496,4557.179688,4506.794922,4380.641113,4518.589844,4492.436035,2732,1,25,256,47138,,,,0,4,4,4,4,4,4,4,4,4,4,4,4,4,4,4,4,4,4,4,4,4,4,4,4,4,4,4,4,4,4,4,4,100,,,,,,,,,,,,,,,,,,,,,,,,,,,,,,,,,,,,,,,,,,,,,,,,,,,,,,,,,,,,,,,,,,,,,,,,,,,,,,,,,,,,,,,,,,,,,,,,,,,,,,,,,,,,,,,,,,,,,,,,,,,,,,,,,,,,,,,,,,,,,,,,,,,,,,,,,,,,,,,,,,,,,,,,,,,,,,,,,,,,,,,,,,,,,,,,,,,,,,,,,,,,,,
1764665236.143741,45295,0,4375,4386.410156,4491.410156,4532.692383,4385.769043,4514.102539,4533.205078,4386.282227,4562.692383,4376.282227,4502.179688,4503.589844,4557.563965,4369.487305,4366.538574,4498.461426,4536.153809,4528.846191,4502.692383,4373.846191,4377.692383,4554.871582,4510.897461,4489.871582,4393.205078,4565.128418,4375.897461,4551.410156,4504.358887,4376.153809,4515.512695,4488.717773,2514,1,25,256,47138,,,,0,4,4,4,4,4,4,4,4,4,4,4,4,4,4,4,4,4,4,4,4,4,4,4,4,4,4,4,4,4,4,4,4,100,,,,,,,,,,,,,,,,,,,,,,,,,,,,,,,,,,,,,,,,,,,,,,,,,,,,,,,,,,,,,,,,,,,,,,,,,,,,,,,,,,,,,,,,,,,,,,,,,,,,,,,,,,,,,,,,,,,,,,,,,,,,,,,,,,,,,,,,,,,,,,,,,,,,,,,,,,,,,,,,,,,,,,,,,,,,,,,,,,,,,,,,,,,,,,,,,,,,,,,,,,,,,,
1764665236.147547,45296,0,4375.384766,4387.307617,4491.794922,4531.666504,4386.025879,4515.641113,4532.179688,4381.666504,4557.563965,4378.717773,4502.307617,4502.563965,4553.846191,4366.153809,4361.410156,4492.05127,4531.282227,4518.974121,4494.102539,4367.307617,4371.153809,4550.256348,4509.487305,4486.538574,4386.153809,4566.922852,4374.487305,4550,4504.102539,4376.153809,4517.563965,4492.436035,2883,1,25,512,47147,,,,0,4,4,4,4,4,4,4,4,4,4,4,4,4,4,4,4,4,4,4,4,4,4,4,4,4,4,4,4,4,4,4,4,100,,,,,,,,,,,,,,,,,,,,,,,,,,,,,,,,,,,,,,,,,,,,,,,,,,,,,,,,,,,,,,,,,,,,,,,,,,,,,,,,,,,,,,,,,,,,,,,,,,,,,,,,,,,,,,,,,,,,,,,,,,,,,,,,,,,,,,,,,,,,,,,,,,,,,,,,,,,,,,,,,,,,,,,,,,,,,,,,,,,,,,,,,,,,,,,,,,,,,,,,,,,,,,
1764665236.151453,45297,0,4381.666504,4393.461426,4499.230957,4536.153809,4391.794922,4521.410156,4536.666504,4383.589844,4561.538574,4385.512695,4506.538574,4506.666504,4558.846191,4367.820313,4364.230957,4493.461426,4534.487305,4517.436035,4492.820313,4367.94873,4372.692383,4552.307617,4512.94873,4490.128418,4383.077148,4575.897461,4381.794922,4555.128418,4506.922852,4381.794922,4524.743652,4502.94873,2949,1,25,512,47147,,,,0,4,4,4,4,4,4,4,4,4,4,4,4,4,4,4,4,4,4,4,4,4,4,4,4,4,4,4,4,4,4,4,4,100,,,,,,,,,,,,,,,,,,,,,,,,,,,,,,,,,,,27708,0,0.263349,-0.598755,-0.733887,0.183167,0.978635,0.222195,0.039067,25,28,43,,,,,,,,,,,,,,,,,,,,,,,,,,,,,,,,,,,,,,,,,,,,,,,,,,,,,,,,,,,,,,,,,,,,,,,,,,,,,,,,,,,,,,,,,,,,,,,,,,,,,,,,,,,,,,,,,,,,,,,,,,,,,,,,,,,,,,,,,,,,,,,,,,,,,,,,,,,,,,,,
1764665236.155359,45298,0,4391.282227,4403.717773,4510.641113,4544.871582,4401.025879,4529.615234,4545.128418,4393.077148,4572.94873,4394.871582,4513.589844,4514.487305,4571.025879,4374.743652,4373.205078,4500.897461,4543.846191,4524.358887,4498.974121,4374.487305,4380.641113,4560.641113,4520.256348,4499.230957,4385.641113,4587.436035,4395.769043,4564.743652,4512.563965,4391.410156,4534.358887,4515.897461,1771,1,25,512,47154,,,,0,4,4,4,4,4,4,4,4,4,4,4,4,4,4,4,4,4,4,4,4,4,4,4,4,4,4,4,4,4,4,4,4,100,,,,,,,,,,,,,,,,,,,,,,,,,,,,,,,,,,,,,,,,,,,,,,,,,,,,,,,,,,,,,,,,,,,,,,,,,,,,,,,,,,,,,,,,,,,,,,,,,,,,,,,,,,,,,,,,,,,,,,,,,,,,,,,,,,,,,,,,,,,,,,,,,,,,,,,,,,,,,,,,,,,,,,,,,,,,,,,,,,,,,,,,,,,,,,,,,,,,,,,,,,,,,,
1764665236.159264,45299,0,4400.897461,4415,4521.666504,4554.230957,4409.871582,4537.05127,4553.974121,4406.025879,4585.769043,4405,4520.897461,4523.077148,4584.102539,4383.333496,4382.436035,4508.717773,4553.846191,4534.743652,4508.333496,4382.307617,4389.871582,4570.769043,4527.692383,4508.974121,4393.717773,4595.384766,4409.743652,4574.743652,4519.230957,4400.897461,4542.179688,4525.512695,2973,1,25,512,47154,,,,0,4,4,4,4,4,4,4,4,4,4,4,4,4,4,4,4,4,4,4,4,4,4,4,4,4,4,4,4,4,4,4,4,100,,,,,,,,,,,,,,,,,,,,,,,,,,,,,,,,,,,,,,,,,,,,,,,,,,,,,,,,,,,,,,,,,,,,,,,,,,,,,,,,,,,,,,,,,,,,,,,,,,,,,,,,,,,,,,,,,,,,,,,,,,,,,,,,,,,,,,,,,,,,,,,,,,,,,,,,,,,,,,,,,,,,,,,,,,,,,,,,,,,,,,,,,,,,,,,,,,,,,,,,,,,,,,
1764665236.163170,45300,0,4407.05127,4423.333496,4527.820313,4559.487305,4414.871582,4541.538574,4559.615234,4415.641113,4592.820313,4413.846191,4525.384766,4528.717773,4591.538574,4388.333496,4386.538574,4512.05127,4560,4542.05127,4514.743652,4386.410156,4395.384766,4576.794922,4531.538574,4514.230957,4404.230957,4596.282227,4417.05127,4580.128418,4524.487305,4406.410156,4545.384766,4528.461426,2540,1,25,768,47162,,,,0,4,4,4,4,4,4,4,4,4,4,4,4,4,4,4,4,4,4,4,4,4,4,4,4,4,4,4,4,4,4,4,4,100,,,,,,,,,,,,,,,,,,,,,,,,,,,,,,,,,,,,,,,,,,,,,,,,,,,,,,,,,,,,,,,,,,,,,,,,,,,,,,,,,,,,,,,,,,,,,,,,,,,,,,,,,,,,,,,,,,,,,,,,,,,,,,,,,,,,,,,,,,,,,,,,,,,,,,,,,,,,,,,,,,,,,,,,,,,,,,,,,,,,,,,,,,,,,,,,,,,,,,,,,,,,,,
1764665236.167076,45301,0,4408.846191,4426.282227,4527.563965,4558.589844,4415.897461,4542.692383,4560.769043,4418.077148,4591.153809,4418.846191,4526.025879,4529.871582,4590.769043,4387.179688,4383.717773,4510.256348,4560.769043,4543.205078,4515.384766,4384.743652,4395.512695,4575.769043,4530.769043,4513.589844,4412.692383,4592.179688,4415.641113,4579.102539,4527.307617,4406.922852,4544.102539,4526.282227,2836,1,25,768,47162,,,,0,4,4,4,4,4,4,4,4,4,4,4,4,4,4,4,4,4,4,4,4,4,4,4,4,4,4,4,4,4,4,4,4,100,,,,,,,,,,,,,,,,,,,,,,,,,,,,,,,,,,,27709,0,0.263477,-0.598755,-0.733826,0.183228,0.978635,0.222195,0.039067,26.166666,27.833334,43.666668,,,,,,,,,,,,,,,,,,,,,,,,,,,,,,,,,,,,,,,,,,,,,,,,,,,,,,,,,,,,,,,,,,,,,,,,,,,,,,,,,,,,,,,,,,,,,,,,,,,,,,,,,,,,,,,,,,,,,,,,,,,,,,,,,,,,,,,,,,,,,,,,,,,,,,,,,,,,,,,,
1764665236.170982,45302,0,4407.179688,4424.358887,4523.974121,4553.717773,4415.128418,4542.179688,4558.974121,4414.230957,4583.077148,4418.589844,4524.102539,4527.820313,4584.743652,4381.538574,4377.563965,4506.410156,4558.589844,4539.743652,4511.794922,4379.615234,4392.94873,4570.897461,4528.461426,4509.743652,4416.025879,4587.94873,4409.358887,4574.615234,4528.333496,4405,4541.153809,4522.820313,2939,1,25,1024,47170,,,,0,4,4,4,4,4,4,4,4,4,4,4,4,4,4,4,4,4,4,4,4,4,4,4,4,4,4,4,4,4,4,4,4,100,,,,,,,,,,,,,,,,,,,,,,,,,,,,,,,,,,,,,,,,,,,,,,,,,,,,,,,,,,,,,,,,,,,,,,,,,,,,,,,,,,,,,,,,,,,,,,,,,,,,,,,,,,,,,,,,,,,,,,,,,,,,,,,,,,,,,,,,,,,,,,,,,,,,,,,,,,,,,,,,,,,,,,,,,,,,,,,,,,,,,,,,,,,,,,,,,,,,,,,,,,,,,,
1764665236.174887,45303,0,4404.615234,4420.256348,4521.282227,4549.487305,4415.256348,4542.307617,4556.538574,4409.230957,4574.743652,4413.589844,4522.436035,4525.128418,4579.358887,4375.769043,4373.205078,4503.846191,4556.666504,4535.512695,4507.94873,4375.641113,4391.922852,4567.94873,4527.436035,4507.05127,4415,4586.410156,4403.717773,4571.153809,4527.692383,4403.846191,4539.487305,4521.538574,2852,1,25,1024,47170,,,,0,4,4,4,4,4,4,4,4,4,4,4,4,4,4,4,4,4,4,4,4,4,4,4,4,4,4,4,4,4,4,4,4,100,,,,,,,,,,,,,,,,,,,,,,,,,,,,,,,,,,,,,,,,,,,,,,,,,,,,,,,,,,,,,,,,,,,,,,,,,,,,,,,,,,,,,,,,,,,,,,,,,,,,,,,,,,,,,,,,,,,,,,,,,,,,,,,,,,,,,,,,,,,,,,,,,,,,,,,,,,,,,,,,,,,,,,,,,,,,,,,,,,,,,,,,,,,,,,,,,,,,,,,,,,,,,,
1764665236.178793,45304,0,4402.436035,4416.282227,4521.794922,4548.461426,4416.666504,4542.94873,4555.641113,4406.410156,4570.897461,4406.282227,4522.307617,4523.846191,4578.461426,4372.94873,4374.102539,4503.974121,4556.282227,4533.461426,4507.179688,4376.282227,4393.974121,4570.384766,4528.205078,4507.179688,4412.436035,4587.307617,4401.538574,4570.897461,4525.128418,4404.230957,4539.871582,4522.307617,2777,1,25,1280,47177,,,,0,4,4,4,4,4,4,4,4,4,4,4,4,4,4,4,4,4,4,4,4,4,4,4,4,4,4,4,4,4,4,4,4,100,,,,,,,,,,,,,,,,,,,,,,,,,,,,,,,,,,,,,,,,,,,,,,,,,,,,,,,,,,,,,,,,,,,,,,,,,,,,,,,,,,,,,,,,,,,,,,,,,,,,,,,,,,,,,,,,,,,,,,,,,,,,,,,,,,,,,,,,,,,,,,,,,,,,,,,,,,,,,,,,,,,,,,,,,,,,,,,,,,,,,,,,,,,,,,,,,,,,,,,,,,,,,,
1764665236.182699,45305,0,4400.512695,4413.589844,4523.846191,4549.743652,4417.307617,4542.563965,4556.282227,4405.641113,4571.410156,4400.256348,4521.794922,4523.589844,4581.410156,4373.589844,4378.717773,4505.256348,4556.282227,4533.974121,4509.102539,4381.025879,4397.94873,4576.282227,4528.974121,4508.589844,4410.769043,4588.205078,4401.410156,4572.179688,4521.025879,4404.102539,4540.384766,4522.692383,2832,1,25,1280,47177,,,,0,4,4,4,4,4,4,4,4,4,4,4,4,4,4,4,4,4,4,4,4,4,4,4,4,4,4,4,4,4,4,4,4,100,,,,,,,,,,,,,,,,,,,,,,,,,,,,,,,,,,,27710,0,0.263253,-0.598816,-0.733887,0.183105,0.984495,0.223172,0.045904,24.666666,27.666666,45.166668,,,,,,,,,,,,,,,,,,,,,,,,,,,,,,,,,,,,,,,,,,,,,,,,,,,,,,,,,,,,,,,,,,,,,,,,,,,,,,,,,,,,,,,,,,,,,,,,,,,,,,,,,,,,,,,,,,,,,,,,,,,,,,,,,,,,,,,,,,,,,,,,,,,,,,,,,,,,,,,,
1764665236.186605,45306,0,4398.205078,4411.922852,4523.717773,4550.512695,4414.871582,4539.615234,4556.666504,4403.717773,4573.205078,4397.307617,4519.102539,4522.436035,4584.871582,4376.410156,4383.717773,4506.282227,4555.384766,4535.897461,4511.922852,4387.179688,4401.282227,4580.897461,4528.205078,4508.846191,4411.153809,4587.563965,4400.769043,4572.692383,4516.666504,4401.794922,4539.615234,4521.538574,1965,1,25,1536,47185,,,,0,4,4,4,4,4,4,4,4,4,4,4,4,4,4,4,4,4,4,4,4,4,4,4,4,4,4,4,4,4,4,4,4,100,0.972656,100,4,4,4,4,4,4,4,4,4,4,4,4,4,4,4,4,4,4,4,4,4,4,4,4,4,4,4,4,4,4,4,4,,,,,,,,,,,,,2.190767,1.116112,0.529942,0.636084,0.507837,2.339216,2.087274,0.873969,0.64361,0.465752,2.317305,2.217988,1.011891,0.818027,0.58047,1.610545,2.03074,0.789414,0.577347,0.48596,3.653238,2.418143,1.057349,0.826683,0.534308,3.366791,1.90282,0.796753,0.474508,0.389568,2.08606,1.111695,0.693591,0.658986,0.486337,1.622577,1.751771,0.743377,0.745441,0.57836,0.856509,1.351159,0.640706,0.665515,0.591185,1.154576,2.330566,1.374651,1.11421,1.083954,1.490216,0.8043,0.280563,0.523828,0.517405,2.319534,1.194374,0.678922,0.565497,0.475752,0.949142,1.968339,0.556982,0.857953,0.458645,0.650414,0.542831,0.425838,0.577866,0.286425,0.241149,0.55035,0.440108,0.67637,0.395139,0.438604,2.11986,0.669552,0.664635,0.390984,1.762968,2.31389,0.836247,0.9257,0.534334,0.53055,2.202518,0.536282,1.052605,0.516967,0.231386,1.018069,0.485286,0.785003,0.252203,0.586857,0.524906,0.857092,0.927477,0.373562,0.848111,1.362072,1.234332,1.089052,0.340637,1.033723,2.092524,0.93432,1.124555,0.488966,1.233243,0.957656,0.809255,0.725134,0.425431,1.214855,1.471634,1.069333,0.923015,0.467854,1.557953,1.770273,3.168057,1.238064,1.130529,1.590957,0.737004,0.826316,0.737942,0.394968,1.610198,1.071151,0.856121,0.982907,0.52585,2.124981,1.516814,1.115042,0.751082,0.504074,1.279415,0.650577,0.511117,0.363935,0.262207,1.9892,1.273391,0.996709,0.785038,0.641593,1.807713,1.469146,1.183227,0.928185,0.630482,2.436718,1.53135,1.15428,0.847507,0.516444
1764665236.190511,45307,0,4395.897461,4411.794922,4520.384766,4548.974121,4409.743652,4534.615234,4555.256348,4399.615234,4573.846191,4397.563965,4514.871582,4519.230957,4585.769043,4379.615234,4386.538574,4506.794922,4554.871582,4538.717773,4514.487305,4391.922852,4403.333496,4581.538574,4526.794922,4508.077148,4413.589844,4586.410156,4399.230957,4571.922852,4514.743652,4398.846191,4538.205078,4520,2649,1,25,1536,47185,,,,0,4,4,4,4,4,4,4,4,4,4,4,4,4,4,4,4,4,4,4,4,4,4,4,4,4,4,4,4,4,4,4,4,100,,,,,,,,,,,,,,,,,,,,,,,,,,,,,,,,,,,,,,,,,,,,,,,,,,,,,,,,,,,,,,,,,,,,,,,,,,,,,,,,,,,,,,,,,,,,,,,,,,,,,,,,,,,,,,,,,,,,,,,,,,,,,,,,,,,,,,,,,,,,,,,,,,,,,,,,,,,,,,,,,,,,,,,,,,,,,,,,,,,,,,,,,,,,,,,,,,,,,,,,,,,,,,
1764665236.194416,45308,0,4395,4412.692383,4516.025879,4545.512695,4404.230957,4530.384766,4552.692383,4394.743652,4573.589844,4399.615234,4511.538574,4515.384766,4583.589844,4382.179688,4386.794922,4507.563965,4556.153809,4542.05127,4516.794922,4394.871582,4404.615234,4579.487305,4526.410156,4508.205078,4417.179688,4586.538574,4398.461426,4571.282227,4515.769043,4398.333496,4538.717773,4520.128418,2706,1,25,1792,47194,,,,0,4,4,4,4,4,4,4,4,4,4,4,4,4,4,4,4,4,4,4,4,4,4,4,4,4,4,4,4,4,4,4,4,100,,,,,,,,,,,,,,,,,,,,,,,,,,,,,,,,,,,,,,,,,,,,,,,,,,,,,,,,,,,,,,,,,,,,,,,,,,,,,,,,,,,,,,,,,,,,,,,,,,,,,,,,,,,,,,,,,,,,,,,,,,,,,,,,,,,,,,,,,,,,,,,,,,,,,,,,,,,,,,,,,,,,,,,,,,,,,,,,,,,,,,,,,,,,,,,,,,,,,,,,,,,,,,
1764665236.198322,45309,0,4395.512695,4413.077148,4513.205078,4541.025879,4400.769043,4527.820313,4550.128418,4391.025879,4573.461426,4400.256348,4510.384766,4512.94873,4579.743652,4382.94873,4385.641113,4508.077148,4559.102539,4545,4518.974121,4396.153809,4405.641113,4577.179688,4527.179688,4510,4419.230957,4588.077148,4399.487305,4571.538574,4517.436035,4401.282227,4541.282227,4521.922852,2521,1,25,1792,47194,,,,0,4,4,4,4,4,4,4,4,4,4,4,4,4,4,4,4,4,4,4,4,4,4,4,4,4,4,4,4,4,4,4,4,100,,,,,,,,,,,,,,,,,,,,,,,,,,,,,,,,,,,27711,0,0.263168,-0.598816,-0.733948,0.182983,0.962031,0.216823,0.038579,23.166666,29,44.166668,,,,,,,,,,,,,,,,,,,,,,,,,,,,,,,,,,,,,,,,,,,,,,,,,,,,,,,,,,,,,,,,,,,,,,,,,,,,,,,,,,,,,,,,,,,,,,,,,,,,,,,,,,,,,,,,,,,,,,,,,,,,,,,,,,,,,,,,,,,,,,,,,,,,,,,,,,,,,,,,
1764665236.202228,45310,0,4395.128418,4410,4511.282227,4536.025879,4398.461426,4525.512695,4547.563965,4388.461426,4572.436035,4396.794922,4509.487305,4511.410156,4575.128418,4380.128418,4383.461426,4507.563965,4560.128418,4545.512695,4519.487305,4395,4405.128418,4575.384766,4527.179688,4511.666504,4416.282227,4588.461426,4400.256348,4571.025879,4515.897461,4404.102539,4542.563965,4521.922852,2672,1,25,2048,47201,,,,0,4,4,4,4,4,4,4,4,4,4,4,4,4,4,4,4,4,4,4,4,4,4,4,4,4,4,4,4,4,4,4,4,100,,,,,,,,,,,,,,,,,,,,,,,,,,,,,,,,,,,,,,,,,,,,,,,,,,,,,,,,,,,,,,,,,,,,,,,,,,,,,,,,,,,,,,,,,,,,,,,,,,,,,,,,,,,,,,,,,,,,,,,,,,,,,,,,,,,,,,,,,,,,,,,,,,,,,,,,,,,,,,,,,,,,,,,,,,,,,,,,,,,,,,,,,,,,,,,,,,,,,,,,,,,,,,
1764665236.206134,45311,0,4391.410156,4402.05127,4508.205078,4530,4394.743652,4521.282227,4543.589844,4385.512695,4568.589844,4388.077148,4506.410156,4508.846191,4570.384766,4373.333496,4380.512695,4505.384766,4556.025879,4542.05127,4516.538574,4391.282227,4401.922852,4572.436035,4523.974121,4510.256348,4406.794922,4585.256348,4397.692383,4567.179688,4509.487305,4402.05127,4538.846191,4516.538574,2839,1,25,2048,47201,,,,0,4,4,4,4,4,4,4,4,4,4,4,4,4,4,4,4,4,4,4,4,4,4,4,4,4,4,4,4,4,4,4,4,100,,,,,,,,,,,,,,,,,,,,,,,,,,,,,,,,,,,,,,,,,,,,,,,,,,,,,,,,,,,,,,,,,,,,,,,,,,,,,,,,,,,,,,,,,,,,,,,,,,,,,,,,,,,,,,,,,,,,,,,,,,,,,,,,,,,,,,,,,,,,,,,,,,,,,,,,,,,,,,,,,,,,,,,,,,,,,,,,,,,,,,,,,,,,,,,,,,,,,,,,,,,,,,
1764665236.210039,45312,0,4384.871582,4391.666504,4502.820313,4523.589844,4388.974121,4515.384766,4538.205078,4381.794922,4562.05127,4377.179688,4501.282227,4504.615234,4567.05127,4365.641113,4378.077148,4503.333496,4546.922852,4536.410156,4511.282227,4386.922852,4396.794922,4567.692383,4517.94873,4504.615234,4393.974121,4579.102539,4391.153809,4560.128418,4500.641113,4393.974121,4530.384766,4506.666504,2759,1,25,2304,47209,,,,0,4,4,4,4,4,4,4,4,4,4,4,4,4,4,4,4,4,4,4,4,4,4,4,4,4,4,4,4,4,4,4,4,100,,,,,,,,,,,,,,,,,,,,,,,,,,,,,,,,,,,,,,,,,,,,,,,,,,,,,,,,,,,,,,,,,,,,,,,,,,,,,,,,,,,,,,,,,,,,,,,,,,,,,,,,,,,,,,,,,,,,,,,,,,,,,,,,,,,,,,,,,,,,,,,,,,,,,,,,,,,,,,,,,,,,,,,,,,,,,,,,,,,,,,,,,,,,,,,,,,,,,,,,,,,,,,
1764665236.213945,45313,0,4380.128418,4384.743652,4497.820313,4519.230957,4383.717773,4510.897461,4534.230957,4379.230957,4557.307617,4370.641113,4498.205078,4502.05127,4567.436035,4362.05127,4378.205078,4504.358887,4538.461426,4533.589844,4507.436035,4385.512695,4393.589844,4563.974121,4513.205078,4498.461426,4385.384766,4574.102539,4384.743652,4553.974121,4494.871582,4385,4522.563965,4498.077148,2924,1,25,2304,47209,,,,0,4,4,4,4,4,4,4,4,4,4,4,4,4,4,4,4,4,4,4,4,4,4,4,4,4,4,4,4,4,4,4,4,100,,,,,,,,,,,,,,,,,,,,,,,,,,,,,,,,,,,27712,0,0.26321,-0.598816,-0.733948,0.182922,0.98596,0.222195,0.056159,23.166666,29,44.166668,,,,,,,,,,,,,,,,,,,,,,,,,,,,,,,,,,,,,,,,,,,,,,,,,,,,,,,,,,,,,,,,,,,,,,,,,,,,,,,,,,,,,,,,,,,,,,,,,,,,,,,,,,,,,,,,,,,,,,,,,,,,,,,,,,,,,,,,,,,,,,,,,,,,,,,,,,,,,,,,
1764665236.217851,45314,0,4381.794922,4386.538574,4497.307617,4520.256348,4383.589844,4512.05127,4535.256348,4381.282227,4559.102539,4374.871582,4501.025879,4505.384766,4573.205078,4366.153809,4382.692383,4510.384766,4537.820313,4538.333496,4509.487305,4389.871582,4395.897461,4566.025879,4514.743652,4497.436035,4388.205078,4575.256348,4384.358887,4554.230957,4496.025879,4382.563965,4522.179688,4497.563965,2604,1,25,2560,47217,,,,0,4,4,4,4,4,4,4,4,4,4,4,4,4,4,4,4,4,4,4,4,4,4,4,4,4,4,4,4,4,4,4,4,100,,,,,,,,,,,,,,,,,,,,,,,,,,,,,,,,,,,,,,,,,,,,,,,,,,,,,,,,,,,,,,,,,,,,,,,,,,,,,,,,,,,,,,,,,,,,,,,,,,,,,,,,,,,,,,,,,,,,,,,,,,,,,,,,,,,,,,,,,,,,,,,,,,,,,,,,,,,,,,,,,,,,,,,,,,,,,,,,,,,,,,,,,,,,,,,,,,,,,,,,,,,,,,
1764665236.221757,45315,0,4390.384766,4396.538574,4503.589844,4527.820313,4390.384766,4519.487305,4542.307617,4389.102539,4568.461426,4390.384766,4509.871582,4515.897461,4582.94873,4376.410156,4390.769043,4519.615234,4547.563965,4551.025879,4517.94873,4399.230957,4403.846191,4575.256348,4523.846191,4503.974121,4402.179688,4583.589844,4392.820313,4562.563965,4503.974121,4389.487305,4531.153809,4506.666504,2860,1,25,2560,47217,,,,0,4,4,4,4,4,4,4,4,4,4,4,4,4,4,4,4,4,4,4,4,4,4,4,4,4,4,4,4,4,4,4,4,100,,,,,,,,,,,,,,,,,,,,,,,,,,,,,,,,,,,,,,,,,,,,,,,,,,,,,,,,,,,,,,,,,,,,,,,,,,,,,,,,,,,,,,,,,,,,,,,,,,,,,,,,,,,,,,,,,,,,,,,,,,,,,,,,,,,,,,,,,,,,,,,,,,,,,,,,,,,,,,,,,,,,,,,,,,,,,,,,,,,,,,,,,,,,,,,,,,,,,,,,,,,,,,
1764665236.225663,45316,0,4400.897461,4408.205078,4513.846191,4538.974121,4400.897461,4529.102539,4551.153809,4399.615234,4580.641113,4409.230957,4520.128418,4528.589844,4592.307617,4386.922852,4398.717773,4527.563965,4561.922852,4565.512695,4528.333496,4408.333496,4412.692383,4586.922852,4535.128418,4514.230957,4419.102539,4595,4405.897461,4574.358887,4513.461426,4401.282227,4544.358887,4520,2758,1,25,2560,47224,,,,0,4,4,4,4,4,4,4,4,4,4,4,4,4,4,4,4,4,4,4,4,4,4,4,4,4,4,4,4,4,4,4,4,100,,,,,,,,,,,,,,,,,,,,,,,,,,,,,,,,,,,,,,,,,,,,,,,,,,,,,,,,,,,,,,,,,,,,,,,,,,,,,,,,,,,,,,,,,,,,,,,,,,,,,,,,,,,,,,,,,,,,,,,,,,,,,,,,,,,,,,,,,,,,,,,,,,,,,,,,,,,,,,,,,,,,,,,,,,,,,,,,,,,,,,,,,,,,,,,,,,,,,,,,,,,,,,
1764665236.229568,45317,0,4406.538574,4413.077148,4521.922852,4547.05127,4408.333496,4534.871582,4555.641113,4406.922852,4588.461426,4420.256348,4525.641113,4535.128418,4596.153809,4391.922852,4402.307617,4529.743652,4571.153809,4573.077148,4533.974121,4411.538574,4415.897461,4592.563965,4540.384766,4520.384766,4427.692383,4602.436035,4415,4581.666504,4518.333496,4409.230957,4553.077148,4528.461426,2793,1,25,2560,47224,,,,0,4,4,4,4,4,4,4,4,4,4,4,4,4,4,4,4,4,4,4,4,4,4,4,4,4,4,4,4,4,4,4,4,100,,,,,,,,,,,,,,,,,,,,,,,,,,,,,,,,,,,27713,0,0.263338,-0.598816,-0.733887,0.182983,0.966915,0.223172,0.046881,24.666666,29.166666,43.833332,,,,,,,,,,,,,,,,,,,,,,,,,,,,,,,,,,,,,,,,,,,,,,,,,,,,,,,,,,,,,,,,,,,,,,,,,,,,,,,,,,,,,,,,,,,,,,,,,,,,,,,,,,,,,,,,,,,,,,,,,,,,,,,,,,,,,,,,,,,,,,,,,,,,,,,,,,,,,,,,
1764665236.233474,45318,0,4403.589844,4407.05127,4522.692383,4547.307617,4407.563965,4533.589844,4551.666504,4406.538574,4586.922852,4415.769043,4523.717773,4530.897461,4592.05127,4389.487305,4400,4524.743652,4568.974121,4568.589844,4531.153809,4406.922852,4410.256348,4587.436035,4535.512695,4517.179688,4422.94873,4601.666504,4413.974121,4578.846191,4515.384766,4407.820313,4551.922852,4526.922852,2797,1,25,2561,47232,,,,0,4,4,4,4,4,4,4,4,4,4,4,4,4,4,4,4,4,4,4,4,4,4,4,4,4,4,4,4,4,4,4,4,100,,,,,,,,,,,,,,,,,,,,,,,,,,,,,,,,,,,,,,,,,,,,,,,,,,,,,,,,,,,,,,,,,,,,,,,,,,,,,,,,,,,,,,,,,,,,,,,,,,,,,,,,,,,,,,,,,,,,,,,,,,,,,,,,,,,,,,,,,,,,,,,,,,,,,,,,,,,,,,,,,,,,,,,,,,,,,,,,,,,,,,,,,,,,,,,,,,,,,,,,,,,,,,
1764665236.237380,45319,0,4393.974121,4393.077148,4515.769043,4539.871582,4399.615234,4527.307617,4541.922852,4398.717773,4577.436035,4398.461426,4516.410156,4518.717773,4582.692383,4382.692383,4393.846191,4515.897461,4557.307617,4554.743652,4521.794922,4398.077148,4398.461426,4574.230957,4523.333496,4506.025879,4410,4594.487305,4403.974121,4567.563965,4506.666504,4398.333496,4542.820313,4517.692383,2981,1,25,2561,47232,,,,0,4,4,4,4,4,4,4,4,4,4,4,4,4,4,4,4,4,4,4,4,4,4,4,4,4,4,4,4,4,4,4,4,100,,,,,,,,,,,,,,,,,,,,,,,,,,,,,,,,,,,,,,,,,,,,,,,,,,,,,,,,,,,,,,,,,,,,,,,,,,,,,,,,,,,,,,,,,,,,,,,,,,,,,,,,,,,,,,,,,,,,,,,,,,,,,,,,,,,,,,,,,,,,,,,,,,,,,,,,,,,,,,,,,,,,,,,,,,,,,,,,,,,,,,,,,,,,,,,,,,,,,,,,,,,,,,
1764665236.241286,45320,0,4383.974121,4379.230957,4505.384766,4529.487305,4389.743652,4520.769043,4532.820313,4388.333496,4566.282227,4379.102539,4508.846191,4506.666504,4573.589844,4376.922852,4387.94873,4508.077148,4544.487305,4540,4512.179688,4390.512695,4387.05127,4561.410156,4511.538574,4493.846191,4399.358887,4586.666504,4392.307617,4555.384766,4498.077148,4386.922852,4532.563965,4507.05127,2863,1,25,2304,47240,,,,0,4,4,4,4,4,4,4,4,4,4,4,4,4,4,4,4,4,4,4,4,4,4,4,4,4,4,4,4,4,4,4,4,100,,,,,,,,,,,,,,,,,,,,,,,,,,,,,,,,,,,,,,,,,,,,,,,,,,,,,,,,,,,,,,,,,,,,,,,,,,,,,,,,,,,,,,,,,,,,,,,,,,,,,,,,,,,,,,,,,,,,,,,,,,,,,,,,,,,,,,,,,,,,,,,,,,,,,,,,,,,,,,,,,,,,,,,,,,,,,,,,,,,,,,,,,,,,,,,,,,,,,,,,,,,,,,
1764665236.245191,45321,0,4378.974121,4373.333496,4496.538574,4521.794922,4383.717773,4517.05127,4529.487305,4380.512695,4558.974121,4368.717773,4504.358887,4501.538574,4569.358887,4375.256348,4384.743652,4504.358887,4538.077148,4532.307617,4507.563965,4386.922852,4381.282227,4556.153809,4506.538574,4487.179688,4397.563965,4582.179688,4386.025879,4548.846191,4494.487305,4380.128418,4526.922852,4500.256348,2717,1,25,2304,47240,,,,0,4,4,4,4,4,4,4,4,4,4,4,4,4,4,4,4,4,4,4,4,4,4,4,4,4,4,4,4,4,4,4,4,100,,,,,,,,,,,,,,,,,,,,,,,,,,,,,,,,,,,27714,0,0.263264,-0.598755,-0.733948,0.183044,0.977658,0.210475,0.057136,24.833334,27.833334,43.666668,,,,,,,,,,,,,,,,,,,,,,,,,,,,,,,,,,,,,,,,,,,,,,,,,,,,,,,,,,,,,,,,,,,,,,,,,,,,,,,,,,,,,,,,,,,,,,,,,,,,,,,,,,,,,,,,,,,,,,,,,,,,,,,,,,,,,,,,,,,,,,,,,,,,,,,,,,,,,,,,
1764665236.249097,45322,0,4380,4376.410156,4491.666504,4519.230957,4383.589844,4516.025879,4531.282227,4377.94873,4556.794922,4370.897461,4503.205078,4504.230957,4570,4376.282227,4383.205078,4504.358887,4539.487305,4533.205078,4508.846191,4386.153809,4381.922852,4559.487305,4508.846191,4487.563965,4402.692383,4580.641113,4386.410156,4549.615234,4496.538574,4379.487305,4526.666504,4498.077148,2285,1,25,1792,47248,,,,0,4,4,4,4,4,4,4,4,4,4,4,4,4,4,4,4,4,4,4,4,4,4,4,4,4,4,4,4,4,4,4,4,100,,,,,,,,,,,,,,,,,,,,,,,,,,,,,,,,,,,,,,,,,,,,,,,,,,,,,,,,,,,,,,,,,,,,,,,,,,,,,,,,,,,,,,,,,,,,,,,,,,,,,,,,,,,,,,,,,,,,,,,,,,,,,,,,,,,,,,,,,,,,,,,,,,,,,,,,,,,,,,,,,,,,,,,,,,,,,,,,,,,,,,,,,,,,,,,,,,,,,,,,,,,,,,
1764665236.253003,45323,0,4383.846191,4383.461426,4489.871582,4520.128418,4386.282227,4515,4533.846191,4378.589844,4557.179688,4379.615234,4502.94873,4510,4572.05127,4375.641113,4380.641113,4505.256348,4544.358887,4538.205078,4512.179688,4384.743652,4385.512695,4565.769043,4513.717773,4491.538574,4406.410156,4579.102539,4389.230957,4553.717773,4500.769043,4381.666504,4527.692383,4497.563965,2687,1,25,1792,47248,,,,0,4,4,4,4,4,4,4,4,4,4,4,4,4,4,4,4,4,4,4,4,4,4,4,4,4,4,4,4,4,4,4,4,100,,,,,,,,,,,,,,,,,,,,,,,,,,,,,,,,,,,,,,,,,,,,,,,,,,,,,,,,,,,,,,,,,,,,,,,,,,,,,,,,,,,,,,,,,,,,,,,,,,,,,,,,,,,,,,,,,,,,,,,,,,,,,,,,,,,,,,,,,,,,,,,,,,,,,,,,,,,,,,,,,,,,,,,,,,,,,,,,,,,,,,,,,,,,,,,,,,,,,,,,,,,,,,
1764665236.256909,45324,0,4386.666504,4387.94873,4488.974121,4521.410156,4388.077148,4512.179688,4533.333496,4379.487305,4557.820313,4385.256348,4501.282227,4512.692383,4572.179688,4371.538574,4375.641113,4505.128418,4546.922852,4540.512695,4513.461426,4380.769043,4388.717773,4568.717773,4515.769043,4494.743652,4402.436035,4575.769043,4389.358887,4556.410156,4502.94873,4382.05127,4526.666504,4496.025879,2495,1,25,2048,47256,,,,0,4,4,4,4,4,4,4,4,4,4,4,4,4,4,4,4,4,4,4,4,4,4,4,4,4,4,4,4,4,4,4,4,100,,,,,,,,,,,,,,,,,,,,,,,,,,,,,,,,,,,,,,,,,,,,,,,,,,,,,,,,,,,,,,,,,,,,,,,,,,,,,,,,,,,,,,,,,,,,,,,,,,,,,,,,,,,,,,,,,,,,,,,,,,,,,,,,,,,,,,,,,,,,,,,,,,,,,,,,,,,,,,,,,,,,,,,,,,,,,,,,,,,,,,,,,,,,,,,,,,,,,,,,,,,,,,
1764665236.260814,45325,0,4386.666504,4387.692383,4488.717773,4522.05127,4387.820313,4509.487305,4530.641113,4379.230957,4558.461426,4383.333496,4498.846191,4510.897461,4571.153809,4367.307617,4370.128418,4504.615234,4546.153809,4538.077148,4511.666504,4376.153809,4390.769043,4566.794922,4514.487305,4495.384766,4392.692383,4572.307617,4386.410156,4556.410156,4502.179688,4379.871582,4524.102539,4493.461426,2241,1,25,2048,47256,,,,0,4,4,4,4,4,4,4,4,4,4,4,4,4,4,4,4,4,4,4,4,4,4,4,4,4,4,4,4,4,4,4,4,100,,,,,,,,,,,,,,,,,,,,,,,,,,,,,,,,,,,27715,0,0.263167,-0.598816,-0.734009,0.182739,0.98303,0.217312,0.042974,22.833334,28.166666,44.166668,,,,,,,,,,,,,,,,,,,,,,,,,,,,,,,,,,,,,,,,,,,,,,,,,,,,,,,,,,,,,,,,,,,,,,,,,,,,,,,,,,,,,,,,,,,,,,,,,,,,,,,,,,,,,,,,,,,,,,,,,,,,,,,,,,,,,,,,,,,,,,,,,,,,,,,,,,,,,,,,
1764665236.264720,45326,0,4385.897461,4387.05127,4490.641113,4523.461426,4388.333496,4510.641113,4530.256348,4379.871582,4561.025879,4377.563965,4498.589844,4508.333496,4572.563965,4368.461426,4368.717773,4505.256348,4545.897461,4534.358887,4509.102539,4375,4393.461426,4564.615234,4513.717773,4495.897461,4385.897461,4571.794922,4384.743652,4556.538574,4501.282227,4378.333496,4523.846191,4492.820313,2713,1,25,2048,47263,,,,0,4,4,4,4,4,4,4,4,4,4,4,4,4,4,4,4,4,4,4,4,4,4,4,4,4,4,4,4,4,4,4,4,100,,,,,,,,,,,,,,,,,,,,,,,,,,,,,,,,,,,,,,,,,,,,,,,,,,,,,,,,,,,,,,,,,,,,,,,,,,,,,,,,,,,,,,,,,,,,,,,,,,,,,,,,,,,,,,,,,,,,,,,,,,,,,,,,,,,,,,,,,,,,,,,,,,,,,,,,,,,,,,,,,,,,,,,,,,,,,,,,,,,,,,,,,,,,,,,,,,,,,,,,,,,,,,
1764665236.268626,45327,0,4387.692383,4391.153809,4496.666504,4527.436035,4392.563965,4517.436035,4535.256348,4384.102539,4566.922852,4376.666504,4502.94873,4510.641113,4579.358887,4377.179688,4374.102539,4508.077148,4550.897461,4535.384766,4509.358887,4380,4398.461426,4567.692383,4517.179688,4499.743652,4389.743652,4576.538574,4388.717773,4560.512695,4503.333496,4381.538574,4528.974121,4496.794922,2497,1,25,2048,47263,,,,0,4,4,4,4,4,4,4,4,4,4,4,4,4,4,4,4,4,4,4,4,4,4,4,4,4,4,4,4,4,4,4,4,100,,,,,,,,,,,,,,,,,,,,,,,,,,,,,,,,,,,,,,,,,,,,,,,,,,,,,,,,,,,,,,,,,,,,,,,,,,,,,,,,,,,,,,,,,,,,,,,,,,,,,,,,,,,,,,,,,,,,,,,,,,,,,,,,,,,,,,,,,,,,,,,,,,,,,,,,,,,,,,,,,,,,,,,,,,,,,,,,,,,,,,,,,,,,,,,,,,,,,,,,,,,,,,
1764665236.272532,45328,0,4392.94873,4400.769043,4505.769043,4533.461426,4400.384766,4526.666504,4544.615234,4392.179688,4575,4386.025879,4510.769043,4518.846191,4590.256348,4390.384766,4385,4512.563965,4561.922852,4542.94873,4513.974121,4389.615234,4404.743652,4577.563965,4524.230957,4507.436035,4403.589844,4585.384766,4398.589844,4568.461426,4508.717773,4390.128418,4538.077148,4505,2863,1,25,1280,47271,,,,0,4,4,4,4,4,4,4,4,4,4,4,4,4,4,4,4,4,4,4,4,4,4,4,4,4,4,4,4,4,4,4,4,100,,,,,,,,,,,,,,,,,,,,,,,,,,,,,,,,,,,,,,,,,,,,,,,,,,,,,,,,,,,,,,,,,,,,,,,,,,,,,,,,,,,,,,,,,,,,,,,,,,,,,,,,,,,,,,,,,,,,,,,,,,,,,,,,,,,,,,,,,,,,,,,,,,,,,,,,,,,,,,,,,,,,,,,,,,,,,,,,,,,,,,,,,,,,,,,,,,,,,,,,,,,,,,
1764665236.276438,45329,0,4399.102539,4411.410156,4513.846191,4538.974121,4408.205078,4532.692383,4553.077148,4400.384766,4581.282227,4402.307617,4517.436035,4528.333496,4600.384766,4401.666504,4396.025879,4516.794922,4573.461426,4553.717773,4520.384766,4398.974121,4409.358887,4589.230957,4530.512695,4515.769043,4418.205078,4594.102539,4409.102539,4576.666504,4514.487305,4400.128418,4546.153809,4513.717773,2926,1,25,1280,47271,,,,0,4,4,4,4,4,4,4,4,4,4,4,4,4,4,4,4,4,4,4,4,4,4,4,4,4,4,4,4,4,4,4,4,100,,,,,,,,,,,,,,,,,,,,,,,,,,,,,,,,,,,27716,0,0.262858,-0.598877,-0.73407,0.182739,0.969845,0.221218,0.047369,25.5,27.166666,43.833332,,,,,,,,,,,,,,,,,,,,,,,,,,,,,,,,,,,,,,,,,,,,,,,,,,,,,,,,,,,,,,,,,,,,,,,,,,,,,,,,,,,,,,,,,,,,,,,,,,,,,,,,,,,,,,,,,,,,,,,,,,,,,,,,,,,,,,,,,,,,,,,,,,,,,,,,,,,,,,,,
1764665236.280343,45330,0,4401.410156,4416.282227,4516.410156,4540.256348,4410.769043,4531.538574,4554.358887,4403.589844,4582.05127,4415.256348,4518.717773,4531.922852,4604.230957,4404.871582,4400.769043,4518.077148,4578.461426,4560.512695,4524.615234,4402.820313,4409.871582,4595.384766,4531.025879,4520,4423.846191,4597.563965,4413.589844,4579.615234,4516.538574,4405.641113,4548.333496,4518.077148,1763,1,25,1024,47279,,,,0,4,4,4,4,4,4,4,4,4,4,4,4,4,4,4,4,4,4,4,4,4,4,4,4,4,4,4,4,4,4,4,4,100,,,,,,,,,,,,,,,,,,,,,,,,,,,,,,,,,,,,,,,,,,,,,,,,,,,,,,,,,,,,,,,,,,,,,,,,,,,,,,,,,,,,,,,,,,,,,,,,,,,,,,,,,,,,,,,,,,,,,,,,,,,,,,,,,,,,,,,,,,,,,,,,,,,,,,,,,,,,,,,,,,,,,,,,,,,,,,,,,,,,,,,,,,,,,,,,,,,,,,,,,,,,,,
1764665236.284249,45331,0,4396.410156,4411.282227,4510.897461,4535.897461,4406.025879,4523.589844,4546.153809,4398.589844,4575.641113,4415.256348,4513.333496,4525.769043,4598.846191,4398.589844,4395.641113,4514.358887,4572.820313,4558.461426,4523.589844,4399.102539,4405.384766,4590.897461,4524.230957,4516.410156,4417.307617,4593.205078,4408.589844,4574.102539,4512.307617,4402.307617,4542.820313,4514.615234,2955,1,25,1024,47279,,,,0,4,4,4,4,4,4,4,4,4,4,4,4,4,4,4,4,4,4,4,4,4,4,4,4,4,4,4,4,4,4,4,4,100,,,,,,,,,,,,,,,,,,,,,,,,,,,,,,,,,,,,,,,,,,,,,,,,,,,,,,,,,,,,,,,,,,,,,,,,,,,,,,,,,,,,,,,,,,,,,,,,,,,,,,,,,,,,,,,,,,,,,,,,,,,,,,,,,,,,,,,,,,,,,,,,,,,,,,,,,,,,,,,,,,,,,,,,,,,,,,,,,,,,,,,,,,,,,,,,,,,,,,,,,,,,,,
1764665236.288155,45332,0,4384.871582,4397.820313,4499.487305,4526.922852,4395.641113,4512.307617,4531.666504,4386.666504,4564.487305,4401.153809,4503.717773,4512.05127,4586.922852,4386.794922,4383.205078,4505.769043,4558.333496,4548.461426,4517.436035,4390,4397.179688,4576.922852,4512.94873,4505.512695,4403.205078,4582.436035,4395.512695,4560.897461,4503.077148,4390.384766,4531.282227,4503.717773,2524,1,25,1280,47287,,,,0,4,4,4,4,4,4,4,4,4,4,4,4,4,4,4,4,4,4,4,4,4,4,4,4,4,4,4,4,4,4,4,4,100,,,,,,,,,,,,,,,,,,,,,,,,,,,,,,,,,,,,,,,,,,,,,,,,,,,,,,,,,,,,,,,,,,,,,,,,,,,,,,,,,,,,,,,,,,,,,,,,,,,,,,,,,,,,,,,,,,,,,,,,,,,,,,,,,,,,,,,,,,,,,,,,,,,,,,,,,,,,,,,,,,,,,,,,,,,,,,,,,,,,,,,,,,,,,,,,,,,,,,,,,,,,,,
1764665236.292061,45333,0,4371.153809,4382.436035,4487.820313,4517.94873,4385.256348,4501.922852,4517.820313,4373.846191,4553.846191,4381.666504,4495,4498.333496,4574.743652,4375.897461,4370.256348,4495.897461,4541.922852,4536.410156,4510,4380.641113,4388.461426,4560.384766,4503.205078,4492.05127,4389.487305,4570.769043,4380.256348,4545.641113,4492.94873,4375.897461,4518.846191,4490.897461,2823,1,25,1280,47287,,,,0,4,4,4,4,4,4,4,4,4,4,4,4,4,4,4,4,4,4,4,4,4,4,4,4,4,4,4,4,4,4,4,4,100,,,,,,,,,,,,,,,,,,,,,,,,,,,,,,,,,,,27717,0,0.262772,-0.598877,-0.734131,0.182617,0.969845,0.221218,0.047369,23.166666,27.333334,43.666668,,,,,,,,,,,,,,,,,,,,,,,,,,,,,,,,,,,,,,,,,,,,,,,,,,,,,,,,,,,,,,,,,,,,,,,,,,,,,,,,,,,,,,,,,,,,,,,,,,,,,,,,,,,,,,,,,,,,,,,,,,,,,,,,,,,,,,,,,,,,,,,,,,,,,,,,,,,,,,,,
1764665236.295966,45334,0,4361.922852,4373.846191,4482.692383,4514.487305,4381.410156,4496.282227,4512.436035,4367.307617,4549.230957,4369.615234,4492.563965,4492.05127,4568.717773,4372.307617,4365.128418,4490.512695,4531.282227,4530,4505.256348,4375.641113,4382.820313,4549.743652,4500.128418,4482.692383,4381.538574,4564.230957,4370.769043,4535.512695,4487.692383,4367.436035,4511.410156,4483.205078,2932,1,25,1536,47295,,,,0,4,4,4,4,4,4,4,4,4,4,4,4,4,4,4,4,4,4,4,4,4,4,4,4,4,4,4,4,4,4,4,4,100,,,,,,,,,,,,,,,,,,,,,,,,,,,,,,,,,,,,,,,,,,,,,,,,,,,,,,,,,,,,,,,,,,,,,,,,,,,,,,,,,,,,,,,,,,,,,,,,,,,,,,,,,,,,,,,,,,,,,,,,,,,,,,,,,,,,,,,,,,,,,,,,,,,,,,,,,,,,,,,,,,,,,,,,,,,,,,,,,,,,,,,,,,,,,,,,,,,,,,,,,,,,,,
1764665236.299872,45335,0,4362.307617,4377.307617,4488.717773,4519.230957,4387.692383,4498.205078,4519.230957,4371.410156,4554.102539,4373.333496,4499.102539,4496.922852,4572.179688,4377.692383,4371.410156,4494.102539,4531.794922,4533.333496,4506.153809,4377.94873,4383.205078,4550,4505.512695,4482.436035,4380.769043,4566.538574,4371.794922,4535.641113,4490.512695,4370.897461,4512.94873,4486.282227,2845,1,25,1536,47295,,,,0,4,4,4,4,4,4,4,4,4,4,4,4,4,4,4,4,4,4,4,4,4,4,4,4,4,4,4,4,4,4,4,4,100,,,,,,,,,,,,,,,,,,,,,,,,,,,,,,,,,,,,,,,,,,,,,,,,,,,,,,,,,,,,,,,,,,,,,,,,,,,,,,,,,,,,,,,,,,,,,,,,,,,,,,,,,,,,,,,,,,,,,,,,,,,,,,,,,,,,,,,,,,,,,,,,,,,,,,,,,,,,,,,,,,,,,,,,,,,,,,,,,,,,,,,,,,,,,,,,,,,,,,,,,,,,,,
1764665236.303778,45336,0,4372.307617,4391.538574,4504.230957,4530.384766,4402.05127,4507.436035,4535.384766,4384.615234,4566.922852,4390.128418,4512.436035,4509.871582,4582.563965,4389.230957,4385.256348,4505.769043,4542.692383,4544.487305,4511.538574,4386.025879,4389.102539,4559.487305,4515.769043,4491.025879,4384.358887,4575.897461,4382.563965,4545.897461,4500,4385.384766,4523.205078,4499.358887,2769,1,25,1792,47302,,,,0,4,4,4,4,4,4,4,4,4,4,4,4,4,4,4,4,4,4,4,4,4,4,4,4,4,4,4,4,4,4,4,4,100,,,,,,,,,,,,,,,,,,,,,,,,,,,,,,,,,,,,,,,,,,,,,,,,,,,,,,,,,,,,,,,,,,,,,,,,,,,,,,,,,,,,,,,,,,,,,,,,,,,,,,,,,,,,,,,,,,,,,,,,,,,,,,,,,,,,,,,,,,,,,,,,,,,,,,,,,,,,,,,,,,,,,,,,,,,,,,,,,,,,,,,,,,,,,,,,,,,,,,,,,,,,,,
1764665236.307684,45337,0,4385.769043,4407.820313,4521.410156,4541.922852,4416.410156,4519.230957,4552.563965,4399.487305,4581.025879,4409.230957,4525.769043,4522.94873,4593.333496,4399.615234,4397.820313,4519.102539,4557.563965,4556.282227,4517.692383,4394.487305,4396.153809,4570.641113,4524.743652,4502.307617,4388.333496,4585.897461,4396.282227,4560.256348,4511.025879,4401.922852,4536.410156,4516.153809,2823,1,25,1792,47302,,,,0,4,4,4,4,4,4,4,4,4,4,4,4,4,4,4,4,4,4,4,4,4,4,4,4,4,4,4,4,4,4,4,4,100,,,,,,,,,,,,,,,,,,,,,,,,,,,,,,,,,,,27718,0,0.262826,-0.598816,-0.734192,0.182495,0.96252,0.222195,0.047857,24.5,27.333334,44.5,,,,,,,,,,,,,,,,,,,,,,,,,,,,,,,,,,,,,,,,,,,,,,,,,,,,,,,,,,,,,,,,,,,,,,,,,,,,,,,,,,,,,,,,,,,,,,,,,,,,,,,,,,,,,,,,,,,,,,,,,,,,,,,,,,,,,,,,,,,,,,,,,,,,,,,,,,,,,,,,
1764665236.311590,45338,0,4393.717773,4415.897461,4530.897461,4547.94873,4422.05127,4527.05127,4561.538574,4407.563965,4587.692383,4418.974121,4531.666504,4527.692383,4598.205078,4402.05127,4400.641113,4525.897461,4567.179688,4560.897461,4519.358887,4396.794922,4398.333496,4575.384766,4527.179688,4507.692383,4389.102539,4589.358887,4403.846191,4569.871582,4516.794922,4409.871582,4543.846191,4527.307617,1963,1,25,2048,47310,,,,0,4,4,4,4,4,4,4,4,4,4,4,4,4,4,4,4,4,4,4,4,4,4,4,4,4,4,4,4,4,4,4,4,100,,,,,,,,,,,,,,,,,,,,,,,,,,,,,,,,,,,,,,,,,,,,,,,1.851753,1.18674,0.535273,0.58433,0.537126,1.942634,2.334191,0.862977,0.650224,0.51229,2.037338,2.44882,1.036836,0.844896,0.619837,1.605573,2.27277,0.881383,0.608197,0.532683,3.430329,2.643054,1.075126,0.863628,0.583839,3.062769,1.959892,0.734305,0.43231,0.413703,2.11447,1.234666,0.678852,0.646286,0.507556,1.487938,1.97668,0.776628,0.749054,0.61143,0.689918,1.542122,0.582591,0.658904,0.635446,1.031771,2.531136,1.348335,1.001642,1.031029,1.60009,0.784404,0.297717,0.580931,0.51998,2.201459,1.24918,0.651586,0.561807,0.531687,0.916461,1.860425,0.659163,0.836069,0.494496,0.572876,0.564771,0.404652,0.632585,0.309423,0.198502,0.613335,0.597707,0.573278,0.444742,0.403185,1.949112,0.696074,0.592551,0.420174,1.814943,2.363643,0.946108,0.846228,0.577458,0.400045,2.008838,0.540372,0.99931,0.549201,0.23166,1.02847,0.544519,0.753716,0.268613,0.512042,0.638266,0.9551,0.863222,0.408284,0.843674,1.507558,1.435655,1.103195,0.359046,0.979002,2.501094,1.029568,1.065735,0.549339,1.086201,1.306163,0.851519,0.670122,0.470687,1.185064,1.860249,1.124225,0.864672,0.498312,1.460941,2.140039,3.281084,1.208694,1.119204,1.312678,0.73276,0.910257,0.704206,0.448893,1.504246,1.314254,0.886843,0.908267,0.57495,1.982459,1.781489,1.147201,0.699364,0.538251,1.022094,0.732147,0.483291,0.351906,0.276054,1.666138,1.489028,0.963388,0.716447,0.685205,1.540347,1.761177,1.120676,0.865434,0.675962,2.071522,1.690811,1.164715,0.820854,0.524184
1764665236.315495,45339,0,4391.153809,4410.641113,4527.820313,4545.897461,4415.641113,4526.282227,4558.333496,4404.615234,4582.692383,4414.102539,4526.153809,4521.282227,4594.871582,4394.487305,4391.410156,4522.563965,4565.897461,4555.256348,4514.615234,4390.512695,4392.692383,4570.384766,4521.410156,4502.820313,4385.769043,4583.461426,4399.871582,4568.974121,4513.205078,4403.717773,4540,4526.282227,2646,1,25,2048,47310,,,,0,4,4,4,4,4,4,4,4,4,4,4,4,4,4,4,4,4,4,4,4,4,4,4,4,4,4,4,4,4,4,4,4,100,,,,,,,,,,,,,,,,,,,,,,,,,,,,,,,,,,,,,,,,,,,,,,,,,,,,,,,,,,,,,,,,,,,,,,,,,,,,,,,,,,,,,,,,,,,,,,,,,,,,,,,,,,,,,,,,,,,,,,,,,,,,,,,,,,,,,,,,,,,,,,,,,,,,,,,,,,,,,,,,,,,,,,,,,,,,,,,,,,,,,,,,,,,,,,,,,,,,,,,,,,,,,,
1764665236.319401,45340,0,4380.897461,4396.410156,4515.384766,4538.333496,4401.922852,4517.820313,4547.179688,4393.974121,4569.358887,4398.717773,4512.94873,4508.846191,4586.025879,4381.794922,4376.922852,4513.077148,4555.512695,4543.717773,4506.153809,4379.487305,4382.05127,4559.743652,4511.666504,4491.025879,4381.410156,4571.922852,4386.666504,4559.102539,4502.820313,4388.974121,4526.794922,4514.230957,2700,1,25,2304,47318,,,,0,4,4,4,4,4,4,4,4,4,4,4,4,4,4,4,4,4,4,4,4,4,4,4,4,4,4,4,4,4,4,4,4,100,,,,,,,,,,,,,,,,,,,,,,,,,,,,,,,,,,,,,,,,,,,,,,,,,,,,,,,,,,,,,,,,,,,,,,,,,,,,,,,,,,,,,,,,,,,,,,,,,,,,,,,,,,,,,,,,,,,,,,,,,,,,,,,,,,,,,,,,,,,,,,,,,,,,,,,,,,,,,,,,,,,,,,,,,,,,,,,,,,,,,,,,,,,,,,,,,,,,,,,,,,,,,,
1764665236.323307,45341,0,4371.922852,4384.487305,4503.205078,4531.153809,4390.641113,4508.846191,4537.692383,4384.615234,4557.563965,4382.820313,4500.897461,4499.358887,4578.589844,4372.820313,4367.820313,4505.769043,4544.487305,4535.641113,4500.641113,4371.922852,4374.102539,4552.436035,4505,4481.538574,4381.538574,4563.589844,4373.717773,4548.205078,4493.077148,4377.307617,4513.205078,4500.128418,2517,1,25,2304,47318,,,,0,4,4,4,4,4,4,4,4,4,4,4,4,4,4,4,4,4,4,4,4,4,4,4,4,4,4,4,4,4,4,4,4,100,,,,,,,,,,,,,,,,,,,,,,,,,,,,,,,,,,,27719,0,0.262752,-0.598755,-0.734253,0.182556,0.97131,0.216823,0.038579,24.166666,28.833334,44.666668,,,,,,,,,,,,,,,,,,,,,,,,,,,,,,,,,,,,,,,,,,,,,,,,,,,,,,,,,,,,,,,,,,,,,,,,,,,,,,,,,,,,,,,,,,,,,,,,,,,,,,,,,,,,,,,,,,,,,,,,,,,,,,,,,,,,,,,,,,,,,,,,,,,,,,,,,,,,,,,,
1764665236.327213,45342,0,4372.436035,4384.615234,4500.384766,4530,4390,4507.436035,4537.307617,4384.487305,4556.410156,4375.512695,4497.820313,4499.487305,4578.333496,4373.589844,4371.153809,4507.307617,4541.666504,4537.820313,4503.205078,4374.230957,4375.512695,4555.512695,4507.179688,4482.179688,4389.743652,4565.384766,4370.641113,4544.871582,4491.538574,4378.717773,4508.717773,4495.256348,2667,1,25,2560,47326,,,,0,4,4,4,4,4,4,4,4,4,4,4,4,4,4,4,4,4,4,4,4,4,4,4,4,4,4,4,4,4,4,4,4,100,,,,,,,,,,,,,,,,,,,,,,,,,,,,,,,,,,,,,,,,,,,,,,,,,,,,,,,,,,,,,,,,,,,,,,,,,,,,,,,,,,,,,,,,,,,,,,,,,,,,,,,,,,,,,,,,,,,,,,,,,,,,,,,,,,,,,,,,,,,,,,,,,,,,,,,,,,,,,,,,,,,,,,,,,,,,,,,,,,,,,,,,,,,,,,,,,,,,,,,,,,,,,,
1764665236.331118,45343,0,4382.820313,4397.179688,4508.846191,4535.256348,4400.384766,4515.256348,4546.025879,4393.717773,4567.307617,4379.743652,4504.102539,4508.589844,4585.512695,4382.307617,4384.230957,4517.179688,4549.102539,4549.102539,4513.205078,4385.641113,4386.282227,4567.692383,4517.179688,4493.077148,4402.820313,4577.179688,4379.871582,4551.794922,4499.615234,4392.563965,4516.025879,4503.589844,2833,1,25,2560,47326,,,,0,4,4,4,4,4,4,4,4,4,4,4,4,4,4,4,4,4,4,4,4,4,4,4,4,4,4,4,4,4,4,4,4,100,,,,,,,,,,,,,,,,,,,,,,,,,,,,,,,,,,,,,,,,,,,,,,,,,,,,,,,,,,,,,,,,,,,,,,,,,,,,,,,,,,,,,,,,,,,,,,,,,,,,,,,,,,,,,,,,,,,,,,,,,,,,,,,,,,,,,,,,,,,,,,,,,,,,,,,,,,,,,,,,,,,,,,,,,,,,,,,,,,,,,,,,,,,,,,,,,,,,,,,,,,,,,,
1764665236.335024,45344,0,4395.512695,4413.333496,4522.05127,4542.692383,4413.717773,4526.153809,4556.538574,4404.743652,4582.820313,4391.025879,4513.077148,4519.615234,4595,4390.897461,4396.153809,4527.307617,4560.256348,4560.641113,4523.974121,4397.94873,4399.102539,4580.128418,4527.436035,4506.282227,4412.692383,4590.641113,4394.615234,4563.333496,4511.282227,4408.077148,4528.974121,4518.717773,2757,1,25,2560,47334,,,,0,4,4,4,4,4,4,4,4,4,4,4,4,4,4,4,4,4,4,4,4,4,4,4,4,4,4,4,4,4,4,4,4,100,,,,,,,,,,,,,,,,,,,,,,,,,,,,,,,,,,,,,,,,,,,,,,,,,,,,,,,,,,,,,,,,,,,,,,,,,,,,,,,,,,,,,,,,,,,,,,,,,,,,,,,,,,,,,,,,,,,,,,,,,,,,,,,,,,,,,,,,,,,,,,,,,,,,,,,,,,,,,,,,,,,,,,,,,,,,,,,,,,,,,,,,,,,,,,,,,,,,,,,,,,,,,,
1764665236.338930,45345,0,4400.384766,4421.153809,4529.743652,4546.282227,4419.615234,4531.538574,4560,4408.077148,4591.410156,4401.538574,4515.769043,4524.102539,4598.974121,4391.538574,4396.410156,4527.94873,4565.512695,4563.077148,4527.692383,4401.794922,4405.256348,4583.077148,4529.871582,4511.794922,4412.436035,4595.769043,4404.358887,4570.641113,4518.077148,4413.077148,4537.94873,4528.717773,2921,1,25,2560,47334,,,,0,4,4,4,4,4,4,4,4,4,4,4,4,4,4,4,4,4,4,4,4,4,4,4,4,4,4,4,4,4,4,4,4,100,,,,,,,,,,,,,,,,,,,,,,,,,,,,,,,,,,,27720,0,0.262807,-0.598694,-0.734192,0.182922,0.99182,0.218288,0.045416,24,29.333334,43.666668,,,,,,,,,,,,,,,,,,,,,,,,,,,,,,,,,,,,,,,,,,,,,,,,,,,,,,,,,,,,,,,,,,,,,,,,,,,,,,,,,,,,,,,,,,,,,,,,,,,,,,,,,,,,,,,,,,,,,,,,,,,,,,,,,,,,,,,,,,,,,,,,,,,,,,,,,,,,,,,,
1764665236.342836,45346,0,4393.717773,4415.256348,4526.666504,4543.205078,4413.717773,4527.179688,4553.205078,4400.641113,4587.436035,4405.641113,4508.589844,4518.974121,4593.077148,4382.692383,4382.820313,4515.512695,4560,4553.077148,4521.025879,4393.589844,4400.641113,4573.717773,4522.179688,4505.897461,4402.436035,4588.974121,4403.846191,4568.589844,4515.769043,4404.358887,4537.820313,4526.410156,2604,1,25,2560,47342,,,,0,4,4,4,4,4,4,4,4,4,4,4,4,4,4,4,4,4,4,4,4,4,4,4,4,4,4,4,4,4,4,4,4,100,,,,,,,,,,,,,,,,,,,,,,,,,,,,,,,,,,,,,,,,,,,,,,,,,,,,,,,,,,,,,,,,,,,,,,,,,,,,,,,,,,,,,,,,,,,,,,,,,,,,,,,,,,,,,,,,,,,,,,,,,,,,,,,,,,,,,,,,,,,,,,,,,,,,,,,,,,,,,,,,,,,,,,,,,,,,,,,,,,,,,,,,,,,,,,,,,,,,,,,,,,,,,,
1764665236.346742,45347,0,4380.897461,4400.769043,4515.897461,4535.769043,4400.897461,4516.794922,4540.641113,4387.94873,4574.358887,4402.179688,4496.025879,4507.94873,4579.743652,4370.256348,4363.717773,4496.410156,4546.794922,4535.769043,4507.820313,4378.205078,4388.846191,4558.077148,4510,4493.205078,4390.512695,4576.025879,4395.641113,4559.230957,4506.794922,4389.743652,4530.641113,4515.128418,2861,1,25,2560,47342,,,,0,4,4,4,4,4,4,4,4,4,4,4,4,4,4,4,4,4,4,4,4,4,4,4,4,4,4,4,4,4,4,4,4,100,,,,,,,,,,,,,,,,,,,,,,,,,,,,,,,,,,,,,,,,,,,,,,,,,,,,,,,,,,,,,,,,,,,,,,,,,,,,,,,,,,,,,,,,,,,,,,,,,,,,,,,,,,,,,,,,,,,,,,,,,,,,,,,,,,,,,,,,,,,,,,,,,,,,,,,,,,,,,,,,,,,,,,,,,,,,,,,,,,,,,,,,,,,,,,,,,,,,,,,,,,,,,,
1764665236.350647,45348,0,4371.666504,4388.589844,4505.641113,4528.974121,4390.769043,4508.461426,4531.025879,4378.974121,4562.05127,4395.128418,4486.410156,4498.717773,4567.179688,4362.563965,4351.025879,4481.666504,4534.487305,4520.256348,4495.384766,4365.384766,4377.94873,4546.282227,4502.436035,4482.820313,4384.487305,4566.538574,4387.436035,4549.743652,4498.589844,4380.641113,4523.846191,4504.615234,2758,1,25,2560,47349,,,,0,4,4,4,4,4,4,4,4,4,4,4,4,4,4,4,4,4,4,4,4,4,4,4,4,4,4,4,4,4,4,4,4,100,,,,,,,,,,,,,,,,,,,,,,,,,,,,,,,,,,,,,,,,,,,,,,,,,,,,,,,,,,,,,,,,,,,,,,,,,,,,,,,,,,,,,,,,,,,,,,,,,,,,,,,,,,,,,,,,,,,,,,,,,,,,,,,,,,,,,,,,,,,,,,,,,,,,,,,,,,,,,,,,,,,,,,,,,,,,,,,,,,,,,,,,,,,,,,,,,,,,,,,,,,,,,,
1764665236.354553,45349,0,4372.820313,4387.179688,4503.333496,4527.436035,4390.256348,4508.077148,4529.871582,4379.487305,4558.333496,4389.102539,4485.897461,4497.307617,4562.820313,4364.102539,4352.05127,4479.358887,4530.128418,4513.589844,4489.615234,4362.179688,4374.102539,4544.230957,4504.743652,4480.512695,4386.538574,4565.897461,4385.897461,4546.282227,4497.692383,4383.461426,4524.102539,4503.205078,2793,1,25,2560,47349,,,,0,4,4,4,4,4,4,4,4,4,4,4,4,4,4,4,4,4,4,4,4,4,4,4,4,4,4,4,4,4,4,4,4,100,,,,,,,,,,,,,,,,,,,,,,,,,,,,,,,,,,,27721,0,0.26271,-0.598755,-0.734192,0.182861,0.980588,0.215847,0.046392,22.833334,28.166666,45.333332,,,,,,,,,,,,,,,,,,,,,,,,,,,,,,,,,,,,,,,,,,,,,,,,,,,,,,,,,,,,,,,,,,,,,,,,,,,,,,,,,,,,,,,,,,,,,,,,,,,,,,,,,,,,,,,,,,,,,,,,,,,,,,,,,,,,,,,,,,,,,,,,,,,,,,,,,,,,,,,,
1764665236.358459,45350,0,4383.077148,4396.410156,4509.871582,4531.794922,4398.846191,4515.769043,4536.153809,4388.205078,4564.358887,4387.692383,4493.846191,4504.230957,4568.077148,4372.563965,4364.615234,4488.974121,4534.743652,4516.666504,4490.897461,4368.974121,4378.077148,4550.769043,4515.256348,4485.641113,4392.692383,4572.436035,4391.153809,4550.256348,4505.256348,4394.743652,4532.307617,4511.410156,2800,1,25,2561,47357,,,,0,4,4,4,4,4,4,4,4,4,4,4,4,4,4,4,4,4,4,4,4,4,4,4,4,4,4,4,4,4,4,4,4,100,,,,,,,,,,,,,,,,,,,,,,,,,,,,,,,,,,,,,,,,,,,,,,,,,,,,,,,,,,,,,,,,,,,,,,,,,,,,,,,,,,,,,,,,,,,,,,,,,,,,,,,,,,,,,,,,,,,,,,,,,,,,,,,,,,,,,,,,,,,,,,,,,,,,,,,,,,,,,,,,,,,,,,,,,,,,,,,,,,,,,,,,,,,,,,,,,,,,,,,,,,,,,,
1764665236.362365,45351,0,4394.871582,4408.461426,4520.512695,4539.230957,4409.487305,4526.025879,4544.102539,4398.846191,4574.358887,4391.153809,4504.487305,4514.230957,4577.179688,4381.794922,4379.230957,4502.94873,4542.94873,4524.743652,4495.641113,4379.487305,4384.871582,4558.717773,4526.153809,4492.692383,4396.922852,4579.615234,4398.589844,4557.179688,4515.512695,4405.256348,4542.820313,4522.820313,2984,1,25,2561,47357,,,,0,4,4,4,4,4,4,4,4,4,4,4,4,4,4,4,4,4,4,4,4,4,4,4,4,4,4,4,4,4,4,4,4,100,,,,,,,,,,,,,,,,,,,,,,,,,,,,,,,,,,,,,,,,,,,,,,,,,,,,,,,,,,,,,,,,,,,,,,,,,,,,,,,,,,,,,,,,,,,,,,,,,,,,,,,,,,,,,,,,,,,,,,,,,,,,,,,,,,,,,,,,,,,,,,,,,,,,,,,,,,,,,,,,,,,,,,,,,,,,,,,,,,,,,,,,,,,,,,,,,,,,,,,,,,,,,,
1764665236.366270,45352,0,4400.512695,4414.615234,4527.94873,4545.384766,4414.743652,4531.922852,4547.820313,4404.615234,4581.282227,4397.307617,4510.769043,4520.256348,4583.205078,4386.666504,4386.666504,4511.922852,4547.820313,4531.538574,4499.230957,4385.897461,4388.846191,4561.538574,4530.256348,4495.897461,4394.743652,4581.538574,4402.05127,4561.538574,4520.769043,4407.307617,4548.077148,4528.461426,2867,1,25,2560,47365,,,,0,4,4,4,4,4,4,4,4,4,4,4,4,4,4,4,4,4,4,4,4,4,4,4,4,4,4,4,4,4,4,4,4,100,,,,,,,,,,,,,,,,,,,,,,,,,,,,,,,,,,,,,,,,,,,,,,,,,,,,,,,,,,,,,,,,,,,,,,,,,,,,,,,,,,,,,,,,,,,,,,,,,,,,,,,,,,,,,,,,,,,,,,,,,,,,,,,,,,,,,,,,,,,,,,,,,,,,,,,,,,,,,,,,,,,,,,,,,,,,,,,,,,,,,,,,,,,,,,,,,,,,,,,,,,,,,,
1764665236.370176,45353,0,4397.436035,4410.769043,4527.436035,4546.794922,4411.922852,4530.384766,4545,4403.205078,4581.153809,4401.794922,4509.230957,4518.846191,4582.436035,4386.410156,4383.333496,4510.897461,4545.897461,4533.589844,4499.487305,4384.358887,4388.205078,4557.563965,4525.769043,4493.461426,4386.282227,4576.666504,4398.846191,4560,4517.436035,4400.128418,4544.615234,4524.358887,2718,1,25,2560,47365,,,,0,4,4,4,4,4,4,4,4,4,4,4,4,4,4,4,4,4,4,4,4,4,4,4,4,4,4,4,4,4,4,4,4,100,,,,,,,,,,,,,,,,,,,,,,,,,,,,,,,,,,,27722,0,0.263116,-0.598633,-0.73407,0.183167,0.974728,0.219265,0.044439,23.666666,28.166666,43.333332,,,,,,,,,,,,,,,,,,,,,,,,,,,,,,,,,,,,,,,,,,,,,,,,,,,,,,,,,,,,,,,,,,,,,,,,,,,,,,,,,,,,,,,,,,,,,,,,,,,,,,,,,,,,,,,,,,,,,,,,,,,,,,,,,,,,,,,,,,,,,,,,,,,,,,,,,,,,,,,,
1764665236.374082,45354,0,4389.487305,4400.512695,4520.128418,4542.820313,4404.358887,4524.358887,4538.846191,4397.307617,4574.871582,4401.794922,4501.794922,4512.05127,4577.05127,4383.846191,4373.974121,4502.820313,4539.743652,4532.05127,4498.077148,4377.436035,4385.384766,4551.410156,4517.05127,4488.205078,4376.282227,4568.589844,4391.666504,4555,4508.077148,4389.871582,4535,4513.717773,2286,1,25,1280,47373,,,,0,4,4,4,4,4,4,4,4,4,4,4,4,4,4,4,4,4,4,4,4,4,4,4,4,4,4,4,4,4,4,4,4,100,,,,,,,,,,,,,,,,,,,,,,,,,,,,,,,,,,,,,,,,,,,,,,,,,,,,,,,,,,,,,,,,,,,,,,,,,,,,,,,,,,,,,,,,,,,,,,,,,,,,,,,,,,,,,,,,,,,,,,,,,,,,,,,,,,,,,,,,,,,,,,,,,,,,,,,,,,,,,,,,,,,,,,,,,,,,,,,,,,,,,,,,,,,,,,,,,,,,,,,,,,,,,,
1764665236.377988,45355,0,4383.461426,4391.794922,4511.538574,4536.410156,4398.717773,4519.487305,4534.743652,4392.307617,4567.820313,4397.05127,4493.974121,4505.897461,4572.436035,4382.692383,4366.666504,4495.769043,4535.769043,4531.538574,4498.333496,4371.666504,4384.871582,4549.743652,4511.282227,4485.128418,4369.871582,4563.077148,4386.153809,4552.179688,4499.871582,4384.358887,4526.153809,4503.974121,2700,1,25,1280,47373,,,,0,4,4,4,4,4,4,4,4,4,4,4,4,4,4,4,4,4,4,4,4,4,4,4,4,4,4,4,4,4,4,4,4,100,,,,,,,,,,,,,,,,,,,,,,,,,,,,,,,,,,,,,,,,,,,,,,,,,,,,,,,,,,,,,,,,,,,,,,,,,,,,,,,,,,,,,,,,,,,,,,,,,,,,,,,,,,,,,,,,,,,,,,,,,,,,,,,,,,,,,,,,,,,,,,,,,,,,,,,,,,,,,,,,,,,,,,,,,,,,,,,,,,,,,,,,,,,,,,,,,,,,,,,,,,,,,,
1764665236.381893,45356,0,4384.102539,4390.897461,4507.692383,4532.05127,4399.102539,4519.743652,4536.410156,4392.307617,4565.256348,4390.512695,4490.512695,4505.897461,4573.333496,4384.743652,4367.307617,4495.769043,4538.846191,4534.615234,4502.307617,4372.436035,4388.974121,4555.769043,4513.205078,4487.563965,4369.743652,4564.102539,4386.666504,4555.384766,4498.589844,4386.538574,4523.589844,4501.025879,2502,1,25,1280,47381,,,,0,4,4,4,4,4,4,4,4,4,4,4,4,4,4,4,4,4,4,4,4,4,4,4,4,4,4,4,4,4,4,4,4,100,,,,,,,,,,,,,,,,,,,,,,,,,,,,,,,,,,,,,,,,,,,,,,,,,,,,,,,,,,,,,,,,,,,,,,,,,,,,,,,,,,,,,,,,,,,,,,,,,,,,,,,,,,,,,,,,,,,,,,,,,,,,,,,,,,,,,,,,,,,,,,,,,,,,,,,,,,,,,,,,,,,,,,,,,,,,,,,,,,,,,,,,,,,,,,,,,,,,,,,,,,,,,,
1764665236.385799,45357,0,4391.538574,4397.436035,4510.128418,4532.307617,4404.743652,4524.615234,4543.205078,4396.794922,4568.589844,4385.897461,4492.05127,4512.692383,4579.871582,4388.589844,4374.871582,4502.436035,4547.820313,4540.769043,4508.974121,4379.743652,4396.153809,4567.05127,4521.922852,4495,4374.871582,4571.538574,4393.205078,4563.974121,4504.358887,4393.846191,4528.077148,4505.512695,2249,1,25,1280,47381,,,,0,4,4,4,4,4,4,4,4,4,4,4,4,4,4,4,4,4,4,4,4,4,4,4,4,4,4,4,4,4,4,4,4,100,,,,,,,,,,,,,,,,,,,,,,,,,,,,,,,,,,,27723,0,0.263074,-0.598633,-0.73407,0.183228,0.971798,0.224148,0.036137,23.666666,28.666666,42,,,,,,,,,,,,,,,,,,,,,,,,,,,,,,,,,,,,,,,,,,,,,,,,,,,,,,,,,,,,,,,,,,,,,,,,,,,,,,,,,,,,,,,,,,,,,,,,,,,,,,,,,,,,,,,,,,,,,,,,,,,,,,,,,,,,,,,,,,,,,,,,,,,,,,,,,,,,,,,,
1764665236.389705,45358,0,4400.897461,4405.897461,4516.025879,4536.282227,4411.025879,4530.897461,4550.769043,4401.666504,4573.846191,4386.410156,4495.769043,4521.666504,4587.563965,4391.794922,4383.717773,4510.128418,4557.307617,4546.282227,4515.384766,4388.846191,4403.333496,4577.563965,4532.05127,4503.589844,4383.333496,4580.897461,4401.410156,4573.077148,4512.820313,4400.641113,4536.025879,4512.563965,2722,1,25,1536,47388,,,,0,4,4,4,4,4,4,4,4,4,4,4,4,4,4,4,4,4,4,4,4,4,4,4,4,4,4,4,4,4,4,4,4,100,,,,,,,,,,,,,,,,,,,,,,,,,,,,,,,,,,,,,,,,,,,,,,,,,,,,,,,,,,,,,,,,,,,,,,,,,,,,,,,,,,,,,,,,,,,,,,,,,,,,,,,,,,,,,,,,,,,,,,,,,,,,,,,,,,,,,,,,,,,,,,,,,,,,,,,,,,,,,,,,,,,,,,,,,,,,,,,,,,,,,,,,,,,,,,,,,,,,,,,,,,,,,,
1764665236.393611,45359,0,4406.666504,4410.256348,4520.128418,4540.769043,4414.102539,4535,4554.615234,4403.333496,4576.025879,4392.179688,4497.820313,4527.307617,4591.153809,4392.563965,4387.692383,4513.333496,4561.794922,4547.820313,4518.589844,4394.358887,4407.307617,4582.820313,4537.820313,4509.615234,4393.205078,4587.179688,4406.922852,4577.820313,4518.461426,4403.333496,4542.05127,4516.666504,2509,1,25,1536,47388,,,,0,4,4,4,4,4,4,4,4,4,4,4,4,4,4,4,4,4,4,4,4,4,4,4,4,4,4,4,4,4,4,4,4,100,,,,,,,,,,,,,,,,,,,,,,,,,,,,,,,,,,,,,,,,,,,,,,,,,,,,,,,,,,,,,,,,,,,,,,,,,,,,,,,,,,,,,,,,,,,,,,,,,,,,,,,,,,,,,,,,,,,,,,,,,,,,,,,,,,,,,,,,,,,,,,,,,,,,,,,,,,,,,,,,,,,,,,,,,,,,,,,,,,,,,,,,,,,,,,,,,,,,,,,,,,,,,,
1764665236.397517,45360,0,4405.769043,4407.820313,4519.358887,4542.307617,4412.94873,4534.743652,4553.077148,4401.666504,4572.820313,4399.743652,4496.666504,4526.666504,4588.589844,4391.410156,4384.871582,4510.769043,4560,4544.871582,4518.333496,4393.461426,4406.922852,4581.282227,4537.436035,4511.282227,4402.179688,4587.179688,4407.307617,4576.794922,4518.461426,4401.538574,4542.820313,4515.384766,2877,1,25,1792,47396,,,,0,4,4,4,4,4,4,4,4,4,4,4,4,4,4,4,4,4,4,4,4,4,4,4,4,4,4,4,4,4,4,4,4,100,,,,,,,,,,,,,,,,,,,,,,,,,,,,,,,,,,,,,,,,,,,,,,,,,,,,,,,,,,,,,,,,,,,,,,,,,,,,,,,,,,,,,,,,,,,,,,,,,,,,,,,,,,,,,,,,,,,,,,,,,,,,,,,,,,,,,,,,,,,,,,,,,,,,,,,,,,,,,,,,,,,,,,,,,,,,,,,,,,,,,,,,,,,,,,,,,,,,,,,,,,,,,,
1764665236.401422,45361,0,4399.230957,4400.897461,4514.230957,4540,4409.102539,4530.384766,4547.94873,4398.974121,4566.666504,4404.102539,4493.717773,4520.897461,4581.794922,4389.743652,4378.846191,4505.512695,4554.358887,4539.743652,4515.769043,4387.563965,4403.717773,4575.128418,4533.077148,4508.846191,4406.538574,4581.794922,4403.846191,4572.436035,4514.230957,4397.820313,4538.589844,4510.769043,2937,1,25,1792,47396,,,,0,4,4,4,4,4,4,4,4,4,4,4,4,4,4,4,4,4,4,4,4,4,4,4,4,4,4,4,4,4,4,4,4,100,,,,,,,,,,,,,,,,,,,,,,,,,,,,,,,,,,,27724,0,0.263394,-0.598511,-0.734009,0.183411,0.971798,0.224148,0.036137,25,28,44.666668,,,,,,,,,,,,,,,,,,,,,,,,,,,,,,,,,,,,,,,,,,,,,,,,,,,,,,,,,,,,,,,,,,,,,,,,,,,,,,,,,,,,,,,,,,,,,,,,,,,,,,,,,,,,,,,,,,,,,,,,,,,,,,,,,,,,,,,,,,,,,,,,,,,,,,,,,,,,,,,,
1764665236.405328,45362,0,4390.897461,4393.333496,4507.94873,4534.743652,4404.358887,4523.974121,4541.922852,4397.179688,4561.410156,4401.794922,4491.538574,4513.205078,4575,4388.589844,4374.358887,4501.282227,4548.205078,4535.384766,4512.436035,4380.512695,4399.615234,4568.077148,4527.820313,4503.846191,4403.717773,4574.487305,4399.358887,4567.692383,4509.230957,4394.230957,4532.179688,4506.153809,1771,1,25,2048,47404,,,,0,4,4,4,4,4,4,4,4,4,4,4,4,4,4,4,4,4,4,4,4,4,4,4,4,4,4,4,4,4,4,4,4,100,,,,,,,,,,,,,,,,,,,,,,,,,,,,,,,,,,,,,,,,,,,,,,,,,,,,,,,,,,,,,,,,,,,,,,,,,,,,,,,,,,,,,,,,,,,,,,,,,,,,,,,,,,,,,,,,,,,,,,,,,,,,,,,,,,,,,,,,,,,,,,,,,,,,,,,,,,,,,,,,,,,,,,,,,,,,,,,,,,,,,,,,,,,,,,,,,,,,,,,,,,,,,,
1764665236.409234,45363,0,4384.230957,4388.333496,4502.307617,4528.205078,4399.743652,4517.05127,4536.922852,4395.384766,4558.589844,4394.102539,4490.897461,4506.794922,4570.641113,4387.692383,4373.333496,4499.615234,4543.333496,4532.436035,4509.102539,4375.512695,4396.153809,4562.820313,4523.333496,4497.820313,4394.358887,4568.461426,4395.256348,4563.589844,4506.025879,4390.641113,4526.666504,4502.692383,2969,1,25,2048,47404,,,,0,4,4,4,4,4,4,4,4,4,4,4,4,4,4,4,4,4,4,4,4,4,4,4,4,4,4,4,4,4,4,4,4,100,,,,,,,,,,,,,,,,,,,,,,,,,,,,,,,,,,,,,,,,,,,,,,,,,,,,,,,,,,,,,,,,,,,,,,,,,,,,,,,,,,,,,,,,,,,,,,,,,,,,,,,,,,,,,,,,,,,,,,,,,,,,,,,,,,,,,,,,,,,,,,,,,,,,,,,,,,,,,,,,,,,,,,,,,,,,,,,,,,,,,,,,,,,,,,,,,,,,,,,,,,,,,,
1764665236.413140,45364,0,4379.615234,4386.282227,4497.05127,4521.666504,4394.615234,4511.153809,4532.692383,4391.538574,4557.05127,4386.410156,4490.256348,4502.563965,4568.589844,4385.641113,4373.077148,4498.717773,4538.717773,4529.615234,4505.641113,4373.205078,4392.94873,4559.230957,4518.717773,4491.794922,4383.205078,4565.384766,4391.538574,4558.846191,4504.487305,4385.256348,4523.589844,4498.589844,2537,1,25,2304,47412,,,,0,4,4,4,4,4,4,4,4,4,4,4,4,4,4,4,4,4,4,4,4,4,4,4,4,4,4,4,4,4,4,4,4,100,,,,,,,,,,,,,,,,,,,,,,,,,,,,,,,,,,,,,,,,,,,,,,,,,,,,,,,,,,,,,,,,,,,,,,,,,,,,,,,,,,,,,,,,,,,,,,,,,,,,,,,,,,,,,,,,,,,,,,,,,,,,,,,,,,,,,,,,,,,,,,,,,,,,,,,,,,,,,,,,,,,,,,,,,,,,,,,,,,,,,,,,,,,,,,,,,,,,,,,,,,,,,,
1764665236.417045,45365,0,4376.153809,4385.641113,4491.410156,4516.282227,4388.717773,4507.820313,4528.589844,4385.897461,4554.871582,4383.205078,4488.589844,4499.615234,4567.05127,4382.307617,4370.512695,4496.666504,4533.333496,4525.897461,4502.563965,4372.436035,4389.358887,4556.282227,4513.589844,4486.538574,4375.384766,4564.743652,4386.922852,4552.05127,4503.205078,4378.589844,4522.179688,4492.94873,2836,1,25,2304,47412,,,,0,4,4,4,4,4,4,4,4,4,4,4,4,4,4,4,4,4,4,4,4,4,4,4,4,4,4,4,4,4,4,4,4,100,,,,,,,,,,,,,,,,,,,,,,,,,,,,,,,,,,,27725,0,0.263043,-0.598572,-0.734131,0.183228,0.982542,0.217312,0.049811,23.833334,27.166666,44.333332,,,,,,,,,,,,,,,,,,,,,,,,,,,,,,,,,,,,,,,,,,,,,,,,,,,,,,,,,,,,,,,,,,,,,,,,,,,,,,,,,,,,,,,,,,,,,,,,,,,,,,,,,,,,,,,,,,,,,,,,,,,,,,,,,,,,,,,,,,,,,,,,,,,,,,,,,,,,,,,,
1764665236.420951,45366,0,4373.461426,4385.384766,4486.794922,4513.077148,4384.230957,4507.563965,4524.743652,4381.153809,4552.563965,4385.128418,4486.538574,4497.692383,4565.256348,4378.205078,4365.897461,4493.461426,4527.563965,4522.307617,4501.282227,4371.922852,4385.641113,4553.461426,4509.102539,4482.94873,4373.461426,4565.641113,4381.410156,4544.487305,4501.153809,4373.077148,4521.282227,4487.563965,2942,1,25,2560,47420,,,,0,4,4,4,4,4,4,4,4,4,4,4,4,4,4,4,4,4,4,4,4,4,4,4,4,4,4,4,4,4,4,4,4,100,,,,,,,,,,,,,,,,,,,,,,,,,,,,,,,,,,,,,,,,,,,,,,,,,,,,,,,,,,,,,,,,,,,,,,,,,,,,,,,,,,,,,,,,,,,,,,,,,,,,,,,,,,,,,,,,,,,,,,,,,,,,,,,,,,,,,,,,,,,,,,,,,,,,,,,,,,,,,,,,,,,,,,,,,,,,,,,,,,,,,,,,,,,,,,,,,,,,,,,,,,,,,,
1764665236.424857,45367,0,4372.563965,4385.897461,4486.282227,4513.461426,4383.589844,4510,4522.820313,4380.384766,4552.307617,4389.230957,4486.025879,4497.820313,4564.487305,4375.128418,4362.820313,4491.922852,4524.102539,4521.282227,4502.820313,4372.307617,4383.717773,4551.538574,4506.922852,4481.922852,4375.897461,4567.05127,4377.179688,4539.102539,4499.487305,4372.307617,4520.128418,4485.897461,2855,1,25,2560,47420,,,,0,4,4,4,4,4,4,4,4,4,4,4,4,4,4,4,4,4,4,4,4,4,4,4,4,4,4,4,4,4,4,4,4,100,,,,,,,,,,,,,,,,,,,,,,,,,,,,,,,,,,,,,,,,,,,,,,,,,,,,,,,,,,,,,,,,,,,,,,,,,,,,,,,,,,,,,,,,,,,,,,,,,,,,,,,,,,,,,,,,,,,,,,,,,,,,,,,,,,,,,,,,,,,,,,,,,,,,,,,,,,,,,,,,,,,,,,,,,,,,,,,,,,,,,,,,,,,,,,,,,,,,,,,,,,,,,,
1764665236.428763,45368,0,4375.128418,4388.461426,4491.922852,4518.461426,4388.077148,4514.230957,4524.743652,4384.230957,4556.282227,4392.05127,4487.820313,4502.05127,4566.025879,4374.743652,4364.871582,4494.358887,4525.256348,4524.358887,4506.410156,4374.871582,4385.384766,4551.153809,4507.94873,4483.205078,4378.974121,4568.077148,4377.05127,4539.358887,4500,4376.666504,4519.487305,4489.743652,2781,1,25,2560,47427,,,,0,4,4,4,4,4,4,4,4,4,4,4,4,4,4,4,4,4,4,4,4,4,4,4,4,4,4,4,4,4,4,4,4,100,,,,,,,,,,,,,,,,,,,,,,,,,,,,,,,,,,,,,,,,,,,,,,,,,,,,,,,,,,,,,,,,,,,,,,,,,,,,,,,,,,,,,,,,,,,,,,,,,,,,,,,,,,,,,,,,,,,,,,,,,,,,,,,,,,,,,,,,,,,,,,,,,,,,,,,,,,,,,,,,,,,,,,,,,,,,,,,,,,,,,,,,,,,,,,,,,,,,,,,,,,,,,,
1764665236.432669,45369,0,4381.282227,4393.205078,4502.05127,4526.922852,4395.897461,4519.358887,4530.384766,4391.282227,4564.743652,4391.922852,4491.025879,4510.128418,4569.615234,4377.307617,4371.922852,4500.384766,4531.025879,4530.897461,4510,4380,4390.384766,4552.436035,4511.538574,4486.282227,4381.025879,4568.846191,4382.692383,4545.256348,4503.846191,4384.102539,4520.256348,4497.692383,2832,1,25,2560,47427,,,,0,4,4,4,4,4,4,4,4,4,4,4,4,4,4,4,4,4,4,4,4,4,4,4,4,4,4,4,4,4,4,4,4,100,,,,,,,,,,,,,,,,,,,,,,,,,,,,,,,,,,,27726,0,0.262989,-0.598633,-0.734131,0.183105,0.982542,0.217312,0.049811,23.833334,27.166666,44.333332,,,,,,,,,,,,,,,,,,,,,,,,,,,,,,,,,,,,,,,,,,,,,,,,,,,,,,,,,,,,,,,,,,,,,,,,,,,,,,,,,,,,,,,,,,,,,,,,,,,,,,,,,,,,,,,,,,,,,,,,,,,,,,,,,,,,,,,,,,,,,,,,,,,,,,,,,,,,,,,,
1764665236.436574,45370,0,4388.974121,4399.615234,4512.436035,4535.769043,4404.358887,4524.230957,4537.94873,4397.820313,4575.128418,4389.615234,4493.589844,4518.974121,4572.94873,4381.794922,4380,4506.794922,4538.333496,4537.94873,4512.563965,4385.769043,4396.282227,4554.743652,4516.025879,4489.615234,4383.077148,4569.743652,4392.05127,4554.102539,4510,4390.897461,4522.563965,4506.282227,1972,1,25,2561,47435,,,,0,4,4,4,4,4,4,4,4,4,4,4,4,4,4,4,4,4,4,4,4,4,4,4,4,4,4,4,4,4,4,4,4,100,,,,,,,,,,,,,,,,,,,,,,,,,,,,,,,,,,,,,,,,,,,,,,,1.710298,1.285963,0.576227,0.562501,0.547193,1.908089,2.54122,0.925525,0.686012,0.545772,1.901925,2.587788,1.10034,0.911292,0.653136,1.667802,2.423239,0.970767,0.658862,0.572928,3.325938,2.792393,1.127121,0.917713,0.606668,3.019994,1.964502,0.710072,0.426446,0.438274,2.25358,1.360976,0.684009,0.681344,0.529688,1.466423,2.082413,0.853252,0.778806,0.622165,0.628767,1.675214,0.524704,0.662875,0.666848,0.957292,2.612273,1.322231,0.969412,0.958251,1.694353,0.732386,0.34308,0.670721,0.51198,2.23958,1.378858,0.674969,0.607339,0.569738,0.979838,1.747562,0.835895,0.860493,0.517173,0.606167,0.567591,0.381047,0.693108,0.325115,0.183218,0.687307,0.775209,0.495775,0.499271,0.37714,1.781019,0.725887,0.529801,0.440721,1.99942,2.524475,1.116236,0.785923,0.602598,0.372685,1.858654,0.624212,0.936591,0.565387,0.291873,1.05498,0.618447,0.717077,0.283508,0.503337,0.759795,1.080091,0.805313,0.436403,0.915924,1.643492,1.625021,1.106684,0.371919,1.105822,3.039091,1.168471,0.997347,0.59495,1.189838,1.787664,0.958727,0.648823,0.501855,1.315457,2.421109,1.222584,0.815971,0.528505,1.446846,2.527723,3.364281,1.252465,1.112789,1.103156,0.790878,1.050626,0.701424,0.495662,1.549662,1.587546,1.052711,0.88112,0.606851,1.978903,2.071471,1.278257,0.686514,0.556033,0.934191,0.821706,0.485852,0.350125,0.27859,1.605251,1.72856,1.038533,0.684902,0.6938,1.425013,2.036951,1.148801,0.829096,0.690008,1.807336,1.771679,1.219772,0.839613,0.524413
1764665236.440480,45371,0,4395.256348,4406.282227,4518.205078,4540.512695,4410.256348,4528.205078,4543.461426,4400.769043,4582.820313,4387.05127,4494.230957,4524.358887,4573.846191,4385.384766,4383.461426,4509.871582,4543.205078,4542.05127,4513.461426,4388.974121,4400.128418,4557.307617,4519.871582,4492.179688,4386.922852,4571.282227,4400.384766,4560.769043,4515.384766,4394.230957,4524.743652,4511.794922,2659,1,25,2561,47435,,,,0,4,4,4,4,4,4,4,4,4,4,4,4,4,4,4,4,4,4,4,4,4,4,4,4,4,4,4,4,4,4,4,4,100,,,,,,,,,,,,,,,,,,,,,,,,,,,,,,,,,,,,,,,,,,,,,,,,,,,,,,,,,,,,,,,,,,,,,,,,,,,,,,,,,,,,,,,,,,,,,,,,,,,,,,,,,,,,,,,,,,,,,,,,,,,,,,,,,,,,,,,,,,,,,,,,,,,,,,,,,,,,,,,,,,,,,,,,,,,,,,,,,,,,,,,,,,,,,,,,,,,,,,,,,,,,,,
1764665236.444386,45372,0,4397.692383,4411.025879,4517.05127,4538.846191,4412.307617,4530.128418,4544.871582,4399.102539,4584.102539,4385.128418,4492.820313,4524.487305,4572.436035,4385.769043,4380.128418,4508.461426,4543.974121,4541.538574,4512.820313,4388.077148,4400.128418,4559.487305,4521.666504,4492.94873,4392.307617,4572.563965,4402.94873,4561.922852,4517.436035,4393.461426,4525.128418,4512.436035,2713,1,25,2562,47443,,,,0,4,4,4,4,4,4,4,4,4,4,4,4,4,4,4,4,4,4,4,4,4,4,4,4,4,4,4,4,4,4,4,4,100,,,,,,,,,,,,,,,,,,,,,,,,,,,,,,,,,,,,,,,,,,,,,,,,,,,,,,,,,,,,,,,,,,,,,,,,,,,,,,,,,,,,,,,,,,,,,,,,,,,,,,,,,,,,,,,,,,,,,,,,,,,,,,,,,,,,,,,,,,,,,,,,,,,,,,,,,,,,,,,,,,,,,,,,,,,,,,,,,,,,,,,,,,,,,,,,,,,,,,,,,,,,,,
1764665236.448292,45373,0,4396.538574,4412.692383,4511.410156,4532.179688,4410.897461,4530.256348,4542.94873,4395.256348,4578.461426,4384.230957,4490.769043,4521.410156,4570.256348,4382.436035,4373.077148,4505.128418,4542.05127,4538.205078,4511.153809,4383.846191,4396.794922,4560.769043,4522.307617,4491.794922,4396.794922,4572.179688,4399.102539,4558.717773,4516.153809,4390.512695,4523.717773,4509.487305,2531,1,25,2562,47443,,,,0,4,4,4,4,4,4,4,4,4,4,4,4,4,4,4,4,4,4,4,4,4,4,4,4,4,4,4,4,4,4,4,4,100,,,,,,,,,,,,,,,,,,,,,,,,,,,,,,,,,,,27727,0,0.262989,-0.598633,-0.734131,0.183105,0.972775,0.219265,0.046881,23.5,28.333334,43.5,,,,,,,,,,,,,,,,,,,,,,,,,,,,,,,,,,,,,,,,,,,,,,,,,,,,,,,,,,,,,,,,,,,,,,,,,,,,,,,,,,,,,,,,,,,,,,,,,,,,,,,,,,,,,,,,,,,,,,,,,,,,,,,,,,,,,,,,,,,,,,,,,,,,,,,,,,,,,,,,
1764665236.452197,45374,0,4394.230957,4411.922852,4506.282227,4525,4408.461426,4529.358887,4540.641113,4392.436035,4569.871582,4384.871582,4490.128418,4518.717773,4569.358887,4377.436035,4367.94873,4503.333496,4540.641113,4535.384766,4509.230957,4379.615234,4392.563965,4561.538574,4523.461426,4489.358887,4396.666504,4569.871582,4392.05127,4554.743652,4513.846191,4388.077148,4522.05127,4506.410156,2680,1,25,2563,47451,,,,0,4,4,4,4,4,4,4,4,4,4,4,4,4,4,4,4,4,4,4,4,4,4,4,4,4,4,4,4,4,4,4,4,100,,,,,,,,,,,,,,,,,,,,,,,,,,,,,,,,,,,,,,,,,,,,,,,,,,,,,,,,,,,,,,,,,,,,,,,,,,,,,,,,,,,,,,,,,,,,,,,,,,,,,,,,,,,,,,,,,,,,,,,,,,,,,,,,,,,,,,,,,,,,,,,,,,,,,,,,,,,,,,,,,,,,,,,,,,,,,,,,,,,,,,,,,,,,,,,,,,,,,,,,,,,,,,
1764665236.456103,45375,0,4392.692383,4409.871582,4505.128418,4521.025879,4407.179688,4528.205078,4540,4392.307617,4563.333496,4387.05127,4490.897461,4518.846191,4570,4374.615234,4368.333496,4504.230957,4540.769043,4535,4507.179688,4377.179688,4389.615234,4561.538574,4525.897461,4486.410156,4390,4566.410156,4385.897461,4552.820313,4512.563965,4387.94873,4521.153809,4505.384766,2848,1,25,2563,47451,,,,0,4,4,4,4,4,4,4,4,4,4,4,4,4,4,4,4,4,4,4,4,4,4,4,4,4,4,4,4,4,4,4,4,100,,,,,,,,,,,,,,,,,,,,,,,,,,,,,,,,,,,,,,,,,,,,,,,,,,,,,,,,,,,,,,,,,,,,,,,,,,,,,,,,,,,,,,,,,,,,,,,,,,,,,,,,,,,,,,,,,,,,,,,,,,,,,,,,,,,,,,,,,,,,,,,,,,,,,,,,,,,,,,,,,,,,,,,,,,,,,,,,,,,,,,,,,,,,,,,,,,,,,,,,,,,,,,
1764665236.460009,45376,0,4391.922852,4407.436035,4506.922852,4520.384766,4407.563965,4526.153809,4540,4393.205078,4561.153809,4390.384766,4491.666504,4521.282227,4570.897461,4376.025879,4372.820313,4506.025879,4541.282227,4536.025879,4504.743652,4375.897461,4388.205078,4560.769043,4528.589844,4483.077148,4377.94873,4563.077148,4382.179688,4552.692383,4512.307617,4388.589844,4520.641113,4506.153809,2769,1,25,2564,47459,,,,0,4,4,4,4,4,4,4,4,4,4,4,4,4,4,4,4,4,4,4,4,4,4,4,4,4,4,4,4,4,4,4,4,100,,,,,,,,,,,,,,,,,,,,,,,,,,,,,,,,,,,,,,,,,,,,,,,,,,,,,,,,,,,,,,,,,,,,,,,,,,,,,,,,,,,,,,,,,,,,,,,,,,,,,,,,,,,,,,,,,,,,,,,,,,,,,,,,,,,,,,,,,,,,,,,,,,,,,,,,,,,,,,,,,,,,,,,,,,,,,,,,,,,,,,,,,,,,,,,,,,,,,,,,,,,,,,
1764665236.463915,45377,0,4390.128418,4405.384766,4508.205078,4521.153809,4408.589844,4523.333496,4538.589844,4392.436035,4561.922852,4393.461426,4490.897461,4523.333496,4570.897461,4381.538574,4377.820313,4506.922852,4540.256348,4536.025879,4502.94873,4374.871582,4387.692383,4559.615234,4530.128418,4480,4366.025879,4560.512695,4380.384766,4552.692383,4511.666504,4388.461426,4519.871582,4506.538574,2933,1,25,2564,47459,,,,0,4,4,4,4,4,4,4,4,4,4,4,4,4,4,4,4,4,4,4,4,4,4,4,4,4,4,4,4,4,4,4,4,100,,,,,,,,,,,,,,,,,,,,,,,,,,,,,,,,,,,27728,0,0.262989,-0.598633,-0.734131,0.183105,0.975217,0.207057,0.042486,23.5,28.333334,43.5,,,,,,,,,,,,,,,,,,,,,,,,,,,,,,,,,,,,,,,,,,,,,,,,,,,,,,,,,,,,,,,,,,,,,,,,,,,,,,,,,,,,,,,,,,,,,,,,,,,,,,,,,,,,,,,,,,,,,,,,,,,,,,,,,,,,,,,,,,,,,,,,,,,,,,,,,,,,,,,,
1764665236.467820,45378,0,4387.307617,4404.487305,4507.563965,4522.179688,4409.487305,4521.282227,4535.897461,4390,4564.102539,4395.769043,4490.128418,4523.589844,4570.769043,4389.358887,4381.410156,4507.692383,4538.589844,4535,4503.846191,4375,4388.205078,4560.128418,4530.897461,4479.615234,4361.025879,4559.743652,4380.128418,4552.563965,4510.512695,4387.692383,4518.974121,4505.512695,2611,1,25,2565,47467,,,,0,4,4,4,4,4,4,4,4,4,4,4,4,4,4,4,4,4,4,4,4,4,4,4,4,4,4,4,4,4,4,4,4,100,,,,,,,,,,,,,,,,,,,,,,,,,,,,,,,,,,,,,,,,,,,,,,,,,,,,,,,,,,,,,,,,,,,,,,,,,,,,,,,,,,,,,,,,,,,,,,,,,,,,,,,,,,,,,,,,,,,,,,,,,,,,,,,,,,,,,,,,,,,,,,,,,,,,,,,,,,,,,,,,,,,,,,,,,,,,,,,,,,,,,,,,,,,,,,,,,,,,,,,,,,,,,,
1764665236.471726,45379,0,4385.384766,4406.025879,4506.538574,4523.717773,4411.025879,4522.563965,4535.384766,4388.461426,4567.05127,4397.179688,4492.179688,4523.077148,4572.563965,4396.922852,4384.743652,4511.153809,4539.487305,4536.025879,4509.487305,4378.717773,4391.153809,4564.102539,4532.820313,4483.974121,4367.05127,4562.05127,4381.922852,4554.102539,4510.512695,4387.94873,4518.717773,4504.487305,2871,1,25,2565,47467,,,,0,4,4,4,4,4,4,4,4,4,4,4,4,4,4,4,4,4,4,4,4,4,4,4,4,4,4,4,4,4,4,4,4,100,,,,,,,,,,,,,,,,,,,,,,,,,,,,,,,,,,,,,,,,,,,,,,,,,,,,,,,,,,,,,,,,,,,,,,,,,,,,,,,,,,,,,,,,,,,,,,,,,,,,,,,,,,,,,,,,,,,,,,,,,,,,,,,,,,,,,,,,,,,,,,,,,,,,,,,,,,,,,,,,,,,,,,,,,,,,,,,,,,,,,,,,,,,,,,,,,,,,,,,,,,,,,,
1764665236.475632,45380,0,4386.794922,4409.871582,4507.436035,4526.410156,4413.205078,4527.692383,4539.487305,4390.512695,4570.897461,4397.94873,4497.820313,4523.717773,4577.436035,4401.410156,4389.102539,4517.94873,4544.615234,4542.179688,4519.102539,4386.538574,4396.666504,4570.384766,4536.794922,4492.94873,4381.282227,4567.307617,4386.153809,4558.717773,4512.94873,4390.384766,4519.487305,4505.256348,2770,1,25,2560,47474,,,,0,4,4,4,4,4,4,4,4,4,4,4,4,4,4,4,4,4,4,4,4,4,4,4,4,4,4,4,4,4,4,4,4,100,,,,,,,,,,,,,,,,,,,,,,,,,,,,,,,,,,,,,,,,,,,,,,,,,,,,,,,,,,,,,,,,,,,,,,,,,,,,,,,,,,,,,,,,,,,,,,,,,,,,,,,,,,,,,,,,,,,,,,,,,,,,,,,,,,,,,,,,,,,,,,,,,,,,,,,,,,,,,,,,,,,,,,,,,,,,,,,,,,,,,,,,,,,,,,,,,,,,,,,,,,,,,,
1764665236.479538,45381,0,4390.641113,4413.589844,4511.282227,4529.871582,4414.871582,4534.102539,4546.922852,4395.512695,4574.487305,4397.820313,4503.974121,4525.384766,4583.461426,4401.025879,4392.94873,4525.128418,4552.179688,4552.563965,4528.846191,4395.256348,4402.307617,4575.641113,4541.153809,4502.692383,4395.769043,4573.589844,4391.666504,4565.128418,4516.794922,4393.717773,4521.666504,4508.589844,2801,1,25,2560,47474,,,,0,4,4,4,4,4,4,4,4,4,4,4,4,4,4,4,4,4,4,4,4,4,4,4,4,4,4,4,4,4,4,4,4,100,,,,,,,,,,,,,,,,,,,,,,,,,,,,,,,,,,,27729,0,0.262989,-0.598633,-0.734131,0.183105,0.972287,0.21487,0.058601,24,29.333334,45,,,,,,,,,,,,,,,,,,,,,,,,,,,,,,,,,,,,,,,,,,,,,,,,,,,,,,,,,,,,,,,,,,,,,,,,,,,,,,,,,,,,,,,,,,,,,,,,,,,,,,,,,,,,,,,,,,,,,,,,,,,,,,,,,,,,,,,,,,,,,,,,,,,,,,,,,,,,,,,,
1764665236.483444,45382,0,4394.102539,4415,4516.282227,4532.563965,4414.743652,4538.205078,4553.589844,4400.128418,4575.897461,4396.666504,4505.769043,4526.153809,4586.538574,4396.410156,4392.820313,4528.589844,4557.820313,4561.410156,4533.974121,4400.256348,4404.615234,4577.05127,4542.820313,4508.589844,4402.563965,4577.820313,4395.897461,4570.128418,4519.487305,4395.769043,4524.487305,4513.205078,2810,1,25,2560,47482,,,,0,4,4,4,4,4,4,4,4,4,4,4,4,4,4,4,4,4,4,4,4,4,4,4,4,4,4,4,4,4,4,4,4,100,,,,,,,,,,,,,,,,,,,,,,,,,,,,,,,,,,,,,,,,,,,,,,,,,,,,,,,,,,,,,,,,,,,,,,,,,,,,,,,,,,,,,,,,,,,,,,,,,,,,,,,,,,,,,,,,,,,,,,,,,,,,,,,,,,,,,,,,,,,,,,,,,,,,,,,,,,,,,,,,,,,,,,,,,,,,,,,,,,,,,,,,,,,,,,,,,,,,,,,,,,,,,,
1764665236.487349,45383,0,4394.871582,4413.717773,4520,4533.846191,4413.461426,4538.205078,4555.897461,4402.05127,4574.743652,4396.025879,4501.794922,4524.871582,4584.743652,4389.871582,4387.05127,4527.307617,4558.717773,4562.820313,4532.307617,4399.615234,4402.436035,4574.615234,4540.769043,4509.230957,4400.384766,4578.846191,4397.820313,4571.410156,4519.102539,4396.153809,4527.563965,4517.05127,2992,1,25,2560,47482,,,,0,4,4,4,4,4,4,4,4,4,4,4,4,4,4,4,4,4,4,4,4,4,4,4,4,4,4,4,4,4,4,4,4,100,,,,,,,,,,,,,,,,,,,,,,,,,,,,,,,,,,,,,,,,,,,,,,,,,,,,,,,,,,,,,,,,,,,,,,,,,,,,,,,,,,,,,,,,,,,,,,,,,,,,,,,,,,,,,,,,,,,,,,,,,,,,,,,,,,,,,,,,,,,,,,,,,,,,,,,,,,,,,,,,,,,,,,,,,,,,,,,,,,,,,,,,,,,,,,,,,,,,,,,,,,,,,,
1764665236.491255,45384,0,4393.077148,4411.666504,4521.410156,4534.358887,4413.461426,4536.153809,4554.230957,4402.05127,4572.94873,4397.179688,4495.512695,4523.205078,4580.256348,4385.384766,4377.820313,4523.589844,4555.897461,4556.025879,4525.641113,4395.897461,4398.461426,4570.769043,4536.538574,4506.922852,4394.871582,4578.077148,4398.205078,4570,4516.666504,4396.666504,4530.897461,4519.230957,2878,1,25,2304,47490,,,,0,4,4,4,4,4,4,4,4,4,4,4,4,4,4,4,4,4,4,4,4,4,4,4,4,4,4,4,4,4,4,4,4,100,,,,,,,,,,,,,,,,,,,,,,,,,,,,,,,,,,,,,,,,,,,,,,,,,,,,,,,,,,,,,,,,,,,,,,,,,,,,,,,,,,,,,,,,,,,,,,,,,,,,,,,,,,,,,,,,,,,,,,,,,,,,,,,,,,,,,,,,,,,,,,,,,,,,,,,,,,,,,,,,,,,,,,,,,,,,,,,,,,,,,,,,,,,,,,,,,,,,,,,,,,,,,,
1764665236.495161,45385,0,4391.282227,4411.538574,4521.666504,4535.384766,4416.794922,4536.025879,4552.05127,4402.94873,4572.94873,4400.128418,4492.563965,4524.230957,4577.307617,4385.384766,4370.512695,4521.153809,4552.692383,4546.410156,4518.974121,4393.333496,4397.179688,4568.974121,4534.102539,4505.641113,4393.589844,4578.077148,4399.230957,4568.717773,4515.641113,4400.384766,4535.128418,4520.769043,2726,1,25,2304,47490,,,,0,4,4,4,4,4,4,4,4,4,4,4,4,4,4,4,4,4,4,4,4,4,4,4,4,4,4,4,4,4,4,4,4,100,,,,,,,,,,,,,,,,,,,,,,,,,,,,,,,,,,,27730,0,0.262946,-0.598633,-0.734131,0.183167,0.985472,0.224637,0.041509,24.166666,28.833334,43.833332,,,,,,,,,,,,,,,,,,,,,,,,,,,,,,,,,,,,,,,,,,,,,,,,,,,,,,,,,,,,,,,,,,,,,,,,,,,,,,,,,,,,,,,,,,,,,,,,,,,,,,,,,,,,,,,,,,,,,,,,,,,,,,,,,,,,,,,,,,,,,,,,,,,,,,,,,,,,,,,,
1764665236.499067,45386,0,4392.179688,4414.102539,4522.436035,4537.820313,4422.692383,4539.743652,4552.179688,4406.153809,4576.153809,4403.333496,4495.769043,4529.358887,4578.974121,4389.615234,4370,4522.05127,4552.307617,4541.025879,4516.025879,4394.743652,4400.641113,4570.897461,4535.641113,4507.179688,4399.487305,4580.641113,4402.179688,4570.128418,4518.205078,4407.05127,4539.871582,4522.692383,2298,1,25,1792,47498,,,,0,4,4,4,4,4,4,4,4,4,4,4,4,4,4,4,4,4,4,4,4,4,4,4,4,4,4,4,4,4,4,4,4,100,,,,,,,,,,,,,,,,,,,,,,,,,,,,,,,,,,,,,,,,,,,,,,,,,,,,,,,,,,,,,,,,,,,,,,,,,,,,,,,,,,,,,,,,,,,,,,,,,,,,,,,,,,,,,,,,,,,,,,,,,,,,,,,,,,,,,,,,,,,,,,,,,,,,,,,,,,,,,,,,,,,,,,,,,,,,,,,,,,,,,,,,,,,,,,,,,,,,,,,,,,,,,,
1764665236.502972,45387,0,4395.512695,4417.563965,4524.230957,4541.153809,4427.820313,4544.743652,4555.128418,4409.615234,4581.025879,4404.871582,4502.820313,4536.282227,4584.230957,4395,4376.025879,4524.615234,4554.871582,4542.563965,4516.922852,4398.077148,4406.794922,4574.615234,4539.487305,4509.743652,4408.205078,4584.487305,4405.897461,4573.461426,4523.461426,4413.461426,4543.077148,4524.102539,2716,1,25,1792,47498,,,,0,4,4,4,4,4,4,4,4,4,4,4,4,4,4,4,4,4,4,4,4,4,4,4,4,4,4,4,4,4,4,4,4,100,,,,,,,,,,,,,,,,,,,,,,,,,,,,,,,,,,,,,,,,,,,,,,,,,,,,,,,,,,,,,,,,,,,,,,,,,,,,,,,,,,,,,,,,,,,,,,,,,,,,,,,,,,,,,,,,,,,,,,,,,,,,,,,,,,,,,,,,,,,,,,,,,,,,,,,,,,,,,,,,,,,,,,,,,,,,,,,,,,,,,,,,,,,,,,,,,,,,,,,,,,,,,,
1764665236.506878,45388,0,4398.077148,4418.846191,4525.641113,4543.205078,4428.589844,4546.410156,4557.692383,4410.256348,4583.846191,4404.487305,4507.820313,4540.641113,4588.205078,4398.333496,4383.717773,4524.871582,4557.692383,4547.692383,4517.94873,4398.589844,4410,4575.897461,4541.538574,4509.230957,4411.538574,4585.769043,4407.05127,4574.743652,4527.436035,4415,4542.307617,4523.333496,2510,1,25,2048,47506,,,,0,4,4,4,4,4,4,4,4,4,4,4,4,4,4,4,4,4,4,4,4,4,4,4,4,4,4,4,4,4,4,4,4,100,,,,,,,,,,,,,,,,,,,,,,,,,,,,,,,,,,,,,,,,,,,,,,,,,,,,,,,,,,,,,,,,,,,,,,,,,,,,,,,,,,,,,,,,,,,,,,,,,,,,,,,,,,,,,,,,,,,,,,,,,,,,,,,,,,,,,,,,,,,,,,,,,,,,,,,,,,,,,,,,,,,,,,,,,,,,,,,,,,,,,,,,,,,,,,,,,,,,,,,,,,,,,,
1764665236.510784,45389,0,4397.179688,4416.025879,4525.128418,4541.922852,4423.589844,4541.282227,4556.922852,4406.922852,4581.282227,4402.307617,4506.282227,4539.102539,4586.922852,4397.179688,4386.666504,4520.384766,4557.563965,4550.641113,4515.897461,4392.436035,4406.794922,4572.05127,4538.974121,4503.205078,4405,4581.666504,4403.077148,4570.512695,4526.410156,4410.256348,4536.794922,4518.974121,2254,1,25,2048,47506,,,,0,4,4,4,4,4,4,4,4,4,4,4,4,4,4,4,4,4,4,4,4,4,4,4,4,4,4,4,4,4,4,4,4,100,,,,,,,,,,,,,,,,,,,,,,,,,,,,,,,,,,,27731,0,0.263043,-0.598572,-0.734131,0.183228,0.971798,0.236357,0.051276,24.166666,29.166666,44.666668,,,,,,,,,,,,,,,,,,,,,,,,,,,,,,,,,,,,,,,,,,,,,,,,,,,,,,,,,,,,,,,,,,,,,,,,,,,,,,,,,,,,,,,,,,,,,,,,,,,,,,,,,,,,,,,,,,,,,,,,,,,,,,,,,,,,,,,,,,,,,,,,,,,,,,,,,,,,,,,,
1764665236.514690,45390,0,4392.563965,4410.897461,4522.563965,4537.94873,4415.128418,4531.282227,4552.820313,4401.666504,4574.102539,4399.487305,4498.589844,4532.179688,4580.128418,4392.563965,4383.077148,4512.436035,4553.717773,4548.205078,4510.384766,4381.410156,4398.717773,4564.743652,4533.205078,4494.230957,4392.179688,4574.102539,4395.512695,4561.922852,4520.897461,4402.436035,4529.102539,4513.461426,2727,1,25,2304,47513,,,,0,4,4,4,4,4,4,4,4,4,4,4,4,4,4,4,4,4,4,4,4,4,4,4,4,4,4,4,4,4,4,4,4,100,,,,,,,,,,,,,,,,,,,,,,,,,,,,,,,,,,,,,,,,,,,,,,,,,,,,,,,,,,,,,,,,,,,,,,,,,,,,,,,,,,,,,,,,,,,,,,,,,,,,,,,,,,,,,,,,,,,,,,,,,,,,,,,,,,,,,,,,,,,,,,,,,,,,,,,,,,,,,,,,,,,,,,,,,,,,,,,,,,,,,,,,,,,,,,,,,,,,,,,,,,,,,,
1764665236.518596,45391,0,4387.94873,4407.307617,4520.256348,4535,4407.94873,4522.820313,4548.846191,4398.974121,4567.436035,4397.820313,4490.128418,4524.358887,4572.307617,4387.307617,4376.153809,4505.897461,4548.846191,4542.179688,4504.487305,4371.922852,4391.282227,4558.974121,4528.461426,4488.461426,4382.307617,4568.461426,4389.615234,4554.743652,4515.128418,4397.436035,4524.102539,4510.641113,2517,1,25,2304,47513,,,,0,4,4,4,4,4,4,4,4,4,4,4,4,4,4,4,4,4,4,4,4,4,4,4,4,4,4,4,4,4,4,4,4,100,,,,,,,,,,,,,,,,,,,,,,,,,,,,,,,,,,,,,,,,,,,,,,,,,,,,,,,,,,,,,,,,,,,,,,,,,,,,,,,,,,,,,,,,,,,,,,,,,,,,,,,,,,,,,,,,,,,,,,,,,,,,,,,,,,,,,,,,,,,,,,,,,,,,,,,,,,,,,,,,,,,,,,,,,,,,,,,,,,,,,,,,,,,,,,,,,,,,,,,,,,,,,,
1764665236.522501,45392,0,4386.922852,4408.077148,4520.641113,4536.666504,4406.538574,4522.05127,4548.461426,4401.538574,4566.794922,4399.358887,4486.666504,4521.025879,4568.846191,4384.615234,4371.153809,4504.358887,4546.410156,4536.794922,4502.05127,4370,4389.230957,4558.461426,4527.94873,4490.128418,4382.436035,4569.102539,4390.384766,4554.102539,4512.94873,4399.230957,4525.897461,4513.461426,2882,1,25,2560,47521,,,,0,4,4,4,4,4,4,4,4,4,4,4,4,4,4,4,4,4,4,4,4,4,4,4,4,4,4,4,4,4,4,4,4,100,,,,,,,,,,,,,,,,,,,,,,,,,,,,,,,,,,,,,,,,,,,,,,,,,,,,,,,,,,,,,,,,,,,,,,,,,,,,,,,,,,,,,,,,,,,,,,,,,,,,,,,,,,,,,,,,,,,,,,,,,,,,,,,,,,,,,,,,,,,,,,,,,,,,,,,,,,,,,,,,,,,,,,,,,,,,,,,,,,,,,,,,,,,,,,,,,,,,,,,,,,,,,,
1764665236.526407,45393,0,4389.743652,4412.307617,4523.717773,4542.05127,4410.641113,4529.102539,4551.794922,4407.94873,4573.333496,4403.846191,4489.743652,4522.820313,4570.897461,4384.743652,4370.256348,4506.666504,4547.307617,4534.358887,4503.461426,4375.769043,4392.179688,4562.307617,4530.897461,4497.436035,4391.025879,4575.256348,4397.179688,4559.871582,4515,4406.153809,4533.589844,4520,2944,1,25,2560,47521,,,,0,4,4,4,4,4,4,4,4,4,4,4,4,4,4,4,4,4,4,4,4,4,4,4,4,4,4,4,4,4,4,4,4,100,,,,,,,,,,,,,,,,,,,,,,,,,,,,,,,,,,,27732,0,0.263181,-0.598511,-0.734131,0.183228,0.976682,0.221218,0.042486,24.833334,28.166666,43.333332,,,,,,,,,,,,,,,,,,,,,,,,,,,,,,,,,,,,,,,,,,,,,,,,,,,,,,,,,,,,,,,,,,,,,,,,,,,,,,,,,,,,,,,,,,,,,,,,,,,,,,,,,,,,,,,,,,,,,,,,,,,,,,,,,,,,,,,,,,,,,,,,,,,,,,,,,,,,,,,,
1764665236.530313,45394,0,4392.307617,4416.153809,4526.538574,4546.153809,4415.641113,4537.563965,4554.358887,4412.05127,4581.410156,4407.692383,4495.128418,4525.769043,4574.230957,4385.128418,4370.641113,4507.307617,4547.820313,4533.077148,4505.641113,4382.563965,4394.871582,4565.897461,4533.077148,4503.717773,4398.589844,4580.769043,4403.846191,4566.025879,4518.077148,4411.922852,4540.897461,4524.871582,1774,1,25,2560,47529,,,,0,4,4,4,4,4,4,4,4,4,4,4,4,4,4,4,4,4,4,4,4,4,4,4,4,4,4,4,4,4,4,4,4,100,,,,,,,,,,,,,,,,,,,,,,,,,,,,,,,,,,,,,,,,,,,,,,,,,,,,,,,,,,,,,,,,,,,,,,,,,,,,,,,,,,,,,,,,,,,,,,,,,,,,,,,,,,,,,,,,,,,,,,,,,,,,,,,,,,,,,,,,,,,,,,,,,,,,,,,,,,,,,,,,,,,,,,,,,,,,,,,,,,,,,,,,,,,,,,,,,,,,,,,,,,,,,,
1764665236.534219,45395,0,4390.512695,4415.769043,4525.128418,4543.717773,4415.769043,4539.871582,4551.538574,4409.102539,4583.974121,4406.153809,4495.769043,4524.871582,4573.589844,4382.94873,4368.333496,4501.922852,4544.358887,4529.743652,4504.871582,4383.205078,4392.307617,4565,4530.769043,4502.94873,4397.307617,4580.256348,4404.102539,4565.897461,4518.333496,4411.538574,4541.666504,4523.205078,2974,1,25,2560,47529,,,,0,4,4,4,4,4,4,4,4,4,4,4,4,4,4,4,4,4,4,4,4,4,4,4,4,4,4,4,4,4,4,4,4,100,,,,,,,,,,,,,,,,,,,,,,,,,,,,,,,,,,,,,,,,,,,,,,,,,,,,,,,,,,,,,,,,,,,,,,,,,,,,,,,,,,,,,,,,,,,,,,,,,,,,,,,,,,,,,,,,,,,,,,,,,,,,,,,,,,,,,,,,,,,,,,,,,,,,,,,,,,,,,,,,,,,,,,,,,,,,,,,,,,,,,,,,,,,,,,,,,,,,,,,,,,,,,,
1764665236.538124,45396,0,4385.128418,4412.05127,4519.230957,4535.641113,4410.384766,4534.743652,4544.358887,4400.384766,4578.077148,4398.589844,4490.128418,4519.871582,4567.94873,4378.205078,4363.333496,4492.436035,4537.820313,4524.615234,4501.410156,4376.922852,4385.641113,4560.128418,4525.256348,4495.897461,4388.333496,4574.743652,4398.461426,4559.743652,4515.512695,4405.641113,4535.769043,4515.641113,2539,1,25,2561,47537,,,,0,4,4,4,4,4,4,4,4,4,4,4,4,4,4,4,4,4,4,4,4,4,4,4,4,4,4,4,4,4,4,4,4,100,,,,,,,,,,,,,,,,,,,,,,,,,,,,,,,,,,,,,,,,,,,,,,,,,,,,,,,,,,,,,,,,,,,,,,,,,,,,,,,,,,,,,,,,,,,,,,,,,,,,,,,,,,,,,,,,,,,,,,,,,,,,,,,,,,,,,,,,,,,,,,,,,,,,,,,,,,,,,,,,,,,,,,,,,,,,,,,,,,,,,,,,,,,,,,,,,,,,,,,,,,,,,,
1764665236.542030,45397,0,4382.05127,4410.384766,4514.102539,4529.102539,4405.641113,4528.717773,4539.102539,4393.717773,4569.615234,4390.897461,4483.461426,4516.410156,4562.94873,4375,4361.025879,4486.153809,4535,4522.436035,4499.487305,4371.153809,4381.410156,4557.05127,4522.692383,4490.769043,4381.794922,4571.410156,4394.487305,4555.256348,4513.846191,4401.153809,4530.384766,4508.974121,2840,1,25,2561,47537,,,,0,4,4,4,4,4,4,4,4,4,4,4,4,4,4,4,4,4,4,4,4,4,4,4,4,4,4,4,4,4,4,4,4,100,,,,,,,,,,,,,,,,,,,,,,,,,,,,,,,,,,,27733,0,0.263054,-0.598511,-0.734192,0.183167,0.974728,0.223172,0.048346,24,27.833334,45.333332,,,,,,,,,,,,,,,,,,,,,,,,,,,,,,,,,,,,,,,,,,,,,,,,,,,,,,,,,,,,,,,,,,,,,,,,,,,,,,,,,,,,,,,,,,,,,,,,,,,,,,,,,,,,,,,,,,,,,,,,,,,,,,,,,,,,,,,,,,,,,,,,,,,,,,,,,,,,,,,,
1764665236.545936,45398,0,4387.436035,4415.769043,4516.025879,4530.897461,4408.205078,4530.128418,4543.077148,4396.410156,4567.692383,4391.153809,4483.974121,4520.384766,4565.897461,4376.922852,4366.794922,4490.384766,4542.692383,4528.461426,4504.230957,4374.615234,4386.794922,4562.307617,4528.717773,4495.769043,4388.077148,4577.94873,4399.871582,4560.769043,4517.563965,4404.487305,4533.333496,4510.512695,2943,1,25,2562,47545,,,,0,4,4,4,4,4,4,4,4,4,4,4,4,4,4,4,4,4,4,4,4,4,4,4,4,4,4,4,4,4,4,4,4,100,,,,,,,,,,,,,,,,,,,,,,,,,,,,,,,,,,,,,,,,,,,,,,,,,,,,,,,,,,,,,,,,,,,,,,,,,,,,,,,,,,,,,,,,,,,,,,,,,,,,,,,,,,,,,,,,,,,,,,,,,,,,,,,,,,,,,,,,,,,,,,,,,,,,,,,,,,,,,,,,,,,,,,,,,,,,,,,,,,,,,,,,,,,,,,,,,,,,,,,,,,,,,,
1764665236.549842,45399,0,4400.897461,4427.179688,4526.025879,4540.769043,4418.974121,4541.153809,4556.666504,4407.692383,4575.769043,4401.538574,4492.820313,4532.179688,4578.589844,4383.461426,4379.871582,4504.487305,4561.153809,4542.563965,4516.025879,4388.589844,4401.794922,4576.410156,4542.436035,4511.282227,4407.307617,4594.358887,4414.102539,4576.666504,4526.794922,4415.256348,4546.025879,4520.769043,2854,1,25,2562,47545,,,,0,4,4,4,4,4,4,4,4,4,4,4,4,4,4,4,4,4,4,4,4,4,4,4,4,4,4,4,4,4,4,4,4,100,,,,,,,,,,,,,,,,,,,,,,,,,,,,,,,,,,,,,,,,,,,,,,,,,,,,,,,,,,,,,,,,,,,,,,,,,,,,,,,,,,,,,,,,,,,,,,,,,,,,,,,,,,,,,,,,,,,,,,,,,,,,,,,,,,,,,,,,,,,,,,,,,,,,,,,,,,,,,,,,,,,,,,,,,,,,,,,,,,,,,,,,,,,,,,,,,,,,,,,,,,,,,,
1764665236.553747,45400,0,4414.230957,4437.05127,4536.794922,4550.384766,4430.384766,4554.230957,4571.794922,4418.717773,4588.077148,4415,4503.461426,4545.384766,4594.358887,4389.487305,4392.563965,4520.897461,4582.05127,4557.94873,4529.358887,4405.128418,4417.692383,4592.692383,4556.538574,4528.717773,4428.205078,4611.025879,4428.077148,4593.333496,4536.025879,4425.384766,4560.641113,4531.666504,2785,1,25,2563,47552,,,,0,4,4,4,4,4,4,4,4,4,4,4,4,4,4,4,4,4,4,4,4,4,4,4,4,4,4,4,4,4,4,4,4,100,,,,,,,,,,,,,,,,,,,,,,,,,,,,,,,,,,,,,,,,,,,,,,,,,,,,,,,,,,,,,,,,,,,,,,,,,,,,,,,,,,,,,,,,,,,,,,,,,,,,,,,,,,,,,,,,,,,,,,,,,,,,,,,,,,,,,,,,,,,,,,,,,,,,,,,,,,,,,,,,,,,,,,,,,,,,,,,,,,,,,,,,,,,,,,,,,,,,,,,,,,,,,,
1764665236.557653,45401,0,4417.692383,4437.05127,4538.717773,4550.128418,4432.436035,4558.846191,4577.436035,4419.230957,4593.589844,4420.512695,4506.410156,4551.153809,4602.820313,4389.230957,4396.153809,4529.743652,4593.333496,4565.384766,4536.410156,4413.205078,4424.230957,4601.666504,4562.05127,4536.666504,4436.794922,4615.641113,4430.641113,4599.102539,4538.333496,4425.384766,4566.153809,4533.077148,2836,1,25,2563,47552,,,,0,4,4,4,4,4,4,4,4,4,4,4,4,4,4,4,4,4,4,4,4,4,4,4,4,4,4,4,4,4,4,4,4,100,,,,,,,,,,,,,,,,,,,,,,,,,,,,,,,,,,,27734,0,0.262968,-0.598511,-0.734253,0.183044,0.974728,0.223172,0.048346,26.833334,27.833334,44.166668,,,,,,,,,,,,,,,,,,,,,,,,,,,,,,,,,,,,,,,,,,,,,,,,,,,,,,,,,,,,,,,,,,,,,,,,,,,,,,,,,,,,,,,,,,,,,,,,,,,,,,,,,,,,,,,,,,,,,,,,,,,,,,,,,,,,,,,,,,,,,,,,,,,,,,,,,,,,,,,,
1764665236.561559,45402,0,4408.461426,4424.871582,4527.436035,4536.666504,4420.384766,4549.487305,4568.589844,4406.538574,4586.025879,4412.436035,4497.692383,4545.256348,4597.820313,4382.05127,4388.205078,4526.410156,4588.589844,4560.256348,4533.077148,4408.205078,4417.692383,4597.436035,4555.769043,4529.743652,4426.666504,4603.717773,4418.205078,4589.615234,4531.410156,4412.436035,4556.666504,4521.025879,1975,1,25,2563,47560,,,,0,4,4,4,4,4,4,4,4,4,4,4,4,4,4,4,4,4,4,4,4,4,4,4,4,4,4,4,4,4,4,4,4,100,,,,,,,,,,,,,,,,,,,,,,,,,,,,,,,,,,,,,,,,,,,,,,,1.717628,1.436026,0.635385,0.589886,0.541056,2.136953,2.760356,1.046025,0.765303,0.570283,1.890208,2.685595,1.206472,1.025259,0.679186,1.784524,2.539786,1.046133,0.730196,0.597453,3.234917,2.935167,1.198034,1.000239,0.599396,3.192873,2.017364,0.71732,0.467587,0.455179,2.426743,1.490757,0.699149,0.763203,0.550931,1.538926,2.109045,0.950752,0.850364,0.613672,0.654795,1.725989,0.473182,0.687682,0.684974,0.971932,2.531423,1.32387,1.026267,0.884175,1.753222,0.650384,0.410344,0.78381,0.496168,2.326583,1.568782,0.732377,0.705518,0.581733,1.081054,1.670351,1.030394,0.931256,0.527409,0.702387,0.550309,0.361804,0.747054,0.336336,0.197371,0.773473,0.930336,0.460105,0.549207,0.39719,1.679109,0.739631,0.489031,0.452579,2.162474,2.789299,1.303991,0.765004,0.614883,0.390723,1.781037,0.749045,0.884558,0.571829,0.377516,1.102281,0.685239,0.686949,0.302076,0.526713,0.901398,1.207413,0.766744,0.458194,1.006857,1.740136,1.772467,1.101738,0.384008,1.27346,3.605767,1.31422,0.947196,0.625343,1.423452,2.326631,1.088157,0.666023,0.51415,1.479551,3.039754,1.329775,0.801466,0.554138,1.455992,2.872854,3.463174,1.42455,1.121175,0.972991,0.909166,1.231405,0.748523,0.527736,1.639126,1.875487,1.330637,0.932118,0.620569,1.982771,2.353503,1.47314,0.72881,0.557425,0.996478,0.93159,0.51323,0.368653,0.273336,1.658288,1.986151,1.210145,0.705385,0.673569,1.334495,2.25542,1.27974,0.845376,0.673211,1.644984,1.796227,1.313762,0.909838,0.524622
1764665236.565465,45403,0,4392.94873,4407.307617,4507.94873,4516.282227,4400,4531.538574,4549.871582,4387.94873,4569.230957,4395.128418,4482.563965,4531.410156,4582.94873,4372.820313,4374.615234,4514.358887,4572.05127,4546.794922,4522.563965,4394.102539,4403.974121,4583.077148,4542.179688,4513.589844,4405.256348,4582.436035,4397.94873,4571.153809,4519.615234,4393.461426,4537.307617,4501.666504,2658,1,25,2563,47560,,,,0,4,4,4,4,4,4,4,4,4,4,4,4,4,4,4,4,4,4,4,4,4,4,4,4,4,4,4,4,4,4,4,4,100,,,,,,,,,,,,,,,,,,,,,,,,,,,,,,,,,,,,,,,,,,,,,,,,,,,,,,,,,,,,,,,,,,,,,,,,,,,,,,,,,,,,,,,,,,,,,,,,,,,,,,,,,,,,,,,,,,,,,,,,,,,,,,,,,,,,,,,,,,,,,,,,,,,,,,,,,,,,,,,,,,,,,,,,,,,,,,,,,,,,,,,,,,,,,,,,,,,,,,,,,,,,,,
1764665236.569371,45404,0,4381.282227,4394.871582,4491.153809,4500.128418,4382.94873,4516.922852,4532.820313,4375,4554.230957,4379.358887,4470.769043,4518.333496,4568.589844,4368.461426,4364.871582,4501.922852,4554.487305,4534.230957,4512.436035,4380.897461,4393.589844,4567.692383,4529.615234,4498.974121,4386.794922,4565.384766,4381.922852,4555.641113,4510.512695,4379.743652,4520,4486.282227,2713,1,25,2564,47568,,,,0,4,4,4,4,4,4,4,4,4,4,4,4,4,4,4,4,4,4,4,4,4,4,4,4,4,4,4,4,4,4,4,4,100,,,,,,,,,,,,,,,,,,,,,,,,,,,,,,,,,,,,,,,,,,,,,,,,,,,,,,,,,,,,,,,,,,,,,,,,,,,,,,,,,,,,,,,,,,,,,,,,,,,,,,,,,,,,,,,,,,,,,,,,,,,,,,,,,,,,,,,,,,,,,,,,,,,,,,,,,,,,,,,,,,,,,,,,,,,,,,,,,,,,,,,,,,,,,,,,,,,,,,,,,,,,,,
1764665236.573276,45405,0,4380.512695,4394.487305,4485.641113,4496.282227,4378.717773,4515,4527.05127,4374.487305,4550.769043,4373.461426,4469.230957,4513.205078,4563.461426,4372.05127,4364.871582,4496.666504,4546.153809,4529.871582,4508.461426,4376.153809,4392.94873,4560.512695,4524.487305,4494.230957,4382.05127,4562.179688,4378.717773,4551.922852,4508.333496,4378.589844,4514.615234,4483.205078,2526,1,25,2564,47568,,,,0,4,4,4,4,4,4,4,4,4,4,4,4,4,4,4,4,4,4,4,4,4,4,4,4,4,4,4,4,4,4,4,4,100,,,,,,,,,,,,,,,,,,,,,,,,,,,,,,,,,,,27735,0,0.262968,-0.598511,-0.734253,0.183044,0.97131,0.22073,0.041509,24.666666,28.333334,44.333332,,,,,,,,,,,,,,,,,,,,,,,,,,,,,,,,,,,,,,,,,,,,,,,,,,,,,,,,,,,,,,,,,,,,,,,,,,,,,,,,,,,,,,,,,,,,,,,,,,,,,,,,,,,,,,,,,,,,,,,,,,,,,,,,,,,,,,,,,,,,,,,,,,,,,,,,,,,,,,,,
1764665236.577182,45406,0,4389.230957,4404.615234,4492.307617,4504.487305,4388.077148,4525.256348,4533.846191,4384.615234,4559.871582,4378.589844,4477.436035,4516.922852,4569.230957,4381.153809,4373.846191,4500.256348,4549.487305,4534.487305,4510.897461,4381.025879,4400.641113,4564.230957,4527.307617,4499.615234,4391.025879,4571.794922,4387.436035,4559.615234,4511.922852,4388.461426,4521.922852,4492.05127,2677,1,25,2565,47576,,,,0,4,4,4,4,4,4,4,4,4,4,4,4,4,4,4,4,4,4,4,4,4,4,4,4,4,4,4,4,4,4,4,4,100,,,,,,,,,,,,,,,,,,,,,,,,,,,,,,,,,,,,,,,,,,,,,,,,,,,,,,,,,,,,,,,,,,,,,,,,,,,,,,,,,,,,,,,,,,,,,,,,,,,,,,,,,,,,,,,,,,,,,,,,,,,,,,,,,,,,,,,,,,,,,,,,,,,,,,,,,,,,,,,,,,,,,,,,,,,,,,,,,,,,,,,,,,,,,,,,,,,,,,,,,,,,,,
1764665236.581088,45407,0,4400.256348,4416.666504,4505,4517.692383,4403.205078,4538.846191,4546.922852,4397.307617,4574.102539,4389.358887,4489.230957,4525.769043,4581.025879,4389.871582,4385.128418,4509.230957,4559.358887,4543.333496,4515.641113,4390,4410.256348,4574.358887,4534.102539,4509.102539,4405.384766,4585.256348,4399.615234,4571.153809,4517.179688,4401.410156,4534.487305,4505.256348,2845,1,25,2565,47576,,,,0,4,4,4,4,4,4,4,4,4,4,4,4,4,4,4,4,4,4,4,4,4,4,4,4,4,4,4,4,4,4,4,4,100,,,,,,,,,,,,,,,,,,,,,,,,,,,,,,,,,,,,,,,,,,,,,,,,,,,,,,,,,,,,,,,,,,,,,,,,,,,,,,,,,,,,,,,,,,,,,,,,,,,,,,,,,,,,,,,,,,,,,,,,,,,,,,,,,,,,,,,,,,,,,,,,,,,,,,,,,,,,,,,,,,,,,,,,,,,,,,,,,,,,,,,,,,,,,,,,,,,,,,,,,,,,,,
1764665236.584994,45408,0,4406.794922,4423.333496,4515.384766,4527.692383,4415.256348,4546.922852,4557.820313,4405.384766,4584.487305,4399.358887,4497.94873,4534.615234,4591.410156,4393.846191,4392.94873,4518.077148,4568.589844,4551.025879,4519.102539,4397.179688,4415.897461,4583.461426,4540,4515.641113,4416.538574,4593.846191,4407.05127,4578.461426,4520.769043,4410.128418,4544.102539,4514.871582,2766,1,25,2566,47584,,,,0,4,4,4,4,4,4,4,4,4,4,4,4,4,4,4,4,4,4,4,4,4,4,4,4,4,4,4,4,4,4,4,4,100,,,,,,,,,,,,,,,,,,,,,,,,,,,,,,,,,,,,,,,,,,,,,,,,,,,,,,,,,,,,,,,,,,,,,,,,,,,,,,,,,,,,,,,,,,,,,,,,,,,,,,,,,,,,,,,,,,,,,,,,,,,,,,,,,,,,,,,,,,,,,,,,,,,,,,,,,,,,,,,,,,,,,,,,,,,,,,,,,,,,,,,,,,,,,,,,,,,,,,,,,,,,,,
1764665236.588899,45409,0,4406.538574,4422.179688,4519.102539,4531.025879,4418.461426,4546.282227,4561.666504,4405.897461,4586.538574,4404.487305,4500.769043,4539.743652,4596.025879,4392.179688,4394.743652,4523.077148,4572.436035,4555.256348,4520.256348,4399.871582,4416.282227,4586.282227,4543.077148,4516.153809,4420.512695,4594.102539,4407.436035,4578.461426,4522.05127,4411.922852,4546.666504,4517.05127,2928,1,25,2566,47584,,,,0,4,4,4,4,4,4,4,4,4,4,4,4,4,4,4,4,4,4,4,4,4,4,4,4,4,4,4,4,4,4,4,4,100,,,,,,,,,,,,,,,,,,,,,,,,,,,,,,,,,,,27736,0,0.263011,-0.598511,-0.734253,0.182983,0.981565,0.212428,0.051764,25.333334,28.166666,43.666668,,,,,,,,,,,,,,,,,,,,,,,,,,,,,,,,,,,,,,,,,,,,,,,,,,,,,,,,,,,,,,,,,,,,,,,,,,,,,,,,,,,,,,,,,,,,,,,,,,,,,,,,,,,,,,,,,,,,,,,,,,,,,,,,,,,,,,,,,,,,,,,,,,,,,,,,,,,,,,,,
1764665236.592805,45410,0,4401.666504,4415.128418,4515.641113,4528.077148,4413.077148,4539.358887,4557.94873,4400,4582.05127,4404.102539,4498.333496,4539.230957,4594.358887,4387.436035,4391.538574,4523.077148,4570.384766,4555.256348,4519.743652,4398.461426,4412.820313,4581.666504,4543.461426,4511.794922,4418.205078,4588.974121,4403.205078,4573.205078,4521.410156,4408.589844,4543.205078,4512.820313,2607,1,25,2567,47592,,,,0,4,4,4,4,4,4,4,4,4,4,4,4,4,4,4,4,4,4,4,4,4,4,4,4,4,4,4,4,4,4,4,4,100,,,,,,,,,,,,,,,,,,,,,,,,,,,,,,,,,,,,,,,,,,,,,,,,,,,,,,,,,,,,,,,,,,,,,,,,,,,,,,,,,,,,,,,,,,,,,,,,,,,,,,,,,,,,,,,,,,,,,,,,,,,,,,,,,,,,,,,,,,,,,,,,,,,,,,,,,,,,,,,,,,,,,,,,,,,,,,,,,,,,,,,,,,,,,,,,,,,,,,,,,,,,,,
1764665236.596711,45411,0,4395,4405.897461,4506.666504,4520.897461,4402.307617,4529.743652,4548.974121,4390.384766,4574.487305,4398.974121,4492.563965,4532.820313,4587.692383,4381.794922,4385,4518.974121,4563.974121,4550.897461,4517.692383,4394.102539,4407.179688,4571.794922,4541.153809,4504.871582,4411.025879,4582.307617,4397.179688,4565.897461,4518.717773,4402.307617,4536.025879,4505,2869,1,25,2567,47592,,,,0,4,4,4,4,4,4,4,4,4,4,4,4,4,4,4,4,4,4,4,4,4,4,4,4,4,4,4,4,4,4,4,4,100,,,,,,,,,,,,,,,,,,,,,,,,,,,,,,,,,,,,,,,,,,,,,,,,,,,,,,,,,,,,,,,,,,,,,,,,,,,,,,,,,,,,,,,,,,,,,,,,,,,,,,,,,,,,,,,,,,,,,,,,,,,,,,,,,,,,,,,,,,,,,,,,,,,,,,,,,,,,,,,,,,,,,,,,,,,,,,,,,,,,,,,,,,,,,,,,,,,,,,,,,,,,,,
1764665236.600617,45412,0,4387.820313,4397.179688,4494.230957,4511.025879,4389.743652,4519.743652,4538.077148,4379.743652,4566.538574,4390.897461,4485.512695,4522.563965,4578.846191,4376.666504,4376.410156,4511.666504,4555,4542.692383,4513.461426,4387.307617,4399.743652,4560.641113,4535,4496.282227,4400,4575.512695,4390.512695,4557.94873,4513.974121,4394.743652,4526.922852,4496.025879,2765,1,25,2566,47599,,,,0,4,4,4,4,4,4,4,4,4,4,4,4,4,4,4,4,4,4,4,4,4,4,4,4,4,4,4,4,4,4,4,4,100,,,,,,,,,,,,,,,,,,,,,,,,,,,,,,,,,,,,,,,,,,,,,,,,,,,,,,,,,,,,,,,,,,,,,,,,,,,,,,,,,,,,,,,,,,,,,,,,,,,,,,,,,,,,,,,,,,,,,,,,,,,,,,,,,,,,,,,,,,,,,,,,,,,,,,,,,,,,,,,,,,,,,,,,,,,,,,,,,,,,,,,,,,,,,,,,,,,,,,,,,,,,,,
1764665236.604523,45413,0,4381.153809,4390.256348,4481.922852,4500.897461,4379.230957,4511.538574,4528.974121,4371.410156,4559.358887,4382.05127,4479.102539,4512.692383,4571.025879,4372.692383,4368.333496,4503.846191,4546.282227,4533.461426,4507.563965,4380,4392.307617,4552.820313,4525.769043,4487.820313,4387.179688,4569.487305,4383.846191,4550.769043,4508.589844,4387.436035,4517.563965,4487.94873,2794,1,25,2566,47599,,,,0,4,4,4,4,4,4,4,4,4,4,4,4,4,4,4,4,4,4,4,4,4,4,4,4,4,4,4,4,4,4,4,4,100,,,,,,,,,,,,,,,,,,,,,,,,,,,,,,,,,,,27737,0,0.26267,-0.598511,-0.734375,0.182983,0.978635,0.205591,0.033207,24.833334,26.666666,45,,,,,,,,,,,,,,,,,,,,,,,,,,,,,,,,,,,,,,,,,,,,,,,,,,,,,,,,,,,,,,,,,,,,,,,,,,,,,,,,,,,,,,,,,,,,,,,,,,,,,,,,,,,,,,,,,,,,,,,,,,,,,,,,,,,,,,,,,,,,,,,,,,,,,,,,,,,,,,,,
1764665236.608428,45414,0,4377.436035,4386.794922,4473.846191,4495.256348,4374.743652,4507.563965,4525.256348,4368.846191,4555.384766,4375.641113,4476.025879,4508.077148,4567.436035,4371.666504,4364.487305,4499.230957,4541.794922,4528.205078,4503.461426,4375.897461,4388.461426,4552.179688,4517.94873,4482.94873,4376.922852,4565.769043,4380.128418,4547.436035,4505.384766,4383.205078,4510.897461,4483.205078,2805,1,25,2566,47607,,,,0,4,4,4,4,4,4,4,4,4,4,4,4,4,4,4,4,4,4,4,4,4,4,4,4,4,4,4,4,4,4,4,4,100,,,,,,,,,,,,,,,,,,,,,,,,,,,,,,,,,,,,,,,,,,,,,,,,,,,,,,,,,,,,,,,,,,,,,,,,,,,,,,,,,,,,,,,,,,,,,,,,,,,,,,,,,,,,,,,,,,,,,,,,,,,,,,,,,,,,,,,,,,,,,,,,,,,,,,,,,,,,,,,,,,,,,,,,,,,,,,,,,,,,,,,,,,,,,,,,,,,,,,,,,,,,,,
1764665236.612334,45415,0,4379.230957,4388.461426,4473.717773,4497.820313,4378.461426,4509.743652,4528.846191,4373.846191,4556.794922,4376.025879,4478.461426,4511.025879,4570.128418,4374.615234,4368.333496,4501.025879,4544.102539,4530.641113,4505,4377.94873,4391.153809,4558.846191,4516.922852,4484.871582,4373.717773,4566.410156,4382.436035,4550.641113,4506.922852,4384.358887,4510.384766,4483.974121,2986,1,25,2566,47607,,,,0,4,4,4,4,4,4,4,4,4,4,4,4,4,4,4,4,4,4,4,4,4,4,4,4,4,4,4,4,4,4,4,4,100,,,,,,,,,,,,,,,,,,,,,,,,,,,,,,,,,,,,,,,,,,,,,,,,,,,,,,,,,,,,,,,,,,,,,,,,,,,,,,,,,,,,,,,,,,,,,,,,,,,,,,,,,,,,,,,,,,,,,,,,,,,,,,,,,,,,,,,,,,,,,,,,,,,,,,,,,,,,,,,,,,,,,,,,,,,,,,,,,,,,,,,,,,,,,,,,,,,,,,,,,,,,,,
1764665236.616240,45416,0,4385.384766,4394.102539,4480.384766,4507.563965,4388.461426,4516.922852,4537.563965,4383.589844,4562.94873,4384.615234,4486.025879,4519.230957,4577.820313,4380.128418,4378.333496,4507.692383,4551.922852,4539.230957,4511.794922,4385.256348,4398.846191,4568.461426,4523.205078,4492.436035,4379.102539,4570.769043,4390.128418,4559.358887,4511.922852,4389.615234,4516.025879,4489.615234,2870,1,25,2567,47615,,,,0,4,4,4,4,4,4,4,4,4,4,4,4,4,4,4,4,4,4,4,4,4,4,4,4,4,4,4,4,4,4,4,4,100,,,,,,,,,,,,,,,,,,,,,,,,,,,,,,,,,,,,,,,,,,,,,,,,,,,,,,,,,,,,,,,,,,,,,,,,,,,,,,,,,,,,,,,,,,,,,,,,,,,,,,,,,,,,,,,,,,,,,,,,,,,,,,,,,,,,,,,,,,,,,,,,,,,,,,,,,,,,,,,,,,,,,,,,,,,,,,,,,,,,,,,,,,,,,,,,,,,,,,,,,,,,,,
1764665236.620146,45417,0,4391.025879,4400.128418,4488.077148,4517.820313,4398.077148,4524.358887,4545.128418,4391.410156,4568.846191,4397.436035,4494.102539,4526.794922,4585.897461,4383.974121,4387.820313,4513.846191,4558.461426,4547.05127,4518.333496,4391.922852,4405.384766,4573.846191,4531.282227,4499.358887,4389.102539,4574.615234,4397.179688,4566.794922,4515.897461,4393.846191,4522.692383,4495.128418,2720,1,25,2567,47615,,,,0,4,4,4,4,4,4,4,4,4,4,4,4,4,4,4,4,4,4,4,4,4,4,4,4,4,4,4,4,4,4,4,4,100,,,,,,,,,,,,,,,,,,,,,,,,,,,,,,,,,,,27738,0,0.262627,-0.598511,-0.734375,0.183044,0.979123,0.221218,0.045904,23.166666,27.833334,43.666668,,,,,,,,,,,,,,,,,,,,,,,,,,,,,,,,,,,,,,,,,,,,,,,,,,,,,,,,,,,,,,,,,,,,,,,,,,,,,,,,,,,,,,,,,,,,,,,,,,,,,,,,,,,,,,,,,,,,,,,,,,,,,,,,,,,,,,,,,,,,,,,,,,,,,,,,,,,,,,,,
1764665236.624051,45418,0,4390.769043,4401.666504,4489.102539,4520.384766,4400.256348,4526.538574,4544.871582,4390.769043,4569.230957,4405.256348,4496.025879,4527.307617,4588.077148,4381.794922,4389.102539,4512.94873,4556.794922,4546.538574,4517.94873,4391.538574,4403.974121,4570,4533.077148,4498.717773,4396.025879,4573.205078,4396.282227,4565.769043,4514.358887,4390.897461,4523.846191,4494.487305,2295,1,25,2568,47623,,,,0,4,4,4,4,4,4,4,4,4,4,4,4,4,4,4,4,4,4,4,4,4,4,4,4,4,4,4,4,4,4,4,4,100,,,,,,,,,,,,,,,,,,,,,,,,,,,,,,,,,,,,,,,,,,,,,,,,,,,,,,,,,,,,,,,,,,,,,,,,,,,,,,,,,,,,,,,,,,,,,,,,,,,,,,,,,,,,,,,,,,,,,,,,,,,,,,,,,,,,,,,,,,,,,,,,,,,,,,,,,,,,,,,,,,,,,,,,,,,,,,,,,,,,,,,,,,,,,,,,,,,,,,,,,,,,,,
1764665236.627957,45419,0,4383.461426,4396.538574,4480.897461,4512.307617,4392.692383,4521.153809,4535,4380.384766,4562.05127,4400.897461,4489.102539,4518.974121,4581.410156,4373.077148,4379.871582,4503.717773,4545.256348,4535.641113,4508.846191,4382.820313,4393.461426,4558.077148,4525.384766,4488.589844,4394.102539,4565.128418,4385.769043,4553.974121,4507.179688,4380.128418,4516.538574,4485.897461,2702,1,25,2568,47623,,,,0,4,4,4,4,4,4,4,4,4,4,4,4,4,4,4,4,4,4,4,4,4,4,4,4,4,4,4,4,4,4,4,4,100,,,,,,,,,,,,,,,,,,,,,,,,,,,,,,,,,,,,,,,,,,,,,,,,,,,,,,,,,,,,,,,,,,,,,,,,,,,,,,,,,,,,,,,,,,,,,,,,,,,,,,,,,,,,,,,,,,,,,,,,,,,,,,,,,,,,,,,,,,,,,,,,,,,,,,,,,,,,,,,,,,,,,,,,,,,,,,,,,,,,,,,,,,,,,,,,,,,,,,,,,,,,,,
1764665236.631863,45420,0,4373.333496,4388.077148,4468.333496,4499.230957,4380.769043,4511.282227,4521.025879,4366.538574,4551.153809,4385.512695,4477.307617,4506.025879,4568.846191,4362.307617,4365.769043,4491.410156,4530.128418,4520.897461,4496.666504,4370.897461,4379.743652,4545,4512.820313,4474.871582,4384.230957,4554.615234,4371.794922,4537.820313,4498.974121,4367.05127,4504.871582,4474.358887,2495,1,25,2569,47631,,,,0,4,4,4,4,4,4,4,4,4,4,4,4,4,4,4,4,4,4,4,4,4,4,4,4,4,4,4,4,4,4,4,4,100,,,,,,,,,,,,,,,,,,,,,,,,,,,,,,,,,,,,,,,,,,,,,,,,,,,,,,,,,,,,,,,,,,,,,,,,,,,,,,,,,,,,,,,,,,,,,,,,,,,,,,,,,,,,,,,,,,,,,,,,,,,,,,,,,,,,,,,,,,,,,,,,,,,,,,,,,,,,,,,,,,,,,,,,,,,,,,,,,,,,,,,,,,,,,,,,,,,,,,,,,,,,,,
1764665236.635769,45421,0,4367.692383,4382.94873,4460.897461,4491.025879,4373.974121,4503.974121,4512.563965,4358.717773,4543.846191,4369.743652,4469.230957,4496.410156,4558.205078,4356.410156,4356.410156,4484.230957,4521.282227,4512.563965,4490,4363.974121,4372.05127,4538.846191,4504.358887,4467.05127,4373.846191,4549.487305,4364.487305,4528.589844,4495.512695,4361.282227,4497.05127,4468.333496,2238,1,25,2569,47631,,,,0,4,4,4,4,4,4,4,4,4,4,4,4,4,4,4,4,4,4,4,4,4,4,4,4,4,4,4,4,4,4,4,4,100,,,,,,,,,,,,,,,,,,,,,,,,,,,,,,,,,,,27739,0,0.262541,-0.598511,-0.734436,0.182922,0.97424,0.218288,0.047369,24.166666,28.333334,45.5,,,,,,,,,,,,,,,,,,,,,,,,,,,,,,,,,,,,,,,,,,,,,,,,,,,,,,,,,,,,,,,,,,,,,,,,,,,,,,,,,,,,,,,,,,,,,,,,,,,,,,,,,,,,,,,,,,,,,,,,,,,,,,,,,,,,,,,,,,,,,,,,,,,,,,,,,,,,,,,,
1764665236.639674,45422,0,4371.538574,4386.153809,4465.512695,4494.743652,4379.487305,4505.256348,4516.538574,4363.333496,4546.153809,4365.641113,4471.410156,4496.025879,4556.538574,4359.743652,4358.461426,4487.820313,4525.641113,4517.563965,4494.102539,4367.05127,4375.897461,4543.717773,4506.538574,4472.05127,4371.025879,4555.128418,4370.384766,4533.461426,4499.743652,4368.077148,4499.358887,4473.589844,2712,1,25,2570,47638,,,,0,4,4,4,4,4,4,4,4,4,4,4,4,4,4,4,4,4,4,4,4,4,4,4,4,4,4,4,4,4,4,4,4,100,,,,,,,,,,,,,,,,,,,,,,,,,,,,,,,,,,,,,,,,,,,,,,,,,,,,,,,,,,,,,,,,,,,,,,,,,,,,,,,,,,,,,,,,,,,,,,,,,,,,,,,,,,,,,,,,,,,,,,,,,,,,,,,,,,,,,,,,,,,,,,,,,,,,,,,,,,,,,,,,,,,,,,,,,,,,,,,,,,,,,,,,,,,,,,,,,,,,,,,,,,,,,,
1764665236.643580,45423,0,4383.717773,4397.436035,4480.769043,4509.743652,4396.153809,4515.769043,4531.666504,4378.589844,4557.94873,4377.692383,4482.94873,4505.384766,4565.769043,4370.769043,4370.641113,4500.512695,4540.897461,4533.974121,4506.794922,4378.333496,4389.358887,4556.666504,4519.230957,4488.589844,4379.102539,4569.871582,4386.666504,4550,4510,4384.615234,4511.538574,4488.333496,2502,1,25,2570,47638,,,,0,4,4,4,4,4,4,4,4,4,4,4,4,4,4,4,4,4,4,4,4,4,4,4,4,4,4,4,4,4,4,4,4,100,,,,,,,,,,,,,,,,,,,,,,,,,,,,,,,,,,,,,,,,,,,,,,,,,,,,,,,,,,,,,,,,,,,,,,,,,,,,,,,,,,,,,,,,,,,,,,,,,,,,,,,,,,,,,,,,,,,,,,,,,,,,,,,,,,,,,,,,,,,,,,,,,,,,,,,,,,,,,,,,,,,,,,,,,,,,,,,,,,,,,,,,,,,,,,,,,,,,,,,,,,,,,,
1764665236.647486,45424,0,4397.820313,4411.025879,4498.077148,4527.820313,4415.384766,4529.102539,4549.487305,4395.769043,4572.94873,4399.487305,4496.153809,4518.974121,4580.256348,4383.333496,4385.641113,4515,4557.563965,4552.179688,4520,4389.615234,4403.333496,4570.256348,4534.358887,4507.05127,4393.205078,4585.128418,4403.333496,4567.436035,4520.512695,4400.769043,4526.282227,4504.358887,2865,1,25,2571,47646,,,,0,4,4,4,4,4,4,4,4,4,4,4,4,4,4,4,4,4,4,4,4,4,4,4,4,4,4,4,4,4,4,4,4,100,,,,,,,,,,,,,,,,,,,,,,,,,,,,,,,,,,,,,,,,,,,,,,,,,,,,,,,,,,,,,,,,,,,,,,,,,,,,,,,,,,,,,,,,,,,,,,,,,,,,,,,,,,,,,,,,,,,,,,,,,,,,,,,,,,,,,,,,,,,,,,,,,,,,,,,,,,,,,,,,,,,,,,,,,,,,,,,,,,,,,,,,,,,,,,,,,,,,,,,,,,,,,,
1764665236.651392,45425,0,4406.025879,4419.487305,4507.307617,4538.461426,4426.410156,4537.05127,4559.743652,4404.871582,4582.179688,4417.94873,4502.820313,4528.077148,4590.897461,4390.128418,4394.871582,4522.563965,4565.897461,4561.538574,4525.384766,4393.461426,4408.974121,4577.05127,4542.307617,4516.282227,4403.717773,4591.025879,4409.743652,4575.128418,4525.128418,4406.410156,4534.102539,4512.563965,2926,1,25,2571,47646,,,,0,4,4,4,4,4,4,4,4,4,4,4,4,4,4,4,4,4,4,4,4,4,4,4,4,4,4,4,4,4,4,4,4,100,,,,,,,,,,,,,,,,,,,,,,,,,,,,,,,,,,,27740,0,0.262627,-0.598511,-0.734375,0.183044,0.978635,0.227078,0.060066,23.5,30,43.5,,,,,,,,,,,,,,,,,,,,,,,,,,,,,,,,,,,,,,,,,,,,,,,,,,,,,,,,,,,,,,,,,,,,,,,,,,,,,,,,,,,,,,,,,,,,,,,,,,,,,,,,,,,,,,,,,,,,,,,,,,,,,,,,,,,,,,,,,,,,,,,,,,,,,,,,,,,,,,,,
1764665236.655298,45426,0,4403.846191,4417.94873,4503.974121,4535.897461,4423.589844,4534.615234,4557.05127,4401.025879,4580.256348,4422.436035,4498.974121,4527.179688,4591.025879,4387.94873,4394.230957,4519.230957,4561.922852,4557.436035,4520.256348,4387.307617,4403.077148,4573.846191,4537.692383,4510.769043,4403.077148,4584.102539,4402.05127,4568.589844,4521.794922,4398.461426,4529.743652,4508.717773,1757,1,25,2572,47654,,,,0,4,4,4,4,4,4,4,4,4,4,4,4,4,4,4,4,4,4,4,4,4,4,4,4,4,4,4,4,4,4,4,4,100,,,,,,,,,,,,,,,,,,,,,,,,,,,,,,,,,,,,,,,,,,,,,,,,,,,,,,,,,,,,,,,,,,,,,,,,,,,,,,,,,,,,,,,,,,,,,,,,,,,,,,,,,,,,,,,,,,,,,,,,,,,,,,,,,,,,,,,,,,,,,,,,,,,,,,,,,,,,,,,,,,,,,,,,,,,,,,,,,,,,,,,,,,,,,,,,,,,,,,,,,,,,,,
1764665236.659203,45427,0,4392.307617,4406.922852,4491.282227,4522.05127,4409.102539,4522.820313,4543.589844,4386.666504,4568.717773,4412.179688,4487.563965,4516.153809,4580.512695,4378.077148,4385.384766,4507.179688,4549.487305,4542.94873,4508.589844,4375.256348,4390,4563.333496,4522.94873,4493.974121,4391.025879,4568.333496,4384.615234,4552.179688,4512.436035,4382.05127,4515.512695,4495.512695,2955,1,25,2572,47654,,,,0,4,4,4,4,4,4,4,4,4,4,4,4,4,4,4,4,4,4,4,4,4,4,4,4,4,4,4,4,4,4,4,4,100,,,,,,,,,,,,,,,,,,,,,,,,,,,,,,,,,,,,,,,,,,,,,,,,,,,,,,,,,,,,,,,,,,,,,,,,,,,,,,,,,,,,,,,,,,,,,,,,,,,,,,,,,,,,,,,,,,,,,,,,,,,,,,,,,,,,,,,,,,,,,,,,,,,,,,,,,,,,,,,,,,,,,,,,,,,,,,,,,,,,,,,,,,,,,,,,,,,,,,,,,,,,,,
1764665236.663109,45428,0,4377.05127,4391.666504,4477.563965,4505.128418,4391.282227,4508.205078,4526.538574,4369.358887,4553.974121,4394.230957,4475.256348,4500.641113,4565.256348,4365.384766,4373.461426,4493.333496,4535.897461,4526.153809,4498.077148,4364.102539,4377.692383,4550.897461,4506.922852,4475.512695,4375,4552.436035,4366.922852,4534.743652,4502.307617,4366.794922,4499.102539,4480.384766,2517,1,25,2573,47662,,,,0,4,4,4,4,4,4,4,4,4,4,4,4,4,4,4,4,4,4,4,4,4,4,4,4,4,4,4,4,4,4,4,4,100,,,,,,,,,,,,,,,,,,,,,,,,,,,,,,,,,,,,,,,,,,,,,,,,,,,,,,,,,,,,,,,,,,,,,,,,,,,,,,,,,,,,,,,,,,,,,,,,,,,,,,,,,,,,,,,,,,,,,,,,,,,,,,,,,,,,,,,,,,,,,,,,,,,,,,,,,,,,,,,,,,,,,,,,,,,,,,,,,,,,,,,,,,,,,,,,,,,,,,,,,,,,,,
1764665236.667015,45429,0,4365.641113,4379.615234,4470.512695,4494.230957,4378.589844,4497.94873,4513.974121,4357.307617,4543.846191,4379.358887,4468.205078,4488.333496,4553.333496,4355.641113,4364.102539,4485,4526.794922,4515.256348,4493.846191,4359.743652,4372.307617,4542.820313,4498.205078,4464.871582,4363.846191,4544.615234,4357.94873,4524.743652,4496.410156,4361.025879,4489.358887,4471.410156,2819,1,25,2573,47662,,,,0,4,4,4,4,4,4,4,4,4,4,4,4,4,4,4,4,4,4,4,4,4,4,4,4,4,4,4,4,4,4,4,4,100,,,,,,,,,,,,,,,,,,,,,,,,,,,,,,,,,,,27741,0,0.262809,-0.59845,-0.734314,0.183228,0.978635,0.227078,0.060066,25,28.833334,43.833332,,,,,,,,,,,,,,,,,,,,,,,,,,,,,,,,,,,,,,,,,,,,,,,,,,,,,,,,,,,,,,,,,,,,,,,,,,,,,,,,,,,,,,,,,,,,,,,,,,,,,,,,,,,,,,,,,,,,,,,,,,,,,,,,,,,,,,,,,,,,,,,,,,,,,,,,,,,,,,,,
1764665236.670921,45430,0,4363.461426,4376.922852,4473.974121,4494.102539,4376.282227,4496.794922,4511.025879,4355.641113,4542.692383,4375,4468.974121,4485.256348,4550.128418,4353.333496,4361.025879,4486.666504,4525.128418,4514.871582,4497.179688,4364.358887,4376.282227,4542.692383,4500.641113,4466.282227,4362.436035,4548.205078,4361.410156,4526.282227,4497.563965,4367.05127,4491.282227,4473.461426,2927,1,25,2574,47670,,,,0,4,4,4,4,4,4,4,4,4,4,4,4,4,4,4,4,4,4,4,4,4,4,4,4,4,4,4,4,4,4,4,4,100,,,,,,,,,,,,,,,,,,,,,,,,,,,,,,,,,,,,,,,,,,,,,,,,,,,,,,,,,,,,,,,,,,,,,,,,,,,,,,,,,,,,,,,,,,,,,,,,,,,,,,,,,,,,,,,,,,,,,,,,,,,,,,,,,,,,,,,,,,,,,,,,,,,,,,,,,,,,,,,,,,,,,,,,,,,,,,,,,,,,,,,,,,,,,,,,,,,,,,,,,,,,,,
1764665236.674826,45431,0,4371.538574,4385,4486.153809,4503.333496,4383.589844,4504.743652,4518.077148,4364.487305,4550,4381.282227,4476.666504,4492.820313,4556.282227,4358.717773,4365.641113,4497.05127,4530.256348,4524.102539,4505.128418,4375.384766,4387.05127,4550.256348,4511.410156,4477.563965,4369.230957,4560.641113,4375,4537.307617,4504.871582,4380.897461,4503.717773,4485.128418,2837,1,25,2574,47670,,,,0,4,4,4,4,4,4,4,4,4,4,4,4,4,4,4,4,4,4,4,4,4,4,4,4,4,4,4,4,4,4,4,4,100,,,,,,,,,,,,,,,,,,,,,,,,,,,,,,,,,,,,,,,,,,,,,,,,,,,,,,,,,,,,,,,,,,,,,,,,,,,,,,,,,,,,,,,,,,,,,,,,,,,,,,,,,,,,,,,,,,,,,,,,,,,,,,,,,,,,,,,,,,,,,,,,,,,,,,,,,,,,,,,,,,,,,,,,,,,,,,,,,,,,,,,,,,,,,,,,,,,,,,,,,,,,,,
1764665236.678732,45432,0,4385,4399.102539,4500.641113,4515.897461,4395,4517.820313,4530.384766,4378.589844,4561.410156,4391.666504,4486.153809,4506.025879,4567.307617,4368.333496,4375.128418,4509.871582,4539.487305,4536.922852,4512.94873,4387.563965,4398.717773,4561.282227,4524.102539,4491.794922,4378.205078,4575,4391.922852,4551.410156,4514.487305,4395.256348,4519.871582,4499.487305,2768,1,25,2573,47677,,,,0,4,4,4,4,4,4,4,4,4,4,4,4,4,4,4,4,4,4,4,4,4,4,4,4,4,4,4,4,4,4,4,4,100,,,,,,,,,,,,,,,,,,,,,,,,,,,,,,,,,,,,,,,,,,,,,,,,,,,,,,,,,,,,,,,,,,,,,,,,,,,,,,,,,,,,,,,,,,,,,,,,,,,,,,,,,,,,,,,,,,,,,,,,,,,,,,,,,,,,,,,,,,,,,,,,,,,,,,,,,,,,,,,,,,,,,,,,,,,,,,,,,,,,,,,,,,,,,,,,,,,,,,,,,,,,,,
1764665236.682638,45433,0,4396.794922,4411.666504,4510.512695,4525,4404.102539,4530.256348,4541.410156,4390.256348,4571.025879,4398.846191,4492.179688,4517.179688,4576.538574,4376.282227,4384.230957,4518.333496,4548.205078,4546.025879,4516.922852,4395.641113,4406.025879,4569.615234,4532.307617,4502.05127,4383.974121,4584.487305,4405.384766,4561.922852,4521.538574,4403.846191,4532.05127,4509.358887,2819,1,25,2573,47677,,,,0,4,4,4,4,4,4,4,4,4,4,4,4,4,4,4,4,4,4,4,4,4,4,4,4,4,4,4,4,4,4,4,4,100,,,,,,,,,,,,,,,,,,,,,,,,,,,,,,,,,,,27742,0,0.262798,-0.598511,-0.734253,0.183289,0.963497,0.207545,0.052741,22.333334,27.833334,44.166668,,,,,,,,,,,,,,,,,,,,,,,,,,,,,,,,,,,,,,,,,,,,,,,,,,,,,,,,,,,,,,,,,,,,,,,,,,,,,,,,,,,,,,,,,,,,,,,,,,,,,,,,,,,,,,,,,,,,,,,,,,,,,,,,,,,,,,,,,,,,,,,,,,,,,,,,,,,,,,,,
1764665236.686544,45434,0,4401.794922,4417.179688,4512.307617,4527.820313,4407.436035,4537.179688,4546.410156,4394.487305,4575.384766,4401.282227,4492.563965,4521.153809,4580.128418,4378.974121,4388.846191,4519.487305,4553.205078,4547.692383,4516.410156,4397.179688,4407.05127,4571.666504,4534.871582,4505.641113,4385.641113,4586.282227,4411.794922,4566.538574,4523.846191,4405,4536.282227,4511.538574,1954,1,25,2569,47685,,,,0,4,4,4,4,4,4,4,4,4,4,4,4,4,4,4,4,4,4,4,4,4,4,4,4,4,4,4,4,4,4,4,4,100,1,100,4,4,4,4,4,4,4,4,4,4,4,4,4,4,4,4,4,4,4,4,4,4,4,4,4,4,4,4,4,4,4,4,,,,,,,,,,,,,1.819752,1.612677,0.681175,0.668011,0.531077,2.578153,2.981865,1.172876,0.883482,0.601561,2.020331,2.750217,1.328947,1.171051,0.7054,1.985346,2.653678,1.092624,0.82115,0.605673,3.120621,3.078008,1.252874,1.10554,0.577416,3.491947,2.163254,0.730232,0.553651,0.464185,2.610976,1.595006,0.704117,0.872816,0.574622,1.693657,2.097214,1.020684,0.959457,0.600987,0.747588,1.682041,0.424326,0.735334,0.700763,1.089112,2.304089,1.348604,1.144511,0.839715,1.790515,0.554174,0.483044,0.894931,0.481133,2.38938,1.763704,0.783088,0.83713,0.576063,1.176497,1.629761,1.172738,1.024391,0.533256,0.805942,0.540442,0.344632,0.778519,0.353444,0.231995,0.873239,1.017727,0.468358,0.596593,0.478093,1.677723,0.719965,0.474905,0.463591,2.203624,3.059575,1.440543,0.790726,0.630193,0.417714,1.775323,0.855263,0.857149,0.582448,0.458338,1.159392,0.724779,0.670192,0.330676,0.545081,1.075042,1.29925,0.748128,0.480076,1.069177,1.765908,1.847482,1.087578,0.403369,1.380258,4.026637,1.420352,0.933641,0.648292,1.652409,2.7935,1.180551,0.706492,0.51275,1.600645,3.532258,1.390661,0.828888,0.576535,1.457016,3.075826,3.565809,1.72289,1.135284,0.928214,1.056581,1.402971,0.836468,0.54847,1.73712,2.13042,1.631615,1.052536,0.628658,1.945456,2.561862,1.652523,0.822903,0.555407,1.175548,1.050057,0.542345,0.408144,0.272199,1.771921,2.201463,1.405582,0.763564,0.647026,1.263359,2.373731,1.464317,0.908197,0.643603,1.626741,1.771485,1.402512,1.00954,0.540169
1764665236.690450,45435,0,4400.769043,4415.897461,4508.333496,4526.922852,4406.282227,4537.94873,4546.025879,4392.436035,4575.128418,4403.589844,4490.256348,4519.743652,4579.358887,4377.05127,4388.205078,4515.256348,4553.846191,4544.102539,4513.589844,4394.358887,4404.102539,4569.102539,4534.487305,4504.615234,4387.179688,4583.461426,4412.563965,4567.436035,4522.692383,4402.307617,4534.615234,4509.358887,2637,1,25,2569,47685,,,,0,4,4,4,4,4,4,4,4,4,4,4,4,4,4,4,4,4,4,4,4,4,4,4,4,4,4,4,4,4,4,4,4,100,,,,,,,,,,,,,,,,,,,,,,,,,,,,,,,,,,,,,,,,,,,,,,,,,,,,,,,,,,,,,,,,,,,,,,,,,,,,,,,,,,,,,,,,,,,,,,,,,,,,,,,,,,,,,,,,,,,,,,,,,,,,,,,,,,,,,,,,,,,,,,,,,,,,,,,,,,,,,,,,,,,,,,,,,,,,,,,,,,,,,,,,,,,,,,,,,,,,,,,,,,,,,,
1764665236.694355,45436,0,4398.333496,4412.692383,4504.743652,4527.563965,4404.615234,4535.769043,4544.358887,4389.871582,4573.589844,4410,4490,4518.589844,4578.461426,4375,4385.512695,4511.282227,4553.333496,4540.512695,4512.307617,4391.922852,4401.410156,4567.05127,4535.641113,4503.461426,4394.358887,4581.922852,4412.307617,4569.230957,4522.307617,4401.410156,4532.94873,4508.333496,2692,1,25,2563,47693,,,,0,4,4,4,4,4,4,4,4,4,4,4,4,4,4,4,4,4,4,4,4,4,4,4,4,4,4,4,4,4,4,4,4,100,,,,,,,,,,,,,,,,,,,,,,,,,,,,,,,,,,,,,,,,,,,,,,,,,,,,,,,,,,,,,,,,,,,,,,,,,,,,,,,,,,,,,,,,,,,,,,,,,,,,,,,,,,,,,,,,,,,,,,,,,,,,,,,,,,,,,,,,,,,,,,,,,,,,,,,,,,,,,,,,,,,,,,,,,,,,,,,,,,,,,,,,,,,,,,,,,,,,,,,,,,,,,,
1764665236.698261,45437,0,4399.230957,4412.692383,4506.282227,4532.563965,4405.769043,4535.256348,4546.025879,4392.692383,4575,4419.358887,4494.230957,4521.922852,4580.512695,4377.307617,4385,4512.05127,4554.871582,4541.153809,4515.128418,4393.717773,4402.436035,4569.615234,4539.871582,4505.512695,4408.333496,4586.282227,4414.358887,4574.615234,4525,4404.871582,4536.538574,4511.922852,2507,1,25,2563,47693,,,,0,4,4,4,4,4,4,4,4,4,4,4,4,4,4,4,4,4,4,4,4,4,4,4,4,4,4,4,4,4,4,4,4,100,,,,,,,,,,,,,,,,,,,,,,,,,,,,,,,,,,,27743,0,0.262755,-0.598511,-0.734253,0.18335,0.970333,0.222683,0.041509,23.5,28.833334,44.333332,,,,,,,,,,,,,,,,,,,,,,,,,,,,,,,,,,,,,,,,,,,,,,,,,,,,,,,,,,,,,,,,,,,,,,,,,,,,,,,,,,,,,,,,,,,,,,,,,,,,,,,,,,,,,,,,,,,,,,,,,,,,,,,,,,,,,,,,,,,,,,,,,,,,,,,,,,,,,,,,
1764665236.702167,45438,0,4403.589844,4416.410156,4512.436035,4539.743652,4409.487305,4537.94873,4551.410156,4400.128418,4580.256348,4424.615234,4500.384766,4528.333496,4584.615234,4384.102539,4388.077148,4517.563965,4559.487305,4545.897461,4520.641113,4399.487305,4406.922852,4576.153809,4544.871582,4510.128418,4422.692383,4595,4418.461426,4581.538574,4529.743652,4410.897461,4544.871582,4518.461426,2659,1,25,2560,47701,,,,0,4,4,4,4,4,4,4,4,4,4,4,4,4,4,4,4,4,4,4,4,4,4,4,4,4,4,4,4,4,4,4,4,100,,,,,,,,,,,,,,,,,,,,,,,,,,,,,,,,,,,,,,,,,,,,,,,,,,,,,,,,,,,,,,,,,,,,,,,,,,,,,,,,,,,,,,,,,,,,,,,,,,,,,,,,,,,,,,,,,,,,,,,,,,,,,,,,,,,,,,,,,,,,,,,,,,,,,,,,,,,,,,,,,,,,,,,,,,,,,,,,,,,,,,,,,,,,,,,,,,,,,,,,,,,,,,
1764665236.706073,45439,0,4407.05127,4419.358887,4517.307617,4542.563965,4411.538574,4540.897461,4556.410156,4406.025879,4585.769043,4418.333496,4502.820313,4532.436035,4586.538574,4390.512695,4391.538574,4522.692383,4563.846191,4550.128418,4524.615234,4404.358887,4410.641113,4580.897461,4545.512695,4513.333496,4427.179688,4601.282227,4420,4585.128418,4532.05127,4413.974121,4551.410156,4522.436035,2829,1,25,2560,47701,,,,0,4,4,4,4,4,4,4,4,4,4,4,4,4,4,4,4,4,4,4,4,4,4,4,4,4,4,4,4,4,4,4,4,100,,,,,,,,,,,,,,,,,,,,,,,,,,,,,,,,,,,,,,,,,,,,,,,,,,,,,,,,,,,,,,,,,,,,,,,,,,,,,,,,,,,,,,,,,,,,,,,,,,,,,,,,,,,,,,,,,,,,,,,,,,,,,,,,,,,,,,,,,,,,,,,,,,,,,,,,,,,,,,,,,,,,,,,,,,,,,,,,,,,,,,,,,,,,,,,,,,,,,,,,,,,,,,
1764665236.709978,45440,0,4404.230957,4416.538574,4514.230957,4535.897461,4406.922852,4538.589844,4556.025879,4403.717773,4586.153809,4399.615234,4497.05127,4529.743652,4582.94873,4390.897461,4390.256348,4521.538574,4563.077148,4548.333496,4522.307617,4402.692383,4408.717773,4578.205078,4537.94873,4511.025879,4415.512695,4599.358887,4414.743652,4581.025879,4528.077148,4409.871582,4548.846191,4518.974121,2757,1,25,1536,47709,,,,0,4,4,4,4,4,4,4,4,4,4,4,4,4,4,4,4,4,4,4,4,4,4,4,4,4,4,4,4,4,4,4,4,100,,,,,,,,,,,,,,,,,,,,,,,,,,,,,,,,,,,,,,,,,,,,,,,,,,,,,,,,,,,,,,,,,,,,,,,,,,,,,,,,,,,,,,,,,,,,,,,,,,,,,,,,,,,,,,,,,,,,,,,,,,,,,,,,,,,,,,,,,,,,,,,,,,,,,,,,,,,,,,,,,,,,,,,,,,,,,,,,,,,,,,,,,,,,,,,,,,,,,,,,,,,,,,
1764665236.713884,45441,0,4394.102539,4406.794922,4502.179688,4520.641113,4395.769043,4528.717773,4547.94873,4392.179688,4578.589844,4376.922852,4483.846191,4520,4574.743652,4383.461426,4382.307617,4512.563965,4555,4538.589844,4513.077148,4393.846191,4399.871582,4567.820313,4524.102539,4502.436035,4391.794922,4588.846191,4402.820313,4569.358887,4518.846191,4398.974121,4535.641113,4507.692383,2915,1,25,1536,47709,,,,0,4,4,4,4,4,4,4,4,4,4,4,4,4,4,4,4,4,4,4,4,4,4,4,4,4,4,4,4,4,4,4,4,100,,,,,,,,,,,,,,,,,,,,,,,,,,,,,,,,,,,27744,0,0.26298,-0.59845,-0.734192,0.183472,0.96545,0.215847,0.047369,24.666666,28,43,,,,,,,,,,,,,,,,,,,,,,,,,,,,,,,,,,,,,,,,,,,,,,,,,,,,,,,,,,,,,,,,,,,,,,,,,,,,,,,,,,,,,,,,,,,,,,,,,,,,,,,,,,,,,,,,,,,,,,,,,,,,,,,,,,,,,,,,,,,,,,,,,,,,,,,,,,,,,,,,
1764665236.717790,45442,0,4381.666504,4394.358887,4487.307617,4504.743652,4383.333496,4515.128418,4536.025879,4377.179688,4566.410156,4362.436035,4469.230957,4507.820313,4566.025879,4373.077148,4371.538574,4500.256348,4542.307617,4525.128418,4501.666504,4382.820313,4388.205078,4555.384766,4510.897461,4491.538574,4369.102539,4576.153809,4390.128418,4555.897461,4509.487305,4386.922852,4518.461426,4493.846191,2597,1,25,768,47717,,,,0,4,4,4,4,4,4,4,4,4,4,4,4,4,4,4,4,4,4,4,4,4,4,4,4,4,4,4,4,4,4,4,4,100,,,,,,,,,,,,,,,,,,,,,,,,,,,,,,,,,,,,,,,,,,,,,,,,,,,,,,,,,,,,,,,,,,,,,,,,,,,,,,,,,,,,,,,,,,,,,,,,,,,,,,,,,,,,,,,,,,,,,,,,,,,,,,,,,,,,,,,,,,,,,,,,,,,,,,,,,,,,,,,,,,,,,,,,,,,,,,,,,,,,,,,,,,,,,,,,,,,,,,,,,,,,,,
1764665236.721696,45443,0,4374.230957,4386.153809,4478.077148,4496.922852,4376.410156,4504.871582,4527.307617,4367.692383,4556.410156,4363.846191,4460.769043,4499.487305,4561.666504,4366.922852,4365.384766,4492.179688,4531.794922,4515.641113,4494.743652,4376.538574,4380.897461,4548.846191,4505.897461,4484.487305,4360.641113,4568.974121,4383.717773,4547.94873,4505.641113,4380.256348,4507.436035,4484.871582,2857,1,25,768,47717,,,,0,4,4,4,4,4,4,4,4,4,4,4,4,4,4,4,4,4,4,4,4,4,4,4,4,4,4,4,4,4,4,4,4,100,,,,,,,,,,,,,,,,,,,,,,,,,,,,,,,,,,,,,,,,,,,,,,,,,,,,,,,,,,,,,,,,,,,,,,,,,,,,,,,,,,,,,,,,,,,,,,,,,,,,,,,,,,,,,,,,,,,,,,,,,,,,,,,,,,,,,,,,,,,,,,,,,,,,,,,,,,,,,,,,,,,,,,,,,,,,,,,,,,,,,,,,,,,,,,,,,,,,,,,,,,,,,,
1764665236.725602,45444,0,4374.615234,4385.512695,4478.974121,4500.256348,4378.077148,4503.205078,4526.538574,4368.461426,4553.717773,4378.205078,4462.692383,4498.846191,4563.077148,4368.846191,4368.205078,4492.820313,4528.717773,4515.128418,4495.769043,4378.205078,4381.922852,4551.922852,4510.641113,4484.871582,4370.512695,4570.641113,4386.282227,4548.974121,4508.077148,4382.05127,4507.820313,4484.743652,2750,1,25,1024,47724,,,,0,4,4,4,4,4,4,4,4,4,4,4,4,4,4,4,4,4,4,4,4,4,4,4,4,4,4,4,4,4,4,4,4,100,,,,,,,,,,,,,,,,,,,,,,,,,,,,,,,,,,,,,,,,,,,,,,,,,,,,,,,,,,,,,,,,,,,,,,,,,,,,,,,,,,,,,,,,,,,,,,,,,,,,,,,,,,,,,,,,,,,,,,,,,,,,,,,,,,,,,,,,,,,,,,,,,,,,,,,,,,,,,,,,,,,,,,,,,,,,,,,,,,,,,,,,,,,,,,,,,,,,,,,,,,,,,,
1764665236.729507,45445,0,4380.128418,4390.256348,4486.538574,4509.743652,4385.769043,4508.974121,4532.436035,4376.666504,4557.692383,4394.871582,4472.307617,4505.128418,4567.436035,4376.153809,4377.307617,4500,4533.846191,4522.307617,4502.94873,4385,4389.102539,4561.282227,4520.384766,4491.153809,4390.897461,4578.333496,4393.589844,4556.666504,4512.692383,4389.358887,4515.769043,4491.153809,2783,1,25,1024,47724,,,,0,4,4,4,4,4,4,4,4,4,4,4,4,4,4,4,4,4,4,4,4,4,4,4,4,4,4,4,4,4,4,4,4,100,,,,,,,,,,,,,,,,,,,,,,,,,,,,,,,,,,,27745,0,0.263033,-0.598389,-0.734192,0.183594,0.975705,0.213405,0.049811,23,29.166666,43,,,,,,,,,,,,,,,,,,,,,,,,,,,,,,,,,,,,,,,,,,,,,,,,,,,,,,,,,,,,,,,,,,,,,,,,,,,,,,,,,,,,,,,,,,,,,,,,,,,,,,,,,,,,,,,,,,,,,,,,,,,,,,,,,,,,,,,,,,,,,,,,,,,,,,,,,,,,,,,,
1764665236.733413,45446,0,4385,4395.384766,4493.333496,4517.692383,4393.846191,4516.282227,4539.102539,4385,4564.102539,4404.102539,4482.692383,4513.461426,4570.897461,4382.05127,4385.256348,4507.692383,4542.94873,4531.538574,4510.641113,4391.282227,4396.410156,4569.871582,4528.461426,4498.846191,4409.230957,4586.025879,4398.846191,4564.230957,4515.256348,4397.05127,4523.589844,4497.94873,2795,1,25,1280,47732,,,,0,4,4,4,4,4,4,4,4,4,4,4,4,4,4,4,4,4,4,4,4,4,4,4,4,4,4,4,4,4,4,4,4,100,,,,,,,,,,,,,,,,,,,,,,,,,,,,,,,,,,,,,,,,,,,,,,,,,,,,,,,,,,,,,,,,,,,,,,,,,,,,,,,,,,,,,,,,,,,,,,,,,,,,,,,,,,,,,,,,,,,,,,,,,,,,,,,,,,,,,,,,,,,,,,,,,,,,,,,,,,,,,,,,,,,,,,,,,,,,,,,,,,,,,,,,,,,,,,,,,,,,,,,,,,,,,,
1764665236.737319,45447,0,4386.410156,4398.461426,4494.871582,4520.256348,4398.974121,4520.897461,4542.436035,4388.846191,4568.461426,4403.846191,4487.94873,4519.487305,4572.05127,4382.436035,4387.05127,4511.025879,4550.641113,4537.94873,4514.615234,4393.461426,4399.871582,4573.205078,4532.05127,4503.846191,4417.820313,4590,4399.102539,4567.307617,4515.128418,4401.410156,4526.666504,4500.769043,2979,1,25,1280,47732,,,,0,4,4,4,4,4,4,4,4,4,4,4,4,4,4,4,4,4,4,4,4,4,4,4,4,4,4,4,4,4,4,4,4,100,,,,,,,,,,,,,,,,,,,,,,,,,,,,,,,,,,,,,,,,,,,,,,,,,,,,,,,,,,,,,,,,,,,,,,,,,,,,,,,,,,,,,,,,,,,,,,,,,,,,,,,,,,,,,,,,,,,,,,,,,,,,,,,,,,,,,,,,,,,,,,,,,,,,,,,,,,,,,,,,,,,,,,,,,,,,,,,,,,,,,,,,,,,,,,,,,,,,,,,,,,,,,,
1764665236.741225,45448,0,4385.769043,4400.512695,4492.94873,4519.871582,4401.794922,4522.820313,4542.820313,4389.615234,4570.128418,4400.128418,4487.94873,4522.179688,4572.94873,4379.487305,4383.717773,4510.256348,4553.846191,4540.256348,4514.615234,4392.436035,4400.128418,4572.05127,4533.205078,4505.641113,4416.922852,4590.897461,4397.179688,4566.538574,4515.384766,4403.205078,4526.025879,4499.871582,2861,1,25,1536,47740,,,,0,4,4,4,4,4,4,4,4,4,4,4,4,4,4,4,4,4,4,4,4,4,4,4,4,4,4,4,4,4,4,4,4,100,,,,,,,,,,,,,,,,,,,,,,,,,,,,,,,,,,,,,,,,,,,,,,,,,,,,,,,,,,,,,,,,,,,,,,,,,,,,,,,,,,,,,,,,,,,,,,,,,,,,,,,,,,,,,,,,,,,,,,,,,,,,,,,,,,,,,,,,,,,,,,,,,,,,,,,,,,,,,,,,,,,,,,,,,,,,,,,,,,,,,,,,,,,,,,,,,,,,,,,,,,,,,,
1764665236.745130,45449,0,4386.922852,4404.358887,4492.94873,4521.538574,4404.743652,4525,4543.589844,4392.307617,4571.410156,4399.743652,4486.410156,4522.94873,4576.282227,4378.717773,4380.512695,4508.846191,4553.717773,4540.641113,4513.461426,4391.410156,4400.897461,4571.025879,4535.512695,4506.153809,4412.94873,4591.794922,4397.820313,4566.282227,4518.717773,4405.256348,4525.769043,4499.358887,2711,1,25,1536,47740,,,,0,4,4,4,4,4,4,4,4,4,4,4,4,4,4,4,4,4,4,4,4,4,4,4,4,4,4,4,4,4,4,4,4,100,,,,,,,,,,,,,,,,,,,,,,,,,,,,,,,,,,,27746,0,0.262991,-0.598389,-0.734192,0.183655,0.977658,0.222195,0.029789,23,28.333334,43.5,,,,,,,,,,,,,,,,,,,,,,,,,,,,,,,,,,,,,,,,,,,,,,,,,,,,,,,,,,,,,,,,,,,,,,,,,,,,,,,,,,,,,,,,,,,,,,,,,,,,,,,,,,,,,,,,,,,,,,,,,,,,,,,,,,,,,,,,,,,,,,,,,,,,,,,,,,,,,,,,
1764665236.749036,45450,0,4391.282227,4410.384766,4497.94873,4527.436035,4409.102539,4530,4547.436035,4399.487305,4574.743652,4404.743652,4487.307617,4523.589844,4582.179688,4383.077148,4381.538574,4510.256348,4553.589844,4541.922852,4513.717773,4392.94873,4404.743652,4573.589844,4540,4507.563965,4411.666504,4595.128418,4402.820313,4569.615234,4524.487305,4408.974121,4528.205078,4502.179688,2285,1,25,1792,47748,,,,0,4,4,4,4,4,4,4,4,4,4,4,4,4,4,4,4,4,4,4,4,4,4,4,4,4,4,4,4,4,4,4,4,100,,,,,,,,,,,,,,,,,,,,,,,,,,,,,,,,,,,,,,,,,,,,,,,,,,,,,,,,,,,,,,,,,,,,,,,,,,,,,,,,,,,,,,,,,,,,,,,,,,,,,,,,,,,,,,,,,,,,,,,,,,,,,,,,,,,,,,,,,,,,,,,,,,,,,,,,,,,,,,,,,,,,,,,,,,,,,,,,,,,,,,,,,,,,,,,,,,,,,,,,,,,,,,
1764665236.752942,45451,0,4397.436035,4416.282227,4505.897461,4535.128418,4413.205078,4536.538574,4553.077148,4408.589844,4580.641113,4412.179688,4490.769043,4524.743652,4588.077148,4389.871582,4386.538574,4514.871582,4555.512695,4544.871582,4515.641113,4396.282227,4410.384766,4578.974121,4544.102539,4510.128418,4413.846191,4599.230957,4409.358887,4575.128418,4529.487305,4413.077148,4532.692383,4507.436035,2691,1,25,1792,47748,,,,0,4,4,4,4,4,4,4,4,4,4,4,4,4,4,4,4,4,4,4,4,4,4,4,4,4,4,4,4,4,4,4,4,100,,,,,,,,,,,,,,,,,,,,,,,,,,,,,,,,,,,,,,,,,,,,,,,,,,,,,,,,,,,,,,,,,,,,,,,,,,,,,,,,,,,,,,,,,,,,,,,,,,,,,,,,,,,,,,,,,,,,,,,,,,,,,,,,,,,,,,,,,,,,,,,,,,,,,,,,,,,,,,,,,,,,,,,,,,,,,,,,,,,,,,,,,,,,,,,,,,,,,,,,,,,,,,
1764665236.756848,45452,0,4401.666504,4418.717773,4511.410156,4539.487305,4414.102539,4540.897461,4556.666504,4414.102539,4586.153809,4417.05127,4493.077148,4525.384766,4590.128418,4393.589844,4390.769043,4519.230957,4558.333496,4547.307617,4518.333496,4398.333496,4413.077148,4582.94873,4544.615234,4512.307617,4415.641113,4600.256348,4413.077148,4578.461426,4530.641113,4414.615234,4535.769043,4511.282227,2488,1,25,2048,47756,,,,0,4,4,4,4,4,4,4,4,4,4,4,4,4,4,4,4,4,4,4,4,4,4,4,4,4,4,4,4,4,4,4,4,100,,,,,,,,,,,,,,,,,,,,,,,,,,,,,,,,,,,,,,,,,,,,,,,,,,,,,,,,,,,,,,,,,,,,,,,,,,,,,,,,,,,,,,,,,,,,,,,,,,,,,,,,,,,,,,,,,,,,,,,,,,,,,,,,,,,,,,,,,,,,,,,,,,,,,,,,,,,,,,,,,,,,,,,,,,,,,,,,,,,,,,,,,,,,,,,,,,,,,,,,,,,,,,
1764665236.760753,45453,0,4400.897461,4416.025879,4510.512695,4536.922852,4410.897461,4540.128418,4555,4412.05127,4587.179688,4416.538574,4490.512695,4523.589844,4586.922852,4390.769043,4390.512695,4519.358887,4559.230957,4547.05127,4519.615234,4396.538574,4409.487305,4581.538574,4540,4511.410156,4411.922852,4595.512695,4411.153809,4576.410156,4527.179688,4412.179688,4534.487305,4510.897461,2229,1,25,2048,47756,,,,0,4,4,4,4,4,4,4,4,4,4,4,4,4,4,4,4,4,4,4,4,4,4,4,4,4,4,4,4,4,4,4,4,100,,,,,,,,,,,,,,,,,,,,,,,,,,,,,,,,,,,27747,0,0.262991,-0.598389,-0.734192,0.183655,0.967403,0.214382,0.048346,23.666666,29.333334,45.833332,,,,,,,,,,,,,,,,,,,,,,,,,,,,,,,,,,,,,,,,,,,,,,,,,,,,,,,,,,,,,,,,,,,,,,,,,,,,,,,,,,,,,,,,,,,,,,,,,,,,,,,,,,,,,,,,,,,,,,,,,,,,,,,,,,,,,,,,,,,,,,,,,,,,,,,,,,,,,,,,
1764665236.764659,45454,0,4394.871582,4409.615234,4503.461426,4527.692383,4405.128418,4534.230957,4547.692383,4402.94873,4581.794922,4409.871582,4482.179688,4518.846191,4579.615234,4383.077148,4385,4514.487305,4556.282227,4543.333496,4518.461426,4391.410156,4400,4574.358887,4531.410156,4505.897461,4401.025879,4585.897461,4404.487305,4568.974121,4520.641113,4406.282227,4529.230957,4505.897461,2702,1,25,2304,47763,,,,0,4,4,4,4,4,4,4,4,4,4,4,4,4,4,4,4,4,4,4,4,4,4,4,4,4,4,4,4,4,4,4,4,100,,,,,,,,,,,,,,,,,,,,,,,,,,,,,,,,,,,,,,,,,,,,,,,,,,,,,,,,,,,,,,,,,,,,,,,,,,,,,,,,,,,,,,,,,,,,,,,,,,,,,,,,,,,,,,,,,,,,,,,,,,,,,,,,,,,,,,,,,,,,,,,,,,,,,,,,,,,,,,,,,,,,,,,,,,,,,,,,,,,,,,,,,,,,,,,,,,,,,,,,,,,,,,
1764665236.768565,45455,0,4385.512695,4401.410156,4493.974121,4515.256348,4398.846191,4525,4537.307617,4391.025879,4570.897461,4397.05127,4470.897461,4511.538574,4571.153809,4375.384766,4377.05127,4506.410156,4549.230957,4536.922852,4514.871582,4385.384766,4388.846191,4564.102539,4521.922852,4496.666504,4386.794922,4575.641113,4396.282227,4559.230957,4513.461426,4399.102539,4522.179688,4498.077148,2499,1,25,2304,47763,,,,0,4,4,4,4,4,4,4,4,4,4,4,4,4,4,4,4,4,4,4,4,4,4,4,4,4,4,4,4,4,4,4,4,100,,,,,,,,,,,,,,,,,,,,,,,,,,,,,,,,,,,,,,,,,,,,,,,,,,,,,,,,,,,,,,,,,,,,,,,,,,,,,,,,,,,,,,,,,,,,,,,,,,,,,,,,,,,,,,,,,,,,,,,,,,,,,,,,,,,,,,,,,,,,,,,,,,,,,,,,,,,,,,,,,,,,,,,,,,,,,,,,,,,,,,,,,,,,,,,,,,,,,,,,,,,,,,
1764665236.772471,45456,0,4376.025879,4393.846191,4486.410156,4504.487305,4393.077148,4515.769043,4527.436035,4380.897461,4558.589844,4380,4461.153809,4503.333496,4564.358887,4371.666504,4370.384766,4498.846191,4540.128418,4529.743652,4510,4381.666504,4381.025879,4554.615234,4514.615234,4487.05127,4375.384766,4568.461426,4389.358887,4550.769043,4507.436035,4392.563965,4516.025879,4490.512695,2856,1,25,2560,47771,,,,0,4,4,4,4,4,4,4,4,4,4,4,4,4,4,4,4,4,4,4,4,4,4,4,4,4,4,4,4,4,4,4,4,100,,,,,,,,,,,,,,,,,,,,,,,,,,,,,,,,,,,,,,,,,,,,,,,,,,,,,,,,,,,,,,,,,,,,,,,,,,,,,,,,,,,,,,,,,,,,,,,,,,,,,,,,,,,,,,,,,,,,,,,,,,,,,,,,,,,,,,,,,,,,,,,,,,,,,,,,,,,,,,,,,,,,,,,,,,,,,,,,,,,,,,,,,,,,,,,,,,,,,,,,,,,,,,
1764665236.776377,45457,0,4370,4388.589844,4483.974121,4499.230957,4388.461426,4509.358887,4521.410156,4375.128418,4549.871582,4363.846191,4456.922852,4497.179688,4561.410156,4373.205078,4367.94873,4495.128418,4532.692383,4524.615234,4506.025879,4381.922852,4379.102539,4550,4511.922852,4481.282227,4372.05127,4566.794922,4386.153809,4546.410156,4503.846191,4388.461426,4513.077148,4486.025879,2913,1,25,2560,47771,,,,0,4,4,4,4,4,4,4,4,4,4,4,4,4,4,4,4,4,4,4,4,4,4,4,4,4,4,4,4,4,4,4,4,100,,,,,,,,,,,,,,,,,,,,,,,,,,,,,,,,,,,27748,0,0.262959,-0.598328,-0.734253,0.183655,0.97131,0.225125,0.024905,24.666666,29.166666,44.333332,,,,,,,,,,,,,,,,,,,,,,,,,,,,,,,,,,,,,,,,,,,,,,,,,,,,,,,,,,,,,,,,,,,,,,,,,,,,,,,,,,,,,,,,,,,,,,,,,,,,,,,,,,,,,,,,,,,,,,,,,,,,,,,,,,,,,,,,,,,,,,,,,,,,,,,,,,,,,,,,
1764665236.780282,45458,0,4370,4387.307617,4486.538574,4500.384766,4386.410156,4507.05127,4520.512695,4374.230957,4548.205078,4355.641113,4460,4496.153809,4563.205078,4378.589844,4370.769043,4496.153809,4531.153809,4524.358887,4505,4386.282227,4382.820313,4551.666504,4514.102539,4481.922852,4377.563965,4569.743652,4387.307617,4547.436035,4503.846191,4387.94873,4514.743652,4487.436035,1750,1,25,2560,47779,,,,0,4,4,4,4,4,4,4,4,4,4,4,4,4,4,4,4,4,4,4,4,4,4,4,4,4,4,4,4,4,4,4,4,100,,,,,,,,,,,,,,,,,,,,,,,,,,,,,,,,,,,,,,,,,,,,,,,,,,,,,,,,,,,,,,,,,,,,,,,,,,,,,,,,,,,,,,,,,,,,,,,,,,,,,,,,,,,,,,,,,,,,,,,,,,,,,,,,,,,,,,,,,,,,,,,,,,,,,,,,,,,,,,,,,,,,,,,,,,,,,,,,,,,,,,,,,,,,,,,,,,,,,,,,,,,,,,
1764665236.784188,45459,0,4375.256348,4390.128418,4491.282227,4505.384766,4387.436035,4507.820313,4523.461426,4376.922852,4552.820313,4359.487305,4468.333496,4500.128418,4568.589844,4384.615234,4376.922852,4500.641113,4536.410156,4529.230957,4507.436035,4392.05127,4389.102539,4558.077148,4519.615234,4487.820313,4388.077148,4574.358887,4391.538574,4552.436035,4507.05127,4391.025879,4519.615234,4494.487305,2945,1,25,2560,47779,,,,0,4,4,4,4,4,4,4,4,4,4,4,4,4,4,4,4,4,4,4,4,4,4,4,4,4,4,4,4,4,4,4,4,100,,,,,,,,,,,,,,,,,,,,,,,,,,,,,,,,,,,,,,,,,,,,,,,,,,,,,,,,,,,,,,,,,,,,,,,,,,,,,,,,,,,,,,,,,,,,,,,,,,,,,,,,,,,,,,,,,,,,,,,,,,,,,,,,,,,,,,,,,,,,,,,,,,,,,,,,,,,,,,,,,,,,,,,,,,,,,,,,,,,,,,,,,,,,,,,,,,,,,,,,,,,,,,
1764665236.788094,45460,0,4381.922852,4395,4494.230957,4509.615234,4390.512695,4509.230957,4526.794922,4380.128418,4559.230957,4372.820313,4476.794922,4506.025879,4574.102539,4387.692383,4383.717773,4505.897461,4545.512695,4536.025879,4511.410156,4396.282227,4394.102539,4565.128418,4525.128418,4494.102539,4396.922852,4577.307617,4395.641113,4557.179688,4511.282227,4395.384766,4524.230957,4503.077148,2510,1,25,2561,47787,,,,0,4,4,4,4,4,4,4,4,4,4,4,4,4,4,4,4,4,4,4,4,4,4,4,4,4,4,4,4,4,4,4,4,100,,,,,,,,,,,,,,,,,,,,,,,,,,,,,,,,,,,,,,,,,,,,,,,,,,,,,,,,,,,,,,,,,,,,,,,,,,,,,,,,,,,,,,,,,,,,,,,,,,,,,,,,,,,,,,,,,,,,,,,,,,,,,,,,,,,,,,,,,,,,,,,,,,,,,,,,,,,,,,,,,,,,,,,,,,,,,,,,,,,,,,,,,,,,,,,,,,,,,,,,,,,,,,
1764665236.792000,45461,0,4385.641113,4398.461426,4493.461426,4509.871582,4393.077148,4509.230957,4527.179688,4381.153809,4563.077148,4388.205078,4480.128418,4509.230957,4575.897461,4386.666504,4388.589844,4509.615234,4552.820313,4540.128418,4514.358887,4396.794922,4395.641113,4569.230957,4528.077148,4496.666504,4399.230957,4576.538574,4396.922852,4557.820313,4514.102539,4398.205078,4525.384766,4507.692383,2812,1,25,2561,47787,,,,0,4,4,4,4,4,4,4,4,4,4,4,4,4,4,4,4,4,4,4,4,4,4,4,4,4,4,4,4,4,4,4,4,100,,,,,,,,,,,,,,,,,,,,,,,,,,,,,,,,,,,27749,0,0.262885,-0.598267,-0.734314,0.183716,0.96838,0.224148,0.037114,23.833334,27.666666,43.833332,,,,,,,,,,,,,,,,,,,,,,,,,,,,,,,,,,,,,,,,,,,,,,,,,,,,,,,,,,,,,,,,,,,,,,,,,,,,,,,,,,,,,,,,,,,,,,,,,,,,,,,,,,,,,,,,,,,,,,,,,,,,,,,,,,,,,,,,,,,,,,,,,,,,,,,,,,,,,,,,
1764665236.795905,45462,0,4385.256348,4398.846191,4491.153809,4507.179688,4393.717773,4507.563965,4525,4379.743652,4563.077148,4397.820313,4477.563965,4508.846191,4573.077148,4383.717773,4391.538574,4510.512695,4554.743652,4540.384766,4515.128418,4394.743652,4395.641113,4569.871582,4527.94873,4495.512695,4395.384766,4573.333496,4395.512695,4554.615234,4514.743652,4398.461426,4522.94873,4506.282227,2918,1,25,2562,47795,,,,0,4,4,4,4,4,4,4,4,4,4,4,4,4,4,4,4,4,4,4,4,4,4,4,4,4,4,4,4,4,4,4,4,100,,,,,,,,,,,,,,,,,,,,,,,,,,,,,,,,,,,,,,,,,,,,,,,,,,,,,,,,,,,,,,,,,,,,,,,,,,,,,,,,,,,,,,,,,,,,,,,,,,,,,,,,,,,,,,,,,,,,,,,,,,,,,,,,,,,,,,,,,,,,,,,,,,,,,,,,,,,,,,,,,,,,,,,,,,,,,,,,,,,,,,,,,,,,,,,,,,,,,,,,,,,,,,
1764665236.799811,45463,0,4383.717773,4397.820313,4491.025879,4505.897461,4393.333496,4506.794922,4524.102539,4378.717773,4561.666504,4399.487305,4473.077148,4507.94873,4568.974121,4382.05127,4393.974121,4510,4553.077148,4539.487305,4515.128418,4393.077148,4396.794922,4569.871582,4526.922852,4494.358887,4390.897461,4571.410156,4394.743652,4551.794922,4514.615234,4397.94873,4520.256348,4502.436035,2829,1,25,2562,47795,,,,0,4,4,4,4,4,4,4,4,4,4,4,4,4,4,4,4,4,4,4,4,4,4,4,4,4,4,4,4,4,4,4,4,100,,,,,,,,,,,,,,,,,,,,,,,,,,,,,,,,,,,,,,,,,,,,,,,,,,,,,,,,,,,,,,,,,,,,,,,,,,,,,,,,,,,,,,,,,,,,,,,,,,,,,,,,,,,,,,,,,,,,,,,,,,,,,,,,,,,,,,,,,,,,,,,,,,,,,,,,,,,,,,,,,,,,,,,,,,,,,,,,,,,,,,,,,,,,,,,,,,,,,,,,,,,,,,
1764665236.803717,45464,0,4385,4398.974121,4495.769043,4509.487305,4394.487305,4509.358887,4527.563965,4381.025879,4562.307617,4396.666504,4471.666504,4510.512695,4567.820313,4383.846191,4396.153809,4509.615234,4551.794922,4541.153809,4516.794922,4393.717773,4400.512695,4572.692383,4527.563965,4497.179688,4392.307617,4573.589844,4397.307617,4553.461426,4515.512695,4399.358887,4520.769043,4502.307617,2755,1,25,2563,47802,,,,0,4,4,4,4,4,4,4,4,4,4,4,4,4,4,4,4,4,4,4,4,4,4,4,4,4,4,4,4,4,4,4,4,100,,,,,,,,,,,,,,,,,,,,,,,,,,,,,,,,,,,,,,,,,,,,,,,,,,,,,,,,,,,,,,,,,,,,,,,,,,,,,,,,,,,,,,,,,,,,,,,,,,,,,,,,,,,,,,,,,,,,,,,,,,,,,,,,,,,,,,,,,,,,,,,,,,,,,,,,,,,,,,,,,,,,,,,,,,,,,,,,,,,,,,,,,,,,,,,,,,,,,,,,,,,,,,
1764665236.807623,45465,0,4389.743652,4404.102539,4503.461426,4516.666504,4398.333496,4515.256348,4535.769043,4386.666504,4565.641113,4394.102539,4474.615234,4516.794922,4570.897461,4388.077148,4396.794922,4509.615234,4553.333496,4546.153809,4520.384766,4395.897461,4404.102539,4578.333496,4530.897461,4503.333496,4401.025879,4579.230957,4402.820313,4559.743652,4518.846191,4403.205078,4525.384766,4508.205078,2807,1,25,2563,47802,,,,0,4,4,4,4,4,4,4,4,4,4,4,4,4,4,4,4,4,4,4,4,4,4,4,4,4,4,4,4,4,4,4,4,100,,,,,,,,,,,,,,,,,,,,,,,,,,,,,,,,,,,27750,0,0.263109,-0.598206,-0.734253,0.183838,0.968868,0.219753,0.050787,22.833334,28.666666,43.666668,,,,,,,,,,,,,,,,,,,,,,,,,,,,,,,,,,,,,,,,,,,,,,,,,,,,,,,,,,,,,,,,,,,,,,,,,,,,,,,,,,,,,,,,,,,,,,,,,,,,,,,,,,,,,,,,,,,,,,,,,,,,,,,,,,,,,,,,,,,,,,,,,,,,,,,,,,,,,,,,
1764665236.811529,45466,0,4395.641113,4411.538574,4510,4523.205078,4403.589844,4522.307617,4545,4392.436035,4569.871582,4394.487305,4479.743652,4523.846191,4576.410156,4391.794922,4394.102539,4509.358887,4556.538574,4551.282227,4523.717773,4397.05127,4404.615234,4583.333496,4535.769043,4508.717773,4411.153809,4584.358887,4408.333496,4567.05127,4523.461426,4407.436035,4531.538574,4516.410156,1943,1,25,2560,47810,,,,0,4,4,4,4,4,4,4,4,4,4,4,4,4,4,4,4,4,4,4,4,4,4,4,4,4,4,4,4,4,4,4,4,100,,,,,,,,,,,,,,,,,,,,,,,,,,,,,,,,,,,,,,,,,,,,,,,1.941976,1.755627,0.685681,0.779681,0.533004,3.155272,3.143626,1.23911,1.014542,0.656179,2.32646,2.754117,1.417197,1.312771,0.74194,2.280269,2.740898,1.097023,0.920265,0.606681,3.002351,3.162171,1.255579,1.210006,0.568433,3.767659,2.351722,0.72093,0.670343,0.473448,2.77853,1.614882,0.683057,0.981659,0.608558,1.892421,2.059292,1.018356,1.07972,0.603503,0.878598,1.537687,0.370064,0.796222,0.728917,1.282647,1.990584,1.36076,1.269741,0.852216,1.810884,0.453732,0.538416,0.970497,0.479092,2.353328,1.885422,0.78648,0.968423,0.572738,1.225562,1.592474,1.203377,1.102888,0.547595,0.88048,0.565349,0.32225,0.773078,0.38844,0.270277,0.978546,1.008008,0.505122,0.65319,0.608496,1.769297,0.66001,0.486293,0.486,2.090424,3.191493,1.464728,0.860431,0.666225,0.439408,1.816682,0.889037,0.859463,0.612385,0.506,1.208221,0.7246,0.667974,0.372408,0.53292,1.269728,1.317367,0.745067,0.511486,1.063959,1.702524,1.821844,1.062958,0.437434,1.373591,4.134408,1.446589,0.958463,0.675322,1.758739,3.051644,1.182629,0.745607,0.510349,1.641726,3.727544,1.360789,0.889581,0.601064,1.437866,3.056801,3.60409,2.083752,1.143289,0.957647,1.178114,1.493608,0.936675,0.570155,1.840391,2.288292,1.829902,1.203488,0.649055,1.871203,2.627832,1.727021,0.948529,0.567681,1.400423,1.143701,0.545189,0.459446,0.287966,1.953768,2.30578,1.527494,0.830742,0.641389,1.281875,2.370719,1.606221,0.985599,0.626797,1.81022,1.701451,1.426161,1.102809,0.584882
1764665236.815434,45467,0,4398.974121,4416.922852,4511.666504,4525.128418,4406.794922,4526.794922,4550.384766,4394.743652,4572.307617,4396.666504,4483.589844,4527.563965,4580.384766,4392.563965,4388.589844,4508.205078,4558.077148,4552.563965,4523.333496,4395.128418,4400.897461,4583.461426,4538.974121,4509.487305,4414.102539,4585.128418,4410.897461,4570.769043,4526.922852,4409.102539,4534.871582,4520.512695,2622,1,25,2560,47810,,,,0,4,4,4,4,4,4,4,4,4,4,4,4,4,4,4,4,4,4,4,4,4,4,4,4,4,4,4,4,4,4,4,4,100,,,,,,,,,,,,,,,,,,,,,,,,,,,,,,,,,,,,,,,,,,,,,,,,,,,,,,,,,,,,,,,,,,,,,,,,,,,,,,,,,,,,,,,,,,,,,,,,,,,,,,,,,,,,,,,,,,,,,,,,,,,,,,,,,,,,,,,,,,,,,,,,,,,,,,,,,,,,,,,,,,,,,,,,,,,,,,,,,,,,,,,,,,,,,,,,,,,,,,,,,,,,,,
1764665236.819340,45468,0,4397.436035,4417.179688,4507.563965,4521.153809,4405.128418,4526.153809,4548.717773,4391.922852,4571.025879,4397.94873,4484.102539,4525.641113,4580.641113,4390.384766,4382.94873,4506.538574,4555.897461,4547.05127,4518.077148,4390,4395,4576.922852,4538.333496,4504.743652,4405.641113,4580.769043,4409.358887,4568.846191,4527.05127,4406.410156,4532.692383,4517.05127,2680,1,25,2048,47818,,,,0,4,4,4,4,4,4,4,4,4,4,4,4,4,4,4,4,4,4,4,4,4,4,4,4,4,4,4,4,4,4,4,4,100,,,,,,,,,,,,,,,,,,,,,,,,,,,,,,,,,,,,,,,,,,,,,,,,,,,,,,,,,,,,,,,,,,,,,,,,,,,,,,,,,,,,,,,,,,,,,,,,,,,,,,,,,,,,,,,,,,,,,,,,,,,,,,,,,,,,,,,,,,,,,,,,,,,,,,,,,,,,,,,,,,,,,,,,,,,,,,,,,,,,,,,,,,,,,,,,,,,,,,,,,,,,,,
1764665236.823246,45469,0,4391.153809,4411.282227,4499.102539,4513.205078,4398.205078,4519.743652,4539.871582,4384.743652,4565.897461,4396.410156,4481.153809,4518.846191,4576.666504,4386.538574,4379.230957,4504.487305,4550,4535.897461,4509.615234,4383.333496,4388.717773,4565.897461,4533.077148,4496.794922,4389.615234,4573.333496,4404.230957,4562.307617,4522.820313,4399.230957,4525,4507.563965,2495,1,25,2048,47818,,,,0,4,4,4,4,4,4,4,4,4,4,4,4,4,4,4,4,4,4,4,4,4,4,4,4,4,4,4,4,4,4,4,4,100,,,,,,,,,,,,,,,,,,,,,,,,,,,,,,,,,,,27751,0,0.263109,-0.598206,-0.734253,0.183838,0.968868,0.219753,0.050787,24.166666,30,43.833332,,,,,,,,,,,,,,,,,,,,,,,,,,,,,,,,,,,,,,,,,,,,,,,,,,,,,,,,,,,,,,,,,,,,,,,,,,,,,,,,,,,,,,,,,,,,,,,,,,,,,,,,,,,,,,,,,,,,,,,,,,,,,,,,,,,,,,,,,,,,,,,,,,,,,,,,,,,,,,,,
1764665236.827152,45470,0,4382.563965,4401.025879,4489.230957,4504.358887,4388.974121,4509.871582,4527.692383,4375.897461,4558.461426,4392.05127,4476.282227,4509.871582,4569.871582,4382.307617,4377.563965,4501.922852,4542.563965,4523.205078,4501.025879,4377.563965,4383.205078,4555,4524.743652,4488.846191,4374.743652,4566.282227,4397.436035,4554.102539,4515.769043,4389.743652,4514.743652,4496.538574,2647,1,25,1792,47826,,,,0,4,4,4,4,4,4,4,4,4,4,4,4,4,4,4,4,4,4,4,4,4,4,4,4,4,4,4,4,4,4,4,4,100,,,,,,,,,,,,,,,,,,,,,,,,,,,,,,,,,,,,,,,,,,,,,,,,,,,,,,,,,,,,,,,,,,,,,,,,,,,,,,,,,,,,,,,,,,,,,,,,,,,,,,,,,,,,,,,,,,,,,,,,,,,,,,,,,,,,,,,,,,,,,,,,,,,,,,,,,,,,,,,,,,,,,,,,,,,,,,,,,,,,,,,,,,,,,,,,,,,,,,,,,,,,,,
1764665236.831057,45471,0,4375.128418,4390.897461,4481.794922,4498.461426,4381.794922,4501.538574,4517.820313,4369.743652,4552.179688,4386.666504,4472.179688,4503.077148,4563.333496,4379.743652,4377.05127,4499.230957,4535.897461,4514.615234,4495.897461,4374.871582,4378.846191,4548.077148,4516.794922,4482.94873,4367.692383,4562.563965,4391.410156,4547.692383,4509.487305,4381.922852,4506.666504,4489.743652,2819,1,25,1792,47826,,,,0,4,4,4,4,4,4,4,4,4,4,4,4,4,4,4,4,4,4,4,4,4,4,4,4,4,4,4,4,4,4,4,4,100,,,,,,,,,,,,,,,,,,,,,,,,,,,,,,,,,,,,,,,,,,,,,,,,,,,,,,,,,,,,,,,,,,,,,,,,,,,,,,,,,,,,,,,,,,,,,,,,,,,,,,,,,,,,,,,,,,,,,,,,,,,,,,,,,,,,,,,,,,,,,,,,,,,,,,,,,,,,,,,,,,,,,,,,,,,,,,,,,,,,,,,,,,,,,,,,,,,,,,,,,,,,,,
1764665236.834963,45472,0,4372.05127,4385.769043,4481.410156,4498.589844,4381.410156,4499.358887,4515.641113,4370.256348,4550.641113,4383.589844,4471.410156,4502.05127,4560.384766,4380.769043,4377.692383,4497.820313,4532.436035,4514.102539,4496.282227,4376.538574,4377.05127,4547.307617,4513.205078,4481.025879,4369.358887,4563.974121,4389.615234,4545.769043,4507.563965,4379.358887,4505,4490.897461,2747,1,25,2048,47834,,,,0,4,4,4,4,4,4,4,4,4,4,4,4,4,4,4,4,4,4,4,4,4,4,4,4,4,4,4,4,4,4,4,4,100,,,,,,,,,,,,,,,,,,,,,,,,,,,,,,,,,,,,,,,,,,,,,,,,,,,,,,,,,,,,,,,,,,,,,,,,,,,,,,,,,,,,,,,,,,,,,,,,,,,,,,,,,,,,,,,,,,,,,,,,,,,,,,,,,,,,,,,,,,,,,,,,,,,,,,,,,,,,,,,,,,,,,,,,,,,,,,,,,,,,,,,,,,,,,,,,,,,,,,,,,,,,,,
1764665236.838869,45473,0,4374.487305,4388.461426,4490,4505.641113,4388.846191,4505.128418,4522.179688,4378.461426,4555.641113,4384.615234,4475,4507.179688,4563.077148,4385.641113,4380.512695,4498.846191,4533.589844,4521.282227,4501.410156,4381.794922,4379.358887,4552.692383,4516.153809,4482.94873,4375.769043,4569.743652,4393.461426,4549.230957,4511.282227,4383.717773,4510.512695,4500.256348,2910,1,25,2048,47834,,,,0,4,4,4,4,4,4,4,4,4,4,4,4,4,4,4,4,4,4,4,4,4,4,4,4,4,4,4,4,4,4,4,4,100,,,,,,,,,,,,,,,,,,,,,,,,,,,,,,,,,,,27752,0,0.26329,-0.598145,-0.734192,0.184021,0.978147,0.221707,0.042974,24.5,28.666666,45,,,,,,,,,,,,,,,,,,,,,,,,,,,,,,,,,,,,,,,,,,,,,,,,,,,,,,,,,,,,,,,,,,,,,,,,,,,,,,,,,,,,,,,,,,,,,,,,,,,,,,,,,,,,,,,,,,,,,,,,,,,,,,,,,,,,,,,,,,,,,,,,,,,,,,,,,,,,,,,,
1764665236.842775,45474,0,4380.769043,4397.179688,4504.615234,4516.922852,4400.384766,4515.897461,4533.717773,4391.025879,4565.512695,4388.589844,4481.153809,4515.128418,4569.743652,4392.179688,4385.384766,4501.922852,4538.333496,4531.538574,4507.94873,4388.077148,4385.256348,4561.025879,4523.589844,4487.436035,4381.666504,4576.794922,4401.282227,4555.384766,4518.205078,4392.692383,4520.384766,4512.692383,2590,1,25,2304,47842,,,,0,4,4,4,4,4,4,4,4,4,4,4,4,4,4,4,4,4,4,4,4,4,4,4,4,4,4,4,4,4,4,4,4,100,,,,,,,,,,,,,,,,,,,,,,,,,,,,,,,,,,,,,,,,,,,,,,,,,,,,,,,,,,,,,,,,,,,,,,,,,,,,,,,,,,,,,,,,,,,,,,,,,,,,,,,,,,,,,,,,,,,,,,,,,,,,,,,,,,,,,,,,,,,,,,,,,,,,,,,,,,,,,,,,,,,,,,,,,,,,,,,,,,,,,,,,,,,,,,,,,,,,,,,,,,,,,,
1764665236.846680,45475,0,4386.538574,4406.538574,4517.820313,4526.922852,4408.846191,4525.128418,4543.333496,4400.512695,4575.384766,4392.820313,4485.512695,4519.743652,4575.512695,4395.512695,4390.384766,4504.615234,4543.461426,4538.461426,4511.794922,4391.410156,4391.538574,4567.179688,4529.871582,4491.025879,4383.205078,4580.512695,4408.077148,4559.871582,4523.205078,4400.384766,4528.205078,4520.384766,2847,1,25,2304,47842,,,,0,4,4,4,4,4,4,4,4,4,4,4,4,4,4,4,4,4,4,4,4,4,4,4,4,4,4,4,4,4,4,4,4,100,,,,,,,,,,,,,,,,,,,,,,,,,,,,,,,,,,,,,,,,,,,,,,,,,,,,,,,,,,,,,,,,,,,,,,,,,,,,,,,,,,,,,,,,,,,,,,,,,,,,,,,,,,,,,,,,,,,,,,,,,,,,,,,,,,,,,,,,,,,,,,,,,,,,,,,,,,,,,,,,,,,,,,,,,,,,,,,,,,,,,,,,,,,,,,,,,,,,,,,,,,,,,,
1764665236.850586,45476,0,4387.179688,4410.256348,4522.179688,4530.512695,4408.077148,4527.05127,4545,4400.769043,4579.615234,4394.102539,4485,4516.282227,4575.641113,4392.436035,4391.666504,4503.846191,4544.743652,4537.820313,4510.512695,4388.717773,4393.589844,4567.563965,4530.128418,4491.410156,4380.512695,4577.436035,4408.333496,4558.461426,4522.179688,4401.282227,4528.717773,4518.589844,2741,1,25,2560,47849,,,,0,4,4,4,4,4,4,4,4,4,4,4,4,4,4,4,4,4,4,4,4,4,4,4,4,4,4,4,4,4,4,4,4,100,,,,,,,,,,,,,,,,,,,,,,,,,,,,,,,,,,,,,,,,,,,,,,,,,,,,,,,,,,,,,,,,,,,,,,,,,,,,,,,,,,,,,,,,,,,,,,,,,,,,,,,,,,,,,,,,,,,,,,,,,,,,,,,,,,,,,,,,,,,,,,,,,,,,,,,,,,,,,,,,,,,,,,,,,,,,,,,,,,,,,,,,,,,,,,,,,,,,,,,,,,,,,,
1764665236.854492,45477,0,4380.897461,4405.769043,4515.769043,4527.05127,4398.333496,4520.384766,4538.205078,4391.153809,4576.153809,4391.922852,4480,4505.384766,4568.974121,4383.461426,4387.307617,4498.846191,4540.256348,4530.256348,4504.743652,4380.769043,4389.615234,4561.794922,4523.717773,4488.205078,4376.794922,4568.333496,4400,4551.153809,4514.871582,4394.102539,4521.025879,4508.974121,2774,1,25,2560,47849,,,,0,4,4,4,4,4,4,4,4,4,4,4,4,4,4,4,4,4,4,4,4,4,4,4,4,4,4,4,4,4,4,4,4,100,,,,,,,,,,,,,,,,,,,,,,,,,,,,,,,,,,,27753,0,0.26329,-0.598145,-0.734192,0.184021,0.979612,0.207545,0.037602,24.5,28.666666,45,,,,,,,,,,,,,,,,,,,,,,,,,,,,,,,,,,,,,,,,,,,,,,,,,,,,,,,,,,,,,,,,,,,,,,,,,,,,,,,,,,,,,,,,,,,,,,,,,,,,,,,,,,,,,,,,,,,,,,,,,,,,,,,,,,,,,,,,,,,,,,,,,,,,,,,,,,,,,,,,
1764665236.858398,45478,0,4371.666504,4396.025879,4503.461426,4521.025879,4386.153809,4510,4527.94873,4378.205078,4567.94873,4388.461426,4474.358887,4493.333496,4559.230957,4373.846191,4379.487305,4492.563965,4532.05127,4521.282227,4498.717773,4372.436035,4382.307617,4554.615234,4515,4483.974121,4376.025879,4557.820313,4386.794922,4542.05127,4505.256348,4383.205078,4509.743652,4497.820313,2786,1,25,2560,47857,,,,0,4,4,4,4,4,4,4,4,4,4,4,4,4,4,4,4,4,4,4,4,4,4,4,4,4,4,4,4,4,4,4,4,100,,,,,,,,,,,,,,,,,,,,,,,,,,,,,,,,,,,,,,,,,,,,,,,,,,,,,,,,,,,,,,,,,,,,,,,,,,,,,,,,,,,,,,,,,,,,,,,,,,,,,,,,,,,,,,,,,,,,,,,,,,,,,,,,,,,,,,,,,,,,,,,,,,,,,,,,,,,,,,,,,,,,,,,,,,,,,,,,,,,,,,,,,,,,,,,,,,,,,,,,,,,,,,
1764665236.862304,45479,0,4365.769043,4387.692383,4493.461426,4518.333496,4379.743652,4503.077148,4522.179688,4370.897461,4561.922852,4387.436035,4472.94873,4487.692383,4553.333496,4370,4373.974121,4490.128418,4525.897461,4517.692383,4497.179688,4369.615234,4377.563965,4551.794922,4510.128418,4482.563965,4380,4552.05127,4376.153809,4537.179688,4499.487305,4376.153809,4501.922852,4491.666504,2971,1,25,2560,47857,,,,0,4,4,4,4,4,4,4,4,4,4,4,4,4,4,4,4,4,4,4,4,4,4,4,4,4,4,4,4,4,4,4,4,100,,,,,,,,,,,,,,,,,,,,,,,,,,,,,,,,,,,,,,,,,,,,,,,,,,,,,,,,,,,,,,,,,,,,,,,,,,,,,,,,,,,,,,,,,,,,,,,,,,,,,,,,,,,,,,,,,,,,,,,,,,,,,,,,,,,,,,,,,,,,,,,,,,,,,,,,,,,,,,,,,,,,,,,,,,,,,,,,,,,,,,,,,,,,,,,,,,,,,,,,,,,,,,
1764665236.866209,45480,0,4367.94873,4386.410156,4492.307617,4522.179688,4382.692383,4504.743652,4525.512695,4374.487305,4562.692383,4390.769043,4477.94873,4492.563965,4556.282227,4374.871582,4375.769043,4494.358887,4527.179688,4522.820313,4501.922852,4375.256348,4379.743652,4556.538574,4512.563965,4486.025879,4387.05127,4554.230957,4374.358887,4540,4501.410156,4377.436035,4502.436035,4492.436035,2851,1,25,2561,47865,,,,0,4,4,4,4,4,4,4,4,4,4,4,4,4,4,4,4,4,4,4,4,4,4,4,4,4,4,4,4,4,4,4,4,100,,,,,,,,,,,,,,,,,,,,,,,,,,,,,,,,,,,,,,,,,,,,,,,,,,,,,,,,,,,,,,,,,,,,,,,,,,,,,,,,,,,,,,,,,,,,,,,,,,,,,,,,,,,,,,,,,,,,,,,,,,,,,,,,,,,,,,,,,,,,,,,,,,,,,,,,,,,,,,,,,,,,,,,,,,,,,,,,,,,,,,,,,,,,,,,,,,,,,,,,,,,,,,
1764665236.870115,45481,0,4377.05127,4392.307617,4500,4530.769043,4392.692383,4513.589844,4536.410156,4386.282227,4570.128418,4397.563965,4486.794922,4505,4567.307617,4385.512695,4385,4503.077148,4536.538574,4533.974121,4510.769043,4386.922852,4388.333496,4566.666504,4520.641113,4493.077148,4393.846191,4562.94873,4382.179688,4549.102539,4510,4386.153809,4510.641113,4498.205078,2703,1,25,2561,47865,,,,0,4,4,4,4,4,4,4,4,4,4,4,4,4,4,4,4,4,4,4,4,4,4,4,4,4,4,4,4,4,4,4,4,100,,,,,,,,,,,,,,,,,,,,,,,,,,,,,,,,,,,27754,0,0.263386,-0.598083,-0.734192,0.184082,0.976193,0.216335,0.037114,24.5,28.166666,44.5,,,,,,,,,,,,,,,,,,,,,,,,,,,,,,,,,,,,,,,,,,,,,,,,,,,,,,,,,,,,,,,,,,,,,,,,,,,,,,,,,,,,,,,,,,,,,,,,,,,,,,,,,,,,,,,,,,,,,,,,,,,,,,,,,,,,,,,,,,,,,,,,,,,,,,,,,,,,,,,,
1764665236.874021,45482,0,4386.153809,4400,4510.512695,4537.94873,4402.820313,4522.94873,4547.692383,4397.94873,4578.333496,4403.333496,4492.94873,4516.410156,4579.615234,4394.358887,4395.384766,4510.641113,4548.205078,4543.589844,4518.077148,4397.179688,4397.307617,4574.743652,4527.563965,4499.102539,4397.05127,4572.563965,4393.717773,4558.333496,4519.615234,4395.897461,4520.769043,4504.230957,2276,1,25,2562,47873,,,,0,4,4,4,4,4,4,4,4,4,4,4,4,4,4,4,4,4,4,4,4,4,4,4,4,4,4,4,4,4,4,4,4,100,,,,,,,,,,,,,,,,,,,,,,,,,,,,,,,,,,,,,,,,,,,,,,,,,,,,,,,,,,,,,,,,,,,,,,,,,,,,,,,,,,,,,,,,,,,,,,,,,,,,,,,,,,,,,,,,,,,,,,,,,,,,,,,,,,,,,,,,,,,,,,,,,,,,,,,,,,,,,,,,,,,,,,,,,,,,,,,,,,,,,,,,,,,,,,,,,,,,,,,,,,,,,,
1764665236.877927,45483,0,4387.563965,4401.410156,4514.871582,4537.436035,4405.769043,4525.641113,4551.153809,4400.256348,4580,4402.307617,4490.897461,4517.563965,4583.974121,4394.743652,4398.461426,4511.410156,4553.333496,4544.615234,4518.589844,4398.589844,4398.589844,4573.974121,4526.538574,4498.333496,4394.487305,4575.897461,4399.743652,4560.256348,4523.205078,4398.846191,4524.743652,4505.512695,2685,1,25,2562,47873,,,,0,4,4,4,4,4,4,4,4,4,4,4,4,4,4,4,4,4,4,4,4,4,4,4,4,4,4,4,4,4,4,4,4,100,,,,,,,,,,,,,,,,,,,,,,,,,,,,,,,,,,,,,,,,,,,,,,,,,,,,,,,,,,,,,,,,,,,,,,,,,,,,,,,,,,,,,,,,,,,,,,,,,,,,,,,,,,,,,,,,,,,,,,,,,,,,,,,,,,,,,,,,,,,,,,,,,,,,,,,,,,,,,,,,,,,,,,,,,,,,,,,,,,,,,,,,,,,,,,,,,,,,,,,,,,,,,,
1764665236.881832,45484,0,4377.94873,4392.436035,4507.94873,4526.538574,4397.692383,4518.589844,4542.94873,4390.128418,4571.922852,4392.05127,4479.230957,4505.641113,4576.410156,4385,4390,4503.589844,4546.025879,4534.487305,4510.128418,4388.974121,4388.333496,4562.179688,4515.512695,4488.205078,4385.769043,4569.230957,4393.589844,4551.282227,4516.794922,4391.153809,4517.436035,4498.333496,2485,1,25,2563,47881,,,,0,4,4,4,4,4,4,4,4,4,4,4,4,4,4,4,4,4,4,4,4,4,4,4,4,4,4,4,4,4,4,4,4,100,,,,,,,,,,,,,,,,,,,,,,,,,,,,,,,,,,,,,,,,,,,,,,,,,,,,,,,,,,,,,,,,,,,,,,,,,,,,,,,,,,,,,,,,,,,,,,,,,,,,,,,,,,,,,,,,,,,,,,,,,,,,,,,,,,,,,,,,,,,,,,,,,,,,,,,,,,,,,,,,,,,,,,,,,,,,,,,,,,,,,,,,,,,,,,,,,,,,,,,,,,,,,,
1764665236.885738,45485,0,4362.05127,4376.410156,4491.922852,4510,4382.307617,4505.512695,4526.666504,4372.94873,4557.692383,4376.153809,4463.974121,4487.179688,4561.153809,4371.025879,4373.974121,4491.025879,4529.487305,4518.077148,4496.922852,4373.717773,4370.897461,4545.256348,4500,4472.94873,4372.820313,4555.256348,4377.307617,4534.743652,4503.589844,4376.153809,4501.282227,4484.230957,2226,1,25,2563,47881,,,,0,4,4,4,4,4,4,4,4,4,4,4,4,4,4,4,4,4,4,4,4,4,4,4,4,4,4,4,4,4,4,4,4,100,,,,,,,,,,,,,,,,,,,,,,,,,,,,,,,,,,,27755,0,0.263386,-0.598083,-0.734192,0.184082,0.957636,0.224148,0.037114,24.666666,29.666666,42.666668,,,,,,,,,,,,,,,,,,,,,,,,,,,,,,,,,,,,,,,,,,,,,,,,,,,,,,,,,,,,,,,,,,,,,,,,,,,,,,,,,,,,,,,,,,,,,,,,,,,,,,,,,,,,,,,,,,,,,,,,,,,,,,,,,,,,,,,,,,,,,,,,,,,,,,,,,,,,,,,,
1764665236.889644,45486,0,4350.512695,4363.461426,4476.282227,4497.94873,4369.487305,4494.615234,4512.179688,4360,4546.538574,4363.846191,4455,4474.615234,4548.589844,4362.307617,4361.538574,4481.025879,4514.230957,4505.769043,4487.563965,4362.820313,4356.794922,4533.717773,4489.743652,4461.794922,4360.769043,4543.077148,4361.538574,4520.897461,4492.179688,4363.974121,4485.769043,4470.256348,2698,1,25,2564,47888,,,,0,4,4,4,4,4,4,4,4,4,4,4,4,4,4,4,4,4,4,4,4,4,4,4,4,4,4,4,4,4,4,4,4,100,,,,,,,,,,,,,,,,,,,,,,,,,,,,,,,,,,,,,,,,,,,,,,,,,,,,,,,,,,,,,,,,,,,,,,,,,,,,,,,,,,,,,,,,,,,,,,,,,,,,,,,,,,,,,,,,,,,,,,,,,,,,,,,,,,,,,,,,,,,,,,,,,,,,,,,,,,,,,,,,,,,,,,,,,,,,,,,,,,,,,,,,,,,,,,,,,,,,,,,,,,,,,,
1764665236.893550,45487,0,4352.307617,4363.717773,4470.256348,4498.461426,4368.333496,4493.205078,4508.974121,4359.871582,4545.641113,4363.717773,4458.846191,4477.307617,4548.461426,4365,4362.307617,4480.512695,4511.025879,4506.538574,4488.205078,4363.717773,4355.128418,4534.743652,4492.307617,4462.692383,4355.897461,4541.794922,4357.307617,4519.358887,4490.256348,4363.461426,4481.282227,4464.871582,2498,1,25,2564,47888,,,,0,4,4,4,4,4,4,4,4,4,4,4,4,4,4,4,4,4,4,4,4,4,4,4,4,4,4,4,4,4,4,4,4,100,,,,,,,,,,,,,,,,,,,,,,,,,,,,,,,,,,,,,,,,,,,,,,,,,,,,,,,,,,,,,,,,,,,,,,,,,,,,,,,,,,,,,,,,,,,,,,,,,,,,,,,,,,,,,,,,,,,,,,,,,,,,,,,,,,,,,,,,,,,,,,,,,,,,,,,,,,,,,,,,,,,,,,,,,,,,,,,,,,,,,,,,,,,,,,,,,,,,,,,,,,,,,,
1764665236.897456,45488,0,4366.794922,4377.563965,4476.153809,4510.128418,4379.230957,4501.538574,4517.820313,4371.666504,4554.487305,4375.641113,4473.077148,4493.077148,4560.512695,4376.410156,4375.512695,4489.358887,4521.666504,4519.615234,4498.205078,4374.743652,4366.153809,4546.666504,4505.641113,4474.615234,4360.769043,4552.179688,4367.05127,4530.769043,4498.333496,4374.871582,4490,4471.025879,2854,1,25,2565,47896,,,,0,4,4,4,4,4,4,4,4,4,4,4,4,4,4,4,4,4,4,4,4,4,4,4,4,4,4,4,4,4,4,4,4,100,,,,,,,,,,,,,,,,,,,,,,,,,,,,,,,,,,,,,,,,,,,,,,,,,,,,,,,,,,,,,,,,,,,,,,,,,,,,,,,,,,,,,,,,,,,,,,,,,,,,,,,,,,,,,,,,,,,,,,,,,,,,,,,,,,,,,,,,,,,,,,,,,,,,,,,,,,,,,,,,,,,,,,,,,,,,,,,,,,,,,,,,,,,,,,,,,,,,,,,,,,,,,,
1764665236.901361,45489,0,4382.94873,4394.615234,4487.307617,4522.820313,4392.692383,4511.666504,4530,4385,4564.615234,4390.384766,4487.307617,4509.230957,4575,4387.820313,4390.641113,4500.128418,4537.820313,4535,4509.230957,4386.410156,4380,4559.487305,4519.230957,4487.307617,4370.128418,4565.384766,4381.666504,4545.897461,4508.974121,4388.589844,4504.102539,4483.077148,2915,1,25,2565,47896,,,,0,4,4,4,4,4,4,4,4,4,4,4,4,4,4,4,4,4,4,4,4,4,4,4,4,4,4,4,4,4,4,4,4,100,,,,,,,,,,,,,,,,,,,,,,,,,,,,,,,,,,,27756,0,0.263397,-0.598022,-0.734192,0.184265,0.974728,0.222683,0.041021,24.666666,29.166666,43.5,,,,,,,,,,,,,,,,,,,,,,,,,,,,,,,,,,,,,,,,,,,,,,,,,,,,,,,,,,,,,,,,,,,,,,,,,,,,,,,,,,,,,,,,,,,,,,,,,,,,,,,,,,,,,,,,,,,,,,,,,,,,,,,,,,,,,,,,,,,,,,,,,,,,,,,,,,,,,,,,
1764665236.905267,45490,0,4389.358887,4402.05127,4494.358887,4525.641113,4397.563965,4515,4534.743652,4388.974121,4566.666504,4397.94873,4492.179688,4513.333496,4580.769043,4391.282227,4395.897461,4503.846191,4547.05127,4540.769043,4513.333496,4389.743652,4385.641113,4563.077148,4522.692383,4490.128418,4374.743652,4570.512695,4388.974121,4553.205078,4513.333496,4393.333496,4512.692383,4491.410156,1752,1,25,2566,47904,,,,0,4,4,4,4,4,4,4,4,4,4,4,4,4,4,4,4,4,4,4,4,4,4,4,4,4,4,4,4,4,4,4,4,100,,,,,,,,,,,,,,,,,,,,,,,,,,,,,,,,,,,,,,,,,,,,,,,,,,,,,,,,,,,,,,,,,,,,,,,,,,,,,,,,,,,,,,,,,,,,,,,,,,,,,,,,,,,,,,,,,,,,,,,,,,,,,,,,,,,,,,,,,,,,,,,,,,,,,,,,,,,,,,,,,,,,,,,,,,,,,,,,,,,,,,,,,,,,,,,,,,,,,,,,,,,,,,
1764665236.909173,45491,0,4383.333496,4396.025879,4493.077148,4517.436035,4390.769043,4509.871582,4528.846191,4381.794922,4559.102539,4395.769043,4486.153809,4503.974121,4575.128418,4387.179688,4388.589844,4498.333496,4544.358887,4534.230957,4509.358887,4383.846191,4380.641113,4556.153809,4514.871582,4482.179688,4370.512695,4565,4384.487305,4548.717773,4509.102539,4386.410156,4511.410156,4491.538574,2943,1,25,2566,47904,,,,0,4,4,4,4,4,4,4,4,4,4,4,4,4,4,4,4,4,4,4,4,4,4,4,4,4,4,4,4,4,4,4,4,100,,,,,,,,,,,,,,,,,,,,,,,,,,,,,,,,,,,,,,,,,,,,,,,,,,,,,,,,,,,,,,,,,,,,,,,,,,,,,,,,,,,,,,,,,,,,,,,,,,,,,,,,,,,,,,,,,,,,,,,,,,,,,,,,,,,,,,,,,,,,,,,,,,,,,,,,,,,,,,,,,,,,,,,,,,,,,,,,,,,,,,,,,,,,,,,,,,,,,,,,,,,,,,
1764665236.913079,45492,0,4373.077148,4384.743652,4487.436035,4506.538574,4380.128418,4502.307617,4519.102539,4371.922852,4549.487305,4390.512695,4476.538574,4491.025879,4565.512695,4382.05127,4377.05127,4489.743652,4535,4523.461426,4503.077148,4376.282227,4372.94873,4547.307617,4504.743652,4472.436035,4361.794922,4555.769043,4374.871582,4538.717773,4501.538574,4375.641113,4504.743652,4487.307617,2508,1,25,2567,47912,,,,0,4,4,4,4,4,4,4,4,4,4,4,4,4,4,4,4,4,4,4,4,4,4,4,4,4,4,4,4,4,4,4,4,100,,,,,,,,,,,,,,,,,,,,,,,,,,,,,,,,,,,,,,,,,,,,,,,,,,,,,,,,,,,,,,,,,,,,,,,,,,,,,,,,,,,,,,,,,,,,,,,,,,,,,,,,,,,,,,,,,,,,,,,,,,,,,,,,,,,,,,,,,,,,,,,,,,,,,,,,,,,,,,,,,,,,,,,,,,,,,,,,,,,,,,,,,,,,,,,,,,,,,,,,,,,,,,
1764665236.916984,45493,0,4369.230957,4379.615234,4485.256348,4503.974121,4376.794922,4500.512695,4516.025879,4369.871582,4547.307617,4390.512695,4472.692383,4486.794922,4561.666504,4382.179688,4372.179688,4487.05127,4530.256348,4519.871582,4502.307617,4375.641113,4372.692383,4546.794922,4502.692383,4471.282227,4358.461426,4552.94873,4371.282227,4534.230957,4498.589844,4371.922852,4501.410156,4486.282227,2811,1,25,2567,47912,,,,0,4,4,4,4,4,4,4,4,4,4,4,4,4,4,4,4,4,4,4,4,4,4,4,4,4,4,4,4,4,4,4,4,100,,,,,,,,,,,,,,,,,,,,,,,,,,,,,,,,,,,27757,0,0.263492,-0.597961,-0.734192,0.184326,0.97424,0.219753,0.039556,23.666666,28.666666,44.5,,,,,,,,,,,,,,,,,,,,,,,,,,,,,,,,,,,,,,,,,,,,,,,,,,,,,,,,,,,,,,,,,,,,,,,,,,,,,,,,,,,,,,,,,,,,,,,,,,,,,,,,,,,,,,,,,,,,,,,,,,,,,,,,,,,,,,,,,,,,,,,,,,,,,,,,,,,,,,,,
1764665236.920890,45494,0,4376.282227,4386.282227,4490.769043,4513.846191,4385.128418,4507.307617,4524.487305,4379.102539,4556.025879,4397.692383,4478.205078,4495.897461,4567.307617,4388.333496,4378.717773,4494.230957,4536.025879,4528.974121,4509.487305,4384.358887,4383.333496,4558.077148,4511.666504,4482.179688,4366.282227,4561.666504,4379.102539,4540.897461,4502.94873,4380.128418,4506.410156,4492.563965,2926,1,25,2568,47920,,,,0,4,4,4,4,4,4,4,4,4,4,4,4,4,4,4,4,4,4,4,4,4,4,4,4,4,4,4,4,4,4,4,4,100,,,,,,,,,,,,,,,,,,,,,,,,,,,,,,,,,,,,,,,,,,,,,,,,,,,,,,,,,,,,,,,,,,,,,,,,,,,,,,,,,,,,,,,,,,,,,,,,,,,,,,,,,,,,,,,,,,,,,,,,,,,,,,,,,,,,,,,,,,,,,,,,,,,,,,,,,,,,,,,,,,,,,,,,,,,,,,,,,,,,,,,,,,,,,,,,,,,,,,,,,,,,,,
1764665236.924796,45495,0,4389.230957,4400.384766,4501.410156,4530.128418,4400.128418,4518.333496,4540.256348,4393.589844,4570.512695,4406.794922,4489.230957,4512.820313,4578.077148,4396.538574,4392.05127,4507.692383,4548.974121,4545.769043,4520.256348,4397.05127,4399.230957,4574.358887,4525.512695,4499.102539,4382.820313,4578.077148,4394.615234,4555.641113,4511.153809,4395.256348,4517.94873,4503.333496,2834,1,25,2568,47920,,,,0,4,4,4,4,4,4,4,4,4,4,4,4,4,4,4,4,4,4,4,4,4,4,4,4,4,4,4,4,4,4,4,4,100,,,,,,,,,,,,,,,,,,,,,,,,,,,,,,,,,,,,,,,,,,,,,,,,,,,,,,,,,,,,,,,,,,,,,,,,,,,,,,,,,,,,,,,,,,,,,,,,,,,,,,,,,,,,,,,,,,,,,,,,,,,,,,,,,,,,,,,,,,,,,,,,,,,,,,,,,,,,,,,,,,,,,,,,,,,,,,,,,,,,,,,,,,,,,,,,,,,,,,,,,,,,,,
1764665236.928702,45496,0,4398.974121,4412.05127,4511.153809,4542.179688,4412.179688,4526.025879,4553.846191,4403.461426,4581.410156,4410,4497.94873,4526.282227,4586.153809,4401.666504,4402.563965,4519.358887,4559.871582,4559.230957,4527.563965,4405.128418,4410.384766,4585.256348,4534.615234,4512.05127,4399.487305,4592.692383,4407.94873,4568.974121,4516.922852,4407.307617,4528.717773,4512.05127,2761,1,25,2567,47927,,,,0,4,4,4,4,4,4,4,4,4,4,4,4,4,4,4,4,4,4,4,4,4,4,4,4,4,4,4,4,4,4,4,4,100,,,,,,,,,,,,,,,,,,,,,,,,,,,,,,,,,,,,,,,,,,,,,,,,,,,,,,,,,,,,,,,,,,,,,,,,,,,,,,,,,,,,,,,,,,,,,,,,,,,,,,,,,,,,,,,,,,,,,,,,,,,,,,,,,,,,,,,,,,,,,,,,,,,,,,,,,,,,,,,,,,,,,,,,,,,,,,,,,,,,,,,,,,,,,,,,,,,,,,,,,,,,,,
1764665236.932607,45497,0,4398.589844,4413.333496,4514.615234,4542.05127,4413.846191,4525,4557.307617,4402.179688,4581.794922,4403.333496,4498.077148,4528.333496,4586.025879,4400.512695,4402.94873,4522.307617,4560.897461,4559.743652,4526.410156,4403.333496,4409.871582,4583.974121,4533.077148,4513.461426,4408.077148,4597.179688,4411.025879,4572.436035,4516.538574,4408.717773,4531.794922,4512.820313,2812,1,25,2567,47927,,,,0,4,4,4,4,4,4,4,4,4,4,4,4,4,4,4,4,4,4,4,4,4,4,4,4,4,4,4,4,4,4,4,4,100,,,,,,,,,,,,,,,,,,,,,,,,,,,,,,,,,,,27758,0,0.263226,-0.598022,-0.734253,0.184265,0.97424,0.219753,0.039556,24.666666,27.166666,45.166668,,,,,,,,,,,,,,,,,,,,,,,,,,,,,,,,,,,,,,,,,,,,,,,,,,,,,,,,,,,,,,,,,,,,,,,,,,,,,,,,,,,,,,,,,,,,,,,,,,,,,,,,,,,,,,,,,,,,,,,,,,,,,,,,,,,,,,,,,,,,,,,,,,,,,,,,,,,,,,,,
1764665236.936513,45498,0,4388.846191,4403.461426,4510.641113,4530,4404.743652,4516.282227,4549.487305,4390.512695,4571.666504,4390.128418,4489.358887,4518.589844,4578.077148,4393.589844,4392.563965,4514.743652,4551.410156,4546.410156,4517.307617,4392.820313,4398.589844,4572.179688,4522.179688,4503.717773,4405,4589.358887,4402.94873,4564.230957,4510.641113,4400.256348,4525.384766,4505.256348,1949,1,25,2564,47935,,,,0,4,4,4,4,4,4,4,4,4,4,4,4,4,4,4,4,4,4,4,4,4,4,4,4,4,4,4,4,4,4,4,4,100,,,,,,,,,,,,,,,,,,,,,,,,,,,,,,,,,,,,,,,,,,,,,,,2.013683,1.80178,0.640303,0.90467,0.561644,3.734284,3.16011,1.19607,1.131412,0.742916,2.843697,2.645371,1.421301,1.416302,0.799669,2.648093,2.727061,1.048591,1.017235,0.620908,2.925412,3.107772,1.181775,1.291402,0.602601,3.900316,2.473658,0.682991,0.802001,0.498885,2.912624,1.50899,0.632666,1.073086,0.665602,2.090188,1.972332,0.924611,1.183444,0.640633,1.022336,1.30807,0.308641,0.862665,0.782597,1.508652,1.651134,1.318538,1.35884,0.937866,1.808409,0.360308,0.56511,0.989902,0.503682,2.203763,1.867913,0.731833,1.072453,0.595374,1.216876,1.518414,1.115429,1.143427,0.585812,0.894433,0.637859,0.293134,0.731182,0.44931,0.298918,1.076572,0.906328,0.553586,0.734382,0.757655,1.9118,0.575433,0.525229,0.533523,1.860306,3.087221,1.369436,0.972978,0.736619,0.462561,1.886841,0.847267,0.897895,0.674452,0.5184,1.24256,0.70034,0.681049,0.426681,0.497722,1.461314,1.259172,0.758685,0.562134,0.992501,1.578796,1.700238,1.038001,0.492914,1.257461,3.872376,1.393515,1.01532,0.719443,1.700971,3.022676,1.084528,0.77529,0.524134,1.615187,3.556513,1.249825,0.973346,0.639671,1.40337,2.798383,3.501882,2.413144,1.150658,1.039026,1.21855,1.455121,1.023949,0.611002,1.951349,2.28421,1.838133,1.345704,0.699535,1.786009,2.514,1.659577,1.086627,0.612317,1.594729,1.170812,0.507004,0.512785,0.327717,2.211287,2.242207,1.503602,0.888951,0.678097,1.444885,2.230913,1.624969,1.046236,0.646994,2.205413,1.579337,1.344779,1.166085,0.66638
1764665236.940419,45499,0,4376.410156,4389.358887,4502.692383,4514.102539,4391.282227,4505.769043,4536.282227,4375.769043,4557.820313,4378.974121,4477.307617,4504.358887,4567.692383,4384.487305,4377.307617,4501.794922,4537.94873,4528.077148,4506.410156,4380,4384.230957,4558.077148,4509.487305,4490.256348,4394.102539,4575.641113,4389.743652,4550.384766,4503.974121,4389.230957,4514.230957,4494.743652,2627,1,25,2564,47935,,,,0,4,4,4,4,4,4,4,4,4,4,4,4,4,4,4,4,4,4,4,4,4,4,4,4,4,4,4,4,4,4,4,4,100,,,,,,,,,,,,,,,,,,,,,,,,,,,,,,,,,,,,,,,,,,,,,,,,,,,,,,,,,,,,,,,,,,,,,,,,,,,,,,,,,,,,,,,,,,,,,,,,,,,,,,,,,,,,,,,,,,,,,,,,,,,,,,,,,,,,,,,,,,,,,,,,,,,,,,,,,,,,,,,,,,,,,,,,,,,,,,,,,,,,,,,,,,,,,,,,,,,,,,,,,,,,,,
1764665236.944325,45500,0,4369.871582,4380.897461,4496.282227,4504.743652,4382.563965,4500.641113,4526.153809,4366.794922,4548.589844,4376.922852,4469.102539,4495.769043,4561.666504,4378.077148,4366.025879,4491.922852,4529.230957,4517.179688,4500.512695,4372.307617,4375.897461,4551.153809,4503.205078,4482.820313,4383.846191,4565.512695,4380.128418,4541.025879,4501.025879,4384.358887,4506.153809,4488.846191,2685,1,25,2565,47943,,,,0,4,4,4,4,4,4,4,4,4,4,4,4,4,4,4,4,4,4,4,4,4,4,4,4,4,4,4,4,4,4,4,4,100,,,,,,,,,,,,,,,,,,,,,,,,,,,,,,,,,,,,,,,,,,,,,,,,,,,,,,,,,,,,,,,,,,,,,,,,,,,,,,,,,,,,,,,,,,,,,,,,,,,,,,,,,,,,,,,,,,,,,,,,,,,,,,,,,,,,,,,,,,,,,,,,,,,,,,,,,,,,,,,,,,,,,,,,,,,,,,,,,,,,,,,,,,,,,,,,,,,,,,,,,,,,,,
1764665236.948231,45501,0,4373.333496,4383.717773,4495.897461,4507.692383,4384.102539,4504.102539,4525,4368.461426,4548.205078,4383.846191,4469.230957,4498.461426,4563.717773,4377.94873,4364.871582,4491.538574,4530.897461,4520.769043,4503.717773,4373.846191,4378.461426,4556.025879,4506.794922,4486.153809,4382.563965,4565.384766,4379.743652,4542.820313,4503.846191,4388.461426,4506.282227,4490.769043,2503,1,25,2565,47943,,,,0,4,4,4,4,4,4,4,4,4,4,4,4,4,4,4,4,4,4,4,4,4,4,4,4,4,4,4,4,4,4,4,4,100,,,,,,,,,,,,,,,,,,,,,,,,,,,,,,,,,,,27759,0,0.263312,-0.598022,-0.734253,0.184143,0.9801,0.208522,0.044927,24.166666,28.833334,44.333332,,,,,,,,,,,,,,,,,,,,,,,,,,,,,,,,,,,,,,,,,,,,,,,,,,,,,,,,,,,,,,,,,,,,,,,,,,,,,,,,,,,,,,,,,,,,,,,,,,,,,,,,,,,,,,,,,,,,,,,,,,,,,,,,,,,,,,,,,,,,,,,,,,,,,,,,,,,,,,,,
1764665236.952136,45502,0,4384.358887,4395.512695,4501.153809,4519.743652,4393.717773,4513.589844,4532.692383,4378.974121,4555.384766,4393.333496,4476.538574,4509.615234,4571.794922,4383.717773,4373.846191,4500.384766,4542.05127,4535.769043,4514.358887,4383.205078,4389.615234,4569.615234,4516.922852,4497.05127,4391.538574,4574.230957,4387.94873,4554.615234,4510.512695,4398.461426,4513.589844,4497.94873,2651,1,25,2566,47951,,,,0,4,4,4,4,4,4,4,4,4,4,4,4,4,4,4,4,4,4,4,4,4,4,4,4,4,4,4,4,4,4,4,4,100,,,,,,,,,,,,,,,,,,,,,,,,,,,,,,,,,,,,,,,,,,,,,,,,,,,,,,,,,,,,,,,,,,,,,,,,,,,,,,,,,,,,,,,,,,,,,,,,,,,,,,,,,,,,,,,,,,,,,,,,,,,,,,,,,,,,,,,,,,,,,,,,,,,,,,,,,,,,,,,,,,,,,,,,,,,,,,,,,,,,,,,,,,,,,,,,,,,,,,,,,,,,,,
1764665236.956042,45503,0,4396.025879,4408.717773,4508.846191,4532.436035,4404.615234,4523.205078,4544.102539,4391.922852,4565.512695,4398.717773,4486.282227,4521.666504,4581.153809,4392.692383,4387.820313,4512.94873,4556.538574,4552.563965,4526.538574,4395.256348,4402.307617,4584.230957,4527.179688,4508.333496,4405.256348,4585.256348,4399.102539,4568.846191,4517.05127,4408.333496,4522.563965,4505.384766,2827,1,25,2566,47951,,,,0,4,4,4,4,4,4,4,4,4,4,4,4,4,4,4,4,4,4,4,4,4,4,4,4,4,4,4,4,4,4,4,4,100,,,,,,,,,,,,,,,,,,,,,,,,,,,,,,,,,,,,,,,,,,,,,,,,,,,,,,,,,,,,,,,,,,,,,,,,,,,,,,,,,,,,,,,,,,,,,,,,,,,,,,,,,,,,,,,,,,,,,,,,,,,,,,,,,,,,,,,,,,,,,,,,,,,,,,,,,,,,,,,,,,,,,,,,,,,,,,,,,,,,,,,,,,,,,,,,,,,,,,,,,,,,,,
1764665236.959948,45504,0,4402.436035,4416.410156,4515.769043,4538.974121,4411.538574,4528.589844,4553.333496,4401.025879,4574.230957,4398.717773,4493.461426,4528.333496,4588.205078,4401.025879,4400.256348,4522.692383,4567.692383,4562.179688,4534.487305,4405.384766,4410.769043,4593.461426,4532.94873,4514.743652,4415.769043,4592.563965,4407.436035,4578.077148,4520.641113,4413.846191,4528.589844,4510.512695,2755,1,25,2567,47959,,,,0,4,4,4,4,4,4,4,4,4,4,4,4,4,4,4,4,4,4,4,4,4,4,4,4,4,4,4,4,4,4,4,4,100,,,,,,,,,,,,,,,,,,,,,,,,,,,,,,,,,,,,,,,,,,,,,,,,,,,,,,,,,,,,,,,,,,,,,,,,,,,,,,,,,,,,,,,,,,,,,,,,,,,,,,,,,,,,,,,,,,,,,,,,,,,,,,,,,,,,,,,,,,,,,,,,,,,,,,,,,,,,,,,,,,,,,,,,,,,,,,,,,,,,,,,,,,,,,,,,,,,,,,,,,,,,,,
1764665236.963854,45505,0,4403.205078,4417.179688,4521.282227,4539.358887,4414.358887,4529.487305,4557.692383,4404.102539,4580.128418,4398.205078,4495.897461,4528.846191,4591.666504,4406.922852,4407.05127,4527.05127,4571.922852,4562.820313,4536.025879,4411.410156,4413.717773,4595.512695,4534.487305,4516.153809,4417.692383,4594.487305,4411.025879,4579.615234,4521.922852,4415.256348,4530.769043,4514.615234,2917,1,25,2567,47959,,,,0,4,4,4,4,4,4,4,4,4,4,4,4,4,4,4,4,4,4,4,4,4,4,4,4,4,4,4,4,4,4,4,4,100,,,,,,,,,,,,,,,,,,,,,,,,,,,,,,,,,,,27760,0,0.263216,-0.598083,-0.734253,0.184082,0.977658,0.216335,0.031254,24.5,28.666666,45,,,,,,,,,,,,,,,,,,,,,,,,,,,,,,,,,,,,,,,,,,,,,,,,,,,,,,,,,,,,,,,,,,,,,,,,,,,,,,,,,,,,,,,,,,,,,,,,,,,,,,,,,,,,,,,,,,,,,,,,,,,,,,,,,,,,,,,,,,,,,,,,,,,,,,,,,,,,,,,,
1764665236.967759,45506,1,4399.743652,4414.853516,4518.864258,4537.069824,4411.849609,4526.227051,4554.908203,4402.673828,4578.150391,4397.783691,4493.205078,4526.318848,4588.644531,4405.970703,4404.322266,4524.194336,4569.157715,4559.304199,4532.74707,4408.754395,4410.934082,4591.245605,4531.794922,4512.087891,4412.94873,4591.336914,4407.289551,4576.043945,4519.065918,4411.0625,4527.838867,4511.556641,0,1,25,0,0,,,,0,4,4,4,4,4,4,4,4,4,4,4,4,4,4,4,4,4,4,4,4,4,4,4,4,4,4,4,4,4,4,4,4,100,,,,,,,,,,,,,,,,,,,,,,,,,,,,,,,,,,,,,,,,,,,,,,,,,,,,,,,,,,,,,,,,,,,,,,,,,,,,,,,,,,,,,,,,,,,,,,,,,,,,,,,,,,,,,,,,,,,,,,,,,,,,,,,,,,,,,,,,,,,,,,,,,,,,,,,,,,,,,,,,,,,,,,,,,,,,,,,,,,,,,,,,,,,,,,,,,,,,,,,,,,,,,,
1764665236.971665,45507,1,4396.282227,4412.527344,4516.446777,4534.780273,4409.34082,4522.966797,4552.124512,4401.245605,4576.172363,4397.362793,4490.512695,4523.791016,4585.622559,4405.018555,4401.593262,4521.336914,4566.39209,4555.787598,4529.46875,4406.099121,4408.150391,4586.978027,4529.102539,4508.021973,4408.205078,4588.187012,4403.553223,4572.472656,4516.208984,4406.868164,4524.908203,4508.498047,0,1,25,0,0,,,,0,4,4,4,4,4,4,4,4,4,4,4,4,4,4,4,4,4,4,4,4,4,4,4,4,4,4,4,4,4,4,4,4,100,,,,,,,,,,,,,,,,,,,,,,,,,,,,,,,,,,,,,,,,,,,,,,,,,,,,,,,,,,,,,,,,,,,,,,,,,,,,,,,,,,,,,,,,,,,,,,,,,,,,,,,,,,,,,,,,,,,,,,,,,,,,,,,,,,,,,,,,,,,,,,,,,,,,,,,,,,,,,,,,,,,,,,,,,,,,,,,,,,,,,,,,,,,,,,,,,,,,,,,,,,,,,,
1764665236.975571,45508,1,4392.820313,4410.20166,4514.029297,4532.490723,4406.831543,4519.707031,4549.34082,4399.816895,4574.194336,4396.941406,4487.820313,4521.263672,4582.600586,4404.065918,4398.864258,4518.47998,4563.626465,4552.270996,4526.19043,4403.443359,4405.366211,4582.710449,4526.410156,4503.956055,4403.461426,4585.036621,4399.816895,4568.900879,4513.351563,4402.673828,4521.978027,4505.439453,0,1,25,0,0,,,,0,4,4,4,4,4,4,4,4,4,4,4,4,4,4,4,4,4,4,4,4,4,4,4,4,4,4,4,4,4,4,4,4,100,,,,,,,,,,,,,,,,,,,,,,,,,,,,,,,,,,,,,,,,,,,,,,,,,,,,,,,,,,,,,,,,,,,,,,,,,,,,,,,,,,,,,,,,,,,,,,,,,,,,,,,,,,,,,,,,,,,,,,,,,,,,,,,,,,,,,,,,,,,,,,,,,,,,,,,,,,,,,,,,,,,,,,,,,,,,,,,,,,,,,,,,,,,,,,,,,,,,,,,,,,,,,,
1764665236.979477,45509,1,4389.358887,4407.875488,4511.611816,4530.20166,4404.322266,4516.446777,4546.556641,4398.388184,4572.216309,4396.52002,4485.128418,4518.736328,4579.578613,4403.11377,4396.135742,4515.622559,4560.86084,4548.754395,4522.912109,4400.787598,4402.58252,4578.443359,4523.717773,4499.890137,4398.717773,4581.88623,4396.080566,4565.32959,4510.494629,4398.47998,4519.047852,4502.380859,0,1,25,0,0,,,,0,4,4,4,4,4,4,4,4,4,4,4,4,4,4,4,4,4,4,4,4,4,4,4,4,4,4,4,4,4,4,4,4,100,,,,,,,,,,,,,,,,,,,,,,,,,,,,,,,,,,,,,,,,,,,,,,,,,,,,,,,,,,,,,,,,,,,,,,,,,,,,,,,,,,,,,,,,,,,,,,,,,,,,,,,,,,,,,,,,,,,,,,,,,,,,,,,,,,,,,,,,,,,,,,,,,,,,,,,,,,,,,,,,,,,,,,,,,,,,,,,,,,,,,,,,,,,,,,,,,,,,,,,,,,,,,,
1764665236.983383,45510,1,4385.897461,4405.549316,4509.194336,4527.912109,4401.812988,4513.187012,4543.772949,4396.959473,4570.238281,4396.099121,4482.436035,4516.208984,4576.556641,4402.161133,4393.406738,4512.765625,4558.095215,4545.238281,4519.633789,4398.131836,4399.79834,4574.175781,4521.025879,4495.824219,4393.974121,4578.736328,4392.344238,4561.758301,4507.637207,4394.285645,4516.117188,4499.322266,0,1,25,0,0,,,,0,4,4,4,4,4,4,4,4,4,4,4,4,4,4,4,4,4,4,4,4,4,4,4,4,4,4,4,4,4,4,4,4,100,,,,,,,,,,,,,,,,,,,,,,,,,,,,,,,,,,,,,,,,,,,,,,,,,,,,,,,,,,,,,,,,,,,,,,,,,,,,,,,,,,,,,,,,,,,,,,,,,,,,,,,,,,,,,,,,,,,,,,,,,,,,,,,,,,,,,,,,,,,,,,,,,,,,,,,,,,,,,,,,,,,,,,,,,,,,,,,,,,,,,,,,,,,,,,,,,,,,,,,,,,,,,,
1764665236.987288,45511,1,4382.436035,4403.223633,4506.776367,4525.622559,4399.304199,4509.926758,4540.98877,4395.53125,4568.260254,4395.677734,4479.743652,4513.681152,4573.534668,4401.208984,4390.677734,4509.908203,4555.32959,4541.72168,4516.355469,4395.476074,4397.014648,4569.908203,4518.333496,4491.758301,4389.230957,4575.585938,4388.60791,4558.187012,4504.780273,4390.091797,4513.187012,4496.263672,0,1,25,0,0,,,,0,4,4,4,4,4,4,4,4,4,4,4,4,4,4,4,4,4,4,4,4,4,4,4,4,4,4,4,4,4,4,4,4,100,,,,,,,,,,,,,,,,,,,,,,,,,,,,,,,,,,,27761,1,0.263216,-0.598083,-0.734253,0.184082,0.974973,0.216091,0.034428,24.5,28.416666,44.583332,,,,,,,,,,,,,,,,,,,,,,,,,,,,,,,,,,,,,,,,,,,,,,,,,,,,,,,,,,,,,,,,,,,,,,,,,,,,,,,,,,,,,,,,,,,,,,,,,,,,,,,,,,,,,,,,,,,,,,,,,,,,,,,,,,,,,,,,,,,,,,,,,,,,,,,,,,,,,,,,
1764665236.991194,45512,0,4378.974121,4400.897461,4504.358887,4523.333496,4396.794922,4506.666504,4538.205078,4394.102539,4566.282227,4395.256348,4477.05127,4511.153809,4570.512695,4400.256348,4387.94873,4507.05127,4552.563965,4538.205078,4513.077148,4392.820313,4394.230957,4565.641113,4515.641113,4487.692383,4384.487305,4572.436035,4384.871582,4554.615234,4501.922852,4385.897461,4510.256348,4493.205078,2863,1,25,2571,47990,,,,0,4,4,4,4,4,4,4,4,4,4,4,4,4,4,4,4,4,4,4,4,4,4,4,4,4,4,4,4,4,4,4,4,100,,,,,,,,,,,,,,,,,,,,,,,,,,,,,,,,,,,,,,,,,,,,,,,,,,,,,,,,,,,,,,,,,,,,,,,,,,,,,,,,,,,,,,,,,,,,,,,,,,,,,,,,,,,,,,,,,,,,,,,,,,,,,,,,,,,,,,,,,,,,,,,,,,,,,,,,,,,,,,,,,,,,,,,,,,,,,,,,,,,,,,,,,,,,,,,,,,,,,,,,,,,,,,
1764665236.995100,45513,0,4377.94873,4400.641113,4506.410156,4526.153809,4399.230957,4508.205078,4540.769043,4397.563965,4573.077148,4397.307617,4479.358887,4514.358887,4571.794922,4398.717773,4389.743652,4507.94873,4549.487305,4536.922852,4513.205078,4394.743652,4391.666504,4565.769043,4513.846191,4488.461426,4380.641113,4573.717773,4386.794922,4553.077148,4503.717773,4386.666504,4509.487305,4496.794922,2711,1,25,2571,47990,,,,0,4,4,4,4,4,4,4,4,4,4,4,4,4,4,4,4,4,4,4,4,4,4,4,4,4,4,4,4,4,4,4,4,100,,,,,,,,,,,,,,,,,,,,,,,,,,,,,,,,,,,27762,0,0.263216,-0.598083,-0.734253,0.184082,0.972287,0.215847,0.037602,24.5,28.166666,44.166668,,,,,,,,,,,,,,,,,,,,,,,,,,,,,,,,,,,,,,,,,,,,,,,,,,,,,,,,,,,,,,,,,,,,,,,,,,,,,,,,,,,,,,,,,,,,,,,,,,,,,,,,,,,,,,,,,,,,,,,,,,,,,,,,,,,,,,,,,,,,,,,,,,,,,,,,,,,,,,,,
1764665236.999006,45514,0,4376.410156,4398.205078,4506.922852,4529.230957,4400.128418,4509.230957,4539.230957,4396.794922,4575.897461,4400.641113,4476.666504,4515.384766,4570.384766,4393.589844,4387.179688,4508.333496,4543.333496,4534.871582,4512.563965,4393.077148,4388.077148,4566.025879,4510.384766,4489.230957,4373.974121,4572.820313,4385.897461,4550.512695,4506.410156,4384.487305,4508.205078,4497.563965,2284,1,25,2570,47998,,,,0,4,4,4,4,4,4,4,4,4,4,4,4,4,4,4,4,4,4,4,4,4,4,4,4,4,4,4,4,4,4,4,4,100,,,,,,,,,,,,,,,,,,,,,,,,,,,,,,,,,,,,,,,,,,,,,,,,,,,,,,,,,,,,,,,,,,,,,,,,,,,,,,,,,,,,,,,,,,,,,,,,,,,,,,,,,,,,,,,,,,,,,,,,,,,,,,,,,,,,,,,,,,,,,,,,,,,,,,,,,,,,,,,,,,,,,,,,,,,,,,,,,,,,,,,,,,,,,,,,,,,,,,,,,,,,,,
1764665237.002911,45515,0,4375.641113,4395.512695,4505.769043,4531.282227,4398.974121,4509.487305,4534.358887,4392.692383,4573.077148,4404.102539,4471.538574,4515,4567.307617,4387.563965,4382.94873,4507.179688,4537.820313,4532.563965,4511.538574,4389.358887,4385.641113,4565.769043,4507.307617,4489.102539,4369.871582,4570.128418,4382.563965,4548.333496,4508.205078,4380.641113,4506.282227,4493.974121,2693,1,25,2570,47998,,,,0,4,4,4,4,4,4,4,4,4,4,4,4,4,4,4,4,4,4,4,4,4,4,4,4,4,4,4,4,4,4,4,4,100,,,,,,,,,,,,,,,,,,,,,,,,,,,,,,,,,,,,,,,,,,,,,,,,,,,,,,,,,,,,,,,,,,,,,,,,,,,,,,,,,,,,,,,,,,,,,,,,,,,,,,,,,,,,,,,,,,,,,,,,,,,,,,,,,,,,,,,,,,,,,,,,,,,,,,,,,,,,,,,,,,,,,,,,,,,,,,,,,,,,,,,,,,,,,,,,,,,,,,,,,,,,,,
1764665237.006817,45516,0,4377.94873,4395.897461,4506.282227,4533.589844,4398.846191,4511.025879,4531.666504,4390.641113,4568.974121,4407.307617,4469.743652,4515.128418,4565.897461,4384.615234,4382.05127,4506.410156,4537.692383,4533.205078,4511.922852,4387.94873,4387.820313,4566.538574,4508.205078,4489.871582,4374.102539,4568.589844,4381.282227,4549.102539,4509.743652,4380,4506.025879,4490.256348,2494,1,25,2566,48006,,,,0,4,4,4,4,4,4,4,4,4,4,4,4,4,4,4,4,4,4,4,4,4,4,4,4,4,4,4,4,4,4,4,4,100,,,,,,,,,,,,,,,,,,,,,,,,,,,,,,,,,,,,,,,,,,,,,,,,,,,,,,,,,,,,,,,,,,,,,,,,,,,,,,,,,,,,,,,,,,,,,,,,,,,,,,,,,,,,,,,,,,,,,,,,,,,,,,,,,,,,,,,,,,,,,,,,,,,,,,,,,,,,,,,,,,,,,,,,,,,,,,,,,,,,,,,,,,,,,,,,,,,,,,,,,,,,,,
1764665237.010723,45517,0,4384.487305,4401.538574,4511.410156,4538.589844,4403.205078,4516.025879,4536.153809,4395,4570,4410.256348,4474.871582,4517.94873,4569.102539,4387.307617,4387.307617,4509.102539,4544.871582,4538.974121,4515,4392.307617,4395.769043,4570.384766,4515.512695,4493.846191,4388.333496,4571.538574,4386.153809,4555.128418,4512.307617,4386.410156,4510.256348,4492.179688,2234,1,25,2566,48006,,,,0,4,4,4,4,4,4,4,4,4,4,4,4,4,4,4,4,4,4,4,4,4,4,4,4,4,4,4,4,4,4,4,4,100,,,,,,,,,,,,,,,,,,,,,,,,,,,,,,,,,,,27763,0,0.263535,-0.597961,-0.734192,0.184265,0.975705,0.214382,0.041509,25.666666,29.333334,43.333332,,,,,,,,,,,,,,,,,,,,,,,,,,,,,,,,,,,,,,,,,,,,,,,,,,,,,,,,,,,,,,,,,,,,,,,,,,,,,,,,,,,,,,,,,,,,,,,,,,,,,,,,,,,,,,,,,,,,,,,,,,,,,,,,,,,,,,,,,,,,,,,,,,,,,,,,,,,,,,,,
1764665237.014629,45518,0,4393.717773,4410.512695,4520.641113,4546.666504,4411.794922,4524.743652,4546.922852,4405.128418,4578.589844,4411.666504,4484.615234,4523.846191,4576.153809,4394.102539,4396.282227,4516.410156,4556.410156,4548.974121,4520.641113,4401.410156,4407.179688,4577.94873,4526.794922,4502.05127,4407.563965,4579.871582,4396.666504,4565.128418,4516.538574,4398.974121,4519.230957,4501.153809,2706,1,25,2567,48013,,,,0,4,4,4,4,4,4,4,4,4,4,4,4,4,4,4,4,4,4,4,4,4,4,4,4,4,4,4,4,4,4,4,4,100,,,,,,,,,,,,,,,,,,,,,,,,,,,,,,,,,,,,,,,,,,,,,,,,,,,,,,,,,,,,,,,,,,,,,,,,,,,,,,,,,,,,,,,,,,,,,,,,,,,,,,,,,,,,,,,,,,,,,,,,,,,,,,,,,,,,,,,,,,,,,,,,,,,,,,,,,,,,,,,,,,,,,,,,,,,,,,,,,,,,,,,,,,,,,,,,,,,,,,,,,,,,,,
1764665237.018534,45519,0,4402.05127,4418.077148,4528.717773,4554.230957,4419.615234,4533.589844,4557.692383,4414.871582,4590.128418,4409.743652,4492.692383,4530.641113,4582.820313,4400.512695,4403.205078,4525,4565.897461,4557.820313,4526.153809,4409.743652,4416.666504,4586.282227,4536.025879,4511.153809,4422.436035,4589.743652,4407.307617,4574.487305,4520.897461,4411.025879,4528.974121,4511.538574,2502,1,25,2567,48013,,,,0,4,4,4,4,4,4,4,4,4,4,4,4,4,4,4,4,4,4,4,4,4,4,4,4,4,4,4,4,4,4,4,4,100,,,,,,,,,,,,,,,,,,,,,,,,,,,,,,,,,,,,,,,,,,,,,,,,,,,,,,,,,,,,,,,,,,,,,,,,,,,,,,,,,,,,,,,,,,,,,,,,,,,,,,,,,,,,,,,,,,,,,,,,,,,,,,,,,,,,,,,,,,,,,,,,,,,,,,,,,,,,,,,,,,,,,,,,,,,,,,,,,,,,,,,,,,,,,,,,,,,,,,,,,,,,,,
1764665237.022440,45520,0,4404.230957,4419.230957,4529.615234,4556.282227,4420.641113,4536.538574,4561.410156,4417.179688,4596.025879,4403.461426,4492.94873,4534.102539,4584.358887,4401.282227,4403.205078,4529.487305,4567.820313,4559.358887,4527.692383,4411.666504,4419.487305,4590.897461,4537.692383,4515.641113,4425.128418,4594.743652,4411.153809,4577.94873,4522.563965,4414.358887,4532.94873,4514.743652,2862,1,25,2567,48021,,,,0,4,4,4,4,4,4,4,4,4,4,4,4,4,4,4,4,4,4,4,4,4,4,4,4,4,4,4,4,4,4,4,4,100,,,,,,,,,,,,,,,,,,,,,,,,,,,,,,,,,,,,,,,,,,,,,,,,,,,,,,,,,,,,,,,,,,,,,,,,,,,,,,,,,,,,,,,,,,,,,,,,,,,,,,,,,,,,,,,,,,,,,,,,,,,,,,,,,,,,,,,,,,,,,,,,,,,,,,,,,,,,,,,,,,,,,,,,,,,,,,,,,,,,,,,,,,,,,,,,,,,,,,,,,,,,,,
1764665237.026346,45521,0,4398.077148,4412.436035,4521.410156,4550.512695,4412.436035,4530.512695,4555.641113,4409.102539,4590.512695,4394.230957,4484.871582,4530.769043,4578.974121,4395.512695,4396.153809,4526.282227,4560.769043,4551.410156,4523.589844,4405.512695,4413.846191,4589.358887,4530.512695,4511.922852,4414.230957,4590.897461,4405,4573.077148,4519.615234,4406.282227,4528.077148,4506.922852,2927,1,25,2567,48021,,,,0,4,4,4,4,4,4,4,4,4,4,4,4,4,4,4,4,4,4,4,4,4,4,4,4,4,4,4,4,4,4,4,4,100,,,,,,,,,,,,,,,,,,,,,,,,,,,,,,,,,,,27764,0,0.263577,-0.597961,-0.734131,0.184448,0.974728,0.216823,0.042486,24.5,28.666666,45.333332,,,,,,,,,,,,,,,,,,,,,,,,,,,,,,,,,,,,,,,,,,,,,,,,,,,,,,,,,,,,,,,,,,,,,,,,,,,,,,,,,,,,,,,,,,,,,,,,,,,,,,,,,,,,,,,,,,,,,,,,,,,,,,,,,,,,,,,,,,,,,,,,,,,,,,,,,,,,,,,,
1764665237.030252,45522,0,4386.666504,4401.153809,4508.333496,4539.487305,4399.230957,4518.461426,4544.358887,4394.743652,4576.666504,4387.05127,4474.230957,4522.436035,4570.384766,4387.94873,4387.179688,4517.436035,4549.743652,4538.974121,4516.282227,4395.512695,4402.820313,4583.589844,4519.487305,4501.666504,4397.05127,4580.769043,4393.077148,4563.077148,4513.077148,4391.922852,4517.307617,4492.692383,1759,1,25,2568,48029,,,,0,4,4,4,4,4,4,4,4,4,4,4,4,4,4,4,4,4,4,4,4,4,4,4,4,4,4,4,4,4,4,4,4,100,,,,,,,,,,,,,,,,,,,,,,,,,,,,,,,,,,,,,,,,,,,,,,,,,,,,,,,,,,,,,,,,,,,,,,,,,,,,,,,,,,,,,,,,,,,,,,,,,,,,,,,,,,,,,,,,,,,,,,,,,,,,,,,,,,,,,,,,,,,,,,,,,,,,,,,,,,,,,,,,,,,,,,,,,,,,,,,,,,,,,,,,,,,,,,,,,,,,,,,,,,,,,,
1764665237.034158,45523,0,4377.436035,4392.563965,4498.589844,4530.512695,4389.615234,4508.846191,4535.641113,4383.205078,4564.102539,4387.05127,4468.717773,4515,4565.128418,4385.897461,4383.205078,4509.743652,4542.820313,4530.897461,4511.153809,4388.333496,4393.589844,4578.846191,4512.436035,4491.922852,4385.128418,4572.436035,4383.974121,4555.512695,4506.410156,4381.538574,4508.461426,4482.436035,2954,1,25,2568,48029,,,,0,4,4,4,4,4,4,4,4,4,4,4,4,4,4,4,4,4,4,4,4,4,4,4,4,4,4,4,4,4,4,4,4,100,,,,,,,,,,,,,,,,,,,,,,,,,,,,,,,,,,,,,,,,,,,,,,,,,,,,,,,,,,,,,,,,,,,,,,,,,,,,,,,,,,,,,,,,,,,,,,,,,,,,,,,,,,,,,,,,,,,,,,,,,,,,,,,,,,,,,,,,,,,,,,,,,,,,,,,,,,,,,,,,,,,,,,,,,,,,,,,,,,,,,,,,,,,,,,,,,,,,,,,,,,,,,,
1764665237.038063,45524,0,4377.307617,4392.436035,4498.205078,4529.358887,4390.641113,4508.461426,4535.641113,4381.922852,4562.05127,4395.512695,4472.436035,4514.487305,4568.205078,4393.077148,4387.307617,4508.974121,4545.256348,4533.974121,4512.179688,4388.974121,4392.179688,4580,4515,4489.743652,4385.641113,4572.692383,4384.487305,4556.538574,4504.230957,4382.05127,4507.563965,4483.846191,2519,1,25,2569,48037,,,,0,4,4,4,4,4,4,4,4,4,4,4,4,4,4,4,4,4,4,4,4,4,4,4,4,4,4,4,4,4,4,4,4,100,,,,,,,,,,,,,,,,,,,,,,,,,,,,,,,,,,,,,,,,,,,,,,,,,,,,,,,,,,,,,,,,,,,,,,,,,,,,,,,,,,,,,,,,,,,,,,,,,,,,,,,,,,,,,,,,,,,,,,,,,,,,,,,,,,,,,,,,,,,,,,,,,,,,,,,,,,,,,,,,,,,,,,,,,,,,,,,,,,,,,,,,,,,,,,,,,,,,,,,,,,,,,,
1764665237.041969,45525,0,4387.179688,4400.769043,4507.436035,4536.282227,4401.538574,4517.692383,4544.615234,4391.282227,4571.794922,4408.205078,4483.333496,4522.05127,4578.077148,4405.512695,4395.641113,4515.384766,4556.153809,4546.025879,4519.102539,4396.410156,4399.230957,4587.436035,4525.641113,4496.666504,4396.410156,4581.666504,4394.358887,4565.897461,4508.974121,4392.820313,4515.256348,4496.153809,2818,1,25,2569,48037,,,,0,4,4,4,4,4,4,4,4,4,4,4,4,4,4,4,4,4,4,4,4,4,4,4,4,4,4,4,4,4,4,4,4,100,,,,,,,,,,,,,,,,,,,,,,,,,,,,,,,,,,,27765,0,0.26345,-0.597961,-0.734192,0.184387,0.974728,0.216823,0.042486,24.166666,29.666666,42.666668,,,,,,,,,,,,,,,,,,,,,,,,,,,,,,,,,,,,,,,,,,,,,,,,,,,,,,,,,,,,,,,,,,,,,,,,,,,,,,,,,,,,,,,,,,,,,,,,,,,,,,,,,,,,,,,,,,,,,,,,,,,,,,,,,,,,,,,,,,,,,,,,,,,,,,,,,,,,,,,,
1764665237.045875,45526,0,4400.256348,4411.922852,4519.871582,4545.769043,4414.102539,4529.743652,4556.794922,4404.615234,4585.641113,4418.333496,4494.615234,4531.922852,4587.94873,4415,4401.153809,4523.205078,4568.205078,4558.077148,4527.307617,4404.487305,4409.102539,4595.769043,4536.922852,4507.436035,4407.307617,4592.94873,4406.538574,4577.05127,4517.820313,4405.897461,4526.282227,4511.153809,2930,1,25,2570,48045,,,,0,4,4,4,4,4,4,4,4,4,4,4,4,4,4,4,4,4,4,4,4,4,4,4,4,4,4,4,4,4,4,4,4,100,,,,,,,,,,,,,,,,,,,,,,,,,,,,,,,,,,,,,,,,,,,,,,,,,,,,,,,,,,,,,,,,,,,,,,,,,,,,,,,,,,,,,,,,,,,,,,,,,,,,,,,,,,,,,,,,,,,,,,,,,,,,,,,,,,,,,,,,,,,,,,,,,,,,,,,,,,,,,,,,,,,,,,,,,,,,,,,,,,,,,,,,,,,,,,,,,,,,,,,,,,,,,,
1764665237.049781,45527,0,4408.077148,4417.94873,4527.563965,4550.641113,4419.230957,4536.666504,4563.846191,4413.333496,4593.333496,4421.282227,4499.615234,4536.794922,4591.282227,4414.871582,4398.717773,4525.769043,4572.94873,4560.897461,4530.897461,4406.794922,4413.974121,4598.205078,4541.153809,4514.358887,4408.846191,4599.230957,4412.563965,4581.794922,4524.743652,4412.692383,4533.589844,4519.615234,2838,1,25,2570,48045,,,,0,4,4,4,4,4,4,4,4,4,4,4,4,4,4,4,4,4,4,4,4,4,4,4,4,4,4,4,4,4,4,4,4,100,,,,,,,,,,,,,,,,,,,,,,,,,,,,,,,,,,,,,,,,,,,,,,,,,,,,,,,,,,,,,,,,,,,,,,,,,,,,,,,,,,,,,,,,,,,,,,,,,,,,,,,,,,,,,,,,,,,,,,,,,,,,,,,,,,,,,,,,,,,,,,,,,,,,,,,,,,,,,,,,,,,,,,,,,,,,,,,,,,,,,,,,,,,,,,,,,,,,,,,,,,,,,,
1764665237.053686,45528,0,4406.153809,4414.743652,4525.897461,4547.692383,4413.717773,4535.512695,4561.794922,4412.563965,4589.615234,4417.05127,4497.05127,4533.717773,4586.282227,4405.641113,4389.615234,4520.256348,4567.94873,4552.820313,4527.692383,4401.538574,4410,4592.307617,4535.769043,4513.077148,4399.615234,4597.563965,4409.230957,4577.179688,4525.256348,4410.641113,4533.461426,4517.436035,2769,1,25,2571,48052,,,,0,4,4,4,4,4,4,4,4,4,4,4,4,4,4,4,4,4,4,4,4,4,4,4,4,4,4,4,4,4,4,4,4,100,,,,,,,,,,,,,,,,,,,,,,,,,,,,,,,,,,,,,,,,,,,,,,,,,,,,,,,,,,,,,,,,,,,,,,,,,,,,,,,,,,,,,,,,,,,,,,,,,,,,,,,,,,,,,,,,,,,,,,,,,,,,,,,,,,,,,,,,,,,,,,,,,,,,,,,,,,,,,,,,,,,,,,,,,,,,,,,,,,,,,,,,,,,,,,,,,,,,,,,,,,,,,,
1764665237.057592,45529,0,4397.307617,4405.256348,4516.794922,4539.743652,4402.692383,4528.974121,4552.692383,4404.487305,4577.94873,4409.487305,4490.897461,4525.769043,4577.307617,4394.230957,4380.128418,4510.128418,4557.692383,4540.256348,4520,4393.461426,4400.641113,4581.794922,4525,4505.128418,4386.922852,4590.384766,4400.256348,4567.307617,4519.871582,4403.333496,4526.794922,4507.563965,2817,1,25,2571,48052,,,,0,4,4,4,4,4,4,4,4,4,4,4,4,4,4,4,4,4,4,4,4,4,4,4,4,4,4,4,4,4,4,4,4,100,,,,,,,,,,,,,,,,,,,,,,,,,,,,,,,,,,,27766,0,0.263577,-0.597961,-0.734131,0.184448,0.982053,0.214382,0.052252,24,27.333334,44.166668,,,,,,,,,,,,,,,,,,,,,,,,,,,,,,,,,,,,,,,,,,,,,,,,,,,,,,,,,,,,,,,,,,,,,,,,,,,,,,,,,,,,,,,,,,,,,,,,,,,,,,,,,,,,,,,,,,,,,,,,,,,,,,,,,,,,,,,,,,,,,,,,,,,,,,,,,,,,,,,,
1764665237.061498,45530,0,4387.563965,4395.128418,4506.025879,4531.538574,4393.846191,4521.794922,4542.820313,4395,4566.410156,4401.794922,4486.025879,4518.589844,4570.128418,4387.820313,4375.641113,4501.666504,4549.358887,4531.538574,4513.205078,4388.333496,4392.179688,4573.589844,4515.512695,4496.282227,4380.128418,4583.205078,4391.922852,4558.461426,4512.692383,4396.153809,4517.563965,4496.538574,1959,1,25,2572,48060,,,,0,4,4,4,4,4,4,4,4,4,4,4,4,4,4,4,4,4,4,4,4,4,4,4,4,4,4,4,4,4,4,4,4,100,,,,,,,,,,,,,,,,,,,,,,,,,,,,,,,,,,,,,,,,,,,,,,,1.96543,1.713266,0.564014,1.031681,0.622749,4.130328,2.955199,1.050024,1.225964,0.854361,3.533542,2.380357,1.32607,1.474202,0.883172,3.041832,2.530161,0.952846,1.121272,0.668694,2.896974,2.843085,1.041892,1.349938,0.694771,3.80198,2.415111,0.637001,0.944217,0.554188,2.990072,1.272701,0.565078,1.154522,0.754299,2.246977,1.790119,0.767343,1.266722,0.72164,1.163615,1.027818,0.254399,0.939799,0.862595,1.702399,1.31813,1.209764,1.419893,1.090441,1.77202,0.28342,0.564569,0.964153,0.561673,1.950414,1.692109,0.638037,1.144797,0.657341,1.136837,1.379393,0.947024,1.146031,0.654841,0.850443,0.743634,0.260402,0.670479,0.533299,0.30432,1.147405,0.746273,0.603381,0.845274,0.884865,2.042539,0.493752,0.593391,0.611272,1.58886,2.743926,1.194957,1.128693,0.839999,0.491908,1.951076,0.754806,0.982388,0.770515,0.499251,1.25684,0.677565,0.7118,0.488136,0.465812,1.609092,1.149161,0.794377,0.634736,0.882968,1.434285,1.50991,1.034086,0.570216,1.080328,3.304134,1.290006,1.095886,0.786628,1.488881,2.721827,0.927247,0.81604,0.566053,1.565715,3.064902,1.099681,1.077225,0.702774,1.394393,2.343732,3.230316,2.656238,1.179338,1.192958,1.149217,1.293568,1.096551,0.682949,2.049522,2.081402,1.658813,1.463514,0.787313,1.718398,2.228414,1.477216,1.227715,0.697837,1.672907,1.100387,0.437991,0.566195,0.388475,2.517572,1.991614,1.334402,0.947748,0.761013,1.754064,1.956746,1.503604,1.087226,0.71404,2.72424,1.390061,1.167352,1.207786,0.779808
1764665237.065404,45531,0,4381.410156,4388.461426,4498.974121,4526.153809,4391.538574,4516.794922,4537.05127,4388.846191,4561.410156,4394.871582,4484.230957,4514.743652,4567.820313,4388.461426,4376.794922,4499.230957,4547.05127,4530.256348,4510.641113,4388.205078,4388.974121,4571.025879,4510.769043,4491.025879,4382.820313,4579.487305,4387.436035,4553.974121,4507.436035,4391.922852,4509.743652,4489.615234,2636,1,25,2572,48060,,,,0,4,4,4,4,4,4,4,4,4,4,4,4,4,4,4,4,4,4,4,4,4,4,4,4,4,4,4,4,4,4,4,4,100,,,,,,,,,,,,,,,,,,,,,,,,,,,,,,,,,,,,,,,,,,,,,,,,,,,,,,,,,,,,,,,,,,,,,,,,,,,,,,,,,,,,,,,,,,,,,,,,,,,,,,,,,,,,,,,,,,,,,,,,,,,,,,,,,,,,,,,,,,,,,,,,,,,,,,,,,,,,,,,,,,,,,,,,,,,,,,,,,,,,,,,,,,,,,,,,,,,,,,,,,,,,,,
1764665237.069310,45532,0,4378.974121,4384.743652,4497.563965,4523.205078,4393.974121,4513.846191,4536.153809,4386.282227,4563.077148,4389.102539,4483.077148,4513.205078,4569.102539,4392.94873,4380.769043,4502.179688,4548.846191,4533.461426,4511.794922,4389.743652,4390.128418,4572.307617,4509.743652,4490.128418,4390.256348,4578.846191,4385.769043,4552.692383,4505.128418,4389.102539,4504.871582,4487.94873,2693,1,25,2573,48068,,,,0,4,4,4,4,4,4,4,4,4,4,4,4,4,4,4,4,4,4,4,4,4,4,4,4,4,4,4,4,4,4,4,4,100,,,,,,,,,,,,,,,,,,,,,,,,,,,,,,,,,,,,,,,,,,,,,,,,,,,,,,,,,,,,,,,,,,,,,,,,,,,,,,,,,,,,,,,,,,,,,,,,,,,,,,,,,,,,,,,,,,,,,,,,,,,,,,,,,,,,,,,,,,,,,,,,,,,,,,,,,,,,,,,,,,,,,,,,,,,,,,,,,,,,,,,,,,,,,,,,,,,,,,,,,,,,,,
1764665237.073215,45533,0,4378.461426,4382.436035,4500.128418,4521.538574,4396.794922,4511.666504,4537.307617,4385.512695,4567.436035,4386.538574,4480.512695,4511.538574,4570.769043,4396.794922,4383.717773,4506.666504,4550.256348,4535.769043,4513.717773,4389.615234,4392.179688,4572.94873,4510,4491.666504,4394.230957,4578.846191,4383.974121,4551.282227,4505.128418,4386.153809,4502.436035,4489.358887,2507,1,25,2573,48068,,,,0,4,4,4,4,4,4,4,4,4,4,4,4,4,4,4,4,4,4,4,4,4,4,4,4,4,4,4,4,4,4,4,4,100,,,,,,,,,,,,,,,,,,,,,,,,,,,,,,,,,,,27767,0,0.263747,-0.597961,-0.73407,0.184448,0.982053,0.214382,0.052252,24,27.333334,44.166668,,,,,,,,,,,,,,,,,,,,,,,,,,,,,,,,,,,,,,,,,,,,,,,,,,,,,,,,,,,,,,,,,,,,,,,,,,,,,,,,,,,,,,,,,,,,,,,,,,,,,,,,,,,,,,,,,,,,,,,,,,,,,,,,,,,,,,,,,,,,,,,,,,,,,,,,,,,,,,,,
1764665237.077121,45534,0,4378.589844,4381.025879,4504.102539,4521.666504,4397.692383,4510.512695,4538.205078,4385.769043,4570.897461,4389.102539,4477.820313,4509.230957,4571.282227,4398.077148,4383.974121,4508.974121,4548.333496,4534.871582,4514.358887,4387.179688,4392.94873,4570.512695,4510.641113,4493.461426,4390.128418,4577.179688,4381.666504,4548.846191,4506.538574,4383.717773,4501.794922,4491.153809,2655,1,25,2574,48076,,,,0,4,4,4,4,4,4,4,4,4,4,4,4,4,4,4,4,4,4,4,4,4,4,4,4,4,4,4,4,4,4,4,4,100,,,,,,,,,,,,,,,,,,,,,,,,,,,,,,,,,,,,,,,,,,,,,,,,,,,,,,,,,,,,,,,,,,,,,,,,,,,,,,,,,,,,,,,,,,,,,,,,,,,,,,,,,,,,,,,,,,,,,,,,,,,,,,,,,,,,,,,,,,,,,,,,,,,,,,,,,,,,,,,,,,,,,,,,,,,,,,,,,,,,,,,,,,,,,,,,,,,,,,,,,,,,,,
1764665237.081027,45535,0,4378.846191,4381.153809,4507.05127,4524.615234,4396.922852,4511.025879,4538.461426,4387.563965,4571.922852,4396.153809,4477.307617,4508.077148,4570.897461,4397.820313,4382.307617,4508.333496,4543.974121,4532.692383,4513.717773,4384.615234,4392.436035,4566.410156,4511.794922,4494.358887,4380.769043,4573.846191,4380.384766,4546.666504,4508.589844,4383.846191,4502.820313,4492.05127,2830,1,25,2574,48076,,,,0,4,4,4,4,4,4,4,4,4,4,4,4,4,4,4,4,4,4,4,4,4,4,4,4,4,4,4,4,4,4,4,4,100,,,,,,,,,,,,,,,,,,,,,,,,,,,,,,,,,,,,,,,,,,,,,,,,,,,,,,,,,,,,,,,,,,,,,,,,,,,,,,,,,,,,,,,,,,,,,,,,,,,,,,,,,,,,,,,,,,,,,,,,,,,,,,,,,,,,,,,,,,,,,,,,,,,,,,,,,,,,,,,,,,,,,,,,,,,,,,,,,,,,,,,,,,,,,,,,,,,,,,,,,,,,,,
1764665237.084933,45536,0,4379.358887,4383.205078,4507.820313,4530,4395.512695,4512.820313,4538.461426,4391.153809,4571.282227,4403.589844,4479.743652,4509.871582,4569.871582,4398.461426,4380.897461,4505.897461,4540.384766,4531.794922,4512.692383,4383.461426,4391.410156,4563.077148,4513.717773,4493.717773,4372.307617,4570.256348,4381.410156,4546.538574,4510.512695,4386.666504,4504.743652,4491.666504,2766,1,25,2575,48084,,,,0,4,4,4,4,4,4,4,4,4,4,4,4,4,4,4,4,4,4,4,4,4,4,4,4,4,4,4,4,4,4,4,4,100,,,,,,,,,,,,,,,,,,,,,,,,,,,,,,,,,,,,,,,,,,,,,,,,,,,,,,,,,,,,,,,,,,,,,,,,,,,,,,,,,,,,,,,,,,,,,,,,,,,,,,,,,,,,,,,,,,,,,,,,,,,,,,,,,,,,,,,,,,,,,,,,,,,,,,,,,,,,,,,,,,,,,,,,,,,,,,,,,,,,,,,,,,,,,,,,,,,,,,,,,,,,,,
1764665237.088838,45537,0,4380.128418,4386.282227,4506.153809,4534.871582,4393.974121,4515,4538.205078,4395,4570.512695,4406.282227,4483.333496,4514.487305,4568.974121,4400.897461,4381.666504,4504.102539,4540.384766,4532.94873,4512.179688,4383.846191,4390.384766,4562.05127,4515,4491.666504,4369.871582,4567.820313,4383.717773,4548.461426,4511.410156,4390.512695,4506.538574,4490,2925,1,25,2575,48084,,,,0,4,4,4,4,4,4,4,4,4,4,4,4,4,4,4,4,4,4,4,4,4,4,4,4,4,4,4,4,4,4,4,4,100,,,,,,,,,,,,,,,,,,,,,,,,,,,,,,,,,,,27768,0,0.26397,-0.5979,-0.734009,0.18457,0.964962,0.212428,0.050787,24.166666,28.833334,42.666668,,,,,,,,,,,,,,,,,,,,,,,,,,,,,,,,,,,,,,,,,,,,,,,,,,,,,,,,,,,,,,,,,,,,,,,,,,,,,,,,,,,,,,,,,,,,,,,,,,,,,,,,,,,,,,,,,,,,,,,,,,,,,,,,,,,,,,,,,,,,,,,,,,,,,,,,,,,,,,,,
1764665237.092744,45538,0,4381.666504,4389.487305,4503.589844,4537.179688,4393.205078,4516.794922,4537.820313,4397.179688,4570.897461,4403.333496,4486.282227,4520.512695,4568.589844,4403.974121,4385.256348,4504.102539,4544.358887,4535.384766,4512.94873,4385,4389.743652,4563.717773,4515.512695,4489.871582,4374.102539,4567.179688,4384.871582,4551.282227,4511.153809,4392.692383,4506.794922,4487.692383,2602,1,25,2576,48092,,,,0,4,4,4,4,4,4,4,4,4,4,4,4,4,4,4,4,4,4,4,4,4,4,4,4,4,4,4,4,4,4,4,4,100,,,,,,,,,,,,,,,,,,,,,,,,,,,,,,,,,,,,,,,,,,,,,,,,,,,,,,,,,,,,,,,,,,,,,,,,,,,,,,,,,,,,,,,,,,,,,,,,,,,,,,,,,,,,,,,,,,,,,,,,,,,,,,,,,,,,,,,,,,,,,,,,,,,,,,,,,,,,,,,,,,,,,,,,,,,,,,,,,,,,,,,,,,,,,,,,,,,,,,,,,,,,,,
1764665237.096650,45539,0,4383.846191,4391.794922,4502.563965,4537.05127,4394.487305,4518.461426,4538.205078,4397.307617,4573.717773,4397.94873,4488.333496,4525.769043,4569.871582,4405.512695,4390.641113,4505.897461,4550.641113,4538.717773,4514.615234,4386.794922,4389.871582,4567.307617,4516.410156,4489.871582,4382.436035,4568.589844,4383.717773,4553.717773,4510.384766,4392.563965,4505.641113,4486.666504,2860,1,25,2576,48092,,,,0,4,4,4,4,4,4,4,4,4,4,4,4,4,4,4,4,4,4,4,4,4,4,4,4,4,4,4,4,4,4,4,4,100,,,,,,,,,,,,,,,,,,,,,,,,,,,,,,,,,,,,,,,,,,,,,,,,,,,,,,,,,,,,,,,,,,,,,,,,,,,,,,,,,,,,,,,,,,,,,,,,,,,,,,,,,,,,,,,,,,,,,,,,,,,,,,,,,,,,,,,,,,,,,,,,,,,,,,,,,,,,,,,,,,,,,,,,,,,,,,,,,,,,,,,,,,,,,,,,,,,,,,,,,,,,,,
1764665237.100556,45540,0,4386.410156,4393.461426,4504.615234,4536.538574,4398.846191,4520.128418,4540.384766,4396.794922,4578.717773,4395.128418,4490.641113,4527.94873,4573.333496,4403.717773,4395.128418,4508.077148,4556.025879,4542.563965,4516.666504,4389.615234,4391.282227,4571.794922,4518.974121,4492.820313,4391.282227,4571.794922,4381.282227,4556.025879,4510,4391.282227,4504.358887,4488.333496,2752,1,25,2576,48099,,,,0,4,4,4,4,4,4,4,4,4,4,4,4,4,4,4,4,4,4,4,4,4,4,4,4,4,4,4,4,4,4,4,4,100,,,,,,,,,,,,,,,,,,,,,,,,,,,,,,,,,,,,,,,,,,,,,,,,,,,,,,,,,,,,,,,,,,,,,,,,,,,,,,,,,,,,,,,,,,,,,,,,,,,,,,,,,,,,,,,,,,,,,,,,,,,,,,,,,,,,,,,,,,,,,,,,,,,,,,,,,,,,,,,,,,,,,,,,,,,,,,,,,,,,,,,,,,,,,,,,,,,,,,,,,,,,,,
1764665237.104461,45541,0,4388.589844,4394.743652,4508.717773,4536.922852,4405,4521.410156,4543.846191,4396.410156,4584.102539,4396.922852,4492.307617,4525.769043,4578.205078,4398.717773,4396.153809,4509.615234,4557.94873,4546.153809,4517.692383,4392.94873,4393.461426,4575.512695,4522.436035,4497.563965,4398.077148,4575.897461,4379.871582,4558.333496,4510.512695,4390.897461,4504.871582,4492.436035,2789,1,25,2576,48099,,,,0,4,4,4,4,4,4,4,4,4,4,4,4,4,4,4,4,4,4,4,4,4,4,4,4,4,4,4,4,4,4,4,4,100,,,,,,,,,,,,,,,,,,,,,,,,,,,,,,,,,,,27769,0,0.2638,-0.5979,-0.73407,0.18457,0.976682,0.214382,0.042486,24.166666,26.833334,43.5,,,,,,,,,,,,,,,,,,,,,,,,,,,,,,,,,,,,,,,,,,,,,,,,,,,,,,,,,,,,,,,,,,,,,,,,,,,,,,,,,,,,,,,,,,,,,,,,,,,,,,,,,,,,,,,,,,,,,,,,,,,,,,,,,,,,,,,,,,,,,,,,,,,,,,,,,,,,,,,,
1764665237.108367,45542,0,4390,4395.384766,4511.025879,4537.179688,4409.487305,4521.794922,4546.153809,4396.153809,4586.282227,4400.512695,4491.666504,4520.384766,4581.153809,4392.179688,4392.436035,4509.230957,4555.641113,4546.666504,4516.922852,4394.743652,4395.256348,4576.794922,4524.871582,4501.153809,4401.282227,4579.487305,4380.897461,4560,4511.410156,4391.666504,4507.05127,4497.05127,2793,1,25,2576,48107,,,,0,4,4,4,4,4,4,4,4,4,4,4,4,4,4,4,4,4,4,4,4,4,4,4,4,4,4,4,4,4,4,4,4,100,,,,,,,,,,,,,,,,,,,,,,,,,,,,,,,,,,,,,,,,,,,,,,,,,,,,,,,,,,,,,,,,,,,,,,,,,,,,,,,,,,,,,,,,,,,,,,,,,,,,,,,,,,,,,,,,,,,,,,,,,,,,,,,,,,,,,,,,,,,,,,,,,,,,,,,,,,,,,,,,,,,,,,,,,,,,,,,,,,,,,,,,,,,,,,,,,,,,,,,,,,,,,,
1764665237.112273,45543,0,4390.256348,4395,4508.717773,4534.615234,4409.615234,4520.128418,4545,4395,4582.563965,4401.794922,4487.179688,4513.717773,4579.743652,4386.538574,4386.025879,4506.922852,4550.512695,4542.436035,4514.487305,4393.974121,4395.641113,4575.256348,4524.871582,4501.538574,4399.615234,4580.769043,4383.461426,4560.128418,4511.794922,4392.563965,4508.974121,4499.230957,2986,1,25,2576,48107,,,,0,4,4,4,4,4,4,4,4,4,4,4,4,4,4,4,4,4,4,4,4,4,4,4,4,4,4,4,4,4,4,4,4,100,,,,,,,,,,,,,,,,,,,,,,,,,,,,,,,,,,,,,,,,,,,,,,,,,,,,,,,,,,,,,,,,,,,,,,,,,,,,,,,,,,,,,,,,,,,,,,,,,,,,,,,,,,,,,,,,,,,,,,,,,,,,,,,,,,,,,,,,,,,,,,,,,,,,,,,,,,,,,,,,,,,,,,,,,,,,,,,,,,,,,,,,,,,,,,,,,,,,,,,,,,,,,,
1764665237.116179,45544,0,4389.487305,4394.102539,4502.563965,4528.589844,4405.641113,4516.922852,4540.897461,4393.077148,4573.974121,4398.717773,4480.641113,4508.589844,4574.358887,4383.717773,4380.641113,4503.461426,4545.641113,4535.512695,4512.179688,4390.641113,4394.615234,4572.307617,4523.205078,4498.461426,4392.563965,4579.615234,4385.384766,4558.589844,4511.538574,4392.436035,4509.871582,4498.077148,2873,1,25,2574,48115,,,,0,4,4,4,4,4,4,4,4,4,4,4,4,4,4,4,4,4,4,4,4,4,4,4,4,4,4,4,4,4,4,4,4,100,,,,,,,,,,,,,,,,,,,,,,,,,,,,,,,,,,,,,,,,,,,,,,,,,,,,,,,,,,,,,,,,,,,,,,,,,,,,,,,,,,,,,,,,,,,,,,,,,,,,,,,,,,,,,,,,,,,,,,,,,,,,,,,,,,,,,,,,,,,,,,,,,,,,,,,,,,,,,,,,,,,,,,,,,,,,,,,,,,,,,,,,,,,,,,,,,,,,,,,,,,,,,,
1764665237.120085,45545,0,4388.974121,4393.589844,4496.922852,4522.179688,4401.153809,4514.102539,4537.307617,4391.794922,4565.256348,4393.846191,4476.282227,4507.692383,4568.846191,4385.128418,4380.256348,4500.897461,4545,4530.256348,4512.05127,4387.05127,4393.333496,4571.025879,4522.307617,4494.743652,4381.794922,4577.692383,4385.897461,4556.922852,4511.025879,4391.794922,4510,4495.384766,2719,1,25,2574,48115,,,,0,4,4,4,4,4,4,4,4,4,4,4,4,4,4,4,4,4,4,4,4,4,4,4,4,4,4,4,4,4,4,4,4,100,,,,,,,,,,,,,,,,,,,,,,,,,,,,,,,,,,,27770,0,0.26397,-0.5979,-0.734009,0.18457,0.984007,0.22366,0.043951,24,30.166666,44.166668,,,,,,,,,,,,,,,,,,,,,,,,,,,,,,,,,,,,,,,,,,,,,,,,,,,,,,,,,,,,,,,,,,,,,,,,,,,,,,,,,,,,,,,,,,,,,,,,,,,,,,,,,,,,,,,,,,,,,,,,,,,,,,,,,,,,,,,,,,,,,,,,,,,,,,,,,,,,,,,,
1764665237.123990,45546,0,4390.256348,4394.358887,4496.666504,4519.871582,4399.615234,4514.615234,4537.692383,4392.563965,4562.179688,4391.538574,4477.436035,4511.282227,4567.05127,4390,4385.512695,4501.282227,4550,4530.641113,4514.487305,4386.153809,4393.333496,4573.333496,4524.102539,4493.846191,4371.794922,4577.94873,4386.025879,4556.794922,4511.282227,4392.05127,4510.769043,4494.102539,2290,1,25,2568,48123,,,,0,4,4,4,4,4,4,4,4,4,4,4,4,4,4,4,4,4,4,4,4,4,4,4,4,4,4,4,4,4,4,4,4,100,,,,,,,,,,,,,,,,,,,,,,,,,,,,,,,,,,,,,,,,,,,,,,,,,,,,,,,,,,,,,,,,,,,,,,,,,,,,,,,,,,,,,,,,,,,,,,,,,,,,,,,,,,,,,,,,,,,,,,,,,,,,,,,,,,,,,,,,,,,,,,,,,,,,,,,,,,,,,,,,,,,,,,,,,,,,,,,,,,,,,,,,,,,,,,,,,,,,,,,,,,,,,,
1764665237.127896,45547,0,4394.102539,4396.538574,4502.436035,4523.205078,4401.794922,4519.102539,4542.307617,4395.641113,4567.179688,4393.974121,4483.461426,4518.333496,4569.743652,4396.025879,4393.205078,4504.615234,4558.333496,4536.538574,4518.717773,4389.358887,4396.282227,4578.974121,4528.589844,4497.307617,4368.589844,4581.282227,4387.94873,4559.230957,4512.820313,4394.487305,4513.205078,4496.538574,2699,1,25,2568,48123,,,,0,4,4,4,4,4,4,4,4,4,4,4,4,4,4,4,4,4,4,4,4,4,4,4,4,4,4,4,4,4,4,4,4,100,,,,,,,,,,,,,,,,,,,,,,,,,,,,,,,,,,,,,,,,,,,,,,,,,,,,,,,,,,,,,,,,,,,,,,,,,,,,,,,,,,,,,,,,,,,,,,,,,,,,,,,,,,,,,,,,,,,,,,,,,,,,,,,,,,,,,,,,,,,,,,,,,,,,,,,,,,,,,,,,,,,,,,,,,,,,,,,,,,,,,,,,,,,,,,,,,,,,,,,,,,,,,,
1764665237.131802,45548,0,4399.102539,4399.615234,4511.025879,4530.641113,4406.282227,4525.512695,4548.589844,4400,4576.666504,4399.871582,4490.641113,4526.410156,4575,4400.769043,4398.974121,4508.846191,4566.025879,4544.487305,4522.436035,4395.769043,4401.922852,4586.153809,4533.846191,4503.846191,4376.282227,4586.282227,4392.94873,4563.846191,4515.128418,4398.717773,4517.307617,4502.692383,2500,1,25,2568,48131,,,,0,4,4,4,4,4,4,4,4,4,4,4,4,4,4,4,4,4,4,4,4,4,4,4,4,4,4,4,4,4,4,4,4,100,,,,,,,,,,,,,,,,,,,,,,,,,,,,,,,,,,,,,,,,,,,,,,,,,,,,,,,,,,,,,,,,,,,,,,,,,,,,,,,,,,,,,,,,,,,,,,,,,,,,,,,,,,,,,,,,,,,,,,,,,,,,,,,,,,,,,,,,,,,,,,,,,,,,,,,,,,,,,,,,,,,,,,,,,,,,,,,,,,,,,,,,,,,,,,,,,,,,,,,,,,,,,,
1764665237.135708,45549,0,4403.205078,4402.820313,4517.563965,4537.820313,4410.384766,4530.128418,4552.820313,4403.589844,4584.358887,4406.282227,4495.256348,4533.205078,4579.487305,4402.692383,4400.384766,4511.410156,4569.871582,4550,4524.102539,4402.692383,4407.94873,4592.179688,4536.794922,4510.128418,4392.436035,4590.128418,4399.615234,4568.589844,4517.692383,4402.563965,4522.307617,4509.615234,2238,1,25,2568,48131,,,,0,4,4,4,4,4,4,4,4,4,4,4,4,4,4,4,4,4,4,4,4,4,4,4,4,4,4,4,4,4,4,4,4,100,,,,,,,,,,,,,,,,,,,,,,,,,,,,,,,,,,,27771,0,0.264023,-0.597839,-0.734009,0.184692,0.97717,0.207057,0.030277,24.666666,28.333334,43.5,,,,,,,,,,,,,,,,,,,,,,,,,,,,,,,,,,,,,,,,,,,,,,,,,,,,,,,,,,,,,,,,,,,,,,,,,,,,,,,,,,,,,,,,,,,,,,,,,,,,,,,,,,,,,,,,,,,,,,,,,,,,,,,,,,,,,,,,,,,,,,,,,,,,,,,,,,,,,,,,
1764665237.139613,45550,0,4403.846191,4404.743652,4518.589844,4540.897461,4411.025879,4530.128418,4552.820313,4404.358887,4585.256348,4410.897461,4495.512695,4537.179688,4580.512695,4401.666504,4398.077148,4511.538574,4569.358887,4550.641113,4522.820313,4406.153809,4411.922852,4593.717773,4535.512695,4512.94873,4408.717773,4590.769043,4403.974121,4570.256348,4518.846191,4403.461426,4526.153809,4513.333496,2716,1,25,2567,48138,,,,0,4,4,4,4,4,4,4,4,4,4,4,4,4,4,4,4,4,4,4,4,4,4,4,4,4,4,4,4,4,4,4,4,100,,,,,,,,,,,,,,,,,,,,,,,,,,,,,,,,,,,,,,,,,,,,,,,,,,,,,,,,,,,,,,,,,,,,,,,,,,,,,,,,,,,,,,,,,,,,,,,,,,,,,,,,,,,,,,,,,,,,,,,,,,,,,,,,,,,,,,,,,,,,,,,,,,,,,,,,,,,,,,,,,,,,,,,,,,,,,,,,,,,,,,,,,,,,,,,,,,,,,,,,,,,,,,
1764665237.143519,45551,0,4401.025879,4404.230957,4514.615234,4539.230957,4407.692383,4526.538574,4549.871582,4401.922852,4580,4413.077148,4492.820313,4537.692383,4578.333496,4398.717773,4395.384766,4510,4566.025879,4547.820313,4519.487305,4404.871582,4412.307617,4589.743652,4531.153809,4511.410156,4416.025879,4588.461426,4403.077148,4567.307617,4518.077148,4401.025879,4526.794922,4511.282227,2506,1,25,2567,48138,,,,0,4,4,4,4,4,4,4,4,4,4,4,4,4,4,4,4,4,4,4,4,4,4,4,4,4,4,4,4,4,4,4,4,100,,,,,,,,,,,,,,,,,,,,,,,,,,,,,,,,,,,,,,,,,,,,,,,,,,,,,,,,,,,,,,,,,,,,,,,,,,,,,,,,,,,,,,,,,,,,,,,,,,,,,,,,,,,,,,,,,,,,,,,,,,,,,,,,,,,,,,,,,,,,,,,,,,,,,,,,,,,,,,,,,,,,,,,,,,,,,,,,,,,,,,,,,,,,,,,,,,,,,,,,,,,,,,
1764665237.147425,45552,0,4396.666504,4401.538574,4508.717773,4536.025879,4402.563965,4523.077148,4547.307617,4398.461426,4573.589844,4413.333496,4490.128418,4535.641113,4576.025879,4395.641113,4394.871582,4508.717773,4562.563965,4545.512695,4516.666504,4400.641113,4410.256348,4583.077148,4527.05127,4507.820313,4411.794922,4585.384766,4397.563965,4562.563965,4516.153809,4396.922852,4523.589844,4504.615234,2869,1,25,2566,48146,,,,0,4,4,4,4,4,4,4,4,4,4,4,4,4,4,4,4,4,4,4,4,4,4,4,4,4,4,4,4,4,4,4,4,100,,,,,,,,,,,,,,,,,,,,,,,,,,,,,,,,,,,,,,,,,,,,,,,,,,,,,,,,,,,,,,,,,,,,,,,,,,,,,,,,,,,,,,,,,,,,,,,,,,,,,,,,,,,,,,,,,,,,,,,,,,,,,,,,,,,,,,,,,,,,,,,,,,,,,,,,,,,,,,,,,,,,,,,,,,,,,,,,,,,,,,,,,,,,,,,,,,,,,,,,,,,,,,
1764665237.151331,45553,0,4393.461426,4398.461426,4504.743652,4534.615234,4399.102539,4522.820313,4547.820313,4396.794922,4570.769043,4411.922852,4489.743652,4532.436035,4576.538574,4393.846191,4396.025879,4508.846191,4560.641113,4545.897461,4516.153809,4396.922852,4408.077148,4578.333496,4526.153809,4504.871582,4401.282227,4583.589844,4391.025879,4560.256348,4514.615234,4393.974121,4518.333496,4497.307617,2929,1,25,2566,48146,,,,0,4,4,4,4,4,4,4,4,4,4,4,4,4,4,4,4,4,4,4,4,4,4,4,4,4,4,4,4,4,4,4,4,100,,,,,,,,,,,,,,,,,,,,,,,,,,,,,,,,,,,27772,0,0.263842,-0.5979,-0.734009,0.184753,0.963985,0.222195,0.050787,25.333334,28.666666,43.666668,,,,,,,,,,,,,,,,,,,,,,,,,,,,,,,,,,,,,,,,,,,,,,,,,,,,,,,,,,,,,,,,,,,,,,,,,,,,,,,,,,,,,,,,,,,,,,,,,,,,,,,,,,,,,,,,,,,,,,,,,,,,,,,,,,,,,,,,,,,,,,,,,,,,,,,,,,,,,,,,
1764665237.155237,45554,0,4391.538574,4395.769043,4503.461426,4534.487305,4398.077148,4524.487305,4550.641113,4397.563965,4571.538574,4407.94873,4490.897461,4528.205078,4579.102539,4392.436035,4395.641113,4509.358887,4559.487305,4547.179688,4517.94873,4395.256348,4406.538574,4577.436035,4527.05127,4503.589844,4391.922852,4582.820313,4386.538574,4561.153809,4513.461426,4392.563965,4513.461426,4492.820313,1764,1,25,2565,48154,,,,0,4,4,4,4,4,4,4,4,4,4,4,4,4,4,4,4,4,4,4,4,4,4,4,4,4,4,4,4,4,4,4,4,100,,,,,,,,,,,,,,,,,,,,,,,,,,,,,,,,,,,,,,,,,,,,,,,,,,,,,,,,,,,,,,,,,,,,,,,,,,,,,,,,,,,,,,,,,,,,,,,,,,,,,,,,,,,,,,,,,,,,,,,,,,,,,,,,,,,,,,,,,,,,,,,,,,,,,,,,,,,,,,,,,,,,,,,,,,,,,,,,,,,,,,,,,,,,,,,,,,,,,,,,,,,,,,
1764665237.159142,45555,0,4388.461426,4391.922852,4502.05127,4531.666504,4396.666504,4522.820313,4551.538574,4397.692383,4571.410156,4401.025879,4489.487305,4521.794922,4579.871582,4389.871582,4391.538574,4507.692383,4555.897461,4544.487305,4519.487305,4393.717773,4403.461426,4577.179688,4525.128418,4501.666504,4387.436035,4581.025879,4383.717773,4561.410156,4511.025879,4389.743652,4509.743652,4491.153809,2959,1,25,2565,48154,,,,0,4,4,4,4,4,4,4,4,4,4,4,4,4,4,4,4,4,4,4,4,4,4,4,4,4,4,4,4,4,4,4,4,100,,,,,,,,,,,,,,,,,,,,,,,,,,,,,,,,,,,,,,,,,,,,,,,,,,,,,,,,,,,,,,,,,,,,,,,,,,,,,,,,,,,,,,,,,,,,,,,,,,,,,,,,,,,,,,,,,,,,,,,,,,,,,,,,,,,,,,,,,,,,,,,,,,,,,,,,,,,,,,,,,,,,,,,,,,,,,,,,,,,,,,,,,,,,,,,,,,,,,,,,,,,,,,
1764665237.163048,45556,0,4381.666504,4385.384766,4496.794922,4522.94873,4391.666504,4513.846191,4545.897461,4393.717773,4565.769043,4392.94873,4482.820313,4512.436035,4574.615234,4385.512695,4384.102539,4502.307617,4547.436035,4535.512695,4517.436035,4389.487305,4396.666504,4572.692383,4516.538574,4496.538574,4385.897461,4576.025879,4379.615234,4556.282227,4505.128418,4383.333496,4506.025879,4489.743652,2523,1,25,2566,48162,,,,0,4,4,4,4,4,4,4,4,4,4,4,4,4,4,4,4,4,4,4,4,4,4,4,4,4,4,4,4,4,4,4,4,100,,,,,,,,,,,,,,,,,,,,,,,,,,,,,,,,,,,,,,,,,,,,,,,,,,,,,,,,,,,,,,,,,,,,,,,,,,,,,,,,,,,,,,,,,,,,,,,,,,,,,,,,,,,,,,,,,,,,,,,,,,,,,,,,,,,,,,,,,,,,,,,,,,,,,,,,,,,,,,,,,,,,,,,,,,,,,,,,,,,,,,,,,,,,,,,,,,,,,,,,,,,,,,
1764665237.166954,45557,0,4372.179688,4377.179688,4487.692383,4511.025879,4383.333496,4499.615234,4534.230957,4385.384766,4555.769043,4386.794922,4472.820313,4502.820313,4564.358887,4381.153809,4377.05127,4494.102539,4535.384766,4523.205078,4511.282227,4382.820313,4387.692383,4563.461426,4503.717773,4488.205078,4384.358887,4568.333496,4373.205078,4545.641113,4497.05127,4374.358887,4501.794922,4487.307617,2824,1,25,2566,48162,,,,0,4,4,4,4,4,4,4,4,4,4,4,4,4,4,4,4,4,4,4,4,4,4,4,4,4,4,4,4,4,4,4,4,100,,,,,,,,,,,,,,,,,,,,,,,,,,,,,,,,,,,27773,0,0.264023,-0.597839,-0.734009,0.184692,0.969845,0.209987,0.048346,23.833334,30,43.833332,,,,,,,,,,,,,,,,,,,,,,,,,,,,,,,,,,,,,,,,,,,,,,,,,,,,,,,,,,,,,,,,,,,,,,,,,,,,,,,,,,,,,,,,,,,,,,,,,,,,,,,,,,,,,,,,,,,,,,,,,,,,,,,,,,,,,,,,,,,,,,,,,,,,,,,,,,,,,,,,
1764665237.170860,45558,0,4365.512695,4371.538574,4480.512695,4504.102539,4376.666504,4487.94873,4523.333496,4377.692383,4548.846191,4385,4466.282227,4498.077148,4554.743652,4380.384766,4375.256348,4487.94873,4526.025879,4515.384766,4504.615234,4378.077148,4381.282227,4554.487305,4494.230957,4481.410156,4382.820313,4562.692383,4367.307617,4535.641113,4490.897461,4367.94873,4498.974121,4485.384766,2932,1,25,2567,48170,,,,0,4,4,4,4,4,4,4,4,4,4,4,4,4,4,4,4,4,4,4,4,4,4,4,4,4,4,4,4,4,4,4,4,100,,,,,,,,,,,,,,,,,,,,,,,,,,,,,,,,,,,,,,,,,,,,,,,,,,,,,,,,,,,,,,,,,,,,,,,,,,,,,,,,,,,,,,,,,,,,,,,,,,,,,,,,,,,,,,,,,,,,,,,,,,,,,,,,,,,,,,,,,,,,,,,,,,,,,,,,,,,,,,,,,,,,,,,,,,,,,,,,,,,,,,,,,,,,,,,,,,,,,,,,,,,,,,
1764665237.174765,45559,0,4366.538574,4372.436035,4481.666504,4508.589844,4376.666504,4486.282227,4521.025879,4376.538574,4552.436035,4387.05127,4468.974121,4501.538574,4552.436035,4385,4381.282227,4488.717773,4525.512695,4518.589844,4502.692383,4379.615234,4382.179688,4552.820313,4494.743652,4481.153809,4383.589844,4563.974121,4366.666504,4533.077148,4491.153809,4368.846191,4500.512695,4486.282227,2842,1,25,2567,48170,,,,0,4,4,4,4,4,4,4,4,4,4,4,4,4,4,4,4,4,4,4,4,4,4,4,4,4,4,4,4,4,4,4,4,100,,,,,,,,,,,,,,,,,,,,,,,,,,,,,,,,,,,,,,,,,,,,,,,,,,,,,,,,,,,,,,,,,,,,,,,,,,,,,,,,,,,,,,,,,,,,,,,,,,,,,,,,,,,,,,,,,,,,,,,,,,,,,,,,,,,,,,,,,,,,,,,,,,,,,,,,,,,,,,,,,,,,,,,,,,,,,,,,,,,,,,,,,,,,,,,,,,,,,,,,,,,,,,
1764665237.178671,45560,1,4367.436035,4373.32666,4482.719238,4508.853027,4377.321289,4487.928711,4521.747559,4376.646484,4553.34668,4386.977051,4469.197266,4501.65332,4553.097168,4384.952637,4381.585938,4489.520996,4526.362793,4519.770508,4503.528809,4380.614258,4382.941895,4554.008301,4495.830078,4482.179688,4385.283203,4565.425293,4367.746094,4534.311523,4491.707031,4370.283203,4501.794922,4487.388672,0,1,25,0,0,,,,0,4,4,4,4,4,4,4,4,4,4,4,4,4,4,4,4,4,4,4,4,4,4,4,4,4,4,4,4,4,4,4,4,100,,,,,,,,,,,,,,,,,,,,,,,,,,,,,,,,,,,,,,,,,,,,,,,,,,,,,,,,,,,,,,,,,,,,,,,,,,,,,,,,,,,,,,,,,,,,,,,,,,,,,,,,,,,,,,,,,,,,,,,,,,,,,,,,,,,,,,,,,,,,,,,,,,,,,,,,,,,,,,,,,,,,,,,,,,,,,,,,,,,,,,,,,,,,,,,,,,,,,,,,,,,,,,
1764665237.182577,45561,1,4368.333496,4374.217285,4483.771973,4509.116211,4377.975586,4489.574707,4522.469727,4376.754395,4554.257813,4386.902832,4469.419922,4501.768066,4553.758301,4384.905762,4381.88916,4490.32373,4527.213379,4520.95166,4504.365723,4381.612793,4383.70459,4555.195801,4496.916504,4483.205078,4386.977051,4566.875977,4368.825684,4535.546387,4492.260254,4371.720703,4503.077148,4488.495117,0,1,25,0,0,,,,0,4,4,4,4,4,4,4,4,4,4,4,4,4,4,4,4,4,4,4,4,4,4,4,4,4,4,4,4,4,4,4,4,100,,,,,,,,,,,,,,,,,,,,,,,,,,,,,,,,,,,,,,,,,,,,,,,,,,,,,,,,,,,,,,,,,,,,,,,,,,,,,,,,,,,,,,,,,,,,,,,,,,,,,,,,,,,,,,,,,,,,,,,,,,,,,,,,,,,,,,,,,,,,,,,,,,,,,,,,,,,,,,,,,,,,,,,,,,,,,,,,,,,,,,,,,,,,,,,,,,,,,,,,,,,,,,
1764665237.186483,45562,1,4369.230957,4375.10791,4484.824707,4509.379395,4378.630371,4491.221191,4523.191406,4376.862305,4555.168457,4386.828613,4469.642578,4501.882813,4554.419922,4384.858398,4382.192871,4491.126953,4528.063477,4522.132324,4505.202637,4382.611328,4384.466797,4556.383301,4498.00293,4484.230957,4388.670898,4568.32666,4369.905762,4536.78125,4492.813965,4373.157715,4504.358887,4489.602051,0,1,25,0,0,,,,0,4,4,4,4,4,4,4,4,4,4,4,4,4,4,4,4,4,4,4,4,4,4,4,4,4,4,4,4,4,4,4,4,100,0.980469,100,4,4,4,4,4,4,4,4,4,4,4,4,4,4,4,4,4,4,4,4,4,4,4,4,4,4,4,4,4,4,4,4,,,,,,,,,,,,,1.783428,1.511798,0.484761,1.152191,0.710108,4.218276,2.534358,0.850518,1.302624,0.970135,4.271363,1.977646,1.156283,1.494225,0.985854,3.368569,2.142379,0.831574,1.244557,0.75864,2.864955,2.372244,0.865956,1.39413,0.836367,3.455999,2.139977,0.612277,1.091648,0.641153,2.973217,0.965337,0.498449,1.240741,0.872969,2.326729,1.502419,0.602596,1.339193,0.841754,1.286493,0.749324,0.224237,1.034943,0.954658,1.804383,1.024113,1.066183,1.491831,1.277048,1.66255,0.234299,0.539385,0.924192,0.648444,1.664752,1.415571,0.535142,1.192439,0.757023,1.007652,1.183462,0.748667,1.121689,0.74895,0.770476,0.851334,0.231409,0.612943,0.62658,0.300866,1.166663,0.569604,0.651917,0.973698,0.975461,2.102732,0.431489,0.684065,0.710471,1.389116,2.266787,0.992343,1.313073,0.959189,0.547297,1.966287,0.641403,1.112773,0.892144,0.48448,1.245111,0.667048,0.75815,0.549619,0.487041,1.676674,1.017315,0.849144,0.722179,0.790842,1.307863,1.274145,1.066098,0.662551,0.933624,2.601233,1.165287,1.188265,0.872825,1.224418,2.264855,0.765014,0.893269,0.637179,1.563181,2.411428,0.959339,1.19733,0.791776,1.490357,1.798403,2.847897,2.808734,1.250043,1.458279,1.001136,1.060001,1.163168,0.784785,2.138845,1.733444,1.373446,1.555664,0.904361,1.713091,1.855489,1.245971,1.362519,0.818543,1.610481,0.940237,0.363871,0.61996,0.458182,2.836249,1.609625,1.081169,1.022138,0.87539,2.161223,1.6061,1.28273,1.123437,0.818712,3.230275,1.159886,0.938685,1.246576,0.907097
1764665237.190389,45563,1,4370.128418,4375.998535,4485.876953,4509.642578,4379.284668,4492.867676,4523.913574,4376.970215,4556.07959,4386.754395,4469.865234,4501.99707,4555.081055,4384.811035,4382.496582,4491.929688,4528.913574,4523.312988,4506.039063,4383.609863,4385.229492,4557.570801,4499.088867,4485.256348,4390.364258,4569.777344,4370.985352,4538.016113,4493.367188,4374.595215,4505.641113,4490.708496,0,1,25,0,0,,,,0,4,4,4,4,4,4,4,4,4,4,4,4,4,4,4,4,4,4,4,4,4,4,4,4,4,4,4,4,4,4,4,4,100,,,,,,,,,,,,,,,,,,,,,,,,,,,,,,,,,,,,,,,,,,,,,,,,,,,,,,,,,,,,,,,,,,,,,,,,,,,,,,,,,,,,,,,,,,,,,,,,,,,,,,,,,,,,,,,,,,,,,,,,,,,,,,,,,,,,,,,,,,,,,,,,,,,,,,,,,,,,,,,,,,,,,,,,,,,,,,,,,,,,,,,,,,,,,,,,,,,,,,,,,,,,,,
1764665237.194294,45564,1,4371.025879,4376.88916,4486.929688,4509.905762,4379.939453,4494.51416,4524.635742,4377.078125,4556.990723,4386.680176,4470.087891,4502.111816,4555.742188,4384.763672,4382.800293,4492.73291,4529.763672,4524.494141,4506.875977,4384.608398,4385.991699,4558.758301,4500.175293,4486.282227,4392.058105,4571.228027,4372.064941,4539.250977,4493.92041,4376.032227,4506.922852,4491.814941,0,1,25,0,0,,,,0,4,4,4,4,4,4,4,4,4,4,4,4,4,4,4,4,4,4,4,4,4,4,4,4,4,4,4,4,4,4,4,4,100,,,,,,,,,,,,,,,,,,,,,,,,,,,,,,,,,,,,,,,,,,,,,,,,,,,,,,,,,,,,,,,,,,,,,,,,,,,,,,,,,,,,,,,,,,,,,,,,,,,,,,,,,,,,,,,,,,,,,,,,,,,,,,,,,,,,,,,,,,,,,,,,,,,,,,,,,,,,,,,,,,,,,,,,,,,,,,,,,,,,,,,,,,,,,,,,,,,,,,,,,,,,,,
1764665237.198200,45565,1,4371.922852,4377.779785,4487.982422,4510.168457,4380.59375,4496.160645,4525.357422,4377.186035,4557.901367,4386.605957,4470.310547,4502.226563,4556.40332,4384.716797,4383.104004,4493.535645,4530.614258,4525.674805,4507.712402,4385.607422,4386.754395,4559.945801,4501.261719,4487.307617,4393.751465,4572.678711,4373.144531,4540.48584,4494.473633,4377.469727,4508.205078,4492.921875,0,1,25,0,0,,,,0,4,4,4,4,4,4,4,4,4,4,4,4,4,4,4,4,4,4,4,4,4,4,4,4,4,4,4,4,4,4,4,4,100,,,,,,,,,,,,,,,,,,,,,,,,,,,,,,,,,,,,,,,,,,,,,,,,,,,,,,,,,,,,,,,,,,,,,,,,,,,,,,,,,,,,,,,,,,,,,,,,,,,,,,,,,,,,,,,,,,,,,,,,,,,,,,,,,,,,,,,,,,,,,,,,,,,,,,,,,,,,,,,,,,,,,,,,,,,,,,,,,,,,,,,,,,,,,,,,,,,,,,,,,,,,,,
1764665237.202106,45566,1,4372.820313,4378.670898,4489.035156,4510.431641,4381.248535,4497.807129,4526.07959,4377.294434,4558.8125,4386.531738,4470.533203,4502.341309,4557.064941,4384.669434,4383.407715,4494.338867,4531.464355,4526.855469,4508.549316,4386.605957,4387.51709,4561.133789,4502.348145,4488.333496,4395.445313,4574.129395,4374.224121,4541.720703,4495.026855,4378.906738,4509.487305,4494.02832,0,1,25,0,0,,,,0,4,4,4,4,4,4,4,4,4,4,4,4,4,4,4,4,4,4,4,4,4,4,4,4,4,4,4,4,4,4,4,4,100,,,,,,,,,,,,,,,,,,,,,,,,,,,,,,,,,,,,,,,,,,,,,,,,,,,,,,,,,,,,,,,,,,,,,,,,,,,,,,,,,,,,,,,,,,,,,,,,,,,,,,,,,,,,,,,,,,,,,,,,,,,,,,,,,,,,,,,,,,,,,,,,,,,,,,,,,,,,,,,,,,,,,,,,,,,,,,,,,,,,,,,,,,,,,,,,,,,,,,,,,,,,,,
1764665237.206012,45567,1,4373.717773,4379.561523,4490.087891,4510.694824,4381.902832,4499.453613,4526.801758,4377.402344,4559.723145,4386.45752,4470.755859,4502.456055,4557.726074,4384.62207,4383.711426,4495.141602,4532.314453,4528.036621,4509.385742,4387.604492,4388.279297,4562.321289,4503.43457,4489.358887,4397.13916,4575.580078,4375.303711,4542.955566,4495.580078,4380.344238,4510.769043,4495.134766,0,1,25,0,0,,,,0,4,4,4,4,4,4,4,4,4,4,4,4,4,4,4,4,4,4,4,4,4,4,4,4,4,4,4,4,4,4,4,4,100,,,,,,,,,,,,,,,,,,,,,,,,,,,,,,,,,,,,,,,,,,,,,,,,,,,,,,,,,,,,,,,,,,,,,,,,,,,,,,,,,,,,,,,,,,,,,,,,,,,,,,,,,,,,,,,,,,,,,,,,,,,,,,,,,,,,,,,,,,,,,,,,,,,,,,,,,,,,,,,,,,,,,,,,,,,,,,,,,,,,,,,,,,,,,,,,,,,,,,,,,,,,,,
1764665237.209917,45568,1,4374.615234,4380.452148,4491.140137,4510.958008,4382.557129,4501.100098,4527.523438,4377.510254,4560.634277,4386.383301,4470.978516,4502.570801,4558.387207,4384.574707,4384.014648,4495.944824,4533.164551,4529.217285,4510.222656,4388.603027,4389.041992,4563.508789,4504.520996,4490.384766,4398.83252,4577.03125,4376.383301,4544.19043,4496.133789,4381.78125,4512.05127,4496.241699,2757,1,25,0,0,,,,0,4,4,4,4,4,4,4,4,4,4,4,4,4,4,4,4,4,4,4,4,4,4,4,4,4,4,4,4,4,4,4,4,100,,,,,,,,,,,,,,,,,,,,,,,,,,,,,,,,,,,,,,,,,,,,,,,,,,,,,,,,,,,,,,,,,,,,,,,,,,,,,,,,,,,,,,,,,,,,,,,,,,,,,,,,,,,,,,,,,,,,,,,,,,,,,,,,,,,,,,,,,,,,,,,,,,,,,,,,,,,,,,,,,,,,,,,,,,,,,,,,,,,,,,,,,,,,,,,,,,,,,,,,,,,,,,
1764665237.213823,45569,1,4375.512695,4381.342773,4492.192871,4511.221191,4383.211914,4502.746094,4528.245605,4377.618164,4561.54541,4386.309082,4471.201172,4502.685547,4559.04834,4384.527832,4384.318359,4496.747559,4534.014648,4530.397949,4511.05957,4389.602051,4389.804199,4564.696289,4505.607422,4491.410156,4400.526367,4578.481934,4377.462891,4545.425293,4496.687012,4383.21875,4513.333496,4497.348145,2915,1,25,0,0,,,,0,4,4,4,4,4,4,4,4,4,4,4,4,4,4,4,4,4,4,4,4,4,4,4,4,4,4,4,4,4,4,4,4,100,,,,,,,,,,,,,,,,,,,,,,,,,,,,,,,,,,,,,,,,,,,,,,,,,,,,,,,,,,,,,,,,,,,,,,,,,,,,,,,,,,,,,,,,,,,,,,,,,,,,,,,,,,,,,,,,,,,,,,,,,,,,,,,,,,,,,,,,,,,,,,,,,,,,,,,,,,,,,,,,,,,,,,,,,,,,,,,,,,,,,,,,,,,,,,,,,,,,,,,,,,,,,,
1764665237.217729,45570,1,4376.410156,4382.233398,4493.245605,4511.484375,4383.866211,4504.392578,4528.967773,4377.726074,4562.456055,4386.234863,4471.423828,4502.800293,4559.709961,4384.480469,4384.62207,4497.550781,4534.865234,4531.579102,4511.895996,4390.600586,4390.566895,4565.883789,4506.693848,4492.436035,4402.220215,4579.932617,4378.54248,4546.660156,4497.240234,4384.655762,4514.615234,4498.45459,2597,1,25,0,0,,,,0,4,4,4,4,4,4,4,4,4,4,4,4,4,4,4,4,4,4,4,4,4,4,4,4,4,4,4,4,4,4,4,4,100,,,,,,,,,,,,,,,,,,,,,,,,,,,,,,,,,,,,,,,,,,,,,,,,,,,,,,,,,,,,,,,,,,,,,,,,,,,,,,,,,,,,,,,,,,,,,,,,,,,,,,,,,,,,,,,,,,,,,,,,,,,,,,,,,,,,,,,,,,,,,,,,,,,,,,,,,,,,,,,,,,,,,,,,,,,,,,,,,,,,,,,,,,,,,,,,,,,,,,,,,,,,,,
1764665237.221635,45571,1,4377.307617,4383.124023,4494.29834,4511.747559,4384.520996,4506.039063,4529.689453,4377.833984,4563.367188,4386.160645,4471.646484,4502.915039,4560.371094,4384.433105,4384.925781,4498.353516,4535.715332,4532.759766,4512.73291,4391.599121,4391.329102,4567.071289,4507.779785,4493.461426,4403.913574,4581.383301,4379.62207,4547.894531,4497.793457,4386.093262,4515.897461,4499.561523,2857,1,25,0,0,,,,0,4,4,4,4,4,4,4,4,4,4,4,4,4,4,4,4,4,4,4,4,4,4,4,4,4,4,4,4,4,4,4,4,100,,,,,,,,,,,,,,,,,,,,,,,,,,,,,,,,,,,,,,,,,,,,,,,,,,,,,,,,,,,,,,,,,,,,,,,,,,,,,,,,,,,,,,,,,,,,,,,,,,,,,,,,,,,,,,,,,,,,,,,,,,,,,,,,,,,,,,,,,,,,,,,,,,,,,,,,,,,,,,,,,,,,,,,,,,,,,,,,,,,,,,,,,,,,,,,,,,,,,,,,,,,,,,
1764665237.225540,45572,1,4378.205078,4384.014648,4495.351074,4512.010742,4385.175293,4507.685547,4530.411621,4377.941895,4564.277832,4386.086426,4471.869141,4503.029785,4561.032227,4384.385742,4385.229492,4499.156738,4536.56543,4533.94043,4513.569336,4392.597656,4392.091797,4568.259277,4508.866211,4494.487305,4405.607422,4582.833984,4380.70166,4549.129395,4498.34668,4387.530273,4517.179688,4500.667969,2750,1,25,0,0,,,,0,4,4,4,4,4,4,4,4,4,4,4,4,4,4,4,4,4,4,4,4,4,4,4,4,4,4,4,4,4,4,4,4,100,,,,,,,,,,,,,,,,,,,,,,,,,,,,,,,,,,,,,,,,,,,,,,,,,,,,,,,,,,,,,,,,,,,,,,,,,,,,,,,,,,,,,,,,,,,,,,,,,,,,,,,,,,,,,,,,,,,,,,,,,,,,,,,,,,,,,,,,,,,,,,,,,,,,,,,,,,,,,,,,,,,,,,,,,,,,,,,,,,,,,,,,,,,,,,,,,,,,,,,,,,,,,,
1764665237.229446,45573,1,4379.102539,4384.905762,4496.40332,4512.273926,4385.830078,4509.332031,4531.133789,4378.049805,4565.188965,4386.012207,4472.091797,4503.144531,4561.693848,4384.338867,4385.533203,4499.959473,4537.415527,4535.121582,4514.40625,4393.59668,4392.854492,4569.446777,4509.952637,4495.512695,4407.300781,4584.284668,4381.78125,4550.364258,4498.899902,4388.967773,4518.461426,4501.774414,2783,1,25,0,0,,,,0,4,4,4,4,4,4,4,4,4,4,4,4,4,4,4,4,4,4,4,4,4,4,4,4,4,4,4,4,4,4,4,4,100,,,,,,,,,,,,,,,,,,,,,,,,,,,,,,,,,,,,,,,,,,,,,,,,,,,,,,,,,,,,,,,,,,,,,,,,,,,,,,,,,,,,,,,,,,,,,,,,,,,,,,,,,,,,,,,,,,,,,,,,,,,,,,,,,,,,,,,,,,,,,,,,,,,,,,,,,,,,,,,,,,,,,,,,,,,,,,,,,,,,,,,,,,,,,,,,,,,,,,,,,,,,,,
1764665237.233352,45574,1,4380,4385.796387,4497.456055,4512.537109,4386.484375,4510.978516,4531.855469,4378.157715,4566.100098,4385.937988,4472.314453,4503.259277,4562.35498,4384.291504,4385.836914,4500.762695,4538.265625,4536.302246,4515.242676,4394.595215,4393.616699,4570.634277,4511.039063,4496.538574,4408.994629,4585.735352,4382.86084,4551.599121,4499.453613,4390.404785,4519.743652,4502.881348,2795,1,25,0,0,,,,0,4,4,4,4,4,4,4,4,4,4,4,4,4,4,4,4,4,4,4,4,4,4,4,4,4,4,4,4,4,4,4,4,100,,,,,,,,,,,,,,,,,,,,,,,,,,,,,,,,,,,,,,,,,,,,,,,,,,,,,,,,,,,,,,,,,,,,,,,,,,,,,,,,,,,,,,,,,,,,,,,,,,,,,,,,,,,,,,,,,,,,,,,,,,,,,,,,,,,,,,,,,,,,,,,,,,,,,,,,,,,,,,,,,,,,,,,,,,,,,,,,,,,,,,,,,,,,,,,,,,,,,,,,,,,,,,
1764665237.237258,45575,1,4380.897461,4386.687012,4498.508789,4512.800293,4387.13916,4512.625,4532.577637,4378.265625,4567.010742,4385.86377,4472.537109,4503.374023,4563.016113,4384.244141,4386.140137,4501.56543,4539.116211,4537.48291,4516.07959,4395.59375,4394.379395,4571.821777,4512.125488,4497.563965,4410.688477,4587.186035,4383.94043,4552.833984,4500.006836,4391.842285,4521.025879,4503.987793,2979,1,25,0,0,,,,0,4,4,4,4,4,4,4,4,4,4,4,4,4,4,4,4,4,4,4,4,4,4,4,4,4,4,4,4,4,4,4,4,100,,,,,,,,,,,,,,,,,,,,,,,,,,,,,,,,,,,,,,,,,,,,,,,,,,,,,,,,,,,,,,,,,,,,,,,,,,,,,,,,,,,,,,,,,,,,,,,,,,,,,,,,,,,,,,,,,,,,,,,,,,,,,,,,,,,,,,,,,,,,,,,,,,,,,,,,,,,,,,,,,,,,,,,,,,,,,,,,,,,,,,,,,,,,,,,,,,,,,,,,,,,,,,
1764665237.241164,45576,1,4381.794922,4387.577637,4499.561523,4513.063477,4387.793457,4514.271484,4533.299805,4378.374023,4567.921875,4385.789551,4472.759766,4503.48877,4563.677246,4384.197266,4386.443848,4502.368652,4539.966309,4538.664063,4516.916504,4396.592285,4395.141602,4573.009277,4513.211914,4498.589844,4412.381836,4588.637207,4385.02002,4554.068848,4500.560059,4393.279297,4522.307617,4505.094238,2861,1,25,0,0,,,,0,4,4,4,4,4,4,4,4,4,4,4,4,4,4,4,4,4,4,4,4,4,4,4,4,4,4,4,4,4,4,4,4,100,,,,,,,,,,,,,,,,,,,,,,,,,,,,,,,,,,,,,,,,,,,,,,,,,,,,,,,,,,,,,,,,,,,,,,,,,,,,,,,,,,,,,,,,,,,,,,,,,,,,,,,,,,,,,,,,,,,,,,,,,,,,,,,,,,,,,,,,,,,,,,,,,,,,,,,,,,,,,,,,,,,,,,,,,,,,,,,,,,,,,,,,,,,,,,,,,,,,,,,,,,,,,,
1764665237.245069,45577,1,4382.692383,4388.468262,4500.614258,4513.32666,4388.448242,4515.91748,4534.021484,4378.481934,4568.83252,4385.715332,4472.982422,4503.603027,4564.338867,4384.149902,4386.747559,4503.171387,4540.816406,4539.844727,4517.75293,4397.591309,4395.904297,4574.197266,4514.29834,4499.615234,4414.075684,4590.087891,4386.100098,4555.303711,4501.113281,4394.716797,4523.589844,4506.201172,2711,1,25,0,0,,,,0,4,4,4,4,4,4,4,4,4,4,4,4,4,4,4,4,4,4,4,4,4,4,4,4,4,4,4,4,4,4,4,4,100,,,,,,,,,,,,,,,,,,,,,,,,,,,,,,,,,,,,,,,,,,,,,,,,,,,,,,,,,,,,,,,,,,,,,,,,,,,,,,,,,,,,,,,,,,,,,,,,,,,,,,,,,,,,,,,,,,,,,,,,,,,,,,,,,,,,,,,,,,,,,,,,,,,,,,,,,,,,,,,,,,,,,,,,,,,,,,,,,,,,,,,,,,,,,,,,,,,,,,,,,,,,,,
1764665237.248975,45578,0,4383.589844,4389.358887,4501.666504,4513.589844,4389.102539,4517.563965,4534.743652,4378.589844,4569.743652,4385.641113,4473.205078,4503.717773,4565,4384.102539,4387.05127,4503.974121,4541.666504,4541.025879,4518.589844,4398.589844,4396.666504,4575.384766,4515.384766,4500.641113,4415.769043,4591.538574,4387.179688,4556.538574,4501.666504,4396.153809,4524.871582,4507.307617,2290,1,25,2569,48248,,,,0,4,4,4,4,4,4,4,4,4,4,4,4,4,4,4,4,4,4,4,4,4,4,4,4,4,4,4,4,4,4,4,4,100,,,,,,,,,,,,,,,,,,,,,,,,,,,,,,,,,,,,,,,,,,,,,,,,,,,,,,,,,,,,,,,,,,,,,,,,,,,,,,,,,,,,,,,,,,,,,,,,,,,,,,,,,,,,,,,,,,,,,,,,,,,,,,,,,,,,,,,,,,,,,,,,,,,,,,,,,,,,,,,,,,,,,,,,,,,,,,,,,,,,,,,,,,,,,,,,,,,,,,,,,,,,,,
1764665237.252881,45579,0,4385.641113,4392.94873,4506.922852,4520.512695,4397.692383,4520.641113,4536.153809,4386.666504,4575.897461,4392.563965,4475.128418,4505.897461,4567.692383,4385.384766,4386.538574,4502.94873,4543.846191,4542.436035,4518.717773,4402.436035,4400.641113,4578.205078,4520.512695,4502.692383,4413.846191,4595.128418,4391.153809,4561.794922,4506.153809,4398.205078,4527.94873,4513.205078,2699,1,25,2569,48248,,,,0,4,4,4,4,4,4,4,4,4,4,4,4,4,4,4,4,4,4,4,4,4,4,4,4,4,4,4,4,4,4,4,4,100,,,,,,,,,,,,,,,,,,,,,,,,,,,,,,,,,,,,,,,,,,,,,,,,,,,,,,,,,,,,,,,,,,,,,,,,,,,,,,,,,,,,,,,,,,,,,,,,,,,,,,,,,,,,,,,,,,,,,,,,,,,,,,,,,,,,,,,,,,,,,,,,,,,,,,,,,,,,,,,,,,,,,,,,,,,,,,,,,,,,,,,,,,,,,,,,,,,,,,,,,,,,,,
1764665237.256787,45580,0,4389.743652,4399.871582,4515.897461,4531.666504,4408.974121,4525.256348,4540,4397.94873,4584.230957,4403.589844,4483.077148,4512.307617,4573.974121,4390.512695,4392.05127,4505.512695,4549.358887,4545.769043,4520.256348,4406.794922,4406.666504,4583.846191,4525.641113,4504.615234,4402.692383,4601.282227,4397.94873,4568.461426,4511.666504,4402.179688,4532.692383,4520.384766,2502,1,25,2570,48256,,,,0,4,4,4,4,4,4,4,4,4,4,4,4,4,4,4,4,4,4,4,4,4,4,4,4,4,4,4,4,4,4,4,4,100,,,,,,,,,,,,,,,,,,,,,,,,,,,,,,,,,,,,,,,,,,,,,,,,,,,,,,,,,,,,,,,,,,,,,,,,,,,,,,,,,,,,,,,,,,,,,,,,,,,,,,,,,,,,,,,,,,,,,,,,,,,,,,,,,,,,,,,,,,,,,,,,,,,,,,,,,,,,,,,,,,,,,,,,,,,,,,,,,,,,,,,,,,,,,,,,,,,,,,,,,,,,,,
1764665237.260692,45581,0,4391.410156,4404.358887,4522.563965,4539.487305,4415.384766,4527.179688,4542.692383,4405,4589.102539,4411.922852,4490.641113,4516.282227,4578.077148,4395.641113,4398.205078,4507.820313,4552.563965,4546.153809,4520.641113,4407.820313,4410,4587.563965,4526.282227,4503.333496,4388.461426,4604.358887,4401.538574,4571.025879,4513.717773,4404.487305,4533.589844,4523.077148,2240,1,25,2570,48256,,,,0,4,4,4,4,4,4,4,4,4,4,4,4,4,4,4,4,4,4,4,4,4,4,4,4,4,4,4,4,4,4,4,4,100,,,,,,,,,,,,,,,,,,,,,,,,,,,,,,,,,,,27779,0,0.26434,-0.597717,-0.733948,0.184875,0.973263,0.212428,0.048346,23.833334,29.166666,43.833332,,,,,,,,,,,,,,,,,,,,,,,,,,,,,,,,,,,,,,,,,,,,,,,,,,,,,,,,,,,,,,,,,,,,,,,,,,,,,,,,,,,,,,,,,,,,,,,,,,,,,,,,,,,,,,,,,,,,,,,,,,,,,,,,,,,,,,,,,,,,,,,,,,,,,,,,,,,,,,,,
1764665237.264598,45582,1,4391.922852,4404.444336,4522.521484,4539.333496,4414.812012,4526.897461,4542.914551,4404.529785,4588.615234,4412.341797,4491.273438,4516.812012,4578.03418,4395.897461,4397.94873,4508.111328,4552.717773,4545.777832,4520.692383,4407.111328,4409.683594,4586.957031,4525.96582,4503.606934,4390.222168,4603.939941,4401.96582,4571.025879,4513.794922,4405.196777,4534,4523.01709,2702,1,25,0,0,,,,0,4,4,4,4,4,4,4,4,4,4,4,4,4,4,4,4,4,4,4,4,4,4,4,4,4,4,4,4,4,4,4,4,100,,,,,,,,,,,,,,,,,,,,,,,,,,,,,,,,,,,,,,,,,,,,,,,,,,,,,,,,,,,,,,,,,,,,,,,,,,,,,,,,,,,,,,,,,,,,,,,,,,,,,,,,,,,,,,,,,,,,,,,,,,,,,,,,,,,,,,,,,,,,,,,,,,,,,,,,,,,,,,,,,,,,,,,,,,,,,,,,,,,,,,,,,,,,,,,,,,,,,,,,,,,,,,
1764665237.268504,45583,1,4392.436035,4404.529785,4522.478516,4539.179688,4414.239258,4526.615234,4543.136719,4404.060059,4588.128418,4412.760742,4491.905762,4517.341797,4577.991211,4396.153809,4397.692383,4508.401855,4552.871582,4545.401855,4520.743652,4406.401855,4409.367676,4586.350586,4525.649414,4503.880371,4391.98291,4603.521484,4402.393066,4571.025879,4513.871582,4405.905762,4534.410156,4522.957031,2499,1,25,0,0,,,,0,4,4,4,4,4,4,4,4,4,4,4,4,4,4,4,4,4,4,4,4,4,4,4,4,4,4,4,4,4,4,4,4,100,,,,,,,,,,,,,,,,,,,,,,,,,,,,,,,,,,,,,,,,,,,,,,,,,,,,,,,,,,,,,,,,,,,,,,,,,,,,,,,,,,,,,,,,,,,,,,,,,,,,,,,,,,,,,,,,,,,,,,,,,,,,,,,,,,,,,,,,,,,,,,,,,,,,,,,,,,,,,,,,,,,,,,,,,,,,,,,,,,,,,,,,,,,,,,,,,,,,,,,,,,,,,,
1764665237.272410,45584,1,4392.94873,4404.615234,4522.436035,4539.025879,4413.666504,4526.333496,4543.358887,4403.589844,4587.641113,4413.179688,4492.538574,4517.871582,4577.94873,4396.410156,4397.436035,4508.692383,4553.025879,4545.025879,4520.794922,4405.692383,4409.05127,4585.743652,4525.333496,4504.153809,4393.743652,4603.102539,4402.820313,4571.025879,4513.94873,4406.615234,4534.820313,4522.897461,2856,1,25,0,0,,,,0,4,4,4,4,4,4,4,4,4,4,4,4,4,4,4,4,4,4,4,4,4,4,4,4,4,4,4,4,4,4,4,4,100,,,,,,,,,,,,,,,,,,,,,,,,,,,,,,,,,,,,,,,,,,,,,,,,,,,,,,,,,,,,,,,,,,,,,,,,,,,,,,,,,,,,,,,,,,,,,,,,,,,,,,,,,,,,,,,,,,,,,,,,,,,,,,,,,,,,,,,,,,,,,,,,,,,,,,,,,,,,,,,,,,,,,,,,,,,,,,,,,,,,,,,,,,,,,,,,,,,,,,,,,,,,,,
1764665237.276316,45585,1,4393.461426,4404.700684,4522.393066,4538.871582,4413.094238,4526.05127,4543.581055,4403.119629,4587.153809,4413.598145,4493.170898,4518.401855,4577.905762,4396.666504,4397.179688,4508.98291,4553.179688,4544.649414,4520.846191,4404.98291,4408.734863,4585.136719,4525.01709,4504.427246,4395.504395,4602.683594,4403.248047,4571.025879,4514.025879,4407.324707,4535.230957,4522.837402,2913,1,25,0,0,,,,0,4,4,4,4,4,4,4,4,4,4,4,4,4,4,4,4,4,4,4,4,4,4,4,4,4,4,4,4,4,4,4,4,100,,,,,,,,,,,,,,,,,,,,,,,,,,,,,,,,,,,,,,,,,,,,,,,,,,,,,,,,,,,,,,,,,,,,,,,,,,,,,,,,,,,,,,,,,,,,,,,,,,,,,,,,,,,,,,,,,,,,,,,,,,,,,,,,,,,,,,,,,,,,,,,,,,,,,,,,,,,,,,,,,,,,,,,,,,,,,,,,,,,,,,,,,,,,,,,,,,,,,,,,,,,,,,
1764665237.280221,45586,1,4393.974121,4404.786133,4522.350586,4538.717773,4412.521484,4525.769043,4543.803223,4402.649414,4586.666504,4414.01709,4493.803223,4518.931641,4577.863281,4396.922852,4396.922852,4509.273438,4553.333496,4544.273438,4520.897461,4404.273438,4408.418945,4584.529785,4524.700684,4504.700684,4397.265137,4602.265137,4403.675293,4571.025879,4514.102539,4408.03418,4535.641113,4522.777832,1750,1,25,0,0,,,,0,4,4,4,4,4,4,4,4,4,4,4,4,4,4,4,4,4,4,4,4,4,4,4,4,4,4,4,4,4,4,4,4,100,,,,,,,,,,,,,,,,,,,,,,,,,,,,,,,,,,,,,,,,,,,,,,,,,,,,,,,,,,,,,,,,,,,,,,,,,,,,,,,,,,,,,,,,,,,,,,,,,,,,,,,,,,,,,,,,,,,,,,,,,,,,,,,,,,,,,,,,,,,,,,,,,,,,,,,,,,,,,,,,,,,,,,,,,,,,,,,,,,,,,,,,,,,,,,,,,,,,,,,,,,,,,,
1764665237.284127,45587,1,4394.487305,4404.871582,4522.307617,4538.563965,4411.94873,4525.487305,4544.025879,4402.179688,4586.179688,4414.436035,4494.436035,4519.461426,4577.820313,4397.179688,4396.666504,4509.563965,4553.487305,4543.897461,4520.94873,4403.563965,4408.102539,4583.922852,4524.384766,4504.974121,4399.025879,4601.846191,4404.102539,4571.025879,4514.179688,4408.743652,4536.05127,4522.717773,2945,1,25,0,0,,,,0,4,4,4,4,4,4,4,4,4,4,4,4,4,4,4,4,4,4,4,4,4,4,4,4,4,4,4,4,4,4,4,4,100,,,,,,,,,,,,,,,,,,,,,,,,,,,,,,,,,,,,,,,,,,,,,,,,,,,,,,,,,,,,,,,,,,,,,,,,,,,,,,,,,,,,,,,,,,,,,,,,,,,,,,,,,,,,,,,,,,,,,,,,,,,,,,,,,,,,,,,,,,,,,,,,,,,,,,,,,,,,,,,,,,,,,,,,,,,,,,,,,,,,,,,,,,,,,,,,,,,,,,,,,,,,,,
1764665237.288033,45588,1,4395,4404.957031,4522.265137,4538.410156,4411.375977,4525.205078,4544.248047,4401.709473,4585.692383,4414.854492,4495.068359,4519.991211,4577.777832,4397.436035,4396.410156,4509.854492,4553.641113,4543.521484,4521,4402.854492,4407.786133,4583.316406,4524.068359,4505.248047,4400.786133,4601.427246,4404.529785,4571.025879,4514.256348,4409.453125,4536.461426,4522.658203,2510,1,25,0,0,,,,0,4,4,4,4,4,4,4,4,4,4,4,4,4,4,4,4,4,4,4,4,4,4,4,4,4,4,4,4,4,4,4,4,100,,,,,,,,,,,,,,,,,,,,,,,,,,,,,,,,,,,,,,,,,,,,,,,,,,,,,,,,,,,,,,,,,,,,,,,,,,,,,,,,,,,,,,,,,,,,,,,,,,,,,,,,,,,,,,,,,,,,,,,,,,,,,,,,,,,,,,,,,,,,,,,,,,,,,,,,,,,,,,,,,,,,,,,,,,,,,,,,,,,,,,,,,,,,,,,,,,,,,,,,,,,,,,
1764665237.291939,45589,1,4395.512695,4405.042969,4522.222168,4538.256348,4410.803223,4524.922852,4544.470215,4401.239258,4585.205078,4415.273438,4495.700684,4520.521484,4577.734863,4397.692383,4396.153809,4510.145508,4553.794922,4543.145508,4521.05127,4402.145508,4407.470215,4582.709473,4523.751953,4505.521484,4402.546875,4601.008789,4404.957031,4571.025879,4514.333496,4410.162598,4536.871582,4522.598145,2812,1,25,0,0,,,,0,4,4,4,4,4,4,4,4,4,4,4,4,4,4,4,4,4,4,4,4,4,4,4,4,4,4,4,4,4,4,4,4,100,,,,,,,,,,,,,,,,,,,,,,,,,,,,,,,,,,,,,,,,,,,,,,,,,,,,,,,,,,,,,,,,,,,,,,,,,,,,,,,,,,,,,,,,,,,,,,,,,,,,,,,,,,,,,,,,,,,,,,,,,,,,,,,,,,,,,,,,,,,,,,,,,,,,,,,,,,,,,,,,,,,,,,,,,,,,,,,,,,,,,,,,,,,,,,,,,,,,,,,,,,,,,,
1764665237.295844,45590,1,4396.025879,4405.128418,4522.179688,4538.102539,4410.230957,4524.641113,4544.692383,4400.769043,4584.717773,4415.692383,4496.333496,4521.05127,4577.692383,4397.94873,4395.897461,4510.436035,4553.94873,4542.769043,4521.102539,4401.436035,4407.153809,4582.102539,4523.436035,4505.794922,4404.307617,4600.589844,4405.384766,4571.025879,4514.410156,4410.871582,4537.282227,4522.538574,2918,1,25,0,0,,,,0,4,4,4,4,4,4,4,4,4,4,4,4,4,4,4,4,4,4,4,4,4,4,4,4,4,4,4,4,4,4,4,4,100,,,,,,,,,,,,,,,,,,,,,,,,,,,,,,,,,,,,,,,,,,,,,,,,,,,,,,,,,,,,,,,,,,,,,,,,,,,,,,,,,,,,,,,,,,,,,,,,,,,,,,,,,,,,,,,,,,,,,,,,,,,,,,,,,,,,,,,,,,,,,,,,,,,,,,,,,,,,,,,,,,,,,,,,,,,,,,,,,,,,,,,,,,,,,,,,,,,,,,,,,,,,,,
1764665237.299750,45591,1,4396.538574,4405.213867,4522.136719,4537.94873,4409.658203,4524.358887,4544.914551,4400.299316,4584.230957,4416.111328,4496.96582,4521.581055,4577.649414,4398.205078,4395.641113,4510.726563,4554.102539,4542.393066,4521.153809,4400.726563,4406.837402,4581.495605,4523.119629,4506.068359,4406.068359,4600.170898,4405.812012,4571.025879,4514.487305,4411.581055,4537.692383,4522.478516,2829,1,25,0,0,,,,0,4,4,4,4,4,4,4,4,4,4,4,4,4,4,4,4,4,4,4,4,4,4,4,4,4,4,4,4,4,4,4,4,100,,,,,,,,,,,,,,,,,,,,,,,,,,,,,,,,,,,27780,1,0.26432,-0.597717,-0.733978,0.184784,0.972409,0.213527,0.050055,24,28.708334,43.583332,,,,,,,,,,,,,,,,,,,,,,,,,,,,,,,,,,,,,,,,,,,,,,,,,,,,,,,,,,,,,,,,,,,,,,,,,,,,,,,,,,,,,,,,,,,,,,,,,,,,,,,,,,,,,,,,,,,,,,,,,,,,,,,,,,,,,,,,,,,,,,,,,,,,,,,,,,,,,,,,
1764665237.303656,45592,1,4397.05127,4405.299316,4522.094238,4537.794922,4409.085449,4524.077148,4545.136719,4399.829102,4583.743652,4416.529785,4497.598145,4522.111328,4577.606934,4398.461426,4395.384766,4511.01709,4554.256348,4542.01709,4521.205078,4400.01709,4406.521484,4580.888672,4522.803223,4506.341797,4407.829102,4599.751953,4406.239258,4571.025879,4514.563965,4412.290527,4538.102539,4522.418945,2755,1,25,0,0,,,,0,4,4,4,4,4,4,4,4,4,4,4,4,4,4,4,4,4,4,4,4,4,4,4,4,4,4,4,4,4,4,4,4,100,,,,,,,,,,,,,,,,,,,,,,,,,,,,,,,,,,,,,,,,,,,,,,,,,,,,,,,,,,,,,,,,,,,,,,,,,,,,,,,,,,,,,,,,,,,,,,,,,,,,,,,,,,,,,,,,,,,,,,,,,,,,,,,,,,,,,,,,,,,,,,,,,,,,,,,,,,,,,,,,,,,,,,,,,,,,,,,,,,,,,,,,,,,,,,,,,,,,,,,,,,,,,,
1764665237.307562,45593,1,4397.563965,4405.384766,4522.05127,4537.641113,4408.512695,4523.794922,4545.358887,4399.358887,4583.256348,4416.94873,4498.230957,4522.641113,4577.563965,4398.717773,4395.128418,4511.307617,4554.410156,4541.641113,4521.256348,4399.307617,4406.205078,4580.282227,4522.487305,4506.615234,4409.589844,4599.333496,4406.666504,4571.025879,4514.641113,4413,4538.512695,4522.358887,2807,1,25,0,0,,,,0,4,4,4,4,4,4,4,4,4,4,4,4,4,4,4,4,4,4,4,4,4,4,4,4,4,4,4,4,4,4,4,4,100,,,,,,,,,,,,,,,,,,,,,,,,,,,,,,,,,,,27781,1,0.264299,-0.597717,-0.734009,0.184692,0.971554,0.214626,0.051764,24.166666,28.25,43.333332,,,,,,,,,,,,,,,,,,,,,,,,,,,,,,,,,,,,,,,,,,,,,,,,,,,,,,,,,,,,,,,,,,,,,,,,,,,,,,,,,,,,,,,,,,,,,,,,,,,,,,,,,,,,,,,,,,,,,,,,,,,,,,,,,,,,,,,,,,,,,,,,,,,,,,,,,,,,,,,,
1764665237.311467,45594,1,4398.077148,4405.470215,4522.008789,4537.487305,4407.939941,4523.512695,4545.581055,4398.888672,4582.769043,4417.367676,4498.863281,4523.170898,4577.521484,4398.974121,4394.871582,4511.598145,4554.563965,4541.265137,4521.307617,4398.598145,4405.888672,4579.675293,4522.170898,4506.888672,4411.350586,4598.914551,4407.094238,4571.025879,4514.717773,4413.709473,4538.922852,4522.299316,1943,1,25,0,0,,,,0,4,4,4,4,4,4,4,4,4,4,4,4,4,4,4,4,4,4,4,4,4,4,4,4,4,4,4,4,4,4,4,4,100,,,,,,,,,,,,,,,,,,,,,,,,,,,,,,,,,,,,,,,,,,,,,,,1.525632,1.272468,0.430351,1.260461,0.807795,3.982261,1.997092,0.657843,1.372112,1.066085,4.863056,1.531223,0.951022,1.492838,1.090145,3.522138,1.649004,0.710547,1.393297,0.880729,2.748632,1.802787,0.68874,1.434721,0.998643,2.932548,1.730548,0.631146,1.235167,0.746237,2.841716,0.691397,0.451684,1.340757,1.00767,2.310629,1.154431,0.479825,1.414911,0.982809,1.373251,0.524157,0.219389,1.148251,1.037223,1.774474,0.792234,0.933538,1.615196,1.447163,1.479537,0.22295,0.492431,0.904739,0.748578,1.431479,1.142107,0.460453,1.227145,0.878332,0.864347,0.970961,0.572242,1.082924,0.850727,0.689439,0.92412,0.21061,0.57728,0.709719,0.29588,1.116305,0.413667,0.706417,1.092942,1.032344,2.053104,0.389777,0.783141,0.811291,1.352084,1.800918,0.816657,1.497665,1.068904,0.6431,1.89474,0.537705,1.274651,1.023219,0.499814,1.199565,0.663704,0.812906,0.603744,0.584515,1.638409,0.882633,0.913062,0.808635,0.772559,1.218144,1.014523,1.13882,0.758026,0.908176,1.967582,1.05021,1.282192,0.963886,1.010711,1.806687,0.643066,1.017492,0.727643,1.658989,1.791335,0.864325,1.324267,0.894722,1.778941,1.30174,2.447323,2.901016,1.363215,1.826719,0.844882,0.816274,1.229068,0.900684,2.218027,1.365864,1.0869,1.623753,1.029121,1.812456,1.512593,1.041291,1.479229,0.954743,1.430078,0.736166,0.310717,0.673686,0.520819,3.109612,1.206747,0.822399,1.117023,0.994722,2.581075,1.275571,1.024849,1.171064,0.936686,3.581085,0.951521,0.705837,1.295998,1.023018
1764665237.315373,45595,1,4398.589844,4405.555664,4521.96582,4537.333496,4407.367676,4523.230957,4545.803223,4398.418945,4582.282227,4417.786133,4499.495605,4523.700684,4577.478516,4399.230957,4394.615234,4511.888672,4554.717773,4540.888672,4521.358887,4397.888672,4405.572754,4579.068359,4521.854492,4507.162598,4413.111328,4598.495605,4407.521484,4571.025879,4514.794922,4414.418945,4539.333496,4522.239258,2622,1,25,0,0,,,,0,4,4,4,4,4,4,4,4,4,4,4,4,4,4,4,4,4,4,4,4,4,4,4,4,4,4,4,4,4,4,4,4,100,,,,,,,,,,,,,,,,,,,,,,,,,,,,,,,,,,,27782,1,0.264278,-0.597717,-0.734039,0.184601,0.9707,0.215725,0.053473,24.333334,27.791666,43.083332,,,,,,,,,,,,,,,,,,,,,,,,,,,,,,,,,,,,,,,,,,,,,,,,,,,,,,,,,,,,,,,,,,,,,,,,,,,,,,,,,,,,,,,,,,,,,,,,,,,,,,,,,,,,,,,,,,,,,,,,,,,,,,,,,,,,,,,,,,,,,,,,,,,,,,,,,,,,,,,,
1764665237.319279,45596,0,4399.102539,4405.641113,4521.922852,4537.179688,4406.794922,4522.94873,4546.025879,4397.94873,4581.794922,4418.205078,4500.128418,4524.230957,4577.436035,4399.487305,4394.358887,4512.179688,4554.871582,4540.512695,4521.410156,4397.179688,4405.256348,4578.461426,4521.538574,4507.436035,4414.871582,4598.077148,4407.94873,4571.025879,4514.871582,4415.128418,4539.743652,4522.179688,2697,1,25,2576,48318,,,,0,4,4,4,4,4,4,4,4,4,4,4,4,4,4,4,4,4,4,4,4,4,4,4,4,4,4,4,4,4,4,4,4,100,,,,,,,,,,,,,,,,,,,,,,,,,,,,,,,,,,,,,,,,,,,,,,,,,,,,,,,,,,,,,,,,,,,,,,,,,,,,,,,,,,,,,,,,,,,,,,,,,,,,,,,,,,,,,,,,,,,,,,,,,,,,,,,,,,,,,,,,,,,,,,,,,,,,,,,,,,,,,,,,,,,,,,,,,,,,,,,,,,,,,,,,,,,,,,,,,,,,,,,,,,,,,,
1764665237.323185,45597,0,4400.384766,4406.538574,4524.358887,4538.589844,4409.358887,4527.820313,4550.128418,4402.179688,4588.205078,4419.743652,4502.307617,4524.871582,4579.230957,4399.102539,4393.846191,4512.692383,4555.897461,4541.922852,4520,4402.820313,4408.846191,4582.05127,4524.487305,4512.05127,4415,4602.563965,4413.589844,4575.384766,4515.128418,4420.384766,4545.512695,4526.282227,2513,1,25,2576,48318,,,,0,4,4,4,4,4,4,4,4,4,4,4,4,4,4,4,4,4,4,4,4,4,4,4,4,4,4,4,4,4,4,4,4,100,,,,,,,,,,,,,,,,,,,,,,,,,,,,,,,,,,,27783,0,0.264257,-0.597717,-0.73407,0.184509,0.969845,0.216823,0.055183,24.5,27.333334,42.833332,,,,,,,,,,,,,,,,,,,,,,,,,,,,,,,,,,,,,,,,,,,,,,,,,,,,,,,,,,,,,,,,,,,,,,,,,,,,,,,,,,,,,,,,,,,,,,,,,,,,,,,,,,,,,,,,,,,,,,,,,,,,,,,,,,,,,,,,,,,,,,,,,,,,,,,,,,,,,,,,
1764665237.327091,45598,0,4401.794922,4407.05127,4526.410156,4541.282227,4411.282227,4532.94873,4553.846191,4408.205078,4592.436035,4420.512695,4502.692383,4524.743652,4581.538574,4400.769043,4396.794922,4514.487305,4557.563965,4547.307617,4522.179688,4408.461426,4411.922852,4586.666504,4525.897461,4516.410156,4413.333496,4605.769043,4418.077148,4580.384766,4516.153809,4424.615234,4551.410156,4528.846191,2662,1,25,2576,48326,,,,0,4,4,4,4,4,4,4,4,4,4,4,4,4,4,4,4,4,4,4,4,4,4,4,4,4,4,4,4,4,4,4,4,100,,,,,,,,,,,,,,,,,,,,,,,,,,,,,,,,,,,,,,,,,,,,,,,,,,,,,,,,,,,,,,,,,,,,,,,,,,,,,,,,,,,,,,,,,,,,,,,,,,,,,,,,,,,,,,,,,,,,,,,,,,,,,,,,,,,,,,,,,,,,,,,,,,,,,,,,,,,,,,,,,,,,,,,,,,,,,,,,,,,,,,,,,,,,,,,,,,,,,,,,,,,,,,
1764665237.330996,45599,0,4401.025879,4405,4526.025879,4542.820313,4410.769043,4533.333496,4554.102539,4412.05127,4592.179688,4420.512695,4500,4521.410156,4581.153809,4401.410156,4398.589844,4515,4557.307617,4550.769043,4525.384766,4408.589844,4411.794922,4587.692383,4522.563965,4515.769043,4409.230957,4604.743652,4417.436035,4581.282227,4516.794922,4424.487305,4552.563965,4528.333496,2832,1,25,2576,48326,,,,0,4,4,4,4,4,4,4,4,4,4,4,4,4,4,4,4,4,4,4,4,4,4,4,4,4,4,4,4,4,4,4,4,100,,,,,,,,,,,,,,,,,,,,,,,,,,,,,,,,,,,,,,,,,,,,,,,,,,,,,,,,,,,,,,,,,,,,,,,,,,,,,,,,,,,,,,,,,,,,,,,,,,,,,,,,,,,,,,,,,,,,,,,,,,,,,,,,,,,,,,,,,,,,,,,,,,,,,,,,,,,,,,,,,,,,,,,,,,,,,,,,,,,,,,,,,,,,,,,,,,,,,,,,,,,,,,
1764665237.334902,45600,0,4397.05127,4399.230957,4522.307617,4540.512695,4407.05127,4527.436035,4550.256348,4410.512695,4588.205078,4417.820313,4494.743652,4513.974121,4575.897461,4398.717773,4395.128418,4511.922852,4553.333496,4547.307617,4525.512695,4401.666504,4407.179688,4582.94873,4515.128418,4509.102539,4403.205078,4599.230957,4410.641113,4575.897461,4515.641113,4419.102539,4546.922852,4523.974121,2768,1,25,2576,48334,,,,0,4,4,4,4,4,4,4,4,4,4,4,4,4,4,4,4,4,4,4,4,4,4,4,4,4,4,4,4,4,4,4,4,100,,,,,,,,,,,,,,,,,,,,,,,,,,,,,,,,,,,,,,,,,,,,,,,,,,,,,,,,,,,,,,,,,,,,,,,,,,,,,,,,,,,,,,,,,,,,,,,,,,,,,,,,,,,,,,,,,,,,,,,,,,,,,,,,,,,,,,,,,,,,,,,,,,,,,,,,,,,,,,,,,,,,,,,,,,,,,,,,,,,,,,,,,,,,,,,,,,,,,,,,,,,,,,
1764665237.338808,45601,0,4390.769043,4391.794922,4516.025879,4533.846191,4401.025879,4518.333496,4543.589844,4403.461426,4583.589844,4410.641113,4489.487305,4504.487305,4567.563965,4393.333496,4386.922852,4506.025879,4546.922852,4537.179688,4521.282227,4390.897461,4399.871582,4575.128418,4507.94873,4499.871582,4396.538574,4591.922852,4400.641113,4566.410156,4512.820313,4410.384766,4536.538574,4516.538574,2938,1,25,2576,48334,,,,0,4,4,4,4,4,4,4,4,4,4,4,4,4,4,4,4,4,4,4,4,4,4,4,4,4,4,4,4,4,4,4,4,100,,,,,,,,,,,,,,,,,,,,,,,,,,,,,,,,,,,27784,0,0.26413,-0.597717,-0.734131,0.184448,0.969845,0.216823,0.055183,23.666666,27,44.166668,,,,,,,,,,,,,,,,,,,,,,,,,,,,,,,,,,,,,,,,,,,,,,,,,,,,,,,,,,,,,,,,,,,,,,,,,,,,,,,,,,,,,,,,,,,,,,,,,,,,,,,,,,,,,,,,,,,,,,,,,,,,,,,,,,,,,,,,,,,,,,,,,,,,,,,,,,,,,,,,
1764665237.342714,45602,0,4385.384766,4386.410156,4509.743652,4525.641113,4395.128418,4511.410156,4537.436035,4394.743652,4581.794922,4400.384766,4486.794922,4497.05127,4561.025879,4388.461426,4379.230957,4500.384766,4540.769043,4526.410156,4514.871582,4382.307617,4393.461426,4569.487305,4505,4492.820313,4390.897461,4586.538574,4392.563965,4558.205078,4509.358887,4402.563965,4526.538574,4509.487305,2612,1,25,2576,48342,,,,0,4,4,4,4,4,4,4,4,4,4,4,4,4,4,4,4,4,4,4,4,4,4,4,4,4,4,4,4,4,4,4,4,100,,,,,,,,,,,,,,,,,,,,,,,,,,,,,,,,,,,,,,,,,,,,,,,,,,,,,,,,,,,,,,,,,,,,,,,,,,,,,,,,,,,,,,,,,,,,,,,,,,,,,,,,,,,,,,,,,,,,,,,,,,,,,,,,,,,,,,,,,,,,,,,,,,,,,,,,,,,,,,,,,,,,,,,,,,,,,,,,,,,,,,,,,,,,,,,,,,,,,,,,,,,,,,
1764665237.346619,45603,0,4383.333496,4385.769043,4505.769043,4519.487305,4391.794922,4509.871582,4534.487305,4388.589844,4583.974121,4391.153809,4487.563965,4494.871582,4559.358887,4386.794922,4377.436035,4497.94873,4537.307617,4521.922852,4510.512695,4380.128418,4391.025879,4569.230957,4506.153809,4490.384766,4387.94873,4585,4389.615234,4554.615234,4506.922852,4399.230957,4521.153809,4506.666504,2870,1,25,2576,48342,,,,0,4,4,4,4,4,4,4,4,4,4,4,4,4,4,4,4,4,4,4,4,4,4,4,4,4,4,4,4,4,4,4,4,100,,,,,,,,,,,,,,,,,,,,,,,,,,,,,,,,,,,,,,,,,,,,,,,,,,,,,,,,,,,,,,,,,,,,,,,,,,,,,,,,,,,,,,,,,,,,,,,,,,,,,,,,,,,,,,,,,,,,,,,,,,,,,,,,,,,,,,,,,,,,,,,,,,,,,,,,,,,,,,,,,,,,,,,,,,,,,,,,,,,,,,,,,,,,,,,,,,,,,,,,,,,,,,
1764665237.350525,45604,0,4384.743652,4389.102539,4505.256348,4518.205078,4392.05127,4513.205078,4535.641113,4387.307617,4587.563965,4386.538574,4489.871582,4497.820313,4562.307617,4388.846191,4382.436035,4500,4537.05127,4525.769043,4510.641113,4384.358887,4392.94873,4573.589844,4509.230957,4491.794922,4388.589844,4586.410156,4391.282227,4555.769043,4506.282227,4400.897461,4521.282227,4508.846191,2765,1,25,2576,48349,,,,0,4,4,4,4,4,4,4,4,4,4,4,4,4,4,4,4,4,4,4,4,4,4,4,4,4,4,4,4,4,4,4,4,100,,,,,,,,,,,,,,,,,,,,,,,,,,,,,,,,,,,,,,,,,,,,,,,,,,,,,,,,,,,,,,,,,,,,,,,,,,,,,,,,,,,,,,,,,,,,,,,,,,,,,,,,,,,,,,,,,,,,,,,,,,,,,,,,,,,,,,,,,,,,,,,,,,,,,,,,,,,,,,,,,,,,,,,,,,,,,,,,,,,,,,,,,,,,,,,,,,,,,,,,,,,,,,
1764665237.354431,45605,0,4388.077148,4393.846191,4507.820313,4521.666504,4395.512695,4518.461426,4539.615234,4390.128418,4589.871582,4388.717773,4492.05127,4503.717773,4567.179688,4393.333496,4390.256348,4505,4538.974121,4534.615234,4514.102539,4391.410156,4397.05127,4578.461426,4512.179688,4494.358887,4392.820313,4588.333496,4395.256348,4558.589844,4507.05127,4405.769043,4525.256348,4514.743652,2798,1,25,2576,48349,,,,0,4,4,4,4,4,4,4,4,4,4,4,4,4,4,4,4,4,4,4,4,4,4,4,4,4,4,4,4,4,4,4,4,100,,,,,,,,,,,,,,,,,,,,,,,,,,,,,,,,,,,27785,0,0.264353,-0.597656,-0.73407,0.18457,0.978635,0.224637,0.043462,24,29.833334,44.5,,,,,,,,,,,,,,,,,,,,,,,,,,,,,,,,,,,,,,,,,,,,,,,,,,,,,,,,,,,,,,,,,,,,,,,,,,,,,,,,,,,,,,,,,,,,,,,,,,,,,,,,,,,,,,,,,,,,,,,,,,,,,,,,,,,,,,,,,,,,,,,,,,,,,,,,,,,,,,,,
1764665237.358337,45606,0,4391.153809,4397.820313,4512.692383,4528.205078,4400.897461,4523.205078,4544.102539,4394.358887,4590.128418,4396.538574,4493.461426,4510.384766,4571.410156,4397.563965,4395.512695,4510.769043,4542.05127,4542.563965,4517.692383,4397.179688,4401.025879,4580.512695,4515.641113,4496.666504,4399.487305,4589.230957,4399.102539,4560.897461,4508.333496,4411.282227,4530.512695,4521.410156,2810,1,25,2576,48357,,,,0,4,4,4,4,4,4,4,4,4,4,4,4,4,4,4,4,4,4,4,4,4,4,4,4,4,4,4,4,4,4,4,4,100,,,,,,,,,,,,,,,,,,,,,,,,,,,,,,,,,,,,,,,,,,,,,,,,,,,,,,,,,,,,,,,,,,,,,,,,,,,,,,,,,,,,,,,,,,,,,,,,,,,,,,,,,,,,,,,,,,,,,,,,,,,,,,,,,,,,,,,,,,,,,,,,,,,,,,,,,,,,,,,,,,,,,,,,,,,,,,,,,,,,,,,,,,,,,,,,,,,,,,,,,,,,,,
1764665237.362243,45607,0,4393.717773,4400.512695,4518.589844,4534.743652,4406.794922,4526.538574,4548.461426,4398.333496,4589.871582,4406.282227,4493.717773,4516.153809,4574.230957,4399.615234,4395.512695,4515.128418,4545.769043,4546.153809,4518.717773,4399.487305,4403.846191,4580,4520.897461,4498.717773,4405.128418,4589.358887,4402.05127,4562.692383,4510,4416.282227,4535.256348,4526.794922,2996,1,25,2576,48357,,,,0,4,4,4,4,4,4,4,4,4,4,4,4,4,4,4,4,4,4,4,4,4,4,4,4,4,4,4,4,4,4,4,4,100,,,,,,,,,,,,,,,,,,,,,,,,,,,,,,,,,,,,,,,,,,,,,,,,,,,,,,,,,,,,,,,,,,,,,,,,,,,,,,,,,,,,,,,,,,,,,,,,,,,,,,,,,,,,,,,,,,,,,,,,,,,,,,,,,,,,,,,,,,,,,,,,,,,,,,,,,,,,,,,,,,,,,,,,,,,,,,,,,,,,,,,,,,,,,,,,,,,,,,,,,,,,,,
1764665237.366148,45608,0,4395.897461,4402.179688,4523.461426,4538.589844,4411.153809,4528.974121,4552.692383,4401.025879,4589.871582,4413.205078,4493.077148,4520,4575.897461,4398.846191,4391.025879,4516.794922,4549.487305,4545.769043,4517.179688,4398.461426,4404.615234,4579.230957,4526.794922,4500.256348,4405.897461,4588.974121,4403.717773,4564.871582,4512.179688,4419.358887,4538.717773,4528.717773,2875,1,25,2576,48365,,,,0,4,4,4,4,4,4,4,4,4,4,4,4,4,4,4,4,4,4,4,4,4,4,4,4,4,4,4,4,4,4,4,4,100,,,,,,,,,,,,,,,,,,,,,,,,,,,,,,,,,,,,,,,,,,,,,,,,,,,,,,,,,,,,,,,,,,,,,,,,,,,,,,,,,,,,,,,,,,,,,,,,,,,,,,,,,,,,,,,,,,,,,,,,,,,,,,,,,,,,,,,,,,,,,,,,,,,,,,,,,,,,,,,,,,,,,,,,,,,,,,,,,,,,,,,,,,,,,,,,,,,,,,,,,,,,,,
1764665237.370054,45609,0,4397.820313,4402.692383,4525.128418,4537.820313,4412.307617,4530.769043,4556.666504,4401.922852,4589.102539,4413.974121,4491.922852,4520.897461,4576.282227,4395.641113,4385.128418,4515.897461,4551.410156,4543.589844,4514.871582,4395.641113,4403.205078,4578.717773,4530.128418,4500.256348,4400.256348,4587.820313,4403.461426,4567.436035,4514.358887,4418.974121,4539.230957,4526.410156,2724,1,25,2576,48365,,,,0,4,4,4,4,4,4,4,4,4,4,4,4,4,4,4,4,4,4,4,4,4,4,4,4,4,4,4,4,4,4,4,4,100,,,,,,,,,,,,,,,,,,,,,,,,,,,,,,,,,,,27786,0,0.26431,-0.597656,-0.73407,0.184631,0.967403,0.219753,0.043951,24,29.833334,44.5,,,,,,,,,,,,,,,,,,,,,,,,,,,,,,,,,,,,,,,,,,,,,,,,,,,,,,,,,,,,,,,,,,,,,,,,,,,,,,,,,,,,,,,,,,,,,,,,,,,,,,,,,,,,,,,,,,,,,,,,,,,,,,,,,,,,,,,,,,,,,,,,,,,,,,,,,,,,,,,,
1764665237.373960,45610,0,4398.846191,4402.307617,4523.333496,4532.820313,4410,4532.05127,4558.974121,4401.025879,4586.282227,4409.358887,4491.666504,4518.974121,4575.512695,4392.05127,4381.153809,4513.077148,4550.256348,4541.153809,4513.461426,4392.05127,4400.128418,4577.307617,4528.461426,4498.205078,4391.153809,4584.871582,4400.769043,4569.230957,4515.641113,4415,4535.256348,4521.282227,2294,1,25,2574,48373,,,,0,4,4,4,4,4,4,4,4,4,4,4,4,4,4,4,4,4,4,4,4,4,4,4,4,4,4,4,4,4,4,4,4,100,,,,,,,,,,,,,,,,,,,,,,,,,,,,,,,,,,,,,,,,,,,,,,,,,,,,,,,,,,,,,,,,,,,,,,,,,,,,,,,,,,,,,,,,,,,,,,,,,,,,,,,,,,,,,,,,,,,,,,,,,,,,,,,,,,,,,,,,,,,,,,,,,,,,,,,,,,,,,,,,,,,,,,,,,,,,,,,,,,,,,,,,,,,,,,,,,,,,,,,,,,,,,,
1764665237.377866,45611,0,4398.717773,4401.794922,4520.512695,4526.794922,4406.025879,4531.922852,4558.461426,4399.102539,4581.538574,4403.461426,4493.205078,4516.025879,4574.743652,4390.384766,4381.794922,4509.743652,4547.05127,4539.102539,4512.94873,4388.589844,4396.794922,4574.615234,4523.205078,4495.128418,4384.358887,4581.025879,4396.794922,4569.230957,4515.384766,4409.743652,4527.692383,4516.538574,2695,1,25,2574,48373,,,,0,4,4,4,4,4,4,4,4,4,4,4,4,4,4,4,4,4,4,4,4,4,4,4,4,4,4,4,4,4,4,4,4,100,,,,,,,,,,,,,,,,,,,,,,,,,,,,,,,,,,,,,,,,,,,,,,,,,,,,,,,,,,,,,,,,,,,,,,,,,,,,,,,,,,,,,,,,,,,,,,,,,,,,,,,,,,,,,,,,,,,,,,,,,,,,,,,,,,,,,,,,,,,,,,,,,,,,,,,,,,,,,,,,,,,,,,,,,,,,,,,,,,,,,,,,,,,,,,,,,,,,,,,,,,,,,,
1764665237.381771,45612,0,4398.205078,4402.179688,4519.230957,4523.077148,4402.820313,4529.871582,4556.025879,4397.307617,4576.794922,4400.512695,4496.538574,4514.487305,4575.128418,4392.436035,4386.794922,4507.179688,4544.871582,4537.692383,4513.205078,4386.153809,4395,4571.922852,4519.102539,4493.333496,4384.487305,4578.205078,4393.333496,4568.077148,4514.358887,4406.794922,4519.743652,4514.743652,2503,1,25,2575,48381,,,,0,4,4,4,4,4,4,4,4,4,4,4,4,4,4,4,4,4,4,4,4,4,4,4,4,4,4,4,4,4,4,4,4,100,,,,,,,,,,,,,,,,,,,,,,,,,,,,,,,,,,,,,,,,,,,,,,,,,,,,,,,,,,,,,,,,,,,,,,,,,,,,,,,,,,,,,,,,,,,,,,,,,,,,,,,,,,,,,,,,,,,,,,,,,,,,,,,,,,,,,,,,,,,,,,,,,,,,,,,,,,,,,,,,,,,,,,,,,,,,,,,,,,,,,,,,,,,,,,,,,,,,,,,,,,,,,,
1764665237.385677,45613,0,4398.333496,4403.974121,4519.743652,4522.94873,4401.922852,4526.922852,4553.717773,4396.538574,4573.589844,4402.307617,4500.512695,4515.897461,4576.922852,4397.307617,4393.846191,4506.410156,4546.153809,4537.436035,4513.974121,4386.153809,4396.025879,4572.05127,4519.102539,4494.871582,4391.153809,4579.230957,4392.05127,4567.436035,4513.717773,4407.820313,4516.025879,4515.769043,2237,1,25,2575,48381,,,,0,4,4,4,4,4,4,4,4,4,4,4,4,4,4,4,4,4,4,4,4,4,4,4,4,4,4,4,4,4,4,4,4,100,,,,,,,,,,,,,,,,,,,,,,,,,,,,,,,,,,,27787,0,0.264363,-0.597595,-0.73407,0.184753,0.966915,0.216823,0.047369,25.666666,29,45,,,,,,,,,,,,,,,,,,,,,,,,,,,,,,,,,,,,,,,,,,,,,,,,,,,,,,,,,,,,,,,,,,,,,,,,,,,,,,,,,,,,,,,,,,,,,,,,,,,,,,,,,,,,,,,,,,,,,,,,,,,,,,,,,,,,,,,,,,,,,,,,,,,,,,,,,,,,,,,,
1764665237.389583,45614,0,4399.358887,4406.538574,4520.384766,4524.743652,4403.333496,4525,4552.94873,4396.922852,4571.666504,4406.922852,4503.205078,4519.743652,4578.589844,4402.05127,4399.487305,4507.436035,4550.384766,4538.333496,4515.641113,4389.871582,4399.358887,4576.282227,4522.563965,4500,4400.128418,4584.615234,4393.589844,4569.102539,4514.230957,4411.922852,4519.230957,4517.692383,2716,1,25,2576,48388,,,,0,4,4,4,4,4,4,4,4,4,4,4,4,4,4,4,4,4,4,4,4,4,4,4,4,4,4,4,4,4,4,4,4,100,,,,,,,,,,,,,,,,,,,,,,,,,,,,,,,,,,,,,,,,,,,,,,,,,,,,,,,,,,,,,,,,,,,,,,,,,,,,,,,,,,,,,,,,,,,,,,,,,,,,,,,,,,,,,,,,,,,,,,,,,,,,,,,,,,,,,,,,,,,,,,,,,,,,,,,,,,,,,,,,,,,,,,,,,,,,,,,,,,,,,,,,,,,,,,,,,,,,,,,,,,,,,,
1764665237.393489,45615,0,4400.897461,4408.077148,4519.487305,4526.410156,4405.128418,4525.384766,4554.230957,4398.077148,4570.512695,4410.769043,4503.077148,4524.102539,4579.358887,4403.077148,4401.282227,4508.717773,4554.871582,4540.128418,4517.436035,4396.153809,4403.333496,4582.692383,4526.025879,4506.666504,4406.538574,4592.179688,4397.563965,4573.205078,4515.897461,4416.153809,4527.692383,4518.589844,2504,1,25,2576,48388,,,,0,4,4,4,4,4,4,4,4,4,4,4,4,4,4,4,4,4,4,4,4,4,4,4,4,4,4,4,4,4,4,4,4,100,,,,,,,,,,,,,,,,,,,,,,,,,,,,,,,,,,,,,,,,,,,,,,,,,,,,,,,,,,,,,,,,,,,,,,,,,,,,,,,,,,,,,,,,,,,,,,,,,,,,,,,,,,,,,,,,,,,,,,,,,,,,,,,,,,,,,,,,,,,,,,,,,,,,,,,,,,,,,,,,,,,,,,,,,,,,,,,,,,,,,,,,,,,,,,,,,,,,,,,,,,,,,,
1764665237.397394,45616,1,4400.739746,4407.938965,4519.723633,4528.205078,4405.118164,4524.68457,4554.013672,4398.26416,4572.100586,4411.134277,4502.504883,4524.023438,4578.895508,4402.475586,4399.881836,4507.90918,4554.516602,4539.467285,4516.962402,4395.85791,4402.889648,4582.465332,4526.005859,4506.676758,4406.479492,4591.666504,4398.333496,4573.037598,4515.601563,4415.798828,4528.077148,4519.260254,0,1,25,0,0,,,,0,4,4,4,4,4,4,4,4,4,4,4,4,4,4,4,4,4,4,4,4,4,4,4,4,4,4,4,4,4,4,4,4,100,,,,,,,,,,,,,,,,,,,,,,,,,,,,,,,,,,,,,,,,,,,,,,,,,,,,,,,,,,,,,,,,,,,,,,,,,,,,,,,,,,,,,,,,,,,,,,,,,,,,,,,,,,,,,,,,,,,,,,,,,,,,,,,,,,,,,,,,,,,,,,,,,,,,,,,,,,,,,,,,,,,,,,,,,,,,,,,,,,,,,,,,,,,,,,,,,,,,,,,,,,,,,,
1764665237.401300,45617,1,4400.582031,4407.800781,4519.960449,4530,4405.108398,4523.984375,4553.796875,4398.45166,4573.688477,4411.499023,4501.933105,4523.944824,4578.432129,4401.873535,4398.481445,4507.100586,4554.161621,4538.806641,4516.489258,4395.562012,4402.445801,4582.23877,4525.986328,4506.686523,4406.419922,4591.153809,4399.102539,4572.869629,4515.305664,4415.443848,4528.461426,4519.931152,0,1,25,0,0,,,,0,4,4,4,4,4,4,4,4,4,4,4,4,4,4,4,4,4,4,4,4,4,4,4,4,4,4,4,4,4,4,4,4,100,,,,,,,,,,,,,,,,,,,,,,,,,,,,,,,,,,,,,,,,,,,,,,,,,,,,,,,,,,,,,,,,,,,,,,,,,,,,,,,,,,,,,,,,,,,,,,,,,,,,,,,,,,,,,,,,,,,,,,,,,,,,,,,,,,,,,,,,,,,,,,,,,,,,,,,,,,,,,,,,,,,,,,,,,,,,,,,,,,,,,,,,,,,,,,,,,,,,,,,,,,,,,,
1764665237.405206,45618,1,4400.423828,4407.662598,4520.197266,4531.794922,4405.098633,4523.28418,4553.580078,4398.63916,4575.276367,4411.86377,4501.36084,4523.865723,4577.968262,4401.271973,4397.081055,4506.291992,4553.806641,4538.145996,4516.015625,4395.266113,4402.001953,4582.011719,4525.966309,4506.696289,4406.36084,4590.641113,4399.871582,4572.702148,4515.009766,4415.088867,4528.846191,4520.601563,0,1,25,0,0,,,,0,4,4,4,4,4,4,4,4,4,4,4,4,4,4,4,4,4,4,4,4,4,4,4,4,4,4,4,4,4,4,4,4,100,,,,,,,,,,,,,,,,,,,,,,,,,,,,,,,,,,,,,,,,,,,,,,,,,,,,,,,,,,,,,,,,,,,,,,,,,,,,,,,,,,,,,,,,,,,,,,,,,,,,,,,,,,,,,,,,,,,,,,,,,,,,,,,,,,,,,,,,,,,,,,,,,,,,,,,,,,,,,,,,,,,,,,,,,,,,,,,,,,,,,,,,,,,,,,,,,,,,,,,,,,,,,,
1764665237.409112,45619,1,4400.266113,4407.524414,4520.434082,4533.589844,4405.088867,4522.583984,4553.362793,4398.82666,4576.86377,4412.229004,4500.789063,4523.787109,4577.504883,4400.67041,4395.680664,4505.483398,4553.45166,4537.485352,4515.54248,4394.970215,4401.558105,4581.785156,4525.946777,4506.706055,4406.301758,4590.128418,4400.641113,4572.534668,4514.713867,4414.733887,4529.230957,4521.271973,0,1,25,0,0,,,,0,4,4,4,4,4,4,4,4,4,4,4,4,4,4,4,4,4,4,4,4,4,4,4,4,4,4,4,4,4,4,4,4,100,,,,,,,,,,,,,,,,,,,,,,,,,,,,,,,,,,,,,,,,,,,,,,,,,,,,,,,,,,,,,,,,,,,,,,,,,,,,,,,,,,,,,,,,,,,,,,,,,,,,,,,,,,,,,,,,,,,,,,,,,,,,,,,,,,,,,,,,,,,,,,,,,,,,,,,,,,,,,,,,,,,,,,,,,,,,,,,,,,,,,,,,,,,,,,,,,,,,,,,,,,,,,,
1764665237.413018,45620,1,4400.108398,4407.386719,4520.67041,4535.384766,4405.079102,4521.883789,4553.145996,4399.013672,4578.45166,4412.59375,4500.216797,4523.708008,4577.041504,4400.068848,4394.280273,4504.674316,4553.09668,4536.824219,4515.068848,4394.674316,4401.114258,4581.558105,4525.927246,4506.71582,4406.242676,4589.615234,4401.410156,4572.366699,4514.417969,4414.378906,4529.615234,4521.942871,0,1,25,0,0,,,,0,4,4,4,4,4,4,4,4,4,4,4,4,4,4,4,4,4,4,4,4,4,4,4,4,4,4,4,4,4,4,4,4,100,,,,,,,,,,,,,,,,,,,,,,,,,,,,,,,,,,,,,,,,,,,,,,,,,,,,,,,,,,,,,,,,,,,,,,,,,,,,,,,,,,,,,,,,,,,,,,,,,,,,,,,,,,,,,,,,,,,,,,,,,,,,,,,,,,,,,,,,,,,,,,,,,,,,,,,,,,,,,,,,,,,,,,,,,,,,,,,,,,,,,,,,,,,,,,,,,,,,,,,,,,,,,,
1764665237.416923,45621,1,4399.950684,4407.248535,4520.907227,4537.179688,4405.068848,4521.183594,4552.929199,4399.201172,4580.039551,4412.958496,4499.64502,4523.629395,4576.578125,4399.467285,4392.879883,4503.865723,4552.741699,4536.163574,4514.595703,4394.378906,4400.67041,4581.331543,4525.907227,4506.726074,4406.183594,4589.102539,4402.179688,4572.199219,4514.12207,4414.023438,4530,4522.613281,0,1,25,0,0,,,,0,4,4,4,4,4,4,4,4,4,4,4,4,4,4,4,4,4,4,4,4,4,4,4,4,4,4,4,4,4,4,4,4,100,,,,,,,,,,,,,,,,,,,,,,,,,,,,,,,,,,,,,,,,,,,,,,,,,,,,,,,,,,,,,,,,,,,,,,,,,,,,,,,,,,,,,,,,,,,,,,,,,,,,,,,,,,,,,,,,,,,,,,,,,,,,,,,,,,,,,,,,,,,,,,,,,,,,,,,,,,,,,,,,,,,,,,,,,,,,,,,,,,,,,,,,,,,,,,,,,,,,,,,,,,,,,,
1764665237.420829,45622,1,4399.792969,4407.110352,4521.144043,4538.974121,4405.059082,4520.483398,4552.711914,4399.388672,4581.627441,4413.323242,4499.072754,4523.550293,4576.114258,4398.865723,4391.479492,4503.057129,4552.386719,4535.50293,4514.12207,4394.083008,4400.227051,4581.104492,4525.887695,4506.73584,4406.124023,4588.589844,4402.94873,4572.031738,4513.82666,4413.668457,4530.384766,4523.28418,0,1,25,0,0,,,,0,4,4,4,4,4,4,4,4,4,4,4,4,4,4,4,4,4,4,4,4,4,4,4,4,4,4,4,4,4,4,4,4,100,,,,,,,,,,,,,,,,,,,,,,,,,,,,,,,,,,,,,,,,,,,,,,,,,,,,,,,,,,,,,,,,,,,,,,,,,,,,,,,,,,,,,,,,,,,,,,,,,,,,,,,,,,,,,,,,,,,,,,,,,,,,,,,,,,,,,,,,,,,,,,,,,,,,,,,,,,,,,,,,,,,,,,,,,,,,,,,,,,,,,,,,,,,,,,,,,,,,,,,,,,,,,,
1764665237.424735,45623,1,4399.635254,4406.972168,4521.380859,4540.769043,4405.049316,4519.783203,4552.495117,4399.576172,4583.214844,4413.688477,4498.500977,4523.471191,4575.650879,4398.26416,4390.079102,4502.248535,4552.031738,4534.842285,4513.648926,4393.787109,4399.783203,4580.87793,4525.867676,4506.745605,4406.064941,4588.077148,4403.717773,4571.86377,4513.530762,4413.313477,4530.769043,4523.95459,0,1,25,0,0,,,,0,4,4,4,4,4,4,4,4,4,4,4,4,4,4,4,4,4,4,4,4,4,4,4,4,4,4,4,4,4,4,4,4,100,,,,,,,,,,,,,,,,,,,,,,,,,,,,,,,,,,,27788,1,0.26432,-0.597656,-0.734055,0.184677,0.967159,0.220242,0.047491,25.666666,29.083334,44.791668,,,,,,,,,,,,,,,,,,,,,,,,,,,,,,,,,,,,,,,,,,,,,,,,,,,,,,,,,,,,,,,,,,,,,,,,,,,,,,,,,,,,,,,,,,,,,,,,,,,,,,,,,,,,,,,,,,,,,,,,,,,,,,,,,,,,,,,,,,,,,,,,,,,,,,,,,,,,,,,,
1764665237.428641,45624,1,4399.477539,4406.834473,4521.617188,4542.563965,4405.039551,4519.083008,4552.27832,4399.763184,4584.802734,4414.053223,4497.929199,4523.392578,4575.1875,4397.662598,4388.678711,4501.439941,4551.676758,4534.181641,4513.175781,4393.491211,4399.339355,4580.650879,4525.848145,4506.755371,4406.005859,4587.563965,4404.487305,4571.696289,4513.234863,4412.958496,4531.153809,4524.625488,0,1,25,0,0,,,,0,4,4,4,4,4,4,4,4,4,4,4,4,4,4,4,4,4,4,4,4,4,4,4,4,4,4,4,4,4,4,4,4,100,,,,,,,,,,,,,,,,,,,,,,,,,,,,,,,,,,,,,,,,,,,,,,,,,,,,,,,,,,,,,,,,,,,,,,,,,,,,,,,,,,,,,,,,,,,,,,,,,,,,,,,,,,,,,,,,,,,,,,,,,,,,,,,,,,,,,,,,,,,,,,,,,,,,,,,,,,,,,,,,,,,,,,,,,,,,,,,,,,,,,,,,,,,,,,,,,,,,,,,,,,,,,,
1764665237.432546,45625,1,4399.319336,4406.696289,4521.854004,4544.358887,4405.029785,4518.382813,4552.061035,4399.950684,4586.390625,4414.417969,4497.356934,4523.313477,4574.723633,4397.061035,4387.27832,4500.631348,4551.321289,4533.520508,4512.702148,4393.195313,4398.895508,4580.423828,4525.828613,4506.765137,4405.946777,4587.05127,4405.256348,4571.528809,4512.938965,4412.603516,4531.538574,4525.295898,0,1,25,0,0,,,,0,4,4,4,4,4,4,4,4,4,4,4,4,4,4,4,4,4,4,4,4,4,4,4,4,4,4,4,4,4,4,4,4,100,,,,,,,,,,,,,,,,,,,,,,,,,,,,,,,,,,,27789,1,0.264278,-0.597717,-0.734039,0.184601,0.967403,0.22366,0.047613,25.666666,29.166666,44.583332,,,,,,,,,,,,,,,,,,,,,,,,,,,,,,,,,,,,,,,,,,,,,,,,,,,,,,,,,,,,,,,,,,,,,,,,,,,,,,,,,,,,,,,,,,,,,,,,,,,,,,,,,,,,,,,,,,,,,,,,,,,,,,,,,,,,,,,,,,,,,,,,,,,,,,,,,,,,,,,,
1764665237.436452,45626,1,4399.161621,4406.558105,4522.09082,4546.153809,4405.019531,4517.682617,4551.844238,4400.138184,4587.978516,4414.783203,4496.785156,4523.234863,4574.260254,4396.459473,4385.87793,4499.822266,4550.966309,4532.859863,4512.229004,4392.899414,4398.45166,4580.197266,4525.808594,4506.775391,4405.887695,4586.538574,4406.025879,4571.36084,4512.643066,4412.248535,4531.922852,4525.966309,0,1,25,0,0,,,,0,4,4,4,4,4,4,4,4,4,4,4,4,4,4,4,4,4,4,4,4,4,4,4,4,4,4,4,4,4,4,4,4,100,,,,,,,,,,,,,,,,,,,,,,,,,,,,,,,,,,,,,,,,,,,,,,,1.263309,1.082558,0.406913,1.348199,0.892575,3.518464,1.488038,0.506343,1.440396,1.120057,5.147137,1.159495,0.744467,1.483361,1.169749,3.450838,1.180635,0.604343,1.560506,1.003851,2.520285,1.286007,0.527795,1.472832,1.139531,2.345119,1.327944,0.679247,1.361347,0.842369,2.594678,0.531851,0.421343,1.444631,1.13036,2.214933,0.817411,0.411972,1.498904,1.114167,1.41921,0.378611,0.228109,1.2677,1.088447,1.621131,0.63297,0.84274,1.797968,1.547274,1.234943,0.242801,0.428184,0.927439,0.837003,1.306495,0.95418,0.427771,1.262157,0.992223,0.75313,0.780005,0.446903,1.037186,0.933546,0.637795,0.93072,0.20073,0.575709,0.764143,0.31099,0.995763,0.298736,0.775744,1.170302,1.06538,1.884906,0.360959,0.870397,0.887293,1.490942,1.450883,0.699522,1.646664,1.142284,0.775668,1.724148,0.458183,1.440365,1.139472,0.563858,1.114031,0.650508,0.862566,0.642133,0.774554,1.497274,0.749795,0.971782,0.871834,0.861957,1.164716,0.755759,1.239383,0.839034,1.038756,1.551269,0.95837,1.366131,1.036426,0.936927,1.468737,0.571801,1.170726,0.816473,1.844258,1.35351,0.812978,1.437695,0.986245,2.273149,0.997996,2.112911,2.965356,1.489732,2.252029,0.762102,0.611542,1.285441,1.0014,2.293605,1.117746,0.869386,1.663391,1.130162,2.007183,1.294577,0.898302,1.560588,1.074057,1.19641,0.552237,0.288261,0.722251,0.560906,3.283612,0.907918,0.614623,1.220288,1.086436,2.916485,1.061485,0.784949,1.231683,1.03456,3.706559,0.832713,0.507292,1.351307,1.101062
1764665237.440358,45627,1,4399.003906,4406.419922,4522.327637,4547.94873,4405.009766,4516.982422,4551.627441,4400.325684,4589.565918,4415.147949,4496.212891,4523.155762,4573.796875,4395.85791,4384.477539,4499.013672,4550.611328,4532.199219,4511.755371,4392.603516,4398.007813,4579.970215,4525.789063,4506.785156,4405.828613,4586.025879,4406.794922,4571.193359,4512.347168,4411.893555,4532.307617,4526.637207,0,1,25,0,0,,,,0,4,4,4,4,4,4,4,4,4,4,4,4,4,4,4,4,4,4,4,4,4,4,4,4,4,4,4,4,4,4,4,4,100,,,,,,,,,,,,,,,,,,,,,,,,,,,,,,,,,,,27790,1,0.264236,-0.597778,-0.734024,0.184525,0.967647,0.227078,0.047735,25.666666,29.25,44.375,,,,,,,,,,,,,,,,,,,,,,,,,,,,,,,,,,,,,,,,,,,,,,,,,,,,,,,,,,,,,,,,,,,,,,,,,,,,,,,,,,,,,,,,,,,,,,,,,,,,,,,,,,,,,,,,,,,,,,,,,,,,,,,,,,,,,,,,,,,,,,,,,,,,,,,,,,,,,,,,
1764665237.444264,45628,0,4398.846191,4406.282227,4522.563965,4549.743652,4405,4516.282227,4551.410156,4400.512695,4591.153809,4415.512695,4495.641113,4523.077148,4573.333496,4395.256348,4383.077148,4498.205078,4550.256348,4531.538574,4511.282227,4392.307617,4397.563965,4579.743652,4525.769043,4506.794922,4405.769043,4585.512695,4407.563965,4571.025879,4512.05127,4411.538574,4532.692383,4527.307617,2695,1,25,2573,48443,,,,0,4,4,4,4,4,4,4,4,4,4,4,4,4,4,4,4,4,4,4,4,4,4,4,4,4,4,4,4,4,4,4,4,100,,,,,,,,,,,,,,,,,,,,,,,,,,,,,,,,,,,,,,,,,,,,,,,,,,,,,,,,,,,,,,,,,,,,,,,,,,,,,,,,,,,,,,,,,,,,,,,,,,,,,,,,,,,,,,,,,,,,,,,,,,,,,,,,,,,,,,,,,,,,,,,,,,,,,,,,,,,,,,,,,,,,,,,,,,,,,,,,,,,,,,,,,,,,,,,,,,,,,,,,,,,,,,
1764665237.448170,45629,0,4402.179688,4408.205078,4527.436035,4553.589844,4408.717773,4519.615234,4554.487305,4404.102539,4592.94873,4424.102539,4499.358887,4526.282227,4577.179688,4397.692383,4385.128418,4503.077148,4556.666504,4537.307617,4515.256348,4395.641113,4401.025879,4584.358887,4530.512695,4511.922852,4403.205078,4588.974121,4408.333496,4574.230957,4516.153809,4411.410156,4534.871582,4525.897461,2511,1,25,2573,48443,,,,0,4,4,4,4,4,4,4,4,4,4,4,4,4,4,4,4,4,4,4,4,4,4,4,4,4,4,4,4,4,4,4,4,100,,,,,,,,,,,,,,,,,,,,,,,,,,,,,,,,,,,27791,0,0.264193,-0.597839,-0.734009,0.184448,0.967892,0.230497,0.047857,25.666666,29.333334,44.166668,,,,,,,,,,,,,,,,,,,,,,,,,,,,,,,,,,,,,,,,,,,,,,,,,,,,,,,,,,,,,,,,,,,,,,,,,,,,,,,,,,,,,,,,,,,,,,,,,,,,,,,,,,,,,,,,,,,,,,,,,,,,,,,,,,,,,,,,,,,,,,,,,,,,,,,,,,,,,,,,
1764665237.452075,45630,0,4399.871582,4402.563965,4523.974121,4547.05127,4405,4518.461426,4552.436035,4399.743652,4584.871582,4419.358887,4497.820313,4523.077148,4577.307617,4394.615234,4381.153809,4503.205078,4555.512695,4537.820313,4512.436035,4390.897461,4397.436035,4581.410156,4528.461426,4510.897461,4397.436035,4587.563965,4404.743652,4571.282227,4517.05127,4406.410156,4533.333496,4520.384766,2660,1,25,2574,48451,,,,0,4,4,4,4,4,4,4,4,4,4,4,4,4,4,4,4,4,4,4,4,4,4,4,4,4,4,4,4,4,4,4,4,100,,,,,,,,,,,,,,,,,,,,,,,,,,,,,,,,,,,,,,,,,,,,,,,,,,,,,,,,,,,,,,,,,,,,,,,,,,,,,,,,,,,,,,,,,,,,,,,,,,,,,,,,,,,,,,,,,,,,,,,,,,,,,,,,,,,,,,,,,,,,,,,,,,,,,,,,,,,,,,,,,,,,,,,,,,,,,,,,,,,,,,,,,,,,,,,,,,,,,,,,,,,,,,
1764665237.455981,45631,0,4393.333496,4393.461426,4515.256348,4534.615234,4396.282227,4513.589844,4546.153809,4389.615234,4572.307617,4405.769043,4492.692383,4516.282227,4574.487305,4388.461426,4374.743652,4499.871582,4548.974121,4533.846191,4505.256348,4381.282227,4389.102539,4575,4521.666504,4504.871582,4392.179688,4582.307617,4399.230957,4564.230957,4514.487305,4400,4528.333496,4513.461426,2827,1,25,2574,48451,,,,0,4,4,4,4,4,4,4,4,4,4,4,4,4,4,4,4,4,4,4,4,4,4,4,4,4,4,4,4,4,4,4,4,100,,,,,,,,,,,,,,,,,,,,,,,,,,,,,,,,,,,,,,,,,,,,,,,,,,,,,,,,,,,,,,,,,,,,,,,,,,,,,,,,,,,,,,,,,,,,,,,,,,,,,,,,,,,,,,,,,,,,,,,,,,,,,,,,,,,,,,,,,,,,,,,,,,,,,,,,,,,,,,,,,,,,,,,,,,,,,,,,,,,,,,,,,,,,,,,,,,,,,,,,,,,,,,
1764665237.459887,45632,0,4385.897461,4386.410156,4505.897461,4523.077148,4386.922852,4507.94873,4538.205078,4378.846191,4561.666504,4391.922852,4486.666504,4510,4569.615234,4382.692383,4370.384766,4496.025879,4541.666504,4528.205078,4498.589844,4372.820313,4380.512695,4569.487305,4513.846191,4496.922852,4388.717773,4575.256348,4394.102539,4557.05127,4510,4395.128418,4521.410156,4506.922852,2764,1,25,2573,48459,,,,0,4,4,4,4,4,4,4,4,4,4,4,4,4,4,4,4,4,4,4,4,4,4,4,4,4,4,4,4,4,4,4,4,100,,,,,,,,,,,,,,,,,,,,,,,,,,,,,,,,,,,,,,,,,,,,,,,,,,,,,,,,,,,,,,,,,,,,,,,,,,,,,,,,,,,,,,,,,,,,,,,,,,,,,,,,,,,,,,,,,,,,,,,,,,,,,,,,,,,,,,,,,,,,,,,,,,,,,,,,,,,,,,,,,,,,,,,,,,,,,,,,,,,,,,,,,,,,,,,,,,,,,,,,,,,,,,
1764665237.463793,45633,0,4380.384766,4384.102539,4499.358887,4516.922852,4380.897461,4503.846191,4531.410156,4371.666504,4556.153809,4384.487305,4482.307617,4506.666504,4563.846191,4379.230957,4370.384766,4494.743652,4537.179688,4523.717773,4496.410156,4370,4375.897461,4566.282227,4507.94873,4490.769043,4385.897461,4568.846191,4390,4552.820313,4505.128418,4392.563965,4514.743652,4501.025879,2929,1,25,2573,48459,,,,0,4,4,4,4,4,4,4,4,4,4,4,4,4,4,4,4,4,4,4,4,4,4,4,4,4,4,4,4,4,4,4,4,100,,,,,,,,,,,,,,,,,,,,,,,,,,,,,,,,,,,27792,0,0.264416,-0.597778,-0.733948,0.18457,0.967892,0.230497,0.047857,23.833334,28.833334,45.166668,,,,,,,,,,,,,,,,,,,,,,,,,,,,,,,,,,,,,,,,,,,,,,,,,,,,,,,,,,,,,,,,,,,,,,,,,,,,,,,,,,,,,,,,,,,,,,,,,,,,,,,,,,,,,,,,,,,,,,,,,,,,,,,,,,,,,,,,,,,,,,,,,,,,,,,,,,,,,,,,
1764665237.467698,45634,0,4377.820313,4384.743652,4495.384766,4515.641113,4379.615234,4500.897461,4526.538574,4369.743652,4554.743652,4383.846191,4480.384766,4506.025879,4558.589844,4377.563965,4373.333496,4496.282227,4535.769043,4521.153809,4498.846191,4372.307617,4376.282227,4564.230957,4504.871582,4488.077148,4381.922852,4564.230957,4386.666504,4551.538574,4500.897461,4390.641113,4509.358887,4495.384766,2609,1,25,2570,48467,,,,0,4,4,4,4,4,4,4,4,4,4,4,4,4,4,4,4,4,4,4,4,4,4,4,4,4,4,4,4,4,4,4,4,100,,,,,,,,,,,,,,,,,,,,,,,,,,,,,,,,,,,,,,,,,,,,,,,,,,,,,,,,,,,,,,,,,,,,,,,,,,,,,,,,,,,,,,,,,,,,,,,,,,,,,,,,,,,,,,,,,,,,,,,,,,,,,,,,,,,,,,,,,,,,,,,,,,,,,,,,,,,,,,,,,,,,,,,,,,,,,,,,,,,,,,,,,,,,,,,,,,,,,,,,,,,,,,
1764665237.471604,45635,0,4377.05127,4384.615234,4492.179688,4515.897461,4381.153809,4497.563965,4522.820313,4370.897461,4554.102539,4385.384766,4479.615234,4506.282227,4555.128418,4376.538574,4376.666504,4499.358887,4535.512695,4520.256348,4502.820313,4376.025879,4379.102539,4560.897461,4503.974121,4487.94873,4376.153809,4562.05127,4383.846191,4550.897461,4497.820313,4387.820313,4505.769043,4490.384766,2864,1,25,2570,48467,,,,0,4,4,4,4,4,4,4,4,4,4,4,4,4,4,4,4,4,4,4,4,4,4,4,4,4,4,4,4,4,4,4,4,100,,,,,,,,,,,,,,,,,,,,,,,,,,,,,,,,,,,,,,,,,,,,,,,,,,,,,,,,,,,,,,,,,,,,,,,,,,,,,,,,,,,,,,,,,,,,,,,,,,,,,,,,,,,,,,,,,,,,,,,,,,,,,,,,,,,,,,,,,,,,,,,,,,,,,,,,,,,,,,,,,,,,,,,,,,,,,,,,,,,,,,,,,,,,,,,,,,,,,,,,,,,,,,
1764665237.475510,45636,0,4377.436035,4382.179688,4489.487305,4515.256348,4383.461426,4494.615234,4520.256348,4372.436035,4553.205078,4385.641113,4479.230957,4506.282227,4554.358887,4375.897461,4379.358887,4502.563965,4535,4521.538574,4506.025879,4378.333496,4381.922852,4557.307617,4504.487305,4488.974121,4370.769043,4562.05127,4382.307617,4549.230957,4496.794922,4384.487305,4504.615234,4488.077148,2760,1,25,2571,48474,,,,0,4,4,4,4,4,4,4,4,4,4,4,4,4,4,4,4,4,4,4,4,4,4,4,4,4,4,4,4,4,4,4,4,100,,,,,,,,,,,,,,,,,,,,,,,,,,,,,,,,,,,,,,,,,,,,,,,,,,,,,,,,,,,,,,,,,,,,,,,,,,,,,,,,,,,,,,,,,,,,,,,,,,,,,,,,,,,,,,,,,,,,,,,,,,,,,,,,,,,,,,,,,,,,,,,,,,,,,,,,,,,,,,,,,,,,,,,,,,,,,,,,,,,,,,,,,,,,,,,,,,,,,,,,,,,,,,
1764665237.479416,45637,0,4379.743652,4380.769043,4490,4515.769043,4385.897461,4495.256348,4520.769043,4374.487305,4554.102539,4386.153809,4480.512695,4507.307617,4557.436035,4377.307617,4383.333496,4506.538574,4535.128418,4526.538574,4508.461426,4380.384766,4384.358887,4556.666504,4507.05127,4491.410156,4370.512695,4565.256348,4384.230957,4548.077148,4498.846191,4383.589844,4507.05127,4490.897461,2790,1,25,2571,48474,,,,0,4,4,4,4,4,4,4,4,4,4,4,4,4,4,4,4,4,4,4,4,4,4,4,4,4,4,4,4,4,4,4,4,100,,,,,,,,,,,,,,,,,,,,,,,,,,,,,,,,,,,27793,0,0.26432,-0.597839,-0.733948,0.184509,0.979612,0.212428,0.047857,22.666666,29.666666,44.666668,,,,,,,,,,,,,,,,,,,,,,,,,,,,,,,,,,,,,,,,,,,,,,,,,,,,,,,,,,,,,,,,,,,,,,,,,,,,,,,,,,,,,,,,,,,,,,,,,,,,,,,,,,,,,,,,,,,,,,,,,,,,,,,,,,,,,,,,,,,,,,,,,,,,,,,,,,,,,,,,
1764665237.483321,45638,0,4384.743652,4384.743652,4496.666504,4521.025879,4390,4502.179688,4526.538574,4379.102539,4559.871582,4391.666504,4485.512695,4511.153809,4564.230957,4382.307617,4390.128418,4511.282227,4538.333496,4535,4511.410156,4384.871582,4388.589844,4561.410156,4512.05127,4496.025879,4379.358887,4572.436035,4391.025879,4550.384766,4504.358887,4387.436035,4513.974121,4500,2801,1,25,2571,48482,,,,0,4,4,4,4,4,4,4,4,4,4,4,4,4,4,4,4,4,4,4,4,4,4,4,4,4,4,4,4,4,4,4,4,100,,,,,,,,,,,,,,,,,,,,,,,,,,,,,,,,,,,,,,,,,,,,,,,,,,,,,,,,,,,,,,,,,,,,,,,,,,,,,,,,,,,,,,,,,,,,,,,,,,,,,,,,,,,,,,,,,,,,,,,,,,,,,,,,,,,,,,,,,,,,,,,,,,,,,,,,,,,,,,,,,,,,,,,,,,,,,,,,,,,,,,,,,,,,,,,,,,,,,,,,,,,,,,
1764665237.487227,45639,0,4391.282227,4394.358887,4509.102539,4531.666504,4396.153809,4513.205078,4536.538574,4386.410156,4569.615234,4402.820313,4493.461426,4517.179688,4571.794922,4388.717773,4397.692383,4514.743652,4544.871582,4543.461426,4514.871582,4392.179688,4395.128418,4569.358887,4517.820313,4502.05127,4395.769043,4581.922852,4400.769043,4556.538574,4511.538574,4396.025879,4523.974121,4512.563965,2990,1,25,2571,48482,,,,0,4,4,4,4,4,4,4,4,4,4,4,4,4,4,4,4,4,4,4,4,4,4,4,4,4,4,4,4,4,4,4,4,100,,,,,,,,,,,,,,,,,,,,,,,,,,,,,,,,,,,,,,,,,,,,,,,,,,,,,,,,,,,,,,,,,,,,,,,,,,,,,,,,,,,,,,,,,,,,,,,,,,,,,,,,,,,,,,,,,,,,,,,,,,,,,,,,,,,,,,,,,,,,,,,,,,,,,,,,,,,,,,,,,,,,,,,,,,,,,,,,,,,,,,,,,,,,,,,,,,,,,,,,,,,,,,
1764665237.491133,45640,0,4396.153809,4404.615234,4522.05127,4542.436035,4401.666504,4522.307617,4546.538574,4393.461426,4578.717773,4413.333496,4499.743652,4522.307617,4575.256348,4392.692383,4400.641113,4513.846191,4551.538574,4547.436035,4516.922852,4398.974121,4401.282227,4574.871582,4521.282227,4506.666504,4411.410156,4589.871582,4408.461426,4563.205078,4516.666504,4404.871582,4533.077148,4523.077148,2869,1,25,2572,48490,,,,0,4,4,4,4,4,4,4,4,4,4,4,4,4,4,4,4,4,4,4,4,4,4,4,4,4,4,4,4,4,4,4,4,100,,,,,,,,,,,,,,,,,,,,,,,,,,,,,,,,,,,,,,,,,,,,,,,,,,,,,,,,,,,,,,,,,,,,,,,,,,,,,,,,,,,,,,,,,,,,,,,,,,,,,,,,,,,,,,,,,,,,,,,,,,,,,,,,,,,,,,,,,,,,,,,,,,,,,,,,,,,,,,,,,,,,,,,,,,,,,,,,,,,,,,,,,,,,,,,,,,,,,,,,,,,,,,
1764665237.495039,45641,0,4396.282227,4409.102539,4528.846191,4546.025879,4403.205078,4524.102539,4550.897461,4396.666504,4581.794922,4415.128418,4499.871582,4522.563965,4571.922852,4390.769043,4395.256348,4507.436035,4554.230957,4544.615234,4516.410156,4401.794922,4403.205078,4573.717773,4520.256348,4507.307617,4417.94873,4592.820313,4409.487305,4566.282227,4517.05127,4408.333496,4536.282227,4525.897461,2718,1,25,2572,48490,,,,0,4,4,4,4,4,4,4,4,4,4,4,4,4,4,4,4,4,4,4,4,4,4,4,4,4,4,4,4,4,4,4,4,100,,,,,,,,,,,,,,,,,,,,,,,,,,,,,,,,,,,27794,0,0.264182,-0.5979,-0.733948,0.184509,0.968868,0.211452,0.03223,22.666666,29.666666,44.666668,,,,,,,,,,,,,,,,,,,,,,,,,,,,,,,,,,,,,,,,,,,,,,,,,,,,,,,,,,,,,,,,,,,,,,,,,,,,,,,,,,,,,,,,,,,,,,,,,,,,,,,,,,,,,,,,,,,,,,,,,,,,,,,,,,,,,,,,,,,,,,,,,,,,,,,,,,,,,,,,
1764665237.498945,45642,1,4395.789551,4408.711426,4528.414063,4545.526367,4403.420898,4523.286133,4550.087891,4396.498047,4581.65332,4414.163086,4499.40625,4521.768066,4571.632813,4390.452148,4394.507324,4507.402344,4554.13623,4544.277832,4516.599121,4401.579102,4403.049805,4573.400879,4520.026855,4507.199707,4417.253906,4592.982422,4408.954102,4566.201172,4516.477539,4408.481934,4535.985352,4525.742188,0,1,25,0,0,,,,0,4,4,4,4,4,4,4,4,4,4,4,4,4,4,4,4,4,4,4,4,4,4,4,4,4,4,4,4,4,4,4,4,100,,,,,,,,,,,,,,,,,,,,,,,,,,,,,,,,,,,,,,,,,,,,,,,,,,,,,,,,,,,,,,,,,,,,,,,,,,,,,,,,,,,,,,,,,,,,,,,,,,,,,,,,,,,,,,,,,,,,,,,,,,,,,,,,,,,,,,,,,,,,,,,,,,,,,,,,,,,,,,,,,,,,,,,,,,,,,,,,,,,,,,,,,,,,,,,,,,,,,,,,,,,,,,
1764665237.502850,45643,1,4395.296875,4408.319824,4527.982422,4545.026855,4403.637207,4522.469727,4549.277832,4396.329102,4581.51123,4413.198242,4498.94043,4520.97168,4571.342773,4390.134766,4393.758301,4507.368652,4554.041992,4543.94043,4516.788086,4401.362793,4402.894531,4573.083496,4519.797363,4507.091797,4416.558594,4593.144531,4408.420898,4566.120117,4515.904297,4408.630371,4535.688477,4525.586914,0,1,25,0,0,,,,0,4,4,4,4,4,4,4,4,4,4,4,4,4,4,4,4,4,4,4,4,4,4,4,4,4,4,4,4,4,4,4,4,100,,,,,,,,,,,,,,,,,,,,,,,,,,,,,,,,,,,,,,,,,,,,,,,,,,,,,,,,,,,,,,,,,,,,,,,,,,,,,,,,,,,,,,,,,,,,,,,,,,,,,,,,,,,,,,,,,,,,,,,,,,,,,,,,,,,,,,,,,,,,,,,,,,,,,,,,,,,,,,,,,,,,,,,,,,,,,,,,,,,,,,,,,,,,,,,,,,,,,,,,,,,,,,
1764665237.506756,45644,1,4394.804199,4407.928711,4527.550781,4544.527832,4403.853027,4521.65332,4548.468262,4396.160645,4581.369629,4412.233398,4498.475098,4520.175293,4571.052734,4389.817871,4393.009277,4507.334473,4553.947266,4543.603027,4516.977051,4401.146973,4402.739746,4572.766602,4519.568359,4506.983887,4415.86377,4593.306152,4407.888184,4566.039063,4515.330566,4408.778809,4535.391602,4525.431641,0,1,25,0,0,,,,0,4,4,4,4,4,4,4,4,4,4,4,4,4,4,4,4,4,4,4,4,4,4,4,4,4,4,4,4,4,4,4,4,100,,,,,,,,,,,,,,,,,,,,,,,,,,,,,,,,,,,,,,,,,,,,,,,,,,,,,,,,,,,,,,,,,,,,,,,,,,,,,,,,,,,,,,,,,,,,,,,,,,,,,,,,,,,,,,,,,,,,,,,,,,,,,,,,,,,,,,,,,,,,,,,,,,,,,,,,,,,,,,,,,,,,,,,,,,,,,,,,,,,,,,,,,,,,,,,,,,,,,,,,,,,,,,
1764665237.510662,45645,1,4394.311523,4407.537109,4527.118652,4544.02832,4404.068848,4520.836914,4547.658691,4395.991699,4581.228027,4411.268555,4498.009277,4519.379395,4570.762695,4389.500488,4392.260254,4507.300781,4553.853027,4543.265625,4517.166016,4400.931152,4402.584473,4572.449219,4519.338867,4506.875977,4415.168457,4593.468262,4407.35498,4565.958008,4514.757324,4408.927246,4535.094238,4525.276855,0,1,25,0,0,,,,0,4,4,4,4,4,4,4,4,4,4,4,4,4,4,4,4,4,4,4,4,4,4,4,4,4,4,4,4,4,4,4,4,100,,,,,,,,,,,,,,,,,,,,,,,,,,,,,,,,,,,,,,,,,,,,,,,,,,,,,,,,,,,,,,,,,,,,,,,,,,,,,,,,,,,,,,,,,,,,,,,,,,,,,,,,,,,,,,,,,,,,,,,,,,,,,,,,,,,,,,,,,,,,,,,,,,,,,,,,,,,,,,,,,,,,,,,,,,,,,,,,,,,,,,,,,,,,,,,,,,,,,,,,,,,,,,
1764665237.514568,45646,1,4393.819336,4407.145508,4526.687012,4543.528809,4404.284668,4520.02002,4546.848633,4395.823242,4581.086426,4410.303711,4497.543945,4518.583008,4570.472168,4389.183594,4391.51123,4507.26709,4553.758301,4542.928711,4517.35498,4400.715332,4402.429199,4572.132324,4519.109375,4506.768066,4414.473633,4593.630371,4406.821777,4565.876953,4514.183594,4409.075684,4534.797363,4525.121582,0,1,25,0,0,,,,0,4,4,4,4,4,4,4,4,4,4,4,4,4,4,4,4,4,4,4,4,4,4,4,4,4,4,4,4,4,4,4,4,100,,,,,,,,,,,,,,,,,,,,,,,,,,,,,,,,,,,,,,,,,,,,,,,,,,,,,,,,,,,,,,,,,,,,,,,,,,,,,,,,,,,,,,,,,,,,,,,,,,,,,,,,,,,,,,,,,,,,,,,,,,,,,,,,,,,,,,,,,,,,,,,,,,,,,,,,,,,,,,,,,,,,,,,,,,,,,,,,,,,,,,,,,,,,,,,,,,,,,,,,,,,,,,
1764665237.518473,45647,1,4393.32666,4406.754395,4526.254883,4543.029785,4404.500488,4519.203613,4546.039063,4395.654297,4580.944824,4409.338867,4497.078125,4517.786621,4570.182129,4388.866211,4390.762695,4507.233398,4553.664063,4542.591309,4517.543945,4400.499512,4402.273926,4571.814941,4518.879883,4506.660156,4413.778809,4593.791992,4406.288574,4565.796387,4513.609863,4409.224121,4534.500488,4524.966309,0,1,25,0,0,,,,0,4,4,4,4,4,4,4,4,4,4,4,4,4,4,4,4,4,4,4,4,4,4,4,4,4,4,4,4,4,4,4,4,100,,,,,,,,,,,,,,,,,,,,,,,,,,,,,,,,,,,,,,,,,,,,,,,,,,,,,,,,,,,,,,,,,,,,,,,,,,,,,,,,,,,,,,,,,,,,,,,,,,,,,,,,,,,,,,,,,,,,,,,,,,,,,,,,,,,,,,,,,,,,,,,,,,,,,,,,,,,,,,,,,,,,,,,,,,,,,,,,,,,,,,,,,,,,,,,,,,,,,,,,,,,,,,
1764665237.522379,45648,1,4392.833984,4406.362793,4525.823242,4542.530273,4404.716797,4518.387207,4545.229492,4395.48584,4580.802734,4408.374023,4496.612793,4516.990723,4569.89209,4388.549316,4390.013672,4507.199707,4553.569336,4542.253906,4517.73291,4400.283203,4402.118652,4571.498047,4518.650391,4506.551758,4413.083496,4593.954102,4405.755859,4565.715332,4513.036621,4409.372559,4534.203613,4524.811035,0,1,25,0,0,,,,0,4,4,4,4,4,4,4,4,4,4,4,4,4,4,4,4,4,4,4,4,4,4,4,4,4,4,4,4,4,4,4,4,100,,,,,,,,,,,,,,,,,,,,,,,,,,,,,,,,,,,,,,,,,,,,,,,,,,,,,,,,,,,,,,,,,,,,,,,,,,,,,,,,,,,,,,,,,,,,,,,,,,,,,,,,,,,,,,,,,,,,,,,,,,,,,,,,,,,,,,,,,,,,,,,,,,,,,,,,,,,,,,,,,,,,,,,,,,,,,,,,,,,,,,,,,,,,,,,,,,,,,,,,,,,,,,
1764665237.526285,45649,1,4392.341309,4405.97168,4525.391602,4542.03125,4404.932617,4517.570801,4544.419922,4395.317383,4580.661133,4407.408691,4496.146973,4516.194336,4569.602051,4388.231934,4389.264648,4507.166016,4553.475098,4541.916504,4517.921875,4400.067383,4401.963379,4571.180664,4518.420898,4506.443848,4412.388672,4594.116211,4405.222656,4565.634277,4512.462891,4409.520996,4533.906738,4524.655762,0,1,25,0,0,,,,0,4,4,4,4,4,4,4,4,4,4,4,4,4,4,4,4,4,4,4,4,4,4,4,4,4,4,4,4,4,4,4,4,100,,,,,,,,,,,,,,,,,,,,,,,,,,,,,,,,,,,,,,,,,,,,,,,,,,,,,,,,,,,,,,,,,,,,,,,,,,,,,,,,,,,,,,,,,,,,,,,,,,,,,,,,,,,,,,,,,,,,,,,,,,,,,,,,,,,,,,,,,,,,,,,,,,,,,,,,,,,,,,,,,,,,,,,,,,,,,,,,,,,,,,,,,,,,,,,,,,,,,,,,,,,,,,
1764665237.530191,45650,1,4391.848633,4405.580078,4524.959473,4541.531738,4405.148438,4516.754395,4543.609863,4395.148438,4580.519531,4406.443848,4495.681641,4515.397949,4569.311523,4387.915039,4388.515625,4507.132324,4553.380371,4541.579102,4518.11084,4399.851563,4401.808594,4570.86377,4518.191406,4506.335938,4411.693848,4594.277832,4404.689453,4565.553223,4511.88916,4409.669434,4533.609863,4524.500488,0,1,25,0,0,,,,0,4,4,4,4,4,4,4,4,4,4,4,4,4,4,4,4,4,4,4,4,4,4,4,4,4,4,4,4,4,4,4,4,100,,,,,,,,,,,,,,,,,,,,,,,,,,,,,,,,,,,,,,,,,,,,,,,,,,,,,,,,,,,,,,,,,,,,,,,,,,,,,,,,,,,,,,,,,,,,,,,,,,,,,,,,,,,,,,,,,,,,,,,,,,,,,,,,,,,,,,,,,,,,,,,,,,,,,,,,,,,,,,,,,,,,,,,,,,,,,,,,,,,,,,,,,,,,,,,,,,,,,,,,,,,,,,
1764665237.534097,45651,1,4391.356445,4405.188965,4524.527832,4541.032227,4405.364258,4515.937988,4542.800293,4394.97998,4580.37793,4405.479004,4495.21582,4514.602051,4569.021484,4387.597656,4387.766602,4507.098633,4553.286133,4541.241699,4518.299805,4399.635742,4401.65332,4570.546387,4517.962402,4506.228027,4410.998535,4594.439941,4404.156738,4565.472168,4511.315918,4409.817871,4533.312988,4524.345703,0,1,25,0,0,,,,0,4,4,4,4,4,4,4,4,4,4,4,4,4,4,4,4,4,4,4,4,4,4,4,4,4,4,4,4,4,4,4,4,100,,,,,,,,,,,,,,,,,,,,,,,,,,,,,,,,,,,,,,,,,,,,,,,,,,,,,,,,,,,,,,,,,,,,,,,,,,,,,,,,,,,,,,,,,,,,,,,,,,,,,,,,,,,,,,,,,,,,,,,,,,,,,,,,,,,,,,,,,,,,,,,,,,,,,,,,,,,,,,,,,,,,,,,,,,,,,,,,,,,,,,,,,,,,,,,,,,,,,,,,,,,,,,
1764665237.538002,45652,1,4390.86377,4404.797363,4524.095703,4540.533203,4405.580078,4515.121582,4541.990723,4394.811035,4580.236328,4404.51416,4494.750488,4513.805664,4568.731445,4387.280762,4387.017578,4507.064941,4553.191406,4540.904297,4518.48877,4399.419922,4401.498047,4570.229492,4517.73291,4506.120117,4410.303711,4594.602051,4403.623535,4565.391602,4510.742188,4409.966309,4533.016113,4524.19043,0,1,25,0,0,,,,0,4,4,4,4,4,4,4,4,4,4,4,4,4,4,4,4,4,4,4,4,4,4,4,4,4,4,4,4,4,4,4,4,100,,,,,,,,,,,,,,,,,,,,,,,,,,,,,,,,,,,,,,,,,,,,,,,,,,,,,,,,,,,,,,,,,,,,,,,,,,,,,,,,,,,,,,,,,,,,,,,,,,,,,,,,,,,,,,,,,,,,,,,,,,,,,,,,,,,,,,,,,,,,,,,,,,,,,,,,,,,,,,,,,,,,,,,,,,,,,,,,,,,,,,,,,,,,,,,,,,,,,,,,,,,,,,
1764665237.541908,45653,1,4390.371094,4404.40625,4523.664063,4540.033691,4405.796387,4514.305176,4541.180664,4394.642578,4580.094238,4403.549316,4494.284668,4513.009277,4568.441406,4386.963379,4386.268555,4507.03125,4553.097168,4540.566895,4518.677246,4399.203613,4401.342773,4569.912109,4517.503418,4506.012207,4409.608398,4594.763672,4403.090332,4565.310547,4510.168457,4410.114746,4532.719238,4524.035156,0,1,25,0,0,,,,0,4,4,4,4,4,4,4,4,4,4,4,4,4,4,4,4,4,4,4,4,4,4,4,4,4,4,4,4,4,4,4,4,100,,,,,,,,,,,,,,,,,,,,,,,,,,,,,,,,,,,27795,1,0.264104,-0.597913,-0.733984,0.184436,0.968966,0.212721,0.037407,23.200001,29.466667,44.400002,,,,,,,,,,,,,,,,,,,,,,,,,,,,,,,,,,,,,,,,,,,,,,,,,,,,,,,,,,,,,,,,,,,,,,,,,,,,,,,,,,,,,,,,,,,,,,,,,,,,,,,,,,,,,,,,,,,,,,,,,,,,,,,,,,,,,,,,,,,,,,,,,,,,,,,,,,,,,,,,
1764665237.545814,45654,1,4389.878418,4404.014648,4523.231934,4539.53418,4406.012207,4513.48877,4540.371094,4394.473633,4579.952637,4402.584473,4493.819336,4512.213379,4568.151367,4386.646484,4385.519531,4506.99707,4553.00293,4540.229492,4518.866211,4398.987793,4401.1875,4569.595215,4517.273926,4505.904297,4408.913574,4594.925781,4402.557129,4565.229492,4509.595215,4410.263184,4532.422363,4523.879883,0,1,25,0,0,,,,0,4,4,4,4,4,4,4,4,4,4,4,4,4,4,4,4,4,4,4,4,4,4,4,4,4,4,4,4,4,4,4,4,100,,,,,,,,,,,,,,,,,,,,,,,,,,,,,,,,,,,,,,,,,,,,,,,,,,,,,,,,,,,,,,,,,,,,,,,,,,,,,,,,,,,,,,,,,,,,,,,,,,,,,,,,,,,,,,,,,,,,,,,,,,,,,,,,,,,,,,,,,,,,,,,,,,,,,,,,,,,,,,,,,,,,,,,,,,,,,,,,,,,,,,,,,,,,,,,,,,,,,,,,,,,,,,
1764665237.549720,45655,1,4389.385742,4403.623535,4522.800293,4539.035156,4406.228027,4512.671875,4539.561523,4394.305176,4579.811035,4401.619629,4493.353516,4511.416992,4567.86084,4386.329102,4384.770508,4506.963379,4552.908203,4539.89209,4519.055176,4398.771973,4401.032227,4569.277832,4517.044434,4505.796387,4408.21875,4595.087891,4402.024414,4565.148438,4509.021484,4410.411621,4532.125488,4523.724609,0,1,25,0,0,,,,0,4,4,4,4,4,4,4,4,4,4,4,4,4,4,4,4,4,4,4,4,4,4,4,4,4,4,4,4,4,4,4,4,100,,,,,,,,,,,,,,,,,,,,,,,,,,,,,,,,,,,27796,1,0.264025,-0.597925,-0.734021,0.184363,0.969064,0.213991,0.042583,23.733334,29.266666,44.133335,,,,,,,,,,,,,,,,,,,,,,,,,,,,,,,,,,,,,,,,,,,,,,,,,,,,,,,,,,,,,,,,,,,,,,,,,,,,,,,,,,,,,,,,,,,,,,,,,,,,,,,,,,,,,,,,,,,,,,,,,,,,,,,,,,,,,,,,,,,,,,,,,,,,,,,,,,,,,,,,
1764665237.553625,45656,1,4388.893555,4403.231934,4522.368652,4538.535645,4406.443848,4511.855469,4538.751465,4394.13623,4579.669434,4400.654297,4492.888184,4510.620605,4567.570801,4386.012207,4384.021484,4506.929688,4552.813965,4539.554688,4519.244141,4398.556152,4400.876953,4568.960938,4516.814941,4505.688477,4407.523438,4595.249512,4401.491211,4565.067383,4508.448242,4410.560059,4531.828613,4523.569336,0,1,25,0,0,,,,0,4,4,4,4,4,4,4,4,4,4,4,4,4,4,4,4,4,4,4,4,4,4,4,4,4,4,4,4,4,4,4,4,100,,,,,,,,,,,,,,,,,,,,,,,,,,,,,,,,,,,,,,,,,,,,,,,,,,,,,,,,,,,,,,,,,,,,,,,,,,,,,,,,,,,,,,,,,,,,,,,,,,,,,,,,,,,,,,,,,,,,,,,,,,,,,,,,,,,,,,,,,,,,,,,,,,,,,,,,,,,,,,,,,,,,,,,,,,,,,,,,,,,,,,,,,,,,,,,,,,,,,,,,,,,,,,
1764665237.557531,45657,1,4388.400879,4402.84082,4521.936523,4538.036621,4406.660156,4511.039063,4537.941895,4393.967773,4579.527832,4399.689453,4492.422363,4509.824707,4567.280762,4385.694824,4383.272461,4506.895996,4552.719238,4539.217285,4519.433105,4398.339844,4400.722168,4568.643555,4516.585938,4505.580078,4406.828613,4595.411621,4400.958008,4564.986328,4507.874512,4410.708496,4531.531738,4523.414063,0,1,25,0,0,,,,0,4,4,4,4,4,4,4,4,4,4,4,4,4,4,4,4,4,4,4,4,4,4,4,4,4,4,4,4,4,4,4,4,100,,,,,,,,,,,,,,,,,,,,,,,,,,,,,,,,,,,27797,1,0.263947,-0.597937,-0.734058,0.18429,0.969161,0.215261,0.04776,24.266666,29.066668,43.866665,,,,,,,,,,,,,,,,,,,,,,,,,,,,,,,,,,,,,,,,,,,,,,,,,,,,,,,,,,,,,,,,,,,,,,,,,,,,,,,,,,,,,,,,,,,,,,,,,,,,,,,,,,,,,,,,,,,,,,,,,,,,,,,,,,,,,,,,,,,,,,,,,,,,,,,,,,,,,,,,
1764665237.561437,45658,1,4387.908203,4402.449219,4521.504883,4537.537109,4406.875977,4510.222656,4537.132324,4393.798828,4579.385742,4398.724609,4491.957031,4509.02832,4566.990723,4385.37793,4382.523438,4506.862305,4552.625,4538.879883,4519.62207,4398.124023,4400.566895,4568.32666,4516.356445,4505.472168,4406.133789,4595.57373,4400.425293,4564.905762,4507.300781,4410.856934,4531.234863,4523.259277,0,1,25,0,0,,,,0,4,4,4,4,4,4,4,4,4,4,4,4,4,4,4,4,4,4,4,4,4,4,4,4,4,4,4,4,4,4,4,4,100,,,,,,,,,,,,,,,,,,,,,,,,,,,,,,,,,,,,,,,,,,,,,,,1.084501,1.00938,0.406584,1.399222,0.940107,3.024899,1.129484,0.410697,1.495928,1.117925,5.061794,0.941488,0.570409,1.464867,1.197238,3.209087,0.843359,0.522424,1.717648,1.087402,2.258963,0.930694,0.400029,1.488905,1.218405,1.86306,1.05979,0.72579,1.450363,0.899228,2.27077,0.515983,0.395736,1.521821,1.206056,2.096296,0.555991,0.384687,1.575535,1.201305,1.450141,0.317753,0.238108,1.366583,1.092994,1.426573,0.543441,0.80258,2.003694,1.540115,1.016107,0.283562,0.355717,0.985656,0.886721,1.319344,0.88878,0.429402,1.298982,1.064834,0.70969,0.640298,0.373588,0.985044,0.970466,0.615731,0.861483,0.200406,0.606057,0.776808,0.352793,0.827785,0.225069,0.857528,1.180412,1.072701,1.627273,0.332578,0.923443,0.913871,1.756665,1.268444,0.642686,1.725963,1.158924,0.932542,1.49167,0.399568,1.57275,1.213678,0.662441,0.99674,0.606704,0.88999,0.656154,1.008,1.292927,0.617033,1.0094,0.891891,1.03809,1.147856,0.527337,1.337625,0.885856,1.279803,1.412571,0.887184,1.42277,1.066031,1.025415,1.305717,0.536919,1.308101,0.877467,2.056381,1.160251,0.775654,1.506209,1.035974,2.867646,0.972616,1.894168,2.999432,1.581641,2.638846,0.810898,0.472631,1.308335,1.054902,2.376775,1.079046,0.740001,1.660601,1.176937,2.256778,1.246669,0.812283,1.586033,1.141251,0.996239,0.438314,0.292932,0.753955,0.567839,3.320353,0.797641,0.483344,1.301772,1.122388,3.10091,1.021786,0.599098,1.285388,1.081204,3.603164,0.837686,0.372384,1.389248,1.121344
1764665237.565343,45659,1,4387.415527,4402.058105,4521.072754,4537.037598,4407.091797,4509.40625,4536.322754,4393.630371,4579.244141,4397.759766,4491.491211,4508.231934,4566.700195,4385.060547,4381.774414,4506.828613,4552.530273,4538.54248,4519.811035,4397.908203,4400.411621,4568.009277,4516.126953,4505.364258,4405.438477,4595.735352,4399.89209,4564.824707,4506.727539,4411.005371,4530.937988,4523.104004,0,1,25,0,0,,,,0,4,4,4,4,4,4,4,4,4,4,4,4,4,4,4,4,4,4,4,4,4,4,4,4,4,4,4,4,4,4,4,4,100,,,,,,,,,,,,,,,,,,,,,,,,,,,,,,,,,,,27798,1,0.263869,-0.597949,-0.734094,0.184216,0.969259,0.21653,0.052936,24.799999,28.866667,43.599998,,,,,,,,,,,,,,,,,,,,,,,,,,,,,,,,,,,,,,,,,,,,,,,,,,,,,,,,,,,,,,,,,,,,,,,,,,,,,,,,,,,,,,,,,,,,,,,,,,,,,,,,,,,,,,,,,,,,,,,,,,,,,,,,,,,,,,,,,,,,,,,,,,,,,,,,,,,,,,,,
1764665237.569249,45660,0,4386.922852,4401.666504,4520.641113,4536.538574,4407.307617,4508.589844,4535.512695,4393.461426,4579.102539,4396.794922,4491.025879,4507.436035,4566.410156,4384.743652,4381.025879,4506.794922,4552.436035,4538.205078,4520,4397.692383,4400.256348,4567.692383,4515.897461,4505.256348,4404.743652,4595.897461,4399.358887,4564.743652,4506.153809,4411.153809,4530.641113,4522.94873,2675,1,25,2575,48568,,,,0,4,4,4,4,4,4,4,4,4,4,4,4,4,4,4,4,4,4,4,4,4,4,4,4,4,4,4,4,4,4,4,4,100,,,,,,,,,,,,,,,,,,,,,,,,,,,,,,,,,,,,,,,,,,,,,,,,,,,,,,,,,,,,,,,,,,,,,,,,,,,,,,,,,,,,,,,,,,,,,,,,,,,,,,,,,,,,,,,,,,,,,,,,,,,,,,,,,,,,,,,,,,,,,,,,,,,,,,,,,,,,,,,,,,,,,,,,,,,,,,,,,,,,,,,,,,,,,,,,,,,,,,,,,,,,,,
1764665237.573154,45661,0,4386.666504,4399.102539,4520.512695,4536.025879,4408.333496,4505.512695,4534.487305,4390.384766,4580.512695,4391.922852,4487.307617,4503.846191,4564.230957,4386.153809,4385.128418,4507.307617,4554.102539,4539.487305,4520.897461,4397.94873,4401.410156,4568.461426,4514.102539,4503.974121,4404.615234,4595.512695,4392.820313,4563.974121,4502.94873,4411.282227,4527.692383,4524.487305,2493,1,25,2575,48568,,,,0,4,4,4,4,4,4,4,4,4,4,4,4,4,4,4,4,4,4,4,4,4,4,4,4,4,4,4,4,4,4,4,4,100,,,,,,,,,,,,,,,,,,,,,,,,,,,,,,,,,,,27799,0,0.26379,-0.597961,-0.734131,0.184143,0.969357,0.2178,0.058113,25.333334,28.666666,43.333332,,,,,,,,,,,,,,,,,,,,,,,,,,,,,,,,,,,,,,,,,,,,,,,,,,,,,,,,,,,,,,,,,,,,,,,,,,,,,,,,,,,,,,,,,,,,,,,,,,,,,,,,,,,,,,,,,,,,,,,,,,,,,,,,,,,,,,,,,,,,,,,,,,,,,,,,,,,,,,,,
1764665237.577060,45662,0,4392.563965,4401.794922,4525.128418,4543.077148,4412.820313,4511.282227,4539.358887,4394.743652,4587.692383,4396.538574,4489.743652,4505.769043,4566.410156,4390.769043,4393.589844,4510.641113,4556.538574,4545.384766,4522.820313,4400.384766,4405.769043,4573.589844,4516.025879,4508.077148,4407.94873,4597.94873,4393.077148,4569.230957,4505.256348,4414.102539,4528.846191,4525.769043,2638,1,25,2571,48576,,,,0,4,4,4,4,4,4,4,4,4,4,4,4,4,4,4,4,4,4,4,4,4,4,4,4,4,4,4,4,4,4,4,4,100,,,,,,,,,,,,,,,,,,,,,,,,,,,,,,,,,,,,,,,,,,,,,,,,,,,,,,,,,,,,,,,,,,,,,,,,,,,,,,,,,,,,,,,,,,,,,,,,,,,,,,,,,,,,,,,,,,,,,,,,,,,,,,,,,,,,,,,,,,,,,,,,,,,,,,,,,,,,,,,,,,,,,,,,,,,,,,,,,,,,,,,,,,,,,,,,,,,,,,,,,,,,,,
1764665237.580966,45663,0,4398.333496,4405.512695,4528.974121,4550.641113,4415.641113,4519.358887,4544.871582,4400.256348,4593.589844,4406.794922,4494.102539,4510.641113,4567.820313,4394.487305,4400,4513.589844,4555.897461,4549.358887,4522.692383,4401.922852,4409.230957,4577.436035,4518.333496,4512.94873,4412.692383,4600,4397.94873,4574.358887,4510.128418,4415.769043,4531.794922,4525.256348,2806,1,25,2571,48576,,,,0,4,4,4,4,4,4,4,4,4,4,4,4,4,4,4,4,4,4,4,4,4,4,4,4,4,4,4,4,4,4,4,4,100,,,,,,,,,,,,,,,,,,,,,,,,,,,,,,,,,,,,,,,,,,,,,,,,,,,,,,,,,,,,,,,,,,,,,,,,,,,,,,,,,,,,,,,,,,,,,,,,,,,,,,,,,,,,,,,,,,,,,,,,,,,,,,,,,,,,,,,,,,,,,,,,,,,,,,,,,,,,,,,,,,,,,,,,,,,,,,,,,,,,,,,,,,,,,,,,,,,,,,,,,,,,,,
1764665237.584872,45664,0,4398.846191,4405.384766,4527.563965,4551.282227,4413.077148,4522.692383,4546.282227,4400.384766,4592.820313,4414.871582,4494.871582,4515.256348,4564.743652,4394.102539,4399.487305,4513.205078,4550.897461,4546.922852,4519.358887,4400.384766,4408.589844,4576.282227,4517.820313,4513.077148,4412.563965,4598.846191,4401.666504,4573.717773,4513.205078,4413.717773,4533.461426,4522.692383,2743,1,25,2571,48584,,,,0,4,4,4,4,4,4,4,4,4,4,4,4,4,4,4,4,4,4,4,4,4,4,4,4,4,4,4,4,4,4,4,4,100,,,,,,,,,,,,,,,,,,,,,,,,,,,,,,,,,,,,,,,,,,,,,,,,,,,,,,,,,,,,,,,,,,,,,,,,,,,,,,,,,,,,,,,,,,,,,,,,,,,,,,,,,,,,,,,,,,,,,,,,,,,,,,,,,,,,,,,,,,,,,,,,,,,,,,,,,,,,,,,,,,,,,,,,,,,,,,,,,,,,,,,,,,,,,,,,,,,,,,,,,,,,,,
1764665237.588777,45665,0,4394.102539,4400.641113,4521.922852,4543.974121,4406.666504,4519.743652,4542.692383,4394.871582,4586.666504,4416.025879,4490.512695,4518.077148,4558.846191,4390.769043,4392.820313,4510.128418,4544.615234,4540.256348,4515.128418,4396.922852,4404.487305,4571.153809,4514.358887,4507.820313,4403.461426,4595.128418,4400.897461,4567.179688,4512.692383,4408.461426,4531.666504,4519.871582,2903,1,25,2571,48584,,,,0,4,4,4,4,4,4,4,4,4,4,4,4,4,4,4,4,4,4,4,4,4,4,4,4,4,4,4,4,4,4,4,4,100,,,,,,,,,,,,,,,,,,,,,,,,,,,,,,,,,,,27800,0,0.264056,-0.5979,-0.73407,0.184204,0.975217,0.207545,0.050787,25,29.666666,44.666668,,,,,,,,,,,,,,,,,,,,,,,,,,,,,,,,,,,,,,,,,,,,,,,,,,,,,,,,,,,,,,,,,,,,,,,,,,,,,,,,,,,,,,,,,,,,,,,,,,,,,,,,,,,,,,,,,,,,,,,,,,,,,,,,,,,,,,,,,,,,,,,,,,,,,,,,,,,,,,,,
1764665237.592683,45666,0,4389.102539,4394.487305,4516.282227,4534.743652,4401.153809,4514.487305,4538.077148,4389.102539,4580.641113,4411.282227,4484.358887,4519.743652,4555.769043,4388.589844,4386.282227,4506.794922,4541.282227,4535.384766,4513.589844,4394.615234,4399.871582,4566.794922,4510.641113,4501.538574,4388.589844,4591.794922,4396.922852,4560,4509.743652,4403.461426,4527.05127,4518.333496,2586,1,25,2572,48592,,,,0,4,4,4,4,4,4,4,4,4,4,4,4,4,4,4,4,4,4,4,4,4,4,4,4,4,4,4,4,4,4,4,4,100,,,,,,,,,,,,,,,,,,,,,,,,,,,,,,,,,,,,,,,,,,,,,,,,,,,,,,,,,,,,,,,,,,,,,,,,,,,,,,,,,,,,,,,,,,,,,,,,,,,,,,,,,,,,,,,,,,,,,,,,,,,,,,,,,,,,,,,,,,,,,,,,,,,,,,,,,,,,,,,,,,,,,,,,,,,,,,,,,,,,,,,,,,,,,,,,,,,,,,,,,,,,,,
1764665237.596589,45667,0,4387.307617,4390.256348,4514.871582,4531.153809,4400,4512.179688,4536.410156,4388.846191,4580.256348,4405.384766,4481.666504,4521.410156,4558.846191,4390.641113,4385.897461,4505.897461,4543.461426,4536.538574,4515.641113,4395.256348,4397.436035,4566.666504,4509.358887,4499.487305,4376.922852,4591.410156,4393.717773,4557.307617,4506.666504,4402.563965,4522.94873,4518.717773,2836,1,25,2572,48592,,,,0,4,4,4,4,4,4,4,4,4,4,4,4,4,4,4,4,4,4,4,4,4,4,4,4,4,4,4,4,4,4,4,4,100,,,,,,,,,,,,,,,,,,,,,,,,,,,,,,,,,,,,,,,,,,,,,,,,,,,,,,,,,,,,,,,,,,,,,,,,,,,,,,,,,,,,,,,,,,,,,,,,,,,,,,,,,,,,,,,,,,,,,,,,,,,,,,,,,,,,,,,,,,,,,,,,,,,,,,,,,,,,,,,,,,,,,,,,,,,,,,,,,,,,,,,,,,,,,,,,,,,,,,,,,,,,,,
1764665237.600495,45668,0,4388.589844,4388.461426,4517.692383,4535.512695,4402.179688,4514.230957,4538.461426,4394.615234,4585.384766,4401.794922,4484.615234,4522.94873,4566.153809,4395.512695,4391.794922,4507.563965,4548.461426,4542.05127,4518.846191,4398.205078,4397.436035,4569.871582,4510.512695,4502.563965,4375.641113,4593.974121,4393.589844,4560.256348,4504.615234,4406.410156,4521.794922,4520,2733,1,25,2573,48599,,,,0,4,4,4,4,4,4,4,4,4,4,4,4,4,4,4,4,4,4,4,4,4,4,4,4,4,4,4,4,4,4,4,4,100,,,,,,,,,,,,,,,,,,,,,,,,,,,,,,,,,,,,,,,,,,,,,,,,,,,,,,,,,,,,,,,,,,,,,,,,,,,,,,,,,,,,,,,,,,,,,,,,,,,,,,,,,,,,,,,,,,,,,,,,,,,,,,,,,,,,,,,,,,,,,,,,,,,,,,,,,,,,,,,,,,,,,,,,,,,,,,,,,,,,,,,,,,,,,,,,,,,,,,,,,,,,,,
1764665237.604400,45669,0,4388.717773,4386.538574,4520.512695,4542.436035,4403.461426,4517.05127,4541.410156,4400.769043,4590.641113,4400.384766,4490.769043,4522.05127,4571.025879,4398.461426,4398.589844,4509.871582,4551.153809,4546.025879,4519.615234,4400,4397.307617,4572.05127,4510.897461,4506.666504,4384.615234,4596.538574,4394.871582,4564.871582,4503.077148,4410.769043,4523.205078,4519.615234,2767,1,25,2573,48599,,,,0,4,4,4,4,4,4,4,4,4,4,4,4,4,4,4,4,4,4,4,4,4,4,4,4,4,4,4,4,4,4,4,4,100,,,,,,,,,,,,,,,,,,,,,,,,,,,,,,,,,,,27801,0,0.264363,-0.597839,-0.733948,0.184448,0.970333,0.221218,0.043951,26.166666,30.666666,44.5,,,,,,,,,,,,,,,,,,,,,,,,,,,,,,,,,,,,,,,,,,,,,,,,,,,,,,,,,,,,,,,,,,,,,,,,,,,,,,,,,,,,,,,,,,,,,,,,,,,,,,,,,,,,,,,,,,,,,,,,,,,,,,,,,,,,,,,,,,,,,,,,,,,,,,,,,,,,,,,,
1764665237.608306,45670,0,4384.102539,4382.05127,4518.077148,4543.205078,4399.615234,4515.512695,4540.769043,4400.769043,4589.871582,4397.94873,4494.487305,4516.794922,4568.205078,4395.384766,4399.743652,4510.384766,4547.692383,4543.205078,4516.666504,4398.077148,4394.871582,4569.102539,4507.05127,4505.641113,4395.512695,4595,4393.461426,4565,4500.128418,4410.384766,4523.717773,4515,2776,1,25,2574,48607,,,,0,4,4,4,4,4,4,4,4,4,4,4,4,4,4,4,4,4,4,4,4,4,4,4,4,4,4,4,4,4,4,4,4,100,,,,,,,,,,,,,,,,,,,,,,,,,,,,,,,,,,,,,,,,,,,,,,,,,,,,,,,,,,,,,,,,,,,,,,,,,,,,,,,,,,,,,,,,,,,,,,,,,,,,,,,,,,,,,,,,,,,,,,,,,,,,,,,,,,,,,,,,,,,,,,,,,,,,,,,,,,,,,,,,,,,,,,,,,,,,,,,,,,,,,,,,,,,,,,,,,,,,,,,,,,,,,,
1764665237.612212,45671,0,4375.641113,4375.641113,4509.743652,4534.743652,4391.666504,4508.717773,4535.897461,4393.461426,4581.666504,4392.563965,4492.563965,4508.205078,4558.589844,4387.179688,4393.846191,4508.205078,4538.717773,4534.487305,4511.666504,4392.436035,4390.641113,4561.922852,4498.846191,4498.589844,4400,4588.333496,4388.077148,4558.461426,4495.897461,4403.846191,4521.282227,4506.794922,2961,1,25,2574,48607,,,,0,4,4,4,4,4,4,4,4,4,4,4,4,4,4,4,4,4,4,4,4,4,4,4,4,4,4,4,4,4,4,4,4,100,,,,,,,,,,,,,,,,,,,,,,,,,,,,,,,,,,,,,,,,,,,,,,,,,,,,,,,,,,,,,,,,,,,,,,,,,,,,,,,,,,,,,,,,,,,,,,,,,,,,,,,,,,,,,,,,,,,,,,,,,,,,,,,,,,,,,,,,,,,,,,,,,,,,,,,,,,,,,,,,,,,,,,,,,,,,,,,,,,,,,,,,,,,,,,,,,,,,,,,,,,,,,,
1764665237.616118,45672,0,4369.358887,4371.538574,4501.025879,4522.94873,4385.512695,4501.794922,4530.256348,4385.256348,4572.05127,4386.410156,4487.563965,4501.538574,4549.358887,4380,4386.025879,4505.256348,4530.512695,4525.897461,4508.077148,4386.410156,4388.077148,4555.512695,4491.153809,4490.769043,4396.153809,4580.641113,4382.820313,4549.358887,4492.692383,4396.153809,4517.820313,4500.256348,2845,1,25,2575,48615,,,,0,4,4,4,4,4,4,4,4,4,4,4,4,4,4,4,4,4,4,4,4,4,4,4,4,4,4,4,4,4,4,4,4,100,,,,,,,,,,,,,,,,,,,,,,,,,,,,,,,,,,,,,,,,,,,,,,,,,,,,,,,,,,,,,,,,,,,,,,,,,,,,,,,,,,,,,,,,,,,,,,,,,,,,,,,,,,,,,,,,,,,,,,,,,,,,,,,,,,,,,,,,,,,,,,,,,,,,,,,,,,,,,,,,,,,,,,,,,,,,,,,,,,,,,,,,,,,,,,,,,,,,,,,,,,,,,,
1764665237.620024,45673,0,4371.025879,4374.102539,4499.743652,4518.205078,4387.307617,4500.769043,4529.358887,4383.589844,4569.102539,4383.846191,4484.487305,4502.179688,4548.077148,4379.743652,4383.205078,4504.102539,4529.743652,4523.717773,4508.589844,4384.358887,4390,4555.512695,4490.384766,4489.230957,4390.128418,4578.205078,4383.717773,4545,4493.974121,4394.358887,4518.589844,4501.666504,2694,1,25,2575,48615,,,,0,4,4,4,4,4,4,4,4,4,4,4,4,4,4,4,4,4,4,4,4,4,4,4,4,4,4,4,4,4,4,4,4,100,,,,,,,,,,,,,,,,,,,,,,,,,,,,,,,,,,,27802,0,0.26414,-0.5979,-0.734009,0.184326,0.97717,0.213405,0.056159,24.5,28.166666,42.5,,,,,,,,,,,,,,,,,,,,,,,,,,,,,,,,,,,,,,,,,,,,,,,,,,,,,,,,,,,,,,,,,,,,,,,,,,,,,,,,,,,,,,,,,,,,,,,,,,,,,,,,,,,,,,,,,,,,,,,,,,,,,,,,,,,,,,,,,,,,,,,,,,,,,,,,,,,,,,,,
1764665237.623929,45674,0,4380.769043,4383.333496,4508.077148,4525.512695,4397.179688,4507.820313,4534.743652,4390.256348,4575.641113,4387.563965,4486.153809,4510.128418,4556.153809,4387.05127,4387.692383,4505.512695,4538.077148,4528.846191,4512.179688,4387.563965,4395.384766,4562.436035,4497.692383,4495.641113,4389.358887,4583.846191,4392.692383,4548.974121,4500.641113,4401.538574,4526.410156,4511.922852,2265,1,25,2576,48623,,,,0,4,4,4,4,4,4,4,4,4,4,4,4,4,4,4,4,4,4,4,4,4,4,4,4,4,4,4,4,4,4,4,4,100,,,,,,,,,,,,,,,,,,,,,,,,,,,,,,,,,,,,,,,,,,,,,,,,,,,,,,,,,,,,,,,,,,,,,,,,,,,,,,,,,,,,,,,,,,,,,,,,,,,,,,,,,,,,,,,,,,,,,,,,,,,,,,,,,,,,,,,,,,,,,,,,,,,,,,,,,,,,,,,,,,,,,,,,,,,,,,,,,,,,,,,,,,,,,,,,,,,,,,,,,,,,,,
1764665237.627835,45675,0,4392.563965,4394.230957,4520.641113,4539.487305,4408.717773,4518.205078,4543.077148,4400.128418,4586.538574,4395.384766,4490.512695,4519.743652,4567.692383,4396.922852,4394.871582,4507.436035,4550.128418,4536.666504,4515.256348,4392.692383,4399.743652,4571.410156,4508.589844,4504.487305,4396.538574,4593.717773,4405,4558.717773,4509.743652,4413.974121,4538.205078,4525.256348,2657,1,25,2576,48623,,,,0,4,4,4,4,4,4,4,4,4,4,4,4,4,4,4,4,4,4,4,4,4,4,4,4,4,4,4,4,4,4,4,4,100,,,,,,,,,,,,,,,,,,,,,,,,,,,,,,,,,,,,,,,,,,,,,,,,,,,,,,,,,,,,,,,,,,,,,,,,,,,,,,,,,,,,,,,,,,,,,,,,,,,,,,,,,,,,,,,,,,,,,,,,,,,,,,,,,,,,,,,,,,,,,,,,,,,,,,,,,,,,,,,,,,,,,,,,,,,,,,,,,,,,,,,,,,,,,,,,,,,,,,,,,,,,,,
1764665237.631741,45676,0,4399.358887,4401.025879,4529.358887,4550.512695,4414.615234,4524.615234,4548.846191,4406.025879,4593.846191,4402.820313,4493.589844,4524.615234,4575.128418,4403.077148,4397.820313,4507.179688,4558.077148,4541.282227,4515.128418,4395,4399.358887,4576.025879,4516.025879,4509.230957,4406.538574,4601.153809,4412.563965,4567.820313,4516.153809,4424.102539,4546.922852,4533.717773,2473,1,25,2576,48631,,,,0,4,4,4,4,4,4,4,4,4,4,4,4,4,4,4,4,4,4,4,4,4,4,4,4,4,4,4,4,4,4,4,4,100,,,,,,,,,,,,,,,,,,,,,,,,,,,,,,,,,,,,,,,,,,,,,,,,,,,,,,,,,,,,,,,,,,,,,,,,,,,,,,,,,,,,,,,,,,,,,,,,,,,,,,,,,,,,,,,,,,,,,,,,,,,,,,,,,,,,,,,,,,,,,,,,,,,,,,,,,,,,,,,,,,,,,,,,,,,,,,,,,,,,,,,,,,,,,,,,,,,,,,,,,,,,,,
1764665237.635647,45677,0,4398.461426,4401.794922,4530,4552.307617,4412.692383,4523.461426,4548.717773,4405.897461,4593.589844,4407.436035,4493.205078,4522.820313,4574.743652,4402.94873,4393.589844,4504.487305,4558.589844,4540.897461,4512.563965,4392.05127,4394.358887,4574.102539,4516.538574,4507.436035,4411.282227,4601.153809,4410.769043,4571.282227,4516.538574,4426.666504,4547.820313,4533.717773,2217,1,25,2576,48631,,,,0,4,4,4,4,4,4,4,4,4,4,4,4,4,4,4,4,4,4,4,4,4,4,4,4,4,4,4,4,4,4,4,4,100,,,,,,,,,,,,,,,,,,,,,,,,,,,,,,,,,,,27803,0,0.264405,-0.597839,-0.733948,0.184387,0.980588,0.21487,0.040044,24.5,28.166666,42.5,,,,,,,,,,,,,,,,,,,,,,,,,,,,,,,,,,,,,,,,,,,,,,,,,,,,,,,,,,,,,,,,,,,,,,,,,,,,,,,,,,,,,,,,,,,,,,,,,,,,,,,,,,,,,,,,,,,,,,,,,,,,,,,,,,,,,,,,,,,,,,,,,,,,,,,,,,,,,,,,
1764665237.639552,45678,0,4393.717773,4399.615234,4525.384766,4547.436035,4407.307617,4518.205078,4544.487305,4403.205078,4588.974121,4411.410156,4491.153809,4518.717773,4569.871582,4398.846191,4385.512695,4501.922852,4554.743652,4538.205078,4511.025879,4385.897461,4388.333496,4569.230957,4513.077148,4502.692383,4406.410156,4594.615234,4402.563965,4569.743652,4511.794922,4422.563965,4542.307617,4527.820313,2687,1,25,2576,48638,,,,0,4,4,4,4,4,4,4,4,4,4,4,4,4,4,4,4,4,4,4,4,4,4,4,4,4,4,4,4,4,4,4,4,100,,,,,,,,,,,,,,,,,,,,,,,,,,,,,,,,,,,,,,,,,,,,,,,,,,,,,,,,,,,,,,,,,,,,,,,,,,,,,,,,,,,,,,,,,,,,,,,,,,,,,,,,,,,,,,,,,,,,,,,,,,,,,,,,,,,,,,,,,,,,,,,,,,,,,,,,,,,,,,,,,,,,,,,,,,,,,,,,,,,,,,,,,,,,,,,,,,,,,,,,,,,,,,
1764665237.643458,45679,0,4391.666504,4399.487305,4522.179688,4543.333496,4405.641113,4516.282227,4541.410156,4403.077148,4586.410156,4417.05127,4491.153809,4518.461426,4567.307617,4395.128418,4380.384766,4502.94873,4552.563965,4538.205078,4513.333496,4381.666504,4385.512695,4567.692383,4511.922852,4500.897461,4396.538574,4586.922852,4395.897461,4567.05127,4507.179688,4417.436035,4537.05127,4522.563965,2478,1,25,2576,48638,,,,0,4,4,4,4,4,4,4,4,4,4,4,4,4,4,4,4,4,4,4,4,4,4,4,4,4,4,4,4,4,4,4,4,100,,,,,,,,,,,,,,,,,,,,,,,,,,,,,,,,,,,,,,,,,,,,,,,,,,,,,,,,,,,,,,,,,,,,,,,,,,,,,,,,,,,,,,,,,,,,,,,,,,,,,,,,,,,,,,,,,,,,,,,,,,,,,,,,,,,,,,,,,,,,,,,,,,,,,,,,,,,,,,,,,,,,,,,,,,,,,,,,,,,,,,,,,,,,,,,,,,,,,,,,,,,,,,
1764665237.647364,45680,0,4396.538574,4403.974121,4525.384766,4544.487305,4411.282227,4522.179688,4543.461426,4407.820313,4589.615234,4423.717773,4495.256348,4524.871582,4571.025879,4395.128418,4382.692383,4508.461426,4556.153809,4543.077148,4518.846191,4383.205078,4387.94873,4572.563965,4516.922852,4504.743652,4392.05127,4583.205078,4397.179688,4567.820313,4507.94873,4417.179688,4537.179688,4522.820313,2841,1,25,2576,48646,,,,0,4,4,4,4,4,4,4,4,4,4,4,4,4,4,4,4,4,4,4,4,4,4,4,4,4,4,4,4,4,4,4,4,100,,,,,,,,,,,,,,,,,,,,,,,,,,,,,,,,,,,,,,,,,,,,,,,,,,,,,,,,,,,,,,,,,,,,,,,,,,,,,,,,,,,,,,,,,,,,,,,,,,,,,,,,,,,,,,,,,,,,,,,,,,,,,,,,,,,,,,,,,,,,,,,,,,,,,,,,,,,,,,,,,,,,,,,,,,,,,,,,,,,,,,,,,,,,,,,,,,,,,,,,,,,,,,
1764665237.651270,45681,0,4406.666504,4411.410156,4533.589844,4549.487305,4421.666504,4533.461426,4551.410156,4414.615234,4596.410156,4427.307617,4502.436035,4535.769043,4579.871582,4398.077148,4390.769043,4516.666504,4564.358887,4550.256348,4524.358887,4389.743652,4393.461426,4581.922852,4526.153809,4512.436035,4398.589844,4585,4405.512695,4572.820313,4515.384766,4423.205078,4542.692383,4528.974121,2889,1,25,2576,48646,,,,0,4,4,4,4,4,4,4,4,4,4,4,4,4,4,4,4,4,4,4,4,4,4,4,4,4,4,4,4,4,4,4,4,100,,,,,,,,,,,,,,,,,,,,,,,,,,,,,,,,,,,27804,0,0.264267,-0.5979,-0.733948,0.184387,0.98596,0.221707,0.03223,24,27.833334,46.166668,,,,,,,,,,,,,,,,,,,,,,,,,,,,,,,,,,,,,,,,,,,,,,,,,,,,,,,,,,,,,,,,,,,,,,,,,,,,,,,,,,,,,,,,,,,,,,,,,,,,,,,,,,,,,,,,,,,,,,,,,,,,,,,,,,,,,,,,,,,,,,,,,,,,,,,,,,,,,,,,
1764665237.655176,45682,0,4416.538574,4417.820313,4541.410156,4553.333496,4430.641113,4543.974121,4561.666504,4419.230957,4601.666504,4425.256348,4508.974121,4545.641113,4588.589844,4401.666504,4398.333496,4524.487305,4572.94873,4556.025879,4526.922852,4397.307617,4399.230957,4590.512695,4533.717773,4519.743652,4411.922852,4590,4415.128418,4579.615234,4525.384766,4431.794922,4549.487305,4537.563965,1745,1,25,2576,48654,,,,0,4,4,4,4,4,4,4,4,4,4,4,4,4,4,4,4,4,4,4,4,4,4,4,4,4,4,4,4,4,4,4,4,100,,,,,,,,,,,,,,,,,,,,,,,,,,,,,,,,,,,,,,,,,,,,,,,,,,,,,,,,,,,,,,,,,,,,,,,,,,,,,,,,,,,,,,,,,,,,,,,,,,,,,,,,,,,,,,,,,,,,,,,,,,,,,,,,,,,,,,,,,,,,,,,,,,,,,,,,,,,,,,,,,,,,,,,,,,,,,,,,,,,,,,,,,,,,,,,,,,,,,,,,,,,,,,
1764665237.659081,45683,0,4421.410156,4420.512695,4544.743652,4552.307617,4433.846191,4548.846191,4570,4419.358887,4601.538574,4419.615234,4511.153809,4550.256348,4593.461426,4404.102539,4400.897461,4529.230957,4578.077148,4558.205078,4526.282227,4402.179688,4403.461426,4594.743652,4535.769043,4523.333496,4420.512695,4595.256348,4420.384766,4585.256348,4532.179688,4437.820313,4553.205078,4543.846191,2925,1,25,2576,48654,,,,0,4,4,4,4,4,4,4,4,4,4,4,4,4,4,4,4,4,4,4,4,4,4,4,4,4,4,4,4,4,4,4,4,100,,,,,,,,,,,,,,,,,,,,,,,,,,,,,,,,,,,,,,,,,,,,,,,,,,,,,,,,,,,,,,,,,,,,,,,,,,,,,,,,,,,,,,,,,,,,,,,,,,,,,,,,,,,,,,,,,,,,,,,,,,,,,,,,,,,,,,,,,,,,,,,,,,,,,,,,,,,,,,,,,,,,,,,,,,,,,,,,,,,,,,,,,,,,,,,,,,,,,,,,,,,,,,
1764665237.662987,45684,0,4419.871582,4419.615234,4542.307617,4547.179688,4430.897461,4547.563965,4573.077148,4416.410156,4596.538574,4414.615234,4508.333496,4548.717773,4593.589844,4404.743652,4398.589844,4529.743652,4578.205078,4557.307617,4524.743652,4402.94873,4406.025879,4593.717773,4532.563965,4522.307617,4416.666504,4598.205078,4419.871582,4588.461426,4532.820313,4438.205078,4552.05127,4544.358887,2494,1,25,2576,48662,,,,0,4,4,4,4,4,4,4,4,4,4,4,4,4,4,4,4,4,4,4,4,4,4,4,4,4,4,4,4,4,4,4,4,100,,,,,,,,,,,,,,,,,,,,,,,,,,,,,,,,,,,,,,,,,,,,,,,,,,,,,,,,,,,,,,,,,,,,,,,,,,,,,,,,,,,,,,,,,,,,,,,,,,,,,,,,,,,,,,,,,,,,,,,,,,,,,,,,,,,,,,,,,,,,,,,,,,,,,,,,,,,,,,,,,,,,,,,,,,,,,,,,,,,,,,,,,,,,,,,,,,,,,,,,,,,,,,
1764665237.666893,45685,0,4413.846191,4417.179688,4536.153809,4541.538574,4424.743652,4542.179688,4569.871582,4412.307617,4588.974121,4412.563965,4502.179688,4542.820313,4590.641113,4403.846191,4395.128418,4526.410156,4573.974121,4555.512695,4524.358887,4400.512695,4407.436035,4589.487305,4527.563965,4518.333496,4401.922852,4597.05127,4415.769043,4588.461426,4528.205078,4433.461426,4546.794922,4538.205078,2794,1,25,2576,48662,,,,0,4,4,4,4,4,4,4,4,4,4,4,4,4,4,4,4,4,4,4,4,4,4,4,4,4,4,4,4,4,4,4,4,100,,,,,,,,,,,,,,,,,,,,,,,,,,,,,,,,,,,27805,0,0.26396,-0.597961,-0.73407,0.184143,0.978635,0.2178,0.045416,23.833334,28.333334,43.833332,,,,,,,,,,,,,,,,,,,,,,,,,,,,,,,,,,,,,,,,,,,,,,,,,,,,,,,,,,,,,,,,,,,,,,,,,,,,,,,,,,,,,,,,,,,,,,,,,,,,,,,,,,,,,,,,,,,,,,,,,,,,,,,,,,,,,,,,,,,,,,,,,,,,,,,,,,,,,,,,
1764665237.670799,45686,0,4406.922852,4414.487305,4528.589844,4538.589844,4418.461426,4535.641113,4562.179688,4408.717773,4581.410156,4411.666504,4495.897461,4535.384766,4585.897461,4402.05127,4394.102539,4520.897461,4567.94873,4554.102539,4525.512695,4396.666504,4407.179688,4584.615234,4523.717773,4513.205078,4386.025879,4591.666504,4410.384766,4584.871582,4521.538574,4426.282227,4539.358887,4527.436035,2903,1,25,2576,48670,,,,0,4,4,4,4,4,4,4,4,4,4,4,4,4,4,4,4,4,4,4,4,4,4,4,4,4,4,4,4,4,4,4,4,100,,,,,,,,,,,,,,,,,,,,,,,,,,,,,,,,,,,,,,,,,,,,,,,,,,,,,,,,,,,,,,,,,,,,,,,,,,,,,,,,,,,,,,,,,,,,,,,,,,,,,,,,,,,,,,,,,,,,,,,,,,,,,,,,,,,,,,,,,,,,,,,,,,,,,,,,,,,,,,,,,,,,,,,,,,,,,,,,,,,,,,,,,,,,,,,,,,,,,,,,,,,,,,
1764665237.674704,45687,0,4401.794922,4411.794922,4521.666504,4538.461426,4414.358887,4530.128418,4552.692383,4405.512695,4575.256348,4408.333496,4491.922852,4528.589844,4580.512695,4400,4395.512695,4516.153809,4562.436035,4553.205078,4526.025879,4393.333496,4404.230957,4580.897461,4521.538574,4507.563965,4378.333496,4583.717773,4404.487305,4578.077148,4516.153809,4419.743652,4532.179688,4516.282227,2816,1,25,2576,48670,,,,0,4,4,4,4,4,4,4,4,4,4,4,4,4,4,4,4,4,4,4,4,4,4,4,4,4,4,4,4,4,4,4,4,100,,,,,,,,,,,,,,,,,,,,,,,,,,,,,,,,,,,,,,,,,,,,,,,,,,,,,,,,,,,,,,,,,,,,,,,,,,,,,,,,,,,,,,,,,,,,,,,,,,,,,,,,,,,,,,,,,,,,,,,,,,,,,,,,,,,,,,,,,,,,,,,,,,,,,,,,,,,,,,,,,,,,,,,,,,,,,,,,,,,,,,,,,,,,,,,,,,,,,,,,,,,,,,
1764665237.678610,45688,0,4398.717773,4409.358887,4517.05127,4538.974121,4412.692383,4526.922852,4544.358887,4402.307617,4571.153809,4400.897461,4490.384766,4523.461426,4575.641113,4398.077148,4396.794922,4513.846191,4557.94873,4551.666504,4523.974121,4391.538574,4398.846191,4577.94873,4518.974121,4501.666504,4382.05127,4576.025879,4398.077148,4569.230957,4513.461426,4414.743652,4526.282227,4508.333496,2744,1,25,2576,48677,,,,0,4,4,4,4,4,4,4,4,4,4,4,4,4,4,4,4,4,4,4,4,4,4,4,4,4,4,4,4,4,4,4,4,100,,,,,,,,,,,,,,,,,,,,,,,,,,,,,,,,,,,,,,,,,,,,,,,,,,,,,,,,,,,,,,,,,,,,,,,,,,,,,,,,,,,,,,,,,,,,,,,,,,,,,,,,,,,,,,,,,,,,,,,,,,,,,,,,,,,,,,,,,,,,,,,,,,,,,,,,,,,,,,,,,,,,,,,,,,,,,,,,,,,,,,,,,,,,,,,,,,,,,,,,,,,,,,
1764665237.682516,45689,0,4396.794922,4407.692383,4515.128418,4538.205078,4412.436035,4526.282227,4538.846191,4399.487305,4569.615234,4391.922852,4489.871582,4519.743652,4571.922852,4396.410156,4395,4513.717773,4553.589844,4548.717773,4519.871582,4391.153809,4393.333496,4574.487305,4514.230957,4496.410156,4392.05127,4571.025879,4391.282227,4560.256348,4513.333496,4411.538574,4522.05127,4505.384766,2796,1,25,2576,48677,,,,0,4,4,4,4,4,4,4,4,4,4,4,4,4,4,4,4,4,4,4,4,4,4,4,4,4,4,4,4,4,4,4,4,100,,,,,,,,,,,,,,,,,,,,,,,,,,,,,,,,,,,27806,0,0.263938,-0.598083,-0.734009,0.184021,0.972775,0.216335,0.053717,23.166666,28.166666,45.333332,,,,,,,,,,,,,,,,,,,,,,,,,,,,,,,,,,,,,,,,,,,,,,,,,,,,,,,,,,,,,,,,,,,,,,,,,,,,,,,,,,,,,,,,,,,,,,,,,,,,,,,,,,,,,,,,,,,,,,,,,,,,,,,,,,,,,,,,,,,,,,,,,,,,,,,,,,,,,,,,
1764665237.686422,45690,0,4395.256348,4407.436035,4515.512695,4536.282227,4412.692383,4527.436035,4536.666504,4398.077148,4570.641113,4386.153809,4489.487305,4516.666504,4569.743652,4395.384766,4390.384766,4514.230957,4548.717773,4545.641113,4516.538574,4391.794922,4390.641113,4570.128418,4507.820313,4493.974121,4400.641113,4569.871582,4386.025879,4553.717773,4514.487305,4409.743652,4519.871582,4506.410156,1940,1,25,2576,48685,,,,0,4,4,4,4,4,4,4,4,4,4,4,4,4,4,4,4,4,4,4,4,4,4,4,4,4,4,4,4,4,4,4,4,100,0.867188,100,4,4,4,4,4,4,4,4,4,4,4,4,4,4,4,4,4,4,4,4,4,4,4,4,4,4,4,4,4,4,4,4,,,,,,,,,,,,,1.03877,1.061718,0.416245,1.39427,0.931614,2.674546,0.96418,0.365751,1.510715,1.055665,4.689997,0.872191,0.456484,1.4268,1.154774,2.936549,0.677482,0.479148,1.823671,1.098424,2.094974,0.755923,0.318181,1.455899,1.210162,1.596959,0.977487,0.744385,1.482527,0.894655,1.926578,0.611781,0.371135,1.538156,1.205469,2.026185,0.406098,0.376763,1.612906,1.215465,1.508869,0.32657,0.26085,1.412156,1.045005,1.331252,0.52847,0.797088,2.164161,1.420126,0.908196,0.341635,0.287151,1.046883,0.877593,1.448128,0.928703,0.443543,1.32585,1.069366,0.755766,0.561038,0.336129,0.923229,0.943738,0.61376,0.733657,0.202297,0.651518,0.742801,0.437129,0.654764,0.178842,0.931481,1.114406,1.064786,1.33232,0.295151,0.926757,0.877508,2.077194,1.231348,0.623145,1.715033,1.109787,1.099568,1.254724,0.350129,1.63644,1.22231,0.772004,0.864732,0.523902,0.879572,0.638238,1.250824,1.076499,0.487963,1.012715,0.85901,1.269346,1.161653,0.361257,1.397221,0.882352,1.563619,1.496328,0.827238,1.429087,1.034956,1.257248,1.285545,0.518306,1.379092,0.888408,2.213899,1.166022,0.722491,1.500052,1.020089,3.356088,1.209133,1.792377,2.962497,1.592523,2.918421,0.988219,0.399854,1.271697,1.038504,2.48177,1.241362,0.67459,1.598896,1.150173,2.499763,1.337498,0.751993,1.541263,1.131416,0.897699,0.405936,0.311241,0.755987,0.538598,3.222884,0.873916,0.420623,1.326691,1.088237,3.097502,1.143896,0.479437,1.302198,1.058836,3.327504,0.938152,0.318154,1.379859,1.075952
1764665237.690327,45691,0,4394.487305,4408.974121,4517.563965,4535.128418,4412.820313,4529.358887,4537.692383,4398.717773,4574.358887,4386.922852,4490,4513.974121,4568.974121,4395.897461,4386.153809,4513.974121,4543.974121,4544.615234,4516.410156,4393.461426,4392.563965,4566.410156,4502.94873,4495.128418,4402.94873,4572.563965,4384.615234,4551.666504,4515.897461,4409.743652,4520.641113,4510,2621,1,25,2576,48685,,,,0,4,4,4,4,4,4,4,4,4,4,4,4,4,4,4,4,4,4,4,4,4,4,4,4,4,4,4,4,4,4,4,4,100,,,,,,,,,,,,,,,,,,,,,,,,,,,,,,,,,,,,,,,,,,,,,,,,,,,,,,,,,,,,,,,,,,,,,,,,,,,,,,,,,,,,,,,,,,,,,,,,,,,,,,,,,,,,,,,,,,,,,,,,,,,,,,,,,,,,,,,,,,,,,,,,,,,,,,,,,,,,,,,,,,,,,,,,,,,,,,,,,,,,,,,,,,,,,,,,,,,,,,,,,,,,,,
1764665237.694233,45692,0,4395,4411.666504,4520.256348,4536.538574,4412.692383,4530.769043,4541.153809,4400.384766,4579.487305,4393.846191,4492.05127,4511.794922,4568.333496,4398.461426,4385.512695,4513.205078,4540.641113,4545.897461,4519.102539,4396.025879,4397.307617,4564.358887,4501.410156,4498.333496,4399.102539,4577.05127,4387.563965,4554.358887,4516.410156,4410.897461,4524.102539,4513.974121,2671,1,25,2570,48693,,,,0,4,4,4,4,4,4,4,4,4,4,4,4,4,4,4,4,4,4,4,4,4,4,4,4,4,4,4,4,4,4,4,4,100,,,,,,,,,,,,,,,,,,,,,,,,,,,,,,,,,,,,,,,,,,,,,,,,,,,,,,,,,,,,,,,,,,,,,,,,,,,,,,,,,,,,,,,,,,,,,,,,,,,,,,,,,,,,,,,,,,,,,,,,,,,,,,,,,,,,,,,,,,,,,,,,,,,,,,,,,,,,,,,,,,,,,,,,,,,,,,,,,,,,,,,,,,,,,,,,,,,,,,,,,,,,,,
1764665237.698139,45693,0,4395.641113,4413.717773,4521.922852,4538.717773,4411.410156,4530.256348,4544.615234,4400.512695,4582.94873,4401.922852,4494.230957,4509.871582,4566.282227,4401.538574,4387.94873,4512.179688,4538.717773,4546.922852,4520.512695,4397.692383,4400.256348,4563.333496,4501.410156,4499.102539,4392.05127,4579.615234,4391.538574,4558.846191,4515.128418,4410.897461,4527.692383,4515.769043,2492,1,25,2570,48693,,,,0,4,4,4,4,4,4,4,4,4,4,4,4,4,4,4,4,4,4,4,4,4,4,4,4,4,4,4,4,4,4,4,4,100,,,,,,,,,,,,,,,,,,,,,,,,,,,,,,,,,,,27807,0,0.263917,-0.598206,-0.733948,0.183899,0.955683,0.205591,0.055183,24,29.333334,43.333332,,,,,,,,,,,,,,,,,,,,,,,,,,,,,,,,,,,,,,,,,,,,,,,,,,,,,,,,,,,,,,,,,,,,,,,,,,,,,,,,,,,,,,,,,,,,,,,,,,,,,,,,,,,,,,,,,,,,,,,,,,,,,,,,,,,,,,,,,,,,,,,,,,,,,,,,,,,,,,,,
1764665237.702045,45694,0,4393.717773,4412.436035,4520.128418,4537.692383,4407.692383,4527.05127,4544.743652,4397.307617,4581.410156,4405.897461,4493.461426,4507.563965,4561.538574,4402.436035,4389.743652,4509.871582,4536.282227,4543.717773,4517.307617,4395.769043,4397.563965,4560.512695,4499.230957,4493.974121,4384.487305,4576.794922,4391.410156,4560,4511.538574,4407.436035,4527.820313,4513.461426,2637,1,25,2566,48701,,,,0,4,4,4,4,4,4,4,4,4,4,4,4,4,4,4,4,4,4,4,4,4,4,4,4,4,4,4,4,4,4,4,4,100,,,,,,,,,,,,,,,,,,,,,,,,,,,,,,,,,,,,,,,,,,,,,,,,,,,,,,,,,,,,,,,,,,,,,,,,,,,,,,,,,,,,,,,,,,,,,,,,,,,,,,,,,,,,,,,,,,,,,,,,,,,,,,,,,,,,,,,,,,,,,,,,,,,,,,,,,,,,,,,,,,,,,,,,,,,,,,,,,,,,,,,,,,,,,,,,,,,,,,,,,,,,,,
1764665237.705951,45695,0,4388.461426,4407.05127,4513.846191,4531.666504,4401.025879,4522.179688,4540.512695,4391.410156,4575.256348,4404.102539,4488.333496,4505.384766,4555,4399.743652,4387.563965,4505.641113,4531.282227,4535.897461,4508.974121,4389.230957,4389.358887,4554.102539,4493.077148,4483.461426,4377.820313,4568.846191,4385.256348,4555.256348,4506.153809,4400,4523.461426,4507.436035,2804,1,25,2566,48701,,,,0,4,4,4,4,4,4,4,4,4,4,4,4,4,4,4,4,4,4,4,4,4,4,4,4,4,4,4,4,4,4,4,4,100,,,,,,,,,,,,,,,,,,,,,,,,,,,,,,,,,,,,,,,,,,,,,,,,,,,,,,,,,,,,,,,,,,,,,,,,,,,,,,,,,,,,,,,,,,,,,,,,,,,,,,,,,,,,,,,,,,,,,,,,,,,,,,,,,,,,,,,,,,,,,,,,,,,,,,,,,,,,,,,,,,,,,,,,,,,,,,,,,,,,,,,,,,,,,,,,,,,,,,,,,,,,,,
1764665237.709856,45696,0,4382.307617,4400.384766,4505.384766,4523.077148,4393.717773,4518.077148,4534.230957,4386.666504,4568.333496,4399.743652,4481.025879,4504.358887,4549.230957,4394.871582,4383.077148,4500.256348,4524.487305,4526.025879,4499.487305,4380.512695,4380.128418,4545.641113,4486.025879,4472.94873,4372.820313,4560.512695,4376.666504,4546.922852,4501.153809,4392.05127,4517.307617,4501.282227,2739,1,25,2565,48709,,,,0,4,4,4,4,4,4,4,4,4,4,4,4,4,4,4,4,4,4,4,4,4,4,4,4,4,4,4,4,4,4,4,4,100,,,,,,,,,,,,,,,,,,,,,,,,,,,,,,,,,,,,,,,,,,,,,,,,,,,,,,,,,,,,,,,,,,,,,,,,,,,,,,,,,,,,,,,,,,,,,,,,,,,,,,,,,,,,,,,,,,,,,,,,,,,,,,,,,,,,,,,,,,,,,,,,,,,,,,,,,,,,,,,,,,,,,,,,,,,,,,,,,,,,,,,,,,,,,,,,,,,,,,,,,,,,,,
1764665237.713762,45697,0,4379.871582,4396.666504,4499.871582,4516.922852,4389.615234,4517.563965,4530.384766,4386.282227,4565.256348,4398.333496,4476.538574,4505,4546.922852,4391.282227,4380,4496.153809,4518.846191,4518.717773,4493.461426,4373.846191,4375,4538.589844,4483.333496,4468.077148,4370.384766,4557.436035,4371.410156,4540.384766,4499.358887,4387.692383,4514.230957,4499.102539,2906,1,25,2565,48709,,,,0,4,4,4,4,4,4,4,4,4,4,4,4,4,4,4,4,4,4,4,4,4,4,4,4,4,4,4,4,4,4,4,4,100,,,,,,,,,,,,,,,,,,,,,,,,,,,,,,,,,,,27808,0,0.263906,-0.598267,-0.733948,0.183716,0.973263,0.211452,0.059578,24,27.333334,45.333332,,,,,,,,,,,,,,,,,,,,,,,,,,,,,,,,,,,,,,,,,,,,,,,,,,,,,,,,,,,,,,,,,,,,,,,,,,,,,,,,,,,,,,,,,,,,,,,,,,,,,,,,,,,,,,,,,,,,,,,,,,,,,,,,,,,,,,,,,,,,,,,,,,,,,,,,,,,,,,,,
1764665237.717668,45698,0,4383.077148,4397.820313,4501.282227,4516.794922,4391.025879,4520.897461,4531.153809,4390.769043,4567.820313,4401.538574,4477.563965,4506.538574,4548.077148,4391.025879,4380.769043,4494.871582,4517.563965,4516.410156,4492.820313,4371.922852,4375.897461,4536.153809,4487.179688,4471.025879,4371.410156,4560.897461,4372.94873,4539.230957,4502.179688,4388.974121,4516.410156,4501.410156,2584,1,25,2566,48717,,,,0,4,4,4,4,4,4,4,4,4,4,4,4,4,4,4,4,4,4,4,4,4,4,4,4,4,4,4,4,4,4,4,4,100,,,,,,,,,,,,,,,,,,,,,,,,,,,,,,,,,,,,,,,,,,,,,,,,,,,,,,,,,,,,,,,,,,,,,,,,,,,,,,,,,,,,,,,,,,,,,,,,,,,,,,,,,,,,,,,,,,,,,,,,,,,,,,,,,,,,,,,,,,,,,,,,,,,,,,,,,,,,,,,,,,,,,,,,,,,,,,,,,,,,,,,,,,,,,,,,,,,,,,,,,,,,,,
1764665237.721574,45699,0,4389.743652,4403.077148,4508.589844,4521.282227,4396.538574,4525.384766,4534.743652,4397.436035,4573.974121,4405.769043,4483.333496,4508.077148,4551.153809,4393.974121,4384.358887,4496.410156,4521.282227,4518.846191,4496.153809,4374.743652,4380.769043,4539.230957,4495.384766,4478.205078,4376.282227,4567.05127,4379.615234,4542.94873,4507.820313,4394.487305,4521.538574,4505.384766,2835,1,25,2566,48717,,,,0,4,4,4,4,4,4,4,4,4,4,4,4,4,4,4,4,4,4,4,4,4,4,4,4,4,4,4,4,4,4,4,4,100,,,,,,,,,,,,,,,,,,,,,,,,,,,,,,,,,,,,,,,,,,,,,,,,,,,,,,,,,,,,,,,,,,,,,,,,,,,,,,,,,,,,,,,,,,,,,,,,,,,,,,,,,,,,,,,,,,,,,,,,,,,,,,,,,,,,,,,,,,,,,,,,,,,,,,,,,,,,,,,,,,,,,,,,,,,,,,,,,,,,,,,,,,,,,,,,,,,,,,,,,,,,,,
1764665237.725479,45700,0,4395.256348,4408.461426,4516.666504,4526.922852,4402.436035,4527.563965,4537.692383,4402.820313,4579.487305,4406.025879,4489.871582,4508.974121,4554.102539,4397.307617,4387.820313,4498.846191,4528.461426,4523.205078,4500.641113,4379.358887,4385.641113,4545.897461,4502.179688,4484.487305,4383.717773,4571.025879,4386.410156,4548.205078,4512.307617,4400.384766,4524.871582,4507.820313,2731,1,25,2567,48724,,,,0,4,4,4,4,4,4,4,4,4,4,4,4,4,4,4,4,4,4,4,4,4,4,4,4,4,4,4,4,4,4,4,4,100,,,,,,,,,,,,,,,,,,,,,,,,,,,,,,,,,,,,,,,,,,,,,,,,,,,,,,,,,,,,,,,,,,,,,,,,,,,,,,,,,,,,,,,,,,,,,,,,,,,,,,,,,,,,,,,,,,,,,,,,,,,,,,,,,,,,,,,,,,,,,,,,,,,,,,,,,,,,,,,,,,,,,,,,,,,,,,,,,,,,,,,,,,,,,,,,,,,,,,,,,,,,,,
1764665237.729385,45701,0,4395.641113,4410,4519.487305,4530,4404.743652,4525.769043,4537.436035,4404.487305,4581.153809,4400.256348,4492.692383,4509.358887,4555.897461,4397.307617,4388.846191,4499.871582,4535.512695,4526.666504,4503.461426,4381.538574,4387.820313,4552.820313,4503.077148,4486.282227,4389.615234,4570,4388.589844,4550.897461,4512.692383,4402.436035,4523.077148,4506.666504,2768,1,25,2567,48724,,,,0,4,4,4,4,4,4,4,4,4,4,4,4,4,4,4,4,4,4,4,4,4,4,4,4,4,4,4,4,4,4,4,4,100,,,,,,,,,,,,,,,,,,,,,,,,,,,,,,,,,,,27809,0,0.263683,-0.598328,-0.734009,0.183594,0.973263,0.211452,0.059578,23.833334,28,44.333332,,,,,,,,,,,,,,,,,,,,,,,,,,,,,,,,,,,,,,,,,,,,,,,,,,,,,,,,,,,,,,,,,,,,,,,,,,,,,,,,,,,,,,,,,,,,,,,,,,,,,,,,,,,,,,,,,,,,,,,,,,,,,,,,,,,,,,,,,,,,,,,,,,,,,,,,,,,,,,,,
1764665237.733291,45702,0,4389.871582,4405.384766,4513.846191,4528.974121,4401.666504,4519.743652,4533.461426,4401.282227,4577.692383,4391.282227,4489.230957,4508.974121,4556.153809,4391.922852,4386.153809,4497.820313,4538.846191,4526.666504,4503.974121,4378.717773,4385.641113,4556.538574,4497.436035,4483.205078,4389.230957,4564.358887,4384.743652,4548.589844,4508.589844,4398.717773,4516.538574,4501.538574,2777,1,25,2568,48732,,,,0,4,4,4,4,4,4,4,4,4,4,4,4,4,4,4,4,4,4,4,4,4,4,4,4,4,4,4,4,4,4,4,4,100,,,,,,,,,,,,,,,,,,,,,,,,,,,,,,,,,,,,,,,,,,,,,,,,,,,,,,,,,,,,,,,,,,,,,,,,,,,,,,,,,,,,,,,,,,,,,,,,,,,,,,,,,,,,,,,,,,,,,,,,,,,,,,,,,,,,,,,,,,,,,,,,,,,,,,,,,,,,,,,,,,,,,,,,,,,,,,,,,,,,,,,,,,,,,,,,,,,,,,,,,,,,,,
1764665237.737197,45703,0,4380.641113,4395.641113,4501.538574,4524.230957,4393.846191,4511.666504,4527.179688,4393.717773,4570.512695,4382.94873,4481.025879,4507.05127,4555.128418,4382.820313,4380.256348,4493.077148,4536.666504,4522.94873,4502.307617,4371.538574,4379.615234,4555,4488.974121,4477.820313,4380.384766,4557.307617,4376.666504,4542.05127,4502.307617,4390.512695,4507.94873,4493.589844,2961,1,25,2568,48732,,,,0,4,4,4,4,4,4,4,4,4,4,4,4,4,4,4,4,4,4,4,4,4,4,4,4,4,4,4,4,4,4,4,4,100,,,,,,,,,,,,,,,,,,,,,,,,,,,,,,,,,,,,,,,,,,,,,,,,,,,,,,,,,,,,,,,,,,,,,,,,,,,,,,,,,,,,,,,,,,,,,,,,,,,,,,,,,,,,,,,,,,,,,,,,,,,,,,,,,,,,,,,,,,,,,,,,,,,,,,,,,,,,,,,,,,,,,,,,,,,,,,,,,,,,,,,,,,,,,,,,,,,,,,,,,,,,,,
1764665237.741103,45704,0,4372.820313,4385.897461,4489.102539,4518.717773,4385.512695,4504.871582,4521.794922,4385,4563.846191,4379.230957,4473.077148,4504.358887,4553.846191,4375,4373.333496,4488.461426,4531.666504,4518.461426,4500.128418,4364.743652,4372.563965,4550.256348,4483.333496,4474.743652,4367.820313,4552.820313,4369.615234,4535.769043,4497.563965,4382.94873,4501.666504,4485.512695,2846,1,25,2569,48740,,,,0,4,4,4,4,4,4,4,4,4,4,4,4,4,4,4,4,4,4,4,4,4,4,4,4,4,4,4,4,4,4,4,4,100,,,,,,,,,,,,,,,,,,,,,,,,,,,,,,,,,,,,,,,,,,,,,,,,,,,,,,,,,,,,,,,,,,,,,,,,,,,,,,,,,,,,,,,,,,,,,,,,,,,,,,,,,,,,,,,,,,,,,,,,,,,,,,,,,,,,,,,,,,,,,,,,,,,,,,,,,,,,,,,,,,,,,,,,,,,,,,,,,,,,,,,,,,,,,,,,,,,,,,,,,,,,,,
1764665237.745008,45705,0,4371.922852,4382.94873,4484.615234,4517.563965,4382.563965,4503.461426,4521.410156,4380.897461,4563.205078,4382.307617,4471.410156,4504.230957,4555,4373.974121,4369.743652,4488.974121,4530.384766,4518.461426,4500.641113,4363.717773,4369.871582,4548.077148,4486.282227,4477.692383,4360.641113,4554.615234,4369.230957,4535.384766,4497.436035,4382.179688,4502.05127,4481.794922,2694,1,25,2569,48740,,,,0,4,4,4,4,4,4,4,4,4,4,4,4,4,4,4,4,4,4,4,4,4,4,4,4,4,4,4,4,4,4,4,4,100,,,,,,,,,,,,,,,,,,,,,,,,,,,,,,,,,,,27810,0,0.263852,-0.598328,-0.733948,0.183594,0.975705,0.218777,0.046392,23.833334,29.666666,43.833332,,,,,,,,,,,,,,,,,,,,,,,,,,,,,,,,,,,,,,,,,,,,,,,,,,,,,,,,,,,,,,,,,,,,,,,,,,,,,,,,,,,,,,,,,,,,,,,,,,,,,,,,,,,,,,,,,,,,,,,,,,,,,,,,,,,,,,,,,,,,,,,,,,,,,,,,,,,,,,,,
1764665237.748914,45706,0,4380.256348,4389.871582,4492.05127,4524.358887,4388.461426,4510.128418,4528.846191,4385.641113,4571.922852,4392.692383,4478.333496,4510.512695,4561.794922,4381.666504,4372.94873,4497.820313,4538.077148,4526.794922,4506.153809,4371.538574,4376.025879,4553.974121,4498.974121,4487.94873,4366.666504,4563.974121,4377.94873,4544.487305,4502.563965,4390.384766,4510.512695,4486.025879,2266,1,25,2570,48748,,,,0,4,4,4,4,4,4,4,4,4,4,4,4,4,4,4,4,4,4,4,4,4,4,4,4,4,4,4,4,4,4,4,4,100,,,,,,,,,,,,,,,,,,,,,,,,,,,,,,,,,,,,,,,,,,,,,,,,,,,,,,,,,,,,,,,,,,,,,,,,,,,,,,,,,,,,,,,,,,,,,,,,,,,,,,,,,,,,,,,,,,,,,,,,,,,,,,,,,,,,,,,,,,,,,,,,,,,,,,,,,,,,,,,,,,,,,,,,,,,,,,,,,,,,,,,,,,,,,,,,,,,,,,,,,,,,,,
1764665237.752820,45707,0,4394.487305,4404.230957,4508.205078,4537.94873,4401.410156,4522.692383,4542.436035,4398.205078,4587.436035,4407.820313,4490.384766,4523.077148,4573.974121,4393.717773,4382.179688,4513.077148,4554.102539,4542.436035,4516.410156,4385.897461,4389.871582,4568.077148,4516.794922,4502.05127,4384.487305,4578.077148,4392.307617,4560.641113,4511.025879,4403.974121,4523.717773,4497.05127,2665,1,25,2570,48748,,,,0,4,4,4,4,4,4,4,4,4,4,4,4,4,4,4,4,4,4,4,4,4,4,4,4,4,4,4,4,4,4,4,4,100,,,,,,,,,,,,,,,,,,,,,,,,,,,,,,,,,,,,,,,,,,,,,,,,,,,,,,,,,,,,,,,,,,,,,,,,,,,,,,,,,,,,,,,,,,,,,,,,,,,,,,,,,,,,,,,,,,,,,,,,,,,,,,,,,,,,,,,,,,,,,,,,,,,,,,,,,,,,,,,,,,,,,,,,,,,,,,,,,,,,,,,,,,,,,,,,,,,,,,,,,,,,,,
1764665237.756726,45708,0,4406.666504,4417.692383,4524.102539,4551.794922,4414.871582,4534.743652,4556.282227,4412.05127,4601.410156,4421.410156,4500.128418,4536.025879,4586.794922,4402.436035,4392.563965,4527.820313,4570.384766,4558.589844,4527.94873,4400.128418,4405.128418,4583.974121,4531.282227,4513.589844,4403.461426,4590.641113,4405,4576.153809,4518.846191,4414.743652,4534.615234,4508.717773,2479,1,25,2571,48756,,,,0,4,4,4,4,4,4,4,4,4,4,4,4,4,4,4,4,4,4,4,4,4,4,4,4,4,4,4,4,4,4,4,4,100,,,,,,,,,,,,,,,,,,,,,,,,,,,,,,,,,,,,,,,,,,,,,,,,,,,,,,,,,,,,,,,,,,,,,,,,,,,,,,,,,,,,,,,,,,,,,,,,,,,,,,,,,,,,,,,,,,,,,,,,,,,,,,,,,,,,,,,,,,,,,,,,,,,,,,,,,,,,,,,,,,,,,,,,,,,,,,,,,,,,,,,,,,,,,,,,,,,,,,,,,,,,,,
1764665237.760631,45709,0,4409.615234,4422.692383,4530.641113,4557.94873,4421.153809,4539.615234,4563.077148,4419.358887,4605.641113,4426.666504,4501.538574,4542.05127,4593.205078,4402.692383,4397.436035,4534.871582,4577.820313,4567.563965,4536.153809,4407.94873,4414.102539,4593.461426,4536.025879,4517.307617,4410.769043,4596.025879,4409.230957,4583.333496,4521.922852,4416.538574,4537.436035,4514.230957,2222,1,25,2571,48756,,,,0,4,4,4,4,4,4,4,4,4,4,4,4,4,4,4,4,4,4,4,4,4,4,4,4,4,4,4,4,4,4,4,4,100,,,,,,,,,,,,,,,,,,,,,,,,,,,,,,,,,,,27811,0,0.263767,-0.598328,-0.733948,0.183716,0.987425,0.21194,0.046881,24.166666,28,43,,,,,,,,,,,,,,,,,,,,,,,,,,,,,,,,,,,,,,,,,,,,,,,,,,,,,,,,,,,,,,,,,,,,,,,,,,,,,,,,,,,,,,,,,,,,,,,,,,,,,,,,,,,,,,,,,,,,,,,,,,,,,,,,,,,,,,,,,,,,,,,,,,,,,,,,,,,,,,,,
1764665237.764537,45710,0,4401.794922,4416.282227,4525.641113,4553.461426,4417.179688,4534.358887,4559.230957,4416.282227,4598.333496,4420.384766,4494.358887,4537.307617,4589.487305,4395.897461,4394.230957,4532.05127,4573.461426,4566.922852,4537.820313,4407.05127,4413.717773,4592.94873,4529.743652,4513.205078,4401.794922,4592.563965,4403.717773,4579.871582,4518.717773,4408.974121,4531.282227,4510.897461,2693,1,25,2572,48763,,,,0,4,4,4,4,4,4,4,4,4,4,4,4,4,4,4,4,4,4,4,4,4,4,4,4,4,4,4,4,4,4,4,4,100,,,,,,,,,,,,,,,,,,,,,,,,,,,,,,,,,,,,,,,,,,,,,,,,,,,,,,,,,,,,,,,,,,,,,,,,,,,,,,,,,,,,,,,,,,,,,,,,,,,,,,,,,,,,,,,,,,,,,,,,,,,,,,,,,,,,,,,,,,,,,,,,,,,,,,,,,,,,,,,,,,,,,,,,,,,,,,,,,,,,,,,,,,,,,,,,,,,,,,,,,,,,,,
1764665237.768443,45711,0,4387.94873,4402.820313,4514.358887,4541.538574,4405.512695,4522.05127,4546.922852,4404.358887,4585,4405.256348,4483.461426,4524.743652,4577.436035,4388.077148,4385.384766,4523.333496,4561.025879,4559.102539,4533.846191,4400.384766,4406.538574,4585.256348,4516.538574,4505.384766,4383.846191,4583.205078,4392.820313,4569.487305,4510.897461,4396.922852,4520.128418,4501.410156,2484,1,25,2572,48763,,,,0,4,4,4,4,4,4,4,4,4,4,4,4,4,4,4,4,4,4,4,4,4,4,4,4,4,4,4,4,4,4,4,4,100,,,,,,,,,,,,,,,,,,,,,,,,,,,,,,,,,,,,,,,,,,,,,,,,,,,,,,,,,,,,,,,,,,,,,,,,,,,,,,,,,,,,,,,,,,,,,,,,,,,,,,,,,,,,,,,,,,,,,,,,,,,,,,,,,,,,,,,,,,,,,,,,,,,,,,,,,,,,,,,,,,,,,,,,,,,,,,,,,,,,,,,,,,,,,,,,,,,,,,,,,,,,,,
1764665237.772349,45712,0,4374.871582,4389.743652,4504.358887,4528.077148,4392.436035,4508.589844,4532.179688,4389.743652,4573.333496,4388.461426,4473.974121,4510.769043,4563.205078,4385,4376.666504,4514.230957,4547.179688,4549.230957,4527.179688,4392.94873,4397.94873,4575.769043,4502.436035,4498.333496,4370,4573.717773,4382.563965,4558.205078,4501.922852,4386.666504,4509.871582,4491.282227,2847,1,25,2568,48771,,,,0,4,4,4,4,4,4,4,4,4,4,4,4,4,4,4,4,4,4,4,4,4,4,4,4,4,4,4,4,4,4,4,4,100,,,,,,,,,,,,,,,,,,,,,,,,,,,,,,,,,,,,,,,,,,,,,,,,,,,,,,,,,,,,,,,,,,,,,,,,,,,,,,,,,,,,,,,,,,,,,,,,,,,,,,,,,,,,,,,,,,,,,,,,,,,,,,,,,,,,,,,,,,,,,,,,,,,,,,,,,,,,,,,,,,,,,,,,,,,,,,,,,,,,,,,,,,,,,,,,,,,,,,,,,,,,,,
1764665237.776254,45713,0,4367.307617,4382.179688,4499.615234,4518.077148,4383.461426,4499.102539,4521.410156,4378.846191,4568.461426,4377.692383,4468.717773,4501.410156,4552.563965,4387.436035,4372.692383,4508.589844,4536.410156,4541.538574,4521.025879,4388.589844,4392.436035,4568.205078,4492.179688,4494.230957,4368.589844,4568.461426,4376.794922,4550.641113,4495.512695,4381.538574,4504.358887,4485.128418,2893,1,25,2568,48771,,,,0,4,4,4,4,4,4,4,4,4,4,4,4,4,4,4,4,4,4,4,4,4,4,4,4,4,4,4,4,4,4,4,4,100,,,,,,,,,,,,,,,,,,,,,,,,,,,,,,,,,,,27812,0,0.26381,-0.598328,-0.733948,0.183655,0.97424,0.215358,0.049811,24.666666,27.666666,42.666668,,,,,,,,,,,,,,,,,,,,,,,,,,,,,,,,,,,,,,,,,,,,,,,,,,,,,,,,,,,,,,,,,,,,,,,,,,,,,,,,,,,,,,,,,,,,,,,,,,,,,,,,,,,,,,,,,,,,,,,,,,,,,,,,,,,,,,,,,,,,,,,,,,,,,,,,,,,,,,,,
1764665237.780160,45714,0,4366.282227,4381.794922,4499.102539,4513.205078,4380.769043,4495.384766,4517.563965,4375.641113,4570.256348,4377.179688,4467.94873,4498.717773,4548.846191,4392.563965,4374.743652,4506.538574,4530.769043,4538.333496,4517.307617,4388.333496,4391.666504,4563.589844,4488.333496,4492.563965,4378.846191,4569.230957,4375.897461,4547.820313,4492.94873,4381.538574,4504.871582,4484.743652,1749,1,25,2564,48779,,,,0,4,4,4,4,4,4,4,4,4,4,4,4,4,4,4,4,4,4,4,4,4,4,4,4,4,4,4,4,4,4,4,4,100,,,,,,,,,,,,,,,,,,,,,,,,,,,,,,,,,,,,,,,,,,,,,,,,,,,,,,,,,,,,,,,,,,,,,,,,,,,,,,,,,,,,,,,,,,,,,,,,,,,,,,,,,,,,,,,,,,,,,,,,,,,,,,,,,,,,,,,,,,,,,,,,,,,,,,,,,,,,,,,,,,,,,,,,,,,,,,,,,,,,,,,,,,,,,,,,,,,,,,,,,,,,,,
1764665237.784066,45715,0,4370,4386.666504,4500.769043,4513.589844,4383.974121,4496.794922,4519.871582,4380.128418,4576.025879,4385.512695,4471.025879,4500.512695,4551.153809,4397.179688,4380.641113,4507.436035,4529.615234,4539.358887,4516.153809,4390.897461,4394.615234,4561.282227,4490.512695,4492.436035,4392.05127,4574.743652,4378.077148,4548.846191,4494.102539,4384.487305,4510,4489.615234,2934,1,25,2564,48779,,,,0,4,4,4,4,4,4,4,4,4,4,4,4,4,4,4,4,4,4,4,4,4,4,4,4,4,4,4,4,4,4,4,4,100,,,,,,,,,,,,,,,,,,,,,,,,,,,,,,,,,,,,,,,,,,,,,,,,,,,,,,,,,,,,,,,,,,,,,,,,,,,,,,,,,,,,,,,,,,,,,,,,,,,,,,,,,,,,,,,,,,,,,,,,,,,,,,,,,,,,,,,,,,,,,,,,,,,,,,,,,,,,,,,,,,,,,,,,,,,,,,,,,,,,,,,,,,,,,,,,,,,,,,,,,,,,,,
1764665237.787972,45716,0,4375.512695,4393.717773,4503.974121,4518.205078,4390.769043,4501.153809,4524.871582,4388.974121,4582.05127,4395.897461,4476.025879,4503.205078,4555.897461,4399.615234,4386.153809,4509.871582,4531.025879,4542.05127,4516.025879,4393.589844,4398.205078,4559.743652,4496.153809,4492.820313,4398.589844,4581.153809,4381.025879,4551.922852,4497.692383,4388.205078,4516.922852,4496.922852,2504,1,25,2561,48787,,,,0,4,4,4,4,4,4,4,4,4,4,4,4,4,4,4,4,4,4,4,4,4,4,4,4,4,4,4,4,4,4,4,4,100,,,,,,,,,,,,,,,,,,,,,,,,,,,,,,,,,,,,,,,,,,,,,,,,,,,,,,,,,,,,,,,,,,,,,,,,,,,,,,,,,,,,,,,,,,,,,,,,,,,,,,,,,,,,,,,,,,,,,,,,,,,,,,,,,,,,,,,,,,,,,,,,,,,,,,,,,,,,,,,,,,,,,,,,,,,,,,,,,,,,,,,,,,,,,,,,,,,,,,,,,,,,,,
1764665237.791878,45717,0,4379.358887,4399.615234,4508.846191,4525,4397.94873,4506.410156,4527.94873,4396.666504,4585.769043,4401.794922,4480.897461,4504.230957,4559.102539,4399.230957,4388.333496,4511.538574,4532.05127,4542.436035,4515.256348,4393.974121,4399.230957,4557.820313,4501.410156,4493.333496,4395.384766,4584.615234,4382.94873,4554.615234,4501.153809,4391.025879,4521.922852,4503.589844,2804,1,25,2561,48787,,,,0,4,4,4,4,4,4,4,4,4,4,4,4,4,4,4,4,4,4,4,4,4,4,4,4,4,4,4,4,4,4,4,4,100,,,,,,,,,,,,,,,,,,,,,,,,,,,,,,,,,,,27813,0,0.26381,-0.598328,-0.733948,0.183655,0.973263,0.20022,0.047369,23.833334,28,46,,,,,,,,,,,,,,,,,,,,,,,,,,,,,,,,,,,,,,,,,,,,,,,,,,,,,,,,,,,,,,,,,,,,,,,,,,,,,,,,,,,,,,,,,,,,,,,,,,,,,,,,,,,,,,,,,,,,,,,,,,,,,,,,,,,,,,,,,,,,,,,,,,,,,,,,,,,,,,,,
1764665237.795783,45718,0,4379.743652,4401.922852,4514.358887,4531.282227,4402.436035,4510.512695,4527.307617,4399.615234,4587.179688,4400.128418,4483.077148,4503.077148,4558.974121,4396.794922,4386.666504,4510.512695,4530.897461,4539.102539,4513.461426,4391.025879,4396.666504,4555.256348,4503.461426,4493.589844,4387.179688,4583.205078,4383.333496,4555.512695,4502.692383,4392.692383,4523.333496,4506.922852,2915,1,25,2562,48795,,,,0,4,4,4,4,4,4,4,4,4,4,4,4,4,4,4,4,4,4,4,4,4,4,4,4,4,4,4,4,4,4,4,4,100,,,,,,,,,,,,,,,,,,,,,,,,,,,,,,,,,,,,,,,,,,,,,,,,,,,,,,,,,,,,,,,,,,,,,,,,,,,,,,,,,,,,,,,,,,,,,,,,,,,,,,,,,,,,,,,,,,,,,,,,,,,,,,,,,,,,,,,,,,,,,,,,,,,,,,,,,,,,,,,,,,,,,,,,,,,,,,,,,,,,,,,,,,,,,,,,,,,,,,,,,,,,,,
1764665237.799689,45719,0,4378.077148,4400.769043,4518.333496,4534.871582,4403.461426,4512.94873,4524.615234,4397.436035,4587.692383,4393.589844,4481.922852,4501.666504,4556.410156,4394.102539,4383.974121,4506.410156,4528.077148,4533.589844,4511.025879,4386.666504,4392.563965,4553.461426,4502.307617,4493.461426,4382.307617,4579.102539,4382.563965,4554.615234,4502.05127,4393.846191,4521.794922,4507.05127,2830,1,25,2562,48795,,,,0,4,4,4,4,4,4,4,4,4,4,4,4,4,4,4,4,4,4,4,4,4,4,4,4,4,4,4,4,4,4,4,4,100,,,,,,,,,,,,,,,,,,,,,,,,,,,,,,,,,,,,,,,,,,,,,,,,,,,,,,,,,,,,,,,,,,,,,,,,,,,,,,,,,,,,,,,,,,,,,,,,,,,,,,,,,,,,,,,,,,,,,,,,,,,,,,,,,,,,,,,,,,,,,,,,,,,,,,,,,,,,,,,,,,,,,,,,,,,,,,,,,,,,,,,,,,,,,,,,,,,,,,,,,,,,,,
1764665237.803595,45720,0,4376.922852,4398.717773,4519.615234,4535.384766,4402.692383,4514.615234,4524.358887,4393.333496,4587.94873,4387.307617,4479.615234,4501.922852,4554.230957,4393.077148,4383.717773,4500.897461,4526.025879,4528.846191,4508.589844,4383.589844,4390,4553.461426,4499.743652,4492.94873,4385.256348,4576.666504,4381.794922,4553.333496,4501.153809,4395.256348,4520.256348,4506.025879,2753,1,25,2048,48802,,,,0,4,4,4,4,4,4,4,4,4,4,4,4,4,4,4,4,4,4,4,4,4,4,4,4,4,4,4,4,4,4,4,4,100,,,,,,,,,,,,,,,,,,,,,,,,,,,,,,,,,,,,,,,,,,,,,,,,,,,,,,,,,,,,,,,,,,,,,,,,,,,,,,,,,,,,,,,,,,,,,,,,,,,,,,,,,,,,,,,,,,,,,,,,,,,,,,,,,,,,,,,,,,,,,,,,,,,,,,,,,,,,,,,,,,,,,,,,,,,,,,,,,,,,,,,,,,,,,,,,,,,,,,,,,,,,,,
1764665237.807501,45721,0,4378.205078,4398.589844,4518.974121,4534.230957,4402.563965,4516.666504,4528.333496,4390.897461,4587.563965,4385.769043,4478.461426,4504.230957,4553.461426,4393.333496,4385.897461,4495.512695,4526.666504,4526.410156,4506.282227,4383.077148,4390.128418,4554.743652,4498.717773,4491.794922,4392.179688,4578.205078,4381.538574,4552.307617,4501.922852,4396.922852,4520.641113,4505.512695,2807,1,25,2048,48802,,,,0,4,4,4,4,4,4,4,4,4,4,4,4,4,4,4,4,4,4,4,4,4,4,4,4,4,4,4,4,4,4,4,4,100,,,,,,,,,,,,,,,,,,,,,,,,,,,,,,,,,,,27814,0,0.263363,-0.59845,-0.73407,0.183411,0.967892,0.200708,0.059578,25,27.666666,42.666668,,,,,,,,,,,,,,,,,,,,,,,,,,,,,,,,,,,,,,,,,,,,,,,,,,,,,,,,,,,,,,,,,,,,,,,,,,,,,,,,,,,,,,,,,,,,,,,,,,,,,,,,,,,,,,,,,,,,,,,,,,,,,,,,,,,,,,,,,,,,,,,,,,,,,,,,,,,,,,,,
1764665237.811406,45722,0,4381.025879,4400.897461,4517.563965,4532.94873,4403.974121,4518.717773,4534.358887,4391.025879,4585.384766,4389.487305,4478.717773,4506.922852,4553.333496,4393.461426,4387.179688,4490.769043,4529.102539,4525.256348,4503.461426,4383.717773,4391.282227,4555,4499.615234,4490,4394.743652,4581.794922,4381.538574,4551.794922,4504.871582,4398.333496,4522.179688,4505.769043,1949,1,25,2048,48810,,,,0,4,4,4,4,4,4,4,4,4,4,4,4,4,4,4,4,4,4,4,4,4,4,4,4,4,4,4,4,4,4,4,4,100,,,,,,,,,,,,,,,,,,,,,,,,,,,,,,,,,,,,,,,,,,,,,,,1.112048,1.193451,0.425377,1.318608,0.861081,2.557737,0.964745,0.359844,1.453251,0.939799,4.18082,0.896856,0.419159,1.354979,1.042327,2.748388,0.658156,0.492581,1.837118,1.025928,2.115066,0.711433,0.291195,1.353409,1.111905,1.569073,1.048928,0.720786,1.440403,0.823813,1.619265,0.761966,0.353469,1.470622,1.117327,2.019163,0.368932,0.37668,1.576778,1.14394,1.608262,0.387294,0.329852,1.377588,0.948648,1.399603,0.600972,0.809523,2.20619,1.213057,0.957627,0.419576,0.231233,1.066388,0.804702,1.608266,1.029431,0.447841,1.320455,0.995958,0.877036,0.536597,0.314467,0.846683,0.853493,0.610827,0.587967,0.204272,0.687996,0.667203,0.540967,0.53977,0.148021,0.965638,0.983972,1.024549,1.05345,0.247705,0.8747,0.781476,2.362594,1.281383,0.610796,1.608711,0.999162,1.243313,1.063972,0.304505,1.606648,1.154873,0.847315,0.739078,0.412283,0.82128,0.585135,1.434834,0.899803,0.374494,0.973723,0.776868,1.487378,1.190385,0.269952,1.385533,0.821898,1.775913,1.677636,0.768597,1.363189,0.939409,1.566001,1.336663,0.500939,1.348663,0.839592,2.220918,1.269482,0.639606,1.401637,0.932673,3.515689,1.630131,1.747541,2.803715,1.502578,2.987661,1.232876,0.377857,1.162871,0.947671,2.548539,1.502622,0.633278,1.468537,1.048397,2.64445,1.489161,0.684758,1.420647,1.038935,0.91139,0.432108,0.326364,0.719048,0.478278,2.991093,1.061472,0.400704,1.271702,0.987297,2.889829,1.349862,0.42327,1.257325,0.966731,2.948792,1.072775,0.350285,1.303196,0.971262
1764665237.815312,45723,0,4383.974121,4404.487305,4516.538574,4532.692383,4406.025879,4519.871582,4538.077148,4392.820313,4581.922852,4395.769043,4479.230957,4508.461426,4552.436035,4392.436035,4385,4487.05127,4531.410156,4523.717773,4500.256348,4383.205078,4391.025879,4553.077148,4501.666504,4487.563965,4388.846191,4584.102539,4381.410156,4551.410156,4508.333496,4399.487305,4522.94873,4506.282227,2631,1,25,2048,48810,,,,0,4,4,4,4,4,4,4,4,4,4,4,4,4,4,4,4,4,4,4,4,4,4,4,4,4,4,4,4,4,4,4,4,100,,,,,,,,,,,,,,,,,,,,,,,,,,,,,,,,,,,,,,,,,,,,,,,,,,,,,,,,,,,,,,,,,,,,,,,,,,,,,,,,,,,,,,,,,,,,,,,,,,,,,,,,,,,,,,,,,,,,,,,,,,,,,,,,,,,,,,,,,,,,,,,,,,,,,,,,,,,,,,,,,,,,,,,,,,,,,,,,,,,,,,,,,,,,,,,,,,,,,,,,,,,,,,
1764665237.819218,45724,0,4386.538574,4408.461426,4517.436035,4534.102539,4408.333496,4520.384766,4538.077148,4395.384766,4580.384766,4402.05127,4478.974121,4509.871582,4551.410156,4391.666504,4381.025879,4485.384766,4533.333496,4522.05127,4497.820313,4381.282227,4389.230957,4550.769043,4504.230957,4486.538574,4379.230957,4584.102539,4382.307617,4552.563965,4511.025879,4401.922852,4522.436035,4507.179688,2684,1,25,2304,48818,,,,0,4,4,4,4,4,4,4,4,4,4,4,4,4,4,4,4,4,4,4,4,4,4,4,4,4,4,4,4,4,4,4,4,100,,,,,,,,,,,,,,,,,,,,,,,,,,,,,,,,,,,,,,,,,,,,,,,,,,,,,,,,,,,,,,,,,,,,,,,,,,,,,,,,,,,,,,,,,,,,,,,,,,,,,,,,,,,,,,,,,,,,,,,,,,,,,,,,,,,,,,,,,,,,,,,,,,,,,,,,,,,,,,,,,,,,,,,,,,,,,,,,,,,,,,,,,,,,,,,,,,,,,,,,,,,,,,
1764665237.823124,45725,0,4390.384766,4412.563965,4521.025879,4537.820313,4411.282227,4521.922852,4537.563965,4398.846191,4583.974121,4407.436035,4479.102539,4513.974121,4552.94873,4393.461426,4379.358887,4487.563965,4536.666504,4522.307617,4497.692383,4380.256348,4388.333496,4551.922852,4508.077148,4489.358887,4375,4583.974121,4385.897461,4556.410156,4512.820313,4406.666504,4522.563965,4508.846191,2505,1,25,2304,48818,,,,0,4,4,4,4,4,4,4,4,4,4,4,4,4,4,4,4,4,4,4,4,4,4,4,4,4,4,4,4,4,4,4,4,100,,,,,,,,,,,,,,,,,,,,,,,,,,,,,,,,,,,27815,0,0.263671,-0.598389,-0.734009,0.183411,0.986937,0.206568,0.036626,23.166666,28.166666,42.5,,,,,,,,,,,,,,,,,,,,,,,,,,,,,,,,,,,,,,,,,,,,,,,,,,,,,,,,,,,,,,,,,,,,,,,,,,,,,,,,,,,,,,,,,,,,,,,,,,,,,,,,,,,,,,,,,,,,,,,,,,,,,,,,,,,,,,,,,,,,,,,,,,,,,,,,,,,,,,,,
1764665237.827030,45726,0,4396.025879,4416.410156,4526.410156,4543.205078,4415,4524.743652,4540,4402.820313,4592.94873,4411.666504,4481.025879,4521.666504,4558.461426,4398.333496,4382.820313,4493.461426,4542.692383,4525.769043,4500.897461,4381.538574,4390.384766,4558.461426,4513.846191,4496.282227,4380.897461,4585.641113,4392.307617,4563.077148,4514.743652,4412.94873,4524.615234,4511.153809,2651,1,25,2560,48826,,,,0,4,4,4,4,4,4,4,4,4,4,4,4,4,4,4,4,4,4,4,4,4,4,4,4,4,4,4,4,4,4,4,4,100,,,,,,,,,,,,,,,,,,,,,,,,,,,,,,,,,,,,,,,,,,,,,,,,,,,,,,,,,,,,,,,,,,,,,,,,,,,,,,,,,,,,,,,,,,,,,,,,,,,,,,,,,,,,,,,,,,,,,,,,,,,,,,,,,,,,,,,,,,,,,,,,,,,,,,,,,,,,,,,,,,,,,,,,,,,,,,,,,,,,,,,,,,,,,,,,,,,,,,,,,,,,,,
1764665237.830935,45727,0,4401.410156,4418.461426,4530,4546.922852,4417.307617,4527.05127,4546.153809,4405.128418,4602.436035,4413.974121,4484.615234,4529.615234,4565.769043,4403.333496,4388.333496,4500.769043,4549.871582,4531.666504,4506.666504,4384.615234,4394.743652,4568.717773,4520.384766,4504.615234,4392.692383,4587.692383,4398.974121,4570.256348,4516.922852,4417.820313,4527.179688,4512.563965,2818,1,25,2560,48826,,,,0,4,4,4,4,4,4,4,4,4,4,4,4,4,4,4,4,4,4,4,4,4,4,4,4,4,4,4,4,4,4,4,4,100,,,,,,,,,,,,,,,,,,,,,,,,,,,,,,,,,,,,,,,,,,,,,,,,,,,,,,,,,,,,,,,,,,,,,,,,,,,,,,,,,,,,,,,,,,,,,,,,,,,,,,,,,,,,,,,,,,,,,,,,,,,,,,,,,,,,,,,,,,,,,,,,,,,,,,,,,,,,,,,,,,,,,,,,,,,,,,,,,,,,,,,,,,,,,,,,,,,,,,,,,,,,,,
1764665237.834841,45728,0,4403.589844,4417.563965,4528.846191,4545.769043,4415.512695,4527.05127,4552.436035,4403.717773,4606.538574,4413.333496,4487.307617,4533.461426,4570.897461,4404.871582,4391.025879,4505.512695,4555.384766,4537.179688,4511.794922,4386.794922,4397.94873,4578.077148,4525.128418,4509.871582,4402.05127,4586.538574,4402.436035,4574.615234,4518.461426,4417.94873,4527.820313,4511.538574,2746,1,25,2560,48834,,,,0,4,4,4,4,4,4,4,4,4,4,4,4,4,4,4,4,4,4,4,4,4,4,4,4,4,4,4,4,4,4,4,4,100,,,,,,,,,,,,,,,,,,,,,,,,,,,,,,,,,,,,,,,,,,,,,,,,,,,,,,,,,,,,,,,,,,,,,,,,,,,,,,,,,,,,,,,,,,,,,,,,,,,,,,,,,,,,,,,,,,,,,,,,,,,,,,,,,,,,,,,,,,,,,,,,,,,,,,,,,,,,,,,,,,,,,,,,,,,,,,,,,,,,,,,,,,,,,,,,,,,,,,,,,,,,,,
1764665237.838747,45729,0,4401.153809,4414.230957,4523.205078,4539.615234,4409.487305,4525.128418,4554.871582,4398.461426,4603.077148,4409.871582,4486.922852,4532.179688,4571.538574,4402.05127,4388.589844,4506.025879,4557.563965,4540.256348,4513.974121,4385.897461,4397.94873,4582.820313,4526.538574,4510,4404.230957,4580.512695,4401.025879,4574.487305,4518.461426,4413.461426,4525.641113,4508.205078,2911,1,25,2560,48834,,,,0,4,4,4,4,4,4,4,4,4,4,4,4,4,4,4,4,4,4,4,4,4,4,4,4,4,4,4,4,4,4,4,4,100,,,,,,,,,,,,,,,,,,,,,,,,,,,,,,,,,,,27816,0,0.263586,-0.598389,-0.734009,0.183533,0.986937,0.206568,0.036626,23.833334,28.833334,43.5,,,,,,,,,,,,,,,,,,,,,,,,,,,,,,,,,,,,,,,,,,,,,,,,,,,,,,,,,,,,,,,,,,,,,,,,,,,,,,,,,,,,,,,,,,,,,,,,,,,,,,,,,,,,,,,,,,,,,,,,,,,,,,,,,,,,,,,,,,,,,,,,,,,,,,,,,,,,,,,,
1764665237.842653,45730,0,4396.538574,4410.897461,4517.179688,4532.307617,4403.077148,4523.974121,4553.333496,4392.307617,4595,4406.666504,4484.102539,4528.846191,4569.102539,4397.820313,4383.333496,4504.487305,4557.692383,4541.153809,4513.846191,4383.205078,4395.769043,4583.717773,4525.384766,4508.077148,4401.538574,4572.94873,4397.179688,4571.410156,4517.563965,4407.94873,4523.333496,4504.743652,2595,1,25,2561,48842,,,,0,4,4,4,4,4,4,4,4,4,4,4,4,4,4,4,4,4,4,4,4,4,4,4,4,4,4,4,4,4,4,4,4,100,,,,,,,,,,,,,,,,,,,,,,,,,,,,,,,,,,,,,,,,,,,,,,,,,,,,,,,,,,,,,,,,,,,,,,,,,,,,,,,,,,,,,,,,,,,,,,,,,,,,,,,,,,,,,,,,,,,,,,,,,,,,,,,,,,,,,,,,,,,,,,,,,,,,,,,,,,,,,,,,,,,,,,,,,,,,,,,,,,,,,,,,,,,,,,,,,,,,,,,,,,,,,,
1764665237.846558,45731,0,4394.358887,4410.384766,4515.128418,4528.717773,4400.641113,4526.282227,4551.153809,4389.102539,4588.333496,4406.922852,4481.410156,4528.461426,4567.94873,4396.794922,4380,4505.256348,4559.230957,4542.179688,4514.358887,4382.307617,4395.256348,4583.846191,4524.230957,4508.717773,4400.256348,4569.615234,4395,4569.102539,4517.563965,4405.897461,4524.230957,4504.102539,2849,1,25,2561,48842,,,,0,4,4,4,4,4,4,4,4,4,4,4,4,4,4,4,4,4,4,4,4,4,4,4,4,4,4,4,4,4,4,4,4,100,,,,,,,,,,,,,,,,,,,,,,,,,,,,,,,,,,,,,,,,,,,,,,,,,,,,,,,,,,,,,,,,,,,,,,,,,,,,,,,,,,,,,,,,,,,,,,,,,,,,,,,,,,,,,,,,,,,,,,,,,,,,,,,,,,,,,,,,,,,,,,,,,,,,,,,,,,,,,,,,,,,,,,,,,,,,,,,,,,,,,,,,,,,,,,,,,,,,,,,,,,,,,,
1764665237.850464,45732,0,4397.307617,4413.589844,4518.205078,4530.769043,4404.102539,4531.538574,4551.922852,4391.282227,4586.538574,4411.153809,4481.410156,4533.077148,4570.897461,4400.256348,4380.641113,4510.512695,4563.846191,4546.153809,4517.94873,4386.153809,4398.974121,4586.538574,4525.512695,4514.615234,4404.615234,4573.974121,4397.179688,4571.025879,4519.615234,4409.230957,4530,4507.563965,2738,1,25,2562,48849,,,,0,4,4,4,4,4,4,4,4,4,4,4,4,4,4,4,4,4,4,4,4,4,4,4,4,4,4,4,4,4,4,4,4,100,,,,,,,,,,,,,,,,,,,,,,,,,,,,,,,,,,,,,,,,,,,,,,,,,,,,,,,,,,,,,,,,,,,,,,,,,,,,,,,,,,,,,,,,,,,,,,,,,,,,,,,,,,,,,,,,,,,,,,,,,,,,,,,,,,,,,,,,,,,,,,,,,,,,,,,,,,,,,,,,,,,,,,,,,,,,,,,,,,,,,,,,,,,,,,,,,,,,,,,,,,,,,,
1764665237.854370,45733,0,4403.846191,4417.94873,4523.333496,4536.025879,4410,4536.538574,4555.769043,4397.179688,4589.102539,4414.230957,4484.487305,4540.128418,4577.05127,4405.512695,4383.461426,4519.102539,4570.512695,4553.077148,4523.846191,4393.717773,4406.410156,4592.179688,4529.487305,4523.205078,4412.692383,4583.717773,4402.307617,4577.179688,4522.692383,4415.384766,4538.205078,4512.692383,2781,1,25,2562,48849,,,,0,4,4,4,4,4,4,4,4,4,4,4,4,4,4,4,4,4,4,4,4,4,4,4,4,4,4,4,4,4,4,4,4,100,,,,,,,,,,,,,,,,,,,,,,,,,,,,,,,,,,,27817,0,0.263714,-0.598389,-0.733948,0.183594,0.976682,0.216335,0.052252,24.5,29,43.333332,,,,,,,,,,,,,,,,,,,,,,,,,,,,,,,,,,,,,,,,,,,,,,,,,,,,,,,,,,,,,,,,,,,,,,,,,,,,,,,,,,,,,,,,,,,,,,,,,,,,,,,,,,,,,,,,,,,,,,,,,,,,,,,,,,,,,,,,,,,,,,,,,,,,,,,,,,,,,,,,
1764665237.858276,45734,0,4408.589844,4418.846191,4524.871582,4539.102539,4412.436035,4537.179688,4559.230957,4401.794922,4591.922852,4410.128418,4488.461426,4544.102539,4581.794922,4407.692383,4384.487305,4526.410156,4575.128418,4559.743652,4528.205078,4400,4413.461426,4596.794922,4532.820313,4528.846191,4418.589844,4591.410156,4405.512695,4582.563965,4523.717773,4418.589844,4543.589844,4514.871582,2790,1,25,2563,48857,,,,0,4,4,4,4,4,4,4,4,4,4,4,4,4,4,4,4,4,4,4,4,4,4,4,4,4,4,4,4,4,4,4,4,100,,,,,,,,,,,,,,,,,,,,,,,,,,,,,,,,,,,,,,,,,,,,,,,,,,,,,,,,,,,,,,,,,,,,,,,,,,,,,,,,,,,,,,,,,,,,,,,,,,,,,,,,,,,,,,,,,,,,,,,,,,,,,,,,,,,,,,,,,,,,,,,,,,,,,,,,,,,,,,,,,,,,,,,,,,,,,,,,,,,,,,,,,,,,,,,,,,,,,,,,,,,,,,
1764665237.862181,45735,0,4406.410156,4412.820313,4519.615234,4536.282227,4407.692383,4531.666504,4557.94873,4400.384766,4591.025879,4396.794922,4490.128418,4540.384766,4580.769043,4403.974121,4381.666504,4528.461426,4573.205078,4561.794922,4527.94873,4399.871582,4414.743652,4595.512695,4531.025879,4526.153809,4417.05127,4590.256348,4402.820313,4581.538574,4520.384766,4414.358887,4541.025879,4510.769043,2974,1,25,2563,48857,,,,0,4,4,4,4,4,4,4,4,4,4,4,4,4,4,4,4,4,4,4,4,4,4,4,4,4,4,4,4,4,4,4,4,100,,,,,,,,,,,,,,,,,,,,,,,,,,,,,,,,,,,,,,,,,,,,,,,,,,,,,,,,,,,,,,,,,,,,,,,,,,,,,,,,,,,,,,,,,,,,,,,,,,,,,,,,,,,,,,,,,,,,,,,,,,,,,,,,,,,,,,,,,,,,,,,,,,,,,,,,,,,,,,,,,,,,,,,,,,,,,,,,,,,,,,,,,,,,,,,,,,,,,,,,,,,,,,
1764665237.866087,45736,0,4396.666504,4401.153809,4509.102539,4528.077148,4397.692383,4522.307617,4551.282227,4392.94873,4586.025879,4380.769043,4487.820313,4529.487305,4573.846191,4396.794922,4376.666504,4524.230957,4563.974121,4557.820313,4523.205078,4393.077148,4409.358887,4586.922852,4523.461426,4515.769043,4408.589844,4580.256348,4394.230957,4572.179688,4513.333496,4403.461426,4530.641113,4501.666504,2857,1,25,2564,48865,,,,0,4,4,4,4,4,4,4,4,4,4,4,4,4,4,4,4,4,4,4,4,4,4,4,4,4,4,4,4,4,4,4,4,100,,,,,,,,,,,,,,,,,,,,,,,,,,,,,,,,,,,,,,,,,,,,,,,,,,,,,,,,,,,,,,,,,,,,,,,,,,,,,,,,,,,,,,,,,,,,,,,,,,,,,,,,,,,,,,,,,,,,,,,,,,,,,,,,,,,,,,,,,,,,,,,,,,,,,,,,,,,,,,,,,,,,,,,,,,,,,,,,,,,,,,,,,,,,,,,,,,,,,,,,,,,,,,
1764665237.869993,45737,0,4384.871582,4390.641113,4500.128418,4520.512695,4390,4515,4544.102539,4385.128418,4581.794922,4373.077148,4484.358887,4517.94873,4566.538574,4391.666504,4375,4517.820313,4552.179688,4551.538574,4518.461426,4385.384766,4401.794922,4575.256348,4514.487305,4504.487305,4399.230957,4568.717773,4385.256348,4559.615234,4506.410156,4392.692383,4519.102539,4493.461426,2706,1,25,2564,48865,,,,0,4,4,4,4,4,4,4,4,4,4,4,4,4,4,4,4,4,4,4,4,4,4,4,4,4,4,4,4,4,4,4,4,100,,,,,,,,,,,,,,,,,,,,,,,,,,,,,,,,,,,27818,0,0.263714,-0.598389,-0.733948,0.183594,0.982053,0.212428,0.046881,23.5,28.333334,44.666668,,,,,,,,,,,,,,,,,,,,,,,,,,,,,,,,,,,,,,,,,,,,,,,,,,,,,,,,,,,,,,,,,,,,,,,,,,,,,,,,,,,,,,,,,,,,,,,,,,,,,,,,,,,,,,,,,,,,,,,,,,,,,,,,,,,,,,,,,,,,,,,,,,,,,,,,,,,,,,,,
1764665237.873899,45738,0,4378.589844,4389.102539,4499.615234,4520.512695,4391.538574,4515.256348,4542.692383,4384.230957,4584.102539,4380.512695,4484.102539,4513.846191,4565.769043,4393.974121,4381.282227,4515.769043,4545.769043,4549.615234,4518.846191,4384.743652,4399.102539,4568.333496,4510.769043,4500.512695,4396.153809,4565.384766,4382.563965,4552.179688,4504.743652,4389.743652,4515.256348,4493.077148,2274,1,25,2565,48873,,,,0,4,4,4,4,4,4,4,4,4,4,4,4,4,4,4,4,4,4,4,4,4,4,4,4,4,4,4,4,4,4,4,4,100,,,,,,,,,,,,,,,,,,,,,,,,,,,,,,,,,,,,,,,,,,,,,,,,,,,,,,,,,,,,,,,,,,,,,,,,,,,,,,,,,,,,,,,,,,,,,,,,,,,,,,,,,,,,,,,,,,,,,,,,,,,,,,,,,,,,,,,,,,,,,,,,,,,,,,,,,,,,,,,,,,,,,,,,,,,,,,,,,,,,,,,,,,,,,,,,,,,,,,,,,,,,,,
1764665237.877805,45739,0,4382.05127,4397.820313,4509.487305,4529.358887,4402.820313,4523.077148,4549.358887,4392.179688,4594.102539,4399.358887,4488.974121,4520.256348,4573.077148,4404.102539,4394.871582,4521.282227,4548.461426,4554.230957,4525.128418,4393.717773,4403.974121,4570,4514.871582,4506.538574,4400.641113,4573.077148,4388.205078,4554.615234,4509.487305,4396.410156,4521.922852,4501.538574,2667,1,25,2565,48873,,,,0,4,4,4,4,4,4,4,4,4,4,4,4,4,4,4,4,4,4,4,4,4,4,4,4,4,4,4,4,4,4,4,4,100,,,,,,,,,,,,,,,,,,,,,,,,,,,,,,,,,,,,,,,,,,,,,,,,,,,,,,,,,,,,,,,,,,,,,,,,,,,,,,,,,,,,,,,,,,,,,,,,,,,,,,,,,,,,,,,,,,,,,,,,,,,,,,,,,,,,,,,,,,,,,,,,,,,,,,,,,,,,,,,,,,,,,,,,,,,,,,,,,,,,,,,,,,,,,,,,,,,,,,,,,,,,,,
1764665237.881710,45740,0,4390.384766,4409.615234,4522.05127,4541.025879,4415.384766,4532.307617,4558.589844,4402.820313,4604.615234,4416.666504,4495.128418,4530.512695,4581.922852,4415.769043,4407.820313,4530,4555.384766,4560,4531.666504,4405.769043,4410.769043,4576.025879,4521.794922,4515.897461,4406.025879,4584.743652,4396.922852,4562.94873,4516.538574,4406.282227,4532.307617,4511.666504,2486,1,25,2562,48881,,,,0,4,4,4,4,4,4,4,4,4,4,4,4,4,4,4,4,4,4,4,4,4,4,4,4,4,4,4,4,4,4,4,4,100,,,,,,,,,,,,,,,,,,,,,,,,,,,,,,,,,,,,,,,,,,,,,,,,,,,,,,,,,,,,,,,,,,,,,,,,,,,,,,,,,,,,,,,,,,,,,,,,,,,,,,,,,,,,,,,,,,,,,,,,,,,,,,,,,,,,,,,,,,,,,,,,,,,,,,,,,,,,,,,,,,,,,,,,,,,,,,,,,,,,,,,,,,,,,,,,,,,,,,,,,,,,,,
1764665237.885616,45741,0,4393.717773,4412.820313,4525.384766,4545.256348,4418.077148,4533.717773,4560.384766,4405.512695,4606.025879,4420,4495.641113,4533.717773,4582.307617,4420.384766,4410.512695,4532.436035,4556.025879,4557.94873,4530.897461,4409.743652,4410.256348,4576.410156,4522.820313,4517.179688,4402.563965,4588.461426,4399.230957,4566.666504,4518.333496,4408.846191,4534.871582,4512.436035,2228,1,25,2562,48881,,,,0,4,4,4,4,4,4,4,4,4,4,4,4,4,4,4,4,4,4,4,4,4,4,4,4,4,4,4,4,4,4,4,4,100,,,,,,,,,,,,,,,,,,,,,,,,,,,,,,,,,,,27819,0,0.263683,-0.598328,-0.734009,0.183594,0.972287,0.21194,0.037114,23.833334,28,43.5,,,,,,,,,,,,,,,,,,,,,,,,,,,,,,,,,,,,,,,,,,,,,,,,,,,,,,,,,,,,,,,,,,,,,,,,,,,,,,,,,,,,,,,,,,,,,,,,,,,,,,,,,,,,,,,,,,,,,,,,,,,,,,,,,,,,,,,,,,,,,,,,,,,,,,,,,,,,,,,,
1764665237.889522,45742,0,4386.025879,4401.666504,4513.717773,4536.794922,4406.025879,4522.692383,4549.358887,4395.512695,4594.358887,4407.307617,4487.179688,4523.333496,4570,4413.974121,4399.487305,4523.205078,4543.846191,4544.615234,4520.128418,4400.128418,4397.94873,4565.384766,4512.692383,4504.871582,4388.077148,4578.333496,4389.615234,4558.717773,4511.282227,4399.102539,4523.717773,4499.102539,2699,1,25,2560,48888,,,,0,4,4,4,4,4,4,4,4,4,4,4,4,4,4,4,4,4,4,4,4,4,4,4,4,4,4,4,4,4,4,4,4,100,,,,,,,,,,,,,,,,,,,,,,,,,,,,,,,,,,,,,,,,,,,,,,,,,,,,,,,,,,,,,,,,,,,,,,,,,,,,,,,,,,,,,,,,,,,,,,,,,,,,,,,,,,,,,,,,,,,,,,,,,,,,,,,,,,,,,,,,,,,,,,,,,,,,,,,,,,,,,,,,,,,,,,,,,,,,,,,,,,,,,,,,,,,,,,,,,,,,,,,,,,,,,,
1764665237.893428,45743,0,4370.769043,4382.436035,4493.077148,4520.769043,4386.282227,4504.102539,4530.769043,4378.077148,4575.769043,4387.563965,4475.128418,4503.846191,4551.025879,4400.641113,4381.410156,4506.153809,4523.589844,4525.897461,4504.743652,4382.563965,4379.358887,4547.179688,4496.153809,4484.487305,4370.641113,4560,4372.05127,4542.05127,4498.846191,4381.922852,4504.102539,4478.333496,2488,1,25,2560,48888,,,,0,4,4,4,4,4,4,4,4,4,4,4,4,4,4,4,4,4,4,4,4,4,4,4,4,4,4,4,4,4,4,4,4,100,,,,,,,,,,,,,,,,,,,,,,,,,,,,,,,,,,,,,,,,,,,,,,,,,,,,,,,,,,,,,,,,,,,,,,,,,,,,,,,,,,,,,,,,,,,,,,,,,,,,,,,,,,,,,,,,,,,,,,,,,,,,,,,,,,,,,,,,,,,,,,,,,,,,,,,,,,,,,,,,,,,,,,,,,,,,,,,,,,,,,,,,,,,,,,,,,,,,,,,,,,,,,,
1764665237.897333,45744,0,4359.487305,4369.230957,4478.589844,4509.871582,4373.589844,4489.743652,4517.307617,4365.641113,4562.692383,4374.871582,4469.871582,4488.589844,4537.179688,4389.487305,4367.94873,4492.179688,4507.820313,4513.974121,4495.384766,4369.871582,4366.666504,4533.846191,4484.358887,4470.128418,4362.436035,4547.436035,4358.333496,4528.333496,4489.615234,4369.615234,4489.230957,4464.358887,2854,1,25,2561,48896,,,,0,4,4,4,4,4,4,4,4,4,4,4,4,4,4,4,4,4,4,4,4,4,4,4,4,4,4,4,4,4,4,4,4,100,,,,,,,,,,,,,,,,,,,,,,,,,,,,,,,,,,,,,,,,,,,,,,,,,,,,,,,,,,,,,,,,,,,,,,,,,,,,,,,,,,,,,,,,,,,,,,,,,,,,,,,,,,,,,,,,,,,,,,,,,,,,,,,,,,,,,,,,,,,,,,,,,,,,,,,,,,,,,,,,,,,,,,,,,,,,,,,,,,,,,,,,,,,,,,,,,,,,,,,,,,,,,,
1764665237.901239,45745,0,4361.410156,4372.307617,4482.05127,4513.589844,4377.692383,4490.128418,4518.974121,4367.436035,4563.846191,4377.307617,4477.05127,4488.205078,4536.666504,4387.563965,4367.436035,4489.743652,4507.307617,4516.666504,4498.461426,4372.179688,4369.487305,4534.743652,4485.897461,4472.179688,4368.717773,4550.641113,4359.102539,4528.589844,4490.512695,4372.05127,4489.871582,4467.94873,2908,1,25,2561,48896,,,,0,4,4,4,4,4,4,4,4,4,4,4,4,4,4,4,4,4,4,4,4,4,4,4,4,4,4,4,4,4,4,4,4,100,,,,,,,,,,,,,,,,,,,,,,,,,,,,,,,,,,,27820,0,0.263948,-0.598267,-0.733948,0.183655,0.96545,0.216823,0.051276,25.833334,30.333334,45.5,,,,,,,,,,,,,,,,,,,,,,,,,,,,,,,,,,,,,,,,,,,,,,,,,,,,,,,,,,,,,,,,,,,,,,,,,,,,,,,,,,,,,,,,,,,,,,,,,,,,,,,,,,,,,,,,,,,,,,,,,,,,,,,,,,,,,,,,,,,,,,,,,,,,,,,,,,,,,,,,
1764665237.905145,45746,0,4375.769043,4390.128418,4501.538574,4530,4395.641113,4504.743652,4534.230957,4382.05127,4577.05127,4391.922852,4491.410156,4501.794922,4547.820313,4394.487305,4377.563965,4498.077148,4521.282227,4530.641113,4511.410156,4387.179688,4385.641113,4548.461426,4498.974121,4488.846191,4382.820313,4566.794922,4374.615234,4543.077148,4501.025879,4387.820313,4505.384766,4487.179688,1753,1,25,2560,48904,,,,0,4,4,4,4,4,4,4,4,4,4,4,4,4,4,4,4,4,4,4,4,4,4,4,4,4,4,4,4,4,4,4,4,100,,,,,,,,,,,,,,,,,,,,,,,,,,,,,,,,,,,,,,,,,,,,,,,,,,,,,,,,,,,,,,,,,,,,,,,,,,,,,,,,,,,,,,,,,,,,,,,,,,,,,,,,,,,,,,,,,,,,,,,,,,,,,,,,,,,,,,,,,,,,,,,,,,,,,,,,,,,,,,,,,,,,,,,,,,,,,,,,,,,,,,,,,,,,,,,,,,,,,,,,,,,,,,
1764665237.909051,45747,0,4392.05127,4410.256348,4523.461426,4546.794922,4413.974121,4522.563965,4551.666504,4398.077148,4591.282227,4407.820313,4500.512695,4517.820313,4560.384766,4403.077148,4388.333496,4507.94873,4538.461426,4544.102539,4523.333496,4402.692383,4402.436035,4563.461426,4512.307617,4506.666504,4391.922852,4582.820313,4394.102539,4560.256348,4513.461426,4405.128418,4524.487305,4508.461426,2938,1,25,2560,48904,,,,0,4,4,4,4,4,4,4,4,4,4,4,4,4,4,4,4,4,4,4,4,4,4,4,4,4,4,4,4,4,4,4,4,100,,,,,,,,,,,,,,,,,,,,,,,,,,,,,,,,,,,,,,,,,,,,,,,,,,,,,,,,,,,,,,,,,,,,,,,,,,,,,,,,,,,,,,,,,,,,,,,,,,,,,,,,,,,,,,,,,,,,,,,,,,,,,,,,,,,,,,,,,,,,,,,,,,,,,,,,,,,,,,,,,,,,,,,,,,,,,,,,,,,,,,,,,,,,,,,,,,,,,,,,,,,,,,
1764665237.912957,45748,0,4398.589844,4419.358887,4533.461426,4551.922852,4420.641113,4531.410156,4558.846191,4404.102539,4595.128418,4414.871582,4496.025879,4524.871582,4563.974121,4405.897461,4390.512695,4509.871582,4546.025879,4545.512695,4523.846191,4406.794922,4407.05127,4568.333496,4516.153809,4511.538574,4387.179688,4586.538574,4404.102539,4566.922852,4519.358887,4411.410156,4533.974121,4517.94873,2512,1,25,2560,48912,,,,0,4,4,4,4,4,4,4,4,4,4,4,4,4,4,4,4,4,4,4,4,4,4,4,4,4,4,4,4,4,4,4,4,100,,,,,,,,,,,,,,,,,,,,,,,,,,,,,,,,,,,,,,,,,,,,,,,,,,,,,,,,,,,,,,,,,,,,,,,,,,,,,,,,,,,,,,,,,,,,,,,,,,,,,,,,,,,,,,,,,,,,,,,,,,,,,,,,,,,,,,,,,,,,,,,,,,,,,,,,,,,,,,,,,,,,,,,,,,,,,,,,,,,,,,,,,,,,,,,,,,,,,,,,,,,,,,
1764665237.916862,45749,0,4392.436035,4413.974121,4527.436035,4543.333496,4414.487305,4527.05127,4552.563965,4397.436035,4585.897461,4410.128418,4481.410156,4519.743652,4557.692383,4401.153809,4382.820313,4502.179688,4540,4533.205078,4511.922852,4397.05127,4397.179688,4561.282227,4509.230957,4500.384766,4371.922852,4576.410156,4399.615234,4558.974121,4515.512695,4403.205078,4528.974121,4511.538574,2810,1,25,2560,48912,,,,0,4,4,4,4,4,4,4,4,4,4,4,4,4,4,4,4,4,4,4,4,4,4,4,4,4,4,4,4,4,4,4,4,100,,,,,,,,,,,,,,,,,,,,,,,,,,,,,,,,,,,27821,0,0.263948,-0.598267,-0.733948,0.183655,0.990355,0.231474,0.063973,24.5,28.166666,43.333332,,,,,,,,,,,,,,,,,,,,,,,,,,,,,,,,,,,,,,,,,,,,,,,,,,,,,,,,,,,,,,,,,,,,,,,,,,,,,,,,,,,,,,,,,,,,,,,,,,,,,,,,,,,,,,,,,,,,,,,,,,,,,,,,,,,,,,,,,,,,,,,,,,,,,,,,,,,,,,,,
1764665237.920768,45750,0,4380.769043,4401.153809,4512.436035,4529.230957,4403.589844,4515.128418,4539.487305,4385.384766,4571.025879,4398.205078,4468.589844,4509.358887,4548.461426,4392.820313,4372.05127,4491.666504,4527.05127,4516.153809,4495.769043,4381.538574,4381.794922,4549.871582,4499.615234,4482.436035,4358.205078,4560.897461,4386.282227,4543.846191,4506.025879,4387.563965,4515.128418,4497.179688,2919,1,25,2560,48920,,,,0,4,4,4,4,4,4,4,4,4,4,4,4,4,4,4,4,4,4,4,4,4,4,4,4,4,4,4,4,4,4,4,4,100,,,,,,,,,,,,,,,,,,,,,,,,,,,,,,,,,,,,,,,,,,,,,,,,,,,,,,,,,,,,,,,,,,,,,,,,,,,,,,,,,,,,,,,,,,,,,,,,,,,,,,,,,,,,,,,,,,,,,,,,,,,,,,,,,,,,,,,,,,,,,,,,,,,,,,,,,,,,,,,,,,,,,,,,,,,,,,,,,,,,,,,,,,,,,,,,,,,,,,,,,,,,,,
1764665237.924674,45751,0,4373.846191,4391.282227,4499.358887,4519.358887,4397.692383,4505.128418,4529.487305,4376.794922,4560.897461,4386.666504,4467.563965,4502.563965,4544.743652,4386.282227,4366.410156,4486.794922,4518.333496,4505.641113,4486.025879,4370.897461,4372.692383,4544.230957,4495.641113,4470.769043,4356.794922,4551.153809,4373.974121,4532.94873,4498.205078,4375.641113,4502.692383,4486.153809,2835,1,25,2560,48920,,,,0,4,4,4,4,4,4,4,4,4,4,4,4,4,4,4,4,4,4,4,4,4,4,4,4,4,4,4,4,4,4,4,4,100,,,,,,,,,,,,,,,,,,,,,,,,,,,,,,,,,,,,,,,,,,,,,,,,,,,,,,,,,,,,,,,,,,,,,,,,,,,,,,,,,,,,,,,,,,,,,,,,,,,,,,,,,,,,,,,,,,,,,,,,,,,,,,,,,,,,,,,,,,,,,,,,,,,,,,,,,,,,,,,,,,,,,,,,,,,,,,,,,,,,,,,,,,,,,,,,,,,,,,,,,,,,,,
1764665237.928580,45752,0,4375.897461,4390.128418,4494.871582,4517.692383,4399.230957,4503.077148,4527.692383,4376.025879,4560.769043,4380.512695,4478.077148,4503.846191,4549.358887,4383.974121,4369.102539,4491.666504,4520.256348,4507.179688,4487.307617,4370.384766,4375.128418,4547.94873,4500,4472.563965,4368.846191,4551.666504,4369.615234,4532.820313,4496.538574,4373.589844,4498.846191,4483.974121,2757,1,25,2560,48927,,,,0,4,4,4,4,4,4,4,4,4,4,4,4,4,4,4,4,4,4,4,4,4,4,4,4,4,4,4,4,4,4,4,4,100,,,,,,,,,,,,,,,,,,,,,,,,,,,,,,,,,,,,,,,,,,,,,,,,,,,,,,,,,,,,,,,,,,,,,,,,,,,,,,,,,,,,,,,,,,,,,,,,,,,,,,,,,,,,,,,,,,,,,,,,,,,,,,,,,,,,,,,,,,,,,,,,,,,,,,,,,,,,,,,,,,,,,,,,,,,,,,,,,,,,,,,,,,,,,,,,,,,,,,,,,,,,,,
1764665237.932485,45753,0,4383.205078,4395.256348,4497.436035,4521.153809,4404.358887,4508.717773,4532.692383,4380.384766,4568.461426,4380.512695,4490.897461,4510.384766,4558.461426,4385.128418,4376.794922,4502.563965,4530.512695,4517.179688,4496.153809,4377.05127,4385.384766,4557.436035,4508.333496,4484.230957,4386.282227,4558.846191,4372.820313,4540.512695,4499.871582,4379.743652,4503.461426,4488.205078,2810,1,25,2560,48927,,,,0,4,4,4,4,4,4,4,4,4,4,4,4,4,4,4,4,4,4,4,4,4,4,4,4,4,4,4,4,4,4,4,4,100,,,,,,,,,,,,,,,,,,,,,,,,,,,,,,,,,,,27822,0,0.263852,-0.598328,-0.733948,0.183594,0.97717,0.215358,0.056159,23,28.833334,44.666668,,,,,,,,,,,,,,,,,,,,,,,,,,,,,,,,,,,,,,,,,,,,,,,,,,,,,,,,,,,,,,,,,,,,,,,,,,,,,,,,,,,,,,,,,,,,,,,,,,,,,,,,,,,,,,,,,,,,,,,,,,,,,,,,,,,,,,,,,,,,,,,,,,,,,,,,,,,,,,,,
1764665237.936391,45754,0,4388.589844,4400.256348,4501.153809,4524.487305,4407.05127,4516.282227,4539.230957,4384.743652,4576.922852,4384.230957,4496.538574,4516.282227,4565.897461,4387.436035,4383.589844,4512.563965,4541.538574,4527.436035,4505.128418,4383.846191,4395,4566.025879,4513.846191,4496.666504,4398.974121,4565,4378.333496,4548.717773,4504.102539,4387.563965,4510.256348,4492.05127,1949,1,25,2561,48935,,,,0,4,4,4,4,4,4,4,4,4,4,4,4,4,4,4,4,4,4,4,4,4,4,4,4,4,4,4,4,4,4,4,4,100,,,,,,,,,,,,,,,,,,,,,,,,,,,,,,,,,,,,,,,,,,,,,,,1.25883,1.341069,0.438206,1.173733,0.74048,2.651581,1.06172,0.390673,1.310549,0.786718,3.691462,0.953431,0.470147,1.245229,0.881194,2.686999,0.727243,0.582988,1.7415,0.886265,2.312516,0.731146,0.325838,1.183888,0.946083,1.715786,1.191367,0.669592,1.324528,0.703154,1.393989,0.921492,0.366377,1.325465,0.956088,2.052806,0.421671,0.391988,1.452214,0.997761,1.732018,0.486303,0.486935,1.25921,0.818527,1.625834,0.763365,0.845226,2.096999,0.964498,1.135953,0.519287,0.191414,1.014942,0.682176,1.736711,1.165611,0.441217,1.267992,0.856754,1.047305,0.577192,0.290624,0.75496,0.719107,0.596672,0.466875,0.20372,0.691191,0.563938,0.64995,0.526556,0.128326,0.934331,0.817133,0.962262,0.837082,0.195144,0.777022,0.645883,2.548932,1.402587,0.579466,1.419517,0.845055,1.359162,0.960985,0.25918,1.478897,1.019471,0.880681,0.650598,0.289277,0.716724,0.501647,1.548915,0.80112,0.286097,0.893926,0.661776,1.658085,1.224263,0.239472,1.286688,0.712296,1.870774,1.859951,0.700109,1.217742,0.793807,1.886532,1.419223,0.482662,1.214804,0.739211,2.066625,1.397656,0.53096,1.219447,0.790235,3.275097,2.125864,1.681879,2.501553,1.33197,2.854595,1.459542,0.383804,0.99415,0.800229,2.53633,1.739868,0.590814,1.278845,0.89051,2.664185,1.637449,0.60306,1.236241,0.881149,1.002706,0.484146,0.330733,0.645557,0.399585,2.670146,1.267657,0.401329,1.138268,0.840246,2.520137,1.546496,0.420895,1.146973,0.823061,2.550621,1.186457,0.470697,1.163126,0.828045
1764665237.940297,45755,0,4387.563965,4400.128418,4501.153809,4523.717773,4404.743652,4519.743652,4542.307617,4385.128418,4579.743652,4387.563965,4491.538574,4516.922852,4567.820313,4388.717773,4384.487305,4516.025879,4546.538574,4531.538574,4508.333496,4384.743652,4397.692383,4569.230957,4513.333496,4501.922852,4402.05127,4565.256348,4380.384766,4551.538574,4505.512695,4390.897461,4513.205078,4491.282227,2629,1,25,2561,48935,,,,0,4,4,4,4,4,4,4,4,4,4,4,4,4,4,4,4,4,4,4,4,4,4,4,4,4,4,4,4,4,4,4,4,100,,,,,,,,,,,,,,,,,,,,,,,,,,,,,,,,,,,,,,,,,,,,,,,,,,,,,,,,,,,,,,,,,,,,,,,,,,,,,,,,,,,,,,,,,,,,,,,,,,,,,,,,,,,,,,,,,,,,,,,,,,,,,,,,,,,,,,,,,,,,,,,,,,,,,,,,,,,,,,,,,,,,,,,,,,,,,,,,,,,,,,,,,,,,,,,,,,,,,,,,,,,,,,
1764665237.944203,45756,0,4381.410156,4395.512695,4496.666504,4519.358887,4398.974121,4517.307617,4540.128418,4381.666504,4575.512695,4387.436035,4480.256348,4512.94873,4564.743652,4388.461426,4379.102539,4511.794922,4544.102539,4528.846191,4504.743652,4379.358887,4392.307617,4567.563965,4509.102539,4498.974121,4397.692383,4560.512695,4377.179688,4548.333496,4503.205078,4388.333496,4510.128418,4486.282227,2688,1,25,2562,48943,,,,0,4,4,4,4,4,4,4,4,4,4,4,4,4,4,4,4,4,4,4,4,4,4,4,4,4,4,4,4,4,4,4,4,100,,,,,,,,,,,,,,,,,,,,,,,,,,,,,,,,,,,,,,,,,,,,,,,,,,,,,,,,,,,,,,,,,,,,,,,,,,,,,,,,,,,,,,,,,,,,,,,,,,,,,,,,,,,,,,,,,,,,,,,,,,,,,,,,,,,,,,,,,,,,,,,,,,,,,,,,,,,,,,,,,,,,,,,,,,,,,,,,,,,,,,,,,,,,,,,,,,,,,,,,,,,,,,
1764665237.948109,45757,0,4376.025879,4390.897461,4491.538574,4514.487305,4393.846191,4512.436035,4534.743652,4377.05127,4567.692383,4383.461426,4471.538574,4508.846191,4560.512695,4387.179688,4370.897461,4503.846191,4538.589844,4523.589844,4498.589844,4371.922852,4384.230957,4564.615234,4506.538574,4493.461426,4391.666504,4555.256348,4371.666504,4543.846191,4500,4383.717773,4504.871582,4481.282227,2504,1,25,2562,48943,,,,0,4,4,4,4,4,4,4,4,4,4,4,4,4,4,4,4,4,4,4,4,4,4,4,4,4,4,4,4,4,4,4,4,100,,,,,,,,,,,,,,,,,,,,,,,,,,,,,,,,,,,27823,0,0.263767,-0.598328,-0.734009,0.183472,0.97717,0.215358,0.056159,23.833334,29.166666,46,,,,,,,,,,,,,,,,,,,,,,,,,,,,,,,,,,,,,,,,,,,,,,,,,,,,,,,,,,,,,,,,,,,,,,,,,,,,,,,,,,,,,,,,,,,,,,,,,,,,,,,,,,,,,,,,,,,,,,,,,,,,,,,,,,,,,,,,,,,,,,,,,,,,,,,,,,,,,,,,
1764665237.952014,45758,0,4376.794922,4390.641113,4490.641113,4512.692383,4392.563965,4511.025879,4531.282227,4375.384766,4562.820313,4378.589844,4471.538574,4509.230957,4559.871582,4387.05127,4366.025879,4498.846191,4537.436035,4522.179688,4496.282227,4369.230957,4380.897461,4565.897461,4509.743652,4492.563965,4389.487305,4554.230957,4369.871582,4544.102539,4499.615234,4383.077148,4503.461426,4481.153809,2652,1,25,2563,48951,,,,0,4,4,4,4,4,4,4,4,4,4,4,4,4,4,4,4,4,4,4,4,4,4,4,4,4,4,4,4,4,4,4,4,100,,,,,,,,,,,,,,,,,,,,,,,,,,,,,,,,,,,,,,,,,,,,,,,,,,,,,,,,,,,,,,,,,,,,,,,,,,,,,,,,,,,,,,,,,,,,,,,,,,,,,,,,,,,,,,,,,,,,,,,,,,,,,,,,,,,,,,,,,,,,,,,,,,,,,,,,,,,,,,,,,,,,,,,,,,,,,,,,,,,,,,,,,,,,,,,,,,,,,,,,,,,,,,
1764665237.955920,45759,0,4385.897461,4397.05127,4496.666504,4516.410156,4396.794922,4516.666504,4534.358887,4378.974121,4565.897461,4377.94873,4481.282227,4515.769043,4566.025879,4391.025879,4368.974121,4501.410156,4545.384766,4528.974121,4502.179688,4375.128418,4386.794922,4574.487305,4518.974121,4500,4393.717773,4559.615234,4376.282227,4552.820313,4505.128418,4390.256348,4509.871582,4487.94873,2822,1,25,2563,48951,,,,0,4,4,4,4,4,4,4,4,4,4,4,4,4,4,4,4,4,4,4,4,4,4,4,4,4,4,4,4,4,4,4,4,100,,,,,,,,,,,,,,,,,,,,,,,,,,,,,,,,,,,,,,,,,,,,,,,,,,,,,,,,,,,,,,,,,,,,,,,,,,,,,,,,,,,,,,,,,,,,,,,,,,,,,,,,,,,,,,,,,,,,,,,,,,,,,,,,,,,,,,,,,,,,,,,,,,,,,,,,,,,,,,,,,,,,,,,,,,,,,,,,,,,,,,,,,,,,,,,,,,,,,,,,,,,,,,
1764665237.959826,45760,0,4399.743652,4408.717773,4508.717773,4525.384766,4405.512695,4528.205078,4544.743652,4388.461426,4577.179688,4386.282227,4496.153809,4527.307617,4578.974121,4400.512695,4380.256348,4511.666504,4561.794922,4544.230957,4515.512695,4388.205078,4400.897461,4589.358887,4531.410156,4513.846191,4402.820313,4570.128418,4390.769043,4568.717773,4515.641113,4403.846191,4523.333496,4499.230957,2741,1,25,2564,48959,,,,0,4,4,4,4,4,4,4,4,4,4,4,4,4,4,4,4,4,4,4,4,4,4,4,4,4,4,4,4,4,4,4,4,100,,,,,,,,,,,,,,,,,,,,,,,,,,,,,,,,,,,,,,,,,,,,,,,,,,,,,,,,,,,,,,,,,,,,,,,,,,,,,,,,,,,,,,,,,,,,,,,,,,,,,,,,,,,,,,,,,,,,,,,,,,,,,,,,,,,,,,,,,,,,,,,,,,,,,,,,,,,,,,,,,,,,,,,,,,,,,,,,,,,,,,,,,,,,,,,,,,,,,,,,,,,,,,
1764665237.963732,45761,0,4412.05127,4420.769043,4522.179688,4536.410156,4415.512695,4540.641113,4558.717773,4400.769043,4591.538574,4402.94873,4510,4539.487305,4594.358887,4413.333496,4395.641113,4525.256348,4580.128418,4562.436035,4530.512695,4402.692383,4416.153809,4604.358887,4542.179688,4527.692383,4412.94873,4581.794922,4407.307617,4585,4526.538574,4417.692383,4538.333496,4509.871582,2902,1,25,2564,48959,,,,0,4,4,4,4,4,4,4,4,4,4,4,4,4,4,4,4,4,4,4,4,4,4,4,4,4,4,4,4,4,4,4,4,100,,,,,,,,,,,,,,,,,,,,,,,,,,,,,,,,,,,27824,0,0.263885,-0.598145,-0.734192,0.183167,0.977658,0.217312,0.043462,24.166666,27.666666,43.5,,,,,,,,,,,,,,,,,,,,,,,,,,,,,,,,,,,,,,,,,,,,,,,,,,,,,,,,,,,,,,,,,,,,,,,,,,,,,,,,,,,,,,,,,,,,,,,,,,,,,,,,,,,,,,,,,,,,,,,,,,,,,,,,,,,,,,,,,,,,,,,,,,,,,,,,,,,,,,,,
1764665237.967637,45762,0,4416.666504,4427.307617,4530.256348,4544.358887,4421.922852,4547.563965,4569.358887,4410.641113,4601.282227,4420.769043,4516.794922,4546.666504,4605.512695,4424.358887,4407.436035,4535.512695,4591.153809,4575.512695,4539.871582,4411.410156,4424.487305,4612.179688,4546.282227,4533.846191,4419.358887,4588.974121,4417.307617,4593.077148,4531.794922,4424.615234,4547.563965,4514.487305,2590,1,25,2565,48967,,,,0,4,4,4,4,4,4,4,4,4,4,4,4,4,4,4,4,4,4,4,4,4,4,4,4,4,4,4,4,4,4,4,4,100,,,,,,,,,,,,,,,,,,,,,,,,,,,,,,,,,,,,,,,,,,,,,,,,,,,,,,,,,,,,,,,,,,,,,,,,,,,,,,,,,,,,,,,,,,,,,,,,,,,,,,,,,,,,,,,,,,,,,,,,,,,,,,,,,,,,,,,,,,,,,,,,,,,,,,,,,,,,,,,,,,,,,,,,,,,,,,,,,,,,,,,,,,,,,,,,,,,,,,,,,,,,,,
1764665237.971543,45763,0,4411.025879,4423.589844,4526.922852,4544.102539,4420.641113,4544.743652,4570.512695,4412.179688,4599.358887,4429.358887,4513.846191,4544.487305,4606.153809,4427.820313,4408.974121,4536.794922,4588.077148,4577.179688,4538.461426,4409.615234,4421.538574,4607.94873,4540.897461,4528.077148,4418.974121,4587.436035,4414.871582,4588.077148,4528.077148,4420.128418,4545.641113,4509.358887,2843,1,25,2565,48967,,,,0,4,4,4,4,4,4,4,4,4,4,4,4,4,4,4,4,4,4,4,4,4,4,4,4,4,4,4,4,4,4,4,4,100,,,,,,,,,,,,,,,,,,,,,,,,,,,,,,,,,,,,,,,,,,,,,,,,,,,,,,,,,,,,,,,,,,,,,,,,,,,,,,,,,,,,,,,,,,,,,,,,,,,,,,,,,,,,,,,,,,,,,,,,,,,,,,,,,,,,,,,,,,,,,,,,,,,,,,,,,,,,,,,,,,,,,,,,,,,,,,,,,,,,,,,,,,,,,,,,,,,,,,,,,,,,,,
1764665237.975449,45764,0,4397.436035,4410.128418,4512.05127,4534.102539,4410,4532.820313,4560.641113,4402.94873,4585,4421.666504,4502.307617,4532.436035,4594.487305,4421.153809,4399.102539,4527.436035,4571.025879,4565.897461,4527.05127,4398.077148,4408.974121,4592.563965,4527.307617,4512.563965,4411.538574,4577.307617,4400.641113,4571.153809,4516.410156,4405.769043,4532.94873,4495.384766,2735,1,25,2566,48974,,,,0,4,4,4,4,4,4,4,4,4,4,4,4,4,4,4,4,4,4,4,4,4,4,4,4,4,4,4,4,4,4,4,4,100,,,,,,,,,,,,,,,,,,,,,,,,,,,,,,,,,,,,,,,,,,,,,,,,,,,,,,,,,,,,,,,,,,,,,,,,,,,,,,,,,,,,,,,,,,,,,,,,,,,,,,,,,,,,,,,,,,,,,,,,,,,,,,,,,,,,,,,,,,,,,,,,,,,,,,,,,,,,,,,,,,,,,,,,,,,,,,,,,,,,,,,,,,,,,,,,,,,,,,,,,,,,,,
1764665237.979355,45765,0,4381.794922,4392.179688,4491.538574,4517.94873,4392.820313,4516.922852,4543.717773,4386.282227,4564.615234,4399.871582,4486.794922,4514.358887,4575.384766,4407.179688,4383.589844,4510.769043,4546.666504,4546.794922,4511.666504,4382.820313,4393.717773,4572.179688,4510.512695,4494.487305,4398.974121,4563.589844,4381.666504,4549.615234,4502.436035,4387.820313,4516.153809,4478.205078,2773,1,25,2566,48974,,,,0,4,4,4,4,4,4,4,4,4,4,4,4,4,4,4,4,4,4,4,4,4,4,4,4,4,4,4,4,4,4,4,4,100,,,,,,,,,,,,,,,,,,,,,,,,,,,,,,,,,,,27825,0,0.263588,-0.598145,-0.734314,0.183105,0.977658,0.217312,0.043462,23.666666,29,45,,,,,,,,,,,,,,,,,,,,,,,,,,,,,,,,,,,,,,,,,,,,,,,,,,,,,,,,,,,,,,,,,,,,,,,,,,,,,,,,,,,,,,,,,,,,,,,,,,,,,,,,,,,,,,,,,,,,,,,,,,,,,,,,,,,,,,,,,,,,,,,,,,,,,,,,,,,,,,,,
1764665237.983260,45766,0,4369.871582,4376.794922,4474.615234,4503.077148,4375.256348,4503.461426,4527.307617,4369.615234,4548.461426,4374.743652,4473.333496,4496.410156,4557.05127,4392.307617,4370.512695,4494.102539,4524.615234,4527.94873,4499.230957,4370.897461,4382.05127,4554.358887,4496.153809,4480.641113,4385.512695,4552.692383,4367.05127,4532.179688,4491.922852,4373.589844,4503.717773,4465.512695,2776,1,25,2567,48982,,,,0,4,4,4,4,4,4,4,4,4,4,4,4,4,4,4,4,4,4,4,4,4,4,4,4,4,4,4,4,4,4,4,4,100,,,,,,,,,,,,,,,,,,,,,,,,,,,,,,,,,,,,,,,,,,,,,,,,,,,,,,,,,,,,,,,,,,,,,,,,,,,,,,,,,,,,,,,,,,,,,,,,,,,,,,,,,,,,,,,,,,,,,,,,,,,,,,,,,,,,,,,,,,,,,,,,,,,,,,,,,,,,,,,,,,,,,,,,,,,,,,,,,,,,,,,,,,,,,,,,,,,,,,,,,,,,,,
1764665237.987166,45767,0,4365.128418,4369.487305,4468.077148,4496.538574,4364.230957,4496.922852,4518.077148,4360.641113,4543.589844,4359.230957,4466.410156,4484.230957,4546.153809,4383.077148,4365.512695,4484.358887,4512.05127,4516.410156,4493.461426,4366.410156,4377.179688,4543.846191,4488.205078,4474.102539,4375.769043,4548.717773,4362.307617,4524.743652,4487.94873,4367.94873,4500.256348,4462.692383,2967,1,25,2567,48982,,,,0,4,4,4,4,4,4,4,4,4,4,4,4,4,4,4,4,4,4,4,4,4,4,4,4,4,4,4,4,4,4,4,4,100,,,,,,,,,,,,,,,,,,,,,,,,,,,,,,,,,,,,,,,,,,,,,,,,,,,,,,,,,,,,,,,,,,,,,,,,,,,,,,,,,,,,,,,,,,,,,,,,,,,,,,,,,,,,,,,,,,,,,,,,,,,,,,,,,,,,,,,,,,,,,,,,,,,,,,,,,,,,,,,,,,,,,,,,,,,,,,,,,,,,,,,,,,,,,,,,,,,,,,,,,,,,,,
1764665237.991072,45768,0,4367.307617,4371.410156,4473.205078,4501.282227,4364.102539,4498.461426,4517.307617,4362.563965,4549.871582,4359.871582,4467.05127,4481.153809,4544.871582,4382.692383,4368.846191,4483.974121,4510.512695,4514.230957,4494.358887,4368.974121,4378.846191,4541.282227,4487.820313,4474.102539,4373.205078,4551.666504,4367.307617,4527.436035,4490.256348,4371.282227,4504.487305,4469.743652,2851,1,25,2567,48990,,,,0,4,4,4,4,4,4,4,4,4,4,4,4,4,4,4,4,4,4,4,4,4,4,4,4,4,4,4,4,4,4,4,4,100,,,,,,,,,,,,,,,,,,,,,,,,,,,,,,,,,,,,,,,,,,,,,,,,,,,,,,,,,,,,,,,,,,,,,,,,,,,,,,,,,,,,,,,,,,,,,,,,,,,,,,,,,,,,,,,,,,,,,,,,,,,,,,,,,,,,,,,,,,,,,,,,,,,,,,,,,,,,,,,,,,,,,,,,,,,,,,,,,,,,,,,,,,,,,,,,,,,,,,,,,,,,,,
1764665237.994978,45769,0,4373.461426,4380,4485.128418,4513.717773,4373.846191,4504.743652,4521.538574,4372.692383,4561.538574,4373.461426,4473.077148,4486.666504,4550.128418,4389.358887,4376.538574,4489.871582,4516.153809,4519.102539,4498.974121,4374.743652,4383.974121,4543.717773,4492.563965,4478.205078,4378.589844,4558.974121,4377.563965,4535.512695,4495.641113,4379.871582,4511.410156,4481.666504,2698,1,25,2567,48990,,,,0,4,4,4,4,4,4,4,4,4,4,4,4,4,4,4,4,4,4,4,4,4,4,4,4,4,4,4,4,4,4,4,4,100,,,,,,,,,,,,,,,,,,,,,,,,,,,,,,,,,,,27826,0,0.26363,-0.598145,-0.734314,0.183044,0.981077,0.214382,0.047369,23.833334,28,43,,,,,,,,,,,,,,,,,,,,,,,,,,,,,,,,,,,,,,,,,,,,,,,,,,,,,,,,,,,,,,,,,,,,,,,,,,,,,,,,,,,,,,,,,,,,,,,,,,,,,,,,,,,,,,,,,,,,,,,,,,,,,,,,,,,,,,,,,,,,,,,,,,,,,,,,,,,,,,,,
1764665237.998884,45770,0,4379.358887,4390.128418,4496.794922,4526.282227,4387.179688,4510.256348,4525.769043,4383.974121,4571.666504,4389.743652,4479.871582,4496.153809,4556.410156,4397.307617,4382.94873,4496.153809,4522.692383,4526.025879,4503.461426,4379.102539,4388.846191,4547.307617,4498.589844,4483.461426,4388.974121,4566.410156,4386.794922,4542.692383,4500.384766,4388.205078,4516.538574,4491.922852,2270,1,25,2567,48998,,,,0,4,4,4,4,4,4,4,4,4,4,4,4,4,4,4,4,4,4,4,4,4,4,4,4,4,4,4,4,4,4,4,4,100,,,,,,,,,,,,,,,,,,,,,,,,,,,,,,,,,,,,,,,,,,,,,,,,,,,,,,,,,,,,,,,,,,,,,,,,,,,,,,,,,,,,,,,,,,,,,,,,,,,,,,,,,,,,,,,,,,,,,,,,,,,,,,,,,,,,,,,,,,,,,,,,,,,,,,,,,,,,,,,,,,,,,,,,,,,,,,,,,,,,,,,,,,,,,,,,,,,,,,,,,,,,,,
1764665238.002789,45771,0,4381.794922,4396.025879,4502.820313,4532.179688,4396.153809,4510.897461,4526.538574,4389.615234,4576.153809,4399.487305,4483.333496,4503.589844,4558.974121,4400.769043,4384.871582,4498.205078,4525.641113,4529.743652,4504.615234,4379.487305,4390.128418,4548.461426,4501.794922,4487.307617,4398.461426,4570.256348,4390.256348,4544.615234,4501.794922,4391.794922,4517.436035,4495.256348,2669,1,25,2567,48998,,,,0,4,4,4,4,4,4,4,4,4,4,4,4,4,4,4,4,4,4,4,4,4,4,4,4,4,4,4,4,4,4,4,4,100,,,,,,,,,,,,,,,,,,,,,,,,,,,,,,,,,,,,,,,,,,,,,,,,,,,,,,,,,,,,,,,,,,,,,,,,,,,,,,,,,,,,,,,,,,,,,,,,,,,,,,,,,,,,,,,,,,,,,,,,,,,,,,,,,,,,,,,,,,,,,,,,,,,,,,,,,,,,,,,,,,,,,,,,,,,,,,,,,,,,,,,,,,,,,,,,,,,,,,,,,,,,,,
1764665238.006695,45772,0,4379.358887,4394.743652,4501.794922,4530.128418,4396.282227,4507.307617,4524.358887,4387.692383,4574.615234,4399.743652,4482.05127,4505.512695,4556.922852,4397.563965,4382.05127,4495,4523.974121,4527.563965,4501.794922,4376.410156,4387.05127,4546.410156,4500.641113,4488.077148,4400.512695,4569.102539,4386.922852,4541.666504,4499.358887,4389.615234,4514.487305,4490.769043,2478,1,25,2564,49006,,,,0,4,4,4,4,4,4,4,4,4,4,4,4,4,4,4,4,4,4,4,4,4,4,4,4,4,4,4,4,4,4,4,4,100,,,,,,,,,,,,,,,,,,,,,,,,,,,,,,,,,,,,,,,,,,,,,,,,,,,,,,,,,,,,,,,,,,,,,,,,,,,,,,,,,,,,,,,,,,,,,,,,,,,,,,,,,,,,,,,,,,,,,,,,,,,,,,,,,,,,,,,,,,,,,,,,,,,,,,,,,,,,,,,,,,,,,,,,,,,,,,,,,,,,,,,,,,,,,,,,,,,,,,,,,,,,,,
1764665238.010601,45773,0,4374.487305,4387.692383,4496.666504,4524.230957,4389.358887,4503.205078,4521.538574,4381.538574,4569.102539,4393.589844,4477.436035,4502.179688,4552.692383,4391.025879,4377.05127,4489.230957,4519.871582,4520.769043,4496.538574,4371.922852,4381.282227,4542.179688,4496.794922,4485.769043,4391.666504,4563.974121,4379.615234,4536.666504,4495.128418,4384.102539,4509.358887,4481.922852,2219,1,25,2564,49006,,,,0,4,4,4,4,4,4,4,4,4,4,4,4,4,4,4,4,4,4,4,4,4,4,4,4,4,4,4,4,4,4,4,4,100,,,,,,,,,,,,,,,,,,,,,,,,,,,,,,,,,,,27827,0,0.26363,-0.598145,-0.734314,0.183044,0.980588,0.224148,0.058601,24.166666,28.333334,43.5,,,,,,,,,,,,,,,,,,,,,,,,,,,,,,,,,,,,,,,,,,,,,,,,,,,,,,,,,,,,,,,,,,,,,,,,,,,,,,,,,,,,,,,,,,,,,,,,,,,,,,,,,,,,,,,,,,,,,,,,,,,,,,,,,,,,,,,,,,,,,,,,,,,,,,,,,,,,,,,,
1764665238.014507,45774,0,4370.897461,4379.743652,4491.794922,4519.743652,4381.410156,4501.922852,4519.871582,4376.794922,4562.820313,4386.282227,4473.205078,4497.179688,4549.615234,4386.282227,4373.205078,4484.743652,4516.922852,4514.230957,4491.922852,4368.333496,4376.153809,4538.461426,4493.461426,4482.307617,4375.641113,4557.94873,4372.820313,4532.94873,4492.05127,4379.102539,4504.487305,4474.102539,2690,1,25,2565,49013,,,,0,4,4,4,4,4,4,4,4,4,4,4,4,4,4,4,4,4,4,4,4,4,4,4,4,4,4,4,4,4,4,4,4,100,,,,,,,,,,,,,,,,,,,,,,,,,,,,,,,,,,,,,,,,,,,,,,,,,,,,,,,,,,,,,,,,,,,,,,,,,,,,,,,,,,,,,,,,,,,,,,,,,,,,,,,,,,,,,,,,,,,,,,,,,,,,,,,,,,,,,,,,,,,,,,,,,,,,,,,,,,,,,,,,,,,,,,,,,,,,,,,,,,,,,,,,,,,,,,,,,,,,,,,,,,,,,,
1764665238.018412,45775,0,4371.794922,4375.512695,4490.128418,4519.358887,4378.333496,4503.974121,4520,4376.282227,4558.333496,4381.666504,4471.794922,4494.358887,4550.128418,4386.282227,4372.307617,4484.615234,4517.179688,4512.05127,4490.256348,4367.436035,4374.102539,4537.307617,4493.333496,4479.871582,4361.282227,4554.358887,4370.128418,4532.94873,4492.436035,4377.436035,4502.692383,4471.922852,2478,1,25,2565,49013,,,,0,4,4,4,4,4,4,4,4,4,4,4,4,4,4,4,4,4,4,4,4,4,4,4,4,4,4,4,4,4,4,4,4,100,,,,,,,,,,,,,,,,,,,,,,,,,,,,,,,,,,,,,,,,,,,,,,,,,,,,,,,,,,,,,,,,,,,,,,,,,,,,,,,,,,,,,,,,,,,,,,,,,,,,,,,,,,,,,,,,,,,,,,,,,,,,,,,,,,,,,,,,,,,,,,,,,,,,,,,,,,,,,,,,,,,,,,,,,,,,,,,,,,,,,,,,,,,,,,,,,,,,,,,,,,,,,,
1764665238.022318,45776,0,4377.436035,4377.307617,4491.922852,4522.05127,4382.179688,4507.179688,4522.307617,4379.102539,4556.922852,4380.512695,4473.974121,4496.282227,4554.230957,4390.897461,4374.487305,4488.846191,4521.153809,4515.641113,4492.436035,4370.384766,4376.410156,4540,4497.436035,4480.128418,4357.05127,4554.487305,4372.436035,4536.794922,4495.769043,4379.487305,4505.256348,4476.794922,2844,1,25,2561,49021,,,,0,4,4,4,4,4,4,4,4,4,4,4,4,4,4,4,4,4,4,4,4,4,4,4,4,4,4,4,4,4,4,4,4,100,,,,,,,,,,,,,,,,,,,,,,,,,,,,,,,,,,,,,,,,,,,,,,,,,,,,,,,,,,,,,,,,,,,,,,,,,,,,,,,,,,,,,,,,,,,,,,,,,,,,,,,,,,,,,,,,,,,,,,,,,,,,,,,,,,,,,,,,,,,,,,,,,,,,,,,,,,,,,,,,,,,,,,,,,,,,,,,,,,,,,,,,,,,,,,,,,,,,,,,,,,,,,,
1764665238.026224,45777,0,4385,4383.846191,4495.128418,4524.487305,4389.743652,4509.743652,4526.410156,4382.436035,4558.461426,4381.794922,4479.230957,4501.794922,4560.512695,4396.794922,4378.205078,4495.641113,4527.436035,4522.820313,4497.436035,4376.153809,4381.666504,4546.410156,4504.102539,4483.077148,4365,4558.461426,4377.563965,4542.94873,4500,4383.846191,4511.410156,4485.769043,2907,1,25,2561,49021,,,,0,4,4,4,4,4,4,4,4,4,4,4,4,4,4,4,4,4,4,4,4,4,4,4,4,4,4,4,4,4,4,4,4,100,,,,,,,,,,,,,,,,,,,,,,,,,,,,,,,,,,,27828,0,0.26363,-0.598145,-0.734314,0.183044,0.982542,0.216335,0.045904,24.5,28.166666,44.5,,,,,,,,,,,,,,,,,,,,,,,,,,,,,,,,,,,,,,,,,,,,,,,,,,,,,,,,,,,,,,,,,,,,,,,,,,,,,,,,,,,,,,,,,,,,,,,,,,,,,,,,,,,,,,,,,,,,,,,,,,,,,,,,,,,,,,,,,,,,,,,,,,,,,,,,,,,,,,,,
1764665238.030130,45778,0,4390.769043,4391.025879,4497.563965,4524.102539,4395.769043,4510.512695,4531.666504,4383.846191,4561.666504,4383.717773,4485.769043,4508.077148,4566.794922,4401.153809,4381.410156,4501.922852,4533.333496,4530.384766,4502.692383,4381.922852,4386.410156,4554.487305,4510.128418,4487.436035,4378.077148,4563.589844,4381.538574,4548.077148,4503.077148,4387.820313,4517.179688,4493.717773,1744,1,25,2560,49029,,,,0,4,4,4,4,4,4,4,4,4,4,4,4,4,4,4,4,4,4,4,4,4,4,4,4,4,4,4,4,4,4,4,4,100,,,,,,,,,,,,,,,,,,,,,,,,,,,,,,,,,,,,,,,,,,,,,,,,,,,,,,,,,,,,,,,,,,,,,,,,,,,,,,,,,,,,,,,,,,,,,,,,,,,,,,,,,,,,,,,,,,,,,,,,,,,,,,,,,,,,,,,,,,,,,,,,,,,,,,,,,,,,,,,,,,,,,,,,,,,,,,,,,,,,,,,,,,,,,,,,,,,,,,,,,,,,,,
1764665238.034036,45779,0,4391.922852,4394.487305,4497.692383,4520.512695,4395.897461,4510.128418,4535.384766,4382.436035,4564.743652,4384.487305,4491.794922,4511.922852,4570.512695,4402.179688,4382.179688,4504.871582,4536.410156,4534.487305,4505.641113,4383.589844,4386.794922,4560.128418,4512.94873,4490.128418,4385.641113,4566.153809,4380.897461,4549.230957,4503.717773,4389.358887,4518.077148,4495.769043,2929,1,25,2560,49029,,,,0,4,4,4,4,4,4,4,4,4,4,4,4,4,4,4,4,4,4,4,4,4,4,4,4,4,4,4,4,4,4,4,4,100,,,,,,,,,,,,,,,,,,,,,,,,,,,,,,,,,,,,,,,,,,,,,,,,,,,,,,,,,,,,,,,,,,,,,,,,,,,,,,,,,,,,,,,,,,,,,,,,,,,,,,,,,,,,,,,,,,,,,,,,,,,,,,,,,,,,,,,,,,,,,,,,,,,,,,,,,,,,,,,,,,,,,,,,,,,,,,,,,,,,,,,,,,,,,,,,,,,,,,,,,,,,,,
1764665238.037941,45780,0,4388.589844,4392.307617,4495.897461,4515.641113,4390,4509.358887,4535.512695,4378.717773,4565.641113,4383.205078,4495,4511.666504,4570.256348,4400.256348,4379.743652,4503.589844,4535.128418,4533.717773,4504.871582,4379.615234,4381.410156,4559.743652,4511.794922,4488.589844,4382.179688,4563.461426,4375,4545.128418,4502.436035,4387.563965,4512.307617,4490.897461,2502,1,25,2560,49037,,,,0,4,4,4,4,4,4,4,4,4,4,4,4,4,4,4,4,4,4,4,4,4,4,4,4,4,4,4,4,4,4,4,4,100,,,,,,,,,,,,,,,,,,,,,,,,,,,,,,,,,,,,,,,,,,,,,,,,,,,,,,,,,,,,,,,,,,,,,,,,,,,,,,,,,,,,,,,,,,,,,,,,,,,,,,,,,,,,,,,,,,,,,,,,,,,,,,,,,,,,,,,,,,,,,,,,,,,,,,,,,,,,,,,,,,,,,,,,,,,,,,,,,,,,,,,,,,,,,,,,,,,,,,,,,,,,,,
1764665238.041847,45781,0,4382.94873,4385.641113,4492.94873,4512.179688,4381.153809,4508.461426,4531.538574,4374.615234,4563.333496,4380.128418,4493.846191,4507.692383,4566.538574,4396.538574,4374.743652,4498.974121,4530.128418,4528.461426,4501.410156,4371.794922,4372.820313,4554.230957,4508.333496,4482.94873,4371.282227,4556.025879,4366.282227,4537.563965,4499.871582,4383.589844,4501.666504,4482.94873,2801,1,25,2560,49037,,,,0,4,4,4,4,4,4,4,4,4,4,4,4,4,4,4,4,4,4,4,4,4,4,4,4,4,4,4,4,4,4,4,4,100,,,,,,,,,,,,,,,,,,,,,,,,,,,,,,,,,,,27829,0,0.26346,-0.598145,-0.734375,0.183044,0.989379,0.21194,0.034184,24.5,30.166666,44.5,,,,,,,,,,,,,,,,,,,,,,,,,,,,,,,,,,,,,,,,,,,,,,,,,,,,,,,,,,,,,,,,,,,,,,,,,,,,,,,,,,,,,,,,,,,,,,,,,,,,,,,,,,,,,,,,,,,,,,,,,,,,,,,,,,,,,,,,,,,,,,,,,,,,,,,,,,,,,,,,
1764665238.045753,45782,0,4378.333496,4378.589844,4490.384766,4511.282227,4373.974121,4507.05127,4526.025879,4371.538574,4558.589844,4375.769043,4489.230957,4502.179688,4561.794922,4392.692383,4368.846191,4493.333496,4524.743652,4522.05127,4497.179688,4364.487305,4366.282227,4548.461426,4505,4476.410156,4362.179688,4548.461426,4358.717773,4530.897461,4496.538574,4379.487305,4491.410156,4477.307617,2905,1,25,2561,49045,,,,0,4,4,4,4,4,4,4,4,4,4,4,4,4,4,4,4,4,4,4,4,4,4,4,4,4,4,4,4,4,4,4,4,100,,,,,,,,,,,,,,,,,,,,,,,,,,,,,,,,,,,,,,,,,,,,,,,,,,,,,,,,,,,,,,,,,,,,,,,,,,,,,,,,,,,,,,,,,,,,,,,,,,,,,,,,,,,,,,,,,,,,,,,,,,,,,,,,,,,,,,,,,,,,,,,,,,,,,,,,,,,,,,,,,,,,,,,,,,,,,,,,,,,,,,,,,,,,,,,,,,,,,,,,,,,,,,
1764665238.049659,45783,0,4377.05127,4375.512695,4489.230957,4512.05127,4371.794922,4505.256348,4522.307617,4370.256348,4554.102539,4372.179688,4483.974121,4498.846191,4558.846191,4390.128418,4364.358887,4488.717773,4522.05127,4518.077148,4495.256348,4361.153809,4365.769043,4547.179688,4504.615234,4472.94873,4361.282227,4545.384766,4356.282227,4528.461426,4493.333496,4376.794922,4486.794922,4477.307617,2820,1,25,2561,49045,,,,0,4,4,4,4,4,4,4,4,4,4,4,4,4,4,4,4,4,4,4,4,4,4,4,4,4,4,4,4,4,4,4,4,100,,,,,,,,,,,,,,,,,,,,,,,,,,,,,,,,,,,,,,,,,,,,,,,,,,,,,,,,,,,,,,,,,,,,,,,,,,,,,,,,,,,,,,,,,,,,,,,,,,,,,,,,,,,,,,,,,,,,,,,,,,,,,,,,,,,,,,,,,,,,,,,,,,,,,,,,,,,,,,,,,,,,,,,,,,,,,,,,,,,,,,,,,,,,,,,,,,,,,,,,,,,,,,
1764665238.053564,45784,1,4375.869141,4374.814941,4487.464355,4511.410156,4370.883301,4503.475586,4521.9375,4369.330566,4552.378906,4371.794922,4483.005859,4497.450195,4558.433105,4390.142578,4365.142578,4489.130859,4521.509766,4518.774902,4495.712402,4362.93457,4367.549805,4546.823242,4503.318848,4472.549805,4362.250488,4546.9375,4356.751953,4528.005859,4492.364746,4375.569824,4487.464355,4477.108398,0,1,25,0,0,,,,0,4,4,4,4,4,4,4,4,4,4,4,4,4,4,4,4,4,4,4,4,4,4,4,4,4,4,4,4,4,4,4,4,100,,,,,,,,,,,,,,,,,,,,,,,,,,,,,,,,,,,,,,,,,,,,,,,,,,,,,,,,,,,,,,,,,,,,,,,,,,,,,,,,,,,,,,,,,,,,,,,,,,,,,,,,,,,,,,,,,,,,,,,,,,,,,,,,,,,,,,,,,,,,,,,,,,,,,,,,,,,,,,,,,,,,,,,,,,,,,,,,,,,,,,,,,,,,,,,,,,,,,,,,,,,,,,
1764665238.057470,45785,1,4374.686523,4374.116699,4485.698242,4510.769043,4369.97168,4501.695313,4521.566895,4368.404785,4550.655273,4371.410156,4482.037109,4496.054199,4558.02002,4390.156738,4365.925781,4489.543945,4520.96875,4519.473145,4496.167969,4364.715332,4369.330566,4546.467285,4502.022949,4472.150879,4363.219238,4548.490234,4357.222168,4527.549805,4491.395996,4374.344727,4488.133789,4476.908691,0,1,25,0,0,,,,0,4,4,4,4,4,4,4,4,4,4,4,4,4,4,4,4,4,4,4,4,4,4,4,4,4,4,4,4,4,4,4,4,100,,,,,,,,,,,,,,,,,,,,,,,,,,,,,,,,,,,,,,,,,,,,,,,,,,,,,,,,,,,,,,,,,,,,,,,,,,,,,,,,,,,,,,,,,,,,,,,,,,,,,,,,,,,,,,,,,,,,,,,,,,,,,,,,,,,,,,,,,,,,,,,,,,,,,,,,,,,,,,,,,,,,,,,,,,,,,,,,,,,,,,,,,,,,,,,,,,,,,,,,,,,,,,
1764665238.061376,45786,1,4373.504395,4373.418945,4483.931641,4510.128418,4369.060059,4499.914551,4521.196777,4367.478516,4548.931641,4371.025879,4481.068359,4494.658203,4557.606934,4390.170898,4366.709473,4489.957031,4520.427246,4520.170898,4496.624023,4366.495605,4371.111328,4546.111328,4500.726563,4471.751953,4364.187988,4550.042969,4357.692383,4527.094238,4490.427246,4373.119629,4488.803223,4476.709473,0,1,25,0,0,,,,0,4,4,4,4,4,4,4,4,4,4,4,4,4,4,4,4,4,4,4,4,4,4,4,4,4,4,4,4,4,4,4,4,100,,,,,,,,,,,,,,,,,,,,,,,,,,,,,,,,,,,,,,,,,,,,,,,1.432052,1.458716,0.465591,0.980108,0.598685,2.864007,1.172038,0.45909,1.100609,0.623071,3.34466,0.989586,0.604822,1.104226,0.709541,2.701107,0.820278,0.751886,1.552037,0.718292,2.603153,0.763398,0.417957,0.973403,0.755889,1.940042,1.30963,0.622367,1.157102,0.565853,1.283185,1.078395,0.428825,1.136994,0.758894,2.08437,0.526642,0.43533,1.249956,0.812937,1.85496,0.605162,0.738069,1.080808,0.678761,1.914389,0.99116,0.94038,1.867546,0.728844,1.353203,0.63837,0.170327,0.893624,0.53908,1.818323,1.363791,0.442186,1.16926,0.683451,1.23153,0.743129,0.263051,0.654508,0.57284,0.583612,0.401846,0.202302,0.647557,0.453042,0.736973,0.624109,0.121522,0.834587,0.647372,0.88358,0.767276,0.146034,0.654156,0.500872,2.624331,1.691972,0.526937,1.175056,0.677026,1.434278,1.037271,0.223962,1.269871,0.842694,0.868608,0.675007,0.183082,0.579875,0.402522,1.582004,0.814517,0.235239,0.781702,0.538559,1.745316,1.274478,0.242989,1.109562,0.577553,1.863491,2.075548,0.629887,1.0078,0.627926,2.169568,1.556208,0.476252,1.012634,0.613487,1.808967,1.561742,0.41857,0.986176,0.627344,2.731472,2.590086,1.566106,2.090318,1.13238,2.612203,1.597348,0.401638,0.799702,0.633861,2.440223,1.88149,0.548945,1.057882,0.711709,2.590242,1.775075,0.527022,1.018005,0.695739,1.125014,0.540076,0.329677,0.548421,0.320099,2.3781,1.427137,0.415274,0.951012,0.679955,2.094716,1.667061,0.464413,0.994131,0.661377,2.235263,1.240833,0.663894,0.986492,0.677419
1764665238.065282,45787,1,4372.321777,4372.720703,4482.165039,4509.487305,4368.147949,4498.133789,4520.826172,4366.552734,4547.208008,4370.641113,4480.099609,4493.262207,4557.193848,4390.185059,4367.492676,4490.370605,4519.88623,4520.869141,4497.07959,4368.276367,4372.891602,4545.754883,4499.430176,4471.353516,4365.156738,4551.595215,4358.162598,4526.638184,4489.458496,4371.894531,4489.473145,4476.509766,0,1,25,0,0,,,,0,4,4,4,4,4,4,4,4,4,4,4,4,4,4,4,4,4,4,4,4,4,4,4,4,4,4,4,4,4,4,4,4,100,,,,,,,,,,,,,,,,,,,,,,,,,,,,,,,,,,,,,,,,,,,,,,,,,,,,,,,,,,,,,,,,,,,,,,,,,,,,,,,,,,,,,,,,,,,,,,,,,,,,,,,,,,,,,,,,,,,,,,,,,,,,,,,,,,,,,,,,,,,,,,,,,,,,,,,,,,,,,,,,,,,,,,,,,,,,,,,,,,,,,,,,,,,,,,,,,,,,,,,,,,,,,,
1764665238.069187,45788,1,4371.139648,4372.022949,4480.398926,4508.846191,4367.236328,4496.353516,4520.456055,4365.626953,4545.484375,4370.256348,4479.130859,4491.866211,4556.780762,4390.199219,4368.276367,4490.783691,4519.344727,4521.566895,4497.535645,4370.057129,4374.672363,4545.398926,4498.133789,4470.95459,4366.125488,4553.147949,4358.632324,4526.182129,4488.490234,4370.669434,4490.142578,4476.310547,0,1,25,0,0,,,,0,4,4,4,4,4,4,4,4,4,4,4,4,4,4,4,4,4,4,4,4,4,4,4,4,4,4,4,4,4,4,4,4,100,,,,,,,,,,,,,,,,,,,,,,,,,,,,,,,,,,,,,,,,,,,,,,,,,,,,,,,,,,,,,,,,,,,,,,,,,,,,,,,,,,,,,,,,,,,,,,,,,,,,,,,,,,,,,,,,,,,,,,,,,,,,,,,,,,,,,,,,,,,,,,,,,,,,,,,,,,,,,,,,,,,,,,,,,,,,,,,,,,,,,,,,,,,,,,,,,,,,,,,,,,,,,,
1764665238.073093,45789,1,4369.957031,4371.324707,4478.632324,4508.205078,4366.324707,4494.572754,4520.085449,4364.700684,4543.760742,4369.871582,4478.162598,4490.470215,4556.367676,4390.213867,4369.060059,4491.196777,4518.803223,4522.265137,4497.991211,4371.837402,4376.453125,4545.042969,4496.837402,4470.555664,4367.094238,4554.700684,4359.102539,4525.726563,4487.521484,4369.444336,4490.812012,4476.111328,0,1,25,0,0,,,,0,4,4,4,4,4,4,4,4,4,4,4,4,4,4,4,4,4,4,4,4,4,4,4,4,4,4,4,4,4,4,4,4,100,,,,,,,,,,,,,,,,,,,,,,,,,,,,,,,,,,,27830,1,0.263634,-0.598124,-0.734314,0.183105,0.987914,0.21487,0.036788,24.277779,29.555555,44.277779,,,,,,,,,,,,,,,,,,,,,,,,,,,,,,,,,,,,,,,,,,,,,,,,,,,,,,,,,,,,,,,,,,,,,,,,,,,,,,,,,,,,,,,,,,,,,,,,,,,,,,,,,,,,,,,,,,,,,,,,,,,,,,,,,,,,,,,,,,,,,,,,,,,,,,,,,,,,,,,,
1764665238.076999,45790,1,4368.774902,4370.626953,4476.866211,4507.563965,4365.413086,4492.791992,4519.715332,4363.774902,4542.037109,4369.487305,4477.193848,4489.074219,4555.95459,4390.228027,4369.843262,4491.609863,4518.262207,4522.962891,4498.447266,4373.618164,4378.233398,4544.686523,4495.541504,4470.156738,4368.0625,4556.253418,4359.572754,4525.270508,4486.552734,4368.219238,4491.481445,4475.911621,0,1,25,0,0,,,,0,4,4,4,4,4,4,4,4,4,4,4,4,4,4,4,4,4,4,4,4,4,4,4,4,4,4,4,4,4,4,4,4,100,,,,,,,,,,,,,,,,,,,,,,,,,,,,,,,,,,,,,,,,,,,,,,,,,,,,,,,,,,,,,,,,,,,,,,,,,,,,,,,,,,,,,,,,,,,,,,,,,,,,,,,,,,,,,,,,,,,,,,,,,,,,,,,,,,,,,,,,,,,,,,,,,,,,,,,,,,,,,,,,,,,,,,,,,,,,,,,,,,,,,,,,,,,,,,,,,,,,,,,,,,,,,,
1764665238.080905,45791,1,4367.592773,4369.928711,4475.099609,4506.922852,4364.501465,4491.01123,4519.344727,4362.849121,4540.313477,4369.102539,4476.225098,4487.678223,4555.541504,4390.242188,4370.626953,4492.022949,4517.720703,4523.661133,4498.90332,4375.398926,4380.01416,4544.330566,4494.245117,4469.757813,4369.03125,4557.806152,4360.042969,4524.814941,4485.583984,4366.994141,4492.150879,4475.712402,0,1,25,0,0,,,,0,4,4,4,4,4,4,4,4,4,4,4,4,4,4,4,4,4,4,4,4,4,4,4,4,4,4,4,4,4,4,4,4,100,,,,,,,,,,,,,,,,,,,,,,,,,,,,,,,,,,,27831,1,0.263807,-0.598104,-0.734253,0.183167,0.986449,0.2178,0.039393,24.055555,28.944445,44.055557,,,,,,,,,,,,,,,,,,,,,,,,,,,,,,,,,,,,,,,,,,,,,,,,,,,,,,,,,,,,,,,,,,,,,,,,,,,,,,,,,,,,,,,,,,,,,,,,,,,,,,,,,,,,,,,,,,,,,,,,,,,,,,,,,,,,,,,,,,,,,,,,,,,,,,,,,,,,,,,,
1764665238.084811,45792,0,4366.410156,4369.230957,4473.333496,4506.282227,4363.589844,4489.230957,4518.974121,4361.922852,4538.589844,4368.717773,4475.256348,4486.282227,4555.128418,4390.256348,4371.410156,4492.436035,4517.179688,4524.358887,4499.358887,4377.179688,4381.794922,4543.974121,4492.94873,4469.358887,4370,4559.358887,4360.512695,4524.358887,4484.615234,4365.769043,4492.820313,4475.512695,2723,1,25,2566,49084,,,,0,4,4,4,4,4,4,4,4,4,4,4,4,4,4,4,4,4,4,4,4,4,4,4,4,4,4,4,4,4,4,4,4,100,,,,,,,,,,,,,,,,,,,,,,,,,,,,,,,,,,,,,,,,,,,,,,,,,,,,,,,,,,,,,,,,,,,,,,,,,,,,,,,,,,,,,,,,,,,,,,,,,,,,,,,,,,,,,,,,,,,,,,,,,,,,,,,,,,,,,,,,,,,,,,,,,,,,,,,,,,,,,,,,,,,,,,,,,,,,,,,,,,,,,,,,,,,,,,,,,,,,,,,,,,,,,,
1764665238.088716,45793,0,4361.794922,4369.102539,4473.461426,4505.769043,4364.230957,4488.846191,4513.205078,4362.05127,4539.102539,4371.410156,4475,4481.410156,4553.717773,4387.692383,4367.179688,4487.563965,4508.717773,4521.410156,4498.846191,4372.820313,4379.487305,4537.307617,4486.922852,4465.769043,4366.025879,4561.282227,4357.94873,4520.384766,4482.436035,4366.282227,4490.512695,4473.077148,2890,1,25,2566,49084,,,,0,4,4,4,4,4,4,4,4,4,4,4,4,4,4,4,4,4,4,4,4,4,4,4,4,4,4,4,4,4,4,4,4,100,,,,,,,,,,,,,,,,,,,,,,,,,,,,,,,,,,,27832,0,0.263981,-0.598083,-0.734192,0.183228,0.984984,0.22073,0.041997,23.833334,28.333334,43.833332,,,,,,,,,,,,,,,,,,,,,,,,,,,,,,,,,,,,,,,,,,,,,,,,,,,,,,,,,,,,,,,,,,,,,,,,,,,,,,,,,,,,,,,,,,,,,,,,,,,,,,,,,,,,,,,,,,,,,,,,,,,,,,,,,,,,,,,,,,,,,,,,,,,,,,,,,,,,,,,,
1764665238.092622,45794,0,4359.102539,4369.743652,4477.820313,4505.769043,4367.692383,4491.666504,4508.205078,4363.846191,4543.974121,4376.153809,4476.538574,4478.974121,4552.307617,4384.871582,4365.769043,4486.410156,4503.205078,4519.743652,4499.230957,4369.871582,4379.102539,4534.358887,4482.692383,4464.358887,4365.769043,4562.307617,4356.666504,4520,4482.307617,4369.230957,4489.871582,4471.666504,2570,1,25,2567,49092,,,,0,4,4,4,4,4,4,4,4,4,4,4,4,4,4,4,4,4,4,4,4,4,4,4,4,4,4,4,4,4,4,4,4,100,,,,,,,,,,,,,,,,,,,,,,,,,,,,,,,,,,,,,,,,,,,,,,,,,,,,,,,,,,,,,,,,,,,,,,,,,,,,,,,,,,,,,,,,,,,,,,,,,,,,,,,,,,,,,,,,,,,,,,,,,,,,,,,,,,,,,,,,,,,,,,,,,,,,,,,,,,,,,,,,,,,,,,,,,,,,,,,,,,,,,,,,,,,,,,,,,,,,,,,,,,,,,,
1764665238.096528,45795,0,4360.897461,4371.410156,4485,4507.05127,4373.205078,4496.666504,4507.820313,4366.922852,4550.641113,4379.615234,4480.769043,4480.384766,4551.794922,4382.692383,4368.589844,4489.487305,4504.102539,4520,4499.743652,4370.769043,4381.410156,4536.282227,4483.205078,4466.410156,4372.307617,4562.436035,4358.589844,4525.128418,4484.871582,4373.717773,4493.461426,4474.743652,2825,1,25,2567,49092,,,,0,4,4,4,4,4,4,4,4,4,4,4,4,4,4,4,4,4,4,4,4,4,4,4,4,4,4,4,4,4,4,4,4,100,,,,,,,,,,,,,,,,,,,,,,,,,,,,,,,,,,,,,,,,,,,,,,,,,,,,,,,,,,,,,,,,,,,,,,,,,,,,,,,,,,,,,,,,,,,,,,,,,,,,,,,,,,,,,,,,,,,,,,,,,,,,,,,,,,,,,,,,,,,,,,,,,,,,,,,,,,,,,,,,,,,,,,,,,,,,,,,,,,,,,,,,,,,,,,,,,,,,,,,,,,,,,,
1764665238.100434,45796,0,4366.025879,4373.077148,4491.282227,4508.846191,4378.333496,4501.153809,4511.282227,4368.846191,4554.230957,4378.846191,4485.897461,4484.230957,4552.05127,4381.282227,4373.717773,4493.717773,4509.871582,4521.282227,4499.358887,4373.846191,4383.846191,4539.871582,4487.436035,4470.256348,4381.410156,4560.897461,4362.563965,4532.692383,4488.333496,4376.794922,4500.128418,4481.025879,2718,1,25,2568,49099,,,,0,4,4,4,4,4,4,4,4,4,4,4,4,4,4,4,4,4,4,4,4,4,4,4,4,4,4,4,4,4,4,4,4,100,,,,,,,,,,,,,,,,,,,,,,,,,,,,,,,,,,,,,,,,,,,,,,,,,,,,,,,,,,,,,,,,,,,,,,,,,,,,,,,,,,,,,,,,,,,,,,,,,,,,,,,,,,,,,,,,,,,,,,,,,,,,,,,,,,,,,,,,,,,,,,,,,,,,,,,,,,,,,,,,,,,,,,,,,,,,,,,,,,,,,,,,,,,,,,,,,,,,,,,,,,,,,,
1764665238.104339,45797,0,4370.769043,4373.589844,4492.307617,4509.615234,4380.384766,4502.563965,4514.102539,4367.179688,4551.025879,4373.077148,4489.230957,4486.922852,4551.666504,4380.256348,4376.538574,4495.641113,4515.384766,4521.922852,4497.307617,4374.743652,4382.692383,4541.025879,4491.794922,4472.692383,4385.256348,4556.666504,4365.384766,4537.563965,4490.512695,4375.641113,4505,4485.256348,2756,1,25,2568,49099,,,,0,4,4,4,4,4,4,4,4,4,4,4,4,4,4,4,4,4,4,4,4,4,4,4,4,4,4,4,4,4,4,4,4,100,,,,,,,,,,,,,,,,,,,,,,,,,,,,,,,,,,,27833,0,0.263981,-0.598083,-0.734192,0.183228,0.984984,0.22073,0.041997,24,28.166666,42.833332,,,,,,,,,,,,,,,,,,,,,,,,,,,,,,,,,,,,,,,,,,,,,,,,,,,,,,,,,,,,,,,,,,,,,,,,,,,,,,,,,,,,,,,,,,,,,,,,,,,,,,,,,,,,,,,,,,,,,,,,,,,,,,,,,,,,,,,,,,,,,,,,,,,,,,,,,,,,,,,,
1764665238.108245,45798,0,4372.692383,4372.820313,4488.205078,4508.589844,4379.230957,4501.282227,4512.563965,4362.436035,4543.205078,4365.512695,4489.487305,4486.538574,4550.256348,4380.128418,4374.743652,4493.717773,4516.666504,4520.769043,4494.743652,4371.153809,4377.179688,4538.461426,4493.589844,4472.05127,4380.384766,4551.025879,4365.128418,4536.922852,4490.384766,4370.897461,4504.615234,4483.846191,2758,1,25,2569,49107,,,,0,4,4,4,4,4,4,4,4,4,4,4,4,4,4,4,4,4,4,4,4,4,4,4,4,4,4,4,4,4,4,4,4,100,,,,,,,,,,,,,,,,,,,,,,,,,,,,,,,,,,,,,,,,,,,,,,,,,,,,,,,,,,,,,,,,,,,,,,,,,,,,,,,,,,,,,,,,,,,,,,,,,,,,,,,,,,,,,,,,,,,,,,,,,,,,,,,,,,,,,,,,,,,,,,,,,,,,,,,,,,,,,,,,,,,,,,,,,,,,,,,,,,,,,,,,,,,,,,,,,,,,,,,,,,,,,,
1764665238.112151,45799,0,4372.692383,4372.563965,4483.333496,4507.436035,4377.563965,4500.384766,4508.205078,4358.077148,4536.794922,4362.436035,4487.179688,4484.743652,4549.230957,4382.307617,4370,4490,4514.743652,4518.717773,4493.717773,4366.153809,4371.025879,4535.128418,4493.589844,4470,4371.794922,4547.820313,4363.589844,4533.461426,4489.102539,4366.794922,4500.769043,4479.102539,2951,1,25,2569,49107,,,,0,4,4,4,4,4,4,4,4,4,4,4,4,4,4,4,4,4,4,4,4,4,4,4,4,4,4,4,4,4,4,4,4,100,,,,,,,,,,,,,,,,,,,,,,,,,,,,,,,,,,,,,,,,,,,,,,,,,,,,,,,,,,,,,,,,,,,,,,,,,,,,,,,,,,,,,,,,,,,,,,,,,,,,,,,,,,,,,,,,,,,,,,,,,,,,,,,,,,,,,,,,,,,,,,,,,,,,,,,,,,,,,,,,,,,,,,,,,,,,,,,,,,,,,,,,,,,,,,,,,,,,,,,,,,,,,,
1764665238.116057,45800,0,4373.846191,4375.384766,4483.077148,4508.077148,4378.717773,4503.461426,4506.153809,4357.820313,4537.179688,4368.461426,4484.230957,4485.128418,4550.641113,4386.794922,4366.282227,4487.94873,4513.974121,4517.820313,4495.769043,4364.358887,4369.615234,4536.153809,4494.487305,4470.384766,4368.461426,4550.641113,4364.487305,4532.436035,4489.102539,4367.94873,4498.846191,4476.538574,2831,1,25,2570,49115,,,,0,4,4,4,4,4,4,4,4,4,4,4,4,4,4,4,4,4,4,4,4,4,4,4,4,4,4,4,4,4,4,4,4,100,,,,,,,,,,,,,,,,,,,,,,,,,,,,,,,,,,,,,,,,,,,,,,,,,,,,,,,,,,,,,,,,,,,,,,,,,,,,,,,,,,,,,,,,,,,,,,,,,,,,,,,,,,,,,,,,,,,,,,,,,,,,,,,,,,,,,,,,,,,,,,,,,,,,,,,,,,,,,,,,,,,,,,,,,,,,,,,,,,,,,,,,,,,,,,,,,,,,,,,,,,,,,,
1764665238.119963,45801,0,4377.307617,4381.025879,4488.589844,4510.128418,4382.563965,4510.128418,4509.871582,4361.794922,4543.461426,4382.820313,4481.666504,4488.461426,4554.230957,4391.025879,4365.769043,4489.230957,4517.692383,4519.102539,4499.743652,4367.563965,4374.358887,4543.333496,4497.563965,4474.615234,4374.743652,4558.717773,4368.589844,4536.025879,4491.538574,4374.743652,4501.666504,4479.487305,2681,1,25,2570,49115,,,,0,4,4,4,4,4,4,4,4,4,4,4,4,4,4,4,4,4,4,4,4,4,4,4,4,4,4,4,4,4,4,4,4,100,,,,,,,,,,,,,,,,,,,,,,,,,,,,,,,,,,,27834,0,0.263981,-0.598083,-0.734192,0.183228,0.970822,0.218777,0.057136,22.833334,27.333334,42.833332,,,,,,,,,,,,,,,,,,,,,,,,,,,,,,,,,,,,,,,,,,,,,,,,,,,,,,,,,,,,,,,,,,,,,,,,,,,,,,,,,,,,,,,,,,,,,,,,,,,,,,,,,,,,,,,,,,,,,,,,,,,,,,,,,,,,,,,,,,,,,,,,,,,,,,,,,,,,,,,,
1764665238.123868,45802,0,4380.897461,4386.410156,4495.512695,4511.153809,4385.769043,4515.769043,4517.179688,4366.153809,4549.487305,4398.077148,4479.615234,4491.922852,4557.179688,4391.282227,4366.794922,4491.922852,4523.846191,4520.769043,4502.307617,4371.922852,4380.897461,4552.692383,4500.897461,4480.128418,4385.384766,4566.410156,4372.94873,4541.153809,4495.128418,4382.05127,4506.794922,4485.641113,2261,1,25,2571,49123,,,,0,4,4,4,4,4,4,4,4,4,4,4,4,4,4,4,4,4,4,4,4,4,4,4,4,4,4,4,4,4,4,4,4,100,,,,,,,,,,,,,,,,,,,,,,,,,,,,,,,,,,,,,,,,,,,,,,,,,,,,,,,,,,,,,,,,,,,,,,,,,,,,,,,,,,,,,,,,,,,,,,,,,,,,,,,,,,,,,,,,,,,,,,,,,,,,,,,,,,,,,,,,,,,,,,,,,,,,,,,,,,,,,,,,,,,,,,,,,,,,,,,,,,,,,,,,,,,,,,,,,,,,,,,,,,,,,,
1764665238.127774,45803,0,4381.794922,4387.307617,4497.179688,4509.230957,4384.743652,4515.384766,4522.05127,4366.153809,4549.615234,4405.641113,4477.179688,4491.410156,4556.410156,4386.025879,4366.282227,4492.179688,4527.692383,4520.384766,4500.897461,4371.922852,4382.94873,4557.692383,4501.410156,4481.666504,4390,4567.05127,4373.077148,4542.436035,4497.692383,4384.102539,4508.846191,4489.358887,2667,1,25,2571,49123,,,,0,4,4,4,4,4,4,4,4,4,4,4,4,4,4,4,4,4,4,4,4,4,4,4,4,4,4,4,4,4,4,4,4,100,,,,,,,,,,,,,,,,,,,,,,,,,,,,,,,,,,,,,,,,,,,,,,,,,,,,,,,,,,,,,,,,,,,,,,,,,,,,,,,,,,,,,,,,,,,,,,,,,,,,,,,,,,,,,,,,,,,,,,,,,,,,,,,,,,,,,,,,,,,,,,,,,,,,,,,,,,,,,,,,,,,,,,,,,,,,,,,,,,,,,,,,,,,,,,,,,,,,,,,,,,,,,,
1764665238.131680,45804,0,4379.102539,4382.307617,4490.897461,4505.256348,4378.846191,4508.205078,4520.256348,4361.153809,4543.333496,4402.563965,4474.358887,4486.794922,4551.794922,4377.94873,4363.077148,4489.358887,4526.282227,4517.692383,4496.153809,4365.897461,4377.820313,4555.512695,4498.205078,4476.666504,4381.794922,4559.102539,4367.692383,4537.94873,4497.820313,4378.974121,4504.743652,4486.666504,2475,1,25,2572,49131,,,,0,4,4,4,4,4,4,4,4,4,4,4,4,4,4,4,4,4,4,4,4,4,4,4,4,4,4,4,4,4,4,4,4,100,,,,,,,,,,,,,,,,,,,,,,,,,,,,,,,,,,,,,,,,,,,,,,,,,,,,,,,,,,,,,,,,,,,,,,,,,,,,,,,,,,,,,,,,,,,,,,,,,,,,,,,,,,,,,,,,,,,,,,,,,,,,,,,,,,,,,,,,,,,,,,,,,,,,,,,,,,,,,,,,,,,,,,,,,,,,,,,,,,,,,,,,,,,,,,,,,,,,,,,,,,,,,,
1764665238.135586,45805,0,4375.512695,4375,4481.025879,4502.563965,4372.179688,4499.358887,4514.358887,4355.897461,4535.512695,4394.487305,4473.205078,4482.05127,4547.692383,4373.077148,4360.128418,4486.410156,4522.436035,4515.641113,4491.922852,4358.974121,4370,4550.128418,4494.230957,4469.102539,4364.615234,4547.94873,4360.512695,4531.282227,4496.538574,4370.897461,4497.692383,4480.128418,2217,1,25,2572,49131,,,,0,4,4,4,4,4,4,4,4,4,4,4,4,4,4,4,4,4,4,4,4,4,4,4,4,4,4,4,4,4,4,4,4,100,,,,,,,,,,,,,,,,,,,,,,,,,,,,,,,,,,,27835,0,0.264024,-0.598083,-0.734192,0.183167,0.969845,0.220242,0.040044,22.833334,27.333334,42.833332,,,,,,,,,,,,,,,,,,,,,,,,,,,,,,,,,,,,,,,,,,,,,,,,,,,,,,,,,,,,,,,,,,,,,,,,,,,,,,,,,,,,,,,,,,,,,,,,,,,,,,,,,,,,,,,,,,,,,,,,,,,,,,,,,,,,,,,,,,,,,,,,,,,,,,,,,,,,,,,,
1764665238.139491,45806,0,4375.641113,4371.794922,4476.025879,4504.743652,4371.025879,4496.025879,4511.282227,4356.538574,4533.461426,4390.641113,4476.282227,4483.461426,4549.487305,4376.025879,4361.666504,4488.333496,4522.307617,4518.589844,4492.94873,4358.333496,4367.179688,4548.846191,4494.358887,4466.794922,4350.641113,4542.307617,4358.077148,4529.487305,4496.794922,4367.563965,4494.487305,4476.794922,2689,1,25,2572,49138,,,,0,4,4,4,4,4,4,4,4,4,4,4,4,4,4,4,4,4,4,4,4,4,4,4,4,4,4,4,4,4,4,4,4,100,,,,,,,,,,,,,,,,,,,,,,,,,,,,,,,,,,,,,,,,,,,,,,,,,,,,,,,,,,,,,,,,,,,,,,,,,,,,,,,,,,,,,,,,,,,,,,,,,,,,,,,,,,,,,,,,,,,,,,,,,,,,,,,,,,,,,,,,,,,,,,,,,,,,,,,,,,,,,,,,,,,,,,,,,,,,,,,,,,,,,,,,,,,,,,,,,,,,,,,,,,,,,,
1764665238.143397,45807,0,4381.794922,4377.179688,4481.666504,4512.563965,4378.717773,4501.794922,4516.538574,4365.512695,4541.282227,4397.179688,4483.589844,4493.846191,4558.461426,4386.410156,4369.487305,4496.922852,4530.256348,4527.94873,4500.641113,4367.307617,4374.102539,4555.384766,4501.410156,4474.487305,4350.512695,4546.922852,4365,4536.794922,4500.769043,4373.589844,4500.512695,4481.794922,2478,1,25,2572,49138,,,,0,4,4,4,4,4,4,4,4,4,4,4,4,4,4,4,4,4,4,4,4,4,4,4,4,4,4,4,4,4,4,4,4,100,,,,,,,,,,,,,,,,,,,,,,,,,,,,,,,,,,,,,,,,,,,,,,,,,,,,,,,,,,,,,,,,,,,,,,,,,,,,,,,,,,,,,,,,,,,,,,,,,,,,,,,,,,,,,,,,,,,,,,,,,,,,,,,,,,,,,,,,,,,,,,,,,,,,,,,,,,,,,,,,,,,,,,,,,,,,,,,,,,,,,,,,,,,,,,,,,,,,,,,,,,,,,,
1764665238.147303,45808,0,4391.410156,4389.102539,4495.641113,4522.94873,4391.666504,4513.717773,4528.717773,4379.230957,4555.256348,4411.282227,4491.922852,4509.102539,4570.384766,4397.436035,4380.256348,4508.461426,4543.333496,4540.128418,4511.666504,4381.410156,4387.692383,4566.666504,4512.563965,4489.230957,4365.512695,4559.230957,4378.846191,4550.512695,4507.820313,4387.179688,4513.846191,4493.589844,2840,1,25,2572,49146,,,,0,4,4,4,4,4,4,4,4,4,4,4,4,4,4,4,4,4,4,4,4,4,4,4,4,4,4,4,4,4,4,4,4,100,,,,,,,,,,,,,,,,,,,,,,,,,,,,,,,,,,,,,,,,,,,,,,,,,,,,,,,,,,,,,,,,,,,,,,,,,,,,,,,,,,,,,,,,,,,,,,,,,,,,,,,,,,,,,,,,,,,,,,,,,,,,,,,,,,,,,,,,,,,,,,,,,,,,,,,,,,,,,,,,,,,,,,,,,,,,,,,,,,,,,,,,,,,,,,,,,,,,,,,,,,,,,,
1764665238.151209,45809,0,4398.333496,4400.512695,4508.846191,4530.128418,4401.666504,4523.717773,4540.384766,4389.358887,4566.282227,4423.333496,4496.025879,4519.743652,4577.436035,4401.153809,4387.94873,4516.153809,4553.589844,4548.077148,4519.615234,4391.410156,4398.846191,4575.256348,4520.897461,4502.436035,4385.897461,4571.666504,4391.922852,4562.307617,4513.461426,4399.743652,4526.538574,4505,2907,1,25,2572,49146,,,,0,4,4,4,4,4,4,4,4,4,4,4,4,4,4,4,4,4,4,4,4,4,4,4,4,4,4,4,4,4,4,4,4,100,,,,,,,,,,,,,,,,,,,,,,,,,,,,,,,,,,,27836,0,0.263885,-0.598145,-0.734253,0.182922,0.96838,0.217312,0.054694,25,28,44.666668,,,,,,,,,,,,,,,,,,,,,,,,,,,,,,,,,,,,,,,,,,,,,,,,,,,,,,,,,,,,,,,,,,,,,,,,,,,,,,,,,,,,,,,,,,,,,,,,,,,,,,,,,,,,,,,,,,,,,,,,,,,,,,,,,,,,,,,,,,,,,,,,,,,,,,,,,,,,,,,,
1764665238.155114,45810,0,4396.922852,4403.846191,4512.436035,4529.487305,4401.410156,4525.641113,4543.589844,4389.871582,4566.794922,4424.230957,4492.692383,4518.846191,4575.641113,4394.615234,4387.563965,4514.871582,4554.102539,4546.794922,4519.743652,4390.256348,4399.487305,4575.641113,4520.256348,4505.384766,4398.589844,4577.436035,4395.769043,4563.717773,4513.717773,4403.205078,4530.128418,4508.333496,1743,1,25,2573,49154,,,,0,4,4,4,4,4,4,4,4,4,4,4,4,4,4,4,4,4,4,4,4,4,4,4,4,4,4,4,4,4,4,4,4,100,,,,,,,,,,,,,,,,,,,,,,,,,,,,,,,,,,,,,,,,,,,,,,,,,,,,,,,,,,,,,,,,,,,,,,,,,,,,,,,,,,,,,,,,,,,,,,,,,,,,,,,,,,,,,,,,,,,,,,,,,,,,,,,,,,,,,,,,,,,,,,,,,,,,,,,,,,,,,,,,,,,,,,,,,,,,,,,,,,,,,,,,,,,,,,,,,,,,,,,,,,,,,,
1764665238.159020,45811,0,4387.179688,4396.922852,4504.487305,4521.282227,4391.410156,4518.846191,4536.153809,4381.153809,4556.538574,4411.666504,4483.589844,4507.05127,4566.538574,4381.794922,4379.230957,4505.769043,4543.974121,4537.05127,4512.05127,4378.077148,4388.974121,4567.820313,4509.871582,4496.025879,4396.794922,4575.128418,4388.461426,4553.717773,4507.820313,4395.769043,4522.05127,4501.410156,2927,1,25,2573,49154,,,,0,4,4,4,4,4,4,4,4,4,4,4,4,4,4,4,4,4,4,4,4,4,4,4,4,4,4,4,4,4,4,4,4,100,,,,,,,,,,,,,,,,,,,,,,,,,,,,,,,,,,,,,,,,,,,,,,,,,,,,,,,,,,,,,,,,,,,,,,,,,,,,,,,,,,,,,,,,,,,,,,,,,,,,,,,,,,,,,,,,,,,,,,,,,,,,,,,,,,,,,,,,,,,,,,,,,,,,,,,,,,,,,,,,,,,,,,,,,,,,,,,,,,,,,,,,,,,,,,,,,,,,,,,,,,,,,,
1764665238.162926,45812,0,4374.615234,4383.974121,4491.153809,4510.769043,4378.589844,4508.333496,4523.333496,4369.743652,4542.436035,4392.307617,4473.974121,4492.179688,4555.512695,4370,4368.205078,4495,4529.230957,4524.743652,4501.666504,4362.692383,4374.871582,4556.666504,4495.256348,4480.897461,4383.333496,4568.589844,4375.769043,4539.102539,4498.974121,4382.94873,4507.820313,4489.102539,2497,1,25,2574,49162,,,,0,4,4,4,4,4,4,4,4,4,4,4,4,4,4,4,4,4,4,4,4,4,4,4,4,4,4,4,4,4,4,4,4,100,,,,,,,,,,,,,,,,,,,,,,,,,,,,,,,,,,,,,,,,,,,,,,,,,,,,,,,,,,,,,,,,,,,,,,,,,,,,,,,,,,,,,,,,,,,,,,,,,,,,,,,,,,,,,,,,,,,,,,,,,,,,,,,,,,,,,,,,,,,,,,,,,,,,,,,,,,,,,,,,,,,,,,,,,,,,,,,,,,,,,,,,,,,,,,,,,,,,,,,,,,,,,,
1764665238.166832,45813,0,4366.025879,4373.461426,4481.666504,4504.487305,4370.897461,4500,4513.333496,4363.077148,4533.589844,4377.179688,4468.974121,4483.205078,4547.307617,4364.743652,4360.641113,4489.487305,4517.94873,4516.538574,4494.358887,4353.589844,4366.666504,4547.820313,4484.230957,4469.615234,4367.563965,4563.205078,4365.897461,4529.487305,4492.307617,4373.461426,4497.307617,4479.358887,2799,1,25,2574,49162,,,,0,4,4,4,4,4,4,4,4,4,4,4,4,4,4,4,4,4,4,4,4,4,4,4,4,4,4,4,4,4,4,4,4,100,,,,,,,,,,,,,,,,,,,,,,,,,,,,,,,,,,,27837,0,0.263969,-0.598145,-0.734253,0.1828,0.972775,0.215358,0.052252,23.166666,29.333334,43.333332,,,,,,,,,,,,,,,,,,,,,,,,,,,,,,,,,,,,,,,,,,,,,,,,,,,,,,,,,,,,,,,,,,,,,,,,,,,,,,,,,,,,,,,,,,,,,,,,,,,,,,,,,,,,,,,,,,,,,,,,,,,,,,,,,,,,,,,,,,,,,,,,,,,,,,,,,,,,,,,,
1764665238.170738,45814,0,4364.615234,4371.794922,4481.666504,4505.769043,4371.666504,4497.05127,4511.538574,4364.358887,4534.743652,4374.871582,4470.256348,4483.589844,4543.974121,4366.282227,4360.256348,4491.922852,4515.128418,4514.871582,4493.333496,4355.897461,4369.230957,4544.358887,4482.05127,4467.94873,4359.102539,4562.179688,4363.717773,4529.615234,4491.153809,4372.692383,4496.538574,4477.436035,2910,1,25,2575,49170,,,,0,4,4,4,4,4,4,4,4,4,4,4,4,4,4,4,4,4,4,4,4,4,4,4,4,4,4,4,4,4,4,4,4,100,,,,,,,,,,,,,,,,,,,,,,,,,,,,,,,,,,,,,,,,,,,,,,,,,,,,,,,,,,,,,,,,,,,,,,,,,,,,,,,,,,,,,,,,,,,,,,,,,,,,,,,,,,,,,,,,,,,,,,,,,,,,,,,,,,,,,,,,,,,,,,,,,,,,,,,,,,,,,,,,,,,,,,,,,,,,,,,,,,,,,,,,,,,,,,,,,,,,,,,,,,,,,,
1764665238.174643,45815,0,4368.589844,4379.230957,4489.487305,4513.205078,4378.333496,4498.589844,4517.05127,4371.282227,4544.230957,4385.897461,4475.128418,4490,4544.487305,4371.025879,4365.384766,4500.256348,4519.487305,4517.94873,4497.307617,4366.794922,4378.846191,4545.641113,4487.05127,4473.974121,4361.922852,4564.871582,4368.333496,4536.538574,4494.358887,4379.102539,4503.589844,4482.692383,2824,1,25,2575,49170,,,,0,4,4,4,4,4,4,4,4,4,4,4,4,4,4,4,4,4,4,4,4,4,4,4,4,4,4,4,4,4,4,4,4,100,,,,,,,,,,,,,,,,,,,,,,,,,,,,,,,,,,,,,,,,,,,,,,,,,,,,,,,,,,,,,,,,,,,,,,,,,,,,,,,,,,,,,,,,,,,,,,,,,,,,,,,,,,,,,,,,,,,,,,,,,,,,,,,,,,,,,,,,,,,,,,,,,,,,,,,,,,,,,,,,,,,,,,,,,,,,,,,,,,,,,,,,,,,,,,,,,,,,,,,,,,,,,,
1764665238.178549,45816,1,4367.680664,4379.300781,4489.137695,4512.785645,4377.832031,4498.053711,4516.386719,4370.58252,4544.696777,4385.967285,4474.452148,4488.776367,4543.613281,4370.186523,4365.186523,4498.449707,4518.508301,4517.190918,4496.864746,4366.421875,4377.750488,4545.093262,4486.736816,4473.193359,4361.282227,4564.463867,4368.041992,4535.571289,4493.426758,4378.799316,4503.379883,4482.587402,0,1,25,0,0,,,,0,4,4,4,4,4,4,4,4,4,4,4,4,4,4,4,4,4,4,4,4,4,4,4,4,4,4,4,4,4,4,4,4,100,,,,,,,,,,,,,,,,,,,,,,,,,,,,,,,,,,,,,,,,,,,,,,,,,,,,,,,,,,,,,,,,,,,,,,,,,,,,,,,,,,,,,,,,,,,,,,,,,,,,,,,,,,,,,,,,,,,,,,,,,,,,,,,,,,,,,,,,,,,,,,,,,,,,,,,,,,,,,,,,,,,,,,,,,,,,,,,,,,,,,,,,,,,,,,,,,,,,,,,,,,,,,,
1764665238.182455,45817,1,4366.771484,4379.370605,4488.788086,4512.366211,4377.331055,4497.517578,4515.722656,4369.883301,4545.163086,4386.037109,4473.776367,4487.552246,4542.73877,4369.347168,4364.988281,4496.643555,4517.529297,4516.433594,4496.421875,4366.048828,4376.654785,4544.54541,4486.421875,4472.412598,4360.641113,4564.056152,4367.750488,4534.603516,4492.494141,4378.496582,4503.169922,4482.482422,0,1,25,0,0,,,,0,4,4,4,4,4,4,4,4,4,4,4,4,4,4,4,4,4,4,4,4,4,4,4,4,4,4,4,4,4,4,4,4,100,,,,,,,,,,,,,,,,,,,,,,,,,,,,,,,,,,,,,,,,,,,,,,,,,,,,,,,,,,,,,,,,,,,,,,,,,,,,,,,,,,,,,,,,,,,,,,,,,,,,,,,,,,,,,,,,,,,,,,,,,,,,,,,,,,,,,,,,,,,,,,,,,,,,,,,,,,,,,,,,,,,,,,,,,,,,,,,,,,,,,,,,,,,,,,,,,,,,,,,,,,,,,,
1764665238.186361,45818,1,4365.862305,4379.44043,4488.437988,4511.946289,4376.830078,4496.981445,4515.058105,4369.184082,4545.629395,4386.107422,4473.100098,4486.328613,4541.864746,4368.508301,4364.790039,4494.836914,4516.550293,4515.675781,4495.979004,4365.675781,4375.55957,4543.997559,4486.107422,4471.631836,4360,4563.647949,4367.458984,4533.63623,4491.562012,4378.193359,4502.960449,4482.377441,0,1,25,0,0,,,,0,4,4,4,4,4,4,4,4,4,4,4,4,4,4,4,4,4,4,4,4,4,4,4,4,4,4,4,4,4,4,4,4,100,0.84375,100,4,4,4,4,4,4,4,4,4,4,4,4,4,4,4,4,4,4,4,4,4,4,4,4,4,4,4,4,4,4,4,4,,,,,,,,,,,,,1.597501,1.548764,0.520624,0.779048,0.476592,3.103574,1.25842,0.565519,0.87433,0.487187,3.152543,1.006421,0.80243,0.95856,0.577176,2.681132,0.922633,0.987923,1.320254,0.573891,2.850209,0.809709,0.550049,0.771098,0.595819,2.135744,1.355716,0.608721,0.980954,0.454079,1.289772,1.246165,0.54368,0.957685,0.578282,2.049728,0.665024,0.511465,1.01367,0.643958,1.90228,0.727883,1.041157,0.890258,0.563444,2.117475,1.244712,1.136449,1.607131,0.561134,1.506702,0.757915,0.171471,0.731624,0.414628,1.8636,1.685615,0.473804,1.046412,0.521617,1.379981,1.117043,0.24658,0.561987,0.452724,0.58361,0.398733,0.211469,0.565901,0.358225,0.772178,0.790846,0.134354,0.69342,0.507731,0.793554,0.949703,0.110808,0.532858,0.381138,2.569781,2.326026,0.481784,0.923087,0.53494,1.446349,1.414518,0.21632,1.022024,0.668812,0.816126,0.90584,0.120988,0.436921,0.313815,1.533569,0.954102,0.227852,0.654667,0.438421,1.723268,1.369339,0.256416,0.891798,0.456184,1.78193,2.485326,0.584994,0.77474,0.482254,2.353746,1.816911,0.500841,0.803941,0.500659,1.539592,1.833487,0.332133,0.753065,0.490541,2.11948,2.961791,1.410861,1.640425,0.970665,2.382459,1.619408,0.425249,0.624606,0.496833,2.283283,1.939605,0.529087,0.851695,0.558569,2.468127,1.952275,0.494666,0.813636,0.533661,1.232337,0.600235,0.338179,0.449827,0.259483,2.21766,1.532639,0.455588,0.75436,0.546625,1.73872,1.699642,0.543016,0.842018,0.525295,2.068949,1.236301,0.890981,0.816935,0.558043
1764665238.190266,45819,1,4364.953613,4379.510254,4488.088379,4511.526855,4376.328613,4496.445313,4514.394043,4368.484863,4546.095703,4386.177246,4472.424316,4485.10498,4540.990723,4367.668945,4364.592285,4493.030273,4515.571289,4514.918457,4495.536133,4365.303223,4374.463867,4543.449707,4485.79248,4470.850586,4359.358887,4563.240234,4367.167969,4532.668945,4490.629395,4377.890625,4502.750488,4482.272949,0,1,25,0,0,,,,0,4,4,4,4,4,4,4,4,4,4,4,4,4,4,4,4,4,4,4,4,4,4,4,4,4,4,4,4,4,4,4,4,100,,,,,,,,,,,,,,,,,,,,,,,,,,,,,,,,,,,,,,,,,,,,,,,,,,,,,,,,,,,,,,,,,,,,,,,,,,,,,,,,,,,,,,,,,,,,,,,,,,,,,,,,,,,,,,,,,,,,,,,,,,,,,,,,,,,,,,,,,,,,,,,,,,,,,,,,,,,,,,,,,,,,,,,,,,,,,,,,,,,,,,,,,,,,,,,,,,,,,,,,,,,,,,
1764665238.194172,45820,1,4364.044434,4379.580566,4487.73877,4511.107422,4375.827637,4495.90918,4513.729492,4367.785645,4546.562012,4386.24707,4471.748047,4483.881348,4540.116699,4366.830078,4364.394043,4491.223633,4514.592285,4514.160645,4495.093262,4364.930176,4373.368164,4542.901855,4485.478027,4470.069824,4358.717773,4562.832031,4366.876465,4531.70166,4489.696777,4377.587402,4502.541016,4482.167969,0,1,25,0,0,,,,0,4,4,4,4,4,4,4,4,4,4,4,4,4,4,4,4,4,4,4,4,4,4,4,4,4,4,4,4,4,4,4,4,100,,,,,,,,,,,,,,,,,,,,,,,,,,,,,,,,,,,,,,,,,,,,,,,,,,,,,,,,,,,,,,,,,,,,,,,,,,,,,,,,,,,,,,,,,,,,,,,,,,,,,,,,,,,,,,,,,,,,,,,,,,,,,,,,,,,,,,,,,,,,,,,,,,,,,,,,,,,,,,,,,,,,,,,,,,,,,,,,,,,,,,,,,,,,,,,,,,,,,,,,,,,,,,
1764665238.198078,45821,1,4363.135254,4379.650391,4487.38916,4510.6875,4375.326172,4495.373047,4513.06543,4367.086426,4547.027832,4386.316895,4471.072266,4482.657227,4539.242188,4365.990723,4364.195801,4489.41748,4513.613281,4513.40332,4494.650391,4364.557129,4372.272949,4542.354492,4485.163086,4469.289063,4358.077148,4562.424316,4366.584961,4530.734375,4488.764648,4377.28418,4502.331055,4482.062988,0,1,25,0,0,,,,0,4,4,4,4,4,4,4,4,4,4,4,4,4,4,4,4,4,4,4,4,4,4,4,4,4,4,4,4,4,4,4,4,100,,,,,,,,,,,,,,,,,,,,,,,,,,,,,,,,,,,,,,,,,,,,,,,,,,,,,,,,,,,,,,,,,,,,,,,,,,,,,,,,,,,,,,,,,,,,,,,,,,,,,,,,,,,,,,,,,,,,,,,,,,,,,,,,,,,,,,,,,,,,,,,,,,,,,,,,,,,,,,,,,,,,,,,,,,,,,,,,,,,,,,,,,,,,,,,,,,,,,,,,,,,,,,
1764665238.201984,45822,1,4362.226074,4379.720215,4487.039551,4510.268066,4374.825195,4494.836914,4512.400879,4366.386719,4547.494141,4386.386719,4470.396484,4481.433594,4538.368164,4365.151367,4363.997559,4487.61084,4512.633789,4512.645508,4494.20752,4364.184082,4371.177246,4541.806641,4484.848633,4468.508301,4357.436035,4562.016113,4366.293945,4529.76709,4487.832031,4376.981445,4502.121094,4481.958008,0,1,25,0,0,,,,0,4,4,4,4,4,4,4,4,4,4,4,4,4,4,4,4,4,4,4,4,4,4,4,4,4,4,4,4,4,4,4,4,100,,,,,,,,,,,,,,,,,,,,,,,,,,,,,,,,,,,,,,,,,,,,,,,,,,,,,,,,,,,,,,,,,,,,,,,,,,,,,,,,,,,,,,,,,,,,,,,,,,,,,,,,,,,,,,,,,,,,,,,,,,,,,,,,,,,,,,,,,,,,,,,,,,,,,,,,,,,,,,,,,,,,,,,,,,,,,,,,,,,,,,,,,,,,,,,,,,,,,,,,,,,,,,
1764665238.205890,45823,1,4361.316895,4379.790039,4486.689941,4509.848633,4374.324219,4494.300781,4511.736816,4365.6875,4547.960449,4386.457031,4469.720215,4480.209961,4537.494141,4364.3125,4363.799316,4485.804199,4511.654785,4511.888184,4493.764648,4363.811035,4370.081543,4541.258789,4484.533691,4467.727051,4356.794922,4561.608398,4366.002441,4528.799316,4486.899902,4376.678223,4501.911621,4481.853027,0,1,25,0,0,,,,0,4,4,4,4,4,4,4,4,4,4,4,4,4,4,4,4,4,4,4,4,4,4,4,4,4,4,4,4,4,4,4,4,100,,,,,,,,,,,,,,,,,,,,,,,,,,,,,,,,,,,,,,,,,,,,,,,,,,,,,,,,,,,,,,,,,,,,,,,,,,,,,,,,,,,,,,,,,,,,,,,,,,,,,,,,,,,,,,,,,,,,,,,,,,,,,,,,,,,,,,,,,,,,,,,,,,,,,,,,,,,,,,,,,,,,,,,,,,,,,,,,,,,,,,,,,,,,,,,,,,,,,,,,,,,,,,
1764665238.209795,45824,1,4360.407715,4379.860352,4486.340332,4509.428711,4373.822754,4493.764648,4511.072266,4364.988281,4548.426758,4386.526855,4469.044434,4478.98584,4536.620117,4363.473145,4363.601563,4483.997559,4510.675781,4511.130371,4493.321777,4363.437988,4368.98584,4540.710938,4484.219238,4466.946289,4356.153809,4561.200684,4365.710938,4527.832031,4485.967285,4376.375488,4501.70166,4481.748047,2739,1,25,0,0,,,,0,4,4,4,4,4,4,4,4,4,4,4,4,4,4,4,4,4,4,4,4,4,4,4,4,4,4,4,4,4,4,4,4,100,,,,,,,,,,,,,,,,,,,,,,,,,,,,,,,,,,,,,,,,,,,,,,,,,,,,,,,,,,,,,,,,,,,,,,,,,,,,,,,,,,,,,,,,,,,,,,,,,,,,,,,,,,,,,,,,,,,,,,,,,,,,,,,,,,,,,,,,,,,,,,,,,,,,,,,,,,,,,,,,,,,,,,,,,,,,,,,,,,,,,,,,,,,,,,,,,,,,,,,,,,,,,,
1764665238.213701,45825,1,4359.499023,4379.930176,4485.990723,4509.009277,4373.321777,4493.228516,4510.407715,4364.289063,4548.892578,4386.59668,4468.368164,4477.762207,4535.746094,4362.633789,4363.40332,4482.190918,4509.696777,4510.373047,4492.878906,4363.06543,4367.890625,4540.163086,4483.904297,4466.165527,4355.512695,4560.79248,4365.419434,4526.864746,4485.035156,4376.072266,4501.491699,4481.643555,2906,1,25,0,0,,,,0,4,4,4,4,4,4,4,4,4,4,4,4,4,4,4,4,4,4,4,4,4,4,4,4,4,4,4,4,4,4,4,4,100,,,,,,,,,,,,,,,,,,,,,,,,,,,,,,,,,,,,,,,,,,,,,,,,,,,,,,,,,,,,,,,,,,,,,,,,,,,,,,,,,,,,,,,,,,,,,,,,,,,,,,,,,,,,,,,,,,,,,,,,,,,,,,,,,,,,,,,,,,,,,,,,,,,,,,,,,,,,,,,,,,,,,,,,,,,,,,,,,,,,,,,,,,,,,,,,,,,,,,,,,,,,,,
1764665238.217607,45826,0,4358.589844,4380,4485.641113,4508.589844,4372.820313,4492.692383,4509.743652,4363.589844,4549.358887,4386.666504,4467.692383,4476.538574,4534.871582,4361.794922,4363.205078,4480.384766,4508.717773,4509.615234,4492.436035,4362.692383,4366.794922,4539.615234,4483.589844,4465.384766,4354.871582,4560.384766,4365.128418,4525.897461,4484.102539,4375.769043,4501.282227,4481.538574,2583,1,25,2575,49217,,,,0,4,4,4,4,4,4,4,4,4,4,4,4,4,4,4,4,4,4,4,4,4,4,4,4,4,4,4,4,4,4,4,4,100,,,,,,,,,,,,,,,,,,,,,,,,,,,,,,,,,,,,,,,,,,,,,,,,,,,,,,,,,,,,,,,,,,,,,,,,,,,,,,,,,,,,,,,,,,,,,,,,,,,,,,,,,,,,,,,,,,,,,,,,,,,,,,,,,,,,,,,,,,,,,,,,,,,,,,,,,,,,,,,,,,,,,,,,,,,,,,,,,,,,,,,,,,,,,,,,,,,,,,,,,,,,,,
1764665238.221513,45827,0,4356.025879,4374.102539,4480.512695,4501.538574,4370.641113,4491.666504,4502.307617,4359.871582,4544.487305,4373.717773,4466.922852,4472.307617,4532.05127,4356.153809,4360,4478.589844,4507.563965,4508.205078,4487.563965,4360.897461,4366.282227,4537.94873,4484.487305,4463.205078,4352.05127,4556.025879,4361.922852,4524.358887,4482.05127,4375,4498.205078,4477.820313,2837,1,25,2575,49217,,,,0,4,4,4,4,4,4,4,4,4,4,4,4,4,4,4,4,4,4,4,4,4,4,4,4,4,4,4,4,4,4,4,4,100,,,,,,,,,,,,,,,,,,,,,,,,,,,,,,,,,,,,,,,,,,,,,,,,,,,,,,,,,,,,,,,,,,,,,,,,,,,,,,,,,,,,,,,,,,,,,,,,,,,,,,,,,,,,,,,,,,,,,,,,,,,,,,,,,,,,,,,,,,,,,,,,,,,,,,,,,,,,,,,,,,,,,,,,,,,,,,,,,,,,,,,,,,,,,,,,,,,,,,,,,,,,,,
1764665238.225418,45828,0,4362.436035,4380,4487.563965,4505.769043,4377.94873,4499.358887,4506.794922,4365.641113,4552.307617,4375.769043,4474.487305,4480.512695,4536.922852,4359.871582,4365,4486.282227,4517.563965,4516.410156,4491.410156,4368.461426,4375.641113,4546.153809,4494.743652,4472.179688,4364.230957,4561.922852,4368.461426,4534.230957,4488.461426,4385.128418,4506.922852,4484.615234,2729,1,25,2574,49224,,,,0,4,4,4,4,4,4,4,4,4,4,4,4,4,4,4,4,4,4,4,4,4,4,4,4,4,4,4,4,4,4,4,4,100,,,,,,,,,,,,,,,,,,,,,,,,,,,,,,,,,,,,,,,,,,,,,,,,,,,,,,,,,,,,,,,,,,,,,,,,,,,,,,,,,,,,,,,,,,,,,,,,,,,,,,,,,,,,,,,,,,,,,,,,,,,,,,,,,,,,,,,,,,,,,,,,,,,,,,,,,,,,,,,,,,,,,,,,,,,,,,,,,,,,,,,,,,,,,,,,,,,,,,,,,,,,,,
1764665238.229324,45829,0,4373.461426,4391.538574,4500.897461,4516.922852,4389.358887,4510.769043,4520,4377.05127,4566.410156,4390.769043,4486.410156,4496.025879,4547.05127,4370.256348,4374.871582,4499.102539,4533.077148,4529.615234,4500.384766,4380.384766,4389.102539,4559.487305,4507.307617,4486.922852,4383.717773,4572.94873,4379.102539,4549.358887,4498.205078,4398.846191,4519.871582,4497.05127,2770,1,25,2574,49224,,,,0,4,4,4,4,4,4,4,4,4,4,4,4,4,4,4,4,4,4,4,4,4,4,4,4,4,4,4,4,4,4,4,4,100,,,,,,,,,,,,,,,,,,,,,,,,,,,,,,,,,,,27841,0,0.263884,-0.598145,-0.734314,0.182678,0.982053,0.209498,0.038091,24.833334,27,43.333332,,,,,,,,,,,,,,,,,,,,,,,,,,,,,,,,,,,,,,,,,,,,,,,,,,,,,,,,,,,,,,,,,,,,,,,,,,,,,,,,,,,,,,,,,,,,,,,,,,,,,,,,,,,,,,,,,,,,,,,,,,,,,,,,,,,,,,,,,,,,,,,,,,,,,,,,,,,,,,,,
1764665238.233230,45830,0,4383.333496,4400.256348,4511.538574,4527.307617,4397.94873,4519.487305,4534.102539,4387.179688,4576.922852,4408.717773,4497.179688,4510.128418,4557.436035,4381.410156,4384.230957,4510.512695,4545.641113,4540.256348,4508.333496,4388.717773,4398.461426,4570.512695,4514.743652,4498.717773,4400.128418,4581.410156,4387.05127,4560.769043,4504.871582,4407.692383,4527.692383,4507.307617,2770,1,25,2569,49232,,,,0,4,4,4,4,4,4,4,4,4,4,4,4,4,4,4,4,4,4,4,4,4,4,4,4,4,4,4,4,4,4,4,4,100,,,,,,,,,,,,,,,,,,,,,,,,,,,,,,,,,,,,,,,,,,,,,,,,,,,,,,,,,,,,,,,,,,,,,,,,,,,,,,,,,,,,,,,,,,,,,,,,,,,,,,,,,,,,,,,,,,,,,,,,,,,,,,,,,,,,,,,,,,,,,,,,,,,,,,,,,,,,,,,,,,,,,,,,,,,,,,,,,,,,,,,,,,,,,,,,,,,,,,,,,,,,,,
1764665238.237136,45831,0,4387.94873,4401.538574,4513.974121,4531.282227,4400.384766,4522.05127,4541.666504,4391.153809,4578.333496,4418.846191,4503.333496,4516.153809,4563.205078,4387.820313,4389.487305,4515.897461,4549.615234,4543.205078,4511.410156,4388.589844,4399.871582,4574.230957,4513.974121,4502.307617,4406.410156,4582.179688,4388.717773,4563.077148,4505.641113,4408.205078,4526.410156,4509.871582,2964,1,25,2569,49232,,,,0,4,4,4,4,4,4,4,4,4,4,4,4,4,4,4,4,4,4,4,4,4,4,4,4,4,4,4,4,4,4,4,4,100,,,,,,,,,,,,,,,,,,,,,,,,,,,,,,,,,,,,,,,,,,,,,,,,,,,,,,,,,,,,,,,,,,,,,,,,,,,,,,,,,,,,,,,,,,,,,,,,,,,,,,,,,,,,,,,,,,,,,,,,,,,,,,,,,,,,,,,,,,,,,,,,,,,,,,,,,,,,,,,,,,,,,,,,,,,,,,,,,,,,,,,,,,,,,,,,,,,,,,,,,,,,,,
1764665238.241041,45832,0,4387.563965,4397.436035,4509.102539,4528.461426,4397.05127,4520.256348,4540.769043,4388.589844,4572.307617,4417.05127,4504.102539,4514.230957,4562.94873,4387.179688,4389.871582,4514.871582,4546.025879,4539.358887,4509.743652,4381.666504,4394.358887,4571.153809,4508.974121,4498.077148,4402.692383,4576.538574,4385.769043,4557.820313,4502.436035,4403.333496,4519.358887,4505.512695,2847,1,25,2568,49240,,,,0,4,4,4,4,4,4,4,4,4,4,4,4,4,4,4,4,4,4,4,4,4,4,4,4,4,4,4,4,4,4,4,4,100,,,,,,,,,,,,,,,,,,,,,,,,,,,,,,,,,,,,,,,,,,,,,,,,,,,,,,,,,,,,,,,,,,,,,,,,,,,,,,,,,,,,,,,,,,,,,,,,,,,,,,,,,,,,,,,,,,,,,,,,,,,,,,,,,,,,,,,,,,,,,,,,,,,,,,,,,,,,,,,,,,,,,,,,,,,,,,,,,,,,,,,,,,,,,,,,,,,,,,,,,,,,,,
1764665238.244947,45833,0,4386.282227,4393.717773,4502.820313,4523.461426,4391.794922,4518.717773,4535.384766,4383.846191,4565.769043,4407.820313,4502.307617,4509.358887,4559.487305,4382.563965,4387.05127,4510.769043,4541.025879,4533.589844,4506.153809,4374.230957,4386.922852,4566.025879,4505.641113,4491.410156,4393.974121,4570,4383.333496,4551.153809,4499.871582,4398.846191,4513.717773,4499.871582,2697,1,25,2568,49240,,,,0,4,4,4,4,4,4,4,4,4,4,4,4,4,4,4,4,4,4,4,4,4,4,4,4,4,4,4,4,4,4,4,4,100,,,,,,,,,,,,,,,,,,,,,,,,,,,,,,,,,,,27842,0,0.26383,-0.598206,-0.734314,0.182556,0.982053,0.209498,0.038091,23.166666,27.333334,43.666668,,,,,,,,,,,,,,,,,,,,,,,,,,,,,,,,,,,,,,,,,,,,,,,,,,,,,,,,,,,,,,,,,,,,,,,,,,,,,,,,,,,,,,,,,,,,,,,,,,,,,,,,,,,,,,,,,,,,,,,,,,,,,,,,,,,,,,,,,,,,,,,,,,,,,,,,,,,,,,,,
1764665238.248853,45834,0,4387.820313,4395.128418,4500.769043,4522.436035,4388.974121,4521.538574,4531.538574,4382.179688,4564.871582,4400.641113,4501.282227,4507.05127,4557.94873,4379.102539,4384.102539,4508.205078,4540.128418,4531.538574,4503.717773,4371.922852,4381.922852,4563.717773,4507.436035,4487.692383,4386.794922,4567.94873,4384.871582,4548.974121,4501.025879,4399.230957,4514.358887,4498.846191,2273,1,25,2569,49248,,,,0,4,4,4,4,4,4,4,4,4,4,4,4,4,4,4,4,4,4,4,4,4,4,4,4,4,4,4,4,4,4,4,4,100,,,,,,,,,,,,,,,,,,,,,,,,,,,,,,,,,,,,,,,,,,,,,,,,,,,,,,,,,,,,,,,,,,,,,,,,,,,,,,,,,,,,,,,,,,,,,,,,,,,,,,,,,,,,,,,,,,,,,,,,,,,,,,,,,,,,,,,,,,,,,,,,,,,,,,,,,,,,,,,,,,,,,,,,,,,,,,,,,,,,,,,,,,,,,,,,,,,,,,,,,,,,,,
1764665238.252759,45835,0,4393.205078,4401.282227,4504.230957,4527.820313,4391.410156,4527.94873,4532.820313,4385.769043,4570.769043,4402.692383,4502.563965,4509.102539,4561.282227,4380,4383.205078,4509.487305,4545.128418,4534.871582,4503.974121,4375.897461,4381.153809,4565.897461,4512.692383,4489.102539,4384.102539,4571.410156,4390.897461,4552.692383,4505.769043,4404.743652,4520.897461,4503.717773,2671,1,25,2569,49248,,,,0,4,4,4,4,4,4,4,4,4,4,4,4,4,4,4,4,4,4,4,4,4,4,4,4,4,4,4,4,4,4,4,4,100,,,,,,,,,,,,,,,,,,,,,,,,,,,,,,,,,,,,,,,,,,,,,,,,,,,,,,,,,,,,,,,,,,,,,,,,,,,,,,,,,,,,,,,,,,,,,,,,,,,,,,,,,,,,,,,,,,,,,,,,,,,,,,,,,,,,,,,,,,,,,,,,,,,,,,,,,,,,,,,,,,,,,,,,,,,,,,,,,,,,,,,,,,,,,,,,,,,,,,,,,,,,,,
1764665238.256665,45836,0,4399.358887,4408.461426,4510.769043,4536.794922,4398.077148,4533.589844,4537.94873,4391.922852,4579.871582,4413.846191,4504.615234,4513.205078,4568.205078,4384.743652,4384.102539,4513.846191,4553.077148,4540.769043,4505.897461,4381.922852,4383.589844,4570.128418,4517.05127,4494.102539,4385.769043,4577.179688,4398.077148,4558.846191,4511.282227,4411.922852,4528.717773,4511.153809,2480,1,25,2570,49256,,,,0,4,4,4,4,4,4,4,4,4,4,4,4,4,4,4,4,4,4,4,4,4,4,4,4,4,4,4,4,4,4,4,4,100,,,,,,,,,,,,,,,,,,,,,,,,,,,,,,,,,,,,,,,,,,,,,,,,,,,,,,,,,,,,,,,,,,,,,,,,,,,,,,,,,,,,,,,,,,,,,,,,,,,,,,,,,,,,,,,,,,,,,,,,,,,,,,,,,,,,,,,,,,,,,,,,,,,,,,,,,,,,,,,,,,,,,,,,,,,,,,,,,,,,,,,,,,,,,,,,,,,,,,,,,,,,,,
1764665238.260570,45837,0,4402.05127,4412.05127,4516.410156,4543.589844,4404.615234,4534.102539,4542.692383,4396.282227,4586.538574,4427.436035,4504.743652,4515.641113,4574.102539,4389.743652,4385.769043,4517.94873,4559.102539,4545.256348,4507.820313,4385.512695,4387.179688,4572.563965,4517.436035,4498.589844,4389.743652,4580.897461,4402.179688,4562.820313,4514.358887,4416.666504,4532.820313,4516.153809,2218,1,25,2570,49256,,,,0,4,4,4,4,4,4,4,4,4,4,4,4,4,4,4,4,4,4,4,4,4,4,4,4,4,4,4,4,4,4,4,4,100,,,,,,,,,,,,,,,,,,,,,,,,,,,,,,,,,,,27843,0,0.263638,-0.598328,-0.734314,0.182434,0.989867,0.209987,0.055183,23.5,27.166666,44.666668,,,,,,,,,,,,,,,,,,,,,,,,,,,,,,,,,,,,,,,,,,,,,,,,,,,,,,,,,,,,,,,,,,,,,,,,,,,,,,,,,,,,,,,,,,,,,,,,,,,,,,,,,,,,,,,,,,,,,,,,,,,,,,,,,,,,,,,,,,,,,,,,,,,,,,,,,,,,,,,,
1764665238.264476,45838,0,4399.230957,4410.256348,4518.205078,4543.846191,4406.282227,4528.974121,4543.333496,4396.282227,4587.436035,4434.487305,4502.436035,4514.487305,4574.615234,4391.922852,4386.282227,4519.102539,4559.871582,4545.641113,4509.102539,4384.743652,4389.743652,4571.153809,4513.589844,4499.615234,4394.487305,4580.256348,4400.512695,4562.05127,4514.102539,4416.410156,4531.025879,4515.384766,2691,1,25,2571,49263,,,,0,4,4,4,4,4,4,4,4,4,4,4,4,4,4,4,4,4,4,4,4,4,4,4,4,4,4,4,4,4,4,4,4,100,,,,,,,,,,,,,,,,,,,,,,,,,,,,,,,,,,,,,,,,,,,,,,,,,,,,,,,,,,,,,,,,,,,,,,,,,,,,,,,,,,,,,,,,,,,,,,,,,,,,,,,,,,,,,,,,,,,,,,,,,,,,,,,,,,,,,,,,,,,,,,,,,,,,,,,,,,,,,,,,,,,,,,,,,,,,,,,,,,,,,,,,,,,,,,,,,,,,,,,,,,,,,,
1764665238.268382,45839,0,4391.794922,4403.589844,4515.128418,4537.94873,4401.794922,4521.153809,4539.487305,4392.563965,4582.563965,4430.769043,4498.846191,4510.769043,4568.846191,4390.128418,4384.743652,4516.538574,4554.230957,4542.179688,4509.615234,4380.897461,4390.128418,4566.282227,4507.436035,4496.025879,4398.461426,4575.512695,4393.077148,4557.179688,4510.769043,4410.769043,4524.230957,4508.974121,2481,1,25,2571,49263,,,,0,4,4,4,4,4,4,4,4,4,4,4,4,4,4,4,4,4,4,4,4,4,4,4,4,4,4,4,4,4,4,4,4,100,,,,,,,,,,,,,,,,,,,,,,,,,,,,,,,,,,,,,,,,,,,,,,,,,,,,,,,,,,,,,,,,,,,,,,,,,,,,,,,,,,,,,,,,,,,,,,,,,,,,,,,,,,,,,,,,,,,,,,,,,,,,,,,,,,,,,,,,,,,,,,,,,,,,,,,,,,,,,,,,,,,,,,,,,,,,,,,,,,,,,,,,,,,,,,,,,,,,,,,,,,,,,,
1764665238.272288,45840,1,4390.652832,4402.599121,4513.345215,4537.366211,4401.153809,4520.757813,4539.067383,4392.529297,4582.05127,4429.615234,4497.331055,4509.801758,4566.352051,4389.20752,4384.137695,4513.98584,4551.70166,4540.419434,4508.846191,4380.943848,4389.755371,4563.98584,4506.375488,4494.463867,4396.410156,4574.172363,4391.316895,4556.713379,4509.160645,4409.079102,4522.878906,4507.249512,2847,1,25,0,0,,,,0,4,4,4,4,4,4,4,4,4,4,4,4,4,4,4,4,4,4,4,4,4,4,4,4,4,4,4,4,4,4,4,4,100,,,,,,,,,,,,,,,,,,,,,,,,,,,,,,,,,,,,,,,,,,,,,,,,,,,,,,,,,,,,,,,,,,,,,,,,,,,,,,,,,,,,,,,,,,,,,,,,,,,,,,,,,,,,,,,,,,,,,,,,,,,,,,,,,,,,,,,,,,,,,,,,,,,,,,,,,,,,,,,,,,,,,,,,,,,,,,,,,,,,,,,,,,,,,,,,,,,,,,,,,,,,,,
1764665238.276193,45841,1,4389.510254,4401.608398,4511.562012,4536.783203,4400.512695,4520.361328,4538.647949,4392.494141,4581.538574,4428.461426,4495.815918,4508.834473,4563.85791,4388.286621,4383.53125,4511.433594,4549.172363,4538.659668,4508.077148,4380.990723,4389.382324,4561.689941,4505.314453,4492.901855,4394.358887,4572.832031,4389.557129,4556.24707,4507.552246,4407.38916,4521.526855,4505.524414,2893,1,25,0,0,,,,0,4,4,4,4,4,4,4,4,4,4,4,4,4,4,4,4,4,4,4,4,4,4,4,4,4,4,4,4,4,4,4,4,100,,,,,,,,,,,,,,,,,,,,,,,,,,,,,,,,,,,,,,,,,,,,,,,,,,,,,,,,,,,,,,,,,,,,,,,,,,,,,,,,,,,,,,,,,,,,,,,,,,,,,,,,,,,,,,,,,,,,,,,,,,,,,,,,,,,,,,,,,,,,,,,,,,,,,,,,,,,,,,,,,,,,,,,,,,,,,,,,,,,,,,,,,,,,,,,,,,,,,,,,,,,,,,
1764665238.280099,45842,1,4388.368164,4400.617676,4509.77832,4536.200684,4399.871582,4519.964844,4538.228516,4392.458984,4581.025879,4427.307617,4494.300781,4507.867188,4561.36377,4387.366211,4382.925293,4508.881348,4546.643555,4536.899902,4507.307617,4381.037109,4389.009277,4559.394043,4504.253906,4491.340332,4392.307617,4571.491699,4387.797363,4555.780762,4505.943848,4405.699219,4520.174805,4503.799316,1749,1,25,0,0,,,,0,4,4,4,4,4,4,4,4,4,4,4,4,4,4,4,4,4,4,4,4,4,4,4,4,4,4,4,4,4,4,4,4,100,,,,,,,,,,,,,,,,,,,,,,,,,,,,,,,,,,,,,,,,,,,,,,,,,,,,,,,,,,,,,,,,,,,,,,,,,,,,,,,,,,,,,,,,,,,,,,,,,,,,,,,,,,,,,,,,,,,,,,,,,,,,,,,,,,,,,,,,,,,,,,,,,,,,,,,,,,,,,,,,,,,,,,,,,,,,,,,,,,,,,,,,,,,,,,,,,,,,,,,,,,,,,,
1764665238.284005,45843,1,4387.226074,4399.626953,4507.995117,4535.617676,4399.230957,4519.568848,4537.809082,4392.424316,4580.512695,4426.153809,4492.785645,4506.899902,4558.869629,4386.445313,4382.319336,4506.328613,4544.114258,4535.139648,4506.538574,4381.083984,4388.63623,4557.098145,4503.193359,4489.77832,4390.256348,4570.151367,4386.037109,4555.314453,4504.335449,4404.009277,4518.822754,4502.074707,2934,1,25,0,0,,,,0,4,4,4,4,4,4,4,4,4,4,4,4,4,4,4,4,4,4,4,4,4,4,4,4,4,4,4,4,4,4,4,4,100,,,,,,,,,,,,,,,,,,,,,,,,,,,,,,,,,,,,,,,,,,,,,,,,,,,,,,,,,,,,,,,,,,,,,,,,,,,,,,,,,,,,,,,,,,,,,,,,,,,,,,,,,,,,,,,,,,,,,,,,,,,,,,,,,,,,,,,,,,,,,,,,,,,,,,,,,,,,,,,,,,,,,,,,,,,,,,,,,,,,,,,,,,,,,,,,,,,,,,,,,,,,,,
1764665238.287911,45844,1,4386.083984,4398.63623,4506.211914,4535.035156,4398.589844,4519.172363,4537.38916,4392.38916,4580,4425,4491.270508,4505.932617,4556.375488,4385.524414,4381.713379,4503.776367,4541.584961,4533.379883,4505.769043,4381.130371,4388.263184,4554.801758,4502.132813,4488.216797,4388.205078,4568.811035,4384.277344,4554.848633,4502.727051,4402.319336,4517.470703,4500.349609,2504,1,25,0,0,,,,0,4,4,4,4,4,4,4,4,4,4,4,4,4,4,4,4,4,4,4,4,4,4,4,4,4,4,4,4,4,4,4,4,100,,,,,,,,,,,,,,,,,,,,,,,,,,,,,,,,,,,,,,,,,,,,,,,,,,,,,,,,,,,,,,,,,,,,,,,,,,,,,,,,,,,,,,,,,,,,,,,,,,,,,,,,,,,,,,,,,,,,,,,,,,,,,,,,,,,,,,,,,,,,,,,,,,,,,,,,,,,,,,,,,,,,,,,,,,,,,,,,,,,,,,,,,,,,,,,,,,,,,,,,,,,,,,
1764665238.291817,45845,1,4384.941895,4397.645508,4504.428711,4534.452148,4397.94873,4518.776367,4536.969727,4392.354492,4579.487305,4423.846191,4489.755371,4504.964844,4553.881348,4384.603516,4381.107422,4501.223633,4539.056152,4531.620117,4505,4381.177246,4387.890625,4552.505859,4501.072266,4486.654785,4386.153809,4567.470703,4382.517578,4554.382324,4501.118652,4400.629395,4516.118652,4498.624512,2804,1,25,0,0,,,,0,4,4,4,4,4,4,4,4,4,4,4,4,4,4,4,4,4,4,4,4,4,4,4,4,4,4,4,4,4,4,4,4,100,,,,,,,,,,,,,,,,,,,,,,,,,,,,,,,,,,,,,,,,,,,,,,,,,,,,,,,,,,,,,,,,,,,,,,,,,,,,,,,,,,,,,,,,,,,,,,,,,,,,,,,,,,,,,,,,,,,,,,,,,,,,,,,,,,,,,,,,,,,,,,,,,,,,,,,,,,,,,,,,,,,,,,,,,,,,,,,,,,,,,,,,,,,,,,,,,,,,,,,,,,,,,,
1764665238.295722,45846,1,4383.799316,4396.654785,4502.645508,4533.869629,4397.307617,4518.379883,4536.550293,4392.319336,4578.974121,4422.692383,4488.240234,4503.997559,4551.386719,4383.683105,4380.500977,4498.671387,4536.526855,4529.860352,4504.230957,4381.223633,4387.517578,4550.209961,4500.011719,4485.093262,4384.102539,4566.130371,4380.757813,4553.916016,4499.510254,4398.939453,4514.76709,4496.899902,2915,1,25,0,0,,,,0,4,4,4,4,4,4,4,4,4,4,4,4,4,4,4,4,4,4,4,4,4,4,4,4,4,4,4,4,4,4,4,4,100,,,,,,,,,,,,,,,,,,,,,,,,,,,,,,,,,,,,,,,,,,,,,,,,,,,,,,,,,,,,,,,,,,,,,,,,,,,,,,,,,,,,,,,,,,,,,,,,,,,,,,,,,,,,,,,,,,,,,,,,,,,,,,,,,,,,,,,,,,,,,,,,,,,,,,,,,,,,,,,,,,,,,,,,,,,,,,,,,,,,,,,,,,,,,,,,,,,,,,,,,,,,,,
1764665238.299628,45847,1,4382.657227,4395.664551,4500.862305,4533.286621,4396.666504,4517.983887,4536.130371,4392.28418,4578.461426,4421.538574,4486.725098,4503.030273,4548.892578,4382.762207,4379.89502,4496.118652,4533.997559,4528.100098,4503.461426,4381.270508,4387.144531,4547.913574,4498.951172,4483.53125,4382.05127,4564.790039,4378.997559,4553.449707,4497.901855,4397.249512,4513.415039,4495.174805,2830,1,25,0,0,,,,0,4,4,4,4,4,4,4,4,4,4,4,4,4,4,4,4,4,4,4,4,4,4,4,4,4,4,4,4,4,4,4,4,100,,,,,,,,,,,,,,,,,,,,,,,,,,,,,,,,,,,,,,,,,,,,,,,,,,,,,,,,,,,,,,,,,,,,,,,,,,,,,,,,,,,,,,,,,,,,,,,,,,,,,,,,,,,,,,,,,,,,,,,,,,,,,,,,,,,,,,,,,,,,,,,,,,,,,,,,,,,,,,,,,,,,,,,,,,,,,,,,,,,,,,,,,,,,,,,,,,,,,,,,,,,,,,
1764665238.303534,45848,1,4381.515137,4394.673828,4499.079102,4532.704102,4396.025879,4517.587402,4535.710938,4392.249512,4577.94873,4420.384766,4485.209961,4502.062988,4546.398438,4381.841309,4379.289063,4493.566406,4531.46875,4526.340332,4502.692383,4381.316895,4386.771484,4545.617676,4497.890625,4481.969727,4380,4563.449707,4377.237793,4552.983887,4496.293945,4395.55957,4512.062988,4493.449707,2753,1,25,0,0,,,,0,4,4,4,4,4,4,4,4,4,4,4,4,4,4,4,4,4,4,4,4,4,4,4,4,4,4,4,4,4,4,4,4,100,,,,,,,,,,,,,,,,,,,,,,,,,,,,,,,,,,,,,,,,,,,,,,,,,,,,,,,,,,,,,,,,,,,,,,,,,,,,,,,,,,,,,,,,,,,,,,,,,,,,,,,,,,,,,,,,,,,,,,,,,,,,,,,,,,,,,,,,,,,,,,,,,,,,,,,,,,,,,,,,,,,,,,,,,,,,,,,,,,,,,,,,,,,,,,,,,,,,,,,,,,,,,,
1764665238.307440,45849,1,4380.373047,4393.683105,4497.295898,4532.121094,4395.384766,4517.190918,4535.291504,4392.214355,4577.436035,4419.230957,4483.694824,4501.095703,4543.904297,4380.920898,4378.683105,4491.01416,4528.939453,4524.580566,4501.922852,4381.36377,4386.398438,4543.321777,4496.830078,4480.407715,4377.94873,4562.109375,4375.478027,4552.517578,4494.685547,4393.869629,4510.710938,4491.725098,2807,1,25,0,0,,,,0,4,4,4,4,4,4,4,4,4,4,4,4,4,4,4,4,4,4,4,4,4,4,4,4,4,4,4,4,4,4,4,4,100,,,,,,,,,,,,,,,,,,,,,,,,,,,,,,,,,,,,,,,,,,,,,,,,,,,,,,,,,,,,,,,,,,,,,,,,,,,,,,,,,,,,,,,,,,,,,,,,,,,,,,,,,,,,,,,,,,,,,,,,,,,,,,,,,,,,,,,,,,,,,,,,,,,,,,,,,,,,,,,,,,,,,,,,,,,,,,,,,,,,,,,,,,,,,,,,,,,,,,,,,,,,,,
1764665238.311345,45850,0,4379.230957,4392.692383,4495.512695,4531.538574,4394.743652,4516.794922,4534.871582,4392.179688,4576.922852,4418.077148,4482.179688,4500.128418,4541.410156,4380,4378.077148,4488.461426,4526.410156,4522.820313,4501.153809,4381.410156,4386.025879,4541.025879,4495.769043,4478.846191,4375.897461,4560.769043,4373.717773,4552.05127,4493.077148,4392.179688,4509.358887,4490,1938,1,25,2576,49310,,,,0,4,4,4,4,4,4,4,4,4,4,4,4,4,4,4,4,4,4,4,4,4,4,4,4,4,4,4,4,4,4,4,4,100,,,,,,,,,,,,,,,,,,,,,,,,,,,,,,,,,,,,,,,,,,,,,,,1.746853,1.649252,0.609389,0.618112,0.412538,3.324915,1.313806,0.699609,0.692684,0.419896,3.085065,1.019681,1.019881,0.846944,0.527579,2.548533,1.025017,1.254965,1.107253,0.496931,2.974306,0.889659,0.695368,0.623844,0.512724,2.282848,1.345879,0.640756,0.839984,0.40275,1.407122,1.449414,0.700068,0.834868,0.462676,1.937452,0.812612,0.611557,0.801359,0.541037,1.874748,0.834539,1.325366,0.738434,0.508415,2.152887,1.468091,1.444132,1.424294,0.505431,1.521031,0.854868,0.206212,0.573345,0.346699,1.910589,2.18178,0.552694,0.934394,0.417041,1.466138,1.751918,0.269133,0.499685,0.392024,0.631232,0.441627,0.248912,0.472787,0.302905,0.749361,0.954025,0.17599,0.554035,0.425802,0.71285,1.443542,0.102307,0.437793,0.317078,2.436929,3.439161,0.48866,0.722251,0.459219,1.4055,2.169304,0.255997,0.792248,0.546942,0.745528,1.386111,0.119838,0.31761,0.26479,1.422977,1.193284,0.265635,0.537035,0.390848,1.617725,1.530152,0.275006,0.687232,0.38868,1.706852,3.262014,0.591052,0.577317,0.395001,2.417109,2.267431,0.56609,0.648329,0.437038,1.366893,2.274364,0.300596,0.570556,0.422149,1.717578,3.225416,1.240328,1.21921,0.903083,2.270221,1.536459,0.454017,0.50531,0.430464,2.128407,1.96536,0.548451,0.706207,0.475325,2.372186,2.222318,0.538746,0.672838,0.442802,1.317649,0.679075,0.371697,0.373996,0.234299,2.272869,1.603033,0.538955,0.595623,0.476337,1.565143,1.664518,0.638707,0.733595,0.454902,2.071677,1.187866,1.09375,0.696712,0.506508
1764665238.315251,45851,0,4374.230957,4386.282227,4489.358887,4526.410156,4389.230957,4509.358887,4528.461426,4384.487305,4570.769043,4410.769043,4476.282227,4494.871582,4540.769043,4377.563965,4381.538574,4485.769043,4526.410156,4520.512695,4501.538574,4378.846191,4383.589844,4541.282227,4491.538574,4473.461426,4363.461426,4559.487305,4370,4544.230957,4489.743652,4388.077148,4504.743652,4484.743652,2610,1,25,2576,49310,,,,0,4,4,4,4,4,4,4,4,4,4,4,4,4,4,4,4,4,4,4,4,4,4,4,4,4,4,4,4,4,4,4,4,100,,,,,,,,,,,,,,,,,,,,,,,,,,,,,,,,,,,,,,,,,,,,,,,,,,,,,,,,,,,,,,,,,,,,,,,,,,,,,,,,,,,,,,,,,,,,,,,,,,,,,,,,,,,,,,,,,,,,,,,,,,,,,,,,,,,,,,,,,,,,,,,,,,,,,,,,,,,,,,,,,,,,,,,,,,,,,,,,,,,,,,,,,,,,,,,,,,,,,,,,,,,,,,
1764665238.319157,45852,0,4364.102539,4376.794922,4482.94873,4517.94873,4379.871582,4497.179688,4517.05127,4370,4560.769043,4396.666504,4468.589844,4486.282227,4537.179688,4371.153809,4380.256348,4481.794922,4520.384766,4513.846191,4499.358887,4370.769043,4377.05127,4537.179688,4482.94873,4465.128418,4352.179688,4555.256348,4361.922852,4530.897461,4485.641113,4381.666504,4495.641113,4478.205078,2668,1,25,2576,49318,,,,0,4,4,4,4,4,4,4,4,4,4,4,4,4,4,4,4,4,4,4,4,4,4,4,4,4,4,4,4,4,4,4,4,100,,,,,,,,,,,,,,,,,,,,,,,,,,,,,,,,,,,,,,,,,,,,,,,,,,,,,,,,,,,,,,,,,,,,,,,,,,,,,,,,,,,,,,,,,,,,,,,,,,,,,,,,,,,,,,,,,,,,,,,,,,,,,,,,,,,,,,,,,,,,,,,,,,,,,,,,,,,,,,,,,,,,,,,,,,,,,,,,,,,,,,,,,,,,,,,,,,,,,,,,,,,,,,
1764665238.323063,45853,0,4355.769043,4369.871582,4479.615234,4511.922852,4372.820313,4488.077148,4507.692383,4357.94873,4553.333496,4385.769043,4465.512695,4480.256348,4534.102539,4365.897461,4375.384766,4480.128418,4514.358887,4509.743652,4498.205078,4364.358887,4371.794922,4534.358887,4476.922852,4460.256348,4350.512695,4550.769043,4354.102539,4521.025879,4482.563965,4376.794922,4487.436035,4474.102539,2485,1,25,2576,49318,,,,0,4,4,4,4,4,4,4,4,4,4,4,4,4,4,4,4,4,4,4,4,4,4,4,4,4,4,4,4,4,4,4,4,100,,,,,,,,,,,,,,,,,,,,,,,,,,,,,,,,,,,27847,0,0.263349,-0.598511,-0.734314,0.182251,0.96545,0.213893,0.051764,26.166666,29,44.5,,,,,,,,,,,,,,,,,,,,,,,,,,,,,,,,,,,,,,,,,,,,,,,,,,,,,,,,,,,,,,,,,,,,,,,,,,,,,,,,,,,,,,,,,,,,,,,,,,,,,,,,,,,,,,,,,,,,,,,,,,,,,,,,,,,,,,,,,,,,,,,,,,,,,,,,,,,,,,,,
1764665238.326968,45854,0,4357.179688,4372.307617,4483.717773,4514.487305,4375.897461,4490.256348,4508.205078,4358.205078,4555.384766,4387.820313,4472.05127,4482.692383,4537.05127,4367.563965,4372.820313,4485.128418,4516.922852,4514.743652,4501.153809,4367.179688,4373.846191,4538.974121,4480.384766,4465.128418,4363.846191,4552.436035,4354.871582,4523.205078,4484.230957,4379.871582,4488.846191,4477.94873,2635,1,25,2576,49326,,,,0,4,4,4,4,4,4,4,4,4,4,4,4,4,4,4,4,4,4,4,4,4,4,4,4,4,4,4,4,4,4,4,4,100,,,,,,,,,,,,,,,,,,,,,,,,,,,,,,,,,,,,,,,,,,,,,,,,,,,,,,,,,,,,,,,,,,,,,,,,,,,,,,,,,,,,,,,,,,,,,,,,,,,,,,,,,,,,,,,,,,,,,,,,,,,,,,,,,,,,,,,,,,,,,,,,,,,,,,,,,,,,,,,,,,,,,,,,,,,,,,,,,,,,,,,,,,,,,,,,,,,,,,,,,,,,,,
1764665238.330874,45855,0,4369.487305,4385.641113,4495.897461,4525.128418,4390,4504.615234,4520,4372.820313,4568.205078,4402.94873,4486.410156,4494.615234,4547.692383,4376.922852,4375.769043,4496.794922,4530.384766,4528.974121,4507.820313,4380,4383.717773,4552.05127,4493.974121,4479.615234,4388.333496,4563.333496,4367.563965,4538.333496,4492.05127,4393.205078,4503.974121,4490.897461,2800,1,25,2576,49326,,,,0,4,4,4,4,4,4,4,4,4,4,4,4,4,4,4,4,4,4,4,4,4,4,4,4,4,4,4,4,4,4,4,4,100,,,,,,,,,,,,,,,,,,,,,,,,,,,,,,,,,,,,,,,,,,,,,,,,,,,,,,,,,,,,,,,,,,,,,,,,,,,,,,,,,,,,,,,,,,,,,,,,,,,,,,,,,,,,,,,,,,,,,,,,,,,,,,,,,,,,,,,,,,,,,,,,,,,,,,,,,,,,,,,,,,,,,,,,,,,,,,,,,,,,,,,,,,,,,,,,,,,,,,,,,,,,,,
1764665238.334780,45856,0,4385.641113,4402.820313,4510.384766,4536.153809,4407.307617,4523.077148,4535.384766,4392.436035,4584.358887,4420.384766,4499.743652,4509.615234,4560.512695,4387.563965,4381.282227,4508.077148,4547.692383,4543.846191,4513.717773,4393.974121,4394.230957,4566.666504,4510.128418,4495.897461,4411.282227,4579.487305,4386.410156,4557.692383,4502.563965,4410.769043,4526.025879,4507.05127,2732,1,25,2576,49334,,,,0,4,4,4,4,4,4,4,4,4,4,4,4,4,4,4,4,4,4,4,4,4,4,4,4,4,4,4,4,4,4,4,4,100,,,,,,,,,,,,,,,,,,,,,,,,,,,,,,,,,,,,,,,,,,,,,,,,,,,,,,,,,,,,,,,,,,,,,,,,,,,,,,,,,,,,,,,,,,,,,,,,,,,,,,,,,,,,,,,,,,,,,,,,,,,,,,,,,,,,,,,,,,,,,,,,,,,,,,,,,,,,,,,,,,,,,,,,,,,,,,,,,,,,,,,,,,,,,,,,,,,,,,,,,,,,,,
1764665238.338686,45857,0,4395.769043,4413.589844,4519.358887,4539.102539,4417.179688,4534.615234,4543.717773,4403.589844,4593.205078,4427.820313,4503.717773,4518.461426,4567.05127,4391.282227,4382.94873,4510.256348,4557.436035,4548.333496,4513.077148,4398.461426,4396.025879,4573.077148,4518.717773,4503.846191,4420.769043,4591.922852,4400.769043,4568.974121,4509.487305,4422.307617,4542.179688,4517.436035,2886,1,25,2576,49334,,,,0,4,4,4,4,4,4,4,4,4,4,4,4,4,4,4,4,4,4,4,4,4,4,4,4,4,4,4,4,4,4,4,4,100,,,,,,,,,,,,,,,,,,,,,,,,,,,,,,,,,,,27848,0,0.263658,-0.59845,-0.734192,0.182495,0.971798,0.213893,0.051276,24.5,29,42.833332,,,,,,,,,,,,,,,,,,,,,,,,,,,,,,,,,,,,,,,,,,,,,,,,,,,,,,,,,,,,,,,,,,,,,,,,,,,,,,,,,,,,,,,,,,,,,,,,,,,,,,,,,,,,,,,,,,,,,,,,,,,,,,,,,,,,,,,,,,,,,,,,,,,,,,,,,,,,,,,,
1764665238.342592,45858,0,4395.128418,4413.333496,4519.358887,4532.692383,4415.128418,4533.589844,4540.256348,4400.384766,4589.487305,4422.307617,4497.692383,4516.666504,4563.333496,4385.512695,4377.94873,4501.410156,4553.589844,4538.205078,4504.743652,4389.358887,4386.922852,4567.307617,4515.897461,4500.128418,4415.256348,4594.487305,4403.589844,4566.922852,4509.487305,4421.922852,4543.846191,4517.307617,2574,1,25,2572,49342,,,,0,4,4,4,4,4,4,4,4,4,4,4,4,4,4,4,4,4,4,4,4,4,4,4,4,4,4,4,4,4,4,4,4,100,,,,,,,,,,,,,,,,,,,,,,,,,,,,,,,,,,,,,,,,,,,,,,,,,,,,,,,,,,,,,,,,,,,,,,,,,,,,,,,,,,,,,,,,,,,,,,,,,,,,,,,,,,,,,,,,,,,,,,,,,,,,,,,,,,,,,,,,,,,,,,,,,,,,,,,,,,,,,,,,,,,,,,,,,,,,,,,,,,,,,,,,,,,,,,,,,,,,,,,,,,,,,,
1764665238.346497,45859,0,4387.820313,4406.794922,4514.743652,4523.846191,4406.922852,4524.487305,4530.128418,4388.461426,4577.820313,4411.282227,4488.974121,4508.333496,4554.230957,4376.025879,4370.128418,4488.589844,4541.282227,4521.282227,4493.589844,4373.717773,4373.589844,4555.128418,4507.179688,4491.410156,4404.102539,4589.102539,4397.179688,4556.794922,4505.128418,4413.717773,4533.461426,4510.641113,2828,1,25,2572,49342,,,,0,4,4,4,4,4,4,4,4,4,4,4,4,4,4,4,4,4,4,4,4,4,4,4,4,4,4,4,4,4,4,4,4,100,,,,,,,,,,,,,,,,,,,,,,,,,,,,,,,,,,,,,,,,,,,,,,,,,,,,,,,,,,,,,,,,,,,,,,,,,,,,,,,,,,,,,,,,,,,,,,,,,,,,,,,,,,,,,,,,,,,,,,,,,,,,,,,,,,,,,,,,,,,,,,,,,,,,,,,,,,,,,,,,,,,,,,,,,,,,,,,,,,,,,,,,,,,,,,,,,,,,,,,,,,,,,,
1764665238.350403,45860,0,4382.563965,4402.820313,4513.077148,4521.538574,4401.922852,4517.179688,4523.846191,4380.128418,4567.94873,4404.615234,4486.410156,4502.05127,4549.102539,4371.666504,4366.153809,4482.692383,4532.563965,4511.025879,4487.307617,4363.846191,4366.922852,4547.05127,4502.307617,4487.820313,4398.333496,4583.333496,4390.512695,4549.871582,4502.692383,4407.307617,4522.307617,4506.025879,2721,1,25,2570,49349,,,,0,4,4,4,4,4,4,4,4,4,4,4,4,4,4,4,4,4,4,4,4,4,4,4,4,4,4,4,4,4,4,4,4,100,,,,,,,,,,,,,,,,,,,,,,,,,,,,,,,,,,,,,,,,,,,,,,,,,,,,,,,,,,,,,,,,,,,,,,,,,,,,,,,,,,,,,,,,,,,,,,,,,,,,,,,,,,,,,,,,,,,,,,,,,,,,,,,,,,,,,,,,,,,,,,,,,,,,,,,,,,,,,,,,,,,,,,,,,,,,,,,,,,,,,,,,,,,,,,,,,,,,,,,,,,,,,,
1764665238.354309,45861,0,4384.871582,4406.538574,4517.436035,4528.205078,4404.615234,4518.205078,4527.307617,4382.94873,4566.922852,4404.871582,4492.436035,4503.461426,4553.717773,4377.05127,4369.615234,4489.102539,4536.025879,4515.897461,4490.128418,4366.282227,4372.179688,4549.230957,4506.538574,4494.358887,4400.641113,4583.461426,4390.384766,4552.563965,4506.025879,4408.461426,4519.615234,4508.589844,2760,1,25,2570,49349,,,,0,4,4,4,4,4,4,4,4,4,4,4,4,4,4,4,4,4,4,4,4,4,4,4,4,4,4,4,4,4,4,4,4,100,,,,,,,,,,,,,,,,,,,,,,,,,,,,,,,,,,,27849,0,0.263914,-0.59845,-0.73407,0.182617,0.959101,0.207545,0.052252,24,29.833334,44.5,,,,,,,,,,,,,,,,,,,,,,,,,,,,,,,,,,,,,,,,,,,,,,,,,,,,,,,,,,,,,,,,,,,,,,,,,,,,,,,,,,,,,,,,,,,,,,,,,,,,,,,,,,,,,,,,,,,,,,,,,,,,,,,,,,,,,,,,,,,,,,,,,,,,,,,,,,,,,,,,
1764665238.358215,45862,0,4391.794922,4413.846191,4523.205078,4537.692383,4410.384766,4525.512695,4537.436035,4392.94873,4572.179688,4407.436035,4501.922852,4510.512695,4564.230957,4388.333496,4376.794922,4503.461426,4548.589844,4531.538574,4498.846191,4377.436035,4384.871582,4558.461426,4515.897461,4505.897461,4403.461426,4587.820313,4395.769043,4560.769043,4512.692383,4414.230957,4524.871582,4515,2760,1,25,2571,49357,,,,0,4,4,4,4,4,4,4,4,4,4,4,4,4,4,4,4,4,4,4,4,4,4,4,4,4,4,4,4,4,4,4,4,100,,,,,,,,,,,,,,,,,,,,,,,,,,,,,,,,,,,,,,,,,,,,,,,,,,,,,,,,,,,,,,,,,,,,,,,,,,,,,,,,,,,,,,,,,,,,,,,,,,,,,,,,,,,,,,,,,,,,,,,,,,,,,,,,,,,,,,,,,,,,,,,,,,,,,,,,,,,,,,,,,,,,,,,,,,,,,,,,,,,,,,,,,,,,,,,,,,,,,,,,,,,,,,
1764665238.362120,45863,0,4395,4415.641113,4522.05127,4540.256348,4410.384766,4529.743652,4545,4398.717773,4575.384766,4405.256348,4506.794922,4515,4571.410156,4396.922852,4380.128418,4514.615234,4558.461426,4544.615234,4505.512695,4385.769043,4394.358887,4565.128418,4520.512695,4511.410156,4397.563965,4588.077148,4398.205078,4564.358887,4515.512695,4415.128418,4528.717773,4516.025879,2954,1,25,2571,49357,,,,0,4,4,4,4,4,4,4,4,4,4,4,4,4,4,4,4,4,4,4,4,4,4,4,4,4,4,4,4,4,4,4,4,100,,,,,,,,,,,,,,,,,,,,,,,,,,,,,,,,,,,,,,,,,,,,,,,,,,,,,,,,,,,,,,,,,,,,,,,,,,,,,,,,,,,,,,,,,,,,,,,,,,,,,,,,,,,,,,,,,,,,,,,,,,,,,,,,,,,,,,,,,,,,,,,,,,,,,,,,,,,,,,,,,,,,,,,,,,,,,,,,,,,,,,,,,,,,,,,,,,,,,,,,,,,,,,
1764665238.366026,45864,0,4388.974121,4405.641113,4509.358887,4530.769043,4399.743652,4523.846191,4542.436035,4391.666504,4569.615234,4396.538574,4502.05127,4510.128418,4567.563965,4396.410156,4374.487305,4513.846191,4555.512695,4544.487305,4504.230957,4382.563965,4392.820313,4561.153809,4514.102539,4502.820313,4380.128418,4578.333496,4390.512695,4555.897461,4509.487305,4404.743652,4521.794922,4505.384766,2839,1,25,2572,49365,,,,0,4,4,4,4,4,4,4,4,4,4,4,4,4,4,4,4,4,4,4,4,4,4,4,4,4,4,4,4,4,4,4,4,100,,,,,,,,,,,,,,,,,,,,,,,,,,,,,,,,,,,,,,,,,,,,,,,,,,,,,,,,,,,,,,,,,,,,,,,,,,,,,,,,,,,,,,,,,,,,,,,,,,,,,,,,,,,,,,,,,,,,,,,,,,,,,,,,,,,,,,,,,,,,,,,,,,,,,,,,,,,,,,,,,,,,,,,,,,,,,,,,,,,,,,,,,,,,,,,,,,,,,,,,,,,,,,
1764665238.369932,45865,0,4375.641113,4387.307617,4489.615234,4513.333496,4382.307617,4508.205078,4530.512695,4374.102539,4555.897461,4385.897461,4490.128418,4497.307617,4553.717773,4387.563965,4362.820313,4501.666504,4540,4531.666504,4495.769043,4369.871582,4382.05127,4547.179688,4499.615234,4483.461426,4358.461426,4561.153809,4373.461426,4538.077148,4496.666504,4385.641113,4503.846191,4486.153809,2688,1,25,2572,49365,,,,0,4,4,4,4,4,4,4,4,4,4,4,4,4,4,4,4,4,4,4,4,4,4,4,4,4,4,4,4,4,4,4,4,100,,,,,,,,,,,,,,,,,,,,,,,,,,,,,,,,,,,27850,0,0.263914,-0.59845,-0.73407,0.182617,0.959101,0.207545,0.052252,24.666666,28,44.666668,,,,,,,,,,,,,,,,,,,,,,,,,,,,,,,,,,,,,,,,,,,,,,,,,,,,,,,,,,,,,,,,,,,,,,,,,,,,,,,,,,,,,,,,,,,,,,,,,,,,,,,,,,,,,,,,,,,,,,,,,,,,,,,,,,,,,,,,,,,,,,,,,,,,,,,,,,,,,,,,
1764665238.373838,45866,0,4363.717773,4371.282227,4473.589844,4498.333496,4368.077148,4491.794922,4517.692383,4357.179688,4542.820313,4380.769043,4479.102539,4485.256348,4538.974121,4377.307617,4353.846191,4488.077148,4522.307617,4516.922852,4487.563965,4358.974121,4372.179688,4533.077148,4486.410156,4466.282227,4343.846191,4547.307617,4356.794922,4521.922852,4485,4368.717773,4485.256348,4469.358887,2262,1,25,2573,49373,,,,0,4,4,4,4,4,4,4,4,4,4,4,4,4,4,4,4,4,4,4,4,4,4,4,4,4,4,4,4,4,4,4,4,100,,,,,,,,,,,,,,,,,,,,,,,,,,,,,,,,,,,,,,,,,,,,,,,,,,,,,,,,,,,,,,,,,,,,,,,,,,,,,,,,,,,,,,,,,,,,,,,,,,,,,,,,,,,,,,,,,,,,,,,,,,,,,,,,,,,,,,,,,,,,,,,,,,,,,,,,,,,,,,,,,,,,,,,,,,,,,,,,,,,,,,,,,,,,,,,,,,,,,,,,,,,,,,
1764665238.377744,45867,0,4361.153809,4367.692383,4471.410156,4495.384766,4366.153809,4485.128418,4513.461426,4352.692383,4539.743652,4385.384766,4476.922852,4482.94873,4533.461426,4373.974121,4355.256348,4483.717773,4515,4512.563965,4487.820313,4361.410156,4373.205078,4529.615234,4483.077148,4463.974121,4343.717773,4546.922852,4351.794922,4518.077148,4481.922852,4364.743652,4478.846191,4465.769043,2669,1,25,2573,49373,,,,0,4,4,4,4,4,4,4,4,4,4,4,4,4,4,4,4,4,4,4,4,4,4,4,4,4,4,4,4,4,4,4,4,100,,,,,,,,,,,,,,,,,,,,,,,,,,,,,,,,,,,,,,,,,,,,,,,,,,,,,,,,,,,,,,,,,,,,,,,,,,,,,,,,,,,,,,,,,,,,,,,,,,,,,,,,,,,,,,,,,,,,,,,,,,,,,,,,,,,,,,,,,,,,,,,,,,,,,,,,,,,,,,,,,,,,,,,,,,,,,,,,,,,,,,,,,,,,,,,,,,,,,,,,,,,,,,
1764665238.381649,45868,0,4368.974121,4378.205078,4484.102539,4505.769043,4376.922852,4492.05127,4520.512695,4362.94873,4548.717773,4397.436035,4484.871582,4491.666504,4540.512695,4380,4367.436035,4491.282227,4522.179688,4521.282227,4498.205078,4378.333496,4386.410156,4540,4490.641113,4477.94873,4356.538574,4560.897461,4362.05127,4528.846191,4488.205078,4375.641113,4489.358887,4477.307617,2473,1,25,2574,49381,,,,0,4,4,4,4,4,4,4,4,4,4,4,4,4,4,4,4,4,4,4,4,4,4,4,4,4,4,4,4,4,4,4,4,100,,,,,,,,,,,,,,,,,,,,,,,,,,,,,,,,,,,,,,,,,,,,,,,,,,,,,,,,,,,,,,,,,,,,,,,,,,,,,,,,,,,,,,,,,,,,,,,,,,,,,,,,,,,,,,,,,,,,,,,,,,,,,,,,,,,,,,,,,,,,,,,,,,,,,,,,,,,,,,,,,,,,,,,,,,,,,,,,,,,,,,,,,,,,,,,,,,,,,,,,,,,,,,
1764665238.385555,45869,0,4380.512695,4394.615234,4502.820313,4521.282227,4392.179688,4506.922852,4532.692383,4379.487305,4562.692383,4409.230957,4495.512695,4503.974121,4553.077148,4390.641113,4382.563965,4503.589844,4536.282227,4535.256348,4512.307617,4399.358887,4402.94873,4556.410156,4502.05127,4496.922852,4372.692383,4579.743652,4379.871582,4546.282227,4498.077148,4392.563965,4509.487305,4495.769043,2213,1,25,2574,49381,,,,0,4,4,4,4,4,4,4,4,4,4,4,4,4,4,4,4,4,4,4,4,4,4,4,4,4,4,4,4,4,4,4,4,100,,,,,,,,,,,,,,,,,,,,,,,,,,,,,,,,,,,27851,0,0.263732,-0.598511,-0.734131,0.182434,0.980588,0.210963,0.069833,25,27.666666,45.166668,,,,,,,,,,,,,,,,,,,,,,,,,,,,,,,,,,,,,,,,,,,,,,,,,,,,,,,,,,,,,,,,,,,,,,,,,,,,,,,,,,,,,,,,,,,,,,,,,,,,,,,,,,,,,,,,,,,,,,,,,,,,,,,,,,,,,,,,,,,,,,,,,,,,,,,,,,,,,,,,
1764665238.389461,45870,0,4387.179688,4405.512695,4515.769043,4530.256348,4401.410156,4519.230957,4540.512695,4389.871582,4571.410156,4413.589844,4500,4509.358887,4561.153809,4397.179688,4390.512695,4510,4544.615234,4542.94873,4521.025879,4411.922852,4411.666504,4566.922852,4508.589844,4507.307617,4382.692383,4591.538574,4393.205078,4558.717773,4504.358887,4403.717773,4525.641113,4509.615234,2683,1,25,2575,49388,,,,0,4,4,4,4,4,4,4,4,4,4,4,4,4,4,4,4,4,4,4,4,4,4,4,4,4,4,4,4,4,4,4,4,100,,,,,,,,,,,,,,,,,,,,,,,,,,,,,,,,,,,,,,,,,,,,,,,,,,,,,,,,,,,,,,,,,,,,,,,,,,,,,,,,,,,,,,,,,,,,,,,,,,,,,,,,,,,,,,,,,,,,,,,,,,,,,,,,,,,,,,,,,,,,,,,,,,,,,,,,,,,,,,,,,,,,,,,,,,,,,,,,,,,,,,,,,,,,,,,,,,,,,,,,,,,,,,
1764665238.393367,45871,0,4385.769043,4406.538574,4517.94873,4528.077148,4401.410156,4523.077148,4539.230957,4388.974121,4570.769043,4410.128418,4495.384766,4504.102539,4559.615234,4395,4387.307617,4505.384766,4541.410156,4539.743652,4520,4411.282227,4409.615234,4566.282227,4507.307617,4504.230957,4385.128418,4591.282227,4395.512695,4560,4504.230957,4403.846191,4529.871582,4513.589844,2471,1,25,2575,49388,,,,0,4,4,4,4,4,4,4,4,4,4,4,4,4,4,4,4,4,4,4,4,4,4,4,4,4,4,4,4,4,4,4,4,100,,,,,,,,,,,,,,,,,,,,,,,,,,,,,,,,,,,,,,,,,,,,,,,,,,,,,,,,,,,,,,,,,,,,,,,,,,,,,,,,,,,,,,,,,,,,,,,,,,,,,,,,,,,,,,,,,,,,,,,,,,,,,,,,,,,,,,,,,,,,,,,,,,,,,,,,,,,,,,,,,,,,,,,,,,,,,,,,,,,,,,,,,,,,,,,,,,,,,,,,,,,,,,
1764665238.397272,45872,0,4381.538574,4402.94873,4514.743652,4520.769043,4398.333496,4521.025879,4533.717773,4382.05127,4565.256348,4405.641113,4487.692383,4494.743652,4553.205078,4387.307617,4378.974121,4495.384766,4532.05127,4531.794922,4513.974121,4404.358887,4403.974121,4560.256348,4503.589844,4495.384766,4387.436035,4585.384766,4391.282227,4554.487305,4501.666504,4398.717773,4526.025879,4512.436035,2838,1,25,2576,49396,,,,0,4,4,4,4,4,4,4,4,4,4,4,4,4,4,4,4,4,4,4,4,4,4,4,4,4,4,4,4,4,4,4,4,100,,,,,,,,,,,,,,,,,,,,,,,,,,,,,,,,,,,,,,,,,,,,,,,,,,,,,,,,,,,,,,,,,,,,,,,,,,,,,,,,,,,,,,,,,,,,,,,,,,,,,,,,,,,,,,,,,,,,,,,,,,,,,,,,,,,,,,,,,,,,,,,,,,,,,,,,,,,,,,,,,,,,,,,,,,,,,,,,,,,,,,,,,,,,,,,,,,,,,,,,,,,,,,
1764665238.401178,45873,0,4382.820313,4404.487305,4515.769043,4518.333496,4401.025879,4520.641113,4533.205078,4380.256348,4564.487305,4408.077148,4485.769043,4492.563965,4550.512695,4382.179688,4375.128418,4490.384766,4528.589844,4529.230957,4511.794922,4402.05127,4404.743652,4559.615234,4505.769043,4493.333496,4398.461426,4584.230957,4391.025879,4552.05127,4503.077148,4398.846191,4524.230957,4515.128418,2904,1,25,2576,49396,,,,0,4,4,4,4,4,4,4,4,4,4,4,4,4,4,4,4,4,4,4,4,4,4,4,4,4,4,4,4,4,4,4,4,100,,,,,,,,,,,,,,,,,,,,,,,,,,,,,,,,,,,27852,0,0.263774,-0.598511,-0.734131,0.182373,0.981077,0.22073,0.056648,24.5,29.333334,44.5,,,,,,,,,,,,,,,,,,,,,,,,,,,,,,,,,,,,,,,,,,,,,,,,,,,,,,,,,,,,,,,,,,,,,,,,,,,,,,,,,,,,,,,,,,,,,,,,,,,,,,,,,,,,,,,,,,,,,,,,,,,,,,,,,,,,,,,,,,,,,,,,,,,,,,,,,,,,,,,,
1764665238.405084,45874,0,4392.820313,4415,4525,4525.641113,4412.436035,4526.538574,4542.436035,4388.717773,4572.94873,4418.461426,4493.205078,4503.205078,4556.538574,4384.358887,4380.641113,4496.025879,4537.820313,4537.436035,4517.94873,4409.358887,4414.743652,4569.230957,4516.153809,4503.717773,4417.820313,4593.205078,4399.743652,4558.974121,4511.025879,4409.230957,4531.282227,4525.512695,1743,1,25,2576,49404,,,,0,4,4,4,4,4,4,4,4,4,4,4,4,4,4,4,4,4,4,4,4,4,4,4,4,4,4,4,4,4,4,4,4,100,,,,,,,,,,,,,,,,,,,,,,,,,,,,,,,,,,,,,,,,,,,,,,,,,,,,,,,,,,,,,,,,,,,,,,,,,,,,,,,,,,,,,,,,,,,,,,,,,,,,,,,,,,,,,,,,,,,,,,,,,,,,,,,,,,,,,,,,,,,,,,,,,,,,,,,,,,,,,,,,,,,,,,,,,,,,,,,,,,,,,,,,,,,,,,,,,,,,,,,,,,,,,,
1764665238.408990,45875,0,4406.538574,4428.333496,4536.922852,4538.333496,4426.025879,4535.512695,4556.153809,4402.436035,4585.769043,4430.256348,4504.871582,4521.153809,4567.820313,4391.410156,4391.025879,4508.077148,4555.256348,4551.282227,4528.846191,4421.410156,4427.179688,4583.461426,4529.743652,4519.743652,4435.256348,4607.05127,4412.307617,4571.666504,4520.897461,4423.717773,4543.589844,4538.333496,2928,1,25,2576,49404,,,,0,4,4,4,4,4,4,4,4,4,4,4,4,4,4,4,4,4,4,4,4,4,4,4,4,4,4,4,4,4,4,4,4,100,,,,,,,,,,,,,,,,,,,,,,,,,,,,,,,,,,,,,,,,,,,,,,,,,,,,,,,,,,,,,,,,,,,,,,,,,,,,,,,,,,,,,,,,,,,,,,,,,,,,,,,,,,,,,,,,,,,,,,,,,,,,,,,,,,,,,,,,,,,,,,,,,,,,,,,,,,,,,,,,,,,,,,,,,,,,,,,,,,,,,,,,,,,,,,,,,,,,,,,,,,,,,,
1764665238.412896,45876,0,4413.974121,4433.717773,4541.538574,4546.794922,4431.538574,4539.615234,4564.230957,4410.769043,4592.692383,4435,4511.666504,4532.94873,4575.256348,4395.897461,4396.922852,4515.641113,4568.461426,4559.871582,4535.256348,4427.436035,4430.512695,4590.769043,4536.922852,4528.717773,4438.333496,4614.743652,4418.077148,4580.384766,4525.128418,4430.769043,4550.256348,4543.333496,2495,1,25,2576,49412,,,,0,4,4,4,4,4,4,4,4,4,4,4,4,4,4,4,4,4,4,4,4,4,4,4,4,4,4,4,4,4,4,4,4,100,,,,,,,,,,,,,,,,,,,,,,,,,,,,,,,,,,,,,,,,,,,,,,,,,,,,,,,,,,,,,,,,,,,,,,,,,,,,,,,,,,,,,,,,,,,,,,,,,,,,,,,,,,,,,,,,,,,,,,,,,,,,,,,,,,,,,,,,,,,,,,,,,,,,,,,,,,,,,,,,,,,,,,,,,,,,,,,,,,,,,,,,,,,,,,,,,,,,,,,,,,,,,,
1764665238.416801,45877,0,4408.461426,4425.128418,4532.692383,4544.615234,4423.461426,4532.820313,4558.974121,4406.025879,4586.794922,4428.717773,4506.922852,4528.974121,4572.436035,4391.410156,4391.666504,4510.897461,4567.692383,4555,4530.256348,4419.871582,4418.333496,4583.974121,4531.794922,4521.666504,4423.205078,4608.333496,4410.256348,4576.922852,4519.358887,4423.077148,4542.94873,4533.589844,2792,1,25,2576,49412,,,,0,4,4,4,4,4,4,4,4,4,4,4,4,4,4,4,4,4,4,4,4,4,4,4,4,4,4,4,4,4,4,4,4,100,,,,,,,,,,,,,,,,,,,,,,,,,,,,,,,,,,,27853,0,0.263326,-0.598633,-0.734253,0.182129,0.97424,0.215358,0.051276,24.5,27,45.833332,,,,,,,,,,,,,,,,,,,,,,,,,,,,,,,,,,,,,,,,,,,,,,,,,,,,,,,,,,,,,,,,,,,,,,,,,,,,,,,,,,,,,,,,,,,,,,,,,,,,,,,,,,,,,,,,,,,,,,,,,,,,,,,,,,,,,,,,,,,,,,,,,,,,,,,,,,,,,,,,
1764665238.420707,45878,0,4392.307617,4406.282227,4514.230957,4532.94873,4405.128418,4517.692383,4542.436035,4390.256348,4571.025879,4414.358887,4492.692383,4511.282227,4560.769043,4378.077148,4376.666504,4495.128418,4553.205078,4538.077148,4514.615234,4400.128418,4394.743652,4565.256348,4515.897461,4501.282227,4397.563965,4589.743652,4391.666504,4562.05127,4506.794922,4404.358887,4523.717773,4512.692383,2909,1,25,2576,49420,,,,0,4,4,4,4,4,4,4,4,4,4,4,4,4,4,4,4,4,4,4,4,4,4,4,4,4,4,4,4,4,4,4,4,100,,,,,,,,,,,,,,,,,,,,,,,,,,,,,,,,,,,,,,,,,,,,,,,,,,,,,,,,,,,,,,,,,,,,,,,,,,,,,,,,,,,,,,,,,,,,,,,,,,,,,,,,,,,,,,,,,,,,,,,,,,,,,,,,,,,,,,,,,,,,,,,,,,,,,,,,,,,,,,,,,,,,,,,,,,,,,,,,,,,,,,,,,,,,,,,,,,,,,,,,,,,,,,
1764665238.424613,45879,0,4375.512695,4388.333496,4496.538574,4519.230957,4387.179688,4504.230957,4524.358887,4373.589844,4555.641113,4400,4477.820313,4492.05127,4548.333496,4363.589844,4360.128418,4478.077148,4534.871582,4518.846191,4496.282227,4377.692383,4371.410156,4545,4498.589844,4479.487305,4375.128418,4569.102539,4373.077148,4544.871582,4495.256348,4386.282227,4503.846191,4492.307617,2820,1,25,2576,49420,,,,0,4,4,4,4,4,4,4,4,4,4,4,4,4,4,4,4,4,4,4,4,4,4,4,4,4,4,4,4,4,4,4,4,100,,,,,,,,,,,,,,,,,,,,,,,,,,,,,,,,,,,,,,,,,,,,,,,,,,,,,,,,,,,,,,,,,,,,,,,,,,,,,,,,,,,,,,,,,,,,,,,,,,,,,,,,,,,,,,,,,,,,,,,,,,,,,,,,,,,,,,,,,,,,,,,,,,,,,,,,,,,,,,,,,,,,,,,,,,,,,,,,,,,,,,,,,,,,,,,,,,,,,,,,,,,,,,
1764665238.428519,45880,0,4369.615234,4382.307617,4489.871582,4512.307617,4379.871582,4502.05127,4516.666504,4367.307617,4551.153809,4393.846191,4472.05127,4484.615234,4543.974121,4356.538574,4351.666504,4469.743652,4525.256348,4508.205078,4484.871582,4363.461426,4358.846191,4534.615234,4490.256348,4468.846191,4366.922852,4558.205078,4366.025879,4536.282227,4492.307617,4380.512695,4496.410156,4484.487305,2749,1,25,2576,49427,,,,0,4,4,4,4,4,4,4,4,4,4,4,4,4,4,4,4,4,4,4,4,4,4,4,4,4,4,4,4,4,4,4,4,100,,,,,,,,,,,,,,,,,,,,,,,,,,,,,,,,,,,,,,,,,,,,,,,,,,,,,,,,,,,,,,,,,,,,,,,,,,,,,,,,,,,,,,,,,,,,,,,,,,,,,,,,,,,,,,,,,,,,,,,,,,,,,,,,,,,,,,,,,,,,,,,,,,,,,,,,,,,,,,,,,,,,,,,,,,,,,,,,,,,,,,,,,,,,,,,,,,,,,,,,,,,,,,
1764665238.432424,45881,0,4378.846191,4391.025879,4497.563965,4516.538574,4386.794922,4513.717773,4524.487305,4375.769043,4560.641113,4399.230957,4478.589844,4494.102539,4550.512695,4361.794922,4355.384766,4473.846191,4530.128418,4510,4484.871582,4362.436035,4360.256348,4538.717773,4495.256348,4473.461426,4375.512695,4561.794922,4374.487305,4541.410156,4499.615234,4390.128418,4506.282227,4492.820313,2796,1,25,2576,49427,,,,0,4,4,4,4,4,4,4,4,4,4,4,4,4,4,4,4,4,4,4,4,4,4,4,4,4,4,4,4,4,4,4,4,100,,,,,,,,,,,,,,,,,,,,,,,,,,,,,,,,,,,27854,0,0.263368,-0.598633,-0.734253,0.182068,0.966915,0.221707,0.054694,27.166666,28.833334,44.666668,,,,,,,,,,,,,,,,,,,,,,,,,,,,,,,,,,,,,,,,,,,,,,,,,,,,,,,,,,,,,,,,,,,,,,,,,,,,,,,,,,,,,,,,,,,,,,,,,,,,,,,,,,,,,,,,,,,,,,,,,,,,,,,,,,,,,,,,,,,,,,,,,,,,,,,,,,,,,,,,
1764665238.436330,45882,0,4397.692383,4408.205078,4513.846191,4529.230957,4402.94873,4532.436035,4542.820313,4393.974121,4577.692383,4412.563965,4493.205078,4513.717773,4563.333496,4376.153809,4368.333496,4485.769043,4545.641113,4520,4492.692383,4370.641113,4369.743652,4552.563965,4509.487305,4487.692383,4393.717773,4575.512695,4392.179688,4556.666504,4512.563965,4408.717773,4526.410156,4510.641113,1942,1,25,2574,49435,,,,0,4,4,4,4,4,4,4,4,4,4,4,4,4,4,4,4,4,4,4,4,4,4,4,4,4,4,4,4,4,4,4,4,100,,,,,,,,,,,,,,,,,,,,,,,,,,,,,,,,,,,,,,,,,,,,,,,1.88298,1.81276,0.713764,0.529807,0.425325,3.457649,1.3482,0.831314,0.59792,0.445819,3.039259,1.048313,1.20066,0.801767,0.578667,2.281041,1.122897,1.489849,0.957671,0.503144,2.929792,1.01851,0.825868,0.555508,0.527164,2.385303,1.335484,0.705873,0.760144,0.424998,1.574829,1.715594,0.865197,0.789495,0.43726,1.755135,0.948375,0.71377,0.659812,0.528221,1.798248,0.911749,1.516633,0.658403,0.535372,2.052958,1.626536,1.813966,1.38599,0.578394,1.39498,0.924527,0.285123,0.457409,0.354492,1.955225,2.846681,0.671286,0.865004,0.398007,1.485701,2.619318,0.341666,0.485543,0.404172,0.717406,0.513258,0.321263,0.401541,0.301656,0.687557,1.053356,0.247201,0.456405,0.414424,0.652589,2.211272,0.130306,0.384481,0.323619,2.302337,5.001427,0.56251,0.619961,0.473328,1.341907,3.264244,0.344865,0.634441,0.510638,0.676268,2.064445,0.172416,0.246837,0.273952,1.266715,1.474767,0.336226,0.454088,0.411873,1.475595,1.748039,0.303491,0.543339,0.398883,1.695301,4.461985,0.646615,0.466493,0.386306,2.368226,2.919091,0.657209,0.578303,0.441925,1.339169,2.878723,0.336205,0.471477,0.443137,1.692511,3.385988,1.090814,0.878678,0.95292,2.263778,1.386285,0.488408,0.453871,0.451898,2.030148,2.003932,0.603255,0.648422,0.485786,2.357125,2.592529,0.66104,0.625178,0.448192,1.381617,0.796141,0.430256,0.33543,0.251332,2.492031,1.665637,0.662406,0.506686,0.488094,1.613922,1.593804,0.723928,0.692552,0.470884,2.190973,1.126488,1.21261,0.649232,0.541479
1764665238.440236,45883,0,4414.487305,4422.436035,4528.333496,4542.05127,4417.94873,4547.563965,4560.256348,4410.769043,4591.153809,4425,4506.410156,4531.282227,4574.358887,4390.897461,4381.666504,4496.538574,4561.282227,4529.230957,4500.512695,4379.230957,4378.333496,4565.128418,4523.461426,4500.128418,4409.615234,4589.487305,4407.820313,4572.307617,4522.94873,4424.743652,4543.717773,4525.769043,2619,1,25,2574,49435,,,,0,4,4,4,4,4,4,4,4,4,4,4,4,4,4,4,4,4,4,4,4,4,4,4,4,4,4,4,4,4,4,4,4,100,,,,,,,,,,,,,,,,,,,,,,,,,,,,,,,,,,,,,,,,,,,,,,,,,,,,,,,,,,,,,,,,,,,,,,,,,,,,,,,,,,,,,,,,,,,,,,,,,,,,,,,,,,,,,,,,,,,,,,,,,,,,,,,,,,,,,,,,,,,,,,,,,,,,,,,,,,,,,,,,,,,,,,,,,,,,,,,,,,,,,,,,,,,,,,,,,,,,,,,,,,,,,,
1764665238.444142,45884,0,4420,4425.641113,4532.179688,4548.077148,4422.820313,4551.410156,4566.282227,4416.794922,4593.333496,4428.717773,4510.641113,4536.794922,4577.94873,4398.077148,4387.563965,4499.871582,4567.820313,4531.282227,4502.563965,4380.769043,4380.384766,4568.846191,4529.487305,4503.077148,4413.846191,4595.512695,4412.563965,4579.743652,4525.128418,4429.871582,4548.974121,4529.743652,2675,1,25,2574,49443,,,,0,4,4,4,4,4,4,4,4,4,4,4,4,4,4,4,4,4,4,4,4,4,4,4,4,4,4,4,4,4,4,4,4,100,,,,,,,,,,,,,,,,,,,,,,,,,,,,,,,,,,,,,,,,,,,,,,,,,,,,,,,,,,,,,,,,,,,,,,,,,,,,,,,,,,,,,,,,,,,,,,,,,,,,,,,,,,,,,,,,,,,,,,,,,,,,,,,,,,,,,,,,,,,,,,,,,,,,,,,,,,,,,,,,,,,,,,,,,,,,,,,,,,,,,,,,,,,,,,,,,,,,,,,,,,,,,,
1764665238.448047,45885,0,4412.94873,4418.077148,4524.743652,4545.641113,4416.282227,4544.487305,4559.230957,4410.384766,4585.128418,4423.077148,4505,4529.743652,4574.358887,4395.256348,4384.230957,4496.410156,4563.333496,4526.794922,4498.461426,4375,4377.05127,4563.589844,4526.025879,4497.820313,4406.025879,4592.436035,4406.538574,4576.666504,4519.487305,4423.077148,4542.05127,4522.563965,2496,1,25,2574,49443,,,,0,4,4,4,4,4,4,4,4,4,4,4,4,4,4,4,4,4,4,4,4,4,4,4,4,4,4,4,4,4,4,4,4,100,,,,,,,,,,,,,,,,,,,,,,,,,,,,,,,,,,,27855,0,0.263282,-0.598633,-0.734314,0.181946,0.967403,0.204615,0.054206,23.666666,28.666666,43.666668,,,,,,,,,,,,,,,,,,,,,,,,,,,,,,,,,,,,,,,,,,,,,,,,,,,,,,,,,,,,,,,,,,,,,,,,,,,,,,,,,,,,,,,,,,,,,,,,,,,,,,,,,,,,,,,,,,,,,,,,,,,,,,,,,,,,,,,,,,,,,,,,,,,,,,,,,,,,,,,,
1764665238.451953,45886,0,4399.615234,4406.282227,4512.436035,4538.461426,4404.102539,4532.563965,4546.282227,4397.563965,4574.358887,4414.487305,4495.128418,4517.563965,4568.461426,4387.563965,4375.897461,4491.410156,4552.692383,4521.282227,4493.205078,4367.692383,4373.974121,4556.538574,4517.820313,4491.153809,4393.589844,4584.358887,4396.666504,4567.820313,4510.897461,4410.641113,4530.256348,4510.641113,2644,1,25,2571,49451,,,,0,4,4,4,4,4,4,4,4,4,4,4,4,4,4,4,4,4,4,4,4,4,4,4,4,4,4,4,4,4,4,4,4,100,,,,,,,,,,,,,,,,,,,,,,,,,,,,,,,,,,,,,,,,,,,,,,,,,,,,,,,,,,,,,,,,,,,,,,,,,,,,,,,,,,,,,,,,,,,,,,,,,,,,,,,,,,,,,,,,,,,,,,,,,,,,,,,,,,,,,,,,,,,,,,,,,,,,,,,,,,,,,,,,,,,,,,,,,,,,,,,,,,,,,,,,,,,,,,,,,,,,,,,,,,,,,,
1764665238.455859,45887,0,4388.333496,4396.538574,4502.436035,4530.769043,4394.102539,4522.436035,4536.153809,4386.666504,4568.077148,4409.743652,4488.205078,4508.589844,4565.641113,4382.436035,4369.358887,4489.871582,4543.077148,4520.128418,4491.538574,4364.743652,4375.128418,4554.615234,4510.897461,4488.974121,4385.897461,4577.05127,4389.743652,4559.871582,4504.615234,4399.230957,4521.282227,4500.769043,2813,1,25,2571,49451,,,,0,4,4,4,4,4,4,4,4,4,4,4,4,4,4,4,4,4,4,4,4,4,4,4,4,4,4,4,4,4,4,4,4,100,,,,,,,,,,,,,,,,,,,,,,,,,,,,,,,,,,,,,,,,,,,,,,,,,,,,,,,,,,,,,,,,,,,,,,,,,,,,,,,,,,,,,,,,,,,,,,,,,,,,,,,,,,,,,,,,,,,,,,,,,,,,,,,,,,,,,,,,,,,,,,,,,,,,,,,,,,,,,,,,,,,,,,,,,,,,,,,,,,,,,,,,,,,,,,,,,,,,,,,,,,,,,,
1764665238.459765,45888,0,4383.333496,4390.769043,4497.179688,4524.615234,4389.615234,4516.538574,4532.94873,4381.666504,4567.436035,4411.025879,4487.179688,4506.025879,4567.94873,4384.230957,4368.589844,4493.333496,4538.717773,4524.615234,4495.512695,4367.436035,4380.256348,4559.358887,4508.205078,4490.897461,4386.153809,4572.692383,4386.794922,4555.769043,4502.307617,4392.563965,4517.692383,4496.025879,2748,1,25,2567,49459,,,,0,4,4,4,4,4,4,4,4,4,4,4,4,4,4,4,4,4,4,4,4,4,4,4,4,4,4,4,4,4,4,4,4,100,,,,,,,,,,,,,,,,,,,,,,,,,,,,,,,,,,,,,,,,,,,,,,,,,,,,,,,,,,,,,,,,,,,,,,,,,,,,,,,,,,,,,,,,,,,,,,,,,,,,,,,,,,,,,,,,,,,,,,,,,,,,,,,,,,,,,,,,,,,,,,,,,,,,,,,,,,,,,,,,,,,,,,,,,,,,,,,,,,,,,,,,,,,,,,,,,,,,,,,,,,,,,,
1764665238.463671,45889,0,4383.077148,4387.179688,4494.615234,4519.743652,4388.974121,4512.563965,4534.358887,4381.153809,4568.589844,4414.358887,4490,4507.563965,4572.94873,4391.538574,4372.179688,4499.871582,4539.230957,4532.307617,4502.563965,4373.077148,4385.641113,4567.307617,4508.461426,4493.589844,4390.512695,4570.128418,4384.615234,4554.615234,4502.307617,4389.358887,4517.436035,4494.615234,2906,1,25,2567,49459,,,,0,4,4,4,4,4,4,4,4,4,4,4,4,4,4,4,4,4,4,4,4,4,4,4,4,4,4,4,4,4,4,4,4,100,,,,,,,,,,,,,,,,,,,,,,,,,,,,,,,,,,,27856,0,0.263368,-0.598633,-0.734253,0.182068,0.95959,0.210963,0.045904,25,29.166666,43.5,,,,,,,,,,,,,,,,,,,,,,,,,,,,,,,,,,,,,,,,,,,,,,,,,,,,,,,,,,,,,,,,,,,,,,,,,,,,,,,,,,,,,,,,,,,,,,,,,,,,,,,,,,,,,,,,,,,,,,,,,,,,,,,,,,,,,,,,,,,,,,,,,,,,,,,,,,,,,,,,
1764665238.467576,45890,0,4382.436035,4383.333496,4491.282227,4515.512695,4387.820313,4507.820313,4535.769043,4381.025879,4567.179688,4414.871582,4493.077148,4508.846191,4576.153809,4399.230957,4375.769043,4506.153809,4540.897461,4539.102539,4508.846191,4377.563965,4388.205078,4572.563965,4508.333496,4493.846191,4392.820313,4567.179688,4380,4552.94873,4501.153809,4386.538574,4516.538574,4492.436035,2590,1,25,2564,49467,,,,0,4,4,4,4,4,4,4,4,4,4,4,4,4,4,4,4,4,4,4,4,4,4,4,4,4,4,4,4,4,4,4,4,100,,,,,,,,,,,,,,,,,,,,,,,,,,,,,,,,,,,,,,,,,,,,,,,,,,,,,,,,,,,,,,,,,,,,,,,,,,,,,,,,,,,,,,,,,,,,,,,,,,,,,,,,,,,,,,,,,,,,,,,,,,,,,,,,,,,,,,,,,,,,,,,,,,,,,,,,,,,,,,,,,,,,,,,,,,,,,,,,,,,,,,,,,,,,,,,,,,,,,,,,,,,,,,
1764665238.471482,45891,0,4378.205078,4378.974121,4485.897461,4511.922852,4384.358887,4501.666504,4533.846191,4378.974121,4562.179688,4410.384766,4494.487305,4507.179688,4574.743652,4402.692383,4376.282227,4509.615234,4539.871582,4542.563965,4511.794922,4379.102539,4387.692383,4571.794922,4505.384766,4491.153809,4389.743652,4563.205078,4372.94873,4548.717773,4496.666504,4382.05127,4512.436035,4487.307617,2842,1,25,2564,49467,,,,0,4,4,4,4,4,4,4,4,4,4,4,4,4,4,4,4,4,4,4,4,4,4,4,4,4,4,4,4,4,4,4,4,100,,,,,,,,,,,,,,,,,,,,,,,,,,,,,,,,,,,,,,,,,,,,,,,,,,,,,,,,,,,,,,,,,,,,,,,,,,,,,,,,,,,,,,,,,,,,,,,,,,,,,,,,,,,,,,,,,,,,,,,,,,,,,,,,,,,,,,,,,,,,,,,,,,,,,,,,,,,,,,,,,,,,,,,,,,,,,,,,,,,,,,,,,,,,,,,,,,,,,,,,,,,,,,
1764665238.475388,45892,0,4370.512695,4375,4479.871582,4508.589844,4379.102539,4495.769043,4528.717773,4375.641113,4555.384766,4403.205078,4494.743652,4502.436035,4569.487305,4401.025879,4374.358887,4509.230957,4535,4542.05127,4510.897461,4378.717773,4385.384766,4565.128418,4499.358887,4486.794922,4382.436035,4559.358887,4366.025879,4541.922852,4489.615234,4376.282227,4504.743652,4479.487305,2733,1,25,2563,49474,,,,0,4,4,4,4,4,4,4,4,4,4,4,4,4,4,4,4,4,4,4,4,4,4,4,4,4,4,4,4,4,4,4,4,100,,,,,,,,,,,,,,,,,,,,,,,,,,,,,,,,,,,,,,,,,,,,,,,,,,,,,,,,,,,,,,,,,,,,,,,,,,,,,,,,,,,,,,,,,,,,,,,,,,,,,,,,,,,,,,,,,,,,,,,,,,,,,,,,,,,,,,,,,,,,,,,,,,,,,,,,,,,,,,,,,,,,,,,,,,,,,,,,,,,,,,,,,,,,,,,,,,,,,,,,,,,,,,
1764665238.479294,45893,0,4361.922852,4371.282227,4474.615234,4505,4373.974121,4491.666504,4522.05127,4372.692383,4549.743652,4397.307617,4493.846191,4496.153809,4562.563965,4396.153809,4372.436035,4505.769043,4526.922852,4537.94873,4507.179688,4377.94873,4381.922852,4555.512695,4491.153809,4481.153809,4373.589844,4556.282227,4360.256348,4533.717773,4482.94873,4370,4495.641113,4471.025879,2776,1,25,2563,49474,,,,0,4,4,4,4,4,4,4,4,4,4,4,4,4,4,4,4,4,4,4,4,4,4,4,4,4,4,4,4,4,4,4,4,100,,,,,,,,,,,,,,,,,,,,,,,,,,,,,,,,,,,27857,0,0.263368,-0.598633,-0.734253,0.182068,0.95959,0.210963,0.045904,24.833334,26.666666,44.166668,,,,,,,,,,,,,,,,,,,,,,,,,,,,,,,,,,,,,,,,,,,,,,,,,,,,,,,,,,,,,,,,,,,,,,,,,,,,,,,,,,,,,,,,,,,,,,,,,,,,,,,,,,,,,,,,,,,,,,,,,,,,,,,,,,,,,,,,,,,,,,,,,,,,,,,,,,,,,,,,
1764665238.483199,45894,0,4355.128418,4367.179688,4470.641113,4500.769043,4370.128418,4489.230957,4515.769043,4370.384766,4546.538574,4394.871582,4490.769043,4489.358887,4555.897461,4390.384766,4371.666504,4500.384766,4517.563965,4531.153809,4502.307617,4377.179688,4377.307617,4545.641113,4482.563965,4473.974121,4364.615234,4553.333496,4354.743652,4524.487305,4478.974121,4363.717773,4486.922852,4463.077148,2775,1,25,2564,49482,,,,0,4,4,4,4,4,4,4,4,4,4,4,4,4,4,4,4,4,4,4,4,4,4,4,4,4,4,4,4,4,4,4,4,100,,,,,,,,,,,,,,,,,,,,,,,,,,,,,,,,,,,,,,,,,,,,,,,,,,,,,,,,,,,,,,,,,,,,,,,,,,,,,,,,,,,,,,,,,,,,,,,,,,,,,,,,,,,,,,,,,,,,,,,,,,,,,,,,,,,,,,,,,,,,,,,,,,,,,,,,,,,,,,,,,,,,,,,,,,,,,,,,,,,,,,,,,,,,,,,,,,,,,,,,,,,,,,
1764665238.487105,45895,0,4351.282227,4362.563965,4467.307617,4496.794922,4367.692383,4487.692383,4510.769043,4367.307617,4545.384766,4394.871582,4485,4482.692383,4550.384766,4385.128418,4371.538574,4494.230957,4508.974121,4523.589844,4497.692383,4375.512695,4371.794922,4537.05127,4475.641113,4465.512695,4355.384766,4549.615234,4348.333496,4515.256348,4477.692383,4358.589844,4480,4456.666504,2970,1,25,2564,49482,,,,0,4,4,4,4,4,4,4,4,4,4,4,4,4,4,4,4,4,4,4,4,4,4,4,4,4,4,4,4,4,4,4,4,100,,,,,,,,,,,,,,,,,,,,,,,,,,,,,,,,,,,,,,,,,,,,,,,,,,,,,,,,,,,,,,,,,,,,,,,,,,,,,,,,,,,,,,,,,,,,,,,,,,,,,,,,,,,,,,,,,,,,,,,,,,,,,,,,,,,,,,,,,,,,,,,,,,,,,,,,,,,,,,,,,,,,,,,,,,,,,,,,,,,,,,,,,,,,,,,,,,,,,,,,,,,,,,
1764665238.491011,45896,0,4350.384766,4359.615234,4464.743652,4494.615234,4366.666504,4486.794922,4507.179688,4363.333496,4545.769043,4394.230957,4478.205078,4477.307617,4546.025879,4381.282227,4370.769043,4489.230957,4502.307617,4517.307617,4495,4372.563965,4367.307617,4530.769043,4472.05127,4457.820313,4347.05127,4545.384766,4342.436035,4507.820313,4478.077148,4355.769043,4476.153809,4452.563965,2857,1,25,2565,49490,,,,0,4,4,4,4,4,4,4,4,4,4,4,4,4,4,4,4,4,4,4,4,4,4,4,4,4,4,4,4,4,4,4,4,100,,,,,,,,,,,,,,,,,,,,,,,,,,,,,,,,,,,,,,,,,,,,,,,,,,,,,,,,,,,,,,,,,,,,,,,,,,,,,,,,,,,,,,,,,,,,,,,,,,,,,,,,,,,,,,,,,,,,,,,,,,,,,,,,,,,,,,,,,,,,,,,,,,,,,,,,,,,,,,,,,,,,,,,,,,,,,,,,,,,,,,,,,,,,,,,,,,,,,,,,,,,,,,
1764665238.494917,45897,0,4352.179688,4360.897461,4464.487305,4495,4367.307617,4487.692383,4505.641113,4359.871582,4547.436035,4390.256348,4473.974121,4475.256348,4542.94873,4378.846191,4368.333496,4486.794922,4498.589844,4513.846191,4494.230957,4368.717773,4365.769043,4528.205078,4472.05127,4453.461426,4341.410156,4542.692383,4339.871582,4505.128418,4478.717773,4357.05127,4476.282227,4452.436035,2705,1,25,2565,49490,,,,0,4,4,4,4,4,4,4,4,4,4,4,4,4,4,4,4,4,4,4,4,4,4,4,4,4,4,4,4,4,4,4,4,100,,,,,,,,,,,,,,,,,,,,,,,,,,,,,,,,,,,27858,0,0.263228,-0.598694,-0.734314,0.181824,0.988402,0.220242,0.057624,23.166666,27.333334,43.333332,,,,,,,,,,,,,,,,,,,,,,,,,,,,,,,,,,,,,,,,,,,,,,,,,,,,,,,,,,,,,,,,,,,,,,,,,,,,,,,,,,,,,,,,,,,,,,,,,,,,,,,,,,,,,,,,,,,,,,,,,,,,,,,,,,,,,,,,,,,,,,,,,,,,,,,,,,,,,,,,
1764665238.498823,45898,0,4356.410156,4366.922852,4468.333496,4497.820313,4369.871582,4491.538574,4507.05127,4359.358887,4550.897461,4383.461426,4475,4477.563965,4541.282227,4377.820313,4365.384766,4487.692383,4498.717773,4513.589844,4495,4366.666504,4368.205078,4529.871582,4474.615234,4454.358887,4339.230957,4543.846191,4342.692383,4508.717773,4479.871582,4362.563965,4481.282227,4457.563965,2273,1,25,2566,49498,,,,0,4,4,4,4,4,4,4,4,4,4,4,4,4,4,4,4,4,4,4,4,4,4,4,4,4,4,4,4,4,4,4,4,100,,,,,,,,,,,,,,,,,,,,,,,,,,,,,,,,,,,,,,,,,,,,,,,,,,,,,,,,,,,,,,,,,,,,,,,,,,,,,,,,,,,,,,,,,,,,,,,,,,,,,,,,,,,,,,,,,,,,,,,,,,,,,,,,,,,,,,,,,,,,,,,,,,,,,,,,,,,,,,,,,,,,,,,,,,,,,,,,,,,,,,,,,,,,,,,,,,,,,,,,,,,,,,
1764665238.502728,45899,0,4362.179688,4375.256348,4476.282227,4502.179688,4374.230957,4497.307617,4512.307617,4363.717773,4556.153809,4377.94873,4480.769043,4483.717773,4541.410156,4378.205078,4363.717773,4491.025879,4502.820313,4516.025879,4496.282227,4368.717773,4373.205078,4534.743652,4478.205078,4460.384766,4340.256348,4550.128418,4350.384766,4517.307617,4482.692383,4370.769043,4490,4467.436035,2692,1,25,2566,49498,,,,0,4,4,4,4,4,4,4,4,4,4,4,4,4,4,4,4,4,4,4,4,4,4,4,4,4,4,4,4,4,4,4,4,100,,,,,,,,,,,,,,,,,,,,,,,,,,,,,,,,,,,,,,,,,,,,,,,,,,,,,,,,,,,,,,,,,,,,,,,,,,,,,,,,,,,,,,,,,,,,,,,,,,,,,,,,,,,,,,,,,,,,,,,,,,,,,,,,,,,,,,,,,,,,,,,,,,,,,,,,,,,,,,,,,,,,,,,,,,,,,,,,,,,,,,,,,,,,,,,,,,,,,,,,,,,,,,
1764665238.506634,45900,0,4368.205078,4382.179688,4485.641113,4507.179688,4379.615234,4503.077148,4519.871582,4372.05127,4562.692383,4378.974121,4487.307617,4490.641113,4543.461426,4379.487305,4365.641113,4494.743652,4509.487305,4520.128418,4497.692383,4374.871582,4378.461426,4540.897461,4481.922852,4468.846191,4343.461426,4559.487305,4360.256348,4527.692383,4487.436035,4378.717773,4499.743652,4478.846191,2489,1,25,2567,49506,,,,0,4,4,4,4,4,4,4,4,4,4,4,4,4,4,4,4,4,4,4,4,4,4,4,4,4,4,4,4,4,4,4,4,100,,,,,,,,,,,,,,,,,,,,,,,,,,,,,,,,,,,,,,,,,,,,,,,,,,,,,,,,,,,,,,,,,,,,,,,,,,,,,,,,,,,,,,,,,,,,,,,,,,,,,,,,,,,,,,,,,,,,,,,,,,,,,,,,,,,,,,,,,,,,,,,,,,,,,,,,,,,,,,,,,,,,,,,,,,,,,,,,,,,,,,,,,,,,,,,,,,,,,,,,,,,,,,
1764665238.510540,45901,0,4373.205078,4385.512695,4492.692383,4511.666504,4384.358887,4507.05127,4527.05127,4380.384766,4568.846191,4387.94873,4489.487305,4495.256348,4547.05127,4380.769043,4370.384766,4496.794922,4516.666504,4524.230957,4500,4382.563965,4382.563965,4546.025879,4485.769043,4476.153809,4349.102539,4568.077148,4368.461426,4536.538574,4492.692383,4383.846191,4507.179688,4488.205078,2230,1,25,2567,49506,,,,0,4,4,4,4,4,4,4,4,4,4,4,4,4,4,4,4,4,4,4,4,4,4,4,4,4,4,4,4,4,4,4,4,100,,,,,,,,,,,,,,,,,,,,,,,,,,,,,,,,,,,27859,0,0.263034,-0.598816,-0.734314,0.181702,0.988402,0.220242,0.057624,25,28,44.666668,,,,,,,,,,,,,,,,,,,,,,,,,,,,,,,,,,,,,,,,,,,,,,,,,,,,,,,,,,,,,,,,,,,,,,,,,,,,,,,,,,,,,,,,,,,,,,,,,,,,,,,,,,,,,,,,,,,,,,,,,,,,,,,,,,,,,,,,,,,,,,,,,,,,,,,,,,,,,,,,
1764665238.514446,45902,0,4376.666504,4385.641113,4495.641113,4515.128418,4387.436035,4509.743652,4531.153809,4385,4572.94873,4401.025879,4485.897461,4496.282227,4551.153809,4381.153809,4375.384766,4496.538574,4522.307617,4527.05127,4502.820313,4387.820313,4385.256348,4548.846191,4490.512695,4479.871582,4357.05127,4573.205078,4372.436035,4541.666504,4497.05127,4385,4510.128418,4493.077148,2707,1,25,2568,49513,,,,0,4,4,4,4,4,4,4,4,4,4,4,4,4,4,4,4,4,4,4,4,4,4,4,4,4,4,4,4,4,4,4,4,100,,,,,,,,,,,,,,,,,,,,,,,,,,,,,,,,,,,,,,,,,,,,,,,,,,,,,,,,,,,,,,,,,,,,,,,,,,,,,,,,,,,,,,,,,,,,,,,,,,,,,,,,,,,,,,,,,,,,,,,,,,,,,,,,,,,,,,,,,,,,,,,,,,,,,,,,,,,,,,,,,,,,,,,,,,,,,,,,,,,,,,,,,,,,,,,,,,,,,,,,,,,,,,
1764665238.518351,45903,0,4378.589844,4384.743652,4494.871582,4517.05127,4388.974121,4512.307617,4531.922852,4384.871582,4573.717773,4411.025879,4479.487305,4495.256348,4554.230957,4380.256348,4377.563965,4493.974121,4525.512695,4527.820313,4504.487305,4387.563965,4386.282227,4549.230957,4496.282227,4479.743652,4366.922852,4574.102539,4372.307617,4542.94873,4499.358887,4383.717773,4509.230957,4493.461426,2492,1,25,2568,49513,,,,0,4,4,4,4,4,4,4,4,4,4,4,4,4,4,4,4,4,4,4,4,4,4,4,4,4,4,4,4,4,4,4,4,100,,,,,,,,,,,,,,,,,,,,,,,,,,,,,,,,,,,,,,,,,,,,,,,,,,,,,,,,,,,,,,,,,,,,,,,,,,,,,,,,,,,,,,,,,,,,,,,,,,,,,,,,,,,,,,,,,,,,,,,,,,,,,,,,,,,,,,,,,,,,,,,,,,,,,,,,,,,,,,,,,,,,,,,,,,,,,,,,,,,,,,,,,,,,,,,,,,,,,,,,,,,,,,
1764665238.522257,45904,0,4379.487305,4384.615234,4492.436035,4517.436035,4389.358887,4514.487305,4530.256348,4381.922852,4571.025879,4413.077148,4475,4494.871582,4554.871582,4378.589844,4375,4490.641113,4526.410156,4526.025879,4502.94873,4381.282227,4384.230957,4548.077148,4501.410156,4477.05127,4376.410156,4572.05127,4369.230957,4541.282227,4499.358887,4382.179688,4506.153809,4490.641113,2863,1,25,2569,49521,,,,0,4,4,4,4,4,4,4,4,4,4,4,4,4,4,4,4,4,4,4,4,4,4,4,4,4,4,4,4,4,4,4,4,100,,,,,,,,,,,,,,,,,,,,,,,,,,,,,,,,,,,,,,,,,,,,,,,,,,,,,,,,,,,,,,,,,,,,,,,,,,,,,,,,,,,,,,,,,,,,,,,,,,,,,,,,,,,,,,,,,,,,,,,,,,,,,,,,,,,,,,,,,,,,,,,,,,,,,,,,,,,,,,,,,,,,,,,,,,,,,,,,,,,,,,,,,,,,,,,,,,,,,,,,,,,,,,
1764665238.526163,45905,0,4379.743652,4385.512695,4489.871582,4516.410156,4388.717773,4515.384766,4528.077148,4379.230957,4565.769043,4407.94873,4475.256348,4496.666504,4552.563965,4377.05127,4368.077148,4487.563965,4526.025879,4521.794922,4497.820313,4371.025879,4378.333496,4546.666504,4503.461426,4473.333496,4382.05127,4568.846191,4365,4538.077148,4498.077148,4381.410156,4502.94873,4487.05127,2916,1,25,2569,49521,,,,0,4,4,4,4,4,4,4,4,4,4,4,4,4,4,4,4,4,4,4,4,4,4,4,4,4,4,4,4,4,4,4,4,100,,,,,,,,,,,,,,,,,,,,,,,,,,,,,,,,,,,27860,0,0.262969,-0.598938,-0.734253,0.181641,0.984007,0.207057,0.056648,23.666666,29,44.5,,,,,,,,,,,,,,,,,,,,,,,,,,,,,,,,,,,,,,,,,,,,,,,,,,,,,,,,,,,,,,,,,,,,,,,,,,,,,,,,,,,,,,,,,,,,,,,,,,,,,,,,,,,,,,,,,,,,,,,,,,,,,,,,,,,,,,,,,,,,,,,,,,,,,,,,,,,,,,,,
1764665238.530069,45906,0,4379.871582,4387.05127,4488.205078,4513.974121,4387.307617,4514.487305,4527.563965,4378.589844,4559.871582,4401.153809,4480.512695,4500.641113,4549.871582,4377.05127,4359.743652,4485.512695,4526.538574,4517.05127,4491.794922,4360.897461,4369.615234,4545.897461,4502.05127,4470.641113,4382.179688,4565.769043,4361.410156,4535.384766,4496.922852,4382.307617,4500.897461,4484.102539,1758,1,25,2570,49529,,,,0,4,4,4,4,4,4,4,4,4,4,4,4,4,4,4,4,4,4,4,4,4,4,4,4,4,4,4,4,4,4,4,4,100,,,,,,,,,,,,,,,,,,,,,,,,,,,,,,,,,,,,,,,,,,,,,,,,,,,,,,,,,,,,,,,,,,,,,,,,,,,,,,,,,,,,,,,,,,,,,,,,,,,,,,,,,,,,,,,,,,,,,,,,,,,,,,,,,,,,,,,,,,,,,,,,,,,,,,,,,,,,,,,,,,,,,,,,,,,,,,,,,,,,,,,,,,,,,,,,,,,,,,,,,,,,,,
1764665238.533974,45907,0,4381.538574,4388.974121,4487.692383,4510.769043,4385.641113,4513.333496,4530.256348,4380,4555.512695,4398.974121,4487.94873,4505.512695,4550.897461,4379.487305,4353.846191,4485.256348,4529.871582,4514.615234,4488.589844,4354.871582,4361.666504,4547.05127,4499.615234,4470.512695,4377.94873,4563.974121,4360.384766,4535.512695,4497.692383,4384.871582,4501.282227,4483.589844,2954,1,25,2570,49529,,,,0,4,4,4,4,4,4,4,4,4,4,4,4,4,4,4,4,4,4,4,4,4,4,4,4,4,4,4,4,4,4,4,4,100,,,,,,,,,,,,,,,,,,,,,,,,,,,,,,,,,,,,,,,,,,,,,,,,,,,,,,,,,,,,,,,,,,,,,,,,,,,,,,,,,,,,,,,,,,,,,,,,,,,,,,,,,,,,,,,,,,,,,,,,,,,,,,,,,,,,,,,,,,,,,,,,,,,,,,,,,,,,,,,,,,,,,,,,,,,,,,,,,,,,,,,,,,,,,,,,,,,,,,,,,,,,,,
1764665238.537880,45908,0,4385.769043,4391.666504,4488.589844,4508.205078,4384.743652,4513.846191,4536.410156,4382.307617,4554.743652,4403.461426,4494.487305,4510.256348,4557.563965,4383.461426,4353.077148,4487.436035,4536.538574,4516.538574,4490.256348,4354.743652,4358.589844,4551.282227,4500.128418,4474.230957,4372.94873,4564.230957,4363.077148,4540.128418,4500.897461,4389.102539,4504.230957,4485.769043,2517,1,25,2570,49537,,,,0,4,4,4,4,4,4,4,4,4,4,4,4,4,4,4,4,4,4,4,4,4,4,4,4,4,4,4,4,4,4,4,4,100,,,,,,,,,,,,,,,,,,,,,,,,,,,,,,,,,,,,,,,,,,,,,,,,,,,,,,,,,,,,,,,,,,,,,,,,,,,,,,,,,,,,,,,,,,,,,,,,,,,,,,,,,,,,,,,,,,,,,,,,,,,,,,,,,,,,,,,,,,,,,,,,,,,,,,,,,,,,,,,,,,,,,,,,,,,,,,,,,,,,,,,,,,,,,,,,,,,,,,,,,,,,,,
1764665238.541786,45909,0,4392.307617,4394.487305,4489.871582,4507.820313,4385,4516.153809,4544.358887,4383.974121,4557.179688,4410.512695,4498.205078,4514.358887,4568.333496,4387.179688,4356.922852,4492.307617,4544.871582,4522.05127,4495.384766,4358.846191,4361.666504,4558.077148,4505,4481.282227,4371.025879,4565.897461,4368.333496,4547.820313,4505.512695,4392.94873,4507.94873,4488.974121,2817,1,25,2570,49537,,,,0,4,4,4,4,4,4,4,4,4,4,4,4,4,4,4,4,4,4,4,4,4,4,4,4,4,4,4,4,4,4,4,4,100,,,,,,,,,,,,,,,,,,,,,,,,,,,,,,,,,,,27861,0,0.263139,-0.598938,-0.734192,0.181641,0.971798,0.209498,0.049811,23.666666,29,44.5,,,,,,,,,,,,,,,,,,,,,,,,,,,,,,,,,,,,,,,,,,,,,,,,,,,,,,,,,,,,,,,,,,,,,,,,,,,,,,,,,,,,,,,,,,,,,,,,,,,,,,,,,,,,,,,,,,,,,,,,,,,,,,,,,,,,,,,,,,,,,,,,,,,,,,,,,,,,,,,,
1764665238.545692,45910,0,4398.205078,4396.025879,4490.128418,4508.589844,4385.769043,4518.589844,4550.769043,4383.589844,4560,4412.820313,4499.230957,4517.820313,4577.820313,4388.589844,4361.666504,4498.205078,4551.922852,4527.820313,4500.256348,4363.205078,4368.974121,4565.256348,4512.436035,4488.589844,4372.94873,4567.05127,4373.333496,4554.871582,4509.487305,4393.974121,4509.102539,4490.384766,2929,1,25,2565,49545,,,,0,4,4,4,4,4,4,4,4,4,4,4,4,4,4,4,4,4,4,4,4,4,4,4,4,4,4,4,4,4,4,4,4,100,,,,,,,,,,,,,,,,,,,,,,,,,,,,,,,,,,,,,,,,,,,,,,,,,,,,,,,,,,,,,,,,,,,,,,,,,,,,,,,,,,,,,,,,,,,,,,,,,,,,,,,,,,,,,,,,,,,,,,,,,,,,,,,,,,,,,,,,,,,,,,,,,,,,,,,,,,,,,,,,,,,,,,,,,,,,,,,,,,,,,,,,,,,,,,,,,,,,,,,,,,,,,,
1764665238.549598,45911,0,4400,4394.871582,4487.692383,4508.461426,4385.128418,4519.230957,4552.692383,4381.153809,4560,4405.641113,4499.487305,4520.256348,4581.922852,4388.205078,4364.102539,4502.94873,4555.384766,4530.256348,4501.922852,4364.487305,4376.153809,4570,4517.820313,4492.692383,4376.922852,4566.153809,4374.615234,4557.563965,4510.769043,4390.641113,4505.512695,4487.563965,2840,1,25,2565,49545,,,,0,4,4,4,4,4,4,4,4,4,4,4,4,4,4,4,4,4,4,4,4,4,4,4,4,4,4,4,4,4,4,4,4,100,,,,,,,,,,,,,,,,,,,,,,,,,,,,,,,,,,,,,,,,,,,,,,,,,,,,,,,,,,,,,,,,,,,,,,,,,,,,,,,,,,,,,,,,,,,,,,,,,,,,,,,,,,,,,,,,,,,,,,,,,,,,,,,,,,,,,,,,,,,,,,,,,,,,,,,,,,,,,,,,,,,,,,,,,,,,,,,,,,,,,,,,,,,,,,,,,,,,,,,,,,,,,,
1764665238.553503,45912,0,4396.410156,4391.538574,4482.563965,4506.410156,4381.922852,4517.94873,4549.358887,4377.692383,4556.794922,4391.794922,4500.769043,4521.410156,4580.256348,4387.820313,4363.205078,4505.512695,4554.743652,4529.358887,4500,4362.563965,4380.256348,4570.769043,4518.461426,4492.563965,4380.512695,4563.333496,4371.025879,4554.871582,4508.717773,4384.743652,4498.974121,4481.794922,2763,1,25,2565,49552,,,,0,4,4,4,4,4,4,4,4,4,4,4,4,4,4,4,4,4,4,4,4,4,4,4,4,4,4,4,4,4,4,4,4,100,,,,,,,,,,,,,,,,,,,,,,,,,,,,,,,,,,,,,,,,,,,,,,,,,,,,,,,,,,,,,,,,,,,,,,,,,,,,,,,,,,,,,,,,,,,,,,,,,,,,,,,,,,,,,,,,,,,,,,,,,,,,,,,,,,,,,,,,,,,,,,,,,,,,,,,,,,,,,,,,,,,,,,,,,,,,,,,,,,,,,,,,,,,,,,,,,,,,,,,,,,,,,,
1764665238.557409,45913,0,4390,4388.589844,4476.794922,4503.589844,4377.307617,4515.512695,4543.077148,4374.871582,4553.205078,4379.743652,4503.205078,4521.922852,4576.282227,4388.589844,4360.769043,4506.666504,4552.436035,4528.333496,4497.94873,4361.025879,4381.666504,4569.615234,4515.256348,4490.897461,4382.692383,4560.512695,4364.615234,4549.743652,4504.871582,4380,4493.333496,4476.282227,2815,1,25,2565,49552,,,,0,4,4,4,4,4,4,4,4,4,4,4,4,4,4,4,4,4,4,4,4,4,4,4,4,4,4,4,4,4,4,4,4,100,,,,,,,,,,,,,,,,,,,,,,,,,,,,,,,,,,,27862,0,0.263139,-0.598938,-0.734192,0.181641,0.97717,0.206568,0.039556,24.5,29,44.166668,,,,,,,,,,,,,,,,,,,,,,,,,,,,,,,,,,,,,,,,,,,,,,,,,,,,,,,,,,,,,,,,,,,,,,,,,,,,,,,,,,,,,,,,,,,,,,,,,,,,,,,,,,,,,,,,,,,,,,,,,,,,,,,,,,,,,,,,,,,,,,,,,,,,,,,,,,,,,,,,
1764665238.561315,45914,0,4385.256348,4388.077148,4472.94873,4502.179688,4373.589844,4513.205078,4537.692383,4374.358887,4552.436035,4377.307617,4505.128418,4522.692383,4574.615234,4390.641113,4360.128418,4507.692383,4551.025879,4531.282227,4500,4363.717773,4383.717773,4569.615234,4511.922852,4490.769043,4384.615234,4560.128418,4359.871582,4546.282227,4500.769043,4378.717773,4492.179688,4474.358887,1950,1,25,2566,49560,,,,0,4,4,4,4,4,4,4,4,4,4,4,4,4,4,4,4,4,4,4,4,4,4,4,4,4,4,4,4,4,4,4,4,100,,,,,,,,,,,,,,,,,,,,,,,,,,,,,,,,,,,,,,,,,,,,,,,1.996673,2.079437,0.799301,0.517924,0.502933,3.421828,1.396008,0.925648,0.594668,0.555773,2.8744,1.11288,1.302467,0.830697,0.709687,1.889949,1.203745,1.621507,0.876689,0.573763,2.699419,1.197751,0.922044,0.559722,0.623215,2.418286,1.379516,0.77053,0.741482,0.505833,1.687234,2.037342,0.992045,0.807226,0.492902,1.501398,1.047429,0.789373,0.602777,0.593311,1.68221,0.944482,1.56971,0.649857,0.636864,1.94888,1.715398,2.150704,1.473694,0.755503,1.192211,0.988524,0.405095,0.400503,0.428583,1.948844,3.594725,0.798918,0.85013,0.461386,1.445209,3.591403,0.452695,0.51864,0.475537,0.831812,0.610193,0.420106,0.373625,0.351515,0.620806,1.05883,0.343974,0.41881,0.463915,0.619347,3.110435,0.20199,0.373452,0.392953,2.198025,6.776981,0.684079,0.627293,0.569451,1.286884,4.502077,0.470465,0.573044,0.560565,0.618512,2.786928,0.258274,0.234083,0.337591,1.078706,1.717918,0.421587,0.420872,0.495683,1.33748,1.968248,0.343832,0.481557,0.481617,1.742954,5.941821,0.732364,0.458809,0.44778,2.206433,3.696663,0.744112,0.586864,0.507207,1.416524,3.555228,0.42915,0.4604,0.542715,2.024213,3.467639,0.996585,0.65335,1.100495,2.234828,1.219616,0.534615,0.458023,0.545224,1.983564,2.072603,0.675969,0.677429,0.578117,2.382358,3.00336,0.833455,0.669352,0.539992,1.41195,0.965748,0.497492,0.333798,0.301635,2.718497,1.749534,0.805159,0.4946,0.572136,1.798798,1.518306,0.780417,0.717848,0.563591,2.287513,1.102472,1.21734,0.670972,0.649422
1764665238.565221,45915,0,4385,4389.743652,4472.692383,4502.94873,4372.692383,4511.922852,4535.897461,4376.410156,4554.615234,4384.615234,4504.871582,4524.102539,4576.538574,4393.589844,4363.333496,4509.487305,4551.666504,4539.358887,4507.563965,4372.307617,4389.102539,4573.205078,4511.282227,4493.717773,4386.666504,4563.205078,4359.871582,4546.666504,4497.820313,4380.897461,4495.641113,4476.666504,2635,1,25,2566,49560,,,,0,4,4,4,4,4,4,4,4,4,4,4,4,4,4,4,4,4,4,4,4,4,4,4,4,4,4,4,4,4,4,4,4,100,,,,,,,,,,,,,,,,,,,,,,,,,,,,,,,,,,,,,,,,,,,,,,,,,,,,,,,,,,,,,,,,,,,,,,,,,,,,,,,,,,,,,,,,,,,,,,,,,,,,,,,,,,,,,,,,,,,,,,,,,,,,,,,,,,,,,,,,,,,,,,,,,,,,,,,,,,,,,,,,,,,,,,,,,,,,,,,,,,,,,,,,,,,,,,,,,,,,,,,,,,,,,,
1764665238.569126,45916,0,4389.102539,4391.153809,4474.871582,4504.615234,4374.615234,4511.538574,4537.179688,4379.743652,4557.179688,4395,4501.922852,4524.743652,4580.641113,4397.05127,4370.897461,4512.820313,4553.846191,4549.871582,4518.333496,4384.230957,4398.077148,4579.615234,4512.692383,4498.333496,4387.820313,4568.974121,4364.615234,4550.128418,4496.922852,4384.230957,4501.538574,4481.410156,2691,1,25,2566,49568,,,,0,4,4,4,4,4,4,4,4,4,4,4,4,4,4,4,4,4,4,4,4,4,4,4,4,4,4,4,4,4,4,4,4,100,,,,,,,,,,,,,,,,,,,,,,,,,,,,,,,,,,,,,,,,,,,,,,,,,,,,,,,,,,,,,,,,,,,,,,,,,,,,,,,,,,,,,,,,,,,,,,,,,,,,,,,,,,,,,,,,,,,,,,,,,,,,,,,,,,,,,,,,,,,,,,,,,,,,,,,,,,,,,,,,,,,,,,,,,,,,,,,,,,,,,,,,,,,,,,,,,,,,,,,,,,,,,,
1764665238.573032,45917,0,4394.102539,4390.641113,4477.179688,4505.897461,4378.077148,4511.538574,4539.615234,4382.563965,4557.820313,4400.641113,4497.820313,4523.589844,4583.461426,4401.410156,4381.666504,4517.94873,4556.282227,4558.846191,4527.692383,4395.641113,4407.94873,4586.153809,4513.589844,4502.563965,4387.179688,4574.615234,4371.282227,4553.717773,4498.461426,4386.153809,4506.922852,4485.512695,2510,1,25,2566,49568,,,,0,4,4,4,4,4,4,4,4,4,4,4,4,4,4,4,4,4,4,4,4,4,4,4,4,4,4,4,4,4,4,4,4,100,,,,,,,,,,,,,,,,,,,,,,,,,,,,,,,,,,,27863,0,0.263066,-0.598877,-0.734253,0.181702,0.976682,0.211452,0.060554,23.833334,28.333334,43.5,,,,,,,,,,,,,,,,,,,,,,,,,,,,,,,,,,,,,,,,,,,,,,,,,,,,,,,,,,,,,,,,,,,,,,,,,,,,,,,,,,,,,,,,,,,,,,,,,,,,,,,,,,,,,,,,,,,,,,,,,,,,,,,,,,,,,,,,,,,,,,,,,,,,,,,,,,,,,,,,
1764665238.576938,45918,0,4396.153809,4388.205078,4477.94873,4506.153809,4381.153809,4511.025879,4541.410156,4383.589844,4556.025879,4399.615234,4494.230957,4520.384766,4582.820313,4406.282227,4392.436035,4523.333496,4556.922852,4563.589844,4532.05127,4403.077148,4415.128418,4588.974121,4512.05127,4504.358887,4385.384766,4577.820313,4376.025879,4554.358887,4501.025879,4385.512695,4509.743652,4486.794922,2657,1,25,2563,49576,,,,0,4,4,4,4,4,4,4,4,4,4,4,4,4,4,4,4,4,4,4,4,4,4,4,4,4,4,4,4,4,4,4,4,100,,,,,,,,,,,,,,,,,,,,,,,,,,,,,,,,,,,,,,,,,,,,,,,,,,,,,,,,,,,,,,,,,,,,,,,,,,,,,,,,,,,,,,,,,,,,,,,,,,,,,,,,,,,,,,,,,,,,,,,,,,,,,,,,,,,,,,,,,,,,,,,,,,,,,,,,,,,,,,,,,,,,,,,,,,,,,,,,,,,,,,,,,,,,,,,,,,,,,,,,,,,,,,
1764665238.580844,45919,0,4392.820313,4384.487305,4477.179688,4505.641113,4382.05127,4509.230957,4541.025879,4382.692383,4554.102539,4395.641113,4492.307617,4515.512695,4578.846191,4410.128418,4399.871582,4526.282227,4554.615234,4563.461426,4530.512695,4405.384766,4416.794922,4585.256348,4507.436035,4502.179688,4383.333496,4577.179688,4376.410156,4550.128418,4502.307617,4382.307617,4508.333496,4484.487305,2829,1,25,2563,49576,,,,0,4,4,4,4,4,4,4,4,4,4,4,4,4,4,4,4,4,4,4,4,4,4,4,4,4,4,4,4,4,4,4,4,100,,,,,,,,,,,,,,,,,,,,,,,,,,,,,,,,,,,,,,,,,,,,,,,,,,,,,,,,,,,,,,,,,,,,,,,,,,,,,,,,,,,,,,,,,,,,,,,,,,,,,,,,,,,,,,,,,,,,,,,,,,,,,,,,,,,,,,,,,,,,,,,,,,,,,,,,,,,,,,,,,,,,,,,,,,,,,,,,,,,,,,,,,,,,,,,,,,,,,,,,,,,,,,
1764665238.584750,45920,0,4384.615234,4380.641113,4476.025879,4504.871582,4380.128418,4506.410156,4537.179688,4379.871582,4553.846191,4393.974121,4491.794922,4510.256348,4572.820313,4410.384766,4401.922852,4524.743652,4548.205078,4559.102539,4524.743652,4403.461426,4411.922852,4576.282227,4500.384766,4495.897461,4380.512695,4573.333496,4371.794922,4542.307617,4500.384766,4377.692383,4503.461426,4479.230957,2761,1,25,2563,49584,,,,0,4,4,4,4,4,4,4,4,4,4,4,4,4,4,4,4,4,4,4,4,4,4,4,4,4,4,4,4,4,4,4,4,100,,,,,,,,,,,,,,,,,,,,,,,,,,,,,,,,,,,,,,,,,,,,,,,,,,,,,,,,,,,,,,,,,,,,,,,,,,,,,,,,,,,,,,,,,,,,,,,,,,,,,,,,,,,,,,,,,,,,,,,,,,,,,,,,,,,,,,,,,,,,,,,,,,,,,,,,,,,,,,,,,,,,,,,,,,,,,,,,,,,,,,,,,,,,,,,,,,,,,,,,,,,,,,
1764665238.588655,45921,0,4374.871582,4376.794922,4475.897461,4504.487305,4376.666504,4503.205078,4530.128418,4375.641113,4555.384766,4395.384766,4491.282227,4505.641113,4566.538574,4405.641113,4398.333496,4518.461426,4538.077148,4551.794922,4517.563965,4399.230957,4402.436035,4565.769043,4492.692383,4486.794922,4374.871582,4568.461426,4363.846191,4533.974121,4495.512695,4372.820313,4497.692383,4473.717773,2916,1,25,2563,49584,,,,0,4,4,4,4,4,4,4,4,4,4,4,4,4,4,4,4,4,4,4,4,4,4,4,4,4,4,4,4,4,4,4,4,100,,,,,,,,,,,,,,,,,,,,,,,,,,,,,,,,,,,27864,0,0.263236,-0.598877,-0.734192,0.181702,0.97131,0.220242,0.061043,24.666666,28.333334,42.666668,,,,,,,,,,,,,,,,,,,,,,,,,,,,,,,,,,,,,,,,,,,,,,,,,,,,,,,,,,,,,,,,,,,,,,,,,,,,,,,,,,,,,,,,,,,,,,,,,,,,,,,,,,,,,,,,,,,,,,,,,,,,,,,,,,,,,,,,,,,,,,,,,,,,,,,,,,,,,,,,
1764665238.592561,45922,0,4367.436035,4373.205078,4477.179688,4504.871582,4373.461426,4500.128418,4521.922852,4371.153809,4556.666504,4395.512695,4489.230957,4502.179688,4560.128418,4396.794922,4391.025879,4509.871582,4526.153809,4543.333496,4511.666504,4394.230957,4391.794922,4557.05127,4485.897461,4477.692383,4365.256348,4565.512695,4356.282227,4527.820313,4489.743652,4368.589844,4493.461426,4470.512695,2601,1,25,2564,49592,,,,0,4,4,4,4,4,4,4,4,4,4,4,4,4,4,4,4,4,4,4,4,4,4,4,4,4,4,4,4,4,4,4,4,100,,,,,,,,,,,,,,,,,,,,,,,,,,,,,,,,,,,,,,,,,,,,,,,,,,,,,,,,,,,,,,,,,,,,,,,,,,,,,,,,,,,,,,,,,,,,,,,,,,,,,,,,,,,,,,,,,,,,,,,,,,,,,,,,,,,,,,,,,,,,,,,,,,,,,,,,,,,,,,,,,,,,,,,,,,,,,,,,,,,,,,,,,,,,,,,,,,,,,,,,,,,,,,
1764665238.596467,45923,0,4363.077148,4369.102539,4478.461426,4505,4371.666504,4496.538574,4514.871582,4366.922852,4554.743652,4390.512695,4484.743652,4498.717773,4552.820313,4386.282227,4382.436035,4501.153809,4515.256348,4534.871582,4507.05127,4388.589844,4382.94873,4550.128418,4480.897461,4470.512695,4353.077148,4565,4351.922852,4524.487305,4484.743652,4364.487305,4491.538574,4469.615234,2851,1,25,2564,49592,,,,0,4,4,4,4,4,4,4,4,4,4,4,4,4,4,4,4,4,4,4,4,4,4,4,4,4,4,4,4,4,4,4,4,100,,,,,,,,,,,,,,,,,,,,,,,,,,,,,,,,,,,,,,,,,,,,,,,,,,,,,,,,,,,,,,,,,,,,,,,,,,,,,,,,,,,,,,,,,,,,,,,,,,,,,,,,,,,,,,,,,,,,,,,,,,,,,,,,,,,,,,,,,,,,,,,,,,,,,,,,,,,,,,,,,,,,,,,,,,,,,,,,,,,,,,,,,,,,,,,,,,,,,,,,,,,,,,
1764665238.600373,45924,0,4360.128418,4363.717773,4477.436035,4502.563965,4370.384766,4491.410156,4509.230957,4362.94873,4548.205078,4380.769043,4478.205078,4494.230957,4544.358887,4377.563965,4374.102539,4493.205078,4506.794922,4526.410156,4502.436035,4381.794922,4376.922852,4542.820313,4477.563965,4465.512695,4341.794922,4565.128418,4350.769043,4522.05127,4481.025879,4359.230957,4489.871582,4468.846191,2743,1,25,2565,49599,,,,0,4,4,4,4,4,4,4,4,4,4,4,4,4,4,4,4,4,4,4,4,4,4,4,4,4,4,4,4,4,4,4,4,100,,,,,,,,,,,,,,,,,,,,,,,,,,,,,,,,,,,,,,,,,,,,,,,,,,,,,,,,,,,,,,,,,,,,,,,,,,,,,,,,,,,,,,,,,,,,,,,,,,,,,,,,,,,,,,,,,,,,,,,,,,,,,,,,,,,,,,,,,,,,,,,,,,,,,,,,,,,,,,,,,,,,,,,,,,,,,,,,,,,,,,,,,,,,,,,,,,,,,,,,,,,,,,
1764665238.604278,45925,0,4356.794922,4358.589844,4473.205078,4496.666504,4368.717773,4485.769043,4505.384766,4359.615234,4539.230957,4372.436035,4472.94873,4489.230957,4536.410156,4373.333496,4366.922852,4486.922852,4501.794922,4518.461426,4497.179688,4374.871582,4372.94873,4534.871582,4475.384766,4461.922852,4336.410156,4563.717773,4351.282227,4518.717773,4478.205078,4353.205078,4487.307617,4467.179688,2786,1,25,2565,49599,,,,0,4,4,4,4,4,4,4,4,4,4,4,4,4,4,4,4,4,4,4,4,4,4,4,4,4,4,4,4,4,4,4,4,100,,,,,,,,,,,,,,,,,,,,,,,,,,,,,,,,,,,27865,0,0.263108,-0.598877,-0.734253,0.181641,0.970333,0.218777,0.042974,24.833334,27.333334,44.166668,,,,,,,,,,,,,,,,,,,,,,,,,,,,,,,,,,,,,,,,,,,,,,,,,,,,,,,,,,,,,,,,,,,,,,,,,,,,,,,,,,,,,,,,,,,,,,,,,,,,,,,,,,,,,,,,,,,,,,,,,,,,,,,,,,,,,,,,,,,,,,,,,,,,,,,,,,,,,,,,
1764665238.608184,45926,0,4354.487305,4356.922852,4468.974121,4490.384766,4367.94873,4483.461426,4505,4358.717773,4533.717773,4372.692383,4473.077148,4487.563965,4533.077148,4375,4363.077148,4483.589844,4501.666504,4512.692383,4492.436035,4370.512695,4370.897461,4529.358887,4475.769043,4460.641113,4340.769043,4562.179688,4353.589844,4516.153809,4477.563965,4350.128418,4486.025879,4466.666504,2784,1,25,2566,49607,,,,0,4,4,4,4,4,4,4,4,4,4,4,4,4,4,4,4,4,4,4,4,4,4,4,4,4,4,4,4,4,4,4,4,100,,,,,,,,,,,,,,,,,,,,,,,,,,,,,,,,,,,,,,,,,,,,,,,,,,,,,,,,,,,,,,,,,,,,,,,,,,,,,,,,,,,,,,,,,,,,,,,,,,,,,,,,,,,,,,,,,,,,,,,,,,,,,,,,,,,,,,,,,,,,,,,,,,,,,,,,,,,,,,,,,,,,,,,,,,,,,,,,,,,,,,,,,,,,,,,,,,,,,,,,,,,,,,
1764665238.612090,45927,0,4357.307617,4362.05127,4469.743652,4489.102539,4371.153809,4488.205078,4510.512695,4363.077148,4536.794922,4383.846191,4480.512695,4493.461426,4537.563965,4381.794922,4365,4485.384766,4507.179688,4511.922852,4490.641113,4372.307617,4371.538574,4530.128418,4480.128418,4463.717773,4355.384766,4563.846191,4358.717773,4518.205078,4480.384766,4353.974121,4490.256348,4470.384766,2981,1,25,2566,49607,,,,0,4,4,4,4,4,4,4,4,4,4,4,4,4,4,4,4,4,4,4,4,4,4,4,4,4,4,4,4,4,4,4,4,100,,,,,,,,,,,,,,,,,,,,,,,,,,,,,,,,,,,,,,,,,,,,,,,,,,,,,,,,,,,,,,,,,,,,,,,,,,,,,,,,,,,,,,,,,,,,,,,,,,,,,,,,,,,,,,,,,,,,,,,,,,,,,,,,,,,,,,,,,,,,,,,,,,,,,,,,,,,,,,,,,,,,,,,,,,,,,,,,,,,,,,,,,,,,,,,,,,,,,,,,,,,,,,
1764665238.615996,45928,0,4366.666504,4373.846191,4478.077148,4496.666504,4380.256348,4500.384766,4521.153809,4373.077148,4549.102539,4401.666504,4492.307617,4507.05127,4548.717773,4390.641113,4372.820313,4492.563965,4517.307617,4516.794922,4493.461426,4380,4375,4538.205078,4488.205078,4471.922852,4375.641113,4570.641113,4367.179688,4527.307617,4486.922852,4365.512695,4501.025879,4479.358887,2863,1,25,2567,49615,,,,0,4,4,4,4,4,4,4,4,4,4,4,4,4,4,4,4,4,4,4,4,4,4,4,4,4,4,4,4,4,4,4,4,100,,,,,,,,,,,,,,,,,,,,,,,,,,,,,,,,,,,,,,,,,,,,,,,,,,,,,,,,,,,,,,,,,,,,,,,,,,,,,,,,,,,,,,,,,,,,,,,,,,,,,,,,,,,,,,,,,,,,,,,,,,,,,,,,,,,,,,,,,,,,,,,,,,,,,,,,,,,,,,,,,,,,,,,,,,,,,,,,,,,,,,,,,,,,,,,,,,,,,,,,,,,,,,
1764665238.619901,45929,0,4379.871582,4388.205078,4491.410156,4510.512695,4393.461426,4515.256348,4533.077148,4385.641113,4565.512695,4417.179688,4503.461426,4522.179688,4560.769043,4397.563965,4382.307617,4501.922852,4528.589844,4524.230957,4499.230957,4388.974121,4379.358887,4549.743652,4497.563965,4482.179688,4393.333496,4580.897461,4376.922852,4540.769043,4494.615234,4380,4514.358887,4490.512695,2715,1,25,2567,49615,,,,0,4,4,4,4,4,4,4,4,4,4,4,4,4,4,4,4,4,4,4,4,4,4,4,4,4,4,4,4,4,4,4,4,100,,,,,,,,,,,,,,,,,,,,,,,,,,,,,,,,,,,27866,0,0.263108,-0.598877,-0.734253,0.181641,0.972775,0.222683,0.044927,25.666666,27.833334,43.333332,,,,,,,,,,,,,,,,,,,,,,,,,,,,,,,,,,,,,,,,,,,,,,,,,,,,,,,,,,,,,,,,,,,,,,,,,,,,,,,,,,,,,,,,,,,,,,,,,,,,,,,,,,,,,,,,,,,,,,,,,,,,,,,,,,,,,,,,,,,,,,,,,,,,,,,,,,,,,,,,
1764665238.623807,45930,0,4391.153809,4399.102539,4503.461426,4523.846191,4405.512695,4527.307617,4541.153809,4395.256348,4578.333496,4423.333496,4509.358887,4531.025879,4567.692383,4399.487305,4387.820313,4507.94873,4537.179688,4529.743652,4503.974121,4393.205078,4381.666504,4558.333496,4504.358887,4489.743652,4402.307617,4589.615234,4384.358887,4552.563965,4500.256348,4390.897461,4523.974121,4499.358887,2281,1,25,2568,49623,,,,0,4,4,4,4,4,4,4,4,4,4,4,4,4,4,4,4,4,4,4,4,4,4,4,4,4,4,4,4,4,4,4,4,100,,,,,,,,,,,,,,,,,,,,,,,,,,,,,,,,,,,,,,,,,,,,,,,,,,,,,,,,,,,,,,,,,,,,,,,,,,,,,,,,,,,,,,,,,,,,,,,,,,,,,,,,,,,,,,,,,,,,,,,,,,,,,,,,,,,,,,,,,,,,,,,,,,,,,,,,,,,,,,,,,,,,,,,,,,,,,,,,,,,,,,,,,,,,,,,,,,,,,,,,,,,,,,
1764665238.627713,45931,0,4395.384766,4402.436035,4508.461426,4529.487305,4411.410156,4532.179688,4542.05127,4397.307617,4582.820313,4418.974121,4508.077148,4529.230957,4566.922852,4395.256348,4385.512695,4506.282227,4540.512695,4529.615234,4503.846191,4389.487305,4378.974121,4559.615234,4505.641113,4491.153809,4401.666504,4592.692383,4386.410156,4557.307617,4501.922852,4393.974121,4525.897461,4502.692383,2692,1,25,2568,49623,,,,0,4,4,4,4,4,4,4,4,4,4,4,4,4,4,4,4,4,4,4,4,4,4,4,4,4,4,4,4,4,4,4,4,100,,,,,,,,,,,,,,,,,,,,,,,,,,,,,,,,,,,,,,,,,,,,,,,,,,,,,,,,,,,,,,,,,,,,,,,,,,,,,,,,,,,,,,,,,,,,,,,,,,,,,,,,,,,,,,,,,,,,,,,,,,,,,,,,,,,,,,,,,,,,,,,,,,,,,,,,,,,,,,,,,,,,,,,,,,,,,,,,,,,,,,,,,,,,,,,,,,,,,,,,,,,,,,
1764665238.631619,45932,0,4392.05127,4398.717773,4505.128418,4525.512695,4409.230957,4528.974121,4536.538574,4391.025879,4578.846191,4408.205078,4500.512695,4519.358887,4560.897461,4386.666504,4375.769043,4497.436035,4538.461426,4523.974121,4498.077148,4379.487305,4371.282227,4554.102539,4501.153809,4486.666504,4394.743652,4589.230957,4382.820313,4553.717773,4500.256348,4389.358887,4520.512695,4500.256348,2491,1,25,2569,49631,,,,0,4,4,4,4,4,4,4,4,4,4,4,4,4,4,4,4,4,4,4,4,4,4,4,4,4,4,4,4,4,4,4,4,100,,,,,,,,,,,,,,,,,,,,,,,,,,,,,,,,,,,,,,,,,,,,,,,,,,,,,,,,,,,,,,,,,,,,,,,,,,,,,,,,,,,,,,,,,,,,,,,,,,,,,,,,,,,,,,,,,,,,,,,,,,,,,,,,,,,,,,,,,,,,,,,,,,,,,,,,,,,,,,,,,,,,,,,,,,,,,,,,,,,,,,,,,,,,,,,,,,,,,,,,,,,,,,
1764665238.635525,45933,0,4384.871582,4392.179688,4497.05127,4515.769043,4401.794922,4520.897461,4528.589844,4380.128418,4571.153809,4397.05127,4490.641113,4509.358887,4555.128418,4377.94873,4363.589844,4486.666504,4534.487305,4516.282227,4490.512695,4368.717773,4362.179688,4547.307617,4494.871582,4479.743652,4386.410156,4581.922852,4376.410156,4546.025879,4497.692383,4381.666504,4512.692383,4494.358887,2232,1,25,2569,49631,,,,0,4,4,4,4,4,4,4,4,4,4,4,4,4,4,4,4,4,4,4,4,4,4,4,4,4,4,4,4,4,4,4,4,100,,,,,,,,,,,,,,,,,,,,,,,,,,,,,,,,,,,27867,0,0.263247,-0.598816,-0.734253,0.181641,0.972775,0.222683,0.044927,23.166666,29.833334,45,,,,,,,,,,,,,,,,,,,,,,,,,,,,,,,,,,,,,,,,,,,,,,,,,,,,,,,,,,,,,,,,,,,,,,,,,,,,,,,,,,,,,,,,,,,,,,,,,,,,,,,,,,,,,,,,,,,,,,,,,,,,,,,,,,,,,,,,,,,,,,,,,,,,,,,,,,,,,,,,
1764665238.639430,45934,1,4387.307617,4394.829102,4496.367676,4515.726563,4401.282227,4520.769043,4532.265137,4380.427246,4570.897461,4398.205078,4490.98291,4515.98291,4561.96582,4380.683594,4363.589844,4491.282227,4540.384766,4519.572754,4494.572754,4371.538574,4365.170898,4555,4501.453125,4482.991211,4386.751953,4580.213867,4377.905762,4550.641113,4500.555664,4384.187988,4513.803223,4492.136719,0,1,25,0,0,,,,0,4,4,4,4,4,4,4,4,4,4,4,4,4,4,4,4,4,4,4,4,4,4,4,4,4,4,4,4,4,4,4,4,100,,,,,,,,,,,,,,,,,,,,,,,,,,,,,,,,,,,,,,,,,,,,,,,,,,,,,,,,,,,,,,,,,,,,,,,,,,,,,,,,,,,,,,,,,,,,,,,,,,,,,,,,,,,,,,,,,,,,,,,,,,,,,,,,,,,,,,,,,,,,,,,,,,,,,,,,,,,,,,,,,,,,,,,,,,,,,,,,,,,,,,,,,,,,,,,,,,,,,,,,,,,,,,
1764665238.643336,45935,1,4389.743652,4397.478516,4495.683594,4515.683594,4400.769043,4520.641113,4535.939941,4380.726563,4570.641113,4399.358887,4491.324707,4522.606934,4568.803223,4383.418945,4363.589844,4495.897461,4546.282227,4522.863281,4498.632324,4374.358887,4368.162598,4562.692383,4508.03418,4486.239258,4387.094238,4578.504395,4379.401855,4555.256348,4503.418945,4386.709473,4514.914551,4489.914551,0,1,25,0,0,,,,0,4,4,4,4,4,4,4,4,4,4,4,4,4,4,4,4,4,4,4,4,4,4,4,4,4,4,4,4,4,4,4,4,100,,,,,,,,,,,,,,,,,,,,,,,,,,,,,,,,,,,,,,,,,,,,,,,,,,,,,,,,,,,,,,,,,,,,,,,,,,,,,,,,,,,,,,,,,,,,,,,,,,,,,,,,,,,,,,,,,,,,,,,,,,,,,,,,,,,,,,,,,,,,,,,,,,,,,,,,,,,,,,,,,,,,,,,,,,,,,,,,,,,,,,,,,,,,,,,,,,,,,,,,,,,,,,
1764665238.647242,45936,0,4392.179688,4400.128418,4495,4515.641113,4400.256348,4520.512695,4539.615234,4381.025879,4570.384766,4400.512695,4491.666504,4529.230957,4575.641113,4386.153809,4363.589844,4500.512695,4552.179688,4526.153809,4502.692383,4377.179688,4371.153809,4570.384766,4514.615234,4489.487305,4387.436035,4576.794922,4380.897461,4559.871582,4506.282227,4389.230957,4516.025879,4487.692383,2864,1,25,2571,49646,,,,0,4,4,4,4,4,4,4,4,4,4,4,4,4,4,4,4,4,4,4,4,4,4,4,4,4,4,4,4,4,4,4,4,100,,,,,,,,,,,,,,,,,,,,,,,,,,,,,,,,,,,,,,,,,,,,,,,,,,,,,,,,,,,,,,,,,,,,,,,,,,,,,,,,,,,,,,,,,,,,,,,,,,,,,,,,,,,,,,,,,,,,,,,,,,,,,,,,,,,,,,,,,,,,,,,,,,,,,,,,,,,,,,,,,,,,,,,,,,,,,,,,,,,,,,,,,,,,,,,,,,,,,,,,,,,,,,
1764665238.651148,45937,0,4405.256348,4410.641113,4505.512695,4527.563965,4409.358887,4530.128418,4553.077148,4395.128418,4578.333496,4412.436035,4503.461426,4542.692383,4589.487305,4395.512695,4373.333496,4517.436035,4567.05127,4541.282227,4515.128418,4389.743652,4385,4587.692383,4530.384766,4504.358887,4398.333496,4583.333496,4391.922852,4576.153809,4512.692383,4402.05127,4524.487305,4492.436035,2904,1,25,2571,49646,,,,0,4,4,4,4,4,4,4,4,4,4,4,4,4,4,4,4,4,4,4,4,4,4,4,4,4,4,4,4,4,4,4,4,100,,,,,,,,,,,,,,,,,,,,,,,,,,,,,,,,,,,27868,0,0.263375,-0.598816,-0.734192,0.181702,0.969845,0.212428,0.053717,23.5,29.166666,43.833332,,,,,,,,,,,,,,,,,,,,,,,,,,,,,,,,,,,,,,,,,,,,,,,,,,,,,,,,,,,,,,,,,,,,,,,,,,,,,,,,,,,,,,,,,,,,,,,,,,,,,,,,,,,,,,,,,,,,,,,,,,,,,,,,,,,,,,,,,,,,,,,,,,,,,,,,,,,,,,,,
1764665238.655053,45938,0,4415.128418,4418.974121,4516.153809,4536.922852,4417.436035,4537.820313,4562.05127,4407.692383,4586.025879,4422.436035,4514.358887,4549.615234,4598.717773,4401.538574,4380.256348,4529.487305,4578.589844,4554.102539,4524.358887,4398.846191,4397.05127,4599.102539,4541.282227,4517.563965,4410.512695,4590.512695,4402.307617,4587.94873,4517.05127,4413.333496,4532.436035,4499.743652,1762,1,25,2566,49654,,,,0,4,4,4,4,4,4,4,4,4,4,4,4,4,4,4,4,4,4,4,4,4,4,4,4,4,4,4,4,4,4,4,4,100,,,,,,,,,,,,,,,,,,,,,,,,,,,,,,,,,,,,,,,,,,,,,,,,,,,,,,,,,,,,,,,,,,,,,,,,,,,,,,,,,,,,,,,,,,,,,,,,,,,,,,,,,,,,,,,,,,,,,,,,,,,,,,,,,,,,,,,,,,,,,,,,,,,,,,,,,,,,,,,,,,,,,,,,,,,,,,,,,,,,,,,,,,,,,,,,,,,,,,,,,,,,,,
1764665238.658959,45939,0,4418.205078,4423.077148,4523.205078,4540.128418,4421.666504,4541.410156,4563.717773,4413.717773,4591.410156,4426.282227,4520.769043,4549.102539,4601.410156,4403.717773,4383.077148,4532.94873,4583.077148,4560.128418,4528.077148,4401.666504,4404.230957,4601.794922,4543.974121,4525,4419.871582,4596.538574,4409.230957,4591.666504,4518.461426,4420.384766,4539.358887,4508.205078,2955,1,25,2566,49654,,,,0,4,4,4,4,4,4,4,4,4,4,4,4,4,4,4,4,4,4,4,4,4,4,4,4,4,4,4,4,4,4,4,4,100,,,,,,,,,,,,,,,,,,,,,,,,,,,,,,,,,,,,,,,,,,,,,,,,,,,,,,,,,,,,,,,,,,,,,,,,,,,,,,,,,,,,,,,,,,,,,,,,,,,,,,,,,,,,,,,,,,,,,,,,,,,,,,,,,,,,,,,,,,,,,,,,,,,,,,,,,,,,,,,,,,,,,,,,,,,,,,,,,,,,,,,,,,,,,,,,,,,,,,,,,,,,,,
1764665238.662865,45940,0,4414.871582,4423.717773,4525.128418,4538.205078,4422.436035,4541.282227,4560.128418,4413.333496,4593.205078,4423.974121,4521.922852,4544.615234,4598.589844,4403.461426,4383.717773,4528.846191,4580.256348,4558.974121,4527.307617,4399.615234,4406.538574,4598.717773,4539.743652,4526.538574,4423.589844,4600.641113,4411.922852,4589.230957,4517.692383,4422.94873,4545.384766,4515.769043,2518,1,25,2566,49662,,,,0,4,4,4,4,4,4,4,4,4,4,4,4,4,4,4,4,4,4,4,4,4,4,4,4,4,4,4,4,4,4,4,4,100,,,,,,,,,,,,,,,,,,,,,,,,,,,,,,,,,,,,,,,,,,,,,,,,,,,,,,,,,,,,,,,,,,,,,,,,,,,,,,,,,,,,,,,,,,,,,,,,,,,,,,,,,,,,,,,,,,,,,,,,,,,,,,,,,,,,,,,,,,,,,,,,,,,,,,,,,,,,,,,,,,,,,,,,,,,,,,,,,,,,,,,,,,,,,,,,,,,,,,,,,,,,,,
1764665238.666771,45941,0,4408.846191,4422.94873,4522.436035,4535.256348,4421.410156,4539.230957,4556.282227,4410.512695,4591.538574,4419.487305,4519.743652,4540.256348,4593.846191,4402.436035,4385,4522.436035,4573.717773,4554.487305,4525,4396.410156,4406.410156,4594.871582,4532.820313,4524.102539,4422.563965,4602.692383,4411.410156,4585.128418,4516.410156,4422.436035,4549.487305,4520.128418,2820,1,25,2566,49662,,,,0,4,4,4,4,4,4,4,4,4,4,4,4,4,4,4,4,4,4,4,4,4,4,4,4,4,4,4,4,4,4,4,4,100,,,,,,,,,,,,,,,,,,,,,,,,,,,,,,,,,,,27869,0,0.263205,-0.598816,-0.734253,0.181702,0.966915,0.206568,0.046392,23.5,28.333334,46.333332,,,,,,,,,,,,,,,,,,,,,,,,,,,,,,,,,,,,,,,,,,,,,,,,,,,,,,,,,,,,,,,,,,,,,,,,,,,,,,,,,,,,,,,,,,,,,,,,,,,,,,,,,,,,,,,,,,,,,,,,,,,,,,,,,,,,,,,,,,,,,,,,,,,,,,,,,,,,,,,,
1764665238.670677,45942,0,4403.589844,4422.563965,4517.436035,4534.871582,4420.512695,4536.794922,4555.641113,4409.358887,4587.05127,4417.563965,4516.410156,4538.205078,4590.384766,4401.538574,4388.077148,4518.846191,4567.692383,4552.179688,4523.974121,4395.512695,4406.922852,4592.94873,4527.563965,4520.897461,4419.615234,4601.794922,4409.230957,4582.692383,4516.025879,4420.512695,4550.128418,4519.102539,2933,1,25,2567,49670,,,,0,4,4,4,4,4,4,4,4,4,4,4,4,4,4,4,4,4,4,4,4,4,4,4,4,4,4,4,4,4,4,4,4,100,,,,,,,,,,,,,,,,,,,,,,,,,,,,,,,,,,,,,,,,,,,,,,,,,,,,,,,,,,,,,,,,,,,,,,,,,,,,,,,,,,,,,,,,,,,,,,,,,,,,,,,,,,,,,,,,,,,,,,,,,,,,,,,,,,,,,,,,,,,,,,,,,,,,,,,,,,,,,,,,,,,,,,,,,,,,,,,,,,,,,,,,,,,,,,,,,,,,,,,,,,,,,,
1764665238.674582,45943,0,4400.384766,4422.307617,4512.692383,4536.922852,4419.615234,4534.615234,4557.563965,4410.641113,4581.922852,4419.871582,4514.102539,4536.922852,4589.230957,4400.897461,4391.794922,4520.384766,4565,4554.487305,4524.615234,4397.820313,4408.589844,4591.922852,4524.743652,4518.205078,4416.794922,4597.94873,4407.179688,4582.05127,4516.666504,4418.333496,4546.794922,4513.205078,2846,1,25,2567,49670,,,,0,4,4,4,4,4,4,4,4,4,4,4,4,4,4,4,4,4,4,4,4,4,4,4,4,4,4,4,4,4,4,4,4,100,,,,,,,,,,,,,,,,,,,,,,,,,,,,,,,,,,,,,,,,,,,,,,,,,,,,,,,,,,,,,,,,,,,,,,,,,,,,,,,,,,,,,,,,,,,,,,,,,,,,,,,,,,,,,,,,,,,,,,,,,,,,,,,,,,,,,,,,,,,,,,,,,,,,,,,,,,,,,,,,,,,,,,,,,,,,,,,,,,,,,,,,,,,,,,,,,,,,,,,,,,,,,,
1764665238.678488,45944,0,4398.077148,4420.641113,4509.871582,4538.974121,4417.436035,4532.563965,4558.205078,4411.538574,4577.94873,4423.717773,4513.717773,4534.230957,4589.487305,4400.512695,4393.846191,4525,4563.974121,4559.871582,4525.384766,4401.410156,4410.128418,4588.974121,4522.692383,4516.410156,4414.230957,4593.077148,4405.769043,4581.410156,4517.307617,4415.897461,4541.538574,4505.128418,2766,1,25,2567,49677,,,,0,4,4,4,4,4,4,4,4,4,4,4,4,4,4,4,4,4,4,4,4,4,4,4,4,4,4,4,4,4,4,4,4,100,,,,,,,,,,,,,,,,,,,,,,,,,,,,,,,,,,,,,,,,,,,,,,,,,,,,,,,,,,,,,,,,,,,,,,,,,,,,,,,,,,,,,,,,,,,,,,,,,,,,,,,,,,,,,,,,,,,,,,,,,,,,,,,,,,,,,,,,,,,,,,,,,,,,,,,,,,,,,,,,,,,,,,,,,,,,,,,,,,,,,,,,,,,,,,,,,,,,,,,,,,,,,,
1764665238.682394,45945,0,4394.743652,4416.666504,4508.461426,4538.846191,4412.94873,4530.128418,4554.358887,4408.461426,4575.256348,4424.102539,4513.846191,4529.230957,4588.589844,4400.256348,4392.94873,4528.205078,4561.282227,4563.205078,4524.230957,4403.461426,4409.871582,4582.94873,4519.358887,4514.743652,4412.307617,4590.384766,4404.743652,4578.717773,4516.666504,4412.820313,4537.436035,4498.846191,2820,1,25,2567,49677,,,,0,4,4,4,4,4,4,4,4,4,4,4,4,4,4,4,4,4,4,4,4,4,4,4,4,4,4,4,4,4,4,4,4,100,,,,,,,,,,,,,,,,,,,,,,,,,,,,,,,,,,,27870,0,0.263247,-0.598816,-0.734253,0.181641,0.969845,0.216823,0.055183,23.5,29.166666,43.833332,,,,,,,,,,,,,,,,,,,,,,,,,,,,,,,,,,,,,,,,,,,,,,,,,,,,,,,,,,,,,,,,,,,,,,,,,,,,,,,,,,,,,,,,,,,,,,,,,,,,,,,,,,,,,,,,,,,,,,,,,,,,,,,,,,,,,,,,,,,,,,,,,,,,,,,,,,,,,,,,
1764665238.686300,45946,0,4389.615234,4410.641113,4507.05127,4535.384766,4406.666504,4527.05127,4546.153809,4400.641113,4573.205078,4418.846191,4512.563965,4523.205078,4584.487305,4399.615234,4389.358887,4525.897461,4554.487305,4560.769043,4520.256348,4402.179688,4407.692383,4574.487305,4514.487305,4512.436035,4412.307617,4591.538574,4403.333496,4573.846191,4513.974121,4408.333496,4536.025879,4496.922852,1955,1,25,2566,49685,,,,0,4,4,4,4,4,4,4,4,4,4,4,4,4,4,4,4,4,4,4,4,4,4,4,4,4,4,4,4,4,4,4,4,100,0.808594,100,4,4,4,4,4,4,4,4,4,4,4,4,4,4,4,4,4,4,4,4,4,4,4,4,4,4,4,4,4,4,4,4,,,,,,,,,,,,,2.130887,2.437552,0.834877,0.569213,0.61166,3.233263,1.488508,0.965994,0.672511,0.71048,2.609806,1.216316,1.323797,0.93808,0.872045,1.505933,1.24251,1.608694,0.848552,0.67083,2.407297,1.402743,0.984761,0.628941,0.759585,2.432527,1.513397,0.803758,0.779813,0.613542,1.737502,2.353267,1.03873,0.85569,0.597904,1.271455,1.091608,0.816531,0.62483,0.702326,1.589223,0.932635,1.489661,0.69547,0.779636,2.035034,1.729113,2.35511,1.612275,0.981004,1.03176,1.08303,0.545309,0.397477,0.538454,1.899756,4.272543,0.890626,0.88131,0.579202,1.398506,4.471704,0.577262,0.580756,0.57456,0.960431,0.744338,0.523722,0.389545,0.434371,0.59167,0.981105,0.453389,0.434784,0.545973,0.632267,3.924908,0.311343,0.391397,0.500707,2.197958,8.370584,0.816485,0.717849,0.716098,1.280108,5.555375,0.614025,0.597544,0.669596,0.59482,3.348037,0.365529,0.271355,0.432609,0.918168,1.867961,0.524845,0.444022,0.619223,1.265813,2.122884,0.408942,0.500104,0.608303,1.854111,7.346361,0.82971,0.53954,0.551146,2.020631,4.443685,0.798229,0.648176,0.604249,1.574745,4.128708,0.560894,0.529535,0.68856,2.58365,3.509949,1.006924,0.595995,1.297659,2.115177,1.080875,0.607237,0.51479,0.672298,2.025093,2.147866,0.749514,0.788072,0.714156,2.450451,3.344652,1.008308,0.792719,0.683619,1.441205,1.181653,0.551937,0.36356,0.364771,2.8489,1.877184,0.941914,0.56245,0.696459,2.047827,1.458156,0.81411,0.814834,0.702452,2.337279,1.156802,1.130702,0.764053,0.792583
1764665238.690205,45947,0,4383.717773,4403.974121,4505,4530.128418,4400.512695,4523.846191,4537.307617,4391.410156,4570.641113,4410.512695,4509.102539,4518.461426,4577.05127,4397.820313,4385.256348,4518.077148,4544.615234,4552.94873,4514.743652,4398.846191,4404.743652,4566.153809,4510,4509.871582,4414.102539,4595.641113,4401.153809,4568.461426,4509.615234,4403.461426,4536.666504,4499.102539,2639,1,25,2566,49685,,,,0,4,4,4,4,4,4,4,4,4,4,4,4,4,4,4,4,4,4,4,4,4,4,4,4,4,4,4,4,4,4,4,4,100,,,,,,,,,,,,,,,,,,,,,,,,,,,,,,,,,,,,,,,,,,,,,,,,,,,,,,,,,,,,,,,,,,,,,,,,,,,,,,,,,,,,,,,,,,,,,,,,,,,,,,,,,,,,,,,,,,,,,,,,,,,,,,,,,,,,,,,,,,,,,,,,,,,,,,,,,,,,,,,,,,,,,,,,,,,,,,,,,,,,,,,,,,,,,,,,,,,,,,,,,,,,,,
1764665238.694111,45948,0,4379.615234,4399.102539,4502.820313,4526.666504,4396.410156,4521.666504,4532.820313,4386.538574,4568.974121,4405.256348,4506.025879,4517.05127,4568.717773,4395.512695,4383.589844,4508.974121,4536.282227,4544.743652,4510.512695,4396.410156,4403.333496,4561.282227,4508.205078,4508.077148,4415.512695,4600.256348,4399.743652,4565,4505.512695,4400.769043,4538.461426,4503.333496,2695,1,25,2567,49693,,,,0,4,4,4,4,4,4,4,4,4,4,4,4,4,4,4,4,4,4,4,4,4,4,4,4,4,4,4,4,4,4,4,4,100,,,,,,,,,,,,,,,,,,,,,,,,,,,,,,,,,,,,,,,,,,,,,,,,,,,,,,,,,,,,,,,,,,,,,,,,,,,,,,,,,,,,,,,,,,,,,,,,,,,,,,,,,,,,,,,,,,,,,,,,,,,,,,,,,,,,,,,,,,,,,,,,,,,,,,,,,,,,,,,,,,,,,,,,,,,,,,,,,,,,,,,,,,,,,,,,,,,,,,,,,,,,,,
1764665238.698017,45949,0,4380.256348,4398.974121,4502.692383,4528.205078,4396.666504,4521.666504,4535.384766,4390.128418,4571.025879,4407.05127,4506.666504,4519.230957,4563.974121,4394.743652,4386.666504,4504.743652,4534.615234,4542.05127,4510,4397.820313,4404.358887,4562.563965,4510.512695,4509.102539,4413.589844,4603.846191,4401.666504,4565.512695,4503.974121,4403.205078,4541.538574,4507.820313,2514,1,25,2567,49693,,,,0,4,4,4,4,4,4,4,4,4,4,4,4,4,4,4,4,4,4,4,4,4,4,4,4,4,4,4,4,4,4,4,4,100,,,,,,,,,,,,,,,,,,,,,,,,,,,,,,,,,,,27871,0,0.263247,-0.598816,-0.734253,0.181641,0.982053,0.2178,0.052741,23.833334,27.666666,43.5,,,,,,,,,,,,,,,,,,,,,,,,,,,,,,,,,,,,,,,,,,,,,,,,,,,,,,,,,,,,,,,,,,,,,,,,,,,,,,,,,,,,,,,,,,,,,,,,,,,,,,,,,,,,,,,,,,,,,,,,,,,,,,,,,,,,,,,,,,,,,,,,,,,,,,,,,,,,,,,,
1764665238.701923,45950,0,4386.025879,4404.102539,4506.025879,4534.743652,4401.410156,4524.358887,4543.846191,4401.025879,4578.205078,4414.743652,4511.922852,4523.333496,4565.897461,4396.794922,4393.461426,4507.436035,4540.897461,4546.410156,4512.820313,4402.692383,4407.307617,4568.589844,4515.769043,4513.589844,4407.94873,4605.897461,4407.820313,4570.512695,4506.153809,4410.512695,4546.922852,4511.922852,2663,1,25,2568,49701,,,,0,4,4,4,4,4,4,4,4,4,4,4,4,4,4,4,4,4,4,4,4,4,4,4,4,4,4,4,4,4,4,4,4,100,,,,,,,,,,,,,,,,,,,,,,,,,,,,,,,,,,,,,,,,,,,,,,,,,,,,,,,,,,,,,,,,,,,,,,,,,,,,,,,,,,,,,,,,,,,,,,,,,,,,,,,,,,,,,,,,,,,,,,,,,,,,,,,,,,,,,,,,,,,,,,,,,,,,,,,,,,,,,,,,,,,,,,,,,,,,,,,,,,,,,,,,,,,,,,,,,,,,,,,,,,,,,,
1764665238.705828,45951,0,4393.461426,4411.282227,4511.666504,4541.666504,4408.077148,4528.205078,4552.436035,4412.05127,4588.077148,4422.05127,4519.230957,4526.538574,4572.94873,4400.897461,4400,4513.461426,4551.153809,4553.589844,4515.769043,4406.922852,4409.615234,4575,4520.641113,4519.102539,4401.025879,4606.794922,4416.025879,4577.563965,4510.897461,4418.333496,4553.205078,4514.871582,2834,1,25,2568,49701,,,,0,4,4,4,4,4,4,4,4,4,4,4,4,4,4,4,4,4,4,4,4,4,4,4,4,4,4,4,4,4,4,4,4,100,,,,,,,,,,,,,,,,,,,,,,,,,,,,,,,,,,,,,,,,,,,,,,,,,,,,,,,,,,,,,,,,,,,,,,,,,,,,,,,,,,,,,,,,,,,,,,,,,,,,,,,,,,,,,,,,,,,,,,,,,,,,,,,,,,,,,,,,,,,,,,,,,,,,,,,,,,,,,,,,,,,,,,,,,,,,,,,,,,,,,,,,,,,,,,,,,,,,,,,,,,,,,,
1764665238.709734,45952,0,4396.922852,4415.384766,4516.538574,4543.589844,4411.794922,4530.384766,4554.743652,4415.384766,4594.615234,4421.666504,4523.461426,4525.897461,4579.487305,4403.205078,4400.512695,4516.153809,4557.692383,4556.025879,4515.256348,4405.512695,4408.333496,4576.025879,4521.538574,4521.282227,4394.871582,4605.512695,4421.282227,4582.179688,4514.487305,4420.769043,4556.922852,4515.384766,2763,1,25,2569,49709,,,,0,4,4,4,4,4,4,4,4,4,4,4,4,4,4,4,4,4,4,4,4,4,4,4,4,4,4,4,4,4,4,4,4,100,,,,,,,,,,,,,,,,,,,,,,,,,,,,,,,,,,,,,,,,,,,,,,,,,,,,,,,,,,,,,,,,,,,,,,,,,,,,,,,,,,,,,,,,,,,,,,,,,,,,,,,,,,,,,,,,,,,,,,,,,,,,,,,,,,,,,,,,,,,,,,,,,,,,,,,,,,,,,,,,,,,,,,,,,,,,,,,,,,,,,,,,,,,,,,,,,,,,,,,,,,,,,,
1764665238.713640,45953,0,4393.846191,4412.94873,4516.410156,4538.205078,4409.358887,4528.589844,4548.717773,4408.461426,4593.077148,4411.794922,4521.410156,4520.256348,4579.871582,4400.128418,4392.94873,4511.025879,4555.769043,4548.974121,4510,4397.05127,4402.563965,4570,4517.179688,4517.436035,4391.153809,4601.282227,4419.871582,4580.384766,4514.230957,4415.897461,4554.871582,4512.692383,2920,1,25,2569,49709,,,,0,4,4,4,4,4,4,4,4,4,4,4,4,4,4,4,4,4,4,4,4,4,4,4,4,4,4,4,4,4,4,4,4,100,,,,,,,,,,,,,,,,,,,,,,,,,,,,,,,,,,,27872,0,0.263247,-0.598816,-0.734253,0.181641,0.960078,0.212428,0.041997,24,28.666666,43.666668,,,,,,,,,,,,,,,,,,,,,,,,,,,,,,,,,,,,,,,,,,,,,,,,,,,,,,,,,,,,,,,,,,,,,,,,,,,,,,,,,,,,,,,,,,,,,,,,,,,,,,,,,,,,,,,,,,,,,,,,,,,,,,,,,,,,,,,,,,,,,,,,,,,,,,,,,,,,,,,,
1764665238.717546,45954,0,4386.538574,4405.256348,4510.641113,4529.358887,4402.307617,4523.461426,4539.102539,4396.794922,4583.974121,4397.820313,4513.717773,4512.563965,4573.717773,4391.538574,4380.641113,4499.615234,4546.794922,4534.871582,4502.820313,4385.384766,4394.358887,4560.897461,4510,4510.128418,4390.897461,4595.384766,4412.307617,4572.563965,4510.512695,4407.05127,4548.077148,4508.205078,2603,1,25,2570,49717,,,,0,4,4,4,4,4,4,4,4,4,4,4,4,4,4,4,4,4,4,4,4,4,4,4,4,4,4,4,4,4,4,4,4,100,,,,,,,,,,,,,,,,,,,,,,,,,,,,,,,,,,,,,,,,,,,,,,,,,,,,,,,,,,,,,,,,,,,,,,,,,,,,,,,,,,,,,,,,,,,,,,,,,,,,,,,,,,,,,,,,,,,,,,,,,,,,,,,,,,,,,,,,,,,,,,,,,,,,,,,,,,,,,,,,,,,,,,,,,,,,,,,,,,,,,,,,,,,,,,,,,,,,,,,,,,,,,,
1764665238.721452,45955,0,4381.025879,4397.692383,4502.692383,4523.333496,4396.025879,4518.589844,4533.333496,4389.230957,4573.589844,4388.974121,4505.256348,4508.205078,4565.769043,4381.538574,4369.743652,4488.589844,4537.179688,4522.05127,4497.820313,4376.922852,4387.563965,4555.512695,4504.230957,4504.871582,4395.512695,4590.897461,4404.230957,4563.974121,4506.410156,4400.512695,4541.282227,4504.102539,2853,1,25,2570,49717,,,,0,4,4,4,4,4,4,4,4,4,4,4,4,4,4,4,4,4,4,4,4,4,4,4,4,4,4,4,4,4,4,4,4,100,,,,,,,,,,,,,,,,,,,,,,,,,,,,,,,,,,,,,,,,,,,,,,,,,,,,,,,,,,,,,,,,,,,,,,,,,,,,,,,,,,,,,,,,,,,,,,,,,,,,,,,,,,,,,,,,,,,,,,,,,,,,,,,,,,,,,,,,,,,,,,,,,,,,,,,,,,,,,,,,,,,,,,,,,,,,,,,,,,,,,,,,,,,,,,,,,,,,,,,,,,,,,,
1764665238.725357,45956,0,4381.794922,4395.512695,4498.333496,4524.743652,4395.128418,4517.179688,4535.641113,4390.897461,4569.230957,4390.641113,4501.025879,4511.282227,4561.922852,4375.897461,4365,4485,4533.846191,4518.205078,4498.333496,4376.025879,4385.512695,4558.461426,4503.333496,4506.025879,4404.358887,4590.512695,4401.153809,4560.384766,4505.128418,4400.128418,4538.974121,4502.179688,2744,1,25,2571,49724,,,,0,4,4,4,4,4,4,4,4,4,4,4,4,4,4,4,4,4,4,4,4,4,4,4,4,4,4,4,4,4,4,4,4,100,,,,,,,,,,,,,,,,,,,,,,,,,,,,,,,,,,,,,,,,,,,,,,,,,,,,,,,,,,,,,,,,,,,,,,,,,,,,,,,,,,,,,,,,,,,,,,,,,,,,,,,,,,,,,,,,,,,,,,,,,,,,,,,,,,,,,,,,,,,,,,,,,,,,,,,,,,,,,,,,,,,,,,,,,,,,,,,,,,,,,,,,,,,,,,,,,,,,,,,,,,,,,,
1764665238.729263,45957,0,4388.461426,4400.512695,4500.512695,4533.077148,4400.256348,4520.512695,4543.974121,4400,4573.974121,4401.410156,4502.94873,4521.153809,4564.743652,4377.692383,4367.307617,4491.282227,4538.717773,4524.230957,4504.102539,4382.179688,4388.589844,4569.358887,4507.820313,4512.94873,4414.743652,4594.358887,4404.487305,4564.487305,4507.692383,4405.897461,4542.820313,4503.205078,2788,1,25,2571,49724,,,,0,4,4,4,4,4,4,4,4,4,4,4,4,4,4,4,4,4,4,4,4,4,4,4,4,4,4,4,4,4,4,4,4,100,,,,,,,,,,,,,,,,,,,,,,,,,,,,,,,,,,,27873,0,0.263385,-0.598755,-0.734253,0.181641,0.974728,0.215358,0.043951,24.666666,30,42.666668,,,,,,,,,,,,,,,,,,,,,,,,,,,,,,,,,,,,,,,,,,,,,,,,,,,,,,,,,,,,,,,,,,,,,,,,,,,,,,,,,,,,,,,,,,,,,,,,,,,,,,,,,,,,,,,,,,,,,,,,,,,,,,,,,,,,,,,,,,,,,,,,,,,,,,,,,,,,,,,,
1764665238.733169,45958,0,4397.436035,4410.128418,4508.333496,4543.077148,4407.820313,4526.538574,4552.692383,4409.871582,4584.615234,4415.384766,4508.974121,4532.820313,4572.179688,4385,4373.717773,4503.974121,4548.846191,4535.256348,4511.922852,4390.897461,4395,4582.563965,4516.153809,4522.05127,4423.461426,4600,4411.025879,4574.102539,4512.307617,4413.717773,4550,4506.922852,2788,1,25,2572,49732,,,,0,4,4,4,4,4,4,4,4,4,4,4,4,4,4,4,4,4,4,4,4,4,4,4,4,4,4,4,4,4,4,4,4,100,,,,,,,,,,,,,,,,,,,,,,,,,,,,,,,,,,,,,,,,,,,,,,,,,,,,,,,,,,,,,,,,,,,,,,,,,,,,,,,,,,,,,,,,,,,,,,,,,,,,,,,,,,,,,,,,,,,,,,,,,,,,,,,,,,,,,,,,,,,,,,,,,,,,,,,,,,,,,,,,,,,,,,,,,,,,,,,,,,,,,,,,,,,,,,,,,,,,,,,,,,,,,,
1764665238.737075,45959,0,4404.871582,4419.871582,4518.205078,4550,4413.717773,4531.922852,4557.692383,4415.384766,4595,4426.666504,4515.897461,4540.897461,4580.256348,4393.589844,4380.512695,4516.025879,4559.102539,4545.128418,4518.205078,4397.820313,4402.05127,4593.077148,4525.128418,4529.102539,4428.717773,4604.615234,4416.538574,4584.487305,4517.307617,4420.256348,4556.922852,4512.307617,2984,1,25,2572,49732,,,,0,4,4,4,4,4,4,4,4,4,4,4,4,4,4,4,4,4,4,4,4,4,4,4,4,4,4,4,4,4,4,4,4,100,,,,,,,,,,,,,,,,,,,,,,,,,,,,,,,,,,,,,,,,,,,,,,,,,,,,,,,,,,,,,,,,,,,,,,,,,,,,,,,,,,,,,,,,,,,,,,,,,,,,,,,,,,,,,,,,,,,,,,,,,,,,,,,,,,,,,,,,,,,,,,,,,,,,,,,,,,,,,,,,,,,,,,,,,,,,,,,,,,,,,,,,,,,,,,,,,,,,,,,,,,,,,,
1764665238.740980,45960,0,4409.230957,4427.436035,4527.307617,4552.563965,4417.179688,4535.384766,4558.846191,4417.179688,4600.641113,4432.820313,4521.410156,4543.589844,4586.025879,4399.358887,4385.897461,4522.563965,4566.410156,4551.153809,4521.666504,4402.179688,4409.102539,4599.358887,4532.563965,4533.077148,4430.641113,4607.179688,4420.256348,4592.307617,4521.025879,4424.743652,4561.922852,4518.589844,2866,1,25,2573,49740,,,,0,4,4,4,4,4,4,4,4,4,4,4,4,4,4,4,4,4,4,4,4,4,4,4,4,4,4,4,4,4,4,4,4,100,,,,,,,,,,,,,,,,,,,,,,,,,,,,,,,,,,,,,,,,,,,,,,,,,,,,,,,,,,,,,,,,,,,,,,,,,,,,,,,,,,,,,,,,,,,,,,,,,,,,,,,,,,,,,,,,,,,,,,,,,,,,,,,,,,,,,,,,,,,,,,,,,,,,,,,,,,,,,,,,,,,,,,,,,,,,,,,,,,,,,,,,,,,,,,,,,,,,,,,,,,,,,,
1764665238.744886,45961,0,4411.538574,4432.563965,4535,4553.461426,4419.871582,4537.692383,4559.102539,4419.230957,4602.05127,4434.871582,4525.128418,4542.94873,4588.717773,4401.538574,4390.128418,4523.717773,4570.384766,4554.487305,4524.487305,4405.384766,4416.153809,4603.333496,4537.563965,4535.384766,4430.769043,4608.974121,4424.102539,4596.922852,4523.461426,4428.846191,4565.641113,4525.256348,2716,1,25,2573,49740,,,,0,4,4,4,4,4,4,4,4,4,4,4,4,4,4,4,4,4,4,4,4,4,4,4,4,4,4,4,4,4,4,4,4,100,,,,,,,,,,,,,,,,,,,,,,,,,,,,,,,,,,,27874,0,0.263696,-0.598694,-0.734131,0.181885,0.974728,0.215358,0.043951,24.5,27,43.333332,,,,,,,,,,,,,,,,,,,,,,,,,,,,,,,,,,,,,,,,,,,,,,,,,,,,,,,,,,,,,,,,,,,,,,,,,,,,,,,,,,,,,,,,,,,,,,,,,,,,,,,,,,,,,,,,,,,,,,,,,,,,,,,,,,,,,,,,,,,,,,,,,,,,,,,,,,,,,,,,
1764665238.748792,45962,0,4413.205078,4436.282227,4540.641113,4555.512695,4423.589844,4540.512695,4560.897461,4424.102539,4602.307617,4434.871582,4526.666504,4541.922852,4589.230957,4401.410156,4393.333496,4523.077148,4572.563965,4557.436035,4528.461426,4408.846191,4423.077148,4607.179688,4539.615234,4538.205078,4431.410156,4610.897461,4429.743652,4599.230957,4525.256348,4433.974121,4569.102539,4531.666504,2287,1,25,2574,49748,,,,0,4,4,4,4,4,4,4,4,4,4,4,4,4,4,4,4,4,4,4,4,4,4,4,4,4,4,4,4,4,4,4,4,100,,,,,,,,,,,,,,,,,,,,,,,,,,,,,,,,,,,,,,,,,,,,,,,,,,,,,,,,,,,,,,,,,,,,,,,,,,,,,,,,,,,,,,,,,,,,,,,,,,,,,,,,,,,,,,,,,,,,,,,,,,,,,,,,,,,,,,,,,,,,,,,,,,,,,,,,,,,,,,,,,,,,,,,,,,,,,,,,,,,,,,,,,,,,,,,,,,,,,,,,,,,,,,
1764665238.752698,45963,0,4413.974121,4437.692383,4542.820313,4558.333496,4427.307617,4543.205078,4563.974121,4429.743652,4603.333496,4434.358887,4525.512695,4541.794922,4588.077148,4399.871582,4394.487305,4523.717773,4572.94873,4560.897461,4533.205078,4411.666504,4427.820313,4610.897461,4538.717773,4541.410156,4433.333496,4613.077148,4435.384766,4599.615234,4526.282227,4438.333496,4571.025879,4536.025879,2696,1,25,2574,49748,,,,0,4,4,4,4,4,4,4,4,4,4,4,4,4,4,4,4,4,4,4,4,4,4,4,4,4,4,4,4,4,4,4,4,100,,,,,,,,,,,,,,,,,,,,,,,,,,,,,,,,,,,,,,,,,,,,,,,,,,,,,,,,,,,,,,,,,,,,,,,,,,,,,,,,,,,,,,,,,,,,,,,,,,,,,,,,,,,,,,,,,,,,,,,,,,,,,,,,,,,,,,,,,,,,,,,,,,,,,,,,,,,,,,,,,,,,,,,,,,,,,,,,,,,,,,,,,,,,,,,,,,,,,,,,,,,,,,
1764665238.756604,45964,0,4412.436035,4435.384766,4540.256348,4559.102539,4428.077148,4544.102539,4565.384766,4431.282227,4604.358887,4432.563965,4521.153809,4541.153809,4585.641113,4397.05127,4392.436035,4525.641113,4570.641113,4563.461426,4536.282227,4412.436035,4427.94873,4612.307617,4534.743652,4541.922852,4436.538574,4613.589844,4436.538574,4597.436035,4525.512695,4438.461426,4569.487305,4536.153809,2495,1,25,2575,49756,,,,0,4,4,4,4,4,4,4,4,4,4,4,4,4,4,4,4,4,4,4,4,4,4,4,4,4,4,4,4,4,4,4,4,100,,,,,,,,,,,,,,,,,,,,,,,,,,,,,,,,,,,,,,,,,,,,,,,,,,,,,,,,,,,,,,,,,,,,,,,,,,,,,,,,,,,,,,,,,,,,,,,,,,,,,,,,,,,,,,,,,,,,,,,,,,,,,,,,,,,,,,,,,,,,,,,,,,,,,,,,,,,,,,,,,,,,,,,,,,,,,,,,,,,,,,,,,,,,,,,,,,,,,,,,,,,,,,
1764665238.760509,45965,0,4407.563965,4428.717773,4533.589844,4555.384766,4424.102539,4541.025879,4562.05127,4426.153809,4603.077148,4427.692383,4514.487305,4538.077148,4582.820313,4393.333496,4387.563965,4527.307617,4565.384766,4563.589844,4535,4410.384766,4423.333496,4608.589844,4528.846191,4537.436035,4438.461426,4611.282227,4430.128418,4591.538574,4521.922852,4432.307617,4563.333496,4531.538574,2236,1,25,2575,49756,,,,0,4,4,4,4,4,4,4,4,4,4,4,4,4,4,4,4,4,4,4,4,4,4,4,4,4,4,4,4,4,4,4,4,100,,,,,,,,,,,,,,,,,,,,,,,,,,,,,,,,,,,27875,0,0.263568,-0.598694,-0.734192,0.181824,0.987425,0.228055,0.060066,24,28.166666,43.333332,,,,,,,,,,,,,,,,,,,,,,,,,,,,,,,,,,,,,,,,,,,,,,,,,,,,,,,,,,,,,,,,,,,,,,,,,,,,,,,,,,,,,,,,,,,,,,,,,,,,,,,,,,,,,,,,,,,,,,,,,,,,,,,,,,,,,,,,,,,,,,,,,,,,,,,,,,,,,,,,
1764665238.764415,45966,0,4400.256348,4420.128418,4525.897461,4548.333496,4417.05127,4534.102539,4554.230957,4416.538574,4599.102539,4419.615234,4507.820313,4532.05127,4580.641113,4390.128418,4382.820313,4527.563965,4558.333496,4560.897461,4529.230957,4406.410156,4416.282227,4599.230957,4522.436035,4527.820313,4435.641113,4605.769043,4417.820313,4581.922852,4516.025879,4421.922852,4553.974121,4524.102539,2714,1,25,2576,49763,,,,0,4,4,4,4,4,4,4,4,4,4,4,4,4,4,4,4,4,4,4,4,4,4,4,4,4,4,4,4,4,4,4,4,100,,,,,,,,,,,,,,,,,,,,,,,,,,,,,,,,,,,,,,,,,,,,,,,,,,,,,,,,,,,,,,,,,,,,,,,,,,,,,,,,,,,,,,,,,,,,,,,,,,,,,,,,,,,,,,,,,,,,,,,,,,,,,,,,,,,,,,,,,,,,,,,,,,,,,,,,,,,,,,,,,,,,,,,,,,,,,,,,,,,,,,,,,,,,,,,,,,,,,,,,,,,,,,
1764665238.768321,45967,0,4392.563965,4412.692383,4521.025879,4541.153809,4410.769043,4525.256348,4545.256348,4407.563965,4593.589844,4410.512695,4503.974121,4524.615234,4580.128418,4389.230957,4380.641113,4526.538574,4551.538574,4556.282227,4521.410156,4402.05127,4410.256348,4586.922852,4516.922852,4516.282227,4426.025879,4598.846191,4404.743652,4570.384766,4509.230957,4411.794922,4543.974121,4516.794922,2498,1,25,2576,49763,,,,0,4,4,4,4,4,4,4,4,4,4,4,4,4,4,4,4,4,4,4,4,4,4,4,4,4,4,4,4,4,4,4,4,100,,,,,,,,,,,,,,,,,,,,,,,,,,,,,,,,,,,,,,,,,,,,,,,,,,,,,,,,,,,,,,,,,,,,,,,,,,,,,,,,,,,,,,,,,,,,,,,,,,,,,,,,,,,,,,,,,,,,,,,,,,,,,,,,,,,,,,,,,,,,,,,,,,,,,,,,,,,,,,,,,,,,,,,,,,,,,,,,,,,,,,,,,,,,,,,,,,,,,,,,,,,,,,
1764665238.772227,45968,0,4386.666504,4408.461426,4520.256348,4537.563965,4407.692383,4517.436035,4538.974121,4403.077148,4588.205078,4403.205078,4503.846191,4518.846191,4581.282227,4391.153809,4382.307617,4525,4546.666504,4551.794922,4515.512695,4398.974121,4406.666504,4576.538574,4513.077148,4506.666504,4411.922852,4592.94873,4395.512695,4560.128418,4503.461426,4405.384766,4535.897461,4511.282227,2865,1,25,2571,49771,,,,0,4,4,4,4,4,4,4,4,4,4,4,4,4,4,4,4,4,4,4,4,4,4,4,4,4,4,4,4,4,4,4,4,100,,,,,,,,,,,,,,,,,,,,,,,,,,,,,,,,,,,,,,,,,,,,,,,,,,,,,,,,,,,,,,,,,,,,,,,,,,,,,,,,,,,,,,,,,,,,,,,,,,,,,,,,,,,,,,,,,,,,,,,,,,,,,,,,,,,,,,,,,,,,,,,,,,,,,,,,,,,,,,,,,,,,,,,,,,,,,,,,,,,,,,,,,,,,,,,,,,,,,,,,,,,,,,
1764665238.776132,45969,0,4382.94873,4407.307617,4521.538574,4538.333496,4407.307617,4513.589844,4537.307617,4403.461426,4585.384766,4400,4505.897461,4516.922852,4583.077148,4395,4386.025879,4523.589844,4544.230957,4548.974121,4514.230957,4397.692383,4405.769043,4571.538574,4510.512695,4501.410156,4400.384766,4589.871582,4391.666504,4553.974121,4500.512695,4403.333496,4530.384766,4507.94873,2897,1,25,2571,49771,,,,0,4,4,4,4,4,4,4,4,4,4,4,4,4,4,4,4,4,4,4,4,4,4,4,4,4,4,4,4,4,4,4,4,100,,,,,,,,,,,,,,,,,,,,,,,,,,,,,,,,,,,27876,0,0.26361,-0.598694,-0.734192,0.181763,0.981565,0.213893,0.063973,24,28.166666,43.333332,,,,,,,,,,,,,,,,,,,,,,,,,,,,,,,,,,,,,,,,,,,,,,,,,,,,,,,,,,,,,,,,,,,,,,,,,,,,,,,,,,,,,,,,,,,,,,,,,,,,,,,,,,,,,,,,,,,,,,,,,,,,,,,,,,,,,,,,,,,,,,,,,,,,,,,,,,,,,,,,
1764665238.780038,45970,0,4380.897461,4407.563965,4522.05127,4541.025879,4406.794922,4514.102539,4538.717773,4405.769043,4585.769043,4401.922852,4507.692383,4518.205078,4584.615234,4399.102539,4389.358887,4522.820313,4543.717773,4548.974121,4517.692383,4397.563965,4406.410156,4571.794922,4508.205078,4500.641113,4396.538574,4589.487305,4391.282227,4552.692383,4500.512695,4403.461426,4527.05127,4506.282227,1761,1,25,2570,49779,,,,0,4,4,4,4,4,4,4,4,4,4,4,4,4,4,4,4,4,4,4,4,4,4,4,4,4,4,4,4,4,4,4,4,100,,,,,,,,,,,,,,,,,,,,,,,,,,,,,,,,,,,,,,,,,,,,,,,,,,,,,,,,,,,,,,,,,,,,,,,,,,,,,,,,,,,,,,,,,,,,,,,,,,,,,,,,,,,,,,,,,,,,,,,,,,,,,,,,,,,,,,,,,,,,,,,,,,,,,,,,,,,,,,,,,,,,,,,,,,,,,,,,,,,,,,,,,,,,,,,,,,,,,,,,,,,,,,
1764665238.783944,45971,0,4379.487305,4407.436035,4520.384766,4542.179688,4404.358887,4516.666504,4540.512695,4405.897461,4588.333496,4407.820313,4507.692383,4519.743652,4584.871582,4401.282227,4391.025879,4522.563965,4544.358887,4551.794922,4523.205078,4397.94873,4407.692383,4574.102539,4505.769043,4501.922852,4399.871582,4590.512695,4391.922852,4554.615234,4502.179688,4403.589844,4526.153809,4506.025879,2955,1,25,2570,49779,,,,0,4,4,4,4,4,4,4,4,4,4,4,4,4,4,4,4,4,4,4,4,4,4,4,4,4,4,4,4,4,4,4,4,100,,,,,,,,,,,,,,,,,,,,,,,,,,,,,,,,,,,,,,,,,,,,,,,,,,,,,,,,,,,,,,,,,,,,,,,,,,,,,,,,,,,,,,,,,,,,,,,,,,,,,,,,,,,,,,,,,,,,,,,,,,,,,,,,,,,,,,,,,,,,,,,,,,,,,,,,,,,,,,,,,,,,,,,,,,,,,,,,,,,,,,,,,,,,,,,,,,,,,,,,,,,,,,
1764665238.787850,45972,0,4378.974121,4406.922852,4517.94873,4540.512695,4400.897461,4518.077148,4540.256348,4402.563965,4591.282227,4415.641113,4506.153809,4518.846191,4583.589844,4401.666504,4391.922852,4522.307617,4545.128418,4555.384766,4527.05127,4399.102539,4408.974121,4575.384766,4503.846191,4502.692383,4404.358887,4591.922852,4392.820313,4556.922852,4503.846191,4403.077148,4528.077148,4507.179688,2520,1,25,2571,49787,,,,0,4,4,4,4,4,4,4,4,4,4,4,4,4,4,4,4,4,4,4,4,4,4,4,4,4,4,4,4,4,4,4,4,100,,,,,,,,,,,,,,,,,,,,,,,,,,,,,,,,,,,,,,,,,,,,,,,,,,,,,,,,,,,,,,,,,,,,,,,,,,,,,,,,,,,,,,,,,,,,,,,,,,,,,,,,,,,,,,,,,,,,,,,,,,,,,,,,,,,,,,,,,,,,,,,,,,,,,,,,,,,,,,,,,,,,,,,,,,,,,,,,,,,,,,,,,,,,,,,,,,,,,,,,,,,,,,
1764665238.791756,45973,0,4380,4407.436035,4517.563965,4538.205078,4399.615234,4517.692383,4538.846191,4398.333496,4593.077148,4423.077148,4505,4516.025879,4582.179688,4401.922852,4394.102539,4521.794922,4545.769043,4557.820313,4527.179688,4401.666504,4410,4574.871582,4504.358887,4502.436035,4404.743652,4593.589844,4394.743652,4558.589844,4504.487305,4403.333496,4533.461426,4509.615234,2817,1,25,2571,49787,,,,0,4,4,4,4,4,4,4,4,4,4,4,4,4,4,4,4,4,4,4,4,4,4,4,4,4,4,4,4,4,4,4,4,100,,,,,,,,,,,,,,,,,,,,,,,,,,,,,,,,,,,27877,0,0.26361,-0.598694,-0.734192,0.181763,0.983518,0.218777,0.041021,24.666666,28,44.333332,,,,,,,,,,,,,,,,,,,,,,,,,,,,,,,,,,,,,,,,,,,,,,,,,,,,,,,,,,,,,,,,,,,,,,,,,,,,,,,,,,,,,,,,,,,,,,,,,,,,,,,,,,,,,,,,,,,,,,,,,,,,,,,,,,,,,,,,,,,,,,,,,,,,,,,,,,,,,,,,
1764665238.795661,45974,0,4383.205078,4409.615234,4520.384766,4538.461426,4402.692383,4516.666504,4538.333496,4396.922852,4593.589844,4428.333496,4505.384766,4513.589844,4582.307617,4403.846191,4398.461426,4521.025879,4545.897461,4557.563965,4524.230957,4404.743652,4410.897461,4574.358887,4507.820313,4502.436035,4401.538574,4595.512695,4398.077148,4559.615234,4504.102539,4405.128418,4540.512695,4512.563965,2925,1,25,2572,49795,,,,0,4,4,4,4,4,4,4,4,4,4,4,4,4,4,4,4,4,4,4,4,4,4,4,4,4,4,4,4,4,4,4,4,100,,,,,,,,,,,,,,,,,,,,,,,,,,,,,,,,,,,,,,,,,,,,,,,,,,,,,,,,,,,,,,,,,,,,,,,,,,,,,,,,,,,,,,,,,,,,,,,,,,,,,,,,,,,,,,,,,,,,,,,,,,,,,,,,,,,,,,,,,,,,,,,,,,,,,,,,,,,,,,,,,,,,,,,,,,,,,,,,,,,,,,,,,,,,,,,,,,,,,,,,,,,,,,
1764665238.799567,45975,0,4387.179688,4412.307617,4524.615234,4541.410156,4408.077148,4516.922852,4539.615234,4399.102539,4593.077148,4429.487305,4507.05127,4513.205078,4583.205078,4406.794922,4402.563965,4519.871582,4545.256348,4553.974121,4519.871582,4406.538574,4410.641113,4574.102539,4512.436035,4502.692383,4400,4596.794922,4401.538574,4560.512695,4503.461426,4407.179688,4545.512695,4514.358887,2839,1,25,2572,49795,,,,0,4,4,4,4,4,4,4,4,4,4,4,4,4,4,4,4,4,4,4,4,4,4,4,4,4,4,4,4,4,4,4,4,100,,,,,,,,,,,,,,,,,,,,,,,,,,,,,,,,,,,,,,,,,,,,,,,,,,,,,,,,,,,,,,,,,,,,,,,,,,,,,,,,,,,,,,,,,,,,,,,,,,,,,,,,,,,,,,,,,,,,,,,,,,,,,,,,,,,,,,,,,,,,,,,,,,,,,,,,,,,,,,,,,,,,,,,,,,,,,,,,,,,,,,,,,,,,,,,,,,,,,,,,,,,,,,
1764665238.803473,45976,0,4389.230957,4412.94873,4526.410156,4544.102539,4410.897461,4517.692383,4540.769043,4401.794922,4591.666504,4424.487305,4507.436035,4513.717773,4582.436035,4408.205078,4402.692383,4517.05127,4543.333496,4547.436035,4515.384766,4404.743652,4408.077148,4572.94873,4514.871582,4502.436035,4403.205078,4595.769043,4402.563965,4560,4502.692383,4407.307617,4545.128418,4513.333496,2761,1,25,2567,49802,,,,0,4,4,4,4,4,4,4,4,4,4,4,4,4,4,4,4,4,4,4,4,4,4,4,4,4,4,4,4,4,4,4,4,100,,,,,,,,,,,,,,,,,,,,,,,,,,,,,,,,,,,,,,,,,,,,,,,,,,,,,,,,,,,,,,,,,,,,,,,,,,,,,,,,,,,,,,,,,,,,,,,,,,,,,,,,,,,,,,,,,,,,,,,,,,,,,,,,,,,,,,,,,,,,,,,,,,,,,,,,,,,,,,,,,,,,,,,,,,,,,,,,,,,,,,,,,,,,,,,,,,,,,,,,,,,,,,
1764665238.807379,45977,0,4387.563965,4409.871582,4522.692383,4543.077148,4407.563965,4516.922852,4539.230957,4401.153809,4588.717773,4414.230957,4504.102539,4512.94873,4577.94873,4405.769043,4397.563965,4511.922852,4540,4539.230957,4511.410156,4399.230957,4402.692383,4569.102539,4513.333496,4500.384766,4408.717773,4591.025879,4398.846191,4556.410156,4501.282227,4403.846191,4538.974121,4508.846191,2815,1,25,2567,49802,,,,0,4,4,4,4,4,4,4,4,4,4,4,4,4,4,4,4,4,4,4,4,4,4,4,4,4,4,4,4,4,4,4,4,100,,,,,,,,,,,,,,,,,,,,,,,,,,,,,,,,,,,27878,0,0.263568,-0.598694,-0.734192,0.181824,0.969357,0.205103,0.041021,23.5,28.833334,43.5,,,,,,,,,,,,,,,,,,,,,,,,,,,,,,,,,,,,,,,,,,,,,,,,,,,,,,,,,,,,,,,,,,,,,,,,,,,,,,,,,,,,,,,,,,,,,,,,,,,,,,,,,,,,,,,,,,,,,,,,,,,,,,,,,,,,,,,,,,,,,,,,,,,,,,,,,,,,,,,,
1764665238.811284,45978,0,4382.820313,4403.717773,4514.487305,4537.563965,4398.846191,4513.974121,4533.846191,4395.897461,4584.743652,4403.589844,4497.05127,4510.512695,4570.128418,4399.743652,4389.487305,4504.743652,4536.025879,4531.666504,4507.820313,4392.179688,4396.025879,4563.333496,4508.846191,4496.666504,4410.641113,4583.717773,4391.410156,4550.512695,4499.358887,4397.436035,4529.871582,4502.05127,1952,1,25,2567,49810,,,,0,4,4,4,4,4,4,4,4,4,4,4,4,4,4,4,4,4,4,4,4,4,4,4,4,4,4,4,4,4,4,4,4,100,,,,,,,,,,,,,,,,,,,,,,,,,,,,,,,,,,,,,,,,,,,,,,,2.362341,2.854057,0.807545,0.661901,0.714725,3.011084,1.649866,0.954675,0.812711,0.859197,2.371434,1.380413,1.286914,1.114683,1.011862,1.284116,1.252478,1.454459,0.850075,0.756229,2.187923,1.611025,1.019133,0.755538,0.888539,2.507274,1.765849,0.787294,0.869603,0.714013,1.799601,2.612628,0.98593,0.901459,0.716458,1.182684,1.111817,0.789841,0.70728,0.817795,1.584955,0.909873,1.312701,0.77311,0.919374,2.466446,1.698035,2.369465,1.715426,1.19182,1.0054,1.23474,0.673941,0.428195,0.648288,1.868791,4.751458,0.909854,0.932357,0.714291,1.411886,5.098048,0.685156,0.64554,0.667248,1.080961,0.932958,0.598933,0.431503,0.526027,0.623134,0.871697,0.554579,0.484341,0.627991,0.685969,4.454405,0.43545,0.42066,0.617067,2.389306,9.427007,0.916795,0.840955,0.872331,1.327178,6.119427,0.751099,0.676696,0.797408,0.613548,3.591708,0.489914,0.340973,0.528143,0.860402,1.946587,0.657706,0.521298,0.752099,1.298574,2.189599,0.512584,0.588611,0.740357,2.03951,8.26941,0.9277,0.677374,0.663336,1.915405,5.004622,0.80257,0.734682,0.69833,1.812592,4.424608,0.702195,0.663394,0.842106,3.239146,3.561795,1.162825,0.769178,1.486198,1.936033,1.001884,0.708882,0.631483,0.790803,2.217645,2.209834,0.81533,0.97108,0.84903,2.60561,3.545059,1.129623,0.973931,0.837064,1.511325,1.432087,0.576285,0.416004,0.419377,2.877645,2.087435,1.048883,0.706581,0.82265,2.334271,1.445746,0.842146,0.992121,0.851106,2.395602,1.326258,1.00699,0.935499,0.927538
1764665238.815190,45979,0,4378.333496,4397.94873,4506.025879,4530.769043,4390.256348,4510.384766,4526.922852,4389.230957,4581.153809,4398.846191,4489.358887,4508.333496,4561.922852,4393.333496,4382.307617,4497.820313,4533.205078,4527.05127,4505.641113,4387.179688,4391.666504,4558.717773,4504.871582,4493.974121,4405.769043,4576.666504,4383.974121,4545.384766,4497.94873,4391.153809,4522.05127,4495.384766,2631,1,25,2567,49810,,,,0,4,4,4,4,4,4,4,4,4,4,4,4,4,4,4,4,4,4,4,4,4,4,4,4,4,4,4,4,4,4,4,4,100,,,,,,,,,,,,,,,,,,,,,,,,,,,,,,,,,,,,,,,,,,,,,,,,,,,,,,,,,,,,,,,,,,,,,,,,,,,,,,,,,,,,,,,,,,,,,,,,,,,,,,,,,,,,,,,,,,,,,,,,,,,,,,,,,,,,,,,,,,,,,,,,,,,,,,,,,,,,,,,,,,,,,,,,,,,,,,,,,,,,,,,,,,,,,,,,,,,,,,,,,,,,,,
1764665238.819096,45980,0,4377.436035,4395.512695,4501.794922,4527.179688,4386.666504,4509.102539,4522.94873,4386.025879,4579.358887,4402.179688,4485.256348,4509.230957,4557.436035,4390.256348,4378.589844,4494.487305,4533.589844,4526.282227,4506.025879,4387.05127,4392.436035,4558.846191,4504.487305,4494.615234,4397.05127,4572.692383,4381.282227,4544.743652,4498.461426,4388.589844,4518.717773,4491.666504,2689,1,25,2568,49818,,,,0,4,4,4,4,4,4,4,4,4,4,4,4,4,4,4,4,4,4,4,4,4,4,4,4,4,4,4,4,4,4,4,4,100,,,,,,,,,,,,,,,,,,,,,,,,,,,,,,,,,,,,,,,,,,,,,,,,,,,,,,,,,,,,,,,,,,,,,,,,,,,,,,,,,,,,,,,,,,,,,,,,,,,,,,,,,,,,,,,,,,,,,,,,,,,,,,,,,,,,,,,,,,,,,,,,,,,,,,,,,,,,,,,,,,,,,,,,,,,,,,,,,,,,,,,,,,,,,,,,,,,,,,,,,,,,,,
1764665238.823002,45981,0,4381.025879,4397.179688,4502.94873,4528.333496,4389.102539,4510.641113,4524.358887,4388.205078,4580.256348,4409.615234,4485.897461,4513.333496,4558.461426,4391.666504,4377.820313,4495.897461,4537.820313,4528.974121,4509.230957,4391.153809,4397.692383,4564.743652,4508.077148,4499.487305,4391.282227,4572.692383,4384.615234,4549.358887,4501.153809,4390.512695,4520.384766,4491.538574,2507,1,25,2568,49818,,,,0,4,4,4,4,4,4,4,4,4,4,4,4,4,4,4,4,4,4,4,4,4,4,4,4,4,4,4,4,4,4,4,4,100,,,,,,,,,,,,,,,,,,,,,,,,,,,,,,,,,,,27879,0,0.263707,-0.598633,-0.734192,0.181824,0.97131,0.23538,0.055671,24.5,28.666666,42.833332,,,,,,,,,,,,,,,,,,,,,,,,,,,,,,,,,,,,,,,,,,,,,,,,,,,,,,,,,,,,,,,,,,,,,,,,,,,,,,,,,,,,,,,,,,,,,,,,,,,,,,,,,,,,,,,,,,,,,,,,,,,,,,,,,,,,,,,,,,,,,,,,,,,,,,,,,,,,,,,,
1764665238.826907,45982,0,4387.179688,4400.512695,4506.666504,4531.794922,4394.358887,4512.820313,4530,4393.077148,4583.589844,4413.974121,4490.128418,4518.333496,4563.333496,4395.256348,4378.077148,4500.769043,4544.358887,4533.205078,4513.846191,4395.641113,4403.589844,4573.717773,4514.230957,4506.794922,4393.461426,4574.743652,4391.025879,4556.410156,4504.871582,4394.743652,4523.717773,4493.205078,2658,1,25,2569,49826,,,,0,4,4,4,4,4,4,4,4,4,4,4,4,4,4,4,4,4,4,4,4,4,4,4,4,4,4,4,4,4,4,4,4,100,,,,,,,,,,,,,,,,,,,,,,,,,,,,,,,,,,,,,,,,,,,,,,,,,,,,,,,,,,,,,,,,,,,,,,,,,,,,,,,,,,,,,,,,,,,,,,,,,,,,,,,,,,,,,,,,,,,,,,,,,,,,,,,,,,,,,,,,,,,,,,,,,,,,,,,,,,,,,,,,,,,,,,,,,,,,,,,,,,,,,,,,,,,,,,,,,,,,,,,,,,,,,,
1764665238.830813,45983,0,4392.307617,4402.436035,4508.974121,4533.461426,4397.820313,4513.846191,4535.769043,4395.641113,4587.436035,4410.384766,4494.615234,4521.410156,4568.333496,4397.94873,4377.307617,4505.384766,4550.512695,4537.179688,4516.922852,4396.666504,4406.410156,4581.922852,4520.512695,4512.94873,4401.666504,4576.282227,4395.641113,4562.05127,4507.692383,4397.307617,4525.384766,4493.717773,2829,1,25,2569,49826,,,,0,4,4,4,4,4,4,4,4,4,4,4,4,4,4,4,4,4,4,4,4,4,4,4,4,4,4,4,4,4,4,4,4,100,,,,,,,,,,,,,,,,,,,,,,,,,,,,,,,,,,,,,,,,,,,,,,,,,,,,,,,,,,,,,,,,,,,,,,,,,,,,,,,,,,,,,,,,,,,,,,,,,,,,,,,,,,,,,,,,,,,,,,,,,,,,,,,,,,,,,,,,,,,,,,,,,,,,,,,,,,,,,,,,,,,,,,,,,,,,,,,,,,,,,,,,,,,,,,,,,,,,,,,,,,,,,,
1764665238.834719,45984,0,4393.974121,4401.282227,4507.820313,4530.769043,4396.922852,4513.205078,4537.820313,4393.333496,4589.871582,4400.384766,4496.410156,4521.922852,4570.384766,4398.333496,4375.384766,4507.563965,4554.230957,4539.615234,4517.307617,4393.205078,4405.128418,4586.410156,4525.256348,4514.871582,4408.846191,4575.897461,4395.641113,4564.102539,4508.461426,4396.153809,4524.230957,4492.05127,2757,1,25,2570,49834,,,,0,4,4,4,4,4,4,4,4,4,4,4,4,4,4,4,4,4,4,4,4,4,4,4,4,4,4,4,4,4,4,4,4,100,,,,,,,,,,,,,,,,,,,,,,,,,,,,,,,,,,,,,,,,,,,,,,,,,,,,,,,,,,,,,,,,,,,,,,,,,,,,,,,,,,,,,,,,,,,,,,,,,,,,,,,,,,,,,,,,,,,,,,,,,,,,,,,,,,,,,,,,,,,,,,,,,,,,,,,,,,,,,,,,,,,,,,,,,,,,,,,,,,,,,,,,,,,,,,,,,,,,,,,,,,,,,,
1764665238.838625,45985,0,4392.307617,4398.717773,4504.487305,4525.384766,4392.820313,4511.794922,4535.384766,4387.820313,4589.743652,4390.256348,4494.615234,4521.153809,4568.974121,4396.794922,4373.974121,4507.436035,4555.384766,4540.641113,4515.256348,4387.94873,4401.666504,4586.410156,4527.94873,4512.436035,4408.589844,4574.230957,4391.922852,4563.205078,4507.05127,4392.563965,4522.179688,4490.384766,2920,1,25,2570,49834,,,,0,4,4,4,4,4,4,4,4,4,4,4,4,4,4,4,4,4,4,4,4,4,4,4,4,4,4,4,4,4,4,4,4,100,,,,,,,,,,,,,,,,,,,,,,,,,,,,,,,,,,,27880,0,0.264048,-0.598633,-0.734009,0.182068,0.980588,0.216335,0.052252,22.833334,29.333334,42.833332,,,,,,,,,,,,,,,,,,,,,,,,,,,,,,,,,,,,,,,,,,,,,,,,,,,,,,,,,,,,,,,,,,,,,,,,,,,,,,,,,,,,,,,,,,,,,,,,,,,,,,,,,,,,,,,,,,,,,,,,,,,,,,,,,,,,,,,,,,,,,,,,,,,,,,,,,,,,,,,,
1764665238.842531,45986,1,4392.729004,4398.095215,4504.651855,4524.908203,4392.710449,4512.143066,4535.86084,4388.260254,4587.41748,4390.567871,4495.714355,4521.556641,4571.831543,4396.758301,4375.292969,4509.79834,4556.080566,4542.838867,4517.124512,4388.534668,4400.915527,4586.263672,4526.996094,4511.300293,4407.600586,4574.432129,4392.124512,4564.01123,4506.978027,4393.11377,4522.436035,4491.0625,0,1,25,0,0,,,,0,4,4,4,4,4,4,4,4,4,4,4,4,4,4,4,4,4,4,4,4,4,4,4,4,4,4,4,4,4,4,4,4,100,,,,,,,,,,,,,,,,,,,,,,,,,,,,,,,,,,,,,,,,,,,,,,,,,,,,,,,,,,,,,,,,,,,,,,,,,,,,,,,,,,,,,,,,,,,,,,,,,,,,,,,,,,,,,,,,,,,,,,,,,,,,,,,,,,,,,,,,,,,,,,,,,,,,,,,,,,,,,,,,,,,,,,,,,,,,,,,,,,,,,,,,,,,,,,,,,,,,,,,,,,,,,,
1764665238.846436,45987,1,4393.150391,4397.472656,4504.816895,4524.432129,4392.600586,4512.490723,4536.336914,4388.699707,4585.091797,4390.878906,4496.812988,4521.959473,4574.688477,4396.72168,4376.611816,4512.161133,4556.776367,4545.036621,4518.992676,4389.121094,4400.165039,4586.117188,4526.043945,4510.165039,4406.611816,4574.633789,4392.326172,4564.816895,4506.904785,4393.663086,4522.692383,4491.739746,0,1,25,0,0,,,,0,4,4,4,4,4,4,4,4,4,4,4,4,4,4,4,4,4,4,4,4,4,4,4,4,4,4,4,4,4,4,4,4,100,,,,,,,,,,,,,,,,,,,,,,,,,,,,,,,,,,,,,,,,,,,,,,,,,,,,,,,,,,,,,,,,,,,,,,,,,,,,,,,,,,,,,,,,,,,,,,,,,,,,,,,,,,,,,,,,,,,,,,,,,,,,,,,,,,,,,,,,,,,,,,,,,,,,,,,,,,,,,,,,,,,,,,,,,,,,,,,,,,,,,,,,,,,,,,,,,,,,,,,,,,,,,,
1764665238.850342,45988,1,4393.571289,4396.849609,4504.981445,4523.956055,4392.490723,4512.838867,4536.812988,4389.13916,4582.765625,4391.19043,4497.912109,4522.362793,4577.545898,4396.685059,4377.930176,4514.523926,4557.472656,4547.234375,4520.86084,4389.707031,4399.414063,4585.970703,4525.091797,4509.029297,4405.622559,4574.834961,4392.527344,4565.622559,4506.831543,4394.212402,4522.94873,4492.41748,0,1,25,0,0,,,,0,4,4,4,4,4,4,4,4,4,4,4,4,4,4,4,4,4,4,4,4,4,4,4,4,4,4,4,4,4,4,4,4,100,,,,,,,,,,,,,,,,,,,,,,,,,,,,,,,,,,,,,,,,,,,,,,,,,,,,,,,,,,,,,,,,,,,,,,,,,,,,,,,,,,,,,,,,,,,,,,,,,,,,,,,,,,,,,,,,,,,,,,,,,,,,,,,,,,,,,,,,,,,,,,,,,,,,,,,,,,,,,,,,,,,,,,,,,,,,,,,,,,,,,,,,,,,,,,,,,,,,,,,,,,,,,,
1764665238.854248,45989,1,4393.992676,4396.227051,4505.146484,4523.47998,4392.380859,4513.187012,4537.289551,4389.578613,4580.439453,4391.501953,4499.01123,4522.765625,4580.402832,4396.648438,4379.249023,4516.88623,4558.168457,4549.432129,4522.729004,4390.292969,4398.663086,4585.824219,4524.13916,4507.893555,4404.633789,4575.036621,4392.729004,4566.428711,4506.758301,4394.761719,4523.205078,4493.095215,0,1,25,0,0,,,,0,4,4,4,4,4,4,4,4,4,4,4,4,4,4,4,4,4,4,4,4,4,4,4,4,4,4,4,4,4,4,4,4,100,,,,,,,,,,,,,,,,,,,,,,,,,,,,,,,,,,,,,,,,,,,,,,,,,,,,,,,,,,,,,,,,,,,,,,,,,,,,,,,,,,,,,,,,,,,,,,,,,,,,,,,,,,,,,,,,,,,,,,,,,,,,,,,,,,,,,,,,,,,,,,,,,,,,,,,,,,,,,,,,,,,,,,,,,,,,,,,,,,,,,,,,,,,,,,,,,,,,,,,,,,,,,,
1764665238.858154,45990,1,4394.414063,4395.604492,4505.311523,4523.003906,4392.270996,4513.534668,4537.765625,4390.018555,4578.11377,4391.812988,4500.109863,4523.168457,4583.260254,4396.611816,4380.567871,4519.249023,4558.864258,4551.629883,4524.597168,4390.878906,4397.912109,4585.677734,4523.187012,4506.758301,4403.644531,4575.238281,4392.930176,4567.234375,4506.685059,4395.311523,4523.461426,4493.772949,0,1,25,0,0,,,,0,4,4,4,4,4,4,4,4,4,4,4,4,4,4,4,4,4,4,4,4,4,4,4,4,4,4,4,4,4,4,4,4,100,,,,,,,,,,,,,,,,,,,,,,,,,,,,,,,,,,,,,,,,,,,,,,,,,,,,,,,,,,,,,,,,,,,,,,,,,,,,,,,,,,,,,,,,,,,,,,,,,,,,,,,,,,,,,,,,,,,,,,,,,,,,,,,,,,,,,,,,,,,,,,,,,,,,,,,,,,,,,,,,,,,,,,,,,,,,,,,,,,,,,,,,,,,,,,,,,,,,,,,,,,,,,,
1764665238.862059,45991,1,4394.834961,4394.981445,4505.476074,4522.527344,4392.161133,4513.882813,4538.241699,4390.458008,4575.787598,4392.124512,4501.208984,4523.571289,4586.117188,4396.575195,4381.88623,4521.611816,4559.560547,4553.827637,4526.465332,4391.465332,4397.161133,4585.53125,4522.234375,4505.622559,4402.655762,4575.439453,4393.131836,4568.040527,4506.611816,4395.86084,4523.717773,4494.450684,0,1,25,0,0,,,,0,4,4,4,4,4,4,4,4,4,4,4,4,4,4,4,4,4,4,4,4,4,4,4,4,4,4,4,4,4,4,4,4,100,,,,,,,,,,,,,,,,,,,,,,,,,,,,,,,,,,,27881,1,0.26409,-0.598633,-0.733978,0.182129,0.981321,0.217556,0.052252,23.333334,29.083334,43.166668,,,,,,,,,,,,,,,,,,,,,,,,,,,,,,,,,,,,,,,,,,,,,,,,,,,,,,,,,,,,,,,,,,,,,,,,,,,,,,,,,,,,,,,,,,,,,,,,,,,,,,,,,,,,,,,,,,,,,,,,,,,,,,,,,,,,,,,,,,,,,,,,,,,,,,,,,,,,,,,,
1764665238.865965,45992,0,4395.256348,4394.358887,4505.641113,4522.05127,4392.05127,4514.230957,4538.717773,4390.897461,4573.461426,4392.436035,4502.307617,4523.974121,4588.974121,4396.538574,4383.205078,4523.974121,4560.256348,4556.025879,4528.333496,4392.05127,4396.410156,4585.384766,4521.282227,4504.487305,4401.666504,4575.641113,4393.333496,4568.846191,4506.538574,4396.410156,4523.974121,4495.128418,2862,1,25,2574,49865,,,,0,4,4,4,4,4,4,4,4,4,4,4,4,4,4,4,4,4,4,4,4,4,4,4,4,4,4,4,4,4,4,4,4,100,,,,,,,,,,,,,,,,,,,,,,,,,,,,,,,,,,,,,,,,,,,,,,,,,,,,,,,,,,,,,,,,,,,,,,,,,,,,,,,,,,,,,,,,,,,,,,,,,,,,,,,,,,,,,,,,,,,,,,,,,,,,,,,,,,,,,,,,,,,,,,,,,,,,,,,,,,,,,,,,,,,,,,,,,,,,,,,,,,,,,,,,,,,,,,,,,,,,,,,,,,,,,,
1764665238.869871,45993,0,4392.563965,4392.94873,4502.820313,4519.871582,4391.153809,4515.769043,4534.230957,4388.205078,4567.820313,4388.205078,4500.128418,4520.256348,4585.897461,4396.282227,4382.05127,4521.538574,4554.615234,4555.128418,4523.205078,4388.589844,4395,4579.102539,4518.077148,4499.230957,4396.153809,4575.897461,4390.512695,4565.384766,4506.410156,4395.769043,4520.769043,4496.794922,2712,1,25,2574,49865,,,,0,4,4,4,4,4,4,4,4,4,4,4,4,4,4,4,4,4,4,4,4,4,4,4,4,4,4,4,4,4,4,4,4,100,,,,,,,,,,,,,,,,,,,,,,,,,,,,,,,,,,,27882,0,0.264133,-0.598633,-0.733948,0.18219,0.982053,0.218777,0.052252,23.833334,28.833334,43.5,,,,,,,,,,,,,,,,,,,,,,,,,,,,,,,,,,,,,,,,,,,,,,,,,,,,,,,,,,,,,,,,,,,,,,,,,,,,,,,,,,,,,,,,,,,,,,,,,,,,,,,,,,,,,,,,,,,,,,,,,,,,,,,,,,,,,,,,,,,,,,,,,,,,,,,,,,,,,,,,
1764665238.873777,45994,0,4394.358887,4397.436035,4504.230957,4521.410156,4395.769043,4521.410156,4533.974121,4390.769043,4568.974121,4391.025879,4501.025879,4522.563965,4585.384766,4398.461426,4384.102539,4521.666504,4551.410156,4556.153809,4520.384766,4390,4396.538574,4575.641113,4519.230957,4497.307617,4392.820313,4577.820313,4391.922852,4564.743652,4508.974121,4400.256348,4522.563965,4503.589844,2283,1,25,2574,49873,,,,0,4,4,4,4,4,4,4,4,4,4,4,4,4,4,4,4,4,4,4,4,4,4,4,4,4,4,4,4,4,4,4,4,100,,,,,,,,,,,,,,,,,,,,,,,,,,,,,,,,,,,,,,,,,,,,,,,,,,,,,,,,,,,,,,,,,,,,,,,,,,,,,,,,,,,,,,,,,,,,,,,,,,,,,,,,,,,,,,,,,,,,,,,,,,,,,,,,,,,,,,,,,,,,,,,,,,,,,,,,,,,,,,,,,,,,,,,,,,,,,,,,,,,,,,,,,,,,,,,,,,,,,,,,,,,,,,
1764665238.877683,45995,0,4398.717773,4404.743652,4508.717773,4525.256348,4402.179688,4526.794922,4538.461426,4396.666504,4575.641113,4398.717773,4504.102539,4527.94873,4586.538574,4402.05127,4386.794922,4522.179688,4550.769043,4556.410156,4520.128418,4393.846191,4398.333496,4574.743652,4522.05127,4497.179688,4393.205078,4579.615234,4395.897461,4565,4511.794922,4406.922852,4527.179688,4510.384766,2689,1,25,2574,49873,,,,0,4,4,4,4,4,4,4,4,4,4,4,4,4,4,4,4,4,4,4,4,4,4,4,4,4,4,4,4,4,4,4,4,100,,,,,,,,,,,,,,,,,,,,,,,,,,,,,,,,,,,,,,,,,,,,,,,,,,,,,,,,,,,,,,,,,,,,,,,,,,,,,,,,,,,,,,,,,,,,,,,,,,,,,,,,,,,,,,,,,,,,,,,,,,,,,,,,,,,,,,,,,,,,,,,,,,,,,,,,,,,,,,,,,,,,,,,,,,,,,,,,,,,,,,,,,,,,,,,,,,,,,,,,,,,,,,
1764665238.881588,45996,0,4400.897461,4409.102539,4513.077148,4528.333496,4405.256348,4527.436035,4544.230957,4401.410156,4582.05127,4405.128418,4506.025879,4531.153809,4586.282227,4404.358887,4387.94873,4520.256348,4550.256348,4553.077148,4519.871582,4395.512695,4398.077148,4574.102539,4521.922852,4496.538574,4396.025879,4578.717773,4398.077148,4563.717773,4512.179688,4410.897461,4530.384766,4511.922852,2492,1,25,2572,49881,,,,0,4,4,4,4,4,4,4,4,4,4,4,4,4,4,4,4,4,4,4,4,4,4,4,4,4,4,4,4,4,4,4,4,100,,,,,,,,,,,,,,,,,,,,,,,,,,,,,,,,,,,,,,,,,,,,,,,,,,,,,,,,,,,,,,,,,,,,,,,,,,,,,,,,,,,,,,,,,,,,,,,,,,,,,,,,,,,,,,,,,,,,,,,,,,,,,,,,,,,,,,,,,,,,,,,,,,,,,,,,,,,,,,,,,,,,,,,,,,,,,,,,,,,,,,,,,,,,,,,,,,,,,,,,,,,,,,
1764665238.885494,45997,0,4397.436035,4406.794922,4513.077148,4528.846191,4401.538574,4522.179688,4546.538574,4401.410156,4583.077148,4404.871582,4503.846191,4528.717773,4582.307617,4403.717773,4386.666504,4514.871582,4546.666504,4546.282227,4517.179688,4392.563965,4395.256348,4571.282227,4516.410156,4494.102539,4396.922852,4574.487305,4394.487305,4560.128418,4508.461426,4409.102539,4528.846191,4505.769043,2230,1,25,2572,49881,,,,0,4,4,4,4,4,4,4,4,4,4,4,4,4,4,4,4,4,4,4,4,4,4,4,4,4,4,4,4,4,4,4,4,100,,,,,,,,,,,,,,,,,,,,,,,,,,,,,,,,,,,27883,0,0.26425,-0.598694,-0.733826,0.182312,0.981077,0.213893,0.048346,23.5,29.166666,43.833332,,,,,,,,,,,,,,,,,,,,,,,,,,,,,,,,,,,,,,,,,,,,,,,,,,,,,,,,,,,,,,,,,,,,,,,,,,,,,,,,,,,,,,,,,,,,,,,,,,,,,,,,,,,,,,,,,,,,,,,,,,,,,,,,,,,,,,,,,,,,,,,,,,,,,,,,,,,,,,,,
1764665238.889400,45998,0,4388.974121,4398.461426,4507.820313,4526.153809,4392.436035,4513.717773,4542.436035,4396.025879,4577.94873,4396.282227,4496.922852,4520.897461,4575,4400,4384.230957,4508.333496,4538.717773,4538.077148,4511.794922,4385.641113,4391.538574,4565.641113,4506.410156,4490.384766,4392.820313,4568.589844,4385.256348,4555,4501.922852,4401.794922,4522.436035,4494.615234,2706,1,25,2570,49888,,,,0,4,4,4,4,4,4,4,4,4,4,4,4,4,4,4,4,4,4,4,4,4,4,4,4,4,4,4,4,4,4,4,4,100,,,,,,,,,,,,,,,,,,,,,,,,,,,,,,,,,,,,,,,,,,,,,,,,,,,,,,,,,,,,,,,,,,,,,,,,,,,,,,,,,,,,,,,,,,,,,,,,,,,,,,,,,,,,,,,,,,,,,,,,,,,,,,,,,,,,,,,,,,,,,,,,,,,,,,,,,,,,,,,,,,,,,,,,,,,,,,,,,,,,,,,,,,,,,,,,,,,,,,,,,,,,,,
1764665238.893306,45999,0,4378.974121,4388.974121,4500.128418,4521.410156,4383.461426,4505.769043,4533.717773,4387.307617,4570.769043,4383.333496,4488.461426,4511.025879,4567.05127,4395.128418,4382.307617,4503.461426,4528.974121,4531.922852,4505.512695,4378.589844,4388.974121,4558.717773,4496.538574,4486.922852,4384.743652,4564.487305,4374.743652,4550.512695,4495.897461,4393.333496,4514.871582,4484.743652,2492,1,25,2570,49888,,,,0,4,4,4,4,4,4,4,4,4,4,4,4,4,4,4,4,4,4,4,4,4,4,4,4,4,4,4,4,4,4,4,4,100,,,,,,,,,,,,,,,,,,,,,,,,,,,,,,,,,,,,,,,,,,,,,,,,,,,,,,,,,,,,,,,,,,,,,,,,,,,,,,,,,,,,,,,,,,,,,,,,,,,,,,,,,,,,,,,,,,,,,,,,,,,,,,,,,,,,,,,,,,,,,,,,,,,,,,,,,,,,,,,,,,,,,,,,,,,,,,,,,,,,,,,,,,,,,,,,,,,,,,,,,,,,,,
1764665238.897211,46000,0,4372.307617,4384.102539,4495.641113,4517.179688,4380.512695,4501.025879,4525.384766,4380.128418,4567.94873,4374.615234,4482.94873,4504.230957,4562.179688,4392.692383,4383.461426,4502.563965,4522.05127,4530.512695,4501.282227,4376.153809,4388.846191,4553.846191,4492.307617,4485.897461,4378.205078,4565.256348,4369.487305,4548.589844,4494.230957,4389.102539,4511.666504,4482.307617,2857,1,25,2571,49896,,,,0,4,4,4,4,4,4,4,4,4,4,4,4,4,4,4,4,4,4,4,4,4,4,4,4,4,4,4,4,4,4,4,4,100,,,,,,,,,,,,,,,,,,,,,,,,,,,,,,,,,,,,,,,,,,,,,,,,,,,,,,,,,,,,,,,,,,,,,,,,,,,,,,,,,,,,,,,,,,,,,,,,,,,,,,,,,,,,,,,,,,,,,,,,,,,,,,,,,,,,,,,,,,,,,,,,,,,,,,,,,,,,,,,,,,,,,,,,,,,,,,,,,,,,,,,,,,,,,,,,,,,,,,,,,,,,,,
1764665238.901117,46001,0,4372.563965,4386.794922,4498.846191,4516.922852,4386.282227,4501.025879,4522.94873,4378.974121,4573.717773,4378.077148,4483.589844,4504.615234,4562.563965,4395.256348,4388.461426,4505.384766,4521.922852,4534.230957,4501.538574,4380.769043,4391.794922,4553.846191,4496.794922,4488.589844,4379.358887,4572.05127,4372.692383,4551.025879,4497.820313,4392.563965,4515.897461,4489.102539,2898,1,25,2571,49896,,,,0,4,4,4,4,4,4,4,4,4,4,4,4,4,4,4,4,4,4,4,4,4,4,4,4,4,4,4,4,4,4,4,4,100,,,,,,,,,,,,,,,,,,,,,,,,,,,,,,,,,,,27884,0,0.264377,-0.598694,-0.733765,0.182373,0.981077,0.213893,0.048346,25,28.833334,43.833332,,,,,,,,,,,,,,,,,,,,,,,,,,,,,,,,,,,,,,,,,,,,,,,,,,,,,,,,,,,,,,,,,,,,,,,,,,,,,,,,,,,,,,,,,,,,,,,,,,,,,,,,,,,,,,,,,,,,,,,,,,,,,,,,,,,,,,,,,,,,,,,,,,,,,,,,,,,,,,,,
1764665238.905023,46002,0,4378.589844,4394.743652,4508.205078,4521.538574,4397.436035,4505.128418,4528.333496,4384.615234,4585.641113,4394.102539,4489.230957,4511.794922,4567.179688,4401.410156,4395.256348,4509.487305,4528.717773,4540,4505.897461,4389.743652,4396.538574,4558.717773,4507.179688,4493.717773,4389.487305,4580.769043,4382.05127,4556.922852,4504.487305,4401.282227,4524.871582,4500.256348,1759,1,25,2572,49904,,,,0,4,4,4,4,4,4,4,4,4,4,4,4,4,4,4,4,4,4,4,4,4,4,4,4,4,4,4,4,4,4,4,4,100,,,,,,,,,,,,,,,,,,,,,,,,,,,,,,,,,,,,,,,,,,,,,,,,,,,,,,,,,,,,,,,,,,,,,,,,,,,,,,,,,,,,,,,,,,,,,,,,,,,,,,,,,,,,,,,,,,,,,,,,,,,,,,,,,,,,,,,,,,,,,,,,,,,,,,,,,,,,,,,,,,,,,,,,,,,,,,,,,,,,,,,,,,,,,,,,,,,,,,,,,,,,,,
1764665238.908929,46003,0,4385.512695,4401.666504,4516.025879,4527.692383,4406.538574,4510.641113,4537.692383,4392.692383,4595.256348,4413.077148,4494.487305,4519.871582,4571.282227,4406.282227,4398.461426,4511.153809,4537.307617,4542.436035,4510.641113,4396.282227,4399.615234,4564.358887,4515.512695,4497.436035,4403.333496,4585,4389.743652,4562.436035,4509.487305,4408.205078,4531.282227,4507.179688,2949,1,25,2572,49904,,,,0,4,4,4,4,4,4,4,4,4,4,4,4,4,4,4,4,4,4,4,4,4,4,4,4,4,4,4,4,4,4,4,4,100,,,,,,,,,,,,,,,,,,,,,,,,,,,,,,,,,,,,,,,,,,,,,,,,,,,,,,,,,,,,,,,,,,,,,,,,,,,,,,,,,,,,,,,,,,,,,,,,,,,,,,,,,,,,,,,,,,,,,,,,,,,,,,,,,,,,,,,,,,,,,,,,,,,,,,,,,,,,,,,,,,,,,,,,,,,,,,,,,,,,,,,,,,,,,,,,,,,,,,,,,,,,,,
1764665238.912834,46004,0,4387.05127,4401.922852,4514.615234,4529.487305,4406.538574,4512.820313,4543.205078,4396.025879,4594.230957,4421.153809,4493.846191,4521.922852,4570.641113,4404.358887,4393.077148,4507.179688,4540.769043,4536.922852,4511.538574,4393.974121,4396.922852,4565.769043,4515,4495.641113,4411.922852,4579.743652,4388.846191,4562.436035,4508.589844,4406.666504,4528.717773,4503.461426,2515,1,25,2569,49912,,,,0,4,4,4,4,4,4,4,4,4,4,4,4,4,4,4,4,4,4,4,4,4,4,4,4,4,4,4,4,4,4,4,4,100,,,,,,,,,,,,,,,,,,,,,,,,,,,,,,,,,,,,,,,,,,,,,,,,,,,,,,,,,,,,,,,,,,,,,,,,,,,,,,,,,,,,,,,,,,,,,,,,,,,,,,,,,,,,,,,,,,,,,,,,,,,,,,,,,,,,,,,,,,,,,,,,,,,,,,,,,,,,,,,,,,,,,,,,,,,,,,,,,,,,,,,,,,,,,,,,,,,,,,,,,,,,,,
1764665238.916740,46005,0,4381.153809,4394.871582,4503.333496,4523.846191,4396.922852,4509.615234,4539.743652,4390.512695,4580.897461,4411.410156,4486.282227,4515.897461,4563.846191,4394.102539,4379.102539,4498.461426,4536.153809,4524.358887,4506.538574,4382.05127,4387.692383,4560.769043,4505.769043,4487.820313,4409.230957,4566.666504,4378.077148,4554.743652,4501.025879,4395.512695,4516.794922,4490,2812,1,25,2569,49912,,,,0,4,4,4,4,4,4,4,4,4,4,4,4,4,4,4,4,4,4,4,4,4,4,4,4,4,4,4,4,4,4,4,4,100,,,,,,,,,,,,,,,,,,,,,,,,,,,,,,,,,,,27885,0,0.264335,-0.598694,-0.733765,0.182434,0.969845,0.209498,0.046881,24.166666,28.833334,44.666668,,,,,,,,,,,,,,,,,,,,,,,,,,,,,,,,,,,,,,,,,,,,,,,,,,,,,,,,,,,,,,,,,,,,,,,,,,,,,,,,,,,,,,,,,,,,,,,,,,,,,,,,,,,,,,,,,,,,,,,,,,,,,,,,,,,,,,,,,,,,,,,,,,,,,,,,,,,,,,,,
1764665238.920646,46006,0,4371.922852,4385.641113,4489.358887,4513.717773,4384.102539,4503.589844,4528.974121,4378.589844,4562.94873,4389.743652,4475.897461,4506.410156,4554.487305,4380.384766,4363.333496,4488.974121,4526.538574,4511.410156,4498.461426,4366.666504,4376.666504,4553.333496,4494.487305,4478.333496,4396.794922,4553.589844,4364.358887,4543.461426,4491.666504,4381.666504,4502.692383,4475,2919,1,25,2570,49920,,,,0,4,4,4,4,4,4,4,4,4,4,4,4,4,4,4,4,4,4,4,4,4,4,4,4,4,4,4,4,4,4,4,4,100,,,,,,,,,,,,,,,,,,,,,,,,,,,,,,,,,,,,,,,,,,,,,,,,,,,,,,,,,,,,,,,,,,,,,,,,,,,,,,,,,,,,,,,,,,,,,,,,,,,,,,,,,,,,,,,,,,,,,,,,,,,,,,,,,,,,,,,,,,,,,,,,,,,,,,,,,,,,,,,,,,,,,,,,,,,,,,,,,,,,,,,,,,,,,,,,,,,,,,,,,,,,,,
1764665238.924552,46007,0,4366.794922,4382.179688,4482.820313,4506.666504,4377.563965,4500.256348,4518.717773,4368.333496,4551.282227,4370.769043,4469.487305,4501.153809,4548.333496,4371.410156,4354.743652,4483.333496,4520.128418,4506.538574,4493.205078,4357.307617,4371.410156,4550.641113,4490.128418,4474.102539,4383.717773,4549.743652,4357.94873,4536.538574,4486.922852,4374.743652,4496.410156,4468.717773,2834,1,25,2570,49920,,,,0,4,4,4,4,4,4,4,4,4,4,4,4,4,4,4,4,4,4,4,4,4,4,4,4,4,4,4,4,4,4,4,4,100,,,,,,,,,,,,,,,,,,,,,,,,,,,,,,,,,,,,,,,,,,,,,,,,,,,,,,,,,,,,,,,,,,,,,,,,,,,,,,,,,,,,,,,,,,,,,,,,,,,,,,,,,,,,,,,,,,,,,,,,,,,,,,,,,,,,,,,,,,,,,,,,,,,,,,,,,,,,,,,,,,,,,,,,,,,,,,,,,,,,,,,,,,,,,,,,,,,,,,,,,,,,,,
1764665238.928458,46008,0,4369.871582,4387.692383,4488.205078,4507.94873,4381.922852,4503.077148,4516.538574,4367.179688,4552.179688,4366.538574,4471.025879,4504.743652,4548.974121,4372.05127,4358.333496,4483.846191,4523.077148,4513.205078,4495.256348,4360.128418,4376.153809,4556.922852,4496.153809,4478.717773,4379.230957,4557.94873,4364.230957,4539.230957,4490.512695,4379.358887,4502.563965,4475.641113,2756,1,25,2571,49927,,,,0,4,4,4,4,4,4,4,4,4,4,4,4,4,4,4,4,4,4,4,4,4,4,4,4,4,4,4,4,4,4,4,4,100,,,,,,,,,,,,,,,,,,,,,,,,,,,,,,,,,,,,,,,,,,,,,,,,,,,,,,,,,,,,,,,,,,,,,,,,,,,,,,,,,,,,,,,,,,,,,,,,,,,,,,,,,,,,,,,,,,,,,,,,,,,,,,,,,,,,,,,,,,,,,,,,,,,,,,,,,,,,,,,,,,,,,,,,,,,,,,,,,,,,,,,,,,,,,,,,,,,,,,,,,,,,,,
1764665238.932363,46009,0,4378.974121,4398.589844,4500.512695,4516.410156,4393.205078,4509.615234,4522.692383,4375,4562.307617,4376.794922,4477.820313,4514.743652,4555.128418,4380.256348,4370.897461,4489.230957,4534.487305,4526.794922,4504.102539,4373.077148,4387.94873,4569.487305,4508.205078,4489.487305,4386.410156,4572.179688,4378.974121,4549.743652,4499.230957,4391.153809,4516.282227,4490.384766,2810,1,25,2571,49927,,,,0,4,4,4,4,4,4,4,4,4,4,4,4,4,4,4,4,4,4,4,4,4,4,4,4,4,4,4,4,4,4,4,4,100,,,,,,,,,,,,,,,,,,,,,,,,,,,,,,,,,,,27886,0,0.264504,-0.598694,-0.733704,0.182434,0.96838,0.220242,0.061043,24.833334,28.666666,45.333332,,,,,,,,,,,,,,,,,,,,,,,,,,,,,,,,,,,,,,,,,,,,,,,,,,,,,,,,,,,,,,,,,,,,,,,,,,,,,,,,,,,,,,,,,,,,,,,,,,,,,,,,,,,,,,,,,,,,,,,,,,,,,,,,,,,,,,,,,,,,,,,,,,,,,,,,,,,,,,,,
1764665238.936269,46010,0,4386.153809,4405.641113,4508.974121,4524.358887,4401.410156,4513.846191,4529.743652,4383.717773,4571.410156,4390,4483.846191,4523.333496,4561.153809,4387.563965,4383.333496,4495.256348,4545.512695,4538.333496,4514.102539,4387.05127,4398.333496,4579.743652,4517.05127,4498.461426,4398.846191,4581.282227,4390.641113,4559.230957,4505.897461,4399.871582,4525.641113,4501.282227,1951,1,25,2572,49935,,,,0,4,4,4,4,4,4,4,4,4,4,4,4,4,4,4,4,4,4,4,4,4,4,4,4,4,4,4,4,4,4,4,4,100,,,,,,,,,,,,,,,,,,,,,,,,,,,,,,,,,,,,,,,,,,,,,,,2.722566,3.328654,0.728094,0.77731,0.785709,2.890111,1.914943,0.911476,0.994701,0.95892,2.275458,1.64253,1.23295,1.335353,1.089638,1.30708,1.280419,1.209187,0.863223,0.804307,2.120242,1.826083,1.032779,0.928818,0.970792,2.675563,2.151334,0.723937,1.0053,0.780922,1.951697,2.822601,0.846245,0.928064,0.819249,1.295191,1.166736,0.727438,0.832168,0.910232,1.70735,0.934099,1.102435,0.867735,1.016719,3.207403,1.673518,2.206517,1.739429,1.336958,1.124048,1.443831,0.759439,0.475636,0.729749,1.907688,5.011707,0.848188,0.975775,0.832871,1.525725,5.444726,0.75579,0.689637,0.728885,1.157619,1.182808,0.620126,0.478752,0.604275,0.714695,0.808544,0.626001,0.552242,0.685344,0.775573,4.639234,0.54894,0.450532,0.71618,2.811311,9.85028,0.95622,0.948658,0.999785,1.434648,6.108706,0.863072,0.779512,0.905228,0.686069,3.514091,0.627868,0.424958,0.597235,0.961663,2.043916,0.819423,0.645681,0.86507,1.472046,2.235311,0.654545,0.74054,0.841275,2.297245,8.533783,1.036312,0.841548,0.756839,1.990297,5.323053,0.758247,0.832653,0.762054,2.133189,4.38831,0.825239,0.847118,0.967665,3.870446,3.7176,1.465647,1.203821,1.614971,1.789122,0.990634,0.821091,0.814738,0.86745,2.598983,2.262423,0.872282,1.211837,0.945759,2.899723,3.643693,1.159816,1.188487,0.962487,1.65342,1.708722,0.56588,0.481555,0.451161,2.874731,2.426338,1.110373,0.91634,0.917966,2.653699,1.514445,0.881673,1.25135,0.975595,2.539936,1.635639,0.904827,1.187711,1.018993
1764665238.940175,46011,0,4385,4401.666504,4505.256348,4523.461426,4398.205078,4510.897461,4529.102539,4383.717773,4571.153809,4392.307617,4483.589844,4523.461426,4561.538574,4387.05127,4387.436035,4498.205078,4546.922852,4540.641113,4518.205078,4392.307617,4399.230957,4579.871582,4515.128418,4497.94873,4406.025879,4577.307617,4389.230957,4558.589844,4504.487305,4396.922852,4521.922852,4499.358887,2631,1,25,2572,49935,,,,0,4,4,4,4,4,4,4,4,4,4,4,4,4,4,4,4,4,4,4,4,4,4,4,4,4,4,4,4,4,4,4,4,100,,,,,,,,,,,,,,,,,,,,,,,,,,,,,,,,,,,,,,,,,,,,,,,,,,,,,,,,,,,,,,,,,,,,,,,,,,,,,,,,,,,,,,,,,,,,,,,,,,,,,,,,,,,,,,,,,,,,,,,,,,,,,,,,,,,,,,,,,,,,,,,,,,,,,,,,,,,,,,,,,,,,,,,,,,,,,,,,,,,,,,,,,,,,,,,,,,,,,,,,,,,,,,
1764665238.944081,46012,0,4374.358887,4387.179688,4491.025879,4512.05127,4384.102539,4501.153809,4518.333496,4372.436035,4560.897461,4379.358887,4476.922852,4513.974121,4555.512695,4378.974121,4382.05127,4497.436035,4536.025879,4533.205078,4514.102539,4386.666504,4389.487305,4569.102539,4502.436035,4486.794922,4401.794922,4562.436035,4373.974121,4546.025879,4494.871582,4382.563965,4506.410156,4485.769043,2684,1,25,2573,49943,,,,0,4,4,4,4,4,4,4,4,4,4,4,4,4,4,4,4,4,4,4,4,4,4,4,4,4,4,4,4,4,4,4,4,100,,,,,,,,,,,,,,,,,,,,,,,,,,,,,,,,,,,,,,,,,,,,,,,,,,,,,,,,,,,,,,,,,,,,,,,,,,,,,,,,,,,,,,,,,,,,,,,,,,,,,,,,,,,,,,,,,,,,,,,,,,,,,,,,,,,,,,,,,,,,,,,,,,,,,,,,,,,,,,,,,,,,,,,,,,,,,,,,,,,,,,,,,,,,,,,,,,,,,,,,,,,,,,
1764665238.947986,46013,0,4360.256348,4370.769043,4476.025879,4496.794922,4367.94873,4489.615234,4503.974121,4357.05127,4548.333496,4359.487305,4468.589844,4501.410156,4548.077148,4370.512695,4373.461426,4495.641113,4520,4523.333496,4506.410156,4376.666504,4376.153809,4554.358887,4487.05127,4471.794922,4388.846191,4547.179688,4354.743652,4528.717773,4482.692383,4366.025879,4489.743652,4470.128418,2501,1,25,2573,49943,,,,0,4,4,4,4,4,4,4,4,4,4,4,4,4,4,4,4,4,4,4,4,4,4,4,4,4,4,4,4,4,4,4,4,100,,,,,,,,,,,,,,,,,,,,,,,,,,,,,,,,,,,27887,0,0.264504,-0.598694,-0.733704,0.182434,0.967403,0.216335,0.047369,24.666666,29.166666,43.5,,,,,,,,,,,,,,,,,,,,,,,,,,,,,,,,,,,,,,,,,,,,,,,,,,,,,,,,,,,,,,,,,,,,,,,,,,,,,,,,,,,,,,,,,,,,,,,,,,,,,,,,,,,,,,,,,,,,,,,,,,,,,,,,,,,,,,,,,,,,,,,,,,,,,,,,,,,,,,,,
1764665238.951892,46014,0,4351.666504,4362.820313,4471.153809,4488.461426,4360.897461,4483.205078,4496.410156,4349.102539,4543.205078,4347.05127,4465.641113,4495.128418,4546.153809,4370,4371.153809,4497.179688,4510.897461,4520.641113,4502.179688,4371.922852,4369.487305,4545.769043,4479.230957,4463.333496,4376.282227,4542.307617,4345,4517.820313,4475.769043,4358.589844,4483.589844,4463.846191,2653,1,25,2574,49951,,,,0,4,4,4,4,4,4,4,4,4,4,4,4,4,4,4,4,4,4,4,4,4,4,4,4,4,4,4,4,4,4,4,4,100,,,,,,,,,,,,,,,,,,,,,,,,,,,,,,,,,,,,,,,,,,,,,,,,,,,,,,,,,,,,,,,,,,,,,,,,,,,,,,,,,,,,,,,,,,,,,,,,,,,,,,,,,,,,,,,,,,,,,,,,,,,,,,,,,,,,,,,,,,,,,,,,,,,,,,,,,,,,,,,,,,,,,,,,,,,,,,,,,,,,,,,,,,,,,,,,,,,,,,,,,,,,,,
1764665238.955798,46015,0,4354.358887,4367.692383,4479.230957,4492.94873,4367.94873,4485.769043,4501.153809,4354.871582,4549.743652,4350.897461,4471.410156,4499.230957,4552.820313,4379.230957,4378.589844,4504.487305,4515.641113,4529.358887,4505.897461,4377.307617,4373.717773,4548.717773,4483.333496,4467.05127,4371.538574,4550.512695,4351.666504,4520.384766,4478.077148,4365.769043,4491.922852,4471.153809,2824,1,25,2574,49951,,,,0,4,4,4,4,4,4,4,4,4,4,4,4,4,4,4,4,4,4,4,4,4,4,4,4,4,4,4,4,4,4,4,4,100,,,,,,,,,,,,,,,,,,,,,,,,,,,,,,,,,,,,,,,,,,,,,,,,,,,,,,,,,,,,,,,,,,,,,,,,,,,,,,,,,,,,,,,,,,,,,,,,,,,,,,,,,,,,,,,,,,,,,,,,,,,,,,,,,,,,,,,,,,,,,,,,,,,,,,,,,,,,,,,,,,,,,,,,,,,,,,,,,,,,,,,,,,,,,,,,,,,,,,,,,,,,,,
1764665238.959704,46016,0,4366.153809,4382.05127,4494.871582,4507.05127,4383.974121,4495.512695,4514.230957,4370.384766,4563.589844,4367.436035,4483.717773,4510,4564.871582,4392.563965,4391.025879,4515.256348,4530.256348,4544.743652,4514.615234,4388.974121,4384.615234,4560,4495.256348,4480,4375.128418,4565.128418,4370.256348,4534.230957,4487.05127,4383.205078,4508.717773,4486.794922,2751,1,25,2575,49959,,,,0,4,4,4,4,4,4,4,4,4,4,4,4,4,4,4,4,4,4,4,4,4,4,4,4,4,4,4,4,4,4,4,4,100,,,,,,,,,,,,,,,,,,,,,,,,,,,,,,,,,,,,,,,,,,,,,,,,,,,,,,,,,,,,,,,,,,,,,,,,,,,,,,,,,,,,,,,,,,,,,,,,,,,,,,,,,,,,,,,,,,,,,,,,,,,,,,,,,,,,,,,,,,,,,,,,,,,,,,,,,,,,,,,,,,,,,,,,,,,,,,,,,,,,,,,,,,,,,,,,,,,,,,,,,,,,,,
1764665238.963610,46017,0,4379.358887,4396.666504,4508.589844,4521.153809,4398.974121,4505.897461,4526.282227,4385.256348,4575.512695,4385.256348,4495.128418,4519.871582,4575.128418,4401.666504,4399.487305,4523.846191,4543.974121,4557.436035,4521.666504,4397.94873,4392.436035,4571.025879,4506.538574,4492.563965,4382.179688,4576.410156,4388.461426,4550,4496.153809,4400.128418,4523.846191,4500.384766,2913,1,25,2575,49959,,,,0,4,4,4,4,4,4,4,4,4,4,4,4,4,4,4,4,4,4,4,4,4,4,4,4,4,4,4,4,4,4,4,4,100,,,,,,,,,,,,,,,,,,,,,,,,,,,,,,,,,,,27888,0,0.264504,-0.598694,-0.733704,0.182434,0.971798,0.20608,0.059089,23.5,29.166666,46,,,,,,,,,,,,,,,,,,,,,,,,,,,,,,,,,,,,,,,,,,,,,,,,,,,,,,,,,,,,,,,,,,,,,,,,,,,,,,,,,,,,,,,,,,,,,,,,,,,,,,,,,,,,,,,,,,,,,,,,,,,,,,,,,,,,,,,,,,,,,,,,,,,,,,,,,,,,,,,,
1764665238.967515,46018,0,4386.666504,4404.102539,4514.487305,4527.820313,4404.871582,4511.282227,4530.384766,4390.769043,4579.102539,4395,4499.871582,4523.717773,4578.077148,4402.563965,4399.487305,4526.282227,4547.94873,4560.256348,4522.179688,4397.94873,4391.153809,4574.230957,4511.282227,4496.666504,4387.94873,4578.846191,4396.794922,4558.717773,4500.641113,4408.717773,4530,4505.128418,2595,1,25,2576,49967,,,,0,4,4,4,4,4,4,4,4,4,4,4,4,4,4,4,4,4,4,4,4,4,4,4,4,4,4,4,4,4,4,4,4,100,,,,,,,,,,,,,,,,,,,,,,,,,,,,,,,,,,,,,,,,,,,,,,,,,,,,,,,,,,,,,,,,,,,,,,,,,,,,,,,,,,,,,,,,,,,,,,,,,,,,,,,,,,,,,,,,,,,,,,,,,,,,,,,,,,,,,,,,,,,,,,,,,,,,,,,,,,,,,,,,,,,,,,,,,,,,,,,,,,,,,,,,,,,,,,,,,,,,,,,,,,,,,,
1764665238.971421,46019,0,4386.410156,4402.820313,4512.563965,4526.282227,4400.897461,4511.025879,4527.179688,4386.666504,4574.871582,4395.384766,4497.820313,4522.436035,4574.230957,4398.846191,4393.589844,4523.077148,4541.922852,4554.615234,4516.922852,4390.512695,4382.94873,4568.717773,4510.641113,4491.153809,4391.794922,4574.487305,4393.589844,4557.94873,4500.256348,4407.563965,4526.794922,4501.410156,2848,1,25,2576,49967,,,,0,4,4,4,4,4,4,4,4,4,4,4,4,4,4,4,4,4,4,4,4,4,4,4,4,4,4,4,4,4,4,4,4,100,,,,,,,,,,,,,,,,,,,,,,,,,,,,,,,,,,,,,,,,,,,,,,,,,,,,,,,,,,,,,,,,,,,,,,,,,,,,,,,,,,,,,,,,,,,,,,,,,,,,,,,,,,,,,,,,,,,,,,,,,,,,,,,,,,,,,,,,,,,,,,,,,,,,,,,,,,,,,,,,,,,,,,,,,,,,,,,,,,,,,,,,,,,,,,,,,,,,,,,,,,,,,,
1764665238.975327,46020,0,4381.922852,4397.05127,4507.307617,4521.922852,4392.692383,4508.846191,4523.077148,4379.230957,4568.589844,4391.666504,4493.333496,4520.128418,4569.102539,4396.666504,4388.333496,4518.974121,4532.307617,4546.922852,4511.025879,4382.94873,4374.871582,4559.230957,4508.717773,4482.05127,4394.487305,4569.487305,4384.615234,4551.794922,4498.205078,4401.282227,4519.615234,4494.743652,2741,1,25,2576,49974,,,,0,4,4,4,4,4,4,4,4,4,4,4,4,4,4,4,4,4,4,4,4,4,4,4,4,4,4,4,4,4,4,4,4,100,,,,,,,,,,,,,,,,,,,,,,,,,,,,,,,,,,,,,,,,,,,,,,,,,,,,,,,,,,,,,,,,,,,,,,,,,,,,,,,,,,,,,,,,,,,,,,,,,,,,,,,,,,,,,,,,,,,,,,,,,,,,,,,,,,,,,,,,,,,,,,,,,,,,,,,,,,,,,,,,,,,,,,,,,,,,,,,,,,,,,,,,,,,,,,,,,,,,,,,,,,,,,,
1764665238.979233,46021,0,4377.94873,4392.307617,4503.077148,4519.871582,4386.025879,4508.461426,4522.94873,4374.871582,4566.025879,4388.333496,4490.769043,4519.358887,4567.307617,4398.974121,4388.077148,4517.692383,4526.025879,4542.179688,4509.102539,4380.769043,4372.436035,4552.179688,4508.333496,4475.769043,4396.282227,4568.077148,4377.436035,4545.384766,4497.307617,4394.871582,4514.358887,4490.384766,2781,1,25,2576,49974,,,,0,4,4,4,4,4,4,4,4,4,4,4,4,4,4,4,4,4,4,4,4,4,4,4,4,4,4,4,4,4,4,4,4,100,,,,,,,,,,,,,,,,,,,,,,,,,,,,,,,,,,,27889,0,0.264323,-0.598755,-0.733765,0.182251,0.96838,0.22073,0.055183,26.166666,28.166666,44.5,,,,,,,,,,,,,,,,,,,,,,,,,,,,,,,,,,,,,,,,,,,,,,,,,,,,,,,,,,,,,,,,,,,,,,,,,,,,,,,,,,,,,,,,,,,,,,,,,,,,,,,,,,,,,,,,,,,,,,,,,,,,,,,,,,,,,,,,,,,,,,,,,,,,,,,,,,,,,,,,
1764665238.983138,46022,0,4376.538574,4391.666504,4501.666504,4520.384766,4383.333496,4509.230957,4526.538574,4375.256348,4567.94873,4386.025879,4491.410156,4519.102539,4569.102539,4403.974121,4391.922852,4519.102539,4524.871582,4540.769043,4511.153809,4383.333496,4375.128418,4550.128418,4508.589844,4474.871582,4397.05127,4570,4375.769043,4541.153809,4497.179688,4390.641113,4513.205078,4489.743652,2785,1,25,2576,49982,,,,0,4,4,4,4,4,4,4,4,4,4,4,4,4,4,4,4,4,4,4,4,4,4,4,4,4,4,4,4,4,4,4,4,100,,,,,,,,,,,,,,,,,,,,,,,,,,,,,,,,,,,,,,,,,,,,,,,,,,,,,,,,,,,,,,,,,,,,,,,,,,,,,,,,,,,,,,,,,,,,,,,,,,,,,,,,,,,,,,,,,,,,,,,,,,,,,,,,,,,,,,,,,,,,,,,,,,,,,,,,,,,,,,,,,,,,,,,,,,,,,,,,,,,,,,,,,,,,,,,,,,,,,,,,,,,,,,
1764665238.987044,46023,0,4376.538574,4393.333496,4501.794922,4520.128418,4383.077148,4508.461426,4529.871582,4377.05127,4571.153809,4383.846191,4493.589844,4516.282227,4571.282227,4406.538574,4395.641113,4519.230957,4526.153809,4539.487305,4513.205078,4385.897461,4377.820313,4551.282227,4506.666504,4477.179688,4396.794922,4571.410156,4377.820313,4538.717773,4496.666504,4388.717773,4514.358887,4491.410156,2973,1,25,2576,49982,,,,0,4,4,4,4,4,4,4,4,4,4,4,4,4,4,4,4,4,4,4,4,4,4,4,4,4,4,4,4,4,4,4,4,100,,,,,,,,,,,,,,,,,,,,,,,,,,,,,,,,,,,,,,,,,,,,,,,,,,,,,,,,,,,,,,,,,,,,,,,,,,,,,,,,,,,,,,,,,,,,,,,,,,,,,,,,,,,,,,,,,,,,,,,,,,,,,,,,,,,,,,,,,,,,,,,,,,,,,,,,,,,,,,,,,,,,,,,,,,,,,,,,,,,,,,,,,,,,,,,,,,,,,,,,,,,,,,
1764665238.990950,46024,0,4376.282227,4394.487305,4501.794922,4516.794922,4382.820313,4504.743652,4529.230957,4376.922852,4572.563965,4382.179688,4494.487305,4510.256348,4570.256348,4404.230957,4396.025879,4514.871582,4525.769043,4536.282227,4511.794922,4384.230957,4376.922852,4552.307617,4502.05127,4478.717773,4396.025879,4570,4379.871582,4537.692383,4495.256348,4387.94873,4514.871582,4492.94873,2856,1,25,2572,49990,,,,0,4,4,4,4,4,4,4,4,4,4,4,4,4,4,4,4,4,4,4,4,4,4,4,4,4,4,4,4,4,4,4,4,100,,,,,,,,,,,,,,,,,,,,,,,,,,,,,,,,,,,,,,,,,,,,,,,,,,,,,,,,,,,,,,,,,,,,,,,,,,,,,,,,,,,,,,,,,,,,,,,,,,,,,,,,,,,,,,,,,,,,,,,,,,,,,,,,,,,,,,,,,,,,,,,,,,,,,,,,,,,,,,,,,,,,,,,,,,,,,,,,,,,,,,,,,,,,,,,,,,,,,,,,,,,,,,
1764665238.994856,46025,0,4375.897461,4393.589844,4501.282227,4511.538574,4382.179688,4500,4525.769043,4374.615234,4571.538574,4383.077148,4493.077148,4503.974121,4565.769043,4399.230957,4393.461426,4506.794922,4523.077148,4532.05127,4506.666504,4379.102539,4373.846191,4551.282227,4497.692383,4478.461426,4394.743652,4566.922852,4379.487305,4538.717773,4494.487305,4388.205078,4514.358887,4493.589844,2705,1,25,2572,49990,,,,0,4,4,4,4,4,4,4,4,4,4,4,4,4,4,4,4,4,4,4,4,4,4,4,4,4,4,4,4,4,4,4,4,100,,,,,,,,,,,,,,,,,,,,,,,,,,,,,,,,,,,27890,0,0.264323,-0.598755,-0.733765,0.182251,0.967403,0.22073,0.042486,23.166666,28.666666,43.666668,,,,,,,,,,,,,,,,,,,,,,,,,,,,,,,,,,,,,,,,,,,,,,,,,,,,,,,,,,,,,,,,,,,,,,,,,,,,,,,,,,,,,,,,,,,,,,,,,,,,,,,,,,,,,,,,,,,,,,,,,,,,,,,,,,,,,,,,,,,,,,,,,,,,,,,,,,,,,,,,
1764665238.998761,46026,0,4376.666504,4392.05127,4501.410156,4508.846191,4382.94873,4498.461426,4523.461426,4372.94873,4571.025879,4387.436035,4490.897461,4501.410156,4561.025879,4396.282227,4391.282227,4500.128418,4520.512695,4529.871582,4501.666504,4375.512695,4373.589844,4550,4497.563965,4478.974121,4392.94873,4566.025879,4378.974121,4542.820313,4496.282227,4390.128418,4515.256348,4494.487305,2274,1,25,2313,49998,,,,0,4,4,4,4,4,4,4,4,4,4,4,4,4,4,4,4,4,4,4,4,4,4,4,4,4,4,4,4,4,4,4,4,100,,,,,,,,,,,,,,,,,,,,,,,,,,,,,,,,,,,,,,,,,,,,,,,,,,,,,,,,,,,,,,,,,,,,,,,,,,,,,,,,,,,,,,,,,,,,,,,,,,,,,,,,,,,,,,,,,,,,,,,,,,,,,,,,,,,,,,,,,,,,,,,,,,,,,,,,,,,,,,,,,,,,,,,,,,,,,,,,,,,,,,,,,,,,,,,,,,,,,,,,,,,,,,
1764665239.002667,46027,0,4379.487305,4392.307617,4503.717773,4512.179688,4387.05127,4501.922852,4526.410156,4375.256348,4574.102539,4393.461426,4490.769043,4504.487305,4559.743652,4398.333496,4392.692383,4499.487305,4522.05127,4531.794922,4500.769043,4378.205078,4379.615234,4551.922852,4503.077148,4483.461426,4391.282227,4570.512695,4381.794922,4550.128418,4501.282227,4393.974121,4520.512695,4498.077148,2678,1,25,2313,49998,,,,0,4,4,4,4,4,4,4,4,4,4,4,4,4,4,4,4,4,4,4,4,4,4,4,4,4,4,4,4,4,4,4,4,100,,,,,,,,,,,,,,,,,,,,,,,,,,,,,,,,,,,,,,,,,,,,,,,,,,,,,,,,,,,,,,,,,,,,,,,,,,,,,,,,,,,,,,,,,,,,,,,,,,,,,,,,,,,,,,,,,,,,,,,,,,,,,,,,,,,,,,,,,,,,,,,,,,,,,,,,,,,,,,,,,,,,,,,,,,,,,,,,,,,,,,,,,,,,,,,,,,,,,,,,,,,,,,
1764665239.006573,46028,0,4383.589844,4395.769043,4508.461426,4520.769043,4394.230957,4508.974121,4534.102539,4381.282227,4581.153809,4397.05127,4493.717773,4510.769043,4563.205078,4404.358887,4397.692383,4506.282227,4528.205078,4536.794922,4505,4387.436035,4390.769043,4558.205078,4511.666504,4492.05127,4391.410156,4579.871582,4389.358887,4558.717773,4507.179688,4398.461426,4530.769043,4505.128418,2483,1,25,2564,50006,,,,0,4,4,4,4,4,4,4,4,4,4,4,4,4,4,4,4,4,4,4,4,4,4,4,4,4,4,4,4,4,4,4,4,100,,,,,,,,,,,,,,,,,,,,,,,,,,,,,,,,,,,,,,,,,,,,,,,,,,,,,,,,,,,,,,,,,,,,,,,,,,,,,,,,,,,,,,,,,,,,,,,,,,,,,,,,,,,,,,,,,,,,,,,,,,,,,,,,,,,,,,,,,,,,,,,,,,,,,,,,,,,,,,,,,,,,,,,,,,,,,,,,,,,,,,,,,,,,,,,,,,,,,,,,,,,,,,
1764665239.010479,46029,0,4386.922852,4401.025879,4513.846191,4529.487305,4400.512695,4515.641113,4541.794922,4387.692383,4589.487305,4395.769043,4497.94873,4516.025879,4569.102539,4409.743652,4402.820313,4516.410156,4536.153809,4541.410156,4511.666504,4398.461426,4401.922852,4566.538574,4518.717773,4501.282227,4394.358887,4589.743652,4398.461426,4565.641113,4511.025879,4401.282227,4541.538574,4513.461426,2221,1,25,2564,50006,,,,0,4,4,4,4,4,4,4,4,4,4,4,4,4,4,4,4,4,4,4,4,4,4,4,4,4,4,4,4,4,4,4,4,100,,,,,,,,,,,,,,,,,,,,,,,,,,,,,,,,,,,27891,0,0.264365,-0.598755,-0.733765,0.18219,0.967403,0.22073,0.042486,25.5,28,45.166668,,,,,,,,,,,,,,,,,,,,,,,,,,,,,,,,,,,,,,,,,,,,,,,,,,,,,,,,,,,,,,,,,,,,,,,,,,,,,,,,,,,,,,,,,,,,,,,,,,,,,,,,,,,,,,,,,,,,,,,,,,,,,,,,,,,,,,,,,,,,,,,,,,,,,,,,,,,,,,,,
1764665239.014385,46030,0,4387.436035,4403.717773,4515.769043,4531.794922,4401.282227,4517.820313,4544.102539,4389.487305,4593.974121,4390.641113,4500,4516.666504,4573.333496,4410.256348,4403.589844,4523.461426,4541.794922,4542.820313,4516.025879,4404.615234,4407.563965,4573.077148,4520.384766,4506.153809,4399.615234,4593.589844,4403.205078,4568.077148,4510.512695,4399.871582,4546.025879,4517.307617,2697,1,25,2304,50013,,,,0,4,4,4,4,4,4,4,4,4,4,4,4,4,4,4,4,4,4,4,4,4,4,4,4,4,4,4,4,4,4,4,4,100,,,,,,,,,,,,,,,,,,,,,,,,,,,,,,,,,,,,,,,,,,,,,,,,,,,,,,,,,,,,,,,,,,,,,,,,,,,,,,,,,,,,,,,,,,,,,,,,,,,,,,,,,,,,,,,,,,,,,,,,,,,,,,,,,,,,,,,,,,,,,,,,,,,,,,,,,,,,,,,,,,,,,,,,,,,,,,,,,,,,,,,,,,,,,,,,,,,,,,,,,,,,,,
1764665239.018290,46031,0,4384.358887,4399.615234,4510.641113,4524.871582,4394.102539,4513.846191,4538.333496,4384.358887,4590.897461,4384.743652,4498.077148,4512.563965,4573.077148,4404.743652,4398.461426,4522.307617,4542.307617,4540.641113,4515.384766,4402.436035,4405.128418,4575.128418,4516.025879,4503.846191,4404.230957,4587.692383,4398.717773,4564.743652,4505.384766,4393.333496,4539.615234,4512.05127,2484,1,25,2304,50013,,,,0,4,4,4,4,4,4,4,4,4,4,4,4,4,4,4,4,4,4,4,4,4,4,4,4,4,4,4,4,4,4,4,4,100,,,,,,,,,,,,,,,,,,,,,,,,,,,,,,,,,,,,,,,,,,,,,,,,,,,,,,,,,,,,,,,,,,,,,,,,,,,,,,,,,,,,,,,,,,,,,,,,,,,,,,,,,,,,,,,,,,,,,,,,,,,,,,,,,,,,,,,,,,,,,,,,,,,,,,,,,,,,,,,,,,,,,,,,,,,,,,,,,,,,,,,,,,,,,,,,,,,,,,,,,,,,,,
1764665239.022196,46032,0,4378.846191,4389.102539,4498.974121,4511.922852,4382.05127,4505.641113,4527.563965,4374.358887,4580.384766,4381.282227,4493.461426,4506.922852,4568.846191,4396.410156,4390.256348,4513.077148,4538.589844,4537.307617,4511.794922,4393.717773,4396.538574,4573.461426,4509.102539,4496.666504,4406.282227,4574.487305,4385.512695,4556.922852,4498.077148,4382.94873,4524.358887,4498.717773,2849,1,25,2560,50021,,,,0,4,4,4,4,4,4,4,4,4,4,4,4,4,4,4,4,4,4,4,4,4,4,4,4,4,4,4,4,4,4,4,4,100,,,,,,,,,,,,,,,,,,,,,,,,,,,,,,,,,,,,,,,,,,,,,,,,,,,,,,,,,,,,,,,,,,,,,,,,,,,,,,,,,,,,,,,,,,,,,,,,,,,,,,,,,,,,,,,,,,,,,,,,,,,,,,,,,,,,,,,,,,,,,,,,,,,,,,,,,,,,,,,,,,,,,,,,,,,,,,,,,,,,,,,,,,,,,,,,,,,,,,,,,,,,,,
1764665239.026102,46033,0,4374.615234,4377.436035,4486.794922,4501.153809,4371.794922,4498.461426,4518.589844,4366.025879,4568.333496,4382.307617,4490.128418,4505,4564.871582,4390.769043,4384.615234,4502.179688,4534.871582,4536.794922,4510.256348,4384.615234,4388.077148,4571.666504,4505.512695,4490.641113,4406.282227,4562.563965,4371.025879,4548.974121,4492.820313,4373.589844,4509.230957,4485.128418,2890,1,25,2560,50021,,,,0,4,4,4,4,4,4,4,4,4,4,4,4,4,4,4,4,4,4,4,4,4,4,4,4,4,4,4,4,4,4,4,4,100,,,,,,,,,,,,,,,,,,,,,,,,,,,,,,,,,,,27892,0,0.264141,-0.598816,-0.733826,0.182068,0.96252,0.202173,0.052252,25,27.666666,43.833332,,,,,,,,,,,,,,,,,,,,,,,,,,,,,,,,,,,,,,,,,,,,,,,,,,,,,,,,,,,,,,,,,,,,,,,,,,,,,,,,,,,,,,,,,,,,,,,,,,,,,,,,,,,,,,,,,,,,,,,,,,,,,,,,,,,,,,,,,,,,,,,,,,,,,,,,,,,,,,,,
1764665239.030008,46034,0,4375.769043,4372.179688,4482.179688,4500.256348,4370,4497.563965,4517.820313,4365.897461,4562.563965,4387.563965,4492.307617,4509.743652,4565.769043,4392.05127,4385.897461,4497.692383,4536.538574,4541.922852,4514.487305,4381.025879,4386.282227,4573.974121,4508.974121,4491.410156,4406.922852,4560.384766,4365,4546.666504,4492.94873,4371.282227,4504.102539,4480.641113,1755,1,25,2560,50029,,,,0,4,4,4,4,4,4,4,4,4,4,4,4,4,4,4,4,4,4,4,4,4,4,4,4,4,4,4,4,4,4,4,4,100,,,,,,,,,,,,,,,,,,,,,,,,,,,,,,,,,,,,,,,,,,,,,,,,,,,,,,,,,,,,,,,,,,,,,,,,,,,,,,,,,,,,,,,,,,,,,,,,,,,,,,,,,,,,,,,,,,,,,,,,,,,,,,,,,,,,,,,,,,,,,,,,,,,,,,,,,,,,,,,,,,,,,,,,,,,,,,,,,,,,,,,,,,,,,,,,,,,,,,,,,,,,,,
1764665239.033913,46035,0,4383.589844,4377.179688,4488.205078,4509.487305,4377.820313,4504.615234,4526.025879,4375.256348,4566.666504,4395,4500.769043,4519.615234,4573.461426,4400,4393.077148,4503.333496,4545.128418,4551.410156,4523.846191,4384.871582,4393.205078,4581.922852,4518.589844,4500.128418,4410.256348,4569.487305,4371.410156,4552.820313,4498.461426,4378.333496,4512.692383,4487.692383,2939,1,25,2560,50029,,,,0,4,4,4,4,4,4,4,4,4,4,4,4,4,4,4,4,4,4,4,4,4,4,4,4,4,4,4,4,4,4,4,4,100,,,,,,,,,,,,,,,,,,,,,,,,,,,,,,,,,,,,,,,,,,,,,,,,,,,,,,,,,,,,,,,,,,,,,,,,,,,,,,,,,,,,,,,,,,,,,,,,,,,,,,,,,,,,,,,,,,,,,,,,,,,,,,,,,,,,,,,,,,,,,,,,,,,,,,,,,,,,,,,,,,,,,,,,,,,,,,,,,,,,,,,,,,,,,,,,,,,,,,,,,,,,,,
1764665239.037819,46036,0,4393.717773,4388.717773,4499.487305,4521.794922,4389.487305,4515.512695,4537.94873,4387.94873,4576.922852,4400.769043,4510.512695,4529.487305,4584.230957,4409.358887,4400.256348,4515.512695,4556.538574,4560.769043,4533.077148,4392.563965,4404.615234,4592.179688,4528.461426,4512.307617,4414.487305,4583.077148,4385.512695,4564.487305,4505,4390.769043,4528.461426,4500.384766,2505,1,25,2561,50037,,,,0,4,4,4,4,4,4,4,4,4,4,4,4,4,4,4,4,4,4,4,4,4,4,4,4,4,4,4,4,4,4,4,4,100,,,,,,,,,,,,,,,,,,,,,,,,,,,,,,,,,,,,,,,,,,,,,,,,,,,,,,,,,,,,,,,,,,,,,,,,,,,,,,,,,,,,,,,,,,,,,,,,,,,,,,,,,,,,,,,,,,,,,,,,,,,,,,,,,,,,,,,,,,,,,,,,,,,,,,,,,,,,,,,,,,,,,,,,,,,,,,,,,,,,,,,,,,,,,,,,,,,,,,,,,,,,,,
1764665239.041725,46037,0,4399.487305,4398.846191,4506.410156,4527.94873,4396.282227,4522.692383,4545.769043,4394.871582,4584.487305,4401.025879,4514.487305,4533.589844,4591.794922,4413.077148,4400.769043,4525.897461,4563.205078,4564.230957,4535.769043,4398.077148,4412.820313,4598.333496,4531.794922,4519.743652,4414.743652,4590.512695,4396.794922,4573.974121,4508.077148,4400.256348,4539.230957,4508.205078,2805,1,25,2561,50037,,,,0,4,4,4,4,4,4,4,4,4,4,4,4,4,4,4,4,4,4,4,4,4,4,4,4,4,4,4,4,4,4,4,4,100,,,,,,,,,,,,,,,,,,,,,,,,,,,,,,,,,,,27893,0,0.264183,-0.598816,-0.733826,0.182007,0.975217,0.218777,0.043951,24.166666,28,43,,,,,,,,,,,,,,,,,,,,,,,,,,,,,,,,,,,,,,,,,,,,,,,,,,,,,,,,,,,,,,,,,,,,,,,,,,,,,,,,,,,,,,,,,,,,,,,,,,,,,,,,,,,,,,,,,,,,,,,,,,,,,,,,,,,,,,,,,,,,,,,,,,,,,,,,,,,,,,,,
1764665239.045631,46038,0,4396.666504,4400.641113,4502.05127,4523.974121,4393.205078,4520.769043,4544.230957,4390.769043,4582.820313,4394.871582,4508.846191,4528.974121,4591.025879,4407.563965,4392.563965,4527.820313,4559.615234,4559.743652,4529.743652,4396.153809,4412.307617,4595.641113,4525.769043,4516.538574,4407.179688,4585.897461,4397.307617,4574.871582,4505.384766,4400.769043,4536.666504,4505.256348,2906,1,25,2562,50045,,,,0,4,4,4,4,4,4,4,4,4,4,4,4,4,4,4,4,4,4,4,4,4,4,4,4,4,4,4,4,4,4,4,4,100,,,,,,,,,,,,,,,,,,,,,,,,,,,,,,,,,,,,,,,,,,,,,,,,,,,,,,,,,,,,,,,,,,,,,,,,,,,,,,,,,,,,,,,,,,,,,,,,,,,,,,,,,,,,,,,,,,,,,,,,,,,,,,,,,,,,,,,,,,,,,,,,,,,,,,,,,,,,,,,,,,,,,,,,,,,,,,,,,,,,,,,,,,,,,,,,,,,,,,,,,,,,,,
1764665239.049537,46039,0,4386.282227,4393.589844,4488.589844,4513.205078,4382.563965,4510.256348,4534.871582,4377.94873,4571.922852,4383.333496,4496.153809,4517.820313,4582.436035,4395.512695,4379.487305,4520.769043,4546.922852,4549.615234,4518.333496,4386.922852,4403.205078,4584.230957,4513.333496,4503.589844,4393.461426,4572.307617,4387.563965,4566.153809,4498.974121,4393.077148,4522.820313,4493.717773,2822,1,25,2562,50045,,,,0,4,4,4,4,4,4,4,4,4,4,4,4,4,4,4,4,4,4,4,4,4,4,4,4,4,4,4,4,4,4,4,4,100,,,,,,,,,,,,,,,,,,,,,,,,,,,,,,,,,,,,,,,,,,,,,,,,,,,,,,,,,,,,,,,,,,,,,,,,,,,,,,,,,,,,,,,,,,,,,,,,,,,,,,,,,,,,,,,,,,,,,,,,,,,,,,,,,,,,,,,,,,,,,,,,,,,,,,,,,,,,,,,,,,,,,,,,,,,,,,,,,,,,,,,,,,,,,,,,,,,,,,,,,,,,,,
1764665239.053442,46040,0,4374.102539,4383.205078,4475.384766,4502.692383,4371.282227,4497.436035,4523.333496,4363.717773,4557.94873,4369.743652,4483.846191,4506.153809,4571.410156,4383.717773,4368.589844,4509.871582,4531.666504,4539.230957,4507.692383,4374.615234,4390.641113,4569.615234,4501.153809,4487.436035,4379.487305,4558.717773,4375,4553.077148,4493.077148,4383.333496,4507.820313,4482.179688,2743,1,25,2563,50052,,,,0,4,4,4,4,4,4,4,4,4,4,4,4,4,4,4,4,4,4,4,4,4,4,4,4,4,4,4,4,4,4,4,4,100,,,,,,,,,,,,,,,,,,,,,,,,,,,,,,,,,,,,,,,,,,,,,,,,,,,,,,,,,,,,,,,,,,,,,,,,,,,,,,,,,,,,,,,,,,,,,,,,,,,,,,,,,,,,,,,,,,,,,,,,,,,,,,,,,,,,,,,,,,,,,,,,,,,,,,,,,,,,,,,,,,,,,,,,,,,,,,,,,,,,,,,,,,,,,,,,,,,,,,,,,,,,,,
1764665239.057348,46041,0,4366.538574,4376.538574,4471.153809,4497.820313,4366.282227,4489.743652,4515.384766,4355.641113,4548.333496,4358.333496,4478.333496,4500.512695,4564.358887,4378.461426,4365,4502.307617,4521.025879,4533.846191,4502.692383,4365.641113,4381.538574,4558.846191,4494.871582,4476.282227,4372.820313,4553.589844,4368.077148,4542.820313,4490.641113,4378.205078,4501.794922,4478.205078,2800,1,25,2563,50052,,,,0,4,4,4,4,4,4,4,4,4,4,4,4,4,4,4,4,4,4,4,4,4,4,4,4,4,4,4,4,4,4,4,4,100,,,,,,,,,,,,,,,,,,,,,,,,,,,,,,,,,,,27894,0,0.264087,-0.598877,-0.733826,0.181946,0.975217,0.21487,0.053717,24.666666,28.333334,44.666668,,,,,,,,,,,,,,,,,,,,,,,,,,,,,,,,,,,,,,,,,,,,,,,,,,,,,,,,,,,,,,,,,,,,,,,,,,,,,,,,,,,,,,,,,,,,,,,,,,,,,,,,,,,,,,,,,,,,,,,,,,,,,,,,,,,,,,,,,,,,,,,,,,,,,,,,,,,,,,,,
1764665239.061254,46042,0,4366.922852,4377.563965,4477.94873,4499.743652,4369.487305,4491.282227,4514.615234,4356.794922,4546.538574,4353.461426,4481.153809,4503.589844,4564.230957,4382.05127,4369.102539,4501.922852,4519.743652,4534.871582,4504.358887,4363.846191,4380.128418,4556.282227,4496.282227,4474.358887,4376.538574,4558.461426,4370,4540.897461,4492.179688,4380.256348,4507.179688,4483.461426,1944,1,25,2564,50060,,,,0,4,4,4,4,4,4,4,4,4,4,4,4,4,4,4,4,4,4,4,4,4,4,4,4,4,4,4,4,4,4,4,4,100,,,,,,,,,,,,,,,,,,,,,,,,,,,,,,,,,,,,,,,,,,,,,,,3.146675,3.90115,0.621572,0.899638,0.815002,2.92232,2.336262,0.854603,1.195357,0.988883,2.35382,2.032719,1.1879,1.561453,1.091862,1.531685,1.377486,0.951541,0.878142,0.808166,2.193545,2.08435,1.023345,1.124654,0.987792,2.883126,2.667344,0.626986,1.169011,0.801707,2.206367,3.054054,0.660598,0.937067,0.889331,1.562032,1.325245,0.653163,0.979709,0.96471,1.92499,1.060243,0.923641,0.973583,1.05128,4.030651,1.70793,1.943888,1.702472,1.38987,1.332243,1.684604,0.781283,0.529322,0.769966,2.009634,5.151774,0.720306,0.991532,0.913185,1.706494,5.628324,0.786841,0.700873,0.750411,1.17249,1.480928,0.587975,0.520905,0.654015,0.835044,0.860957,0.656839,0.635527,0.708672,0.874074,4.593863,0.624973,0.479302,0.78272,3.377136,9.843316,0.93284,1.015146,1.073471,1.580678,5.707411,0.932305,0.885779,0.968476,0.797734,3.263445,0.766287,0.511523,0.625198,1.195874,2.245719,0.989714,0.806283,0.937167,1.767003,2.383676,0.816214,0.947494,0.887826,2.564533,8.313874,1.165729,1.01217,0.816007,2.237551,5.482423,0.680052,0.934754,0.7832,2.516285,4.136833,0.91082,1.060474,1.04045,4.355827,4.09038,1.864336,1.842286,1.653898,1.757273,1.035299,0.904869,1.050558,0.886988,3.10483,2.341511,0.902523,1.48297,0.984444,3.32112,3.797045,1.091853,1.408822,1.034965,1.846065,2.011127,0.526562,0.547592,0.456165,2.929484,2.928997,1.11844,1.166949,0.963946,2.984416,1.686914,0.927611,1.571409,1.050569,2.79311,2.086339,0.844107,1.500846,1.048083
1764665239.065160,46043,0,4373.846191,4384.743652,4489.487305,4505.641113,4377.307617,4500.641113,4519.743652,4364.102539,4551.153809,4357.179688,4488.461426,4512.563965,4569.487305,4391.025879,4376.922852,4507.692383,4526.922852,4540.512695,4509.743652,4368.846191,4385.256348,4560.897461,4502.94873,4479.358887,4387.05127,4568.077148,4377.436035,4546.922852,4496.025879,4387.307617,4517.820313,4492.94873,2617,1,25,2564,50060,,,,0,4,4,4,4,4,4,4,4,4,4,4,4,4,4,4,4,4,4,4,4,4,4,4,4,4,4,4,4,4,4,4,4,100,,,,,,,,,,,,,,,,,,,,,,,,,,,,,,,,,,,,,,,,,,,,,,,,,,,,,,,,,,,,,,,,,,,,,,,,,,,,,,,,,,,,,,,,,,,,,,,,,,,,,,,,,,,,,,,,,,,,,,,,,,,,,,,,,,,,,,,,,,,,,,,,,,,,,,,,,,,,,,,,,,,,,,,,,,,,,,,,,,,,,,,,,,,,,,,,,,,,,,,,,,,,,,
1764665239.069065,46044,0,4382.179688,4392.692383,4497.179688,4511.538574,4383.974121,4511.282227,4526.282227,4371.538574,4558.077148,4366.794922,4494.615234,4521.153809,4575.512695,4399.358887,4382.436035,4514.743652,4536.922852,4546.025879,4514.615234,4375.897461,4391.538574,4567.179688,4509.871582,4485.256348,4396.922852,4574.743652,4383.077148,4555.641113,4499.615234,4393.846191,4525.512695,4498.974121,2676,1,25,2565,50068,,,,0,4,4,4,4,4,4,4,4,4,4,4,4,4,4,4,4,4,4,4,4,4,4,4,4,4,4,4,4,4,4,4,4,100,,,,,,,,,,,,,,,,,,,,,,,,,,,,,,,,,,,,,,,,,,,,,,,,,,,,,,,,,,,,,,,,,,,,,,,,,,,,,,,,,,,,,,,,,,,,,,,,,,,,,,,,,,,,,,,,,,,,,,,,,,,,,,,,,,,,,,,,,,,,,,,,,,,,,,,,,,,,,,,,,,,,,,,,,,,,,,,,,,,,,,,,,,,,,,,,,,,,,,,,,,,,,,
1764665239.072971,46045,0,4387.05127,4396.410156,4496.794922,4514.615234,4385.897461,4516.794922,4529.615234,4374.615234,4563.461426,4377.179688,4496.153809,4524.102539,4578.205078,4402.05127,4383.205078,4518.461426,4543.077148,4548.077148,4516.025879,4379.615234,4393.205078,4569.615234,4512.94873,4487.05127,4399.615234,4574.615234,4382.820313,4559.871582,4501.153809,4395.769043,4526.153809,4497.94873,2490,1,25,2565,50068,,,,0,4,4,4,4,4,4,4,4,4,4,4,4,4,4,4,4,4,4,4,4,4,4,4,4,4,4,4,4,4,4,4,4,100,,,,,,,,,,,,,,,,,,,,,,,,,,,,,,,,,,,27895,0,0.263863,-0.598938,-0.733887,0.181824,0.974728,0.211452,0.052741,24,26.166666,43.333332,,,,,,,,,,,,,,,,,,,,,,,,,,,,,,,,,,,,,,,,,,,,,,,,,,,,,,,,,,,,,,,,,,,,,,,,,,,,,,,,,,,,,,,,,,,,,,,,,,,,,,,,,,,,,,,,,,,,,,,,,,,,,,,,,,,,,,,,,,,,,,,,,,,,,,,,,,,,,,,,
1764665239.076877,46046,0,4386.538574,4394.615234,4491.282227,4514.871582,4384.230957,4515.384766,4528.589844,4373.333496,4566.153809,4383.333496,4493.717773,4520.256348,4576.794922,4398.589844,4380.512695,4517.05127,4542.05127,4546.025879,4514.102539,4378.461426,4389.230957,4566.153809,4511.410156,4483.974121,4394.487305,4569.743652,4377.820313,4556.410156,4500.256348,4393.205078,4521.794922,4492.820313,2642,1,25,2566,50076,,,,0,4,4,4,4,4,4,4,4,4,4,4,4,4,4,4,4,4,4,4,4,4,4,4,4,4,4,4,4,4,4,4,4,100,,,,,,,,,,,,,,,,,,,,,,,,,,,,,,,,,,,,,,,,,,,,,,,,,,,,,,,,,,,,,,,,,,,,,,,,,,,,,,,,,,,,,,,,,,,,,,,,,,,,,,,,,,,,,,,,,,,,,,,,,,,,,,,,,,,,,,,,,,,,,,,,,,,,,,,,,,,,,,,,,,,,,,,,,,,,,,,,,,,,,,,,,,,,,,,,,,,,,,,,,,,,,,
1764665239.080783,46047,0,4383.077148,4390.128418,4487.563965,4513.717773,4382.05127,4510.128418,4525.512695,4370.897461,4566.922852,4384.487305,4490.256348,4512.692383,4573.333496,4392.563965,4378.461426,4512.05127,4536.025879,4541.666504,4511.153809,4374.615234,4382.820313,4559.487305,4507.94873,4478.717773,4385.897461,4565.897461,4373.589844,4547.692383,4498.205078,4390,4518.205078,4489.358887,2813,1,25,2566,50076,,,,0,4,4,4,4,4,4,4,4,4,4,4,4,4,4,4,4,4,4,4,4,4,4,4,4,4,4,4,4,4,4,4,4,100,,,,,,,,,,,,,,,,,,,,,,,,,,,,,,,,,,,,,,,,,,,,,,,,,,,,,,,,,,,,,,,,,,,,,,,,,,,,,,,,,,,,,,,,,,,,,,,,,,,,,,,,,,,,,,,,,,,,,,,,,,,,,,,,,,,,,,,,,,,,,,,,,,,,,,,,,,,,,,,,,,,,,,,,,,,,,,,,,,,,,,,,,,,,,,,,,,,,,,,,,,,,,,
1764665239.084688,46048,0,4379.871582,4387.05127,4489.615234,4513.077148,4381.666504,4506.025879,4523.461426,4370.769043,4566.538574,4382.563965,4487.94873,4506.410156,4570.512695,4388.461426,4379.102539,4506.410156,4529.487305,4537.692383,4509.487305,4371.794922,4378.461426,4553.589844,4505.897461,4474.615234,4379.358887,4566.794922,4373.333496,4539.743652,4496.153809,4389.358887,4518.461426,4490.256348,2744,1,25,2567,50084,,,,0,4,4,4,4,4,4,4,4,4,4,4,4,4,4,4,4,4,4,4,4,4,4,4,4,4,4,4,4,4,4,4,4,100,,,,,,,,,,,,,,,,,,,,,,,,,,,,,,,,,,,,,,,,,,,,,,,,,,,,,,,,,,,,,,,,,,,,,,,,,,,,,,,,,,,,,,,,,,,,,,,,,,,,,,,,,,,,,,,,,,,,,,,,,,,,,,,,,,,,,,,,,,,,,,,,,,,,,,,,,,,,,,,,,,,,,,,,,,,,,,,,,,,,,,,,,,,,,,,,,,,,,,,,,,,,,,
1764665239.088594,46049,0,4378.717773,4386.922852,4494.487305,4512.94873,4381.922852,4504.615234,4523.589844,4372.820313,4565.256348,4380.641113,4486.282227,4503.974121,4568.974121,4387.563965,4381.666504,4502.94873,4525.256348,4535.384766,4508.846191,4371.025879,4377.563965,4550.897461,4506.025879,4473.077148,4378.205078,4570.769043,4376.025879,4536.538574,4494.615234,4390.512695,4521.410156,4492.94873,2908,1,25,2567,50084,,,,0,4,4,4,4,4,4,4,4,4,4,4,4,4,4,4,4,4,4,4,4,4,4,4,4,4,4,4,4,4,4,4,4,100,,,,,,,,,,,,,,,,,,,,,,,,,,,,,,,,,,,27896,0,0.263905,-0.598938,-0.733887,0.181763,0.982053,0.204126,0.037114,25,27.666666,42.666668,,,,,,,,,,,,,,,,,,,,,,,,,,,,,,,,,,,,,,,,,,,,,,,,,,,,,,,,,,,,,,,,,,,,,,,,,,,,,,,,,,,,,,,,,,,,,,,,,,,,,,,,,,,,,,,,,,,,,,,,,,,,,,,,,,,,,,,,,,,,,,,,,,,,,,,,,,,,,,,,
1764665239.092500,46050,0,4377.94873,4387.436035,4495.769043,4512.179688,4379.871582,4504.230957,4523.717773,4374.358887,4562.179688,4379.358887,4483.461426,4504.102539,4567.307617,4387.692383,4382.94873,4501.153809,4522.94873,4533.974121,4507.179688,4371.025879,4378.077148,4550.641113,4506.538574,4473.589844,4381.282227,4572.820313,4377.563965,4537.820313,4492.820313,4389.487305,4522.94873,4492.05127,2585,1,25,2568,50092,,,,0,4,4,4,4,4,4,4,4,4,4,4,4,4,4,4,4,4,4,4,4,4,4,4,4,4,4,4,4,4,4,4,4,100,,,,,,,,,,,,,,,,,,,,,,,,,,,,,,,,,,,,,,,,,,,,,,,,,,,,,,,,,,,,,,,,,,,,,,,,,,,,,,,,,,,,,,,,,,,,,,,,,,,,,,,,,,,,,,,,,,,,,,,,,,,,,,,,,,,,,,,,,,,,,,,,,,,,,,,,,,,,,,,,,,,,,,,,,,,,,,,,,,,,,,,,,,,,,,,,,,,,,,,,,,,,,,
1764665239.096406,46051,0,4374.615234,4385,4489.102539,4508.846191,4373.461426,4501.538574,4520.897461,4372.05127,4557.307617,4378.077148,4477.692383,4502.94873,4563.461426,4385.256348,4380,4498.974121,4520,4531.282227,4502.94873,4369.102539,4377.307617,4550.512695,4505,4473.846191,4385,4569.358887,4374.615234,4539.871582,4489.743652,4383.205078,4519.743652,4485.641113,2840,1,25,2568,50092,,,,0,4,4,4,4,4,4,4,4,4,4,4,4,4,4,4,4,4,4,4,4,4,4,4,4,4,4,4,4,4,4,4,4,100,,,,,,,,,,,,,,,,,,,,,,,,,,,,,,,,,,,,,,,,,,,,,,,,,,,,,,,,,,,,,,,,,,,,,,,,,,,,,,,,,,,,,,,,,,,,,,,,,,,,,,,,,,,,,,,,,,,,,,,,,,,,,,,,,,,,,,,,,,,,,,,,,,,,,,,,,,,,,,,,,,,,,,,,,,,,,,,,,,,,,,,,,,,,,,,,,,,,,,,,,,,,,,
1764665239.100312,46052,0,4367.563965,4378.077148,4476.666504,4503.333496,4363.846191,4495.512695,4514.358887,4365.641113,4551.538574,4375.128418,4470.128418,4497.820313,4556.922852,4379.102539,4373.333496,4494.230957,4515.128418,4525.897461,4496.922852,4365,4374.871582,4548.333496,4501.410156,4472.05127,4385.641113,4561.794922,4367.05127,4539.230957,4485.384766,4372.692383,4512.05127,4476.153809,2740,1,25,2568,50099,,,,0,4,4,4,4,4,4,4,4,4,4,4,4,4,4,4,4,4,4,4,4,4,4,4,4,4,4,4,4,4,4,4,4,100,,,,,,,,,,,,,,,,,,,,,,,,,,,,,,,,,,,,,,,,,,,,,,,,,,,,,,,,,,,,,,,,,,,,,,,,,,,,,,,,,,,,,,,,,,,,,,,,,,,,,,,,,,,,,,,,,,,,,,,,,,,,,,,,,,,,,,,,,,,,,,,,,,,,,,,,,,,,,,,,,,,,,,,,,,,,,,,,,,,,,,,,,,,,,,,,,,,,,,,,,,,,,,
1764665239.104217,46053,0,4358.974121,4368.846191,4465,4497.436035,4354.487305,4488.589844,4506.410156,4357.692383,4546.794922,4370.128418,4463.717773,4490.384766,4549.743652,4372.05127,4366.282227,4487.820313,4510.256348,4519.102539,4491.922852,4360.512695,4373.205078,4544.230957,4497.692383,4468.589844,4381.922852,4554.743652,4358.717773,4535.512695,4481.282227,4362.94873,4503.461426,4468.461426,2775,1,25,2568,50099,,,,0,4,4,4,4,4,4,4,4,4,4,4,4,4,4,4,4,4,4,4,4,4,4,4,4,4,4,4,4,4,4,4,4,100,,,,,,,,,,,,,,,,,,,,,,,,,,,,,,,,,,,27897,0,0.263991,-0.598938,-0.733826,0.181885,0.972287,0.212428,0.062508,23.5,30.333334,43.5,,,,,,,,,,,,,,,,,,,,,,,,,,,,,,,,,,,,,,,,,,,,,,,,,,,,,,,,,,,,,,,,,,,,,,,,,,,,,,,,,,,,,,,,,,,,,,,,,,,,,,,,,,,,,,,,,,,,,,,,,,,,,,,,,,,,,,,,,,,,,,,,,,,,,,,,,,,,,,,,
1764665239.108123,46054,0,4353.333496,4361.922852,4459.615234,4493.589844,4348.974121,4484.230957,4500.897461,4352.307617,4544.615234,4363.717773,4461.922852,4484.871582,4545.128418,4367.436035,4363.717773,4483.205078,4508.333496,4514.487305,4491.025879,4359.230957,4374.871582,4541.153809,4496.153809,4466.153809,4375.128418,4552.692383,4354.615234,4531.025879,4478.717773,4359.615234,4497.563965,4465.641113,2779,1,25,2568,50107,,,,0,4,4,4,4,4,4,4,4,4,4,4,4,4,4,4,4,4,4,4,4,4,4,4,4,4,4,4,4,4,4,4,4,100,,,,,,,,,,,,,,,,,,,,,,,,,,,,,,,,,,,,,,,,,,,,,,,,,,,,,,,,,,,,,,,,,,,,,,,,,,,,,,,,,,,,,,,,,,,,,,,,,,,,,,,,,,,,,,,,,,,,,,,,,,,,,,,,,,,,,,,,,,,,,,,,,,,,,,,,,,,,,,,,,,,,,,,,,,,,,,,,,,,,,,,,,,,,,,,,,,,,,,,,,,,,,,
1764665239.112029,46055,0,4353.461426,4360.769043,4462.05127,4492.820313,4349.102539,4484.102539,4500.641113,4352.307617,4546.025879,4357.820313,4465.897461,4485.384766,4545.769043,4367.820313,4368.333496,4483.461426,4511.666504,4515.897461,4496.025879,4363.846191,4381.153809,4542.692383,4497.692383,4467.563965,4368.461426,4556.538574,4357.179688,4529.358887,4478.717773,4364.230957,4497.692383,4467.820313,2968,1,25,2568,50107,,,,0,4,4,4,4,4,4,4,4,4,4,4,4,4,4,4,4,4,4,4,4,4,4,4,4,4,4,4,4,4,4,4,4,100,,,,,,,,,,,,,,,,,,,,,,,,,,,,,,,,,,,,,,,,,,,,,,,,,,,,,,,,,,,,,,,,,,,,,,,,,,,,,,,,,,,,,,,,,,,,,,,,,,,,,,,,,,,,,,,,,,,,,,,,,,,,,,,,,,,,,,,,,,,,,,,,,,,,,,,,,,,,,,,,,,,,,,,,,,,,,,,,,,,,,,,,,,,,,,,,,,,,,,,,,,,,,,
1764665239.115935,46056,0,4359.871582,4366.666504,4470.128418,4495.256348,4354.743652,4488.077148,4506.153809,4357.820313,4550.641113,4354.871582,4474.102539,4491.666504,4551.794922,4372.692383,4378.333496,4490.128418,4520.128418,4524.871582,4506.025879,4374.102539,4391.153809,4550.512695,4502.307617,4474.487305,4366.794922,4564.615234,4366.538574,4533.205078,4481.666504,4374.230957,4505,4473.589844,2848,1,25,2563,50115,,,,0,4,4,4,4,4,4,4,4,4,4,4,4,4,4,4,4,4,4,4,4,4,4,4,4,4,4,4,4,4,4,4,4,100,,,,,,,,,,,,,,,,,,,,,,,,,,,,,,,,,,,,,,,,,,,,,,,,,,,,,,,,,,,,,,,,,,,,,,,,,,,,,,,,,,,,,,,,,,,,,,,,,,,,,,,,,,,,,,,,,,,,,,,,,,,,,,,,,,,,,,,,,,,,,,,,,,,,,,,,,,,,,,,,,,,,,,,,,,,,,,,,,,,,,,,,,,,,,,,,,,,,,,,,,,,,,,
1764665239.119840,46057,0,4369.743652,4376.922852,4479.615234,4500.384766,4363.333496,4494.487305,4515.256348,4365.897461,4557.05127,4357.436035,4483.205078,4500.641113,4561.282227,4379.487305,4389.230957,4502.179688,4531.410156,4538.974121,4517.820313,4386.666504,4402.692383,4563.461426,4508.717773,4485.897461,4372.692383,4574.102539,4379.230957,4542.179688,4487.436035,4384.743652,4517.563965,4481.025879,2697,1,25,2563,50115,,,,0,4,4,4,4,4,4,4,4,4,4,4,4,4,4,4,4,4,4,4,4,4,4,4,4,4,4,4,4,4,4,4,4,100,,,,,,,,,,,,,,,,,,,,,,,,,,,,,,,,,,,27898,0,0.264215,-0.598877,-0.733765,0.182007,0.972287,0.212428,0.062508,25,28.333334,43.833332,,,,,,,,,,,,,,,,,,,,,,,,,,,,,,,,,,,,,,,,,,,,,,,,,,,,,,,,,,,,,,,,,,,,,,,,,,,,,,,,,,,,,,,,,,,,,,,,,,,,,,,,,,,,,,,,,,,,,,,,,,,,,,,,,,,,,,,,,,,,,,,,,,,,,,,,,,,,,,,,
1764665239.123746,46058,0,4379.230957,4387.179688,4487.436035,4506.410156,4372.05127,4501.410156,4524.487305,4372.436035,4562.94873,4365.897461,4489.743652,4508.077148,4570.769043,4384.487305,4396.153809,4515.128418,4542.307617,4551.922852,4526.666504,4396.282227,4412.307617,4577.179688,4515.256348,4498.461426,4385,4582.563965,4390.384766,4553.589844,4494.487305,4392.563965,4530.256348,4488.077148,2264,1,25,2304,50123,,,,0,4,4,4,4,4,4,4,4,4,4,4,4,4,4,4,4,4,4,4,4,4,4,4,4,4,4,4,4,4,4,4,4,100,,,,,,,,,,,,,,,,,,,,,,,,,,,,,,,,,,,,,,,,,,,,,,,,,,,,,,,,,,,,,,,,,,,,,,,,,,,,,,,,,,,,,,,,,,,,,,,,,,,,,,,,,,,,,,,,,,,,,,,,,,,,,,,,,,,,,,,,,,,,,,,,,,,,,,,,,,,,,,,,,,,,,,,,,,,,,,,,,,,,,,,,,,,,,,,,,,,,,,,,,,,,,,
1764665239.127652,46059,0,4384.743652,4393.717773,4491.153809,4510.769043,4377.692383,4507.179688,4530.128418,4374.230957,4565.769043,4377.05127,4492.436035,4511.794922,4577.179688,4385.641113,4396.410156,4523.461426,4549.743652,4558.077148,4529.743652,4399.102539,4417.179688,4586.666504,4519.615234,4507.820313,4399.743652,4587.94873,4396.666504,4563.205078,4499.743652,4396.025879,4537.692383,4492.692383,2677,1,25,2304,50123,,,,0,4,4,4,4,4,4,4,4,4,4,4,4,4,4,4,4,4,4,4,4,4,4,4,4,4,4,4,4,4,4,4,4,100,,,,,,,,,,,,,,,,,,,,,,,,,,,,,,,,,,,,,,,,,,,,,,,,,,,,,,,,,,,,,,,,,,,,,,,,,,,,,,,,,,,,,,,,,,,,,,,,,,,,,,,,,,,,,,,,,,,,,,,,,,,,,,,,,,,,,,,,,,,,,,,,,,,,,,,,,,,,,,,,,,,,,,,,,,,,,,,,,,,,,,,,,,,,,,,,,,,,,,,,,,,,,,
1764665239.131558,46060,0,4385.128418,4394.743652,4491.025879,4511.666504,4379.230957,4510.256348,4531.538574,4371.153809,4564.102539,4385.384766,4492.179688,4511.794922,4578.589844,4383.717773,4391.153809,4523.717773,4552.307617,4555.641113,4526.922852,4395,4416.025879,4588.333496,4520,4510.641113,4412.05127,4590.128418,4397.05127,4567.307617,4501.025879,4395.897461,4537.820313,4493.589844,2482,1,25,2048,50131,,,,0,4,4,4,4,4,4,4,4,4,4,4,4,4,4,4,4,4,4,4,4,4,4,4,4,4,4,4,4,4,4,4,4,100,,,,,,,,,,,,,,,,,,,,,,,,,,,,,,,,,,,,,,,,,,,,,,,,,,,,,,,,,,,,,,,,,,,,,,,,,,,,,,,,,,,,,,,,,,,,,,,,,,,,,,,,,,,,,,,,,,,,,,,,,,,,,,,,,,,,,,,,,,,,,,,,,,,,,,,,,,,,,,,,,,,,,,,,,,,,,,,,,,,,,,,,,,,,,,,,,,,,,,,,,,,,,,
1764665239.135464,46061,0,4382.307617,4391.794922,4489.102539,4509.615234,4377.436035,4510.128418,4529.743652,4365.769043,4558.717773,4387.05127,4490.384766,4509.487305,4575.769043,4381.025879,4384.102539,4517.307617,4549.743652,4548.205078,4520.769043,4387.436035,4409.615234,4582.692383,4516.410156,4506.282227,4418.461426,4589.487305,4394.102539,4565.256348,4498.461426,4394.102539,4532.94873,4492.05127,2227,1,25,2048,50131,,,,0,4,4,4,4,4,4,4,4,4,4,4,4,4,4,4,4,4,4,4,4,4,4,4,4,4,4,4,4,4,4,4,4,100,,,,,,,,,,,,,,,,,,,,,,,,,,,,,,,,,,,27899,0,0.264215,-0.598877,-0.733765,0.182007,0.979612,0.219265,0.039067,27.166666,26.833334,43,,,,,,,,,,,,,,,,,,,,,,,,,,,,,,,,,,,,,,,,,,,,,,,,,,,,,,,,,,,,,,,,,,,,,,,,,,,,,,,,,,,,,,,,,,,,,,,,,,,,,,,,,,,,,,,,,,,,,,,,,,,,,,,,,,,,,,,,,,,,,,,,,,,,,,,,,,,,,,,,
1764665239.139369,46062,0,4380,4387.94873,4487.692383,4507.307617,4375.128418,4507.94873,4527.436035,4361.666504,4553.077148,4382.820313,4488.205078,4507.05127,4571.538574,4380.512695,4379.871582,4509.743652,4544.358887,4542.05127,4515.256348,4381.025879,4400.897461,4574.358887,4511.538574,4497.05127,4417.820313,4588.205078,4390.641113,4559.615234,4494.743652,4392.563965,4528.077148,4490.256348,2701,1,25,2304,50138,,,,0,4,4,4,4,4,4,4,4,4,4,4,4,4,4,4,4,4,4,4,4,4,4,4,4,4,4,4,4,4,4,4,4,100,,,,,,,,,,,,,,,,,,,,,,,,,,,,,,,,,,,,,,,,,,,,,,,,,,,,,,,,,,,,,,,,,,,,,,,,,,,,,,,,,,,,,,,,,,,,,,,,,,,,,,,,,,,,,,,,,,,,,,,,,,,,,,,,,,,,,,,,,,,,,,,,,,,,,,,,,,,,,,,,,,,,,,,,,,,,,,,,,,,,,,,,,,,,,,,,,,,,,,,,,,,,,,
1764665239.143275,46063,0,4380.641113,4386.025879,4488.077148,4506.666504,4374.743652,4505.897461,4527.179688,4361.794922,4550.512695,4377.05127,4486.794922,4506.410156,4568.974121,4383.205078,4380.384766,4506.922852,4538.974121,4541.538574,4513.077148,4379.102539,4393.333496,4568.461426,4509.102539,4488.589844,4411.922852,4587.179688,4389.102539,4554.102539,4493.077148,4392.563965,4527.692383,4489.615234,2489,1,25,2304,50138,,,,0,4,4,4,4,4,4,4,4,4,4,4,4,4,4,4,4,4,4,4,4,4,4,4,4,4,4,4,4,4,4,4,4,100,,,,,,,,,,,,,,,,,,,,,,,,,,,,,,,,,,,,,,,,,,,,,,,,,,,,,,,,,,,,,,,,,,,,,,,,,,,,,,,,,,,,,,,,,,,,,,,,,,,,,,,,,,,,,,,,,,,,,,,,,,,,,,,,,,,,,,,,,,,,,,,,,,,,,,,,,,,,,,,,,,,,,,,,,,,,,,,,,,,,,,,,,,,,,,,,,,,,,,,,,,,,,,
1764665239.147181,46064,0,4383.974121,4386.538574,4489.871582,4507.820313,4377.563965,4506.282227,4529.871582,4365.641113,4551.666504,4374.230957,4486.794922,4507.692383,4569.358887,4388.205078,4384.102539,4510.512695,4536.538574,4546.025879,4514.615234,4381.538574,4389.871582,4567.436035,4510.384766,4485.769043,4404.487305,4586.410156,4389.615234,4551.282227,4494.871582,4393.717773,4532.307617,4490.512695,2854,1,25,2560,50146,,,,0,4,4,4,4,4,4,4,4,4,4,4,4,4,4,4,4,4,4,4,4,4,4,4,4,4,4,4,4,4,4,4,4,100,,,,,,,,,,,,,,,,,,,,,,,,,,,,,,,,,,,,,,,,,,,,,,,,,,,,,,,,,,,,,,,,,,,,,,,,,,,,,,,,,,,,,,,,,,,,,,,,,,,,,,,,,,,,,,,,,,,,,,,,,,,,,,,,,,,,,,,,,,,,,,,,,,,,,,,,,,,,,,,,,,,,,,,,,,,,,,,,,,,,,,,,,,,,,,,,,,,,,,,,,,,,,,
1764665239.151087,46065,0,4387.692383,4388.077148,4492.05127,4508.974121,4382.307617,4509.102539,4534.487305,4370.512695,4554.871582,4375.641113,4487.436035,4509.615234,4571.794922,4392.692383,4387.692383,4518.205078,4537.563965,4550.769043,4517.820313,4385.384766,4390.641113,4569.487305,4514.230957,4489.358887,4398.974121,4585,4391.153809,4551.922852,4499.102539,4394.487305,4538.205078,4492.307617,2900,1,25,2560,50146,,,,0,4,4,4,4,4,4,4,4,4,4,4,4,4,4,4,4,4,4,4,4,4,4,4,4,4,4,4,4,4,4,4,4,100,,,,,,,,,,,,,,,,,,,,,,,,,,,,,,,,,,,27900,0,0.264118,-0.598938,-0.733765,0.181946,0.979612,0.219265,0.039067,24.166666,28,43.833332,,,,,,,,,,,,,,,,,,,,,,,,,,,,,,,,,,,,,,,,,,,,,,,,,,,,,,,,,,,,,,,,,,,,,,,,,,,,,,,,,,,,,,,,,,,,,,,,,,,,,,,,,,,,,,,,,,,,,,,,,,,,,,,,,,,,,,,,,,,,,,,,,,,,,,,,,,,,,,,,
1764665239.154992,46066,0,4389.230957,4388.333496,4493.077148,4508.974121,4385.897461,4512.563965,4538.461426,4373.333496,4556.794922,4378.461426,4486.794922,4510.512695,4574.102539,4394.358887,4388.333496,4524.487305,4540.512695,4551.538574,4519.615234,4386.922852,4393.077148,4570.897461,4517.307617,4495.256348,4396.666504,4582.307617,4391.794922,4554.615234,4502.820313,4393.974121,4541.410156,4493.717773,1754,1,25,2560,50154,,,,0,4,4,4,4,4,4,4,4,4,4,4,4,4,4,4,4,4,4,4,4,4,4,4,4,4,4,4,4,4,4,4,4,100,,,,,,,,,,,,,,,,,,,,,,,,,,,,,,,,,,,,,,,,,,,,,,,,,,,,,,,,,,,,,,,,,,,,,,,,,,,,,,,,,,,,,,,,,,,,,,,,,,,,,,,,,,,,,,,,,,,,,,,,,,,,,,,,,,,,,,,,,,,,,,,,,,,,,,,,,,,,,,,,,,,,,,,,,,,,,,,,,,,,,,,,,,,,,,,,,,,,,,,,,,,,,,
1764665239.158898,46067,0,4387.94873,4386.153809,4492.692383,4508.205078,4386.282227,4513.333496,4539.743652,4372.692383,4555.897461,4378.974121,4484.871582,4510,4574.358887,4392.94873,4385.897461,4525.384766,4542.563965,4547.436035,4517.820313,4384.102539,4393.974121,4568.846191,4516.794922,4497.692383,4396.282227,4578.461426,4390.384766,4557.307617,4503.077148,4391.794922,4539.743652,4494.102539,2941,1,25,2560,50154,,,,0,4,4,4,4,4,4,4,4,4,4,4,4,4,4,4,4,4,4,4,4,4,4,4,4,4,4,4,4,4,4,4,4,100,,,,,,,,,,,,,,,,,,,,,,,,,,,,,,,,,,,,,,,,,,,,,,,,,,,,,,,,,,,,,,,,,,,,,,,,,,,,,,,,,,,,,,,,,,,,,,,,,,,,,,,,,,,,,,,,,,,,,,,,,,,,,,,,,,,,,,,,,,,,,,,,,,,,,,,,,,,,,,,,,,,,,,,,,,,,,,,,,,,,,,,,,,,,,,,,,,,,,,,,,,,,,,
1764665239.162804,46068,0,4384.743652,4382.436035,4490.256348,4507.307617,4383.461426,4509.615234,4537.179688,4369.871582,4552.94873,4376.153809,4483.077148,4508.717773,4572.307617,4390.128418,4382.436035,4521.025879,4540.897461,4542.05127,4512.436035,4377.820313,4391.282227,4563.205078,4512.436035,4493.589844,4395.769043,4573.846191,4386.794922,4558.333496,4499.743652,4388.717773,4534.487305,4492.820313,2509,1,25,2561,50162,,,,0,4,4,4,4,4,4,4,4,4,4,4,4,4,4,4,4,4,4,4,4,4,4,4,4,4,4,4,4,4,4,4,4,100,,,,,,,,,,,,,,,,,,,,,,,,,,,,,,,,,,,,,,,,,,,,,,,,,,,,,,,,,,,,,,,,,,,,,,,,,,,,,,,,,,,,,,,,,,,,,,,,,,,,,,,,,,,,,,,,,,,,,,,,,,,,,,,,,,,,,,,,,,,,,,,,,,,,,,,,,,,,,,,,,,,,,,,,,,,,,,,,,,,,,,,,,,,,,,,,,,,,,,,,,,,,,,
1764665239.166710,46069,0,4380.769043,4378.461426,4486.153809,4506.666504,4378.846191,4502.307617,4532.05127,4367.307617,4550.256348,4372.05127,4482.820313,4507.820313,4568.717773,4387.692383,4380.769043,4514.487305,4535,4538.461426,4505.128418,4370.512695,4385.256348,4556.410156,4506.025879,4484.743652,4392.94873,4569.102539,4382.563965,4556.153809,4494.230957,4385.128418,4528.461426,4490,2811,1,25,2561,50162,,,,0,4,4,4,4,4,4,4,4,4,4,4,4,4,4,4,4,4,4,4,4,4,4,4,4,4,4,4,4,4,4,4,4,100,,,,,,,,,,,,,,,,,,,,,,,,,,,,,,,,,,,27901,0,0.26416,-0.598938,-0.733765,0.181885,0.97131,0.2178,0.048834,25,28.833334,44.666668,,,,,,,,,,,,,,,,,,,,,,,,,,,,,,,,,,,,,,,,,,,,,,,,,,,,,,,,,,,,,,,,,,,,,,,,,,,,,,,,,,,,,,,,,,,,,,,,,,,,,,,,,,,,,,,,,,,,,,,,,,,,,,,,,,,,,,,,,,,,,,,,,,,,,,,,,,,,,,,,
1764665239.170616,46070,0,4377.307617,4375.128418,4481.410156,4505.769043,4374.487305,4494.871582,4526.794922,4366.794922,4550,4369.743652,4484.230957,4506.794922,4565,4387.436035,4382.563965,4510,4527.563965,4537.307617,4498.717773,4364.743652,4378.589844,4551.410156,4500.641113,4475.641113,4387.436035,4565.128418,4379.230957,4551.410156,4489.487305,4381.794922,4523.589844,4486.282227,2920,1,25,2562,50170,,,,0,4,4,4,4,4,4,4,4,4,4,4,4,4,4,4,4,4,4,4,4,4,4,4,4,4,4,4,4,4,4,4,4,100,,,,,,,,,,,,,,,,,,,,,,,,,,,,,,,,,,,,,,,,,,,,,,,,,,,,,,,,,,,,,,,,,,,,,,,,,,,,,,,,,,,,,,,,,,,,,,,,,,,,,,,,,,,,,,,,,,,,,,,,,,,,,,,,,,,,,,,,,,,,,,,,,,,,,,,,,,,,,,,,,,,,,,,,,,,,,,,,,,,,,,,,,,,,,,,,,,,,,,,,,,,,,,
1764665239.174521,46071,0,4374.487305,4372.563965,4477.179688,4505.128418,4371.794922,4490.256348,4522.94873,4368.077148,4552.05127,4370.769043,4486.153809,4504.743652,4561.666504,4389.871582,4387.692383,4509.487305,4522.307617,4536.922852,4495.128418,4361.282227,4373.974121,4548.717773,4497.820313,4470.128418,4379.871582,4562.436035,4377.05127,4545.769043,4487.05127,4379.358887,4520.128418,4482.179688,2839,1,25,2562,50170,,,,0,4,4,4,4,4,4,4,4,4,4,4,4,4,4,4,4,4,4,4,4,4,4,4,4,4,4,4,4,4,4,4,4,100,,,,,,,,,,,,,,,,,,,,,,,,,,,,,,,,,,,,,,,,,,,,,,,,,,,,,,,,,,,,,,,,,,,,,,,,,,,,,,,,,,,,,,,,,,,,,,,,,,,,,,,,,,,,,,,,,,,,,,,,,,,,,,,,,,,,,,,,,,,,,,,,,,,,,,,,,,,,,,,,,,,,,,,,,,,,,,,,,,,,,,,,,,,,,,,,,,,,,,,,,,,,,,
1764665239.178427,46072,0,4371.538574,4370.512695,4473.717773,4505.512695,4370.641113,4489.615234,4521.538574,4369.358887,4554.358887,4374.487305,4486.794922,4501.282227,4559.230957,4393.589844,4393.846191,4511.666504,4520.512695,4534.871582,4494.871582,4359.615234,4371.794922,4546.410156,4496.922852,4469.487305,4371.794922,4560,4374.743652,4541.282227,4486.153809,4377.179688,4516.410156,4477.179688,2761,1,25,2563,50177,,,,0,4,4,4,4,4,4,4,4,4,4,4,4,4,4,4,4,4,4,4,4,4,4,4,4,4,4,4,4,4,4,4,4,100,,,,,,,,,,,,,,,,,,,,,,,,,,,,,,,,,,,,,,,,,,,,,,,,,,,,,,,,,,,,,,,,,,,,,,,,,,,,,,,,,,,,,,,,,,,,,,,,,,,,,,,,,,,,,,,,,,,,,,,,,,,,,,,,,,,,,,,,,,,,,,,,,,,,,,,,,,,,,,,,,,,,,,,,,,,,,,,,,,,,,,,,,,,,,,,,,,,,,,,,,,,,,,
1764665239.182333,46073,0,4368.077148,4368.589844,4470.641113,4506.922852,4369.871582,4491.410156,4522.05127,4368.717773,4554.743652,4379.230957,4485,4497.179688,4557.179688,4395.641113,4397.820313,4513.077148,4520,4530.256348,4496.410156,4358.589844,4370.897461,4542.692383,4495.256348,4472.05127,4364.487305,4556.410156,4371.153809,4538.846191,4485.256348,4373.846191,4511.025879,4470.256348,2817,1,25,2563,50177,,,,0,4,4,4,4,4,4,4,4,4,4,4,4,4,4,4,4,4,4,4,4,4,4,4,4,4,4,4,4,4,4,4,4,100,,,,,,,,,,,,,,,,,,,,,,,,,,,,,,,,,,,27902,0,0.26416,-0.598938,-0.733765,0.181885,0.970333,0.205591,0.050787,25.5,27.666666,45.5,,,,,,,,,,,,,,,,,,,,,,,,,,,,,,,,,,,,,,,,,,,,,,,,,,,,,,,,,,,,,,,,,,,,,,,,,,,,,,,,,,,,,,,,,,,,,,,,,,,,,,,,,,,,,,,,,,,,,,,,,,,,,,,,,,,,,,,,,,,,,,,,,,,,,,,,,,,,,,,,
1764665239.186239,46074,0,4364.102539,4366.153809,4467.05127,4507.94873,4367.820313,4492.436035,4522.563965,4365.897461,4552.05127,4383.461426,4480.897461,4492.94873,4555.256348,4393.846191,4396.538574,4510.769043,4517.94873,4524.230957,4497.436035,4357.692383,4369.871582,4537.436035,4491.538574,4474.358887,4359.102539,4551.922852,4366.410156,4537.94873,4482.94873,4368.717773,4504.615234,4461.410156,1954,1,25,2564,50185,,,,0,4,4,4,4,4,4,4,4,4,4,4,4,4,4,4,4,4,4,4,4,4,4,4,4,4,4,4,4,4,4,4,4,100,0.816406,100,4,4,4,4,4,4,4,4,4,4,4,4,4,4,4,4,4,4,4,4,4,4,4,4,4,4,4,4,4,4,4,4,,,,,,,,,,,,,3.497819,4.594176,0.521344,1.012797,0.807616,3.041453,2.929262,0.800504,1.381239,0.953929,2.518656,2.531574,1.155133,1.741335,1.032253,1.79807,1.553241,0.75054,0.88572,0.777099,2.316675,2.412546,0.983707,1.30403,0.946373,3.016432,3.265086,0.516536,1.329311,0.7777,2.492895,3.383043,0.478035,0.934996,0.92097,1.847218,1.618595,0.591045,1.123639,0.979782,2.127386,1.310588,0.816122,1.080689,1.027309,4.611724,1.829761,1.678934,1.658479,1.358758,1.526701,1.91798,0.73788,0.585345,0.770257,2.109408,5.298868,0.561797,0.974857,0.945795,1.85691,5.825677,0.789592,0.682926,0.736378,1.123234,1.790333,0.519487,0.558785,0.670007,0.933025,1.059847,0.649862,0.737153,0.704154,0.931401,4.53254,0.643616,0.509775,0.812349,3.898592,9.754642,0.862034,1.041226,1.086931,1.687689,5.266302,0.943799,0.98316,0.981032,0.901917,3.058577,0.878258,0.592674,0.612367,1.461446,2.577341,1.131435,0.980495,0.960556,2.082967,2.728559,0.958319,1.180008,0.876397,2.73614,8.019687,1.293036,1.16935,0.837188,2.555004,5.635753,0.587345,1.031567,0.766599,2.880989,3.886706,0.94618,1.265641,1.052011,4.567901,4.724096,2.247759,2.528333,1.601993,1.808543,1.11984,0.928121,1.295367,0.856155,3.560698,2.477085,0.892874,1.740228,0.968188,3.760657,4.168676,0.947717,1.599427,1.047682,2.020344,2.325575,0.470579,0.598964,0.439934,3.045235,3.572175,1.083606,1.413528,0.960349,3.242736,1.946822,0.963053,1.896753,1.066236,3.068497,2.63212,0.81493,1.819647,1.018876
1764665239.190144,46075,0,4360.384766,4363.589844,4463.717773,4506.922852,4364.871582,4491.153809,4521.666504,4361.922852,4547.563965,4386.153809,4475.769043,4489.358887,4552.94873,4388.077148,4388.846191,4504.487305,4513.077148,4519.358887,4496.794922,4357.436035,4368.589844,4533.205078,4486.538574,4474.230957,4357.179688,4548.333496,4362.436035,4537.563965,4480.256348,4363.333496,4500.384766,4453.717773,2633,1,25,2564,50185,,,,0,4,4,4,4,4,4,4,4,4,4,4,4,4,4,4,4,4,4,4,4,4,4,4,4,4,4,4,4,4,4,4,4,100,,,,,,,,,,,,,,,,,,,,,,,,,,,,,,,,,,,,,,,,,,,,,,,,,,,,,,,,,,,,,,,,,,,,,,,,,,,,,,,,,,,,,,,,,,,,,,,,,,,,,,,,,,,,,,,,,,,,,,,,,,,,,,,,,,,,,,,,,,,,,,,,,,,,,,,,,,,,,,,,,,,,,,,,,,,,,,,,,,,,,,,,,,,,,,,,,,,,,,,,,,,,,,
1764665239.194050,46076,0,4358.205078,4361.794922,4462.692383,4503.974121,4362.820313,4487.94873,4518.974121,4359.102539,4543.333496,4386.410156,4472.436035,4487.179688,4551.025879,4381.410156,4377.436035,4496.922852,4507.94873,4517.94873,4495.769043,4358.461426,4368.846191,4533.333496,4483.077148,4472.05127,4360,4548.461426,4361.666504,4537.820313,4479.230957,4361.410156,4501.410156,4452.05127,2689,1,25,2565,50193,,,,0,4,4,4,4,4,4,4,4,4,4,4,4,4,4,4,4,4,4,4,4,4,4,4,4,4,4,4,4,4,4,4,4,100,,,,,,,,,,,,,,,,,,,,,,,,,,,,,,,,,,,,,,,,,,,,,,,,,,,,,,,,,,,,,,,,,,,,,,,,,,,,,,,,,,,,,,,,,,,,,,,,,,,,,,,,,,,,,,,,,,,,,,,,,,,,,,,,,,,,,,,,,,,,,,,,,,,,,,,,,,,,,,,,,,,,,,,,,,,,,,,,,,,,,,,,,,,,,,,,,,,,,,,,,,,,,,
1764665239.197956,46077,0,4358.333496,4362.563965,4465.384766,4501.410156,4363.589844,4486.025879,4516.282227,4359.102539,4542.307617,4384.487305,4473.333496,4487.179688,4550.769043,4378.205078,4367.692383,4491.922852,4506.666504,4520.256348,4496.282227,4361.922852,4372.563965,4539.230957,4484.102539,4471.538574,4367.820313,4553.077148,4365.384766,4539.487305,4481.666504,4365.897461,4507.692383,4458.974121,2508,1,25,2565,50193,,,,0,4,4,4,4,4,4,4,4,4,4,4,4,4,4,4,4,4,4,4,4,4,4,4,4,4,4,4,4,4,4,4,4,100,,,,,,,,,,,,,,,,,,,,,,,,,,,,,,,,,,,27903,0,0.263936,-0.598999,-0.733826,0.181763,0.971798,0.212428,0.046392,25.5,27.666666,45.5,,,,,,,,,,,,,,,,,,,,,,,,,,,,,,,,,,,,,,,,,,,,,,,,,,,,,,,,,,,,,,,,,,,,,,,,,,,,,,,,,,,,,,,,,,,,,,,,,,,,,,,,,,,,,,,,,,,,,,,,,,,,,,,,,,,,,,,,,,,,,,,,,,,,,,,,,,,,,,,,
1764665239.201862,46078,0,4361.794922,4366.666504,4471.153809,4501.922852,4367.94873,4488.461426,4515.897461,4362.820313,4546.282227,4380.769043,4479.871582,4489.871582,4553.461426,4380.512695,4364.230957,4491.922852,4511.538574,4524.615234,4499.871582,4368.205078,4380,4549.743652,4490,4476.025879,4378.846191,4560.256348,4372.563965,4543.974121,4487.307617,4375.769043,4515.897461,4471.794922,2660,1,25,2562,50201,,,,0,4,4,4,4,4,4,4,4,4,4,4,4,4,4,4,4,4,4,4,4,4,4,4,4,4,4,4,4,4,4,4,4,100,,,,,,,,,,,,,,,,,,,,,,,,,,,,,,,,,,,,,,,,,,,,,,,,,,,,,,,,,,,,,,,,,,,,,,,,,,,,,,,,,,,,,,,,,,,,,,,,,,,,,,,,,,,,,,,,,,,,,,,,,,,,,,,,,,,,,,,,,,,,,,,,,,,,,,,,,,,,,,,,,,,,,,,,,,,,,,,,,,,,,,,,,,,,,,,,,,,,,,,,,,,,,,
1764665239.205767,46079,0,4368.717773,4372.94873,4477.692383,4506.538574,4374.615234,4495.384766,4519.615234,4369.487305,4554.615234,4376.282227,4491.282227,4494.871582,4559.102539,4387.563965,4368.077148,4496.282227,4521.794922,4529.358887,4506.282227,4377.307617,4389.615234,4561.794922,4498.974121,4485.897461,4390.128418,4567.307617,4380.769043,4550.897461,4494.358887,4386.153809,4522.563965,4483.333496,2830,1,25,2562,50201,,,,0,4,4,4,4,4,4,4,4,4,4,4,4,4,4,4,4,4,4,4,4,4,4,4,4,4,4,4,4,4,4,4,4,100,,,,,,,,,,,,,,,,,,,,,,,,,,,,,,,,,,,,,,,,,,,,,,,,,,,,,,,,,,,,,,,,,,,,,,,,,,,,,,,,,,,,,,,,,,,,,,,,,,,,,,,,,,,,,,,,,,,,,,,,,,,,,,,,,,,,,,,,,,,,,,,,,,,,,,,,,,,,,,,,,,,,,,,,,,,,,,,,,,,,,,,,,,,,,,,,,,,,,,,,,,,,,,
1764665239.209673,46080,0,4377.179688,4378.589844,4482.05127,4514.358887,4380.384766,4504.102539,4527.436035,4376.794922,4563.333496,4373.461426,4504.102539,4500.897461,4566.794922,4395.897461,4375.769043,4502.820313,4533.974121,4533.974121,4513.205078,4387.179688,4398.461426,4572.05127,4507.820313,4497.692383,4398.077148,4571.922852,4387.05127,4558.333496,4500.512695,4392.179688,4525.384766,4488.077148,2767,1,25,2560,50209,,,,0,4,4,4,4,4,4,4,4,4,4,4,4,4,4,4,4,4,4,4,4,4,4,4,4,4,4,4,4,4,4,4,4,100,,,,,,,,,,,,,,,,,,,,,,,,,,,,,,,,,,,,,,,,,,,,,,,,,,,,,,,,,,,,,,,,,,,,,,,,,,,,,,,,,,,,,,,,,,,,,,,,,,,,,,,,,,,,,,,,,,,,,,,,,,,,,,,,,,,,,,,,,,,,,,,,,,,,,,,,,,,,,,,,,,,,,,,,,,,,,,,,,,,,,,,,,,,,,,,,,,,,,,,,,,,,,,
1764665239.213579,46081,0,4384.102539,4381.794922,4483.333496,4522.05127,4382.692383,4510.512695,4536.794922,4381.666504,4568.717773,4374.743652,4513.974121,4506.922852,4574.102539,4401.025879,4382.436035,4508.974121,4543.589844,4538.717773,4517.94873,4394.487305,4403.461426,4578.589844,4513.589844,4506.666504,4401.153809,4574.230957,4389.615234,4563.333496,4503.589844,4392.307617,4524.871582,4485.897461,2929,1,25,2560,50209,,,,0,4,4,4,4,4,4,4,4,4,4,4,4,4,4,4,4,4,4,4,4,4,4,4,4,4,4,4,4,4,4,4,4,100,,,,,,,,,,,,,,,,,,,,,,,,,,,,,,,,,,,27904,0,0.263809,-0.598999,-0.733887,0.181702,0.978147,0.215847,0.042974,23.666666,28.666666,44.5,,,,,,,,,,,,,,,,,,,,,,,,,,,,,,,,,,,,,,,,,,,,,,,,,,,,,,,,,,,,,,,,,,,,,,,,,,,,,,,,,,,,,,,,,,,,,,,,,,,,,,,,,,,,,,,,,,,,,,,,,,,,,,,,,,,,,,,,,,,,,,,,,,,,,,,,,,,,,,,,
1764665239.217485,46082,0,4386.538574,4382.563965,4482.94873,4526.922852,4381.410156,4511.794922,4543.589844,4382.692383,4568.846191,4380.256348,4518.589844,4511.282227,4577.94873,4401.025879,4384.615234,4512.820313,4547.692383,4542.179688,4519.487305,4396.666504,4403.077148,4580.512695,4515,4509.487305,4399.615234,4575.256348,4388.589844,4564.102539,4502.94873,4388.589844,4523.461426,4481.282227,2608,1,25,2560,50217,,,,0,4,4,4,4,4,4,4,4,4,4,4,4,4,4,4,4,4,4,4,4,4,4,4,4,4,4,4,4,4,4,4,4,100,,,,,,,,,,,,,,,,,,,,,,,,,,,,,,,,,,,,,,,,,,,,,,,,,,,,,,,,,,,,,,,,,,,,,,,,,,,,,,,,,,,,,,,,,,,,,,,,,,,,,,,,,,,,,,,,,,,,,,,,,,,,,,,,,,,,,,,,,,,,,,,,,,,,,,,,,,,,,,,,,,,,,,,,,,,,,,,,,,,,,,,,,,,,,,,,,,,,,,,,,,,,,,
1764665239.221391,46083,0,4383.846191,4381.794922,4482.436035,4527.179688,4378.461426,4508.846191,4544.358887,4379.871582,4564.871582,4386.666504,4518.333496,4512.179688,4576.025879,4396.666504,4381.538574,4512.692383,4545.897461,4542.692383,4518.077148,4393.077148,4398.333496,4578.717773,4512.05127,4505.897461,4396.025879,4575.512695,4385.769043,4561.025879,4499.487305,4384.230957,4523.589844,4479.358887,2866,1,25,2560,50217,,,,0,4,4,4,4,4,4,4,4,4,4,4,4,4,4,4,4,4,4,4,4,4,4,4,4,4,4,4,4,4,4,4,4,100,,,,,,,,,,,,,,,,,,,,,,,,,,,,,,,,,,,,,,,,,,,,,,,,,,,,,,,,,,,,,,,,,,,,,,,,,,,,,,,,,,,,,,,,,,,,,,,,,,,,,,,,,,,,,,,,,,,,,,,,,,,,,,,,,,,,,,,,,,,,,,,,,,,,,,,,,,,,,,,,,,,,,,,,,,,,,,,,,,,,,,,,,,,,,,,,,,,,,,,,,,,,,,
1764665239.225296,46084,0,4377.436035,4380.512695,4481.922852,4522.94873,4375.641113,4504.615234,4539.102539,4374.358887,4559.230957,4388.589844,4515.512695,4508.333496,4568.974121,4390.641113,4375.256348,4508.077148,4540.384766,4539.102539,4514.615234,4385.897461,4392.692383,4574.102539,4506.538574,4498.717773,4392.94873,4574.230957,4382.179688,4556.153809,4495.384766,4380.897461,4525.384766,4481.282227,2764,1,25,1536,50224,,,,0,4,4,4,4,4,4,4,4,4,4,4,4,4,4,4,4,4,4,4,4,4,4,4,4,4,4,4,4,4,4,4,4,100,,,,,,,,,,,,,,,,,,,,,,,,,,,,,,,,,,,,,,,,,,,,,,,,,,,,,,,,,,,,,,,,,,,,,,,,,,,,,,,,,,,,,,,,,,,,,,,,,,,,,,,,,,,,,,,,,,,,,,,,,,,,,,,,,,,,,,,,,,,,,,,,,,,,,,,,,,,,,,,,,,,,,,,,,,,,,,,,,,,,,,,,,,,,,,,,,,,,,,,,,,,,,,
1764665239.229202,46085,0,4370.769043,4378.846191,4480.512695,4515.897461,4373.589844,4502.179688,4530.512695,4368.077148,4553.974121,4383.589844,4511.538574,4501.410156,4560.384766,4385.769043,4369.230957,4500.256348,4534.102539,4532.307617,4509.743652,4378.461426,4389.487305,4568.846191,4500.641113,4491.666504,4391.794922,4570.256348,4378.717773,4552.179688,4492.563965,4378.461426,4526.666504,4484.230957,2800,1,25,1536,50224,,,,0,4,4,4,4,4,4,4,4,4,4,4,4,4,4,4,4,4,4,4,4,4,4,4,4,4,4,4,4,4,4,4,4,100,,,,,,,,,,,,,,,,,,,,,,,,,,,,,,,,,,,27905,0,0.263809,-0.598999,-0.733887,0.181702,0.966915,0.201196,0.038579,25,28.333334,43.833332,,,,,,,,,,,,,,,,,,,,,,,,,,,,,,,,,,,,,,,,,,,,,,,,,,,,,,,,,,,,,,,,,,,,,,,,,,,,,,,,,,,,,,,,,,,,,,,,,,,,,,,,,,,,,,,,,,,,,,,,,,,,,,,,,,,,,,,,,,,,,,,,,,,,,,,,,,,,,,,,
1764665239.233108,46086,0,4366.922852,4377.05127,4477.307617,4508.589844,4372.05127,4502.563965,4523.077148,4363.589844,4550.512695,4374.871582,4508.077148,4495,4554.871582,4384.102539,4366.666504,4492.94873,4529.871582,4525.769043,4505,4374.102539,4390.256348,4565.128418,4497.179688,4488.205078,4392.436035,4564.615234,4375.512695,4551.153809,4492.436035,4376.025879,4525.256348,4484.102539,2806,1,25,256,50232,,,,0,4,4,4,4,4,4,4,4,4,4,4,4,4,4,4,4,4,4,4,4,4,4,4,4,4,4,4,4,4,4,4,4,100,,,,,,,,,,,,,,,,,,,,,,,,,,,,,,,,,,,,,,,,,,,,,,,,,,,,,,,,,,,,,,,,,,,,,,,,,,,,,,,,,,,,,,,,,,,,,,,,,,,,,,,,,,,,,,,,,,,,,,,,,,,,,,,,,,,,,,,,,,,,,,,,,,,,,,,,,,,,,,,,,,,,,,,,,,,,,,,,,,,,,,,,,,,,,,,,,,,,,,,,,,,,,,
1764665239.237014,46087,0,4367.94873,4376.922852,4473.846191,4503.846191,4371.282227,4504.743652,4521.153809,4362.94873,4549.871582,4369.615234,4506.794922,4492.94873,4555.128418,4386.538574,4369.102539,4490.512695,4529.230957,4523.333496,4503.077148,4374.230957,4393.717773,4564.230957,4498.205078,4490,4395.256348,4560.512695,4374.230957,4553.589844,4495,4375,4522.05127,4480.512695,2994,1,25,256,50232,,,,0,4,4,4,4,4,4,4,4,4,4,4,4,4,4,4,4,4,4,4,4,4,4,4,4,4,4,4,4,4,4,4,4,100,,,,,,,,,,,,,,,,,,,,,,,,,,,,,,,,,,,,,,,,,,,,,,,,,,,,,,,,,,,,,,,,,,,,,,,,,,,,,,,,,,,,,,,,,,,,,,,,,,,,,,,,,,,,,,,,,,,,,,,,,,,,,,,,,,,,,,,,,,,,,,,,,,,,,,,,,,,,,,,,,,,,,,,,,,,,,,,,,,,,,,,,,,,,,,,,,,,,,,,,,,,,,,
1764665239.240919,46088,0,4372.94873,4380,4473.205078,4503.077148,4372.307617,4507.307617,4525.512695,4366.538574,4551.666504,4373.205078,4508.077148,4496.025879,4560.641113,4391.410156,4375,4495.128418,4532.05127,4526.410156,4505.256348,4378.077148,4397.436035,4566.410156,4503.461426,4496.153809,4400.769043,4561.153809,4376.410156,4558.205078,4499.102539,4377.05127,4520.128418,4476.410156,2871,1,25,512,50240,,,,0,4,4,4,4,4,4,4,4,4,4,4,4,4,4,4,4,4,4,4,4,4,4,4,4,4,4,4,4,4,4,4,4,100,,,,,,,,,,,,,,,,,,,,,,,,,,,,,,,,,,,,,,,,,,,,,,,,,,,,,,,,,,,,,,,,,,,,,,,,,,,,,,,,,,,,,,,,,,,,,,,,,,,,,,,,,,,,,,,,,,,,,,,,,,,,,,,,,,,,,,,,,,,,,,,,,,,,,,,,,,,,,,,,,,,,,,,,,,,,,,,,,,,,,,,,,,,,,,,,,,,,,,,,,,,,,,
1764665239.244825,46089,0,4378.974121,4386.025879,4477.563965,4506.282227,4375.256348,4509.230957,4533.205078,4372.179688,4554.358887,4384.102539,4510.384766,4502.05127,4567.820313,4396.410156,4380.897461,4504.230957,4536.538574,4532.94873,4509.743652,4382.436035,4399.358887,4569.615234,4509.743652,4502.94873,4408.717773,4567.05127,4382.307617,4562.436035,4502.820313,4382.692383,4522.307617,4476.794922,2722,1,25,512,50240,,,,0,4,4,4,4,4,4,4,4,4,4,4,4,4,4,4,4,4,4,4,4,4,4,4,4,4,4,4,4,4,4,4,4,100,,,,,,,,,,,,,,,,,,,,,,,,,,,,,,,,,,,27906,0,0.264022,-0.598999,-0.733765,0.181885,0.971798,0.219753,0.049322,25.833334,27.666666,41.333332,,,,,,,,,,,,,,,,,,,,,,,,,,,,,,,,,,,,,,,,,,,,,,,,,,,,,,,,,,,,,,,,,,,,,,,,,,,,,,,,,,,,,,,,,,,,,,,,,,,,,,,,,,,,,,,,,,,,,,,,,,,,,,,,,,,,,,,,,,,,,,,,,,,,,,,,,,,,,,,,
1764665239.248731,46090,0,4382.94873,4392.436035,4485.769043,4511.794922,4379.358887,4510.128418,4539.615234,4376.666504,4555.384766,4395.641113,4511.538574,4507.179688,4572.436035,4399.487305,4383.717773,4512.94873,4540,4539.102539,4512.692383,4384.487305,4398.461426,4571.282227,4513.717773,4506.666504,4415.512695,4575.384766,4389.230957,4563.717773,4505,4389.871582,4528.589844,4483.333496,2286,1,25,768,50248,,,,0,4,4,4,4,4,4,4,4,4,4,4,4,4,4,4,4,4,4,4,4,4,4,4,4,4,4,4,4,4,4,4,4,100,,,,,,,,,,,,,,,,,,,,,,,,,,,,,,,,,,,,,,,,,,,,,,,,,,,,,,,,,,,,,,,,,,,,,,,,,,,,,,,,,,,,,,,,,,,,,,,,,,,,,,,,,,,,,,,,,,,,,,,,,,,,,,,,,,,,,,,,,,,,,,,,,,,,,,,,,,,,,,,,,,,,,,,,,,,,,,,,,,,,,,,,,,,,,,,,,,,,,,,,,,,,,,
1764665239.252637,46091,0,4383.717773,4396.282227,4493.589844,4517.307617,4383.077148,4510.256348,4541.538574,4377.692383,4553.974121,4399.615234,4510.256348,4508.974121,4572.820313,4400.384766,4382.94873,4517.563965,4540.512695,4541.666504,4511.666504,4383.077148,4395.769043,4569.358887,4513.205078,4505.256348,4415.641113,4581.282227,4394.102539,4562.307617,4505.128418,4395.641113,4535.897461,4493.205078,2701,1,25,768,50248,,,,0,4,4,4,4,4,4,4,4,4,4,4,4,4,4,4,4,4,4,4,4,4,4,4,4,4,4,4,4,4,4,4,4,100,,,,,,,,,,,,,,,,,,,,,,,,,,,,,,,,,,,,,,,,,,,,,,,,,,,,,,,,,,,,,,,,,,,,,,,,,,,,,,,,,,,,,,,,,,,,,,,,,,,,,,,,,,,,,,,,,,,,,,,,,,,,,,,,,,,,,,,,,,,,,,,,,,,,,,,,,,,,,,,,,,,,,,,,,,,,,,,,,,,,,,,,,,,,,,,,,,,,,,,,,,,,,,
1764665239.256543,46092,0,4382.05127,4396.410156,4497.436035,4521.025879,4385.384766,4510,4539.743652,4375.641113,4551.666504,4393.077148,4507.436035,4507.94873,4570.256348,4399.615234,4380.641113,4517.563965,4538.461426,4540.384766,4507.436035,4380.256348,4392.692383,4564.102539,4509.615234,4500.128418,4405.769043,4581.666504,4395.641113,4560.128418,4503.717773,4397.563965,4540.512695,4500.256348,2505,1,25,1024,50256,,,,0,4,4,4,4,4,4,4,4,4,4,4,4,4,4,4,4,4,4,4,4,4,4,4,4,4,4,4,4,4,4,4,4,100,,,,,,,,,,,,,,,,,,,,,,,,,,,,,,,,,,,,,,,,,,,,,,,,,,,,,,,,,,,,,,,,,,,,,,,,,,,,,,,,,,,,,,,,,,,,,,,,,,,,,,,,,,,,,,,,,,,,,,,,,,,,,,,,,,,,,,,,,,,,,,,,,,,,,,,,,,,,,,,,,,,,,,,,,,,,,,,,,,,,,,,,,,,,,,,,,,,,,,,,,,,,,,
1764665239.260448,46093,0,4380.128418,4393.846191,4496.538574,4522.692383,4386.538574,4509.358887,4537.05127,4372.692383,4550.769043,4379.615234,4504.871582,4506.153809,4567.436035,4397.692383,4379.871582,4515.512695,4536.153809,4537.563965,4503.461426,4378.077148,4390.128418,4557.94873,4505.641113,4494.358887,4388.461426,4577.179688,4395.128418,4559.358887,4501.666504,4395.769043,4541.025879,4500.512695,2247,1,25,1024,50256,,,,0,4,4,4,4,4,4,4,4,4,4,4,4,4,4,4,4,4,4,4,4,4,4,4,4,4,4,4,4,4,4,4,4,100,,,,,,,,,,,,,,,,,,,,,,,,,,,,,,,,,,,27907,0,0.264033,-0.598938,-0.733826,0.181824,0.973263,0.221707,0.044439,25.333334,29,45.333332,,,,,,,,,,,,,,,,,,,,,,,,,,,,,,,,,,,,,,,,,,,,,,,,,,,,,,,,,,,,,,,,,,,,,,,,,,,,,,,,,,,,,,,,,,,,,,,,,,,,,,,,,,,,,,,,,,,,,,,,,,,,,,,,,,,,,,,,,,,,,,,,,,,,,,,,,,,,,,,,
1764665239.264354,46094,0,4379.102539,4390.897461,4493.461426,4522.820313,4386.922852,4508.717773,4535.897461,4370.897461,4552.179688,4367.179688,4503.846191,4505,4567.05127,4395.128418,4381.794922,4514.871582,4535.769043,4535.897461,4503.077148,4377.692383,4387.94873,4553.589844,4503.717773,4490.769043,4371.538574,4571.538574,4394.358887,4560,4499.487305,4392.307617,4538.717773,4495,2725,1,25,1280,50263,,,,0,4,4,4,4,4,4,4,4,4,4,4,4,4,4,4,4,4,4,4,4,4,4,4,4,4,4,4,4,4,4,4,4,100,,,,,,,,,,,,,,,,,,,,,,,,,,,,,,,,,,,,,,,,,,,,,,,,,,,,,,,,,,,,,,,,,,,,,,,,,,,,,,,,,,,,,,,,,,,,,,,,,,,,,,,,,,,,,,,,,,,,,,,,,,,,,,,,,,,,,,,,,,,,,,,,,,,,,,,,,,,,,,,,,,,,,,,,,,,,,,,,,,,,,,,,,,,,,,,,,,,,,,,,,,,,,,
1764665239.268260,46095,0,4378.974121,4388.846191,4491.025879,4521.794922,4386.666504,4508.333496,4536.538574,4370.641113,4554.487305,4362.563965,4504.230957,4504.871582,4568.974121,4392.94873,4385.256348,4516.410156,4537.436035,4536.538574,4506.025879,4378.333496,4386.282227,4552.307617,4504.358887,4489.871582,4363.717773,4568.205078,4394.358887,4560.897461,4497.563965,4389.358887,4535.897461,4489.230957,2512,1,25,1280,50263,,,,0,4,4,4,4,4,4,4,4,4,4,4,4,4,4,4,4,4,4,4,4,4,4,4,4,4,4,4,4,4,4,4,4,100,,,,,,,,,,,,,,,,,,,,,,,,,,,,,,,,,,,,,,,,,,,,,,,,,,,,,,,,,,,,,,,,,,,,,,,,,,,,,,,,,,,,,,,,,,,,,,,,,,,,,,,,,,,,,,,,,,,,,,,,,,,,,,,,,,,,,,,,,,,,,,,,,,,,,,,,,,,,,,,,,,,,,,,,,,,,,,,,,,,,,,,,,,,,,,,,,,,,,,,,,,,,,,
1764665239.272166,46096,0,4378.846191,4388.077148,4490.512695,4519.743652,4385,4507.820313,4537.820313,4370.641113,4555.769043,4367.05127,4505.384766,4505.641113,4571.025879,4392.692383,4388.077148,4517.94873,4539.358887,4538.077148,4509.487305,4378.846191,4385.641113,4553.077148,4505.641113,4490.256348,4369.358887,4568.333496,4394.102539,4560.769043,4495.769043,4387.563965,4534.615234,4487.563965,2874,1,25,1536,50271,,,,0,4,4,4,4,4,4,4,4,4,4,4,4,4,4,4,4,4,4,4,4,4,4,4,4,4,4,4,4,4,4,4,4,100,,,,,,,,,,,,,,,,,,,,,,,,,,,,,,,,,,,,,,,,,,,,,,,,,,,,,,,,,,,,,,,,,,,,,,,,,,,,,,,,,,,,,,,,,,,,,,,,,,,,,,,,,,,,,,,,,,,,,,,,,,,,,,,,,,,,,,,,,,,,,,,,,,,,,,,,,,,,,,,,,,,,,,,,,,,,,,,,,,,,,,,,,,,,,,,,,,,,,,,,,,,,,,
1764665239.276071,46097,0,4378.205078,4387.692383,4490.256348,4515.897461,4381.922852,4506.922852,4538.205078,4369.487305,4555,4375.512695,4506.282227,4506.922852,4571.025879,4394.358887,4388.589844,4517.94873,4539.487305,4538.205078,4509.871582,4379.102539,4386.282227,4554.871582,4506.153809,4490.256348,4385,4570.512695,4392.307617,4559.102539,4494.230957,4386.538574,4535.256348,4489.358887,2921,1,25,1536,50271,,,,0,4,4,4,4,4,4,4,4,4,4,4,4,4,4,4,4,4,4,4,4,4,4,4,4,4,4,4,4,4,4,4,4,100,,,,,,,,,,,,,,,,,,,,,,,,,,,,,,,,,,,27908,0,0.263863,-0.598938,-0.733887,0.181824,0.973263,0.221707,0.044439,26.5,27.833334,43.666668,,,,,,,,,,,,,,,,,,,,,,,,,,,,,,,,,,,,,,,,,,,,,,,,,,,,,,,,,,,,,,,,,,,,,,,,,,,,,,,,,,,,,,,,,,,,,,,,,,,,,,,,,,,,,,,,,,,,,,,,,,,,,,,,,,,,,,,,,,,,,,,,,,,,,,,,,,,,,,,,
1764665239.279977,46098,0,4377.307617,4386.282227,4488.077148,4510.769043,4378.077148,4505.512695,4537.179688,4366.666504,4552.563965,4381.025879,4506.410156,4508.461426,4569.102539,4397.436035,4387.307617,4516.538574,4538.333496,4536.666504,4507.05127,4379.743652,4388.333496,4557.563965,4506.153809,4489.743652,4403.205078,4573.461426,4389.102539,4557.05127,4493.461426,4385.384766,4537.179688,4491.538574,1768,1,25,1792,50279,,,,0,4,4,4,4,4,4,4,4,4,4,4,4,4,4,4,4,4,4,4,4,4,4,4,4,4,4,4,4,4,4,4,4,100,,,,,,,,,,,,,,,,,,,,,,,,,,,,,,,,,,,,,,,,,,,,,,,,,,,,,,,,,,,,,,,,,,,,,,,,,,,,,,,,,,,,,,,,,,,,,,,,,,,,,,,,,,,,,,,,,,,,,,,,,,,,,,,,,,,,,,,,,,,,,,,,,,,,,,,,,,,,,,,,,,,,,,,,,,,,,,,,,,,,,,,,,,,,,,,,,,,,,,,,,,,,,,
1764665239.283883,46099,0,4376.794922,4384.230957,4483.846191,4506.282227,4375.256348,4504.615234,4535.769043,4363.589844,4550.512695,4380.384766,4506.410156,4510.769043,4567.179688,4401.025879,4386.666504,4516.025879,4538.333496,4535.641113,4504.358887,4381.410156,4390.769043,4562.179688,4507.436035,4490.128418,4416.410156,4576.666504,4386.410156,4556.666504,4493.974121,4384.871582,4540.128418,4492.307617,2962,1,25,1792,50279,,,,0,4,4,4,4,4,4,4,4,4,4,4,4,4,4,4,4,4,4,4,4,4,4,4,4,4,4,4,4,4,4,4,4,100,,,,,,,,,,,,,,,,,,,,,,,,,,,,,,,,,,,,,,,,,,,,,,,,,,,,,,,,,,,,,,,,,,,,,,,,,,,,,,,,,,,,,,,,,,,,,,,,,,,,,,,,,,,,,,,,,,,,,,,,,,,,,,,,,,,,,,,,,,,,,,,,,,,,,,,,,,,,,,,,,,,,,,,,,,,,,,,,,,,,,,,,,,,,,,,,,,,,,,,,,,,,,,
1764665239.287789,46100,0,4377.436035,4382.820313,4479.743652,4504.743652,4375.256348,4505,4535.641113,4362.820313,4550.512695,4376.538574,4507.05127,4514.230957,4566.794922,4404.358887,4388.846191,4518.205078,4542.179688,4537.436035,4505.769043,4384.871582,4393.333496,4569.615234,4511.666504,4493.461426,4421.153809,4580.128418,4387.179688,4560,4496.025879,4386.410156,4543.205078,4492.820313,2528,1,25,2048,50287,,,,0,4,4,4,4,4,4,4,4,4,4,4,4,4,4,4,4,4,4,4,4,4,4,4,4,4,4,4,4,4,4,4,4,100,,,,,,,,,,,,,,,,,,,,,,,,,,,,,,,,,,,,,,,,,,,,,,,,,,,,,,,,,,,,,,,,,,,,,,,,,,,,,,,,,,,,,,,,,,,,,,,,,,,,,,,,,,,,,,,,,,,,,,,,,,,,,,,,,,,,,,,,,,,,,,,,,,,,,,,,,,,,,,,,,,,,,,,,,,,,,,,,,,,,,,,,,,,,,,,,,,,,,,,,,,,,,,
1764665239.291694,46101,0,4379.102539,4383.333496,4478.077148,4506.282227,4377.307617,4506.410156,4536.666504,4365.769043,4553.077148,4375.256348,4508.846191,4517.94873,4567.820313,4406.666504,4393.717773,4522.05127,4549.230957,4541.794922,4512.179688,4389.487305,4396.282227,4579.487305,4517.94873,4499.871582,4418.717773,4583.333496,4392.179688,4566.538574,4498.846191,4390.769043,4545.641113,4493.974121,2833,1,25,2048,50287,,,,0,4,4,4,4,4,4,4,4,4,4,4,4,4,4,4,4,4,4,4,4,4,4,4,4,4,4,4,4,4,4,4,4,100,,,,,,,,,,,,,,,,,,,,,,,,,,,,,,,,,,,27909,0,0.263863,-0.598938,-0.733887,0.181824,0.987914,0.211452,0.049322,23.833334,27.666666,44.333332,,,,,,,,,,,,,,,,,,,,,,,,,,,,,,,,,,,,,,,,,,,,,,,,,,,,,,,,,,,,,,,,,,,,,,,,,,,,,,,,,,,,,,,,,,,,,,,,,,,,,,,,,,,,,,,,,,,,,,,,,,,,,,,,,,,,,,,,,,,,,,,,,,,,,,,,,,,,,,,,
1764665239.295600,46102,0,4380.641113,4384.615234,4478.846191,4508.205078,4378.846191,4507.307617,4536.794922,4370.512695,4555.769043,4379.743652,4510.897461,4519.230957,4568.589844,4406.794922,4398.461426,4524.358887,4555.641113,4546.153809,4520.384766,4394.102539,4399.743652,4588.717773,4523.461426,4507.307617,4412.820313,4584.358887,4398.717773,4573.205078,4501.410156,4395.256348,4546.538574,4494.871582,2934,1,25,2304,50295,,,,0,4,4,4,4,4,4,4,4,4,4,4,4,4,4,4,4,4,4,4,4,4,4,4,4,4,4,4,4,4,4,4,4,100,,,,,,,,,,,,,,,,,,,,,,,,,,,,,,,,,,,,,,,,,,,,,,,,,,,,,,,,,,,,,,,,,,,,,,,,,,,,,,,,,,,,,,,,,,,,,,,,,,,,,,,,,,,,,,,,,,,,,,,,,,,,,,,,,,,,,,,,,,,,,,,,,,,,,,,,,,,,,,,,,,,,,,,,,,,,,,,,,,,,,,,,,,,,,,,,,,,,,,,,,,,,,,
1764665239.299506,46103,0,4380.128418,4383.589844,4478.589844,4507.05127,4376.794922,4505.384766,4533.589844,4373.589844,4555.769043,4386.794922,4511.025879,4516.153809,4566.922852,4404.358887,4399.615234,4521.794922,4556.922852,4547.563965,4525,4396.538574,4403.717773,4593.974121,4524.358887,4512.05127,4407.563965,4581.410156,4402.436035,4576.410156,4502.05127,4396.025879,4545.128418,4493.205078,2852,1,25,2304,50295,,,,0,4,4,4,4,4,4,4,4,4,4,4,4,4,4,4,4,4,4,4,4,4,4,4,4,4,4,4,4,4,4,4,4,100,,,,,,,,,,,,,,,,,,,,,,,,,,,,,,,,,,,,,,,,,,,,,,,,,,,,,,,,,,,,,,,,,,,,,,,,,,,,,,,,,,,,,,,,,,,,,,,,,,,,,,,,,,,,,,,,,,,,,,,,,,,,,,,,,,,,,,,,,,,,,,,,,,,,,,,,,,,,,,,,,,,,,,,,,,,,,,,,,,,,,,,,,,,,,,,,,,,,,,,,,,,,,,
1764665239.303412,46104,0,4376.153809,4378.205078,4474.230957,4500.769043,4370.128418,4499.743652,4526.410156,4371.794922,4552.179688,4390,4507.436035,4508.717773,4561.922852,4399.743652,4395.512695,4513.974121,4551.153809,4545.256348,4523.589844,4395.641113,4407.563965,4592.94873,4519.615234,4511.538574,4405.512695,4574.615234,4400.512695,4573.717773,4499.871582,4390.769043,4541.666504,4487.692383,2774,1,25,2560,50302,,,,0,4,4,4,4,4,4,4,4,4,4,4,4,4,4,4,4,4,4,4,4,4,4,4,4,4,4,4,4,4,4,4,4,100,,,,,,,,,,,,,,,,,,,,,,,,,,,,,,,,,,,,,,,,,,,,,,,,,,,,,,,,,,,,,,,,,,,,,,,,,,,,,,,,,,,,,,,,,,,,,,,,,,,,,,,,,,,,,,,,,,,,,,,,,,,,,,,,,,,,,,,,,,,,,,,,,,,,,,,,,,,,,,,,,,,,,,,,,,,,,,,,,,,,,,,,,,,,,,,,,,,,,,,,,,,,,,
1764665239.307318,46105,0,4369.230957,4369.615234,4465.256348,4491.025879,4360.769043,4491.025879,4517.179688,4365.769043,4547.05127,4384.871582,4500.512695,4500.128418,4554.358887,4394.743652,4388.333496,4503.589844,4540.769043,4540.897461,4518.333496,4392.05127,4409.358887,4586.794922,4511.282227,4506.538574,4406.025879,4567.179688,4393.974121,4566.538574,4494.871582,4381.794922,4537.563965,4479.615234,2832,1,25,2560,50302,,,,0,4,4,4,4,4,4,4,4,4,4,4,4,4,4,4,4,4,4,4,4,4,4,4,4,4,4,4,4,4,4,4,4,100,,,,,,,,,,,,,,,,,,,,,,,,,,,,,,,,,,,27910,0,0.263905,-0.598938,-0.733887,0.181763,0.972287,0.210963,0.054206,25.833334,28,43.5,,,,,,,,,,,,,,,,,,,,,,,,,,,,,,,,,,,,,,,,,,,,,,,,,,,,,,,,,,,,,,,,,,,,,,,,,,,,,,,,,,,,,,,,,,,,,,,,,,,,,,,,,,,,,,,,,,,,,,,,,,,,,,,,,,,,,,,,,,,,,,,,,,,,,,,,,,,,,,,,
1764665239.311223,46106,0,4361.922852,4361.410156,4454.871582,4481.794922,4352.563965,4481.666504,4509.230957,4358.717773,4543.077148,4373.333496,4492.94873,4493.846191,4547.179688,4391.410156,4381.538574,4495,4530,4537.179688,4513.717773,4388.077148,4407.94873,4578.974121,4503.589844,4499.743652,4407.307617,4563.461426,4386.666504,4558.333496,4488.974121,4373.589844,4534.358887,4472.307617,1960,1,25,2560,50310,,,,0,4,4,4,4,4,4,4,4,4,4,4,4,4,4,4,4,4,4,4,4,4,4,4,4,4,4,4,4,4,4,4,4,100,,,,,,,,,,,,,,,,,,,,,,,,,,,,,,,,,,,,,,,,,,,,,,,3.662883,5.321929,0.456785,1.099225,0.776045,3.117013,3.608836,0.764721,1.514552,0.878741,2.640253,3.055363,1.118032,1.827006,0.943291,1.955037,1.760213,0.635821,0.879143,0.730141,2.392563,2.777222,0.913062,1.424328,0.873138,2.992808,3.827966,0.416309,1.446687,0.721663,2.729505,3.798914,0.340091,0.925573,0.916698,2.031336,1.998788,0.552618,1.231254,0.963213,2.22391,1.647776,0.776365,1.169879,0.966806,4.726151,2.016723,1.470375,1.657619,1.280775,1.640709,2.09026,0.64602,0.641959,0.740272,2.13541,5.496852,0.417184,0.934693,0.932412,1.910796,6.126533,0.777176,0.649705,0.698354,1.042539,2.052197,0.439464,0.596024,0.656721,0.978521,1.375303,0.614322,0.849767,0.685241,0.930036,4.639681,0.606062,0.542325,0.809072,4.197637,9.818553,0.765555,1.043941,1.050045,1.694474,5.099473,0.895244,1.060088,0.951365,0.948793,3.053253,0.935874,0.661036,0.570975,1.63689,2.964703,1.208933,1.13095,0.940826,2.289521,3.254806,1.036087,1.384642,0.821561,2.744469,8.025115,1.380228,1.29206,0.826098,2.819838,5.860078,0.498456,1.108389,0.729006,3.133445,3.809705,0.930084,1.414117,1.010857,4.428702,5.50848,2.483931,3.064861,1.482392,1.855327,1.217334,0.876218,1.484844,0.799263,3.806525,2.638932,0.842457,1.930029,0.920699,4.100322,4.76891,0.771275,1.72234,1.012064,2.117412,2.598811,0.414275,0.622656,0.413634,3.163421,4.235586,1.031255,1.602645,0.92224,3.345334,2.222234,0.973769,2.150561,1.033687,3.230624,3.161717,0.793623,2.064356,0.95524
1764665239.315129,46107,0,4357.05127,4356.794922,4446.922852,4475.897461,4348.205078,4474.615234,4504.871582,4353.589844,4540.128418,4362.307617,4487.436035,4491.153809,4542.820313,4390.512695,4377.692383,4490.897461,4522.820313,4535,4512.692383,4385.769043,4403.333496,4572.94873,4499.230957,4493.974121,4407.563965,4565.512695,4382.563965,4552.820313,4484.743652,4370,4533.589844,4468.589844,2646,1,25,2560,50310,,,,0,4,4,4,4,4,4,4,4,4,4,4,4,4,4,4,4,4,4,4,4,4,4,4,4,4,4,4,4,4,4,4,4,100,,,,,,,,,,,,,,,,,,,,,,,,,,,,,,,,,,,,,,,,,,,,,,,,,,,,,,,,,,,,,,,,,,,,,,,,,,,,,,,,,,,,,,,,,,,,,,,,,,,,,,,,,,,,,,,,,,,,,,,,,,,,,,,,,,,,,,,,,,,,,,,,,,,,,,,,,,,,,,,,,,,,,,,,,,,,,,,,,,,,,,,,,,,,,,,,,,,,,,,,,,,,,,
1764665239.319035,46108,0,4355.897461,4356.538574,4443.717773,4473.974121,4347.820313,4471.666504,4504.487305,4351.538574,4536.410156,4358.717773,4484.871582,4490.769043,4541.794922,4391.410156,4377.307617,4491.025879,4520.256348,4534.102539,4514.871582,4385.128418,4398.077148,4570.512695,4498.077148,4491.025879,4406.410156,4572.05127,4383.205078,4551.282227,4483.717773,4371.538574,4535.128418,4469.230957,2700,1,25,2561,50318,,,,0,4,4,4,4,4,4,4,4,4,4,4,4,4,4,4,4,4,4,4,4,4,4,4,4,4,4,4,4,4,4,4,4,100,,,,,,,,,,,,,,,,,,,,,,,,,,,,,,,,,,,,,,,,,,,,,,,,,,,,,,,,,,,,,,,,,,,,,,,,,,,,,,,,,,,,,,,,,,,,,,,,,,,,,,,,,,,,,,,,,,,,,,,,,,,,,,,,,,,,,,,,,,,,,,,,,,,,,,,,,,,,,,,,,,,,,,,,,,,,,,,,,,,,,,,,,,,,,,,,,,,,,,,,,,,,,,
1764665239.322941,46109,0,4358.077148,4360.256348,4445.256348,4474.102539,4349.871582,4472.94873,4507.179688,4352.05127,4531.025879,4364.743652,4484.487305,4490.256348,4543.333496,4393.077148,4379.487305,4493.846191,4521.410156,4533.461426,4517.436035,4385.256348,4395.641113,4571.410156,4498.717773,4491.538574,4404.102539,4579.871582,4387.692383,4553.077148,4485.897461,4376.794922,4539.230957,4473.846191,2517,1,25,2561,50318,,,,0,4,4,4,4,4,4,4,4,4,4,4,4,4,4,4,4,4,4,4,4,4,4,4,4,4,4,4,4,4,4,4,4,100,,,,,,,,,,,,,,,,,,,,,,,,,,,,,,,,,,,27911,0,0.264129,-0.598877,-0.733826,0.181885,0.964473,0.210475,0.057136,24.666666,28.833334,43.5,,,,,,,,,,,,,,,,,,,,,,,,,,,,,,,,,,,,,,,,,,,,,,,,,,,,,,,,,,,,,,,,,,,,,,,,,,,,,,,,,,,,,,,,,,,,,,,,,,,,,,,,,,,,,,,,,,,,,,,,,,,,,,,,,,,,,,,,,,,,,,,,,,,,,,,,,,,,,,,,
1764665239.326846,46110,0,4362.94873,4367.179688,4450.256348,4475.128418,4353.717773,4478.205078,4512.179688,4354.487305,4526.666504,4376.282227,4486.025879,4489.487305,4547.179688,4395.641113,4383.333496,4498.205078,4525.384766,4533.846191,4518.461426,4386.922852,4398.333496,4574.102539,4500.512695,4496.025879,4401.282227,4587.179688,4395.512695,4557.692383,4490.384766,4384.230957,4546.666504,4481.153809,2670,1,25,2562,50326,,,,0,4,4,4,4,4,4,4,4,4,4,4,4,4,4,4,4,4,4,4,4,4,4,4,4,4,4,4,4,4,4,4,4,100,,,,,,,,,,,,,,,,,,,,,,,,,,,,,,,,,,,,,,,,,,,,,,,,,,,,,,,,,,,,,,,,,,,,,,,,,,,,,,,,,,,,,,,,,,,,,,,,,,,,,,,,,,,,,,,,,,,,,,,,,,,,,,,,,,,,,,,,,,,,,,,,,,,,,,,,,,,,,,,,,,,,,,,,,,,,,,,,,,,,,,,,,,,,,,,,,,,,,,,,,,,,,,
1764665239.330752,46111,0,4370.128418,4376.922852,4457.307617,4477.436035,4359.358887,4486.282227,4518.974121,4358.461426,4527.563965,4385.512695,4488.974121,4490.256348,4553.205078,4399.743652,4388.589844,4503.717773,4531.538574,4536.538574,4518.974121,4391.794922,4405.769043,4577.94873,4503.846191,4503.717773,4400.128418,4594.230957,4405.897461,4564.871582,4496.153809,4393.333496,4557.820313,4489.743652,2840,1,25,2562,50326,,,,0,4,4,4,4,4,4,4,4,4,4,4,4,4,4,4,4,4,4,4,4,4,4,4,4,4,4,4,4,4,4,4,4,100,,,,,,,,,,,,,,,,,,,,,,,,,,,,,,,,,,,,,,,,,,,,,,,,,,,,,,,,,,,,,,,,,,,,,,,,,,,,,,,,,,,,,,,,,,,,,,,,,,,,,,,,,,,,,,,,,,,,,,,,,,,,,,,,,,,,,,,,,,,,,,,,,,,,,,,,,,,,,,,,,,,,,,,,,,,,,,,,,,,,,,,,,,,,,,,,,,,,,,,,,,,,,,
1764665239.334658,46112,0,4378.077148,4386.282227,4463.974121,4480.769043,4366.025879,4494.358887,4526.025879,4363.077148,4533.589844,4385.897461,4491.922852,4494.102539,4560.897461,4404.743652,4393.461426,4509.358887,4538.974121,4541.922852,4519.871582,4399.487305,4414.102539,4581.666504,4507.94873,4511.410156,4402.94873,4601.153809,4416.153809,4572.94873,4501.410156,4402.563965,4570.256348,4496.922852,2771,1,25,2563,50334,,,,0,4,4,4,4,4,4,4,4,4,4,4,4,4,4,4,4,4,4,4,4,4,4,4,4,4,4,4,4,4,4,4,4,100,,,,,,,,,,,,,,,,,,,,,,,,,,,,,,,,,,,,,,,,,,,,,,,,,,,,,,,,,,,,,,,,,,,,,,,,,,,,,,,,,,,,,,,,,,,,,,,,,,,,,,,,,,,,,,,,,,,,,,,,,,,,,,,,,,,,,,,,,,,,,,,,,,,,,,,,,,,,,,,,,,,,,,,,,,,,,,,,,,,,,,,,,,,,,,,,,,,,,,,,,,,,,,
1764665239.338564,46113,0,4382.563965,4390.256348,4466.538574,4482.436035,4370.384766,4498.589844,4529.615234,4365.512695,4539.615234,4376.794922,4492.179688,4498.846191,4567.307617,4408.077148,4395.384766,4512.820313,4544.102539,4547.05127,4520.512695,4405.897461,4417.820313,4582.94873,4510.641113,4514.743652,4409.487305,4606.153809,4421.538574,4577.820313,4503.461426,4408.205078,4578.589844,4499.230957,2934,1,25,2563,50334,,,,0,4,4,4,4,4,4,4,4,4,4,4,4,4,4,4,4,4,4,4,4,4,4,4,4,4,4,4,4,4,4,4,4,100,,,,,,,,,,,,,,,,,,,,,,,,,,,,,,,,,,,27912,0,0.264534,-0.598755,-0.733704,0.18219,0.972287,0.21487,0.049322,25.666666,29.833334,42,,,,,,,,,,,,,,,,,,,,,,,,,,,,,,,,,,,,,,,,,,,,,,,,,,,,,,,,,,,,,,,,,,,,,,,,,,,,,,,,,,,,,,,,,,,,,,,,,,,,,,,,,,,,,,,,,,,,,,,,,,,,,,,,,,,,,,,,,,,,,,,,,,,,,,,,,,,,,,,,
1764665239.342470,46114,0,4379.615234,4385,4461.538574,4478.717773,4368.589844,4495.769043,4526.282227,4362.563965,4538.974121,4362.820313,4487.563965,4500.256348,4568.717773,4407.307617,4392.820313,4512.307617,4542.94873,4547.692383,4519.102539,4406.025879,4413.461426,4579.230957,4508.717773,4510.384766,4415.512695,4605.897461,4417.563965,4576.025879,4500.769043,4406.538574,4577.820313,4494.615234,2615,1,25,2563,50342,,,,0,4,4,4,4,4,4,4,4,4,4,4,4,4,4,4,4,4,4,4,4,4,4,4,4,4,4,4,4,4,4,4,4,100,,,,,,,,,,,,,,,,,,,,,,,,,,,,,,,,,,,,,,,,,,,,,,,,,,,,,,,,,,,,,,,,,,,,,,,,,,,,,,,,,,,,,,,,,,,,,,,,,,,,,,,,,,,,,,,,,,,,,,,,,,,,,,,,,,,,,,,,,,,,,,,,,,,,,,,,,,,,,,,,,,,,,,,,,,,,,,,,,,,,,,,,,,,,,,,,,,,,,,,,,,,,,,
1764665239.346375,46115,0,4369.743652,4372.307617,4450.384766,4469.358887,4360.128418,4486.794922,4516.025879,4354.230957,4530.128418,4350.897461,4479.871582,4496.282227,4564.743652,4403.333496,4387.820313,4508.846191,4534.743652,4542.436035,4515.128418,4398.333496,4402.563965,4570.384766,4502.307617,4499.743652,4417.179688,4599.615234,4405.641113,4568.077148,4494.230957,4397.820313,4568.077148,4484.615234,2871,1,25,2563,50342,,,,0,4,4,4,4,4,4,4,4,4,4,4,4,4,4,4,4,4,4,4,4,4,4,4,4,4,4,4,4,4,4,4,4,100,,,,,,,,,,,,,,,,,,,,,,,,,,,,,,,,,,,,,,,,,,,,,,,,,,,,,,,,,,,,,,,,,,,,,,,,,,,,,,,,,,,,,,,,,,,,,,,,,,,,,,,,,,,,,,,,,,,,,,,,,,,,,,,,,,,,,,,,,,,,,,,,,,,,,,,,,,,,,,,,,,,,,,,,,,,,,,,,,,,,,,,,,,,,,,,,,,,,,,,,,,,,,,
1764665239.350281,46116,0,4359.102539,4360.641113,4439.230957,4459.102539,4350,4477.05127,4505.128418,4344.743652,4518.589844,4346.410156,4474.358887,4490.769043,4559.358887,4399.871582,4385.256348,4505.769043,4524.487305,4535.256348,4510.128418,4387.179688,4391.025879,4561.025879,4495.641113,4488.974121,4414.871582,4590.769043,4393.333496,4559.487305,4488.205078,4387.94873,4556.794922,4475.256348,2769,1,25,2564,50349,,,,0,4,4,4,4,4,4,4,4,4,4,4,4,4,4,4,4,4,4,4,4,4,4,4,4,4,4,4,4,4,4,4,4,100,,,,,,,,,,,,,,,,,,,,,,,,,,,,,,,,,,,,,,,,,,,,,,,,,,,,,,,,,,,,,,,,,,,,,,,,,,,,,,,,,,,,,,,,,,,,,,,,,,,,,,,,,,,,,,,,,,,,,,,,,,,,,,,,,,,,,,,,,,,,,,,,,,,,,,,,,,,,,,,,,,,,,,,,,,,,,,,,,,,,,,,,,,,,,,,,,,,,,,,,,,,,,,
1764665239.354187,46117,0,4355.641113,4357.820313,4434.102539,4454.743652,4345.256348,4473.589844,4501.025879,4340.256348,4512.563965,4350,4474.871582,4489.358887,4557.820313,4400.897461,4388.717773,4506.025879,4519.230957,4532.05127,4506.666504,4379.102539,4384.615234,4556.153809,4493.589844,4484.871582,4413.461426,4585.128418,4389.615234,4556.922852,4487.563965,4384.358887,4552.563965,4472.05127,2804,1,25,2564,50349,,,,0,4,4,4,4,4,4,4,4,4,4,4,4,4,4,4,4,4,4,4,4,4,4,4,4,4,4,4,4,4,4,4,4,100,,,,,,,,,,,,,,,,,,,,,,,,,,,,,,,,,,,27913,0,0.264353,-0.598816,-0.733765,0.182007,0.976682,0.212428,0.053229,25.333334,28.166666,43.666668,,,,,,,,,,,,,,,,,,,,,,,,,,,,,,,,,,,,,,,,,,,,,,,,,,,,,,,,,,,,,,,,,,,,,,,,,,,,,,,,,,,,,,,,,,,,,,,,,,,,,,,,,,,,,,,,,,,,,,,,,,,,,,,,,,,,,,,,,,,,,,,,,,,,,,,,,,,,,,,,
1764665239.358093,46118,0,4361.538574,4365.769043,4435.897461,4459.230957,4348.461426,4478.974121,4507.179688,4343.461426,4515.641113,4357.692383,4480.897461,4494.487305,4562.563965,4406.282227,4396.794922,4509.743652,4522.820313,4535,4505.384766,4377.820313,4384.487305,4557.307617,4497.692383,4488.717773,4416.538574,4585.641113,4396.538574,4562.307617,4492.820313,4389.615234,4558.846191,4476.025879,2814,1,25,2565,50357,,,,0,4,4,4,4,4,4,4,4,4,4,4,4,4,4,4,4,4,4,4,4,4,4,4,4,4,4,4,4,4,4,4,4,100,,,,,,,,,,,,,,,,,,,,,,,,,,,,,,,,,,,,,,,,,,,,,,,,,,,,,,,,,,,,,,,,,,,,,,,,,,,,,,,,,,,,,,,,,,,,,,,,,,,,,,,,,,,,,,,,,,,,,,,,,,,,,,,,,,,,,,,,,,,,,,,,,,,,,,,,,,,,,,,,,,,,,,,,,,,,,,,,,,,,,,,,,,,,,,,,,,,,,,,,,,,,,,
1764665239.361998,46119,0,4371.922852,4378.333496,4440.128418,4468.717773,4355.512695,4488.589844,4518.461426,4351.410156,4524.358887,4363.589844,4487.179688,4502.692383,4569.871582,4412.179688,4403.589844,4513.717773,4531.410156,4540.769043,4504.743652,4380.769043,4387.05127,4560.384766,4503.461426,4495,4422.436035,4590.512695,4408.205078,4570.897461,4500.128418,4399.487305,4570.769043,4483.461426,3002,1,25,2565,50357,,,,0,4,4,4,4,4,4,4,4,4,4,4,4,4,4,4,4,4,4,4,4,4,4,4,4,4,4,4,4,4,4,4,4,100,,,,,,,,,,,,,,,,,,,,,,,,,,,,,,,,,,,,,,,,,,,,,,,,,,,,,,,,,,,,,,,,,,,,,,,,,,,,,,,,,,,,,,,,,,,,,,,,,,,,,,,,,,,,,,,,,,,,,,,,,,,,,,,,,,,,,,,,,,,,,,,,,,,,,,,,,,,,,,,,,,,,,,,,,,,,,,,,,,,,,,,,,,,,,,,,,,,,,,,,,,,,,,
1764665239.365904,46120,0,4379.102539,4386.794922,4441.025879,4475.512695,4359.230957,4494.358887,4526.282227,4357.436035,4531.282227,4363.589844,4489.102539,4507.692383,4573.333496,4413.205078,4403.077148,4513.717773,4537.179688,4543.077148,4502.563965,4382.692383,4386.922852,4559.615234,4504.871582,4496.025879,4425.256348,4594.230957,4415.128418,4574.871582,4503.974121,4406.282227,4579.102539,4488.461426,2873,1,25,2566,50365,,,,0,4,4,4,4,4,4,4,4,4,4,4,4,4,4,4,4,4,4,4,4,4,4,4,4,4,4,4,4,4,4,4,4,100,,,,,,,,,,,,,,,,,,,,,,,,,,,,,,,,,,,,,,,,,,,,,,,,,,,,,,,,,,,,,,,,,,,,,,,,,,,,,,,,,,,,,,,,,,,,,,,,,,,,,,,,,,,,,,,,,,,,,,,,,,,,,,,,,,,,,,,,,,,,,,,,,,,,,,,,,,,,,,,,,,,,,,,,,,,,,,,,,,,,,,,,,,,,,,,,,,,,,,,,,,,,,,
1764665239.369810,46121,0,4378.077148,4386.410156,4436.410156,4474.102539,4355.897461,4491.666504,4524.615234,4356.538574,4531.538574,4358.589844,4485.897461,4505.512695,4569.487305,4407.05127,4394.615234,4508.205078,4534.743652,4538.589844,4498.333496,4379.358887,4382.179688,4552.563965,4499.358887,4488.589844,4421.025879,4593.205078,4412.179688,4569.487305,4501.922852,4405.256348,4577.94873,4487.563965,2727,1,25,2566,50365,,,,0,4,4,4,4,4,4,4,4,4,4,4,4,4,4,4,4,4,4,4,4,4,4,4,4,4,4,4,4,4,4,4,4,100,,,,,,,,,,,,,,,,,,,,,,,,,,,,,,,,,,,27914,0,0.264395,-0.598816,-0.733765,0.181946,0.981077,0.219265,0.054694,25.833334,25.666666,44.666668,,,,,,,,,,,,,,,,,,,,,,,,,,,,,,,,,,,,,,,,,,,,,,,,,,,,,,,,,,,,,,,,,,,,,,,,,,,,,,,,,,,,,,,,,,,,,,,,,,,,,,,,,,,,,,,,,,,,,,,,,,,,,,,,,,,,,,,,,,,,,,,,,,,,,,,,,,,,,,,,
1764665239.373716,46122,0,4370.641113,4378.974121,4428.205078,4465.769043,4348.077148,4482.820313,4515.512695,4349.743652,4526.538574,4353.333496,4481.282227,4497.05127,4559.743652,4396.410156,4383.077148,4500,4525.384766,4529.102539,4493.717773,4371.794922,4375,4542.307617,4490.641113,4477.307617,4412.05127,4587.820313,4401.794922,4556.922852,4496.410156,4397.692383,4568.333496,4481.666504,2290,1,25,2567,50373,,,,0,4,4,4,4,4,4,4,4,4,4,4,4,4,4,4,4,4,4,4,4,4,4,4,4,4,4,4,4,4,4,4,4,100,,,,,,,,,,,,,,,,,,,,,,,,,,,,,,,,,,,,,,,,,,,,,,,,,,,,,,,,,,,,,,,,,,,,,,,,,,,,,,,,,,,,,,,,,,,,,,,,,,,,,,,,,,,,,,,,,,,,,,,,,,,,,,,,,,,,,,,,,,,,,,,,,,,,,,,,,,,,,,,,,,,,,,,,,,,,,,,,,,,,,,,,,,,,,,,,,,,,,,,,,,,,,,
1764665239.377621,46123,0,4363.333496,4371.025879,4421.025879,4456.538574,4342.05127,4475,4506.794922,4343.077148,4522.179688,4352.436035,4479.615234,4488.461426,4549.487305,4387.05127,4375.256348,4493.333496,4516.538574,4520.128418,4491.282227,4364.487305,4370.128418,4535.256348,4485.256348,4470.128418,4404.743652,4582.05127,4392.05127,4545.128418,4492.307617,4389.871582,4557.436035,4474.871582,2702,1,25,2567,50373,,,,0,4,4,4,4,4,4,4,4,4,4,4,4,4,4,4,4,4,4,4,4,4,4,4,4,4,4,4,4,4,4,4,4,100,,,,,,,,,,,,,,,,,,,,,,,,,,,,,,,,,,,,,,,,,,,,,,,,,,,,,,,,,,,,,,,,,,,,,,,,,,,,,,,,,,,,,,,,,,,,,,,,,,,,,,,,,,,,,,,,,,,,,,,,,,,,,,,,,,,,,,,,,,,,,,,,,,,,,,,,,,,,,,,,,,,,,,,,,,,,,,,,,,,,,,,,,,,,,,,,,,,,,,,,,,,,,,
1764665239.381527,46124,0,4361.666504,4367.436035,4417.692383,4451.666504,4341.922852,4473.205078,4504.871582,4341.794922,4523.077148,4356.153809,4481.666504,4485.128418,4543.077148,4383.077148,4374.358887,4490.769043,4514.487305,4516.282227,4492.307617,4361.794922,4370.128418,4535.641113,4487.179688,4471.666504,4403.717773,4579.871582,4388.717773,4541.410156,4492.692383,4386.794922,4551.922852,4470.512695,2506,1,25,2568,50381,,,,0,4,4,4,4,4,4,4,4,4,4,4,4,4,4,4,4,4,4,4,4,4,4,4,4,4,4,4,4,4,4,4,4,100,,,,,,,,,,,,,,,,,,,,,,,,,,,,,,,,,,,,,,,,,,,,,,,,,,,,,,,,,,,,,,,,,,,,,,,,,,,,,,,,,,,,,,,,,,,,,,,,,,,,,,,,,,,,,,,,,,,,,,,,,,,,,,,,,,,,,,,,,,,,,,,,,,,,,,,,,,,,,,,,,,,,,,,,,,,,,,,,,,,,,,,,,,,,,,,,,,,,,,,,,,,,,,
1764665239.385433,46125,0,4365.256348,4368.205078,4417.307617,4452.307617,4345.512695,4475.769043,4508.974121,4345.384766,4527.94873,4360.641113,4483.333496,4487.05127,4540.897461,4383.717773,4378.461426,4491.025879,4519.102539,4517.563965,4495.256348,4364.102539,4373.974121,4542.820313,4494.487305,4479.358887,4406.538574,4581.538574,4391.538574,4546.538574,4495.769043,4388.205078,4552.94873,4468.077148,2247,1,25,2568,50381,,,,0,4,4,4,4,4,4,4,4,4,4,4,4,4,4,4,4,4,4,4,4,4,4,4,4,4,4,4,4,4,4,4,4,100,,,,,,,,,,,,,,,,,,,,,,,,,,,,,,,,,,,27915,0,0.263989,-0.598938,-0.733887,0.181641,0.981077,0.219265,0.054694,24.666666,26.833334,43.5,,,,,,,,,,,,,,,,,,,,,,,,,,,,,,,,,,,,,,,,,,,,,,,,,,,,,,,,,,,,,,,,,,,,,,,,,,,,,,,,,,,,,,,,,,,,,,,,,,,,,,,,,,,,,,,,,,,,,,,,,,,,,,,,,,,,,,,,,,,,,,,,,,,,,,,,,,,,,,,,
1764665239.389339,46126,0,4368.333496,4368.333496,4417.05127,4454.487305,4347.436035,4476.922852,4512.94873,4348.589844,4531.538574,4361.666504,4480,4489.230957,4539.615234,4384.487305,4382.05127,4490.769043,4524.230957,4520.384766,4497.820313,4367.94873,4378.077148,4551.922852,4501.025879,4486.666504,4406.794922,4583.974121,4395.384766,4554.743652,4497.05127,4389.230957,4555.769043,4465.256348,2724,1,25,2569,50388,,,,0,4,4,4,4,4,4,4,4,4,4,4,4,4,4,4,4,4,4,4,4,4,4,4,4,4,4,4,4,4,4,4,4,100,,,,,,,,,,,,,,,,,,,,,,,,,,,,,,,,,,,,,,,,,,,,,,,,,,,,,,,,,,,,,,,,,,,,,,,,,,,,,,,,,,,,,,,,,,,,,,,,,,,,,,,,,,,,,,,,,,,,,,,,,,,,,,,,,,,,,,,,,,,,,,,,,,,,,,,,,,,,,,,,,,,,,,,,,,,,,,,,,,,,,,,,,,,,,,,,,,,,,,,,,,,,,,
1764665239.393245,46127,0,4366.025879,4363.974121,4414.871582,4454.102539,4343.589844,4472.94873,4511.666504,4346.794922,4529.743652,4358.077148,4471.282227,4487.05127,4535.897461,4381.794922,4381.666504,4488.077148,4523.974121,4520.769043,4499.358887,4370.384766,4380.897461,4558.205078,4502.307617,4489.230957,4400.128418,4583.846191,4395.769043,4559.102539,4494.102539,4385.897461,4555.128418,4460.769043,2511,1,25,2569,50388,,,,0,4,4,4,4,4,4,4,4,4,4,4,4,4,4,4,4,4,4,4,4,4,4,4,4,4,4,4,4,4,4,4,4,100,,,,,,,,,,,,,,,,,,,,,,,,,,,,,,,,,,,,,,,,,,,,,,,,,,,,,,,,,,,,,,,,,,,,,,,,,,,,,,,,,,,,,,,,,,,,,,,,,,,,,,,,,,,,,,,,,,,,,,,,,,,,,,,,,,,,,,,,,,,,,,,,,,,,,,,,,,,,,,,,,,,,,,,,,,,,,,,,,,,,,,,,,,,,,,,,,,,,,,,,,,,,,,
1764665239.397150,46128,0,4358.589844,4356.153809,4411.282227,4449.743652,4335.769043,4465.128418,4505,4339.871582,4523.974121,4351.794922,4461.794922,4480.641113,4529.230957,4375.769043,4377.436035,4483.974121,4517.692383,4518.461426,4501.153809,4371.282227,4383.589844,4560.256348,4498.717773,4488.205078,4388.077148,4581.153809,4392.436035,4557.94873,4488.461426,4379.358887,4550.128418,4456.410156,2872,1,25,2570,50396,,,,0,4,4,4,4,4,4,4,4,4,4,4,4,4,4,4,4,4,4,4,4,4,4,4,4,4,4,4,4,4,4,4,4,100,,,,,,,,,,,,,,,,,,,,,,,,,,,,,,,,,,,,,,,,,,,,,,,,,,,,,,,,,,,,,,,,,,,,,,,,,,,,,,,,,,,,,,,,,,,,,,,,,,,,,,,,,,,,,,,,,,,,,,,,,,,,,,,,,,,,,,,,,,,,,,,,,,,,,,,,,,,,,,,,,,,,,,,,,,,,,,,,,,,,,,,,,,,,,,,,,,,,,,,,,,,,,,
1764665239.401056,46129,0,4351.153809,4349.743652,4408.589844,4443.846191,4328.974121,4458.974121,4497.692383,4332.179688,4518.589844,4345.384766,4457.563965,4474.615234,4523.205078,4369.871582,4372.307617,4481.025879,4510.384766,4516.538574,4504.230957,4373.205078,4389.102539,4560.128418,4494.615234,4488.077148,4377.05127,4578.461426,4388.974121,4554.615234,4484.487305,4373.589844,4544.615234,4455.128418,2918,1,25,2570,50396,,,,0,4,4,4,4,4,4,4,4,4,4,4,4,4,4,4,4,4,4,4,4,4,4,4,4,4,4,4,4,4,4,4,4,100,,,,,,,,,,,,,,,,,,,,,,,,,,,,,,,,,,,27916,0,0.263635,-0.598999,-0.73407,0.181213,0.960566,0.217312,0.039556,23.5,27.166666,44.333332,,,,,,,,,,,,,,,,,,,,,,,,,,,,,,,,,,,,,,,,,,,,,,,,,,,,,,,,,,,,,,,,,,,,,,,,,,,,,,,,,,,,,,,,,,,,,,,,,,,,,,,,,,,,,,,,,,,,,,,,,,,,,,,,,,,,,,,,,,,,,,,,,,,,,,,,,,,,,,,,
1764665239.404962,46130,0,4348.846191,4348.974121,4408.333496,4439.871582,4327.307617,4458.589844,4494.487305,4328.205078,4516.538574,4339.871582,4460.512695,4473.333496,4521.666504,4367.563965,4369.871582,4480.897461,4507.820313,4517.436035,4508.461426,4378.333496,4397.820313,4561.025879,4494.102539,4491.666504,4373.974121,4578.077148,4388.974121,4553.333496,4484.871582,4372.179688,4543.461426,4457.307617,1766,1,25,2571,50404,,,,0,4,4,4,4,4,4,4,4,4,4,4,4,4,4,4,4,4,4,4,4,4,4,4,4,4,4,4,4,4,4,4,4,100,,,,,,,,,,,,,,,,,,,,,,,,,,,,,,,,,,,,,,,,,,,,,,,,,,,,,,,,,,,,,,,,,,,,,,,,,,,,,,,,,,,,,,,,,,,,,,,,,,,,,,,,,,,,,,,,,,,,,,,,,,,,,,,,,,,,,,,,,,,,,,,,,,,,,,,,,,,,,,,,,,,,,,,,,,,,,,,,,,,,,,,,,,,,,,,,,,,,,,,,,,,,,,
1764665239.408868,46131,0,4352.307617,4354.230957,4411.153809,4440.384766,4331.410156,4463.974121,4496.922852,4329.743652,4518.077148,4336.410156,4467.436035,4477.436035,4525.384766,4369.871582,4371.794922,4483.589844,4511.538574,4521.282227,4512.94873,4385.769043,4407.179688,4564.230957,4498.205078,4498.333496,4381.153809,4580.769043,4392.820313,4556.025879,4489.102539,4374.871582,4548.077148,4461.666504,2956,1,25,2571,50404,,,,0,4,4,4,4,4,4,4,4,4,4,4,4,4,4,4,4,4,4,4,4,4,4,4,4,4,4,4,4,4,4,4,4,100,,,,,,,,,,,,,,,,,,,,,,,,,,,,,,,,,,,,,,,,,,,,,,,,,,,,,,,,,,,,,,,,,,,,,,,,,,,,,,,,,,,,,,,,,,,,,,,,,,,,,,,,,,,,,,,,,,,,,,,,,,,,,,,,,,,,,,,,,,,,,,,,,,,,,,,,,,,,,,,,,,,,,,,,,,,,,,,,,,,,,,,,,,,,,,,,,,,,,,,,,,,,,,
1764665239.412773,46132,0,4358.461426,4362.820313,4417.820313,4445.769043,4339.102539,4471.538574,4502.94873,4335.641113,4521.794922,4336.666504,4473.717773,4484.230957,4532.563965,4375.641113,4378.077148,4487.94873,4519.102539,4526.666504,4516.922852,4393.333496,4413.205078,4569.230957,4504.487305,4505.128418,4395.256348,4586.025879,4398.333496,4561.153809,4493.846191,4380.256348,4556.538574,4467.179688,2521,1,25,2572,50412,,,,0,4,4,4,4,4,4,4,4,4,4,4,4,4,4,4,4,4,4,4,4,4,4,4,4,4,4,4,4,4,4,4,4,100,,,,,,,,,,,,,,,,,,,,,,,,,,,,,,,,,,,,,,,,,,,,,,,,,,,,,,,,,,,,,,,,,,,,,,,,,,,,,,,,,,,,,,,,,,,,,,,,,,,,,,,,,,,,,,,,,,,,,,,,,,,,,,,,,,,,,,,,,,,,,,,,,,,,,,,,,,,,,,,,,,,,,,,,,,,,,,,,,,,,,,,,,,,,,,,,,,,,,,,,,,,,,,
1764665239.416679,46133,0,4364.615234,4371.794922,4428.974121,4455.256348,4348.205078,4478.333496,4510,4344.230957,4527.436035,4342.820313,4477.179688,4490.769043,4541.410156,4383.589844,4387.307617,4493.461426,4527.179688,4532.563965,4520.384766,4399.487305,4415.256348,4574.871582,4510.512695,4510.512695,4410.128418,4593.589844,4403.589844,4567.179688,4496.922852,4387.179688,4565.769043,4475,2828,1,25,2572,50412,,,,0,4,4,4,4,4,4,4,4,4,4,4,4,4,4,4,4,4,4,4,4,4,4,4,4,4,4,4,4,4,4,4,4,100,,,,,,,,,,,,,,,,,,,,,,,,,,,,,,,,,,,27917,0,0.263379,-0.598999,-0.734192,0.181091,0.960566,0.217312,0.039556,23.5,27.166666,44.333332,,,,,,,,,,,,,,,,,,,,,,,,,,,,,,,,,,,,,,,,,,,,,,,,,,,,,,,,,,,,,,,,,,,,,,,,,,,,,,,,,,,,,,,,,,,,,,,,,,,,,,,,,,,,,,,,,,,,,,,,,,,,,,,,,,,,,,,,,,,,,,,,,,,,,,,,,,,,,,,,
1764665239.420585,46134,0,4370.512695,4380.256348,4443.333496,4466.025879,4357.179688,4483.974121,4517.05127,4353.589844,4535,4355.384766,4480,4496.794922,4551.153809,4393.205078,4397.820313,4500.384766,4535,4539.487305,4524.230957,4404.743652,4415.769043,4580.641113,4515.512695,4515,4421.153809,4603.077148,4408.589844,4573.461426,4498.461426,4395.512695,4573.333496,4485.512695,2934,1,25,2571,50420,,,,0,4,4,4,4,4,4,4,4,4,4,4,4,4,4,4,4,4,4,4,4,4,4,4,4,4,4,4,4,4,4,4,4,100,,,,,,,,,,,,,,,,,,,,,,,,,,,,,,,,,,,,,,,,,,,,,,,,,,,,,,,,,,,,,,,,,,,,,,,,,,,,,,,,,,,,,,,,,,,,,,,,,,,,,,,,,,,,,,,,,,,,,,,,,,,,,,,,,,,,,,,,,,,,,,,,,,,,,,,,,,,,,,,,,,,,,,,,,,,,,,,,,,,,,,,,,,,,,,,,,,,,,,,,,,,,,,
1764665239.424491,46135,0,4377.307617,4387.563965,4456.666504,4474.358887,4364.743652,4489.487305,4523.205078,4361.538574,4542.05127,4371.538574,4485,4502.820313,4561.666504,4403.461426,4406.794922,4508.589844,4542.820313,4547.563965,4528.077148,4409.743652,4417.05127,4585.512695,4519.743652,4519.358887,4427.307617,4612.05127,4413.333496,4579.230957,4500.128418,4404.230957,4577.563965,4496.025879,2852,1,25,2571,50420,,,,0,4,4,4,4,4,4,4,4,4,4,4,4,4,4,4,4,4,4,4,4,4,4,4,4,4,4,4,4,4,4,4,4,100,,,,,,,,,,,,,,,,,,,,,,,,,,,,,,,,,,,,,,,,,,,,,,,,,,,,,,,,,,,,,,,,,,,,,,,,,,,,,,,,,,,,,,,,,,,,,,,,,,,,,,,,,,,,,,,,,,,,,,,,,,,,,,,,,,,,,,,,,,,,,,,,,,,,,,,,,,,,,,,,,,,,,,,,,,,,,,,,,,,,,,,,,,,,,,,,,,,,,,,,,,,,,,
1764665239.428397,46136,0,4383.077148,4391.666504,4462.179688,4476.666504,4367.94873,4494.487305,4526.794922,4364.743652,4543.974121,4383.846191,4491.794922,4507.436035,4570.128418,4412.05127,4410.512695,4516.282227,4549.358887,4554.230957,4530.384766,4412.692383,4417.692383,4587.436035,4522.05127,4521.666504,4429.358887,4616.153809,4415.256348,4581.922852,4502.436035,4409.230957,4576.153809,4500.512695,2777,1,25,2569,50427,,,,0,4,4,4,4,4,4,4,4,4,4,4,4,4,4,4,4,4,4,4,4,4,4,4,4,4,4,4,4,4,4,4,4,100,,,,,,,,,,,,,,,,,,,,,,,,,,,,,,,,,,,,,,,,,,,,,,,,,,,,,,,,,,,,,,,,,,,,,,,,,,,,,,,,,,,,,,,,,,,,,,,,,,,,,,,,,,,,,,,,,,,,,,,,,,,,,,,,,,,,,,,,,,,,,,,,,,,,,,,,,,,,,,,,,,,,,,,,,,,,,,,,,,,,,,,,,,,,,,,,,,,,,,,,,,,,,,
1764665239.432302,46137,0,4383.589844,4389.487305,4455.769043,4471.666504,4364.230957,4496.922852,4525.256348,4360.769043,4538.205078,4384.871582,4496.153809,4507.436035,4572.820313,4415.128418,4406.282227,4520,4550.512695,4555.128418,4528.205078,4409.743652,4413.717773,4583.333496,4520.128418,4517.820313,4427.820313,4611.282227,4410.641113,4577.820313,4503.077148,4405.769043,4567.94873,4495.128418,2832,1,25,2569,50427,,,,0,4,4,4,4,4,4,4,4,4,4,4,4,4,4,4,4,4,4,4,4,4,4,4,4,4,4,4,4,4,4,4,4,100,,,,,,,,,,,,,,,,,,,,,,,,,,,,,,,,,,,27918,0,0.263389,-0.598938,-0.734253,0.18103,0.972287,0.230009,0.062019,26.5,28.666666,44.166668,,,,,,,,,,,,,,,,,,,,,,,,,,,,,,,,,,,,,,,,,,,,,,,,,,,,,,,,,,,,,,,,,,,,,,,,,,,,,,,,,,,,,,,,,,,,,,,,,,,,,,,,,,,,,,,,,,,,,,,,,,,,,,,,,,,,,,,,,,,,,,,,,,,,,,,,,,,,,,,,
1764665239.436208,46138,0,4376.794922,4380.897461,4440.897461,4462.436035,4354.743652,4494.487305,4518.717773,4351.410156,4527.05127,4373.205078,4495.256348,4501.794922,4568.333496,4411.794922,4395.256348,4517.436035,4543.974121,4547.94873,4520.769043,4398.846191,4402.436035,4572.436035,4513.333496,4506.025879,4422.307617,4598.333496,4399.230957,4565.769043,4499.615234,4393.974121,4554.615234,4481.922852,1959,1,25,2568,50435,,,,0,4,4,4,4,4,4,4,4,4,4,4,4,4,4,4,4,4,4,4,4,4,4,4,4,4,4,4,4,4,4,4,4,100,,,,,,,,,,,,,,,,,,,,,,,,,,,,,,,,,,,,,,,,,,,,,,,3.588535,5.887462,0.443004,1.142817,0.732005,3.02439,4.202146,0.761851,1.560912,0.793318,2.637276,3.477151,1.067397,1.791384,0.857612,1.947733,1.906319,0.591811,0.852805,0.685114,2.359419,3.077982,0.827161,1.455249,0.798605,2.787348,4.200138,0.352074,1.483909,0.650673,2.84509,4.184359,0.272894,0.907559,0.882939,2.049888,2.34177,0.530573,1.27438,0.925285,2.187177,1.975046,0.770454,1.215985,0.894792,4.349906,2.195541,1.312655,1.716144,1.199073,1.703643,2.167429,0.542656,0.698812,0.6911,2.044883,5.662864,0.325427,0.88385,0.881956,1.861332,6.454547,0.762016,0.619827,0.647276,1.000821,2.205446,0.370283,0.629073,0.624697,0.988772,1.717408,0.55937,0.951427,0.664784,0.906537,4.951082,0.535835,0.575235,0.782089,4.184804,10.00246,0.673459,1.044352,0.980569,1.596355,5.299961,0.802171,1.107026,0.894595,0.916977,3.255438,0.924221,0.709458,0.517781,1.654878,3.273546,1.211689,1.218653,0.892325,2.306898,3.85176,1.033666,1.504071,0.747456,2.589801,8.447325,1.402887,1.359341,0.792297,2.945801,6.075082,0.428932,1.147375,0.687914,3.217123,3.956804,0.880269,1.466337,0.937329,3.94797,6.23244,2.514896,3.290546,1.328336,1.828809,1.301669,0.771056,1.559657,0.744688,3.771019,2.744248,0.77284,2.005816,0.87169,4.263651,5.410537,0.61643,1.74759,0.950047,2.097579,2.748269,0.376407,0.610166,0.387414,3.192318,4.729734,0.997509,1.689474,0.869872,3.259887,2.417367,0.963261,2.261823,0.978468,3.181298,3.535779,0.765912,2.159292,0.8856
1764665239.440114,46139,0,4366.282227,4370.641113,4427.820313,4455.256348,4344.743652,4488.461426,4511.538574,4342.692383,4518.205078,4356.922852,4490.641113,4494.102539,4560.512695,4405,4383.717773,4510.384766,4532.436035,4535.384766,4510.641113,4383.333496,4386.922852,4558.589844,4504.358887,4489.487305,4413.205078,4583.717773,4385.897461,4550.512695,4492.94873,4380.384766,4541.538574,4469.487305,2644,1,25,2568,50435,,,,0,4,4,4,4,4,4,4,4,4,4,4,4,4,4,4,4,4,4,4,4,4,4,4,4,4,4,4,4,4,4,4,4,100,,,,,,,,,,,,,,,,,,,,,,,,,,,,,,,,,,,,,,,,,,,,,,,,,,,,,,,,,,,,,,,,,,,,,,,,,,,,,,,,,,,,,,,,,,,,,,,,,,,,,,,,,,,,,,,,,,,,,,,,,,,,,,,,,,,,,,,,,,,,,,,,,,,,,,,,,,,,,,,,,,,,,,,,,,,,,,,,,,,,,,,,,,,,,,,,,,,,,,,,,,,,,,
1764665239.444020,46140,0,4359.615234,4365.128418,4426.153809,4456.025879,4341.410156,4483.333496,4508.846191,4341.410156,4518.077148,4348.077148,4487.05127,4490.128418,4555.384766,4400.128418,4378.717773,4503.333496,4522.307617,4523.974121,4502.05127,4370.128418,4374.102539,4547.820313,4497.820313,4475.128418,4402.820313,4574.615234,4378.077148,4539.487305,4486.922852,4373.461426,4535,4466.282227,2701,1,25,2562,50443,,,,0,4,4,4,4,4,4,4,4,4,4,4,4,4,4,4,4,4,4,4,4,4,4,4,4,4,4,4,4,4,4,4,4,100,,,,,,,,,,,,,,,,,,,,,,,,,,,,,,,,,,,,,,,,,,,,,,,,,,,,,,,,,,,,,,,,,,,,,,,,,,,,,,,,,,,,,,,,,,,,,,,,,,,,,,,,,,,,,,,,,,,,,,,,,,,,,,,,,,,,,,,,,,,,,,,,,,,,,,,,,,,,,,,,,,,,,,,,,,,,,,,,,,,,,,,,,,,,,,,,,,,,,,,,,,,,,,
1764665239.447925,46141,0,4361.410156,4368.461426,4436.922852,4464.743652,4347.05127,4482.94873,4512.563965,4348.846191,4527.179688,4352.436035,4487.179688,4492.820313,4556.922852,4399.615234,4382.820313,4500.512695,4518.974121,4518.717773,4497.436035,4364.743652,4368.589844,4544.102539,4496.025879,4468.205078,4393.974121,4574.487305,4379.230957,4537.820313,4485.256348,4377.307617,4537.820313,4473.846191,2519,1,25,2562,50443,,,,0,4,4,4,4,4,4,4,4,4,4,4,4,4,4,4,4,4,4,4,4,4,4,4,4,4,4,4,4,4,4,4,4,100,,,,,,,,,,,,,,,,,,,,,,,,,,,,,,,,,,,27919,0,0.263431,-0.598938,-0.734253,0.180969,0.978635,0.22952,0.053229,26.5,28.666666,44.166668,,,,,,,,,,,,,,,,,,,,,,,,,,,,,,,,,,,,,,,,,,,,,,,,,,,,,,,,,,,,,,,,,,,,,,,,,,,,,,,,,,,,,,,,,,,,,,,,,,,,,,,,,,,,,,,,,,,,,,,,,,,,,,,,,,,,,,,,,,,,,,,,,,,,,,,,,,,,,,,,
1764665239.451831,46142,0,4369.487305,4378.717773,4452.436035,4476.153809,4358.205078,4488.333496,4520.128418,4360,4538.589844,4364.871582,4490.384766,4500.128418,4563.717773,4401.922852,4391.666504,4502.820313,4522.563965,4520.512695,4496.410156,4366.922852,4370,4545.769043,4497.820313,4469.230957,4388.846191,4580.512695,4387.436035,4544.230957,4488.717773,4388.333496,4546.922852,4486.410156,2669,1,25,2563,50451,,,,0,4,4,4,4,4,4,4,4,4,4,4,4,4,4,4,4,4,4,4,4,4,4,4,4,4,4,4,4,4,4,4,4,100,,,,,,,,,,,,,,,,,,,,,,,,,,,,,,,,,,,,,,,,,,,,,,,,,,,,,,,,,,,,,,,,,,,,,,,,,,,,,,,,,,,,,,,,,,,,,,,,,,,,,,,,,,,,,,,,,,,,,,,,,,,,,,,,,,,,,,,,,,,,,,,,,,,,,,,,,,,,,,,,,,,,,,,,,,,,,,,,,,,,,,,,,,,,,,,,,,,,,,,,,,,,,,
1764665239.455737,46143,0,4377.94873,4390.128418,4463.077148,4483.974121,4368.333496,4496.410156,4526.794922,4368.205078,4544.615234,4374.358887,4493.717773,4507.05127,4571.025879,4403.974121,4398.846191,4507.94873,4529.230957,4525.641113,4496.538574,4371.410156,4373.205078,4547.692383,4500.256348,4473.717773,4388.077148,4587.563965,4396.922852,4553.077148,4494.743652,4398.846191,4556.282227,4496.025879,2838,1,25,2563,50451,,,,0,4,4,4,4,4,4,4,4,4,4,4,4,4,4,4,4,4,4,4,4,4,4,4,4,4,4,4,4,4,4,4,4,100,,,,,,,,,,,,,,,,,,,,,,,,,,,,,,,,,,,,,,,,,,,,,,,,,,,,,,,,,,,,,,,,,,,,,,,,,,,,,,,,,,,,,,,,,,,,,,,,,,,,,,,,,,,,,,,,,,,,,,,,,,,,,,,,,,,,,,,,,,,,,,,,,,,,,,,,,,,,,,,,,,,,,,,,,,,,,,,,,,,,,,,,,,,,,,,,,,,,,,,,,,,,,,
1764665239.459643,46144,0,4381.666504,4397.820313,4465.256348,4486.282227,4373.205078,4503.717773,4529.871582,4370.384766,4542.820313,4374.358887,4494.871582,4510,4574.358887,4403.846191,4400.512695,4512.05127,4533.846191,4528.974121,4495.128418,4373.077148,4373.461426,4545.641113,4501.410156,4477.05127,4390.769043,4591.794922,4403.077148,4558.461426,4499.743652,4403.846191,4560.769043,4498.589844,2775,1,25,2562,50459,,,,0,4,4,4,4,4,4,4,4,4,4,4,4,4,4,4,4,4,4,4,4,4,4,4,4,4,4,4,4,4,4,4,4,100,,,,,,,,,,,,,,,,,,,,,,,,,,,,,,,,,,,,,,,,,,,,,,,,,,,,,,,,,,,,,,,,,,,,,,,,,,,,,,,,,,,,,,,,,,,,,,,,,,,,,,,,,,,,,,,,,,,,,,,,,,,,,,,,,,,,,,,,,,,,,,,,,,,,,,,,,,,,,,,,,,,,,,,,,,,,,,,,,,,,,,,,,,,,,,,,,,,,,,,,,,,,,,
1764665239.463548,46145,0,4380.128418,4400,4462.307617,4485.384766,4373.461426,4507.692383,4529.487305,4368.589844,4537.692383,4367.307617,4493.974121,4508.717773,4572.692383,4401.666504,4397.563965,4512.179688,4533.974121,4527.820313,4490.897461,4370,4369.230957,4539.615234,4501.538574,4477.563965,4395.641113,4592.436035,4405,4558.589844,4501.666504,4403.077148,4559.615234,4494.615234,2941,1,25,2562,50459,,,,0,4,4,4,4,4,4,4,4,4,4,4,4,4,4,4,4,4,4,4,4,4,4,4,4,4,4,4,4,4,4,4,4,100,,,,,,,,,,,,,,,,,,,,,,,,,,,,,,,,,,,27920,0,0.263303,-0.598938,-0.734314,0.180908,0.972775,0.221707,0.047857,23.833334,28,44.666668,,,,,,,,,,,,,,,,,,,,,,,,,,,,,,,,,,,,,,,,,,,,,,,,,,,,,,,,,,,,,,,,,,,,,,,,,,,,,,,,,,,,,,,,,,,,,,,,,,,,,,,,,,,,,,,,,,,,,,,,,,,,,,,,,,,,,,,,,,,,,,,,,,,,,,,,,,,,,,,,
1764665239.467454,46146,0,4376.922852,4398.461426,4460,4484.743652,4372.436035,4508.333496,4528.205078,4367.307617,4535.769043,4361.538574,4492.436035,4505.384766,4567.563965,4398.589844,4392.820313,4507.94873,4531.025879,4522.692383,4484.871582,4363.974121,4362.307617,4533.077148,4501.538574,4476.794922,4401.794922,4591.410156,4404.230957,4555.384766,4500.512695,4399.871582,4555.641113,4489.102539,2617,1,25,2561,50467,,,,0,4,4,4,4,4,4,4,4,4,4,4,4,4,4,4,4,4,4,4,4,4,4,4,4,4,4,4,4,4,4,4,4,100,,,,,,,,,,,,,,,,,,,,,,,,,,,,,,,,,,,,,,,,,,,,,,,,,,,,,,,,,,,,,,,,,,,,,,,,,,,,,,,,,,,,,,,,,,,,,,,,,,,,,,,,,,,,,,,,,,,,,,,,,,,,,,,,,,,,,,,,,,,,,,,,,,,,,,,,,,,,,,,,,,,,,,,,,,,,,,,,,,,,,,,,,,,,,,,,,,,,,,,,,,,,,,
1764665239.471360,46147,0,4375.769043,4396.153809,4461.794922,4485.897461,4373.205078,4507.563965,4527.820313,4368.717773,4539.743652,4362.692383,4491.410156,4503.077148,4561.666504,4395.769043,4388.589844,4501.538574,4528.205078,4516.922852,4479.358887,4358.589844,4357.05127,4530.641113,4502.436035,4476.922852,4408.333496,4591.153809,4403.717773,4553.461426,4498.461426,4397.94873,4552.563965,4486.794922,2875,1,25,2561,50467,,,,0,4,4,4,4,4,4,4,4,4,4,4,4,4,4,4,4,4,4,4,4,4,4,4,4,4,4,4,4,4,4,4,4,100,,,,,,,,,,,,,,,,,,,,,,,,,,,,,,,,,,,,,,,,,,,,,,,,,,,,,,,,,,,,,,,,,,,,,,,,,,,,,,,,,,,,,,,,,,,,,,,,,,,,,,,,,,,,,,,,,,,,,,,,,,,,,,,,,,,,,,,,,,,,,,,,,,,,,,,,,,,,,,,,,,,,,,,,,,,,,,,,,,,,,,,,,,,,,,,,,,,,,,,,,,,,,,
1764665239.475266,46148,0,4378.205078,4395.897461,4467.436035,4488.589844,4376.538574,4507.05127,4528.461426,4371.922852,4547.05127,4370.128418,4491.025879,4503.589844,4556.666504,4393.974121,4385.641113,4495.769043,4528.077148,4514.615234,4477.436035,4357.307617,4357.307617,4534.871582,4504.615234,4480.256348,4414.487305,4593.333496,4405.256348,4556.666504,4498.077148,4398.846191,4552.820313,4490,2772,1,25,2562,50474,,,,0,4,4,4,4,4,4,4,4,4,4,4,4,4,4,4,4,4,4,4,4,4,4,4,4,4,4,4,4,4,4,4,4,100,,,,,,,,,,,,,,,,,,,,,,,,,,,,,,,,,,,,,,,,,,,,,,,,,,,,,,,,,,,,,,,,,,,,,,,,,,,,,,,,,,,,,,,,,,,,,,,,,,,,,,,,,,,,,,,,,,,,,,,,,,,,,,,,,,,,,,,,,,,,,,,,,,,,,,,,,,,,,,,,,,,,,,,,,,,,,,,,,,,,,,,,,,,,,,,,,,,,,,,,,,,,,,
1764665239.479172,46149,0,4382.94873,4398.974121,4474.230957,4492.436035,4381.410156,4508.461426,4529.615234,4374.358887,4553.077148,4378.846191,4490.512695,4507.05127,4553.717773,4393.077148,4384.230957,4493.461426,4531.922852,4517.692383,4481.282227,4361.538574,4364.871582,4545.897461,4508.717773,4487.563965,4418.846191,4597.563965,4409.487305,4565.128418,4500.641113,4402.05127,4556.025879,4496.922852,2805,1,25,2562,50474,,,,0,4,4,4,4,4,4,4,4,4,4,4,4,4,4,4,4,4,4,4,4,4,4,4,4,4,4,4,4,4,4,4,4,100,,,,,,,,,,,,,,,,,,,,,,,,,,,,,,,,,,,27921,0,0.263259,-0.598938,-0.734375,0.180725,0.972287,0.215847,0.048834,24.166666,28.333334,45.166668,,,,,,,,,,,,,,,,,,,,,,,,,,,,,,,,,,,,,,,,,,,,,,,,,,,,,,,,,,,,,,,,,,,,,,,,,,,,,,,,,,,,,,,,,,,,,,,,,,,,,,,,,,,,,,,,,,,,,,,,,,,,,,,,,,,,,,,,,,,,,,,,,,,,,,,,,,,,,,,,
1764665239.483077,46150,0,4388.205078,4404.615234,4479.358887,4497.692383,4386.025879,4512.179688,4531.794922,4375.641113,4556.282227,4385.512695,4490.256348,4512.563965,4553.589844,4393.077148,4384.743652,4495.897461,4539.487305,4524.871582,4490.512695,4370.384766,4378.461426,4561.410156,4515.384766,4498.077148,4420,4602.179688,4415.256348,4576.153809,4506.410156,4406.025879,4559.615234,4503.717773,2811,1,25,2563,50482,,,,0,4,4,4,4,4,4,4,4,4,4,4,4,4,4,4,4,4,4,4,4,4,4,4,4,4,4,4,4,4,4,4,4,100,,,,,,,,,,,,,,,,,,,,,,,,,,,,,,,,,,,,,,,,,,,,,,,,,,,,,,,,,,,,,,,,,,,,,,,,,,,,,,,,,,,,,,,,,,,,,,,,,,,,,,,,,,,,,,,,,,,,,,,,,,,,,,,,,,,,,,,,,,,,,,,,,,,,,,,,,,,,,,,,,,,,,,,,,,,,,,,,,,,,,,,,,,,,,,,,,,,,,,,,,,,,,,
1764665239.486983,46151,0,4393.205078,4410.128418,4482.436035,4504.487305,4389.743652,4517.692383,4535.641113,4377.307617,4558.846191,4390,4490.769043,4518.717773,4556.666504,4394.102539,4386.922852,4501.666504,4549.102539,4533.589844,4502.563965,4381.666504,4393.974121,4577.563965,4524.743652,4509.615234,4418.077148,4605.897461,4421.153809,4586.153809,4513.589844,4409.743652,4561.282227,4507.307617,3007,1,25,2563,50482,,,,0,4,4,4,4,4,4,4,4,4,4,4,4,4,4,4,4,4,4,4,4,4,4,4,4,4,4,4,4,4,4,4,4,100,,,,,,,,,,,,,,,,,,,,,,,,,,,,,,,,,,,,,,,,,,,,,,,,,,,,,,,,,,,,,,,,,,,,,,,,,,,,,,,,,,,,,,,,,,,,,,,,,,,,,,,,,,,,,,,,,,,,,,,,,,,,,,,,,,,,,,,,,,,,,,,,,,,,,,,,,,,,,,,,,,,,,,,,,,,,,,,,,,,,,,,,,,,,,,,,,,,,,,,,,,,,,,
1764665239.490889,46152,0,4397.05127,4412.436035,4484.358887,4512.179688,4392.05127,4523.333496,4540,4380.897461,4563.205078,4393.717773,4492.307617,4523.333496,4561.153809,4395.897461,4389.102539,4506.666504,4557.820313,4540.897461,4512.692383,4391.922852,4406.410156,4590.256348,4534.102539,4518.077148,4414.871582,4607.436035,4424.487305,4591.922852,4518.846191,4412.179688,4560,4507.05127,2877,1,25,2564,50490,,,,0,4,4,4,4,4,4,4,4,4,4,4,4,4,4,4,4,4,4,4,4,4,4,4,4,4,4,4,4,4,4,4,4,100,,,,,,,,,,,,,,,,,,,,,,,,,,,,,,,,,,,,,,,,,,,,,,,,,,,,,,,,,,,,,,,,,,,,,,,,,,,,,,,,,,,,,,,,,,,,,,,,,,,,,,,,,,,,,,,,,,,,,,,,,,,,,,,,,,,,,,,,,,,,,,,,,,,,,,,,,,,,,,,,,,,,,,,,,,,,,,,,,,,,,,,,,,,,,,,,,,,,,,,,,,,,,,
1764665239.494795,46153,0,4398.846191,4409.743652,4485.256348,4517.94873,4392.307617,4526.153809,4542.563965,4384.487305,4568.461426,4396.025879,4493.717773,4523.461426,4563.461426,4397.307617,4388.589844,4506.410156,4561.538574,4544.102539,4516.794922,4397.94873,4412.05127,4595.769043,4539.102539,4519.358887,4412.05127,4605.512695,4423.077148,4591.410156,4518.974121,4411.410156,4555.641113,4503.205078,2730,1,25,2564,50490,,,,0,4,4,4,4,4,4,4,4,4,4,4,4,4,4,4,4,4,4,4,4,4,4,4,4,4,4,4,4,4,4,4,4,100,,,,,,,,,,,,,,,,,,,,,,,,,,,,,,,,,,,27922,0,0.263259,-0.598938,-0.734375,0.180725,0.970333,0.218777,0.037602,24.666666,28,43.5,,,,,,,,,,,,,,,,,,,,,,,,,,,,,,,,,,,,,,,,,,,,,,,,,,,,,,,,,,,,,,,,,,,,,,,,,,,,,,,,,,,,,,,,,,,,,,,,,,,,,,,,,,,,,,,,,,,,,,,,,,,,,,,,,,,,,,,,,,,,,,,,,,,,,,,,,,,,,,,,
1764665239.498700,46154,0,4396.922852,4402.179688,4484.487305,4518.589844,4389.230957,4523.461426,4540.769043,4384.487305,4570.512695,4395.128418,4493.846191,4518.205078,4560.897461,4397.179688,4383.846191,4499.615234,4557.692383,4542.179688,4513.974121,4397.94873,4410.256348,4593.205078,4536.282227,4512.94873,4410,4598.974121,4416.282227,4584.743652,4512.820313,4406.410156,4547.94873,4497.05127,2295,1,25,2565,50498,,,,0,4,4,4,4,4,4,4,4,4,4,4,4,4,4,4,4,4,4,4,4,4,4,4,4,4,4,4,4,4,4,4,4,100,,,,,,,,,,,,,,,,,,,,,,,,,,,,,,,,,,,,,,,,,,,,,,,,,,,,,,,,,,,,,,,,,,,,,,,,,,,,,,,,,,,,,,,,,,,,,,,,,,,,,,,,,,,,,,,,,,,,,,,,,,,,,,,,,,,,,,,,,,,,,,,,,,,,,,,,,,,,,,,,,,,,,,,,,,,,,,,,,,,,,,,,,,,,,,,,,,,,,,,,,,,,,,
1764665239.502606,46155,0,4391.282227,4392.692383,4481.922852,4512.820313,4383.717773,4515.512695,4535.256348,4380.128418,4566.025879,4390.384766,4492.05127,4510,4554.230957,4395.512695,4377.179688,4490.256348,4548.589844,4536.794922,4507.820313,4393.333496,4404.102539,4585.256348,4526.922852,4502.563965,4407.94873,4589.487305,4406.666504,4574.487305,4503.333496,4398.461426,4539.102539,4490.769043,2699,1,25,2565,50498,,,,0,4,4,4,4,4,4,4,4,4,4,4,4,4,4,4,4,4,4,4,4,4,4,4,4,4,4,4,4,4,4,4,4,100,,,,,,,,,,,,,,,,,,,,,,,,,,,,,,,,,,,,,,,,,,,,,,,,,,,,,,,,,,,,,,,,,,,,,,,,,,,,,,,,,,,,,,,,,,,,,,,,,,,,,,,,,,,,,,,,,,,,,,,,,,,,,,,,,,,,,,,,,,,,,,,,,,,,,,,,,,,,,,,,,,,,,,,,,,,,,,,,,,,,,,,,,,,,,,,,,,,,,,,,,,,,,,
1764665239.506512,46156,1,4388.846191,4392.734863,4483.632324,4509.743652,4384.401855,4512.606934,4535.683594,4381.239258,4560.812012,4387.222168,4491.880371,4510.128418,4556.709473,4395.769043,4380.341797,4493.205078,4547.863281,4537.649414,4510.769043,4394.102539,4406.239258,4584.529785,4524.444336,4503.803223,4405.555664,4587.265137,4404.871582,4572.350586,4503.888672,4397.478516,4538.717773,4491.495605,0,1,25,0,0,,,,0,4,4,4,4,4,4,4,4,4,4,4,4,4,4,4,4,4,4,4,4,4,4,4,4,4,4,4,4,4,4,4,4,100,,,,,,,,,,,,,,,,,,,,,,,,,,,,,,,,,,,,,,,,,,,,,,,,,,,,,,,,,,,,,,,,,,,,,,,,,,,,,,,,,,,,,,,,,,,,,,,,,,,,,,,,,,,,,,,,,,,,,,,,,,,,,,,,,,,,,,,,,,,,,,,,,,,,,,,,,,,,,,,,,,,,,,,,,,,,,,,,,,,,,,,,,,,,,,,,,,,,,,,,,,,,,,
1764665239.510418,46157,1,4386.410156,4392.777832,4485.341797,4506.666504,4385.085449,4509.700684,4536.111328,4382.350586,4555.598145,4384.060059,4491.709473,4510.256348,4559.187988,4396.025879,4383.504395,4496.153809,4547.136719,4538.504395,4513.717773,4394.871582,4408.375977,4583.803223,4521.96582,4505.042969,4403.162598,4585.042969,4403.077148,4570.213867,4504.444336,4396.495605,4538.333496,4492.222168,0,1,25,0,0,,,,0,4,4,4,4,4,4,4,4,4,4,4,4,4,4,4,4,4,4,4,4,4,4,4,4,4,4,4,4,4,4,4,4,100,,,,,,,,,,,,,,,,,,,,,,,,,,,,,,,,,,,,,,,,,,,,,,,,,,,,,,,,,,,,,,,,,,,,,,,,,,,,,,,,,,,,,,,,,,,,,,,,,,,,,,,,,,,,,,,,,,,,,,,,,,,,,,,,,,,,,,,,,,,,,,,,,,,,,,,,,,,,,,,,,,,,,,,,,,,,,,,,,,,,,,,,,,,,,,,,,,,,,,,,,,,,,,
1764665239.514324,46158,0,4383.974121,4392.820313,4487.05127,4503.589844,4385.769043,4506.794922,4536.538574,4383.461426,4550.384766,4380.897461,4491.538574,4510.384766,4561.666504,4396.282227,4386.666504,4499.102539,4546.410156,4539.358887,4516.666504,4395.641113,4410.512695,4583.077148,4519.487305,4506.282227,4400.769043,4582.820313,4401.282227,4568.077148,4505,4395.512695,4537.94873,4492.94873,2719,1,25,2567,50513,,,,0,4,4,4,4,4,4,4,4,4,4,4,4,4,4,4,4,4,4,4,4,4,4,4,4,4,4,4,4,4,4,4,4,100,,,,,,,,,,,,,,,,,,,,,,,,,,,,,,,,,,,,,,,,,,,,,,,,,,,,,,,,,,,,,,,,,,,,,,,,,,,,,,,,,,,,,,,,,,,,,,,,,,,,,,,,,,,,,,,,,,,,,,,,,,,,,,,,,,,,,,,,,,,,,,,,,,,,,,,,,,,,,,,,,,,,,,,,,,,,,,,,,,,,,,,,,,,,,,,,,,,,,,,,,,,,,,
1764665239.518229,46159,0,4389.487305,4401.153809,4493.589844,4512.307617,4393.077148,4515.256348,4545,4393.974121,4556.282227,4384.743652,4494.615234,4518.333496,4574.358887,4398.846191,4396.794922,4511.538574,4557.94873,4547.307617,4525.641113,4403.077148,4419.615234,4591.538574,4528.205078,4515.769043,4400.384766,4587.692383,4406.794922,4574.615234,4513.846191,4401.922852,4543.333496,4497.05127,2503,1,25,2567,50513,,,,0,4,4,4,4,4,4,4,4,4,4,4,4,4,4,4,4,4,4,4,4,4,4,4,4,4,4,4,4,4,4,4,4,100,,,,,,,,,,,,,,,,,,,,,,,,,,,,,,,,,,,,,,,,,,,,,,,,,,,,,,,,,,,,,,,,,,,,,,,,,,,,,,,,,,,,,,,,,,,,,,,,,,,,,,,,,,,,,,,,,,,,,,,,,,,,,,,,,,,,,,,,,,,,,,,,,,,,,,,,,,,,,,,,,,,,,,,,,,,,,,,,,,,,,,,,,,,,,,,,,,,,,,,,,,,,,,
1764665239.522135,46160,0,4392.179688,4405.384766,4496.282227,4520.256348,4396.153809,4521.410156,4549.230957,4399.871582,4562.820313,4387.436035,4496.282227,4520.641113,4581.153809,4399.102539,4400,4517.179688,4564.102539,4550.512695,4527.94873,4405.897461,4423.077148,4595.128418,4532.563965,4518.333496,4402.179688,4588.205078,4408.333496,4577.307617,4517.94873,4404.102539,4543.974121,4497.563965,2867,1,25,2568,50521,,,,0,4,4,4,4,4,4,4,4,4,4,4,4,4,4,4,4,4,4,4,4,4,4,4,4,4,4,4,4,4,4,4,4,100,,,,,,,,,,,,,,,,,,,,,,,,,,,,,,,,,,,,,,,,,,,,,,,,,,,,,,,,,,,,,,,,,,,,,,,,,,,,,,,,,,,,,,,,,,,,,,,,,,,,,,,,,,,,,,,,,,,,,,,,,,,,,,,,,,,,,,,,,,,,,,,,,,,,,,,,,,,,,,,,,,,,,,,,,,,,,,,,,,,,,,,,,,,,,,,,,,,,,,,,,,,,,,
1764665239.526041,46161,0,4387.94873,4401.794922,4492.179688,4521.410156,4391.666504,4519.743652,4545.512695,4396.794922,4564.102539,4384.743652,4494.743652,4513.846191,4577.563965,4395.897461,4394.102539,4511.922852,4558.974121,4545.384766,4521.666504,4400.769043,4418.205078,4589.743652,4528.077148,4511.538574,4405.384766,4582.692383,4403.077148,4573.461426,4514.230957,4399.102539,4537.563965,4493.333496,2920,1,25,2568,50521,,,,0,4,4,4,4,4,4,4,4,4,4,4,4,4,4,4,4,4,4,4,4,4,4,4,4,4,4,4,4,4,4,4,4,100,,,,,,,,,,,,,,,,,,,,,,,,,,,,,,,,,,,27924,0,0.263141,-0.598877,-0.734497,0.180603,0.973263,0.221218,0.052252,24.666666,27.666666,43.833332,,,,,,,,,,,,,,,,,,,,,,,,,,,,,,,,,,,,,,,,,,,,,,,,,,,,,,,,,,,,,,,,,,,,,,,,,,,,,,,,,,,,,,,,,,,,,,,,,,,,,,,,,,,,,,,,,,,,,,,,,,,,,,,,,,,,,,,,,,,,,,,,,,,,,,,,,,,,,,,,
1764665239.529947,46162,0,4378.589844,4392.307617,4483.077148,4514.487305,4382.179688,4510.512695,4536.538574,4386.410156,4558.461426,4378.077148,4490.641113,4501.794922,4566.794922,4391.025879,4383.846191,4499.358887,4544.743652,4534.487305,4510.769043,4390.384766,4408.205078,4577.307617,4516.794922,4499.487305,4408.846191,4574.230957,4393.333496,4564.871582,4504.743652,4389.358887,4526.410156,4486.153809,1762,1,25,2566,50529,,,,0,4,4,4,4,4,4,4,4,4,4,4,4,4,4,4,4,4,4,4,4,4,4,4,4,4,4,4,4,4,4,4,4,100,,,,,,,,,,,,,,,,,,,,,,,,,,,,,,,,,,,,,,,,,,,,,,,,,,,,,,,,,,,,,,,,,,,,,,,,,,,,,,,,,,,,,,,,,,,,,,,,,,,,,,,,,,,,,,,,,,,,,,,,,,,,,,,,,,,,,,,,,,,,,,,,,,,,,,,,,,,,,,,,,,,,,,,,,,,,,,,,,,,,,,,,,,,,,,,,,,,,,,,,,,,,,,
1764665239.533852,46163,0,4369.615234,4383.077148,4475,4505.641113,4373.846191,4500.256348,4528.846191,4376.410156,4550.512695,4374.615234,4486.410156,4492.436035,4556.794922,4388.589844,4377.692383,4488.461426,4530.256348,4524.743652,4502.05127,4381.153809,4399.102539,4564.230957,4505.897461,4490.384766,4411.153809,4568.846191,4384.743652,4556.410156,4495.769043,4381.153809,4516.538574,4480.641113,2950,1,25,2566,50529,,,,0,4,4,4,4,4,4,4,4,4,4,4,4,4,4,4,4,4,4,4,4,4,4,4,4,4,4,4,4,4,4,4,4,100,,,,,,,,,,,,,,,,,,,,,,,,,,,,,,,,,,,,,,,,,,,,,,,,,,,,,,,,,,,,,,,,,,,,,,,,,,,,,,,,,,,,,,,,,,,,,,,,,,,,,,,,,,,,,,,,,,,,,,,,,,,,,,,,,,,,,,,,,,,,,,,,,,,,,,,,,,,,,,,,,,,,,,,,,,,,,,,,,,,,,,,,,,,,,,,,,,,,,,,,,,,,,,
1764665239.537758,46164,0,4366.666504,4380.256348,4474.487305,4502.820313,4372.692383,4496.025879,4527.563965,4373.717773,4548.333496,4380.256348,4485.384766,4491.666504,4554.487305,4391.025879,4380.769043,4486.666504,4523.589844,4522.692383,4499.743652,4378.717773,4394.871582,4556.794922,4501.282227,4488.717773,4411.922852,4570.128418,4382.179688,4552.307617,4492.692383,4379.743652,4513.846191,4480.769043,2515,1,25,2565,50537,,,,0,4,4,4,4,4,4,4,4,4,4,4,4,4,4,4,4,4,4,4,4,4,4,4,4,4,4,4,4,4,4,4,4,100,,,,,,,,,,,,,,,,,,,,,,,,,,,,,,,,,,,,,,,,,,,,,,,,,,,,,,,,,,,,,,,,,,,,,,,,,,,,,,,,,,,,,,,,,,,,,,,,,,,,,,,,,,,,,,,,,,,,,,,,,,,,,,,,,,,,,,,,,,,,,,,,,,,,,,,,,,,,,,,,,,,,,,,,,,,,,,,,,,,,,,,,,,,,,,,,,,,,,,,,,,,,,,
1764665239.541664,46165,0,4370.512695,4385,4483.077148,4510.128418,4379.487305,4500.128418,4532.436035,4379.743652,4555.641113,4393.589844,4488.589844,4497.94873,4560.897461,4396.666504,4389.871582,4494.743652,4525.897461,4528.461426,4502.94873,4383.077148,4394.230957,4555.897461,4503.205078,4492.436035,4412.05127,4577.436035,4386.282227,4553.077148,4496.538574,4385.769043,4520.512695,4488.077148,2818,1,25,2565,50537,,,,0,4,4,4,4,4,4,4,4,4,4,4,4,4,4,4,4,4,4,4,4,4,4,4,4,4,4,4,4,4,4,4,4,100,,,,,,,,,,,,,,,,,,,,,,,,,,,,,,,,,,,27925,0,0.263044,-0.598938,-0.734497,0.180542,0.973263,0.221218,0.052252,24.5,28.166666,45,,,,,,,,,,,,,,,,,,,,,,,,,,,,,,,,,,,,,,,,,,,,,,,,,,,,,,,,,,,,,,,,,,,,,,,,,,,,,,,,,,,,,,,,,,,,,,,,,,,,,,,,,,,,,,,,,,,,,,,,,,,,,,,,,,,,,,,,,,,,,,,,,,,,,,,,,,,,,,,,
1764665239.545570,46166,0,4377.436035,4393.205078,4496.025879,4522.94873,4389.487305,4508.333496,4538.333496,4388.974121,4568.077148,4404.743652,4493.589844,4504.487305,4570.256348,4400.897461,4396.538574,4505.384766,4531.410156,4535.641113,4505.641113,4388.077148,4392.436035,4556.282227,4506.666504,4494.743652,4411.922852,4585.512695,4392.94873,4555.641113,4503.461426,4394.230957,4532.05127,4499.487305,2917,1,25,2566,50545,,,,0,4,4,4,4,4,4,4,4,4,4,4,4,4,4,4,4,4,4,4,4,4,4,4,4,4,4,4,4,4,4,4,4,100,,,,,,,,,,,,,,,,,,,,,,,,,,,,,,,,,,,,,,,,,,,,,,,,,,,,,,,,,,,,,,,,,,,,,,,,,,,,,,,,,,,,,,,,,,,,,,,,,,,,,,,,,,,,,,,,,,,,,,,,,,,,,,,,,,,,,,,,,,,,,,,,,,,,,,,,,,,,,,,,,,,,,,,,,,,,,,,,,,,,,,,,,,,,,,,,,,,,,,,,,,,,,,
1764665239.549475,46167,0,4382.307617,4399.102539,4505,4531.282227,4396.282227,4514.230957,4539.871582,4393.846191,4576.025879,4404.871582,4496.282227,4504.871582,4575.128418,4400.128418,4394.230957,4510.128418,4532.692383,4536.538574,4502.436035,4386.922852,4385.256348,4551.922852,4506.025879,4490,4410.384766,4589.230957,4396.666504,4556.410156,4508.333496,4399.358887,4540.897461,4508.974121,2834,1,25,2566,50545,,,,0,4,4,4,4,4,4,4,4,4,4,4,4,4,4,4,4,4,4,4,4,4,4,4,4,4,4,4,4,4,4,4,4,100,,,,,,,,,,,,,,,,,,,,,,,,,,,,,,,,,,,,,,,,,,,,,,,,,,,,,,,,,,,,,,,,,,,,,,,,,,,,,,,,,,,,,,,,,,,,,,,,,,,,,,,,,,,,,,,,,,,,,,,,,,,,,,,,,,,,,,,,,,,,,,,,,,,,,,,,,,,,,,,,,,,,,,,,,,,,,,,,,,,,,,,,,,,,,,,,,,,,,,,,,,,,,,
1764665239.553381,46168,0,4382.692383,4400.256348,4504.358887,4528.846191,4396.282227,4514.743652,4535.769043,4390.769043,4572.820313,4393.333496,4494.487305,4499.743652,4572.692383,4394.487305,4383.974121,4505.897461,4527.820313,4528.717773,4493.333496,4377.563965,4373.333496,4541.922852,4501.025879,4478.717773,4406.538574,4586.922852,4394.615234,4554.102539,4508.846191,4398.589844,4541.153809,4511.153809,2762,1,25,2567,50552,,,,0,4,4,4,4,4,4,4,4,4,4,4,4,4,4,4,4,4,4,4,4,4,4,4,4,4,4,4,4,4,4,4,4,100,,,,,,,,,,,,,,,,,,,,,,,,,,,,,,,,,,,,,,,,,,,,,,,,,,,,,,,,,,,,,,,,,,,,,,,,,,,,,,,,,,,,,,,,,,,,,,,,,,,,,,,,,,,,,,,,,,,,,,,,,,,,,,,,,,,,,,,,,,,,,,,,,,,,,,,,,,,,,,,,,,,,,,,,,,,,,,,,,,,,,,,,,,,,,,,,,,,,,,,,,,,,,,
1764665239.557287,46169,0,4381.282227,4399.102539,4495.641113,4517.436035,4392.05127,4512.94873,4529.871582,4382.94873,4561.282227,4378.974121,4490.384766,4494.743652,4566.922852,4388.205078,4373.077148,4497.05127,4522.307617,4517.05127,4483.846191,4364.230957,4361.666504,4532.692383,4496.282227,4467.692383,4400.256348,4581.666504,4389.358887,4551.153809,4506.666504,4394.487305,4533.589844,4505.641113,2813,1,25,2567,50552,,,,0,4,4,4,4,4,4,4,4,4,4,4,4,4,4,4,4,4,4,4,4,4,4,4,4,4,4,4,4,4,4,4,4,100,,,,,,,,,,,,,,,,,,,,,,,,,,,,,,,,,,,27926,0,0.262957,-0.598938,-0.734558,0.18042,0.9801,0.225125,0.049322,25,28,45.5,,,,,,,,,,,,,,,,,,,,,,,,,,,,,,,,,,,,,,,,,,,,,,,,,,,,,,,,,,,,,,,,,,,,,,,,,,,,,,,,,,,,,,,,,,,,,,,,,,,,,,,,,,,,,,,,,,,,,,,,,,,,,,,,,,,,,,,,,,,,,,,,,,,,,,,,,,,,,,,,
1764665239.561193,46170,0,4382.307617,4400.128418,4486.282227,4506.666504,4388.846191,4513.205078,4528.333496,4377.820313,4551.153809,4372.436035,4489.102539,4496.282227,4563.846191,4385.897461,4369.487305,4491.410156,4522.94873,4509.615234,4479.871582,4354.102539,4355.897461,4531.794922,4497.436035,4463.974121,4393.077148,4578.333496,4386.025879,4550.897461,4506.025879,4392.179688,4524.230957,4497.307617,1949,1,25,2567,50560,,,,0,4,4,4,4,4,4,4,4,4,4,4,4,4,4,4,4,4,4,4,4,4,4,4,4,4,4,4,4,4,4,4,4,100,,,,,,,,,,,,,,,,,,,,,,,,,,,,,,,,,,,,,,,,,,,,,,,3.280479,6.069184,0.476755,1.141108,0.682733,2.721241,4.521703,0.792878,1.511859,0.71974,2.532137,3.677245,1.012835,1.648507,0.793588,1.862315,1.914598,0.583781,0.811508,0.65142,2.207894,3.205135,0.755194,1.396805,0.742145,2.441535,4.248056,0.346068,1.426208,0.580177,2.821326,4.370811,0.281299,0.881965,0.828407,1.941763,2.512955,0.510941,1.246811,0.874055,2.09625,2.185399,0.76958,1.205768,0.82803,3.671561,2.285528,1.172015,1.816333,1.142797,1.806619,2.139265,0.475473,0.754913,0.630813,1.828599,5.625762,0.3069,0.834031,0.807023,1.736019,6.596926,0.754426,0.609187,0.590507,1.05745,2.206366,0.318986,0.648761,0.585879,1.012199,1.973956,0.493441,1.016291,0.650329,0.916185,5.315781,0.46613,0.606755,0.741868,3.881588,10.031469,0.616115,1.059818,0.897102,1.440686,5.689668,0.692172,1.118927,0.825377,0.829057,3.545866,0.849808,0.73305,0.466763,1.526598,3.402987,1.163032,1.222602,0.830795,2.14435,4.391047,0.97183,1.505,0.676372,2.349936,9.118275,1.366204,1.365104,0.744941,2.90194,6.08738,0.393004,1.140709,0.653905,3.133017,4.262764,0.8229,1.416375,0.85541,3.234718,6.669931,2.381327,3.157592,1.173153,1.696364,1.378924,0.664697,1.500794,0.710642,3.484498,2.723867,0.714525,1.95423,0.842031,4.204952,5.809437,0.5239,1.670081,0.883742,1.958017,2.710624,0.370021,0.566714,0.366447,3.041545,4.88543,1.005185,1.665785,0.818976,2.995314,2.479662,0.950259,2.203125,0.926646,2.91417,3.651136,0.740191,2.077935,0.829922
1764665239.565099,46171,0,4387.563965,4405.256348,4484.358887,4505.769043,4391.410156,4517.563965,4533.333496,4380.641113,4550.897461,4377.692383,4493.461426,4505,4566.410156,4389.358887,4374.743652,4492.820313,4531.538574,4511.282227,4483.717773,4352.179688,4357.692383,4540.769043,4505.897461,4469.743652,4386.794922,4580.128418,4388.589844,4555.512695,4509.358887,4394.871582,4520.641113,4493.846191,2625,1,25,2567,50560,,,,0,4,4,4,4,4,4,4,4,4,4,4,4,4,4,4,4,4,4,4,4,4,4,4,4,4,4,4,4,4,4,4,4,100,,,,,,,,,,,,,,,,,,,,,,,,,,,,,,,,,,,,,,,,,,,,,,,,,,,,,,,,,,,,,,,,,,,,,,,,,,,,,,,,,,,,,,,,,,,,,,,,,,,,,,,,,,,,,,,,,,,,,,,,,,,,,,,,,,,,,,,,,,,,,,,,,,,,,,,,,,,,,,,,,,,,,,,,,,,,,,,,,,,,,,,,,,,,,,,,,,,,,,,,,,,,,,
1764665239.569004,46172,0,4394.358887,4412.05127,4492.820313,4516.794922,4399.230957,4523.333496,4542.563965,4390.256348,4561.410156,4390,4501.282227,4515.512695,4571.538574,4396.410156,4383.974121,4498.846191,4543.333496,4519.871582,4492.05127,4357.94873,4365.128418,4554.358887,4517.307617,4480.897461,4382.307617,4585.641113,4396.538574,4563.717773,4515.384766,4401.538574,4525.897461,4498.846191,2684,1,25,2568,50568,,,,0,4,4,4,4,4,4,4,4,4,4,4,4,4,4,4,4,4,4,4,4,4,4,4,4,4,4,4,4,4,4,4,4,100,,,,,,,,,,,,,,,,,,,,,,,,,,,,,,,,,,,,,,,,,,,,,,,,,,,,,,,,,,,,,,,,,,,,,,,,,,,,,,,,,,,,,,,,,,,,,,,,,,,,,,,,,,,,,,,,,,,,,,,,,,,,,,,,,,,,,,,,,,,,,,,,,,,,,,,,,,,,,,,,,,,,,,,,,,,,,,,,,,,,,,,,,,,,,,,,,,,,,,,,,,,,,,
1764665239.572910,46173,0,4398.333496,4416.025879,4506.666504,4533.077148,4407.05127,4525.897461,4549.743652,4400,4575.512695,4400.384766,4507.05127,4521.410156,4574.358887,4402.179688,4389.615234,4503.846191,4551.153809,4528.717773,4499.871582,4366.666504,4374.102539,4564.743652,4525.897461,4490.897461,4380.512695,4589.871582,4405.128418,4571.794922,4520,4408.077148,4536.410156,4509.102539,2499,1,25,2568,50568,,,,0,4,4,4,4,4,4,4,4,4,4,4,4,4,4,4,4,4,4,4,4,4,4,4,4,4,4,4,4,4,4,4,4,100,,,,,,,,,,,,,,,,,,,,,,,,,,,,,,,,,,,27927,0,0.26287,-0.598938,-0.734619,0.180298,0.966915,0.219753,0.051276,24.833334,28.666666,44.166668,,,,,,,,,,,,,,,,,,,,,,,,,,,,,,,,,,,,,,,,,,,,,,,,,,,,,,,,,,,,,,,,,,,,,,,,,,,,,,,,,,,,,,,,,,,,,,,,,,,,,,,,,,,,,,,,,,,,,,,,,,,,,,,,,,,,,,,,,,,,,,,,,,,,,,,,,,,,,,,,
1764665239.576816,46174,0,4396.794922,4414.230957,4516.794922,4543.974121,4409.102539,4522.436035,4550.128418,4403.461426,4584.230957,4402.94873,4506.538574,4519.615234,4572.179688,4402.563965,4387.692383,4503.589844,4551.794922,4532.563965,4504.487305,4373.333496,4381.538574,4568.205078,4529.230957,4495.256348,4382.05127,4588.974121,4408.846191,4575.897461,4519.871582,4410.384766,4545.128418,4516.794922,2647,1,25,2569,50576,,,,0,4,4,4,4,4,4,4,4,4,4,4,4,4,4,4,4,4,4,4,4,4,4,4,4,4,4,4,4,4,4,4,4,100,,,,,,,,,,,,,,,,,,,,,,,,,,,,,,,,,,,,,,,,,,,,,,,,,,,,,,,,,,,,,,,,,,,,,,,,,,,,,,,,,,,,,,,,,,,,,,,,,,,,,,,,,,,,,,,,,,,,,,,,,,,,,,,,,,,,,,,,,,,,,,,,,,,,,,,,,,,,,,,,,,,,,,,,,,,,,,,,,,,,,,,,,,,,,,,,,,,,,,,,,,,,,,
1764665239.580722,46175,0,4391.153809,4408.205078,4517.436035,4544.102539,4404.230957,4515,4544.230957,4399.358887,4583.589844,4398.717773,4500.256348,4512.563965,4566.538574,4397.563965,4380.769043,4498.717773,4547.436035,4531.153809,4507.05127,4377.05127,4387.179688,4567.563965,4528.589844,4494.487305,4388.077148,4583.589844,4405.897461,4574.871582,4515.256348,4407.05127,4546.666504,4515.769043,2817,1,25,2569,50576,,,,0,4,4,4,4,4,4,4,4,4,4,4,4,4,4,4,4,4,4,4,4,4,4,4,4,4,4,4,4,4,4,4,4,100,,,,,,,,,,,,,,,,,,,,,,,,,,,,,,,,,,,,,,,,,,,,,,,,,,,,,,,,,,,,,,,,,,,,,,,,,,,,,,,,,,,,,,,,,,,,,,,,,,,,,,,,,,,,,,,,,,,,,,,,,,,,,,,,,,,,,,,,,,,,,,,,,,,,,,,,,,,,,,,,,,,,,,,,,,,,,,,,,,,,,,,,,,,,,,,,,,,,,,,,,,,,,,
1764665239.584627,46176,0,4385,4402.563965,4510.769043,4536.922852,4396.538574,4508.717773,4536.538574,4392.179688,4576.282227,4393.974121,4493.077148,4505,4561.666504,4390.512695,4374.230957,4493.589844,4543.461426,4528.589844,4510.256348,4380.256348,4392.94873,4568.333496,4527.307617,4492.94873,4397.563965,4578.205078,4399.230957,4571.025879,4509.487305,4401.410156,4541.282227,4507.563965,2756,1,25,2570,50584,,,,0,4,4,4,4,4,4,4,4,4,4,4,4,4,4,4,4,4,4,4,4,4,4,4,4,4,4,4,4,4,4,4,4,100,,,,,,,,,,,,,,,,,,,,,,,,,,,,,,,,,,,,,,,,,,,,,,,,,,,,,,,,,,,,,,,,,,,,,,,,,,,,,,,,,,,,,,,,,,,,,,,,,,,,,,,,,,,,,,,,,,,,,,,,,,,,,,,,,,,,,,,,,,,,,,,,,,,,,,,,,,,,,,,,,,,,,,,,,,,,,,,,,,,,,,,,,,,,,,,,,,,,,,,,,,,,,,
1764665239.588533,46177,0,4381.282227,4401.153809,4504.358887,4531.025879,4392.179688,4507.05127,4532.563965,4387.692383,4569.358887,4393.974121,4489.743652,4500.512695,4560.256348,4386.153809,4372.692383,4492.436035,4543.589844,4529.487305,4515.512695,4385.641113,4400.641113,4573.846191,4527.307617,4495.256348,4408.077148,4577.05127,4394.102539,4567.94873,4506.538574,4397.94873,4534.358887,4499.743652,2918,1,25,2570,50584,,,,0,4,4,4,4,4,4,4,4,4,4,4,4,4,4,4,4,4,4,4,4,4,4,4,4,4,4,4,4,4,4,4,4,100,,,,,,,,,,,,,,,,,,,,,,,,,,,,,,,,,,,27928,0,0.26287,-0.598938,-0.734619,0.180298,0.963985,0.20901,0.060554,23.5,27.666666,43.5,,,,,,,,,,,,,,,,,,,,,,,,,,,,,,,,,,,,,,,,,,,,,,,,,,,,,,,,,,,,,,,,,,,,,,,,,,,,,,,,,,,,,,,,,,,,,,,,,,,,,,,,,,,,,,,,,,,,,,,,,,,,,,,,,,,,,,,,,,,,,,,,,,,,,,,,,,,,,,,,
1764665239.592439,46178,0,4380.641113,4404.487305,4504.743652,4532.436035,4393.974121,4509.230957,4533.974121,4388.717773,4567.820313,4398.589844,4490.641113,4499.615234,4561.666504,4386.153809,4375.769043,4496.025879,4546.794922,4534.871582,4521.410156,4393.205078,4409.615234,4582.436035,4527.94873,4501.922852,4416.282227,4581.282227,4394.487305,4568.077148,4507.820313,4399.743652,4532.05127,4500.128418,2596,1,25,2571,50592,,,,0,4,4,4,4,4,4,4,4,4,4,4,4,4,4,4,4,4,4,4,4,4,4,4,4,4,4,4,4,4,4,4,4,100,,,,,,,,,,,,,,,,,,,,,,,,,,,,,,,,,,,,,,,,,,,,,,,,,,,,,,,,,,,,,,,,,,,,,,,,,,,,,,,,,,,,,,,,,,,,,,,,,,,,,,,,,,,,,,,,,,,,,,,,,,,,,,,,,,,,,,,,,,,,,,,,,,,,,,,,,,,,,,,,,,,,,,,,,,,,,,,,,,,,,,,,,,,,,,,,,,,,,,,,,,,,,,
1764665239.596345,46179,0,4381.282227,4408.589844,4512.179688,4539.743652,4399.615234,4511.538574,4537.692383,4392.94873,4571.666504,4403.205078,4492.05127,4499.743652,4562.820313,4389.230957,4380.512695,4500.512695,4548.974121,4541.794922,4524.487305,4400.384766,4417.563965,4588.717773,4527.307617,4509.487305,4420.128418,4588.205078,4399.615234,4571.282227,4511.153809,4405.769043,4536.538574,4509.743652,2853,1,25,2571,50592,,,,0,4,4,4,4,4,4,4,4,4,4,4,4,4,4,4,4,4,4,4,4,4,4,4,4,4,4,4,4,4,4,4,4,100,,,,,,,,,,,,,,,,,,,,,,,,,,,,,,,,,,,,,,,,,,,,,,,,,,,,,,,,,,,,,,,,,,,,,,,,,,,,,,,,,,,,,,,,,,,,,,,,,,,,,,,,,,,,,,,,,,,,,,,,,,,,,,,,,,,,,,,,,,,,,,,,,,,,,,,,,,,,,,,,,,,,,,,,,,,,,,,,,,,,,,,,,,,,,,,,,,,,,,,,,,,,,,
1764665239.600251,46180,0,4381.025879,4408.846191,4520.128418,4545.897461,4403.461426,4511.282227,4538.589844,4395.128418,4576.282227,4402.563965,4489.615234,4498.333496,4561.282227,4392.692383,4383.077148,4501.153809,4546.025879,4545.512695,4522.820313,4403.846191,4421.410156,4588.461426,4524.743652,4513.205078,4420.128418,4593.205078,4404.615234,4574.358887,4512.692383,4411.282227,4543.846191,4521.410156,2748,1,25,2572,50599,,,,0,4,4,4,4,4,4,4,4,4,4,4,4,4,4,4,4,4,4,4,4,4,4,4,4,4,4,4,4,4,4,4,4,100,,,,,,,,,,,,,,,,,,,,,,,,,,,,,,,,,,,,,,,,,,,,,,,,,,,,,,,,,,,,,,,,,,,,,,,,,,,,,,,,,,,,,,,,,,,,,,,,,,,,,,,,,,,,,,,,,,,,,,,,,,,,,,,,,,,,,,,,,,,,,,,,,,,,,,,,,,,,,,,,,,,,,,,,,,,,,,,,,,,,,,,,,,,,,,,,,,,,,,,,,,,,,,
1764665239.604156,46181,0,4379.230957,4403.589844,4520.641113,4544.487305,4401.025879,4507.94873,4534.230957,4391.538574,4576.666504,4395.256348,4482.179688,4494.743652,4557.05127,4395,4382.179688,4496.153809,4537.820313,4543.333496,4517.820313,4402.307617,4419.487305,4581.153809,4520.897461,4510.512695,4417.05127,4592.563965,4404.871582,4573.717773,4509.871582,4411.410156,4546.410156,4524.871582,2784,1,25,2572,50599,,,,0,4,4,4,4,4,4,4,4,4,4,4,4,4,4,4,4,4,4,4,4,4,4,4,4,4,4,4,4,4,4,4,4,100,,,,,,,,,,,,,,,,,,,,,,,,,,,,,,,,,,,27929,0,0.26287,-0.598938,-0.734619,0.180298,0.970333,0.228055,0.054694,25,27.166666,44.333332,,,,,,,,,,,,,,,,,,,,,,,,,,,,,,,,,,,,,,,,,,,,,,,,,,,,,,,,,,,,,,,,,,,,,,,,,,,,,,,,,,,,,,,,,,,,,,,,,,,,,,,,,,,,,,,,,,,,,,,,,,,,,,,,,,,,,,,,,,,,,,,,,,,,,,,,,,,,,,,,
1764665239.608062,46182,0,4376.410156,4395.641113,4511.410156,4535.641113,4393.333496,4503.846191,4526.666504,4383.974121,4572.307617,4384.743652,4474.102539,4491.282227,4552.179688,4396.538574,4378.846191,4487.94873,4528.333496,4536.282227,4512.436035,4397.436035,4413.333496,4570.512695,4517.05127,4502.94873,4411.410156,4586.282227,4399.230957,4568.461426,4503.589844,4405.128418,4540.512695,4516.025879,2786,1,25,2573,50607,,,,0,4,4,4,4,4,4,4,4,4,4,4,4,4,4,4,4,4,4,4,4,4,4,4,4,4,4,4,4,4,4,4,4,100,,,,,,,,,,,,,,,,,,,,,,,,,,,,,,,,,,,,,,,,,,,,,,,,,,,,,,,,,,,,,,,,,,,,,,,,,,,,,,,,,,,,,,,,,,,,,,,,,,,,,,,,,,,,,,,,,,,,,,,,,,,,,,,,,,,,,,,,,,,,,,,,,,,,,,,,,,,,,,,,,,,,,,,,,,,,,,,,,,,,,,,,,,,,,,,,,,,,,,,,,,,,,,
1764665239.611968,46183,0,4374.487305,4389.487305,4498.077148,4526.153809,4385.769043,4501.282227,4520.641113,4377.820313,4566.922852,4376.538574,4471.025879,4490.512695,4549.743652,4398.717773,4375.384766,4480.897461,4522.307617,4528.205078,4509.487305,4392.179688,4406.538574,4561.794922,4514.358887,4494.487305,4403.333496,4578.205078,4391.794922,4560.641113,4497.94873,4396.025879,4529.615234,4501.410156,2985,1,25,2573,50607,,,,0,4,4,4,4,4,4,4,4,4,4,4,4,4,4,4,4,4,4,4,4,4,4,4,4,4,4,4,4,4,4,4,4,100,,,,,,,,,,,,,,,,,,,,,,,,,,,,,,,,,,,,,,,,,,,,,,,,,,,,,,,,,,,,,,,,,,,,,,,,,,,,,,,,,,,,,,,,,,,,,,,,,,,,,,,,,,,,,,,,,,,,,,,,,,,,,,,,,,,,,,,,,,,,,,,,,,,,,,,,,,,,,,,,,,,,,,,,,,,,,,,,,,,,,,,,,,,,,,,,,,,,,,,,,,,,,,
1764665239.615874,46184,0,4374.487305,4388.333496,4489.743652,4523.974121,4383.461426,4502.05127,4519.615234,4377.94873,4565.384766,4373.974121,4475.512695,4492.820313,4551.538574,4402.179688,4373.717773,4477.692383,4521.410156,4523.077148,4508.974121,4389.358887,4402.820313,4558.461426,4513.205078,4488.974121,4394.743652,4573.205078,4387.820313,4554.487305,4496.410156,4389.871582,4521.794922,4491.538574,2859,1,25,2574,50615,,,,0,4,4,4,4,4,4,4,4,4,4,4,4,4,4,4,4,4,4,4,4,4,4,4,4,4,4,4,4,4,4,4,4,100,,,,,,,,,,,,,,,,,,,,,,,,,,,,,,,,,,,,,,,,,,,,,,,,,,,,,,,,,,,,,,,,,,,,,,,,,,,,,,,,,,,,,,,,,,,,,,,,,,,,,,,,,,,,,,,,,,,,,,,,,,,,,,,,,,,,,,,,,,,,,,,,,,,,,,,,,,,,,,,,,,,,,,,,,,,,,,,,,,,,,,,,,,,,,,,,,,,,,,,,,,,,,,
1764665239.619779,46185,0,4376.282227,4391.153809,4490.897461,4530.256348,4387.179688,4506.025879,4524.102539,4384.487305,4569.102539,4377.05127,4484.102539,4496.410156,4556.794922,4406.410156,4373.974121,4478.461426,4524.615234,4522.692383,4508.974121,4388.846191,4402.820313,4560,4513.077148,4488.077148,4388.717773,4573.846191,4389.102539,4552.563965,4499.615234,4389.743652,4521.666504,4491.794922,2711,1,25,2574,50615,,,,0,4,4,4,4,4,4,4,4,4,4,4,4,4,4,4,4,4,4,4,4,4,4,4,4,4,4,4,4,4,4,4,4,100,,,,,,,,,,,,,,,,,,,,,,,,,,,,,,,,,,,27930,0,0.262922,-0.598877,-0.73468,0.180176,0.967892,0.22659,0.054694,24.666666,28.833334,43.833332,,,,,,,,,,,,,,,,,,,,,,,,,,,,,,,,,,,,,,,,,,,,,,,,,,,,,,,,,,,,,,,,,,,,,,,,,,,,,,,,,,,,,,,,,,,,,,,,,,,,,,,,,,,,,,,,,,,,,,,,,,,,,,,,,,,,,,,,,,,,,,,,,,,,,,,,,,,,,,,,
1764665239.623685,46186,0,4379.230957,4394.743652,4498.205078,4539.743652,4393.717773,4512.05127,4531.538574,4392.820313,4575.256348,4383.846191,4490.897461,4499.487305,4563.077148,4410.769043,4376.153809,4481.922852,4530,4526.025879,4507.436035,4389.487305,4404.230957,4562.563965,4513.589844,4490,4387.692383,4578.333496,4392.94873,4554.358887,4505.128418,4393.846191,4527.307617,4497.820313,2281,1,25,2575,50623,,,,0,4,4,4,4,4,4,4,4,4,4,4,4,4,4,4,4,4,4,4,4,4,4,4,4,4,4,4,4,4,4,4,4,100,,,,,,,,,,,,,,,,,,,,,,,,,,,,,,,,,,,,,,,,,,,,,,,,,,,,,,,,,,,,,,,,,,,,,,,,,,,,,,,,,,,,,,,,,,,,,,,,,,,,,,,,,,,,,,,,,,,,,,,,,,,,,,,,,,,,,,,,,,,,,,,,,,,,,,,,,,,,,,,,,,,,,,,,,,,,,,,,,,,,,,,,,,,,,,,,,,,,,,,,,,,,,,
1764665239.627591,46187,0,4382.563965,4396.794922,4504.358887,4546.025879,4399.102539,4517.820313,4538.589844,4398.333496,4581.282227,4392.179688,4493.077148,4502.563965,4568.205078,4414.615234,4379.871582,4486.666504,4535.769043,4530.384766,4504.102539,4389.358887,4403.461426,4562.820313,4515,4492.05127,4391.794922,4583.205078,4395.641113,4557.307617,4509.615234,4398.461426,4533.205078,4501.922852,2685,1,25,2575,50623,,,,0,4,4,4,4,4,4,4,4,4,4,4,4,4,4,4,4,4,4,4,4,4,4,4,4,4,4,4,4,4,4,4,4,100,,,,,,,,,,,,,,,,,,,,,,,,,,,,,,,,,,,,,,,,,,,,,,,,,,,,,,,,,,,,,,,,,,,,,,,,,,,,,,,,,,,,,,,,,,,,,,,,,,,,,,,,,,,,,,,,,,,,,,,,,,,,,,,,,,,,,,,,,,,,,,,,,,,,,,,,,,,,,,,,,,,,,,,,,,,,,,,,,,,,,,,,,,,,,,,,,,,,,,,,,,,,,,
1764665239.631497,46188,0,4385.641113,4397.563965,4505.256348,4546.922852,4401.666504,4521.666504,4542.820313,4399.615234,4585.641113,4399.358887,4492.820313,4507.179688,4571.666504,4417.05127,4384.230957,4491.666504,4540.897461,4533.589844,4500.512695,4387.692383,4398.717773,4560,4517.307617,4491.922852,4398.461426,4585.897461,4395.897461,4559.358887,4511.153809,4401.153809,4536.025879,4500.641113,2487,1,25,2576,50631,,,,0,4,4,4,4,4,4,4,4,4,4,4,4,4,4,4,4,4,4,4,4,4,4,4,4,4,4,4,4,4,4,4,4,100,,,,,,,,,,,,,,,,,,,,,,,,,,,,,,,,,,,,,,,,,,,,,,,,,,,,,,,,,,,,,,,,,,,,,,,,,,,,,,,,,,,,,,,,,,,,,,,,,,,,,,,,,,,,,,,,,,,,,,,,,,,,,,,,,,,,,,,,,,,,,,,,,,,,,,,,,,,,,,,,,,,,,,,,,,,,,,,,,,,,,,,,,,,,,,,,,,,,,,,,,,,,,,
1764665239.635403,46189,0,4387.94873,4397.94873,4503.333496,4544.871582,4402.94873,4522.307617,4543.333496,4398.974121,4588.333496,4402.436035,4493.717773,4512.563965,4573.974121,4417.179688,4388.205078,4495.897461,4543.589844,4534.102539,4497.436035,4384.102539,4390.897461,4554.743652,4518.846191,4489.358887,4403.974121,4586.922852,4395.128418,4560,4510,4402.05127,4536.282227,4497.436035,2228,1,25,2576,50631,,,,0,4,4,4,4,4,4,4,4,4,4,4,4,4,4,4,4,4,4,4,4,4,4,4,4,4,4,4,4,4,4,4,4,100,,,,,,,,,,,,,,,,,,,,,,,,,,,,,,,,,,,27931,0,0.263148,-0.598816,-0.734619,0.180298,0.969845,0.22073,0.041509,23.666666,29,43.666668,,,,,,,,,,,,,,,,,,,,,,,,,,,,,,,,,,,,,,,,,,,,,,,,,,,,,,,,,,,,,,,,,,,,,,,,,,,,,,,,,,,,,,,,,,,,,,,,,,,,,,,,,,,,,,,,,,,,,,,,,,,,,,,,,,,,,,,,,,,,,,,,,,,,,,,,,,,,,,,,
1764665239.639308,46190,0,4388.333496,4398.461426,4503.333496,4543.333496,4404.102539,4518.974121,4540.641113,4398.717773,4588.333496,4399.358887,4496.282227,4515.769043,4574.871582,4415.384766,4390,4498.077148,4541.922852,4531.153809,4494.230957,4378.589844,4382.563965,4548.205078,4517.307617,4485,4405.256348,4587.05127,4394.871582,4558.974121,4507.179688,4402.563965,4536.282227,4498.333496,2705,1,25,2575,50638,,,,0,4,4,4,4,4,4,4,4,4,4,4,4,4,4,4,4,4,4,4,4,4,4,4,4,4,4,4,4,4,4,4,4,100,,,,,,,,,,,,,,,,,,,,,,,,,,,,,,,,,,,,,,,,,,,,,,,,,,,,,,,,,,,,,,,,,,,,,,,,,,,,,,,,,,,,,,,,,,,,,,,,,,,,,,,,,,,,,,,,,,,,,,,,,,,,,,,,,,,,,,,,,,,,,,,,,,,,,,,,,,,,,,,,,,,,,,,,,,,,,,,,,,,,,,,,,,,,,,,,,,,,,,,,,,,,,,
1764665239.643214,46191,0,4386.025879,4397.94873,4506.410156,4542.307617,4404.615234,4512.307617,4535.512695,4398.205078,4584.102539,4391.025879,4497.692383,4513.589844,4573.333496,4412.820313,4387.820313,4497.436035,4536.025879,4525.512695,4490,4371.538574,4375.641113,4541.153809,4511.794922,4479.487305,4400.641113,4585.512695,4395,4555.897461,4503.846191,4402.820313,4536.538574,4503.846191,2491,1,25,2575,50638,2,1,4,0,4,4,4,4,4,4,4,4,4,4,4,4,4,4,4,4,4,4,4,4,4,4,4,4,4,4,4,4,4,4,4,4,100,,,,,,,,,,,,,,,,,,,,,,,,,,,,,,,,,,,,,,,,,,,,,,,,,,,,,,,,,,,,,,,,,,,,,,,,,,,,,,,,,,,,,,,,,,,,,,,,,,,,,,,,,,,,,,,,,,,,,,,,,,,,,,,,,,,,,,,,,,,,,,,,,,,,,,,,,,,,,,,,,,,,,,,,,,,,,,,,,,,,,,,,,,,,,,,,,,,,,,,,,,,,,,
