title:Neutral5, start timestamp:1764665421.825380, stop timestamp:1764665428.526939, headset type:FLEX2, headset serial:F30002B4, headset firmware:2f10, channels:283, sampling rate:eeg_256;mot_64;pow_8, samples:1717      , version:2.2, ,,,,,,,,,,,,,,,,,,,,,,,,,,,,,,,,,,,,,,,,,,,,,,,,,,,,,,,,,,,,,,,,,,,,,,,,,,,,,,,,,,,,,,,,,,,,,,,,,,,,,,,,,,,,,,,,,,,,,,,,,,,,,,,,,,,,,,,,,,,,,,,,,,,,,,,,,,,,,,,,,,,,,,,,,,,,,,,,,,,,,,,,,,,,,,,,,,,,,,,,,,,,,,,,,,,,,,,,,,,,,,,,,,,,,,,,,,,,,,,,,,,,,,,,,,,,,,,,,,,,,,,,,,,,,,,,
Timestamp,EEG.Counter,EEG.Interpolated,EEG.Cz,EEG.Fz,EEG.Fp1,EEG.F7,EEG.F3,EEG.FC1,EEG.C3,EEG.FC5,EEG.FT9,EEG.T7,EEG.CP5,EEG.CP1,EEG.P3,EEG.P7,EEG.PO9,EEG.O1,EEG.Pz,EEG.Oz,EEG.O2,EEG.PO10,EEG.P8,EEG.P4,EEG.CP2,EEG.CP6,EEG.T8,EEG.FT10,EEG.FC6,EEG.C4,EEG.FC2,EEG.F4,EEG.F8,EEG.Fp2,EEG.RawCq,EEG.Battery,EEG.BatteryPercent,EEG.FwBufferSize,EEG.FwClockTime,MarkerIndex,MarkerType,MarkerValueInt,EEG.MarkerHardware,CQ.Cz,CQ.Fz,CQ.Fp1,CQ.F7,CQ.F3,CQ.FC1,CQ.C3,CQ.FC5,CQ.FT9,CQ.T7,CQ.CP5,CQ.CP1,CQ.P3,CQ.P7,CQ.PO9,CQ.O1,CQ.Pz,CQ.Oz,CQ.O2,CQ.PO10,CQ.P8,CQ.P4,CQ.CP2,CQ.CP6,CQ.T8,CQ.FT10,CQ.FC6,CQ.C4,CQ.FC2,CQ.F4,CQ.F8,CQ.Fp2,CQ.Overall,EQ.SampleRateQuality,EQ.OVERALL,EQ.Cz,EQ.Fz,EQ.Fp1,EQ.F7,EQ.F3,EQ.FC1,EQ.C3,EQ.FC5,EQ.FT9,EQ.T7,EQ.CP5,EQ.CP1,EQ.P3,EQ.P7,EQ.PO9,EQ.O1,EQ.Pz,EQ.Oz,EQ.O2,EQ.PO10,EQ.P8,EQ.P4,EQ.CP2,EQ.CP6,EQ.T8,EQ.FT10,EQ.FC6,EQ.C4,EQ.FC2,EQ.F4,EQ.F8,EQ.Fp2,MOT.CounterMems,MOT.InterpolatedMems,MOT.Q0,MOT.Q1,MOT.Q2,MOT.Q3,MOT.AccX,MOT.AccY,MOT.AccZ,MOT.MagX,MOT.MagY,MOT.MagZ,POW.Cz.Theta,POW.Cz.Alpha,POW.Cz.BetaL,POW.Cz.BetaH,POW.Cz.Gamma,POW.Fz.Theta,POW.Fz.Alpha,POW.Fz.BetaL,POW.Fz.BetaH,POW.Fz.Gamma,POW.Fp1.Theta,POW.Fp1.Alpha,POW.Fp1.BetaL,POW.Fp1.BetaH,POW.Fp1.Gamma,POW.F7.Theta,POW.F7.Alpha,POW.F7.BetaL,POW.F7.BetaH,POW.F7.Gamma,POW.F3.Theta,POW.F3.Alpha,POW.F3.BetaL,POW.F3.BetaH,POW.F3.Gamma,POW.FC1.Theta,POW.FC1.Alpha,POW.FC1.BetaL,POW.FC1.BetaH,POW.FC1.Gamma,POW.C3.Theta,POW.C3.Alpha,POW.C3.BetaL,POW.C3.BetaH,POW.C3.Gamma,POW.FC5.Theta,POW.FC5.Alpha,POW.FC5.BetaL,POW.FC5.BetaH,POW.FC5.Gamma,POW.FT9.Theta,POW.FT9.Alpha,POW.FT9.BetaL,POW.FT9.BetaH,POW.FT9.Gamma,POW.T7.Theta,POW.T7.Alpha,POW.T7.BetaL,POW.T7.BetaH,POW.T7.Gamma,POW.CP5.Theta,POW.CP5.Alpha,POW.CP5.BetaL,POW.CP5.BetaH,POW.CP5.Gamma,POW.CP1.Theta,POW.CP1.Alpha,POW.CP1.BetaL,POW.CP1.BetaH,POW.CP1.Gamma,POW.P3.Theta,POW.P3.Alpha,POW.P3.BetaL,POW.P3.BetaH,POW.P3.Gamma,POW.P7.Theta,POW.P7.Alpha,POW.P7.BetaL,POW.P7.BetaH,POW.P7.Gamma,POW.PO9.Theta,POW.PO9.Alpha,POW.PO9.BetaL,POW.PO9.BetaH,POW.PO9.Gamma,POW.O1.Theta,POW.O1.Alpha,POW.O1.BetaL,POW.O1.BetaH,POW.O1.Gamma,POW.Pz.Theta,POW.Pz.Alpha,POW.Pz.BetaL,POW.Pz.BetaH,POW.Pz.Gamma,POW.Oz.Theta,POW.Oz.Alpha,POW.Oz.BetaL,POW.Oz.BetaH,POW.Oz.Gamma,POW.O2.Theta,POW.O2.Alpha,POW.O2.BetaL,POW.O2.BetaH,POW.O2.Gamma,POW.PO10.Theta,POW.PO10.Alpha,POW.PO10.BetaL,POW.PO10.BetaH,POW.PO10.Gamma,POW.P8.Theta,POW.P8.Alpha,POW.P8.BetaL,POW.P8.BetaH,POW.P8.Gamma,POW.P4.Theta,POW.P4.Alpha,POW.P4.BetaL,POW.P4.BetaH,POW.P4.Gamma,POW.CP2.Theta,POW.CP2.Alpha,POW.CP2.BetaL,POW.CP2.BetaH,POW.CP2.Gamma,POW.CP6.Theta,POW.CP6.Alpha,POW.CP6.BetaL,POW.CP6.BetaH,POW.CP6.Gamma,POW.T8.Theta,POW.T8.Alpha,POW.T8.BetaL,POW.T8.BetaH,POW.T8.Gamma,POW.FT10.Theta,POW.FT10.Alpha,POW.FT10.BetaL,POW.FT10.BetaH,POW.FT10.Gamma,POW.FC6.Theta,POW.FC6.Alpha,POW.FC6.BetaL,POW.FC6.BetaH,POW.FC6.Gamma,POW.C4.Theta,POW.C4.Alpha,POW.C4.BetaL,POW.C4.BetaH,POW.C4.Gamma,POW.FC2.Theta,POW.FC2.Alpha,POW.FC2.BetaL,POW.FC2.BetaH,POW.FC2.Gamma,POW.F4.Theta,POW.F4.Alpha,POW.F4.BetaL,POW.F4.BetaH,POW.F4.Gamma,POW.F8.Theta,POW.F8.Alpha,POW.F8.BetaL,POW.F8.BetaH,POW.F8.Gamma,POW.Fp2.Theta,POW.Fp2.Alpha,POW.Fp2.BetaL,POW.Fp2.BetaH,POW.Fp2.Gamma
1764665422.153191,27391,0,4390,4388.589844,4500.897461,4530.769043,4396.794922,4510.256348,4535.384766,4393.717773,4565.512695,4380.128418,4514.615234,4507.563965,4573.077148,4398.333496,4387.179688,4511.282227,4546.922852,4532.820313,4510,4386.153809,4404.358887,4567.94873,4513.717773,4504.102539,4386.922852,4561.922852,4371.922852,4550.897461,4501.794922,4386.153809,4500.641113,4475,2845,1,24,2304,36566,1,1,3,0,4,4,4,4,4,4,4,4,4,4,4,4,4,4,4,4,4,4,4,4,4,4,4,4,4,4,4,4,4,4,4,4,100,,,,,,,,,,,,,,,,,,,,,,,,,,,,,,,,,,,,,,,,,,,,,,,,,,,,,,,,,,,,,,,,,,,,,,,,,,,,,,,,,,,,,,,,,,,,,,,,,,,,,,,,,,,,,,,,,,,,,,,,,,,,,,,,,,,,,,,,,,,,,,,,,,,,,,,,,,,,,,,,,,,,,,,,,,,,,,,,,,,,,,,,,,,,,,,,,,,,,,,,,,,,,,
1764665422.157097,27392,0,4398.077148,4397.94873,4513.717773,4544.487305,4405.512695,4520.128418,4545.384766,4405.641113,4580.512695,4391.153809,4519.743652,4518.846191,4580.512695,4400.641113,4392.692383,4517.94873,4560.641113,4544.871582,4518.461426,4398.717773,4415.128418,4580,4522.05127,4514.487305,4405.128418,4575.641113,4385.512695,4562.563965,4506.922852,4397.307617,4514.743652,4488.205078,2792,1,24,2304,36573,,,,0,4,4,4,4,4,4,4,4,4,4,4,4,4,4,4,4,4,4,4,4,4,4,4,4,4,4,4,4,4,4,4,4,100,,,,,,,,,,,,,,,,,,,,,,,,,,,,,,,,,,,,,,,,,,,,,,,,,,,,,,,,,,,,,,,,,,,,,,,,,,,,,,,,,,,,,,,,,,,,,,,,,,,,,,,,,,,,,,,,,,,,,,,,,,,,,,,,,,,,,,,,,,,,,,,,,,,,,,,,,,,,,,,,,,,,,,,,,,,,,,,,,,,,,,,,,,,,,,,,,,,,,,,,,,,,,,
1764665422.161002,27393,0,4389.230957,4388.077148,4508.077148,4540.641113,4399.358887,4514.358887,4538.205078,4401.922852,4579.102539,4388.717773,4511.794922,4516.538574,4572.307617,4393.589844,4386.922852,4512.563965,4556.538574,4539.487305,4510.897461,4393.077148,4407.179688,4573.974121,4513.974121,4507.307617,4404.871582,4573.974121,4381.153809,4555,4501.410156,4392.563965,4511.153809,4485.769043,2953,1,24,2304,36573,,,,0,4,4,4,4,4,4,4,4,4,4,4,4,4,4,4,4,4,4,4,4,4,4,4,4,4,4,4,4,4,4,4,4,100,,,,,,,,,,,,,,,,,,,,,,,,,,,,,,,,,,,39616,0,0.018975,-0.693359,-0.720276,-0.009766,0.993285,0.040044,0.041021,20.833334,0,55.333332,,,,,,,,,,,,,,,,,,,,,,,,,,,,,,,,,,,,,,,,,,,,,,,,,,,,,,,,,,,,,,,,,,,,,,,,,,,,,,,,,,,,,,,,,,,,,,,,,,,,,,,,,,,,,,,,,,,,,,,,,,,,,,,,,,,,,,,,,,,,,,,,,,,,,,,,,,,,,,,,
1764665422.164908,27394,0,4367.436035,4364.487305,4487.05127,4520.897461,4381.410156,4495.769043,4517.436035,4384.102539,4562.307617,4373.974121,4495,4500.512695,4551.410156,4380.897461,4373.077148,4497.94873,4535,4518.846191,4492.05127,4372.692383,4384.102539,4552.94873,4493.077148,4485.897461,4385.256348,4556.794922,4361.282227,4531.794922,4487.307617,4374.230957,4492.436035,4468.717773,2620,1,24,1280,36581,,,,0,4,4,4,4,4,4,4,4,4,4,4,4,4,4,4,4,4,4,4,4,4,4,4,4,4,4,4,4,4,4,4,4,100,,,,,,,,,,,,,,,,,,,,,,,,,,,,,,,,,,,,,,,,,,,,,,,,,,,,,,,,,,,,,,,,,,,,,,,,,,,,,,,,,,,,,,,,,,,,,,,,,,,,,,,,,,,,,,,,,,,,,,,,,,,,,,,,,,,,,,,,,,,,,,,,,,,,,,,,,,,,,,,,,,,,,,,,,,,,,,,,,,,,,,,,,,,,,,,,,,,,,,,,,,,,,,
1764665422.168814,27395,0,4344.615234,4340,4462.94873,4496.025879,4361.410156,4474.871582,4494.230957,4362.05127,4540.128418,4355.897461,4478.077148,4478.461426,4528.589844,4369.102539,4358.589844,4481.538574,4506.666504,4494.102539,4473.333496,4348.974121,4358.205078,4528.333496,4469.743652,4460.897461,4356.794922,4533.205078,4337.563965,4505.128418,4471.666504,4352.436035,4469.487305,4446.666504,2884,1,24,1280,36581,,,,0,4,4,4,4,4,4,4,4,4,4,4,4,4,4,4,4,4,4,4,4,4,4,4,4,4,4,4,4,4,4,4,4,100,,,,,,,,,,,,,,,,,,,,,,,,,,,,,,,,,,,,,,,,,,,,,,,,,,,,,,,,,,,,,,,,,,,,,,,,,,,,,,,,,,,,,,,,,,,,,,,,,,,,,,,,,,,,,,,,,,,,,,,,,,,,,,,,,,,,,,,,,,,,,,,,,,,,,,,,,,,,,,,,,,,,,,,,,,,,,,,,,,,,,,,,,,,,,,,,,,,,,,,,,,,,,,
1764665422.172720,27396,0,4330.897461,4325.641113,4447.179688,4478.974121,4348.205078,4461.538574,4478.974121,4345.897461,4524.615234,4343.846191,4467.94873,4460.512695,4514.487305,4362.820313,4349.871582,4469.871582,4484.871582,4477.436035,4463.333496,4332.94873,4341.666504,4511.666504,4453.974121,4443.333496,4333.717773,4514.487305,4321.538574,4487.94873,4461.153809,4337.94873,4453.846191,4431.282227,2781,1,24,256,36589,,,,0,4,4,4,4,4,4,4,4,4,4,4,4,4,4,4,4,4,4,4,4,4,4,4,4,4,4,4,4,4,4,4,4,100,,,,,,,,,,,,,,,,,,,,,,,,,,,,,,,,,,,,,,,,,,,,,,,,,,,,,,,,,,,,,,,,,,,,,,,,,,,,,,,,,,,,,,,,,,,,,,,,,,,,,,,,,,,,,,,,,,,,,,,,,,,,,,,,,,,,,,,,,,,,,,,,,,,,,,,,,,,,,,,,,,,,,,,,,,,,,,,,,,,,,,,,,,,,,,,,,,,,,,,,,,,,,,
1764665422.176626,27397,0,4329.487305,4325.256348,4444.871582,4476.153809,4346.025879,4459.615234,4476.794922,4340.641113,4521.666504,4342.05127,4466.922852,4453.333496,4513.333496,4363.333496,4348.974121,4465.512695,4477.820313,4473.846191,4464.102539,4329.615234,4339.487305,4507.563965,4450.384766,4438.717773,4325.769043,4508.333496,4318.974121,4485.641113,4459.615234,4336.153809,4451.410156,4428.461426,2813,1,24,256,36589,,,,0,4,4,4,4,4,4,4,4,4,4,4,4,4,4,4,4,4,4,4,4,4,4,4,4,4,4,4,4,4,4,4,4,100,,,,,,,,,,,,,,,,,,,,,,,,,,,,,,,,,,,39617,0,0.018944,-0.693359,-0.720276,-0.009827,0.98596,0.027835,0.041021,19.166666,0.333333,54.166668,,,,,,,,,,,,,,,,,,,,,,,,,,,,,,,,,,,,,,,,,,,,,,,,,,,,,,,,,,,,,,,,,,,,,,,,,,,,,,,,,,,,,,,,,,,,,,,,,,,,,,,,,,,,,,,,,,,,,,,,,,,,,,,,,,,,,,,,,,,,,,,,,,,,,,,,,,,,,,,,
1764665422.180531,27398,0,4337.94873,4335.256348,4454.230957,4485.897461,4353.974121,4466.922852,4486.538574,4345.512695,4530.384766,4349.487305,4473.717773,4457.563965,4522.436035,4369.230957,4354.358887,4467.820313,4485.128418,4481.282227,4471.794922,4336.666504,4348.077148,4513.717773,4457.307617,4445.512695,4334.102539,4515.641113,4327.820313,4495.384766,4466.538574,4345.384766,4460.384766,4437.436035,2819,1,24,512,36597,,,,0,4,4,4,4,4,4,4,4,4,4,4,4,4,4,4,4,4,4,4,4,4,4,4,4,4,4,4,4,4,4,4,4,100,,,,,,,,,,,,,,,,,,,,,,,,,,,,,,,,,,,,,,,,,,,,,,,,,,,,,,,,,,,,,,,,,,,,,,,,,,,,,,,,,,,,,,,,,,,,,,,,,,,,,,,,,,,,,,,,,,,,,,,,,,,,,,,,,,,,,,,,,,,,,,,,,,,,,,,,,,,,,,,,,,,,,,,,,,,,,,,,,,,,,,,,,,,,,,,,,,,,,,,,,,,,,,
1764665422.184437,27399,0,4350.897461,4349.615234,4468.846191,4501.025879,4368.077148,4478.589844,4501.794922,4356.153809,4545.128418,4362.307617,4485,4469.230957,4535.512695,4376.922852,4362.563965,4474.230957,4499.743652,4492.563965,4480.256348,4347.94873,4359.358887,4524.102539,4468.717773,4457.692383,4352.563965,4530.641113,4341.538574,4508.846191,4478.205078,4359.230957,4473.717773,4452.05127,3011,1,24,512,36597,,,,0,4,4,4,4,4,4,4,4,4,4,4,4,4,4,4,4,4,4,4,4,4,4,4,4,4,4,4,4,4,4,4,4,100,,,,,,,,,,,,,,,,,,,,,,,,,,,,,,,,,,,,,,,,,,,,,,,,,,,,,,,,,,,,,,,,,,,,,,,,,,,,,,,,,,,,,,,,,,,,,,,,,,,,,,,,,,,,,,,,,,,,,,,,,,,,,,,,,,,,,,,,,,,,,,,,,,,,,,,,,,,,,,,,,,,,,,,,,,,,,,,,,,,,,,,,,,,,,,,,,,,,,,,,,,,,,,
1764665422.188343,27400,0,4363.077148,4362.820313,4482.436035,4514.615234,4382.820313,4489.358887,4515.256348,4367.692383,4559.358887,4376.025879,4496.922852,4481.922852,4546.282227,4383.077148,4370.256348,4481.794922,4513.461426,4500.769043,4485,4356.922852,4366.025879,4532.692383,4478.974121,4467.820313,4371.538574,4545.641113,4353.589844,4519.230957,4489.230957,4371.282227,4485,4465.897461,2894,1,24,512,36605,,,,0,4,4,4,4,4,4,4,4,4,4,4,4,4,4,4,4,4,4,4,4,4,4,4,4,4,4,4,4,4,4,4,4,100,,,,,,,,,,,,,,,,,,,,,,,,,,,,,,,,,,,,,,,,,,,,,,,,,,,,,,,,,,,,,,,,,,,,,,,,,,,,,,,,,,,,,,,,,,,,,,,,,,,,,,,,,,,,,,,,,,,,,,,,,,,,,,,,,,,,,,,,,,,,,,,,,,,,,,,,,,,,,,,,,,,,,,,,,,,,,,,,,,,,,,,,,,,,,,,,,,,,,,,,,,,,,,
1764665422.192249,27401,0,4371.282227,4372.436035,4491.922852,4523.205078,4394.230957,4496.666504,4522.436035,4377.692383,4568.974121,4387.179688,4506.410156,4491.025879,4551.538574,4386.153809,4375.769043,4487.692383,4521.538574,4503.717773,4485.384766,4360.897461,4366.025879,4536.666504,4485.128418,4472.307617,4384.230957,4555.256348,4360.769043,4524.358887,4496.025879,4378.461426,4491.922852,4475.384766,2745,1,24,512,36605,,,,0,4,4,4,4,4,4,4,4,4,4,4,4,4,4,4,4,4,4,4,4,4,4,4,4,4,4,4,4,4,4,4,4,100,,,,,,,,,,,,,,,,,,,,,,,,,,,,,,,,,,,39618,0,0.018944,-0.693359,-0.720276,-0.009827,0.98596,0.027835,0.041021,19.333334,0.833333,53.5,,,,,,,,,,,,,,,,,,,,,,,,,,,,,,,,,,,,,,,,,,,,,,,,,,,,,,,,,,,,,,,,,,,,,,,,,,,,,,,,,,,,,,,,,,,,,,,,,,,,,,,,,,,,,,,,,,,,,,,,,,,,,,,,,,,,,,,,,,,,,,,,,,,,,,,,,,,,,,,,
1764665422.196154,27402,0,4374.871582,4378.589844,4497.307617,4527.692383,4401.025879,4500.384766,4524.358887,4385.128418,4572.820313,4393.974121,4511.922852,4495,4552.05127,4386.666504,4378.205078,4490.512695,4524.487305,4503.589844,4483.717773,4360.641113,4363.077148,4536.922852,4488.077148,4471.538574,4387.563965,4557.94873,4363.846191,4526.025879,4497.692383,4381.282227,4495.641113,4480.128418,1898,1,24,256,36612,,,,0,4,4,4,4,4,4,4,4,4,4,4,4,4,4,4,4,4,4,4,4,4,4,4,4,4,4,4,4,4,4,4,4,100,,,,,,,,,,,,,,,,,,,,,,,,,,,,,,,,,,,,,,,,,,,,,,,,,,,,,,,,,,,,,,,,,,,,,,,,,,,,,,,,,,,,,,,,,,,,,,,,,,,,,,,,,,,,,,,,,,,,,,,,,,,,,,,,,,,,,,,,,,,,,,,,,,,,,,,,,,,,,,,,,,,,,,,,,,,,,,,,,,,,,,,,,,,,,,,,,,,,,,,,,,,,,,
1764665422.200060,27403,0,4374.230957,4380.769043,4498.717773,4528.846191,4403.077148,4501.025879,4523.846191,4388.461426,4571.282227,4395,4512.436035,4494.230957,4549.230957,4385.384766,4376.794922,4489.615234,4524.487305,4502.820313,4482.94873,4358.333496,4361.410156,4536.153809,4489.102539,4468.589844,4382.563965,4554.871582,4363.205078,4526.410156,4495,4380.512695,4497.179688,4480.641113,2722,1,24,256,36612,,,,0,4,4,4,4,4,4,4,4,4,4,4,4,4,4,4,4,4,4,4,4,4,4,4,4,4,4,4,4,4,4,4,4,100,,,,,,,,,,,,,,,,,,,,,,,,,,,,,,,,,,,,,,,,,,,,,,,,,,,,,,,,,,,,,,,,,,,,,,,,,,,,,,,,,,,,,,,,,,,,,,,,,,,,,,,,,,,,,,,,,,,,,,,,,,,,,,,,,,,,,,,,,,,,,,,,,,,,,,,,,,,,,,,,,,,,,,,,,,,,,,,,,,,,,,,,,,,,,,,,,,,,,,,,,,,,,,
1764665422.203966,27404,0,4370.128418,4377.307617,4494.615234,4525.641113,4399.487305,4498.333496,4522.307617,4385.256348,4564.102539,4389.615234,4507.563965,4490.256348,4544.230957,4382.05127,4370.512695,4485.256348,4522.820313,4501.922852,4484.102539,4355.256348,4362.563965,4535.769043,4488.461426,4465.256348,4372.05127,4547.179688,4358.717773,4525.384766,4489.615234,4376.538574,4495.384766,4476.538574,2508,1,24,512,36620,,,,0,4,4,4,4,4,4,4,4,4,4,4,4,4,4,4,4,4,4,4,4,4,4,4,4,4,4,4,4,4,4,4,4,100,,,,,,,,,,,,,,,,,,,,,,,,,,,,,,,,,,,,,,,,,,,,,,,,,,,,,,,,,,,,,,,,,,,,,,,,,,,,,,,,,,,,,,,,,,,,,,,,,,,,,,,,,,,,,,,,,,,,,,,,,,,,,,,,,,,,,,,,,,,,,,,,,,,,,,,,,,,,,,,,,,,,,,,,,,,,,,,,,,,,,,,,,,,,,,,,,,,,,,,,,,,,,,
1764665422.207872,27405,0,4363.974121,4368.717773,4485.128418,4517.307617,4391.025879,4492.307617,4519.230957,4375.769043,4552.820313,4379.358887,4499.230957,4485.128418,4538.589844,4377.05127,4361.794922,4479.487305,4519.743652,4500.256348,4486.282227,4351.538574,4365.128418,4536.410156,4485.897461,4463.077148,4360.769043,4537.307617,4351.410156,4522.179688,4483.846191,4370.897461,4490,4468.974121,2221,1,24,512,36620,,,,0,4,4,4,4,4,4,4,4,4,4,4,4,4,4,4,4,4,4,4,4,4,4,4,4,4,4,4,4,4,4,4,4,100,,,,,,,,,,,,,,,,,,,,,,,,,,,,,,,,,,,39619,0,0.018944,-0.693359,-0.720276,-0.009827,1.005005,0.033696,0.049811,19.5,1.833333,52.5,,,,,,,,,,,,,,,,,,,,,,,,,,,,,,,,,,,,,,,,,,,,,,,,,,,,,,,,,,,,,,,,,,,,,,,,,,,,,,,,,,,,,,,,,,,,,,,,,,,,,,,,,,,,,,,,,,,,,,,,,,,,,,,,,,,,,,,,,,,,,,,,,,,,,,,,,,,,,,,,
1764665422.211778,27406,0,4359.102539,4360.512695,4474.487305,4507.436035,4382.307617,4486.410156,4516.025879,4365.897461,4542.692383,4369.102539,4492.307617,4482.692383,4535.256348,4373.589844,4355.641113,4476.666504,4517.436035,4499.743652,4489.230957,4348.461426,4368.461426,4539.102539,4483.333496,4464.230957,4355.641113,4530.128418,4345.641113,4519.102539,4481.538574,4367.563965,4484.358887,4462.563965,2730,1,24,768,36628,,,,0,4,4,4,4,4,4,4,4,4,4,4,4,4,4,4,4,4,4,4,4,4,4,4,4,4,4,4,4,4,4,4,4,100,,,,,,,,,,,,,,,,,,,,,,,,,,,,,,,,,,,,,,,,,,,,,,,,,,,,,,,,,,,,,,,,,,,,,,,,,,,,,,,,,,,,,,,,,,,,,,,,,,,,,,,,,,,,,,,,,,,,,,,,,,,,,,,,,,,,,,,,,,,,,,,,,,,,,,,,,,,,,,,,,,,,,,,,,,,,,,,,,,,,,,,,,,,,,,,,,,,,,,,,,,,,,,
1764665422.215683,27407,0,4360,4359.487305,4470.512695,4503.333496,4380.128418,4486.025879,4516.538574,4363.846191,4541.153809,4365.897461,4491.666504,4486.538574,4537.692383,4375.641113,4357.563965,4480.384766,4519.358887,4503.589844,4493.205078,4348.846191,4373.717773,4544.871582,4484.871582,4470.769043,4361.410156,4531.025879,4347.179688,4520.641113,4485.512695,4370.769043,4484.615234,4463.205078,2510,1,24,768,36628,,,,0,4,4,4,4,4,4,4,4,4,4,4,4,4,4,4,4,4,4,4,4,4,4,4,4,4,4,4,4,4,4,4,4,100,,,,,,,,,,,,,,,,,,,,,,,,,,,,,,,,,,,,,,,,,,,,,,,,,,,,,,,,,,,,,,,,,,,,,,,,,,,,,,,,,,,,,,,,,,,,,,,,,,,,,,,,,,,,,,,,,,,,,,,,,,,,,,,,,,,,,,,,,,,,,,,,,,,,,,,,,,,,,,,,,,,,,,,,,,,,,,,,,,,,,,,,,,,,,,,,,,,,,,,,,,,,,,
1764665422.219589,27408,0,4367.563965,4368.333496,4477.05127,4509.358887,4387.436035,4493.461426,4522.94873,4373.077148,4550.897461,4372.05127,4498.589844,4496.282227,4546.410156,4384.230957,4367.307617,4490.384766,4526.922852,4512.179688,4497.563965,4353.846191,4381.410156,4553.333496,4492.307617,4482.05127,4375.769043,4540.641113,4356.666504,4528.717773,4494.358887,4380.641113,4493.333496,4472.307617,2888,1,24,1024,36636,,,,0,4,4,4,4,4,4,4,4,4,4,4,4,4,4,4,4,4,4,4,4,4,4,4,4,4,4,4,4,4,4,4,4,100,,,,,,,,,,,,,,,,,,,,,,,,,,,,,,,,,,,,,,,,,,,,,,,,,,,,,,,,,,,,,,,,,,,,,,,,,,,,,,,,,,,,,,,,,,,,,,,,,,,,,,,,,,,,,,,,,,,,,,,,,,,,,,,,,,,,,,,,,,,,,,,,,,,,,,,,,,,,,,,,,,,,,,,,,,,,,,,,,,,,,,,,,,,,,,,,,,,,,,,,,,,,,,
1764665422.223495,27409,0,4377.179688,4381.025879,4489.615234,4521.282227,4398.589844,4505,4532.436035,4387.692383,4566.538574,4382.179688,4507.94873,4506.153809,4556.922852,4393.846191,4377.94873,4501.410156,4536.410156,4521.410156,4500.897461,4361.025879,4389.230957,4560.256348,4502.179688,4492.563965,4388.589844,4553.205078,4367.94873,4538.974121,4502.692383,4391.410156,4504.871582,4483.333496,2942,1,24,1024,36636,,,,0,4,4,4,4,4,4,4,4,4,4,4,4,4,4,4,4,4,4,4,4,4,4,4,4,4,4,4,4,4,4,4,4,100,,,,,,,,,,,,,,,,,,,,,,,,,,,,,,,,,,,39620,0,0.019038,-0.693359,-0.720276,-0.009644,0.995239,0.041509,0.039556,20.333334,0.333333,53.333332,,,,,,,,,,,,,,,,,,,,,,,,,,,,,,,,,,,,,,,,,,,,,,,,,,,,,,,,,,,,,,,,,,,,,,,,,,,,,,,,,,,,,,,,,,,,,,,,,,,,,,,,,,,,,,,,,,,,,,,,,,,,,,,,,,,,,,,,,,,,,,,,,,,,,,,,,,,,,,,,
1764665422.227401,27410,0,4381.538574,4387.436035,4498.589844,4529.615234,4404.230957,4512.692383,4537.820313,4396.538574,4577.179688,4387.436035,4512.692383,4509.102539,4563.461426,4397.179688,4380.641113,4506.153809,4541.538574,4525.384766,4501.410156,4366.153809,4392.94873,4561.025879,4507.563965,4495.897461,4389.230957,4559.871582,4372.307617,4544.230957,4504.871582,4395.128418,4509.871582,4486.922852,1778,1,24,1280,36644,,,,0,4,4,4,4,4,4,4,4,4,4,4,4,4,4,4,4,4,4,4,4,4,4,4,4,4,4,4,4,4,4,4,4,100,,,,,,,,,,,,,,,,,,,,,,,,,,,,,,,,,,,,,,,,,,,,,,,,,,,,,,,,,,,,,,,,,,,,,,,,,,,,,,,,,,,,,,,,,,,,,,,,,,,,,,,,,,,,,,,,,,,,,,,,,,,,,,,,,,,,,,,,,,,,,,,,,,,,,,,,,,,,,,,,,,,,,,,,,,,,,,,,,,,,,,,,,,,,,,,,,,,,,,,,,,,,,,
1764665422.231306,27411,0,4376.794922,4382.436035,4496.794922,4527.436035,4398.333496,4510.641113,4534.230957,4392.692383,4575.128418,4382.307617,4508.846191,4502.05127,4562.820313,4391.025879,4372.436035,4501.922852,4538.333496,4521.410156,4499.102539,4366.410156,4390.256348,4554.615234,4503.846191,4489.615234,4376.153809,4556.025879,4366.025879,4540.256348,4499.487305,4388.589844,4503.717773,4479.358887,2961,1,24,1280,36644,,,,0,4,4,4,4,4,4,4,4,4,4,4,4,4,4,4,4,4,4,4,4,4,4,4,4,4,4,4,4,4,4,4,4,100,,,,,,,,,,,,,,,,,,,,,,,,,,,,,,,,,,,,,,,,,,,,,,,,,,,,,,,,,,,,,,,,,,,,,,,,,,,,,,,,,,,,,,,,,,,,,,,,,,,,,,,,,,,,,,,,,,,,,,,,,,,,,,,,,,,,,,,,,,,,,,,,,,,,,,,,,,,,,,,,,,,,,,,,,,,,,,,,,,,,,,,,,,,,,,,,,,,,,,,,,,,,,,
1764665422.235212,27412,0,4366.025879,4369.487305,4485.641113,4516.282227,4383.974121,4500.512695,4523.461426,4378.974121,4562.563965,4369.871582,4498.846191,4489.230957,4557.05127,4379.871582,4359.102539,4492.692383,4529.102539,4513.077148,4495.384766,4363.205078,4383.205078,4545.128418,4493.077148,4477.05127,4358.846191,4544.743652,4353.589844,4529.871582,4490.769043,4375.769043,4490.641113,4466.410156,2554,1,24,1536,36651,,,,0,4,4,4,4,4,4,4,4,4,4,4,4,4,4,4,4,4,4,4,4,4,4,4,4,4,4,4,4,4,4,4,4,100,,,,,,,,,,,,,,,,,,,,,,,,,,,,,,,,,,,,,,,,,,,,,,,,,,,,,,,,,,,,,,,,,,,,,,,,,,,,,,,,,,,,,,,,,,,,,,,,,,,,,,,,,,,,,,,,,,,,,,,,,,,,,,,,,,,,,,,,,,,,,,,,,,,,,,,,,,,,,,,,,,,,,,,,,,,,,,,,,,,,,,,,,,,,,,,,,,,,,,,,,,,,,,
1764665422.239118,27413,0,4356.282227,4357.436035,4473.717773,4504.102539,4370.769043,4489.487305,4511.794922,4365.384766,4548.846191,4358.974121,4489.358887,4479.358887,4551.666504,4371.025879,4350.256348,4486.410156,4520,4506.794922,4492.94873,4360,4376.794922,4538.461426,4481.922852,4465.384766,4350,4533.589844,4343.717773,4520.256348,4484.358887,4365,4479.615234,4457.692383,2837,1,24,1536,36651,,,,0,4,4,4,4,4,4,4,4,4,4,4,4,4,4,4,4,4,4,4,4,4,4,4,4,4,4,4,4,4,4,4,4,100,,,,,,,,,,,,,,,,,,,,,,,,,,,,,,,,,,,39621,0,0.018982,-0.693298,-0.720337,-0.009583,0.984495,0.042486,0.036626,18.333334,0.333333,53.333332,,,,,,,,,,,,,,,,,,,,,,,,,,,,,,,,,,,,,,,,,,,,,,,,,,,,,,,,,,,,,,,,,,,,,,,,,,,,,,,,,,,,,,,,,,,,,,,,,,,,,,,,,,,,,,,,,,,,,,,,,,,,,,,,,,,,,,,,,,,,,,,,,,,,,,,,,,,,,,,,
1764665422.243024,27414,0,4353.077148,4353.205078,4468.717773,4498.717773,4366.538574,4484.102539,4505.128418,4360.512695,4542.94873,4356.538574,4485.512695,4478.077148,4550.641113,4369.743652,4351.410156,4487.05127,4516.282227,4506.025879,4492.436035,4359.230957,4374.230957,4537.436035,4476.538574,4460.384766,4354.871582,4529.230957,4341.794922,4516.410156,4483.077148,4361.922852,4476.794922,4458.717773,2943,1,24,1792,36659,,,,0,4,4,4,4,4,4,4,4,4,4,4,4,4,4,4,4,4,4,4,4,4,4,4,4,4,4,4,4,4,4,4,4,100,,,,,,,,,,,,,,,,,,,,,,,,,,,,,,,,,,,,,,,,,,,,,,,,,,,,,,,,,,,,,,,,,,,,,,,,,,,,,,,,,,,,,,,,,,,,,,,,,,,,,,,,,,,,,,,,,,,,,,,,,,,,,,,,,,,,,,,,,,,,,,,,,,,,,,,,,,,,,,,,,,,,,,,,,,,,,,,,,,,,,,,,,,,,,,,,,,,,,,,,,,,,,,
1764665422.246929,27415,0,4355.512695,4356.538574,4471.410156,4501.410156,4371.666504,4485,4504.487305,4365.256348,4546.153809,4361.153809,4487.563965,4484.230957,4553.717773,4374.871582,4359.743652,4492.05127,4518.077148,4508.461426,4492.563965,4360.384766,4375.384766,4539.487305,4477.563965,4462.179688,4366.666504,4531.538574,4345.641113,4518.333496,4484.871582,4366.282227,4480.769043,4467.179688,2857,1,24,1792,36659,,,,0,4,4,4,4,4,4,4,4,4,4,4,4,4,4,4,4,4,4,4,4,4,4,4,4,4,4,4,4,4,4,4,4,100,,,,,,,,,,,,,,,,,,,,,,,,,,,,,,,,,,,,,,,,,,,,,,,,,,,,,,,,,,,,,,,,,,,,,,,,,,,,,,,,,,,,,,,,,,,,,,,,,,,,,,,,,,,,,,,,,,,,,,,,,,,,,,,,,,,,,,,,,,,,,,,,,,,,,,,,,,,,,,,,,,,,,,,,,,,,,,,,,,,,,,,,,,,,,,,,,,,,,,,,,,,,,,
1764665422.250835,27416,0,4359.358887,4362.05127,4476.410156,4507.179688,4379.743652,4488.333496,4506.538574,4373.461426,4552.563965,4365.769043,4492.05127,4491.153809,4557.05127,4381.538574,4367.692383,4495.256348,4521.538574,4509.102539,4490.897461,4361.538574,4377.563965,4540.512695,4481.153809,4466.538574,4374.102539,4536.282227,4349.358887,4521.794922,4486.153809,4372.94873,4486.025879,4475.256348,2778,1,24,2048,36667,,,,0,4,4,4,4,4,4,4,4,4,4,4,4,4,4,4,4,4,4,4,4,4,4,4,4,4,4,4,4,4,4,4,4,100,,,,,,,,,,,,,,,,,,,,,,,,,,,,,,,,,,,,,,,,,,,,,,,,,,,,,,,,,,,,,,,,,,,,,,,,,,,,,,,,,,,,,,,,,,,,,,,,,,,,,,,,,,,,,,,,,,,,,,,,,,,,,,,,,,,,,,,,,,,,,,,,,,,,,,,,,,,,,,,,,,,,,,,,,,,,,,,,,,,,,,,,,,,,,,,,,,,,,,,,,,,,,,
1764665422.254741,27417,0,4360.641113,4365.256348,4478.205078,4510.256348,4384.230957,4490.512695,4507.94873,4377.94873,4555.512695,4365.769043,4495.384766,4493.461426,4557.436035,4385.512695,4370.256348,4493.846191,4522.179688,4506.410156,4487.692383,4362.179688,4377.94873,4539.230957,4483.333496,4469.230957,4371.666504,4538.974121,4349.487305,4522.820313,4485.128418,4376.922852,4488.333496,4477.436035,2839,1,24,2048,36667,,,,0,4,4,4,4,4,4,4,4,4,4,4,4,4,4,4,4,4,4,4,4,4,4,4,4,4,4,4,4,4,4,4,4,100,,,,,,,,,,,,,,,,,,,,,,,,,,,,,,,,,,,39622,0,0.019043,-0.693298,-0.720337,-0.00946,0.994262,0.043462,0.049322,20,1.5,52.833332,,,,,,,,,,,,,,,,,,,,,,,,,,,,,,,,,,,,,,,,,,,,,,,,,,,,,,,,,,,,,,,,,,,,,,,,,,,,,,,,,,,,,,,,,,,,,,,,,,,,,,,,,,,,,,,,,,,,,,,,,,,,,,,,,,,,,,,,,,,,,,,,,,,,,,,,,,,,,,,,
1764665422.258647,27418,0,4359.743652,4366.153809,4476.922852,4509.230957,4383.333496,4491.282227,4507.820313,4376.538574,4553.717773,4363.205078,4497.179688,4491.538574,4555.128418,4386.666504,4368.077148,4490.384766,4519.871582,4503.974121,4486.410156,4363.461426,4377.307617,4538.461426,4483.717773,4470.384766,4364.230957,4539.487305,4348.461426,4521.922852,4483.589844,4377.94873,4488.461426,4474.487305,1954,1,24,2304,36675,,,,0,4,4,4,4,4,4,4,4,4,4,4,4,4,4,4,4,4,4,4,4,4,4,4,4,4,4,4,4,4,4,4,4,100,,,,,,,,,,,,,,,,,,,,,,,,,,,,,,,,,,,,,,,,,,,,,,,1.329174,20.837305,1.252094,1.39696,1.06483,2.884739,21.423761,1.414944,1.81083,1.275427,2.64791,15.846646,1.175423,1.825444,1.419897,1.271041,11.471548,1.057896,1.518163,1.382901,2.052179,16.74008,1.224401,1.299484,1.219467,1.556489,20.340988,1.117816,1.166736,0.993542,1.41229,16.055868,1.171679,1.273731,1.099381,1.399402,13.115562,0.932253,1.089602,1.305985,1.305866,5.997658,0.734848,1.501626,1.522371,0.845288,7.774783,1.466597,2.112779,1.788532,1.204324,4.971303,0.344457,0.540707,0.876944,1.043506,19.02265,1.205093,1.027948,1.122859,0.667158,9.478717,1.307247,0.895023,0.883995,0.331604,1.385099,0.406269,0.505802,0.707257,0.54557,2.582753,0.512764,1.230945,1.078309,0.258887,4.262202,1.16214,0.805507,0.656698,2.066376,23.328926,2.554504,1.9929,1.376536,0.846483,5.670619,1.564622,1.757876,1.483614,0.733289,3.769947,0.980309,1.110194,0.938425,0.982056,5.625577,0.619197,1.297468,1.070252,1.725546,6.616084,0.912391,1.456371,1.280981,1.990135,11.688296,1.981998,2.031846,1.167841,1.540283,15.152524,1.031993,1.196845,1.152303,1.996948,4.976614,1.121772,1.835214,1.2665,2.052045,5.096928,1.265534,2.607892,1.771649,2.136345,4.24057,1.158409,1.262398,0.842396,2.907291,13.222948,1.18339,1.858324,1.309714,2.220055,15.661714,1.113772,1.880241,1.163754,1.165775,11.359397,0.494057,0.974805,0.60924,3.418263,16.423851,1.162096,1.571321,1.143474,2.396604,10.903536,1.395235,1.974501,1.110322,2.485401,13.889838,1.238487,1.555721,1.277526
1764665422.262553,27419,0,4360,4368.077148,4477.820313,4508.333496,4380.897461,4493.333496,4508.589844,4372.692383,4552.307617,4363.461426,4499.230957,4490,4552.820313,4388.205078,4366.282227,4490.128418,4518.589844,4507.563965,4490.128418,4367.563965,4378.333496,4542.05127,4485.512695,4473.205078,4362.307617,4541.025879,4351.538574,4523.205078,4485.128418,4379.615234,4490.897461,4472.307617,2645,1,24,2304,36675,,,,0,4,4,4,4,4,4,4,4,4,4,4,4,4,4,4,4,4,4,4,4,4,4,4,4,4,4,4,4,4,4,4,4,100,,,,,,,,,,,,,,,,,,,,,,,,,,,,,,,,,,,,,,,,,,,,,,,,,,,,,,,,,,,,,,,,,,,,,,,,,,,,,,,,,,,,,,,,,,,,,,,,,,,,,,,,,,,,,,,,,,,,,,,,,,,,,,,,,,,,,,,,,,,,,,,,,,,,,,,,,,,,,,,,,,,,,,,,,,,,,,,,,,,,,,,,,,,,,,,,,,,,,,,,,,,,,,
1764665422.266458,27420,0,4364.230957,4373.717773,4485.384766,4512.436035,4381.538574,4497.94873,4512.692383,4371.794922,4556.666504,4369.230957,4503.333496,4492.94873,4552.94873,4392.820313,4370,4495.512695,4522.692383,4518.589844,4497.94873,4374.743652,4383.333496,4550.641113,4491.794922,4479.743652,4371.410156,4546.538574,4361.282227,4529.615234,4491.153809,4384.743652,4498.333496,4475.897461,2708,1,24,1024,36683,,,,0,4,4,4,4,4,4,4,4,4,4,4,4,4,4,4,4,4,4,4,4,4,4,4,4,4,4,4,4,4,4,4,4,100,,,,,,,,,,,,,,,,,,,,,,,,,,,,,,,,,,,,,,,,,,,,,,,,,,,,,,,,,,,,,,,,,,,,,,,,,,,,,,,,,,,,,,,,,,,,,,,,,,,,,,,,,,,,,,,,,,,,,,,,,,,,,,,,,,,,,,,,,,,,,,,,,,,,,,,,,,,,,,,,,,,,,,,,,,,,,,,,,,,,,,,,,,,,,,,,,,,,,,,,,,,,,,
1764665422.270364,27421,0,4371.282227,4381.922852,4497.179688,4521.666504,4386.153809,4503.846191,4519.230957,4375.897461,4566.666504,4376.922852,4508.461426,4499.102539,4555.769043,4398.589844,4379.358887,4503.333496,4531.794922,4532.179688,4505.512695,4382.692383,4390.769043,4560.897461,4501.025879,4488.077148,4387.436035,4554.358887,4373.461426,4539.358887,4498.846191,4391.794922,4508.589844,4484.615234,2546,1,24,1024,36683,,,,0,4,4,4,4,4,4,4,4,4,4,4,4,4,4,4,4,4,4,4,4,4,4,4,4,4,4,4,4,4,4,4,4,100,,,,,,,,,,,,,,,,,,,,,,,,,,,,,,,,,,,39623,0,0.019013,-0.693298,-0.720337,-0.009521,1.000122,0.036626,0.035649,18.333334,0,55.333332,,,,,,,,,,,,,,,,,,,,,,,,,,,,,,,,,,,,,,,,,,,,,,,,,,,,,,,,,,,,,,,,,,,,,,,,,,,,,,,,,,,,,,,,,,,,,,,,,,,,,,,,,,,,,,,,,,,,,,,,,,,,,,,,,,,,,,,,,,,,,,,,,,,,,,,,,,,,,,,,
1764665422.274270,27422,0,4376.410156,4387.307617,4505.641113,4530,4390.769043,4507.179688,4523.974121,4381.922852,4575.512695,4379.743652,4510.769043,4503.077148,4558.077148,4400.769043,4388.077148,4507.692383,4539.487305,4539.358887,4507.05127,4386.538574,4395.512695,4566.282227,4507.436035,4492.436035,4399.871582,4559.743652,4380,4546.025879,4503.333496,4394.743652,4515.128418,4492.179688,2673,1,24,1024,36691,,,,0,4,4,4,4,4,4,4,4,4,4,4,4,4,4,4,4,4,4,4,4,4,4,4,4,4,4,4,4,4,4,4,4,100,,,,,,,,,,,,,,,,,,,,,,,,,,,,,,,,,,,,,,,,,,,,,,,,,,,,,,,,,,,,,,,,,,,,,,,,,,,,,,,,,,,,,,,,,,,,,,,,,,,,,,,,,,,,,,,,,,,,,,,,,,,,,,,,,,,,,,,,,,,,,,,,,,,,,,,,,,,,,,,,,,,,,,,,,,,,,,,,,,,,,,,,,,,,,,,,,,,,,,,,,,,,,,
1764665422.278176,27423,0,4375,4385.384766,4503.589844,4530,4390,4504.487305,4522.307617,4384.102539,4575.897461,4373.717773,4506.666504,4499.743652,4556.025879,4395.769043,4388.589844,4504.615234,4538.077148,4533.461426,4500,4382.436035,4392.692383,4561.922852,4505.256348,4488.205078,4399.743652,4557.692383,4375.128418,4544.102539,4500.897461,4388.974121,4512.179688,4492.563965,2840,1,24,1024,36691,,,,0,4,4,4,4,4,4,4,4,4,4,4,4,4,4,4,4,4,4,4,4,4,4,4,4,4,4,4,4,4,4,4,4,100,,,,,,,,,,,,,,,,,,,,,,,,,,,,,,,,,,,,,,,,,,,,,,,,,,,,,,,,,,,,,,,,,,,,,,,,,,,,,,,,,,,,,,,,,,,,,,,,,,,,,,,,,,,,,,,,,,,,,,,,,,,,,,,,,,,,,,,,,,,,,,,,,,,,,,,,,,,,,,,,,,,,,,,,,,,,,,,,,,,,,,,,,,,,,,,,,,,,,,,,,,,,,,
1764665422.282081,27424,0,4366.538574,4376.410156,4491.666504,4520,4382.692383,4496.153809,4513.846191,4380.128418,4566.538574,4362.563965,4496.794922,4489.871582,4548.589844,4385.384766,4379.487305,4495.512695,4525.897461,4516.666504,4487.563965,4371.025879,4382.563965,4548.974121,4494.615234,4476.025879,4386.538574,4548.077148,4361.025879,4534.102539,4492.436035,4376.153809,4500.512695,4484.743652,2780,1,24,768,36698,,,,0,4,4,4,4,4,4,4,4,4,4,4,4,4,4,4,4,4,4,4,4,4,4,4,4,4,4,4,4,4,4,4,4,100,,,,,,,,,,,,,,,,,,,,,,,,,,,,,,,,,,,,,,,,,,,,,,,,,,,,,,,,,,,,,,,,,,,,,,,,,,,,,,,,,,,,,,,,,,,,,,,,,,,,,,,,,,,,,,,,,,,,,,,,,,,,,,,,,,,,,,,,,,,,,,,,,,,,,,,,,,,,,,,,,,,,,,,,,,,,,,,,,,,,,,,,,,,,,,,,,,,,,,,,,,,,,,
1764665422.285987,27425,0,4356.410156,4366.922852,4478.589844,4506.410156,4373.333496,4487.05127,4504.487305,4373.077148,4554.230957,4354.871582,4487.05127,4480,4539.487305,4375.769043,4366.538574,4486.794922,4510,4499.615234,4476.794922,4357.820313,4371.025879,4534.871582,4482.05127,4463.461426,4368.846191,4536.538574,4347.307617,4523.077148,4483.333496,4363.974121,4487.436035,4474.230957,2941,1,24,768,36698,,,,0,4,4,4,4,4,4,4,4,4,4,4,4,4,4,4,4,4,4,4,4,4,4,4,4,4,4,4,4,4,4,4,4,100,,,,,,,,,,,,,,,,,,,,,,,,,,,,,,,,,,,39624,0,0.018982,-0.693298,-0.720337,-0.009583,0.991332,0.039067,0.038091,17.333334,-0.166667,53.5,,,,,,,,,,,,,,,,,,,,,,,,,,,,,,,,,,,,,,,,,,,,,,,,,,,,,,,,,,,,,,,,,,,,,,,,,,,,,,,,,,,,,,,,,,,,,,,,,,,,,,,,,,,,,,,,,,,,,,,,,,,,,,,,,,,,,,,,,,,,,,,,,,,,,,,,,,,,,,,,
1764665422.289893,27426,0,4351.025879,4363.333496,4474.358887,4498.717773,4368.205078,4483.077148,4500.512695,4368.333496,4548.333496,4357.05127,4483.333496,4477.307617,4534.102539,4372.179688,4358.077148,4483.846191,4500.641113,4492.692383,4472.94873,4350.256348,4365.256348,4528.589844,4476.025879,4458.846191,4357.820313,4530.128418,4343.333496,4519.230957,4478.974121,4360.769043,4481.538574,4468.333496,2607,1,24,256,36706,,,,0,4,4,4,4,4,4,4,4,4,4,4,4,4,4,4,4,4,4,4,4,4,4,4,4,4,4,4,4,4,4,4,4,100,,,,,,,,,,,,,,,,,,,,,,,,,,,,,,,,,,,,,,,,,,,,,,,,,,,,,,,,,,,,,,,,,,,,,,,,,,,,,,,,,,,,,,,,,,,,,,,,,,,,,,,,,,,,,,,,,,,,,,,,,,,,,,,,,,,,,,,,,,,,,,,,,,,,,,,,,,,,,,,,,,,,,,,,,,,,,,,,,,,,,,,,,,,,,,,,,,,,,,,,,,,,,,
1764665422.293799,27427,0,4352.563965,4367.179688,4481.410156,4501.794922,4369.358887,4485.897461,4502.820313,4368.589844,4552.94873,4367.692383,4487.307617,4482.94873,4535,4375,4357.563965,4486.922852,4502.436035,4497.05127,4475.769043,4350.897461,4367.820313,4533.333496,4479.615234,4464.102539,4358.717773,4531.922852,4350.384766,4524.871582,4481.025879,4367.94873,4485.128418,4470.384766,2873,1,24,256,36706,,,,0,4,4,4,4,4,4,4,4,4,4,4,4,4,4,4,4,4,4,4,4,4,4,4,4,4,4,4,4,4,4,4,4,100,,,,,,,,,,,,,,,,,,,,,,,,,,,,,,,,,,,,,,,,,,,,,,,,,,,,,,,,,,,,,,,,,,,,,,,,,,,,,,,,,,,,,,,,,,,,,,,,,,,,,,,,,,,,,,,,,,,,,,,,,,,,,,,,,,,,,,,,,,,,,,,,,,,,,,,,,,,,,,,,,,,,,,,,,,,,,,,,,,,,,,,,,,,,,,,,,,,,,,,,,,,,,,
1764665422.297705,27428,0,4358.205078,4373.846191,4492.94873,4512.179688,4373.333496,4492.436035,4506.922852,4371.538574,4562.94873,4379.102539,4494.871582,4491.666504,4540.128418,4380.256348,4361.410156,4491.538574,4512.179688,4506.025879,4480.256348,4356.794922,4376.153809,4544.743652,4489.487305,4474.358887,4367.820313,4538.205078,4361.538574,4534.871582,4486.794922,4379.230957,4493.461426,4476.922852,2768,1,24,512,36714,,,,0,4,4,4,4,4,4,4,4,4,4,4,4,4,4,4,4,4,4,4,4,4,4,4,4,4,4,4,4,4,4,4,4,100,,,,,,,,,,,,,,,,,,,,,,,,,,,,,,,,,,,,,,,,,,,,,,,,,,,,,,,,,,,,,,,,,,,,,,,,,,,,,,,,,,,,,,,,,,,,,,,,,,,,,,,,,,,,,,,,,,,,,,,,,,,,,,,,,,,,,,,,,,,,,,,,,,,,,,,,,,,,,,,,,,,,,,,,,,,,,,,,,,,,,,,,,,,,,,,,,,,,,,,,,,,,,,
1764665422.301610,27429,0,4363.077148,4377.436035,4498.589844,4521.410156,4375.256348,4496.922852,4508.974121,4372.820313,4568.974121,4383.461426,4500.641113,4497.179688,4545.897461,4383.333496,4364.230957,4493.461426,4522.436035,4511.666504,4482.692383,4362.307617,4384.871582,4554.743652,4499.230957,4482.05127,4376.538574,4542.436035,4367.692383,4542.179688,4491.794922,4386.153809,4498.333496,4481.153809,2804,1,24,512,36714,,,,0,4,4,4,4,4,4,4,4,4,4,4,4,4,4,4,4,4,4,4,4,4,4,4,4,4,4,4,4,4,4,4,4,100,,,,,,,,,,,,,,,,,,,,,,,,,,,,,,,,,,,39625,0,0.019013,-0.693298,-0.720337,-0.009521,0.991332,0.039067,0.038091,18.666666,1.5,55,,,,,,,,,,,,,,,,,,,,,,,,,,,,,,,,,,,,,,,,,,,,,,,,,,,,,,,,,,,,,,,,,,,,,,,,,,,,,,,,,,,,,,,,,,,,,,,,,,,,,,,,,,,,,,,,,,,,,,,,,,,,,,,,,,,,,,,,,,,,,,,,,,,,,,,,,,,,,,,,
1764665422.305516,27430,0,4364.871582,4375.641113,4493.077148,4523.461426,4373.461426,4496.410156,4509.102539,4371.025879,4566.025879,4379.615234,4502.307617,4497.307617,4549.615234,4383.205078,4362.820313,4492.05127,4527.820313,4511.794922,4482.820313,4363.974121,4390.128418,4558.717773,4504.230957,4482.94873,4377.436035,4540.769043,4365,4542.820313,4493.077148,4383.846191,4495.128418,4478.846191,2809,1,24,512,36722,,,,0,4,4,4,4,4,4,4,4,4,4,4,4,4,4,4,4,4,4,4,4,4,4,4,4,4,4,4,4,4,4,4,4,100,,,,,,,,,,,,,,,,,,,,,,,,,,,,,,,,,,,,,,,,,,,,,,,,,,,,,,,,,,,,,,,,,,,,,,,,,,,,,,,,,,,,,,,,,,,,,,,,,,,,,,,,,,,,,,,,,,,,,,,,,,,,,,,,,,,,,,,,,,,,,,,,,,,,,,,,,,,,,,,,,,,,,,,,,,,,,,,,,,,,,,,,,,,,,,,,,,,,,,,,,,,,,,
1764665422.309422,27431,0,4364.615234,4370.897461,4480.256348,4518.205078,4370.897461,4492.692383,4509.743652,4368.333496,4557.563965,4372.436035,4501.282227,4494.358887,4551.538574,4381.922852,4358.717773,4491.025879,4528.077148,4509.358887,4482.692383,4362.563965,4391.282227,4557.05127,4503.974121,4478.333496,4369.743652,4534.230957,4356.666504,4538.589844,4491.153809,4374.615234,4486.025879,4471.538574,3003,1,24,512,36722,,,,0,4,4,4,4,4,4,4,4,4,4,4,4,4,4,4,4,4,4,4,4,4,4,4,4,4,4,4,4,4,4,4,4,100,,,,,,,,,,,,,,,,,,,,,,,,,,,,,,,,,,,,,,,,,,,,,,,,,,,,,,,,,,,,,,,,,,,,,,,,,,,,,,,,,,,,,,,,,,,,,,,,,,,,,,,,,,,,,,,,,,,,,,,,,,,,,,,,,,,,,,,,,,,,,,,,,,,,,,,,,,,,,,,,,,,,,,,,,,,,,,,,,,,,,,,,,,,,,,,,,,,,,,,,,,,,,,
1764665422.313328,27432,0,4364.743652,4367.436035,4470.384766,4510.769043,4371.410156,4490.128418,4512.563965,4368.589844,4551.282227,4368.205078,4500.641113,4492.94873,4553.205078,4382.307617,4356.410156,4493.846191,4526.794922,4508.717773,4484.358887,4361.410156,4390.128418,4553.717773,4500.897461,4473.077148,4358.333496,4527.692383,4349.487305,4534.230957,4488.461426,4365,4477.820313,4465.256348,2881,1,24,768,36730,,,,0,4,4,4,4,4,4,4,4,4,4,4,4,4,4,4,4,4,4,4,4,4,4,4,4,4,4,4,4,4,4,4,4,100,,,,,,,,,,,,,,,,,,,,,,,,,,,,,,,,,,,,,,,,,,,,,,,,,,,,,,,,,,,,,,,,,,,,,,,,,,,,,,,,,,,,,,,,,,,,,,,,,,,,,,,,,,,,,,,,,,,,,,,,,,,,,,,,,,,,,,,,,,,,,,,,,,,,,,,,,,,,,,,,,,,,,,,,,,,,,,,,,,,,,,,,,,,,,,,,,,,,,,,,,,,,,,
1764665422.317233,27433,0,4366.410156,4368.333496,4471.025879,4506.282227,4376.025879,4492.179688,4516.666504,4373.205078,4552.692383,4369.102539,4502.436035,4496.153809,4556.025879,4384.871582,4359.230957,4500.769043,4528.077148,4512.563965,4488.846191,4363.205078,4388.974121,4552.436035,4498.205078,4471.538574,4350.769043,4525.897461,4348.717773,4533.333496,4487.692383,4361.153809,4476.410156,4465.641113,2734,1,24,768,36730,,,,0,4,4,4,4,4,4,4,4,4,4,4,4,4,4,4,4,4,4,4,4,4,4,4,4,4,4,4,4,4,4,4,4,100,,,,,,,,,,,,,,,,,,,,,,,,,,,,,,,,,,,39626,0,0.019103,-0.693298,-0.720337,-0.009338,0.993285,0.038579,0.041997,20.333334,1.833333,53.666668,,,,,,,,,,,,,,,,,,,,,,,,,,,,,,,,,,,,,,,,,,,,,,,,,,,,,,,,,,,,,,,,,,,,,,,,,,,,,,,,,,,,,,,,,,,,,,,,,,,,,,,,,,,,,,,,,,,,,,,,,,,,,,,,,,,,,,,,,,,,,,,,,,,,,,,,,,,,,,,,
1764665422.321139,27434,0,4369.230957,4372.436035,4480.897461,4506.282227,4382.436035,4498.077148,4519.102539,4379.358887,4559.871582,4372.94873,4506.153809,4502.436035,4560.384766,4387.692383,4366.025879,4507.563965,4533.205078,4520.128418,4494.743652,4367.692383,4388.717773,4553.974121,4497.94873,4474.615234,4351.410156,4529.487305,4353.461426,4536.025879,4489.358887,4364.358887,4481.922852,4472.307617,1889,1,24,1024,36737,,,,0,4,4,4,4,4,4,4,4,4,4,4,4,4,4,4,4,4,4,4,4,4,4,4,4,4,4,4,4,4,4,4,4,100,,,,,,,,,,,,,,,,,,,,,,,,,,,,,,,,,,,,,,,,,,,,,,,,,,,,,,,,,,,,,,,,,,,,,,,,,,,,,,,,,,,,,,,,,,,,,,,,,,,,,,,,,,,,,,,,,,,,,,,,,,,,,,,,,,,,,,,,,,,,,,,,,,,,,,,,,,,,,,,,,,,,,,,,,,,,,,,,,,,,,,,,,,,,,,,,,,,,,,,,,,,,,,
1764665422.325045,27435,0,4371.794922,4376.538574,4491.410156,4508.974121,4386.538574,4504.102539,4517.94873,4382.820313,4566.282227,4375.769043,4509.358887,4508.077148,4564.743652,4389.102539,4373.077148,4510,4539.358887,4528.077148,4499.358887,4371.922852,4388.333496,4556.410156,4499.358887,4479.743652,4359.615234,4535.384766,4358.846191,4539.615234,4492.436035,4370.384766,4489.487305,4480.384766,2715,1,24,1024,36737,,,,0,4,4,4,4,4,4,4,4,4,4,4,4,4,4,4,4,4,4,4,4,4,4,4,4,4,4,4,4,4,4,4,4,100,,,,,,,,,,,,,,,,,,,,,,,,,,,,,,,,,,,,,,,,,,,,,,,,,,,,,,,,,,,,,,,,,,,,,,,,,,,,,,,,,,,,,,,,,,,,,,,,,,,,,,,,,,,,,,,,,,,,,,,,,,,,,,,,,,,,,,,,,,,,,,,,,,,,,,,,,,,,,,,,,,,,,,,,,,,,,,,,,,,,,,,,,,,,,,,,,,,,,,,,,,,,,,
1764665422.328951,27436,0,4373.461426,4378.461426,4495.128418,4511.666504,4387.307617,4507.820313,4515,4382.307617,4567.563965,4376.794922,4511.410156,4509.871582,4567.179688,4389.743652,4376.666504,4508.077148,4543.589844,4533.589844,4500.512695,4373.846191,4386.794922,4557.692383,4501.153809,4483.846191,4371.025879,4540.256348,4361.153809,4541.666504,4495.128418,4375,4494.230957,4484.743652,2501,1,24,1280,36745,,,,0,4,4,4,4,4,4,4,4,4,4,4,4,4,4,4,4,4,4,4,4,4,4,4,4,4,4,4,4,4,4,4,4,100,,,,,,,,,,,,,,,,,,,,,,,,,,,,,,,,,,,,,,,,,,,,,,,,,,,,,,,,,,,,,,,,,,,,,,,,,,,,,,,,,,,,,,,,,,,,,,,,,,,,,,,,,,,,,,,,,,,,,,,,,,,,,,,,,,,,,,,,,,,,,,,,,,,,,,,,,,,,,,,,,,,,,,,,,,,,,,,,,,,,,,,,,,,,,,,,,,,,,,,,,,,,,,
1764665422.332856,27437,0,4375.128418,4379.102539,4492.436035,4513.589844,4387.436035,4509.358887,4514.102539,4380.769043,4564.358887,4378.205078,4512.94873,4508.589844,4567.436035,4391.666504,4376.922852,4505.897461,4544.487305,4536.025879,4498.589844,4373.589844,4384.743652,4557.436035,4502.94873,4486.025879,4381.538574,4543.077148,4361.025879,4542.179688,4497.05127,4377.307617,4495.256348,4484.358887,2219,1,24,1280,36745,,,,0,4,4,4,4,4,4,4,4,4,4,4,4,4,4,4,4,4,4,4,4,4,4,4,4,4,4,4,4,4,4,4,4,100,,,,,,,,,,,,,,,,,,,,,,,,,,,,,,,,,,,39627,0,0.019043,-0.693298,-0.720337,-0.00946,0.993285,0.038579,0.041997,18.333334,-0.333333,53.666668,,,,,,,,,,,,,,,,,,,,,,,,,,,,,,,,,,,,,,,,,,,,,,,,,,,,,,,,,,,,,,,,,,,,,,,,,,,,,,,,,,,,,,,,,,,,,,,,,,,,,,,,,,,,,,,,,,,,,,,,,,,,,,,,,,,,,,,,,,,,,,,,,,,,,,,,,,,,,,,,
1764665422.336762,27438,0,4376.922852,4380.128418,4490,4515.384766,4390,4509.743652,4517.563965,4382.307617,4561.538574,4381.153809,4514.615234,4506.282227,4565.641113,4395.384766,4375.641113,4506.153809,4542.563965,4535.769043,4494.871582,4372.05127,4382.820313,4556.666504,4504.358887,4486.282227,4388.461426,4544.743652,4361.025879,4542.307617,4498.205078,4378.846191,4495,4482.436035,2727,1,24,1536,36753,,,,0,4,4,4,4,4,4,4,4,4,4,4,4,4,4,4,4,4,4,4,4,4,4,4,4,4,4,4,4,4,4,4,4,100,,,,,,,,,,,,,,,,,,,,,,,,,,,,,,,,,,,,,,,,,,,,,,,,,,,,,,,,,,,,,,,,,,,,,,,,,,,,,,,,,,,,,,,,,,,,,,,,,,,,,,,,,,,,,,,,,,,,,,,,,,,,,,,,,,,,,,,,,,,,,,,,,,,,,,,,,,,,,,,,,,,,,,,,,,,,,,,,,,,,,,,,,,,,,,,,,,,,,,,,,,,,,,
1764665422.340668,27439,0,4377.563965,4381.666504,4492.307617,4517.94873,4394.230957,4508.205078,4522.820313,4386.666504,4561.410156,4383.461426,4514.743652,4503.846191,4562.307617,4398.333496,4373.846191,4507.436035,4538.205078,4532.179688,4490.512695,4369.615234,4380.512695,4555.641113,4503.974121,4484.358887,4390.641113,4546.025879,4362.179688,4542.436035,4498.589844,4381.282227,4495.641113,4481.410156,2507,1,24,1536,36753,,,,0,4,4,4,4,4,4,4,4,4,4,4,4,4,4,4,4,4,4,4,4,4,4,4,4,4,4,4,4,4,4,4,4,100,,,,,,,,,,,,,,,,,,,,,,,,,,,,,,,,,,,,,,,,,,,,,,,,,,,,,,,,,,,,,,,,,,,,,,,,,,,,,,,,,,,,,,,,,,,,,,,,,,,,,,,,,,,,,,,,,,,,,,,,,,,,,,,,,,,,,,,,,,,,,,,,,,,,,,,,,,,,,,,,,,,,,,,,,,,,,,,,,,,,,,,,,,,,,,,,,,,,,,,,,,,,,,
1764665422.344574,27440,0,4375.641113,4381.794922,4498.461426,4521.025879,4397.179688,4504.487305,4525.641113,4390.256348,4562.563965,4381.538574,4510.384766,4500.512695,4557.820313,4396.794922,4371.538574,4506.410156,4531.410156,4525.384766,4485.897461,4365.512695,4376.666504,4553.461426,4501.282227,4479.358887,4389.487305,4547.179688,4363.205078,4541.153809,4497.436035,4383.846191,4497.94873,4482.307617,2881,1,24,1792,36761,,,,0,4,4,4,4,4,4,4,4,4,4,4,4,4,4,4,4,4,4,4,4,4,4,4,4,4,4,4,4,4,4,4,4,100,,,,,,,,,,,,,,,,,,,,,,,,,,,,,,,,,,,,,,,,,,,,,,,,,,,,,,,,,,,,,,,,,,,,,,,,,,,,,,,,,,,,,,,,,,,,,,,,,,,,,,,,,,,,,,,,,,,,,,,,,,,,,,,,,,,,,,,,,,,,,,,,,,,,,,,,,,,,,,,,,,,,,,,,,,,,,,,,,,,,,,,,,,,,,,,,,,,,,,,,,,,,,,
1764665422.348480,27441,0,4371.538574,4380.512695,4503.846191,4523.589844,4397.05127,4499.743652,4524.102539,4389.487305,4562.179688,4375.897461,4502.307617,4496.410156,4553.589844,4390.256348,4368.846191,4502.179688,4523.974121,4518.205078,4482.563965,4361.282227,4372.05127,4550.641113,4497.436035,4472.94873,4388.205078,4548.846191,4364.230957,4538.461426,4495.384766,4385.512695,4501.666504,4484.871582,2935,1,24,1792,36761,,,,0,4,4,4,4,4,4,4,4,4,4,4,4,4,4,4,4,4,4,4,4,4,4,4,4,4,4,4,4,4,4,4,4,100,,,,,,,,,,,,,,,,,,,,,,,,,,,,,,,,,,,39628,0,0.019013,-0.693298,-0.720337,-0.009521,0.996215,0.034184,0.040532,20,0.333333,54.5,,,,,,,,,,,,,,,,,,,,,,,,,,,,,,,,,,,,,,,,,,,,,,,,,,,,,,,,,,,,,,,,,,,,,,,,,,,,,,,,,,,,,,,,,,,,,,,,,,,,,,,,,,,,,,,,,,,,,,,,,,,,,,,,,,,,,,,,,,,,,,,,,,,,,,,,,,,,,,,,
1764665422.352385,27442,0,4368.333496,4379.487305,4505.256348,4524.487305,4394.871582,4496.922852,4520.384766,4385,4559.487305,4370.897461,4494.358887,4493.333496,4551.538574,4382.05127,4367.307617,4497.436035,4519.615234,4515.256348,4482.820313,4359.743652,4369.743652,4548.717773,4495.512695,4469.102539,4389.871582,4552.179688,4366.538574,4536.666504,4493.846191,4386.282227,4506.538574,4489.487305,1777,1,24,2048,36769,,,,0,4,4,4,4,4,4,4,4,4,4,4,4,4,4,4,4,4,4,4,4,4,4,4,4,4,4,4,4,4,4,4,4,100,,,,,,,,,,,,,,,,,,,,,,,,,,,,,,,,,,,,,,,,,,,,,,,,,,,,,,,,,,,,,,,,,,,,,,,,,,,,,,,,,,,,,,,,,,,,,,,,,,,,,,,,,,,,,,,,,,,,,,,,,,,,,,,,,,,,,,,,,,,,,,,,,,,,,,,,,,,,,,,,,,,,,,,,,,,,,,,,,,,,,,,,,,,,,,,,,,,,,,,,,,,,,,
1764665422.356291,27443,0,4367.94873,4380.384766,4502.436035,4523.205078,4392.692383,4497.05127,4518.077148,4379.871582,4556.025879,4370.641113,4490.769043,4493.077148,4552.179688,4376.794922,4368.333496,4495.512695,4521.025879,4518.333496,4487.436035,4362.692383,4372.05127,4549.487305,4496.410156,4470.641113,4393.974121,4556.794922,4371.282227,4538.589844,4493.846191,4387.05127,4511.538574,4495.128418,2954,1,24,2048,36769,,,,0,4,4,4,4,4,4,4,4,4,4,4,4,4,4,4,4,4,4,4,4,4,4,4,4,4,4,4,4,4,4,4,4,100,,,,,,,,,,,,,,,,,,,,,,,,,,,,,,,,,,,,,,,,,,,,,,,,,,,,,,,,,,,,,,,,,,,,,,,,,,,,,,,,,,,,,,,,,,,,,,,,,,,,,,,,,,,,,,,,,,,,,,,,,,,,,,,,,,,,,,,,,,,,,,,,,,,,,,,,,,,,,,,,,,,,,,,,,,,,,,,,,,,,,,,,,,,,,,,,,,,,,,,,,,,,,,
1764665422.360197,27444,0,4369.615234,4382.307617,4497.05127,4520,4391.025879,4498.333496,4518.077148,4376.410156,4553.974121,4374.358887,4492.179688,4494.615234,4553.205078,4376.538574,4371.666504,4497.05127,4526.922852,4524.230957,4493.717773,4368.589844,4377.436035,4552.820313,4498.717773,4476.153809,4396.794922,4560.256348,4376.410156,4543.717773,4494.358887,4387.436035,4514.487305,4498.974121,2550,1,24,2304,36776,,,,0,4,4,4,4,4,4,4,4,4,4,4,4,4,4,4,4,4,4,4,4,4,4,4,4,4,4,4,4,4,4,4,4,100,,,,,,,,,,,,,,,,,,,,,,,,,,,,,,,,,,,,,,,,,,,,,,,,,,,,,,,,,,,,,,,,,,,,,,,,,,,,,,,,,,,,,,,,,,,,,,,,,,,,,,,,,,,,,,,,,,,,,,,,,,,,,,,,,,,,,,,,,,,,,,,,,,,,,,,,,,,,,,,,,,,,,,,,,,,,,,,,,,,,,,,,,,,,,,,,,,,,,,,,,,,,,,
1764665422.364103,27445,0,4370.128418,4382.179688,4490.769043,4515.897461,4388.589844,4497.307617,4517.94873,4374.487305,4553.333496,4377.179688,4495.641113,4494.358887,4551.410156,4378.846191,4375.256348,4499.358887,4532.05127,4527.179688,4497.05127,4372.820313,4381.410156,4555.897461,4499.358887,4480.641113,4394.230957,4559.487305,4378.077148,4547.820313,4493.589844,4385.897461,4512.820313,4497.563965,2837,1,24,2304,36776,,,,0,4,4,4,4,4,4,4,4,4,4,4,4,4,4,4,4,4,4,4,4,4,4,4,4,4,4,4,4,4,4,4,4,100,,,,,,,,,,,,,,,,,,,,,,,,,,,,,,,,,,,39629,0,0.018982,-0.693298,-0.720337,-0.009583,0.996704,0.038091,0.042974,20,0.333333,54.5,,,,,,,,,,,,,,,,,,,,,,,,,,,,,,,,,,,,,,,,,,,,,,,,,,,,,,,,,,,,,,,,,,,,,,,,,,,,,,,,,,,,,,,,,,,,,,,,,,,,,,,,,,,,,,,,,,,,,,,,,,,,,,,,,,,,,,,,,,,,,,,,,,,,,,,,,,,,,,,,
1764665422.368008,27446,0,4366.410156,4377.307617,4484.358887,4511.153809,4383.461426,4491.410156,4513.589844,4372.179688,4552.563965,4374.358887,4497.179688,4489.487305,4545.256348,4379.871582,4376.410156,4498.846191,4530.256348,4522.820313,4494.102539,4371.153809,4380,4554.743652,4496.282227,4479.743652,4385.256348,4552.820313,4373.589844,4545.897461,4489.743652,4381.025879,4505.769043,4489.743652,2938,1,24,2560,36784,,,,0,4,4,4,4,4,4,4,4,4,4,4,4,4,4,4,4,4,4,4,4,4,4,4,4,4,4,4,4,4,4,4,4,100,,,,,,,,,,,,,,,,,,,,,,,,,,,,,,,,,,,,,,,,,,,,,,,,,,,,,,,,,,,,,,,,,,,,,,,,,,,,,,,,,,,,,,,,,,,,,,,,,,,,,,,,,,,,,,,,,,,,,,,,,,,,,,,,,,,,,,,,,,,,,,,,,,,,,,,,,,,,,,,,,,,,,,,,,,,,,,,,,,,,,,,,,,,,,,,,,,,,,,,,,,,,,,
1764665422.371914,27447,0,4358.461426,4368.205078,4478.333496,4506.025879,4375.769043,4481.538574,4504.615234,4367.692383,4550,4366.410156,4494.358887,4480.897461,4536.410156,4377.436035,4374.358887,4493.846191,4520.384766,4512.436035,4485.512695,4363.589844,4373.205078,4547.692383,4490.256348,4472.94873,4372.692383,4542.307617,4363.589844,4537.05127,4483.717773,4373.461426,4495.512695,4477.94873,2855,1,24,2560,36784,,,,0,4,4,4,4,4,4,4,4,4,4,4,4,4,4,4,4,4,4,4,4,4,4,4,4,4,4,4,4,4,4,4,4,100,,,,,,,,,,,,,,,,,,,,,,,,,,,,,,,,,,,,,,,,,,,,,,,,,,,,,,,,,,,,,,,,,,,,,,,,,,,,,,,,,,,,,,,,,,,,,,,,,,,,,,,,,,,,,,,,,,,,,,,,,,,,,,,,,,,,,,,,,,,,,,,,,,,,,,,,,,,,,,,,,,,,,,,,,,,,,,,,,,,,,,,,,,,,,,,,,,,,,,,,,,,,,,
1764665422.375820,27448,0,4349.487305,4358.974121,4473.461426,4501.794922,4368.333496,4471.538574,4495.384766,4362.179688,4546.666504,4358.974121,4488.461426,4472.563965,4528.846191,4373.077148,4371.410156,4486.794922,4508.333496,4502.179688,4476.538574,4355,4365.897461,4537.820313,4484.743652,4465.384766,4362.563965,4532.94873,4353.077148,4525.256348,4478.205078,4366.282227,4486.410156,4467.307617,2770,1,24,1280,36792,,,,0,4,4,4,4,4,4,4,4,4,4,4,4,4,4,4,4,4,4,4,4,4,4,4,4,4,4,4,4,4,4,4,4,100,,,,,,,,,,,,,,,,,,,,,,,,,,,,,,,,,,,,,,,,,,,,,,,,,,,,,,,,,,,,,,,,,,,,,,,,,,,,,,,,,,,,,,,,,,,,,,,,,,,,,,,,,,,,,,,,,,,,,,,,,,,,,,,,,,,,,,,,,,,,,,,,,,,,,,,,,,,,,,,,,,,,,,,,,,,,,,,,,,,,,,,,,,,,,,,,,,,,,,,,,,,,,,
1764665422.379726,27449,0,4345.128418,4355.128418,4471.922852,4501.153809,4366.282227,4467.436035,4492.692383,4360,4545.384766,4359.230957,4484.743652,4470,4527.436035,4370.897461,4371.153809,4482.692383,4503.333496,4499.487305,4473.205078,4352.563965,4364.615234,4532.563965,4484.230957,4463.205078,4361.282227,4530.641113,4349.230957,4518.717773,4476.538574,4364.487305,4484.230957,4463.846191,2837,1,24,1280,36792,,,,0,4,4,4,4,4,4,4,4,4,4,4,4,4,4,4,4,4,4,4,4,4,4,4,4,4,4,4,4,4,4,4,4,100,,,,,,,,,,,,,,,,,,,,,,,,,,,,,,,,,,,39630,0,0.018951,-0.693298,-0.720337,-0.009644,1.001099,0.038579,0.035649,19.166666,0.666667,54.166668,,,,,,,,,,,,,,,,,,,,,,,,,,,,,,,,,,,,,,,,,,,,,,,,,,,,,,,,,,,,,,,,,,,,,,,,,,,,,,,,,,,,,,,,,,,,,,,,,,,,,,,,,,,,,,,,,,,,,,,,,,,,,,,,,,,,,,,,,,,,,,,,,,,,,,,,,,,,,,,,
1764665422.383632,27450,0,4350.256348,4361.025879,4476.410156,4506.666504,4373.333496,4472.94873,4500.256348,4366.153809,4549.743652,4370.384766,4488.205078,4476.538574,4534.743652,4374.487305,4376.153809,4485.256348,4511.025879,4507.820313,4478.589844,4360.256348,4372.94873,4538.461426,4491.666504,4470.512695,4371.794922,4538.461426,4356.153809,4523.589844,4480.897461,4370.512695,4491.410156,4470.128418,1946,1,24,1280,36800,,,,0,4,4,4,4,4,4,4,4,4,4,4,4,4,4,4,4,4,4,4,4,4,4,4,4,4,4,4,4,4,4,4,4,100,,,,,,,,,,,,,,,,,,,,,,,,,,,,,,,,,,,,,,,,,,,,,,,1.272293,18.17704,1.365756,1.414471,1.117804,2.582445,18.005825,1.507192,1.90886,1.381169,2.718483,13.105049,1.361101,1.974363,1.475952,1.354789,9.139993,1.133793,1.540195,1.446016,2.282961,13.693231,1.336177,1.395606,1.349361,1.458255,16.979481,1.279239,1.234076,1.082472,1.530541,13.86328,1.258347,1.450586,1.190172,1.573383,10.67444,1.029601,1.102296,1.405795,1.172297,4.637895,0.732328,1.59589,1.587288,0.96734,6.468428,1.42948,2.106211,1.858536,1.163864,4.470685,0.319614,0.658486,0.908324,1.321118,16.985991,1.363559,1.13268,1.184548,0.854541,8.946456,1.213732,0.959737,0.943455,0.325785,1.097403,0.344935,0.600337,0.780975,0.583128,2.210934,0.505619,1.36797,1.151656,0.274677,3.153555,1.056324,0.881392,0.705304,2.230538,21.99873,2.638495,2.049169,1.426512,0.956837,4.642519,1.691215,1.865603,1.581577,0.800221,3.40235,1.112,1.138543,1.001742,0.989372,5.850592,0.629205,1.421269,1.072232,1.790985,6.456641,1.042517,1.628251,1.312628,2.215282,10.517637,2.243632,2.036519,1.223125,1.637361,13.921585,1.347832,1.32631,1.230186,1.985645,4.603056,1.417434,1.910127,1.345971,1.778548,3.866134,1.619801,2.66744,2.007991,2.035735,3.717807,1.30503,1.349469,0.909743,2.643247,11.4257,1.450316,2.018707,1.408018,2.143902,13.740079,1.286054,2.04123,1.244009,1.035975,9.713833,0.539218,1.053261,0.675586,2.989951,13.879056,1.267981,1.7201,1.229468,2.008318,9.158838,1.657,2.126011,1.237532,2.415713,11.583508,1.40042,1.687056,1.368621
1764665422.387537,27451,0,4364.487305,4375.769043,4488.077148,4518.461426,4388.717773,4487.05127,4515.897461,4381.410156,4560.769043,4387.94873,4499.487305,4490.769043,4549.358887,4383.846191,4385.641113,4493.974121,4529.102539,4523.846191,4491.282227,4376.153809,4388.846191,4555.256348,4505.897461,4485.384766,4389.871582,4554.358887,4372.436035,4540,4490.512695,4383.717773,4506.025879,4484.615234,2644,1,24,1280,36800,,,,0,4,4,4,4,4,4,4,4,4,4,4,4,4,4,4,4,4,4,4,4,4,4,4,4,4,4,4,4,4,4,4,4,100,,,,,,,,,,,,,,,,,,,,,,,,,,,,,,,,,,,,,,,,,,,,,,,,,,,,,,,,,,,,,,,,,,,,,,,,,,,,,,,,,,,,,,,,,,,,,,,,,,,,,,,,,,,,,,,,,,,,,,,,,,,,,,,,,,,,,,,,,,,,,,,,,,,,,,,,,,,,,,,,,,,,,,,,,,,,,,,,,,,,,,,,,,,,,,,,,,,,,,,,,,,,,,
1764665422.391443,27452,0,4381.922852,4393.333496,4503.333496,4532.436035,4405.897461,4503.461426,4533.205078,4399.871582,4574.615234,4402.692383,4514.230957,4506.794922,4565.769043,4395,4394.743652,4504.230957,4549.358887,4540.256348,4506.025879,4393.077148,4406.538574,4575.897461,4521.153809,4501.794922,4406.153809,4571.025879,4390.256348,4560.512695,4501.153809,4399.358887,4521.666504,4501.153809,2704,1,24,1280,36808,,,,0,4,4,4,4,4,4,4,4,4,4,4,4,4,4,4,4,4,4,4,4,4,4,4,4,4,4,4,4,4,4,4,4,100,,,,,,,,,,,,,,,,,,,,,,,,,,,,,,,,,,,,,,,,,,,,,,,,,,,,,,,,,,,,,,,,,,,,,,,,,,,,,,,,,,,,,,,,,,,,,,,,,,,,,,,,,,,,,,,,,,,,,,,,,,,,,,,,,,,,,,,,,,,,,,,,,,,,,,,,,,,,,,,,,,,,,,,,,,,,,,,,,,,,,,,,,,,,,,,,,,,,,,,,,,,,,,
1764665422.395349,27453,0,4394.871582,4405.641113,4515.512695,4543.077148,4416.922852,4515.128418,4545.384766,4412.820313,4585.384766,4407.563965,4525.512695,4518.077148,4577.820313,4402.307617,4398.461426,4510.769043,4563.077148,4550.128418,4517.179688,4403.846191,4419.102539,4590.512695,4531.153809,4512.94873,4412.179688,4580.384766,4401.025879,4575.512695,4508.461426,4411.025879,4531.538574,4512.692383,2540,1,24,1280,36808,,,,0,4,4,4,4,4,4,4,4,4,4,4,4,4,4,4,4,4,4,4,4,4,4,4,4,4,4,4,4,4,4,4,4,100,,,,,,,,,,,,,,,,,,,,,,,,,,,,,,,,,,,39631,0,0.019069,-0.693359,-0.720276,-0.009583,0.992797,0.034184,0.045416,18.333334,0.666667,54.5,,,,,,,,,,,,,,,,,,,,,,,,,,,,,,,,,,,,,,,,,,,,,,,,,,,,,,,,,,,,,,,,,,,,,,,,,,,,,,,,,,,,,,,,,,,,,,,,,,,,,,,,,,,,,,,,,,,,,,,,,,,,,,,,,,,,,,,,,,,,,,,,,,,,,,,,,,,,,,,,
1764665422.399255,27454,0,4398.205078,4408.717773,4519.743652,4546.282227,4417.692383,4518.589844,4548.717773,4415.128418,4588.205078,4402.436035,4528.077148,4521.410156,4582.563965,4403.077148,4394.871582,4510.897461,4565.897461,4551.410156,4521.410156,4405.128418,4422.307617,4593.974121,4532.307617,4515.897461,4406.922852,4579.102539,4401.282227,4578.717773,4509.871582,4414.358887,4532.436035,4515.641113,2670,1,24,1024,36816,,,,0,4,4,4,4,4,4,4,4,4,4,4,4,4,4,4,4,4,4,4,4,4,4,4,4,4,4,4,4,4,4,4,4,100,,,,,,,,,,,,,,,,,,,,,,,,,,,,,,,,,,,,,,,,,,,,,,,,,,,,,,,,,,,,,,,,,,,,,,,,,,,,,,,,,,,,,,,,,,,,,,,,,,,,,,,,,,,,,,,,,,,,,,,,,,,,,,,,,,,,,,,,,,,,,,,,,,,,,,,,,,,,,,,,,,,,,,,,,,,,,,,,,,,,,,,,,,,,,,,,,,,,,,,,,,,,,,
1764665422.403160,27455,0,4392.05127,4403.461426,4515.512695,4542.692383,4410,4515.384766,4544.102539,4408.077148,4582.94873,4393.846191,4522.436035,4517.94873,4581.410156,4398.589844,4386.666504,4507.05127,4559.743652,4546.410156,4519.230957,4399.230957,4417.436035,4587.94873,4525.512695,4512.179688,4396.282227,4570.641113,4393.333496,4571.666504,4506.282227,4409.487305,4527.307617,4511.153809,2835,1,24,1024,36816,,,,0,4,4,4,4,4,4,4,4,4,4,4,4,4,4,4,4,4,4,4,4,4,4,4,4,4,4,4,4,4,4,4,4,100,,,,,,,,,,,,,,,,,,,,,,,,,,,,,,,,,,,,,,,,,,,,,,,,,,,,,,,,,,,,,,,,,,,,,,,,,,,,,,,,,,,,,,,,,,,,,,,,,,,,,,,,,,,,,,,,,,,,,,,,,,,,,,,,,,,,,,,,,,,,,,,,,,,,,,,,,,,,,,,,,,,,,,,,,,,,,,,,,,,,,,,,,,,,,,,,,,,,,,,,,,,,,,
1764665422.407066,27456,0,4381.025879,4395,4507.05127,4536.025879,4399.615234,4509.871582,4535.897461,4397.820313,4573.333496,4388.846191,4513.974121,4512.179688,4577.692383,4393.077148,4379.487305,4503.974121,4550.897461,4540.256348,4513.846191,4391.025879,4408.846191,4578.333496,4515.384766,4505.769043,4389.102539,4561.794922,4383.589844,4560.897461,4500.897461,4400.641113,4521.282227,4503.717773,2772,1,24,256,36823,,,,0,4,4,4,4,4,4,4,4,4,4,4,4,4,4,4,4,4,4,4,4,4,4,4,4,4,4,4,4,4,4,4,4,100,,,,,,,,,,,,,,,,,,,,,,,,,,,,,,,,,,,,,,,,,,,,,,,,,,,,,,,,,,,,,,,,,,,,,,,,,,,,,,,,,,,,,,,,,,,,,,,,,,,,,,,,,,,,,,,,,,,,,,,,,,,,,,,,,,,,,,,,,,,,,,,,,,,,,,,,,,,,,,,,,,,,,,,,,,,,,,,,,,,,,,,,,,,,,,,,,,,,,,,,,,,,,,
1764665422.410972,27457,0,4370.769043,4388.461426,4499.230957,4530.512695,4391.666504,4505.641113,4529.743652,4390.128418,4563.974121,4390.128418,4507.94873,4507.820313,4574.615234,4390.128418,4377.307617,4504.743652,4545.128418,4536.666504,4508.974121,4384.102539,4401.410156,4570.384766,4506.922852,4499.871582,4389.871582,4557.563965,4376.410156,4552.94873,4496.666504,4392.692383,4517.94873,4496.794922,2932,1,24,256,36823,,,,0,4,4,4,4,4,4,4,4,4,4,4,4,4,4,4,4,4,4,4,4,4,4,4,4,4,4,4,4,4,4,4,4,100,,,,,,,,,,,,,,,,,,,,,,,,,,,,,,,,,,,39632,0,0.019038,-0.693359,-0.720276,-0.009644,0.999634,0.036626,0.025394,18.5,-0.166667,54.333332,,,,,,,,,,,,,,,,,,,,,,,,,,,,,,,,,,,,,,,,,,,,,,,,,,,,,,,,,,,,,,,,,,,,,,,,,,,,,,,,,,,,,,,,,,,,,,,,,,,,,,,,,,,,,,,,,,,,,,,,,,,,,,,,,,,,,,,,,,,,,,,,,,,,,,,,,,,,,,,,
1764665422.414878,27458,0,4364.615234,4385.128418,4493.333496,4527.05127,4387.692383,4503.077148,4527.563965,4386.666504,4557.563965,4394.102539,4505.897461,4505.897461,4572.563965,4390.256348,4379.358887,4507.820313,4543.717773,4535.769043,4505.769043,4378.974121,4396.538574,4565.512695,4502.563965,4494.487305,4396.025879,4557.563965,4372.563965,4549.615234,4494.102539,4387.563965,4516.282227,4491.025879,2598,1,24,256,36831,,,,0,4,4,4,4,4,4,4,4,4,4,4,4,4,4,4,4,4,4,4,4,4,4,4,4,4,4,4,4,4,4,4,4,100,,,,,,,,,,,,,,,,,,,,,,,,,,,,,,,,,,,,,,,,,,,,,,,,,,,,,,,,,,,,,,,,,,,,,,,,,,,,,,,,,,,,,,,,,,,,,,,,,,,,,,,,,,,,,,,,,,,,,,,,,,,,,,,,,,,,,,,,,,,,,,,,,,,,,,,,,,,,,,,,,,,,,,,,,,,,,,,,,,,,,,,,,,,,,,,,,,,,,,,,,,,,,,
1764665422.418783,27459,0,4362.179688,4383.077148,4488.077148,4523.717773,4385.384766,4500.512695,4527.05127,4384.871582,4554.102539,4395.384766,4505.641113,4503.974121,4570,4391.282227,4381.153809,4508.846191,4543.205078,4535.256348,4503.333496,4374.871582,4392.307617,4561.538574,4501.153809,4488.461426,4400.256348,4558.846191,4369.743652,4548.461426,4491.794922,4383.589844,4513.589844,4485.512695,2866,1,24,256,36831,,,,0,4,4,4,4,4,4,4,4,4,4,4,4,4,4,4,4,4,4,4,4,4,4,4,4,4,4,4,4,4,4,4,4,100,,,,,,,,,,,,,,,,,,,,,,,,,,,,,,,,,,,,,,,,,,,,,,,,,,,,,,,,,,,,,,,,,,,,,,,,,,,,,,,,,,,,,,,,,,,,,,,,,,,,,,,,,,,,,,,,,,,,,,,,,,,,,,,,,,,,,,,,,,,,,,,,,,,,,,,,,,,,,,,,,,,,,,,,,,,,,,,,,,,,,,,,,,,,,,,,,,,,,,,,,,,,,,
1764665422.422590,27460,0,4360.512695,4380.384766,4482.436035,4518.205078,4381.666504,4496.666504,4523.717773,4381.282227,4552.307617,4391.025879,4504.102539,4499.743652,4565.128418,4390.384766,4378.846191,4505.384766,4540.128418,4532.692383,4500.384766,4371.282227,4386.922852,4556.410156,4500.384766,4481.666504,4397.05127,4558.974121,4366.538574,4546.153809,4488.717773,4379.102539,4509.102539,4480.512695,2760,1,24,512,36839,,,,0,4,4,4,4,4,4,4,4,4,4,4,4,4,4,4,4,4,4,4,4,4,4,4,4,4,4,4,4,4,4,4,4,100,,,,,,,,,,,,,,,,,,,,,,,,,,,,,,,,,,,,,,,,,,,,,,,,,,,,,,,,,,,,,,,,,,,,,,,,,,,,,,,,,,,,,,,,,,,,,,,,,,,,,,,,,,,,,,,,,,,,,,,,,,,,,,,,,,,,,,,,,,,,,,,,,,,,,,,,,,,,,,,,,,,,,,,,,,,,,,,,,,,,,,,,,,,,,,,,,,,,,,,,,,,,,,
1764665422.426497,27461,0,4357.692383,4377.05127,4477.94873,4511.025879,4376.538574,4491.794922,4516.666504,4375.128418,4552.05127,4382.94873,4500.384766,4493.333496,4558.589844,4387.05127,4372.692383,4498.974121,4534.102539,4528.077148,4496.282227,4369.358887,4380.641113,4549.871582,4498.205078,4476.153809,4387.05127,4558.205078,4364.102539,4541.538574,4485.384766,4375,4505.256348,4477.820313,2793,1,24,512,36839,,,,0,4,4,4,4,4,4,4,4,4,4,4,4,4,4,4,4,4,4,4,4,4,4,4,4,4,4,4,4,4,4,4,4,100,,,,,,,,,,,,,,,,,,,,,,,,,,,,,,,,,,,39633,0,0.019007,-0.693359,-0.720276,-0.009705,0.99182,0.039556,0.038091,19.166666,0.333333,55.833332,,,,,,,,,,,,,,,,,,,,,,,,,,,,,,,,,,,,,,,,,,,,,,,,,,,,,,,,,,,,,,,,,,,,,,,,,,,,,,,,,,,,,,,,,,,,,,,,,,,,,,,,,,,,,,,,,,,,,,,,,,,,,,,,,,,,,,,,,,,,,,,,,,,,,,,,,,,,,,,,
1764665422.430403,27462,0,4354.487305,4375.256348,4477.307617,4505.641113,4372.820313,4487.94873,4508.846191,4369.743652,4554.358887,4375.897461,4496.025879,4487.820313,4552.563965,4382.820313,4366.025879,4493.717773,4527.436035,4523.333496,4491.282227,4369.615234,4375.256348,4544.230957,4495.512695,4474.743652,4376.666504,4558.589844,4364.871582,4537.179688,4483.717773,4373.717773,4505.641113,4479.102539,2803,1,24,768,36847,,,,0,4,4,4,4,4,4,4,4,4,4,4,4,4,4,4,4,4,4,4,4,4,4,4,4,4,4,4,4,4,4,4,4,100,,,,,,,,,,,,,,,,,,,,,,,,,,,,,,,,,,,,,,,,,,,,,,,,,,,,,,,,,,,,,,,,,,,,,,,,,,,,,,,,,,,,,,,,,,,,,,,,,,,,,,,,,,,,,,,,,,,,,,,,,,,,,,,,,,,,,,,,,,,,,,,,,,,,,,,,,,,,,,,,,,,,,,,,,,,,,,,,,,,,,,,,,,,,,,,,,,,,,,,,,,,,,,
1764665422.434310,27463,0,4353.846191,4377.563965,4482.179688,4506.410156,4374.102539,4487.820313,4505.384766,4369.871582,4559.743652,4374.230957,4493.077148,4487.05127,4550.256348,4380.256348,4362.820313,4492.436035,4523.205078,4520.256348,4487.179688,4371.538574,4372.820313,4541.794922,4493.974121,4478.589844,4372.692383,4561.538574,4370.256348,4536.922852,4485.512695,4377.05127,4511.282227,4484.102539,2990,1,24,768,36847,,,,0,4,4,4,4,4,4,4,4,4,4,4,4,4,4,4,4,4,4,4,4,4,4,4,4,4,4,4,4,4,4,4,4,100,,,,,,,,,,,,,,,,,,,,,,,,,,,,,,,,,,,,,,,,,,,,,,,,,,,,,,,,,,,,,,,,,,,,,,,,,,,,,,,,,,,,,,,,,,,,,,,,,,,,,,,,,,,,,,,,,,,,,,,,,,,,,,,,,,,,,,,,,,,,,,,,,,,,,,,,,,,,,,,,,,,,,,,,,,,,,,,,,,,,,,,,,,,,,,,,,,,,,,,,,,,,,,
1764665422.438216,27464,0,4358.077148,4384.487305,4491.538574,4514.358887,4381.794922,4493.077148,4509.487305,4377.692383,4567.05127,4379.358887,4493.589844,4492.436035,4553.205078,4381.025879,4365,4495.769043,4523.333496,4519.487305,4485.256348,4374.487305,4374.743652,4542.94873,4495.641113,4486.410156,4378.333496,4566.922852,4379.102539,4541.922852,4490.897461,4384.615234,4520.384766,4491.794922,2867,1,24,1024,36855,,,,0,4,4,4,4,4,4,4,4,4,4,4,4,4,4,4,4,4,4,4,4,4,4,4,4,4,4,4,4,4,4,4,4,100,,,,,,,,,,,,,,,,,,,,,,,,,,,,,,,,,,,,,,,,,,,,,,,,,,,,,,,,,,,,,,,,,,,,,,,,,,,,,,,,,,,,,,,,,,,,,,,,,,,,,,,,,,,,,,,,,,,,,,,,,,,,,,,,,,,,,,,,,,,,,,,,,,,,,,,,,,,,,,,,,,,,,,,,,,,,,,,,,,,,,,,,,,,,,,,,,,,,,,,,,,,,,,
1764665422.442123,27465,0,4366.666504,4394.615234,4503.589844,4526.410156,4393.846191,4503.205078,4520.128418,4390.641113,4574.230957,4390,4498.077148,4502.563965,4560,4385,4371.666504,4501.922852,4528.077148,4521.410156,4486.282227,4378.333496,4380.641113,4547.179688,4500.897461,4495.128418,4390.769043,4573.589844,4389.102539,4550.897461,4498.717773,4394.102539,4529.871582,4501.666504,2723,1,24,1024,36855,,,,0,4,4,4,4,4,4,4,4,4,4,4,4,4,4,4,4,4,4,4,4,4,4,4,4,4,4,4,4,4,4,4,4,100,,,,,,,,,,,,,,,,,,,,,,,,,,,,,,,,,,,39634,0,0.019124,-0.69342,-0.720215,-0.009644,1.001587,0.036137,0.032719,19.166666,0.333333,55,,,,,,,,,,,,,,,,,,,,,,,,,,,,,,,,,,,,,,,,,,,,,,,,,,,,,,,,,,,,,,,,,,,,,,,,,,,,,,,,,,,,,,,,,,,,,,,,,,,,,,,,,,,,,,,,,,,,,,,,,,,,,,,,,,,,,,,,,,,,,,,,,,,,,,,,,,,,,,,,
1764665422.446029,27466,0,4377.179688,4405.384766,4516.025879,4537.563965,4406.410156,4514.743652,4532.820313,4403.205078,4580.256348,4403.205078,4505,4514.230957,4567.692383,4390.256348,4380,4507.94873,4536.282227,4526.794922,4490.128418,4383.717773,4388.846191,4553.717773,4508.846191,4502.307617,4404.358887,4580.256348,4398.333496,4560.769043,4506.666504,4403.205078,4537.94873,4512.94873,1874,1,24,1280,36862,,,,0,4,4,4,4,4,4,4,4,4,4,4,4,4,4,4,4,4,4,4,4,4,4,4,4,4,4,4,4,4,4,4,4,100,,,,,,,,,,,,,,,,,,,,,,,,,,,,,,,,,,,,,,,,,,,,,,,,,,,,,,,,,,,,,,,,,,,,,,,,,,,,,,,,,,,,,,,,,,,,,,,,,,,,,,,,,,,,,,,,,,,,,,,,,,,,,,,,,,,,,,,,,,,,,,,,,,,,,,,,,,,,,,,,,,,,,,,,,,,,,,,,,,,,,,,,,,,,,,,,,,,,,,,,,,,,,,
1764665422.449936,27467,0,4385.897461,4414.230957,4526.410156,4544.743652,4415.384766,4523.333496,4543.077148,4410,4585,4414.871582,4510.897461,4523.205078,4573.077148,4393.974121,4387.436035,4511.666504,4545.512695,4535,4495.769043,4390.384766,4396.153809,4561.666504,4517.692383,4507.05127,4413.589844,4586.410156,4405.128418,4568.717773,4512.692383,4410.512695,4544.358887,4523.333496,2694,1,24,1280,36862,,,,0,4,4,4,4,4,4,4,4,4,4,4,4,4,4,4,4,4,4,4,4,4,4,4,4,4,4,4,4,4,4,4,4,100,,,,,,,,,,,,,,,,,,,,,,,,,,,,,,,,,,,,,,,,,,,,,,,,,,,,,,,,,,,,,,,,,,,,,,,,,,,,,,,,,,,,,,,,,,,,,,,,,,,,,,,,,,,,,,,,,,,,,,,,,,,,,,,,,,,,,,,,,,,,,,,,,,,,,,,,,,,,,,,,,,,,,,,,,,,,,,,,,,,,,,,,,,,,,,,,,,,,,,,,,,,,,,
1764665422.453842,27468,0,4390,4418.974121,4531.794922,4547.436035,4418.974121,4525.897461,4547.820313,4409.487305,4588.589844,4420.256348,4512.179688,4526.282227,4574.230957,4393.974121,4391.282227,4511.922852,4552.692383,4542.436035,4501.538574,4396.282227,4399.743652,4569.102539,4524.871582,4509.230957,4415.769043,4591.538574,4408.717773,4572.563965,4515.128418,4415,4548.846191,4528.974121,2482,1,24,1536,36870,,,,0,4,4,4,4,4,4,4,4,4,4,4,4,4,4,4,4,4,4,4,4,4,4,4,4,4,4,4,4,4,4,4,4,100,,,,,,,,,,,,,,,,,,,,,,,,,,,,,,,,,,,,,,,,,,,,,,,,,,,,,,,,,,,,,,,,,,,,,,,,,,,,,,,,,,,,,,,,,,,,,,,,,,,,,,,,,,,,,,,,,,,,,,,,,,,,,,,,,,,,,,,,,,,,,,,,,,,,,,,,,,,,,,,,,,,,,,,,,,,,,,,,,,,,,,,,,,,,,,,,,,,,,,,,,,,,,,
1764665422.457748,27469,0,4388.333496,4417.436035,4529.871582,4546.025879,4416.025879,4521.410156,4546.282227,4403.205078,4589.358887,4415.256348,4506.922852,4522.05127,4570.256348,4389.871582,4389.871582,4508.589844,4554.358887,4543.974121,4504.102539,4397.94873,4397.820313,4571.794922,4526.666504,4508.461426,4410.641113,4593.589844,4408.205078,4570.641113,4512.820313,4415.256348,4549.743652,4526.538574,2204,1,24,1536,36870,,,,0,4,4,4,4,4,4,4,4,4,4,4,4,4,4,4,4,4,4,4,4,4,4,4,4,4,4,4,4,4,4,4,4,100,,,,,,,,,,,,,,,,,,,,,,,,,,,,,,,,,,,39635,0,0.019124,-0.69342,-0.720215,-0.009644,1.001587,0.036137,0.032719,19,0.166667,52.166668,,,,,,,,,,,,,,,,,,,,,,,,,,,,,,,,,,,,,,,,,,,,,,,,,,,,,,,,,,,,,,,,,,,,,,,,,,,,,,,,,,,,,,,,,,,,,,,,,,,,,,,,,,,,,,,,,,,,,,,,,,,,,,,,,,,,,,,,,,,,,,,,,,,,,,,,,,,,,,,,
1764665422.461655,27470,0,4380.897461,4408.333496,4520,4540.641113,4406.794922,4511.025879,4539.358887,4393.846191,4584.743652,4399.230957,4495.897461,4512.05127,4561.410156,4382.692383,4382.563965,4501.666504,4547.692383,4536.025879,4500.641113,4392.307617,4390.128418,4566.666504,4520,4503.461426,4400.384766,4589.615234,4402.179688,4562.692383,4506.025879,4409.615234,4544.230957,4515.769043,2706,1,24,1792,36878,,,,0,4,4,4,4,4,4,4,4,4,4,4,4,4,4,4,4,4,4,4,4,4,4,4,4,4,4,4,4,4,4,4,4,100,,,,,,,,,,,,,,,,,,,,,,,,,,,,,,,,,,,,,,,,,,,,,,,,,,,,,,,,,,,,,,,,,,,,,,,,,,,,,,,,,,,,,,,,,,,,,,,,,,,,,,,,,,,,,,,,,,,,,,,,,,,,,,,,,,,,,,,,,,,,,,,,,,,,,,,,,,,,,,,,,,,,,,,,,,,,,,,,,,,,,,,,,,,,,,,,,,,,,,,,,,,,,,
1764665422.465561,27471,0,4369.102539,4393.077148,4504.743652,4531.794922,4392.692383,4497.820313,4528.589844,4383.333496,4573.333496,4377.179688,4482.436035,4500,4549.487305,4375,4371.282227,4491.922852,4534.102539,4520.641113,4491.666504,4380.512695,4379.358887,4553.974121,4505.384766,4493.717773,4388.205078,4578.077148,4390.256348,4550.256348,4496.410156,4398.461426,4531.666504,4500,2485,1,24,1792,36878,,,,0,4,4,4,4,4,4,4,4,4,4,4,4,4,4,4,4,4,4,4,4,4,4,4,4,4,4,4,4,4,4,4,4,100,,,,,,,,,,,,,,,,,,,,,,,,,,,,,,,,,,,,,,,,,,,,,,,,,,,,,,,,,,,,,,,,,,,,,,,,,,,,,,,,,,,,,,,,,,,,,,,,,,,,,,,,,,,,,,,,,,,,,,,,,,,,,,,,,,,,,,,,,,,,,,,,,,,,,,,,,,,,,,,,,,,,,,,,,,,,,,,,,,,,,,,,,,,,,,,,,,,,,,,,,,,,,,
1764665422.469468,27472,0,4357.179688,4377.179688,4489.615234,4522.179688,4378.461426,4486.794922,4517.436035,4374.871582,4559.487305,4359.487305,4472.436035,4490.256348,4539.102539,4370.256348,4361.410156,4482.94873,4519.743652,4505.641113,4482.436035,4368.205078,4370.512695,4539.871582,4489.102539,4482.179688,4379.230957,4562.563965,4375.897461,4538.205078,4488.205078,4385.641113,4516.538574,4485.641113,2857,1,24,2048,36886,,,,0,4,4,4,4,4,4,4,4,4,4,4,4,4,4,4,4,4,4,4,4,4,4,4,4,4,4,4,4,4,4,4,4,100,,,,,,,,,,,,,,,,,,,,,,,,,,,,,,,,,,,,,,,,,,,,,,,,,,,,,,,,,,,,,,,,,,,,,,,,,,,,,,,,,,,,,,,,,,,,,,,,,,,,,,,,,,,,,,,,,,,,,,,,,,,,,,,,,,,,,,,,,,,,,,,,,,,,,,,,,,,,,,,,,,,,,,,,,,,,,,,,,,,,,,,,,,,,,,,,,,,,,,,,,,,,,,
1764665422.473374,27473,0,4351.410156,4368.589844,4481.794922,4517.05127,4371.282227,4483.205078,4511.410156,4372.563965,4551.282227,4356.666504,4472.179688,4487.692383,4536.025879,4371.794922,4359.743652,4480,4512.94873,4500.512695,4479.743652,4363.461426,4369.743652,4533.846191,4480.769043,4475.384766,4378.461426,4550.897461,4366.282227,4532.563965,4485.641113,4377.820313,4507.05127,4479.615234,2909,1,24,2048,36886,,,,0,4,4,4,4,4,4,4,4,4,4,4,4,4,4,4,4,4,4,4,4,4,4,4,4,4,4,4,4,4,4,4,4,100,,,,,,,,,,,,,,,,,,,,,,,,,,,,,,,,,,,39636,0,0.019093,-0.69342,-0.720215,-0.009705,1.008424,0.029789,0.042974,19.666666,0.5,54.666668,,,,,,,,,,,,,,,,,,,,,,,,,,,,,,,,,,,,,,,,,,,,,,,,,,,,,,,,,,,,,,,,,,,,,,,,,,,,,,,,,,,,,,,,,,,,,,,,,,,,,,,,,,,,,,,,,,,,,,,,,,,,,,,,,,,,,,,,,,,,,,,,,,,,,,,,,,,,,,,,
1764665422.477281,27474,0,4356.282227,4372.820313,4485.128418,4520.641113,4375.641113,4489.743652,4514.102539,4379.487305,4556.153809,4371.922852,4483.077148,4493.333496,4543.077148,4379.871582,4369.743652,4485.384766,4518.461426,4509.487305,4486.282227,4370.769043,4379.230957,4541.025879,4485.769043,4478.717773,4387.307617,4549.743652,4367.179688,4536.666504,4490,4380,4508.974121,4484.615234,1760,1,24,2304,36894,,,,0,4,4,4,4,4,4,4,4,4,4,4,4,4,4,4,4,4,4,4,4,4,4,4,4,4,4,4,4,4,4,4,4,100,,,,,,,,,,,,,,,,,,,,,,,,,,,,,,,,,,,,,,,,,,,,,,,,,,,,,,,,,,,,,,,,,,,,,,,,,,,,,,,,,,,,,,,,,,,,,,,,,,,,,,,,,,,,,,,,,,,,,,,,,,,,,,,,,,,,,,,,,,,,,,,,,,,,,,,,,,,,,,,,,,,,,,,,,,,,,,,,,,,,,,,,,,,,,,,,,,,,,,,,,,,,,,
1764665422.481187,27475,0,4368.974121,4386.666504,4497.05127,4532.307617,4388.974121,4502.94873,4524.487305,4393.077148,4572.436035,4396.538574,4499.102539,4503.461426,4556.153809,4390.897461,4386.666504,4495.769043,4533.717773,4527.307617,4498.461426,4386.025879,4394.102539,4557.820313,4500.384766,4490.769043,4400.256348,4558.461426,4377.05127,4547.563965,4498.333496,4391.025879,4520.897461,4496.666504,2929,1,24,2304,36894,,,,0,4,4,4,4,4,4,4,4,4,4,4,4,4,4,4,4,4,4,4,4,4,4,4,4,4,4,4,4,4,4,4,4,100,,,,,,,,,,,,,,,,,,,,,,,,,,,,,,,,,,,,,,,,,,,,,,,,,,,,,,,,,,,,,,,,,,,,,,,,,,,,,,,,,,,,,,,,,,,,,,,,,,,,,,,,,,,,,,,,,,,,,,,,,,,,,,,,,,,,,,,,,,,,,,,,,,,,,,,,,,,,,,,,,,,,,,,,,,,,,,,,,,,,,,,,,,,,,,,,,,,,,,,,,,,,,,
1764665422.485094,27476,0,4380.769043,4400.897461,4509.358887,4544.871582,4402.307617,4515.128418,4536.025879,4404.743652,4590.641113,4415.384766,4510.256348,4511.153809,4567.05127,4399.230957,4400.641113,4503.974121,4548.974121,4542.94873,4508.717773,4399.743652,4405.769043,4573.333496,4514.102539,4503.077148,4408.846191,4569.358887,4388.077148,4557.692383,4505,4402.820313,4533.974121,4507.307617,2525,1,24,1280,36901,,,,0,4,4,4,4,4,4,4,4,4,4,4,4,4,4,4,4,4,4,4,4,4,4,4,4,4,4,4,4,4,4,4,4,100,,,,,,,,,,,,,,,,,,,,,,,,,,,,,,,,,,,,,,,,,,,,,,,,,,,,,,,,,,,,,,,,,,,,,,,,,,,,,,,,,,,,,,,,,,,,,,,,,,,,,,,,,,,,,,,,,,,,,,,,,,,,,,,,,,,,,,,,,,,,,,,,,,,,,,,,,,,,,,,,,,,,,,,,,,,,,,,,,,,,,,,,,,,,,,,,,,,,,,,,,,,,,,
1764665422.489000,27477,0,4384.230957,4406.794922,4514.615234,4549.871582,4407.05127,4519.487305,4541.922852,4407.563965,4600,4417.820313,4510.641113,4512.436035,4569.743652,4401.410156,4403.333496,4504.871582,4555.256348,4548.205078,4511.666504,4403.333496,4408.717773,4578.717773,4518.717773,4508.077148,4407.94873,4574.102539,4392.307617,4560.512695,4506.538574,4407.563965,4539.487305,4510.641113,2812,1,24,1280,36901,,,,0,4,4,4,4,4,4,4,4,4,4,4,4,4,4,4,4,4,4,4,4,4,4,4,4,4,4,4,4,4,4,4,4,100,,,,,,,,,,,,,,,,,,,,,,,,,,,,,,,,,,,39637,0,0.019209,-0.693481,-0.720154,-0.009644,0.99768,0.035649,0.035649,19.666666,0.5,54.666668,,,,,,,,,,,,,,,,,,,,,,,,,,,,,,,,,,,,,,,,,,,,,,,,,,,,,,,,,,,,,,,,,,,,,,,,,,,,,,,,,,,,,,,,,,,,,,,,,,,,,,,,,,,,,,,,,,,,,,,,,,,,,,,,,,,,,,,,,,,,,,,,,,,,,,,,,,,,,,,,
1764665422.492907,27478,0,4379.230957,4403.333496,4511.410156,4544.487305,4402.179688,4515.897461,4539.871582,4400.897461,4596.538574,4406.282227,4502.563965,4509.743652,4565.512695,4399.102539,4395.384766,4499.487305,4550.641113,4543.974121,4508.461426,4397.179688,4405.128418,4574.743652,4514.487305,4505,4399.871582,4570.897461,4388.589844,4556.282227,4503.461426,4403.461426,4535.128418,4507.05127,2907,1,24,256,36909,,,,0,4,4,4,4,4,4,4,4,4,4,4,4,4,4,4,4,4,4,4,4,4,4,4,4,4,4,4,4,4,4,4,4,100,,,,,,,,,,,,,,,,,,,,,,,,,,,,,,,,,,,,,,,,,,,,,,,,,,,,,,,,,,,,,,,,,,,,,,,,,,,,,,,,,,,,,,,,,,,,,,,,,,,,,,,,,,,,,,,,,,,,,,,,,,,,,,,,,,,,,,,,,,,,,,,,,,,,,,,,,,,,,,,,,,,,,,,,,,,,,,,,,,,,,,,,,,,,,,,,,,,,,,,,,,,,,,
1764665422.496813,27479,0,4371.922852,4396.025879,4504.487305,4533.205078,4394.487305,4509.230957,4533.846191,4390.641113,4585.384766,4392.94873,4493.974121,4507.94873,4560.256348,4396.538574,4384.743652,4494.230957,4541.410156,4537.692383,4504.615234,4388.974121,4401.538574,4568.974121,4507.94873,4499.871582,4391.410156,4564.615234,4382.179688,4551.025879,4499.615234,4395.384766,4526.025879,4501.410156,2827,1,24,256,36909,,,,0,4,4,4,4,4,4,4,4,4,4,4,4,4,4,4,4,4,4,4,4,4,4,4,4,4,4,4,4,4,4,4,4,100,,,,,,,,,,,,,,,,,,,,,,,,,,,,,,,,,,,,,,,,,,,,,,,,,,,,,,,,,,,,,,,,,,,,,,,,,,,,,,,,,,,,,,,,,,,,,,,,,,,,,,,,,,,,,,,,,,,,,,,,,,,,,,,,,,,,,,,,,,,,,,,,,,,,,,,,,,,,,,,,,,,,,,,,,,,,,,,,,,,,,,,,,,,,,,,,,,,,,,,,,,,,,,
1764665422.500720,27480,0,4369.102539,4391.538574,4499.871582,4523.077148,4390.512695,4504.615234,4530.128418,4383.589844,4575.128418,4388.077148,4490.512695,4509.871582,4559.487305,4397.05127,4380,4494.615234,4535.769043,4535.769043,4504.487305,4385.641113,4402.05127,4567.436035,4505,4498.333496,4388.589844,4561.922852,4378.717773,4550.256348,4498.205078,4390,4519.615234,4498.974121,2743,1,24,256,36917,,,,0,4,4,4,4,4,4,4,4,4,4,4,4,4,4,4,4,4,4,4,4,4,4,4,4,4,4,4,4,4,4,4,4,100,,,,,,,,,,,,,,,,,,,,,,,,,,,,,,,,,,,,,,,,,,,,,,,,,,,,,,,,,,,,,,,,,,,,,,,,,,,,,,,,,,,,,,,,,,,,,,,,,,,,,,,,,,,,,,,,,,,,,,,,,,,,,,,,,,,,,,,,,,,,,,,,,,,,,,,,,,,,,,,,,,,,,,,,,,,,,,,,,,,,,,,,,,,,,,,,,,,,,,,,,,,,,,
1764665422.504626,27481,0,4371.666504,4392.05127,4499.487305,4518.589844,4392.05127,4503.846191,4531.538574,4382.436035,4571.025879,4392.563965,4492.05127,4513.077148,4563.205078,4400.384766,4383.461426,4500.256348,4536.666504,4538.846191,4507.179688,4387.05127,4404.743652,4569.743652,4506.538574,4500.384766,4392.307617,4564.487305,4380.128418,4553.717773,4499.358887,4389.743652,4519.230957,4501.025879,2810,1,24,256,36917,,,,0,4,4,4,4,4,4,4,4,4,4,4,4,4,4,4,4,4,4,4,4,4,4,4,4,4,4,4,4,4,4,4,4,100,,,,,,,,,,,,,,,,,,,,,,,,,,,,,,,,,,,39638,0,0.019178,-0.693481,-0.720154,-0.009705,0.998169,0.031742,0.036626,19.333334,0.5,54.666668,,,,,,,,,,,,,,,,,,,,,,,,,,,,,,,,,,,,,,,,,,,,,,,,,,,,,,,,,,,,,,,,,,,,,,,,,,,,,,,,,,,,,,,,,,,,,,,,,,,,,,,,,,,,,,,,,,,,,,,,,,,,,,,,,,,,,,,,,,,,,,,,,,,,,,,,,,,,,,,,
1764665422.508432,27482,0,4375.256348,4395.128418,4501.410156,4518.717773,4395.256348,4505.256348,4535,4384.871582,4572.307617,4398.974121,4493.717773,4513.589844,4567.307617,4403.205078,4390,4506.025879,4540.256348,4541.794922,4507.94873,4388.205078,4404.102539,4570.512695,4508.846191,4501.794922,4398.589844,4568.974121,4383.846191,4556.666504,4501.282227,4391.922852,4522.307617,4504.487305,1926,1,24,512,36925,,,,0,4,4,4,4,4,4,4,4,4,4,4,4,4,4,4,4,4,4,4,4,4,4,4,4,4,4,4,4,4,4,4,4,100,,,,,,,,,,,,,,,,,,,,,,,,,,,,,,,,,,,,,,,,,,,,,,,1.196392,14.69497,1.448484,1.464818,1.186164,2.28572,13.97625,1.531231,2.002448,1.497831,2.729927,9.829997,1.493778,2.110333,1.558781,1.502926,6.704935,1.14819,1.570167,1.525985,2.503117,10.292423,1.384605,1.508889,1.479726,1.355718,13.026547,1.359591,1.361085,1.175302,1.578801,11.086817,1.281994,1.660725,1.300356,1.688532,7.995185,1.083549,1.121166,1.530138,1.084559,3.293116,0.70694,1.748924,1.653713,1.134785,5.053108,1.372681,2.048006,1.934879,1.104255,3.864471,0.308557,0.801057,0.960661,1.61525,14.135281,1.499789,1.281388,1.268356,0.984218,7.890058,1.09129,1.090254,1.037154,0.319589,0.808135,0.326399,0.721528,0.864185,0.568104,1.796076,0.528426,1.505649,1.217287,0.297888,2.173571,0.913141,0.958239,0.747416,2.257503,19.332293,2.558406,2.139499,1.50046,0.993148,3.78917,1.715195,1.957636,1.666357,0.814481,3.143836,1.17406,1.152364,1.061734,0.972221,5.981425,0.681314,1.538685,1.105096,1.722527,6.305133,1.161502,1.84589,1.349906,2.275335,8.925838,2.361791,2.059498,1.294568,1.634818,12.110333,1.640892,1.504376,1.307308,1.919987,4.255497,1.721577,1.984863,1.432295,1.58909,2.915146,2.171442,2.664455,2.260021,2.02604,3.051514,1.503097,1.417289,1.000411,2.362626,9.157804,1.693524,2.173968,1.518846,2.018109,11.227431,1.437181,2.222357,1.331728,0.906419,7.679891,0.560466,1.12989,0.730183,2.5785,10.773207,1.325627,1.862221,1.326076,1.769741,7.130083,1.884646,2.250595,1.402254,2.351901,8.797202,1.487164,1.802786,1.474975
1764665422.512338,27483,0,4374.743652,4395.512695,4501.025879,4518.974121,4394.871582,4505.769043,4535.256348,4386.282227,4573.717773,4399.743652,4491.794922,4508.589844,4567.307617,4401.922852,4391.794922,4506.538574,4540.897461,4540,4504.230957,4383.846191,4396.922852,4565.128418,4507.563965,4498.077148,4400.897461,4570,4385.128418,4554.615234,4501.922852,4391.538574,4522.820313,4505.128418,2618,1,24,512,36925,,,,0,4,4,4,4,4,4,4,4,4,4,4,4,4,4,4,4,4,4,4,4,4,4,4,4,4,4,4,4,4,4,4,4,100,,,,,,,,,,,,,,,,,,,,,,,,,,,,,,,,,,,,,,,,,,,,,,,,,,,,,,,,,,,,,,,,,,,,,,,,,,,,,,,,,,,,,,,,,,,,,,,,,,,,,,,,,,,,,,,,,,,,,,,,,,,,,,,,,,,,,,,,,,,,,,,,,,,,,,,,,,,,,,,,,,,,,,,,,,,,,,,,,,,,,,,,,,,,,,,,,,,,,,,,,,,,,,
1764665422.516244,27484,0,4368.589844,4390.641113,4496.153809,4516.538574,4388.717773,4502.692383,4529.615234,4383.589844,4571.025879,4393.333496,4486.538574,4499.743652,4561.410156,4395.897461,4385.256348,4500.512695,4536.025879,4532.179688,4496.922852,4374.358887,4384.615234,4554.487305,4501.666504,4489.358887,4394.487305,4564.487305,4381.538574,4546.922852,4499.871582,4386.666504,4517.307617,4500,2679,1,24,256,36933,,,,0,4,4,4,4,4,4,4,4,4,4,4,4,4,4,4,4,4,4,4,4,4,4,4,4,4,4,4,4,4,4,4,4,100,,,,,,,,,,,,,,,,,,,,,,,,,,,,,,,,,,,,,,,,,,,,,,,,,,,,,,,,,,,,,,,,,,,,,,,,,,,,,,,,,,,,,,,,,,,,,,,,,,,,,,,,,,,,,,,,,,,,,,,,,,,,,,,,,,,,,,,,,,,,,,,,,,,,,,,,,,,,,,,,,,,,,,,,,,,,,,,,,,,,,,,,,,,,,,,,,,,,,,,,,,,,,,
1764665422.520150,27485,0,4360.512695,4382.820313,4488.717773,4512.179688,4379.871582,4497.05127,4521.025879,4377.563965,4564.487305,4384.743652,4481.538574,4491.538574,4552.179688,4387.563965,4373.333496,4491.538574,4527.820313,4522.436035,4490.384766,4364.230957,4372.692383,4543.589844,4494.358887,4479.615234,4381.153809,4555.384766,4374.871582,4537.563965,4496.282227,4380.128418,4508.333496,4491.282227,2516,1,24,256,36933,,,,0,4,4,4,4,4,4,4,4,4,4,4,4,4,4,4,4,4,4,4,4,4,4,4,4,4,4,4,4,4,4,4,4,100,,,,,,,,,,,,,,,,,,,,,,,,,,,,,,,,,,,39639,0,0.019178,-0.693481,-0.720154,-0.009705,0.998657,0.03223,0.039067,19.666666,0.5,54.666668,,,,,,,,,,,,,,,,,,,,,,,,,,,,,,,,,,,,,,,,,,,,,,,,,,,,,,,,,,,,,,,,,,,,,,,,,,,,,,,,,,,,,,,,,,,,,,,,,,,,,,,,,,,,,,,,,,,,,,,,,,,,,,,,,,,,,,,,,,,,,,,,,,,,,,,,,,,,,,,,
1764665422.524055,27486,0,4356.538574,4378.461426,4483.846191,4510.384766,4375.128418,4492.820313,4515.512695,4373.077148,4559.230957,4380.641113,4480.384766,4489.230957,4545.512695,4380.897461,4363.461426,4485,4521.666504,4516.025879,4488.205078,4359.487305,4367.05127,4538.717773,4491.025879,4474.743652,4368.717773,4549.615234,4370.769043,4533.205078,4493.589844,4377.820313,4502.94873,4485.128418,2645,1,24,256,36941,,,,0,4,4,4,4,4,4,4,4,4,4,4,4,4,4,4,4,4,4,4,4,4,4,4,4,4,4,4,4,4,4,4,4,100,,,,,,,,,,,,,,,,,,,,,,,,,,,,,,,,,,,,,,,,,,,,,,,,,,,,,,,,,,,,,,,,,,,,,,,,,,,,,,,,,,,,,,,,,,,,,,,,,,,,,,,,,,,,,,,,,,,,,,,,,,,,,,,,,,,,,,,,,,,,,,,,,,,,,,,,,,,,,,,,,,,,,,,,,,,,,,,,,,,,,,,,,,,,,,,,,,,,,,,,,,,,,,
1764665422.527961,27487,0,4360.512695,4382.820313,4486.153809,4514.871582,4379.487305,4494.358887,4517.692383,4374.743652,4560.512695,4383.589844,4484.487305,4494.871582,4546.025879,4379.358887,4361.666504,4485,4522.179688,4515.769043,4490.769043,4362.820313,4369.102539,4542.307617,4494.743652,4478.077148,4366.153809,4553.077148,4374.230957,4538.205078,4494.743652,4384.230957,4507.820313,4487.692383,2808,1,24,256,36941,,,,0,4,4,4,4,4,4,4,4,4,4,4,4,4,4,4,4,4,4,4,4,4,4,4,4,4,4,4,4,4,4,4,4,100,,,,,,,,,,,,,,,,,,,,,,,,,,,,,,,,,,,,,,,,,,,,,,,,,,,,,,,,,,,,,,,,,,,,,,,,,,,,,,,,,,,,,,,,,,,,,,,,,,,,,,,,,,,,,,,,,,,,,,,,,,,,,,,,,,,,,,,,,,,,,,,,,,,,,,,,,,,,,,,,,,,,,,,,,,,,,,,,,,,,,,,,,,,,,,,,,,,,,,,,,,,,,,
1764665422.531768,27488,0,4371.410156,4395.512695,4496.410156,4525.512695,4392.307617,4503.205078,4527.436035,4383.077148,4568.974121,4391.282227,4492.692383,4506.282227,4554.102539,4383.333496,4369.102539,4491.410156,4530.256348,4520.641113,4495.256348,4371.922852,4376.025879,4551.410156,4504.230957,4487.563965,4376.794922,4565.897461,4385.641113,4551.666504,4500.512695,4398.077148,4522.692383,4499.871582,2744,1,24,512,36948,,,,0,4,4,4,4,4,4,4,4,4,4,4,4,4,4,4,4,4,4,4,4,4,4,4,4,4,4,4,4,4,4,4,4,100,,,,,,,,,,,,,,,,,,,,,,,,,,,,,,,,,,,,,,,,,,,,,,,,,,,,,,,,,,,,,,,,,,,,,,,,,,,,,,,,,,,,,,,,,,,,,,,,,,,,,,,,,,,,,,,,,,,,,,,,,,,,,,,,,,,,,,,,,,,,,,,,,,,,,,,,,,,,,,,,,,,,,,,,,,,,,,,,,,,,,,,,,,,,,,,,,,,,,,,,,,,,,,
1764665422.535674,27489,0,4383.589844,4410.641113,4510.384766,4538.461426,4407.307617,4516.025879,4540.512695,4393.974121,4580.641113,4399.102539,4501.666504,4518.205078,4565.641113,4390.897461,4380.897461,4500.769043,4542.436035,4527.179688,4497.692383,4380.641113,4382.179688,4559.743652,4514.615234,4497.692383,4396.282227,4581.922852,4400.256348,4566.794922,4509.230957,4413.077148,4540.384766,4516.538574,2906,1,24,512,36948,,,,0,4,4,4,4,4,4,4,4,4,4,4,4,4,4,4,4,4,4,4,4,4,4,4,4,4,4,4,4,4,4,4,4,100,,,,,,,,,,,,,,,,,,,,,,,,,,,,,,,,,,,39640,0,0.019239,-0.693481,-0.720154,-0.009583,0.994262,0.0293,0.055671,18.5,0.833333,54.333332,,,,,,,,,,,,,,,,,,,,,,,,,,,,,,,,,,,,,,,,,,,,,,,,,,,,,,,,,,,,,,,,,,,,,,,,,,,,,,,,,,,,,,,,,,,,,,,,,,,,,,,,,,,,,,,,,,,,,,,,,,,,,,,,,,,,,,,,,,,,,,,,,,,,,,,,,,,,,,,,
1764665422.539581,27490,0,4391.153809,4420.384766,4521.282227,4548.205078,4417.563965,4526.282227,4550.769043,4401.922852,4589.230957,4403.589844,4507.94873,4525.769043,4574.615234,4398.077148,4390.384766,4507.436035,4551.922852,4531.153809,4495.641113,4383.205078,4382.307617,4562.05127,4520.641113,4502.692383,4414.230957,4592.94873,4410.512695,4576.282227,4516.666504,4421.410156,4551.410156,4529.230957,2575,1,24,768,36956,,,,0,4,4,4,4,4,4,4,4,4,4,4,4,4,4,4,4,4,4,4,4,4,4,4,4,4,4,4,4,4,4,4,4,100,,,,,,,,,,,,,,,,,,,,,,,,,,,,,,,,,,,,,,,,,,,,,,,,,,,,,,,,,,,,,,,,,,,,,,,,,,,,,,,,,,,,,,,,,,,,,,,,,,,,,,,,,,,,,,,,,,,,,,,,,,,,,,,,,,,,,,,,,,,,,,,,,,,,,,,,,,,,,,,,,,,,,,,,,,,,,,,,,,,,,,,,,,,,,,,,,,,,,,,,,,,,,,
1764665422.543487,27491,0,4389.743652,4419.230957,4522.94873,4549.743652,4418.461426,4527.563965,4552.692383,4402.820313,4589.743652,4402.307617,4508.846191,4526.025879,4575.897461,4400.512695,4392.05127,4507.307617,4552.692383,4529.487305,4489.102539,4377.05127,4375.256348,4556.538574,4519.102539,4499.871582,4420,4593.205078,4409.743652,4575,4518.589844,4417.820313,4549.487305,4530.769043,2841,1,24,768,36956,,,,0,4,4,4,4,4,4,4,4,4,4,4,4,4,4,4,4,4,4,4,4,4,4,4,4,4,4,4,4,4,4,4,4,100,,,,,,,,,,,,,,,,,,,,,,,,,,,,,,,,,,,,,,,,,,,,,,,,,,,,,,,,,,,,,,,,,,,,,,,,,,,,,,,,,,,,,,,,,,,,,,,,,,,,,,,,,,,,,,,,,,,,,,,,,,,,,,,,,,,,,,,,,,,,,,,,,,,,,,,,,,,,,,,,,,,,,,,,,,,,,,,,,,,,,,,,,,,,,,,,,,,,,,,,,,,,,,
1764665422.547394,27492,0,4378.717773,4406.538574,4512.820313,4541.538574,4408.846191,4517.692383,4544.230957,4395.512695,4580.897461,4395.256348,4503.333496,4517.563965,4567.820313,4395.256348,4383.717773,4499.358887,4542.179688,4520.769043,4479.871582,4364.743652,4363.205078,4545.512695,4510.128418,4490.256348,4408.974121,4582.307617,4396.282227,4562.820313,4512.436035,4402.94873,4535.641113,4518.846191,2735,1,24,1024,36964,,,,0,4,4,4,4,4,4,4,4,4,4,4,4,4,4,4,4,4,4,4,4,4,4,4,4,4,4,4,4,4,4,4,4,100,,,,,,,,,,,,,,,,,,,,,,,,,,,,,,,,,,,,,,,,,,,,,,,,,,,,,,,,,,,,,,,,,,,,,,,,,,,,,,,,,,,,,,,,,,,,,,,,,,,,,,,,,,,,,,,,,,,,,,,,,,,,,,,,,,,,,,,,,,,,,,,,,,,,,,,,,,,,,,,,,,,,,,,,,,,,,,,,,,,,,,,,,,,,,,,,,,,,,,,,,,,,,,
1764665422.551300,27493,0,4361.794922,4387.563965,4494.743652,4526.666504,4392.179688,4500.256348,4528.333496,4382.563965,4566.025879,4384.358887,4493.205078,4502.692383,4553.077148,4384.487305,4368.846191,4486.794922,4524.230957,4507.563965,4471.794922,4352.307617,4351.666504,4533.333496,4497.307617,4478.461426,4385.769043,4565.897461,4376.025879,4545.128418,4500,4383.205078,4516.538574,4498.974121,2769,1,24,1024,36964,,,,0,4,4,4,4,4,4,4,4,4,4,4,4,4,4,4,4,4,4,4,4,4,4,4,4,4,4,4,4,4,4,4,4,100,,,,,,,,,,,,,,,,,,,,,,,,,,,,,,,,,,,39641,0,0.016897,-0.693542,-0.720154,-0.009583,1.008424,0.035161,0.046392,19.5,0,55,,,,,,,,,,,,,,,,,,,,,,,,,,,,,,,,,,,,,,,,,,,,,,,,,,,,,,,,,,,,,,,,,,,,,,,,,,,,,,,,,,,,,,,,,,,,,,,,,,,,,,,,,,,,,,,,,,,,,,,,,,,,,,,,,,,,,,,,,,,,,,,,,,,,,,,,,,,,,,,,
1764665422.555207,27494,0,4345.769043,4371.153809,4477.307617,4512.563965,4375.384766,4484.230957,4512.692383,4370.384766,4551.666504,4374.102539,4482.820313,4486.538574,4538.077148,4373.974121,4355.769043,4476.282227,4507.05127,4496.538574,4468.846191,4346.410156,4346.794922,4526.410156,4486.794922,4470.769043,4363.333496,4552.820313,4359.487305,4530.641113,4487.692383,4367.692383,4502.05127,4481.025879,2777,1,24,1280,36972,,,,0,4,4,4,4,4,4,4,4,4,4,4,4,4,4,4,4,4,4,4,4,4,4,4,4,4,4,4,4,4,4,4,4,100,,,,,,,,,,,,,,,,,,,,,,,,,,,,,,,,,,,,,,,,,,,,,,,,,,,,,,,,,,,,,,,,,,,,,,,,,,,,,,,,,,,,,,,,,,,,,,,,,,,,,,,,,,,,,,,,,,,,,,,,,,,,,,,,,,,,,,,,,,,,,,,,,,,,,,,,,,,,,,,,,,,,,,,,,,,,,,,,,,,,,,,,,,,,,,,,,,,,,,,,,,,,,,
1764665422.559113,27495,0,4338.461426,4365.128418,4469.230957,4505.897461,4365.769043,4478.205078,4505.256348,4365.128418,4544.487305,4369.871582,4477.563965,4476.282227,4530.128418,4370.384766,4352.820313,4474.230957,4499.615234,4494.743652,4473.717773,4351.153809,4352.820313,4529.102539,4483.846191,4471.666504,4355.256348,4550.512695,4355.641113,4526.922852,4482.692383,4363.717773,4498.974121,4473.846191,2961,1,24,1280,36972,,,,0,4,4,4,4,4,4,4,4,4,4,4,4,4,4,4,4,4,4,4,4,4,4,4,4,4,4,4,4,4,4,4,4,100,,,,,,,,,,,,,,,,,,,,,,,,,,,,,,,,,,,,,,,,,,,,,,,,,,,,,,,,,,,,,,,,,,,,,,,,,,,,,,,,,,,,,,,,,,,,,,,,,,,,,,,,,,,,,,,,,,,,,,,,,,,,,,,,,,,,,,,,,,,,,,,,,,,,,,,,,,,,,,,,,,,,,,,,,,,,,,,,,,,,,,,,,,,,,,,,,,,,,,,,,,,,,,
1764665422.563020,27496,0,4343.333496,4371.538574,4473.974121,4509.358887,4367.436035,4484.743652,4509.743652,4369.230957,4547.563965,4374.102539,4479.743652,4476.922852,4533.205078,4376.025879,4362.563965,4482.05127,4505.769043,4504.871582,4485.769043,4365.512695,4369.615234,4541.666504,4489.871582,4481.794922,4366.538574,4560,4365.769043,4535.256348,4487.692383,4371.666504,4507.692383,4479.487305,2843,1,24,1536,36980,,,,0,4,4,4,4,4,4,4,4,4,4,4,4,4,4,4,4,4,4,4,4,4,4,4,4,4,4,4,4,4,4,4,4,100,,,,,,,,,,,,,,,,,,,,,,,,,,,,,,,,,,,,,,,,,,,,,,,,,,,,,,,,,,,,,,,,,,,,,,,,,,,,,,,,,,,,,,,,,,,,,,,,,,,,,,,,,,,,,,,,,,,,,,,,,,,,,,,,,,,,,,,,,,,,,,,,,,,,,,,,,,,,,,,,,,,,,,,,,,,,,,,,,,,,,,,,,,,,,,,,,,,,,,,,,,,,,,
1764665422.566926,27497,0,4357.436035,4384.102539,4487.179688,4519.230957,4377.563965,4498.205078,4523.077148,4379.743652,4558.589844,4384.102539,4487.436035,4487.307617,4544.487305,4387.436035,4379.743652,4494.615234,4521.538574,4522.94873,4500.256348,4383.846191,4391.922852,4558.461426,4500.641113,4496.666504,4389.102539,4575.256348,4382.692383,4549.743652,4498.717773,4385.256348,4521.538574,4492.307617,2700,1,24,1536,36980,,,,0,4,4,4,4,4,4,4,4,4,4,4,4,4,4,4,4,4,4,4,4,4,4,4,4,4,4,4,4,4,4,4,4,100,,,,,,,,,,,,,,,,,,,,,,,,,,,,,,,,,,,39642,0,0.019209,-0.693481,-0.720154,-0.009644,1.008424,0.035161,0.046392,19.166666,0.333333,54.166668,,,,,,,,,,,,,,,,,,,,,,,,,,,,,,,,,,,,,,,,,,,,,,,,,,,,,,,,,,,,,,,,,,,,,,,,,,,,,,,,,,,,,,,,,,,,,,,,,,,,,,,,,,,,,,,,,,,,,,,,,,,,,,,,,,,,,,,,,,,,,,,,,,,,,,,,,,,,,,,,
1764665422.570833,27498,0,4372.179688,4393.589844,4499.487305,4528.974121,4389.102539,4509.102539,4536.410156,4389.743652,4570.897461,4393.589844,4494.871582,4500.641113,4555.769043,4398.461426,4394.743652,4504.102539,4537.563965,4540.384766,4511.025879,4398.461426,4411.025879,4571.025879,4509.358887,4508.333496,4407.563965,4586.794922,4395,4561.282227,4508.205078,4395.512695,4531.410156,4502.563965,1853,1,24,1792,36987,,,,0,4,4,4,4,4,4,4,4,4,4,4,4,4,4,4,4,4,4,4,4,4,4,4,4,4,4,4,4,4,4,4,4,100,,,,,,,,,,,,,,,,,,,,,,,,,,,,,,,,,,,,,,,,,,,,,,,,,,,,,,,,,,,,,,,,,,,,,,,,,,,,,,,,,,,,,,,,,,,,,,,,,,,,,,,,,,,,,,,,,,,,,,,,,,,,,,,,,,,,,,,,,,,,,,,,,,,,,,,,,,,,,,,,,,,,,,,,,,,,,,,,,,,,,,,,,,,,,,,,,,,,,,,,,,,,,,
1764665422.574739,27499,0,4379.230957,4393.846191,4503.717773,4533.205078,4394.487305,4510.641113,4541.538574,4393.461426,4577.436035,4397.179688,4497.94873,4509.230957,4560.384766,4403.589844,4400.641113,4505.769043,4545.256348,4549.230957,4514.102539,4403.974121,4419.615234,4574.230957,4511.153809,4510.769043,4410,4588.846191,4395.897461,4563.974121,4510.256348,4396.922852,4532.436035,4503.974121,2675,1,24,1792,36987,,,,0,4,4,4,4,4,4,4,4,4,4,4,4,4,4,4,4,4,4,4,4,4,4,4,4,4,4,4,4,4,4,4,4,100,,,,,,,,,,,,,,,,,,,,,,,,,,,,,,,,,,,,,,,,,,,,,,,,,,,,,,,,,,,,,,,,,,,,,,,,,,,,,,,,,,,,,,,,,,,,,,,,,,,,,,,,,,,,,,,,,,,,,,,,,,,,,,,,,,,,,,,,,,,,,,,,,,,,,,,,,,,,,,,,,,,,,,,,,,,,,,,,,,,,,,,,,,,,,,,,,,,,,,,,,,,,,,
1764665422.578646,27500,0,4376.410156,4386.282227,4498.846191,4531.025879,4391.922852,4503.461426,4536.538574,4390.384766,4576.153809,4393.974121,4496.666504,4509.871582,4558.077148,4402.820313,4398.205078,4501.410156,4542.820313,4547.692383,4510.128418,4401.025879,4416.922852,4569.102539,4506.538574,4504.743652,4397.563965,4582.94873,4387.436035,4558.717773,4505.128418,4390.897461,4526.794922,4497.692383,2468,1,24,2048,36995,,,,0,4,4,4,4,4,4,4,4,4,4,4,4,4,4,4,4,4,4,4,4,4,4,4,4,4,4,4,4,4,4,4,4,100,,,,,,,,,,,,,,,,,,,,,,,,,,,,,,,,,,,,,,,,,,,,,,,,,,,,,,,,,,,,,,,,,,,,,,,,,,,,,,,,,,,,,,,,,,,,,,,,,,,,,,,,,,,,,,,,,,,,,,,,,,,,,,,,,,,,,,,,,,,,,,,,,,,,,,,,,,,,,,,,,,,,,,,,,,,,,,,,,,,,,,,,,,,,,,,,,,,,,,,,,,,,,,
1764665422.582552,27501,0,4368.461426,4377.94873,4490.769043,4526.025879,4385.384766,4494.230957,4526.666504,4384.871582,4570.128418,4387.94873,4495,4505.897461,4554.743652,4400,4393.846191,4497.179688,4535.769043,4541.025879,4504.487305,4394.358887,4408.717773,4562.436035,4501.153809,4497.05127,4382.307617,4575.641113,4378.589844,4551.922852,4497.94873,4383.974121,4521.025879,4490.384766,2193,1,24,2048,36995,,,,0,4,4,4,4,4,4,4,4,4,4,4,4,4,4,4,4,4,4,4,4,4,4,4,4,4,4,4,4,4,4,4,4,100,,,,,,,,,,,,,,,,,,,,,,,,,,,,,,,,,,,39643,0,0.019263,-0.693542,-0.720093,-0.009705,1.008424,0.040044,0.037602,19.333334,1.666667,54.333332,,,,,,,,,,,,,,,,,,,,,,,,,,,,,,,,,,,,,,,,,,,,,,,,,,,,,,,,,,,,,,,,,,,,,,,,,,,,,,,,,,,,,,,,,,,,,,,,,,,,,,,,,,,,,,,,,,,,,,,,,,,,,,,,,,,,,,,,,,,,,,,,,,,,,,,,,,,,,,,,
1764665422.586459,27502,0,4362.94873,4374.871582,4485.256348,4521.922852,4380.769043,4490,4519.871582,4381.794922,4564.358887,4384.487305,4496.153809,4502.820313,4555.897461,4399.358887,4392.820313,4497.05127,4532.05127,4536.538574,4502.179688,4389.487305,4402.179688,4560.897461,4499.743652,4494.743652,4376.025879,4572.05127,4376.410156,4549.487305,4493.461426,4381.538574,4519.615234,4486.666504,2692,1,24,2304,37003,,,,0,4,4,4,4,4,4,4,4,4,4,4,4,4,4,4,4,4,4,4,4,4,4,4,4,4,4,4,4,4,4,4,4,100,,,,,,,,,,,,,,,,,,,,,,,,,,,,,,,,,,,,,,,,,,,,,,,,,,,,,,,,,,,,,,,,,,,,,,,,,,,,,,,,,,,,,,,,,,,,,,,,,,,,,,,,,,,,,,,,,,,,,,,,,,,,,,,,,,,,,,,,,,,,,,,,,,,,,,,,,,,,,,,,,,,,,,,,,,,,,,,,,,,,,,,,,,,,,,,,,,,,,,,,,,,,,,
1764665422.590365,27503,0,4363.077148,4376.666504,4483.589844,4519.358887,4380.256348,4492.05127,4519.230957,4381.410156,4560.769043,4385.256348,4499.102539,4502.692383,4561.153809,4400.897461,4393.974121,4500.384766,4534.358887,4537.563965,4504.358887,4387.563965,4400,4565.128418,4502.179688,4498.205078,4380.641113,4572.179688,4379.743652,4550.512695,4492.307617,4383.077148,4521.025879,4485.641113,2473,1,24,2304,37003,,,,0,4,4,4,4,4,4,4,4,4,4,4,4,4,4,4,4,4,4,4,4,4,4,4,4,4,4,4,4,4,4,4,4,100,,,,,,,,,,,,,,,,,,,,,,,,,,,,,,,,,,,,,,,,,,,,,,,,,,,,,,,,,,,,,,,,,,,,,,,,,,,,,,,,,,,,,,,,,,,,,,,,,,,,,,,,,,,,,,,,,,,,,,,,,,,,,,,,,,,,,,,,,,,,,,,,,,,,,,,,,,,,,,,,,,,,,,,,,,,,,,,,,,,,,,,,,,,,,,,,,,,,,,,,,,,,,,
1764665422.594271,27504,0,4366.153809,4378.717773,4482.179688,4515.769043,4380.769043,4495.512695,4521.922852,4380.256348,4557.820313,4386.410156,4500,4502.692383,4565.256348,4401.410156,4392.436035,4502.692383,4538.846191,4541.025879,4507.05127,4385.256348,4398.974121,4569.615234,4504.487305,4501.538574,4387.692383,4571.282227,4381.666504,4550.128418,4491.538574,4383.589844,4519.487305,4482.820313,2844,1,24,2304,37011,,,,0,4,4,4,4,4,4,4,4,4,4,4,4,4,4,4,4,4,4,4,4,4,4,4,4,4,4,4,4,4,4,4,4,100,,,,,,,,,,,,,,,,,,,,,,,,,,,,,,,,,,,,,,,,,,,,,,,,,,,,,,,,,,,,,,,,,,,,,,,,,,,,,,,,,,,,,,,,,,,,,,,,,,,,,,,,,,,,,,,,,,,,,,,,,,,,,,,,,,,,,,,,,,,,,,,,,,,,,,,,,,,,,,,,,,,,,,,,,,,,,,,,,,,,,,,,,,,,,,,,,,,,,,,,,,,,,,
1764665422.598178,27505,0,4368.077148,4377.820313,4478.589844,4510.128418,4378.974121,4495.641113,4522.820313,4375.897461,4554.230957,4383.205078,4496.922852,4500.128418,4564.871582,4398.846191,4385.384766,4501.410156,4540.384766,4542.179688,4506.282227,4379.615234,4395.384766,4568.589844,4503.717773,4499.358887,4388.846191,4566.922852,4377.05127,4545.384766,4489.615234,4380.641113,4512.563965,4477.179688,2897,1,24,2304,37011,,,,0,4,4,4,4,4,4,4,4,4,4,4,4,4,4,4,4,4,4,4,4,4,4,4,4,4,4,4,4,4,4,4,4,100,,,,,,,,,,,,,,,,,,,,,,,,,,,,,,,,,,,39644,0,0.019384,-0.693542,-0.720093,-0.00946,0.993285,0.039556,0.039556,19.166666,1.166667,54.166668,,,,,,,,,,,,,,,,,,,,,,,,,,,,,,,,,,,,,,,,,,,,,,,,,,,,,,,,,,,,,,,,,,,,,,,,,,,,,,,,,,,,,,,,,,,,,,,,,,,,,,,,,,,,,,,,,,,,,,,,,,,,,,,,,,,,,,,,,,,,,,,,,,,,,,,,,,,,,,,,
1764665422.602084,27506,0,4368.205078,4376.153809,4475.769043,4505.641113,4376.153809,4494.230957,4521.282227,4371.282227,4552.436035,4376.282227,4493.077148,4497.179688,4562.436035,4395.641113,4377.307617,4498.333496,4539.102539,4539.743652,4502.692383,4372.436035,4390,4563.333496,4501.538574,4493.333496,4383.717773,4561.153809,4369.615234,4540,4488.846191,4377.05127,4504.487305,4473.205078,1751,1,24,2304,37019,,,,0,4,4,4,4,4,4,4,4,4,4,4,4,4,4,4,4,4,4,4,4,4,4,4,4,4,4,4,4,4,4,4,4,100,,,,,,,,,,,,,,,,,,,,,,,,,,,,,,,,,,,,,,,,,,,,,,,,,,,,,,,,,,,,,,,,,,,,,,,,,,,,,,,,,,,,,,,,,,,,,,,,,,,,,,,,,,,,,,,,,,,,,,,,,,,,,,,,,,,,,,,,,,,,,,,,,,,,,,,,,,,,,,,,,,,,,,,,,,,,,,,,,,,,,,,,,,,,,,,,,,,,,,,,,,,,,,
1764665422.605991,27507,0,4370.769043,4379.102539,4479.102539,4507.563965,4377.05127,4497.179688,4521.538574,4372.436035,4556.282227,4371.922852,4494.230957,4499.230957,4563.974121,4395.641113,4375.897461,4498.077148,4540.128418,4537.307617,4500.256348,4368.974121,4387.820313,4560,4503.205078,4490.384766,4379.615234,4559.615234,4367.563965,4541.153809,4492.820313,4378.717773,4502.94873,4477.307617,2918,1,24,2304,37019,,,,0,4,4,4,4,4,4,4,4,4,4,4,4,4,4,4,4,4,4,4,4,4,4,4,4,4,4,4,4,4,4,4,4,100,,,,,,,,,,,,,,,,,,,,,,,,,,,,,,,,,,,,,,,,,,,,,,,,,,,,,,,,,,,,,,,,,,,,,,,,,,,,,,,,,,,,,,,,,,,,,,,,,,,,,,,,,,,,,,,,,,,,,,,,,,,,,,,,,,,,,,,,,,,,,,,,,,,,,,,,,,,,,,,,,,,,,,,,,,,,,,,,,,,,,,,,,,,,,,,,,,,,,,,,,,,,,,
1764665422.609897,27508,0,4378.077148,4388.846191,4490.512695,4517.692383,4384.743652,4507.692383,4527.820313,4381.794922,4566.410156,4376.025879,4502.179688,4508.717773,4572.179688,4399.871582,4383.846191,4502.692383,4547.05127,4537.94873,4501.794922,4372.307617,4391.666504,4562.692383,4511.153809,4494.743652,4383.333496,4565.384766,4375.512695,4552.05127,4501.538574,4387.436035,4510.897461,4490.256348,2513,1,24,2560,37026,,,,0,4,4,4,4,4,4,4,4,4,4,4,4,4,4,4,4,4,4,4,4,4,4,4,4,4,4,4,4,4,4,4,4,100,,,,,,,,,,,,,,,,,,,,,,,,,,,,,,,,,,,,,,,,,,,,,,,,,,,,,,,,,,,,,,,,,,,,,,,,,,,,,,,,,,,,,,,,,,,,,,,,,,,,,,,,,,,,,,,,,,,,,,,,,,,,,,,,,,,,,,,,,,,,,,,,,,,,,,,,,,,,,,,,,,,,,,,,,,,,,,,,,,,,,,,,,,,,,,,,,,,,,,,,,,,,,,
1764665422.613804,27509,0,4387.179688,4401.282227,4505,4530.897461,4397.05127,4521.410156,4538.461426,4394.871582,4577.692383,4387.820313,4512.307617,4521.794922,4583.461426,4404.487305,4395.641113,4509.358887,4556.666504,4540.384766,4505.128418,4378.974121,4397.94873,4569.487305,4521.922852,4503.717773,4394.102539,4575.769043,4389.102539,4567.307617,4510.384766,4398.846191,4523.077148,4505.512695,2804,1,24,2560,37026,,,,0,4,4,4,4,4,4,4,4,4,4,4,4,4,4,4,4,4,4,4,4,4,4,4,4,4,4,4,4,4,4,4,4,100,,,,,,,,,,,,,,,,,,,,,,,,,,,,,,,,,,,39645,0,0.019384,-0.693542,-0.720093,-0.00946,0.986449,0.037602,0.042486,19,0.5,53.5,,,,,,,,,,,,,,,,,,,,,,,,,,,,,,,,,,,,,,,,,,,,,,,,,,,,,,,,,,,,,,,,,,,,,,,,,,,,,,,,,,,,,,,,,,,,,,,,,,,,,,,,,,,,,,,,,,,,,,,,,,,,,,,,,,,,,,,,,,,,,,,,,,,,,,,,,,,,,,,,
1764665422.617710,27510,0,4391.666504,4408.589844,4513.846191,4539.230957,4406.922852,4529.615234,4546.025879,4403.205078,4582.94873,4399.615234,4517.05127,4530,4590.256348,4404.102539,4401.538574,4513.077148,4562.179688,4540.384766,4505.128418,4382.307617,4400.128418,4573.846191,4528.589844,4509.743652,4404.358887,4583.333496,4398.077148,4577.307617,4513.589844,4405.128418,4530.512695,4513.846191,2906,1,24,1792,37034,,,,0,4,4,4,4,4,4,4,4,4,4,4,4,4,4,4,4,4,4,4,4,4,4,4,4,4,4,4,4,4,4,4,4,100,,,,,,,,,,,,,,,,,,,,,,,,,,,,,,,,,,,,,,,,,,,,,,,,,,,,,,,,,,,,,,,,,,,,,,,,,,,,,,,,,,,,,,,,,,,,,,,,,,,,,,,,,,,,,,,,,,,,,,,,,,,,,,,,,,,,,,,,,,,,,,,,,,,,,,,,,,,,,,,,,,,,,,,,,,,,,,,,,,,,,,,,,,,,,,,,,,,,,,,,,,,,,,
1764665422.621617,27511,0,4387.179688,4405.769043,4511.922852,4537.692383,4408.205078,4526.666504,4544.358887,4401.153809,4578.461426,4403.461426,4512.307617,4527.307617,4587.563965,4397.307617,4396.538574,4511.410156,4558.333496,4535.769043,4499.743652,4377.820313,4394.230957,4571.153809,4526.794922,4506.666504,4406.153809,4582.307617,4395,4574.743652,4508.717773,4401.794922,4527.436035,4509.871582,2822,1,24,1792,37034,,,,0,4,4,4,4,4,4,4,4,4,4,4,4,4,4,4,4,4,4,4,4,4,4,4,4,4,4,4,4,4,4,4,4,100,,,,,,,,,,,,,,,,,,,,,,,,,,,,,,,,,,,,,,,,,,,,,,,,,,,,,,,,,,,,,,,,,,,,,,,,,,,,,,,,,,,,,,,,,,,,,,,,,,,,,,,,,,,,,,,,,,,,,,,,,,,,,,,,,,,,,,,,,,,,,,,,,,,,,,,,,,,,,,,,,,,,,,,,,,,,,,,,,,,,,,,,,,,,,,,,,,,,,,,,,,,,,,
1764665422.625523,27512,0,4376.282227,4394.615234,4501.410156,4528.589844,4400.384766,4514.743652,4534.230957,4390.897461,4567.692383,4397.563965,4501.410156,4515.384766,4576.794922,4387.94873,4385.128418,4506.282227,4547.307617,4529.230957,4492.563965,4367.820313,4383.205078,4562.436035,4517.94873,4495.512695,4398.461426,4573.077148,4381.666504,4561.282227,4498.846191,4391.410156,4516.538574,4497.179688,2738,1,24,512,37042,,,,0,4,4,4,4,4,4,4,4,4,4,4,4,4,4,4,4,4,4,4,4,4,4,4,4,4,4,4,4,4,4,4,4,100,,,,,,,,,,,,,,,,,,,,,,,,,,,,,,,,,,,,,,,,,,,,,,,,,,,,,,,,,,,,,,,,,,,,,,,,,,,,,,,,,,,,,,,,,,,,,,,,,,,,,,,,,,,,,,,,,,,,,,,,,,,,,,,,,,,,,,,,,,,,,,,,,,,,,,,,,,,,,,,,,,,,,,,,,,,,,,,,,,,,,,,,,,,,,,,,,,,,,,,,,,,,,,
1764665422.629430,27513,0,4366.666504,4383.461426,4491.153809,4520,4390.256348,4503.461426,4523.461426,4380.769043,4559.102539,4387.820313,4491.922852,4502.94873,4565.128418,4383.077148,4377.179688,4502.307617,4537.179688,4526.538574,4489.615234,4359.743652,4374.871582,4554.487305,4509.487305,4483.846191,4387.692383,4562.436035,4367.820313,4546.538574,4491.410156,4382.436035,4506.153809,4486.025879,2801,1,24,512,37042,,,,0,4,4,4,4,4,4,4,4,4,4,4,4,4,4,4,4,4,4,4,4,4,4,4,4,4,4,4,4,4,4,4,4,100,,,,,,,,,,,,,,,,,,,,,,,,,,,,,,,,,,,39646,0,0.0193,-0.693481,-0.720154,-0.00946,0.999145,0.045416,0.042974,18.666666,0.333333,54.5,,,,,,,,,,,,,,,,,,,,,,,,,,,,,,,,,,,,,,,,,,,,,,,,,,,,,,,,,,,,,,,,,,,,,,,,,,,,,,,,,,,,,,,,,,,,,,,,,,,,,,,,,,,,,,,,,,,,,,,,,,,,,,,,,,,,,,,,,,,,,,,,,,,,,,,,,,,,,,,,
1764665422.633336,27514,0,4365.897461,4380.769043,4489.743652,4519.871582,4387.307617,4502.05127,4520.769043,4378.974121,4559.871582,4383.205078,4491.025879,4499.871582,4560.384766,4386.282227,4380,4502.820313,4536.025879,4531.410156,4494.230957,4360.384766,4375.769043,4553.974121,4508.589844,4479.615234,4382.563965,4558.717773,4364.615234,4541.282227,4492.436035,4382.94873,4505.128418,4486.282227,1924,1,24,256,37050,,,,0,4,4,4,4,4,4,4,4,4,4,4,4,4,4,4,4,4,4,4,4,4,4,4,4,4,4,4,4,4,4,4,4,100,1,91.666664,4,4,4,4,4,4,4,4,4,4,4,4,4,4,4,4,4,4,4,4,4,4,4,4,3,4,4,4,4,4,4,4,,,,,,,,,,,,,1.096053,11.412664,1.503177,1.523292,1.276076,2.006891,10.444411,1.506497,2.06843,1.625067,2.597035,6.839479,1.547091,2.194507,1.673408,1.605665,4.695931,1.122386,1.598403,1.62852,2.597392,7.371296,1.39362,1.613656,1.592586,1.276224,9.625976,1.351353,1.505335,1.271919,1.522572,8.502515,1.261734,1.85962,1.428339,1.657808,5.72511,1.095701,1.151576,1.66334,1.033278,2.234511,0.672361,1.910999,1.731741,1.28847,3.876447,1.331669,1.938732,2.008136,1.062282,3.32507,0.345819,0.937628,1.040046,1.846161,11.4041,1.593166,1.430388,1.369286,1.026856,6.744555,0.972477,1.262552,1.157907,0.317469,0.605228,0.369194,0.834792,0.945413,0.488787,1.417667,0.608608,1.615575,1.259358,0.326169,1.49947,0.787469,1.020431,0.78202,2.130651,16.33741,2.359997,2.238333,1.605134,0.961088,3.23871,1.67678,2.002259,1.73015,0.779546,3.024461,1.173197,1.148802,1.114645,0.894072,5.911311,0.782461,1.630211,1.187073,1.536022,6.232844,1.245481,2.056502,1.405533,2.137377,7.4533,2.312505,2.091855,1.38326,1.542251,10.342754,1.827671,1.670516,1.385982,1.73492,4.093408,1.948243,2.033182,1.527222,1.4326,2.349457,2.80324,2.57528,2.516914,1.990475,2.362981,1.667262,1.441868,1.121759,2.019914,6.987902,1.818428,2.280716,1.640889,1.80954,8.874733,1.523206,2.368812,1.431981,0.787689,5.805153,0.557519,1.180479,0.772964,2.213249,7.916657,1.328824,1.9595,1.432887,1.597482,5.313067,1.993549,2.312699,1.583863,2.263615,6.239395,1.478833,1.874663,1.582983
1764665422.637243,27515,0,4374.871582,4389.102539,4499.487305,4529.487305,4395.128418,4512.05127,4528.846191,4386.922852,4570.384766,4387.94873,4498.846191,4509.102539,4565.256348,4395.256348,4391.282227,4507.307617,4544.871582,4541.794922,4504.102539,4370.769043,4386.025879,4562.692383,4516.666504,4485.641113,4386.410156,4565.128418,4374.743652,4549.358887,4501.794922,4393.974121,4514.871582,4498.974121,2616,1,24,256,37050,,,,0,4,4,4,4,4,4,4,4,4,4,4,4,4,4,4,4,4,4,4,4,4,4,4,4,4,4,4,4,4,4,4,4,100,,,,,,,,,,,,,,,,,,,,,,,,,,,,,,,,,,,,,,,,,,,,,,,,,,,,,,,,,,,,,,,,,,,,,,,,,,,,,,,,,,,,,,,,,,,,,,,,,,,,,,,,,,,,,,,,,,,,,,,,,,,,,,,,,,,,,,,,,,,,,,,,,,,,,,,,,,,,,,,,,,,,,,,,,,,,,,,,,,,,,,,,,,,,,,,,,,,,,,,,,,,,,,
1764665422.641149,27516,0,4386.538574,4402.05127,4513.589844,4542.436035,4408.461426,4525.769043,4541.538574,4398.205078,4583.461426,4399.102539,4509.230957,4523.846191,4574.743652,4403.461426,4401.282227,4511.922852,4557.436035,4551.282227,4513.077148,4384.743652,4398.974121,4575.641113,4528.077148,4497.05127,4394.102539,4576.666504,4391.025879,4564.615234,4513.077148,4408.461426,4528.589844,4515.256348,2675,1,24,512,37058,,,,0,4,4,4,4,4,4,4,4,4,4,4,4,4,4,4,4,4,4,4,4,4,4,4,4,4,4,4,4,4,4,4,4,100,,,,,,,,,,,,,,,,,,,,,,,,,,,,,,,,,,,,,,,,,,,,,,,,,,,,,,,,,,,,,,,,,,,,,,,,,,,,,,,,,,,,,,,,,,,,,,,,,,,,,,,,,,,,,,,,,,,,,,,,,,,,,,,,,,,,,,,,,,,,,,,,,,,,,,,,,,,,,,,,,,,,,,,,,,,,,,,,,,,,,,,,,,,,,,,,,,,,,,,,,,,,,,
1764665422.645056,27517,0,4391.666504,4408.974121,4521.794922,4549.358887,4417.05127,4532.563965,4550,4403.974121,4590,4408.461426,4513.974121,4532.563965,4580.512695,4405.256348,4400.769043,4513.077148,4564.487305,4553.846191,4515.512695,4393.461426,4405.897461,4584.871582,4534.230957,4505.384766,4397.436035,4584.487305,4401.282227,4575.641113,4518.333496,4416.025879,4536.025879,4522.307617,2515,1,24,512,37058,,,,0,4,4,4,4,4,4,4,4,4,4,4,4,4,4,4,4,4,4,4,4,4,4,4,4,4,4,4,4,4,4,4,4,100,,,,,,,,,,,,,,,,,,,,,,,,,,,,,,,,,,,39647,0,0.019239,-0.693481,-0.720154,-0.009583,1.002075,0.041021,0.046392,19,-0.833333,53.5,,,,,,,,,,,,,,,,,,,,,,,,,,,,,,,,,,,,,,,,,,,,,,,,,,,,,,,,,,,,,,,,,,,,,,,,,,,,,,,,,,,,,,,,,,,,,,,,,,,,,,,,,,,,,,,,,,,,,,,,,,,,,,,,,,,,,,,,,,,,,,,,,,,,,,,,,,,,,,,,
1764665422.648962,27518,0,4385.769043,4403.717773,4517.94873,4545.128418,4413.846191,4526.538574,4548.333496,4399.615234,4586.025879,4409.102539,4510,4528.077148,4577.820313,4399.743652,4389.743652,4510.512695,4560.128418,4548.205078,4510.512695,4391.922852,4403.461426,4586.025879,4529.743652,4505,4393.077148,4582.94873,4398.205078,4574.102539,4513.846191,4410.769043,4531.282227,4513.974121,2643,1,24,768,37066,,,,0,4,4,4,4,4,4,4,4,4,4,4,4,4,4,4,4,4,4,4,4,4,4,4,4,4,4,4,4,4,4,4,4,100,,,,,,,,,,,,,,,,,,,,,,,,,,,,,,,,,,,,,,,,,,,,,,,,,,,,,,,,,,,,,,,,,,,,,,,,,,,,,,,,,,,,,,,,,,,,,,,,,,,,,,,,,,,,,,,,,,,,,,,,,,,,,,,,,,,,,,,,,,,,,,,,,,,,,,,,,,,,,,,,,,,,,,,,,,,,,,,,,,,,,,,,,,,,,,,,,,,,,,,,,,,,,,
1764665422.652869,27519,0,4372.179688,4387.94873,4503.717773,4532.820313,4400.641113,4510.641113,4538.077148,4388.077148,4575.769043,4400.384766,4500.641113,4513.461426,4568.333496,4391.153809,4376.153809,4506.666504,4546.666504,4538.717773,4502.307617,4383.205078,4395.384766,4580,4516.153809,4497.563965,4385.256348,4573.717773,4383.717773,4560.897461,4502.692383,4395.897461,4517.692383,4495.384766,2806,1,24,768,37066,,,,0,4,4,4,4,4,4,4,4,4,4,4,4,4,4,4,4,4,4,4,4,4,4,4,4,4,4,4,4,4,4,4,4,100,,,,,,,,,,,,,,,,,,,,,,,,,,,,,,,,,,,,,,,,,,,,,,,,,,,,,,,,,,,,,,,,,,,,,,,,,,,,,,,,,,,,,,,,,,,,,,,,,,,,,,,,,,,,,,,,,,,,,,,,,,,,,,,,,,,,,,,,,,,,,,,,,,,,,,,,,,,,,,,,,,,,,,,,,,,,,,,,,,,,,,,,,,,,,,,,,,,,,,,,,,,,,,
1764665422.656775,27520,0,4358.717773,4370.384766,4487.05127,4519.487305,4385,4493.205078,4525.128418,4375.897461,4566.025879,4387.692383,4491.922852,4497.94873,4558.077148,4385.128418,4369.230957,4503.974121,4532.179688,4532.179688,4496.922852,4375,4389.102539,4572.307617,4501.410156,4489.487305,4380.512695,4563.846191,4367.179688,4544.743652,4491.410156,4380.384766,4503.589844,4478.205078,2738,1,24,1024,37073,,,,0,4,4,4,4,4,4,4,4,4,4,4,4,4,4,4,4,4,4,4,4,4,4,4,4,4,4,4,4,4,4,4,4,100,,,,,,,,,,,,,,,,,,,,,,,,,,,,,,,,,,,,,,,,,,,,,,,,,,,,,,,,,,,,,,,,,,,,,,,,,,,,,,,,,,,,,,,,,,,,,,,,,,,,,,,,,,,,,,,,,,,,,,,,,,,,,,,,,,,,,,,,,,,,,,,,,,,,,,,,,,,,,,,,,,,,,,,,,,,,,,,,,,,,,,,,,,,,,,,,,,,,,,,,,,,,,,
1764665422.660682,27521,0,4352.179688,4359.615234,4475.769043,4511.282227,4374.487305,4482.94873,4516.538574,4369.102539,4561.794922,4378.717773,4488.717773,4489.871582,4552.179688,4385.256348,4372.563965,4502.820313,4524.615234,4532.05127,4497.692383,4373.589844,4389.743652,4567.820313,4493.333496,4486.794922,4381.025879,4560.384766,4357.94873,4535.256348,4485.512695,4372.307617,4496.666504,4471.666504,2899,1,24,1024,37073,,,,0,4,4,4,4,4,4,4,4,4,4,4,4,4,4,4,4,4,4,4,4,4,4,4,4,4,4,4,4,4,4,4,4,100,,,,,,,,,,,,,,,,,,,,,,,,,,,,,,,,,,,39648,0,0.016756,-0.693542,-0.720154,-0.009827,0.986937,0.033207,0.030765,19.166666,2.666667,55,,,,,,,,,,,,,,,,,,,,,,,,,,,,,,,,,,,,,,,,,,,,,,,,,,,,,,,,,,,,,,,,,,,,,,,,,,,,,,,,,,,,,,,,,,,,,,,,,,,,,,,,,,,,,,,,,,,,,,,,,,,,,,,,,,,,,,,,,,,,,,,,,,,,,,,,,,,,,,,,
1764665422.664588,27522,0,4353.846191,4359.487305,4472.820313,4509.743652,4372.436035,4482.94873,4515.769043,4369.358887,4562.820313,4377.436035,4491.538574,4491.666504,4552.692383,4390.897461,4382.307617,4502.307617,4526.666504,4536.538574,4502.563965,4379.743652,4396.025879,4568.461426,4494.743652,4491.153809,4384.358887,4564.871582,4359.615234,4536.666504,4486.922852,4373.846191,4498.589844,4476.025879,2572,1,24,1280,37081,,,,0,4,4,4,4,4,4,4,4,4,4,4,4,4,4,4,4,4,4,4,4,4,4,4,4,4,4,4,4,4,4,4,4,100,,,,,,,,,,,,,,,,,,,,,,,,,,,,,,,,,,,,,,,,,,,,,,,,,,,,,,,,,,,,,,,,,,,,,,,,,,,,,,,,,,,,,,,,,,,,,,,,,,,,,,,,,,,,,,,,,,,,,,,,,,,,,,,,,,,,,,,,,,,,,,,,,,,,,,,,,,,,,,,,,,,,,,,,,,,,,,,,,,,,,,,,,,,,,,,,,,,,,,,,,,,,,,
1764665422.668495,27523,0,4360.384766,4367.94873,4475,4512.563965,4377.05127,4490,4521.025879,4373.589844,4565.769043,4382.436035,4497.436035,4498.717773,4557.563965,4398.589844,4390.641113,4501.282227,4534.743652,4540.641113,4507.563965,4389.102539,4402.692383,4572.436035,4502.563965,4499.230957,4385.897461,4572.563965,4368.461426,4545.769043,4493.205078,4381.153809,4505.384766,4483.974121,2832,1,24,1280,37081,,,,0,4,4,4,4,4,4,4,4,4,4,4,4,4,4,4,4,4,4,4,4,4,4,4,4,4,4,4,4,4,4,4,4,100,,,,,,,,,,,,,,,,,,,,,,,,,,,,,,,,,,,,,,,,,,,,,,,,,,,,,,,,,,,,,,,,,,,,,,,,,,,,,,,,,,,,,,,,,,,,,,,,,,,,,,,,,,,,,,,,,,,,,,,,,,,,,,,,,,,,,,,,,,,,,,,,,,,,,,,,,,,,,,,,,,,,,,,,,,,,,,,,,,,,,,,,,,,,,,,,,,,,,,,,,,,,,,
1764665422.672401,27524,0,4365.897461,4377.820313,4477.307617,4515.128418,4383.589844,4497.692383,4527.436035,4377.692383,4566.922852,4387.179688,4501.666504,4504.230957,4562.563965,4404.230957,4392.05127,4499.230957,4542.179688,4540.256348,4509.358887,4395.641113,4404.871582,4576.282227,4509.871582,4505.384766,4384.230957,4576.282227,4377.05127,4555.256348,4499.743652,4387.820313,4511.025879,4486.794922,2733,1,24,1536,37089,,,,0,4,4,4,4,4,4,4,4,4,4,4,4,4,4,4,4,4,4,4,4,4,4,4,4,4,4,4,4,4,4,4,4,100,,,,,,,,,,,,,,,,,,,,,,,,,,,,,,,,,,,,,,,,,,,,,,,,,,,,,,,,,,,,,,,,,,,,,,,,,,,,,,,,,,,,,,,,,,,,,,,,,,,,,,,,,,,,,,,,,,,,,,,,,,,,,,,,,,,,,,,,,,,,,,,,,,,,,,,,,,,,,,,,,,,,,,,,,,,,,,,,,,,,,,,,,,,,,,,,,,,,,,,,,,,,,,
1764665422.676308,27525,0,4366.025879,4382.563965,4477.179688,4514.615234,4387.436035,4500.128418,4529.615234,4378.589844,4565,4385.769043,4500.128418,4503.589844,4563.333496,4404.743652,4385.512695,4496.282227,4543.205078,4535.384766,4507.692383,4395.641113,4401.538574,4576.538574,4511.410156,4505.769043,4380.897461,4572.563965,4379.487305,4558.333496,4501.666504,4388.589844,4511.922852,4482.05127,2763,1,24,1536,37089,,,,0,4,4,4,4,4,4,4,4,4,4,4,4,4,4,4,4,4,4,4,4,4,4,4,4,4,4,4,4,4,4,4,4,100,,,,,,,,,,,,,,,,,,,,,,,,,,,,,,,,,,,39649,0,0.019354,-0.693542,-0.720093,-0.009521,0.993774,0.01758,0.050299,18.666666,1.5,53.666668,,,,,,,,,,,,,,,,,,,,,,,,,,,,,,,,,,,,,,,,,,,,,,,,,,,,,,,,,,,,,,,,,,,,,,,,,,,,,,,,,,,,,,,,,,,,,,,,,,,,,,,,,,,,,,,,,,,,,,,,,,,,,,,,,,,,,,,,,,,,,,,,,,,,,,,,,,,,,,,,
1764665422.680214,27526,0,4360.128418,4379.358887,4475.769043,4510.897461,4386.282227,4495.897461,4525,4375.769043,4561.025879,4377.179688,4491.922852,4496.282227,4557.820313,4399.230957,4375,4492.692383,4536.538574,4528.974121,4504.230957,4389.358887,4395.128418,4571.666504,4505.769043,4499.743652,4378.333496,4563.974121,4374.743652,4552.692383,4497.307617,4382.94873,4508.461426,4474.358887,2769,1,24,1792,37097,,,,0,4,4,4,4,4,4,4,4,4,4,4,4,4,4,4,4,4,4,4,4,4,4,4,4,4,4,4,4,4,4,4,4,100,,,,,,,,,,,,,,,,,,,,,,,,,,,,,,,,,,,,,,,,,,,,,,,,,,,,,,,,,,,,,,,,,,,,,,,,,,,,,,,,,,,,,,,,,,,,,,,,,,,,,,,,,,,,,,,,,,,,,,,,,,,,,,,,,,,,,,,,,,,,,,,,,,,,,,,,,,,,,,,,,,,,,,,,,,,,,,,,,,,,,,,,,,,,,,,,,,,,,,,,,,,,,,
1764665422.684121,27527,0,4351.538574,4370.897461,4475.769043,4506.282227,4381.794922,4487.820313,4515.512695,4371.025879,4557.307617,4366.153809,4480.512695,4486.282227,4547.94873,4389.871582,4366.153809,4489.230957,4525.512695,4523.717773,4500.512695,4380.256348,4388.974121,4562.563965,4496.025879,4490.256348,4377.94873,4557.05127,4366.666504,4541.922852,4489.102539,4374.358887,4503.974121,4471.282227,2954,1,24,1792,37097,,,,0,4,4,4,4,4,4,4,4,4,4,4,4,4,4,4,4,4,4,4,4,4,4,4,4,4,4,4,4,4,4,4,4,100,,,,,,,,,,,,,,,,,,,,,,,,,,,,,,,,,,,,,,,,,,,,,,,,,,,,,,,,,,,,,,,,,,,,,,,,,,,,,,,,,,,,,,,,,,,,,,,,,,,,,,,,,,,,,,,,,,,,,,,,,,,,,,,,,,,,,,,,,,,,,,,,,,,,,,,,,,,,,,,,,,,,,,,,,,,,,,,,,,,,,,,,,,,,,,,,,,,,,,,,,,,,,,
1764665422.688027,27528,0,4345.769043,4363.846191,4479.102539,4503.974121,4377.436035,4481.666504,4506.794922,4367.820313,4555.897461,4360,4471.666504,4479.871582,4538.974121,4381.666504,4362.94873,4487.05127,4516.153809,4520.384766,4496.153809,4372.563965,4385,4552.563965,4487.307617,4481.922852,4378.846191,4556.666504,4361.282227,4533.205078,4481.922852,4368.461426,4502.179688,4476.025879,2838,1,24,2048,37105,,,,0,4,4,4,4,4,4,4,4,4,4,4,4,4,4,4,4,4,4,4,4,4,4,4,4,4,4,4,4,4,4,4,4,100,,,,,,,,,,,,,,,,,,,,,,,,,,,,,,,,,,,,,,,,,,,,,,,,,,,,,,,,,,,,,,,,,,,,,,,,,,,,,,,,,,,,,,,,,,,,,,,,,,,,,,,,,,,,,,,,,,,,,,,,,,,,,,,,,,,,,,,,,,,,,,,,,,,,,,,,,,,,,,,,,,,,,,,,,,,,,,,,,,,,,,,,,,,,,,,,,,,,,,,,,,,,,,
1764665422.691934,27529,0,4347.307617,4363.461426,4484.615234,4505.641113,4377.179688,4482.563965,4504.615234,4368.846191,4558.205078,4363.333496,4470.128418,4481.666504,4536.666504,4379.871582,4366.282227,4487.436035,4513.846191,4518.461426,4491.153809,4368.461426,4383.205078,4545,4484.871582,4478.589844,4379.743652,4562.436035,4362.307617,4532.307617,4481.025879,4369.358887,4504.358887,4485.256348,2693,1,24,2048,37105,,,,0,4,4,4,4,4,4,4,4,4,4,4,4,4,4,4,4,4,4,4,4,4,4,4,4,4,4,4,4,4,4,4,4,100,,,,,,,,,,,,,,,,,,,,,,,,,,,,,,,,,,,39650,0,0.019324,-0.693542,-0.720093,-0.009583,1.007936,0.050299,0.032719,18.5,-0.833333,53,,,,,,,,,,,,,,,,,,,,,,,,,,,,,,,,,,,,,,,,,,,,,,,,,,,,,,,,,,,,,,,,,,,,,,,,,,,,,,,,,,,,,,,,,,,,,,,,,,,,,,,,,,,,,,,,,,,,,,,,,,,,,,,,,,,,,,,,,,,,,,,,,,,,,,,,,,,,,,,,
1764665422.695840,27530,0,4356.666504,4370.641113,4490.128418,4511.538574,4382.179688,4491.410156,4511.153809,4374.358887,4563.205078,4375.641113,4476.282227,4491.794922,4543.333496,4386.538574,4372.94873,4490.641113,4519.615234,4517.436035,4486.153809,4367.563965,4383.205078,4542.05127,4489.487305,4480.128418,4379.487305,4569.102539,4368.717773,4539.230957,4487.307617,4376.666504,4509.102539,4491.794922,1854,1,24,2304,37112,,,,0,4,4,4,4,4,4,4,4,4,4,4,4,4,4,4,4,4,4,4,4,4,4,4,4,4,4,4,4,4,4,4,4,100,,,,,,,,,,,,,,,,,,,,,,,,,,,,,,,,,,,,,,,,,,,,,,,,,,,,,,,,,,,,,,,,,,,,,,,,,,,,,,,,,,,,,,,,,,,,,,,,,,,,,,,,,,,,,,,,,,,,,,,,,,,,,,,,,,,,,,,,,,,,,,,,,,,,,,,,,,,,,,,,,,,,,,,,,,,,,,,,,,,,,,,,,,,,,,,,,,,,,,,,,,,,,,
1764665422.699747,27531,0,4369.743652,4381.153809,4493.333496,4519.487305,4390.512695,4503.077148,4523.077148,4381.282227,4568.717773,4391.410156,4486.153809,4505.384766,4556.153809,4397.179688,4378.205078,4495.256348,4530,4516.282227,4482.436035,4366.922852,4383.461426,4542.563965,4497.94873,4483.077148,4378.077148,4571.282227,4375.897461,4548.974121,4496.922852,4385.769043,4513.461426,4491.025879,2679,1,24,2304,37112,,,,0,4,4,4,4,4,4,4,4,4,4,4,4,4,4,4,4,4,4,4,4,4,4,4,4,4,4,4,4,4,4,4,4,100,,,,,,,,,,,,,,,,,,,,,,,,,,,,,,,,,,,,,,,,,,,,,,,,,,,,,,,,,,,,,,,,,,,,,,,,,,,,,,,,,,,,,,,,,,,,,,,,,,,,,,,,,,,,,,,,,,,,,,,,,,,,,,,,,,,,,,,,,,,,,,,,,,,,,,,,,,,,,,,,,,,,,,,,,,,,,,,,,,,,,,,,,,,,,,,,,,,,,,,,,,,,,,
1764665422.703653,27532,0,4379.871582,4388.589844,4493.461426,4526.282227,4398.205078,4510.769043,4533.717773,4385.641113,4572.05127,4403.333496,4493.205078,4515.512695,4568.589844,4404.615234,4378.846191,4498.333496,4538.461426,4513.717773,4480.256348,4363.717773,4381.794922,4543.333496,4504.615234,4482.820313,4375.512695,4567.692383,4378.717773,4555.384766,4503.717773,4391.153809,4514.102539,4484.743652,2467,1,24,2560,37120,,,,0,4,4,4,4,4,4,4,4,4,4,4,4,4,4,4,4,4,4,4,4,4,4,4,4,4,4,4,4,4,4,4,4,100,,,,,,,,,,,,,,,,,,,,,,,,,,,,,,,,,,,,,,,,,,,,,,,,,,,,,,,,,,,,,,,,,,,,,,,,,,,,,,,,,,,,,,,,,,,,,,,,,,,,,,,,,,,,,,,,,,,,,,,,,,,,,,,,,,,,,,,,,,,,,,,,,,,,,,,,,,,,,,,,,,,,,,,,,,,,,,,,,,,,,,,,,,,,,,,,,,,,,,,,,,,,,,
1764665422.707560,27533,0,4382.436035,4389.102539,4491.410156,4528.589844,4401.922852,4509.871582,4536.922852,4385,4570.769043,4405.769043,4493.205078,4518.077148,4574.615234,4403.974121,4374.487305,4497.820313,4540.512695,4508.589844,4478.717773,4357.05127,4376.282227,4542.307617,4505.897461,4477.94873,4371.538574,4561.538574,4375.897461,4555.384766,4504.487305,4390.384766,4510.641113,4478.589844,2192,1,24,2560,37120,,,,0,4,4,4,4,4,4,4,4,4,4,4,4,4,4,4,4,4,4,4,4,4,4,4,4,4,4,4,4,4,4,4,4,100,,,,,,,,,,,,,,,,,,,,,,,,,,,,,,,,,,,39651,0,0.019293,-0.693542,-0.720093,-0.009644,1.007936,0.029789,0.040532,18.5,0.833333,54.666668,,,,,,,,,,,,,,,,,,,,,,,,,,,,,,,,,,,,,,,,,,,,,,,,,,,,,,,,,,,,,,,,,,,,,,,,,,,,,,,,,,,,,,,,,,,,,,,,,,,,,,,,,,,,,,,,,,,,,,,,,,,,,,,,,,,,,,,,,,,,,,,,,,,,,,,,,,,,,,,,
1764665422.711466,27534,0,4377.563965,4383.846191,4488.205078,4525.512695,4400.256348,4502.307617,4531.794922,4380.641113,4565,4398.205078,4487.05127,4513.717773,4572.94873,4396.666504,4367.94873,4494.230957,4536.282227,4502.307617,4477.307617,4348.846191,4367.563965,4540.256348,4501.922852,4471.410156,4366.282227,4557.563965,4370.512695,4550.769043,4500.128418,4385,4505.512695,4477.563965,2685,1,24,2304,37128,,,,0,4,4,4,4,4,4,4,4,4,4,4,4,4,4,4,4,4,4,4,4,4,4,4,4,4,4,4,4,4,4,4,4,100,,,,,,,,,,,,,,,,,,,,,,,,,,,,,,,,,,,,,,,,,,,,,,,,,,,,,,,,,,,,,,,,,,,,,,,,,,,,,,,,,,,,,,,,,,,,,,,,,,,,,,,,,,,,,,,,,,,,,,,,,,,,,,,,,,,,,,,,,,,,,,,,,,,,,,,,,,,,,,,,,,,,,,,,,,,,,,,,,,,,,,,,,,,,,,,,,,,,,,,,,,,,,,
1764665422.715373,27535,0,4370.897461,4378.205078,4485.512695,4519.230957,4395.769043,4495,4523.461426,4376.153809,4557.820313,4386.025879,4480.256348,4507.692383,4567.05127,4389.358887,4363.589844,4491.282227,4531.282227,4500,4477.692383,4344.358887,4360.384766,4541.153809,4498.077148,4468.974121,4362.563965,4558.589844,4367.563965,4546.538574,4495.256348,4379.615234,4502.94873,4481.922852,2472,1,24,2304,37128,,,,0,4,4,4,4,4,4,4,4,4,4,4,4,4,4,4,4,4,4,4,4,4,4,4,4,4,4,4,4,4,4,4,4,100,,,,,,,,,,,,,,,,,,,,,,,,,,,,,,,,,,,,,,,,,,,,,,,,,,,,,,,,,,,,,,,,,,,,,,,,,,,,,,,,,,,,,,,,,,,,,,,,,,,,,,,,,,,,,,,,,,,,,,,,,,,,,,,,,,,,,,,,,,,,,,,,,,,,,,,,,,,,,,,,,,,,,,,,,,,,,,,,,,,,,,,,,,,,,,,,,,,,,,,,,,,,,,
1764665422.719279,27536,0,4369.487305,4378.205078,4484.743652,4515.128418,4393.333496,4495.128418,4520.128418,4376.153809,4555,4377.94873,4479.230957,4506.282227,4563.461426,4388.846191,4365.128418,4493.846191,4532.692383,4507.179688,4483.077148,4348.077148,4360.769043,4549.487305,4500.897461,4475.512695,4364.743652,4565.128418,4370.897461,4548.717773,4494.871582,4379.871582,4506.666504,4488.846191,2840,1,24,1280,37136,,,,0,4,4,4,4,4,4,4,4,4,4,4,4,4,4,4,4,4,4,4,4,4,4,4,4,4,4,4,4,4,4,4,4,100,,,,,,,,,,,,,,,,,,,,,,,,,,,,,,,,,,,,,,,,,,,,,,,,,,,,,,,,,,,,,,,,,,,,,,,,,,,,,,,,,,,,,,,,,,,,,,,,,,,,,,,,,,,,,,,,,,,,,,,,,,,,,,,,,,,,,,,,,,,,,,,,,,,,,,,,,,,,,,,,,,,,,,,,,,,,,,,,,,,,,,,,,,,,,,,,,,,,,,,,,,,,,,
1764665422.723186,27537,0,4376.666504,4386.538574,4487.692383,4517.563965,4397.436035,4505.512695,4527.563965,4383.077148,4560.512695,4380.256348,4486.922852,4512.563965,4567.307617,4396.922852,4373.077148,4503.717773,4543.974121,4525,4495.641113,4361.410156,4371.922852,4566.025879,4513.333496,4491.410156,4376.025879,4575.256348,4380.897461,4560,4501.153809,4388.717773,4517.179688,4495.256348,2894,1,24,1280,37136,,,,0,4,4,4,4,4,4,4,4,4,4,4,4,4,4,4,4,4,4,4,4,4,4,4,4,4,4,4,4,4,4,4,4,100,,,,,,,,,,,,,,,,,,,,,,,,,,,,,,,,,,,39652,0,0.019293,-0.693542,-0.720093,-0.009644,1.007936,0.029789,0.040532,19.166666,0.333333,54.5,,,,,,,,,,,,,,,,,,,,,,,,,,,,,,,,,,,,,,,,,,,,,,,,,,,,,,,,,,,,,,,,,,,,,,,,,,,,,,,,,,,,,,,,,,,,,,,,,,,,,,,,,,,,,,,,,,,,,,,,,,,,,,,,,,,,,,,,,,,,,,,,,,,,,,,,,,,,,,,,
1764665422.727092,27538,0,4389.487305,4400.641113,4494.871582,4527.179688,4407.820313,4521.794922,4544.102539,4394.743652,4573.333496,4392.436035,4500,4524.358887,4578.461426,4408.717773,4383.461426,4517.563965,4561.794922,4547.563965,4513.077148,4380.128418,4390.769043,4586.538574,4531.153809,4511.410156,4393.974121,4585.512695,4393.461426,4577.307617,4511.922852,4403.717773,4530.769043,4501.025879,1750,1,24,256,37144,,,,0,4,4,4,4,4,4,4,4,4,4,4,4,4,4,4,4,4,4,4,4,4,4,4,4,4,4,4,4,4,4,4,4,100,,,,,,,,,,,,,,,,,,,,,,,,,,,,,,,,,,,,,,,,,,,,,,,,,,,,,,,,,,,,,,,,,,,,,,,,,,,,,,,,,,,,,,,,,,,,,,,,,,,,,,,,,,,,,,,,,,,,,,,,,,,,,,,,,,,,,,,,,,,,,,,,,,,,,,,,,,,,,,,,,,,,,,,,,,,,,,,,,,,,,,,,,,,,,,,,,,,,,,,,,,,,,,
1764665422.730999,27539,0,4400.256348,4413.333496,4504.358887,4539.230957,4418.846191,4535,4560,4404.615234,4587.307617,4406.153809,4510,4534.487305,4590.128418,4415.256348,4390.384766,4528.461426,4577.307617,4565,4528.846191,4395.897461,4408.461426,4603.077148,4545.384766,4526.538574,4410.897461,4592.179688,4402.820313,4591.922852,4521.282227,4417.692383,4541.410156,4505.897461,2915,1,24,256,37144,,,,0,4,4,4,4,4,4,4,4,4,4,4,4,4,4,4,4,4,4,4,4,4,4,4,4,4,4,4,4,4,4,4,4,100,,,,,,,,,,,,,,,,,,,,,,,,,,,,,,,,,,,,,,,,,,,,,,,,,,,,,,,,,,,,,,,,,,,,,,,,,,,,,,,,,,,,,,,,,,,,,,,,,,,,,,,,,,,,,,,,,,,,,,,,,,,,,,,,,,,,,,,,,,,,,,,,,,,,,,,,,,,,,,,,,,,,,,,,,,,,,,,,,,,,,,,,,,,,,,,,,,,,,,,,,,,,,,
1764665422.734905,27540,0,4401.153809,4417.94873,4511.282227,4545.897461,4422.820313,4537.05127,4565.384766,4406.282227,4594.615234,4411.282227,4509.358887,4535.897461,4594.102539,4411.153809,4389.102539,4530.128418,4582.307617,4569.615234,4536.153809,4401.538574,4416.153809,4608.846191,4547.692383,4530.256348,4418.205078,4592.692383,4404.871582,4595.641113,4524.358887,4423.333496,4544.871582,4508.717773,2512,1,24,256,37151,,,,0,4,4,4,4,4,4,4,4,4,4,4,4,4,4,4,4,4,4,4,4,4,4,4,4,4,4,4,4,4,4,4,4,100,,,,,,,,,,,,,,,,,,,,,,,,,,,,,,,,,,,,,,,,,,,,,,,,,,,,,,,,,,,,,,,,,,,,,,,,,,,,,,,,,,,,,,,,,,,,,,,,,,,,,,,,,,,,,,,,,,,,,,,,,,,,,,,,,,,,,,,,,,,,,,,,,,,,,,,,,,,,,,,,,,,,,,,,,,,,,,,,,,,,,,,,,,,,,,,,,,,,,,,,,,,,,,
1764665422.738812,27541,0,4391.025879,4412.179688,4511.153809,4542.436035,4416.538574,4526.794922,4556.794922,4397.820313,4590.769043,4402.179688,4497.692383,4527.179688,4586.666504,4398.077148,4380.384766,4522.05127,4574.615234,4561.410156,4532.563965,4396.025879,4410.769043,4602.94873,4537.05127,4522.436035,4412.94873,4587.307617,4399.102539,4586.666504,4520.128418,4418.333496,4540.897461,4507.179688,2799,1,24,256,37151,,,,0,4,4,4,4,4,4,4,4,4,4,4,4,4,4,4,4,4,4,4,4,4,4,4,4,4,4,4,4,4,4,4,4,100,,,,,,,,,,,,,,,,,,,,,,,,,,,,,,,,,,,39653,0,0.019201,-0.693542,-0.720093,-0.009827,0.993285,0.039067,0.050299,18.5,-1.333333,55.166668,,,,,,,,,,,,,,,,,,,,,,,,,,,,,,,,,,,,,,,,,,,,,,,,,,,,,,,,,,,,,,,,,,,,,,,,,,,,,,,,,,,,,,,,,,,,,,,,,,,,,,,,,,,,,,,,,,,,,,,,,,,,,,,,,,,,,,,,,,,,,,,,,,,,,,,,,,,,,,,,
1764665422.742617,27542,0,4375.641113,4400.641113,4502.820313,4531.538574,4403.974121,4511.282227,4540.128418,4384.615234,4578.333496,4383.461426,4482.563965,4514.230957,4572.179688,4383.846191,4369.871582,4509.871582,4559.358887,4548.461426,4522.307617,4385.641113,4397.307617,4591.153809,4520.128418,4509.102539,4400.512695,4579.102539,4390,4570.769043,4512.436035,4407.05127,4532.94873,4501.410156,2903,1,24,256,37159,,,,0,4,4,4,4,4,4,4,4,4,4,4,4,4,4,4,4,4,4,4,4,4,4,4,4,4,4,4,4,4,4,4,4,100,,,,,,,,,,,,,,,,,,,,,,,,,,,,,,,,,,,,,,,,,,,,,,,,,,,,,,,,,,,,,,,,,,,,,,,,,,,,,,,,,,,,,,,,,,,,,,,,,,,,,,,,,,,,,,,,,,,,,,,,,,,,,,,,,,,,,,,,,,,,,,,,,,,,,,,,,,,,,,,,,,,,,,,,,,,,,,,,,,,,,,,,,,,,,,,,,,,,,,,,,,,,,,
1764665422.746523,27543,0,4364.102539,4390.897461,4491.153809,4520.384766,4393.077148,4500.512695,4525.512695,4375.256348,4565.384766,4366.410156,4473.461426,4506.025879,4559.871582,4376.794922,4364.743652,4501.666504,4545.641113,4540.512695,4513.333496,4378.717773,4385.512695,4581.153809,4507.307617,4498.717773,4389.487305,4572.563965,4383.205078,4557.94873,4506.025879,4397.179688,4525.897461,4494.615234,2819,1,24,256,37159,,,,0,4,4,4,4,4,4,4,4,4,4,4,4,4,4,4,4,4,4,4,4,4,4,4,4,4,4,4,4,4,4,4,4,100,,,,,,,,,,,,,,,,,,,,,,,,,,,,,,,,,,,,,,,,,,,,,,,,,,,,,,,,,,,,,,,,,,,,,,,,,,,,,,,,,,,,,,,,,,,,,,,,,,,,,,,,,,,,,,,,,,,,,,,,,,,,,,,,,,,,,,,,,,,,,,,,,,,,,,,,,,,,,,,,,,,,,,,,,,,,,,,,,,,,,,,,,,,,,,,,,,,,,,,,,,,,,,
1764665422.750530,27544,0,4362.179688,4388.205078,4483.717773,4516.153809,4390.641113,4500.512695,4520.769043,4376.282227,4559.487305,4361.538574,4474.871582,4507.820313,4556.794922,4380.384766,4369.230957,4502.307617,4541.025879,4542.692383,4511.794922,4379.615234,4382.94873,4578.205078,4505,4496.410156,4385.897461,4571.410156,4382.179688,4554.615234,4503.589844,4394.102539,4523.333496,4491.538574,2736,1,24,512,37167,,,,0,4,4,4,4,4,4,4,4,4,4,4,4,4,4,4,4,4,4,4,4,4,4,4,4,4,4,4,4,4,4,4,4,100,,,,,,,,,,,,,,,,,,,,,,,,,,,,,,,,,,,,,,,,,,,,,,,,,,,,,,,,,,,,,,,,,,,,,,,,,,,,,,,,,,,,,,,,,,,,,,,,,,,,,,,,,,,,,,,,,,,,,,,,,,,,,,,,,,,,,,,,,,,,,,,,,,,,,,,,,,,,,,,,,,,,,,,,,,,,,,,,,,,,,,,,,,,,,,,,,,,,,,,,,,,,,,
1764665422.754436,27545,0,4368.846191,4392.307617,4485.641113,4520.384766,4396.922852,4508.974121,4526.922852,4386.282227,4563.077148,4371.025879,4483.974121,4516.538574,4562.820313,4390.897461,4381.282227,4510,4546.666504,4551.922852,4517.05127,4386.282227,4389.615234,4581.538574,4511.153809,4501.410156,4388.846191,4575.384766,4385.769043,4560.384766,4504.230957,4397.692383,4525.641113,4494.743652,2799,1,24,512,37167,,,,0,4,4,4,4,4,4,4,4,4,4,4,4,4,4,4,4,4,4,4,4,4,4,4,4,4,4,4,4,4,4,4,4,100,,,,,,,,,,,,,,,,,,,,,,,,,,,,,,,,,,,39654,0,0.019053,-0.693481,-0.720154,-0.009949,0.996704,0.032719,0.035161,19.5,0.666667,54.5,,,,,,,,,,,,,,,,,,,,,,,,,,,,,,,,,,,,,,,,,,,,,,,,,,,,,,,,,,,,,,,,,,,,,,,,,,,,,,,,,,,,,,,,,,,,,,,,,,,,,,,,,,,,,,,,,,,,,,,,,,,,,,,,,,,,,,,,,,,,,,,,,,,,,,,,,,,,,,,,
1764665422.758343,27546,0,4377.436035,4398.589844,4495.512695,4529.102539,4406.025879,4518.333496,4538.205078,4398.205078,4573.205078,4387.436035,4493.717773,4524.743652,4572.05127,4400.256348,4393.589844,4518.205078,4556.666504,4559.615234,4522.563965,4392.307617,4399.230957,4586.153809,4517.94873,4508.205078,4392.94873,4580.769043,4390.128418,4568.974121,4505.512695,4403.846191,4530.256348,4502.820313,1926,1,24,768,37175,,,,0,4,4,4,4,4,4,4,4,4,4,4,4,4,4,4,4,4,4,4,4,4,4,4,4,4,4,4,4,4,4,4,4,100,,,,,,,,,,,,,,,,,,,,,,,,,,,,,,,,,,,,,,,,,,,,,,,0.960281,8.95665,1.540256,1.572628,1.379151,1.731082,8.006106,1.462078,2.10174,1.748949,2.280245,4.649094,1.52704,2.231011,1.801651,1.578767,3.366075,1.084032,1.616976,1.739562,2.498174,5.385812,1.39739,1.70685,1.670025,1.215978,7.406584,1.269438,1.627251,1.364737,1.357097,6.59409,1.228839,2.007002,1.557825,1.464381,4.192323,1.081918,1.21277,1.775174,1.003449,1.572516,0.645881,2.035498,1.81422,1.380916,3.129582,1.314285,1.800182,2.059783,1.06241,2.951631,0.456094,1.044026,1.137401,1.978381,9.38474,1.632533,1.542883,1.470556,0.999508,5.882538,0.896575,1.431454,1.279874,0.321033,0.545764,0.47899,0.909643,1.008217,0.366193,1.150834,0.75234,1.672326,1.270055,0.349836,1.207,0.721661,1.052375,0.811095,1.893282,13.820535,2.12381,2.304904,1.72915,0.882494,3.066916,1.651107,1.992006,1.768403,0.732905,3.045678,1.148082,1.13311,1.153713,0.769853,5.618054,0.940713,1.693258,1.309197,1.30108,6.303856,1.308942,2.20961,1.477078,1.827258,6.479803,2.149716,2.115155,1.479231,1.401256,8.993634,1.867905,1.77548,1.462163,1.440249,4.145151,2.053828,2.042958,1.623056,1.266909,2.091465,3.39307,2.401724,2.75668,1.85936,1.750957,1.752471,1.429134,1.268044,1.597609,5.267931,1.795501,2.318721,1.759427,1.511832,7.123582,1.525483,2.434676,1.540637,0.666974,4.410766,0.539038,1.190477,0.804773,1.884766,5.793937,1.301402,1.998734,1.539089,1.417127,3.974371,1.958257,2.308384,1.749126,2.091892,4.348831,1.401957,1.912875,1.671844
1764665422.762249,27547,0,4381.538574,4402.436035,4506.666504,4536.153809,4411.282227,4522.179688,4546.410156,4404.358887,4583.333496,4400.897461,4497.820313,4526.538574,4576.410156,4402.307617,4398.846191,4520.512695,4562.563965,4559.102539,4522.179688,4393.077148,4404.358887,4586.666504,4518.589844,4510.512695,4392.94873,4583.205078,4391.666504,4573.589844,4505.769043,4407.94873,4534.358887,4510.769043,2623,1,24,768,37175,,,,0,4,4,4,4,4,4,4,4,4,4,4,4,4,4,4,4,4,4,4,4,4,4,4,4,4,4,4,4,4,4,4,4,100,,,,,,,,,,,,,,,,,,,,,,,,,,,,,,,,,,,,,,,,,,,,,,,,,,,,,,,,,,,,,,,,,,,,,,,,,,,,,,,,,,,,,,,,,,,,,,,,,,,,,,,,,,,,,,,,,,,,,,,,,,,,,,,,,,,,,,,,,,,,,,,,,,,,,,,,,,,,,,,,,,,,,,,,,,,,,,,,,,,,,,,,,,,,,,,,,,,,,,,,,,,,,,
1764665422.766156,27548,0,4378.974121,4401.794922,4512.307617,4537.436035,4409.615234,4518.974121,4546.410156,4402.563965,4587.820313,4404.743652,4495,4521.666504,4572.563965,4396.666504,4394.743652,4515.128418,4559.102539,4550,4514.230957,4388.333496,4401.282227,4581.538574,4512.563965,4506.282227,4387.436035,4580.641113,4389.615234,4571.282227,4504.743652,4408.461426,4536.153809,4513.717773,2674,1,24,1024,37183,,,,0,4,4,4,4,4,4,4,4,4,4,4,4,4,4,4,4,4,4,4,4,4,4,4,4,4,4,4,4,4,4,4,4,100,,,,,,,,,,,,,,,,,,,,,,,,,,,,,,,,,,,,,,,,,,,,,,,,,,,,,,,,,,,,,,,,,,,,,,,,,,,,,,,,,,,,,,,,,,,,,,,,,,,,,,,,,,,,,,,,,,,,,,,,,,,,,,,,,,,,,,,,,,,,,,,,,,,,,,,,,,,,,,,,,,,,,,,,,,,,,,,,,,,,,,,,,,,,,,,,,,,,,,,,,,,,,,
1764665422.770062,27549,0,4372.179688,4397.820313,4510,4533.333496,4402.563965,4512.05127,4539.102539,4395.384766,4584.743652,4399.487305,4488.205078,4513.846191,4562.820313,4388.333496,4384.615234,4505.512695,4547.05127,4537.692383,4503.205078,4381.410156,4392.05127,4572.692383,4503.974121,4498.333496,4379.615234,4575.128418,4385.512695,4563.717773,4503.205078,4406.538574,4534.487305,4510.641113,2514,1,24,1024,37183,,,,0,4,4,4,4,4,4,4,4,4,4,4,4,4,4,4,4,4,4,4,4,4,4,4,4,4,4,4,4,4,4,4,4,100,,,,,,,,,,,,,,,,,,,,,,,,,,,,,,,,,,,39655,0,0.019116,-0.693481,-0.720154,-0.009827,0.993774,0.03223,0.046392,19,0.833333,54.333332,,,,,,,,,,,,,,,,,,,,,,,,,,,,,,,,,,,,,,,,,,,,,,,,,,,,,,,,,,,,,,,,,,,,,,,,,,,,,,,,,,,,,,,,,,,,,,,,,,,,,,,,,,,,,,,,,,,,,,,,,,,,,,,,,,,,,,,,,,,,,,,,,,,,,,,,,,,,,,,,
1764665422.773969,27550,0,4365.256348,4393.333496,4502.563965,4527.307617,4395,4506.025879,4528.974121,4387.820313,4576.794922,4390.769043,4481.410156,4507.436035,4553.461426,4382.563965,4375.641113,4496.794922,4532.307617,4528.205078,4494.871582,4375.769043,4382.436035,4563.846191,4497.436035,4491.282227,4373.846191,4569.871582,4381.410156,4555.897461,4501.794922,4404.102539,4529.487305,4503.589844,2642,1,24,1280,37191,,,,0,4,4,4,4,4,4,4,4,4,4,4,4,4,4,4,4,4,4,4,4,4,4,4,4,4,4,4,4,4,4,4,4,100,,,,,,,,,,,,,,,,,,,,,,,,,,,,,,,,,,,,,,,,,,,,,,,,,,,,,,,,,,,,,,,,,,,,,,,,,,,,,,,,,,,,,,,,,,,,,,,,,,,,,,,,,,,,,,,,,,,,,,,,,,,,,,,,,,,,,,,,,,,,,,,,,,,,,,,,,,,,,,,,,,,,,,,,,,,,,,,,,,,,,,,,,,,,,,,,,,,,,,,,,,,,,,
1764665422.777875,27551,0,4360.897461,4390.641113,4495,4523.077148,4391.410156,4503.333496,4521.666504,4383.974121,4569.102539,4385,4476.794922,4504.358887,4548.974121,4381.538574,4372.692383,4492.179688,4521.410156,4524.102539,4492.436035,4372.307617,4377.05127,4557.563965,4494.871582,4488.461426,4372.307617,4567.820313,4378.333496,4552.05127,4500.256348,4402.179688,4522.692383,4496.794922,2803,1,24,1280,37191,,,,0,4,4,4,4,4,4,4,4,4,4,4,4,4,4,4,4,4,4,4,4,4,4,4,4,4,4,4,4,4,4,4,4,100,,,,,,,,,,,,,,,,,,,,,,,,,,,,,,,,,,,,,,,,,,,,,,,,,,,,,,,,,,,,,,,,,,,,,,,,,,,,,,,,,,,,,,,,,,,,,,,,,,,,,,,,,,,,,,,,,,,,,,,,,,,,,,,,,,,,,,,,,,,,,,,,,,,,,,,,,,,,,,,,,,,,,,,,,,,,,,,,,,,,,,,,,,,,,,,,,,,,,,,,,,,,,,
1764665422.781782,27552,0,4359.871582,4390.128418,4491.410156,4522.563965,4392.179688,4503.589844,4520.128418,4384.743652,4565.641113,4384.871582,4474.102539,4503.461426,4548.846191,4383.717773,4375,4491.153809,4517.05127,4523.077148,4494.102539,4370,4376.153809,4554.102539,4495.256348,4489.743652,4373.589844,4568.589844,4376.410156,4552.563965,4498.846191,4400.769043,4516.666504,4492.94873,2739,1,24,1536,37198,,,,0,4,4,4,4,4,4,4,4,4,4,4,4,4,4,4,4,4,4,4,4,4,4,4,4,4,4,4,4,4,4,4,4,100,,,,,,,,,,,,,,,,,,,,,,,,,,,,,,,,,,,,,,,,,,,,,,,,,,,,,,,,,,,,,,,,,,,,,,,,,,,,,,,,,,,,,,,,,,,,,,,,,,,,,,,,,,,,,,,,,,,,,,,,,,,,,,,,,,,,,,,,,,,,,,,,,,,,,,,,,,,,,,,,,,,,,,,,,,,,,,,,,,,,,,,,,,,,,,,,,,,,,,,,,,,,,,
1764665422.785688,27553,0,4360,4390.128418,4491.666504,4523.846191,4394.358887,4504.102539,4522.820313,4387.436035,4565.769043,4387.307617,4471.410156,4502.05127,4548.846191,4385.512695,4377.563965,4490,4516.922852,4520.769043,4494.615234,4366.666504,4376.410156,4551.282227,4495.256348,4491.410156,4373.589844,4569.743652,4374.487305,4554.230957,4497.179688,4399.102539,4513.717773,4492.307617,2897,1,24,1536,37198,,,,0,4,4,4,4,4,4,4,4,4,4,4,4,4,4,4,4,4,4,4,4,4,4,4,4,4,4,4,4,4,4,4,4,100,,,,,,,,,,,,,,,,,,,,,,,,,,,,,,,,,,,39656,0,0.019116,-0.693481,-0.720154,-0.009827,0.986937,0.0293,0.049322,20,0.666667,54.5,,,,,,,,,,,,,,,,,,,,,,,,,,,,,,,,,,,,,,,,,,,,,,,,,,,,,,,,,,,,,,,,,,,,,,,,,,,,,,,,,,,,,,,,,,,,,,,,,,,,,,,,,,,,,,,,,,,,,,,,,,,,,,,,,,,,,,,,,,,,,,,,,,,,,,,,,,,,,,,,
1764665422.789594,27554,0,4359.230957,4387.692383,4493.077148,4524.358887,4394.230957,4501.410156,4525.384766,4387.563965,4565.256348,4387.05127,4467.94873,4497.436035,4545.128418,4383.846191,4374.743652,4485.897461,4515.897461,4513.974121,4489.358887,4360.641113,4373.974121,4546.282227,4492.692383,4488.846191,4369.743652,4568.846191,4371.282227,4552.820313,4495.384766,4396.410156,4514.102539,4492.563965,2572,1,24,1792,37206,,,,0,4,4,4,4,4,4,4,4,4,4,4,4,4,4,4,4,4,4,4,4,4,4,4,4,4,4,4,4,4,4,4,4,100,,,,,,,,,,,,,,,,,,,,,,,,,,,,,,,,,,,,,,,,,,,,,,,,,,,,,,,,,,,,,,,,,,,,,,,,,,,,,,,,,,,,,,,,,,,,,,,,,,,,,,,,,,,,,,,,,,,,,,,,,,,,,,,,,,,,,,,,,,,,,,,,,,,,,,,,,,,,,,,,,,,,,,,,,,,,,,,,,,,,,,,,,,,,,,,,,,,,,,,,,,,,,,
1764665422.793501,27555,0,4357.05127,4382.692383,4492.94873,4522.563965,4391.025879,4495.641113,4525.128418,4383.205078,4561.282227,4381.794922,4464.871582,4489.871582,4538.333496,4378.717773,4366.153809,4479.230957,4511.666504,4502.820313,4478.205078,4353.333496,4367.563965,4538.717773,4488.205078,4481.282227,4363.589844,4564.871582,4367.05127,4547.179688,4493.461426,4392.94873,4515.897461,4491.922852,2831,1,24,1792,37206,,,,0,4,4,4,4,4,4,4,4,4,4,4,4,4,4,4,4,4,4,4,4,4,4,4,4,4,4,4,4,4,4,4,4,100,,,,,,,,,,,,,,,,,,,,,,,,,,,,,,,,,,,,,,,,,,,,,,,,,,,,,,,,,,,,,,,,,,,,,,,,,,,,,,,,,,,,,,,,,,,,,,,,,,,,,,,,,,,,,,,,,,,,,,,,,,,,,,,,,,,,,,,,,,,,,,,,,,,,,,,,,,,,,,,,,,,,,,,,,,,,,,,,,,,,,,,,,,,,,,,,,,,,,,,,,,,,,,
1764665422.797407,27556,0,4355.256348,4377.563965,4491.282227,4519.358887,4387.307617,4490.256348,4522.307617,4376.666504,4555,4374.743652,4464.743652,4483.846191,4533.077148,4373.717773,4356.538574,4473.589844,4505.897461,4491.538574,4465.769043,4347.94873,4360.512695,4530.769043,4484.871582,4472.820313,4359.871582,4560.128418,4364.487305,4540.256348,4491.922852,4389.615234,4517.436035,4490.641113,2735,1,24,2048,37214,,,,0,4,4,4,4,4,4,4,4,4,4,4,4,4,4,4,4,4,4,4,4,4,4,4,4,4,4,4,4,4,4,4,4,100,,,,,,,,,,,,,,,,,,,,,,,,,,,,,,,,,,,,,,,,,,,,,,,,,,,,,,,,,,,,,,,,,,,,,,,,,,,,,,,,,,,,,,,,,,,,,,,,,,,,,,,,,,,,,,,,,,,,,,,,,,,,,,,,,,,,,,,,,,,,,,,,,,,,,,,,,,,,,,,,,,,,,,,,,,,,,,,,,,,,,,,,,,,,,,,,,,,,,,,,,,,,,,
1764665422.801314,27557,0,4355.769043,4375.769043,4489.743652,4516.922852,4386.282227,4489.358887,4520.128418,4372.820313,4550.641113,4371.666504,4468.589844,4483.846191,4535,4372.692383,4352.179688,4472.436035,4503.077148,4484.871582,4457.94873,4347.05127,4357.563965,4525.897461,4485.256348,4469.615234,4362.179688,4558.333496,4365.512695,4536.666504,4491.153809,4387.94873,4517.563965,4490.512695,2763,1,24,2048,37214,,,,0,4,4,4,4,4,4,4,4,4,4,4,4,4,4,4,4,4,4,4,4,4,4,4,4,4,4,4,4,4,4,4,4,100,,,,,,,,,,,,,,,,,,,,,,,,,,,,,,,,,,,39657,0,0.019232,-0.693542,-0.720093,-0.009766,1.001587,0.043462,0.048834,17.833334,1.833333,54.166668,,,,,,,,,,,,,,,,,,,,,,,,,,,,,,,,,,,,,,,,,,,,,,,,,,,,,,,,,,,,,,,,,,,,,,,,,,,,,,,,,,,,,,,,,,,,,,,,,,,,,,,,,,,,,,,,,,,,,,,,,,,,,,,,,,,,,,,,,,,,,,,,,,,,,,,,,,,,,,,,
1764665422.805220,27558,0,4358.846191,4378.461426,4490.128418,4517.05127,4389.102539,4493.974121,4520.256348,4374.102539,4551.538574,4374.487305,4474.743652,4490.769043,4544.487305,4376.282227,4355.512695,4476.538574,4505.384766,4485.384766,4457.94873,4350.769043,4360.897461,4526.410156,4488.589844,4474.358887,4368.846191,4561.153809,4370.384766,4538.333496,4491.410156,4388.589844,4516.538574,4492.820313,2768,1,24,2304,37222,,,,0,4,4,4,4,4,4,4,4,4,4,4,4,4,4,4,4,4,4,4,4,4,4,4,4,4,4,4,4,4,4,4,4,100,,,,,,,,,,,,,,,,,,,,,,,,,,,,,,,,,,,,,,,,,,,,,,,,,,,,,,,,,,,,,,,,,,,,,,,,,,,,,,,,,,,,,,,,,,,,,,,,,,,,,,,,,,,,,,,,,,,,,,,,,,,,,,,,,,,,,,,,,,,,,,,,,,,,,,,,,,,,,,,,,,,,,,,,,,,,,,,,,,,,,,,,,,,,,,,,,,,,,,,,,,,,,,
1764665422.809127,27559,0,4362.820313,4383.333496,4492.436035,4519.615234,4393.846191,4501.410156,4522.05127,4378.333496,4557.179688,4380.384766,4479.615234,4500.512695,4557.05127,4381.794922,4363.461426,4483.333496,4511.922852,4491.922852,4465.128418,4356.410156,4368.717773,4532.436035,4492.692383,4484.230957,4375.384766,4567.179688,4377.05127,4543.974121,4492.692383,4391.410156,4516.025879,4497.05127,2960,1,24,2304,37222,,,,0,4,4,4,4,4,4,4,4,4,4,4,4,4,4,4,4,4,4,4,4,4,4,4,4,4,4,4,4,4,4,4,4,100,,,,,,,,,,,,,,,,,,,,,,,,,,,,,,,,,,,,,,,,,,,,,,,,,,,,,,,,,,,,,,,,,,,,,,,,,,,,,,,,,,,,,,,,,,,,,,,,,,,,,,,,,,,,,,,,,,,,,,,,,,,,,,,,,,,,,,,,,,,,,,,,,,,,,,,,,,,,,,,,,,,,,,,,,,,,,,,,,,,,,,,,,,,,,,,,,,,,,,,,,,,,,,
1764665422.813033,27560,0,4365.641113,4387.307617,4494.743652,4523.077148,4397.307617,4507.179688,4523.717773,4381.410156,4563.589844,4383.846191,4481.282227,4507.94873,4566.922852,4385.384766,4370.384766,4489.487305,4519.102539,4501.538574,4475.897461,4361.538574,4376.410156,4541.794922,4496.153809,4493.077148,4378.333496,4573.205078,4383.205078,4550.641113,4494.871582,4395.769043,4518.077148,4501.025879,2843,1,24,2560,37230,,,,0,4,4,4,4,4,4,4,4,4,4,4,4,4,4,4,4,4,4,4,4,4,4,4,4,4,4,4,4,4,4,4,4,100,,,,,,,,,,,,,,,,,,,,,,,,,,,,,,,,,,,,,,,,,,,,,,,,,,,,,,,,,,,,,,,,,,,,,,,,,,,,,,,,,,,,,,,,,,,,,,,,,,,,,,,,,,,,,,,,,,,,,,,,,,,,,,,,,,,,,,,,,,,,,,,,,,,,,,,,,,,,,,,,,,,,,,,,,,,,,,,,,,,,,,,,,,,,,,,,,,,,,,,,,,,,,,
1764665422.816940,27561,0,4366.794922,4388.333496,4494.743652,4524.871582,4397.436035,4508.717773,4524.102539,4381.025879,4566.282227,4381.794922,4480.769043,4510.128418,4571.282227,4384.615234,4372.436035,4493.461426,4524.615234,4511.538574,4486.282227,4365.128418,4380.769043,4552.05127,4498.717773,4497.179688,4378.717773,4576.410156,4387.05127,4555.641113,4497.05127,4399.743652,4522.436035,4502.436035,2694,1,24,2560,37230,,,,0,4,4,4,4,4,4,4,4,4,4,4,4,4,4,4,4,4,4,4,4,4,4,4,4,4,4,4,4,4,4,4,4,100,,,,,,,,,,,,,,,,,,,,,,,,,,,,,,,,,,,39658,0,0.019293,-0.693542,-0.720093,-0.009644,0.995727,0.042974,0.042974,18.5,0.833333,53.5,,,,,,,,,,,,,,,,,,,,,,,,,,,,,,,,,,,,,,,,,,,,,,,,,,,,,,,,,,,,,,,,,,,,,,,,,,,,,,,,,,,,,,,,,,,,,,,,,,,,,,,,,,,,,,,,,,,,,,,,,,,,,,,,,,,,,,,,,,,,,,,,,,,,,,,,,,,,,,,,
1764665422.820846,27562,0,4367.563965,4386.922852,4492.94873,4523.717773,4395.128418,4506.794922,4523.974121,4378.461426,4564.102539,4376.538574,4480.512695,4508.205078,4571.794922,4380.769043,4370.256348,4496.922852,4528.846191,4521.153809,4494.487305,4367.94873,4382.307617,4561.922852,4501.922852,4497.179688,4379.743652,4576.153809,4388.461426,4558.974121,4498.589844,4401.922852,4526.666504,4500.256348,1857,1,24,2560,37237,,,,0,4,4,4,4,4,4,4,4,4,4,4,4,4,4,4,4,4,4,4,4,4,4,4,4,4,4,4,4,4,4,4,4,100,,,,,,,,,,,,,,,,,,,,,,,,,,,,,,,,,,,,,,,,,,,,,,,,,,,,,,,,,,,,,,,,,,,,,,,,,,,,,,,,,,,,,,,,,,,,,,,,,,,,,,,,,,,,,,,,,,,,,,,,,,,,,,,,,,,,,,,,,,,,,,,,,,,,,,,,,,,,,,,,,,,,,,,,,,,,,,,,,,,,,,,,,,,,,,,,,,,,,,,,,,,,,,
1764665422.824753,27563,0,4370.128418,4385.641113,4491.794922,4520.769043,4393.205078,4504.743652,4525.384766,4377.563965,4560.384766,4373.717773,4482.94873,4506.922852,4572.692383,4377.436035,4368.589844,4502.94873,4534.487305,4530.512695,4500.897461,4372.179688,4385,4571.153809,4507.179688,4497.94873,4384.102539,4574.743652,4388.846191,4561.794922,4499.487305,4401.794922,4529.358887,4496.922852,2680,1,24,2560,37237,,,,0,4,4,4,4,4,4,4,4,4,4,4,4,4,4,4,4,4,4,4,4,4,4,4,4,4,4,4,4,4,4,4,4,100,,,,,,,,,,,,,,,,,,,,,,,,,,,,,,,,,,,,,,,,,,,,,,,,,,,,,,,,,,,,,,,,,,,,,,,,,,,,,,,,,,,,,,,,,,,,,,,,,,,,,,,,,,,,,,,,,,,,,,,,,,,,,,,,,,,,,,,,,,,,,,,,,,,,,,,,,,,,,,,,,,,,,,,,,,,,,,,,,,,,,,,,,,,,,,,,,,,,,,,,,,,,,,
1764665422.828659,27564,0,4375.384766,4387.179688,4494.102539,4518.846191,4394.615234,4505.256348,4530,4380.512695,4560.769043,4377.94873,4488.205078,4510,4577.179688,4377.179688,4371.922852,4511.794922,4543.461426,4540.897461,4507.05127,4379.871582,4392.307617,4580.641113,4514.358887,4503.589844,4391.282227,4575.897461,4390.384766,4565.897461,4500.512695,4401.282227,4531.538574,4496.538574,2468,1,24,2560,37245,,,,0,4,4,4,4,4,4,4,4,4,4,4,4,4,4,4,4,4,4,4,4,4,4,4,4,4,4,4,4,4,4,4,4,100,,,,,,,,,,,,,,,,,,,,,,,,,,,,,,,,,,,,,,,,,,,,,,,,,,,,,,,,,,,,,,,,,,,,,,,,,,,,,,,,,,,,,,,,,,,,,,,,,,,,,,,,,,,,,,,,,,,,,,,,,,,,,,,,,,,,,,,,,,,,,,,,,,,,,,,,,,,,,,,,,,,,,,,,,,,,,,,,,,,,,,,,,,,,,,,,,,,,,,,,,,,,,,
1764665422.832566,27565,0,4382.05127,4392.307617,4500.128418,4520.769043,4398.974121,4508.846191,4537.05127,4386.282227,4568.461426,4388.461426,4494.871582,4517.820313,4584.358887,4380.256348,4380.256348,4520.769043,4554.230957,4552.05127,4513.974121,4390.384766,4403.461426,4590,4521.410156,4513.974121,4397.820313,4581.666504,4394.615234,4570.769043,4502.563965,4402.563965,4534.743652,4501.922852,2189,1,24,2560,37245,,,,0,4,4,4,4,4,4,4,4,4,4,4,4,4,4,4,4,4,4,4,4,4,4,4,4,4,4,4,4,4,4,4,4,100,,,,,,,,,,,,,,,,,,,,,,,,,,,,,,,,,,,39659,0,0.019324,-0.693542,-0.720093,-0.009583,0.995727,0.042974,0.042974,20.166666,0.5,55.5,,,,,,,,,,,,,,,,,,,,,,,,,,,,,,,,,,,,,,,,,,,,,,,,,,,,,,,,,,,,,,,,,,,,,,,,,,,,,,,,,,,,,,,,,,,,,,,,,,,,,,,,,,,,,,,,,,,,,,,,,,,,,,,,,,,,,,,,,,,,,,,,,,,,,,,,,,,,,,,,
1764665422.836472,27566,0,4386.538574,4398.589844,4507.05127,4526.410156,4403.205078,4512.94873,4542.692383,4390.769043,4580.512695,4398.589844,4499.615234,4526.666504,4589.615234,4383.846191,4388.846191,4525.769043,4562.05127,4562.05127,4521.282227,4399.615234,4413.333496,4596.922852,4525.384766,4523.589844,4400,4590.128418,4399.871582,4574.743652,4505.641113,4405.769043,4539.102539,4511.410156,2689,1,24,2561,37253,,,,0,4,4,4,4,4,4,4,4,4,4,4,4,4,4,4,4,4,4,4,4,4,4,4,4,4,4,4,4,4,4,4,4,100,,,,,,,,,,,,,,,,,,,,,,,,,,,,,,,,,,,,,,,,,,,,,,,,,,,,,,,,,,,,,,,,,,,,,,,,,,,,,,,,,,,,,,,,,,,,,,,,,,,,,,,,,,,,,,,,,,,,,,,,,,,,,,,,,,,,,,,,,,,,,,,,,,,,,,,,,,,,,,,,,,,,,,,,,,,,,,,,,,,,,,,,,,,,,,,,,,,,,,,,,,,,,,
1764665422.840379,27567,0,4385.512695,4401.282227,4510.256348,4532.179688,4403.333496,4514.230957,4542.692383,4389.615234,4589.615234,4401.666504,4499.487305,4530.384766,4588.589844,4384.743652,4392.05127,4524.871582,4562.563965,4567.563965,4527.307617,4402.94873,4415.897461,4598.461426,4523.974121,4526.922852,4396.538574,4596.153809,4402.692383,4575.128418,4507.563965,4408.461426,4542.05127,4519.358887,2471,1,24,2561,37253,,,,0,4,4,4,4,4,4,4,4,4,4,4,4,4,4,4,4,4,4,4,4,4,4,4,4,4,4,4,4,4,4,4,4,100,,,,,,,,,,,,,,,,,,,,,,,,,,,,,,,,,,,,,,,,,,,,,,,,,,,,,,,,,,,,,,,,,,,,,,,,,,,,,,,,,,,,,,,,,,,,,,,,,,,,,,,,,,,,,,,,,,,,,,,,,,,,,,,,,,,,,,,,,,,,,,,,,,,,,,,,,,,,,,,,,,,,,,,,,,,,,,,,,,,,,,,,,,,,,,,,,,,,,,,,,,,,,,
1764665422.844285,27568,0,4378.333496,4397.179688,4506.538574,4533.333496,4397.94873,4510.256348,4535.897461,4381.922852,4589.358887,4396.025879,4493.461426,4525.256348,4580.641113,4381.794922,4387.94873,4519.230957,4555.256348,4565.897461,4529.743652,4398.461426,4409.487305,4593.717773,4517.179688,4522.179688,4390.384766,4595.641113,4399.615234,4570.384766,4505.769043,4406.922852,4541.025879,4519.615234,2840,1,24,2561,37261,,,,0,4,4,4,4,4,4,4,4,4,4,4,4,4,4,4,4,4,4,4,4,4,4,4,4,4,4,4,4,4,4,4,4,100,,,,,,,,,,,,,,,,,,,,,,,,,,,,,,,,,,,,,,,,,,,,,,,,,,,,,,,,,,,,,,,,,,,,,,,,,,,,,,,,,,,,,,,,,,,,,,,,,,,,,,,,,,,,,,,,,,,,,,,,,,,,,,,,,,,,,,,,,,,,,,,,,,,,,,,,,,,,,,,,,,,,,,,,,,,,,,,,,,,,,,,,,,,,,,,,,,,,,,,,,,,,,,
1764665422.848192,27569,0,4367.436035,4386.922852,4496.538574,4527.94873,4388.589844,4501.922852,4525.512695,4370.769043,4578.717773,4385.641113,4484.358887,4512.436035,4568.974121,4377.05127,4379.230957,4512.436035,4543.717773,4557.563965,4527.307617,4388.846191,4397.692383,4584.358887,4507.307617,4512.436035,4385.256348,4588.333496,4390.256348,4561.538574,4499.615234,4400.256348,4535,4511.153809,2901,1,24,2561,37261,,,,0,4,4,4,4,4,4,4,4,4,4,4,4,4,4,4,4,4,4,4,4,4,4,4,4,4,4,4,4,4,4,4,4,100,,,,,,,,,,,,,,,,,,,,,,,,,,,,,,,,,,,39660,0,0.019293,-0.693542,-0.720093,-0.009644,0.99475,0.041997,0.045904,19,0.5,54.666668,,,,,,,,,,,,,,,,,,,,,,,,,,,,,,,,,,,,,,,,,,,,,,,,,,,,,,,,,,,,,,,,,,,,,,,,,,,,,,,,,,,,,,,,,,,,,,,,,,,,,,,,,,,,,,,,,,,,,,,,,,,,,,,,,,,,,,,,,,,,,,,,,,,,,,,,,,,,,,,,
1764665422.852098,27570,0,4357.05127,4375.641113,4484.102539,4518.205078,4379.230957,4492.94873,4517.05127,4361.794922,4563.717773,4375.769043,4476.794922,4497.820313,4558.589844,4373.077148,4370.769043,4506.666504,4533.333496,4545.641113,4520.897461,4379.743652,4386.153809,4574.102539,4498.461426,4502.307617,4383.333496,4577.563965,4378.205078,4551.153809,4491.666504,4390.769043,4526.025879,4497.692383,1753,1,24,2561,37269,,,,0,4,4,4,4,4,4,4,4,4,4,4,4,4,4,4,4,4,4,4,4,4,4,4,4,4,4,4,4,4,4,4,4,100,,,,,,,,,,,,,,,,,,,,,,,,,,,,,,,,,,,,,,,,,,,,,,,,,,,,,,,,,,,,,,,,,,,,,,,,,,,,,,,,,,,,,,,,,,,,,,,,,,,,,,,,,,,,,,,,,,,,,,,,,,,,,,,,,,,,,,,,,,,,,,,,,,,,,,,,,,,,,,,,,,,,,,,,,,,,,,,,,,,,,,,,,,,,,,,,,,,,,,,,,,,,,,
1764665422.856005,27571,0,4351.153809,4368.461426,4474.743652,4509.358887,4373.077148,4487.179688,4513.974121,4358.846191,4552.692383,4369.358887,4473.974121,4488.333496,4552.692383,4371.666504,4366.282227,4502.179688,4527.436035,4534.487305,4512.563965,4375.256348,4379.230957,4565.641113,4493.589844,4494.871582,4383.589844,4568.461426,4368.974121,4542.94873,4485.897461,4383.077148,4518.846191,4486.282227,2916,1,24,2561,37269,,,,0,4,4,4,4,4,4,4,4,4,4,4,4,4,4,4,4,4,4,4,4,4,4,4,4,4,4,4,4,4,4,4,4,100,,,,,,,,,,,,,,,,,,,,,,,,,,,,,,,,,,,,,,,,,,,,,,,,,,,,,,,,,,,,,,,,,,,,,,,,,,,,,,,,,,,,,,,,,,,,,,,,,,,,,,,,,,,,,,,,,,,,,,,,,,,,,,,,,,,,,,,,,,,,,,,,,,,,,,,,,,,,,,,,,,,,,,,,,,,,,,,,,,,,,,,,,,,,,,,,,,,,,,,,,,,,,,
1764665422.859911,27572,0,4350.641113,4368.077148,4471.794922,4505.897461,4371.794922,4485.897461,4516.025879,4362.436035,4550.641113,4365.769043,4476.410156,4487.563965,4551.282227,4372.179688,4366.153809,4497.563965,4525.384766,4526.666504,4505.128418,4375.256348,4377.307617,4559.871582,4493.077148,4490.641113,4383.461426,4564.102539,4366.025879,4539.615234,4485.128418,4380.897461,4516.666504,4481.922852,2516,1,24,2562,37276,,,,0,4,4,4,4,4,4,4,4,4,4,4,4,4,4,4,4,4,4,4,4,4,4,4,4,4,4,4,4,4,4,4,4,100,,,,,,,,,,,,,,,,,,,,,,,,,,,,,,,,,,,,,,,,,,,,,,,,,,,,,,,,,,,,,,,,,,,,,,,,,,,,,,,,,,,,,,,,,,,,,,,,,,,,,,,,,,,,,,,,,,,,,,,,,,,,,,,,,,,,,,,,,,,,,,,,,,,,,,,,,,,,,,,,,,,,,,,,,,,,,,,,,,,,,,,,,,,,,,,,,,,,,,,,,,,,,,
1764665422.863818,27573,0,4354.102539,4373.205078,4475.641113,4508.974121,4375.384766,4487.94873,4520,4369.358887,4556.666504,4363.461426,4481.410156,4493.717773,4552.179688,4373.589844,4368.205078,4492.820313,4524.743652,4522.692383,4499.615234,4376.025879,4378.461426,4556.666504,4494.871582,4488.846191,4382.179688,4565.128418,4369.743652,4541.410156,4488.846191,4384.871582,4520.256348,4485.512695,2797,1,24,2562,37276,,,,0,4,4,4,4,4,4,4,4,4,4,4,4,4,4,4,4,4,4,4,4,4,4,4,4,4,4,4,4,4,4,4,4,100,,,,,,,,,,,,,,,,,,,,,,,,,,,,,,,,,,,39661,0,0.019293,-0.693542,-0.720093,-0.009644,1.010377,0.031254,0.043951,21.166666,0.333333,54.5,,,,,,,,,,,,,,,,,,,,,,,,,,,,,,,,,,,,,,,,,,,,,,,,,,,,,,,,,,,,,,,,,,,,,,,,,,,,,,,,,,,,,,,,,,,,,,,,,,,,,,,,,,,,,,,,,,,,,,,,,,,,,,,,,,,,,,,,,,,,,,,,,,,,,,,,,,,,,,,,
1764665422.867724,27574,0,4358.717773,4380.897461,4483.974121,4516.282227,4382.436035,4491.282227,4522.94873,4376.025879,4566.025879,4363.846191,4486.282227,4502.179688,4553.589844,4375.897461,4370.641113,4489.487305,4523.205078,4521.282227,4496.538574,4374.871582,4380.384766,4555.256348,4496.666504,4488.589844,4381.410156,4569.487305,4377.179688,4546.538574,4494.102539,4392.563965,4527.563965,4494.230957,2899,1,24,2563,37284,,,,0,4,4,4,4,4,4,4,4,4,4,4,4,4,4,4,4,4,4,4,4,4,4,4,4,4,4,4,4,4,4,4,4,100,,,,,,,,,,,,,,,,,,,,,,,,,,,,,,,,,,,,,,,,,,,,,,,,,,,,,,,,,,,,,,,,,,,,,,,,,,,,,,,,,,,,,,,,,,,,,,,,,,,,,,,,,,,,,,,,,,,,,,,,,,,,,,,,,,,,,,,,,,,,,,,,,,,,,,,,,,,,,,,,,,,,,,,,,,,,,,,,,,,,,,,,,,,,,,,,,,,,,,,,,,,,,,
1764665422.871631,27575,0,4362.179688,4387.820313,4493.333496,4523.846191,4391.410156,4494.615234,4524.230957,4380.641113,4572.94873,4369.615234,4489.743652,4508.077148,4554.871582,4379.230957,4371.922852,4489.230957,4520.512695,4520.641113,4495.128418,4371.282227,4381.153809,4554.358887,4496.922852,4489.102539,4382.563965,4574.615234,4384.358887,4551.666504,4498.205078,4400.384766,4535,4503.974121,2814,1,24,2563,37284,,,,0,4,4,4,4,4,4,4,4,4,4,4,4,4,4,4,4,4,4,4,4,4,4,4,4,4,4,4,4,4,4,4,4,100,,,,,,,,,,,,,,,,,,,,,,,,,,,,,,,,,,,,,,,,,,,,,,,,,,,,,,,,,,,,,,,,,,,,,,,,,,,,,,,,,,,,,,,,,,,,,,,,,,,,,,,,,,,,,,,,,,,,,,,,,,,,,,,,,,,,,,,,,,,,,,,,,,,,,,,,,,,,,,,,,,,,,,,,,,,,,,,,,,,,,,,,,,,,,,,,,,,,,,,,,,,,,,
1764665422.875537,27576,0,4363.333496,4390.897461,4499.487305,4528.333496,4398.974121,4496.922852,4524.615234,4382.820313,4574.487305,4380.128418,4491.025879,4508.717773,4555.512695,4382.563965,4371.410156,4490.512695,4516.922852,4518.717773,4493.461426,4366.153809,4378.974121,4551.666504,4494.871582,4489.102539,4384.102539,4577.820313,4388.077148,4553.461426,4499.615234,4404.487305,4538.846191,4510.641113,2727,1,24,2564,37292,,,,0,4,4,4,4,4,4,4,4,4,4,4,4,4,4,4,4,4,4,4,4,4,4,4,4,4,4,4,4,4,4,4,4,100,,,,,,,,,,,,,,,,,,,,,,,,,,,,,,,,,,,,,,,,,,,,,,,,,,,,,,,,,,,,,,,,,,,,,,,,,,,,,,,,,,,,,,,,,,,,,,,,,,,,,,,,,,,,,,,,,,,,,,,,,,,,,,,,,,,,,,,,,,,,,,,,,,,,,,,,,,,,,,,,,,,,,,,,,,,,,,,,,,,,,,,,,,,,,,,,,,,,,,,,,,,,,,
1764665422.879444,27577,0,4361.282227,4388.974121,4500,4527.94873,4402.05127,4497.436035,4524.102539,4382.179688,4570.512695,4390,4489.358887,4503.333496,4554.615234,4383.205078,4368.717773,4489.743652,4512.05127,4512.94873,4488.846191,4360.128418,4373.333496,4544.743652,4490,4486.538574,4381.666504,4577.05127,4386.794922,4550.128418,4498.205078,4402.94873,4536.794922,4511.410156,2796,1,24,2564,37292,,,,0,4,4,4,4,4,4,4,4,4,4,4,4,4,4,4,4,4,4,4,4,4,4,4,4,4,4,4,4,4,4,4,4,100,,,,,,,,,,,,,,,,,,,,,,,,,,,,,,,,,,,39662,0,0.01949,-0.693665,-0.719971,-0.009583,1.000122,0.035161,0.039067,18.166666,0.5,53.5,,,,,,,,,,,,,,,,,,,,,,,,,,,,,,,,,,,,,,,,,,,,,,,,,,,,,,,,,,,,,,,,,,,,,,,,,,,,,,,,,,,,,,,,,,,,,,,,,,,,,,,,,,,,,,,,,,,,,,,,,,,,,,,,,,,,,,,,,,,,,,,,,,,,,,,,,,,,,,,,
1764665422.883350,27578,0,4356.666504,4383.333496,4495.128418,4523.974121,4399.487305,4496.153809,4522.179688,4379.102539,4563.717773,4392.436035,4484.615234,4493.974121,4551.666504,4378.589844,4363.717773,4484.743652,4505.641113,4502.563965,4479.743652,4353.974121,4365.128418,4533.461426,4483.333496,4480.641113,4372.307617,4572.307617,4381.922852,4542.820313,4495.512695,4397.307617,4530.128418,4506.538574,1919,1,24,2565,37300,,,,0,4,4,4,4,4,4,4,4,4,4,4,4,4,4,4,4,4,4,4,4,4,4,4,4,4,4,4,4,4,4,4,4,100,,,,,,,,,,,,,,,,,,,,,,,,,,,,,,,,,,,,,,,,,,,,,,,0.801211,7.390663,1.566965,1.615691,1.474429,1.46066,6.643556,1.421911,2.120053,1.844919,1.848062,3.369801,1.458166,2.266943,1.907003,1.41932,2.692172,1.072325,1.636117,1.825261,2.212837,4.338298,1.423585,1.810215,1.698131,1.170428,6.333297,1.157279,1.713353,1.440406,1.127199,5.434067,1.217177,2.084835,1.661987,1.163215,3.359181,1.072666,1.327003,1.830525,0.980323,1.272102,0.641489,2.106703,1.875396,1.364881,2.798914,1.311092,1.675086,2.069101,1.115742,2.750479,0.638838,1.114142,1.227574,1.977494,8.147174,1.630592,1.612424,1.548409,0.946368,5.449326,0.886191,1.554052,1.368469,0.333818,0.625606,0.63698,0.933297,1.036047,0.261954,1.019343,0.929931,1.668546,1.253096,0.373843,1.232453,0.715896,1.045049,0.83378,1.63314,12.070847,1.918898,2.307992,1.846601,0.815148,3.224692,1.683341,1.937554,1.774909,0.704553,3.16911,1.131651,1.112369,1.168574,0.639767,5.166641,1.138464,1.740703,1.435448,1.102876,6.518286,1.365877,2.280708,1.544564,1.461015,6.073165,1.940183,2.112233,1.560923,1.256832,8.087221,1.769137,1.8039,1.523433,1.10546,4.295128,2.0221,2.019032,1.698368,1.062852,1.994891,3.801209,2.173216,2.945974,1.640646,1.285179,1.740909,1.405769,1.415484,1.148774,4.079134,1.649264,2.302129,1.850956,1.170196,6.002234,1.4505,2.411384,1.643581,0.549372,3.526267,0.514864,1.164582,0.826531,1.60224,4.481682,1.275306,2.000072,1.624787,1.21004,3.125442,1.797492,2.26748,1.860985,1.853039,3.22019,1.305109,1.959088,1.72233
1764665422.887257,27579,0,4352.05127,4378.205078,4489.230957,4520,4394.230957,4494.743652,4519.102539,4375.769043,4558.589844,4386.538574,4478.846191,4485.641113,4547.307617,4370.128418,4358.461426,4477.179688,4499.615234,4490.128418,4468.717773,4349.230957,4357.563965,4521.922852,4478.077148,4474.230957,4359.615234,4566.794922,4377.692383,4536.153809,4493.077148,4392.436035,4523.974121,4500.256348,2611,1,24,2565,37300,,,,0,4,4,4,4,4,4,4,4,4,4,4,4,4,4,4,4,4,4,4,4,4,4,4,4,4,4,4,4,4,4,4,4,100,,,,,,,,,,,,,,,,,,,,,,,,,,,,,,,,,,,,,,,,,,,,,,,,,,,,,,,,,,,,,,,,,,,,,,,,,,,,,,,,,,,,,,,,,,,,,,,,,,,,,,,,,,,,,,,,,,,,,,,,,,,,,,,,,,,,,,,,,,,,,,,,,,,,,,,,,,,,,,,,,,,,,,,,,,,,,,,,,,,,,,,,,,,,,,,,,,,,,,,,,,,,,,
1764665422.891163,27580,0,4351.153809,4377.94873,4487.436035,4519.743652,4391.282227,4495.128418,4517.05127,4375.512695,4559.102539,4378.333496,4475.897461,4483.589844,4544.743652,4362.692383,4355.769043,4471.666504,4497.436035,4481.025879,4461.538574,4348.589844,4355.128418,4516.410156,4478.077148,4472.179688,4352.179688,4565.384766,4378.846191,4535.256348,4492.820313,4393.077148,4523.974121,4497.563965,2668,1,24,2566,37308,,,,0,4,4,4,4,4,4,4,4,4,4,4,4,4,4,4,4,4,4,4,4,4,4,4,4,4,4,4,4,4,4,4,4,100,,,,,,,,,,,,,,,,,,,,,,,,,,,,,,,,,,,,,,,,,,,,,,,,,,,,,,,,,,,,,,,,,,,,,,,,,,,,,,,,,,,,,,,,,,,,,,,,,,,,,,,,,,,,,,,,,,,,,,,,,,,,,,,,,,,,,,,,,,,,,,,,,,,,,,,,,,,,,,,,,,,,,,,,,,,,,,,,,,,,,,,,,,,,,,,,,,,,,,,,,,,,,,
1764665422.895070,27581,0,4356.025879,4383.846191,4492.179688,4524.358887,4394.615234,4498.205078,4519.102539,4380.128418,4566.025879,4376.410156,4478.333496,4490.128418,4547.179688,4361.666504,4358.077148,4472.563965,4501.922852,4480,4463.461426,4353.333496,4361.410156,4521.410156,4485.128418,4477.94873,4357.820313,4570.512695,4386.922852,4542.436035,4495.897461,4400.897461,4532.05127,4501.922852,2505,1,24,2566,37308,,,,0,4,4,4,4,4,4,4,4,4,4,4,4,4,4,4,4,4,4,4,4,4,4,4,4,4,4,4,4,4,4,4,4,100,,,,,,,,,,,,,,,,,,,,,,,,,,,,,,,,,,,39663,0,0.019549,-0.693665,-0.719971,-0.00946,0.989379,0.032719,0.037602,18.5,0.833333,51.833332,,,,,,,,,,,,,,,,,,,,,,,,,,,,,,,,,,,,,,,,,,,,,,,,,,,,,,,,,,,,,,,,,,,,,,,,,,,,,,,,,,,,,,,,,,,,,,,,,,,,,,,,,,,,,,,,,,,,,,,,,,,,,,,,,,,,,,,,,,,,,,,,,,,,,,,,,,,,,,,,
1764665422.898976,27582,0,4365.897461,4393.333496,4501.666504,4532.307617,4403.333496,4503.461426,4525.897461,4388.205078,4576.666504,4384.615234,4486.410156,4503.077148,4555,4368.589844,4365.641113,4480.641113,4513.205078,4488.205078,4474.487305,4363.077148,4375.769043,4536.794922,4497.692383,4490.384766,4377.05127,4580.769043,4399.358887,4555.128418,4501.922852,4412.307617,4544.743652,4511.794922,2632,1,24,2567,37316,,,,0,4,4,4,4,4,4,4,4,4,4,4,4,4,4,4,4,4,4,4,4,4,4,4,4,4,4,4,4,4,4,4,4,100,,,,,,,,,,,,,,,,,,,,,,,,,,,,,,,,,,,,,,,,,,,,,,,,,,,,,,,,,,,,,,,,,,,,,,,,,,,,,,,,,,,,,,,,,,,,,,,,,,,,,,,,,,,,,,,,,,,,,,,,,,,,,,,,,,,,,,,,,,,,,,,,,,,,,,,,,,,,,,,,,,,,,,,,,,,,,,,,,,,,,,,,,,,,,,,,,,,,,,,,,,,,,,
1764665422.902883,27583,0,4376.922852,4401.794922,4510.384766,4539.487305,4412.94873,4508.589844,4535,4395.256348,4585.512695,4398.974121,4496.666504,4516.025879,4565.641113,4380.256348,4375.769043,4491.794922,4528.077148,4502.820313,4489.871582,4374.743652,4393.846191,4556.282227,4511.025879,4504.230957,4401.410156,4590.897461,4410.256348,4567.307617,4508.205078,4420.641113,4556.153809,4521.538574,2795,1,24,2567,37316,,,,0,4,4,4,4,4,4,4,4,4,4,4,4,4,4,4,4,4,4,4,4,4,4,4,4,4,4,4,4,4,4,4,4,100,,,,,,,,,,,,,,,,,,,,,,,,,,,,,,,,,,,,,,,,,,,,,,,,,,,,,,,,,,,,,,,,,,,,,,,,,,,,,,,,,,,,,,,,,,,,,,,,,,,,,,,,,,,,,,,,,,,,,,,,,,,,,,,,,,,,,,,,,,,,,,,,,,,,,,,,,,,,,,,,,,,,,,,,,,,,,,,,,,,,,,,,,,,,,,,,,,,,,,,,,,,,,,
1764665422.906789,27584,0,4383.846191,4405,4512.94873,4542.05127,4417.563965,4511.538574,4542.05127,4397.05127,4588.461426,4409.743652,4503.974121,4522.94873,4574.487305,4390.384766,4384.230957,4500.769043,4541.282227,4518.589844,4502.94873,4384.487305,4408.077148,4572.05127,4519.743652,4513.077148,4419.743652,4595.641113,4414.615234,4573.205078,4511.538574,4420.641113,4560.641113,4524.358887,2737,1,24,2568,37323,,,,0,4,4,4,4,4,4,4,4,4,4,4,4,4,4,4,4,4,4,4,4,4,4,4,4,4,4,4,4,4,4,4,4,100,,,,,,,,,,,,,,,,,,,,,,,,,,,,,,,,,,,,,,,,,,,,,,,,,,,,,,,,,,,,,,,,,,,,,,,,,,,,,,,,,,,,,,,,,,,,,,,,,,,,,,,,,,,,,,,,,,,,,,,,,,,,,,,,,,,,,,,,,,,,,,,,,,,,,,,,,,,,,,,,,,,,,,,,,,,,,,,,,,,,,,,,,,,,,,,,,,,,,,,,,,,,,,
1764665422.910696,27585,0,4383.846191,4401.922852,4507.563965,4538.077148,4414.102539,4511.153809,4543.846191,4392.563965,4584.102539,4409.102539,4504.358887,4521.538574,4578.333496,4394.230957,4387.307617,4504.615234,4548.333496,4530.769043,4510,4388.846191,4413.077148,4578.461426,4520.384766,4513.717773,4424.487305,4593.205078,4410.769043,4570.897461,4510.256348,4411.794922,4556.025879,4517.179688,2891,1,24,2568,37323,,,,0,4,4,4,4,4,4,4,4,4,4,4,4,4,4,4,4,4,4,4,4,4,4,4,4,4,4,4,4,4,4,4,4,100,,,,,,,,,,,,,,,,,,,,,,,,,,,,,,,,,,,39664,0,0.01949,-0.693665,-0.719971,-0.009583,1.017214,0.03223,0.045416,20.833334,-0.333333,54.166668,,,,,,,,,,,,,,,,,,,,,,,,,,,,,,,,,,,,,,,,,,,,,,,,,,,,,,,,,,,,,,,,,,,,,,,,,,,,,,,,,,,,,,,,,,,,,,,,,,,,,,,,,,,,,,,,,,,,,,,,,,,,,,,,,,,,,,,,,,,,,,,,,,,,,,,,,,,,,,,,
1764665422.914602,27586,0,4377.436035,4394.615234,4497.179688,4529.230957,4404.871582,4508.589844,4540.897461,4385.256348,4575,4397.563965,4498.077148,4514.358887,4577.05127,4391.410156,4384.871582,4504.615234,4547.820313,4537.05127,4511.282227,4387.436035,4408.717773,4576.538574,4514.615234,4507.94873,4417.05127,4586.410156,4401.282227,4562.820313,4505.512695,4399.230957,4545.384766,4503.974121,2569,1,24,2569,37331,,,,0,4,4,4,4,4,4,4,4,4,4,4,4,4,4,4,4,4,4,4,4,4,4,4,4,4,4,4,4,4,4,4,4,100,,,,,,,,,,,,,,,,,,,,,,,,,,,,,,,,,,,,,,,,,,,,,,,,,,,,,,,,,,,,,,,,,,,,,,,,,,,,,,,,,,,,,,,,,,,,,,,,,,,,,,,,,,,,,,,,,,,,,,,,,,,,,,,,,,,,,,,,,,,,,,,,,,,,,,,,,,,,,,,,,,,,,,,,,,,,,,,,,,,,,,,,,,,,,,,,,,,,,,,,,,,,,,
1764665422.918509,27587,0,4369.358887,4387.692383,4487.94873,4520.897461,4395.641113,4505.769043,4536.410156,4380,4566.538574,4383.333496,4489.487305,4506.922852,4573.077148,4385.769043,4380.256348,4504.230957,4542.692383,4538.846191,4510.128418,4382.820313,4400.384766,4571.666504,4507.436035,4500.512695,4405.512695,4580.897461,4392.05127,4554.487305,4500.512695,4390.128418,4535.256348,4493.205078,2825,1,24,2569,37331,,,,0,4,4,4,4,4,4,4,4,4,4,4,4,4,4,4,4,4,4,4,4,4,4,4,4,4,4,4,4,4,4,4,4,100,,,,,,,,,,,,,,,,,,,,,,,,,,,,,,,,,,,,,,,,,,,,,,,,,,,,,,,,,,,,,,,,,,,,,,,,,,,,,,,,,,,,,,,,,,,,,,,,,,,,,,,,,,,,,,,,,,,,,,,,,,,,,,,,,,,,,,,,,,,,,,,,,,,,,,,,,,,,,,,,,,,,,,,,,,,,,,,,,,,,,,,,,,,,,,,,,,,,,,,,,,,,,,
1764665422.922415,27588,0,4364.743652,4384.871582,4485.256348,4518.205078,4391.666504,4504.487305,4533.717773,4379.871582,4562.94873,4375.641113,4484.487305,4503.717773,4569.871582,4382.436035,4377.692383,4505.512695,4538.077148,4538.974121,4509.743652,4379.358887,4394.487305,4569.487305,4503.974121,4496.025879,4398.077148,4580.769043,4388.461426,4550.384766,4498.461426,4388.461426,4531.666504,4491.922852,2729,1,24,2570,37339,,,,0,4,4,4,4,4,4,4,4,4,4,4,4,4,4,4,4,4,4,4,4,4,4,4,4,4,4,4,4,4,4,4,4,100,,,,,,,,,,,,,,,,,,,,,,,,,,,,,,,,,,,,,,,,,,,,,,,,,,,,,,,,,,,,,,,,,,,,,,,,,,,,,,,,,,,,,,,,,,,,,,,,,,,,,,,,,,,,,,,,,,,,,,,,,,,,,,,,,,,,,,,,,,,,,,,,,,,,,,,,,,,,,,,,,,,,,,,,,,,,,,,,,,,,,,,,,,,,,,,,,,,,,,,,,,,,,,
1764665422.926322,27589,0,4366.153809,4387.05127,4490,4523.077148,4393.974121,4505,4534.487305,4384.230957,4565.128418,4378.333496,4485.769043,4506.025879,4569.230957,4384.230957,4378.974121,4508.333496,4537.94873,4540.256348,4511.538574,4379.743652,4394.358887,4571.922852,4505.897461,4496.282227,4397.563965,4585.769043,4391.794922,4551.922852,4500.897461,4393.846191,4536.538574,4500.128418,2757,1,24,2570,37339,,,,0,4,4,4,4,4,4,4,4,4,4,4,4,4,4,4,4,4,4,4,4,4,4,4,4,4,4,4,4,4,4,4,4,100,,,,,,,,,,,,,,,,,,,,,,,,,,,,,,,,,,,39665,0,0.019429,-0.693665,-0.719971,-0.009705,0.998169,0.031742,0.036626,20,0,55.333332,,,,,,,,,,,,,,,,,,,,,,,,,,,,,,,,,,,,,,,,,,,,,,,,,,,,,,,,,,,,,,,,,,,,,,,,,,,,,,,,,,,,,,,,,,,,,,,,,,,,,,,,,,,,,,,,,,,,,,,,,,,,,,,,,,,,,,,,,,,,,,,,,,,,,,,,,,,,,,,,
1764665422.930228,27590,0,4372.05127,4391.666504,4498.333496,4531.794922,4399.615234,4506.282227,4537.692383,4390.128418,4569.871582,4388.205078,4491.282227,4512.179688,4571.025879,4389.871582,4383.974121,4511.282227,4542.436035,4543.846191,4515.384766,4384.102539,4398.974121,4577.436035,4511.153809,4500.128418,4401.794922,4592.05127,4398.974121,4557.820313,4506.410156,4402.307617,4546.153809,4511.794922,2764,1,24,2571,37347,,,,0,4,4,4,4,4,4,4,4,4,4,4,4,4,4,4,4,4,4,4,4,4,4,4,4,4,4,4,4,4,4,4,4,100,,,,,,,,,,,,,,,,,,,,,,,,,,,,,,,,,,,,,,,,,,,,,,,,,,,,,,,,,,,,,,,,,,,,,,,,,,,,,,,,,,,,,,,,,,,,,,,,,,,,,,,,,,,,,,,,,,,,,,,,,,,,,,,,,,,,,,,,,,,,,,,,,,,,,,,,,,,,,,,,,,,,,,,,,,,,,,,,,,,,,,,,,,,,,,,,,,,,,,,,,,,,,,
1764665422.934135,27591,0,4378.717773,4395.897461,4504.230957,4538.461426,4404.615234,4507.94873,4541.153809,4395.128418,4573.205078,4398.461426,4496.410156,4518.846191,4573.846191,4395.256348,4390.641113,4513.077148,4548.846191,4549.871582,4520.641113,4390.641113,4405.384766,4583.461426,4516.538574,4505.512695,4406.666504,4595.897461,4405.512695,4564.615234,4511.666504,4409.230957,4555,4519.871582,2956,1,24,2571,37347,,,,0,4,4,4,4,4,4,4,4,4,4,4,4,4,4,4,4,4,4,4,4,4,4,4,4,4,4,4,4,4,4,4,4,100,,,,,,,,,,,,,,,,,,,,,,,,,,,,,,,,,,,,,,,,,,,,,,,,,,,,,,,,,,,,,,,,,,,,,,,,,,,,,,,,,,,,,,,,,,,,,,,,,,,,,,,,,,,,,,,,,,,,,,,,,,,,,,,,,,,,,,,,,,,,,,,,,,,,,,,,,,,,,,,,,,,,,,,,,,,,,,,,,,,,,,,,,,,,,,,,,,,,,,,,,,,,,,
1764665422.938041,27592,0,4383.077148,4397.820313,4505,4539.487305,4406.922852,4509.871582,4543.333496,4397.94873,4573.333496,4404.487305,4497.94873,4524.102539,4576.794922,4397.436035,4397.179688,4513.717773,4553.589844,4557.563965,4526.282227,4396.922852,4410.769043,4588.205078,4520.256348,4510.897461,4409.743652,4596.153809,4408.846191,4569.487305,4513.974121,4412.179688,4558.717773,4521.025879,2842,1,24,2571,37355,,,,0,4,4,4,4,4,4,4,4,4,4,4,4,4,4,4,4,4,4,4,4,4,4,4,4,4,4,4,4,4,4,4,4,100,,,,,,,,,,,,,,,,,,,,,,,,,,,,,,,,,,,,,,,,,,,,,,,,,,,,,,,,,,,,,,,,,,,,,,,,,,,,,,,,,,,,,,,,,,,,,,,,,,,,,,,,,,,,,,,,,,,,,,,,,,,,,,,,,,,,,,,,,,,,,,,,,,,,,,,,,,,,,,,,,,,,,,,,,,,,,,,,,,,,,,,,,,,,,,,,,,,,,,,,,,,,,,
1764665422.941948,27593,0,4383.717773,4397.563965,4501.410156,4535.512695,4406.666504,4511.538574,4543.974121,4398.717773,4571.025879,4405,4496.538574,4526.666504,4578.717773,4395.769043,4401.538574,4513.974121,4554.743652,4564.871582,4530.897461,4400.769043,4412.94873,4590.512695,4521.153809,4514.871582,4410.897461,4593.974121,4408.333496,4570.769043,4512.307617,4411.794922,4556.282227,4516.025879,2692,1,24,2571,37355,,,,0,4,4,4,4,4,4,4,4,4,4,4,4,4,4,4,4,4,4,4,4,4,4,4,4,4,4,4,4,4,4,4,4,100,,,,,,,,,,,,,,,,,,,,,,,,,,,,,,,,,,,39666,0,0.01952,-0.693665,-0.719971,-0.009521,0.998169,0.031742,0.036626,20,2.666667,54.5,,,,,,,,,,,,,,,,,,,,,,,,,,,,,,,,,,,,,,,,,,,,,,,,,,,,,,,,,,,,,,,,,,,,,,,,,,,,,,,,,,,,,,,,,,,,,,,,,,,,,,,,,,,,,,,,,,,,,,,,,,,,,,,,,,,,,,,,,,,,,,,,,,,,,,,,,,,,,,,,
1764665422.945854,27594,0,4380.256348,4394.615234,4496.538574,4529.230957,4403.974121,4511.153809,4542.307617,4396.666504,4567.692383,4401.025879,4493.846191,4525.769043,4578.205078,4390.769043,4401.025879,4513.077148,4551.410156,4567.820313,4532.05127,4399.743652,4410.128418,4588.461426,4518.333496,4514.743652,4409.102539,4590.769043,4403.717773,4567.436035,4507.563965,4408.461426,4548.461426,4508.077148,1851,1,24,2566,37362,,,,0,4,4,4,4,4,4,4,4,4,4,4,4,4,4,4,4,4,4,4,4,4,4,4,4,4,4,4,4,4,4,4,4,100,,,,,,,,,,,,,,,,,,,,,,,,,,,,,,,,,,,,,,,,,,,,,,,,,,,,,,,,,,,,,,,,,,,,,,,,,,,,,,,,,,,,,,,,,,,,,,,,,,,,,,,,,,,,,,,,,,,,,,,,,,,,,,,,,,,,,,,,,,,,,,,,,,,,,,,,,,,,,,,,,,,,,,,,,,,,,,,,,,,,,,,,,,,,,,,,,,,,,,,,,,,,,,
1764665422.949761,27595,0,4372.820313,4388.461426,4492.05127,4523.333496,4398.717773,4507.179688,4536.922852,4390.769043,4563.461426,4394.102539,4490.769043,4520.128418,4573.333496,4383.205078,4394.102539,4509.102539,4543.205078,4561.153809,4526.666504,4392.179688,4401.538574,4579.487305,4510.384766,4508.077148,4401.922852,4585.897461,4395,4559.102539,4501.538574,4401.666504,4537.820313,4500,2676,1,24,2566,37362,,,,0,4,4,4,4,4,4,4,4,4,4,4,4,4,4,4,4,4,4,4,4,4,4,4,4,4,4,4,4,4,4,4,4,100,,,,,,,,,,,,,,,,,,,,,,,,,,,,,,,,,,,,,,,,,,,,,,,,,,,,,,,,,,,,,,,,,,,,,,,,,,,,,,,,,,,,,,,,,,,,,,,,,,,,,,,,,,,,,,,,,,,,,,,,,,,,,,,,,,,,,,,,,,,,,,,,,,,,,,,,,,,,,,,,,,,,,,,,,,,,,,,,,,,,,,,,,,,,,,,,,,,,,,,,,,,,,,
1764665422.953667,27596,0,4362.820313,4380.128418,4488.077148,4518.589844,4391.538574,4500,4528.205078,4381.410156,4558.077148,4385.769043,4486.538574,4510.384766,4563.205078,4374.358887,4382.563965,4500.897461,4530.897461,4543.974121,4513.333496,4378.974121,4388.461426,4562.94873,4498.077148,4495.897461,4388.717773,4579.358887,4383.846191,4547.436035,4495.897461,4391.922852,4527.436035,4494.230957,2467,1,24,2562,37370,,,,0,4,4,4,4,4,4,4,4,4,4,4,4,4,4,4,4,4,4,4,4,4,4,4,4,4,4,4,4,4,4,4,4,100,,,,,,,,,,,,,,,,,,,,,,,,,,,,,,,,,,,,,,,,,,,,,,,,,,,,,,,,,,,,,,,,,,,,,,,,,,,,,,,,,,,,,,,,,,,,,,,,,,,,,,,,,,,,,,,,,,,,,,,,,,,,,,,,,,,,,,,,,,,,,,,,,,,,,,,,,,,,,,,,,,,,,,,,,,,,,,,,,,,,,,,,,,,,,,,,,,,,,,,,,,,,,,
1764665422.957573,27597,0,4354.358887,4373.461426,4486.153809,4515.512695,4385,4492.820313,4519.230957,4372.94873,4552.94873,4379.102539,4481.538574,4500,4551.025879,4368.333496,4372.436035,4490.769043,4517.820313,4521.922852,4495.897461,4365.769043,4375.128418,4543.589844,4486.282227,4482.94873,4373.461426,4572.692383,4374.743652,4536.538574,4492.563965,4383.589844,4521.410156,4492.94873,2180,1,24,2562,37370,,,,0,4,4,4,4,4,4,4,4,4,4,4,4,4,4,4,4,4,4,4,4,4,4,4,4,4,4,4,4,4,4,4,4,100,,,,,,,,,,,,,,,,,,,,,,,,,,,,,,,,,,,39667,0,0.019637,-0.693665,-0.719971,-0.009277,1.007936,0.032719,0.040532,18.5,0.833333,53.5,,,,,,,,,,,,,,,,,,,,,,,,,,,,,,,,,,,,,,,,,,,,,,,,,,,,,,,,,,,,,,,,,,,,,,,,,,,,,,,,,,,,,,,,,,,,,,,,,,,,,,,,,,,,,,,,,,,,,,,,,,,,,,,,,,,,,,,,,,,,,,,,,,,,,,,,,,,,,,,,
1764665422.961480,27598,0,4352.436035,4373.077148,4488.333496,4515.256348,4382.436035,4490.641113,4515.512695,4371.282227,4550.897461,4377.05127,4478.589844,4494.102539,4543.333496,4369.230957,4370.128418,4484.102539,4509.871582,4505.769043,4482.307617,4359.358887,4367.307617,4530.384766,4481.153809,4475.512695,4363.589844,4569.230957,4372.563965,4531.794922,4493.205078,4382.05127,4522.563965,4496.666504,2688,1,24,2560,37378,,,,0,4,4,4,4,4,4,4,4,4,4,4,4,4,4,4,4,4,4,4,4,4,4,4,4,4,4,4,4,4,4,4,4,100,,,,,,,,,,,,,,,,,,,,,,,,,,,,,,,,,,,,,,,,,,,,,,,,,,,,,,,,,,,,,,,,,,,,,,,,,,,,,,,,,,,,,,,,,,,,,,,,,,,,,,,,,,,,,,,,,,,,,,,,,,,,,,,,,,,,,,,,,,,,,,,,,,,,,,,,,,,,,,,,,,,,,,,,,,,,,,,,,,,,,,,,,,,,,,,,,,,,,,,,,,,,,,
1764665422.965386,27599,0,4360.128418,4380.769043,4495.384766,4519.102539,4386.666504,4496.922852,4521.410156,4379.358887,4554.871582,4381.666504,4480.641113,4497.179688,4545.641113,4377.94873,4377.436035,4485.512695,4511.794922,4503.717773,4479.615234,4362.94873,4368.589844,4529.743652,4486.538574,4477.179688,4365.256348,4571.025879,4379.743652,4536.794922,4499.102539,4390.128418,4530.897461,4504.230957,2469,1,24,2560,37378,,,,0,4,4,4,4,4,4,4,4,4,4,4,4,4,4,4,4,4,4,4,4,4,4,4,4,4,4,4,4,4,4,4,4,100,,,,,,,,,,,,,,,,,,,,,,,,,,,,,,,,,,,,,,,,,,,,,,,,,,,,,,,,,,,,,,,,,,,,,,,,,,,,,,,,,,,,,,,,,,,,,,,,,,,,,,,,,,,,,,,,,,,,,,,,,,,,,,,,,,,,,,,,,,,,,,,,,,,,,,,,,,,,,,,,,,,,,,,,,,,,,,,,,,,,,,,,,,,,,,,,,,,,,,,,,,,,,,
1764665422.969293,27600,0,4375.384766,4394.230957,4505.384766,4526.922852,4397.307617,4510.256348,4535.769043,4394.615234,4564.743652,4391.666504,4488.077148,4509.358887,4558.333496,4390,4390.128418,4494.230957,4523.717773,4514.615234,4488.077148,4373.205078,4377.820313,4542.05127,4501.153809,4486.666504,4378.974121,4577.692383,4393.589844,4550.128418,4509.102539,4405,4542.563965,4513.077148,2843,1,24,2561,37386,,,,0,4,4,4,4,4,4,4,4,4,4,4,4,4,4,4,4,4,4,4,4,4,4,4,4,4,4,4,4,4,4,4,4,100,,,,,,,,,,,,,,,,,,,,,,,,,,,,,,,,,,,,,,,,,,,,,,,,,,,,,,,,,,,,,,,,,,,,,,,,,,,,,,,,,,,,,,,,,,,,,,,,,,,,,,,,,,,,,,,,,,,,,,,,,,,,,,,,,,,,,,,,,,,,,,,,,,,,,,,,,,,,,,,,,,,,,,,,,,,,,,,,,,,,,,,,,,,,,,,,,,,,,,,,,,,,,,
1764665422.973199,27601,0,4392.179688,4408.077148,4515.128418,4536.538574,4410.512695,4525.512695,4552.692383,4410.641113,4577.563965,4403.461426,4497.692383,4525.897461,4575.384766,4399.102539,4400.769043,4504.487305,4540.512695,4529.615234,4500.769043,4383.333496,4390.384766,4560.256348,4518.846191,4499.487305,4399.230957,4586.538574,4408.205078,4566.666504,4520.384766,4420.384766,4552.436035,4521.153809,2900,1,24,2561,37386,,,,0,4,4,4,4,4,4,4,4,4,4,4,4,4,4,4,4,4,4,4,4,4,4,4,4,4,4,4,4,4,4,4,4,100,,,,,,,,,,,,,,,,,,,,,,,,,,,,,,,,,,,39668,0,0.019775,-0.693726,-0.71991,-0.009155,1.007936,0.032719,0.040532,19.5,1.166667,54.5,,,,,,,,,,,,,,,,,,,,,,,,,,,,,,,,,,,,,,,,,,,,,,,,,,,,,,,,,,,,,,,,,,,,,,,,,,,,,,,,,,,,,,,,,,,,,,,,,,,,,,,,,,,,,,,,,,,,,,,,,,,,,,,,,,,,,,,,,,,,,,,,,,,,,,,,,,,,,,,,
1764665422.977106,27602,0,4403.589844,4417.94873,4522.563965,4545.384766,4421.538574,4536.794922,4564.487305,4420.769043,4588.974121,4412.94873,4505,4539.871582,4588.333496,4401.666504,4404.102539,4509.615234,4555,4538.461426,4509.487305,4388.717773,4400.897461,4576.282227,4532.179688,4511.282227,4417.307617,4595,4418.077148,4580.256348,4528.717773,4430.256348,4558.077148,4527.820313,1751,1,24,2562,37394,,,,0,4,4,4,4,4,4,4,4,4,4,4,4,4,4,4,4,4,4,4,4,4,4,4,4,4,4,4,4,4,4,4,4,100,,,,,,,,,,,,,,,,,,,,,,,,,,,,,,,,,,,,,,,,,,,,,,,,,,,,,,,,,,,,,,,,,,,,,,,,,,,,,,,,,,,,,,,,,,,,,,,,,,,,,,,,,,,,,,,,,,,,,,,,,,,,,,,,,,,,,,,,,,,,,,,,,,,,,,,,,,,,,,,,,,,,,,,,,,,,,,,,,,,,,,,,,,,,,,,,,,,,,,,,,,,,,,
1764665422.981012,27603,0,4406.410156,4422.307617,4527.307617,4551.282227,4427.05127,4541.025879,4567.179688,4422.307617,4596.025879,4417.436035,4507.179688,4546.025879,4591.666504,4399.230957,4399.743652,4506.794922,4562.307617,4536.922852,4510.128418,4389.102539,4405.897461,4585,4536.794922,4519.487305,4427.05127,4601.153809,4421.410156,4587.436035,4531.666504,4433.077148,4560,4532.563965,2914,1,24,2562,37394,,,,0,4,4,4,4,4,4,4,4,4,4,4,4,4,4,4,4,4,4,4,4,4,4,4,4,4,4,4,4,4,4,4,4,100,,,,,,,,,,,,,,,,,,,,,,,,,,,,,,,,,,,,,,,,,,,,,,,,,,,,,,,,,,,,,,,,,,,,,,,,,,,,,,,,,,,,,,,,,,,,,,,,,,,,,,,,,,,,,,,,,,,,,,,,,,,,,,,,,,,,,,,,,,,,,,,,,,,,,,,,,,,,,,,,,,,,,,,,,,,,,,,,,,,,,,,,,,,,,,,,,,,,,,,,,,,,,,
1764665422.984919,27604,0,4402.05127,4422.692383,4529.615234,4552.692383,4426.410156,4538.846191,4561.410156,4416.922852,4597.05127,4415.641113,4504.358887,4543.333496,4586.282227,4395.641113,4391.153809,4498.846191,4561.922852,4528.077148,4504.743652,4387.179688,4406.025879,4586.538574,4533.589844,4523.589844,4426.794922,4603.846191,4419.871582,4588.077148,4529.102539,4430.512695,4560.128418,4535.512695,2514,1,24,2563,37401,,,,0,4,4,4,4,4,4,4,4,4,4,4,4,4,4,4,4,4,4,4,4,4,4,4,4,4,4,4,4,4,4,4,4,100,,,,,,,,,,,,,,,,,,,,,,,,,,,,,,,,,,,,,,,,,,,,,,,,,,,,,,,,,,,,,,,,,,,,,,,,,,,,,,,,,,,,,,,,,,,,,,,,,,,,,,,,,,,,,,,,,,,,,,,,,,,,,,,,,,,,,,,,,,,,,,,,,,,,,,,,,,,,,,,,,,,,,,,,,,,,,,,,,,,,,,,,,,,,,,,,,,,,,,,,,,,,,,
1764665422.988825,27605,0,4394.743652,4420.128418,4528.589844,4548.846191,4421.538574,4532.563965,4551.025879,4408.077148,4592.436035,4407.94873,4498.205078,4535.256348,4577.307617,4393.717773,4383.205078,4491.410156,4557.692383,4519.487305,4499.102539,4385.769043,4403.589844,4584.230957,4527.179688,4523.589844,4419.230957,4602.179688,4416.153809,4583.974121,4523.077148,4425,4558.974121,4535.769043,2795,1,24,2563,37401,,,,0,4,4,4,4,4,4,4,4,4,4,4,4,4,4,4,4,4,4,4,4,4,4,4,4,4,4,4,4,4,4,4,4,100,,,,,,,,,,,,,,,,,,,,,,,,,,,,,,,,,,,39669,0,0.019722,-0.693665,-0.719971,-0.009094,0.990355,0.055183,0.048834,19,-0.5,53.833332,,,,,,,,,,,,,,,,,,,,,,,,,,,,,,,,,,,,,,,,,,,,,,,,,,,,,,,,,,,,,,,,,,,,,,,,,,,,,,,,,,,,,,,,,,,,,,,,,,,,,,,,,,,,,,,,,,,,,,,,,,,,,,,,,,,,,,,,,,,,,,,,,,,,,,,,,,,,,,,,
1764665422.992732,27606,0,4388.717773,4415.384766,4523.205078,4540,4415.384766,4525.256348,4540.897461,4398.974121,4582.820313,4396.666504,4491.538574,4526.922852,4570.641113,4393.589844,4378.846191,4488.717773,4554.487305,4517.05127,4497.692383,4385.769043,4401.666504,4581.410156,4521.922852,4520.128418,4409.102539,4596.282227,4411.410156,4577.94873,4516.410156,4418.974121,4555.641113,4532.692383,2902,1,24,2564,37409,,,,0,4,4,4,4,4,4,4,4,4,4,4,4,4,4,4,4,4,4,4,4,4,4,4,4,4,4,4,4,4,4,4,4,100,,,,,,,,,,,,,,,,,,,,,,,,,,,,,,,,,,,,,,,,,,,,,,,,,,,,,,,,,,,,,,,,,,,,,,,,,,,,,,,,,,,,,,,,,,,,,,,,,,,,,,,,,,,,,,,,,,,,,,,,,,,,,,,,,,,,,,,,,,,,,,,,,,,,,,,,,,,,,,,,,,,,,,,,,,,,,,,,,,,,,,,,,,,,,,,,,,,,,,,,,,,,,,
1764665422.996638,27607,0,4386.153809,4409.487305,4514.230957,4528.717773,4410.769043,4519.871582,4534.358887,4391.410156,4571.410156,4385.897461,4487.436035,4523.205078,4569.743652,4394.487305,4379.487305,4492.05127,4555.128418,4522.436035,4501.922852,4386.794922,4401.794922,4581.025879,4520.256348,4515,4400.256348,4588.589844,4406.538574,4572.563965,4511.922852,4413.717773,4549.871582,4526.538574,2819,1,24,2564,37409,,,,0,4,4,4,4,4,4,4,4,4,4,4,4,4,4,4,4,4,4,4,4,4,4,4,4,4,4,4,4,4,4,4,4,100,,,,,,,,,,,,,,,,,,,,,,,,,,,,,,,,,,,,,,,,,,,,,,,,,,,,,,,,,,,,,,,,,,,,,,,,,,,,,,,,,,,,,,,,,,,,,,,,,,,,,,,,,,,,,,,,,,,,,,,,,,,,,,,,,,,,,,,,,,,,,,,,,,,,,,,,,,,,,,,,,,,,,,,,,,,,,,,,,,,,,,,,,,,,,,,,,,,,,,,,,,,,,,
1764665423.000545,27608,0,4387.307617,4405.384766,4505.128418,4520.256348,4410.256348,4518.846191,4533.461426,4387.179688,4562.94873,4381.666504,4488.205078,4525.769043,4575.128418,4396.922852,4385,4500.128418,4560.128418,4533.589844,4510.769043,4388.974121,4404.358887,4584.358887,4521.922852,4511.153809,4396.025879,4583.205078,4403.077148,4570.256348,4511.666504,4411.666504,4544.487305,4520.256348,2732,1,24,2565,37417,,,,0,4,4,4,4,4,4,4,4,4,4,4,4,4,4,4,4,4,4,4,4,4,4,4,4,4,4,4,4,4,4,4,4,100,,,,,,,,,,,,,,,,,,,,,,,,,,,,,,,,,,,,,,,,,,,,,,,,,,,,,,,,,,,,,,,,,,,,,,,,,,,,,,,,,,,,,,,,,,,,,,,,,,,,,,,,,,,,,,,,,,,,,,,,,,,,,,,,,,,,,,,,,,,,,,,,,,,,,,,,,,,,,,,,,,,,,,,,,,,,,,,,,,,,,,,,,,,,,,,,,,,,,,,,,,,,,,
1764665423.004451,27609,0,4391.153809,4406.153809,4501.794922,4519.871582,4414.743652,4523.461426,4538.846191,4388.589844,4562.692383,4388.461426,4494.615234,4533.205078,4584.615234,4401.922852,4394.230957,4510.256348,4567.307617,4547.563965,4522.179688,4393.333496,4409.358887,4591.794922,4526.025879,4511.538574,4397.820313,4583.846191,4403.205078,4572.820313,4515.256348,4414.871582,4543.077148,4517.94873,2803,1,24,2565,37417,,,,0,4,4,4,4,4,4,4,4,4,4,4,4,4,4,4,4,4,4,4,4,4,4,4,4,4,4,4,4,4,4,4,4,100,,,,,,,,,,,,,,,,,,,,,,,,,,,,,,,,,,,39670,0,0.019666,-0.693665,-0.719971,-0.009216,1.00061,0.043462,0.046392,21.666666,1.833333,55.833332,,,,,,,,,,,,,,,,,,,,,,,,,,,,,,,,,,,,,,,,,,,,,,,,,,,,,,,,,,,,,,,,,,,,,,,,,,,,,,,,,,,,,,,,,,,,,,,,,,,,,,,,,,,,,,,,,,,,,,,,,,,,,,,,,,,,,,,,,,,,,,,,,,,,,,,,,,,,,,,,
1764665423.008358,27610,0,4395.512695,4412.692383,4507.820313,4529.102539,4423.077148,4532.307617,4549.358887,4396.794922,4571.794922,4405.641113,4504.487305,4541.666504,4594.615234,4408.717773,4404.743652,4520.641113,4573.589844,4561.153809,4532.94873,4400.128418,4416.538574,4601.538574,4531.025879,4517.05127,4404.743652,4590.769043,4408.077148,4579.230957,4520.641113,4423.589844,4547.179688,4522.179688,1923,1,24,2566,37425,,,,0,4,4,4,4,4,4,4,4,4,4,4,4,4,4,4,4,4,4,4,4,4,4,4,4,4,4,4,4,4,4,4,4,100,,,,,,,,,,,,,,,,,,,,,,,,,,,,,,,,,,,,,,,,,,,,,,,0.637972,6.38092,1.594851,1.660238,1.535752,1.209021,5.893489,1.393429,2.139319,1.886109,1.39692,2.752465,1.378352,2.345126,1.952278,1.178533,2.43069,1.114485,1.669663,1.847084,1.8037,3.875482,1.479944,1.939383,1.671056,1.109884,5.893616,1.069001,1.767641,1.485642,0.884964,4.76083,1.243625,2.093188,1.715026,0.848918,2.926661,1.093543,1.491837,1.80418,0.956997,1.19084,0.656914,2.127977,1.884585,1.241819,2.689786,1.318944,1.598935,2.029169,1.179557,2.64139,0.858434,1.154234,1.28092,1.857459,7.375019,1.620625,1.653074,1.580615,0.905182,5.36996,0.949593,1.60748,1.396724,0.341454,0.791348,0.809617,0.909497,1.022214,0.228517,1.006431,1.087424,1.607638,1.220671,0.404905,1.458586,0.743003,0.998462,0.845934,1.419452,10.906933,1.813841,2.234955,1.925375,0.820983,3.66411,1.800402,1.858247,1.74474,0.738859,3.411389,1.159923,1.093058,1.148766,0.57042,4.716282,1.35348,1.777176,1.519732,1.014912,6.846138,1.444019,2.267727,1.579871,1.15262,6.117932,1.788315,2.076916,1.600509,1.12753,7.414406,1.593318,1.768288,1.551497,0.83599,4.38574,1.899116,1.976004,1.724172,0.863042,1.939073,3.918128,1.933594,3.044393,1.411795,0.987976,1.641951,1.392967,1.528819,0.769412,3.286226,1.446006,2.256539,1.891248,0.860044,5.253979,1.334394,2.321578,1.719581,0.436734,2.966769,0.496463,1.117278,0.836753,1.372844,3.728431,1.26805,1.993235,1.667323,1.041055,2.596269,1.566786,2.222542,1.89207,1.574236,2.652167,1.224443,2.043561,1.726089
1764665423.012264,27611,0,4398.461426,4422.436035,4522.05127,4543.846191,4432.05127,4541.922852,4560.641113,4409.358887,4585.512695,4424.615234,4513.205078,4546.538574,4601.025879,4414.487305,4412.820313,4528.974121,4576.794922,4571.922852,4539.615234,4407.820313,4424.102539,4609.487305,4535.256348,4525.641113,4413.974121,4600.256348,4416.282227,4586.794922,4524.871582,4434.487305,4555.384766,4531.153809,2617,1,24,2566,37425,,,,0,4,4,4,4,4,4,4,4,4,4,4,4,4,4,4,4,4,4,4,4,4,4,4,4,4,4,4,4,4,4,4,4,100,,,,,,,,,,,,,,,,,,,,,,,,,,,,,,,,,,,,,,,,,,,,,,,,,,,,,,,,,,,,,,,,,,,,,,,,,,,,,,,,,,,,,,,,,,,,,,,,,,,,,,,,,,,,,,,,,,,,,,,,,,,,,,,,,,,,,,,,,,,,,,,,,,,,,,,,,,,,,,,,,,,,,,,,,,,,,,,,,,,,,,,,,,,,,,,,,,,,,,,,,,,,,,
1764665423.016171,27612,0,4398.333496,4430.128418,4537.179688,4556.794922,4437.563965,4547.692383,4567.179688,4420.128418,4595.769043,4434.615234,4516.153809,4545.256348,4601.282227,4415.769043,4415.512695,4533.589844,4576.538574,4577.692383,4540.641113,4412.820313,4429.230957,4611.922852,4536.538574,4532.692383,4420.769043,4606.410156,4423.589844,4591.538574,4526.025879,4443.205078,4563.333496,4539.358887,2673,1,24,2567,37433,,,,0,4,4,4,4,4,4,4,4,4,4,4,4,4,4,4,4,4,4,4,4,4,4,4,4,4,4,4,4,4,4,4,4,100,,,,,,,,,,,,,,,,,,,,,,,,,,,,,,,,,,,,,,,,,,,,,,,,,,,,,,,,,,,,,,,,,,,,,,,,,,,,,,,,,,,,,,,,,,,,,,,,,,,,,,,,,,,,,,,,,,,,,,,,,,,,,,,,,,,,,,,,,,,,,,,,,,,,,,,,,,,,,,,,,,,,,,,,,,,,,,,,,,,,,,,,,,,,,,,,,,,,,,,,,,,,,,
1764665423.020077,27613,0,4395.256348,4431.538574,4544.871582,4561.153809,4437.436035,4547.692383,4566.410156,4423.333496,4597.307617,4430.128418,4511.538574,4538.461426,4595.769043,4411.538574,4412.436035,4534.230957,4573.589844,4577.563965,4537.563965,4413.077148,4429.615234,4607.692383,4534.358887,4535,4422.94873,4605.384766,4426.538574,4590.897461,4524.615234,4446.282227,4567.307617,4542.179688,2513,1,24,2567,37433,,,,0,4,4,4,4,4,4,4,4,4,4,4,4,4,4,4,4,4,4,4,4,4,4,4,4,4,4,4,4,4,4,4,4,100,,,,,,,,,,,,,,,,,,,,,,,,,,,,,,,,,,,39671,0,0.019694,-0.693665,-0.719971,-0.009155,1.001587,0.038579,0.039556,19.5,-0.333333,55,,,,,,,,,,,,,,,,,,,,,,,,,,,,,,,,,,,,,,,,,,,,,,,,,,,,,,,,,,,,,,,,,,,,,,,,,,,,,,,,,,,,,,,,,,,,,,,,,,,,,,,,,,,,,,,,,,,,,,,,,,,,,,,,,,,,,,,,,,,,,,,,,,,,,,,,,,,,,,,,
1764665423.023984,27614,0,4391.153809,4426.922852,4540.641113,4556.025879,4432.436035,4542.436035,4559.743652,4417.436035,4590.256348,4415,4501.538574,4529.615234,4587.179688,4403.974121,4405.512695,4531.666504,4568.846191,4572.307617,4533.333496,4408.974121,4425.128418,4599.358887,4529.871582,4532.05127,4421.410156,4597.94873,4423.974121,4585,4521.794922,4443.461426,4565.897461,4538.333496,2641,1,24,2568,37441,,,,0,4,4,4,4,4,4,4,4,4,4,4,4,4,4,4,4,4,4,4,4,4,4,4,4,4,4,4,4,4,4,4,4,100,,,,,,,,,,,,,,,,,,,,,,,,,,,,,,,,,,,,,,,,,,,,,,,,,,,,,,,,,,,,,,,,,,,,,,,,,,,,,,,,,,,,,,,,,,,,,,,,,,,,,,,,,,,,,,,,,,,,,,,,,,,,,,,,,,,,,,,,,,,,,,,,,,,,,,,,,,,,,,,,,,,,,,,,,,,,,,,,,,,,,,,,,,,,,,,,,,,,,,,,,,,,,,
1764665423.027890,27615,0,4387.307617,4418.974121,4526.666504,4545.769043,4425,4534.358887,4550.512695,4406.153809,4579.871582,4399.230957,4491.282227,4521.538574,4579.102539,4397.179688,4397.820313,4526.666504,4562.692383,4564.230957,4530,4403.461426,4417.820313,4590.384766,4524.615234,4525.384766,4418.333496,4587.94873,4417.307617,4576.666504,4518.205078,4436.410156,4560.128418,4529.743652,2803,1,24,2568,37441,,,,0,4,4,4,4,4,4,4,4,4,4,4,4,4,4,4,4,4,4,4,4,4,4,4,4,4,4,4,4,4,4,4,4,100,,,,,,,,,,,,,,,,,,,,,,,,,,,,,,,,,,,,,,,,,,,,,,,,,,,,,,,,,,,,,,,,,,,,,,,,,,,,,,,,,,,,,,,,,,,,,,,,,,,,,,,,,,,,,,,,,,,,,,,,,,,,,,,,,,,,,,,,,,,,,,,,,,,,,,,,,,,,,,,,,,,,,,,,,,,,,,,,,,,,,,,,,,,,,,,,,,,,,,,,,,,,,,
1764665423.031797,27616,0,4383.717773,4410.897461,4510,4535.897461,4417.179688,4525.128418,4541.538574,4394.871582,4571.282227,4390.512695,4484.487305,4515,4573.333496,4393.974121,4390.512695,4520,4554.743652,4555,4526.538574,4398.077148,4409.358887,4583.077148,4519.358887,4516.794922,4413.717773,4579.487305,4408.589844,4568.589844,4513.333496,4427.94873,4551.794922,4519.615234,2754,1,24,2569,37448,,,,0,4,4,4,4,4,4,4,4,4,4,4,4,4,4,4,4,4,4,4,4,4,4,4,4,4,4,4,4,4,4,4,4,100,,,,,,,,,,,,,,,,,,,,,,,,,,,,,,,,,,,,,,,,,,,,,,,,,,,,,,,,,,,,,,,,,,,,,,,,,,,,,,,,,,,,,,,,,,,,,,,,,,,,,,,,,,,,,,,,,,,,,,,,,,,,,,,,,,,,,,,,,,,,,,,,,,,,,,,,,,,,,,,,,,,,,,,,,,,,,,,,,,,,,,,,,,,,,,,,,,,,,,,,,,,,,,
1764665423.035703,27617,0,4379.102539,4404.102539,4498.205078,4529.743652,4409.743652,4516.282227,4534.230957,4387.179688,4566.410156,4389.487305,4482.307617,4508.974121,4569.358887,4394.358887,4383.717773,4512.307617,4544.487305,4545.641113,4521.410156,4392.563965,4400.512695,4576.666504,4513.589844,4507.179688,4405.641113,4574.358887,4399.615234,4561.666504,4507.436035,4419.871582,4543.717773,4510.384766,2910,1,24,2569,37448,,,,0,4,4,4,4,4,4,4,4,4,4,4,4,4,4,4,4,4,4,4,4,4,4,4,4,4,4,4,4,4,4,4,4,100,,,,,,,,,,,,,,,,,,,,,,,,,,,,,,,,,,,39672,0,0.019747,-0.693726,-0.71991,-0.009216,0.990844,0.044439,0.033696,19.666666,0.833333,53.833332,,,,,,,,,,,,,,,,,,,,,,,,,,,,,,,,,,,,,,,,,,,,,,,,,,,,,,,,,,,,,,,,,,,,,,,,,,,,,,,,,,,,,,,,,,,,,,,,,,,,,,,,,,,,,,,,,,,,,,,,,,,,,,,,,,,,,,,,,,,,,,,,,,,,,,,,,,,,,,,,
1764665423.039610,27618,0,4373.077148,4398.974121,4495.641113,4527.692383,4403.333496,4509.487305,4529.102539,4383.974121,4564.743652,4392.307617,4482.94873,4502.692383,4565.641113,4395.641113,4378.077148,4505.128418,4532.94873,4536.794922,4513.846191,4386.025879,4392.05127,4569.743652,4507.179688,4497.94873,4393.461426,4572.179688,4392.563965,4556.153809,4501.922852,4414.230957,4538.205078,4504.358887,2585,1,24,2570,37456,,,,0,4,4,4,4,4,4,4,4,4,4,4,4,4,4,4,4,4,4,4,4,4,4,4,4,4,4,4,4,4,4,4,4,100,,,,,,,,,,,,,,,,,,,,,,,,,,,,,,,,,,,,,,,,,,,,,,,,,,,,,,,,,,,,,,,,,,,,,,,,,,,,,,,,,,,,,,,,,,,,,,,,,,,,,,,,,,,,,,,,,,,,,,,,,,,,,,,,,,,,,,,,,,,,,,,,,,,,,,,,,,,,,,,,,,,,,,,,,,,,,,,,,,,,,,,,,,,,,,,,,,,,,,,,,,,,,,
1764665423.043516,27619,0,4367.94873,4397.307617,4501.538574,4529.102539,4400.512695,4507.179688,4527.179688,4385.128418,4565.512695,4395.641113,4484.743652,4497.820313,4561.410156,4395.897461,4375.641113,4500.128418,4522.563965,4529.230957,4505.512695,4378.974121,4385.256348,4562.05127,4501.666504,4491.922852,4381.025879,4572.692383,4390.128418,4552.563965,4499.615234,4412.179688,4537.307617,4503.974121,2843,1,24,2570,37456,,,,0,4,4,4,4,4,4,4,4,4,4,4,4,4,4,4,4,4,4,4,4,4,4,4,4,4,4,4,4,4,4,4,4,100,,,,,,,,,,,,,,,,,,,,,,,,,,,,,,,,,,,,,,,,,,,,,,,,,,,,,,,,,,,,,,,,,,,,,,,,,,,,,,,,,,,,,,,,,,,,,,,,,,,,,,,,,,,,,,,,,,,,,,,,,,,,,,,,,,,,,,,,,,,,,,,,,,,,,,,,,,,,,,,,,,,,,,,,,,,,,,,,,,,,,,,,,,,,,,,,,,,,,,,,,,,,,,
1764665423.047423,27620,0,4366.922852,4400.512695,4511.794922,4533.461426,4403.461426,4510.641113,4528.846191,4390.256348,4568.717773,4399.487305,4487.179688,4496.922852,4557.307617,4395.512695,4378.077148,4498.461426,4516.794922,4523.846191,4498.589844,4373.974121,4381.666504,4554.743652,4499.871582,4491.410156,4375.512695,4576.282227,4393.974121,4552.307617,4501.794922,4414.743652,4541.025879,4509.615234,2744,1,24,2564,37464,,,,0,4,4,4,4,4,4,4,4,4,4,4,4,4,4,4,4,4,4,4,4,4,4,4,4,4,4,4,4,4,4,4,4,100,,,,,,,,,,,,,,,,,,,,,,,,,,,,,,,,,,,,,,,,,,,,,,,,,,,,,,,,,,,,,,,,,,,,,,,,,,,,,,,,,,,,,,,,,,,,,,,,,,,,,,,,,,,,,,,,,,,,,,,,,,,,,,,,,,,,,,,,,,,,,,,,,,,,,,,,,,,,,,,,,,,,,,,,,,,,,,,,,,,,,,,,,,,,,,,,,,,,,,,,,,,,,,
1764665423.051329,27621,0,4370.512695,4407.563965,4520.641113,4538.974121,4410.512695,4517.692383,4533.333496,4397.307617,4573.077148,4404.487305,4490,4500.769043,4554.615234,4396.153809,4383.589844,4498.974121,4517.05127,4520.384766,4494.743652,4372.436035,4381.025879,4549.871582,4502.436035,4495.384766,4380.769043,4581.794922,4401.922852,4555.256348,4507.307617,4420.384766,4546.538574,4518.333496,2774,1,24,2564,37464,,,,0,4,4,4,4,4,4,4,4,4,4,4,4,4,4,4,4,4,4,4,4,4,4,4,4,4,4,4,4,4,4,4,4,100,,,,,,,,,,,,,,,,,,,,,,,,,,,,,,,,,,,39673,0,0.019694,-0.693665,-0.719971,-0.009155,1.002075,0.033207,0.042974,19,1.333333,52.166668,,,,,,,,,,,,,,,,,,,,,,,,,,,,,,,,,,,,,,,,,,,,,,,,,,,,,,,,,,,,,,,,,,,,,,,,,,,,,,,,,,,,,,,,,,,,,,,,,,,,,,,,,,,,,,,,,,,,,,,,,,,,,,,,,,,,,,,,,,,,,,,,,,,,,,,,,,,,,,,,
1764665423.055236,27622,0,4375.512695,4413.589844,4523.077148,4542.820313,4416.538574,4523.589844,4537.436035,4402.307617,4575.512695,4408.461426,4492.307617,4507.179688,4554.102539,4397.692383,4387.179688,4499.871582,4521.410156,4519.102539,4494.230957,4373.333496,4381.794922,4548.205078,4506.410156,4500,4393.205078,4585.897461,4408.974121,4558.974121,4512.436035,4425,4549.230957,4524.102539,2784,1,24,2564,37472,,,,0,4,4,4,4,4,4,4,4,4,4,4,4,4,4,4,4,4,4,4,4,4,4,4,4,4,4,4,4,4,4,4,4,100,,,,,,,,,,,,,,,,,,,,,,,,,,,,,,,,,,,,,,,,,,,,,,,,,,,,,,,,,,,,,,,,,,,,,,,,,,,,,,,,,,,,,,,,,,,,,,,,,,,,,,,,,,,,,,,,,,,,,,,,,,,,,,,,,,,,,,,,,,,,,,,,,,,,,,,,,,,,,,,,,,,,,,,,,,,,,,,,,,,,,,,,,,,,,,,,,,,,,,,,,,,,,,
1764665423.059142,27623,0,4377.05127,4413.461426,4516.794922,4541.538574,4415.897461,4523.589844,4537.179688,4401.410156,4572.05127,4406.410156,4491.922852,4512.436035,4555,4398.333496,4384.487305,4499.230957,4525.512695,4519.487305,4495.897461,4373.333496,4381.922852,4548.717773,4508.461426,4500.641113,4403.717773,4585.128418,4409.358887,4559.230957,4513.589844,4424.102539,4545.256348,4521.922852,2971,1,24,2564,37472,,,,0,4,4,4,4,4,4,4,4,4,4,4,4,4,4,4,4,4,4,4,4,4,4,4,4,4,4,4,4,4,4,4,4,100,,,,,,,,,,,,,,,,,,,,,,,,,,,,,,,,,,,,,,,,,,,,,,,,,,,,,,,,,,,,,,,,,,,,,,,,,,,,,,,,,,,,,,,,,,,,,,,,,,,,,,,,,,,,,,,,,,,,,,,,,,,,,,,,,,,,,,,,,,,,,,,,,,,,,,,,,,,,,,,,,,,,,,,,,,,,,,,,,,,,,,,,,,,,,,,,,,,,,,,,,,,,,,
1764665423.063049,27624,0,4372.820313,4405.384766,4504.102539,4533.717773,4407.307617,4516.025879,4531.282227,4394.358887,4560.769043,4396.025879,4487.692383,4513.589844,4555.128418,4395.769043,4375.769043,4496.025879,4525.897461,4520.128418,4497.692383,4369.615234,4380.128418,4549.358887,4506.538574,4495.512695,4404.743652,4578.717773,4401.282227,4554.102539,4509.230957,4416.538574,4535,4511.410156,2858,1,24,2562,37480,,,,0,4,4,4,4,4,4,4,4,4,4,4,4,4,4,4,4,4,4,4,4,4,4,4,4,4,4,4,4,4,4,4,4,100,,,,,,,,,,,,,,,,,,,,,,,,,,,,,,,,,,,,,,,,,,,,,,,,,,,,,,,,,,,,,,,,,,,,,,,,,,,,,,,,,,,,,,,,,,,,,,,,,,,,,,,,,,,,,,,,,,,,,,,,,,,,,,,,,,,,,,,,,,,,,,,,,,,,,,,,,,,,,,,,,,,,,,,,,,,,,,,,,,,,,,,,,,,,,,,,,,,,,,,,,,,,,,
1764665423.066955,27625,0,4364.615234,4392.820313,4490.512695,4521.666504,4394.871582,4503.589844,4522.307617,4383.589844,4545.384766,4380.769043,4480.769043,4509.743652,4552.820313,4390.512695,4366.410156,4490.256348,4522.820313,4518.717773,4497.436035,4362.436035,4376.666504,4548.333496,4501.922852,4487.436035,4395,4569.230957,4388.077148,4545.384766,4501.538574,4405.384766,4522.436035,4496.538574,2712,1,24,2562,37480,,,,0,4,4,4,4,4,4,4,4,4,4,4,4,4,4,4,4,4,4,4,4,4,4,4,4,4,4,4,4,4,4,4,4,100,,,,,,,,,,,,,,,,,,,,,,,,,,,,,,,,,,,39674,0,0.019806,-0.693665,-0.719971,-0.008911,0.991332,0.040044,0.041509,19,-0.166667,55.166668,,,,,,,,,,,,,,,,,,,,,,,,,,,,,,,,,,,,,,,,,,,,,,,,,,,,,,,,,,,,,,,,,,,,,,,,,,,,,,,,,,,,,,,,,,,,,,,,,,,,,,,,,,,,,,,,,,,,,,,,,,,,,,,,,,,,,,,,,,,,,,,,,,,,,,,,,,,,,,,,
1764665423.070862,27626,0,4358.077148,4383.077148,4481.538574,4511.153809,4385,4492.436035,4515.641113,4374.102539,4533.461426,4369.102539,4474.615234,4503.717773,4548.846191,4385.512695,4362.436035,4484.743652,4519.615234,4514.615234,4494.743652,4355.512695,4373.717773,4546.538574,4498.205078,4481.410156,4380.769043,4561.666504,4376.410156,4537.820313,4494.615234,4397.179688,4513.589844,4483.717773,1860,1,24,2304,37487,,,,0,4,4,4,4,4,4,4,4,4,4,4,4,4,4,4,4,4,4,4,4,4,4,4,4,4,4,4,4,4,4,4,4,100,,,,,,,,,,,,,,,,,,,,,,,,,,,,,,,,,,,,,,,,,,,,,,,,,,,,,,,,,,,,,,,,,,,,,,,,,,,,,,,,,,,,,,,,,,,,,,,,,,,,,,,,,,,,,,,,,,,,,,,,,,,,,,,,,,,,,,,,,,,,,,,,,,,,,,,,,,,,,,,,,,,,,,,,,,,,,,,,,,,,,,,,,,,,,,,,,,,,,,,,,,,,,,
1764665423.074768,27627,0,4357.94873,4381.794922,4480.384766,4508.461426,4382.307617,4488.461426,4516.025879,4370.256348,4532.94873,4368.846191,4473.461426,4500.641113,4546.666504,4384.871582,4366.922852,4482.820313,4520.512695,4510,4491.410156,4353.846191,4373.717773,4546.922852,4499.487305,4481.666504,4370.897461,4560.128418,4372.820313,4536.538574,4492.563965,4397.179688,4512.820313,4479.871582,2684,1,24,2304,37487,,,,0,4,4,4,4,4,4,4,4,4,4,4,4,4,4,4,4,4,4,4,4,4,4,4,4,4,4,4,4,4,4,4,4,100,,,,,,,,,,,,,,,,,,,,,,,,,,,,,,,,,,,,,,,,,,,,,,,,,,,,,,,,,,,,,,,,,,,,,,,,,,,,,,,,,,,,,,,,,,,,,,,,,,,,,,,,,,,,,,,,,,,,,,,,,,,,,,,,,,,,,,,,,,,,,,,,,,,,,,,,,,,,,,,,,,,,,,,,,,,,,,,,,,,,,,,,,,,,,,,,,,,,,,,,,,,,,,
1764665423.078675,27628,0,4364.487305,4389.358887,4486.282227,4514.871582,4387.179688,4493.461426,4523.974121,4373.846191,4544.871582,4380.512695,4478.461426,4503.974121,4549.743652,4389.358887,4377.05127,4486.410156,4526.922852,4508.589844,4490.128418,4359.487305,4378.077148,4551.794922,4506.666504,4487.94873,4371.025879,4565,4378.461426,4543.077148,4495.897461,4405.641113,4519.487305,4486.922852,2479,1,24,1024,37495,,,,0,4,4,4,4,4,4,4,4,4,4,4,4,4,4,4,4,4,4,4,4,4,4,4,4,4,4,4,4,4,4,4,4,100,,,,,,,,,,,,,,,,,,,,,,,,,,,,,,,,,,,,,,,,,,,,,,,,,,,,,,,,,,,,,,,,,,,,,,,,,,,,,,,,,,,,,,,,,,,,,,,,,,,,,,,,,,,,,,,,,,,,,,,,,,,,,,,,,,,,,,,,,,,,,,,,,,,,,,,,,,,,,,,,,,,,,,,,,,,,,,,,,,,,,,,,,,,,,,,,,,,,,,,,,,,,,,
1764665423.082581,27629,0,4373.077148,4399.102539,4494.102539,4525.512695,4395.512695,4503.205078,4534.743652,4382.307617,4561.794922,4395.897461,4486.922852,4512.05127,4557.692383,4396.282227,4385.769043,4493.717773,4536.410156,4511.922852,4491.794922,4369.487305,4384.743652,4559.615234,4515.897461,4495.512695,4379.487305,4572.307617,4388.077148,4552.94873,4501.410156,4416.666504,4527.820313,4499.871582,2192,1,24,1024,37495,,,,0,4,4,4,4,4,4,4,4,4,4,4,4,4,4,4,4,4,4,4,4,4,4,4,4,4,4,4,4,4,4,4,4,100,,,,,,,,,,,,,,,,,,,,,,,,,,,,,,,,,,,39675,0,0.019806,-0.693665,-0.719971,-0.008911,0.992309,0.051764,0.035649,19.5,0.666667,53.666668,,,,,,,,,,,,,,,,,,,,,,,,,,,,,,,,,,,,,,,,,,,,,,,,,,,,,,,,,,,,,,,,,,,,,,,,,,,,,,,,,,,,,,,,,,,,,,,,,,,,,,,,,,,,,,,,,,,,,,,,,,,,,,,,,,,,,,,,,,,,,,,,,,,,,,,,,,,,,,,,
1764665423.086488,27630,0,4377.820313,4402.94873,4497.94873,4532.307617,4401.538574,4510.641113,4541.922852,4390,4572.307617,4403.974121,4493.717773,4519.358887,4566.282227,4400.641113,4387.820313,4500.769043,4543.589844,4518.589844,4494.743652,4377.820313,4390.128418,4565.897461,4521.538574,4498.717773,4389.358887,4576.538574,4393.589844,4558.846191,4504.487305,4421.922852,4530.512695,4509.487305,2703,1,24,1280,37503,,,,0,4,4,4,4,4,4,4,4,4,4,4,4,4,4,4,4,4,4,4,4,4,4,4,4,4,4,4,4,4,4,4,4,100,,,,,,,,,,,,,,,,,,,,,,,,,,,,,,,,,,,,,,,,,,,,,,,,,,,,,,,,,,,,,,,,,,,,,,,,,,,,,,,,,,,,,,,,,,,,,,,,,,,,,,,,,,,,,,,,,,,,,,,,,,,,,,,,,,,,,,,,,,,,,,,,,,,,,,,,,,,,,,,,,,,,,,,,,,,,,,,,,,,,,,,,,,,,,,,,,,,,,,,,,,,,,,
1764665423.090394,27631,0,4376.282227,4397.563965,4495.128418,4530.641113,4401.153809,4510.897461,4541.922852,4392.307617,4570.641113,4400.512695,4495.256348,4520.641113,4570.897461,4400.128418,4383.461426,4505.256348,4544.615234,4526.153809,4497.94873,4380.769043,4392.307617,4567.436035,4520.128418,4495.769043,4393.846191,4575.641113,4390.769043,4556.666504,4503.333496,4417.692383,4525,4509.615234,2481,1,24,1280,37503,,,,0,4,4,4,4,4,4,4,4,4,4,4,4,4,4,4,4,4,4,4,4,4,4,4,4,4,4,4,4,4,4,4,4,100,,,,,,,,,,,,,,,,,,,,,,,,,,,,,,,,,,,,,,,,,,,,,,,,,,,,,,,,,,,,,,,,,,,,,,,,,,,,,,,,,,,,,,,,,,,,,,,,,,,,,,,,,,,,,,,,,,,,,,,,,,,,,,,,,,,,,,,,,,,,,,,,,,,,,,,,,,,,,,,,,,,,,,,,,,,,,,,,,,,,,,,,,,,,,,,,,,,,,,,,,,,,,,
1764665423.094301,27632,0,4371.282227,4387.179688,4488.974121,4523.846191,4395.769043,4505,4536.922852,4389.615234,4561.025879,4391.538574,4492.436035,4515.641113,4570.897461,4396.410156,4378.333496,4507.692383,4540.769043,4533.077148,4502.05127,4380.128418,4392.692383,4565.384766,4513.974121,4490,4391.025879,4571.794922,4382.563965,4548.846191,4499.230957,4407.692383,4515.897461,4502.179688,2858,1,24,1536,37511,,,,0,4,4,4,4,4,4,4,4,4,4,4,4,4,4,4,4,4,4,4,4,4,4,4,4,4,4,4,4,4,4,4,4,100,,,,,,,,,,,,,,,,,,,,,,,,,,,,,,,,,,,,,,,,,,,,,,,,,,,,,,,,,,,,,,,,,,,,,,,,,,,,,,,,,,,,,,,,,,,,,,,,,,,,,,,,,,,,,,,,,,,,,,,,,,,,,,,,,,,,,,,,,,,,,,,,,,,,,,,,,,,,,,,,,,,,,,,,,,,,,,,,,,,,,,,,,,,,,,,,,,,,,,,,,,,,,,
1764665423.098207,27633,0,4368.205078,4379.871582,4485.384766,4519.102539,4390.769043,4498.589844,4533.077148,4386.282227,4553.717773,4387.692383,4489.102539,4509.230957,4569.358887,4393.205078,4378.077148,4510.128418,4536.794922,4539.615234,4508.846191,4380.128418,4394.487305,4564.102539,4508.717773,4487.436035,4383.974121,4569.487305,4376.025879,4541.922852,4496.025879,4399.871582,4510.512695,4494.358887,2915,1,24,1536,37511,,,,0,4,4,4,4,4,4,4,4,4,4,4,4,4,4,4,4,4,4,4,4,4,4,4,4,4,4,4,4,4,4,4,4,100,,,,,,,,,,,,,,,,,,,,,,,,,,,,,,,,,,,39676,0,0.019806,-0.693665,-0.719971,-0.008911,0.992309,0.051764,0.035649,19.5,0.666667,53.333332,,,,,,,,,,,,,,,,,,,,,,,,,,,,,,,,,,,,,,,,,,,,,,,,,,,,,,,,,,,,,,,,,,,,,,,,,,,,,,,,,,,,,,,,,,,,,,,,,,,,,,,,,,,,,,,,,,,,,,,,,,,,,,,,,,,,,,,,,,,,,,,,,,,,,,,,,,,,,,,,
1764665423.102114,27634,0,4369.615234,4381.153809,4488.205078,4521.538574,4390.769043,4496.410156,4533.974121,4386.666504,4555.641113,4394.743652,4488.461426,4507.179688,4569.615234,4393.077148,4383.589844,4513.974121,4537.563965,4546.025879,4517.307617,4383.717773,4399.358887,4566.922852,4508.846191,4491.282227,4377.692383,4571.666504,4376.538574,4541.794922,4496.025879,4399.743652,4512.563965,4492.692383,1761,1,24,1792,37519,,,,0,4,4,4,4,4,4,4,4,4,4,4,4,4,4,4,4,4,4,4,4,4,4,4,4,4,4,4,4,4,4,4,4,100,,,,,,,,,,,,,,,,,,,,,,,,,,,,,,,,,,,,,,,,,,,,,,,,,,,,,,,,,,,,,,,,,,,,,,,,,,,,,,,,,,,,,,,,,,,,,,,,,,,,,,,,,,,,,,,,,,,,,,,,,,,,,,,,,,,,,,,,,,,,,,,,,,,,,,,,,,,,,,,,,,,,,,,,,,,,,,,,,,,,,,,,,,,,,,,,,,,,,,,,,,,,,,
1764665423.106020,27635,0,4374.487305,4389.871582,4496.153809,4530.256348,4396.666504,4499.871582,4538.974121,4391.410156,4565.641113,4408.461426,4491.153809,4511.666504,4572.436035,4395.769043,4391.410156,4519.102539,4543.974121,4551.922852,4524.487305,4389.743652,4405.897461,4573.333496,4514.230957,4499.358887,4375.512695,4577.179688,4384.102539,4548.717773,4499.743652,4406.538574,4520.512695,4498.461426,2930,1,24,1792,37519,,,,0,4,4,4,4,4,4,4,4,4,4,4,4,4,4,4,4,4,4,4,4,4,4,4,4,4,4,4,4,4,4,4,4,100,,,,,,,,,,,,,,,,,,,,,,,,,,,,,,,,,,,,,,,,,,,,,,,,,,,,,,,,,,,,,,,,,,,,,,,,,,,,,,,,,,,,,,,,,,,,,,,,,,,,,,,,,,,,,,,,,,,,,,,,,,,,,,,,,,,,,,,,,,,,,,,,,,,,,,,,,,,,,,,,,,,,,,,,,,,,,,,,,,,,,,,,,,,,,,,,,,,,,,,,,,,,,,
1764665423.109927,27636,0,4379.743652,4400.512695,4505,4539.743652,4404.743652,4506.538574,4544.615234,4397.820313,4576.153809,4419.871582,4495.512695,4520,4576.025879,4399.358887,4397.563965,4524.102539,4552.563965,4556.282227,4527.436035,4395.512695,4410.897461,4580,4520.512695,4506.538574,4378.974121,4582.94873,4393.974121,4558.461426,4505.256348,4415.384766,4529.358887,4508.461426,2530,1,24,2048,37526,,,,0,4,4,4,4,4,4,4,4,4,4,4,4,4,4,4,4,4,4,4,4,4,4,4,4,4,4,4,4,4,4,4,4,100,,,,,,,,,,,,,,,,,,,,,,,,,,,,,,,,,,,,,,,,,,,,,,,,,,,,,,,,,,,,,,,,,,,,,,,,,,,,,,,,,,,,,,,,,,,,,,,,,,,,,,,,,,,,,,,,,,,,,,,,,,,,,,,,,,,,,,,,,,,,,,,,,,,,,,,,,,,,,,,,,,,,,,,,,,,,,,,,,,,,,,,,,,,,,,,,,,,,,,,,,,,,,,
1764665423.113833,27637,0,4383.589844,4407.307617,4510.769043,4544.743652,4410.769043,4512.307617,4547.563965,4401.538574,4580,4422.307617,4498.846191,4526.666504,4578.461426,4401.410156,4399.487305,4527.179688,4558.077148,4558.077148,4526.282227,4398.589844,4412.307617,4583.077148,4523.717773,4509.230957,4386.794922,4585.769043,4400.769043,4565.384766,4509.487305,4421.282227,4534.871582,4516.922852,2812,1,24,2048,37526,,,,0,4,4,4,4,4,4,4,4,4,4,4,4,4,4,4,4,4,4,4,4,4,4,4,4,4,4,4,4,4,4,4,4,100,,,,,,,,,,,,,,,,,,,,,,,,,,,,,,,,,,,39677,0,0.019806,-0.693665,-0.719971,-0.008911,0.99182,0.025882,0.040044,18.333334,0.666667,56.166668,,,,,,,,,,,,,,,,,,,,,,,,,,,,,,,,,,,,,,,,,,,,,,,,,,,,,,,,,,,,,,,,,,,,,,,,,,,,,,,,,,,,,,,,,,,,,,,,,,,,,,,,,,,,,,,,,,,,,,,,,,,,,,,,,,,,,,,,,,,,,,,,,,,,,,,,,,,,,,,,
1764665423.117740,27638,0,4385,4408.077148,4511.794922,4543.333496,4411.538574,4514.102539,4546.538574,4400.512695,4575.769043,4416.025879,4499.102539,4527.307617,4578.077148,4401.153809,4397.563965,4527.563965,4557.307617,4557.179688,4523.333496,4398.589844,4409.871582,4581.282227,4521.922852,4507.05127,4395.384766,4583.974121,4401.666504,4566.153809,4510.128418,4422.05127,4534.615234,4518.717773,2918,1,24,2304,37534,,,,0,4,4,4,4,4,4,4,4,4,4,4,4,4,4,4,4,4,4,4,4,4,4,4,4,4,4,4,4,4,4,4,4,100,,,,,,,,,,,,,,,,,,,,,,,,,,,,,,,,,,,,,,,,,,,,,,,,,,,,,,,,,,,,,,,,,,,,,,,,,,,,,,,,,,,,,,,,,,,,,,,,,,,,,,,,,,,,,,,,,,,,,,,,,,,,,,,,,,,,,,,,,,,,,,,,,,,,,,,,,,,,,,,,,,,,,,,,,,,,,,,,,,,,,,,,,,,,,,,,,,,,,,,,,,,,,,
1764665423.121646,27639,0,4384.102539,4403.974121,4509.102539,4537.820313,4407.563965,4511.538574,4542.05127,4395.769043,4567.820313,4406.153809,4496.025879,4521.666504,4574.871582,4399.102539,4393.333496,4524.487305,4550.897461,4554.102539,4520.512695,4395.641113,4404.615234,4576.153809,4516.794922,4502.436035,4400.256348,4578.461426,4397.05127,4561.282227,4507.179688,4419.102539,4529.615234,4513.461426,2835,1,24,2304,37534,,,,0,4,4,4,4,4,4,4,4,4,4,4,4,4,4,4,4,4,4,4,4,4,4,4,4,4,4,4,4,4,4,4,4,100,,,,,,,,,,,,,,,,,,,,,,,,,,,,,,,,,,,,,,,,,,,,,,,,,,,,,,,,,,,,,,,,,,,,,,,,,,,,,,,,,,,,,,,,,,,,,,,,,,,,,,,,,,,,,,,,,,,,,,,,,,,,,,,,,,,,,,,,,,,,,,,,,,,,,,,,,,,,,,,,,,,,,,,,,,,,,,,,,,,,,,,,,,,,,,,,,,,,,,,,,,,,,,
1764665423.125552,27640,0,4381.538574,4398.717773,4505.256348,4532.692383,4401.922852,4507.436035,4537.05127,4390.897461,4562.307617,4398.589844,4492.179688,4514.102539,4570.128418,4396.666504,4389.102539,4518.974121,4542.692383,4549.871582,4518.717773,4390.769043,4398.974121,4570.512695,4511.922852,4498.589844,4399.102539,4572.307617,4390.897461,4554.487305,4502.94873,4416.025879,4523.333496,4505.897461,2753,1,24,2560,37542,,,,0,4,4,4,4,4,4,4,4,4,4,4,4,4,4,4,4,4,4,4,4,4,4,4,4,4,4,4,4,4,4,4,4,100,,,,,,,,,,,,,,,,,,,,,,,,,,,,,,,,,,,,,,,,,,,,,,,,,,,,,,,,,,,,,,,,,,,,,,,,,,,,,,,,,,,,,,,,,,,,,,,,,,,,,,,,,,,,,,,,,,,,,,,,,,,,,,,,,,,,,,,,,,,,,,,,,,,,,,,,,,,,,,,,,,,,,,,,,,,,,,,,,,,,,,,,,,,,,,,,,,,,,,,,,,,,,,
1764665423.129459,27641,0,4378.974121,4395.641113,4503.717773,4532.179688,4398.717773,4505.769043,4535,4389.230957,4563.333496,4396.538574,4490.641113,4510.512695,4566.410156,4396.025879,4387.563965,4513.589844,4537.436035,4546.538574,4517.692383,4386.538574,4395,4567.179688,4510.384766,4498.205078,4393.589844,4569.743652,4388.205078,4550.512695,4500.897461,4415.897461,4520.256348,4502.179688,2817,1,24,2560,37542,,,,0,4,4,4,4,4,4,4,4,4,4,4,4,4,4,4,4,4,4,4,4,4,4,4,4,4,4,4,4,4,4,4,4,100,,,,,,,,,,,,,,,,,,,,,,,,,,,,,,,,,,,39678,0,0.019806,-0.693665,-0.719971,-0.008911,0.98596,0.038091,0.040044,18.333334,0.666667,56.166668,,,,,,,,,,,,,,,,,,,,,,,,,,,,,,,,,,,,,,,,,,,,,,,,,,,,,,,,,,,,,,,,,,,,,,,,,,,,,,,,,,,,,,,,,,,,,,,,,,,,,,,,,,,,,,,,,,,,,,,,,,,,,,,,,,,,,,,,,,,,,,,,,,,,,,,,,,,,,,,,
1764665423.133365,27642,0,4377.94873,4395.769043,4505.512695,4536.666504,4399.871582,4508.589844,4537.05127,4392.307617,4570.128418,4399.230957,4493.205078,4513.846191,4566.153809,4397.94873,4389.615234,4510.512695,4537.436035,4545.384766,4516.282227,4385.256348,4393.461426,4566.666504,4512.563965,4501.153809,4388.077148,4572.179688,4390.512695,4551.794922,4502.563965,4418.974121,4522.307617,4504.743652,1938,1,24,2560,37550,,,,0,4,4,4,4,4,4,4,4,4,4,4,4,4,4,4,4,4,4,4,4,4,4,4,4,4,4,4,4,4,4,4,4,100,1,91.666664,4,4,4,4,4,4,4,4,4,4,4,4,4,4,4,4,4,4,4,4,4,4,4,4,3,4,4,4,4,4,4,4,,,,,,,,,,,,,0.517054,5.560417,1.612277,1.698367,1.542733,1.052689,5.278749,1.351903,2.152529,1.854054,1.03392,2.469478,1.315754,2.460764,1.914,0.937557,2.330612,1.201747,1.715345,1.779365,1.402615,3.608042,1.53493,2.07736,1.592346,1.07381,5.550583,1.025088,1.794015,1.490263,0.692518,4.254093,1.285546,2.036235,1.701892,0.629416,2.60399,1.140504,1.668016,1.692758,0.94757,1.19595,0.67987,2.10092,1.820801,1.057505,2.588478,1.346958,1.578338,1.948846,1.205493,2.533555,1.053829,1.168472,1.278518,1.671813,6.697836,1.609097,1.67764,1.558266,0.884286,5.488491,1.07734,1.59324,1.357944,0.337835,0.975263,0.95168,0.848387,0.973783,0.289585,1.092527,1.178416,1.497014,1.186197,0.442989,1.832938,0.777217,0.921331,0.840319,1.292055,10.019317,1.821893,2.091042,1.940392,0.901575,4.51464,1.995681,1.7695,1.675256,0.814321,3.929037,1.254301,1.080192,1.08986,0.563617,4.479192,1.558539,1.79159,1.526359,1.015095,7.259179,1.561508,2.183369,1.56069,0.952745,6.575434,1.783374,2.012513,1.576544,1.020077,6.779301,1.400454,1.687712,1.53084,0.674551,4.346184,1.762402,1.924673,1.678002,0.708108,1.902559,3.715792,1.721235,3.013703,1.230608,0.859379,1.482906,1.387557,1.573968,0.525645,2.716994,1.257378,2.193085,1.864059,0.649806,4.624876,1.21165,2.195206,1.747631,0.357778,2.531504,0.484397,1.06044,0.831061,1.224474,3.231089,1.267077,1.992627,1.650242,0.972495,2.205179,1.327088,2.180633,1.834029,1.299644,2.376013,1.15815,2.153822,1.685385
1764665423.137272,27643,0,4378.205078,4397.436035,4507.820313,4541.794922,4403.333496,4513.717773,4540.512695,4397.05127,4576.794922,4403.333496,4498.461426,4521.794922,4568.846191,4400.897461,4393.846191,4510,4540.641113,4544.743652,4512.307617,4386.410156,4392.436035,4566.538574,4516.153809,4503.974121,4385.641113,4577.05127,4395,4556.538574,4506.153809,4421.666504,4526.922852,4510,2634,1,24,2560,37550,,,,0,4,4,4,4,4,4,4,4,4,4,4,4,4,4,4,4,4,4,4,4,4,4,4,4,4,4,4,4,4,4,4,4,100,,,,,,,,,,,,,,,,,,,,,,,,,,,,,,,,,,,,,,,,,,,,,,,,,,,,,,,,,,,,,,,,,,,,,,,,,,,,,,,,,,,,,,,,,,,,,,,,,,,,,,,,,,,,,,,,,,,,,,,,,,,,,,,,,,,,,,,,,,,,,,,,,,,,,,,,,,,,,,,,,,,,,,,,,,,,,,,,,,,,,,,,,,,,,,,,,,,,,,,,,,,,,,
1764665423.141178,27644,0,4377.820313,4397.307617,4506.666504,4541.538574,4404.615234,4516.153809,4540.769043,4398.205078,4577.05127,4405,4502.179688,4527.820313,4571.410156,4402.692383,4396.538574,4510.128418,4543.077148,4541.410156,4505.256348,4387.05127,4389.615234,4564.230957,4517.307617,4502.563965,4385.641113,4579.871582,4396.410156,4559.615234,4507.692383,4420.128418,4529.358887,4511.153809,2691,1,24,2560,37558,,,,0,4,4,4,4,4,4,4,4,4,4,4,4,4,4,4,4,4,4,4,4,4,4,4,4,4,4,4,4,4,4,4,4,100,,,,,,,,,,,,,,,,,,,,,,,,,,,,,,,,,,,,,,,,,,,,,,,,,,,,,,,,,,,,,,,,,,,,,,,,,,,,,,,,,,,,,,,,,,,,,,,,,,,,,,,,,,,,,,,,,,,,,,,,,,,,,,,,,,,,,,,,,,,,,,,,,,,,,,,,,,,,,,,,,,,,,,,,,,,,,,,,,,,,,,,,,,,,,,,,,,,,,,,,,,,,,,
1764665423.145085,27645,0,4374.743652,4393.461426,4500.384766,4533.974121,4400.384766,4512.692383,4535.384766,4392.307617,4569.102539,4402.692383,4501.538574,4527.563965,4570.641113,4401.794922,4395.512695,4508.846191,4541.410156,4535.128418,4497.436035,4384.487305,4383.974121,4559.487305,4514.102539,4495.641113,4385.641113,4577.307617,4391.922852,4557.05127,4504.487305,4413.333496,4526.794922,4504.743652,2529,1,24,2560,37558,,,,0,4,4,4,4,4,4,4,4,4,4,4,4,4,4,4,4,4,4,4,4,4,4,4,4,4,4,4,4,4,4,4,4,100,,,,,,,,,,,,,,,,,,,,,,,,,,,,,,,,,,,39679,0,0.019887,-0.693665,-0.719971,-0.008728,0.995727,0.037114,0.052252,19,0.833333,53.833332,,,,,,,,,,,,,,,,,,,,,,,,,,,,,,,,,,,,,,,,,,,,,,,,,,,,,,,,,,,,,,,,,,,,,,,,,,,,,,,,,,,,,,,,,,,,,,,,,,,,,,,,,,,,,,,,,,,,,,,,,,,,,,,,,,,,,,,,,,,,,,,,,,,,,,,,,,,,,,,,
1764665423.148991,27646,0,4369.487305,4387.307617,4491.922852,4523.205078,4392.179688,4505.256348,4527.05127,4381.538574,4557.692383,4397.94873,4497.179688,4522.436035,4566.538574,4399.615234,4392.05127,4506.922852,4536.794922,4529.487305,4493.589844,4379.102539,4378.461426,4555.512695,4508.589844,4486.410156,4384.230957,4570.384766,4383.846191,4549.358887,4497.820313,4404.615234,4520.512695,4493.717773,2657,1,24,2560,37566,,,,0,4,4,4,4,4,4,4,4,4,4,4,4,4,4,4,4,4,4,4,4,4,4,4,4,4,4,4,4,4,4,4,4,100,,,,,,,,,,,,,,,,,,,,,,,,,,,,,,,,,,,,,,,,,,,,,,,,,,,,,,,,,,,,,,,,,,,,,,,,,,,,,,,,,,,,,,,,,,,,,,,,,,,,,,,,,,,,,,,,,,,,,,,,,,,,,,,,,,,,,,,,,,,,,,,,,,,,,,,,,,,,,,,,,,,,,,,,,,,,,,,,,,,,,,,,,,,,,,,,,,,,,,,,,,,,,,
1764665423.152898,27647,0,4366.025879,4383.717773,4487.05127,4516.666504,4386.153809,4500.641113,4522.563965,4374.102539,4550.256348,4394.871582,4493.461426,4517.820313,4562.05127,4398.846191,4389.230957,4505.769043,4533.077148,4529.102539,4496.410156,4373.846191,4376.666504,4556.282227,4505,4481.025879,4382.563965,4564.487305,4377.94873,4542.692383,4492.307617,4400,4515,4485.769043,2820,1,24,2560,37566,,,,0,4,4,4,4,4,4,4,4,4,4,4,4,4,4,4,4,4,4,4,4,4,4,4,4,4,4,4,4,4,4,4,4,100,,,,,,,,,,,,,,,,,,,,,,,,,,,,,,,,,,,,,,,,,,,,,,,,,,,,,,,,,,,,,,,,,,,,,,,,,,,,,,,,,,,,,,,,,,,,,,,,,,,,,,,,,,,,,,,,,,,,,,,,,,,,,,,,,,,,,,,,,,,,,,,,,,,,,,,,,,,,,,,,,,,,,,,,,,,,,,,,,,,,,,,,,,,,,,,,,,,,,,,,,,,,,,
1764665423.156804,27648,0,4368.205078,4387.05127,4490.128418,4519.615234,4388.333496,4504.358887,4526.666504,4377.436035,4552.692383,4397.436035,4495,4518.461426,4561.153809,4401.153809,4390.128418,4506.410156,4534.743652,4534.615234,4504.358887,4372.563965,4380.897461,4562.692383,4506.922852,4483.589844,4383.333496,4565.256348,4379.102539,4543.077148,4492.563965,4403.461426,4515,4487.692383,2763,1,24,2560,37573,,,,0,4,4,4,4,4,4,4,4,4,4,4,4,4,4,4,4,4,4,4,4,4,4,4,4,4,4,4,4,4,4,4,4,100,,,,,,,,,,,,,,,,,,,,,,,,,,,,,,,,,,,,,,,,,,,,,,,,,,,,,,,,,,,,,,,,,,,,,,,,,,,,,,,,,,,,,,,,,,,,,,,,,,,,,,,,,,,,,,,,,,,,,,,,,,,,,,,,,,,,,,,,,,,,,,,,,,,,,,,,,,,,,,,,,,,,,,,,,,,,,,,,,,,,,,,,,,,,,,,,,,,,,,,,,,,,,,
1764665423.160711,27649,0,4376.666504,4397.563965,4500.384766,4531.410156,4400,4516.538574,4539.487305,4392.307617,4564.615234,4405.512695,4502.563965,4524.871582,4565.128418,4406.153809,4394.358887,4507.692383,4542.436035,4541.922852,4512.05127,4376.153809,4389.102539,4571.538574,4513.846191,4493.077148,4388.589844,4574.358887,4387.820313,4551.922852,4500,4414.487305,4522.179688,4500.256348,2925,1,24,2560,37573,,,,0,4,4,4,4,4,4,4,4,4,4,4,4,4,4,4,4,4,4,4,4,4,4,4,4,4,4,4,4,4,4,4,4,100,,,,,,,,,,,,,,,,,,,,,,,,,,,,,,,,,,,39680,0,0.022058,-0.693665,-0.71991,-0.008545,0.993285,0.037114,0.034184,18.166666,2.166667,54.333332,,,,,,,,,,,,,,,,,,,,,,,,,,,,,,,,,,,,,,,,,,,,,,,,,,,,,,,,,,,,,,,,,,,,,,,,,,,,,,,,,,,,,,,,,,,,,,,,,,,,,,,,,,,,,,,,,,,,,,,,,,,,,,,,,,,,,,,,,,,,,,,,,,,,,,,,,,,,,,,,
1764665423.164617,27650,0,4387.436035,4410.384766,4512.563965,4545.384766,4414.871582,4530.769043,4554.230957,4410.256348,4579.615234,4415.256348,4511.153809,4532.820313,4571.410156,4410.769043,4399.102539,4507.692383,4552.563965,4545.256348,4514.487305,4382.436035,4397.307617,4577.563965,4522.179688,4503.846191,4397.307617,4586.794922,4399.230957,4564.743652,4510.384766,4427.436035,4533.846191,4516.922852,2597,1,24,2048,37581,,,,0,4,4,4,4,4,4,4,4,4,4,4,4,4,4,4,4,4,4,4,4,4,4,4,4,4,4,4,4,4,4,4,4,100,,,,,,,,,,,,,,,,,,,,,,,,,,,,,,,,,,,,,,,,,,,,,,,,,,,,,,,,,,,,,,,,,,,,,,,,,,,,,,,,,,,,,,,,,,,,,,,,,,,,,,,,,,,,,,,,,,,,,,,,,,,,,,,,,,,,,,,,,,,,,,,,,,,,,,,,,,,,,,,,,,,,,,,,,,,,,,,,,,,,,,,,,,,,,,,,,,,,,,,,,,,,,,
1764665423.168524,27651,0,4393.974121,4418.461426,4519.615234,4553.205078,4423.077148,4538.717773,4562.307617,4419.487305,4588.333496,4420.897461,4514.358887,4536.666504,4574.743652,4411.538574,4400.256348,4504.615234,4558.461426,4541.282227,4510.256348,4387.307617,4401.153809,4576.922852,4527.179688,4509.358887,4403.717773,4594.615234,4406.666504,4573.974121,4517.179688,4435.256348,4543.974121,4527.692383,2856,1,24,2048,37581,,,,0,4,4,4,4,4,4,4,4,4,4,4,4,4,4,4,4,4,4,4,4,4,4,4,4,4,4,4,4,4,4,4,4,100,,,,,,,,,,,,,,,,,,,,,,,,,,,,,,,,,,,,,,,,,,,,,,,,,,,,,,,,,,,,,,,,,,,,,,,,,,,,,,,,,,,,,,,,,,,,,,,,,,,,,,,,,,,,,,,,,,,,,,,,,,,,,,,,,,,,,,,,,,,,,,,,,,,,,,,,,,,,,,,,,,,,,,,,,,,,,,,,,,,,,,,,,,,,,,,,,,,,,,,,,,,,,,
1764665423.172430,27652,0,4391.410156,4417.307617,4517.307617,4550.641113,4418.717773,4535.128418,4558.077148,4413.333496,4584.487305,4418.717773,4508.846191,4532.307617,4571.538574,4407.307617,4395.641113,4498.461426,4555.512695,4531.025879,4501.666504,4387.307617,4398.461426,4569.743652,4525.512695,4505.512695,4401.538574,4591.794922,4404.871582,4574.615234,4515.897461,4432.820313,4546.153809,4526.410156,2752,1,24,1792,37589,,,,0,4,4,4,4,4,4,4,4,4,4,4,4,4,4,4,4,4,4,4,4,4,4,4,4,4,4,4,4,4,4,4,4,100,,,,,,,,,,,,,,,,,,,,,,,,,,,,,,,,,,,,,,,,,,,,,,,,,,,,,,,,,,,,,,,,,,,,,,,,,,,,,,,,,,,,,,,,,,,,,,,,,,,,,,,,,,,,,,,,,,,,,,,,,,,,,,,,,,,,,,,,,,,,,,,,,,,,,,,,,,,,,,,,,,,,,,,,,,,,,,,,,,,,,,,,,,,,,,,,,,,,,,,,,,,,,,
1764665423.176337,27653,0,4380.897461,4407.692383,4506.922852,4540.128418,4404.487305,4521.794922,4543.846191,4395.256348,4570.256348,4410.897461,4496.922852,4521.025879,4562.179688,4400.128418,4386.666504,4491.410156,4544.743652,4519.871582,4493.589844,4382.05127,4390.769043,4559.743652,4517.692383,4494.487305,4388.846191,4579.487305,4394.487305,4566.666504,4507.692383,4421.538574,4538.846191,4514.230957,2789,1,24,1792,37589,,,,0,4,4,4,4,4,4,4,4,4,4,4,4,4,4,4,4,4,4,4,4,4,4,4,4,4,4,4,4,4,4,4,4,100,,,,,,,,,,,,,,,,,,,,,,,,,,,,,,,,,,,39681,0,0.0201,-0.693787,-0.719849,-0.008606,0.993774,0.03223,0.037114,19.166666,-1.166667,54.5,,,,,,,,,,,,,,,,,,,,,,,,,,,,,,,,,,,,,,,,,,,,,,,,,,,,,,,,,,,,,,,,,,,,,,,,,,,,,,,,,,,,,,,,,,,,,,,,,,,,,,,,,,,,,,,,,,,,,,,,,,,,,,,,,,,,,,,,,,,,,,,,,,,,,,,,,,,,,,,,
1764665423.180243,27654,0,4368.846191,4395.769043,4495.128418,4529.487305,4390,4506.538574,4527.94873,4376.538574,4554.871582,4402.820313,4485.641113,4508.846191,4551.922852,4394.230957,4378.461426,4486.922852,4532.692383,4513.846191,4490.384766,4375.256348,4383.077148,4552.94873,4508.077148,4482.692383,4371.538574,4565.128418,4382.436035,4555.897461,4498.205078,4408.205078,4526.410156,4498.974121,2798,1,24,1792,37597,,,,0,4,4,4,4,4,4,4,4,4,4,4,4,4,4,4,4,4,4,4,4,4,4,4,4,4,4,4,4,4,4,4,4,100,,,,,,,,,,,,,,,,,,,,,,,,,,,,,,,,,,,,,,,,,,,,,,,,,,,,,,,,,,,,,,,,,,,,,,,,,,,,,,,,,,,,,,,,,,,,,,,,,,,,,,,,,,,,,,,,,,,,,,,,,,,,,,,,,,,,,,,,,,,,,,,,,,,,,,,,,,,,,,,,,,,,,,,,,,,,,,,,,,,,,,,,,,,,,,,,,,,,,,,,,,,,,,
1764665423.184150,27655,0,4362.179688,4388.205078,4488.333496,4525.897461,4384.102539,4498.077148,4519.102539,4367.563965,4548.205078,4399.358887,4481.666504,4502.179688,4547.05127,4392.820313,4375.769043,4487.179688,4526.153809,4516.282227,4493.461426,4371.666504,4380.512695,4553.717773,4501.666504,4477.179688,4359.487305,4557.05127,4376.410156,4549.230957,4492.94873,4400.384766,4515.897461,4489.743652,2985,1,24,1792,37597,,,,0,4,4,4,4,4,4,4,4,4,4,4,4,4,4,4,4,4,4,4,4,4,4,4,4,4,4,4,4,4,4,4,4,100,,,,,,,,,,,,,,,,,,,,,,,,,,,,,,,,,,,,,,,,,,,,,,,,,,,,,,,,,,,,,,,,,,,,,,,,,,,,,,,,,,,,,,,,,,,,,,,,,,,,,,,,,,,,,,,,,,,,,,,,,,,,,,,,,,,,,,,,,,,,,,,,,,,,,,,,,,,,,,,,,,,,,,,,,,,,,,,,,,,,,,,,,,,,,,,,,,,,,,,,,,,,,,
1764665423.188056,27656,0,4363.589844,4388.333496,4488.717773,4530,4388.077148,4499.615234,4520.256348,4370.769043,4553.589844,4400.256348,4486.025879,4502.820313,4550.256348,4395.512695,4379.358887,4491.282227,4527.179688,4525,4500.641113,4374.230957,4384.871582,4561.153809,4500.769043,4480.256348,4358.974121,4559.102539,4378.974121,4549.871582,4493.717773,4400.128418,4512.563965,4490.512695,2871,1,24,1536,37605,,,,0,4,4,4,4,4,4,4,4,4,4,4,4,4,4,4,4,4,4,4,4,4,4,4,4,4,4,4,4,4,4,4,4,100,,,,,,,,,,,,,,,,,,,,,,,,,,,,,,,,,,,,,,,,,,,,,,,,,,,,,,,,,,,,,,,,,,,,,,,,,,,,,,,,,,,,,,,,,,,,,,,,,,,,,,,,,,,,,,,,,,,,,,,,,,,,,,,,,,,,,,,,,,,,,,,,,,,,,,,,,,,,,,,,,,,,,,,,,,,,,,,,,,,,,,,,,,,,,,,,,,,,,,,,,,,,,,
1764665423.191963,27657,0,4368.846191,4392.820313,4492.94873,4535.897461,4396.025879,4506.794922,4526.922852,4379.358887,4565.641113,4401.025879,4493.717773,4507.05127,4557.692383,4398.974121,4385.384766,4495.641113,4531.794922,4534.230957,4507.436035,4380.512695,4392.307617,4569.230957,4502.820313,4488.077148,4368.461426,4567.820313,4386.282227,4554.871582,4497.179688,4403.461426,4515.641113,4497.563965,2722,1,24,1536,37605,,,,0,4,4,4,4,4,4,4,4,4,4,4,4,4,4,4,4,4,4,4,4,4,4,4,4,4,4,4,4,4,4,4,4,100,,,,,,,,,,,,,,,,,,,,,,,,,,,,,,,,,,,39682,0,0.020153,-0.693848,-0.719788,-0.008667,0.99475,0.030765,0.040532,18.166666,1.333333,53.5,,,,,,,,,,,,,,,,,,,,,,,,,,,,,,,,,,,,,,,,,,,,,,,,,,,,,,,,,,,,,,,,,,,,,,,,,,,,,,,,,,,,,,,,,,,,,,,,,,,,,,,,,,,,,,,,,,,,,,,,,,,,,,,,,,,,,,,,,,,,,,,,,,,,,,,,,,,,,,,,
1764665423.195869,27658,0,4371.538574,4395.641113,4495.384766,4537.179688,4399.871582,4511.666504,4531.410156,4383.846191,4574.102539,4398.205078,4497.563965,4509.358887,4562.307617,4399.871582,4389.102539,4497.05127,4533.461426,4537.820313,4509.230957,4385.769043,4396.922852,4571.153809,4503.461426,4493.846191,4379.615234,4576.666504,4390.384766,4557.692383,4498.461426,4404.487305,4519.871582,4503.717773,1873,1,24,1792,37612,,,,0,4,4,4,4,4,4,4,4,4,4,4,4,4,4,4,4,4,4,4,4,4,4,4,4,4,4,4,4,4,4,4,4,100,,,,,,,,,,,,,,,,,,,,,,,,,,,,,,,,,,,,,,,,,,,,,,,,,,,,,,,,,,,,,,,,,,,,,,,,,,,,,,,,,,,,,,,,,,,,,,,,,,,,,,,,,,,,,,,,,,,,,,,,,,,,,,,,,,,,,,,,,,,,,,,,,,,,,,,,,,,,,,,,,,,,,,,,,,,,,,,,,,,,,,,,,,,,,,,,,,,,,,,,,,,,,,
1764665423.199776,27659,0,4367.436035,4392.436035,4492.94873,4531.153809,4395.641113,4509.358887,4528.461426,4379.230957,4572.05127,4391.538574,4494.230957,4506.025879,4558.974121,4396.282227,4387.692383,4495.128418,4527.94873,4533.461426,4504.871582,4386.025879,4394.487305,4564.102539,4498.717773,4492.179688,4383.717773,4580.512695,4386.153809,4553.205078,4494.743652,4399.615234,4520.256348,4503.205078,2700,1,24,1792,37612,,,,0,4,4,4,4,4,4,4,4,4,4,4,4,4,4,4,4,4,4,4,4,4,4,4,4,4,4,4,4,4,4,4,4,100,,,,,,,,,,,,,,,,,,,,,,,,,,,,,,,,,,,,,,,,,,,,,,,,,,,,,,,,,,,,,,,,,,,,,,,,,,,,,,,,,,,,,,,,,,,,,,,,,,,,,,,,,,,,,,,,,,,,,,,,,,,,,,,,,,,,,,,,,,,,,,,,,,,,,,,,,,,,,,,,,,,,,,,,,,,,,,,,,,,,,,,,,,,,,,,,,,,,,,,,,,,,,,
1764665423.203682,27660,0,4357.307617,4382.820313,4486.153809,4520.256348,4384.487305,4500.256348,4518.589844,4367.94873,4560.256348,4383.461426,4485.769043,4497.563965,4548.717773,4389.487305,4382.307617,4491.538574,4515.897461,4524.230957,4497.179688,4380.641113,4385.256348,4550.769043,4488.205078,4482.692383,4377.436035,4577.563965,4374.230957,4541.282227,4487.05127,4390.384766,4514.743652,4495.769043,2494,1,24,2048,37620,,,,0,4,4,4,4,4,4,4,4,4,4,4,4,4,4,4,4,4,4,4,4,4,4,4,4,4,4,4,4,4,4,4,4,100,,,,,,,,,,,,,,,,,,,,,,,,,,,,,,,,,,,,,,,,,,,,,,,,,,,,,,,,,,,,,,,,,,,,,,,,,,,,,,,,,,,,,,,,,,,,,,,,,,,,,,,,,,,,,,,,,,,,,,,,,,,,,,,,,,,,,,,,,,,,,,,,,,,,,,,,,,,,,,,,,,,,,,,,,,,,,,,,,,,,,,,,,,,,,,,,,,,,,,,,,,,,,,
1764665423.207589,27661,0,4346.025879,4370.512695,4477.436035,4508.717773,4371.794922,4488.974121,4506.538574,4355.897461,4545,4376.922852,4477.692383,4487.563965,4537.563965,4382.436035,4376.025879,4488.589844,4502.820313,4516.410156,4490.512695,4372.05127,4373.717773,4537.820313,4475.512695,4469.871582,4364.743652,4570.256348,4359.871582,4526.410156,4478.717773,4380.769043,4504.871582,4484.487305,2210,1,24,2048,37620,,,,0,4,4,4,4,4,4,4,4,4,4,4,4,4,4,4,4,4,4,4,4,4,4,4,4,4,4,4,4,4,4,4,4,100,,,,,,,,,,,,,,,,,,,,,,,,,,,,,,,,,,,39683,0,0.020257,-0.693909,-0.719727,-0.008606,0.99475,0.030765,0.040532,19.166666,0,55,,,,,,,,,,,,,,,,,,,,,,,,,,,,,,,,,,,,,,,,,,,,,,,,,,,,,,,,,,,,,,,,,,,,,,,,,,,,,,,,,,,,,,,,,,,,,,,,,,,,,,,,,,,,,,,,,,,,,,,,,,,,,,,,,,,,,,,,,,,,,,,,,,,,,,,,,,,,,,,,
1764665423.211495,27662,0,4338.974121,4360.769043,4470.128418,4500.641113,4363.205078,4480.897461,4498.205078,4349.230957,4533.589844,4373.589844,4474.743652,4481.025879,4531.794922,4378.717773,4372.820313,4487.436035,4495.128418,4514.615234,4489.102539,4364.358887,4365.897461,4531.538574,4466.922852,4460.128418,4353.846191,4562.179688,4349.871582,4514.615234,4473.974121,4374.871582,4495,4474.102539,2718,1,24,2304,37628,,,,0,4,4,4,4,4,4,4,4,4,4,4,4,4,4,4,4,4,4,4,4,4,4,4,4,4,4,4,4,4,4,4,4,100,,,,,,,,,,,,,,,,,,,,,,,,,,,,,,,,,,,,,,,,,,,,,,,,,,,,,,,,,,,,,,,,,,,,,,,,,,,,,,,,,,,,,,,,,,,,,,,,,,,,,,,,,,,,,,,,,,,,,,,,,,,,,,,,,,,,,,,,,,,,,,,,,,,,,,,,,,,,,,,,,,,,,,,,,,,,,,,,,,,,,,,,,,,,,,,,,,,,,,,,,,,,,,
1764665423.215402,27663,0,4338.974121,4357.692383,4467.436035,4498.333496,4361.922852,4479.102539,4497.820313,4350,4530.641113,4374.230957,4478.333496,4481.666504,4534.358887,4380.512695,4375.384766,4488.974121,4496.538574,4519.102539,4493.589844,4361.410156,4365.641113,4534.743652,4467.307617,4458.333496,4352.436035,4556.794922,4348.333496,4510.769043,4474.487305,4375.128418,4489.487305,4469.102539,2497,1,24,2304,37628,,,,0,4,4,4,4,4,4,4,4,4,4,4,4,4,4,4,4,4,4,4,4,4,4,4,4,4,4,4,4,4,4,4,4,100,,,,,,,,,,,,,,,,,,,,,,,,,,,,,,,,,,,,,,,,,,,,,,,,,,,,,,,,,,,,,,,,,,,,,,,,,,,,,,,,,,,,,,,,,,,,,,,,,,,,,,,,,,,,,,,,,,,,,,,,,,,,,,,,,,,,,,,,,,,,,,,,,,,,,,,,,,,,,,,,,,,,,,,,,,,,,,,,,,,,,,,,,,,,,,,,,,,,,,,,,,,,,,
1764665423.219308,27664,0,4345.897461,4361.666504,4470.897461,4502.307617,4367.692383,4483.589844,4506.025879,4356.538574,4536.282227,4379.358887,4486.025879,4489.615234,4542.820313,4387.05127,4383.333496,4492.94873,4505.897461,4526.025879,4501.410156,4364.871582,4372.436035,4544.871582,4476.666504,4464.487305,4361.922852,4556.153809,4355,4515.769043,4479.230957,4380.641113,4490.641113,4471.282227,2868,1,24,2560,37636,,,,0,4,4,4,4,4,4,4,4,4,4,4,4,4,4,4,4,4,4,4,4,4,4,4,4,4,4,4,4,4,4,4,4,100,,,,,,,,,,,,,,,,,,,,,,,,,,,,,,,,,,,,,,,,,,,,,,,,,,,,,,,,,,,,,,,,,,,,,,,,,,,,,,,,,,,,,,,,,,,,,,,,,,,,,,,,,,,,,,,,,,,,,,,,,,,,,,,,,,,,,,,,,,,,,,,,,,,,,,,,,,,,,,,,,,,,,,,,,,,,,,,,,,,,,,,,,,,,,,,,,,,,,,,,,,,,,,
1764665423.223215,27665,0,4356.025879,4369.487305,4478.974121,4510.256348,4376.282227,4490.769043,4518.333496,4365.128418,4546.794922,4387.307617,4493.461426,4500.769043,4552.307617,4394.871582,4392.94873,4497.94873,4517.820313,4530.769043,4507.94873,4372.692383,4381.410156,4555.641113,4489.102539,4474.230957,4375.128418,4560,4364.615234,4526.282227,4485,4388.077148,4497.05127,4478.717773,2922,1,24,2560,37636,,,,0,4,4,4,4,4,4,4,4,4,4,4,4,4,4,4,4,4,4,4,4,4,4,4,4,4,4,4,4,4,4,4,4,100,,,,,,,,,,,,,,,,,,,,,,,,,,,,,,,,,,,39684,0,0.02036,-0.69397,-0.719666,-0.008545,0.999634,0.027835,0.03223,21,1.666667,53,,,,,,,,,,,,,,,,,,,,,,,,,,,,,,,,,,,,,,,,,,,,,,,,,,,,,,,,,,,,,,,,,,,,,,,,,,,,,,,,,,,,,,,,,,,,,,,,,,,,,,,,,,,,,,,,,,,,,,,,,,,,,,,,,,,,,,,,,,,,,,,,,,,,,,,,,,,,,,,,
1764665423.227121,27666,0,4363.846191,4376.153809,4486.153809,4516.922852,4381.922852,4495.769043,4527.563965,4371.153809,4555.897461,4392.94873,4496.410156,4508.461426,4557.307617,4398.461426,4398.461426,4501.666504,4525.769043,4530.128418,4509.230957,4379.358887,4386.025879,4560.512695,4497.179688,4481.025879,4381.922852,4564.871582,4370.512695,4535.512695,4488.205078,4392.94873,4503.333496,4486.410156,1768,1,24,2560,37644,,,,0,4,4,4,4,4,4,4,4,4,4,4,4,4,4,4,4,4,4,4,4,4,4,4,4,4,4,4,4,4,4,4,4,100,,,,,,,,,,,,,,,,,,,,,,,,,,,,,,,,,,,,,,,,,,,,,,,,,,,,,,,,,,,,,,,,,,,,,,,,,,,,,,,,,,,,,,,,,,,,,,,,,,,,,,,,,,,,,,,,,,,,,,,,,,,,,,,,,,,,,,,,,,,,,,,,,,,,,,,,,,,,,,,,,,,,,,,,,,,,,,,,,,,,,,,,,,,,,,,,,,,,,,,,,,,,,,
1764665423.231028,27667,0,4365.256348,4378.077148,4487.179688,4517.179688,4381.025879,4495.512695,4528.333496,4372.05127,4558.461426,4391.410156,4493.333496,4508.589844,4555.897461,4394.230957,4395.512695,4501.922852,4526.153809,4524.615234,4504.615234,4380,4383.461426,4557.179688,4496.794922,4480.769043,4375.897461,4566.922852,4368.974121,4538.205078,4487.179688,4392.563965,4505,4489.871582,2943,1,24,2560,37644,,,,0,4,4,4,4,4,4,4,4,4,4,4,4,4,4,4,4,4,4,4,4,4,4,4,4,4,4,4,4,4,4,4,4,100,,,,,,,,,,,,,,,,,,,,,,,,,,,,,,,,,,,,,,,,,,,,,,,,,,,,,,,,,,,,,,,,,,,,,,,,,,,,,,,,,,,,,,,,,,,,,,,,,,,,,,,,,,,,,,,,,,,,,,,,,,,,,,,,,,,,,,,,,,,,,,,,,,,,,,,,,,,,,,,,,,,,,,,,,,,,,,,,,,,,,,,,,,,,,,,,,,,,,,,,,,,,,,
1764665423.234934,27668,0,4360.256348,4375.384766,4481.410156,4510.512695,4375.384766,4491.025879,4520.897461,4368.333496,4553.589844,4381.922852,4486.153809,4502.179688,4550.128418,4383.717773,4385.256348,4498.205078,4520.384766,4518.333496,4498.205078,4374.230957,4375.897461,4549.102539,4489.871582,4474.487305,4360.769043,4565,4362.820313,4534.230957,4483.589844,4388.205078,4502.05127,4488.589844,2541,1,24,2561,37651,,,,0,4,4,4,4,4,4,4,4,4,4,4,4,4,4,4,4,4,4,4,4,4,4,4,4,4,4,4,4,4,4,4,4,100,,,,,,,,,,,,,,,,,,,,,,,,,,,,,,,,,,,,,,,,,,,,,,,,,,,,,,,,,,,,,,,,,,,,,,,,,,,,,,,,,,,,,,,,,,,,,,,,,,,,,,,,,,,,,,,,,,,,,,,,,,,,,,,,,,,,,,,,,,,,,,,,,,,,,,,,,,,,,,,,,,,,,,,,,,,,,,,,,,,,,,,,,,,,,,,,,,,,,,,,,,,,,,
1764665423.238841,27669,0,4354.358887,4372.05127,4474.487305,4502.692383,4370.641113,4487.563965,4511.410156,4363.717773,4545.769043,4370.256348,4479.615234,4495.512695,4544.487305,4372.94873,4373.461426,4492.820313,4515.128418,4515.897461,4495.384766,4367.307617,4369.615234,4542.692383,4483.077148,4468.717773,4347.94873,4562.307617,4359.102539,4529.358887,4481.922852,4385,4499.230957,4485.641113,2823,1,24,2561,37651,,,,0,4,4,4,4,4,4,4,4,4,4,4,4,4,4,4,4,4,4,4,4,4,4,4,4,4,4,4,4,4,4,4,4,100,,,,,,,,,,,,,,,,,,,,,,,,,,,,,,,,,,,39685,0,0.020334,-0.69397,-0.719666,-0.008606,0.999634,0.027835,0.03223,19.333334,-0.166667,53.833332,,,,,,,,,,,,,,,,,,,,,,,,,,,,,,,,,,,,,,,,,,,,,,,,,,,,,,,,,,,,,,,,,,,,,,,,,,,,,,,,,,,,,,,,,,,,,,,,,,,,,,,,,,,,,,,,,,,,,,,,,,,,,,,,,,,,,,,,,,,,,,,,,,,,,,,,,,,,,,,,
1764665423.242747,27670,0,4354.871582,4373.974121,4474.871582,4501.410156,4372.94873,4490.641113,4508.205078,4363.589844,4542.179688,4365.384766,4478.974121,4495.897461,4542.820313,4368.205078,4366.922852,4488.846191,4517.179688,4519.487305,4498.717773,4365.897461,4370.256348,4543.846191,4483.589844,4470.384766,4348.205078,4564.871582,4364.743652,4531.282227,4486.282227,4388.717773,4503.077148,4487.179688,2933,1,24,2562,37659,,,,0,4,4,4,4,4,4,4,4,4,4,4,4,4,4,4,4,4,4,4,4,4,4,4,4,4,4,4,4,4,4,4,4,100,,,,,,,,,,,,,,,,,,,,,,,,,,,,,,,,,,,,,,,,,,,,,,,,,,,,,,,,,,,,,,,,,,,,,,,,,,,,,,,,,,,,,,,,,,,,,,,,,,,,,,,,,,,,,,,,,,,,,,,,,,,,,,,,,,,,,,,,,,,,,,,,,,,,,,,,,,,,,,,,,,,,,,,,,,,,,,,,,,,,,,,,,,,,,,,,,,,,,,,,,,,,,,
1764665423.246654,27671,0,4365.897461,4384.615234,4487.436035,4510.897461,4385,4502.692383,4515.256348,4371.282227,4547.94873,4373.589844,4486.410156,4506.282227,4547.05127,4372.05127,4368.974121,4488.717773,4529.230957,4527.307617,4506.666504,4372.94873,4379.102539,4554.487305,4494.615234,4482.05127,4364.743652,4576.922852,4381.282227,4544.487305,4497.692383,4401.666504,4516.153809,4497.179688,2850,1,24,2562,37659,,,,0,4,4,4,4,4,4,4,4,4,4,4,4,4,4,4,4,4,4,4,4,4,4,4,4,4,4,4,4,4,4,4,4,100,,,,,,,,,,,,,,,,,,,,,,,,,,,,,,,,,,,,,,,,,,,,,,,,,,,,,,,,,,,,,,,,,,,,,,,,,,,,,,,,,,,,,,,,,,,,,,,,,,,,,,,,,,,,,,,,,,,,,,,,,,,,,,,,,,,,,,,,,,,,,,,,,,,,,,,,,,,,,,,,,,,,,,,,,,,,,,,,,,,,,,,,,,,,,,,,,,,,,,,,,,,,,,
1764665423.250560,27672,0,4384.487305,4402.179688,4509.230957,4528.589844,4403.333496,4519.871582,4530.384766,4385.256348,4562.436035,4393.205078,4499.102539,4523.333496,4555.256348,4381.153809,4377.436035,4492.436035,4547.307617,4535.256348,4514.615234,4385.384766,4391.410156,4570.769043,4512.05127,4499.615234,4391.025879,4595.897461,4403.333496,4565.769043,4511.922852,4420.256348,4535.384766,4514.358887,2761,1,24,2562,37667,,,,0,4,4,4,4,4,4,4,4,4,4,4,4,4,4,4,4,4,4,4,4,4,4,4,4,4,4,4,4,4,4,4,4,100,,,,,,,,,,,,,,,,,,,,,,,,,,,,,,,,,,,,,,,,,,,,,,,,,,,,,,,,,,,,,,,,,,,,,,,,,,,,,,,,,,,,,,,,,,,,,,,,,,,,,,,,,,,,,,,,,,,,,,,,,,,,,,,,,,,,,,,,,,,,,,,,,,,,,,,,,,,,,,,,,,,,,,,,,,,,,,,,,,,,,,,,,,,,,,,,,,,,,,,,,,,,,,
1764665423.254467,27673,0,4401.410156,4419.230957,4529.487305,4544.871582,4419.487305,4534.230957,4545.512695,4399.230957,4577.692383,4413.333496,4509.743652,4538.205078,4562.563965,4388.717773,4385.641113,4497.436035,4562.692383,4539.230957,4517.820313,4395.128418,4400.256348,4584.102539,4527.179688,4514.358887,4415.384766,4612.692383,4420.512695,4585,4522.436035,4436.153809,4552.179688,4530.256348,2831,1,24,2562,37667,,,,0,4,4,4,4,4,4,4,4,4,4,4,4,4,4,4,4,4,4,4,4,4,4,4,4,4,4,4,4,4,4,4,4,100,,,,,,,,,,,,,,,,,,,,,,,,,,,,,,,,,,,39686,0,0.020308,-0.69397,-0.719666,-0.008667,0.989867,0.035161,0.041997,19,0.166667,53.833332,,,,,,,,,,,,,,,,,,,,,,,,,,,,,,,,,,,,,,,,,,,,,,,,,,,,,,,,,,,,,,,,,,,,,,,,,,,,,,,,,,,,,,,,,,,,,,,,,,,,,,,,,,,,,,,,,,,,,,,,,,,,,,,,,,,,,,,,,,,,,,,,,,,,,,,,,,,,,,,,
1764665423.258373,27674,0,4406.794922,4426.025879,4536.410156,4549.615234,4425,4538.717773,4551.922852,4405.128418,4583.461426,4421.025879,4511.153809,4541.794922,4563.974121,4388.846191,4386.153809,4498.974121,4566.538574,4536.538574,4513.974121,4395,4400,4586.538574,4530.769043,4518.589844,4427.307617,4616.922852,4424.358887,4591.666504,4523.974121,4441.025879,4557.563965,4535.384766,1941,1,24,2048,37675,,,,0,4,4,4,4,4,4,4,4,4,4,4,4,4,4,4,4,4,4,4,4,4,4,4,4,4,4,4,4,4,4,4,4,100,,,,,,,,,,,,,,,,,,,,,,,,,,,,,,,,,,,,,,,,,,,,,,,0.527604,4.779694,1.593302,1.708231,1.494793,1.102883,4.612398,1.279289,2.13604,1.753254,0.878059,2.303758,1.290084,2.562146,1.80009,0.792087,2.249235,1.295952,1.752124,1.629368,1.171151,3.34445,1.542307,2.174898,1.478239,1.156475,5.052947,1.012143,1.788603,1.454275,0.637321,3.758515,1.294363,1.924431,1.631201,0.606338,2.258257,1.182748,1.800958,1.524434,1.005424,1.230897,0.708074,2.029125,1.693922,0.880016,2.380546,1.387836,1.594325,1.855952,1.182227,2.390139,1.158126,1.157627,1.223259,1.540563,5.9555,1.577735,1.689073,1.495071,0.91842,5.715058,1.221063,1.52952,1.270554,0.326759,1.125634,1.022696,0.766313,0.90928,0.436047,1.270699,1.182653,1.356525,1.162338,0.500085,2.411807,0.798852,0.828758,0.813083,1.358965,9.337151,1.918828,1.902363,1.886762,1.073494,6.100765,2.239161,1.681391,1.574935,0.928425,4.978777,1.416129,1.072146,1.001165,0.617723,4.649807,1.728479,1.768954,1.450717,1.060076,7.764312,1.719383,2.049676,1.487629,0.94242,7.601002,1.973881,1.931532,1.492382,0.980983,6.163535,1.23306,1.585643,1.463099,0.653745,4.254498,1.667449,1.86771,1.561996,0.649367,1.969313,3.280709,1.570713,2.846251,1.11324,0.886926,1.297009,1.373445,1.53647,0.466607,2.304018,1.133597,2.109084,1.774588,0.621683,4.047247,1.10331,2.056935,1.722849,0.369065,2.137432,0.473246,0.999638,0.807999,1.21956,2.84681,1.243979,1.991538,1.578188,1.040146,1.886012,1.122864,2.125598,1.70587,1.11955,2.228661,1.089763,2.241169,1.615066
1764665423.262280,27675,0,4398.205078,4419.230957,4526.794922,4539.615234,4417.563965,4531.922852,4546.794922,4400,4574.743652,4411.794922,4502.563965,4531.922852,4558.589844,4381.666504,4377.307617,4494.487305,4556.666504,4527.307617,4505,4384.358887,4391.282227,4576.025879,4521.025879,4510.897461,4424.230957,4606.153809,4413.974121,4582.94873,4517.05127,4433.077148,4549.743652,4527.436035,2643,1,24,2048,37675,,,,0,4,4,4,4,4,4,4,4,4,4,4,4,4,4,4,4,4,4,4,4,4,4,4,4,4,4,4,4,4,4,4,4,100,,,,,,,,,,,,,,,,,,,,,,,,,,,,,,,,,,,,,,,,,,,,,,,,,,,,,,,,,,,,,,,,,,,,,,,,,,,,,,,,,,,,,,,,,,,,,,,,,,,,,,,,,,,,,,,,,,,,,,,,,,,,,,,,,,,,,,,,,,,,,,,,,,,,,,,,,,,,,,,,,,,,,,,,,,,,,,,,,,,,,,,,,,,,,,,,,,,,,,,,,,,,,,
1764665423.266186,27676,0,4382.94873,4405.256348,4509.615234,4523.717773,4404.230957,4520.512695,4535.512695,4389.358887,4558.717773,4394.871582,4490.897461,4516.153809,4550.641113,4373.846191,4365.769043,4486.922852,4540.512695,4516.153809,4496.025879,4371.410156,4380.641113,4559.743652,4505.512695,4498.589844,4412.94873,4589.358887,4398.333496,4567.179688,4508.077148,4419.358887,4536.794922,4514.358887,2702,1,24,2304,37683,,,,0,4,4,4,4,4,4,4,4,4,4,4,4,4,4,4,4,4,4,4,4,4,4,4,4,4,4,4,4,4,4,4,4,100,,,,,,,,,,,,,,,,,,,,,,,,,,,,,,,,,,,,,,,,,,,,,,,,,,,,,,,,,,,,,,,,,,,,,,,,,,,,,,,,,,,,,,,,,,,,,,,,,,,,,,,,,,,,,,,,,,,,,,,,,,,,,,,,,,,,,,,,,,,,,,,,,,,,,,,,,,,,,,,,,,,,,,,,,,,,,,,,,,,,,,,,,,,,,,,,,,,,,,,,,,,,,,
1764665423.270093,27677,0,4373.846191,4396.025879,4499.102539,4515.641113,4396.538574,4514.487305,4528.589844,4383.589844,4549.358887,4386.282227,4486.153809,4507.05127,4547.563965,4373.461426,4362.179688,4482.820313,4530,4510.512695,4493.333496,4366.538574,4377.05127,4550,4496.410156,4492.563965,4405,4580.897461,4389.871582,4557.563965,4504.615234,4411.666504,4531.025879,4507.94873,2540,1,24,2304,37683,,,,0,4,4,4,4,4,4,4,4,4,4,4,4,4,4,4,4,4,4,4,4,4,4,4,4,4,4,4,4,4,4,4,4,100,,,,,,,,,,,,,,,,,,,,,,,,,,,,,,,,,,,39687,0,0.018074,-0.694031,-0.719666,-0.008728,1.002564,0.029789,0.029789,19,0.166667,53.833332,,,,,,,,,,,,,,,,,,,,,,,,,,,,,,,,,,,,,,,,,,,,,,,,,,,,,,,,,,,,,,,,,,,,,,,,,,,,,,,,,,,,,,,,,,,,,,,,,,,,,,,,,,,,,,,,,,,,,,,,,,,,,,,,,,,,,,,,,,,,,,,,,,,,,,,,,,,,,,,,
1764665423.273999,27678,0,4377.692383,4398.717773,4503.333496,4522.94873,4400.256348,4519.102539,4532.307617,4388.589844,4555.384766,4394.358887,4492.563965,4511.282227,4552.94873,4382.94873,4371.666504,4486.794922,4532.692383,4514.615234,4498.974121,4374.615234,4384.871582,4554.615234,4500.384766,4498.205078,4407.436035,4587.820313,4395.128418,4561.666504,4508.461426,4416.282227,4538.589844,4513.333496,2674,1,24,2560,37691,,,,0,4,4,4,4,4,4,4,4,4,4,4,4,4,4,4,4,4,4,4,4,4,4,4,4,4,4,4,4,4,4,4,4,100,,,,,,,,,,,,,,,,,,,,,,,,,,,,,,,,,,,,,,,,,,,,,,,,,,,,,,,,,,,,,,,,,,,,,,,,,,,,,,,,,,,,,,,,,,,,,,,,,,,,,,,,,,,,,,,,,,,,,,,,,,,,,,,,,,,,,,,,,,,,,,,,,,,,,,,,,,,,,,,,,,,,,,,,,,,,,,,,,,,,,,,,,,,,,,,,,,,,,,,,,,,,,,
1764665423.277906,27679,0,4389.358887,4408.846191,4516.025879,4539.102539,4409.487305,4528.974121,4542.692383,4398.974121,4571.794922,4411.282227,4503.974121,4523.461426,4563.461426,4395.897461,4387.563965,4496.538574,4544.487305,4525.128418,4509.358887,4389.358887,4399.230957,4569.358887,4512.436035,4510.641113,4417.307617,4603.205078,4407.820313,4574.230957,4513.974121,4426.922852,4552.692383,4523.589844,2834,1,24,2560,37691,,,,0,4,4,4,4,4,4,4,4,4,4,4,4,4,4,4,4,4,4,4,4,4,4,4,4,4,4,4,4,4,4,4,4,100,,,,,,,,,,,,,,,,,,,,,,,,,,,,,,,,,,,,,,,,,,,,,,,,,,,,,,,,,,,,,,,,,,,,,,,,,,,,,,,,,,,,,,,,,,,,,,,,,,,,,,,,,,,,,,,,,,,,,,,,,,,,,,,,,,,,,,,,,,,,,,,,,,,,,,,,,,,,,,,,,,,,,,,,,,,,,,,,,,,,,,,,,,,,,,,,,,,,,,,,,,,,,,
1764665423.281812,27680,0,4395.256348,4412.94873,4521.666504,4548.461426,4411.025879,4532.94873,4547.820313,4402.820313,4582.820313,4419.102539,4508.974121,4530.512695,4570.128418,4402.436035,4396.538574,4503.846191,4552.820313,4533.077148,4516.282227,4398.589844,4409.230957,4581.025879,4519.230957,4517.436035,4422.820313,4612.179688,4413.717773,4581.153809,4512.436035,4430.384766,4558.461426,4526.025879,2775,1,24,2304,37698,,,,0,4,4,4,4,4,4,4,4,4,4,4,4,4,4,4,4,4,4,4,4,4,4,4,4,4,4,4,4,4,4,4,4,100,,,,,,,,,,,,,,,,,,,,,,,,,,,,,,,,,,,,,,,,,,,,,,,,,,,,,,,,,,,,,,,,,,,,,,,,,,,,,,,,,,,,,,,,,,,,,,,,,,,,,,,,,,,,,,,,,,,,,,,,,,,,,,,,,,,,,,,,,,,,,,,,,,,,,,,,,,,,,,,,,,,,,,,,,,,,,,,,,,,,,,,,,,,,,,,,,,,,,,,,,,,,,,
1764665423.285719,27681,0,4385.256348,4401.666504,4509.358887,4539.871582,4397.692383,4523.077148,4538.589844,4391.794922,4576.410156,4406.153809,4499.871582,4523.077148,4566.282227,4397.563965,4390.256348,4502.179688,4547.563965,4531.025879,4514.743652,4394.615234,4407.05127,4578.589844,4511.153809,4510.128418,4414.487305,4604.743652,4403.461426,4571.410156,4500.256348,4417.563965,4546.025879,4513.461426,2935,1,24,2304,37698,,,,0,4,4,4,4,4,4,4,4,4,4,4,4,4,4,4,4,4,4,4,4,4,4,4,4,4,4,4,4,4,4,4,4,100,,,,,,,,,,,,,,,,,,,,,,,,,,,,,,,,,,,39688,0,0.020253,-0.694031,-0.719604,-0.008972,0.98889,0.034184,0.054694,19.5,1.166667,55,,,,,,,,,,,,,,,,,,,,,,,,,,,,,,,,,,,,,,,,,,,,,,,,,,,,,,,,,,,,,,,,,,,,,,,,,,,,,,,,,,,,,,,,,,,,,,,,,,,,,,,,,,,,,,,,,,,,,,,,,,,,,,,,,,,,,,,,,,,,,,,,,,,,,,,,,,,,,,,,
1764665423.289625,27682,0,4362.05127,4377.692383,4482.820313,4516.025879,4374.615234,4501.410156,4517.179688,4369.615234,4553.846191,4378.077148,4480.641113,4503.461426,4552.563965,4385,4373.589844,4492.436035,4529.358887,4519.615234,4505.897461,4381.025879,4394.487305,4562.820313,4490.769043,4491.153809,4392.563965,4584.358887,4380,4546.922852,4482.692383,4392.179688,4519.358887,4490.384766,2610,1,24,2304,37706,,,,0,4,4,4,4,4,4,4,4,4,4,4,4,4,4,4,4,4,4,4,4,4,4,4,4,4,4,4,4,4,4,4,4,100,,,,,,,,,,,,,,,,,,,,,,,,,,,,,,,,,,,,,,,,,,,,,,,,,,,,,,,,,,,,,,,,,,,,,,,,,,,,,,,,,,,,,,,,,,,,,,,,,,,,,,,,,,,,,,,,,,,,,,,,,,,,,,,,,,,,,,,,,,,,,,,,,,,,,,,,,,,,,,,,,,,,,,,,,,,,,,,,,,,,,,,,,,,,,,,,,,,,,,,,,,,,,,
1764665423.293531,27683,0,4338.717773,4354.358887,4456.922852,4490.641113,4354.743652,4479.102539,4495.512695,4348.461426,4528.589844,4352.820313,4462.436035,4483.077148,4537.436035,4373.846191,4359.358887,4481.922852,4508.461426,4506.922852,4496.410156,4369.102539,4381.666504,4544.743652,4470.512695,4472.179688,4367.436035,4564.487305,4357.05127,4521.538574,4469.615234,4367.692383,4493.333496,4470,2870,1,24,2304,37706,,,,0,4,4,4,4,4,4,4,4,4,4,4,4,4,4,4,4,4,4,4,4,4,4,4,4,4,4,4,4,4,4,4,4,100,,,,,,,,,,,,,,,,,,,,,,,,,,,,,,,,,,,,,,,,,,,,,,,,,,,,,,,,,,,,,,,,,,,,,,,,,,,,,,,,,,,,,,,,,,,,,,,,,,,,,,,,,,,,,,,,,,,,,,,,,,,,,,,,,,,,,,,,,,,,,,,,,,,,,,,,,,,,,,,,,,,,,,,,,,,,,,,,,,,,,,,,,,,,,,,,,,,,,,,,,,,,,,
1764665423.297438,27684,0,4328.589844,4343.717773,4445,4477.436035,4347.94873,4466.666504,4485.384766,4339.102539,4515.128418,4345.384766,4455.512695,4473.461426,4529.487305,4371.025879,4357.692383,4477.820313,4496.538574,4502.307617,4492.179688,4368.205078,4378.333496,4536.410156,4463.077148,4465,4351.410156,4557.05127,4346.922852,4510,4467.692383,4356.410156,4481.410156,4462.436035,2766,1,24,768,37714,,,,0,4,4,4,4,4,4,4,4,4,4,4,4,4,4,4,4,4,4,4,4,4,4,4,4,4,4,4,4,4,4,4,4,100,,,,,,,,,,,,,,,,,,,,,,,,,,,,,,,,,,,,,,,,,,,,,,,,,,,,,,,,,,,,,,,,,,,,,,,,,,,,,,,,,,,,,,,,,,,,,,,,,,,,,,,,,,,,,,,,,,,,,,,,,,,,,,,,,,,,,,,,,,,,,,,,,,,,,,,,,,,,,,,,,,,,,,,,,,,,,,,,,,,,,,,,,,,,,,,,,,,,,,,,,,,,,,
1764665423.301344,27685,0,4334.230957,4347.820313,4448.717773,4479.230957,4352.94873,4467.05127,4489.230957,4342.692383,4517.820313,4356.153809,4461.025879,4477.179688,4531.025879,4376.153809,4368.077148,4481.794922,4497.563965,4508.461426,4494.487305,4378.077148,4385.512695,4541.538574,4470.512695,4471.922852,4349.871582,4562.820313,4351.538574,4516.025879,4474.487305,4360.256348,4485.384766,4467.436035,2800,1,24,768,37714,,,,0,4,4,4,4,4,4,4,4,4,4,4,4,4,4,4,4,4,4,4,4,4,4,4,4,4,4,4,4,4,4,4,4,100,,,,,,,,,,,,,,,,,,,,,,,,,,,,,,,,,,,39689,0,0.020124,-0.693909,-0.719727,-0.008911,0.987425,0.036137,0.040532,18.5,0.833333,55.166668,,,,,,,,,,,,,,,,,,,,,,,,,,,,,,,,,,,,,,,,,,,,,,,,,,,,,,,,,,,,,,,,,,,,,,,,,,,,,,,,,,,,,,,,,,,,,,,,,,,,,,,,,,,,,,,,,,,,,,,,,,,,,,,,,,,,,,,,,,,,,,,,,,,,,,,,,,,,,,,,
1764665423.305251,27686,0,4346.922852,4357.94873,4458.589844,4488.717773,4360.512695,4473.461426,4499.615234,4351.410156,4528.974121,4372.179688,4471.538574,4487.307617,4537.692383,4383.205078,4380.512695,4489.871582,4505.769043,4519.871582,4500,4389.487305,4396.153809,4553.205078,4483.974121,4485,4358.077148,4572.307617,4362.05127,4530.769043,4482.05127,4370.256348,4495.897461,4476.153809,2813,1,24,1024,37722,,,,0,4,4,4,4,4,4,4,4,4,4,4,4,4,4,4,4,4,4,4,4,4,4,4,4,4,4,4,4,4,4,4,4,100,,,,,,,,,,,,,,,,,,,,,,,,,,,,,,,,,,,,,,,,,,,,,,,,,,,,,,,,,,,,,,,,,,,,,,,,,,,,,,,,,,,,,,,,,,,,,,,,,,,,,,,,,,,,,,,,,,,,,,,,,,,,,,,,,,,,,,,,,,,,,,,,,,,,,,,,,,,,,,,,,,,,,,,,,,,,,,,,,,,,,,,,,,,,,,,,,,,,,,,,,,,,,,
1764665423.309157,27687,0,4354.358887,4363.846191,4464.102539,4495.512695,4361.922852,4477.436035,4507.05127,4355.769043,4537.436035,4379.358887,4477.820313,4494.358887,4542.94873,4385.769043,4384.487305,4495.897461,4511.538574,4527.563965,4504.230957,4392.692383,4401.153809,4560.769043,4491.794922,4493.205078,4366.922852,4575.384766,4367.820313,4541.025879,4483.077148,4375.897461,4501.666504,4479.358887,3000,1,24,1024,37722,,,,0,4,4,4,4,4,4,4,4,4,4,4,4,4,4,4,4,4,4,4,4,4,4,4,4,4,4,4,4,4,4,4,4,100,,,,,,,,,,,,,,,,,,,,,,,,,,,,,,,,,,,,,,,,,,,,,,,,,,,,,,,,,,,,,,,,,,,,,,,,,,,,,,,,,,,,,,,,,,,,,,,,,,,,,,,,,,,,,,,,,,,,,,,,,,,,,,,,,,,,,,,,,,,,,,,,,,,,,,,,,,,,,,,,,,,,,,,,,,,,,,,,,,,,,,,,,,,,,,,,,,,,,,,,,,,,,,
1764665423.313064,27688,0,4351.538574,4361.794922,4461.794922,4494.487305,4356.282227,4475.641113,4507.436035,4352.563965,4537.307617,4373.461426,4476.025879,4493.717773,4543.333496,4382.307617,4377.94873,4496.794922,4510.384766,4527.820313,4505.256348,4385.769043,4397.307617,4559.102539,4488.589844,4491.666504,4370.641113,4570.128418,4364.743652,4540.512695,4477.563965,4373.461426,4499.358887,4475.384766,2878,1,24,1280,37730,,,,0,4,4,4,4,4,4,4,4,4,4,4,4,4,4,4,4,4,4,4,4,4,4,4,4,4,4,4,4,4,4,4,4,100,,,,,,,,,,,,,,,,,,,,,,,,,,,,,,,,,,,,,,,,,,,,,,,,,,,,,,,,,,,,,,,,,,,,,,,,,,,,,,,,,,,,,,,,,,,,,,,,,,,,,,,,,,,,,,,,,,,,,,,,,,,,,,,,,,,,,,,,,,,,,,,,,,,,,,,,,,,,,,,,,,,,,,,,,,,,,,,,,,,,,,,,,,,,,,,,,,,,,,,,,,,,,,
1764665423.316970,27689,0,4344.230957,4357.307617,4456.666504,4488.461426,4350.256348,4472.307617,4503.974121,4345.897461,4531.794922,4362.179688,4469.871582,4488.461426,4540.641113,4376.538574,4368.077148,4495,4505.641113,4523.717773,4505.128418,4375.512695,4388.846191,4552.307617,4479.230957,4484.743652,4370.641113,4563.717773,4358.077148,4533.077148,4471.410156,4367.820313,4494.358887,4469.871582,2733,1,24,1280,37730,,,,0,4,4,4,4,4,4,4,4,4,4,4,4,4,4,4,4,4,4,4,4,4,4,4,4,4,4,4,4,4,4,4,4,100,,,,,,,,,,,,,,,,,,,,,,,,,,,,,,,,,,,39690,0,0.020151,-0.693909,-0.719727,-0.00885,1.012819,0.037602,0.037114,17.166666,0.666667,55.833332,,,,,,,,,,,,,,,,,,,,,,,,,,,,,,,,,,,,,,,,,,,,,,,,,,,,,,,,,,,,,,,,,,,,,,,,,,,,,,,,,,,,,,,,,,,,,,,,,,,,,,,,,,,,,,,,,,,,,,,,,,,,,,,,,,,,,,,,,,,,,,,,,,,,,,,,,,,,,,,,
1764665423.320877,27690,0,4341.922852,4358.589844,4455.769043,4484.743652,4351.282227,4474.102539,4503.461426,4343.205078,4528.333496,4357.563965,4466.153809,4485.641113,4540.256348,4373.717773,4364.487305,4495.384766,4505.128418,4522.307617,4506.922852,4371.410156,4383.717773,4548.974121,4473.333496,4480.641113,4372.436035,4564.487305,4356.666504,4527.692383,4471.025879,4366.794922,4494.487305,4470,1885,1,24,1536,37737,,,,0,4,4,4,4,4,4,4,4,4,4,4,4,4,4,4,4,4,4,4,4,4,4,4,4,4,4,4,4,4,4,4,4,100,,,,,,,,,,,,,,,,,,,,,,,,,,,,,,,,,,,,,,,,,,,,,,,,,,,,,,,,,,,,,,,,,,,,,,,,,,,,,,,,,,,,,,,,,,,,,,,,,,,,,,,,,,,,,,,,,,,,,,,,,,,,,,,,,,,,,,,,,,,,,,,,,,,,,,,,,,,,,,,,,,,,,,,,,,,,,,,,,,,,,,,,,,,,,,,,,,,,,,,,,,,,,,
1764665423.324783,27691,0,4349.487305,4368.589844,4462.307617,4487.94873,4361.282227,4483.333496,4509.743652,4348.461426,4532.05127,4366.025879,4469.230957,4489.615234,4545.256348,4376.025879,4371.282227,4500.512695,4512.94873,4527.05127,4511.282227,4377.307617,4385.769043,4554.230957,4477.563965,4484.102539,4379.358887,4573.205078,4363.717773,4530.384766,4477.94873,4373.974121,4502.436035,4477.692383,2716,1,24,1536,37737,,,,0,4,4,4,4,4,4,4,4,4,4,4,4,4,4,4,4,4,4,4,4,4,4,4,4,4,4,4,4,4,4,4,4,100,,,,,,,,,,,,,,,,,,,,,,,,,,,,,,,,,,,,,,,,,,,,,,,,,,,,,,,,,,,,,,,,,,,,,,,,,,,,,,,,,,,,,,,,,,,,,,,,,,,,,,,,,,,,,,,,,,,,,,,,,,,,,,,,,,,,,,,,,,,,,,,,,,,,,,,,,,,,,,,,,,,,,,,,,,,,,,,,,,,,,,,,,,,,,,,,,,,,,,,,,,,,,,
1764665423.328690,27692,0,4362.563965,4382.563965,4473.077148,4496.922852,4375.384766,4496.025879,4520,4358.974121,4541.794922,4383.461426,4477.179688,4498.589844,4553.974121,4381.153809,4383.333496,4508.077148,4525.769043,4534.871582,4514.743652,4388.205078,4391.794922,4564.102539,4489.230957,4491.922852,4388.333496,4582.820313,4375.128418,4539.230957,4487.436035,4385.641113,4513.333496,4487.820313,2508,1,24,1792,37745,,,,0,4,4,4,4,4,4,4,4,4,4,4,4,4,4,4,4,4,4,4,4,4,4,4,4,4,4,4,4,4,4,4,4,100,,,,,,,,,,,,,,,,,,,,,,,,,,,,,,,,,,,,,,,,,,,,,,,,,,,,,,,,,,,,,,,,,,,,,,,,,,,,,,,,,,,,,,,,,,,,,,,,,,,,,,,,,,,,,,,,,,,,,,,,,,,,,,,,,,,,,,,,,,,,,,,,,,,,,,,,,,,,,,,,,,,,,,,,,,,,,,,,,,,,,,,,,,,,,,,,,,,,,,,,,,,,,,
1764665423.332596,27693,0,4371.922852,4392.05127,4481.538574,4506.025879,4385.769043,4504.615234,4527.94873,4368.077148,4551.538574,4398.333496,4485,4506.410156,4560.641113,4384.487305,4391.282227,4512.94873,4536.153809,4538.205078,4512.05127,4394.102539,4394.358887,4569.358887,4499.487305,4496.410156,4392.436035,4584.487305,4382.820313,4547.179688,4493.205078,4394.615234,4519.230957,4493.846191,2229,1,24,1792,37745,,,,0,4,4,4,4,4,4,4,4,4,4,4,4,4,4,4,4,4,4,4,4,4,4,4,4,4,4,4,4,4,4,4,4,100,,,,,,,,,,,,,,,,,,,,,,,,,,,,,,,,,,,39691,0,0.020202,-0.69397,-0.719666,-0.008911,0.99182,0.037114,0.043951,18.5,0.166667,53,,,,,,,,,,,,,,,,,,,,,,,,,,,,,,,,,,,,,,,,,,,,,,,,,,,,,,,,,,,,,,,,,,,,,,,,,,,,,,,,,,,,,,,,,,,,,,,,,,,,,,,,,,,,,,,,,,,,,,,,,,,,,,,,,,,,,,,,,,,,,,,,,,,,,,,,,,,,,,,,
1764665423.336503,27694,0,4372.307617,4392.820313,4484.230957,4510.384766,4388.205078,4504.871582,4529.487305,4370.897461,4556.410156,4401.025879,4488.846191,4508.205078,4561.410156,4383.589844,4389.102539,4511.410156,4538.846191,4531.794922,4501.666504,4388.846191,4388.077148,4564.230957,4501.282227,4492.436035,4387.820313,4577.05127,4382.563965,4548.333496,4492.94873,4396.410156,4516.922852,4493.974121,2733,1,24,2048,37753,,,,0,4,4,4,4,4,4,4,4,4,4,4,4,4,4,4,4,4,4,4,4,4,4,4,4,4,4,4,4,4,4,4,4,100,,,,,,,,,,,,,,,,,,,,,,,,,,,,,,,,,,,,,,,,,,,,,,,,,,,,,,,,,,,,,,,,,,,,,,,,,,,,,,,,,,,,,,,,,,,,,,,,,,,,,,,,,,,,,,,,,,,,,,,,,,,,,,,,,,,,,,,,,,,,,,,,,,,,,,,,,,,,,,,,,,,,,,,,,,,,,,,,,,,,,,,,,,,,,,,,,,,,,,,,,,,,,,
1764665423.340409,27695,0,4366.794922,4388.846191,4482.179688,4510,4385.256348,4498.846191,4526.025879,4367.94873,4555.512695,4391.538574,4488.205078,4505.256348,4557.820313,4380,4378.974121,4504.487305,4534.230957,4518.589844,4488.205078,4374.871582,4374.615234,4551.153809,4495.641113,4482.179688,4377.94873,4566.794922,4377.307617,4543.461426,4489.487305,4393.077148,4510.384766,4491.282227,2514,1,24,2048,37753,,,,0,4,4,4,4,4,4,4,4,4,4,4,4,4,4,4,4,4,4,4,4,4,4,4,4,4,4,4,4,4,4,4,4,100,,,,,,,,,,,,,,,,,,,,,,,,,,,,,,,,,,,,,,,,,,,,,,,,,,,,,,,,,,,,,,,,,,,,,,,,,,,,,,,,,,,,,,,,,,,,,,,,,,,,,,,,,,,,,,,,,,,,,,,,,,,,,,,,,,,,,,,,,,,,,,,,,,,,,,,,,,,,,,,,,,,,,,,,,,,,,,,,,,,,,,,,,,,,,,,,,,,,,,,,,,,,,,
1764665423.344316,27696,0,4362.94873,4386.794922,4479.358887,4507.563965,4382.307617,4492.820313,4522.179688,4363.589844,4551.410156,4377.563965,4485,4502.307617,4554.102539,4376.666504,4367.94873,4496.153809,4527.820313,4506.282227,4478.717773,4360.128418,4360.256348,4538.077148,4488.333496,4472.307617,4370.256348,4561.025879,4372.692383,4537.692383,4487.820313,4390,4505.384766,4489.230957,2881,1,24,2304,37761,,,,0,4,4,4,4,4,4,4,4,4,4,4,4,4,4,4,4,4,4,4,4,4,4,4,4,4,4,4,4,4,4,4,4,100,,,,,,,,,,,,,,,,,,,,,,,,,,,,,,,,,,,,,,,,,,,,,,,,,,,,,,,,,,,,,,,,,,,,,,,,,,,,,,,,,,,,,,,,,,,,,,,,,,,,,,,,,,,,,,,,,,,,,,,,,,,,,,,,,,,,,,,,,,,,,,,,,,,,,,,,,,,,,,,,,,,,,,,,,,,,,,,,,,,,,,,,,,,,,,,,,,,,,,,,,,,,,,
1764665423.348222,27697,0,4364.743652,4389.102539,4477.179688,4505,4382.179688,4490.769043,4520.897461,4361.153809,4546.153809,4367.307617,4480.512695,4502.436035,4552.307617,4374.871582,4360.897461,4489.487305,4523.461426,4500.641113,4476.666504,4350.641113,4350.641113,4531.410156,4483.974121,4467.692383,4368.333496,4560.897461,4371.153809,4534.743652,4490,4389.871582,4504.230957,4488.205078,2936,1,24,2304,37761,,,,0,4,4,4,4,4,4,4,4,4,4,4,4,4,4,4,4,4,4,4,4,4,4,4,4,4,4,4,4,4,4,4,4,100,,,,,,,,,,,,,,,,,,,,,,,,,,,,,,,,,,,39692,0,0.020175,-0.69397,-0.719666,-0.008972,0.991332,0.042486,0.045416,19.5,0.666667,52.5,,,,,,,,,,,,,,,,,,,,,,,,,,,,,,,,,,,,,,,,,,,,,,,,,,,,,,,,,,,,,,,,,,,,,,,,,,,,,,,,,,,,,,,,,,,,,,,,,,,,,,,,,,,,,,,,,,,,,,,,,,,,,,,,,,,,,,,,,,,,,,,,,,,,,,,,,,,,,,,,
1764665423.352129,27698,0,4369.615234,4393.205078,4476.153809,4502.436035,4383.717773,4492.692383,4521.538574,4360.769043,4540.641113,4364.102539,4475.512695,4503.461426,4551.025879,4373.333496,4357.692383,4484.487305,4521.538574,4500.769043,4479.871582,4346.922852,4346.666504,4531.410156,4483.077148,4467.94873,4369.615234,4561.922852,4370.897461,4534.230957,4493.589844,4391.538574,4504.871582,4487.05127,1780,1,24,2560,37769,,,,0,4,4,4,4,4,4,4,4,4,4,4,4,4,4,4,4,4,4,4,4,4,4,4,4,4,4,4,4,4,4,4,4,100,,,,,,,,,,,,,,,,,,,,,,,,,,,,,,,,,,,,,,,,,,,,,,,,,,,,,,,,,,,,,,,,,,,,,,,,,,,,,,,,,,,,,,,,,,,,,,,,,,,,,,,,,,,,,,,,,,,,,,,,,,,,,,,,,,,,,,,,,,,,,,,,,,,,,,,,,,,,,,,,,,,,,,,,,,,,,,,,,,,,,,,,,,,,,,,,,,,,,,,,,,,,,,
1764665423.356035,27699,0,4372.820313,4396.153809,4477.179688,4500.769043,4385.384766,4496.282227,4522.436035,4361.410156,4536.794922,4367.820313,4471.794922,4503.077148,4548.846191,4371.538574,4356.666504,4480.128418,4521.282227,4502.05127,4483.717773,4346.794922,4346.666504,4535.256348,4483.846191,4470.512695,4369.615234,4560.769043,4370.128418,4535,4496.025879,4393.333496,4505.384766,4486.794922,2957,1,24,2560,37769,,,,0,4,4,4,4,4,4,4,4,4,4,4,4,4,4,4,4,4,4,4,4,4,4,4,4,4,4,4,4,4,4,4,4,100,,,,,,,,,,,,,,,,,,,,,,,,,,,,,,,,,,,,,,,,,,,,,,,,,,,,,,,,,,,,,,,,,,,,,,,,,,,,,,,,,,,,,,,,,,,,,,,,,,,,,,,,,,,,,,,,,,,,,,,,,,,,,,,,,,,,,,,,,,,,,,,,,,,,,,,,,,,,,,,,,,,,,,,,,,,,,,,,,,,,,,,,,,,,,,,,,,,,,,,,,,,,,,
1764665423.359942,27700,0,4373.205078,4398.461426,4482.563965,4502.94873,4388.077148,4501.025879,4523.974121,4363.846191,4538.205078,4376.794922,4472.820313,4501.794922,4547.307617,4371.666504,4358.077148,4477.436035,4523.461426,4502.307617,4486.410156,4349.102539,4349.487305,4540.641113,4486.153809,4474.487305,4367.563965,4559.230957,4370,4537.820313,4497.307617,4396.282227,4506.922852,4490.384766,2554,1,24,2560,37776,,,,0,4,4,4,4,4,4,4,4,4,4,4,4,4,4,4,4,4,4,4,4,4,4,4,4,4,4,4,4,4,4,4,4,100,,,,,,,,,,,,,,,,,,,,,,,,,,,,,,,,,,,,,,,,,,,,,,,,,,,,,,,,,,,,,,,,,,,,,,,,,,,,,,,,,,,,,,,,,,,,,,,,,,,,,,,,,,,,,,,,,,,,,,,,,,,,,,,,,,,,,,,,,,,,,,,,,,,,,,,,,,,,,,,,,,,,,,,,,,,,,,,,,,,,,,,,,,,,,,,,,,,,,,,,,,,,,,
1764665423.363848,27701,0,4374.487305,4403.333496,4493.077148,4511.153809,4394.358887,4507.563965,4529.102539,4370.256348,4547.307617,4389.487305,4480.128418,4503.205078,4549.743652,4376.153809,4363.461426,4479.102539,4529.871582,4504.102539,4489.871582,4355.256348,4356.410156,4548.717773,4491.794922,4480.897461,4367.307617,4561.794922,4373.846191,4545,4499.743652,4401.794922,4511.922852,4499.102539,2838,1,24,2560,37776,,,,0,4,4,4,4,4,4,4,4,4,4,4,4,4,4,4,4,4,4,4,4,4,4,4,4,4,4,4,4,4,4,4,4,100,,,,,,,,,,,,,,,,,,,,,,,,,,,,,,,,,,,39693,0,0.020229,-0.69397,-0.719666,-0.00885,0.991332,0.042486,0.045416,20.166666,1.333333,55.166668,,,,,,,,,,,,,,,,,,,,,,,,,,,,,,,,,,,,,,,,,,,,,,,,,,,,,,,,,,,,,,,,,,,,,,,,,,,,,,,,,,,,,,,,,,,,,,,,,,,,,,,,,,,,,,,,,,,,,,,,,,,,,,,,,,,,,,,,,,,,,,,,,,,,,,,,,,,,,,,,
1764665423.367755,27702,0,4380.512695,4412.05127,4506.025879,4524.230957,4404.615234,4515.897461,4539.230957,4381.282227,4562.05127,4403.077148,4491.282227,4509.487305,4557.563965,4384.487305,4372.94873,4485.384766,4540.384766,4510.128418,4497.05127,4365.897461,4367.820313,4560.641113,4501.153809,4490.769043,4373.333496,4569.358887,4382.563965,4556.666504,4504.743652,4409.487305,4520.512695,4509.102539,2942,1,24,2561,37784,,,,0,4,4,4,4,4,4,4,4,4,4,4,4,4,4,4,4,4,4,4,4,4,4,4,4,4,4,4,4,4,4,4,4,100,,,,,,,,,,,,,,,,,,,,,,,,,,,,,,,,,,,,,,,,,,,,,,,,,,,,,,,,,,,,,,,,,,,,,,,,,,,,,,,,,,,,,,,,,,,,,,,,,,,,,,,,,,,,,,,,,,,,,,,,,,,,,,,,,,,,,,,,,,,,,,,,,,,,,,,,,,,,,,,,,,,,,,,,,,,,,,,,,,,,,,,,,,,,,,,,,,,,,,,,,,,,,,
1764665423.371661,27703,0,4390.256348,4421.794922,4516.410156,4537.179688,4415.512695,4524.230957,4551.538574,4393.974121,4575.897461,4413.974121,4500.256348,4518.589844,4567.05127,4392.307617,4382.692383,4493.077148,4551.666504,4519.615234,4507.692383,4378.333496,4381.538574,4573.974121,4511.922852,4502.94873,4385.897461,4578.846191,4392.820313,4568.589844,4510.897461,4416.153809,4529.230957,4514.871582,2858,1,24,2561,37784,,,,0,4,4,4,4,4,4,4,4,4,4,4,4,4,4,4,4,4,4,4,4,4,4,4,4,4,4,4,4,4,4,4,4,100,,,,,,,,,,,,,,,,,,,,,,,,,,,,,,,,,,,,,,,,,,,,,,,,,,,,,,,,,,,,,,,,,,,,,,,,,,,,,,,,,,,,,,,,,,,,,,,,,,,,,,,,,,,,,,,,,,,,,,,,,,,,,,,,,,,,,,,,,,,,,,,,,,,,,,,,,,,,,,,,,,,,,,,,,,,,,,,,,,,,,,,,,,,,,,,,,,,,,,,,,,,,,,
1764665423.375568,27704,0,4398.205078,4428.077148,4520.897461,4544.487305,4421.922852,4530,4560.256348,4403.205078,4582.307617,4418.717773,4502.563965,4525.384766,4572.563965,4394.487305,4387.563965,4497.820313,4558.077148,4528.461426,4518.333496,4388.717773,4393.333496,4583.974121,4519.358887,4513.461426,4399.230957,4585.641113,4399.487305,4575.384766,4514.487305,4418.461426,4533.589844,4514.102539,2770,1,24,2048,37792,,,,0,4,4,4,4,4,4,4,4,4,4,4,4,4,4,4,4,4,4,4,4,4,4,4,4,4,4,4,4,4,4,4,4,100,,,,,,,,,,,,,,,,,,,,,,,,,,,,,,,,,,,,,,,,,,,,,,,,,,,,,,,,,,,,,,,,,,,,,,,,,,,,,,,,,,,,,,,,,,,,,,,,,,,,,,,,,,,,,,,,,,,,,,,,,,,,,,,,,,,,,,,,,,,,,,,,,,,,,,,,,,,,,,,,,,,,,,,,,,,,,,,,,,,,,,,,,,,,,,,,,,,,,,,,,,,,,,
1764665423.379474,27705,0,4399.102539,4429.230957,4519.358887,4543.589844,4421.538574,4531.410156,4561.666504,4405.256348,4579.487305,4416.538574,4498.589844,4526.282227,4570.897461,4390.128418,4386.025879,4497.436035,4557.05127,4532.94873,4524.358887,4394.230957,4400.512695,4587.05127,4520.641113,4518.461426,4406.153809,4587.820313,4400.128418,4574.230957,4513.333496,4416.153809,4532.692383,4509.871582,2837,1,24,2048,37792,,,,0,4,4,4,4,4,4,4,4,4,4,4,4,4,4,4,4,4,4,4,4,4,4,4,4,4,4,4,4,4,4,4,4,100,,,,,,,,,,,,,,,,,,,,,,,,,,,,,,,,,,,39694,0,0.020229,-0.69397,-0.719666,-0.00885,1.008424,0.028812,0.045416,19.5,0.666667,55,,,,,,,,,,,,,,,,,,,,,,,,,,,,,,,,,,,,,,,,,,,,,,,,,,,,,,,,,,,,,,,,,,,,,,,,,,,,,,,,,,,,,,,,,,,,,,,,,,,,,,,,,,,,,,,,,,,,,,,,,,,,,,,,,,,,,,,,,,,,,,,,,,,,,,,,,,,,,,,,
1764665423.383381,27706,0,4392.820313,4426.794922,4514.487305,4536.153809,4415.641113,4528.589844,4556.666504,4400.512695,4571.025879,4408.717773,4492.692383,4520.897461,4563.717773,4383.205078,4381.153809,4494.102539,4549.871582,4532.436035,4523.974121,4395.128418,4403.077148,4583.461426,4516.153809,4516.794922,4402.563965,4586.282227,4396.025879,4567.179688,4508.589844,4411.794922,4529.487305,4506.794922,1947,1,24,1536,37800,,,,0,4,4,4,4,4,4,4,4,4,4,4,4,4,4,4,4,4,4,4,4,4,4,4,4,4,4,4,4,4,4,4,4,100,,,,,,,,,,,,,,,,,,,,,,,,,,,,,,,,,,,,,,,,,,,,,,,0.71821,4.099254,1.502865,1.660032,1.406472,1.377905,3.93408,1.156853,2.0574,1.606689,0.985473,2.163702,1.276427,2.575676,1.642685,0.784216,2.120379,1.331448,1.745582,1.434366,1.173231,3.072665,1.454081,2.174422,1.351217,1.419179,4.428558,0.983701,1.737356,1.388053,0.740524,3.275679,1.228812,1.76908,1.528096,0.794413,1.879601,1.17062,1.844103,1.345793,1.144973,1.284897,0.743231,1.912554,1.542755,0.773803,2.071515,1.419811,1.611503,1.779718,1.126842,2.213138,1.137805,1.116159,1.135684,1.568124,5.213634,1.503536,1.670985,1.416582,1.047786,6.011884,1.32447,1.431963,1.165007,0.331448,1.211286,1.005746,0.6794,0.847249,0.65976,1.524682,1.119164,1.205787,1.151034,0.602361,3.272632,0.820719,0.740748,0.765969,1.693856,9.035577,2.082949,1.692772,1.77524,1.367407,8.634315,2.533739,1.597358,1.459037,1.085305,6.694678,1.647553,1.061262,0.902528,0.733301,5.29551,1.861219,1.69331,1.315248,1.130673,8.363564,1.920245,1.883815,1.380838,1.178221,9.317341,2.361261,1.838121,1.370348,1.034417,5.68538,1.1023,1.470588,1.363576,0.790885,4.260334,1.628434,1.793692,1.403109,0.699988,2.236267,2.767016,1.501662,2.577755,1.050031,1.034762,1.104492,1.326732,1.427811,0.584335,2.070023,1.068005,1.98969,1.643659,0.82282,3.611903,1.002502,1.912067,1.65423,0.493637,1.799807,0.44859,0.932506,0.769394,1.371472,2.554498,1.155777,1.964668,1.472635,1.237119,1.667461,0.957136,2.025855,1.542057,1.111185,2.159055,0.9986,2.245498,1.534039
1764665423.387287,27707,0,4383.717773,4422.179688,4508.846191,4526.282227,4407.307617,4523.589844,4548.846191,4391.410156,4562.05127,4397.563965,4489.102539,4512.692383,4556.666504,4379.102539,4377.692383,4492.179688,4541.025879,4529.102539,4518.846191,4393.333496,4402.179688,4576.666504,4508.717773,4510,4391.410156,4582.436035,4390.128418,4559.102539,4503.205078,4407.436035,4526.282227,4505.897461,2647,1,24,1536,37800,,,,0,4,4,4,4,4,4,4,4,4,4,4,4,4,4,4,4,4,4,4,4,4,4,4,4,4,4,4,4,4,4,4,4,100,,,,,,,,,,,,,,,,,,,,,,,,,,,,,,,,,,,,,,,,,,,,,,,,,,,,,,,,,,,,,,,,,,,,,,,,,,,,,,,,,,,,,,,,,,,,,,,,,,,,,,,,,,,,,,,,,,,,,,,,,,,,,,,,,,,,,,,,,,,,,,,,,,,,,,,,,,,,,,,,,,,,,,,,,,,,,,,,,,,,,,,,,,,,,,,,,,,,,,,,,,,,,,
1764665423.391194,27708,0,4376.922852,4416.282227,4502.563965,4518.589844,4398.846191,4518.717773,4541.538574,4381.922852,4556.794922,4386.538574,4489.230957,4505.641113,4554.102539,4380.897461,4378.717773,4494.743652,4535.256348,4527.179688,4513.974121,4391.666504,4399.871582,4570.256348,4502.05127,4501.538574,4379.615234,4577.307617,4384.358887,4553.333496,4499.615234,4403.717773,4523.077148,4504.102539,2707,1,24,1536,37808,,,,0,4,4,4,4,4,4,4,4,4,4,4,4,4,4,4,4,4,4,4,4,4,4,4,4,4,4,4,4,4,4,4,4,100,,,,,,,,,,,,,,,,,,,,,,,,,,,,,,,,,,,,,,,,,,,,,,,,,,,,,,,,,,,,,,,,,,,,,,,,,,,,,,,,,,,,,,,,,,,,,,,,,,,,,,,,,,,,,,,,,,,,,,,,,,,,,,,,,,,,,,,,,,,,,,,,,,,,,,,,,,,,,,,,,,,,,,,,,,,,,,,,,,,,,,,,,,,,,,,,,,,,,,,,,,,,,,
1764665423.395100,27709,0,4375.128418,4409.615234,4495.769043,4514.871582,4391.922852,4515,4535.897461,4375.769043,4556.410156,4378.717773,4491.922852,4502.563965,4557.692383,4387.94873,4384.230957,4501.282227,4534.615234,4529.743652,4513.846191,4392.05127,4397.692383,4566.794922,4498.461426,4494.615234,4372.820313,4570.897461,4379.230957,4550.384766,4497.820313,4399.871582,4517.820313,4498.461426,2546,1,24,1536,37808,,,,0,4,4,4,4,4,4,4,4,4,4,4,4,4,4,4,4,4,4,4,4,4,4,4,4,4,4,4,4,4,4,4,4,100,,,,,,,,,,,,,,,,,,,,,,,,,,,,,,,,,,,39695,0,0.020333,-0.694031,-0.719604,-0.008789,1.00061,0.016604,0.051276,19.333334,1.333333,54.666668,,,,,,,,,,,,,,,,,,,,,,,,,,,,,,,,,,,,,,,,,,,,,,,,,,,,,,,,,,,,,,,,,,,,,,,,,,,,,,,,,,,,,,,,,,,,,,,,,,,,,,,,,,,,,,,,,,,,,,,,,,,,,,,,,,,,,,,,,,,,,,,,,,,,,,,,,,,,,,,,
1764665423.399007,27710,0,4376.153809,4403.461426,4490.128418,4514.871582,4387.436035,4511.538574,4532.436035,4374.487305,4559.358887,4377.436035,4495,4503.461426,4565.256348,4396.538574,4391.794922,4508.461426,4538.333496,4537.05127,4519.871582,4395.256348,4396.922852,4566.794922,4497.820313,4491.025879,4371.538574,4564.487305,4374.743652,4548.205078,4496.282227,4395.769043,4510,4490.256348,2681,1,24,1280,37816,,,,0,4,4,4,4,4,4,4,4,4,4,4,4,4,4,4,4,4,4,4,4,4,4,4,4,4,4,4,4,4,4,4,4,100,,,,,,,,,,,,,,,,,,,,,,,,,,,,,,,,,,,,,,,,,,,,,,,,,,,,,,,,,,,,,,,,,,,,,,,,,,,,,,,,,,,,,,,,,,,,,,,,,,,,,,,,,,,,,,,,,,,,,,,,,,,,,,,,,,,,,,,,,,,,,,,,,,,,,,,,,,,,,,,,,,,,,,,,,,,,,,,,,,,,,,,,,,,,,,,,,,,,,,,,,,,,,,
1764665423.402913,27711,0,4375.769043,4398.846191,4487.692383,4516.282227,4385.256348,4507.436035,4530.769043,4376.538574,4562.563965,4383.333496,4496.538574,4505.641113,4571.922852,4402.563965,4398.461426,4512.94873,4542.563965,4546.282227,4528.333496,4399.102539,4397.436035,4568.589844,4498.077148,4490.641113,4372.436035,4559.743652,4371.153809,4545.384766,4493.717773,4392.563965,4502.436035,4483.846191,2840,1,24,1280,37816,,,,0,4,4,4,4,4,4,4,4,4,4,4,4,4,4,4,4,4,4,4,4,4,4,4,4,4,4,4,4,4,4,4,4,100,,,,,,,,,,,,,,,,,,,,,,,,,,,,,,,,,,,,,,,,,,,,,,,,,,,,,,,,,,,,,,,,,,,,,,,,,,,,,,,,,,,,,,,,,,,,,,,,,,,,,,,,,,,,,,,,,,,,,,,,,,,,,,,,,,,,,,,,,,,,,,,,,,,,,,,,,,,,,,,,,,,,,,,,,,,,,,,,,,,,,,,,,,,,,,,,,,,,,,,,,,,,,,
1764665423.406820,27712,0,4371.025879,4395.769043,4488.717773,4516.410156,4384.102539,4502.563965,4530,4377.94873,4563.333496,4392.563965,4494.615234,4505.128418,4572.94873,4403.589844,4402.179688,4513.461426,4543.461426,4553.077148,4532.94873,4400.128418,4397.05127,4569.230957,4496.922852,4491.538574,4372.307617,4558.461426,4368.461426,4541.666504,4490.512695,4390.512695,4498.846191,4482.179688,2767,1,24,512,37823,,,,0,4,4,4,4,4,4,4,4,4,4,4,4,4,4,4,4,4,4,4,4,4,4,4,4,4,4,4,4,4,4,4,4,100,,,,,,,,,,,,,,,,,,,,,,,,,,,,,,,,,,,,,,,,,,,,,,,,,,,,,,,,,,,,,,,,,,,,,,,,,,,,,,,,,,,,,,,,,,,,,,,,,,,,,,,,,,,,,,,,,,,,,,,,,,,,,,,,,,,,,,,,,,,,,,,,,,,,,,,,,,,,,,,,,,,,,,,,,,,,,,,,,,,,,,,,,,,,,,,,,,,,,,,,,,,,,,
1764665423.410726,27713,0,4362.179688,4392.179688,4490.256348,4513.461426,4381.666504,4497.179688,4528.333496,4375.128418,4560.256348,4398.589844,4488.205078,4499.615234,4566.794922,4399.743652,4401.794922,4511.794922,4539.615234,4553.846191,4529.871582,4396.025879,4393.333496,4566.282227,4493.333496,4491.025879,4370.897461,4560.641113,4365.897461,4537.05127,4487.05127,4388.589844,4499.230957,4484.102539,2930,1,24,512,37823,,,,0,4,4,4,4,4,4,4,4,4,4,4,4,4,4,4,4,4,4,4,4,4,4,4,4,4,4,4,4,4,4,4,4,100,,,,,,,,,,,,,,,,,,,,,,,,,,,,,,,,,,,39696,0,0.020385,-0.694031,-0.719604,-0.008667,1.002564,0.035161,0.050787,21,1.666667,55.166668,,,,,,,,,,,,,,,,,,,,,,,,,,,,,,,,,,,,,,,,,,,,,,,,,,,,,,,,,,,,,,,,,,,,,,,,,,,,,,,,,,,,,,,,,,,,,,,,,,,,,,,,,,,,,,,,,,,,,,,,,,,,,,,,,,,,,,,,,,,,,,,,,,,,,,,,,,,,,,,,
1764665423.414633,27714,0,4352.820313,4386.282227,4488.077148,4508.077148,4376.794922,4491.794922,4524.615234,4368.461426,4553.974121,4396.794922,4478.974121,4490.641113,4556.410156,4392.94873,4397.179688,4509.871582,4531.538574,4547.692383,4519.615234,4387.307617,4385.384766,4559.358887,4487.820313,4486.794922,4369.358887,4563.717773,4361.922852,4532.05127,4484.102539,4385.128418,4500.512695,4484.743652,2604,1,24,768,37831,,,,0,4,4,4,4,4,4,4,4,4,4,4,4,4,4,4,4,4,4,4,4,4,4,4,4,4,4,4,4,4,4,4,4,100,,,,,,,,,,,,,,,,,,,,,,,,,,,,,,,,,,,,,,,,,,,,,,,,,,,,,,,,,,,,,,,,,,,,,,,,,,,,,,,,,,,,,,,,,,,,,,,,,,,,,,,,,,,,,,,,,,,,,,,,,,,,,,,,,,,,,,,,,,,,,,,,,,,,,,,,,,,,,,,,,,,,,,,,,,,,,,,,,,,,,,,,,,,,,,,,,,,,,,,,,,,,,,
1764665423.418539,27715,0,4347.179688,4378.717773,4480.641113,4502.820313,4370.384766,4487.05127,4520.256348,4362.179688,4547.307617,4388.077148,4470.641113,4482.436035,4546.922852,4386.025879,4390.512695,4507.179688,4521.922852,4536.538574,4506.922852,4377.563965,4374.871582,4550,4482.820313,4479.102539,4368.461426,4563.974121,4355.897461,4526.794922,4481.794922,4379.743652,4498.717773,4479.615234,2864,1,24,768,37831,,,,0,4,4,4,4,4,4,4,4,4,4,4,4,4,4,4,4,4,4,4,4,4,4,4,4,4,4,4,4,4,4,4,4,100,,,,,,,,,,,,,,,,,,,,,,,,,,,,,,,,,,,,,,,,,,,,,,,,,,,,,,,,,,,,,,,,,,,,,,,,,,,,,,,,,,,,,,,,,,,,,,,,,,,,,,,,,,,,,,,,,,,,,,,,,,,,,,,,,,,,,,,,,,,,,,,,,,,,,,,,,,,,,,,,,,,,,,,,,,,,,,,,,,,,,,,,,,,,,,,,,,,,,,,,,,,,,,
1764665423.422446,27716,0,4346.922852,4372.563965,4470.897461,4500.128418,4365.128418,4484.102539,4517.563965,4360.641113,4543.846191,4378.717773,4467.436035,4479.102539,4542.307617,4381.025879,4384.615234,4502.820313,4513.846191,4524.615234,4497.179688,4370.512695,4365.512695,4541.538574,4480,4470,4367.820313,4559.230957,4349.358887,4522.307617,4480.128418,4374.230957,4492.692383,4470,2759,1,24,1024,37839,,,,0,4,4,4,4,4,4,4,4,4,4,4,4,4,4,4,4,4,4,4,4,4,4,4,4,4,4,4,4,4,4,4,4,100,,,,,,,,,,,,,,,,,,,,,,,,,,,,,,,,,,,,,,,,,,,,,,,,,,,,,,,,,,,,,,,,,,,,,,,,,,,,,,,,,,,,,,,,,,,,,,,,,,,,,,,,,,,,,,,,,,,,,,,,,,,,,,,,,,,,,,,,,,,,,,,,,,,,,,,,,,,,,,,,,,,,,,,,,,,,,,,,,,,,,,,,,,,,,,,,,,,,,,,,,,,,,,
1764665423.426352,27717,0,4351.153809,4372.05127,4465.128418,4501.538574,4363.974121,4484.102539,4518.974121,4364.358887,4545.641113,4375.256348,4471.282227,4481.538574,4543.461426,4378.589844,4382.05127,4497.563965,4510.512695,4516.410156,4493.205078,4367.820313,4360.384766,4537.307617,4480.256348,4463.077148,4367.179688,4551.410156,4345.256348,4520.128418,4479.358887,4371.922852,4486.153809,4462.307617,2792,1,24,1024,37839,,,,0,4,4,4,4,4,4,4,4,4,4,4,4,4,4,4,4,4,4,4,4,4,4,4,4,4,4,4,4,4,4,4,4,100,,,,,,,,,,,,,,,,,,,,,,,,,,,,,,,,,,,39697,0,0.020356,-0.694092,-0.719543,-0.008911,0.989867,0.035649,0.039556,19.5,0,52.5,,,,,,,,,,,,,,,,,,,,,,,,,,,,,,,,,,,,,,,,,,,,,,,,,,,,,,,,,,,,,,,,,,,,,,,,,,,,,,,,,,,,,,,,,,,,,,,,,,,,,,,,,,,,,,,,,,,,,,,,,,,,,,,,,,,,,,,,,,,,,,,,,,,,,,,,,,,,,,,,
1764665423.430259,27718,0,4357.436035,4378.846191,4467.307617,4507.05127,4368.205078,4487.820313,4524.615234,4370.897461,4551.282227,4380.384766,4480.641113,4488.077148,4548.205078,4378.846191,4383.077148,4493.974121,4513.333496,4514.487305,4494.743652,4368.461426,4360.641113,4538.846191,4483.077148,4461.538574,4367.820313,4545.897461,4346.282227,4521.666504,4480.641113,4375,4484.487305,4463.461426,2806,1,24,1280,37847,,,,0,4,4,4,4,4,4,4,4,4,4,4,4,4,4,4,4,4,4,4,4,4,4,4,4,4,4,4,4,4,4,4,4,100,,,,,,,,,,,,,,,,,,,,,,,,,,,,,,,,,,,,,,,,,,,,,,,,,,,,,,,,,,,,,,,,,,,,,,,,,,,,,,,,,,,,,,,,,,,,,,,,,,,,,,,,,,,,,,,,,,,,,,,,,,,,,,,,,,,,,,,,,,,,,,,,,,,,,,,,,,,,,,,,,,,,,,,,,,,,,,,,,,,,,,,,,,,,,,,,,,,,,,,,,,,,,,
1764665423.434165,27719,0,4363.461426,4390.512695,4476.538574,4514.743652,4376.282227,4494.358887,4531.538574,4376.025879,4556.666504,4391.153809,4490.384766,4496.153809,4553.717773,4380.512695,4386.282227,4494.102539,4520.897461,4517.692383,4498.846191,4369.871582,4364.230957,4545.128418,4487.692383,4465.512695,4370.256348,4546.282227,4352.94873,4527.307617,4485.128418,4382.94873,4490.769043,4473.974121,2992,1,24,1280,37847,,,,0,4,4,4,4,4,4,4,4,4,4,4,4,4,4,4,4,4,4,4,4,4,4,4,4,4,4,4,4,4,4,4,4,100,,,,,,,,,,,,,,,,,,,,,,,,,,,,,,,,,,,,,,,,,,,,,,,,,,,,,,,,,,,,,,,,,,,,,,,,,,,,,,,,,,,,,,,,,,,,,,,,,,,,,,,,,,,,,,,,,,,,,,,,,,,,,,,,,,,,,,,,,,,,,,,,,,,,,,,,,,,,,,,,,,,,,,,,,,,,,,,,,,,,,,,,,,,,,,,,,,,,,,,,,,,,,,
1764665423.438072,27720,0,4368.205078,4401.153809,4487.307617,4521.282227,4384.743652,4501.666504,4536.922852,4377.94873,4557.436035,4400.128418,4495.641113,4503.333496,4557.179688,4381.922852,4388.846191,4497.436035,4530.256348,4522.94873,4502.05127,4369.871582,4367.307617,4553.077148,4493.333496,4472.563965,4373.205078,4551.922852,4362.692383,4535.128418,4492.307617,4392.307617,4502.05127,4487.307617,2870,1,24,1536,37855,,,,0,4,4,4,4,4,4,4,4,4,4,4,4,4,4,4,4,4,4,4,4,4,4,4,4,4,4,4,4,4,4,4,4,100,,,,,,,,,,,,,,,,,,,,,,,,,,,,,,,,,,,,,,,,,,,,,,,,,,,,,,,,,,,,,,,,,,,,,,,,,,,,,,,,,,,,,,,,,,,,,,,,,,,,,,,,,,,,,,,,,,,,,,,,,,,,,,,,,,,,,,,,,,,,,,,,,,,,,,,,,,,,,,,,,,,,,,,,,,,,,,,,,,,,,,,,,,,,,,,,,,,,,,,,,,,,,,
1764665423.441978,27721,0,4371.410156,4405.897461,4493.974121,4524.615234,4391.025879,4507.820313,4539.615234,4377.436035,4553.077148,4401.538574,4494.487305,4508.717773,4557.820313,4381.922852,4389.487305,4501.794922,4537.692383,4526.282227,4502.563965,4368.077148,4366.794922,4559.230957,4499.615234,4479.102539,4374.230957,4558.205078,4371.794922,4542.820313,4500.384766,4398.846191,4512.436035,4495.512695,2724,1,24,1536,37855,,,,0,4,4,4,4,4,4,4,4,4,4,4,4,4,4,4,4,4,4,4,4,4,4,4,4,4,4,4,4,4,4,4,4,100,,,,,,,,,,,,,,,,,,,,,,,,,,,,,,,,,,,39698,0,0.020303,-0.694092,-0.719543,-0.009033,0.994262,0.024905,0.031742,20.166666,-0.833333,53.833332,,,,,,,,,,,,,,,,,,,,,,,,,,,,,,,,,,,,,,,,,,,,,,,,,,,,,,,,,,,,,,,,,,,,,,,,,,,,,,,,,,,,,,,,,,,,,,,,,,,,,,,,,,,,,,,,,,,,,,,,,,,,,,,,,,,,,,,,,,,,,,,,,,,,,,,,,,,,,,,,
1764665423.445885,27722,0,4374.102539,4404.743652,4495,4524.230957,4394.358887,4512.05127,4540.384766,4377.307617,4546.794922,4395.256348,4489.487305,4512.692383,4557.05127,4380.128418,4387.820313,4504.487305,4541.538574,4526.410156,4501.025879,4365.769043,4362.94873,4562.307617,4505.769043,4483.077148,4372.94873,4561.794922,4377.94873,4548.589844,4506.794922,4401.538574,4517.179688,4495.897461,1878,1,24,1792,37862,,,,0,4,4,4,4,4,4,4,4,4,4,4,4,4,4,4,4,4,4,4,4,4,4,4,4,4,4,4,4,4,4,4,4,100,,,,,,,,,,,,,,,,,,,,,,,,,,,,,,,,,,,,,,,,,,,,,,,,,,,,,,,,,,,,,,,,,,,,,,,,,,,,,,,,,,,,,,,,,,,,,,,,,,,,,,,,,,,,,,,,,,,,,,,,,,,,,,,,,,,,,,,,,,,,,,,,,,,,,,,,,,,,,,,,,,,,,,,,,,,,,,,,,,,,,,,,,,,,,,,,,,,,,,,,,,,,,,
1764665423.449791,27723,0,4377.692383,4402.94873,4493.205078,4522.179688,4396.538574,4515.384766,4541.282227,4379.871582,4543.205078,4387.179688,4485.769043,4516.025879,4556.794922,4378.333496,4384.230957,4504.358887,4542.563965,4524.615234,4499.358887,4365,4359.102539,4563.333496,4510.641113,4485.384766,4371.153809,4562.820313,4381.922852,4552.692383,4510.512695,4402.692383,4516.922852,4492.307617,2703,1,24,1792,37862,,,,0,4,4,4,4,4,4,4,4,4,4,4,4,4,4,4,4,4,4,4,4,4,4,4,4,4,4,4,4,4,4,4,4,100,,,,,,,,,,,,,,,,,,,,,,,,,,,,,,,,,,,,,,,,,,,,,,,,,,,,,,,,,,,,,,,,,,,,,,,,,,,,,,,,,,,,,,,,,,,,,,,,,,,,,,,,,,,,,,,,,,,,,,,,,,,,,,,,,,,,,,,,,,,,,,,,,,,,,,,,,,,,,,,,,,,,,,,,,,,,,,,,,,,,,,,,,,,,,,,,,,,,,,,,,,,,,,
1764665423.453698,27724,0,4383.077148,4405.641113,4492.820313,4521.153809,4400.512695,4519.615234,4543.717773,4385.897461,4545,4384.487305,4487.692383,4520.128418,4559.230957,4378.717773,4379.743652,4502.05127,4543.974121,4524.230957,4499.487305,4366.666504,4359.358887,4565.256348,4513.846191,4488.589844,4371.282227,4564.358887,4386.025879,4556.666504,4512.692383,4405.769043,4516.282227,4491.666504,2500,1,24,2048,37870,,,,0,4,4,4,4,4,4,4,4,4,4,4,4,4,4,4,4,4,4,4,4,4,4,4,4,4,4,4,4,4,4,4,4,100,,,,,,,,,,,,,,,,,,,,,,,,,,,,,,,,,,,,,,,,,,,,,,,,,,,,,,,,,,,,,,,,,,,,,,,,,,,,,,,,,,,,,,,,,,,,,,,,,,,,,,,,,,,,,,,,,,,,,,,,,,,,,,,,,,,,,,,,,,,,,,,,,,,,,,,,,,,,,,,,,,,,,,,,,,,,,,,,,,,,,,,,,,,,,,,,,,,,,,,,,,,,,,
1764665423.457604,27725,0,4390,4414.358887,4497.05127,4523.589844,4408.077148,4525.769043,4548.717773,4393.846191,4551.922852,4390.256348,4495.769043,4525.897461,4565,4383.333496,4376.922852,4499.743652,4548.461426,4527.307617,4502.179688,4370.641113,4365.256348,4571.282227,4516.282227,4494.743652,4374.358887,4568.974121,4392.563965,4562.692383,4515.512695,4412.307617,4520.384766,4498.333496,2215,1,24,2048,37870,,,,0,4,4,4,4,4,4,4,4,4,4,4,4,4,4,4,4,4,4,4,4,4,4,4,4,4,4,4,4,4,4,4,4,100,,,,,,,,,,,,,,,,,,,,,,,,,,,,,,,,,,,39699,0,0.02022,-0.694092,-0.719543,-0.009216,0.995239,0.039067,0.037114,20,0.666667,54.166668,,,,,,,,,,,,,,,,,,,,,,,,,,,,,,,,,,,,,,,,,,,,,,,,,,,,,,,,,,,,,,,,,,,,,,,,,,,,,,,,,,,,,,,,,,,,,,,,,,,,,,,,,,,,,,,,,,,,,,,,,,,,,,,,,,,,,,,,,,,,,,,,,,,,,,,,,,,,,,,,
1764665423.461510,27726,0,4397.94873,4425.769043,4506.153809,4530.897461,4418.461426,4533.461426,4555.897461,4401.666504,4561.282227,4402.820313,4506.666504,4533.461426,4573.333496,4391.282227,4379.358887,4500.512695,4557.05127,4533.974121,4507.563965,4376.153809,4375.641113,4582.179688,4520,4503.846191,4379.871582,4576.153809,4401.538574,4571.666504,4520.256348,4421.538574,4530.641113,4510.897461,2720,1,24,2304,37878,,,,0,4,4,4,4,4,4,4,4,4,4,4,4,4,4,4,4,4,4,4,4,4,4,4,4,4,4,4,4,4,4,4,4,100,,,,,,,,,,,,,,,,,,,,,,,,,,,,,,,,,,,,,,,,,,,,,,,,,,,,,,,,,,,,,,,,,,,,,,,,,,,,,,,,,,,,,,,,,,,,,,,,,,,,,,,,,,,,,,,,,,,,,,,,,,,,,,,,,,,,,,,,,,,,,,,,,,,,,,,,,,,,,,,,,,,,,,,,,,,,,,,,,,,,,,,,,,,,,,,,,,,,,,,,,,,,,,
1764665423.465417,27727,0,4404.358887,4434.615234,4517.436035,4541.282227,4428.461426,4541.025879,4563.461426,4407.820313,4569.871582,4416.666504,4515.769043,4541.410156,4582.179688,4399.230957,4387.94873,4505,4567.307617,4542.307617,4515.384766,4382.692383,4387.436035,4594.487305,4525.769043,4513.717773,4386.538574,4583.846191,4410.641113,4581.794922,4525.641113,4430.256348,4543.333496,4523.205078,2502,1,24,2304,37878,,,,0,4,4,4,4,4,4,4,4,4,4,4,4,4,4,4,4,4,4,4,4,4,4,4,4,4,4,4,4,4,4,4,4,100,,,,,,,,,,,,,,,,,,,,,,,,,,,,,,,,,,,,,,,,,,,,,,,,,,,,,,,,,,,,,,,,,,,,,,,,,,,,,,,,,,,,,,,,,,,,,,,,,,,,,,,,,,,,,,,,,,,,,,,,,,,,,,,,,,,,,,,,,,,,,,,,,,,,,,,,,,,,,,,,,,,,,,,,,,,,,,,,,,,,,,,,,,,,,,,,,,,,,,,,,,,,,,
1764665423.469323,27728,0,4407.307617,4437.05127,4525.769043,4550.256348,4433.589844,4546.025879,4569.102539,4410.897461,4575.256348,4425.384766,4519.871582,4546.922852,4588.205078,4403.205078,4399.615234,4511.025879,4575.641113,4550.128418,4523.974121,4389.487305,4397.307617,4603.589844,4531.666504,4521.153809,4392.436035,4588.974121,4416.153809,4588.846191,4528.717773,4435.128418,4551.794922,4528.974121,2874,1,24,2560,37886,,,,0,4,4,4,4,4,4,4,4,4,4,4,4,4,4,4,4,4,4,4,4,4,4,4,4,4,4,4,4,4,4,4,4,100,,,,,,,,,,,,,,,,,,,,,,,,,,,,,,,,,,,,,,,,,,,,,,,,,,,,,,,,,,,,,,,,,,,,,,,,,,,,,,,,,,,,,,,,,,,,,,,,,,,,,,,,,,,,,,,,,,,,,,,,,,,,,,,,,,,,,,,,,,,,,,,,,,,,,,,,,,,,,,,,,,,,,,,,,,,,,,,,,,,,,,,,,,,,,,,,,,,,,,,,,,,,,,
1764665423.473230,27729,0,4405.128418,4432.436035,4526.538574,4552.436035,4431.282227,4545.641113,4570.256348,4410.256348,4575.897461,4425.769043,4518.589844,4547.179688,4588.974121,4401.153809,4408.333496,4514.102539,4577.94873,4555.256348,4530.384766,4394.871582,4402.692383,4606.410156,4534.102539,4523.333496,4396.025879,4589.358887,4415.128418,4588.846191,4526.794922,4434.102539,4551.410156,4525,2932,1,24,2560,37886,,,,0,4,4,4,4,4,4,4,4,4,4,4,4,4,4,4,4,4,4,4,4,4,4,4,4,4,4,4,4,4,4,4,4,100,,,,,,,,,,,,,,,,,,,,,,,,,,,,,,,,,,,39700,0,0.017917,-0.694092,-0.719604,-0.009216,0.995239,0.039067,0.037114,19.666666,-0.166667,53.833332,,,,,,,,,,,,,,,,,,,,,,,,,,,,,,,,,,,,,,,,,,,,,,,,,,,,,,,,,,,,,,,,,,,,,,,,,,,,,,,,,,,,,,,,,,,,,,,,,,,,,,,,,,,,,,,,,,,,,,,,,,,,,,,,,,,,,,,,,,,,,,,,,,,,,,,,,,,,,,,,
1764665423.477136,27730,0,4397.820313,4422.179688,4517.94873,4546.025879,4421.666504,4538.717773,4566.025879,4405,4572.179688,4417.563965,4512.436035,4540.384766,4583.717773,4394.358887,4409.102539,4511.282227,4572.563965,4556.025879,4531.153809,4395.769043,4402.436035,4601.794922,4530.256348,4518.974121,4396.538574,4583.589844,4406.153809,4580.769043,4520,4426.922852,4541.410156,4512.692383,1777,1,24,2560,37894,,,,0,4,4,4,4,4,4,4,4,4,4,4,4,4,4,4,4,4,4,4,4,4,4,4,4,4,4,4,4,4,4,4,4,100,,,,,,,,,,,,,,,,,,,,,,,,,,,,,,,,,,,,,,,,,,,,,,,,,,,,,,,,,,,,,,,,,,,,,,,,,,,,,,,,,,,,,,,,,,,,,,,,,,,,,,,,,,,,,,,,,,,,,,,,,,,,,,,,,,,,,,,,,,,,,,,,,,,,,,,,,,,,,,,,,,,,,,,,,,,,,,,,,,,,,,,,,,,,,,,,,,,,,,,,,,,,,,
1764665423.481043,27731,0,4386.410156,4409.102539,4502.436035,4532.563965,4407.05127,4527.307617,4556.410156,4395.128418,4564.743652,4404.102539,4502.820313,4527.820313,4573.717773,4385.769043,4400.384766,4503.717773,4560.128418,4551.153809,4524.358887,4390.384766,4396.794922,4590.897461,4519.615234,4508.974121,4393.077148,4572.692383,4390.256348,4566.153809,4510,4414.615234,4525.384766,4496.538574,2950,1,24,2560,37894,,,,0,4,4,4,4,4,4,4,4,4,4,4,4,4,4,4,4,4,4,4,4,4,4,4,4,4,4,4,4,4,4,4,4,100,,,,,,,,,,,,,,,,,,,,,,,,,,,,,,,,,,,,,,,,,,,,,,,,,,,,,,,,,,,,,,,,,,,,,,,,,,,,,,,,,,,,,,,,,,,,,,,,,,,,,,,,,,,,,,,,,,,,,,,,,,,,,,,,,,,,,,,,,,,,,,,,,,,,,,,,,,,,,,,,,,,,,,,,,,,,,,,,,,,,,,,,,,,,,,,,,,,,,,,,,,,,,,
1764665423.484949,27732,0,4373.205078,4395.897461,4486.153809,4516.666504,4392.05127,4515.256348,4543.846191,4382.05127,4554.487305,4390.256348,4491.025879,4513.461426,4562.436035,4378.205078,4385.641113,4495.769043,4544.230957,4542.179688,4512.820313,4380.641113,4388.077148,4576.666504,4505.512695,4496.282227,4385.769043,4559.743652,4371.666504,4548.974121,4499.487305,4399.487305,4508.717773,4481.922852,2545,1,24,2561,37901,,,,0,4,4,4,4,4,4,4,4,4,4,4,4,4,4,4,4,4,4,4,4,4,4,4,4,4,4,4,4,4,4,4,4,100,,,,,,,,,,,,,,,,,,,,,,,,,,,,,,,,,,,,,,,,,,,,,,,,,,,,,,,,,,,,,,,,,,,,,,,,,,,,,,,,,,,,,,,,,,,,,,,,,,,,,,,,,,,,,,,,,,,,,,,,,,,,,,,,,,,,,,,,,,,,,,,,,,,,,,,,,,,,,,,,,,,,,,,,,,,,,,,,,,,,,,,,,,,,,,,,,,,,,,,,,,,,,,
1764665423.488856,27733,0,4361.666504,4386.282227,4475.256348,4503.846191,4381.410156,4506.153809,4532.563965,4370.128418,4543.717773,4380.641113,4480.641113,4502.820313,4554.615234,4374.487305,4372.436035,4491.794922,4529.743652,4532.94873,4502.307617,4372.307617,4380.512695,4563.974121,4493.077148,4485.512695,4376.794922,4549.487305,4356.794922,4534.358887,4491.410156,4386.282227,4496.794922,4473.717773,2828,1,24,2561,37901,,,,0,4,4,4,4,4,4,4,4,4,4,4,4,4,4,4,4,4,4,4,4,4,4,4,4,4,4,4,4,4,4,4,4,100,,,,,,,,,,,,,,,,,,,,,,,,,,,,,,,,,,,39701,0,0.020087,-0.694031,-0.719604,-0.009338,0.993285,0.039067,0.046392,18.333334,0.333333,54.166668,,,,,,,,,,,,,,,,,,,,,,,,,,,,,,,,,,,,,,,,,,,,,,,,,,,,,,,,,,,,,,,,,,,,,,,,,,,,,,,,,,,,,,,,,,,,,,,,,,,,,,,,,,,,,,,,,,,,,,,,,,,,,,,,,,,,,,,,,,,,,,,,,,,,,,,,,,,,,,,,
1764665423.492762,27734,0,4355.512695,4382.94873,4473.077148,4498.333496,4378.461426,4501.794922,4527.307617,4364.358887,4536.153809,4377.820313,4475.769043,4500,4553.846191,4376.025879,4368.205078,4493.717773,4520.897461,4528.333496,4498.461426,4370.512695,4377.94873,4557.563965,4486.922852,4480.512695,4370,4545.384766,4350.641113,4526.538574,4487.307617,4379.743652,4492.820313,4473.461426,2935,1,24,2562,37909,,,,0,4,4,4,4,4,4,4,4,4,4,4,4,4,4,4,4,4,4,4,4,4,4,4,4,4,4,4,4,4,4,4,4,100,,,,,,,,,,,,,,,,,,,,,,,,,,,,,,,,,,,,,,,,,,,,,,,,,,,,,,,,,,,,,,,,,,,,,,,,,,,,,,,,,,,,,,,,,,,,,,,,,,,,,,,,,,,,,,,,,,,,,,,,,,,,,,,,,,,,,,,,,,,,,,,,,,,,,,,,,,,,,,,,,,,,,,,,,,,,,,,,,,,,,,,,,,,,,,,,,,,,,,,,,,,,,,
1764665423.496669,27735,0,4356.410156,4386.410156,4478.205078,4501.153809,4382.563965,4501.666504,4529.615234,4366.922852,4535.512695,4380.897461,4477.820313,4503.589844,4559.871582,4381.794922,4374.743652,4500.128418,4518.717773,4530.897461,4502.563965,4376.538574,4381.410156,4558.589844,4488.461426,4482.307617,4368.974121,4548.333496,4354.358887,4526.538574,4487.563965,4381.922852,4496.666504,4479.230957,2851,1,24,2562,37909,,,,0,4,4,4,4,4,4,4,4,4,4,4,4,4,4,4,4,4,4,4,4,4,4,4,4,4,4,4,4,4,4,4,4,100,,,,,,,,,,,,,,,,,,,,,,,,,,,,,,,,,,,,,,,,,,,,,,,,,,,,,,,,,,,,,,,,,,,,,,,,,,,,,,,,,,,,,,,,,,,,,,,,,,,,,,,,,,,,,,,,,,,,,,,,,,,,,,,,,,,,,,,,,,,,,,,,,,,,,,,,,,,,,,,,,,,,,,,,,,,,,,,,,,,,,,,,,,,,,,,,,,,,,,,,,,,,,,
1764665423.500575,27736,0,4362.05127,4394.230957,4486.794922,4508.846191,4389.743652,4503.589844,4536.282227,4375,4542.436035,4386.538574,4483.589844,4508.974121,4568.461426,4388.846191,4387.436035,4507.179688,4521.666504,4539.871582,4510.897461,4386.153809,4388.333496,4564.358887,4495.128418,4488.205078,4373.461426,4556.025879,4363.846191,4531.794922,4490.512695,4390.256348,4504.743652,4486.410156,2764,1,24,2562,37917,,,,0,4,4,4,4,4,4,4,4,4,4,4,4,4,4,4,4,4,4,4,4,4,4,4,4,4,4,4,4,4,4,4,4,100,,,,,,,,,,,,,,,,,,,,,,,,,,,,,,,,,,,,,,,,,,,,,,,,,,,,,,,,,,,,,,,,,,,,,,,,,,,,,,,,,,,,,,,,,,,,,,,,,,,,,,,,,,,,,,,,,,,,,,,,,,,,,,,,,,,,,,,,,,,,,,,,,,,,,,,,,,,,,,,,,,,,,,,,,,,,,,,,,,,,,,,,,,,,,,,,,,,,,,,,,,,,,,
1764665423.504482,27737,0,4368.205078,4401.794922,4494.102539,4516.153809,4395.769043,4505.256348,4542.563965,4382.94873,4553.461426,4391.538574,4488.333496,4511.538574,4574.230957,4393.974121,4397.820313,4511.666504,4526.538574,4550.641113,4518.333496,4394.230957,4395.256348,4570,4502.436035,4494.230957,4380,4564.871582,4373.205078,4538.077148,4494.615234,4398.974121,4512.563965,4491.282227,2828,1,24,2562,37917,,,,0,4,4,4,4,4,4,4,4,4,4,4,4,4,4,4,4,4,4,4,4,4,4,4,4,4,4,4,4,4,4,4,4,100,,,,,,,,,,,,,,,,,,,,,,,,,,,,,,,,,,,39702,0,0.020171,-0.694031,-0.719604,-0.009155,0.996215,0.047857,0.049811,20.166666,2.166667,52.666668,,,,,,,,,,,,,,,,,,,,,,,,,,,,,,,,,,,,,,,,,,,,,,,,,,,,,,,,,,,,,,,,,,,,,,,,,,,,,,,,,,,,,,,,,,,,,,,,,,,,,,,,,,,,,,,,,,,,,,,,,,,,,,,,,,,,,,,,,,,,,,,,,,,,,,,,,,,,,,,,
1764665423.508388,27738,0,4371.282227,4405.641113,4497.307617,4519.487305,4398.205078,4506.025879,4544.487305,4386.666504,4563.205078,4394.743652,4489.743652,4510.384766,4574.358887,4395.256348,4400.897461,4512.436035,4530.897461,4557.436035,4521.282227,4397.692383,4399.743652,4572.436035,4507.436035,4497.563965,4383.846191,4571.666504,4378.077148,4542.436035,4498.077148,4403.717773,4516.922852,4492.05127,1946,1,24,2048,37925,,,,0,4,4,4,4,4,4,4,4,4,4,4,4,4,4,4,4,4,4,4,4,4,4,4,4,4,4,4,4,4,4,4,4,100,,,,,,,,,,,,,,,,,,,,,,,,,,,,,,,,,,,,,,,,,,,,,,,1.126616,3.693753,1.339944,1.53268,1.306552,1.857072,3.460641,1.013317,1.893937,1.453384,1.381405,2.133006,1.261453,2.447777,1.49251,0.932784,1.995762,1.285123,1.665648,1.254528,1.431743,2.949166,1.273015,2.039859,1.239943,1.922156,3.909266,0.911755,1.626215,1.314024,1.011398,2.933947,1.085797,1.582503,1.428416,1.186497,1.591374,1.084211,1.779421,1.208468,1.391793,1.403118,0.800456,1.745386,1.425994,0.809561,1.779077,1.439159,1.602581,1.744558,1.097883,2.049804,1.007728,1.036355,1.046544,1.849324,4.669453,1.38448,1.595048,1.351571,1.299159,6.352568,1.352185,1.30584,1.071525,0.385957,1.222253,0.911888,0.597163,0.799988,0.952121,1.806037,1.033057,1.058337,1.147505,0.752955,4.391006,0.8738,0.672445,0.706136,2.353236,9.329036,2.305954,1.472901,1.633594,1.764288,11.896114,2.898207,1.509932,1.346229,1.288853,8.873552,1.941745,1.035541,0.816858,0.927625,6.272714,1.983177,1.553032,1.159965,1.237248,8.979204,2.182476,1.691679,1.270723,1.667668,11.564294,2.892288,1.719437,1.248536,1.231916,5.507129,1.017327,1.335533,1.260153,1.103138,4.481296,1.63989,1.683696,1.247228,0.896954,2.777617,2.312825,1.50725,2.281166,1.038028,1.272655,0.925306,1.232369,1.285181,0.866972,2.119867,1.045837,1.821087,1.50697,1.287795,3.503919,0.924813,1.749417,1.567186,0.736372,1.603922,0.410215,0.852637,0.724051,1.708091,2.477166,1.005608,1.884717,1.367697,1.556567,1.665864,0.832257,1.858525,1.384502,1.341976,2.231452,0.902491,2.124256,1.463793
1764665423.512295,27739,0,4370.256348,4404.743652,4496.153809,4518.077148,4397.05127,4506.153809,4541.666504,4385.128418,4567.436035,4396.282227,4487.820313,4507.179688,4569.230957,4392.563965,4396.666504,4510.512695,4533.077148,4556.922852,4519.102539,4396.538574,4400.897461,4571.025879,4509.102539,4497.179688,4381.410156,4574.230957,4377.563965,4544.230957,4499.871582,4402.692383,4517.436035,4488.846191,2639,1,24,2048,37925,,,,0,4,4,4,4,4,4,4,4,4,4,4,4,4,4,4,4,4,4,4,4,4,4,4,4,4,4,4,4,4,4,4,4,100,,,,,,,,,,,,,,,,,,,,,,,,,,,,,,,,,,,,,,,,,,,,,,,,,,,,,,,,,,,,,,,,,,,,,,,,,,,,,,,,,,,,,,,,,,,,,,,,,,,,,,,,,,,,,,,,,,,,,,,,,,,,,,,,,,,,,,,,,,,,,,,,,,,,,,,,,,,,,,,,,,,,,,,,,,,,,,,,,,,,,,,,,,,,,,,,,,,,,,,,,,,,,,
1764665423.516201,27740,0,4366.666504,4399.871582,4492.05127,4513.461426,4393.077148,4505.512695,4535.769043,4380.641113,4565.128418,4395.512695,4484.230957,4503.589844,4561.922852,4386.922852,4389.743652,4508.333496,4532.563965,4549.230957,4513.205078,4392.307617,4398.205078,4566.666504,4507.820313,4492.94873,4373.461426,4572.563965,4373.077148,4543.717773,4498.461426,4397.436035,4514.871582,4483.589844,2700,1,24,768,37933,,,,0,4,4,4,4,4,4,4,4,4,4,4,4,4,4,4,4,4,4,4,4,4,4,4,4,4,4,4,4,4,4,4,4,100,,,,,,,,,,,,,,,,,,,,,,,,,,,,,,,,,,,,,,,,,,,,,,,,,,,,,,,,,,,,,,,,,,,,,,,,,,,,,,,,,,,,,,,,,,,,,,,,,,,,,,,,,,,,,,,,,,,,,,,,,,,,,,,,,,,,,,,,,,,,,,,,,,,,,,,,,,,,,,,,,,,,,,,,,,,,,,,,,,,,,,,,,,,,,,,,,,,,,,,,,,,,,,
1764665423.520108,27741,0,4362.307617,4392.94873,4486.666504,4507.563965,4387.563965,4503.333496,4529.102539,4375.512695,4558.333496,4392.307617,4480.384766,4500.256348,4555.384766,4380.256348,4383.589844,4506.794922,4529.230957,4537.820313,4506.153809,4385.897461,4392.179688,4560.384766,4504.230957,4485.384766,4363.846191,4568.077148,4366.666504,4540.897461,4493.461426,4390.512695,4510.128418,4478.205078,2542,1,24,768,37933,,,,0,4,4,4,4,4,4,4,4,4,4,4,4,4,4,4,4,4,4,4,4,4,4,4,4,4,4,4,4,4,4,4,4,100,,,,,,,,,,,,,,,,,,,,,,,,,,,,,,,,,,,39703,0,0.020143,-0.694031,-0.719604,-0.009216,0.98596,0.038579,0.049811,20.5,0.166667,54.333332,,,,,,,,,,,,,,,,,,,,,,,,,,,,,,,,,,,,,,,,,,,,,,,,,,,,,,,,,,,,,,,,,,,,,,,,,,,,,,,,,,,,,,,,,,,,,,,,,,,,,,,,,,,,,,,,,,,,,,,,,,,,,,,,,,,,,,,,,,,,,,,,,,,,,,,,,,,,,,,,
1764665423.524014,27742,0,4359.102539,4387.05127,4481.666504,4502.436035,4382.563965,4500,4523.589844,4371.666504,4551.153809,4387.692383,4477.692383,4497.179688,4551.538574,4374.615234,4379.487305,4504.358887,4523.717773,4526.922852,4500,4378.333496,4384.487305,4553.717773,4499.871582,4476.794922,4357.179688,4563.461426,4361.025879,4536.538574,4486.410156,4385,4504.487305,4474.487305,2669,1,24,768,37941,,,,0,4,4,4,4,4,4,4,4,4,4,4,4,4,4,4,4,4,4,4,4,4,4,4,4,4,4,4,4,4,4,4,4,100,,,,,,,,,,,,,,,,,,,,,,,,,,,,,,,,,,,,,,,,,,,,,,,,,,,,,,,,,,,,,,,,,,,,,,,,,,,,,,,,,,,,,,,,,,,,,,,,,,,,,,,,,,,,,,,,,,,,,,,,,,,,,,,,,,,,,,,,,,,,,,,,,,,,,,,,,,,,,,,,,,,,,,,,,,,,,,,,,,,,,,,,,,,,,,,,,,,,,,,,,,,,,,
1764665423.527921,27743,0,4358.077148,4385,4478.717773,4499.615234,4379.743652,4497.436035,4520.641113,4369.871582,4546.794922,4384.230957,4477.05127,4494.871582,4551.282227,4372.05127,4376.666504,4499.871582,4518.846191,4519.871582,4496.153809,4371.282227,4378.077148,4548.589844,4496.922852,4470.512695,4356.153809,4560.769043,4358.717773,4532.436035,4481.410156,4383.333496,4500.128418,4473.846191,2833,1,24,768,37941,,,,0,4,4,4,4,4,4,4,4,4,4,4,4,4,4,4,4,4,4,4,4,4,4,4,4,4,4,4,4,4,4,4,4,100,,,,,,,,,,,,,,,,,,,,,,,,,,,,,,,,,,,,,,,,,,,,,,,,,,,,,,,,,,,,,,,,,,,,,,,,,,,,,,,,,,,,,,,,,,,,,,,,,,,,,,,,,,,,,,,,,,,,,,,,,,,,,,,,,,,,,,,,,,,,,,,,,,,,,,,,,,,,,,,,,,,,,,,,,,,,,,,,,,,,,,,,,,,,,,,,,,,,,,,,,,,,,,
1764665423.531827,27744,0,4360.256348,4387.94873,4479.871582,4500.256348,4380.512695,4498.077148,4521.282227,4370.256348,4546.666504,4384.358887,4478.461426,4494.615234,4554.487305,4373.846191,4375.256348,4494.230957,4517.436035,4517.820313,4495.128418,4367.179688,4375,4546.666504,4496.922852,4469.358887,4360,4561.282227,4361.282227,4531.153809,4481.794922,4385.641113,4499.487305,4477.179688,2767,1,24,1024,37948,,,,0,4,4,4,4,4,4,4,4,4,4,4,4,4,4,4,4,4,4,4,4,4,4,4,4,4,4,4,4,4,4,4,4,100,,,,,,,,,,,,,,,,,,,,,,,,,,,,,,,,,,,,,,,,,,,,,,,,,,,,,,,,,,,,,,,,,,,,,,,,,,,,,,,,,,,,,,,,,,,,,,,,,,,,,,,,,,,,,,,,,,,,,,,,,,,,,,,,,,,,,,,,,,,,,,,,,,,,,,,,,,,,,,,,,,,,,,,,,,,,,,,,,,,,,,,,,,,,,,,,,,,,,,,,,,,,,,
1764665423.535734,27745,0,4365.769043,4394.871582,4485.512695,4503.846191,4384.615234,4502.820313,4525.897461,4372.692383,4550,4387.563965,4481.410156,4497.820313,4559.487305,4378.717773,4376.538574,4490.641113,4521.025879,4520,4495.897461,4367.05127,4375.769043,4549.230957,4499.743652,4473.589844,4367.05127,4564.743652,4368.077148,4534.871582,4488.077148,4390.641113,4503.461426,4483.717773,2925,1,24,1024,37948,,,,0,4,4,4,4,4,4,4,4,4,4,4,4,4,4,4,4,4,4,4,4,4,4,4,4,4,4,4,4,4,4,4,4,100,,,,,,,,,,,,,,,,,,,,,,,,,,,,,,,,,,,39704,0,0.019951,-0.69397,-0.719666,-0.00946,0.99768,0.042486,0.037602,18.166666,-1.333333,54.666668,,,,,,,,,,,,,,,,,,,,,,,,,,,,,,,,,,,,,,,,,,,,,,,,,,,,,,,,,,,,,,,,,,,,,,,,,,,,,,,,,,,,,,,,,,,,,,,,,,,,,,,,,,,,,,,,,,,,,,,,,,,,,,,,,,,,,,,,,,,,,,,,,,,,,,,,,,,,,,,,
1764665423.539640,27746,0,4374.102539,4403.205078,4493.974121,4509.230957,4391.410156,4510,4533.589844,4377.436035,4554.871582,4391.410156,4485.128418,4503.974121,4564.615234,4384.230957,4381.410156,4491.666504,4529.102539,4524.102539,4496.922852,4370.128418,4378.974121,4555.897461,4504.487305,4481.410156,4374.871582,4570.512695,4376.922852,4543.077148,4496.922852,4397.179688,4511.025879,4492.05127,2604,1,24,1280,37956,,,,0,4,4,4,4,4,4,4,4,4,4,4,4,4,4,4,4,4,4,4,4,4,4,4,4,4,4,4,4,4,4,4,4,100,,,,,,,,,,,,,,,,,,,,,,,,,,,,,,,,,,,,,,,,,,,,,,,,,,,,,,,,,,,,,,,,,,,,,,,,,,,,,,,,,,,,,,,,,,,,,,,,,,,,,,,,,,,,,,,,,,,,,,,,,,,,,,,,,,,,,,,,,,,,,,,,,,,,,,,,,,,,,,,,,,,,,,,,,,,,,,,,,,,,,,,,,,,,,,,,,,,,,,,,,,,,,,
1764665423.543547,27747,0,4383.205078,4411.025879,4502.563965,4514.871582,4399.102539,4517.179688,4542.692383,4384.230957,4559.487305,4394.102539,4488.846191,4511.282227,4567.820313,4388.077148,4388.717773,4496.538574,4539.230957,4528.333496,4498.205078,4374.358887,4382.820313,4565,4510.256348,4490.128418,4382.692383,4576.922852,4384.743652,4553.333496,4504.230957,4404.102539,4520.128418,4500,2865,1,24,1280,37956,,,,0,4,4,4,4,4,4,4,4,4,4,4,4,4,4,4,4,4,4,4,4,4,4,4,4,4,4,4,4,4,4,4,4,100,,,,,,,,,,,,,,,,,,,,,,,,,,,,,,,,,,,,,,,,,,,,,,,,,,,,,,,,,,,,,,,,,,,,,,,,,,,,,,,,,,,,,,,,,,,,,,,,,,,,,,,,,,,,,,,,,,,,,,,,,,,,,,,,,,,,,,,,,,,,,,,,,,,,,,,,,,,,,,,,,,,,,,,,,,,,,,,,,,,,,,,,,,,,,,,,,,,,,,,,,,,,,,
1764665423.547453,27748,0,4390.512695,4416.794922,4508.461426,4519.743652,4406.153809,4523.205078,4551.282227,4392.436035,4562.820313,4395.641113,4492.563965,4517.179688,4568.974121,4389.615234,4395.256348,4501.666504,4548.846191,4532.307617,4500.512695,4377.436035,4385.897461,4574.615234,4516.153809,4497.179688,4389.487305,4582.692383,4389.615234,4562.820313,4508.077148,4410.641113,4528.333496,4505.769043,2758,1,24,1536,37964,,,,0,4,4,4,4,4,4,4,4,4,4,4,4,4,4,4,4,4,4,4,4,4,4,4,4,4,4,4,4,4,4,4,4,100,,,,,,,,,,,,,,,,,,,,,,,,,,,,,,,,,,,,,,,,,,,,,,,,,,,,,,,,,,,,,,,,,,,,,,,,,,,,,,,,,,,,,,,,,,,,,,,,,,,,,,,,,,,,,,,,,,,,,,,,,,,,,,,,,,,,,,,,,,,,,,,,,,,,,,,,,,,,,,,,,,,,,,,,,,,,,,,,,,,,,,,,,,,,,,,,,,,,,,,,,,,,,,
1764665423.551360,27749,0,4394.871582,4420.384766,4510.897461,4524.102539,4411.025879,4527.820313,4557.436035,4399.871582,4565.384766,4398.205078,4496.025879,4520.769043,4569.358887,4389.230957,4397.94873,4504.358887,4556.282227,4535.769043,4504.358887,4378.846191,4388.461426,4582.692383,4522.179688,4501.794922,4394.871582,4586.666504,4392.307617,4569.487305,4509.487305,4416.410156,4534.230957,4508.717773,2797,1,24,1536,37964,,,,0,4,4,4,4,4,4,4,4,4,4,4,4,4,4,4,4,4,4,4,4,4,4,4,4,4,4,4,4,4,4,4,4,100,,,,,,,,,,,,,,,,,,,,,,,,,,,,,,,,,,,39705,0,0.019922,-0.69397,-0.719666,-0.009521,0.992309,0.038091,0.044439,18.5,0.5,53.5,,,,,,,,,,,,,,,,,,,,,,,,,,,,,,,,,,,,,,,,,,,,,,,,,,,,,,,,,,,,,,,,,,,,,,,,,,,,,,,,,,,,,,,,,,,,,,,,,,,,,,,,,,,,,,,,,,,,,,,,,,,,,,,,,,,,,,,,,,,,,,,,,,,,,,,,,,,,,,,,
1764665423.555266,27750,0,4396.922852,4422.563965,4510.769043,4528.205078,4413.077148,4531.922852,4559.871582,4404.230957,4567.692383,4403.589844,4499.487305,4523.333496,4571.153809,4388.205078,4396.282227,4504.615234,4561.666504,4538.589844,4508.974121,4379.871582,4391.538574,4588.205078,4528.461426,4504.615234,4398.077148,4589.102539,4394.487305,4573.589844,4510.769043,4420.897461,4537.820313,4509.743652,2812,1,24,1792,37972,,,,0,4,4,4,4,4,4,4,4,4,4,4,4,4,4,4,4,4,4,4,4,4,4,4,4,4,4,4,4,4,4,4,4,100,,,,,,,,,,,,,,,,,,,,,,,,,,,,,,,,,,,,,,,,,,,,,,,,,,,,,,,,,,,,,,,,,,,,,,,,,,,,,,,,,,,,,,,,,,,,,,,,,,,,,,,,,,,,,,,,,,,,,,,,,,,,,,,,,,,,,,,,,,,,,,,,,,,,,,,,,,,,,,,,,,,,,,,,,,,,,,,,,,,,,,,,,,,,,,,,,,,,,,,,,,,,,,
1764665423.559173,27751,0,4398.974121,4424.487305,4510.256348,4531.794922,4413.333496,4536.025879,4559.487305,4405.384766,4570,4410.897461,4503.077148,4526.538574,4575.256348,4387.179688,4391.410156,4504.358887,4565.384766,4539.871582,4512.563965,4382.179688,4396.282227,4591.538574,4533.717773,4507.692383,4398.846191,4591.666504,4398.461426,4576.538574,4513.333496,4424.102539,4539.871582,4510.384766,2994,1,24,1792,37972,,,,0,4,4,4,4,4,4,4,4,4,4,4,4,4,4,4,4,4,4,4,4,4,4,4,4,4,4,4,4,4,4,4,4,100,,,,,,,,,,,,,,,,,,,,,,,,,,,,,,,,,,,,,,,,,,,,,,,,,,,,,,,,,,,,,,,,,,,,,,,,,,,,,,,,,,,,,,,,,,,,,,,,,,,,,,,,,,,,,,,,,,,,,,,,,,,,,,,,,,,,,,,,,,,,,,,,,,,,,,,,,,,,,,,,,,,,,,,,,,,,,,,,,,,,,,,,,,,,,,,,,,,,,,,,,,,,,,
1764665423.563079,27752,0,4401.922852,4426.666504,4511.282227,4534.743652,4413.077148,4539.615234,4558.974121,4405,4571.666504,4416.666504,4506.282227,4531.025879,4580.641113,4386.922852,4386.410156,4504.230957,4567.94873,4540.128418,4514.102539,4386.794922,4402.179688,4593.717773,4537.05127,4512.179688,4398.333496,4595.897461,4404.487305,4579.615234,4516.794922,4426.922852,4541.922852,4512.05127,2874,1,24,2048,37980,,,,0,4,4,4,4,4,4,4,4,4,4,4,4,4,4,4,4,4,4,4,4,4,4,4,4,4,4,4,4,4,4,4,4,100,,,,,,,,,,,,,,,,,,,,,,,,,,,,,,,,,,,,,,,,,,,,,,,,,,,,,,,,,,,,,,,,,,,,,,,,,,,,,,,,,,,,,,,,,,,,,,,,,,,,,,,,,,,,,,,,,,,,,,,,,,,,,,,,,,,,,,,,,,,,,,,,,,,,,,,,,,,,,,,,,,,,,,,,,,,,,,,,,,,,,,,,,,,,,,,,,,,,,,,,,,,,,,
1764665423.566986,27753,0,4405.256348,4428.717773,4514.358887,4536.794922,4413.974121,4541.794922,4560.641113,4406.025879,4572.05127,4418.205078,4508.333496,4535.641113,4585.384766,4388.205078,4383.974121,4504.230957,4569.615234,4540.641113,4513.846191,4392.307617,4407.820313,4596.025879,4537.94873,4517.179688,4398.717773,4600.897461,4410.897461,4582.820313,4519.871582,4429.871582,4544.487305,4515.256348,2725,1,24,2048,37980,,,,0,4,4,4,4,4,4,4,4,4,4,4,4,4,4,4,4,4,4,4,4,4,4,4,4,4,4,4,4,4,4,4,4,100,,,,,,,,,,,,,,,,,,,,,,,,,,,,,,,,,,,39706,0,0.017668,-0.694031,-0.719666,-0.009521,1.006959,0.040044,0.043462,18.666666,0.666667,55,,,,,,,,,,,,,,,,,,,,,,,,,,,,,,,,,,,,,,,,,,,,,,,,,,,,,,,,,,,,,,,,,,,,,,,,,,,,,,,,,,,,,,,,,,,,,,,,,,,,,,,,,,,,,,,,,,,,,,,,,,,,,,,,,,,,,,,,,,,,,,,,,,,,,,,,,,,,,,,,
1764665423.570892,27754,0,4406.794922,4429.871582,4518.205078,4538.589844,4415.897461,4542.307617,4564.358887,4409.230957,4571.794922,4415,4508.717773,4539.102539,4587.94873,4390.897461,4385.384766,4504.102539,4570.641113,4542.563965,4513.717773,4397.307617,4411.666504,4598.333496,4537.692383,4520.512695,4401.666504,4604.615234,4414.871582,4584.743652,4521.282227,4432.692383,4546.666504,4518.717773,1879,1,24,2304,37987,,,,0,4,4,4,4,4,4,4,4,4,4,4,4,4,4,4,4,4,4,4,4,4,4,4,4,4,4,4,4,4,4,4,4,100,,,,,,,,,,,,,,,,,,,,,,,,,,,,,,,,,,,,,,,,,,,,,,,,,,,,,,,,,,,,,,,,,,,,,,,,,,,,,,,,,,,,,,,,,,,,,,,,,,,,,,,,,,,,,,,,,,,,,,,,,,,,,,,,,,,,,,,,,,,,,,,,,,,,,,,,,,,,,,,,,,,,,,,,,,,,,,,,,,,,,,,,,,,,,,,,,,,,,,,,,,,,,,
1764665423.574799,27755,0,4405.384766,4429.487305,4520.769043,4540.384766,4417.820313,4541.666504,4567.820313,4412.94873,4571.153809,4410.512695,4507.563965,4540.769043,4588.461426,4393.846191,4389.871582,4505.256348,4571.538574,4546.922852,4515.641113,4401.282227,4413.205078,4600.384766,4537.820313,4521.025879,4406.794922,4605.256348,4414.102539,4584.358887,4520.384766,4433.846191,4547.307617,4520.384766,2706,1,24,2304,37987,,,,0,4,4,4,4,4,4,4,4,4,4,4,4,4,4,4,4,4,4,4,4,4,4,4,4,4,4,4,4,4,4,4,4,100,,,,,,,,,,,,,,,,,,,,,,,,,,,,,,,,,,,,,,,,,,,,,,,,,,,,,,,,,,,,,,,,,,,,,,,,,,,,,,,,,,,,,,,,,,,,,,,,,,,,,,,,,,,,,,,,,,,,,,,,,,,,,,,,,,,,,,,,,,,,,,,,,,,,,,,,,,,,,,,,,,,,,,,,,,,,,,,,,,,,,,,,,,,,,,,,,,,,,,,,,,,,,,
1764665423.578705,27756,0,4401.410156,4427.692383,4520.897461,4541.410156,4418.717773,4541.410156,4568.974121,4414.615234,4570.897461,4408.717773,4506.153809,4541.538574,4588.589844,4396.153809,4395.641113,4509.230957,4572.563965,4553.205078,4520.384766,4405.256348,4413.717773,4602.05127,4538.846191,4518.974121,4412.436035,4603.205078,4409.102539,4581.922852,4517.692383,4432.307617,4546.153809,4519.230957,2503,1,24,2560,37995,,,,0,4,4,4,4,4,4,4,4,4,4,4,4,4,4,4,4,4,4,4,4,4,4,4,4,4,4,4,4,4,4,4,4,100,,,,,,,,,,,,,,,,,,,,,,,,,,,,,,,,,,,,,,,,,,,,,,,,,,,,,,,,,,,,,,,,,,,,,,,,,,,,,,,,,,,,,,,,,,,,,,,,,,,,,,,,,,,,,,,,,,,,,,,,,,,,,,,,,,,,,,,,,,,,,,,,,,,,,,,,,,,,,,,,,,,,,,,,,,,,,,,,,,,,,,,,,,,,,,,,,,,,,,,,,,,,,,
1764665423.582612,27757,0,4397.563965,4425.128418,4518.461426,4541.538574,4418.205078,4541.410156,4567.563965,4412.307617,4571.794922,4411.410156,4506.282227,4542.179688,4590,4397.820313,4401.538574,4516.282227,4574.102539,4559.871582,4526.410156,4410.256348,4414.871582,4603.205078,4540.128418,4516.666504,4415.897461,4600.256348,4403.589844,4579.358887,4514.743652,4428.461426,4544.615234,4516.025879,2218,1,24,2560,37995,,,,0,4,4,4,4,4,4,4,4,4,4,4,4,4,4,4,4,4,4,4,4,4,4,4,4,4,4,4,4,4,4,4,4,100,,,,,,,,,,,,,,,,,,,,,,,,,,,,,,,,,,,39707,0,0.02,-0.694031,-0.719604,-0.009521,1.008424,0.029789,0.043951,17.333334,0.5,52.666668,,,,,,,,,,,,,,,,,,,,,,,,,,,,,,,,,,,,,,,,,,,,,,,,,,,,,,,,,,,,,,,,,,,,,,,,,,,,,,,,,,,,,,,,,,,,,,,,,,,,,,,,,,,,,,,,,,,,,,,,,,,,,,,,,,,,,,,,,,,,,,,,,,,,,,,,,,,,,,,,
1764665423.586518,27758,0,4396.025879,4421.794922,4513.846191,4540.128418,4415.897461,4540.384766,4564.615234,4406.794922,4573.589844,4415.384766,4507.692383,4541.666504,4592.179688,4398.846191,4406.025879,4523.846191,4574.615234,4564.230957,4530,4414.358887,4416.410156,4602.820313,4538.846191,4514.871582,4415.256348,4598.077148,4400.256348,4577.307617,4512.563965,4423.077148,4543.461426,4511.410156,2722,1,24,2560,38003,,,,0,4,4,4,4,4,4,4,4,4,4,4,4,4,4,4,4,4,4,4,4,4,4,4,4,4,4,4,4,4,4,4,4,100,,,,,,,,,,,,,,,,,,,,,,,,,,,,,,,,,,,,,,,,,,,,,,,,,,,,,,,,,,,,,,,,,,,,,,,,,,,,,,,,,,,,,,,,,,,,,,,,,,,,,,,,,,,,,,,,,,,,,,,,,,,,,,,,,,,,,,,,,,,,,,,,,,,,,,,,,,,,,,,,,,,,,,,,,,,,,,,,,,,,,,,,,,,,,,,,,,,,,,,,,,,,,,
1764665423.590425,27759,0,4395.256348,4416.410156,4506.410156,4535.256348,4410.256348,4535.897461,4560.641113,4398.717773,4573.589844,4414.358887,4507.05127,4537.05127,4592.563965,4398.974121,4406.794922,4527.820313,4570.897461,4562.94873,4527.692383,4414.102539,4415.384766,4598.589844,4532.563965,4512.436035,4408.589844,4596.025879,4398.077148,4573.717773,4510.128418,4416.025879,4540.897461,4505.128418,2502,1,24,2560,38003,,,,0,4,4,4,4,4,4,4,4,4,4,4,4,4,4,4,4,4,4,4,4,4,4,4,4,4,4,4,4,4,4,4,4,100,,,,,,,,,,,,,,,,,,,,,,,,,,,,,,,,,,,,,,,,,,,,,,,,,,,,,,,,,,,,,,,,,,,,,,,,,,,,,,,,,,,,,,,,,,,,,,,,,,,,,,,,,,,,,,,,,,,,,,,,,,,,,,,,,,,,,,,,,,,,,,,,,,,,,,,,,,,,,,,,,,,,,,,,,,,,,,,,,,,,,,,,,,,,,,,,,,,,,,,,,,,,,,
1764665423.594331,27760,0,4391.282227,4407.307617,4496.025879,4525,4400.256348,4526.666504,4554.487305,4388.205078,4568.205078,4405,4500.769043,4526.410156,4588.205078,4397.436035,4402.563965,4525.641113,4560.769043,4555.384766,4519.358887,4407.179688,4409.743652,4589.358887,4520.512695,4506.538574,4395.769043,4591.538574,4393.589844,4565.512695,4505.128418,4406.538574,4533.589844,4495.641113,2880,1,24,2048,38011,,,,0,4,4,4,4,4,4,4,4,4,4,4,4,4,4,4,4,4,4,4,4,4,4,4,4,4,4,4,4,4,4,4,4,100,,,,,,,,,,,,,,,,,,,,,,,,,,,,,,,,,,,,,,,,,,,,,,,,,,,,,,,,,,,,,,,,,,,,,,,,,,,,,,,,,,,,,,,,,,,,,,,,,,,,,,,,,,,,,,,,,,,,,,,,,,,,,,,,,,,,,,,,,,,,,,,,,,,,,,,,,,,,,,,,,,,,,,,,,,,,,,,,,,,,,,,,,,,,,,,,,,,,,,,,,,,,,,
1764665423.598238,27761,0,4382.307617,4395.769043,4483.846191,4511.282227,4387.94873,4515.256348,4546.410156,4377.05127,4556.794922,4391.153809,4490.256348,4512.820313,4580,4395.641113,4395,4518.846191,4547.179688,4545.641113,4509.871582,4395.769043,4400.641113,4578.077148,4506.794922,4497.05127,4380.256348,4584.615234,4385,4552.94873,4497.692383,4395.897461,4521.282227,4483.974121,2938,1,24,2048,38011,,,,0,4,4,4,4,4,4,4,4,4,4,4,4,4,4,4,4,4,4,4,4,4,4,4,4,4,4,4,4,4,4,4,4,100,,,,,,,,,,,,,,,,,,,,,,,,,,,,,,,,,,,39708,0,0.020087,-0.694031,-0.719604,-0.009338,1.00061,0.025394,0.033696,18.666666,1.833333,53.666668,,,,,,,,,,,,,,,,,,,,,,,,,,,,,,,,,,,,,,,,,,,,,,,,,,,,,,,,,,,,,,,,,,,,,,,,,,,,,,,,,,,,,,,,,,,,,,,,,,,,,,,,,,,,,,,,,,,,,,,,,,,,,,,,,,,,,,,,,,,,,,,,,,,,,,,,,,,,,,,,
1764665423.602144,27762,0,4372.692383,4387.563965,4475.128418,4501.282227,4379.615234,4507.563965,4539.487305,4369.358887,4545,4382.820313,4482.179688,4503.846191,4573.717773,4396.538574,4390.384766,4513.205078,4537.563965,4541.025879,4505.769043,4386.538574,4393.717773,4571.025879,4498.333496,4488.974121,4369.615234,4578.846191,4376.410156,4542.563965,4491.282227,4388.589844,4510.256348,4474.871582,1781,1,24,1792,38019,,,,0,4,4,4,4,4,4,4,4,4,4,4,4,4,4,4,4,4,4,4,4,4,4,4,4,4,4,4,4,4,4,4,4,100,,,,,,,,,,,,,,,,,,,,,,,,,,,,,,,,,,,,,,,,,,,,,,,,,,,,,,,,,,,,,,,,,,,,,,,,,,,,,,,,,,,,,,,,,,,,,,,,,,,,,,,,,,,,,,,,,,,,,,,,,,,,,,,,,,,,,,,,,,,,,,,,,,,,,,,,,,,,,,,,,,,,,,,,,,,,,,,,,,,,,,,,,,,,,,,,,,,,,,,,,,,,,,
1764665423.606051,27763,0,4369.871582,4387.692383,4474.743652,4502.307617,4380.897461,4508.717773,4537.94873,4370.256348,4540.769043,4387.179688,4482.820313,4505.897461,4575.384766,4401.922852,4394.230957,4514.358887,4538.974121,4546.666504,4511.282227,4385.512695,4393.717773,4573.333496,4500.769043,4488.205078,4370.256348,4578.974121,4374.230957,4541.538574,4490.256348,4389.230957,4508.717773,4473.974121,2955,1,24,1792,38019,,,,0,4,4,4,4,4,4,4,4,4,4,4,4,4,4,4,4,4,4,4,4,4,4,4,4,4,4,4,4,4,4,4,4,100,,,,,,,,,,,,,,,,,,,,,,,,,,,,,,,,,,,,,,,,,,,,,,,,,,,,,,,,,,,,,,,,,,,,,,,,,,,,,,,,,,,,,,,,,,,,,,,,,,,,,,,,,,,,,,,,,,,,,,,,,,,,,,,,,,,,,,,,,,,,,,,,,,,,,,,,,,,,,,,,,,,,,,,,,,,,,,,,,,,,,,,,,,,,,,,,,,,,,,,,,,,,,,
1764665423.609957,27764,0,4377.179688,4396.153809,4482.692383,4514.743652,4391.794922,4517.692383,4543.589844,4380,4546.922852,4401.666504,4491.666504,4518.205078,4585,4409.743652,4405.128418,4522.05127,4550.897461,4560,4522.692383,4392.05127,4400.641113,4583.205078,4512.05127,4495.512695,4381.794922,4585.641113,4380.641113,4551.153809,4495.641113,4397.692383,4518.974121,4481.794922,2548,1,24,2048,38026,,,,0,4,4,4,4,4,4,4,4,4,4,4,4,4,4,4,4,4,4,4,4,4,4,4,4,4,4,4,4,4,4,4,4,100,,,,,,,,,,,,,,,,,,,,,,,,,,,,,,,,,,,,,,,,,,,,,,,,,,,,,,,,,,,,,,,,,,,,,,,,,,,,,,,,,,,,,,,,,,,,,,,,,,,,,,,,,,,,,,,,,,,,,,,,,,,,,,,,,,,,,,,,,,,,,,,,,,,,,,,,,,,,,,,,,,,,,,,,,,,,,,,,,,,,,,,,,,,,,,,,,,,,,,,,,,,,,,
1764665423.613864,27765,0,4389.615234,4406.922852,4492.820313,4530.256348,4405.384766,4527.820313,4553.077148,4392.307617,4558.717773,4415,4500.897461,4532.179688,4594.358887,4414.615234,4415.256348,4529.615234,4564.615234,4571.282227,4531.794922,4398.974121,4408.461426,4592.563965,4524.102539,4505.512695,4395.769043,4593.205078,4391.025879,4564.487305,4503.717773,4408.333496,4533.717773,4492.307617,2832,1,24,2048,38026,,,,0,4,4,4,4,4,4,4,4,4,4,4,4,4,4,4,4,4,4,4,4,4,4,4,4,4,4,4,4,4,4,4,4,100,,,,,,,,,,,,,,,,,,,,,,,,,,,,,,,,,,,39709,0,0.017917,-0.694092,-0.719604,-0.009216,0.987425,0.035649,0.039556,18.166666,1.666667,55.5,,,,,,,,,,,,,,,,,,,,,,,,,,,,,,,,,,,,,,,,,,,,,,,,,,,,,,,,,,,,,,,,,,,,,,,,,,,,,,,,,,,,,,,,,,,,,,,,,,,,,,,,,,,,,,,,,,,,,,,,,,,,,,,,,,,,,,,,,,,,,,,,,,,,,,,,,,,,,,,,
1764665423.617770,27766,0,4399.102539,4412.94873,4498.461426,4538.589844,4413.077148,4532.692383,4560.769043,4399.615234,4567.692383,4417.692383,4503.717773,4538.333496,4595.512695,4413.205078,4416.282227,4530.512695,4570.769043,4572.179688,4531.666504,4399.487305,4410.128418,4593.846191,4528.077148,4511.025879,4401.410156,4595.256348,4397.94873,4572.307617,4508.717773,4414.615234,4542.307617,4498.205078,2938,1,24,2304,38034,,,,0,4,4,4,4,4,4,4,4,4,4,4,4,4,4,4,4,4,4,4,4,4,4,4,4,4,4,4,4,4,4,4,4,100,,,,,,,,,,,,,,,,,,,,,,,,,,,,,,,,,,,,,,,,,,,,,,,,,,,,,,,,,,,,,,,,,,,,,,,,,,,,,,,,,,,,,,,,,,,,,,,,,,,,,,,,,,,,,,,,,,,,,,,,,,,,,,,,,,,,,,,,,,,,,,,,,,,,,,,,,,,,,,,,,,,,,,,,,,,,,,,,,,,,,,,,,,,,,,,,,,,,,,,,,,,,,,
1764665423.621677,27767,0,4401.025879,4412.307617,4498.205078,4536.410156,4412.307617,4530.897461,4562.820313,4399.230957,4569.358887,4410.384766,4499.487305,4534.358887,4587.179688,4407.179688,4407.563965,4523.205078,4566.282227,4562.179688,4522.563965,4392.179688,4402.563965,4585.897461,4522.05127,4509.102539,4394.102539,4590,4397.692383,4571.025879,4508.333496,4414.230957,4539.871582,4497.563965,2858,1,24,2304,38034,,,,0,4,4,4,4,4,4,4,4,4,4,4,4,4,4,4,4,4,4,4,4,4,4,4,4,4,4,4,4,4,4,4,4,100,,,,,,,,,,,,,,,,,,,,,,,,,,,,,,,,,,,,,,,,,,,,,,,,,,,,,,,,,,,,,,,,,,,,,,,,,,,,,,,,,,,,,,,,,,,,,,,,,,,,,,,,,,,,,,,,,,,,,,,,,,,,,,,,,,,,,,,,,,,,,,,,,,,,,,,,,,,,,,,,,,,,,,,,,,,,,,,,,,,,,,,,,,,,,,,,,,,,,,,,,,,,,,
1764665423.625583,27768,0,4396.922852,4408.333496,4495.256348,4527.820313,4407.307617,4526.025879,4559.743652,4394.743652,4565.769043,4401.666504,4493.589844,4526.153809,4576.410156,4401.282227,4396.410156,4512.820313,4556.282227,4547.820313,4510.384766,4381.282227,4389.230957,4574.102539,4510.769043,4501.794922,4378.846191,4581.410156,4392.436035,4563.589844,4504.358887,4409.743652,4530.128418,4493.846191,2774,1,24,2048,38042,,,,0,4,4,4,4,4,4,4,4,4,4,4,4,4,4,4,4,4,4,4,4,4,4,4,4,4,4,4,4,4,4,4,4,100,,,,,,,,,,,,,,,,,,,,,,,,,,,,,,,,,,,,,,,,,,,,,,,,,,,,,,,,,,,,,,,,,,,,,,,,,,,,,,,,,,,,,,,,,,,,,,,,,,,,,,,,,,,,,,,,,,,,,,,,,,,,,,,,,,,,,,,,,,,,,,,,,,,,,,,,,,,,,,,,,,,,,,,,,,,,,,,,,,,,,,,,,,,,,,,,,,,,,,,,,,,,,,
1764665423.629489,27769,0,4392.05127,4405.641113,4493.974121,4520.512695,4404.487305,4522.307617,4555.384766,4391.794922,4561.794922,4398.974121,4491.538574,4521.282227,4571.153809,4398.717773,4390.641113,4506.025879,4548.077148,4536.666504,4500.641113,4371.538574,4375.769043,4565.384766,4501.282227,4493.205078,4365.256348,4575.641113,4387.05127,4556.410156,4500.641113,4405.897461,4521.410156,4492.179688,2835,1,24,2048,38042,,,,0,4,4,4,4,4,4,4,4,4,4,4,4,4,4,4,4,4,4,4,4,4,4,4,4,4,4,4,4,4,4,4,4,100,,,,,,,,,,,,,,,,,,,,,,,,,,,,,,,,,,,39710,0,0.020275,-0.694092,-0.719543,-0.009094,0.987425,0.035649,0.039556,19.333334,1.333333,52.666668,,,,,,,,,,,,,,,,,,,,,,,,,,,,,,,,,,,,,,,,,,,,,,,,,,,,,,,,,,,,,,,,,,,,,,,,,,,,,,,,,,,,,,,,,,,,,,,,,,,,,,,,,,,,,,,,,,,,,,,,,,,,,,,,,,,,,,,,,,,,,,,,,,,,,,,,,,,,,,,,
1764665423.633396,27770,0,4390,4406.794922,4496.153809,4518.589844,4407.05127,4521.538574,4553.077148,4393.205078,4560.384766,4402.563965,4494.102539,4523.077148,4573.205078,4398.333496,4392.179688,4505.256348,4545.769043,4531.666504,4495.641113,4364.871582,4366.410156,4562.436035,4497.563965,4487.179688,4360.769043,4575.256348,4385,4553.461426,4499.615234,4405.512695,4519.358887,4494.743652,1955,1,24,2304,38050,,,,0,4,4,4,4,4,4,4,4,4,4,4,4,4,4,4,4,4,4,4,4,4,4,4,4,4,4,4,4,4,4,4,4,100,1,91.666664,4,4,4,4,4,4,4,4,4,4,4,4,4,4,4,4,4,4,4,4,4,4,4,4,3,4,4,4,4,4,4,4,,,,,,,,,,,,,1.711669,3.73667,1.162203,1.3308,1.223399,2.446262,3.48743,0.923498,1.650231,1.32785,2.008909,2.433656,1.266081,2.177173,1.393599,1.197599,2.020866,1.194423,1.507059,1.143482,1.867896,3.243103,1.068862,1.780371,1.167119,2.619559,3.799297,0.830016,1.457574,1.253042,1.409181,2.892413,0.914873,1.384227,1.35951,1.707121,1.606774,0.951963,1.625364,1.145157,1.726964,1.6491,0.896389,1.527909,1.388426,0.99134,1.665266,1.453099,1.561245,1.75822,1.116071,1.953419,0.82598,0.919898,0.982772,2.37138,4.48861,1.266874,1.444674,1.316758,1.658195,6.64472,1.320798,1.153666,1.005961,0.508967,1.169661,0.775426,0.524268,0.769735,1.279375,2.036174,0.968516,0.919668,1.144484,0.932795,5.568828,0.985514,0.629127,0.643924,3.283432,10.154993,2.602312,1.250327,1.494656,2.202033,15.162518,3.343013,1.403971,1.252791,1.519906,10.980512,2.278576,0.984739,0.760449,1.196096,7.272515,2.123788,1.34919,1.024089,1.395488,9.475106,2.515006,1.470804,1.180879,2.34693,13.784958,3.501537,1.563665,1.163882,1.567887,5.665312,1.016454,1.174365,1.18063,1.56126,4.915182,1.718118,1.528458,1.136247,1.220127,3.597673,2.016998,1.565418,2.032705,1.07506,1.588578,0.80333,1.098241,1.154045,1.252983,2.574113,1.097566,1.604881,1.3993,1.954129,3.880507,0.944362,1.556828,1.490529,1.058784,1.667096,0.385618,0.757037,0.682932,2.166075,2.824124,0.86145,1.738815,1.291988,1.939383,2.0462,0.789836,1.626267,1.265979,1.781395,2.574663,0.856817,1.873919,1.418546
1764665423.637302,27771,0,4390.769043,4409.487305,4500.256348,4521.025879,4412.563965,4522.307617,4553.333496,4396.666504,4560.897461,4406.666504,4497.436035,4528.333496,4578.333496,4397.05127,4396.025879,4507.307617,4547.436035,4530.512695,4494.358887,4360.384766,4362.05127,4563.461426,4499.102539,4485.256348,4366.794922,4578.333496,4385.769043,4553.974121,4501.410156,4407.307617,4523.077148,4499.102539,2646,1,24,2304,38050,,,,0,4,4,4,4,4,4,4,4,4,4,4,4,4,4,4,4,4,4,4,4,4,4,4,4,4,4,4,4,4,4,4,4,100,,,,,,,,,,,,,,,,,,,,,,,,,,,,,,,,,,,,,,,,,,,,,,,,,,,,,,,,,,,,,,,,,,,,,,,,,,,,,,,,,,,,,,,,,,,,,,,,,,,,,,,,,,,,,,,,,,,,,,,,,,,,,,,,,,,,,,,,,,,,,,,,,,,,,,,,,,,,,,,,,,,,,,,,,,,,,,,,,,,,,,,,,,,,,,,,,,,,,,,,,,,,,,
1764665423.641209,27772,0,4391.282227,4410.128418,4502.307617,4522.692383,4415.641113,4521.794922,4553.846191,4397.563965,4561.025879,4405.512695,4496.922852,4530.897461,4579.358887,4392.692383,4395.128418,4506.794922,4548.461426,4529.615234,4494.615234,4356.538574,4360.769043,4564.230957,4502.05127,4486.153809,4378.205078,4579.871582,4385.897461,4554.102539,4503.205078,4407.563965,4526.538574,4500.769043,2708,1,24,2560,38058,,,,0,4,4,4,4,4,4,4,4,4,4,4,4,4,4,4,4,4,4,4,4,4,4,4,4,4,4,4,4,4,4,4,4,100,,,,,,,,,,,,,,,,,,,,,,,,,,,,,,,,,,,,,,,,,,,,,,,,,,,,,,,,,,,,,,,,,,,,,,,,,,,,,,,,,,,,,,,,,,,,,,,,,,,,,,,,,,,,,,,,,,,,,,,,,,,,,,,,,,,,,,,,,,,,,,,,,,,,,,,,,,,,,,,,,,,,,,,,,,,,,,,,,,,,,,,,,,,,,,,,,,,,,,,,,,,,,,
1764665423.645115,27773,0,4389.102539,4406.538574,4499.615234,4519.743652,4412.436035,4518.974121,4551.922852,4393.077148,4558.846191,4397.94873,4491.410156,4527.05127,4573.333496,4386.153809,4386.794922,4501.025879,4545.897461,4527.307617,4494.871582,4353.205078,4360.769043,4562.692383,4502.820313,4487.94873,4388.205078,4576.410156,4382.94873,4550.641113,4502.436035,4403.974121,4524.743652,4497.436035,2548,1,24,2560,38058,,,,0,4,4,4,4,4,4,4,4,4,4,4,4,4,4,4,4,4,4,4,4,4,4,4,4,4,4,4,4,4,4,4,4,100,,,,,,,,,,,,,,,,,,,,,,,,,,,,,,,,,,,39711,0,0.020356,-0.694092,-0.719543,-0.008911,0.985472,0.042974,0.036137,19,1.333333,53.833332,,,,,,,,,,,,,,,,,,,,,,,,,,,,,,,,,,,,,,,,,,,,,,,,,,,,,,,,,,,,,,,,,,,,,,,,,,,,,,,,,,,,,,,,,,,,,,,,,,,,,,,,,,,,,,,,,,,,,,,,,,,,,,,,,,,,,,,,,,,,,,,,,,,,,,,,,,,,,,,,
1764665423.649022,27774,0,4385.512695,4400.769043,4493.717773,4513.077148,4404.615234,4515.256348,4547.94873,4385.384766,4555.769043,4389.230957,4483.846191,4519.102539,4563.589844,4381.025879,4375.897461,4492.05127,4541.025879,4525.256348,4495,4352.692383,4362.692383,4560.769043,4501.282227,4490.256348,4391.922852,4570.641113,4378.205078,4545.512695,4498.846191,4398.846191,4518.077148,4491.410156,2677,1,24,2560,38066,,,,0,4,4,4,4,4,4,4,4,4,4,4,4,4,4,4,4,4,4,4,4,4,4,4,4,4,4,4,4,4,4,4,4,100,,,,,,,,,,,,,,,,,,,,,,,,,,,,,,,,,,,,,,,,,,,,,,,,,,,,,,,,,,,,,,,,,,,,,,,,,,,,,,,,,,,,,,,,,,,,,,,,,,,,,,,,,,,,,,,,,,,,,,,,,,,,,,,,,,,,,,,,,,,,,,,,,,,,,,,,,,,,,,,,,,,,,,,,,,,,,,,,,,,,,,,,,,,,,,,,,,,,,,,,,,,,,,
1764665423.652928,27775,0,4384.230957,4398.717773,4491.025879,4508.717773,4399.102539,4514.102539,4545.769043,4380.641113,4555.641113,4387.436035,4479.743652,4513.461426,4557.179688,4381.282227,4370.256348,4485.641113,4538.589844,4526.666504,4497.307617,4357.563965,4368.974121,4562.820313,4501.153809,4495.128418,4390.769043,4568.846191,4377.179688,4544.487305,4496.025879,4397.820313,4513.461426,4489.358887,2838,1,24,2560,38066,,,,0,4,4,4,4,4,4,4,4,4,4,4,4,4,4,4,4,4,4,4,4,4,4,4,4,4,4,4,4,4,4,4,4,100,,,,,,,,,,,,,,,,,,,,,,,,,,,,,,,,,,,,,,,,,,,,,,,,,,,,,,,,,,,,,,,,,,,,,,,,,,,,,,,,,,,,,,,,,,,,,,,,,,,,,,,,,,,,,,,,,,,,,,,,,,,,,,,,,,,,,,,,,,,,,,,,,,,,,,,,,,,,,,,,,,,,,,,,,,,,,,,,,,,,,,,,,,,,,,,,,,,,,,,,,,,,,,
1764665423.656835,27776,0,4388.589844,4404.487305,4497.436035,4512.820313,4402.307617,4518.589844,4549.358887,4384.615234,4562.179688,4397.820313,4482.820313,4516.025879,4559.615234,4387.692383,4375.512695,4486.666504,4543.077148,4533.333496,4504.358887,4368.974121,4381.538574,4571.794922,4506.282227,4504.487305,4390.256348,4576.410156,4384.871582,4552.436035,4498.589844,4405.256348,4518.333496,4496.025879,2778,1,24,2561,38073,,,,0,4,4,4,4,4,4,4,4,4,4,4,4,4,4,4,4,4,4,4,4,4,4,4,4,4,4,4,4,4,4,4,4,100,,,,,,,,,,,,,,,,,,,,,,,,,,,,,,,,,,,,,,,,,,,,,,,,,,,,,,,,,,,,,,,,,,,,,,,,,,,,,,,,,,,,,,,,,,,,,,,,,,,,,,,,,,,,,,,,,,,,,,,,,,,,,,,,,,,,,,,,,,,,,,,,,,,,,,,,,,,,,,,,,,,,,,,,,,,,,,,,,,,,,,,,,,,,,,,,,,,,,,,,,,,,,,
1764665423.660741,27777,0,4397.692383,4416.153809,4512.307617,4525.641113,4414.102539,4527.307617,4558.077148,4397.179688,4573.974121,4416.025879,4491.538574,4526.025879,4569.743652,4396.794922,4389.358887,4495.641113,4553.717773,4543.461426,4515.512695,4384.230957,4398.205078,4585.512695,4516.538574,4517.05127,4395,4591.282227,4399.871582,4567.179688,4506.794922,4418.846191,4532.94873,4509.871582,2937,1,24,2561,38073,,,,0,4,4,4,4,4,4,4,4,4,4,4,4,4,4,4,4,4,4,4,4,4,4,4,4,4,4,4,4,4,4,4,4,100,,,,,,,,,,,,,,,,,,,,,,,,,,,,,,,,,,,39712,0,0.020333,-0.694031,-0.719604,-0.008789,1.003541,0.029789,0.034184,19.666666,0.166667,54.333332,,,,,,,,,,,,,,,,,,,,,,,,,,,,,,,,,,,,,,,,,,,,,,,,,,,,,,,,,,,,,,,,,,,,,,,,,,,,,,,,,,,,,,,,,,,,,,,,,,,,,,,,,,,,,,,,,,,,,,,,,,,,,,,,,,,,,,,,,,,,,,,,,,,,,,,,,,,,,,,,
1764665423.664648,27778,0,4405.512695,4425.256348,4527.05127,4539.102539,4426.794922,4534.230957,4565.897461,4410.641113,4584.102539,4430.512695,4499.743652,4535.897461,4580.256348,4402.94873,4403.077148,4506.794922,4563.589844,4550.769043,4525.256348,4396.922852,4412.436035,4596.410156,4525.897461,4526.666504,4402.94873,4604.871582,4412.820313,4579.743652,4515.641113,4429.743652,4547.94873,4521.410156,2612,1,24,2562,38081,,,,0,4,4,4,4,4,4,4,4,4,4,4,4,4,4,4,4,4,4,4,4,4,4,4,4,4,4,4,4,4,4,4,4,100,,,,,,,,,,,,,,,,,,,,,,,,,,,,,,,,,,,,,,,,,,,,,,,,,,,,,,,,,,,,,,,,,,,,,,,,,,,,,,,,,,,,,,,,,,,,,,,,,,,,,,,,,,,,,,,,,,,,,,,,,,,,,,,,,,,,,,,,,,,,,,,,,,,,,,,,,,,,,,,,,,,,,,,,,,,,,,,,,,,,,,,,,,,,,,,,,,,,,,,,,,,,,,
1764665423.668554,27779,0,4404.743652,4423.461426,4530.641113,4542.820313,4429.615234,4532.820313,4565.512695,4414.871582,4584.615234,4430.128418,4501.153809,4536.153809,4582.563965,4402.307617,4407.179688,4512.94873,4564.102539,4549.487305,4526.410156,4401.282227,4417.436035,4597.307617,4527.179688,4526.794922,4406.794922,4607.563965,4413.461426,4580.769043,4517.436035,4428.205078,4550.512695,4521.025879,2878,1,24,2562,38081,,,,0,4,4,4,4,4,4,4,4,4,4,4,4,4,4,4,4,4,4,4,4,4,4,4,4,4,4,4,4,4,4,4,4,100,,,,,,,,,,,,,,,,,,,,,,,,,,,,,,,,,,,,,,,,,,,,,,,,,,,,,,,,,,,,,,,,,,,,,,,,,,,,,,,,,,,,,,,,,,,,,,,,,,,,,,,,,,,,,,,,,,,,,,,,,,,,,,,,,,,,,,,,,,,,,,,,,,,,,,,,,,,,,,,,,,,,,,,,,,,,,,,,,,,,,,,,,,,,,,,,,,,,,,,,,,,,,,
1764665423.672461,27780,0,4392.94873,4408.974121,4518.974121,4532.307617,4417.94873,4520.897461,4554.615234,4405,4572.820313,4414.102539,4494.102539,4523.461426,4574.358887,4396.282227,4399.230957,4510.128418,4552.820313,4539.230957,4517.307617,4396.153809,4411.794922,4586.410156,4517.307617,4515.384766,4401.410156,4597.05127,4398.589844,4568.333496,4508.589844,4412.307617,4536.794922,4507.307617,2762,1,24,2563,38089,,,,0,4,4,4,4,4,4,4,4,4,4,4,4,4,4,4,4,4,4,4,4,4,4,4,4,4,4,4,4,4,4,4,4,100,,,,,,,,,,,,,,,,,,,,,,,,,,,,,,,,,,,,,,,,,,,,,,,,,,,,,,,,,,,,,,,,,,,,,,,,,,,,,,,,,,,,,,,,,,,,,,,,,,,,,,,,,,,,,,,,,,,,,,,,,,,,,,,,,,,,,,,,,,,,,,,,,,,,,,,,,,,,,,,,,,,,,,,,,,,,,,,,,,,,,,,,,,,,,,,,,,,,,,,,,,,,,,
1764665423.676367,27781,0,4374.743652,4388.846191,4498.333496,4513.333496,4396.922852,4503.205078,4538.077148,4386.025879,4554.230957,4391.666504,4482.820313,4503.589844,4560.384766,4389.487305,4385.769043,4500.641113,4535.897461,4526.922852,4504.102539,4386.153809,4400.256348,4569.743652,4501.025879,4498.589844,4388.974121,4580.256348,4376.666504,4549.487305,4493.589844,4389.615234,4515,4488.205078,2810,1,24,2563,38089,,,,0,4,4,4,4,4,4,4,4,4,4,4,4,4,4,4,4,4,4,4,4,4,4,4,4,4,4,4,4,4,4,4,4,100,,,,,,,,,,,,,,,,,,,,,,,,,,,,,,,,,,,39713,0,0.02028,-0.694031,-0.719604,-0.008911,1.011354,0.037602,0.050787,19.666666,0.5,53.833332,,,,,,,,,,,,,,,,,,,,,,,,,,,,,,,,,,,,,,,,,,,,,,,,,,,,,,,,,,,,,,,,,,,,,,,,,,,,,,,,,,,,,,,,,,,,,,,,,,,,,,,,,,,,,,,,,,,,,,,,,,,,,,,,,,,,,,,,,,,,,,,,,,,,,,,,,,,,,,,,
1764665423.680274,27782,0,4358.974121,4373.333496,4480.641113,4496.666504,4377.692383,4487.563965,4523.974121,4368.846191,4538.717773,4375.128418,4473.974121,4487.692383,4549.230957,4386.410156,4376.666504,4491.794922,4522.94873,4520.769043,4496.153809,4378.717773,4391.025879,4556.794922,4487.307617,4486.153809,4377.307617,4567.692383,4360.256348,4534.871582,4480.897461,4371.922852,4499.102539,4475.384766,2823,1,24,2564,38097,,,,0,4,4,4,4,4,4,4,4,4,4,4,4,4,4,4,4,4,4,4,4,4,4,4,4,4,4,4,4,4,4,4,4,100,,,,,,,,,,,,,,,,,,,,,,,,,,,,,,,,,,,,,,,,,,,,,,,,,,,,,,,,,,,,,,,,,,,,,,,,,,,,,,,,,,,,,,,,,,,,,,,,,,,,,,,,,,,,,,,,,,,,,,,,,,,,,,,,,,,,,,,,,,,,,,,,,,,,,,,,,,,,,,,,,,,,,,,,,,,,,,,,,,,,,,,,,,,,,,,,,,,,,,,,,,,,,,
1764665423.684180,27783,0,4352.179688,4368.461426,4473.077148,4488.974121,4369.102539,4480.256348,4517.94873,4362.436035,4532.692383,4370,4471.666504,4483.589844,4546.666504,4387.692383,4377.179688,4489.358887,4520.256348,4524.230957,4497.692383,4378.205078,4388.974121,4553.461426,4482.692383,4484.358887,4372.94873,4565.384766,4356.922852,4530.512695,4476.153809,4366.153809,4497.179688,4473.717773,3003,1,24,2564,38097,,,,0,4,4,4,4,4,4,4,4,4,4,4,4,4,4,4,4,4,4,4,4,4,4,4,4,4,4,4,4,4,4,4,4,100,,,,,,,,,,,,,,,,,,,,,,,,,,,,,,,,,,,,,,,,,,,,,,,,,,,,,,,,,,,,,,,,,,,,,,,,,,,,,,,,,,,,,,,,,,,,,,,,,,,,,,,,,,,,,,,,,,,,,,,,,,,,,,,,,,,,,,,,,,,,,,,,,,,,,,,,,,,,,,,,,,,,,,,,,,,,,,,,,,,,,,,,,,,,,,,,,,,,,,,,,,,,,,
1764665423.688087,27784,0,4354.230957,4372.307617,4474.871582,4489.487305,4371.282227,4481.666504,4519.487305,4366.794922,4535.256348,4373.589844,4474.615234,4491.025879,4551.794922,4390.769043,4385.128418,4494.487305,4526.538574,4533.717773,4505.769043,4383.589844,4392.692383,4558.205078,4487.05127,4490.897461,4375.897461,4571.025879,4364.487305,4533.974121,4479.230957,4370.512695,4505.512695,4479.230957,2887,1,24,2565,38105,,,,0,4,4,4,4,4,4,4,4,4,4,4,4,4,4,4,4,4,4,4,4,4,4,4,4,4,4,4,4,4,4,4,4,100,,,,,,,,,,,,,,,,,,,,,,,,,,,,,,,,,,,,,,,,,,,,,,,,,,,,,,,,,,,,,,,,,,,,,,,,,,,,,,,,,,,,,,,,,,,,,,,,,,,,,,,,,,,,,,,,,,,,,,,,,,,,,,,,,,,,,,,,,,,,,,,,,,,,,,,,,,,,,,,,,,,,,,,,,,,,,,,,,,,,,,,,,,,,,,,,,,,,,,,,,,,,,,
1764665423.691993,27785,0,4360.128418,4378.461426,4479.743652,4492.820313,4378.077148,4487.692383,4523.717773,4374.871582,4540.641113,4378.205078,4478.589844,4502.05127,4559.102539,4392.436035,4393.205078,4503.077148,4534.871582,4542.436035,4513.589844,4389.615234,4396.410156,4564.615234,4494.743652,4498.205078,4380.897461,4577.307617,4373.717773,4538.589844,4484.743652,4377.436035,4514.102539,4484.358887,2735,1,24,2565,38105,,,,0,4,4,4,4,4,4,4,4,4,4,4,4,4,4,4,4,4,4,4,4,4,4,4,4,4,4,4,4,4,4,4,4,100,,,,,,,,,,,,,,,,,,,,,,,,,,,,,,,,,,,39714,0,0.02028,-0.694031,-0.719604,-0.008911,0.985472,0.037602,0.041509,18.666666,-0.333333,54.5,,,,,,,,,,,,,,,,,,,,,,,,,,,,,,,,,,,,,,,,,,,,,,,,,,,,,,,,,,,,,,,,,,,,,,,,,,,,,,,,,,,,,,,,,,,,,,,,,,,,,,,,,,,,,,,,,,,,,,,,,,,,,,,,,,,,,,,,,,,,,,,,,,,,,,,,,,,,,,,,
1764665423.695900,27786,0,4363.974121,4380.384766,4482.436035,4494.871582,4382.179688,4492.563965,4525.256348,4378.717773,4543.461426,4378.974121,4479.871582,4507.692383,4563.077148,4391.538574,4395.641113,4509.743652,4538.077148,4545.256348,4515.769043,4391.025879,4394.871582,4566.410156,4498.846191,4499.615234,4382.692383,4578.333496,4376.666504,4538.974121,4487.179688,4380.512695,4515,4484.487305,1889,1,24,2560,38112,,,,0,4,4,4,4,4,4,4,4,4,4,4,4,4,4,4,4,4,4,4,4,4,4,4,4,4,4,4,4,4,4,4,4,100,,,,,,,,,,,,,,,,,,,,,,,,,,,,,,,,,,,,,,,,,,,,,,,,,,,,,,,,,,,,,,,,,,,,,,,,,,,,,,,,,,,,,,,,,,,,,,,,,,,,,,,,,,,,,,,,,,,,,,,,,,,,,,,,,,,,,,,,,,,,,,,,,,,,,,,,,,,,,,,,,,,,,,,,,,,,,,,,,,,,,,,,,,,,,,,,,,,,,,,,,,,,,,
1764665423.699806,27787,0,4362.820313,4376.282227,4481.282227,4495.128418,4380.256348,4492.436035,4522.179688,4375,4542.179688,4375.512695,4477.820313,4503.974121,4561.538574,4388.589844,4391.538574,4511.153809,4533.205078,4541.025879,4511.794922,4386.794922,4388.077148,4562.307617,4496.794922,4493.974121,4379.358887,4573.589844,4371.410156,4535.128418,4484.102539,4378.333496,4508.077148,4480.897461,2723,1,24,2560,38112,,,,0,4,4,4,4,4,4,4,4,4,4,4,4,4,4,4,4,4,4,4,4,4,4,4,4,4,4,4,4,4,4,4,4,100,,,,,,,,,,,,,,,,,,,,,,,,,,,,,,,,,,,,,,,,,,,,,,,,,,,,,,,,,,,,,,,,,,,,,,,,,,,,,,,,,,,,,,,,,,,,,,,,,,,,,,,,,,,,,,,,,,,,,,,,,,,,,,,,,,,,,,,,,,,,,,,,,,,,,,,,,,,,,,,,,,,,,,,,,,,,,,,,,,,,,,,,,,,,,,,,,,,,,,,,,,,,,,
1764665423.703713,27788,0,4358.461426,4369.871582,4478.461426,4495.512695,4373.974121,4487.820313,4516.666504,4367.05127,4538.974121,4371.794922,4474.358887,4494.230957,4557.179688,4385.128418,4384.743652,4507.692383,4523.589844,4532.820313,4505.256348,4380,4380.769043,4555.512695,4491.282227,4485.256348,4372.94873,4567.436035,4362.692383,4530.897461,4478.205078,4374.487305,4499.871582,4478.205078,2515,1,24,1792,38120,,,,0,4,4,4,4,4,4,4,4,4,4,4,4,4,4,4,4,4,4,4,4,4,4,4,4,4,4,4,4,4,4,4,4,100,,,,,,,,,,,,,,,,,,,,,,,,,,,,,,,,,,,,,,,,,,,,,,,,,,,,,,,,,,,,,,,,,,,,,,,,,,,,,,,,,,,,,,,,,,,,,,,,,,,,,,,,,,,,,,,,,,,,,,,,,,,,,,,,,,,,,,,,,,,,,,,,,,,,,,,,,,,,,,,,,,,,,,,,,,,,,,,,,,,,,,,,,,,,,,,,,,,,,,,,,,,,,,
1764665423.707619,27789,0,4355.769043,4367.05127,4477.820313,4497.94873,4368.846191,4483.333496,4513.077148,4361.538574,4537.692383,4372.692383,4473.205078,4486.282227,4554.358887,4383.461426,4381.025879,4503.077148,4516.922852,4526.282227,4501.538574,4376.410156,4378.717773,4551.410156,4488.461426,4479.871582,4367.436035,4565.512695,4358.717773,4530.897461,4475,4374.358887,4498.077148,4480.256348,2232,1,24,1792,38120,,,,0,4,4,4,4,4,4,4,4,4,4,4,4,4,4,4,4,4,4,4,4,4,4,4,4,4,4,4,4,4,4,4,4,100,,,,,,,,,,,,,,,,,,,,,,,,,,,,,,,,,,,39715,0,0.020253,-0.694031,-0.719604,-0.008972,0.997192,0.034672,0.049322,19,-0.166667,54.666668,,,,,,,,,,,,,,,,,,,,,,,,,,,,,,,,,,,,,,,,,,,,,,,,,,,,,,,,,,,,,,,,,,,,,,,,,,,,,,,,,,,,,,,,,,,,,,,,,,,,,,,,,,,,,,,,,,,,,,,,,,,,,,,,,,,,,,,,,,,,,,,,,,,,,,,,,,,,,,,,
1764665423.711526,27790,0,4358.974121,4371.538574,4481.922852,4502.820313,4369.230957,4483.846191,4515.256348,4362.692383,4541.410156,4379.743652,4477.307617,4487.05127,4556.410156,4385,4383.974121,4501.666504,4519.102539,4526.922852,4503.589844,4379.487305,4383.717773,4553.333496,4492.436035,4482.436035,4366.282227,4570.512695,4363.974121,4536.922852,4478.333496,4380.512695,4506.025879,4487.820313,2737,1,24,768,38128,,,,0,4,4,4,4,4,4,4,4,4,4,4,4,4,4,4,4,4,4,4,4,4,4,4,4,4,4,4,4,4,4,4,4,100,,,,,,,,,,,,,,,,,,,,,,,,,,,,,,,,,,,,,,,,,,,,,,,,,,,,,,,,,,,,,,,,,,,,,,,,,,,,,,,,,,,,,,,,,,,,,,,,,,,,,,,,,,,,,,,,,,,,,,,,,,,,,,,,,,,,,,,,,,,,,,,,,,,,,,,,,,,,,,,,,,,,,,,,,,,,,,,,,,,,,,,,,,,,,,,,,,,,,,,,,,,,,,
1764665423.715432,27791,0,4367.563965,4382.05127,4489.743652,4508.461426,4375.512695,4489.743652,4522.820313,4369.615234,4549.230957,4389.871582,4485.897461,4497.05127,4563.333496,4389.871582,4392.179688,4504.743652,4529.615234,4535.384766,4510.384766,4387.436035,4392.179688,4559.615234,4502.05127,4491.794922,4370.769043,4580.256348,4376.282227,4546.025879,4486.922852,4390.512695,4519.743652,4497.179688,2519,1,24,768,38128,,,,0,4,4,4,4,4,4,4,4,4,4,4,4,4,4,4,4,4,4,4,4,4,4,4,4,4,4,4,4,4,4,4,4,100,,,,,,,,,,,,,,,,,,,,,,,,,,,,,,,,,,,,,,,,,,,,,,,,,,,,,,,,,,,,,,,,,,,,,,,,,,,,,,,,,,,,,,,,,,,,,,,,,,,,,,,,,,,,,,,,,,,,,,,,,,,,,,,,,,,,,,,,,,,,,,,,,,,,,,,,,,,,,,,,,,,,,,,,,,,,,,,,,,,,,,,,,,,,,,,,,,,,,,,,,,,,,,
1764665423.719339,27792,0,4376.153809,4392.307617,4496.538574,4511.794922,4383.205078,4497.436035,4531.025879,4376.922852,4556.538574,4397.179688,4493.974121,4509.871582,4570.897461,4395.897461,4400.128418,4509.743652,4541.025879,4545.769043,4516.794922,4394.230957,4397.563965,4565.128418,4511.025879,4500.897461,4378.974121,4589.102539,4387.05127,4552.05127,4495.256348,4398.205078,4530.128418,4502.563965,2895,1,24,256,38136,,,,0,4,4,4,4,4,4,4,4,4,4,4,4,4,4,4,4,4,4,4,4,4,4,4,4,4,4,4,4,4,4,4,4,100,,,,,,,,,,,,,,,,,,,,,,,,,,,,,,,,,,,,,,,,,,,,,,,,,,,,,,,,,,,,,,,,,,,,,,,,,,,,,,,,,,,,,,,,,,,,,,,,,,,,,,,,,,,,,,,,,,,,,,,,,,,,,,,,,,,,,,,,,,,,,,,,,,,,,,,,,,,,,,,,,,,,,,,,,,,,,,,,,,,,,,,,,,,,,,,,,,,,,,,,,,,,,,
1764665423.723245,27793,0,4378.589844,4396.794922,4497.692383,4511.025879,4386.794922,4501.153809,4534.358887,4379.230957,4557.94873,4396.922852,4495.641113,4516.922852,4573.461426,4398.846191,4402.307617,4512.179688,4545.384766,4549.615234,4517.563965,4394.102539,4394.615234,4564.487305,4513.461426,4502.563965,4386.025879,4591.922852,4388.846191,4550.512695,4497.692383,4398.974121,4531.025879,4500.256348,2951,1,24,256,38136,,,,0,4,4,4,4,4,4,4,4,4,4,4,4,4,4,4,4,4,4,4,4,4,4,4,4,4,4,4,4,4,4,4,4,100,,,,,,,,,,,,,,,,,,,,,,,,,,,,,,,,,,,39716,0,0.020226,-0.694031,-0.719604,-0.009033,0.999145,0.042486,0.035161,19.166666,1.166667,54.166668,,,,,,,,,,,,,,,,,,,,,,,,,,,,,,,,,,,,,,,,,,,,,,,,,,,,,,,,,,,,,,,,,,,,,,,,,,,,,,,,,,,,,,,,,,,,,,,,,,,,,,,,,,,,,,,,,,,,,,,,,,,,,,,,,,,,,,,,,,,,,,,,,,,,,,,,,,,,,,,,
1764665423.727152,27794,0,4373.461426,4393.846191,4493.333496,4507.563965,4384.358887,4498.717773,4530.384766,4375.512695,4551.794922,4389.358887,4489.487305,4514.230957,4568.205078,4396.538574,4397.179688,4509.102539,4539.615234,4542.692383,4511.410156,4385.641113,4383.333496,4556.666504,4508.077148,4494.871582,4386.794922,4588.333496,4381.025879,4542.307617,4493.333496,4393.333496,4523.077148,4492.563965,1788,1,24,256,38144,,,,0,4,4,4,4,4,4,4,4,4,4,4,4,4,4,4,4,4,4,4,4,4,4,4,4,4,4,4,4,4,4,4,4,100,,,,,,,,,,,,,,,,,,,,,,,,,,,,,,,,,,,,,,,,,,,,,,,,,,,,,,,,,,,,,,,,,,,,,,,,,,,,,,,,,,,,,,,,,,,,,,,,,,,,,,,,,,,,,,,,,,,,,,,,,,,,,,,,,,,,,,,,,,,,,,,,,,,,,,,,,,,,,,,,,,,,,,,,,,,,,,,,,,,,,,,,,,,,,,,,,,,,,,,,,,,,,,
1764665423.731058,27795,0,4365.769043,4387.563965,4487.692383,4504.358887,4379.230957,4492.820313,4522.692383,4368.717773,4542.05127,4379.487305,4480.384766,4505.769043,4557.820313,4389.871582,4388.333496,4501.794922,4528.846191,4529.358887,4501.794922,4373.077148,4369.102539,4546.538574,4499.743652,4483.589844,4380.256348,4581.794922,4370,4533.846191,4486.922852,4386.153809,4514.102539,4485.769043,2971,1,24,256,38144,,,,0,4,4,4,4,4,4,4,4,4,4,4,4,4,4,4,4,4,4,4,4,4,4,4,4,4,4,4,4,4,4,4,4,100,,,,,,,,,,,,,,,,,,,,,,,,,,,,,,,,,,,,,,,,,,,,,,,,,,,,,,,,,,,,,,,,,,,,,,,,,,,,,,,,,,,,,,,,,,,,,,,,,,,,,,,,,,,,,,,,,,,,,,,,,,,,,,,,,,,,,,,,,,,,,,,,,,,,,,,,,,,,,,,,,,,,,,,,,,,,,,,,,,,,,,,,,,,,,,,,,,,,,,,,,,,,,,
1764665423.734864,27796,0,4363.333496,4384.358887,4485.897461,4503.846191,4377.05127,4489.615234,4517.692383,4363.589844,4534.871582,4372.563965,4475.384766,4499.743652,4549.230957,4383.333496,4381.410156,4493.846191,4522.307617,4518.461426,4494.615234,4362.307617,4359.230957,4540.641113,4495.384766,4476.282227,4370.512695,4577.05127,4364.102539,4532.05127,4484.487305,4383.205078,4511.282227,4485.512695,2564,1,24,256,38151,,,,0,4,4,4,4,4,4,4,4,4,4,4,4,4,4,4,4,4,4,4,4,4,4,4,4,4,4,4,4,4,4,4,4,100,,,,,,,,,,,,,,,,,,,,,,,,,,,,,,,,,,,,,,,,,,,,,,,,,,,,,,,,,,,,,,,,,,,,,,,,,,,,,,,,,,,,,,,,,,,,,,,,,,,,,,,,,,,,,,,,,,,,,,,,,,,,,,,,,,,,,,,,,,,,,,,,,,,,,,,,,,,,,,,,,,,,,,,,,,,,,,,,,,,,,,,,,,,,,,,,,,,,,,,,,,,,,,
1764665423.738770,27797,0,4370,4388.461426,4488.717773,4505.641113,4380.256348,4492.94873,4519.102539,4363.077148,4533.717773,4371.153809,4477.563965,4501.666504,4547.692383,4380.128418,4379.358887,4489.102539,4525.897461,4516.153809,4492.692383,4357.820313,4357.307617,4542.692383,4498.589844,4477.307617,4363.717773,4576.282227,4367.692383,4539.102539,4489.102539,4386.666504,4516.410156,4491.538574,2849,1,24,256,38151,,,,0,4,4,4,4,4,4,4,4,4,4,4,4,4,4,4,4,4,4,4,4,4,4,4,4,4,4,4,4,4,4,4,4,100,,,,,,,,,,,,,,,,,,,,,,,,,,,,,,,,,,,39717,0,0.020253,-0.694031,-0.719604,-0.008972,0.999145,0.042486,0.035161,19.333334,1.333333,53.833332,,,,,,,,,,,,,,,,,,,,,,,,,,,,,,,,,,,,,,,,,,,,,,,,,,,,,,,,,,,,,,,,,,,,,,,,,,,,,,,,,,,,,,,,,,,,,,,,,,,,,,,,,,,,,,,,,,,,,,,,,,,,,,,,,,,,,,,,,,,,,,,,,,,,,,,,,,,,,,,,
1764665423.742576,27798,0,4382.820313,4398.717773,4494.358887,4507.94873,4387.563965,4502.05127,4526.538574,4366.794922,4537.563965,4373.846191,4484.743652,4510.384766,4553.589844,4380.641113,4381.410156,4488.846191,4537.692383,4521.410156,4494.487305,4359.871582,4362.436035,4551.153809,4507.94873,4484.743652,4363.846191,4578.461426,4377.94873,4551.282227,4498.333496,4394.102539,4524.615234,4498.974121,2960,1,24,512,38159,,,,0,4,4,4,4,4,4,4,4,4,4,4,4,4,4,4,4,4,4,4,4,4,4,4,4,4,4,4,4,4,4,4,4,100,,,,,,,,,,,,,,,,,,,,,,,,,,,,,,,,,,,,,,,,,,,,,,,,,,,,,,,,,,,,,,,,,,,,,,,,,,,,,,,,,,,,,,,,,,,,,,,,,,,,,,,,,,,,,,,,,,,,,,,,,,,,,,,,,,,,,,,,,,,,,,,,,,,,,,,,,,,,,,,,,,,,,,,,,,,,,,,,,,,,,,,,,,,,,,,,,,,,,,,,,,,,,,
1764665423.746483,27799,0,4395.384766,4410.641113,4500.384766,4510.128418,4395.384766,4511.922852,4536.025879,4372.05127,4543.846191,4378.974121,4491.794922,4520.512695,4562.820313,4382.692383,4384.871582,4491.666504,4551.025879,4528.717773,4497.436035,4366.282227,4370.769043,4561.794922,4518.461426,4493.717773,4370.384766,4581.410156,4388.974121,4562.94873,4506.922852,4401.794922,4530.384766,4503.461426,2876,1,24,512,38159,,,,0,4,4,4,4,4,4,4,4,4,4,4,4,4,4,4,4,4,4,4,4,4,4,4,4,4,4,4,4,4,4,4,4,100,,,,,,,,,,,,,,,,,,,,,,,,,,,,,,,,,,,,,,,,,,,,,,,,,,,,,,,,,,,,,,,,,,,,,,,,,,,,,,,,,,,,,,,,,,,,,,,,,,,,,,,,,,,,,,,,,,,,,,,,,,,,,,,,,,,,,,,,,,,,,,,,,,,,,,,,,,,,,,,,,,,,,,,,,,,,,,,,,,,,,,,,,,,,,,,,,,,,,,,,,,,,,,
1764665423.750389,27800,0,4402.307617,4419.230957,4505.769043,4513.846191,4401.538574,4518.589844,4543.589844,4376.794922,4550.641113,4385.512695,4495.256348,4526.922852,4570.897461,4385.128418,4388.333496,4495.897461,4560.128418,4534.615234,4501.282227,4374.615234,4379.615234,4571.025879,4526.282227,4500.897461,4380.641113,4584.487305,4396.666504,4570.128418,4511.666504,4407.820313,4532.179688,4504.871582,2793,1,24,768,38167,,,,0,4,4,4,4,4,4,4,4,4,4,4,4,4,4,4,4,4,4,4,4,4,4,4,4,4,4,4,4,4,4,4,4,100,,,,,,,,,,,,,,,,,,,,,,,,,,,,,,,,,,,,,,,,,,,,,,,,,,,,,,,,,,,,,,,,,,,,,,,,,,,,,,,,,,,,,,,,,,,,,,,,,,,,,,,,,,,,,,,,,,,,,,,,,,,,,,,,,,,,,,,,,,,,,,,,,,,,,,,,,,,,,,,,,,,,,,,,,,,,,,,,,,,,,,,,,,,,,,,,,,,,,,,,,,,,,,
1764665423.754296,27801,0,4402.820313,4422.179688,4510,4519.230957,4406.025879,4520.512695,4547.179688,4379.615234,4557.05127,4392.692383,4495.128418,4528.461426,4575.256348,4387.179688,4392.179688,4500.128418,4563.974121,4538.589844,4506.794922,4383.333496,4388.717773,4577.94873,4529.358887,4505.641113,4391.282227,4588.205078,4400.256348,4572.179688,4512.436035,4411.794922,4531.922852,4505.769043,2853,1,24,768,38167,,,,0,4,4,4,4,4,4,4,4,4,4,4,4,4,4,4,4,4,4,4,4,4,4,4,4,4,4,4,4,4,4,4,4,100,,,,,,,,,,,,,,,,,,,,,,,,,,,,,,,,,,,39718,0,0.02028,-0.694031,-0.719604,-0.008911,1.001099,0.039067,0.046392,19.333334,0.5,53,,,,,,,,,,,,,,,,,,,,,,,,,,,,,,,,,,,,,,,,,,,,,,,,,,,,,,,,,,,,,,,,,,,,,,,,,,,,,,,,,,,,,,,,,,,,,,,,,,,,,,,,,,,,,,,,,,,,,,,,,,,,,,,,,,,,,,,,,,,,,,,,,,,,,,,,,,,,,,,,
1764665423.758202,27802,0,4399.487305,4420,4511.666504,4524.102539,4408.717773,4518.846191,4546.666504,4380.256348,4562.307617,4398.589844,4493.077148,4526.666504,4575.769043,4388.589844,4396.025879,4503.333496,4563.974121,4542.05127,4513.974121,4391.410156,4397.692383,4582.692383,4528.333496,4509.102539,4399.487305,4592.692383,4400.769043,4571.282227,4511.282227,4413.717773,4532.179688,4508.205078,1965,1,24,1024,38175,,,,0,4,4,4,4,4,4,4,4,4,4,4,4,4,4,4,4,4,4,4,4,4,4,4,4,4,4,4,4,4,4,4,4,100,,,,,,,,,,,,,,,,,,,,,,,,,,,,,,,,,,,,,,,,,,,,,,,2.30916,4.307951,1.067197,1.08404,1.169528,2.97801,4.212206,0.981965,1.363814,1.244322,2.721646,3.252339,1.341941,1.820379,1.360637,1.497486,2.361099,1.127578,1.296919,1.121666,2.322876,4.17334,0.954299,1.454837,1.137431,3.307908,4.314954,0.817989,1.257478,1.209557,1.818324,3.251877,0.802033,1.200204,1.325023,2.224519,2.098385,0.848003,1.432957,1.15355,2.092225,2.040502,1.035381,1.281054,1.434449,1.253165,1.839991,1.472672,1.50543,1.806686,1.188576,1.979138,0.670335,0.77959,0.95445,2.956458,4.738502,1.228809,1.229488,1.306831,2.036166,6.744187,1.275476,0.981707,0.966276,0.684007,1.0797,0.635196,0.462765,0.749787,1.607251,2.145049,0.934311,0.790076,1.137733,1.11217,6.492206,1.139173,0.605611,0.587524,4.222688,11.166879,2.988349,1.03301,1.381636,2.588415,17.464191,3.793936,1.268865,1.184021,1.735725,12.369801,2.595428,0.906434,0.736551,1.49951,7.958055,2.284975,1.102483,0.929039,1.593037,9.712112,2.88378,1.226625,1.117574,3.00947,15.256584,4.113976,1.371369,1.132216,1.932356,6.036713,1.158498,0.993053,1.13659,2.047569,5.454581,1.889753,1.338551,1.086226,1.604102,4.569981,1.929755,1.656935,1.871256,1.150857,1.967906,0.789893,0.954908,1.064239,1.621814,3.49777,1.289595,1.363302,1.337226,2.626926,4.776672,1.160124,1.335888,1.438291,1.360032,2.088027,0.41933,0.650411,0.651624,2.585359,3.750672,0.820791,1.53736,1.253477,2.263289,2.913824,0.894965,1.363006,1.19911,2.274898,3.282673,0.930677,1.539264,1.398369
1764665423.762109,27803,0,4395.512695,4415,4511.153809,4525.769043,4409.358887,4516.025879,4543.461426,4378.589844,4566.025879,4401.025879,4491.025879,4523.846191,4573.846191,4388.589844,4397.94873,4505.256348,4562.436035,4545.256348,4520.641113,4397.692383,4405.384766,4585.641113,4524.615234,4512.05127,4403.846191,4596.922852,4399.230957,4569.487305,4510.384766,4413.205078,4533.717773,4512.436035,2661,1,24,1024,38175,,,,0,4,4,4,4,4,4,4,4,4,4,4,4,4,4,4,4,4,4,4,4,4,4,4,4,4,4,4,4,4,4,4,4,100,,,,,,,,,,,,,,,,,,,,,,,,,,,,,,,,,,,,,,,,,,,,,,,,,,,,,,,,,,,,,,,,,,,,,,,,,,,,,,,,,,,,,,,,,,,,,,,,,,,,,,,,,,,,,,,,,,,,,,,,,,,,,,,,,,,,,,,,,,,,,,,,,,,,,,,,,,,,,,,,,,,,,,,,,,,,,,,,,,,,,,,,,,,,,,,,,,,,,,,,,,,,,,
1764665423.766015,27804,0,4392.692383,4410,4510,4524.615234,4407.179688,4513.974121,4539.743652,4375.897461,4568.205078,4399.743652,4490,4521.410156,4571.282227,4387.307617,4396.025879,4506.025879,4560.897461,4548.333496,4524.487305,4402.05127,4410.897461,4586.922852,4520.512695,4514.615234,4404.871582,4599.615234,4397.307617,4568.333496,4510,4410.897461,4536.410156,4517.307617,2727,1,24,1280,38183,,,,0,4,4,4,4,4,4,4,4,4,4,4,4,4,4,4,4,4,4,4,4,4,4,4,4,4,4,4,4,4,4,4,4,100,,,,,,,,,,,,,,,,,,,,,,,,,,,,,,,,,,,,,,,,,,,,,,,,,,,,,,,,,,,,,,,,,,,,,,,,,,,,,,,,,,,,,,,,,,,,,,,,,,,,,,,,,,,,,,,,,,,,,,,,,,,,,,,,,,,,,,,,,,,,,,,,,,,,,,,,,,,,,,,,,,,,,,,,,,,,,,,,,,,,,,,,,,,,,,,,,,,,,,,,,,,,,,
1764665423.769922,27805,0,4391.153809,4406.282227,4510,4523.077148,4402.94873,4513.077148,4537.94873,4373.717773,4569.487305,4396.922852,4490.384766,4519.487305,4569.743652,4385.256348,4391.282227,4506.282227,4560,4551.538574,4525.256348,4404.871582,4413.333496,4586.794922,4517.820313,4516.666504,4404.743652,4599.871582,4396.025879,4567.820313,4509.102539,4408.333496,4538.717773,4520.384766,2561,1,24,1280,38183,,,,0,4,4,4,4,4,4,4,4,4,4,4,4,4,4,4,4,4,4,4,4,4,4,4,4,4,4,4,4,4,4,4,4,100,,,,,,,,,,,,,,,,,,,,,,,,,,,,,,,,,,,39719,0,0.020333,-0.694031,-0.719604,-0.008789,0.990355,0.022952,0.050299,19.333334,0.5,53,,,,,,,,,,,,,,,,,,,,,,,,,,,,,,,,,,,,,,,,,,,,,,,,,,,,,,,,,,,,,,,,,,,,,,,,,,,,,,,,,,,,,,,,,,,,,,,,,,,,,,,,,,,,,,,,,,,,,,,,,,,,,,,,,,,,,,,,,,,,,,,,,,,,,,,,,,,,,,,,
1764665423.773828,27806,0,4389.743652,4403.589844,4509.615234,4522.563965,4397.820313,4512.436035,4538.846191,4372.436035,4569.871582,4394.615234,4491.538574,4517.94873,4569.871582,4384.230957,4387.179688,4506.538574,4559.102539,4554.358887,4524.230957,4407.179688,4413.846191,4586.025879,4517.05127,4518.205078,4405.128418,4597.692383,4395.769043,4566.922852,4506.666504,4406.666504,4538.589844,4518.846191,2693,1,24,1536,38191,,,,0,4,4,4,4,4,4,4,4,4,4,4,4,4,4,4,4,4,4,4,4,4,4,4,4,4,4,4,4,4,4,4,4,100,,,,,,,,,,,,,,,,,,,,,,,,,,,,,,,,,,,,,,,,,,,,,,,,,,,,,,,,,,,,,,,,,,,,,,,,,,,,,,,,,,,,,,,,,,,,,,,,,,,,,,,,,,,,,,,,,,,,,,,,,,,,,,,,,,,,,,,,,,,,,,,,,,,,,,,,,,,,,,,,,,,,,,,,,,,,,,,,,,,,,,,,,,,,,,,,,,,,,,,,,,,,,,
1764665423.777735,27807,0,4387.820313,4401.153809,4506.794922,4522.179688,4393.205078,4511.410156,4540.769043,4371.282227,4568.974121,4392.94873,4492.436035,4516.666504,4571.282227,4385.384766,4387.563965,4507.179688,4557.05127,4556.282227,4523.205078,4408.974121,4413.205078,4584.615234,4517.436035,4518.589844,4405.384766,4594.358887,4395.769043,4564.743652,4502.563965,4405.897461,4535.256348,4512.692383,2853,1,24,1536,38191,,,,0,4,4,4,4,4,4,4,4,4,4,4,4,4,4,4,4,4,4,4,4,4,4,4,4,4,4,4,4,4,4,4,4,100,,,,,,,,,,,,,,,,,,,,,,,,,,,,,,,,,,,,,,,,,,,,,,,,,,,,,,,,,,,,,,,,,,,,,,,,,,,,,,,,,,,,,,,,,,,,,,,,,,,,,,,,,,,,,,,,,,,,,,,,,,,,,,,,,,,,,,,,,,,,,,,,,,,,,,,,,,,,,,,,,,,,,,,,,,,,,,,,,,,,,,,,,,,,,,,,,,,,,,,,,,,,,,
1764665423.781641,27808,0,4385.641113,4398.846191,4502.436035,4520.897461,4390.641113,4510.256348,4541.794922,4369.102539,4567.05127,4391.025879,4491.794922,4515.641113,4572.94873,4388.717773,4392.820313,4508.461426,4553.589844,4556.922852,4522.307617,4409.615234,4412.436035,4582.307617,4517.820313,4516.794922,4403.589844,4591.794922,4395.512695,4561.282227,4498.974121,4405.384766,4530.384766,4505.256348,2790,1,24,1792,38198,,,,0,4,4,4,4,4,4,4,4,4,4,4,4,4,4,4,4,4,4,4,4,4,4,4,4,4,4,4,4,4,4,4,4,100,,,,,,,,,,,,,,,,,,,,,,,,,,,,,,,,,,,,,,,,,,,,,,,,,,,,,,,,,,,,,,,,,,,,,,,,,,,,,,,,,,,,,,,,,,,,,,,,,,,,,,,,,,,,,,,,,,,,,,,,,,,,,,,,,,,,,,,,,,,,,,,,,,,,,,,,,,,,,,,,,,,,,,,,,,,,,,,,,,,,,,,,,,,,,,,,,,,,,,,,,,,,,,
1764665423.785548,27809,0,4383.589844,4396.922852,4499.487305,4518.461426,4390,4509.102539,4540.256348,4365.256348,4564.230957,4387.307617,4489.102539,4514.487305,4573.333496,4392.307617,4398.974121,4510,4549.615234,4556.666504,4520.769043,4408.461426,4411.282227,4578.333496,4516.794922,4512.307617,4398.461426,4591.153809,4394.487305,4557.436035,4497.436035,4404.102539,4526.666504,4501.282227,2955,1,24,1792,38198,,,,0,4,4,4,4,4,4,4,4,4,4,4,4,4,4,4,4,4,4,4,4,4,4,4,4,4,4,4,4,4,4,4,4,100,,,,,,,,,,,,,,,,,,,,,,,,,,,,,,,,,,,39720,0,0.020359,-0.694031,-0.719604,-0.008728,1.003541,0.048346,0.040044,19.166666,1.833333,54.5,,,,,,,,,,,,,,,,,,,,,,,,,,,,,,,,,,,,,,,,,,,,,,,,,,,,,,,,,,,,,,,,,,,,,,,,,,,,,,,,,,,,,,,,,,,,,,,,,,,,,,,,,,,,,,,,,,,,,,,,,,,,,,,,,,,,,,,,,,,,,,,,,,,,,,,,,,,,,,,,
1764665423.789454,27810,0,4381.153809,4394.871582,4500,4515,4389.871582,4507.820313,4536.282227,4359.871582,4560.128418,4381.410156,4485.256348,4512.436035,4571.666504,4393.333496,4400.128418,4510.641113,4545.769043,4555.128418,4517.94873,4404.871582,4408.589844,4573.077148,4513.589844,4505.512695,4390.769043,4591.153809,4391.282227,4553.974121,4497.179688,4400.897461,4525,4502.179688,2625,1,24,2048,38206,,,,0,4,4,4,4,4,4,4,4,4,4,4,4,4,4,4,4,4,4,4,4,4,4,4,4,4,4,4,4,4,4,4,4,100,,,,,,,,,,,,,,,,,,,,,,,,,,,,,,,,,,,,,,,,,,,,,,,,,,,,,,,,,,,,,,,,,,,,,,,,,,,,,,,,,,,,,,,,,,,,,,,,,,,,,,,,,,,,,,,,,,,,,,,,,,,,,,,,,,,,,,,,,,,,,,,,,,,,,,,,,,,,,,,,,,,,,,,,,,,,,,,,,,,,,,,,,,,,,,,,,,,,,,,,,,,,,,
1764665423.793361,27811,0,4377.94873,4392.05127,4501.538574,4510.897461,4387.94873,4505.128418,4530.769043,4354.487305,4554.487305,4375.128418,4481.410156,4509.230957,4568.333496,4390.512695,4393.846191,4509.358887,4542.179688,4551.794922,4514.230957,4399.871582,4404.358887,4567.692383,4508.974121,4497.563965,4383.461426,4589.743652,4385.384766,4550.641113,4496.153809,4395,4523.205078,4504.615234,2891,1,24,2048,38206,,,,0,4,4,4,4,4,4,4,4,4,4,4,4,4,4,4,4,4,4,4,4,4,4,4,4,4,4,4,4,4,4,4,4,100,,,,,,,,,,,,,,,,,,,,,,,,,,,,,,,,,,,,,,,,,,,,,,,,,,,,,,,,,,,,,,,,,,,,,,,,,,,,,,,,,,,,,,,,,,,,,,,,,,,,,,,,,,,,,,,,,,,,,,,,,,,,,,,,,,,,,,,,,,,,,,,,,,,,,,,,,,,,,,,,,,,,,,,,,,,,,,,,,,,,,,,,,,,,,,,,,,,,,,,,,,,,,,
1764665423.797267,27812,0,4375.128418,4389.615234,4501.025879,4507.436035,4384.102539,4501.794922,4526.538574,4352.05127,4548.974121,4372.436035,4479.487305,4506.025879,4565.512695,4385.641113,4383.461426,4506.282227,4540,4547.436035,4512.05127,4395.897461,4400.512695,4564.487305,4505.897461,4491.666504,4381.282227,4586.666504,4378.846191,4548.205078,4493.974121,4389.230957,4520.128418,4504.615234,2779,1,24,2304,38214,,,,0,4,4,4,4,4,4,4,4,4,4,4,4,4,4,4,4,4,4,4,4,4,4,4,4,4,4,4,4,4,4,4,4,100,,,,,,,,,,,,,,,,,,,,,,,,,,,,,,,,,,,,,,,,,,,,,,,,,,,,,,,,,,,,,,,,,,,,,,,,,,,,,,,,,,,,,,,,,,,,,,,,,,,,,,,,,,,,,,,,,,,,,,,,,,,,,,,,,,,,,,,,,,,,,,,,,,,,,,,,,,,,,,,,,,,,,,,,,,,,,,,,,,,,,,,,,,,,,,,,,,,,,,,,,,,,,,
1764665423.801174,27813,0,4375.769043,4390.769043,4499.358887,4507.94873,4381.794922,4501.153809,4527.820313,4355.769043,4547.307617,4377.563965,4482.05127,4506.666504,4566.410156,4383.589844,4377.307617,4504.230957,4542.05127,4545.641113,4514.230957,4395.897461,4399.871582,4566.282227,4507.94873,4491.538574,4387.820313,4584.743652,4376.666504,4549.358887,4493.077148,4388.589844,4518.717773,4503.205078,2820,1,24,2304,38214,,,,0,4,4,4,4,4,4,4,4,4,4,4,4,4,4,4,4,4,4,4,4,4,4,4,4,4,4,4,4,4,4,4,4,100,,,,,,,,,,,,,,,,,,,,,,,,,,,,,,,,,,,39721,0,0.020359,-0.694031,-0.719604,-0.008728,0.998169,0.031742,0.039556,18.5,0.5,56.833332,,,,,,,,,,,,,,,,,,,,,,,,,,,,,,,,,,,,,,,,,,,,,,,,,,,,,,,,,,,,,,,,,,,,,,,,,,,,,,,,,,,,,,,,,,,,,,,,,,,,,,,,,,,,,,,,,,,,,,,,,,,,,,,,,,,,,,,,,,,,,,,,,,,,,,,,,,,,,,,,
1764665423.805080,27814,0,4382.94873,4398.589844,4501.794922,4515.769043,4386.282227,4507.05127,4537.94873,4367.307617,4553.717773,4391.410156,4490.512695,4514.230957,4572.94873,4388.461426,4382.179688,4506.922852,4550.512695,4550,4521.410156,4401.282227,4404.871582,4574.102539,4516.794922,4499.358887,4403.461426,4588.846191,4384.230957,4556.794922,4496.666504,4397.563965,4524.615234,4506.025879,2830,1,24,2560,38222,,,,0,4,4,4,4,4,4,4,4,4,4,4,4,4,4,4,4,4,4,4,4,4,4,4,4,4,4,4,4,4,4,4,4,100,,,,,,,,,,,,,,,,,,,,,,,,,,,,,,,,,,,,,,,,,,,,,,,,,,,,,,,,,,,,,,,,,,,,,,,,,,,,,,,,,,,,,,,,,,,,,,,,,,,,,,,,,,,,,,,,,,,,,,,,,,,,,,,,,,,,,,,,,,,,,,,,,,,,,,,,,,,,,,,,,,,,,,,,,,,,,,,,,,,,,,,,,,,,,,,,,,,,,,,,,,,,,,
1764665423.808987,27815,0,4396.153809,4413.589844,4513.077148,4531.025879,4399.743652,4519.871582,4555.384766,4384.230957,4568.589844,4410.384766,4503.333496,4528.589844,4584.230957,4400.512695,4397.307617,4515.384766,4564.102539,4560,4530.641113,4410.128418,4413.846191,4585.897461,4530.128418,4513.333496,4422.692383,4600.128418,4401.410156,4570,4505.641113,4416.153809,4539.871582,4517.692383,3015,1,24,2560,38222,,,,0,4,4,4,4,4,4,4,4,4,4,4,4,4,4,4,4,4,4,4,4,4,4,4,4,4,4,4,4,4,4,4,4,100,,,,,,,,,,,,,,,,,,,,,,,,,,,,,,,,,,,,,,,,,,,,,,,,,,,,,,,,,,,,,,,,,,,,,,,,,,,,,,,,,,,,,,,,,,,,,,,,,,,,,,,,,,,,,,,,,,,,,,,,,,,,,,,,,,,,,,,,,,,,,,,,,,,,,,,,,,,,,,,,,,,,,,,,,,,,,,,,,,,,,,,,,,,,,,,,,,,,,,,,,,,,,,
1764665423.812893,27816,0,4410.384766,4430.641113,4530.769043,4548.205078,4417.179688,4534.615234,4572.692383,4400.384766,4586.666504,4427.307617,4515.256348,4543.846191,4595.897461,4414.102539,4414.230957,4526.025879,4577.563965,4569.230957,4535.769043,4417.05127,4421.025879,4595.256348,4542.307617,4526.282227,4435.256348,4613.717773,4420.897461,4583.461426,4517.179688,4436.410156,4558.717773,4535.384766,2898,1,24,2048,38230,,,,0,4,4,4,4,4,4,4,4,4,4,4,4,4,4,4,4,4,4,4,4,4,4,4,4,4,4,4,4,4,4,4,4,100,,,,,,,,,,,,,,,,,,,,,,,,,,,,,,,,,,,,,,,,,,,,,,,,,,,,,,,,,,,,,,,,,,,,,,,,,,,,,,,,,,,,,,,,,,,,,,,,,,,,,,,,,,,,,,,,,,,,,,,,,,,,,,,,,,,,,,,,,,,,,,,,,,,,,,,,,,,,,,,,,,,,,,,,,,,,,,,,,,,,,,,,,,,,,,,,,,,,,,,,,,,,,,
1764665423.816800,27817,0,4417.179688,4439.743652,4544.102539,4557.563965,4427.820313,4541.538574,4579.871582,4407.563965,4597.820313,4433.717773,4519.230957,4551.025879,4600.769043,4421.025879,4422.436035,4531.666504,4582.179688,4569.102539,4530.384766,4415.512695,4418.589844,4594.615234,4545.384766,4528.589844,4430.897461,4619.743652,4430.512695,4588.333496,4524.615234,4446.282227,4569.230957,4547.820313,2747,1,24,2048,38230,,,,0,4,4,4,4,4,4,4,4,4,4,4,4,4,4,4,4,4,4,4,4,4,4,4,4,4,4,4,4,4,4,4,4,100,,,,,,,,,,,,,,,,,,,,,,,,,,,,,,,,,,,39722,0,0.020411,-0.694031,-0.719604,-0.008606,1.002564,0.048346,0.036626,21.166666,1.166667,54.5,,,,,,,,,,,,,,,,,,,,,,,,,,,,,,,,,,,,,,,,,,,,,,,,,,,,,,,,,,,,,,,,,,,,,,,,,,,,,,,,,,,,,,,,,,,,,,,,,,,,,,,,,,,,,,,,,,,,,,,,,,,,,,,,,,,,,,,,,,,,,,,,,,,,,,,,,,,,,,,,
1764665423.820706,27818,0,4410,4432.692383,4541.538574,4550.897461,4422.179688,4533.333496,4570.897461,4399.358887,4593.974121,4424.358887,4510.897461,4543.077148,4593.461426,4415.512695,4415.384766,4526.538574,4572.307617,4555.641113,4513.461426,4401.025879,4401.922852,4579.358887,4534.230957,4514.743652,4407.307617,4610,4421.153809,4577.94873,4521.538574,4437.307617,4561.538574,4543.333496,1897,1,24,1024,38237,,,,0,4,4,4,4,4,4,4,4,4,4,4,4,4,4,4,4,4,4,4,4,4,4,4,4,4,4,4,4,4,4,4,4,100,,,,,,,,,,,,,,,,,,,,,,,,,,,,,,,,,,,,,,,,,,,,,,,,,,,,,,,,,,,,,,,,,,,,,,,,,,,,,,,,,,,,,,,,,,,,,,,,,,,,,,,,,,,,,,,,,,,,,,,,,,,,,,,,,,,,,,,,,,,,,,,,,,,,,,,,,,,,,,,,,,,,,,,,,,,,,,,,,,,,,,,,,,,,,,,,,,,,,,,,,,,,,,
1764665423.824613,27819,0,4390.128418,4411.025879,4520.512695,4528.974121,4400.128418,4511.922852,4549.487305,4377.820313,4575.641113,4401.922852,4492.692383,4521.922852,4575,4400.897461,4396.794922,4511.410156,4550.128418,4533.846191,4492.05127,4377.436035,4375.641113,4553.974121,4512.307617,4489.358887,4373.717773,4586.282227,4395,4554.743652,4507.563965,4412.307617,4536.922852,4520,2720,1,24,1024,38237,,,,0,4,4,4,4,4,4,4,4,4,4,4,4,4,4,4,4,4,4,4,4,4,4,4,4,4,4,4,4,4,4,4,4,100,,,,,,,,,,,,,,,,,,,,,,,,,,,,,,,,,,,,,,,,,,,,,,,,,,,,,,,,,,,,,,,,,,,,,,,,,,,,,,,,,,,,,,,,,,,,,,,,,,,,,,,,,,,,,,,,,,,,,,,,,,,,,,,,,,,,,,,,,,,,,,,,,,,,,,,,,,,,,,,,,,,,,,,,,,,,,,,,,,,,,,,,,,,,,,,,,,,,,,,,,,,,,,
1764665423.828519,27820,0,4368.461426,4387.307617,4492.94873,4504.102539,4374.358887,4490.512695,4527.692383,4354.615234,4553.589844,4378.717773,4474.871582,4499.743652,4555.256348,4387.820313,4378.589844,4494.487305,4527.692383,4516.025879,4478.717773,4356.538574,4352.307617,4531.666504,4491.282227,4466.410156,4347.94873,4561.666504,4366.922852,4531.794922,4490.641113,4386.410156,4510,4491.025879,2516,1,24,256,38245,,,,0,4,4,4,4,4,4,4,4,4,4,4,4,4,4,4,4,4,4,4,4,4,4,4,4,4,4,4,4,4,4,4,4,100,,,,,,,,,,,,,,,,,,,,,,,,,,,,,,,,,,,,,,,,,,,,,,,,,,,,,,,,,,,,,,,,,,,,,,,,,,,,,,,,,,,,,,,,,,,,,,,,,,,,,,,,,,,,,,,,,,,,,,,,,,,,,,,,,,,,,,,,,,,,,,,,,,,,,,,,,,,,,,,,,,,,,,,,,,,,,,,,,,,,,,,,,,,,,,,,,,,,,,,,,,,,,,
1764665423.832426,27821,0,4358.461426,4377.307617,4477.179688,4492.436035,4362.179688,4483.589844,4519.102539,4344.871582,4542.307617,4369.230957,4468.846191,4490.769043,4547.05127,4386.666504,4373.333496,4486.025879,4518.077148,4512.820313,4481.794922,4351.025879,4345,4525.384766,4484.230957,4460.384766,4344.102539,4551.794922,4354.871582,4524.102539,4482.307617,4376.282227,4498.717773,4475.256348,2226,1,24,256,38245,,,,0,4,4,4,4,4,4,4,4,4,4,4,4,4,4,4,4,4,4,4,4,4,4,4,4,4,4,4,4,4,4,4,4,100,,,,,,,,,,,,,,,,,,,,,,,,,,,,,,,,,,,39723,0,0.020385,-0.694031,-0.719604,-0.008667,0.999145,0.037602,0.038579,19,0.166667,53.5,,,,,,,,,,,,,,,,,,,,,,,,,,,,,,,,,,,,,,,,,,,,,,,,,,,,,,,,,,,,,,,,,,,,,,,,,,,,,,,,,,,,,,,,,,,,,,,,,,,,,,,,,,,,,,,,,,,,,,,,,,,,,,,,,,,,,,,,,,,,,,,,,,,,,,,,,,,,,,,,
1764665423.836332,27822,0,4366.025879,4386.794922,4483.846191,4501.282227,4371.794922,4495.512695,4528.205078,4355,4547.820313,4378.974121,4478.589844,4500.384766,4555.641113,4398.077148,4383.461426,4491.025879,4526.666504,4525,4497.94873,4363.461426,4356.666504,4538.205078,4495,4474.615234,4362.563965,4562.05127,4365.512695,4536.794922,4487.820313,4387.563965,4510.128418,4482.563965,2738,1,24,512,38253,,,,0,4,4,4,4,4,4,4,4,4,4,4,4,4,4,4,4,4,4,4,4,4,4,4,4,4,4,4,4,4,4,4,4,100,,,,,,,,,,,,,,,,,,,,,,,,,,,,,,,,,,,,,,,,,,,,,,,,,,,,,,,,,,,,,,,,,,,,,,,,,,,,,,,,,,,,,,,,,,,,,,,,,,,,,,,,,,,,,,,,,,,,,,,,,,,,,,,,,,,,,,,,,,,,,,,,,,,,,,,,,,,,,,,,,,,,,,,,,,,,,,,,,,,,,,,,,,,,,,,,,,,,,,,,,,,,,,
1764665423.840239,27823,0,4384.358887,4407.179688,4506.410156,4523.205078,4395.128418,4515.897461,4547.436035,4377.05127,4563.974121,4399.487305,4496.794922,4520.512695,4573.846191,4412.692383,4399.743652,4504.743652,4545.897461,4542.436035,4514.615234,4382.94873,4377.436035,4560.256348,4514.487305,4497.307617,4388.333496,4582.820313,4389.230957,4559.487305,4501.922852,4410.128418,4533.846191,4504.871582,2518,1,24,512,38253,,,,0,4,4,4,4,4,4,4,4,4,4,4,4,4,4,4,4,4,4,4,4,4,4,4,4,4,4,4,4,4,4,4,4,100,,,,,,,,,,,,,,,,,,,,,,,,,,,,,,,,,,,,,,,,,,,,,,,,,,,,,,,,,,,,,,,,,,,,,,,,,,,,,,,,,,,,,,,,,,,,,,,,,,,,,,,,,,,,,,,,,,,,,,,,,,,,,,,,,,,,,,,,,,,,,,,,,,,,,,,,,,,,,,,,,,,,,,,,,,,,,,,,,,,,,,,,,,,,,,,,,,,,,,,,,,,,,,
1764665423.844145,27824,0,4399.230957,4422.692383,4526.922852,4542.307617,4415.384766,4529.230957,4563.077148,4395.256348,4578.333496,4415,4510,4536.410156,4587.436035,4419.102539,4409.102539,4516.666504,4562.05127,4552.179688,4520.128418,4394.871582,4392.307617,4576.794922,4529.487305,4511.794922,4404.615234,4598.205078,4408.077148,4575.128418,4513.717773,4426.410156,4551.282227,4524.615234,2891,1,24,256,38261,,,,0,4,4,4,4,4,4,4,4,4,4,4,4,4,4,4,4,4,4,4,4,4,4,4,4,4,4,4,4,4,4,4,4,100,,,,,,,,,,,,,,,,,,,,,,,,,,,,,,,,,,,,,,,,,,,,,,,,,,,,,,,,,,,,,,,,,,,,,,,,,,,,,,,,,,,,,,,,,,,,,,,,,,,,,,,,,,,,,,,,,,,,,,,,,,,,,,,,,,,,,,,,,,,,,,,,,,,,,,,,,,,,,,,,,,,,,,,,,,,,,,,,,,,,,,,,,,,,,,,,,,,,,,,,,,,,,,
1764665423.848052,27825,0,4401.538574,4423.974121,4531.410156,4547.05127,4420.512695,4527.692383,4566.025879,4399.102539,4582.436035,4416.025879,4510.384766,4538.974121,4587.307617,4412.94873,4405.641113,4519.102539,4566.025879,4548.461426,4513.077148,4392.436035,4393.205078,4579.743652,4532.307617,4510,4404.615234,4598.846191,4410.769043,4574.358887,4515.897461,4426.538574,4551.153809,4528.974121,2948,1,24,256,38261,,,,0,4,4,4,4,4,4,4,4,4,4,4,4,4,4,4,4,4,4,4,4,4,4,4,4,4,4,4,4,4,4,4,4,100,,,,,,,,,,,,,,,,,,,,,,,,,,,,,,,,,,,39724,0,0.020359,-0.694031,-0.719604,-0.008728,0.999145,0.037602,0.038579,17.666666,-0.166667,53.833332,,,,,,,,,,,,,,,,,,,,,,,,,,,,,,,,,,,,,,,,,,,,,,,,,,,,,,,,,,,,,,,,,,,,,,,,,,,,,,,,,,,,,,,,,,,,,,,,,,,,,,,,,,,,,,,,,,,,,,,,,,,,,,,,,,,,,,,,,,,,,,,,,,,,,,,,,,,,,,,,
1764665423.851958,27826,0,4393.589844,4414.743652,4521.025879,4538.461426,4412.179688,4516.410156,4557.94873,4390.384766,4578.461426,4405.384766,4500.384766,4531.025879,4575.897461,4400,4395,4512.820313,4558.846191,4536.922852,4502.05127,4381.922852,4384.615234,4572.692383,4526.282227,4497.436035,4395.769043,4588.974121,4400.384766,4562.307617,4510.128418,4415,4537.820313,4520.128418,1782,1,24,512,38269,,,,0,4,4,4,4,4,4,4,4,4,4,4,4,4,4,4,4,4,4,4,4,4,4,4,4,4,4,4,4,4,4,4,4,100,,,,,,,,,,,,,,,,,,,,,,,,,,,,,,,,,,,,,,,,,,,,,,,,,,,,,,,,,,,,,,,,,,,,,,,,,,,,,,,,,,,,,,,,,,,,,,,,,,,,,,,,,,,,,,,,,,,,,,,,,,,,,,,,,,,,,,,,,,,,,,,,,,,,,,,,,,,,,,,,,,,,,,,,,,,,,,,,,,,,,,,,,,,,,,,,,,,,,,,,,,,,,,
1764665423.855865,27827,0,4385.384766,4406.025879,4509.102539,4527.94873,4401.666504,4507.436035,4548.846191,4380.256348,4574.615234,4395,4489.358887,4522.820313,4563.717773,4390.384766,4387.307617,4505,4550.256348,4529.358887,4498.205078,4375.641113,4378.589844,4566.153809,4520.256348,4487.179688,4390.384766,4581.025879,4389.102539,4552.179688,4503.333496,4404.230957,4525.641113,4510.512695,2963,1,24,512,38269,,,,0,4,4,4,4,4,4,4,4,4,4,4,4,4,4,4,4,4,4,4,4,4,4,4,4,4,4,4,4,4,4,4,4,100,,,,,,,,,,,,,,,,,,,,,,,,,,,,,,,,,,,,,,,,,,,,,,,,,,,,,,,,,,,,,,,,,,,,,,,,,,,,,,,,,,,,,,,,,,,,,,,,,,,,,,,,,,,,,,,,,,,,,,,,,,,,,,,,,,,,,,,,,,,,,,,,,,,,,,,,,,,,,,,,,,,,,,,,,,,,,,,,,,,,,,,,,,,,,,,,,,,,,,,,,,,,,,
1764665423.859771,27828,0,4384.487305,4405.512695,4507.179688,4525.512695,4398.974121,4508.333496,4546.922852,4377.820313,4575.641113,4394.615234,4484.743652,4521.922852,4559.615234,4390,4388.205078,4502.436035,4548.589844,4532.436035,4505.897461,4381.410156,4382.94873,4566.922852,4520.128418,4487.820313,4394.102539,4583.461426,4386.922852,4553.077148,4501.025879,4402.94873,4525.256348,4509.615234,2556,1,24,768,38276,,,,0,4,4,4,4,4,4,4,4,4,4,4,4,4,4,4,4,4,4,4,4,4,4,4,4,4,4,4,4,4,4,4,4,100,,,,,,,,,,,,,,,,,,,,,,,,,,,,,,,,,,,,,,,,,,,,,,,,,,,,,,,,,,,,,,,,,,,,,,,,,,,,,,,,,,,,,,,,,,,,,,,,,,,,,,,,,,,,,,,,,,,,,,,,,,,,,,,,,,,,,,,,,,,,,,,,,,,,,,,,,,,,,,,,,,,,,,,,,,,,,,,,,,,,,,,,,,,,,,,,,,,,,,,,,,,,,,
1764665423.863678,27829,0,4389.871582,4411.410156,4515,4530.769043,4404.230957,4516.794922,4551.794922,4382.692383,4579.358887,4403.205078,4486.794922,4527.307617,4563.717773,4396.153809,4394.615234,4505.128418,4553.717773,4542.436035,4519.615234,4395.384766,4395,4573.461426,4524.358887,4497.692383,4402.179688,4594.230957,4393.077148,4562.307617,4502.94873,4409.230957,4534.615234,4516.666504,2841,1,24,768,38276,,,,0,4,4,4,4,4,4,4,4,4,4,4,4,4,4,4,4,4,4,4,4,4,4,4,4,4,4,4,4,4,4,4,4,100,,,,,,,,,,,,,,,,,,,,,,,,,,,,,,,,,,,39725,0,0.020333,-0.694031,-0.719604,-0.008789,0.990355,0.033207,0.044439,17.833334,1.5,52.5,,,,,,,,,,,,,,,,,,,,,,,,,,,,,,,,,,,,,,,,,,,,,,,,,,,,,,,,,,,,,,,,,,,,,,,,,,,,,,,,,,,,,,,,,,,,,,,,,,,,,,,,,,,,,,,,,,,,,,,,,,,,,,,,,,,,,,,,,,,,,,,,,,,,,,,,,,,,,,,,
1764665423.867584,27830,0,4393.974121,4415.512695,4522.820313,4535.512695,4409.487305,4523.589844,4555.384766,4387.05127,4579.230957,4411.794922,4490.384766,4531.282227,4568.974121,4401.153809,4399.102539,4508.077148,4558.461426,4548.846191,4528.846191,4406.538574,4405.256348,4578.077148,4526.666504,4507.563965,4405.384766,4603.846191,4398.589844,4569.615234,4504.615234,4413.717773,4542.436035,4522.179688,2945,1,24,1024,38284,,,,0,4,4,4,4,4,4,4,4,4,4,4,4,4,4,4,4,4,4,4,4,4,4,4,4,4,4,4,4,4,4,4,4,100,,,,,,,,,,,,,,,,,,,,,,,,,,,,,,,,,,,,,,,,,,,,,,,,,,,,,,,,,,,,,,,,,,,,,,,,,,,,,,,,,,,,,,,,,,,,,,,,,,,,,,,,,,,,,,,,,,,,,,,,,,,,,,,,,,,,,,,,,,,,,,,,,,,,,,,,,,,,,,,,,,,,,,,,,,,,,,,,,,,,,,,,,,,,,,,,,,,,,,,,,,,,,,
1764665423.871491,27831,0,4391.153809,4411.922852,4521.922852,4532.94873,4407.436035,4521.794922,4551.282227,4384.358887,4572.692383,4411.666504,4490.128418,4527.692383,4568.846191,4399.615234,4396.666504,4506.410156,4556.282227,4545,4527.307617,4406.410156,4406.666504,4575.641113,4523.077148,4509.230957,4399.743652,4604.871582,4396.538574,4567.307617,4502.563965,4410.128418,4539.743652,4519.230957,2859,1,24,1024,38284,,,,0,4,4,4,4,4,4,4,4,4,4,4,4,4,4,4,4,4,4,4,4,4,4,4,4,4,4,4,4,4,4,4,4,100,,,,,,,,,,,,,,,,,,,,,,,,,,,,,,,,,,,,,,,,,,,,,,,,,,,,,,,,,,,,,,,,,,,,,,,,,,,,,,,,,,,,,,,,,,,,,,,,,,,,,,,,,,,,,,,,,,,,,,,,,,,,,,,,,,,,,,,,,,,,,,,,,,,,,,,,,,,,,,,,,,,,,,,,,,,,,,,,,,,,,,,,,,,,,,,,,,,,,,,,,,,,,,
1764665423.875397,27832,0,4383.077148,4402.179688,4512.94873,4524.230957,4398.846191,4512.563965,4541.025879,4375.641113,4563.974121,4403.333496,4486.025879,4516.794922,4563.589844,4392.94873,4388.846191,4500,4547.692383,4533.974121,4517.307617,4396.666504,4400.641113,4568.589844,4515.256348,4502.05127,4390,4597.820313,4388.461426,4557.05127,4497.692383,4400.256348,4528.461426,4509.487305,2782,1,24,1280,38292,,,,0,4,4,4,4,4,4,4,4,4,4,4,4,4,4,4,4,4,4,4,4,4,4,4,4,4,4,4,4,4,4,4,4,100,,,,,,,,,,,,,,,,,,,,,,,,,,,,,,,,,,,,,,,,,,,,,,,,,,,,,,,,,,,,,,,,,,,,,,,,,,,,,,,,,,,,,,,,,,,,,,,,,,,,,,,,,,,,,,,,,,,,,,,,,,,,,,,,,,,,,,,,,,,,,,,,,,,,,,,,,,,,,,,,,,,,,,,,,,,,,,,,,,,,,,,,,,,,,,,,,,,,,,,,,,,,,,
1764665423.879304,27833,0,4376.025879,4393.846191,4503.717773,4516.922852,4391.153809,4502.563965,4532.179688,4367.436035,4560,4395,4482.179688,4505.256348,4558.717773,4387.05127,4382.05127,4492.94873,4539.487305,4524.871582,4507.05127,4386.922852,4394.102539,4563.589844,4508.974121,4492.436035,4384.230957,4589.615234,4382.179688,4547.307617,4494.358887,4392.179688,4518.077148,4501.410156,2841,1,24,1280,38292,,,,0,4,4,4,4,4,4,4,4,4,4,4,4,4,4,4,4,4,4,4,4,4,4,4,4,4,4,4,4,4,4,4,4,100,,,,,,,,,,,,,,,,,,,,,,,,,,,,,,,,,,,39726,0,0.02033,-0.694092,-0.719543,-0.008972,0.990355,0.033207,0.044439,19.5,-0.666667,53.666668,,,,,,,,,,,,,,,,,,,,,,,,,,,,,,,,,,,,,,,,,,,,,,,,,,,,,,,,,,,,,,,,,,,,,,,,,,,,,,,,,,,,,,,,,,,,,,,,,,,,,,,,,,,,,,,,,,,,,,,,,,,,,,,,,,,,,,,,,,,,,,,,,,,,,,,,,,,,,,,,
1764665423.883210,27834,0,4374.358887,4392.692383,4500.641113,4516.410156,4390.641113,4498.333496,4530.384766,4365.128418,4563.333496,4393.589844,4481.794922,4500.128418,4558.461426,4385.897461,4380.384766,4489.615234,4536.538574,4523.974121,4503.717773,4384.358887,4392.307617,4564.615234,4507.94873,4487.307617,4385.256348,4586.410156,4382.692383,4545.128418,4495.384766,4391.538574,4516.410156,4500.897461,1957,1,24,1536,38300,,,,0,4,4,4,4,4,4,4,4,4,4,4,4,4,4,4,4,4,4,4,4,4,4,4,4,4,4,4,4,4,4,4,4,100,,,,,,,,,,,,,,,,,,,,,,,,,,,,,,,,,,,,,,,,,,,,,,,2.773906,5.373294,1.103739,0.85281,1.135883,3.352303,5.665134,1.216786,1.10489,1.192114,3.372611,4.634778,1.502942,1.478424,1.371781,1.773305,3.112,1.11869,1.098061,1.167144,2.678066,5.775968,0.991649,1.159187,1.133791,3.804292,5.505787,0.920186,1.077748,1.16902,2.154217,4.011897,0.793943,1.0662,1.302672,2.622199,3.102577,0.819126,1.272059,1.198791,2.435404,2.540213,1.186636,1.057073,1.524133,1.524422,2.308923,1.483541,1.471987,1.858794,1.277826,2.160726,0.586893,0.644758,0.950941,3.416118,5.391772,1.289661,0.996661,1.297428,2.324878,6.531028,1.235463,0.812901,0.937343,0.870133,0.983091,0.518828,0.41908,0.728743,1.875005,2.095362,0.910231,0.677418,1.127841,1.25147,6.858635,1.275782,0.596756,0.539981,4.908891,11.978365,3.39267,0.854665,1.299147,2.81276,18.012981,4.096135,1.121935,1.132778,1.874387,12.570323,2.793226,0.818324,0.736212,1.779749,8.120661,2.411823,0.864518,0.874218,1.790863,9.617973,3.184145,1.000727,1.067224,3.448895,15.502604,4.574704,1.180411,1.140734,2.215994,6.460426,1.425755,0.829499,1.117828,2.430483,5.981827,2.118858,1.160417,1.080832,1.979059,5.523829,2.015223,1.76452,1.784501,1.270627,2.39,0.893882,0.853426,1.01673,1.893915,4.885015,1.634482,1.151094,1.310601,3.129852,6.132313,1.580217,1.129306,1.401473,1.564572,2.89496,0.526698,0.552301,0.626719,2.860794,5.295792,0.934267,1.328688,1.235528,2.447964,4.269637,1.159711,1.137489,1.173609,2.661328,4.395004,1.136425,1.206329,1.387083
1764665423.887116,27835,0,4376.794922,4396.922852,4502.563965,4520.897461,4396.153809,4499.871582,4534.230957,4367.820313,4569.871582,4398.589844,4484.102539,4502.94873,4561.538574,4388.717773,4383.461426,4491.025879,4537.692383,4529.615234,4507.436035,4388.077148,4394.487305,4568.589844,4510.769043,4488.205078,4388.589844,4587.692383,4387.307617,4549.743652,4499.102539,4396.153809,4521.922852,4505.897461,2656,1,24,1536,38300,,,,0,4,4,4,4,4,4,4,4,4,4,4,4,4,4,4,4,4,4,4,4,4,4,4,4,4,4,4,4,4,4,4,4,100,,,,,,,,,,,,,,,,,,,,,,,,,,,,,,,,,,,,,,,,,,,,,,,,,,,,,,,,,,,,,,,,,,,,,,,,,,,,,,,,,,,,,,,,,,,,,,,,,,,,,,,,,,,,,,,,,,,,,,,,,,,,,,,,,,,,,,,,,,,,,,,,,,,,,,,,,,,,,,,,,,,,,,,,,,,,,,,,,,,,,,,,,,,,,,,,,,,,,,,,,,,,,,
1764665423.891023,27836,0,4377.820313,4399.743652,4503.717773,4523.717773,4400.128418,4501.794922,4537.05127,4369.615234,4572.692383,4402.436035,4485.128418,4508.717773,4562.436035,4391.153809,4386.922852,4493.974121,4537.563965,4534.871582,4512.563965,4391.025879,4395.384766,4568.717773,4512.563965,4490.769043,4386.794922,4588.205078,4388.846191,4554.102539,4500.512695,4398.717773,4526.153809,4509.102539,2717,1,24,1792,38308,,,,0,4,4,4,4,4,4,4,4,4,4,4,4,4,4,4,4,4,4,4,4,4,4,4,4,4,4,4,4,4,4,4,4,100,,,,,,,,,,,,,,,,,,,,,,,,,,,,,,,,,,,,,,,,,,,,,,,,,,,,,,,,,,,,,,,,,,,,,,,,,,,,,,,,,,,,,,,,,,,,,,,,,,,,,,,,,,,,,,,,,,,,,,,,,,,,,,,,,,,,,,,,,,,,,,,,,,,,,,,,,,,,,,,,,,,,,,,,,,,,,,,,,,,,,,,,,,,,,,,,,,,,,,,,,,,,,,
1764665423.894929,27837,0,4373.205078,4395.256348,4498.205078,4519.615234,4396.153809,4498.846191,4533.717773,4365.384766,4567.307617,4397.436035,4481.538574,4510.769043,4557.05127,4389.487305,4386.922852,4494.871582,4532.307617,4533.974121,4512.94873,4386.922852,4391.025879,4561.153809,4509.358887,4489.615234,4376.794922,4582.563965,4381.666504,4551.538574,4496.025879,4393.717773,4521.794922,4503.974121,2551,1,24,1792,38308,,,,0,4,4,4,4,4,4,4,4,4,4,4,4,4,4,4,4,4,4,4,4,4,4,4,4,4,4,4,4,4,4,4,4,100,,,,,,,,,,,,,,,,,,,,,,,,,,,,,,,,,,,39727,0,0.020303,-0.694092,-0.719543,-0.009033,0.998169,0.022464,0.03223,16.833334,1.333333,53,,,,,,,,,,,,,,,,,,,,,,,,,,,,,,,,,,,,,,,,,,,,,,,,,,,,,,,,,,,,,,,,,,,,,,,,,,,,,,,,,,,,,,,,,,,,,,,,,,,,,,,,,,,,,,,,,,,,,,,,,,,,,,,,,,,,,,,,,,,,,,,,,,,,,,,,,,,,,,,,
1764665423.898836,27838,0,4363.589844,4384.102539,4485.512695,4508.205078,4384.230957,4490.256348,4524.615234,4355,4555.256348,4382.820313,4473.461426,4506.538574,4546.282227,4383.846191,4382.820313,4492.307617,4523.589844,4527.05127,4507.820313,4375.897461,4382.05127,4548.846191,4501.538574,4483.333496,4362.307617,4570.897461,4367.94873,4541.922852,4486.538574,4382.05127,4507.94873,4490.384766,2679,1,24,2048,38316,,,,0,4,4,4,4,4,4,4,4,4,4,4,4,4,4,4,4,4,4,4,4,4,4,4,4,4,4,4,4,4,4,4,4,100,,,,,,,,,,,,,,,,,,,,,,,,,,,,,,,,,,,,,,,,,,,,,,,,,,,,,,,,,,,,,,,,,,,,,,,,,,,,,,,,,,,,,,,,,,,,,,,,,,,,,,,,,,,,,,,,,,,,,,,,,,,,,,,,,,,,,,,,,,,,,,,,,,,,,,,,,,,,,,,,,,,,,,,,,,,,,,,,,,,,,,,,,,,,,,,,,,,,,,,,,,,,,,
1764665423.902742,27839,0,4354.615234,4372.692383,4471.282227,4495.641113,4371.666504,4481.025879,4516.025879,4344.615234,4543.461426,4367.179688,4465.512695,4499.743652,4536.538574,4377.820313,4377.94873,4488.717773,4517.307617,4519.358887,4500.897461,4364.487305,4373.461426,4538.974121,4493.717773,4475.897461,4351.410156,4558.461426,4355.384766,4531.282227,4477.563965,4371.025879,4491.922852,4475.128418,2843,1,24,2048,38316,,,,0,4,4,4,4,4,4,4,4,4,4,4,4,4,4,4,4,4,4,4,4,4,4,4,4,4,4,4,4,4,4,4,4,100,,,,,,,,,,,,,,,,,,,,,,,,,,,,,,,,,,,,,,,,,,,,,,,,,,,,,,,,,,,,,,,,,,,,,,,,,,,,,,,,,,,,,,,,,,,,,,,,,,,,,,,,,,,,,,,,,,,,,,,,,,,,,,,,,,,,,,,,,,,,,,,,,,,,,,,,,,,,,,,,,,,,,,,,,,,,,,,,,,,,,,,,,,,,,,,,,,,,,,,,,,,,,,
1764665423.906649,27840,0,4353.205078,4369.230957,4465.128418,4491.282227,4367.94873,4477.692383,4515.384766,4342.436035,4539.743652,4361.666504,4463.461426,4497.179688,4535.128418,4375.769043,4377.05127,4487.820313,4518.077148,4516.794922,4497.179688,4360.384766,4370.512695,4537.563965,4491.410156,4473.205078,4351.410156,4553.333496,4352.563965,4527.94873,4475.256348,4368.461426,4484.230957,4467.692383,2780,1,24,2304,38323,,,,0,4,4,4,4,4,4,4,4,4,4,4,4,4,4,4,4,4,4,4,4,4,4,4,4,4,4,4,4,4,4,4,4,100,,,,,,,,,,,,,,,,,,,,,,,,,,,,,,,,,,,,,,,,,,,,,,,,,,,,,,,,,,,,,,,,,,,,,,,,,,,,,,,,,,,,,,,,,,,,,,,,,,,,,,,,,,,,,,,,,,,,,,,,,,,,,,,,,,,,,,,,,,,,,,,,,,,,,,,,,,,,,,,,,,,,,,,,,,,,,,,,,,,,,,,,,,,,,,,,,,,,,,,,,,,,,,
1764665423.910555,27841,0,4361.794922,4377.436035,4473.205078,4499.743652,4377.179688,4483.974121,4525.256348,4352.820313,4547.436035,4371.922852,4470.384766,4502.563965,4544.743652,4379.230957,4382.692383,4491.538574,4526.410156,4521.410156,4498.077148,4365.897461,4374.230957,4545,4496.025879,4477.563965,4363.589844,4559.230957,4362.05127,4534.871582,4481.282227,4376.794922,4490.641113,4473.846191,2945,1,24,2304,38323,,,,0,4,4,4,4,4,4,4,4,4,4,4,4,4,4,4,4,4,4,4,4,4,4,4,4,4,4,4,4,4,4,4,4,100,,,,,,,,,,,,,,,,,,,,,,,,,,,,,,,,,,,39728,0,0.02033,-0.694092,-0.719543,-0.008972,1.001587,0.030277,0.038091,19.166666,0.333333,53.333332,,,,,,,,,,,,,,,,,,,,,,,,,,,,,,,,,,,,,,,,,,,,,,,,,,,,,,,,,,,,,,,,,,,,,,,,,,,,,,,,,,,,,,,,,,,,,,,,,,,,,,,,,,,,,,,,,,,,,,,,,,,,,,,,,,,,,,,,,,,,,,,,,,,,,,,,,,,,,,,,
1764665423.914462,27842,0,4375.769043,4392.820313,4492.692383,4517.692383,4394.487305,4496.794922,4540.897461,4371.922852,4562.436035,4392.307617,4482.692383,4513.205078,4559.743652,4386.025879,4392.05127,4498.589844,4537.307617,4529.743652,4501.410156,4376.153809,4381.153809,4555.512695,4504.743652,4486.282227,4382.94873,4572.820313,4378.077148,4547.563965,4491.666504,4391.410156,4507.692383,4491.153809,2614,1,24,1280,38331,,,,0,4,4,4,4,4,4,4,4,4,4,4,4,4,4,4,4,4,4,4,4,4,4,4,4,4,4,4,4,4,4,4,4,100,,,,,,,,,,,,,,,,,,,,,,,,,,,,,,,,,,,,,,,,,,,,,,,,,,,,,,,,,,,,,,,,,,,,,,,,,,,,,,,,,,,,,,,,,,,,,,,,,,,,,,,,,,,,,,,,,,,,,,,,,,,,,,,,,,,,,,,,,,,,,,,,,,,,,,,,,,,,,,,,,,,,,,,,,,,,,,,,,,,,,,,,,,,,,,,,,,,,,,,,,,,,,,
1764665423.918368,27843,0,4386.922852,4406.922852,4513.461426,4535,4409.743652,4508.974121,4553.589844,4390,4576.282227,4410.769043,4493.461426,4522.94873,4571.153809,4392.692383,4399.102539,4505.512695,4544.487305,4536.025879,4503.974121,4383.846191,4386.153809,4562.436035,4512.820313,4493.461426,4400.128418,4585.897461,4391.282227,4557.94873,4500.128418,4404.102539,4524.230957,4509.743652,2880,1,24,1280,38331,,,,0,4,4,4,4,4,4,4,4,4,4,4,4,4,4,4,4,4,4,4,4,4,4,4,4,4,4,4,4,4,4,4,4,100,,,,,,,,,,,,,,,,,,,,,,,,,,,,,,,,,,,,,,,,,,,,,,,,,,,,,,,,,,,,,,,,,,,,,,,,,,,,,,,,,,,,,,,,,,,,,,,,,,,,,,,,,,,,,,,,,,,,,,,,,,,,,,,,,,,,,,,,,,,,,,,,,,,,,,,,,,,,,,,,,,,,,,,,,,,,,,,,,,,,,,,,,,,,,,,,,,,,,,,,,,,,,,
1764665423.922275,27844,0,4390.384766,4413.077148,4524.487305,4542.94873,4415.512695,4514.230957,4557.05127,4397.94873,4582.307617,4417.692383,4497.820313,4527.307617,4573.461426,4396.794922,4400.512695,4509.487305,4545.128418,4536.922852,4504.487305,4384.615234,4386.794922,4562.94873,4517.563965,4495.769043,4407.563965,4591.538574,4394.871582,4561.282227,4503.077148,4408.461426,4530.512695,4519.743652,2771,1,24,256,38339,,,,0,4,4,4,4,4,4,4,4,4,4,4,4,4,4,4,4,4,4,4,4,4,4,4,4,4,4,4,4,4,4,4,4,100,,,,,,,,,,,,,,,,,,,,,,,,,,,,,,,,,,,,,,,,,,,,,,,,,,,,,,,,,,,,,,,,,,,,,,,,,,,,,,,,,,,,,,,,,,,,,,,,,,,,,,,,,,,,,,,,,,,,,,,,,,,,,,,,,,,,,,,,,,,,,,,,,,,,,,,,,,,,,,,,,,,,,,,,,,,,,,,,,,,,,,,,,,,,,,,,,,,,,,,,,,,,,,
1764665423.926181,27845,0,4387.05127,4409.871582,4521.922852,4538.846191,4411.153809,4511.025879,4551.538574,4393.333496,4578.846191,4411.538574,4495.128418,4526.666504,4568.077148,4397.820313,4397.179688,4509.743652,4541.666504,4532.94873,4503.717773,4379.358887,4383.589844,4559.102539,4518.589844,4493.333496,4403.333496,4587.820313,4388.974121,4558.077148,4501.025879,4404.230957,4524.487305,4516.794922,2804,1,24,256,38339,,,,0,4,4,4,4,4,4,4,4,4,4,4,4,4,4,4,4,4,4,4,4,4,4,4,4,4,4,4,4,4,4,4,4,100,,,,,,,,,,,,,,,,,,,,,,,,,,,,,,,,,,,39729,0,0.020253,-0.694031,-0.719604,-0.008972,0.989867,0.043462,0.031742,18.333334,-0.333333,53.333332,,,,,,,,,,,,,,,,,,,,,,,,,,,,,,,,,,,,,,,,,,,,,,,,,,,,,,,,,,,,,,,,,,,,,,,,,,,,,,,,,,,,,,,,,,,,,,,,,,,,,,,,,,,,,,,,,,,,,,,,,,,,,,,,,,,,,,,,,,,,,,,,,,,,,,,,,,,,,,,,
1764665423.930088,27846,0,4381.025879,4400.897461,4509.871582,4526.666504,4401.153809,4502.692383,4542.307617,4380.384766,4568.717773,4398.974121,4488.205078,4524.102539,4560.256348,4395.897461,4392.94873,4507.692383,4538.461426,4527.05127,4501.922852,4371.922852,4378.205078,4554.358887,4516.666504,4488.846191,4391.538574,4577.820313,4378.333496,4552.563965,4496.922852,4395.384766,4512.692383,4504.615234,2812,1,24,512,38347,,,,0,4,4,4,4,4,4,4,4,4,4,4,4,4,4,4,4,4,4,4,4,4,4,4,4,4,4,4,4,4,4,4,4,100,,,,,,,,,,,,,,,,,,,,,,,,,,,,,,,,,,,,,,,,,,,,,,,,,,,,,,,,,,,,,,,,,,,,,,,,,,,,,,,,,,,,,,,,,,,,,,,,,,,,,,,,,,,,,,,,,,,,,,,,,,,,,,,,,,,,,,,,,,,,,,,,,,,,,,,,,,,,,,,,,,,,,,,,,,,,,,,,,,,,,,,,,,,,,,,,,,,,,,,,,,,,,,
1764665423.933994,27847,0,4376.153809,4391.538574,4496.538574,4513.974121,4391.538574,4494.102539,4534.615234,4367.179688,4556.282227,4388.077148,4481.025879,4522.179688,4555,4391.153809,4390.384766,4504.871582,4538.461426,4522.436035,4499.871582,4365.641113,4372.179688,4551.282227,4513.846191,4485.128418,4379.487305,4567.436035,4369.102539,4548.333496,4493.589844,4387.436035,4503.717773,4490.769043,2997,1,24,512,38347,,,,0,4,4,4,4,4,4,4,4,4,4,4,4,4,4,4,4,4,4,4,4,4,4,4,4,4,4,4,4,4,4,4,4,100,,,,,,,,,,,,,,,,,,,,,,,,,,,,,,,,,,,,,,,,,,,,,,,,,,,,,,,,,,,,,,,,,,,,,,,,,,,,,,,,,,,,,,,,,,,,,,,,,,,,,,,,,,,,,,,,,,,,,,,,,,,,,,,,,,,,,,,,,,,,,,,,,,,,,,,,,,,,,,,,,,,,,,,,,,,,,,,,,,,,,,,,,,,,,,,,,,,,,,,,,,,,,,
1764665423.937901,27848,0,4375,4387.307617,4489.871582,4507.820313,4387.563965,4490.384766,4531.410156,4360.897461,4546.794922,4383.846191,4477.05127,4521.922852,4553.974121,4384.871582,4390.256348,4502.94873,4541.666504,4521.410156,4498.205078,4362.179688,4367.820313,4551.410156,4512.94873,4485,4373.846191,4562.563965,4366.282227,4548.333496,4492.820313,4384.871582,4503.717773,4483.717773,2885,1,24,512,38355,,,,0,4,4,4,4,4,4,4,4,4,4,4,4,4,4,4,4,4,4,4,4,4,4,4,4,4,4,4,4,4,4,4,4,100,,,,,,,,,,,,,,,,,,,,,,,,,,,,,,,,,,,,,,,,,,,,,,,,,,,,,,,,,,,,,,,,,,,,,,,,,,,,,,,,,,,,,,,,,,,,,,,,,,,,,,,,,,,,,,,,,,,,,,,,,,,,,,,,,,,,,,,,,,,,,,,,,,,,,,,,,,,,,,,,,,,,,,,,,,,,,,,,,,,,,,,,,,,,,,,,,,,,,,,,,,,,,,
1764665423.941807,27849,0,4378.717773,4390.769043,4493.205078,4511.410156,4391.282227,4493.974121,4532.692383,4364.102539,4544.487305,4386.410156,4479.102539,4523.717773,4557.05127,4380.256348,4391.666504,4502.94873,4546.794922,4524.230957,4497.94873,4362.692383,4367.820313,4555.769043,4516.282227,4489.358887,4376.922852,4566.153809,4371.538574,4553.333496,4495.512695,4389.615234,4512.179688,4487.692383,2734,1,24,512,38355,,,,0,4,4,4,4,4,4,4,4,4,4,4,4,4,4,4,4,4,4,4,4,4,4,4,4,4,4,4,4,4,4,4,4,100,,,,,,,,,,,,,,,,,,,,,,,,,,,,,,,,,,,39730,0,0.020198,-0.694031,-0.719604,-0.009094,1.006471,0.033207,0.041997,18.333334,0.666667,54.166668,,,,,,,,,,,,,,,,,,,,,,,,,,,,,,,,,,,,,,,,,,,,,,,,,,,,,,,,,,,,,,,,,,,,,,,,,,,,,,,,,,,,,,,,,,,,,,,,,,,,,,,,,,,,,,,,,,,,,,,,,,,,,,,,,,,,,,,,,,,,,,,,,,,,,,,,,,,,,,,,
1764665423.945714,27850,0,4386.282227,4399.871582,4503.974121,4521.794922,4401.025879,4502.820313,4536.538574,4374.230957,4550.512695,4391.666504,4486.282227,4526.410156,4562.692383,4379.358887,4393.846191,4505.256348,4551.922852,4529.615234,4499.358887,4366.538574,4373.333496,4563.589844,4523.461426,4496.538574,4384.871582,4575.384766,4382.179688,4561.666504,4500.641113,4399.487305,4523.717773,4500.128418,1888,1,24,768,38362,,,,0,4,4,4,4,4,4,4,4,4,4,4,4,4,4,4,4,4,4,4,4,4,4,4,4,4,4,4,4,4,4,4,4,100,,,,,,,,,,,,,,,,,,,,,,,,,,,,,,,,,,,,,,,,,,,,,,,,,,,,,,,,,,,,,,,,,,,,,,,,,,,,,,,,,,,,,,,,,,,,,,,,,,,,,,,,,,,,,,,,,,,,,,,,,,,,,,,,,,,,,,,,,,,,,,,,,,,,,,,,,,,,,,,,,,,,,,,,,,,,,,,,,,,,,,,,,,,,,,,,,,,,,,,,,,,,,,
1764665423.949620,27851,0,4394.743652,4408.974121,4515.128418,4531.922852,4411.538574,4511.922852,4541.025879,4384.487305,4561.538574,4395.128418,4494.615234,4528.717773,4568.333496,4381.922852,4394.615234,4508.461426,4555.897461,4534.871582,4502.436035,4372.307617,4382.05127,4572.563965,4531.025879,4502.563965,4391.538574,4583.846191,4392.179688,4570.128418,4505.769043,4408.974121,4531.794922,4513.461426,2699,1,24,768,38362,,,,0,4,4,4,4,4,4,4,4,4,4,4,4,4,4,4,4,4,4,4,4,4,4,4,4,4,4,4,4,4,4,4,4,100,,,,,,,,,,,,,,,,,,,,,,,,,,,,,,,,,,,,,,,,,,,,,,,,,,,,,,,,,,,,,,,,,,,,,,,,,,,,,,,,,,,,,,,,,,,,,,,,,,,,,,,,,,,,,,,,,,,,,,,,,,,,,,,,,,,,,,,,,,,,,,,,,,,,,,,,,,,,,,,,,,,,,,,,,,,,,,,,,,,,,,,,,,,,,,,,,,,,,,,,,,,,,,
1764665423.953527,27852,0,4400.384766,4413.077148,4519.615234,4535.256348,4417.436035,4516.282227,4544.102539,4388.974121,4570.512695,4394.487305,4498.717773,4529.615234,4571.538574,4384.743652,4392.179688,4509.615234,4557.692383,4537.436035,4506.666504,4377.692383,4390,4579.230957,4535.256348,4504.615234,4392.179688,4586.153809,4396.410156,4575.256348,4508.205078,4412.820313,4532.94873,4519.871582,2498,1,24,256,38370,,,,0,4,4,4,4,4,4,4,4,4,4,4,4,4,4,4,4,4,4,4,4,4,4,4,4,4,4,4,4,4,4,4,4,100,,,,,,,,,,,,,,,,,,,,,,,,,,,,,,,,,,,,,,,,,,,,,,,,,,,,,,,,,,,,,,,,,,,,,,,,,,,,,,,,,,,,,,,,,,,,,,,,,,,,,,,,,,,,,,,,,,,,,,,,,,,,,,,,,,,,,,,,,,,,,,,,,,,,,,,,,,,,,,,,,,,,,,,,,,,,,,,,,,,,,,,,,,,,,,,,,,,,,,,,,,,,,,
1764665423.957433,27853,0,4400.897461,4410.128418,4515.384766,4530.769043,4416.282227,4514.871582,4544.230957,4386.282227,4571.922852,4391.282227,4496.153809,4528.846191,4570.512695,4384.871582,4386.153809,4506.922852,4556.666504,4535.897461,4511.025879,4381.538574,4394.230957,4581.153809,4534.102539,4503.077148,4387.820313,4581.538574,4393.846191,4576.025879,4507.05127,4409.487305,4528.333496,4516.794922,2208,1,24,256,38370,,,,0,4,4,4,4,4,4,4,4,4,4,4,4,4,4,4,4,4,4,4,4,4,4,4,4,4,4,4,4,4,4,4,4,100,,,,,,,,,,,,,,,,,,,,,,,,,,,,,,,,,,,39731,0,0.020198,-0.694031,-0.719604,-0.009094,1.003541,0.031742,0.054694,18.333334,-0.666667,54.5,,,,,,,,,,,,,,,,,,,,,,,,,,,,,,,,,,,,,,,,,,,,,,,,,,,,,,,,,,,,,,,,,,,,,,,,,,,,,,,,,,,,,,,,,,,,,,,,,,,,,,,,,,,,,,,,,,,,,,,,,,,,,,,,,,,,,,,,,,,,,,,,,,,,,,,,,,,,,,,,
1764665423.961340,27854,0,4396.666504,4402.94873,4506.025879,4523.077148,4409.871582,4510.769043,4541.666504,4379.230957,4565.256348,4388.589844,4489.358887,4527.179688,4565.769043,4382.179688,4378.717773,4501.153809,4553.589844,4532.05127,4514.358887,4383.333496,4395.384766,4578.717773,4528.974121,4500.897461,4383.846191,4574.230957,4387.94873,4573.205078,4503.333496,4402.436035,4522.436035,4507.179688,2716,1,24,512,38378,,,,0,4,4,4,4,4,4,4,4,4,4,4,4,4,4,4,4,4,4,4,4,4,4,4,4,4,4,4,4,4,4,4,4,100,,,,,,,,,,,,,,,,,,,,,,,,,,,,,,,,,,,,,,,,,,,,,,,,,,,,,,,,,,,,,,,,,,,,,,,,,,,,,,,,,,,,,,,,,,,,,,,,,,,,,,,,,,,,,,,,,,,,,,,,,,,,,,,,,,,,,,,,,,,,,,,,,,,,,,,,,,,,,,,,,,,,,,,,,,,,,,,,,,,,,,,,,,,,,,,,,,,,,,,,,,,,,,
1764665423.965246,27855,0,4390.384766,4396.282227,4498.077148,4518.205078,4402.692383,4507.820313,4538.205078,4373.205078,4556.025879,4388.589844,4482.563965,4525.128418,4559.871582,4379.102539,4374.230957,4496.025879,4550.256348,4528.974121,4516.025879,4384.102539,4396.538574,4574.743652,4524.102539,4500.256348,4384.871582,4569.487305,4383.205078,4569.358887,4499.102539,4396.410156,4519.358887,4497.563965,2495,1,24,512,38378,,,,0,4,4,4,4,4,4,4,4,4,4,4,4,4,4,4,4,4,4,4,4,4,4,4,4,4,4,4,4,4,4,4,4,100,,,,,,,,,,,,,,,,,,,,,,,,,,,,,,,,,,,,,,,,,,,,,,,,,,,,,,,,,,,,,,,,,,,,,,,,,,,,,,,,,,,,,,,,,,,,,,,,,,,,,,,,,,,,,,,,,,,,,,,,,,,,,,,,,,,,,,,,,,,,,,,,,,,,,,,,,,,,,,,,,,,,,,,,,,,,,,,,,,,,,,,,,,,,,,,,,,,,,,,,,,,,,,
1764665423.969153,27856,0,4385.512695,4394.230957,4496.538574,4519.487305,4398.846191,4508.205078,4536.410156,4372.563965,4551.153809,4391.922852,4478.974121,4523.589844,4556.153809,4378.846191,4376.282227,4495.384766,4549.358887,4529.871582,4516.153809,4385.897461,4400.256348,4572.820313,4523.333496,4501.922852,4391.538574,4570.256348,4382.820313,4566.410156,4496.666504,4395,4520.256348,4493.205078,2869,1,24,768,38386,,,,0,4,4,4,4,4,4,4,4,4,4,4,4,4,4,4,4,4,4,4,4,4,4,4,4,4,4,4,4,4,4,4,4,100,,,,,,,,,,,,,,,,,,,,,,,,,,,,,,,,,,,,,,,,,,,,,,,,,,,,,,,,,,,,,,,,,,,,,,,,,,,,,,,,,,,,,,,,,,,,,,,,,,,,,,,,,,,,,,,,,,,,,,,,,,,,,,,,,,,,,,,,,,,,,,,,,,,,,,,,,,,,,,,,,,,,,,,,,,,,,,,,,,,,,,,,,,,,,,,,,,,,,,,,,,,,,,
1764665423.973059,27857,0,4384.358887,4397.563965,4501.538574,4525,4400.128418,4510.769043,4537.692383,4377.692383,4553.461426,4396.666504,4478.846191,4523.461426,4556.410156,4382.307617,4384.487305,4500.256348,4551.538574,4535.384766,4515.769043,4390.128418,4406.153809,4574.358887,4526.794922,4505,4399.230957,4575.384766,4385.769043,4565.128418,4497.179688,4397.692383,4523.077148,4494.871582,2928,1,24,768,38386,,,,0,4,4,4,4,4,4,4,4,4,4,4,4,4,4,4,4,4,4,4,4,4,4,4,4,4,4,4,4,4,4,4,4,100,,,,,,,,,,,,,,,,,,,,,,,,,,,,,,,,,,,39732,0,0.020087,-0.694031,-0.719604,-0.009338,0.990844,0.035649,0.036626,19.333334,-0.166667,55.166668,,,,,,,,,,,,,,,,,,,,,,,,,,,,,,,,,,,,,,,,,,,,,,,,,,,,,,,,,,,,,,,,,,,,,,,,,,,,,,,,,,,,,,,,,,,,,,,,,,,,,,,,,,,,,,,,,,,,,,,,,,,,,,,,,,,,,,,,,,,,,,,,,,,,,,,,,,,,,,,,
1764665423.976966,27858,0,4385.769043,4402.563965,4508.333496,4529.871582,4403.974121,4512.820313,4540.641113,4384.358887,4560.128418,4400,4479.487305,4524.743652,4558.974121,4386.153809,4393.846191,4507.179688,4554.358887,4541.922852,4515.256348,4395.128418,4410.641113,4577.05127,4530.897461,4507.692383,4403.333496,4580,4388.461426,4564.230957,4499.615234,4400.512695,4523.589844,4498.717773,1772,1,24,1024,38394,,,,0,4,4,4,4,4,4,4,4,4,4,4,4,4,4,4,4,4,4,4,4,4,4,4,4,4,4,4,4,4,4,4,4,100,,,,,,,,,,,,,,,,,,,,,,,,,,,,,,,,,,,,,,,,,,,,,,,,,,,,,,,,,,,,,,,,,,,,,,,,,,,,,,,,,,,,,,,,,,,,,,,,,,,,,,,,,,,,,,,,,,,,,,,,,,,,,,,,,,,,,,,,,,,,,,,,,,,,,,,,,,,,,,,,,,,,,,,,,,,,,,,,,,,,,,,,,,,,,,,,,,,,,,,,,,,,,,
1764665423.980872,27859,0,4386.666504,4404.615234,4510.897461,4529.871582,4405.897461,4511.666504,4542.563965,4387.692383,4565.128418,4400.256348,4478.717773,4525.641113,4560.512695,4386.666504,4397.820313,4510.897461,4554.230957,4544.358887,4513.846191,4398.205078,4410.641113,4577.307617,4530.641113,4507.436035,4402.05127,4580,4386.794922,4561.794922,4501.153809,4398.846191,4518.974121,4499.615234,2943,1,24,1024,38394,,,,0,4,4,4,4,4,4,4,4,4,4,4,4,4,4,4,4,4,4,4,4,4,4,4,4,4,4,4,4,4,4,4,4,100,,,,,,,,,,,,,,,,,,,,,,,,,,,,,,,,,,,,,,,,,,,,,,,,,,,,,,,,,,,,,,,,,,,,,,,,,,,,,,,,,,,,,,,,,,,,,,,,,,,,,,,,,,,,,,,,,,,,,,,,,,,,,,,,,,,,,,,,,,,,,,,,,,,,,,,,,,,,,,,,,,,,,,,,,,,,,,,,,,,,,,,,,,,,,,,,,,,,,,,,,,,,,,
1764665423.984779,27860,0,4384.743652,4401.282227,4507.179688,4525.512695,4403.846191,4507.563965,4541.538574,4385.384766,4564.743652,4397.563965,4476.538574,4523.974121,4559.743652,4382.692383,4394.230957,4509.230957,4549.871582,4541.153809,4511.410156,4397.307617,4405.769043,4573.461426,4525.512695,4503.846191,4397.05127,4575,4380.384766,4557.05127,4500.512695,4392.05127,4510.769043,4495.897461,2540,1,24,1280,38401,,,,0,4,4,4,4,4,4,4,4,4,4,4,4,4,4,4,4,4,4,4,4,4,4,4,4,4,4,4,4,4,4,4,4,100,,,,,,,,,,,,,,,,,,,,,,,,,,,,,,,,,,,,,,,,,,,,,,,,,,,,,,,,,,,,,,,,,,,,,,,,,,,,,,,,,,,,,,,,,,,,,,,,,,,,,,,,,,,,,,,,,,,,,,,,,,,,,,,,,,,,,,,,,,,,,,,,,,,,,,,,,,,,,,,,,,,,,,,,,,,,,,,,,,,,,,,,,,,,,,,,,,,,,,,,,,,,,,
1764665423.988685,27861,0,4380.897461,4394.615234,4499.743652,4520.512695,4399.102539,4502.563965,4538.461426,4379.871582,4560.256348,4393.589844,4475,4520.256348,4557.692383,4377.692383,4386.666504,4504.871582,4543.717773,4535.769043,4509.487305,4393.461426,4399.102539,4567.94873,4519.230957,4499.102539,4390.384766,4568.717773,4373.077148,4551.282227,4498.589844,4383.333496,4503.589844,4490.384766,2822,1,24,1280,38401,,,,0,4,4,4,4,4,4,4,4,4,4,4,4,4,4,4,4,4,4,4,4,4,4,4,4,4,4,4,4,4,4,4,4,100,,,,,,,,,,,,,,,,,,,,,,,,,,,,,,,,,,,39733,0,0.020058,-0.694031,-0.719604,-0.009399,0.982542,0.033696,0.029789,19.5,0.333333,55,,,,,,,,,,,,,,,,,,,,,,,,,,,,,,,,,,,,,,,,,,,,,,,,,,,,,,,,,,,,,,,,,,,,,,,,,,,,,,,,,,,,,,,,,,,,,,,,,,,,,,,,,,,,,,,,,,,,,,,,,,,,,,,,,,,,,,,,,,,,,,,,,,,,,,,,,,,,,,,,
1764665423.992592,27862,0,4378.461426,4389.487305,4494.230957,4519.102539,4395.512695,4499.743652,4536.025879,4375.641113,4556.410156,4389.871582,4476.410156,4517.820313,4557.05127,4376.538574,4381.922852,4503.846191,4540.512695,4533.589844,4510.256348,4389.743652,4394.615234,4564.871582,4516.410156,4496.410156,4382.436035,4565.769043,4370.256348,4547.563965,4497.820313,4378.333496,4501.794922,4487.179688,2924,1,24,1536,38409,,,,0,4,4,4,4,4,4,4,4,4,4,4,4,4,4,4,4,4,4,4,4,4,4,4,4,4,4,4,4,4,4,4,4,100,,,,,,,,,,,,,,,,,,,,,,,,,,,,,,,,,,,,,,,,,,,,,,,,,,,,,,,,,,,,,,,,,,,,,,,,,,,,,,,,,,,,,,,,,,,,,,,,,,,,,,,,,,,,,,,,,,,,,,,,,,,,,,,,,,,,,,,,,,,,,,,,,,,,,,,,,,,,,,,,,,,,,,,,,,,,,,,,,,,,,,,,,,,,,,,,,,,,,,,,,,,,,,
1764665423.996498,27863,0,4380,4390,4494.102539,4522.563965,4396.025879,4500.769043,4536.922852,4375.512695,4557.307617,4387.94873,4481.025879,4519.615234,4559.871582,4381.282227,4384.615234,4509.102539,4543.077148,4537.692383,4513.717773,4388.461426,4394.230957,4566.666504,4518.846191,4497.307617,4373.333496,4568.846191,4374.615234,4548.461426,4499.487305,4380.512695,4506.282227,4488.717773,2837,1,24,1536,38409,,,,0,4,4,4,4,4,4,4,4,4,4,4,4,4,4,4,4,4,4,4,4,4,4,4,4,4,4,4,4,4,4,4,4,100,,,,,,,,,,,,,,,,,,,,,,,,,,,,,,,,,,,,,,,,,,,,,,,,,,,,,,,,,,,,,,,,,,,,,,,,,,,,,,,,,,,,,,,,,,,,,,,,,,,,,,,,,,,,,,,,,,,,,,,,,,,,,,,,,,,,,,,,,,,,,,,,,,,,,,,,,,,,,,,,,,,,,,,,,,,,,,,,,,,,,,,,,,,,,,,,,,,,,,,,,,,,,,
1764665424.000405,27864,0,4385.769043,4396.153809,4499.487305,4528.333496,4400.512695,4505.384766,4541.282227,4378.717773,4562.820313,4388.589844,4486.666504,4525.769043,4566.153809,4389.871582,4393.589844,4518.717773,4550.128418,4546.282227,4517.436035,4389.230957,4396.794922,4571.410156,4523.846191,4500.897461,4365.512695,4575.897461,4383.846191,4553.717773,4503.077148,4388.717773,4514.743652,4494.615234,2756,1,24,1792,38417,,,,0,4,4,4,4,4,4,4,4,4,4,4,4,4,4,4,4,4,4,4,4,4,4,4,4,4,4,4,4,4,4,4,4,100,,,,,,,,,,,,,,,,,,,,,,,,,,,,,,,,,,,,,,,,,,,,,,,,,,,,,,,,,,,,,,,,,,,,,,,,,,,,,,,,,,,,,,,,,,,,,,,,,,,,,,,,,,,,,,,,,,,,,,,,,,,,,,,,,,,,,,,,,,,,,,,,,,,,,,,,,,,,,,,,,,,,,,,,,,,,,,,,,,,,,,,,,,,,,,,,,,,,,,,,,,,,,,
1764665424.004311,27865,0,4393.077148,4403.846191,4506.153809,4531.794922,4405.128418,4511.538574,4546.410156,4382.563965,4568.846191,4392.05127,4490.256348,4532.563965,4573.077148,4396.794922,4402.820313,4526.282227,4557.307617,4553.717773,4518.717773,4389.743652,4399.102539,4574.615234,4527.436035,4504.102539,4363.589844,4582.179688,4391.922852,4560.128418,4506.282227,4397.692383,4522.94873,4502.563965,2819,1,24,1792,38417,,,,0,4,4,4,4,4,4,4,4,4,4,4,4,4,4,4,4,4,4,4,4,4,4,4,4,4,4,4,4,4,4,4,4,100,,,,,,,,,,,,,,,,,,,,,,,,,,,,,,,,,,,39734,0,0.017757,-0.694092,-0.719604,-0.009521,0.982542,0.033696,0.029789,19.333334,-0.833333,54.333332,,,,,,,,,,,,,,,,,,,,,,,,,,,,,,,,,,,,,,,,,,,,,,,,,,,,,,,,,,,,,,,,,,,,,,,,,,,,,,,,,,,,,,,,,,,,,,,,,,,,,,,,,,,,,,,,,,,,,,,,,,,,,,,,,,,,,,,,,,,,,,,,,,,,,,,,,,,,,,,,
1764665424.008218,27866,0,4398.077148,4407.307617,4508.717773,4529.358887,4405.897461,4515.512695,4548.461426,4383.589844,4570.641113,4396.666504,4489.743652,4535.641113,4577.05127,4397.820313,4405.641113,4526.282227,4560,4555.128418,4517.05127,4387.563965,4398.333496,4572.692383,4526.794922,4504.230957,4370.256348,4583.333496,4393.461426,4563.846191,4506.666504,4401.794922,4526.410156,4507.820313,1941,1,24,2048,38425,,,,0,4,4,4,4,4,4,4,4,4,4,4,4,4,4,4,4,4,4,4,4,4,4,4,4,4,4,4,4,4,4,4,4,100,,,,,,,,,,,,,,,,,,,,,,,,,,,,,,,,,,,,,,,,,,,,,,,3.052897,6.766802,1.225688,0.702624,1.104106,3.556609,7.630362,1.550164,0.948092,1.151362,3.801123,6.405042,1.695624,1.24988,1.388526,2.005683,4.187528,1.148526,0.98202,1.234764,2.87322,7.820082,1.14588,0.98175,1.133185,4.024987,7.164896,1.103949,0.969764,1.114052,2.402216,5.029432,0.859149,1.011317,1.264296,2.814718,4.463202,0.851069,1.196139,1.237239,2.697719,3.043459,1.297232,0.925207,1.597905,1.743585,2.947123,1.454729,1.505102,1.88388,1.360037,2.460471,0.5755,0.550494,0.952022,3.634708,6.290452,1.384205,0.80891,1.267461,2.471903,5.951064,1.177896,0.680259,0.905535,1.033304,0.901387,0.438866,0.401611,0.698262,2.022761,1.892163,0.87239,0.597445,1.120347,1.32872,6.525885,1.331332,0.598247,0.502039,5.223143,12.290096,3.638626,0.759305,1.240553,2.814169,16.561573,4.091243,0.994432,1.089123,1.888406,11.494132,2.777759,0.749754,0.746096,1.982937,7.785388,2.42567,0.70266,0.844882,1.965631,9.252535,3.280753,0.866444,1.011811,3.570744,14.47897,4.684845,1.053,1.160611,2.373826,6.787594,1.703097,0.735513,1.104272,2.622305,6.409727,2.302548,1.054584,1.088269,2.28467,6.300613,2.142198,1.867602,1.730117,1.444712,2.809194,1.058331,0.83911,0.992688,2.050436,6.571267,2.043965,1.033765,1.297705,3.372313,7.754575,2.081913,1.006797,1.360971,1.640668,3.989965,0.675256,0.490277,0.602125,2.968745,7.258919,1.156116,1.182435,1.215302,2.480113,5.927086,1.500876,1.021732,1.170052,2.821973,5.816211,1.406391,0.968202,1.364881
1764665424.012124,27867,0,4398.077148,4404.102539,4504.743652,4521.794922,4401.794922,4514.487305,4545.384766,4380.256348,4566.538574,4399.615234,4485.897461,4533.077148,4575.897461,4392.436035,4400.384766,4518.333496,4557.307617,4550.128418,4514.102539,4382.563965,4394.615234,4566.153809,4522.692383,4500.769043,4383.589844,4579.487305,4387.820313,4562.563965,4503.974121,4399.487305,4523.717773,4507.94873,2636,1,24,2048,38425,,,,0,4,4,4,4,4,4,4,4,4,4,4,4,4,4,4,4,4,4,4,4,4,4,4,4,4,4,4,4,4,4,4,4,100,,,,,,,,,,,,,,,,,,,,,,,,,,,,,,,,,,,,,,,,,,,,,,,,,,,,,,,,,,,,,,,,,,,,,,,,,,,,,,,,,,,,,,,,,,,,,,,,,,,,,,,,,,,,,,,,,,,,,,,,,,,,,,,,,,,,,,,,,,,,,,,,,,,,,,,,,,,,,,,,,,,,,,,,,,,,,,,,,,,,,,,,,,,,,,,,,,,,,,,,,,,,,,
1764665424.016031,27868,0,4393.974121,4397.692383,4497.820313,4513.974121,4396.410156,4509.230957,4539.230957,4374.487305,4560,4399.230957,4481.410156,4527.820313,4570.897461,4384.230957,4391.922852,4507.307617,4552.05127,4541.922852,4511.410156,4377.563965,4390,4558.846191,4518.846191,4495.897461,4398.205078,4575.128418,4380,4557.820313,4500.769043,4394.230957,4518.589844,4504.358887,2694,1,24,2304,38433,,,,0,4,4,4,4,4,4,4,4,4,4,4,4,4,4,4,4,4,4,4,4,4,4,4,4,4,4,4,4,4,4,4,4,100,,,,,,,,,,,,,,,,,,,,,,,,,,,,,,,,,,,,,,,,,,,,,,,,,,,,,,,,,,,,,,,,,,,,,,,,,,,,,,,,,,,,,,,,,,,,,,,,,,,,,,,,,,,,,,,,,,,,,,,,,,,,,,,,,,,,,,,,,,,,,,,,,,,,,,,,,,,,,,,,,,,,,,,,,,,,,,,,,,,,,,,,,,,,,,,,,,,,,,,,,,,,,,
1764665424.019937,27869,0,4389.230957,4394.871582,4494.743652,4511.794922,4394.615234,4504.102539,4534.615234,4370.897461,4555.897461,4396.922852,4479.487305,4524.102539,4566.153809,4378.205078,4387.692383,4500,4548.717773,4535,4509.615234,4375,4386.410156,4555,4518.461426,4492.436035,4407.179688,4574.743652,4376.282227,4554.230957,4500.256348,4391.538574,4517.179688,4502.179688,2532,1,24,2304,38433,,,,0,4,4,4,4,4,4,4,4,4,4,4,4,4,4,4,4,4,4,4,4,4,4,4,4,4,4,4,4,4,4,4,4,100,,,,,,,,,,,,,,,,,,,,,,,,,,,,,,,,,,,39735,0,0.019971,-0.694031,-0.719604,-0.009583,0.994262,0.034672,0.043462,19.666666,0.5,53.5,,,,,,,,,,,,,,,,,,,,,,,,,,,,,,,,,,,,,,,,,,,,,,,,,,,,,,,,,,,,,,,,,,,,,,,,,,,,,,,,,,,,,,,,,,,,,,,,,,,,,,,,,,,,,,,,,,,,,,,,,,,,,,,,,,,,,,,,,,,,,,,,,,,,,,,,,,,,,,,,
1764665424.023844,27870,0,4387.820313,4399.230957,4499.230957,4516.153809,4398.717773,4503.461426,4535.512695,4372.94873,4556.538574,4395.256348,4480.641113,4525,4564.743652,4377.436035,4390.512695,4499.615234,4548.974121,4531.794922,4507.692383,4374.871582,4383.974121,4555.897461,4521.410156,4491.666504,4406.538574,4579.102539,4379.487305,4554.743652,4503.333496,4394.871582,4522.179688,4505,2655,1,24,2560,38441,,,,0,4,4,4,4,4,4,4,4,4,4,4,4,4,4,4,4,4,4,4,4,4,4,4,4,4,4,4,4,4,4,4,4,100,,,,,,,,,,,,,,,,,,,,,,,,,,,,,,,,,,,,,,,,,,,,,,,,,,,,,,,,,,,,,,,,,,,,,,,,,,,,,,,,,,,,,,,,,,,,,,,,,,,,,,,,,,,,,,,,,,,,,,,,,,,,,,,,,,,,,,,,,,,,,,,,,,,,,,,,,,,,,,,,,,,,,,,,,,,,,,,,,,,,,,,,,,,,,,,,,,,,,,,,,,,,,,
1764665424.027750,27871,0,4391.666504,4409.102539,4508.461426,4523.205078,4406.538574,4508.333496,4541.538574,4380.384766,4560,4396.538574,4482.94873,4530,4566.666504,4380.897461,4397.307617,4504.487305,4551.538574,4532.436035,4505,4374.487305,4382.307617,4559.871582,4525.897461,4492.820313,4397.692383,4584.102539,4387.179688,4559.230957,4508.974121,4402.94873,4530.384766,4511.282227,2820,1,24,2560,38441,,,,0,4,4,4,4,4,4,4,4,4,4,4,4,4,4,4,4,4,4,4,4,4,4,4,4,4,4,4,4,4,4,4,4,100,,,,,,,,,,,,,,,,,,,,,,,,,,,,,,,,,,,,,,,,,,,,,,,,,,,,,,,,,,,,,,,,,,,,,,,,,,,,,,,,,,,,,,,,,,,,,,,,,,,,,,,,,,,,,,,,,,,,,,,,,,,,,,,,,,,,,,,,,,,,,,,,,,,,,,,,,,,,,,,,,,,,,,,,,,,,,,,,,,,,,,,,,,,,,,,,,,,,,,,,,,,,,,
1764665424.031657,27872,0,4399.743652,4419.102539,4516.025879,4527.94873,4413.333496,4516.153809,4549.615234,4389.230957,4562.563965,4400.769043,4484.102539,4536.282227,4569.615234,4385.769043,4401.666504,4509.487305,4554.487305,4534.615234,4502.563965,4372.179688,4381.538574,4564.358887,4529.487305,4494.743652,4386.794922,4585.897461,4394.230957,4565.384766,4514.871582,4411.666504,4535.769043,4516.538574,2758,1,24,2560,38448,,,,0,4,4,4,4,4,4,4,4,4,4,4,4,4,4,4,4,4,4,4,4,4,4,4,4,4,4,4,4,4,4,4,4,100,,,,,,,,,,,,,,,,,,,,,,,,,,,,,,,,,,,,,,,,,,,,,,,,,,,,,,,,,,,,,,,,,,,,,,,,,,,,,,,,,,,,,,,,,,,,,,,,,,,,,,,,,,,,,,,,,,,,,,,,,,,,,,,,,,,,,,,,,,,,,,,,,,,,,,,,,,,,,,,,,,,,,,,,,,,,,,,,,,,,,,,,,,,,,,,,,,,,,,,,,,,,,,
1764665424.035563,27873,0,4408.461426,4424.102539,4517.94873,4528.717773,4416.153809,4523.077148,4555.769043,4395,4562.436035,4405.512695,4484.230957,4540.769043,4571.794922,4389.487305,4400.641113,4510.641113,4556.922852,4536.666504,4502.436035,4369.743652,4382.307617,4568.333496,4531.538574,4497.05127,4380.897461,4583.205078,4397.307617,4570.384766,4519.102539,4417.436035,4535.256348,4518.461426,2916,1,24,2560,38448,,,,0,4,4,4,4,4,4,4,4,4,4,4,4,4,4,4,4,4,4,4,4,4,4,4,4,4,4,4,4,4,4,4,4,100,,,,,,,,,,,,,,,,,,,,,,,,,,,,,,,,,,,39736,0,0.017724,-0.694092,-0.719604,-0.009583,0.989379,0.0293,0.038579,20.333334,0.666667,54.166668,,,,,,,,,,,,,,,,,,,,,,,,,,,,,,,,,,,,,,,,,,,,,,,,,,,,,,,,,,,,,,,,,,,,,,,,,,,,,,,,,,,,,,,,,,,,,,,,,,,,,,,,,,,,,,,,,,,,,,,,,,,,,,,,,,,,,,,,,,,,,,,,,,,,,,,,,,,,,,,,
1764665424.039470,27874,0,4413.974121,4423.461426,4515.128418,4527.179688,4414.871582,4526.666504,4558.333496,4395.512695,4561.666504,4408.077148,4484.487305,4542.179688,4572.692383,4391.025879,4397.05127,4507.94873,4559.615234,4537.94873,4505.769043,4370,4384.871582,4571.922852,4533.077148,4500.641113,4383.461426,4577.94873,4396.794922,4573.077148,4521.538574,4419.358887,4530.897461,4517.94873,2594,1,24,2560,38456,,,,0,4,4,4,4,4,4,4,4,4,4,4,4,4,4,4,4,4,4,4,4,4,4,4,4,4,4,4,4,4,4,4,4,100,,,,,,,,,,,,,,,,,,,,,,,,,,,,,,,,,,,,,,,,,,,,,,,,,,,,,,,,,,,,,,,,,,,,,,,,,,,,,,,,,,,,,,,,,,,,,,,,,,,,,,,,,,,,,,,,,,,,,,,,,,,,,,,,,,,,,,,,,,,,,,,,,,,,,,,,,,,,,,,,,,,,,,,,,,,,,,,,,,,,,,,,,,,,,,,,,,,,,,,,,,,,,,
1764665424.043376,27875,0,4414.743652,4420,4511.922852,4526.282227,4412.179688,4526.922852,4557.94873,4392.05127,4562.692383,4408.077148,4486.153809,4541.410156,4573.205078,4391.153809,4395.641113,4504.615234,4563.589844,4538.846191,4511.410156,4374.487305,4388.717773,4575.769043,4535.128418,4505.897461,4391.794922,4573.846191,4395.641113,4573.846191,4522.820313,4418.974121,4527.179688,4517.563965,2856,1,24,2560,38456,,,,0,4,4,4,4,4,4,4,4,4,4,4,4,4,4,4,4,4,4,4,4,4,4,4,4,4,4,4,4,4,4,4,4,100,,,,,,,,,,,,,,,,,,,,,,,,,,,,,,,,,,,,,,,,,,,,,,,,,,,,,,,,,,,,,,,,,,,,,,,,,,,,,,,,,,,,,,,,,,,,,,,,,,,,,,,,,,,,,,,,,,,,,,,,,,,,,,,,,,,,,,,,,,,,,,,,,,,,,,,,,,,,,,,,,,,,,,,,,,,,,,,,,,,,,,,,,,,,,,,,,,,,,,,,,,,,,,
1764665424.047283,27876,0,4412.307617,4417.820313,4511.410156,4527.692383,4411.153809,4526.025879,4556.282227,4387.820313,4566.666504,4407.94873,4489.102539,4540,4573.717773,4390.769043,4397.94873,4504.358887,4568.077148,4539.871582,4516.666504,4381.666504,4392.94873,4579.615234,4537.563965,4511.922852,4399.230957,4573.205078,4396.922852,4574.230957,4523.333496,4418.589844,4527.05127,4518.333496,2754,1,24,1536,38464,,,,0,4,4,4,4,4,4,4,4,4,4,4,4,4,4,4,4,4,4,4,4,4,4,4,4,4,4,4,4,4,4,4,4,100,,,,,,,,,,,,,,,,,,,,,,,,,,,,,,,,,,,,,,,,,,,,,,,,,,,,,,,,,,,,,,,,,,,,,,,,,,,,,,,,,,,,,,,,,,,,,,,,,,,,,,,,,,,,,,,,,,,,,,,,,,,,,,,,,,,,,,,,,,,,,,,,,,,,,,,,,,,,,,,,,,,,,,,,,,,,,,,,,,,,,,,,,,,,,,,,,,,,,,,,,,,,,,
1764665424.051189,27877,0,4408.974121,4418.333496,4513.333496,4530.769043,4412.692383,4525.641113,4554.358887,4385.128418,4571.282227,4409.487305,4491.794922,4538.461426,4573.589844,4389.871582,4401.025879,4507.307617,4570.769043,4540.769043,4518.333496,4388.077148,4396.282227,4581.794922,4538.589844,4516.153809,4400.897461,4575.769043,4400.256348,4574.102539,4522.563965,4418.974121,4529.358887,4518.717773,2784,1,24,1536,38464,,,,0,4,4,4,4,4,4,4,4,4,4,4,4,4,4,4,4,4,4,4,4,4,4,4,4,4,4,4,4,4,4,4,4,100,,,,,,,,,,,,,,,,,,,,,,,,,,,,,,,,,,,39737,0,0.017623,-0.694092,-0.719604,-0.009766,0.989379,0.030765,0.036626,18.666666,-0.333333,55.333332,,,,,,,,,,,,,,,,,,,,,,,,,,,,,,,,,,,,,,,,,,,,,,,,,,,,,,,,,,,,,,,,,,,,,,,,,,,,,,,,,,,,,,,,,,,,,,,,,,,,,,,,,,,,,,,,,,,,,,,,,,,,,,,,,,,,,,,,,,,,,,,,,,,,,,,,,,,,,,,,
1764665424.055096,27878,0,4405.256348,4419.358887,4514.871582,4532.436035,4414.871582,4525.128418,4551.794922,4384.358887,4573.717773,4410.769043,4491.922852,4535.384766,4571.153809,4387.692383,4400.128418,4510.256348,4568.461426,4539.615234,4514.743652,4389.871582,4397.94873,4580.384766,4535.897461,4515.641113,4396.282227,4578.974121,4401.794922,4571.922852,4518.974121,4418.461426,4531.153809,4516.922852,2796,1,24,1792,38472,,,,0,4,4,4,4,4,4,4,4,4,4,4,4,4,4,4,4,4,4,4,4,4,4,4,4,4,4,4,4,4,4,4,4,100,,,,,,,,,,,,,,,,,,,,,,,,,,,,,,,,,,,,,,,,,,,,,,,,,,,,,,,,,,,,,,,,,,,,,,,,,,,,,,,,,,,,,,,,,,,,,,,,,,,,,,,,,,,,,,,,,,,,,,,,,,,,,,,,,,,,,,,,,,,,,,,,,,,,,,,,,,,,,,,,,,,,,,,,,,,,,,,,,,,,,,,,,,,,,,,,,,,,,,,,,,,,,,
1764665424.059002,27879,0,4400,4416.153809,4512.94873,4529.871582,4413.717773,4521.410156,4547.563965,4382.94873,4571.410156,4407.307617,4487.692383,4529.487305,4565.512695,4383.974121,4393.205078,4508.974121,4559.615234,4535.128418,4507.307617,4386.282227,4397.307617,4574.102539,4528.846191,4509.230957,4388.717773,4579.871582,4397.820313,4566.153809,4511.410156,4413.717773,4529.102539,4511.794922,2977,1,24,1792,38472,,,,0,4,4,4,4,4,4,4,4,4,4,4,4,4,4,4,4,4,4,4,4,4,4,4,4,4,4,4,4,4,4,4,4,100,,,,,,,,,,,,,,,,,,,,,,,,,,,,,,,,,,,,,,,,,,,,,,,,,,,,,,,,,,,,,,,,,,,,,,,,,,,,,,,,,,,,,,,,,,,,,,,,,,,,,,,,,,,,,,,,,,,,,,,,,,,,,,,,,,,,,,,,,,,,,,,,,,,,,,,,,,,,,,,,,,,,,,,,,,,,,,,,,,,,,,,,,,,,,,,,,,,,,,,,,,,,,,
1764665424.062908,27880,0,4392.05127,4406.538574,4505.641113,4522.563965,4406.666504,4512.563965,4540.769043,4378.205078,4564.102539,4395.641113,4479.358887,4520.769043,4557.307617,4379.871582,4382.94873,4503.077148,4546.153809,4528.205078,4499.743652,4380.128418,4394.358887,4564.743652,4518.589844,4499.743652,4380.769043,4576.282227,4387.563965,4556.794922,4500.769043,4403.333496,4522.179688,4503.846191,2863,1,24,2048,38480,,,,0,4,4,4,4,4,4,4,4,4,4,4,4,4,4,4,4,4,4,4,4,4,4,4,4,4,4,4,4,4,4,4,4,100,,,,,,,,,,,,,,,,,,,,,,,,,,,,,,,,,,,,,,,,,,,,,,,,,,,,,,,,,,,,,,,,,,,,,,,,,,,,,,,,,,,,,,,,,,,,,,,,,,,,,,,,,,,,,,,,,,,,,,,,,,,,,,,,,,,,,,,,,,,,,,,,,,,,,,,,,,,,,,,,,,,,,,,,,,,,,,,,,,,,,,,,,,,,,,,,,,,,,,,,,,,,,,
1764665424.066815,27881,0,4381.922852,4392.05127,4493.717773,4512.179688,4394.743652,4499.487305,4531.922852,4368.846191,4553.205078,4377.436035,4469.358887,4511.538574,4549.358887,4376.410156,4373.846191,4495.384766,4532.436035,4521.666504,4496.410156,4375.128418,4389.871582,4555.769043,4507.436035,4491.282227,4373.846191,4568.333496,4374.487305,4545.897461,4490.128418,4389.358887,4511.153809,4493.846191,2715,1,24,2048,38480,,,,0,4,4,4,4,4,4,4,4,4,4,4,4,4,4,4,4,4,4,4,4,4,4,4,4,4,4,4,4,4,4,4,4,100,,,,,,,,,,,,,,,,,,,,,,,,,,,,,,,,,,,39738,0,0.019931,-0.694092,-0.719543,-0.009827,0.987425,0.029789,0.039067,20.333334,-0.333333,54.166668,,,,,,,,,,,,,,,,,,,,,,,,,,,,,,,,,,,,,,,,,,,,,,,,,,,,,,,,,,,,,,,,,,,,,,,,,,,,,,,,,,,,,,,,,,,,,,,,,,,,,,,,,,,,,,,,,,,,,,,,,,,,,,,,,,,,,,,,,,,,,,,,,,,,,,,,,,,,,,,,
1764665424.070721,27882,0,4372.05127,4378.333496,4480.641113,4501.410156,4381.794922,4486.153809,4523.077148,4357.307617,4542.05127,4359.743652,4461.666504,4504.487305,4544.230957,4373.846191,4369.871582,4490.384766,4523.077148,4518.205078,4498.589844,4373.974121,4385.256348,4550,4498.205078,4486.794922,4368.333496,4558.974121,4364.487305,4536.410156,4482.436035,4376.410156,4499.230957,4483.974121,1872,1,24,2304,38487,,,,0,4,4,4,4,4,4,4,4,4,4,4,4,4,4,4,4,4,4,4,4,4,4,4,4,4,4,4,4,4,4,4,4,100,,,,,,,,,,,,,,,,,,,,,,,,,,,,,,,,,,,,,,,,,,,,,,,,,,,,,,,,,,,,,,,,,,,,,,,,,,,,,,,,,,,,,,,,,,,,,,,,,,,,,,,,,,,,,,,,,,,,,,,,,,,,,,,,,,,,,,,,,,,,,,,,,,,,,,,,,,,,,,,,,,,,,,,,,,,,,,,,,,,,,,,,,,,,,,,,,,,,,,,,,,,,,,
1764665424.074628,27883,0,4365.769043,4371.282227,4472.436035,4493.974121,4373.333496,4477.563965,4517.179688,4348.974121,4535.384766,4351.666504,4459.358887,4501.538574,4543.461426,4372.436035,4372.307617,4490.512695,4520.641113,4519.102539,4503.846191,4376.666504,4383.461426,4548.974121,4493.974121,4486.922852,4365.769043,4552.692383,4361.282227,4531.410156,4479.743652,4370.128418,4491.666504,4478.205078,2690,1,24,2304,38487,,,,0,4,4,4,4,4,4,4,4,4,4,4,4,4,4,4,4,4,4,4,4,4,4,4,4,4,4,4,4,4,4,4,4,100,,,,,,,,,,,,,,,,,,,,,,,,,,,,,,,,,,,,,,,,,,,,,,,,,,,,,,,,,,,,,,,,,,,,,,,,,,,,,,,,,,,,,,,,,,,,,,,,,,,,,,,,,,,,,,,,,,,,,,,,,,,,,,,,,,,,,,,,,,,,,,,,,,,,,,,,,,,,,,,,,,,,,,,,,,,,,,,,,,,,,,,,,,,,,,,,,,,,,,,,,,,,,,
1764665424.078534,27884,0,4365.641113,4373.333496,4474.358887,4493.333496,4373.589844,4477.563965,4516.922852,4349.102539,4537.307617,4358.461426,4463.205078,4503.974121,4546.922852,4373.077148,4380.641113,4495.769043,4524.487305,4524.743652,4509.230957,4381.794922,4387.179688,4552.436035,4496.794922,4490.641113,4367.94873,4553.461426,4365.769043,4532.94873,4482.05127,4373.589844,4492.692383,4480.384766,2490,1,24,2560,38495,,,,0,4,4,4,4,4,4,4,4,4,4,4,4,4,4,4,4,4,4,4,4,4,4,4,4,4,4,4,4,4,4,4,4,100,,,,,,,,,,,,,,,,,,,,,,,,,,,,,,,,,,,,,,,,,,,,,,,,,,,,,,,,,,,,,,,,,,,,,,,,,,,,,,,,,,,,,,,,,,,,,,,,,,,,,,,,,,,,,,,,,,,,,,,,,,,,,,,,,,,,,,,,,,,,,,,,,,,,,,,,,,,,,,,,,,,,,,,,,,,,,,,,,,,,,,,,,,,,,,,,,,,,,,,,,,,,,,
1764665424.082441,27885,0,4371.410156,4382.179688,4486.153809,4500.769043,4382.307617,4484.615234,4522.563965,4358.077148,4547.692383,4376.666504,4471.282227,4510.384766,4553.077148,4376.538574,4391.410156,4503.461426,4532.307617,4533.077148,4513.333496,4387.563965,4396.282227,4559.102539,4505.384766,4496.666504,4374.615234,4561.282227,4374.487305,4539.615234,4487.307617,4384.487305,4501.538574,4490.256348,2206,1,24,2560,38495,,,,0,4,4,4,4,4,4,4,4,4,4,4,4,4,4,4,4,4,4,4,4,4,4,4,4,4,4,4,4,4,4,4,4,100,,,,,,,,,,,,,,,,,,,,,,,,,,,,,,,,,,,39739,0,0.019931,-0.694092,-0.719543,-0.009827,0.999145,0.039067,0.047857,17.5,0,53.333332,,,,,,,,,,,,,,,,,,,,,,,,,,,,,,,,,,,,,,,,,,,,,,,,,,,,,,,,,,,,,,,,,,,,,,,,,,,,,,,,,,,,,,,,,,,,,,,,,,,,,,,,,,,,,,,,,,,,,,,,,,,,,,,,,,,,,,,,,,,,,,,,,,,,,,,,,,,,,,,,
1764665424.086347,27886,0,4378.717773,4391.282227,4500.897461,4512.563965,4393.717773,4492.94873,4530.512695,4370.128418,4561.153809,4396.025879,4479.358887,4516.282227,4558.974121,4381.794922,4399.615234,4509.871582,4539.487305,4540.384766,4515.256348,4392.436035,4406.153809,4565.512695,4514.358887,4502.05127,4382.820313,4572.179688,4381.922852,4547.05127,4491.794922,4395.512695,4512.179688,4501.410156,2709,1,24,2560,38503,,,,0,4,4,4,4,4,4,4,4,4,4,4,4,4,4,4,4,4,4,4,4,4,4,4,4,4,4,4,4,4,4,4,4,100,,,,,,,,,,,,,,,,,,,,,,,,,,,,,,,,,,,,,,,,,,,,,,,,,,,,,,,,,,,,,,,,,,,,,,,,,,,,,,,,,,,,,,,,,,,,,,,,,,,,,,,,,,,,,,,,,,,,,,,,,,,,,,,,,,,,,,,,,,,,,,,,,,,,,,,,,,,,,,,,,,,,,,,,,,,,,,,,,,,,,,,,,,,,,,,,,,,,,,,,,,,,,,
1764665424.090254,27887,0,4382.179688,4395.128418,4509.615234,4522.05127,4400.512695,4496.538574,4535.384766,4377.179688,4569.615234,4405.641113,4483.461426,4517.05127,4561.666504,4386.282227,4401.410156,4511.922852,4542.307617,4542.563965,4514.230957,4394.871582,4410.897461,4568.461426,4518.077148,4503.974121,4388.846191,4579.743652,4383.717773,4550.256348,4492.436035,4399.487305,4517.563965,4506.282227,2493,1,24,2560,38503,,,,0,4,4,4,4,4,4,4,4,4,4,4,4,4,4,4,4,4,4,4,4,4,4,4,4,4,4,4,4,4,4,4,4,100,,,,,,,,,,,,,,,,,,,,,,,,,,,,,,,,,,,,,,,,,,,,,,,,,,,,,,,,,,,,,,,,,,,,,,,,,,,,,,,,,,,,,,,,,,,,,,,,,,,,,,,,,,,,,,,,,,,,,,,,,,,,,,,,,,,,,,,,,,,,,,,,,,,,,,,,,,,,,,,,,,,,,,,,,,,,,,,,,,,,,,,,,,,,,,,,,,,,,,,,,,,,,,
1764665424.094160,27888,0,4378.974121,4392.05127,4508.333496,4524.743652,4399.102539,4493.974121,4534.230957,4375.384766,4569.358887,4402.436035,4482.820313,4511.410156,4560.256348,4388.205078,4397.307617,4510,4539.487305,4539.487305,4510.512695,4393.974121,4407.94873,4566.410156,4515,4501.153809,4390.897461,4580.128418,4379.743652,4547.563965,4488.717773,4394.487305,4515.769043,4502.307617,2861,1,24,2561,38511,,,,0,4,4,4,4,4,4,4,4,4,4,4,4,4,4,4,4,4,4,4,4,4,4,4,4,4,4,4,4,4,4,4,4,100,,,,,,,,,,,,,,,,,,,,,,,,,,,,,,,,,,,,,,,,,,,,,,,,,,,,,,,,,,,,,,,,,,,,,,,,,,,,,,,,,,,,,,,,,,,,,,,,,,,,,,,,,,,,,,,,,,,,,,,,,,,,,,,,,,,,,,,,,,,,,,,,,,,,,,,,,,,,,,,,,,,,,,,,,,,,,,,,,,,,,,,,,,,,,,,,,,,,,,,,,,,,,,
1764665424.098067,27889,0,4371.025879,4384.358887,4500.384766,4520.512695,4391.410156,4488.077148,4528.461426,4366.922852,4562.692383,4391.794922,4479.358887,4502.307617,4556.282227,4387.307617,4390.897461,4506.666504,4532.820313,4534.871582,4506.025879,4389.871582,4399.487305,4560.384766,4508.205078,4494.615234,4388.589844,4573.846191,4372.94873,4541.025879,4483.461426,4384.615234,4509.358887,4493.461426,2915,1,24,2561,38511,,,,0,4,4,4,4,4,4,4,4,4,4,4,4,4,4,4,4,4,4,4,4,4,4,4,4,4,4,4,4,4,4,4,4,100,,,,,,,,,,,,,,,,,,,,,,,,,,,,,,,,,,,39740,0,0.0199,-0.694092,-0.719543,-0.009888,0.990844,0.035649,0.047369,20.166666,-0.5,55.5,,,,,,,,,,,,,,,,,,,,,,,,,,,,,,,,,,,,,,,,,,,,,,,,,,,,,,,,,,,,,,,,,,,,,,,,,,,,,,,,,,,,,,,,,,,,,,,,,,,,,,,,,,,,,,,,,,,,,,,,,,,,,,,,,,,,,,,,,,,,,,,,,,,,,,,,,,,,,,,,
1764665424.101973,27890,0,4362.179688,4375.384766,4491.025879,4511.666504,4381.922852,4481.922852,4520.897461,4356.666504,4555,4382.307617,4474.487305,4494.102539,4551.538574,4383.974121,4385.384766,4503.846191,4524.871582,4531.666504,4502.05127,4382.563965,4388.974121,4552.05127,4500.512695,4485.897461,4381.666504,4563.717773,4366.153809,4533.846191,4478.846191,4374.358887,4501.538574,4484.102539,1772,1,24,2562,38519,,,,0,4,4,4,4,4,4,4,4,4,4,4,4,4,4,4,4,4,4,4,4,4,4,4,4,4,4,4,4,4,4,4,4,100,,,,,,,,,,,,,,,,,,,,,,,,,,,,,,,,,,,,,,,,,,,,,,,,,,,,,,,,,,,,,,,,,,,,,,,,,,,,,,,,,,,,,,,,,,,,,,,,,,,,,,,,,,,,,,,,,,,,,,,,,,,,,,,,,,,,,,,,,,,,,,,,,,,,,,,,,,,,,,,,,,,,,,,,,,,,,,,,,,,,,,,,,,,,,,,,,,,,,,,,,,,,,,
1764665424.105880,27891,0,4353.846191,4366.410156,4482.307617,4500.769043,4372.94873,4476.025879,4513.333496,4347.820313,4548.846191,4377.692383,4467.563965,4488.205078,4546.025879,4378.077148,4381.153809,4500.384766,4516.410156,4528.077148,4497.436035,4371.666504,4378.077148,4541.922852,4492.692383,4475.769043,4369.102539,4551.282227,4359.230957,4526.153809,4474.871582,4365.769043,4492.307617,4476.282227,2938,1,24,2562,38519,,,,0,4,4,4,4,4,4,4,4,4,4,4,4,4,4,4,4,4,4,4,4,4,4,4,4,4,4,4,4,4,4,4,4,100,,,,,,,,,,,,,,,,,,,,,,,,,,,,,,,,,,,,,,,,,,,,,,,,,,,,,,,,,,,,,,,,,,,,,,,,,,,,,,,,,,,,,,,,,,,,,,,,,,,,,,,,,,,,,,,,,,,,,,,,,,,,,,,,,,,,,,,,,,,,,,,,,,,,,,,,,,,,,,,,,,,,,,,,,,,,,,,,,,,,,,,,,,,,,,,,,,,,,,,,,,,,,,
1764665424.109786,27892,0,4345.512695,4357.179688,4473.077148,4489.358887,4364.615234,4468.846191,4506.153809,4341.025879,4542.436035,4375.256348,4458.589844,4483.205078,4539.102539,4370.128418,4376.922852,4493.846191,4506.794922,4519.743652,4490.128418,4357.820313,4366.153809,4530,4484.102539,4464.615234,4351.922852,4537.94873,4350.256348,4517.05127,4469.871582,4357.563965,4481.282227,4468.974121,2537,1,24,2563,38526,,,,0,4,4,4,4,4,4,4,4,4,4,4,4,4,4,4,4,4,4,4,4,4,4,4,4,4,4,4,4,4,4,4,4,100,,,,,,,,,,,,,,,,,,,,,,,,,,,,,,,,,,,,,,,,,,,,,,,,,,,,,,,,,,,,,,,,,,,,,,,,,,,,,,,,,,,,,,,,,,,,,,,,,,,,,,,,,,,,,,,,,,,,,,,,,,,,,,,,,,,,,,,,,,,,,,,,,,,,,,,,,,,,,,,,,,,,,,,,,,,,,,,,,,,,,,,,,,,,,,,,,,,,,,,,,,,,,,
1764665424.113693,27893,0,4337.05127,4348.846191,4462.820313,4479.615234,4357.05127,4461.282227,4500.641113,4336.538574,4534.743652,4370.897461,4450,4477.820313,4532.05127,4362.692383,4372.692383,4484.358887,4496.794922,4505.769043,4480,4344.230957,4353.846191,4517.94873,4475.897461,4453.974121,4333.846191,4525.769043,4339.102539,4507.307617,4463.717773,4349.743652,4469.871582,4461.025879,2816,1,24,2563,38526,,,,0,4,4,4,4,4,4,4,4,4,4,4,4,4,4,4,4,4,4,4,4,4,4,4,4,4,4,4,4,4,4,4,4,100,,,,,,,,,,,,,,,,,,,,,,,,,,,,,,,,,,,39741,0,0.017575,-0.694153,-0.719543,-0.01001,0.990844,0.035649,0.047369,20,0,52.833332,,,,,,,,,,,,,,,,,,,,,,,,,,,,,,,,,,,,,,,,,,,,,,,,,,,,,,,,,,,,,,,,,,,,,,,,,,,,,,,,,,,,,,,,,,,,,,,,,,,,,,,,,,,,,,,,,,,,,,,,,,,,,,,,,,,,,,,,,,,,,,,,,,,,,,,,,,,,,,,,
1764665424.117599,27894,0,4331.922852,4345.256348,4454.487305,4474.487305,4352.563965,4457.307617,4499.487305,4336.153809,4528.205078,4364.230957,4446.666504,4473.717773,4527.94873,4358.974121,4370.128418,4476.282227,4490.384766,4491.538574,4471.025879,4335.641113,4344.487305,4510.384766,4472.179688,4447.94873,4321.794922,4518.717773,4330.769043,4501.025879,4459.615234,4345,4462.820313,4454.487305,2926,1,24,2564,38534,,,,0,4,4,4,4,4,4,4,4,4,4,4,4,4,4,4,4,4,4,4,4,4,4,4,4,4,4,4,4,4,4,4,4,100,,,,,,,,,,,,,,,,,,,,,,,,,,,,,,,,,,,,,,,,,,,,,,,,,,,,,,,,,,,,,,,,,,,,,,,,,,,,,,,,,,,,,,,,,,,,,,,,,,,,,,,,,,,,,,,,,,,,,,,,,,,,,,,,,,,,,,,,,,,,,,,,,,,,,,,,,,,,,,,,,,,,,,,,,,,,,,,,,,,,,,,,,,,,,,,,,,,,,,,,,,,,,,
1764665424.121506,27895,0,4334.871582,4351.153809,4453.846191,4477.563965,4355,4461.153809,4505.384766,4342.179688,4528.461426,4360.769043,4452.94873,4475.769043,4530.641113,4361.153809,4371.666504,4475.256348,4492.05127,4486.025879,4468.974121,4336.666504,4343.205078,4512.05127,4477.820313,4450.769043,4321.922852,4521.410156,4331.794922,4503.974121,4461.666504,4347.692383,4465.512695,4453.846191,2841,1,24,2564,38534,,,,0,4,4,4,4,4,4,4,4,4,4,4,4,4,4,4,4,4,4,4,4,4,4,4,4,4,4,4,4,4,4,4,4,100,,,,,,,,,,,,,,,,,,,,,,,,,,,,,,,,,,,,,,,,,,,,,,,,,,,,,,,,,,,,,,,,,,,,,,,,,,,,,,,,,,,,,,,,,,,,,,,,,,,,,,,,,,,,,,,,,,,,,,,,,,,,,,,,,,,,,,,,,,,,,,,,,,,,,,,,,,,,,,,,,,,,,,,,,,,,,,,,,,,,,,,,,,,,,,,,,,,,,,,,,,,,,,
1764665424.125412,27896,0,4348.589844,4367.307617,4464.871582,4489.487305,4365.897461,4474.358887,4518.077148,4355.641113,4538.974121,4366.410156,4467.563965,4486.794922,4541.153809,4368.589844,4378.077148,4483.461426,4504.102539,4494.743652,4477.05127,4347.94873,4353.205078,4524.615234,4493.461426,4463.974121,4336.922852,4535.641113,4345.384766,4518.461426,4471.538574,4360,4480,4463.333496,2759,1,24,2565,38542,,,,0,4,4,4,4,4,4,4,4,4,4,4,4,4,4,4,4,4,4,4,4,4,4,4,4,4,4,4,4,4,4,4,4,100,,,,,,,,,,,,,,,,,,,,,,,,,,,,,,,,,,,,,,,,,,,,,,,,,,,,,,,,,,,,,,,,,,,,,,,,,,,,,,,,,,,,,,,,,,,,,,,,,,,,,,,,,,,,,,,,,,,,,,,,,,,,,,,,,,,,,,,,,,,,,,,,,,,,,,,,,,,,,,,,,,,,,,,,,,,,,,,,,,,,,,,,,,,,,,,,,,,,,,,,,,,,,,
1764665424.129319,27897,0,4370,4388.717773,4485.512695,4507.179688,4383.205078,4492.820313,4534.358887,4373.846191,4557.179688,4381.794922,4484.358887,4504.487305,4556.666504,4378.589844,4387.820313,4497.179688,4523.077148,4514.615234,4492.436035,4365,4371.666504,4544.487305,4514.230957,4483.846191,4363.333496,4557.692383,4367.563965,4540.256348,4486.410156,4378.461426,4502.820313,4482.05127,2823,1,24,2565,38542,,,,0,4,4,4,4,4,4,4,4,4,4,4,4,4,4,4,4,4,4,4,4,4,4,4,4,4,4,4,4,4,4,4,4,100,,,,,,,,,,,,,,,,,,,,,,,,,,,,,,,,,,,39742,0,0.019917,-0.694153,-0.719482,-0.01001,1.000122,0.036137,0.042486,19.5,1.166667,55.833332,,,,,,,,,,,,,,,,,,,,,,,,,,,,,,,,,,,,,,,,,,,,,,,,,,,,,,,,,,,,,,,,,,,,,,,,,,,,,,,,,,,,,,,,,,,,,,,,,,,,,,,,,,,,,,,,,,,,,,,,,,,,,,,,,,,,,,,,,,,,,,,,,,,,,,,,,,,,,,,,
1764665424.133225,27898,0,4391.410156,4406.410156,4507.05127,4523.717773,4400.384766,4509.102539,4549.358887,4390.641113,4575,4400.769043,4496.153809,4522.05127,4571.153809,4387.179688,4397.179688,4509.358887,4541.922852,4535.769043,4507.692383,4380,4390.897461,4564.102539,4531.538574,4502.94873,4391.282227,4579.102539,4388.846191,4560.641113,4500.769043,4396.025879,4525,4503.205078,1940,1,24,2563,38550,,,,0,4,4,4,4,4,4,4,4,4,4,4,4,4,4,4,4,4,4,4,4,4,4,4,4,4,4,4,4,4,4,4,4,100,1,100,4,4,4,4,4,4,4,4,4,4,4,4,4,4,4,4,4,4,4,4,4,4,4,4,4,4,4,4,4,4,4,4,,,,,,,,,,,,,3.20698,8.194732,1.347054,0.675104,1.065434,3.614483,9.655803,1.840061,0.931703,1.113976,3.906293,8.166368,1.832536,1.181638,1.384313,2.204923,5.319927,1.165372,0.989292,1.286821,2.915929,9.840368,1.315285,0.961734,1.126847,4.024704,8.864903,1.289714,0.952315,1.041631,2.622085,6.047385,0.928596,1.039391,1.201571,2.787041,5.855284,0.892659,1.22244,1.243784,2.84702,3.421215,1.32059,0.927001,1.612304,1.906366,3.552738,1.355997,1.632387,1.866645,1.412439,2.783214,0.601762,0.517962,0.94517,3.63016,7.191668,1.430349,0.718309,1.218408,2.530963,5.086999,1.07963,0.612115,0.87298,1.170997,0.849909,0.391211,0.412124,0.661516,2.031805,1.598331,0.808212,0.559242,1.123164,1.363782,5.610867,1.279157,0.60451,0.476451,5.247815,11.998255,3.575165,0.777807,1.201765,2.667209,13.599389,3.742727,0.91244,1.052089,1.794003,9.535233,2.543766,0.726634,0.75899,2.101763,7.240732,2.299644,0.667914,0.829883,2.130004,8.87,3.135091,0.886553,0.948458,3.443934,12.617692,4.370541,1.039869,1.169685,2.443507,6.920026,1.865494,0.748246,1.084558,2.605946,6.710041,2.357379,1.057928,1.0894,2.497558,6.786018,2.178369,1.960985,1.679524,1.661823,3.155758,1.210771,0.924201,0.97429,2.13111,8.205883,2.37723,1.050324,1.289279,3.382618,9.306276,2.486637,1.019686,1.30921,1.623342,5.142417,0.804146,0.481819,0.57726,2.934473,9.193302,1.38416,1.149848,1.18615,2.40071,7.50517,1.790236,1.046814,1.180101,2.721326,7.263368,1.637378,0.880913,1.325044
1764665424.137132,27899,0,4404.487305,4413.846191,4519.743652,4532.94873,4410.897461,4517.179688,4559.102539,4400.256348,4584.102539,4414.487305,4499.487305,4532.307617,4579.102539,4390.897461,4402.179688,4514.871582,4554.102539,4548.077148,4516.025879,4386.666504,4403.205078,4576.538574,4539.487305,4514.487305,4409.615234,4591.794922,4400.384766,4572.05127,4509.358887,4406.025879,4537.820313,4517.436035,2631,1,24,2563,38550,,,,0,4,4,4,4,4,4,4,4,4,4,4,4,4,4,4,4,4,4,4,4,4,4,4,4,4,4,4,4,4,4,4,4,100,,,,,,,,,,,,,,,,,,,,,,,,,,,,,,,,,,,,,,,,,,,,,,,,,,,,,,,,,,,,,,,,,,,,,,,,,,,,,,,,,,,,,,,,,,,,,,,,,,,,,,,,,,,,,,,,,,,,,,,,,,,,,,,,,,,,,,,,,,,,,,,,,,,,,,,,,,,,,,,,,,,,,,,,,,,,,,,,,,,,,,,,,,,,,,,,,,,,,,,,,,,,,,
1764665424.141038,27900,0,4406.282227,4411.410156,4520.256348,4533.333496,4411.794922,4516.666504,4562.307617,4400.641113,4581.410156,4417.94873,4496.410156,4533.077148,4579.743652,4389.487305,4401.794922,4513.077148,4557.563965,4548.205078,4516.025879,4385.256348,4406.153809,4580,4537.94873,4516.794922,4412.307617,4593.077148,4400.512695,4572.94873,4510,4407.05127,4537.94873,4520.384766,2692,1,24,2560,38558,,,,0,4,4,4,4,4,4,4,4,4,4,4,4,4,4,4,4,4,4,4,4,4,4,4,4,4,4,4,4,4,4,4,4,100,,,,,,,,,,,,,,,,,,,,,,,,,,,,,,,,,,,,,,,,,,,,,,,,,,,,,,,,,,,,,,,,,,,,,,,,,,,,,,,,,,,,,,,,,,,,,,,,,,,,,,,,,,,,,,,,,,,,,,,,,,,,,,,,,,,,,,,,,,,,,,,,,,,,,,,,,,,,,,,,,,,,,,,,,,,,,,,,,,,,,,,,,,,,,,,,,,,,,,,,,,,,,,
1764665424.144945,27901,0,4400.256348,4404.487305,4512.820313,4528.077148,4405.384766,4511.794922,4559.487305,4394.230957,4571.282227,4412.307617,4491.666504,4527.692383,4575.512695,4384.871582,4397.94873,4508.077148,4555,4540.641113,4511.922852,4380.512695,4403.205078,4577.563965,4532.179688,4513.717773,4403.205078,4587.563965,4394.358887,4567.820313,4505,4402.436035,4529.743652,4514.358887,2531,1,24,2560,38558,,,,0,4,4,4,4,4,4,4,4,4,4,4,4,4,4,4,4,4,4,4,4,4,4,4,4,4,4,4,4,4,4,4,4,100,,,,,,,,,,,,,,,,,,,,,,,,,,,,,,,,,,,39743,0,0.019886,-0.694153,-0.719482,-0.010071,1.000122,0.036137,0.042486,19.5,0,52.833332,,,,,,,,,,,,,,,,,,,,,,,,,,,,,,,,,,,,,,,,,,,,,,,,,,,,,,,,,,,,,,,,,,,,,,,,,,,,,,,,,,,,,,,,,,,,,,,,,,,,,,,,,,,,,,,,,,,,,,,,,,,,,,,,,,,,,,,,,,,,,,,,,,,,,,,,,,,,,,,,
1764665424.148851,27902,0,4392.563965,4398.333496,4504.230957,4522.307617,4396.282227,4507.436035,4552.436035,4385.384766,4561.153809,4402.05127,4488.717773,4521.282227,4570.256348,4380.256348,4393.717773,4504.358887,4550.512695,4533.333496,4509.615234,4378.077148,4399.743652,4574.487305,4527.692383,4510.384766,4392.179688,4581.410156,4388.846191,4562.820313,4498.333496,4396.794922,4520.769043,4506.025879,2661,1,24,2561,38566,,,,0,4,4,4,4,4,4,4,4,4,4,4,4,4,4,4,4,4,4,4,4,4,4,4,4,4,4,4,4,4,4,4,4,100,,,,,,,,,,,,,,,,,,,,,,,,,,,,,,,,,,,,,,,,,,,,,,,,,,,,,,,,,,,,,,,,,,,,,,,,,,,,,,,,,,,,,,,,,,,,,,,,,,,,,,,,,,,,,,,,,,,,,,,,,,,,,,,,,,,,,,,,,,,,,,,,,,,,,,,,,,,,,,,,,,,,,,,,,,,,,,,,,,,,,,,,,,,,,,,,,,,,,,,,,,,,,,
1764665424.152758,27903,0,4388.461426,4395.512695,4499.487305,4519.102539,4388.846191,4505.256348,4544.358887,4377.692383,4556.410156,4392.820313,4488.205078,4517.692383,4566.025879,4378.717773,4390.897461,4504.230957,4546.794922,4531.666504,4512.179688,4380.897461,4400.128418,4574.358887,4527.307617,4510.512695,4387.563965,4578.461426,4387.820313,4562.179688,4494.615234,4392.94873,4516.922852,4500.641113,2823,1,24,2561,38566,,,,0,4,4,4,4,4,4,4,4,4,4,4,4,4,4,4,4,4,4,4,4,4,4,4,4,4,4,4,4,4,4,4,4,100,,,,,,,,,,,,,,,,,,,,,,,,,,,,,,,,,,,,,,,,,,,,,,,,,,,,,,,,,,,,,,,,,,,,,,,,,,,,,,,,,,,,,,,,,,,,,,,,,,,,,,,,,,,,,,,,,,,,,,,,,,,,,,,,,,,,,,,,,,,,,,,,,,,,,,,,,,,,,,,,,,,,,,,,,,,,,,,,,,,,,,,,,,,,,,,,,,,,,,,,,,,,,,
1764665424.156664,27904,0,4389.615234,4395.769043,4499.615234,4519.358887,4386.922852,4505.256348,4539.230957,4374.102539,4558.717773,4388.461426,4490.128418,4518.205078,4564.102539,4381.922852,4390.384766,4507.179688,4545.384766,4536.538574,4519.102539,4388.717773,4405.512695,4578.589844,4530.769043,4515.641113,4392.307617,4579.871582,4391.538574,4566.922852,4496.153809,4392.820313,4520.256348,4500.384766,2760,1,24,2560,38573,,,,0,4,4,4,4,4,4,4,4,4,4,4,4,4,4,4,4,4,4,4,4,4,4,4,4,4,4,4,4,4,4,4,4,100,,,,,,,,,,,,,,,,,,,,,,,,,,,,,,,,,,,,,,,,,,,,,,,,,,,,,,,,,,,,,,,,,,,,,,,,,,,,,,,,,,,,,,,,,,,,,,,,,,,,,,,,,,,,,,,,,,,,,,,,,,,,,,,,,,,,,,,,,,,,,,,,,,,,,,,,,,,,,,,,,,,,,,,,,,,,,,,,,,,,,,,,,,,,,,,,,,,,,,,,,,,,,,
1764665424.160571,27905,0,4394.743652,4398.974121,4504.487305,4522.307617,4392.179688,4506.794922,4540.128418,4376.410156,4566.666504,4390.897461,4494.487305,4522.05127,4565.512695,4389.487305,4392.563965,4511.410156,4547.307617,4545.256348,4527.692383,4399.615234,4414.743652,4585.897461,4536.666504,4525,4403.589844,4585.256348,4399.230957,4575.512695,4503.077148,4397.307617,4529.615234,4505.128418,2921,1,24,2560,38573,,,,0,4,4,4,4,4,4,4,4,4,4,4,4,4,4,4,4,4,4,4,4,4,4,4,4,4,4,4,4,4,4,4,4,100,,,,,,,,,,,,,,,,,,,,,,,,,,,,,,,,,,,39744,0,0.017662,-0.694214,-0.719482,-0.01001,0.996704,0.028812,0.035649,18.666666,0.666667,54.166668,,,,,,,,,,,,,,,,,,,,,,,,,,,,,,,,,,,,,,,,,,,,,,,,,,,,,,,,,,,,,,,,,,,,,,,,,,,,,,,,,,,,,,,,,,,,,,,,,,,,,,,,,,,,,,,,,,,,,,,,,,,,,,,,,,,,,,,,,,,,,,,,,,,,,,,,,,,,,,,,
1764665424.164477,27906,0,4400.512695,4404.230957,4512.307617,4526.410156,4402.94873,4509.230957,4547.179688,4383.974121,4576.410156,4398.461426,4500.512695,4526.922852,4569.871582,4398.333496,4397.179688,4515.256348,4552.307617,4553.717773,4534.102539,4410,4425,4593.717773,4543.077148,4535.256348,4416.282227,4593.717773,4408.974121,4584.487305,4512.179688,4405.769043,4541.922852,4513.077148,2595,1,24,2560,38581,,,,0,4,4,4,4,4,4,4,4,4,4,4,4,4,4,4,4,4,4,4,4,4,4,4,4,4,4,4,4,4,4,4,4,100,,,,,,,,,,,,,,,,,,,,,,,,,,,,,,,,,,,,,,,,,,,,,,,,,,,,,,,,,,,,,,,,,,,,,,,,,,,,,,,,,,,,,,,,,,,,,,,,,,,,,,,,,,,,,,,,,,,,,,,,,,,,,,,,,,,,,,,,,,,,,,,,,,,,,,,,,,,,,,,,,,,,,,,,,,,,,,,,,,,,,,,,,,,,,,,,,,,,,,,,,,,,,,
1764665424.168384,27907,0,4402.94873,4409.487305,4519.743652,4529.615234,4413.461426,4512.05127,4556.025879,4392.307617,4583.077148,4406.666504,4505.384766,4530,4573.846191,4403.589844,4402.307617,4517.307617,4557.692383,4558.333496,4535.384766,4415.641113,4431.410156,4598.461426,4546.666504,4541.538574,4424.358887,4601.794922,4417.307617,4589.487305,4518.461426,4414.743652,4551.666504,4520.897461,2858,1,24,2560,38581,,,,0,4,4,4,4,4,4,4,4,4,4,4,4,4,4,4,4,4,4,4,4,4,4,4,4,4,4,4,4,4,4,4,4,100,,,,,,,,,,,,,,,,,,,,,,,,,,,,,,,,,,,,,,,,,,,,,,,,,,,,,,,,,,,,,,,,,,,,,,,,,,,,,,,,,,,,,,,,,,,,,,,,,,,,,,,,,,,,,,,,,,,,,,,,,,,,,,,,,,,,,,,,,,,,,,,,,,,,,,,,,,,,,,,,,,,,,,,,,,,,,,,,,,,,,,,,,,,,,,,,,,,,,,,,,,,,,,
1764665424.172290,27908,0,4400,4410.384766,4521.538574,4529.358887,4416.153809,4513.205078,4559.615234,4394.743652,4582.179688,4409.871582,4505,4528.717773,4573.461426,4401.538574,4404.487305,4516.794922,4559.230957,4557.05127,4530.256348,4412.692383,4429.615234,4596.666504,4544.615234,4538.846191,4422.179688,4604.487305,4419.615234,4586.666504,4518.205078,4418.589844,4552.94873,4523.717773,2755,1,24,2560,38589,,,,0,4,4,4,4,4,4,4,4,4,4,4,4,4,4,4,4,4,4,4,4,4,4,4,4,4,4,4,4,4,4,4,4,100,,,,,,,,,,,,,,,,,,,,,,,,,,,,,,,,,,,,,,,,,,,,,,,,,,,,,,,,,,,,,,,,,,,,,,,,,,,,,,,,,,,,,,,,,,,,,,,,,,,,,,,,,,,,,,,,,,,,,,,,,,,,,,,,,,,,,,,,,,,,,,,,,,,,,,,,,,,,,,,,,,,,,,,,,,,,,,,,,,,,,,,,,,,,,,,,,,,,,,,,,,,,,,
1764665424.176197,27909,0,4392.307617,4403.717773,4514.358887,4523.461426,4407.563965,4510.128418,4553.717773,4387.436035,4572.692383,4403.974121,4497.05127,4522.179688,4566.794922,4391.794922,4400.769043,4513.333496,4553.333496,4549.871582,4520.897461,4401.153809,4418.333496,4587.307617,4535.769043,4526.282227,4408.461426,4597.820313,4412.94873,4575.128418,4511.025879,4413.717773,4543.205078,4517.692383,2789,1,24,2560,38589,,,,0,4,4,4,4,4,4,4,4,4,4,4,4,4,4,4,4,4,4,4,4,4,4,4,4,4,4,4,4,4,4,4,4,100,,,,,,,,,,,,,,,,,,,,,,,,,,,,,,,,,,,39745,0,0.019839,-0.694092,-0.719543,-0.01001,0.996215,0.034184,0.040532,18.666666,0.666667,54.166668,,,,,,,,,,,,,,,,,,,,,,,,,,,,,,,,,,,,,,,,,,,,,,,,,,,,,,,,,,,,,,,,,,,,,,,,,,,,,,,,,,,,,,,,,,,,,,,,,,,,,,,,,,,,,,,,,,,,,,,,,,,,,,,,,,,,,,,,,,,,,,,,,,,,,,,,,,,,,,,,
1764665424.180103,27910,0,4382.820313,4390.897461,4499.487305,4512.94873,4391.282227,4501.794922,4539.743652,4373.077148,4558.205078,4390,4483.717773,4511.922852,4555.641113,4378.717773,4391.153809,4506.666504,4540.897461,4538.589844,4510.769043,4385.641113,4401.282227,4572.692383,4522.820313,4507.692383,4388.717773,4582.94873,4398.717773,4558.974121,4500.769043,4401.922852,4525.897461,4504.358887,2801,1,24,1792,38597,,,,0,4,4,4,4,4,4,4,4,4,4,4,4,4,4,4,4,4,4,4,4,4,4,4,4,4,4,4,4,4,4,4,4,100,,,,,,,,,,,,,,,,,,,,,,,,,,,,,,,,,,,,,,,,,,,,,,,,,,,,,,,,,,,,,,,,,,,,,,,,,,,,,,,,,,,,,,,,,,,,,,,,,,,,,,,,,,,,,,,,,,,,,,,,,,,,,,,,,,,,,,,,,,,,,,,,,,,,,,,,,,,,,,,,,,,,,,,,,,,,,,,,,,,,,,,,,,,,,,,,,,,,,,,,,,,,,,
1764665424.184010,27911,0,4374.743652,4377.563965,4483.717773,4502.692383,4376.538574,4491.282227,4525,4359.615234,4544.743652,4373.589844,4471.666504,4501.922852,4544.743652,4368.205078,4379.102539,4498.461426,4526.922852,4526.794922,4502.436035,4372.563965,4385.769043,4557.820313,4511.153809,4490,4372.692383,4566.025879,4382.820313,4544.871582,4492.307617,4389.871582,4509.871582,4490,2981,1,24,1792,38597,,,,0,4,4,4,4,4,4,4,4,4,4,4,4,4,4,4,4,4,4,4,4,4,4,4,4,4,4,4,4,4,4,4,4,100,,,,,,,,,,,,,,,,,,,,,,,,,,,,,,,,,,,,,,,,,,,,,,,,,,,,,,,,,,,,,,,,,,,,,,,,,,,,,,,,,,,,,,,,,,,,,,,,,,,,,,,,,,,,,,,,,,,,,,,,,,,,,,,,,,,,,,,,,,,,,,,,,,,,,,,,,,,,,,,,,,,,,,,,,,,,,,,,,,,,,,,,,,,,,,,,,,,,,,,,,,,,,,
1764665424.187916,27912,0,4369.743652,4369.871582,4474.230957,4498.077148,4370.897461,4483.846191,4516.538574,4353.846191,4538.077148,4362.05127,4466.794922,4496.282227,4538.333496,4364.871582,4369.743652,4491.410156,4517.820313,4517.820313,4497.05127,4366.538574,4377.820313,4547.563965,4504.871582,4479.615234,4367.94873,4554.358887,4371.666504,4537.563965,4489.102539,4383.333496,4502.179688,4481.922852,2864,1,24,2048,38605,,,,0,4,4,4,4,4,4,4,4,4,4,4,4,4,4,4,4,4,4,4,4,4,4,4,4,4,4,4,4,4,4,4,4,100,,,,,,,,,,,,,,,,,,,,,,,,,,,,,,,,,,,,,,,,,,,,,,,,,,,,,,,,,,,,,,,,,,,,,,,,,,,,,,,,,,,,,,,,,,,,,,,,,,,,,,,,,,,,,,,,,,,,,,,,,,,,,,,,,,,,,,,,,,,,,,,,,,,,,,,,,,,,,,,,,,,,,,,,,,,,,,,,,,,,,,,,,,,,,,,,,,,,,,,,,,,,,,
1764665424.191823,27913,0,4367.692383,4370.256348,4474.358887,4500.897461,4375.641113,4483.205078,4516.922852,4356.666504,4539.743652,4360.256348,4470.384766,4496.666504,4538.461426,4369.358887,4366.666504,4487.94873,4516.282227,4513.589844,4494.615234,4367.307617,4378.589844,4543.974121,4505.128418,4478.205078,4374.358887,4552.307617,4368.589844,4537.94873,4490.769043,4383.077148,4503.846191,4482.692383,2717,1,24,2048,38605,,,,0,4,4,4,4,4,4,4,4,4,4,4,4,4,4,4,4,4,4,4,4,4,4,4,4,4,4,4,4,4,4,4,4,100,,,,,,,,,,,,,,,,,,,,,,,,,,,,,,,,,,,39746,0,0.019761,-0.694031,-0.719604,-0.01001,1.014284,0.028812,0.039067,20.333334,0.666667,54.5,,,,,,,,,,,,,,,,,,,,,,,,,,,,,,,,,,,,,,,,,,,,,,,,,,,,,,,,,,,,,,,,,,,,,,,,,,,,,,,,,,,,,,,,,,,,,,,,,,,,,,,,,,,,,,,,,,,,,,,,,,,,,,,,,,,,,,,,,,,,,,,,,,,,,,,,,,,,,,,,
1764665424.195729,27914,0,4368.846191,4377.05127,4482.436035,4509.230957,4386.282227,4488.846191,4523.077148,4364.358887,4548.077148,4368.589844,4478.333496,4501.666504,4544.487305,4378.333496,4370.769043,4489.743652,4521.410156,4514.230957,4495.384766,4371.666504,4384.230957,4546.538574,4510,4483.846191,4385,4558.846191,4373.205078,4542.692383,4494.615234,4386.153809,4510.256348,4490.256348,1870,1,24,2304,38612,,,,0,4,4,4,4,4,4,4,4,4,4,4,4,4,4,4,4,4,4,4,4,4,4,4,4,4,4,4,4,4,4,4,4,100,,,,,,,,,,,,,,,,,,,,,,,,,,,,,,,,,,,,,,,,,,,,,,,,,,,,,,,,,,,,,,,,,,,,,,,,,,,,,,,,,,,,,,,,,,,,,,,,,,,,,,,,,,,,,,,,,,,,,,,,,,,,,,,,,,,,,,,,,,,,,,,,,,,,,,,,,,,,,,,,,,,,,,,,,,,,,,,,,,,,,,,,,,,,,,,,,,,,,,,,,,,,,,
1764665424.199636,27915,0,4373.974121,4386.794922,4494.230957,4519.230957,4396.794922,4498.717773,4531.538574,4373.205078,4558.846191,4382.94873,4486.410156,4509.358887,4554.102539,4388.461426,4380.641113,4496.410156,4529.871582,4519.743652,4499.871582,4376.794922,4390.897461,4553.974121,4517.436035,4492.94873,4393.333496,4570.256348,4382.563965,4548.717773,4498.846191,4390.384766,4517.307617,4500.769043,2689,1,24,2304,38612,,,,0,4,4,4,4,4,4,4,4,4,4,4,4,4,4,4,4,4,4,4,4,4,4,4,4,4,4,4,4,4,4,4,4,100,,,,,,,,,,,,,,,,,,,,,,,,,,,,,,,,,,,,,,,,,,,,,,,,,,,,,,,,,,,,,,,,,,,,,,,,,,,,,,,,,,,,,,,,,,,,,,,,,,,,,,,,,,,,,,,,,,,,,,,,,,,,,,,,,,,,,,,,,,,,,,,,,,,,,,,,,,,,,,,,,,,,,,,,,,,,,,,,,,,,,,,,,,,,,,,,,,,,,,,,,,,,,,
1764665424.203542,27916,0,4383.077148,4395.769043,4505.897461,4528.077148,4404.230957,4509.615234,4540.128418,4381.282227,4569.102539,4397.820313,4492.563965,4518.333496,4565.128418,4396.922852,4392.563965,4505.641113,4538.846191,4528.974121,4507.307617,4381.153809,4395.512695,4564.102539,4526.282227,4502.307617,4397.563965,4581.538574,4392.94873,4554.871582,4503.077148,4395.384766,4523.717773,4510.769043,2488,1,24,2560,38620,,,,0,4,4,4,4,4,4,4,4,4,4,4,4,4,4,4,4,4,4,4,4,4,4,4,4,4,4,4,4,4,4,4,4,100,,,,,,,,,,,,,,,,,,,,,,,,,,,,,,,,,,,,,,,,,,,,,,,,,,,,,,,,,,,,,,,,,,,,,,,,,,,,,,,,,,,,,,,,,,,,,,,,,,,,,,,,,,,,,,,,,,,,,,,,,,,,,,,,,,,,,,,,,,,,,,,,,,,,,,,,,,,,,,,,,,,,,,,,,,,,,,,,,,,,,,,,,,,,,,,,,,,,,,,,,,,,,,
1764665424.207449,27917,0,4392.94873,4400.897461,4512.820313,4532.692383,4407.436035,4517.820313,4547.692383,4387.307617,4575.641113,4407.179688,4496.282227,4525.769043,4574.230957,4401.794922,4401.538574,4513.077148,4546.025879,4538.589844,4513.589844,4382.820313,4396.153809,4572.307617,4533.974121,4507.820313,4398.717773,4587.436035,4399.358887,4560.256348,4507.05127,4400.384766,4528.333496,4516.538574,2201,1,24,2560,38620,,,,0,4,4,4,4,4,4,4,4,4,4,4,4,4,4,4,4,4,4,4,4,4,4,4,4,4,4,4,4,4,4,4,4,100,,,,,,,,,,,,,,,,,,,,,,,,,,,,,,,,,,,39747,0,0.019761,-0.694031,-0.719604,-0.01001,0.995239,0.042974,0.028324,19.333334,-0.166667,54.666668,,,,,,,,,,,,,,,,,,,,,,,,,,,,,,,,,,,,,,,,,,,,,,,,,,,,,,,,,,,,,,,,,,,,,,,,,,,,,,,,,,,,,,,,,,,,,,,,,,,,,,,,,,,,,,,,,,,,,,,,,,,,,,,,,,,,,,,,,,,,,,,,,,,,,,,,,,,,,,,,
1764665424.211355,27918,0,4397.563965,4399.358887,4510.897461,4530.128418,4405.128418,4518.589844,4551.282227,4388.333496,4575.384766,4406.153809,4496.282227,4527.94873,4577.05127,4400.512695,4402.692383,4513.846191,4548.077148,4542.179688,4514.102539,4378.846191,4390.769043,4573.077148,4536.410156,4505.641113,4396.153809,4583.461426,4397.05127,4562.05127,4507.94873,4401.410156,4527.563965,4513.717773,2704,1,24,2560,38628,,,,0,4,4,4,4,4,4,4,4,4,4,4,4,4,4,4,4,4,4,4,4,4,4,4,4,4,4,4,4,4,4,4,4,100,,,,,,,,,,,,,,,,,,,,,,,,,,,,,,,,,,,,,,,,,,,,,,,,,,,,,,,,,,,,,,,,,,,,,,,,,,,,,,,,,,,,,,,,,,,,,,,,,,,,,,,,,,,,,,,,,,,,,,,,,,,,,,,,,,,,,,,,,,,,,,,,,,,,,,,,,,,,,,,,,,,,,,,,,,,,,,,,,,,,,,,,,,,,,,,,,,,,,,,,,,,,,,
1764665424.215262,27919,0,4392.05127,4390.512695,4499.615234,4519.487305,4397.307617,4510.384766,4546.922852,4381.666504,4567.307617,4394.358887,4491.666504,4522.692383,4570.897461,4392.563965,4393.589844,4505.641113,4542.692383,4535.512695,4507.05127,4367.692383,4379.102539,4563.974121,4530.769043,4494.358887,4387.563965,4569.358887,4384.615234,4557.05127,4502.94873,4394.615234,4518.077148,4501.794922,2487,1,24,2560,38628,,,,0,4,4,4,4,4,4,4,4,4,4,4,4,4,4,4,4,4,4,4,4,4,4,4,4,4,4,4,4,4,4,4,4,100,,,,,,,,,,,,,,,,,,,,,,,,,,,,,,,,,,,,,,,,,,,,,,,,,,,,,,,,,,,,,,,,,,,,,,,,,,,,,,,,,,,,,,,,,,,,,,,,,,,,,,,,,,,,,,,,,,,,,,,,,,,,,,,,,,,,,,,,,,,,,,,,,,,,,,,,,,,,,,,,,,,,,,,,,,,,,,,,,,,,,,,,,,,,,,,,,,,,,,,,,,,,,,
1764665424.219168,27920,0,4379.230957,4378.589844,4484.743652,4505,4386.922852,4497.05127,4535.128418,4368.717773,4554.743652,4377.436035,4483.717773,4513.205078,4558.846191,4381.794922,4379.102539,4492.307617,4532.436035,4520.897461,4496.153809,4353.077148,4365.256348,4549.487305,4519.358887,4478.717773,4373.589844,4551.153809,4367.563965,4545.897461,4493.077148,4382.179688,4502.94873,4486.282227,2857,1,24,2561,38636,,,,0,4,4,4,4,4,4,4,4,4,4,4,4,4,4,4,4,4,4,4,4,4,4,4,4,4,4,4,4,4,4,4,4,100,,,,,,,,,,,,,,,,,,,,,,,,,,,,,,,,,,,,,,,,,,,,,,,,,,,,,,,,,,,,,,,,,,,,,,,,,,,,,,,,,,,,,,,,,,,,,,,,,,,,,,,,,,,,,,,,,,,,,,,,,,,,,,,,,,,,,,,,,,,,,,,,,,,,,,,,,,,,,,,,,,,,,,,,,,,,,,,,,,,,,,,,,,,,,,,,,,,,,,,,,,,,,,
1764665424.223075,27921,0,4368.461426,4370.897461,4475.897461,4494.487305,4379.871582,4487.307617,4522.820313,4357.05127,4545.128418,4365.128418,4477.692383,4507.05127,4548.461426,4374.743652,4368.077148,4482.94873,4525,4508.205078,4488.333496,4343.077148,4356.153809,4539.230957,4509.743652,4467.563965,4360.256348,4538.589844,4355.897461,4535.256348,4483.974121,4372.179688,4491.153809,4476.666504,2912,1,24,2561,38636,,,,0,4,4,4,4,4,4,4,4,4,4,4,4,4,4,4,4,4,4,4,4,4,4,4,4,4,4,4,4,4,4,4,4,100,,,,,,,,,,,,,,,,,,,,,,,,,,,,,,,,,,,39748,0,0.019761,-0.694031,-0.719604,-0.01001,0.994262,0.042974,0.035649,18.666666,0.333333,54.5,,,,,,,,,,,,,,,,,,,,,,,,,,,,,,,,,,,,,,,,,,,,,,,,,,,,,,,,,,,,,,,,,,,,,,,,,,,,,,,,,,,,,,,,,,,,,,,,,,,,,,,,,,,,,,,,,,,,,,,,,,,,,,,,,,,,,,,,,,,,,,,,,,,,,,,,,,,,,,,,
1764665424.226981,27922,0,4369.230957,4373.974121,4479.743652,4494.487305,4381.794922,4488.974121,4519.871582,4355.128418,4545.512695,4366.410156,4479.487305,4511.153809,4548.205078,4376.153809,4368.333496,4485.641113,4527.820313,4507.179688,4489.230957,4345.641113,4358.205078,4541.538574,4510.128418,4468.461426,4354.615234,4538.589844,4357.563965,4533.974121,4482.563965,4373.077148,4491.666504,4479.871582,1767,1,24,2562,38644,,,,0,4,4,4,4,4,4,4,4,4,4,4,4,4,4,4,4,4,4,4,4,4,4,4,4,4,4,4,4,4,4,4,4,100,,,,,,,,,,,,,,,,,,,,,,,,,,,,,,,,,,,,,,,,,,,,,,,,,,,,,,,,,,,,,,,,,,,,,,,,,,,,,,,,,,,,,,,,,,,,,,,,,,,,,,,,,,,,,,,,,,,,,,,,,,,,,,,,,,,,,,,,,,,,,,,,,,,,,,,,,,,,,,,,,,,,,,,,,,,,,,,,,,,,,,,,,,,,,,,,,,,,,,,,,,,,,,
1764665424.230887,27923,0,4382.94873,4388.846191,4495.897461,4505.512695,4393.717773,4502.307617,4530.897461,4366.410156,4557.436035,4382.563965,4490.641113,4525.897461,4560,4385.128418,4380.769043,4501.025879,4542.179688,4520.128418,4499.102539,4362.179688,4372.05127,4557.307617,4522.94873,4482.436035,4360.128418,4550.897461,4372.94873,4546.282227,4491.025879,4386.410156,4506.153809,4494.871582,2933,1,24,2562,38644,,,,0,4,4,4,4,4,4,4,4,4,4,4,4,4,4,4,4,4,4,4,4,4,4,4,4,4,4,4,4,4,4,4,4,100,,,,,,,,,,,,,,,,,,,,,,,,,,,,,,,,,,,,,,,,,,,,,,,,,,,,,,,,,,,,,,,,,,,,,,,,,,,,,,,,,,,,,,,,,,,,,,,,,,,,,,,,,,,,,,,,,,,,,,,,,,,,,,,,,,,,,,,,,,,,,,,,,,,,,,,,,,,,,,,,,,,,,,,,,,,,,,,,,,,,,,,,,,,,,,,,,,,,,,,,,,,,,,
1764665424.234794,27924,0,4401.666504,4408.205078,4515.512695,4521.538574,4409.743652,4520,4550.384766,4385.128418,4574.102539,4404.871582,4505.384766,4543.717773,4577.436035,4395.384766,4397.692383,4520.128418,4561.666504,4538.846191,4512.820313,4385,4391.282227,4578.333496,4541.666504,4502.05127,4373.846191,4567.94873,4393.461426,4566.666504,4504.358887,4404.615234,4526.538574,4512.820313,2535,1,24,2563,38651,,,,0,4,4,4,4,4,4,4,4,4,4,4,4,4,4,4,4,4,4,4,4,4,4,4,4,4,4,4,4,4,4,4,4,100,,,,,,,,,,,,,,,,,,,,,,,,,,,,,,,,,,,,,,,,,,,,,,,,,,,,,,,,,,,,,,,,,,,,,,,,,,,,,,,,,,,,,,,,,,,,,,,,,,,,,,,,,,,,,,,,,,,,,,,,,,,,,,,,,,,,,,,,,,,,,,,,,,,,,,,,,,,,,,,,,,,,,,,,,,,,,,,,,,,,,,,,,,,,,,,,,,,,,,,,,,,,,,
1764665424.238700,27925,0,4411.922852,4419.871582,4526.282227,4531.794922,4420.128418,4530.256348,4564.871582,4399.102539,4584.743652,4418.589844,4513.205078,4553.205078,4588.717773,4399.102539,4407.820313,4530.256348,4574.487305,4550.384766,4522.436035,4400.512695,4404.743652,4591.666504,4553.077148,4515.384766,4388.077148,4578.589844,4405.769043,4581.922852,4513.333496,4415,4539.230957,4522.436035,2808,1,24,2563,38651,,,,0,4,4,4,4,4,4,4,4,4,4,4,4,4,4,4,4,4,4,4,4,4,4,4,4,4,4,4,4,4,4,4,4,100,,,,,,,,,,,,,,,,,,,,,,,,,,,,,,,,,,,39749,0,0.019681,-0.69397,-0.719666,-0.01001,0.99182,0.039067,0.049811,19.666666,0.166667,53,,,,,,,,,,,,,,,,,,,,,,,,,,,,,,,,,,,,,,,,,,,,,,,,,,,,,,,,,,,,,,,,,,,,,,,,,,,,,,,,,,,,,,,,,,,,,,,,,,,,,,,,,,,,,,,,,,,,,,,,,,,,,,,,,,,,,,,,,,,,,,,,,,,,,,,,,,,,,,,,
1764665424.242607,27926,0,4404.871582,4415.384766,4519.487305,4528.077148,4416.666504,4525.641113,4562.436035,4397.692383,4580.769043,4412.436035,4506.666504,4546.794922,4584.487305,4392.05127,4403.717773,4524.487305,4571.410156,4546.025879,4522.05127,4398.846191,4403.974121,4588.974121,4547.436035,4513.974121,4394.871582,4576.153809,4401.153809,4580.641113,4511.153809,4409.358887,4534.743652,4516.410156,2924,1,24,2564,38659,,,,0,4,4,4,4,4,4,4,4,4,4,4,4,4,4,4,4,4,4,4,4,4,4,4,4,4,4,4,4,4,4,4,4,100,,,,,,,,,,,,,,,,,,,,,,,,,,,,,,,,,,,,,,,,,,,,,,,,,,,,,,,,,,,,,,,,,,,,,,,,,,,,,,,,,,,,,,,,,,,,,,,,,,,,,,,,,,,,,,,,,,,,,,,,,,,,,,,,,,,,,,,,,,,,,,,,,,,,,,,,,,,,,,,,,,,,,,,,,,,,,,,,,,,,,,,,,,,,,,,,,,,,,,,,,,,,,,
1764665424.246513,27927,0,4383.974121,4397.179688,4498.846191,4512.179688,4400.769043,4509.487305,4543.077148,4381.282227,4564.743652,4388.974121,4489.102539,4528.205078,4566.025879,4377.94873,4388.333496,4507.179688,4553.077148,4529.230957,4513.461426,4382.94873,4391.282227,4573.205078,4527.692383,4500.512695,4392.307617,4563.333496,4383.077148,4563.333496,4499.487305,4390.769043,4516.282227,4498.461426,2839,1,24,2564,38659,,,,0,4,4,4,4,4,4,4,4,4,4,4,4,4,4,4,4,4,4,4,4,4,4,4,4,4,4,4,4,4,4,4,4,100,,,,,,,,,,,,,,,,,,,,,,,,,,,,,,,,,,,,,,,,,,,,,,,,,,,,,,,,,,,,,,,,,,,,,,,,,,,,,,,,,,,,,,,,,,,,,,,,,,,,,,,,,,,,,,,,,,,,,,,,,,,,,,,,,,,,,,,,,,,,,,,,,,,,,,,,,,,,,,,,,,,,,,,,,,,,,,,,,,,,,,,,,,,,,,,,,,,,,,,,,,,,,,
1764665424.250420,27928,0,4363.846191,4378.846191,4479.230957,4495.897461,4384.358887,4494.102539,4520.128418,4362.692383,4549.487305,4364.615234,4472.692383,4510.897461,4546.153809,4365.769043,4373.717773,4491.410156,4531.538574,4514.487305,4505.256348,4367.05127,4379.230957,4557.436035,4508.846191,4487.436035,4386.282227,4551.153809,4366.025879,4543.846191,4487.692383,4373.461426,4498.717773,4482.179688,2752,1,24,2564,38667,,,,0,4,4,4,4,4,4,4,4,4,4,4,4,4,4,4,4,4,4,4,4,4,4,4,4,4,4,4,4,4,4,4,4,100,,,,,,,,,,,,,,,,,,,,,,,,,,,,,,,,,,,,,,,,,,,,,,,,,,,,,,,,,,,,,,,,,,,,,,,,,,,,,,,,,,,,,,,,,,,,,,,,,,,,,,,,,,,,,,,,,,,,,,,,,,,,,,,,,,,,,,,,,,,,,,,,,,,,,,,,,,,,,,,,,,,,,,,,,,,,,,,,,,,,,,,,,,,,,,,,,,,,,,,,,,,,,,
1764665424.254326,27929,0,4358.846191,4374.102539,4476.153809,4493.205078,4380.384766,4491.410156,4509.743652,4357.563965,4547.94873,4357.307617,4468.974121,4507.692383,4539.102539,4363.461426,4371.153809,4488.717773,4521.538574,4514.358887,4506.025879,4365.641113,4380.512695,4554.615234,4505.384766,4487.05127,4385.897461,4550.256348,4363.717773,4537.820313,4485.128418,4372.05127,4497.307617,4480.641113,2818,1,24,2564,38667,,,,0,4,4,4,4,4,4,4,4,4,4,4,4,4,4,4,4,4,4,4,4,4,4,4,4,4,4,4,4,4,4,4,4,100,,,,,,,,,,,,,,,,,,,,,,,,,,,,,,,,,,,39750,0,0.017306,-0.69397,-0.719727,-0.01001,1.002075,0.031254,0.038579,19.5,-1.166667,55,,,,,,,,,,,,,,,,,,,,,,,,,,,,,,,,,,,,,,,,,,,,,,,,,,,,,,,,,,,,,,,,,,,,,,,,,,,,,,,,,,,,,,,,,,,,,,,,,,,,,,,,,,,,,,,,,,,,,,,,,,,,,,,,,,,,,,,,,,,,,,,,,,,,,,,,,,,,,,,,
1764665424.258233,27930,0,4371.282227,4385.641113,4491.538574,4507.692383,4391.666504,4503.717773,4518.589844,4370.384766,4562.179688,4372.436035,4479.743652,4520.128418,4548.589844,4371.153809,4381.794922,4500,4529.102539,4529.743652,4516.153809,4380.769043,4396.410156,4566.538574,4518.974121,4500.256348,4394.615234,4561.538574,4378.205078,4549.871582,4493.461426,4388.846191,4514.230957,4496.025879,1939,1,24,2565,38675,,,,0,4,4,4,4,4,4,4,4,4,4,4,4,4,4,4,4,4,4,4,4,4,4,4,4,4,4,4,4,4,4,4,4,100,,,,,,,,,,,,,,,,,,,,,,,,,,,,,,,,,,,,,,,,,,,,,,,3.338988,9.269674,1.396686,0.760144,1.027659,3.623609,11.173174,1.960347,1.03195,1.091014,3.711421,9.422982,1.843183,1.252765,1.36626,2.38303,6.155689,1.119311,1.109136,1.315415,2.851659,11.270235,1.392395,1.068315,1.127652,3.950843,10.085116,1.398401,1.005534,0.970495,2.877084,6.763325,0.942196,1.119391,1.132102,2.584856,6.890858,0.892237,1.326737,1.229025,2.880222,3.562932,1.241353,1.050624,1.563338,2.023044,3.924078,1.186223,1.847909,1.814606,1.441334,3.021341,0.628503,0.54368,0.931954,3.501331,7.80723,1.386601,0.731559,1.168922,2.589044,4.109457,0.944364,0.612126,0.854675,1.300711,0.831218,0.364362,0.440827,0.628879,1.911311,1.293792,0.72036,0.557017,1.138304,1.397454,4.411179,1.145735,0.610638,0.469663,5.141005,11.164561,3.191466,0.899548,1.183192,2.500533,10.07778,3.146175,0.880641,1.029468,1.625386,7.335909,2.165687,0.753848,0.775876,2.160627,6.829309,2.068664,0.761781,0.829342,2.28852,8.733842,2.806226,1.06351,0.891836,3.203732,10.591471,3.737253,1.141148,1.163386,2.498374,6.814504,1.853885,0.858922,1.060982,2.436893,6.871098,2.259459,1.153593,1.086935,2.62988,6.937768,2.074135,2.054724,1.636004,1.919592,3.354672,1.307705,1.077511,0.961158,2.230796,9.352311,2.510443,1.180772,1.297213,3.287006,10.394321,2.651185,1.156082,1.255161,1.590548,6.037447,0.859224,0.521216,0.559339,2.877408,10.566005,1.520222,1.228701,1.165194,2.3439,8.566505,1.925366,1.177618,1.213861,2.478857,8.342307,1.746156,0.937214,1.287026
1764665424.262139,27931,0,4390.256348,4403.205078,4513.846191,4529.615234,4408.974121,4522.307617,4538.846191,4391.922852,4581.794922,4399.102539,4496.153809,4538.205078,4565.769043,4381.282227,4396.282227,4516.153809,4546.410156,4548.589844,4527.692383,4400.641113,4416.282227,4582.436035,4537.692383,4516.153809,4406.538574,4575.512695,4398.461426,4569.358887,4505.512695,4411.794922,4537.307617,4517.692383,2628,1,24,2565,38675,,,,0,4,4,4,4,4,4,4,4,4,4,4,4,4,4,4,4,4,4,4,4,4,4,4,4,4,4,4,4,4,4,4,4,100,,,,,,,,,,,,,,,,,,,,,,,,,,,,,,,,,,,,,,,,,,,,,,,,,,,,,,,,,,,,,,,,,,,,,,,,,,,,,,,,,,,,,,,,,,,,,,,,,,,,,,,,,,,,,,,,,,,,,,,,,,,,,,,,,,,,,,,,,,,,,,,,,,,,,,,,,,,,,,,,,,,,,,,,,,,,,,,,,,,,,,,,,,,,,,,,,,,,,,,,,,,,,,
1764665424.266046,27932,0,4401.922852,4413.205078,4527.563965,4544.743652,4418.974121,4534.615234,4555.256348,4407.307617,4593.589844,4419.487305,4506.922852,4548.461426,4577.179688,4386.410156,4403.846191,4525.769043,4559.230957,4557.179688,4531.282227,4410.384766,4425.897461,4588.717773,4547.179688,4522.692383,4412.436035,4581.538574,4409.743652,4581.282227,4511.666504,4425.128418,4550.512695,4530.897461,2692,1,24,2566,38683,,,,0,4,4,4,4,4,4,4,4,4,4,4,4,4,4,4,4,4,4,4,4,4,4,4,4,4,4,4,4,4,4,4,4,100,,,,,,,,,,,,,,,,,,,,,,,,,,,,,,,,,,,,,,,,,,,,,,,,,,,,,,,,,,,,,,,,,,,,,,,,,,,,,,,,,,,,,,,,,,,,,,,,,,,,,,,,,,,,,,,,,,,,,,,,,,,,,,,,,,,,,,,,,,,,,,,,,,,,,,,,,,,,,,,,,,,,,,,,,,,,,,,,,,,,,,,,,,,,,,,,,,,,,,,,,,,,,,
1764665424.269952,27933,0,4400.128418,4410.128418,4525.897461,4544.102539,4416.410156,4533.589844,4557.436035,4407.820313,4591.153809,4421.922852,4506.794922,4544.102539,4575.897461,4384.615234,4401.282227,4524.102539,4558.205078,4550.512695,4523.974121,4403.589844,4419.743652,4579.871582,4541.666504,4515.256348,4408.205078,4575.897461,4405.384766,4577.436035,4508.205078,4421.538574,4546.538574,4528.077148,2530,1,24,2566,38683,,,,0,4,4,4,4,4,4,4,4,4,4,4,4,4,4,4,4,4,4,4,4,4,4,4,4,4,4,4,4,4,4,4,4,100,,,,,,,,,,,,,,,,,,,,,,,,,,,,,,,,,,,39751,0,0.017199,-0.69397,-0.719727,-0.010193,1.002075,0.031254,0.038579,18.333334,1.5,53.333332,,,,,,,,,,,,,,,,,,,,,,,,,,,,,,,,,,,,,,,,,,,,,,,,,,,,,,,,,,,,,,,,,,,,,,,,,,,,,,,,,,,,,,,,,,,,,,,,,,,,,,,,,,,,,,,,,,,,,,,,,,,,,,,,,,,,,,,,,,,,,,,,,,,,,,,,,,,,,,,,
1764665424.273859,27934,0,4388.846191,4398.205078,4512.94873,4530.256348,4405.128418,4521.666504,4546.153809,4396.153809,4578.717773,4407.94873,4498.589844,4529.102539,4565.128418,4379.358887,4393.077148,4514.102539,4544.871582,4534.743652,4510.641113,4385.641113,4402.692383,4561.538574,4526.282227,4499.102539,4397.563965,4562.820313,4389.615234,4561.922852,4498.205078,4405.769043,4530,4512.307617,2658,1,24,2567,38691,,,,0,4,4,4,4,4,4,4,4,4,4,4,4,4,4,4,4,4,4,4,4,4,4,4,4,4,4,4,4,4,4,4,4,100,,,,,,,,,,,,,,,,,,,,,,,,,,,,,,,,,,,,,,,,,,,,,,,,,,,,,,,,,,,,,,,,,,,,,,,,,,,,,,,,,,,,,,,,,,,,,,,,,,,,,,,,,,,,,,,,,,,,,,,,,,,,,,,,,,,,,,,,,,,,,,,,,,,,,,,,,,,,,,,,,,,,,,,,,,,,,,,,,,,,,,,,,,,,,,,,,,,,,,,,,,,,,,
1764665424.277765,27935,0,4376.410156,4385.897461,4497.307617,4512.05127,4392.436035,4506.794922,4530.641113,4380.641113,4565.384766,4388.461426,4488.717773,4512.820313,4553.589844,4375.512695,4385.897461,4502.563965,4528.205078,4520.128418,4498.461426,4367.436035,4384.487305,4544.230957,4510.256348,4483.077148,4386.794922,4549.230957,4371.410156,4544.358887,4488.461426,4388.589844,4511.922852,4492.820313,2821,1,24,2567,38691,,,,0,4,4,4,4,4,4,4,4,4,4,4,4,4,4,4,4,4,4,4,4,4,4,4,4,4,4,4,4,4,4,4,4,100,,,,,,,,,,,,,,,,,,,,,,,,,,,,,,,,,,,,,,,,,,,,,,,,,,,,,,,,,,,,,,,,,,,,,,,,,,,,,,,,,,,,,,,,,,,,,,,,,,,,,,,,,,,,,,,,,,,,,,,,,,,,,,,,,,,,,,,,,,,,,,,,,,,,,,,,,,,,,,,,,,,,,,,,,,,,,,,,,,,,,,,,,,,,,,,,,,,,,,,,,,,,,,
1764665424.281672,27936,0,4368.846191,4378.205078,4485.512695,4498.846191,4383.717773,4495.769043,4519.743652,4368.974121,4557.94873,4374.230957,4481.922852,4502.94873,4548.205078,4375,4382.94873,4495.384766,4517.179688,4513.333496,4491.538574,4357.307617,4372.436035,4534.743652,4500.897461,4473.205078,4378.717773,4539.230957,4358.205078,4532.692383,4483.077148,4377.94873,4500.641113,4477.94873,2760,1,24,2567,38698,,,,0,4,4,4,4,4,4,4,4,4,4,4,4,4,4,4,4,4,4,4,4,4,4,4,4,4,4,4,4,4,4,4,4,100,,,,,,,,,,,,,,,,,,,,,,,,,,,,,,,,,,,,,,,,,,,,,,,,,,,,,,,,,,,,,,,,,,,,,,,,,,,,,,,,,,,,,,,,,,,,,,,,,,,,,,,,,,,,,,,,,,,,,,,,,,,,,,,,,,,,,,,,,,,,,,,,,,,,,,,,,,,,,,,,,,,,,,,,,,,,,,,,,,,,,,,,,,,,,,,,,,,,,,,,,,,,,,
1764665424.285578,27937,0,4367.05127,4375.897461,4480,4494.615234,4379.743652,4490.641113,4516.666504,4364.358887,4557.307617,4369.358887,4479.487305,4501.666504,4550,4376.666504,4382.94873,4494.102539,4515,4514.102539,4490.256348,4356.794922,4368.077148,4533.333496,4499.615234,4470.512695,4371.666504,4534.102539,4353.077148,4529.487305,4482.563965,4375.897461,4498.205078,4471.666504,2923,1,24,2567,38698,,,,0,4,4,4,4,4,4,4,4,4,4,4,4,4,4,4,4,4,4,4,4,4,4,4,4,4,4,4,4,4,4,4,4,100,,,,,,,,,,,,,,,,,,,,,,,,,,,,,,,,,,,39752,0,0.01965,-0.69397,-0.719666,-0.010071,1.002075,0.030765,0.038091,19.666666,0.5,54.666668,,,,,,,,,,,,,,,,,,,,,,,,,,,,,,,,,,,,,,,,,,,,,,,,,,,,,,,,,,,,,,,,,,,,,,,,,,,,,,,,,,,,,,,,,,,,,,,,,,,,,,,,,,,,,,,,,,,,,,,,,,,,,,,,,,,,,,,,,,,,,,,,,,,,,,,,,,,,,,,,
1764665424.289485,27938,0,4368.205078,4376.410156,4480,4497.436035,4378.846191,4489.871582,4519.230957,4365.128418,4559.871582,4371.410156,4480.384766,4505.512695,4554.615234,4378.205078,4383.205078,4497.692383,4519.358887,4518.589844,4492.436035,4361.794922,4368.461426,4535.641113,4503.205078,4472.307617,4363.846191,4533.333496,4354.743652,4532.179688,4485,4379.102539,4501.666504,4473.333496,2596,1,24,2563,38706,,,,0,4,4,4,4,4,4,4,4,4,4,4,4,4,4,4,4,4,4,4,4,4,4,4,4,4,4,4,4,4,4,4,4,100,,,,,,,,,,,,,,,,,,,,,,,,,,,,,,,,,,,,,,,,,,,,,,,,,,,,,,,,,,,,,,,,,,,,,,,,,,,,,,,,,,,,,,,,,,,,,,,,,,,,,,,,,,,,,,,,,,,,,,,,,,,,,,,,,,,,,,,,,,,,,,,,,,,,,,,,,,,,,,,,,,,,,,,,,,,,,,,,,,,,,,,,,,,,,,,,,,,,,,,,,,,,,,
1764665424.293391,27939,0,4369.230957,4377.05127,4482.05127,4501.410156,4378.589844,4490.641113,4523.333496,4367.692383,4560.769043,4375.384766,4482.94873,4509.487305,4557.563965,4378.077148,4381.922852,4503.077148,4524.871582,4522.820313,4496.025879,4366.538574,4370,4537.94873,4507.05127,4474.871582,4356.922852,4535.641113,4359.102539,4536.282227,4487.692383,4383.333496,4505.769043,4479.358887,2861,1,24,2563,38706,,,,0,4,4,4,4,4,4,4,4,4,4,4,4,4,4,4,4,4,4,4,4,4,4,4,4,4,4,4,4,4,4,4,4,100,,,,,,,,,,,,,,,,,,,,,,,,,,,,,,,,,,,,,,,,,,,,,,,,,,,,,,,,,,,,,,,,,,,,,,,,,,,,,,,,,,,,,,,,,,,,,,,,,,,,,,,,,,,,,,,,,,,,,,,,,,,,,,,,,,,,,,,,,,,,,,,,,,,,,,,,,,,,,,,,,,,,,,,,,,,,,,,,,,,,,,,,,,,,,,,,,,,,,,,,,,,,,,
1764665424.297298,27940,0,4368.717773,4376.538574,4482.307617,4501.282227,4377.179688,4490.897461,4525.641113,4368.205078,4557.94873,4377.692383,4485.384766,4509.871582,4556.922852,4376.538574,4379.487305,4506.794922,4527.05127,4524.615234,4498.846191,4367.436035,4370,4538.589844,4508.205078,4475.897461,4354.487305,4538.589844,4362.05127,4538.333496,4488.333496,4384.487305,4506.922852,4484.358887,2749,1,24,2564,38714,,,,0,4,4,4,4,4,4,4,4,4,4,4,4,4,4,4,4,4,4,4,4,4,4,4,4,4,4,4,4,4,4,4,4,100,,,,,,,,,,,,,,,,,,,,,,,,,,,,,,,,,,,,,,,,,,,,,,,,,,,,,,,,,,,,,,,,,,,,,,,,,,,,,,,,,,,,,,,,,,,,,,,,,,,,,,,,,,,,,,,,,,,,,,,,,,,,,,,,,,,,,,,,,,,,,,,,,,,,,,,,,,,,,,,,,,,,,,,,,,,,,,,,,,,,,,,,,,,,,,,,,,,,,,,,,,,,,,
1764665424.301204,27941,0,4367.563965,4375,4478.589844,4496.025879,4374.102539,4489.871582,4525.384766,4365.384766,4553.077148,4377.436035,4486.153809,4507.05127,4553.333496,4375.128418,4377.692383,4506.922852,4525,4523.974121,4500,4364.487305,4368.205078,4538.717773,4506.922852,4475.512695,4357.563965,4539.871582,4361.410156,4537.692383,4486.282227,4381.025879,4504.358887,4484.487305,2792,1,24,2564,38714,,,,0,4,4,4,4,4,4,4,4,4,4,4,4,4,4,4,4,4,4,4,4,4,4,4,4,4,4,4,4,4,4,4,4,100,,,,,,,,,,,,,,,,,,,,,,,,,,,,,,,,,,,39753,0,0.017361,-0.694031,-0.719666,-0.010071,1.015749,0.041021,0.044927,19.666666,1.666667,55.5,,,,,,,,,,,,,,,,,,,,,,,,,,,,,,,,,,,,,,,,,,,,,,,,,,,,,,,,,,,,,,,,,,,,,,,,,,,,,,,,,,,,,,,,,,,,,,,,,,,,,,,,,,,,,,,,,,,,,,,,,,,,,,,,,,,,,,,,,,,,,,,,,,,,,,,,,,,,,,,,
1764665424.305111,27942,0,4367.94873,4373.974121,4473.077148,4489.615234,4371.282227,4488.333496,4523.333496,4361.410156,4550.384766,4375.641113,4485.256348,4504.230957,4549.615234,4375.128418,4377.820313,4504.102539,4521.538574,4521.666504,4499.871582,4360.384766,4366.410156,4540,4505.384766,4475.128418,4362.94873,4538.589844,4358.717773,4535.641113,4483.333496,4374.102539,4499.743652,4479.487305,2806,1,24,2565,38722,,,,0,4,4,4,4,4,4,4,4,4,4,4,4,4,4,4,4,4,4,4,4,4,4,4,4,4,4,4,4,4,4,4,4,100,,,,,,,,,,,,,,,,,,,,,,,,,,,,,,,,,,,,,,,,,,,,,,,,,,,,,,,,,,,,,,,,,,,,,,,,,,,,,,,,,,,,,,,,,,,,,,,,,,,,,,,,,,,,,,,,,,,,,,,,,,,,,,,,,,,,,,,,,,,,,,,,,,,,,,,,,,,,,,,,,,,,,,,,,,,,,,,,,,,,,,,,,,,,,,,,,,,,,,,,,,,,,,
1764665424.309017,27943,0,4371.153809,4375.256348,4470,4487.94873,4371.922852,4488.333496,4521.794922,4360.128418,4552.436035,4373.589844,4484.358887,4505,4548.461426,4377.307617,4379.871582,4500.641113,4521.282227,4519.358887,4499.743652,4358.077148,4366.922852,4543.589844,4506.282227,4476.025879,4365.769043,4536.153809,4357.179688,4534.871582,4482.692383,4368.589844,4497.05127,4473.461426,2987,1,24,2565,38722,,,,0,4,4,4,4,4,4,4,4,4,4,4,4,4,4,4,4,4,4,4,4,4,4,4,4,4,4,4,4,4,4,4,4,100,,,,,,,,,,,,,,,,,,,,,,,,,,,,,,,,,,,,,,,,,,,,,,,,,,,,,,,,,,,,,,,,,,,,,,,,,,,,,,,,,,,,,,,,,,,,,,,,,,,,,,,,,,,,,,,,,,,,,,,,,,,,,,,,,,,,,,,,,,,,,,,,,,,,,,,,,,,,,,,,,,,,,,,,,,,,,,,,,,,,,,,,,,,,,,,,,,,,,,,,,,,,,,
1764665424.312924,27944,0,4376.410156,4378.974121,4472.436035,4493.333496,4376.666504,4491.538574,4521.794922,4363.846191,4558.077148,4371.794922,4484.871582,4510.128418,4550.897461,4380.769043,4382.179688,4498.846191,4527.179688,4518.974121,4500.128418,4358.717773,4370.128418,4549.358887,4509.743652,4478.333496,4363.589844,4535.256348,4359.102539,4537.179688,4486.025879,4368.974121,4498.717773,4471.538574,2866,1,24,2566,38730,,,,0,4,4,4,4,4,4,4,4,4,4,4,4,4,4,4,4,4,4,4,4,4,4,4,4,4,4,4,4,4,4,4,4,100,,,,,,,,,,,,,,,,,,,,,,,,,,,,,,,,,,,,,,,,,,,,,,,,,,,,,,,,,,,,,,,,,,,,,,,,,,,,,,,,,,,,,,,,,,,,,,,,,,,,,,,,,,,,,,,,,,,,,,,,,,,,,,,,,,,,,,,,,,,,,,,,,,,,,,,,,,,,,,,,,,,,,,,,,,,,,,,,,,,,,,,,,,,,,,,,,,,,,,,,,,,,,,
1764665424.316830,27945,0,4380.769043,4383.333496,4478.846191,4501.410156,4382.820313,4496.794922,4523.461426,4370.512695,4563.974121,4370.641113,4487.05127,4516.922852,4555.256348,4382.94873,4382.820313,4499.743652,4536.538574,4521.410156,4500.769043,4360.512695,4374.102539,4555.512695,4513.974121,4480.897461,4357.820313,4536.666504,4363.717773,4541.794922,4491.666504,4375.384766,4503.589844,4474.871582,2719,1,24,2566,38730,,,,0,4,4,4,4,4,4,4,4,4,4,4,4,4,4,4,4,4,4,4,4,4,4,4,4,4,4,4,4,4,4,4,4,100,,,,,,,,,,,,,,,,,,,,,,,,,,,,,,,,,,,39754,0,0.019855,-0.694153,-0.719482,-0.010132,0.984007,0.027347,0.040532,20.333334,0.666667,56.166668,,,,,,,,,,,,,,,,,,,,,,,,,,,,,,,,,,,,,,,,,,,,,,,,,,,,,,,,,,,,,,,,,,,,,,,,,,,,,,,,,,,,,,,,,,,,,,,,,,,,,,,,,,,,,,,,,,,,,,,,,,,,,,,,,,,,,,,,,,,,,,,,,,,,,,,,,,,,,,,,
1764665424.320737,27946,0,4381.410156,4385.769043,4484.743652,4506.025879,4386.410156,4500.769043,4525.512695,4375.897461,4566.666504,4370.128418,4489.487305,4520.897461,4557.94873,4381.794922,4381.922852,4502.179688,4543.333496,4525.384766,4500.897461,4361.922852,4376.282227,4559.358887,4516.538574,4482.307617,4353.205078,4539.230957,4367.94873,4546.025879,4496.410156,4382.563965,4506.922852,4480.512695,1868,1,24,2567,38737,,,,0,4,4,4,4,4,4,4,4,4,4,4,4,4,4,4,4,4,4,4,4,4,4,4,4,4,4,4,4,4,4,4,4,100,,,,,,,,,,,,,,,,,,,,,,,,,,,,,,,,,,,,,,,,,,,,,,,,,,,,,,,,,,,,,,,,,,,,,,,,,,,,,,,,,,,,,,,,,,,,,,,,,,,,,,,,,,,,,,,,,,,,,,,,,,,,,,,,,,,,,,,,,,,,,,,,,,,,,,,,,,,,,,,,,,,,,,,,,,,,,,,,,,,,,,,,,,,,,,,,,,,,,,,,,,,,,,
1764665424.324643,27947,0,4377.692383,4384.615234,4486.410156,4504.102539,4385.256348,4500.641113,4525.769043,4376.282227,4564.871582,4371.282227,4490.384766,4519.615234,4557.307617,4376.922852,4380.897461,4504.102539,4543.077148,4528.333496,4500.641113,4362.692383,4376.410156,4560.128418,4516.282227,4482.179688,4353.589844,4540.897461,4368.717773,4546.922852,4496.922852,4384.487305,4505,4483.461426,2702,1,24,2567,38737,,,,0,4,4,4,4,4,4,4,4,4,4,4,4,4,4,4,4,4,4,4,4,4,4,4,4,4,4,4,4,4,4,4,4,100,,,,,,,,,,,,,,,,,,,,,,,,,,,,,,,,,,,,,,,,,,,,,,,,,,,,,,,,,,,,,,,,,,,,,,,,,,,,,,,,,,,,,,,,,,,,,,,,,,,,,,,,,,,,,,,,,,,,,,,,,,,,,,,,,,,,,,,,,,,,,,,,,,,,,,,,,,,,,,,,,,,,,,,,,,,,,,,,,,,,,,,,,,,,,,,,,,,,,,,,,,,,,,
1764665424.328550,27948,0,4371.410156,4379.615234,4482.820313,4498.077148,4381.282227,4495.641113,4523.333496,4371.666504,4560,4372.94873,4488.846191,4512.820313,4553.846191,4370.384766,4380.128418,4503.205078,4535.769043,4527.307617,4500.128418,4363.333496,4376.025879,4557.436035,4512.563965,4480.769043,4358.846191,4540.512695,4364.743652,4543.205078,4492.307617,4378.333496,4497.563965,4481.538574,2497,1,24,2568,38745,,,,0,4,4,4,4,4,4,4,4,4,4,4,4,4,4,4,4,4,4,4,4,4,4,4,4,4,4,4,4,4,4,4,4,100,,,,,,,,,,,,,,,,,,,,,,,,,,,,,,,,,,,,,,,,,,,,,,,,,,,,,,,,,,,,,,,,,,,,,,,,,,,,,,,,,,,,,,,,,,,,,,,,,,,,,,,,,,,,,,,,,,,,,,,,,,,,,,,,,,,,,,,,,,,,,,,,,,,,,,,,,,,,,,,,,,,,,,,,,,,,,,,,,,,,,,,,,,,,,,,,,,,,,,,,,,,,,,
1764665424.332456,27949,0,4363.846191,4371.538574,4475.512695,4492.05127,4376.922852,4486.794922,4516.922852,4363.846191,4553.589844,4372.820313,4484.230957,4502.563965,4548.461426,4363.717773,4378.077148,4497.820313,4524.487305,4520.256348,4498.717773,4363.333496,4375.384766,4551.282227,4505.512695,4477.692383,4364.230957,4537.563965,4356.410156,4535.128418,4483.846191,4365.641113,4487.179688,4475.256348,2211,1,24,2568,38745,,,,0,4,4,4,4,4,4,4,4,4,4,4,4,4,4,4,4,4,4,4,4,4,4,4,4,4,4,4,4,4,4,4,4,100,,,,,,,,,,,,,,,,,,,,,,,,,,,,,,,,,,,39755,0,0.019793,-0.694153,-0.719482,-0.010254,0.994262,0.041509,0.042486,19.333334,-0.5,55.166668,,,,,,,,,,,,,,,,,,,,,,,,,,,,,,,,,,,,,,,,,,,,,,,,,,,,,,,,,,,,,,,,,,,,,,,,,,,,,,,,,,,,,,,,,,,,,,,,,,,,,,,,,,,,,,,,,,,,,,,,,,,,,,,,,,,,,,,,,,,,,,,,,,,,,,,,,,,,,,,,
1764665424.336363,27950,0,4355,4361.282227,4467.436035,4488.333496,4372.820313,4476.922852,4506.794922,4355.384766,4546.922852,4368.205078,4476.538574,4490.641113,4541.410156,4357.563965,4372.692383,4488.333496,4512.307617,4507.820313,4494.871582,4361.282227,4373.205078,4542.05127,4495.641113,4471.922852,4363.846191,4532.820313,4345.769043,4523.974121,4473.974121,4351.282227,4477.563965,4467.05127,2716,1,24,2569,38753,,,,0,4,4,4,4,4,4,4,4,4,4,4,4,4,4,4,4,4,4,4,4,4,4,4,4,4,4,4,4,4,4,4,4,100,,,,,,,,,,,,,,,,,,,,,,,,,,,,,,,,,,,,,,,,,,,,,,,,,,,,,,,,,,,,,,,,,,,,,,,,,,,,,,,,,,,,,,,,,,,,,,,,,,,,,,,,,,,,,,,,,,,,,,,,,,,,,,,,,,,,,,,,,,,,,,,,,,,,,,,,,,,,,,,,,,,,,,,,,,,,,,,,,,,,,,,,,,,,,,,,,,,,,,,,,,,,,,
1764665424.340269,27951,0,4345.512695,4351.282227,4462.436035,4486.538574,4369.102539,4469.102539,4496.025879,4348.333496,4541.666504,4359.871582,4468.205078,4479.615234,4533.717773,4352.94873,4365.128418,4477.94873,4501.538574,4494.615234,4488.717773,4357.692383,4368.974121,4531.922852,4485.512695,4464.743652,4357.563965,4528.461426,4336.794922,4513.077148,4466.153809,4340.769043,4472.179688,4460.769043,2499,1,24,2569,38753,,,,0,4,4,4,4,4,4,4,4,4,4,4,4,4,4,4,4,4,4,4,4,4,4,4,4,4,4,4,4,4,4,4,4,100,,,,,,,,,,,,,,,,,,,,,,,,,,,,,,,,,,,,,,,,,,,,,,,,,,,,,,,,,,,,,,,,,,,,,,,,,,,,,,,,,,,,,,,,,,,,,,,,,,,,,,,,,,,,,,,,,,,,,,,,,,,,,,,,,,,,,,,,,,,,,,,,,,,,,,,,,,,,,,,,,,,,,,,,,,,,,,,,,,,,,,,,,,,,,,,,,,,,,,,,,,,,,,
1764665424.344176,27952,0,4338.974121,4345.384766,4463.717773,4486.922852,4367.563965,4466.410156,4489.487305,4345.384766,4540.641113,4352.692383,4462.820313,4472.94873,4528.333496,4351.794922,4360.897461,4471.666504,4495.384766,4487.563965,4483.974121,4356.025879,4365,4525.384766,4479.358887,4460.128418,4351.025879,4527.563965,4334.102539,4507.563965,4463.461426,4340,4473.846191,4459.871582,2876,1,24,2570,38761,,,,0,4,4,4,4,4,4,4,4,4,4,4,4,4,4,4,4,4,4,4,4,4,4,4,4,4,4,4,4,4,4,4,4,100,,,,,,,,,,,,,,,,,,,,,,,,,,,,,,,,,,,,,,,,,,,,,,,,,,,,,,,,,,,,,,,,,,,,,,,,,,,,,,,,,,,,,,,,,,,,,,,,,,,,,,,,,,,,,,,,,,,,,,,,,,,,,,,,,,,,,,,,,,,,,,,,,,,,,,,,,,,,,,,,,,,,,,,,,,,,,,,,,,,,,,,,,,,,,,,,,,,,,,,,,,,,,,
1764665424.348082,27953,0,4339.487305,4347.179688,4472.05127,4490,4371.282227,4470.897461,4492.307617,4349.615234,4545.769043,4353.205078,4463.846191,4473.846191,4528.846191,4356.282227,4364.871582,4472.820313,4496.794922,4491.410156,4485.256348,4359.871582,4365.769043,4526.538574,4480.256348,4462.692383,4351.922852,4532.692383,4340.512695,4511.410156,4467.179688,4350.897461,4482.563965,4466.025879,2929,1,24,2570,38761,,,,0,4,4,4,4,4,4,4,4,4,4,4,4,4,4,4,4,4,4,4,4,4,4,4,4,4,4,4,4,4,4,4,4,100,,,,,,,,,,,,,,,,,,,,,,,,,,,,,,,,,,,39756,0,0.019793,-0.694153,-0.719482,-0.010254,0.991332,0.02344,0.034184,21.166666,0.333333,53.666668,,,,,,,,,,,,,,,,,,,,,,,,,,,,,,,,,,,,,,,,,,,,,,,,,,,,,,,,,,,,,,,,,,,,,,,,,,,,,,,,,,,,,,,,,,,,,,,,,,,,,,,,,,,,,,,,,,,,,,,,,,,,,,,,,,,,,,,,,,,,,,,,,,,,,,,,,,,,,,,,
1764665424.351989,27954,0,4349.230957,4357.94873,4485.384766,4497.179688,4381.794922,4482.307617,4505.128418,4361.666504,4557.563965,4364.487305,4472.307617,4483.077148,4536.666504,4365.897461,4377.692383,4481.538574,4506.410156,4505.256348,4494.230957,4370.384766,4373.205078,4536.282227,4488.717773,4473.333496,4362.179688,4543.205078,4355.256348,4524.102539,4477.05127,4370.769043,4496.025879,4478.205078,1773,1,24,2570,38769,,,,0,4,4,4,4,4,4,4,4,4,4,4,4,4,4,4,4,4,4,4,4,4,4,4,4,4,4,4,4,4,4,4,4,100,,,,,,,,,,,,,,,,,,,,,,,,,,,,,,,,,,,,,,,,,,,,,,,,,,,,,,,,,,,,,,,,,,,,,,,,,,,,,,,,,,,,,,,,,,,,,,,,,,,,,,,,,,,,,,,,,,,,,,,,,,,,,,,,,,,,,,,,,,,,,,,,,,,,,,,,,,,,,,,,,,,,,,,,,,,,,,,,,,,,,,,,,,,,,,,,,,,,,,,,,,,,,,
1764665424.355895,27955,0,4365.897461,4375,4500.256348,4508.461426,4396.922852,4497.563965,4523.461426,4378.717773,4573.077148,4383.974121,4484.743652,4498.333496,4549.358887,4377.436035,4393.846191,4494.358887,4521.538574,4522.94873,4507.307617,4384.102539,4385,4551.282227,4502.436035,4488.077148,4377.563965,4556.153809,4373.589844,4541.025879,4490.128418,4391.666504,4510,4492.307617,2951,1,24,2570,38769,,,,0,4,4,4,4,4,4,4,4,4,4,4,4,4,4,4,4,4,4,4,4,4,4,4,4,4,4,4,4,4,4,4,4,100,,,,,,,,,,,,,,,,,,,,,,,,,,,,,,,,,,,,,,,,,,,,,,,,,,,,,,,,,,,,,,,,,,,,,,,,,,,,,,,,,,,,,,,,,,,,,,,,,,,,,,,,,,,,,,,,,,,,,,,,,,,,,,,,,,,,,,,,,,,,,,,,,,,,,,,,,,,,,,,,,,,,,,,,,,,,,,,,,,,,,,,,,,,,,,,,,,,,,,,,,,,,,,
1764665424.359802,27956,0,4382.94873,4392.05127,4512.563965,4521.282227,4411.794922,4511.025879,4539.230957,4394.743652,4585.897461,4402.563965,4495.384766,4513.846191,4561.794922,4385.128418,4405.128418,4505.769043,4536.282227,4535.769043,4517.307617,4394.615234,4395,4564.358887,4516.410156,4499.871582,4389.743652,4566.666504,4387.820313,4555.128418,4501.666504,4405.384766,4520.128418,4503.205078,2549,1,24,2571,38776,,,,0,4,4,4,4,4,4,4,4,4,4,4,4,4,4,4,4,4,4,4,4,4,4,4,4,4,4,4,4,4,4,4,4,100,,,,,,,,,,,,,,,,,,,,,,,,,,,,,,,,,,,,,,,,,,,,,,,,,,,,,,,,,,,,,,,,,,,,,,,,,,,,,,,,,,,,,,,,,,,,,,,,,,,,,,,,,,,,,,,,,,,,,,,,,,,,,,,,,,,,,,,,,,,,,,,,,,,,,,,,,,,,,,,,,,,,,,,,,,,,,,,,,,,,,,,,,,,,,,,,,,,,,,,,,,,,,,
1764665424.363708,27957,0,4391.922852,4401.410156,4518.333496,4529.487305,4419.615234,4516.666504,4544.743652,4402.820313,4589.230957,4409.358887,4498.461426,4522.436035,4568.077148,4384.358887,4405.128418,4510.128418,4543.717773,4536.922852,4517.94873,4395.256348,4396.794922,4568.461426,4524.615234,4502.179688,4391.794922,4570.128418,4391.410156,4560.384766,4506.410156,4406.282227,4522.563965,4506.666504,2825,1,24,2571,38776,,,,0,4,4,4,4,4,4,4,4,4,4,4,4,4,4,4,4,4,4,4,4,4,4,4,4,4,4,4,4,4,4,4,4,100,,,,,,,,,,,,,,,,,,,,,,,,,,,,,,,,,,,39757,0,0.019761,-0.694153,-0.719482,-0.010315,0.989379,0.0293,0.031742,18.166666,1.333333,56,,,,,,,,,,,,,,,,,,,,,,,,,,,,,,,,,,,,,,,,,,,,,,,,,,,,,,,,,,,,,,,,,,,,,,,,,,,,,,,,,,,,,,,,,,,,,,,,,,,,,,,,,,,,,,,,,,,,,,,,,,,,,,,,,,,,,,,,,,,,,,,,,,,,,,,,,,,,,,,,
1764665424.367615,27958,0,4387.94873,4398.333496,4514.743652,4528.205078,4415.897461,4512.05127,4537.692383,4398.333496,4580,4398.333496,4492.05127,4520.128418,4565,4374.102539,4392.820313,4505.256348,4539.743652,4525.384766,4507.820313,4383.974121,4387.692383,4560.641113,4523.077148,4492.307617,4382.820313,4564.102539,4382.307617,4554.230957,4502.05127,4395.384766,4516.794922,4501.282227,2946,1,24,2566,38784,,,,0,4,4,4,4,4,4,4,4,4,4,4,4,4,4,4,4,4,4,4,4,4,4,4,4,4,4,4,4,4,4,4,4,100,,,,,,,,,,,,,,,,,,,,,,,,,,,,,,,,,,,,,,,,,,,,,,,,,,,,,,,,,,,,,,,,,,,,,,,,,,,,,,,,,,,,,,,,,,,,,,,,,,,,,,,,,,,,,,,,,,,,,,,,,,,,,,,,,,,,,,,,,,,,,,,,,,,,,,,,,,,,,,,,,,,,,,,,,,,,,,,,,,,,,,,,,,,,,,,,,,,,,,,,,,,,,,
1764665424.371521,27959,0,4373.974121,4385.256348,4503.846191,4517.692383,4402.563965,4501.282227,4523.974121,4384.358887,4563.589844,4374.871582,4480.512695,4510.128418,4555.384766,4360,4374.487305,4494.743652,4527.179688,4508.717773,4493.077148,4366.282227,4372.563965,4546.025879,4513.974121,4475.769043,4368.333496,4551.282227,4366.410156,4540.256348,4491.282227,4380,4506.153809,4490.641113,2859,1,24,2566,38784,,,,0,4,4,4,4,4,4,4,4,4,4,4,4,4,4,4,4,4,4,4,4,4,4,4,4,4,4,4,4,4,4,4,4,100,,,,,,,,,,,,,,,,,,,,,,,,,,,,,,,,,,,,,,,,,,,,,,,,,,,,,,,,,,,,,,,,,,,,,,,,,,,,,,,,,,,,,,,,,,,,,,,,,,,,,,,,,,,,,,,,,,,,,,,,,,,,,,,,,,,,,,,,,,,,,,,,,,,,,,,,,,,,,,,,,,,,,,,,,,,,,,,,,,,,,,,,,,,,,,,,,,,,,,,,,,,,,,
1764665424.375428,27960,0,4360.897461,4372.179688,4492.692383,4505.256348,4388.205078,4493.333496,4513.846191,4370.641113,4550.769043,4353.461426,4472.563965,4501.025879,4546.666504,4351.025879,4361.282227,4486.794922,4515.256348,4498.333496,4483.589844,4354.102539,4361.666504,4534.487305,4505,4463.333496,4358.205078,4539.230957,4354.615234,4527.692383,4481.666504,4370.128418,4497.692383,4480.897461,2775,1,24,2306,38792,,,,0,4,4,4,4,4,4,4,4,4,4,4,4,4,4,4,4,4,4,4,4,4,4,4,4,4,4,4,4,4,4,4,4,100,,,,,,,,,,,,,,,,,,,,,,,,,,,,,,,,,,,,,,,,,,,,,,,,,,,,,,,,,,,,,,,,,,,,,,,,,,,,,,,,,,,,,,,,,,,,,,,,,,,,,,,,,,,,,,,,,,,,,,,,,,,,,,,,,,,,,,,,,,,,,,,,,,,,,,,,,,,,,,,,,,,,,,,,,,,,,,,,,,,,,,,,,,,,,,,,,,,,,,,,,,,,,,
1764665424.379334,27961,0,4359.102539,4368.974121,4489.102539,4500,4382.436035,4495.128418,4514.743652,4367.179688,4549.871582,4348.589844,4475.512695,4500.641113,4546.666504,4353.589844,4361.025879,4488.205078,4513.974121,4502.179688,4486.410156,4356.153809,4363.846191,4535.128418,4503.974121,4463.974121,4359.615234,4535.512695,4354.487305,4525.256348,4479.615234,4371.922852,4496.153809,4477.436035,2841,1,24,2306,38792,,,,0,4,4,4,4,4,4,4,4,4,4,4,4,4,4,4,4,4,4,4,4,4,4,4,4,4,4,4,4,4,4,4,4,100,,,,,,,,,,,,,,,,,,,,,,,,,,,,,,,,,,,39758,0,0.017557,-0.694214,-0.719482,-0.010193,0.989379,0.0293,0.031742,20,0.666667,55,,,,,,,,,,,,,,,,,,,,,,,,,,,,,,,,,,,,,,,,,,,,,,,,,,,,,,,,,,,,,,,,,,,,,,,,,,,,,,,,,,,,,,,,,,,,,,,,,,,,,,,,,,,,,,,,,,,,,,,,,,,,,,,,,,,,,,,,,,,,,,,,,,,,,,,,,,,,,,,,
1764665424.383241,27962,0,4370.128418,4378.077148,4494.743652,4505.128418,4388.077148,4505.641113,4525.641113,4375.897461,4560.128418,4363.205078,4488.077148,4509.743652,4556.922852,4366.410156,4373.333496,4499.102539,4525.897461,4518.589844,4499.871582,4371.025879,4378.717773,4548.717773,4511.666504,4477.436035,4371.666504,4542.179688,4365.128418,4534.358887,4486.410156,4383.461426,4501.282227,4481.282227,1953,1,24,2304,38800,,,,0,4,4,4,4,4,4,4,4,4,4,4,4,4,4,4,4,4,4,4,4,4,4,4,4,4,4,4,4,4,4,4,4,100,,,,,,,,,,,,,,,,,,,,,,,,,,,,,,,,,,,,,,,,,,,,,,,3.569547,9.710392,1.341733,0.917056,1.001754,3.670449,11.766386,1.861097,1.191385,1.096993,3.331401,9.809893,1.707915,1.403646,1.359662,2.544671,6.413876,0.986631,1.295833,1.332106,2.761472,11.687997,1.317485,1.230266,1.153118,3.986632,10.446152,1.378139,1.091864,0.92274,3.191633,6.974225,0.874272,1.212173,1.079753,2.313016,7.292005,0.821287,1.467114,1.221701,2.820468,3.433001,1.080106,1.242446,1.47831,2.12217,3.954508,0.969048,2.114989,1.748133,1.454528,3.095204,0.628479,0.608976,0.919442,3.40241,7.947931,1.253762,0.817913,1.136363,2.712519,3.197466,0.792554,0.663624,0.861483,1.428859,0.830517,0.34718,0.475661,0.609072,1.711195,1.042016,0.62349,0.574565,1.158128,1.454283,3.254226,0.986854,0.612915,0.486287,5.092363,9.990618,2.596478,1.089539,1.18127,2.433275,6.927529,2.454504,0.890508,1.028706,1.440439,5.472354,1.735887,0.819012,0.798307,2.178023,6.74822,1.77801,0.940004,0.846185,2.423965,8.943843,2.377261,1.344088,0.85939,3.005666,8.976852,2.966312,1.323349,1.148594,2.626633,6.499558,1.681821,1.029759,1.041415,2.218496,6.893709,2.029136,1.293387,1.093276,2.707579,6.801354,1.86152,2.184401,1.625139,2.14707,3.365078,1.344749,1.250009,0.966769,2.405773,9.696373,2.389885,1.367544,1.337077,3.222599,10.75816,2.524771,1.357989,1.211684,1.6527,6.423585,0.817462,0.591772,0.555137,2.908418,11.017129,1.508631,1.377568,1.173219,2.396492,8.830946,1.875919,1.343343,1.283893,2.235809,8.735206,1.709056,1.088173,1.277187
1764665424.387147,27963,0,4385.769043,4391.666504,4504.230957,4515.512695,4398.846191,4517.05127,4538.461426,4388.717773,4572.179688,4386.666504,4501.666504,4521.282227,4571.153809,4381.282227,4389.487305,4511.666504,4543.974121,4537.307617,4515,4387.563965,4396.794922,4566.794922,4521.794922,4493.717773,4384.487305,4553.974121,4377.307617,4547.563965,4496.282227,4396.153809,4508.333496,4488.717773,2647,1,24,2304,38800,,,,0,4,4,4,4,4,4,4,4,4,4,4,4,4,4,4,4,4,4,4,4,4,4,4,4,4,4,4,4,4,4,4,4,100,,,,,,,,,,,,,,,,,,,,,,,,,,,,,,,,,,,,,,,,,,,,,,,,,,,,,,,,,,,,,,,,,,,,,,,,,,,,,,,,,,,,,,,,,,,,,,,,,,,,,,,,,,,,,,,,,,,,,,,,,,,,,,,,,,,,,,,,,,,,,,,,,,,,,,,,,,,,,,,,,,,,,,,,,,,,,,,,,,,,,,,,,,,,,,,,,,,,,,,,,,,,,,
1764665424.391054,27964,0,4395.128418,4399.230957,4509.615234,4522.179688,4405.384766,4521.282227,4543.974121,4395,4576.025879,4402.692383,4506.922852,4526.794922,4579.871582,4389.102539,4398.974121,4517.820313,4556.282227,4546.666504,4522.307617,4393.974121,4405.769043,4578.717773,4527.179688,4502.05127,4388.333496,4562.820313,4382.563965,4555.769043,4502.05127,4401.666504,4512.436035,4494.871582,2710,1,24,2048,38808,,,,0,4,4,4,4,4,4,4,4,4,4,4,4,4,4,4,4,4,4,4,4,4,4,4,4,4,4,4,4,4,4,4,4,100,,,,,,,,,,,,,,,,,,,,,,,,,,,,,,,,,,,,,,,,,,,,,,,,,,,,,,,,,,,,,,,,,,,,,,,,,,,,,,,,,,,,,,,,,,,,,,,,,,,,,,,,,,,,,,,,,,,,,,,,,,,,,,,,,,,,,,,,,,,,,,,,,,,,,,,,,,,,,,,,,,,,,,,,,,,,,,,,,,,,,,,,,,,,,,,,,,,,,,,,,,,,,,
1764665424.394960,27965,0,4393.205078,4396.153809,4507.692383,4519.230957,4402.563965,4515.769043,4539.102539,4389.743652,4568.846191,4402.05127,4501.410156,4522.820313,4577.692383,4386.922852,4397.820313,4515.128418,4556.025879,4542.563965,4518.333496,4387.307617,4401.025879,4578.461426,4525,4498.974121,4381.025879,4563.846191,4379.230957,4554.871582,4500.384766,4397.05127,4512.692383,4497.179688,2549,1,24,2048,38808,,,,0,4,4,4,4,4,4,4,4,4,4,4,4,4,4,4,4,4,4,4,4,4,4,4,4,4,4,4,4,4,4,4,4,100,,,,,,,,,,,,,,,,,,,,,,,,,,,,,,,,,,,39759,0,0.017593,-0.694214,-0.719482,-0.010132,1.002564,0.034672,0.038579,20.5,1.333333,53.833332,,,,,,,,,,,,,,,,,,,,,,,,,,,,,,,,,,,,,,,,,,,,,,,,,,,,,,,,,,,,,,,,,,,,,,,,,,,,,,,,,,,,,,,,,,,,,,,,,,,,,,,,,,,,,,,,,,,,,,,,,,,,,,,,,,,,,,,,,,,,,,,,,,,,,,,,,,,,,,,,
1764665424.398866,27966,0,4383.846191,4385.769043,4500.128418,4508.333496,4393.077148,4505.256348,4527.94873,4377.307617,4555.897461,4388.077148,4490.384766,4512.820313,4567.05127,4377.94873,4389.487305,4507.692383,4546.025879,4530,4507.563965,4374.102539,4387.692383,4568.717773,4518.589844,4489.102539,4369.358887,4558.077148,4372.307617,4547.563965,4494.102539,4386.282227,4510.384766,4494.358887,2679,1,24,2304,38816,,,,0,4,4,4,4,4,4,4,4,4,4,4,4,4,4,4,4,4,4,4,4,4,4,4,4,4,4,4,4,4,4,4,4,100,,,,,,,,,,,,,,,,,,,,,,,,,,,,,,,,,,,,,,,,,,,,,,,,,,,,,,,,,,,,,,,,,,,,,,,,,,,,,,,,,,,,,,,,,,,,,,,,,,,,,,,,,,,,,,,,,,,,,,,,,,,,,,,,,,,,,,,,,,,,,,,,,,,,,,,,,,,,,,,,,,,,,,,,,,,,,,,,,,,,,,,,,,,,,,,,,,,,,,,,,,,,,,
1764665424.402773,27967,0,4374.615234,4375.256348,4490.897461,4495.641113,4383.589844,4496.794922,4518.077148,4366.282227,4545.128418,4372.307617,4482.436035,4503.589844,4556.153809,4369.230957,4381.410156,4501.282227,4534.871582,4518.461426,4497.820313,4363.846191,4375.897461,4557.179688,4512.436035,4480.512695,4362.05127,4550,4367.179688,4540.128418,4487.820313,4376.410156,4507.179688,4486.922852,2841,1,24,2304,38816,,,,0,4,4,4,4,4,4,4,4,4,4,4,4,4,4,4,4,4,4,4,4,4,4,4,4,4,4,4,4,4,4,4,4,100,,,,,,,,,,,,,,,,,,,,,,,,,,,,,,,,,,,,,,,,,,,,,,,,,,,,,,,,,,,,,,,,,,,,,,,,,,,,,,,,,,,,,,,,,,,,,,,,,,,,,,,,,,,,,,,,,,,,,,,,,,,,,,,,,,,,,,,,,,,,,,,,,,,,,,,,,,,,,,,,,,,,,,,,,,,,,,,,,,,,,,,,,,,,,,,,,,,,,,,,,,,,,,
1764665424.406679,27968,0,4370.641113,4370.128418,4484.102539,4487.820313,4379.358887,4494.358887,4515.256348,4363.205078,4542.05127,4365.256348,4482.692383,4500,4552.307617,4366.410156,4378.717773,4499.102539,4530.384766,4514.871582,4494.615234,4361.538574,4372.563965,4551.025879,4510.384766,4478.077148,4363.205078,4544.615234,4366.025879,4536.794922,4484.615234,4371.794922,4503.846191,4477.05127,2780,1,24,2560,38823,,,,0,4,4,4,4,4,4,4,4,4,4,4,4,4,4,4,4,4,4,4,4,4,4,4,4,4,4,4,4,4,4,4,4,100,,,,,,,,,,,,,,,,,,,,,,,,,,,,,,,,,,,,,,,,,,,,,,,,,,,,,,,,,,,,,,,,,,,,,,,,,,,,,,,,,,,,,,,,,,,,,,,,,,,,,,,,,,,,,,,,,,,,,,,,,,,,,,,,,,,,,,,,,,,,,,,,,,,,,,,,,,,,,,,,,,,,,,,,,,,,,,,,,,,,,,,,,,,,,,,,,,,,,,,,,,,,,,
1764665424.410586,27969,0,4372.179688,4371.153809,4482.05127,4487.563965,4381.282227,4497.436035,4519.871582,4368.205078,4547.436035,4370.128418,4489.871582,4502.94873,4557.179688,4371.025879,4382.563965,4500.897461,4534.230957,4519.487305,4497.94873,4366.538574,4377.307617,4552.94873,4513.077148,4481.794922,4370.384766,4544.358887,4367.436035,4538.077148,4484.743652,4372.820313,4501.794922,4469.230957,2945,1,24,2560,38823,,,,0,4,4,4,4,4,4,4,4,4,4,4,4,4,4,4,4,4,4,4,4,4,4,4,4,4,4,4,4,4,4,4,4,100,,,,,,,,,,,,,,,,,,,,,,,,,,,,,,,,,,,39760,0,0.019948,-0.694153,-0.719482,-0.009949,1.001587,0.038091,0.033696,20.5,1.333333,53.833332,,,,,,,,,,,,,,,,,,,,,,,,,,,,,,,,,,,,,,,,,,,,,,,,,,,,,,,,,,,,,,,,,,,,,,,,,,,,,,,,,,,,,,,,,,,,,,,,,,,,,,,,,,,,,,,,,,,,,,,,,,,,,,,,,,,,,,,,,,,,,,,,,,,,,,,,,,,,,,,,
1764665424.414492,27970,0,4376.666504,4375.897461,4485.256348,4493.974121,4386.538574,4502.307617,4528.077148,4376.794922,4557.436035,4382.179688,4498.974121,4510.641113,4567.05127,4380.641113,4390.128418,4504.743652,4542.820313,4528.205078,4504.358887,4374.230957,4385,4561.025879,4519.102539,4488.589844,4378.461426,4548.846191,4369.615234,4541.666504,4486.538574,4376.538574,4502.820313,4468.205078,2619,1,24,2560,38831,,,,0,4,4,4,4,4,4,4,4,4,4,4,4,4,4,4,4,4,4,4,4,4,4,4,4,4,4,4,4,4,4,4,4,100,,,,,,,,,,,,,,,,,,,,,,,,,,,,,,,,,,,,,,,,,,,,,,,,,,,,,,,,,,,,,,,,,,,,,,,,,,,,,,,,,,,,,,,,,,,,,,,,,,,,,,,,,,,,,,,,,,,,,,,,,,,,,,,,,,,,,,,,,,,,,,,,,,,,,,,,,,,,,,,,,,,,,,,,,,,,,,,,,,,,,,,,,,,,,,,,,,,,,,,,,,,,,,
1764665424.418399,27971,0,4381.922852,4381.282227,4491.538574,4503.077148,4392.05127,4506.025879,4535.128418,4383.461426,4566.922852,4393.333496,4505.641113,4520.128418,4576.666504,4390.512695,4397.179688,4509.102539,4551.666504,4536.282227,4510.512695,4380.512695,4391.025879,4571.153809,4526.153809,4495.641113,4384.102539,4555.769043,4372.307617,4546.153809,4488.846191,4380.897461,4507.820313,4475,2887,1,24,2560,38831,,,,0,4,4,4,4,4,4,4,4,4,4,4,4,4,4,4,4,4,4,4,4,4,4,4,4,4,4,4,4,4,4,4,4,100,,,,,,,,,,,,,,,,,,,,,,,,,,,,,,,,,,,,,,,,,,,,,,,,,,,,,,,,,,,,,,,,,,,,,,,,,,,,,,,,,,,,,,,,,,,,,,,,,,,,,,,,,,,,,,,,,,,,,,,,,,,,,,,,,,,,,,,,,,,,,,,,,,,,,,,,,,,,,,,,,,,,,,,,,,,,,,,,,,,,,,,,,,,,,,,,,,,,,,,,,,,,,,
1764665424.422305,27972,0,4386.666504,4385,4496.794922,4510.641113,4396.153809,4507.820313,4538.589844,4384.871582,4572.307617,4397.563965,4508.717773,4528.461426,4583.461426,4396.538574,4400.769043,4513.333496,4557.820313,4541.922852,4515.769043,4384.487305,4394.102539,4580.128418,4532.820313,4501.538574,4386.794922,4561.794922,4375.641113,4551.282227,4491.153809,4384.358887,4515.384766,4485.384766,2767,1,24,2561,38839,,,,0,4,4,4,4,4,4,4,4,4,4,4,4,4,4,4,4,4,4,4,4,4,4,4,4,4,4,4,4,4,4,4,4,100,,,,,,,,,,,,,,,,,,,,,,,,,,,,,,,,,,,,,,,,,,,,,,,,,,,,,,,,,,,,,,,,,,,,,,,,,,,,,,,,,,,,,,,,,,,,,,,,,,,,,,,,,,,,,,,,,,,,,,,,,,,,,,,,,,,,,,,,,,,,,,,,,,,,,,,,,,,,,,,,,,,,,,,,,,,,,,,,,,,,,,,,,,,,,,,,,,,,,,,,,,,,,,
1764665424.426212,27973,0,4390.256348,4386.538574,4498.077148,4513.077148,4398.717773,4508.589844,4538.974121,4382.179688,4573.717773,4394.230957,4509.487305,4533.717773,4586.666504,4397.692383,4400.384766,4517.179688,4561.282227,4546.025879,4521.025879,4387.820313,4396.410156,4586.794922,4538.205078,4506.922852,4387.820313,4564.871582,4379.743652,4557.05127,4493.717773,4386.153809,4522.179688,4492.820313,2813,1,24,2561,38839,,,,0,4,4,4,4,4,4,4,4,4,4,4,4,4,4,4,4,4,4,4,4,4,4,4,4,4,4,4,4,4,4,4,4,100,,,,,,,,,,,,,,,,,,,,,,,,,,,,,,,,,,,39761,0,0.019917,-0.694153,-0.719482,-0.01001,0.998169,0.030277,0.045416,19.666666,-0.833333,54.666668,,,,,,,,,,,,,,,,,,,,,,,,,,,,,,,,,,,,,,,,,,,,,,,,,,,,,,,,,,,,,,,,,,,,,,,,,,,,,,,,,,,,,,,,,,,,,,,,,,,,,,,,,,,,,,,,,,,,,,,,,,,,,,,,,,,,,,,,,,,,,,,,,,,,,,,,,,,,,,,,
1764665424.430118,27974,0,4391.794922,4386.282227,4495.256348,4510.384766,4399.743652,4509.102539,4538.846191,4379.358887,4573.077148,4387.692383,4509.358887,4535.512695,4587.307617,4395.897461,4398.077148,4520.512695,4563.077148,4549.615234,4526.410156,4392.436035,4400.897461,4591.153809,4541.666504,4511.794922,4389.487305,4565.641113,4383.589844,4562.307617,4496.410156,4385.769043,4525.128418,4492.692383,2829,1,24,2562,38847,,,,0,4,4,4,4,4,4,4,4,4,4,4,4,4,4,4,4,4,4,4,4,4,4,4,4,4,4,4,4,4,4,4,4,100,,,,,,,,,,,,,,,,,,,,,,,,,,,,,,,,,,,,,,,,,,,,,,,,,,,,,,,,,,,,,,,,,,,,,,,,,,,,,,,,,,,,,,,,,,,,,,,,,,,,,,,,,,,,,,,,,,,,,,,,,,,,,,,,,,,,,,,,,,,,,,,,,,,,,,,,,,,,,,,,,,,,,,,,,,,,,,,,,,,,,,,,,,,,,,,,,,,,,,,,,,,,,,
1764665424.434025,27975,0,4390.769043,4385,4491.794922,4505.641113,4399.743652,4509.230957,4540.128418,4380.512695,4572.563965,4383.333496,4509.230957,4534.230957,4586.410156,4393.846191,4396.666504,4522.436035,4563.846191,4551.410156,4530.512695,4397.94873,4407.820313,4593.077148,4541.922852,4515.512695,4393.589844,4566.153809,4386.025879,4565.128418,4498.333496,4383.205078,4523.077148,4486.153809,3007,1,24,2562,38847,,,,0,4,4,4,4,4,4,4,4,4,4,4,4,4,4,4,4,4,4,4,4,4,4,4,4,4,4,4,4,4,4,4,4,100,,,,,,,,,,,,,,,,,,,,,,,,,,,,,,,,,,,,,,,,,,,,,,,,,,,,,,,,,,,,,,,,,,,,,,,,,,,,,,,,,,,,,,,,,,,,,,,,,,,,,,,,,,,,,,,,,,,,,,,,,,,,,,,,,,,,,,,,,,,,,,,,,,,,,,,,,,,,,,,,,,,,,,,,,,,,,,,,,,,,,,,,,,,,,,,,,,,,,,,,,,,,,,
1764665424.437931,27976,0,4386.794922,4383.205078,4491.282227,4503.589844,4399.230957,4508.461426,4542.179688,4386.282227,4573.205078,4383.589844,4508.974121,4530.897461,4584.358887,4393.333496,4397.436035,4521.922852,4563.205078,4550.256348,4531.025879,4402.307617,4414.487305,4591.922852,4537.94873,4517.05127,4400.384766,4568.205078,4385.897461,4564.615234,4498.333496,4380.256348,4518.461426,4478.717773,2885,1,24,2563,38855,,,,0,4,4,4,4,4,4,4,4,4,4,4,4,4,4,4,4,4,4,4,4,4,4,4,4,4,4,4,4,4,4,4,4,100,,,,,,,,,,,,,,,,,,,,,,,,,,,,,,,,,,,,,,,,,,,,,,,,,,,,,,,,,,,,,,,,,,,,,,,,,,,,,,,,,,,,,,,,,,,,,,,,,,,,,,,,,,,,,,,,,,,,,,,,,,,,,,,,,,,,,,,,,,,,,,,,,,,,,,,,,,,,,,,,,,,,,,,,,,,,,,,,,,,,,,,,,,,,,,,,,,,,,,,,,,,,,,
1764665424.441838,27977,0,4380.641113,4381.666504,4495.256348,4506.666504,4397.94873,4506.922852,4542.692383,4393.589844,4575,4388.077148,4507.94873,4526.666504,4581.410156,4393.461426,4399.102539,4518.846191,4560,4546.410156,4527.436035,4403.589844,4417.179688,4587.436035,4530.641113,4515.512695,4407.820313,4571.666504,4383.589844,4560.897461,4496.153809,4378.974121,4515.512695,4476.025879,2739,1,24,2563,38855,,,,0,4,4,4,4,4,4,4,4,4,4,4,4,4,4,4,4,4,4,4,4,4,4,4,4,4,4,4,4,4,4,4,4,100,,,,,,,,,,,,,,,,,,,,,,,,,,,,,,,,,,,39762,0,0.019839,-0.694092,-0.719543,-0.01001,1.001099,0.050299,0.036626,19.666666,-0.833333,54.666668,,,,,,,,,,,,,,,,,,,,,,,,,,,,,,,,,,,,,,,,,,,,,,,,,,,,,,,,,,,,,,,,,,,,,,,,,,,,,,,,,,,,,,,,,,,,,,,,,,,,,,,,,,,,,,,,,,,,,,,,,,,,,,,,,,,,,,,,,,,,,,,,,,,,,,,,,,,,,,,,
1764665424.445744,27978,0,4374.487305,4381.025879,4502.692383,4513.846191,4396.282227,4505.641113,4540.384766,4397.94873,4578.717773,4394.358887,4505.641113,4523.205078,4577.307617,4393.077148,4399.871582,4514.871582,4554.615234,4542.05127,4521.410156,4401.922852,4414.615234,4581.538574,4522.692383,4511.922852,4412.307617,4575.769043,4380.512695,4556.282227,4493.077148,4380.512695,4517.307617,4480.384766,1884,1,24,2564,38862,,,,0,4,4,4,4,4,4,4,4,4,4,4,4,4,4,4,4,4,4,4,4,4,4,4,4,4,4,4,4,4,4,4,4,100,,,,,,,,,,,,,,,,,,,,,,,,,,,,,,,,,,,,,,,,,,,,,,,,,,,,,,,,,,,,,,,,,,,,,,,,,,,,,,,,,,,,,,,,,,,,,,,,,,,,,,,,,,,,,,,,,,,,,,,,,,,,,,,,,,,,,,,,,,,,,,,,,,,,,,,,,,,,,,,,,,,,,,,,,,,,,,,,,,,,,,,,,,,,,,,,,,,,,,,,,,,,,,
1764665424.449651,27979,0,4370.769043,4381.794922,4509.871582,4521.410156,4395,4506.025879,4535.897461,4397.179688,4584.102539,4399.871582,4502.179688,4521.922852,4572.436035,4390.897461,4399.871582,4512.307617,4548.974121,4539.102539,4516.410156,4399.487305,4408.974121,4576.538574,4517.94873,4508.846191,4410.769043,4578.461426,4378.589844,4553.077148,4490.897461,4383.974121,4523.077148,4489.487305,2722,1,24,2564,38862,,,,0,4,4,4,4,4,4,4,4,4,4,4,4,4,4,4,4,4,4,4,4,4,4,4,4,4,4,4,4,4,4,4,4,100,,,,,,,,,,,,,,,,,,,,,,,,,,,,,,,,,,,,,,,,,,,,,,,,,,,,,,,,,,,,,,,,,,,,,,,,,,,,,,,,,,,,,,,,,,,,,,,,,,,,,,,,,,,,,,,,,,,,,,,,,,,,,,,,,,,,,,,,,,,,,,,,,,,,,,,,,,,,,,,,,,,,,,,,,,,,,,,,,,,,,,,,,,,,,,,,,,,,,,,,,,,,,,
1764665424.453557,27980,0,4370.256348,4382.436035,4512.436035,4524.487305,4394.358887,4507.436035,4531.025879,4391.282227,4588.461426,4402.179688,4497.820313,4522.179688,4567.692383,4386.794922,4399.102539,4511.410156,4544.871582,4538.077148,4514.487305,4397.179688,4403.205078,4573.461426,4517.820313,4507.436035,4401.025879,4577.05127,4377.94873,4551.666504,4490.128418,4385.769043,4527.692383,4497.436035,2514,1,24,2565,38870,,,,0,4,4,4,4,4,4,4,4,4,4,4,4,4,4,4,4,4,4,4,4,4,4,4,4,4,4,4,4,4,4,4,4,100,,,,,,,,,,,,,,,,,,,,,,,,,,,,,,,,,,,,,,,,,,,,,,,,,,,,,,,,,,,,,,,,,,,,,,,,,,,,,,,,,,,,,,,,,,,,,,,,,,,,,,,,,,,,,,,,,,,,,,,,,,,,,,,,,,,,,,,,,,,,,,,,,,,,,,,,,,,,,,,,,,,,,,,,,,,,,,,,,,,,,,,,,,,,,,,,,,,,,,,,,,,,,,
1764665424.457464,27981,0,4371.153809,4380.769043,4507.179688,4520.641113,4393.333496,4507.692383,4526.922852,4382.179688,4587.307617,4398.717773,4493.077148,4522.05127,4563.461426,4381.282227,4396.794922,4510.128418,4541.794922,4536.794922,4515.128418,4393.846191,4398.205078,4570.897461,4520.256348,4505.384766,4384.102539,4569.871582,4376.410156,4550,4489.487305,4382.94873,4525.641113,4498.461426,2228,1,24,2565,38870,,,,0,4,4,4,4,4,4,4,4,4,4,4,4,4,4,4,4,4,4,4,4,4,4,4,4,4,4,4,4,4,4,4,4,100,,,,,,,,,,,,,,,,,,,,,,,,,,,,,,,,,,,39763,0,0.01987,-0.694092,-0.719543,-0.009949,1.005982,0.037602,0.045904,18.5,0.166667,52.666668,,,,,,,,,,,,,,,,,,,,,,,,,,,,,,,,,,,,,,,,,,,,,,,,,,,,,,,,,,,,,,,,,,,,,,,,,,,,,,,,,,,,,,,,,,,,,,,,,,,,,,,,,,,,,,,,,,,,,,,,,,,,,,,,,,,,,,,,,,,,,,,,,,,,,,,,,,,,,,,,
1764665424.461370,27982,0,4371.025879,4376.153809,4496.153809,4511.025879,4391.538574,4505,4523.717773,4372.692383,4578.846191,4389.743652,4488.717773,4520,4559.487305,4375.769043,4391.922852,4506.153809,4538.333496,4533.846191,4515.641113,4387.820313,4392.563965,4567.179688,4521.666504,4499.615234,4366.025879,4558.846191,4372.563965,4546.538574,4487.820313,4376.025879,4516.153809,4492.436035,2733,1,24,2564,38878,,,,0,4,4,4,4,4,4,4,4,4,4,4,4,4,4,4,4,4,4,4,4,4,4,4,4,4,4,4,4,4,4,4,4,100,,,,,,,,,,,,,,,,,,,,,,,,,,,,,,,,,,,,,,,,,,,,,,,,,,,,,,,,,,,,,,,,,,,,,,,,,,,,,,,,,,,,,,,,,,,,,,,,,,,,,,,,,,,,,,,,,,,,,,,,,,,,,,,,,,,,,,,,,,,,,,,,,,,,,,,,,,,,,,,,,,,,,,,,,,,,,,,,,,,,,,,,,,,,,,,,,,,,,,,,,,,,,,
1764665424.465277,27983,0,4370,4372.179688,4485.769043,4500.769043,4390.256348,4501.153809,4522.179688,4366.794922,4566.410156,4379.743652,4486.410156,4517.563965,4556.410156,4372.692383,4385.641113,4500.128418,4534.743652,4529.743652,4514.102539,4379.743652,4386.538574,4563.077148,4521.153809,4491.153809,4356.153809,4549.615234,4368.589844,4542.563965,4486.025879,4370.256348,4505,4485.128418,2517,1,24,2564,38878,,,,0,4,4,4,4,4,4,4,4,4,4,4,4,4,4,4,4,4,4,4,4,4,4,4,4,4,4,4,4,4,4,4,4,100,,,,,,,,,,,,,,,,,,,,,,,,,,,,,,,,,,,,,,,,,,,,,,,,,,,,,,,,,,,,,,,,,,,,,,,,,,,,,,,,,,,,,,,,,,,,,,,,,,,,,,,,,,,,,,,,,,,,,,,,,,,,,,,,,,,,,,,,,,,,,,,,,,,,,,,,,,,,,,,,,,,,,,,,,,,,,,,,,,,,,,,,,,,,,,,,,,,,,,,,,,,,,,
1764665424.469183,27984,0,4371.153809,4374.102539,4482.563965,4495.641113,4391.282227,4500.128418,4522.94873,4367.05127,4557.436035,4375.128418,4487.692383,4517.692383,4556.282227,4373.333496,4380.769043,4495.512695,4533.461426,4527.179688,4511.282227,4373.461426,4382.179688,4561.025879,4520.256348,4485.512695,4361.666504,4547.94873,4367.436035,4542.307617,4486.410156,4371.410156,4499.743652,4482.692383,2891,1,24,2560,38886,,,,0,4,4,4,4,4,4,4,4,4,4,4,4,4,4,4,4,4,4,4,4,4,4,4,4,4,4,4,4,4,4,4,4,100,,,,,,,,,,,,,,,,,,,,,,,,,,,,,,,,,,,,,,,,,,,,,,,,,,,,,,,,,,,,,,,,,,,,,,,,,,,,,,,,,,,,,,,,,,,,,,,,,,,,,,,,,,,,,,,,,,,,,,,,,,,,,,,,,,,,,,,,,,,,,,,,,,,,,,,,,,,,,,,,,,,,,,,,,,,,,,,,,,,,,,,,,,,,,,,,,,,,,,,,,,,,,,
1764665424.473090,27985,0,4376.666504,4383.077148,4488.205078,4499.102539,4395.512695,4504.230957,4525.897461,4372.820313,4557.05127,4378.846191,4492.179688,4522.563965,4560.641113,4376.666504,4380.128418,4494.871582,4536.153809,4527.563965,4509.358887,4372.436035,4382.563965,4562.563965,4521.153809,4487.307617,4379.871582,4554.230957,4370.769043,4548.589844,4490.384766,4380.512695,4503.974121,4486.794922,2941,1,24,2560,38886,,,,0,4,4,4,4,4,4,4,4,4,4,4,4,4,4,4,4,4,4,4,4,4,4,4,4,4,4,4,4,4,4,4,4,100,,,,,,,,,,,,,,,,,,,,,,,,,,,,,,,,,,,39764,0,0.019839,-0.694092,-0.719543,-0.01001,0.993774,0.036626,0.044927,19.166666,0,54.5,,,,,,,,,,,,,,,,,,,,,,,,,,,,,,,,,,,,,,,,,,,,,,,,,,,,,,,,,,,,,,,,,,,,,,,,,,,,,,,,,,,,,,,,,,,,,,,,,,,,,,,,,,,,,,,,,,,,,,,,,,,,,,,,,,,,,,,,,,,,,,,,,,,,,,,,,,,,,,,,
1764665424.476996,27986,0,4385.384766,4395.769043,4498.461426,4509.487305,4401.666504,4512.820313,4530.512695,4380.384766,4565.512695,4387.307617,4497.563965,4530.641113,4567.820313,4379.487305,4383.589844,4498.333496,4542.179688,4530.384766,4510.384766,4376.538574,4387.307617,4566.282227,4524.743652,4495.897461,4399.102539,4563.717773,4376.922852,4559.230957,4497.179688,4392.94873,4514.487305,4493.846191,1785,1,24,1536,38894,,,,0,4,4,4,4,4,4,4,4,4,4,4,4,4,4,4,4,4,4,4,4,4,4,4,4,4,4,4,4,4,4,4,4,100,,,,,,,,,,,,,,,,,,,,,,,,,,,,,,,,,,,,,,,,,,,,,,,,,,,,,,,,,,,,,,,,,,,,,,,,,,,,,,,,,,,,,,,,,,,,,,,,,,,,,,,,,,,,,,,,,,,,,,,,,,,,,,,,,,,,,,,,,,,,,,,,,,,,,,,,,,,,,,,,,,,,,,,,,,,,,,,,,,,,,,,,,,,,,,,,,,,,,,,,,,,,,,
1764665424.480903,27987,0,4394.743652,4407.05127,4508.717773,4522.563965,4408.077148,4523.333496,4536.282227,4386.410156,4579.102539,4394.871582,4501.666504,4538.333496,4574.615234,4380.512695,4388.846191,4503.333496,4548.846191,4533.205078,4513.589844,4383.205078,4393.333496,4570,4530.128418,4505.512695,4407.692383,4570.897461,4383.717773,4569.487305,4504.487305,4402.692383,4525.769043,4500.641113,2966,1,24,1536,38894,,,,0,4,4,4,4,4,4,4,4,4,4,4,4,4,4,4,4,4,4,4,4,4,4,4,4,4,4,4,4,4,4,4,4,100,,,,,,,,,,,,,,,,,,,,,,,,,,,,,,,,,,,,,,,,,,,,,,,,,,,,,,,,,,,,,,,,,,,,,,,,,,,,,,,,,,,,,,,,,,,,,,,,,,,,,,,,,,,,,,,,,,,,,,,,,,,,,,,,,,,,,,,,,,,,,,,,,,,,,,,,,,,,,,,,,,,,,,,,,,,,,,,,,,,,,,,,,,,,,,,,,,,,,,,,,,,,,,
1764665424.484809,27988,0,4402.692383,4414.358887,4517.179688,4534.615234,4414.230957,4532.692383,4543.333496,4391.025879,4592.563965,4398.205078,4504.230957,4542.436035,4579.615234,4380.897461,4393.717773,4507.692383,4553.974121,4534.743652,4517.436035,4389.615234,4397.692383,4572.820313,4536.666504,4511.153809,4404.102539,4573.846191,4390.256348,4576.410156,4510.384766,4407.563965,4533.846191,4506.922852,2562,1,24,1792,38901,,,,0,4,4,4,4,4,4,4,4,4,4,4,4,4,4,4,4,4,4,4,4,4,4,4,4,4,4,4,4,4,4,4,4,100,,,,,,,,,,,,,,,,,,,,,,,,,,,,,,,,,,,,,,,,,,,,,,,,,,,,,,,,,,,,,,,,,,,,,,,,,,,,,,,,,,,,,,,,,,,,,,,,,,,,,,,,,,,,,,,,,,,,,,,,,,,,,,,,,,,,,,,,,,,,,,,,,,,,,,,,,,,,,,,,,,,,,,,,,,,,,,,,,,,,,,,,,,,,,,,,,,,,,,,,,,,,,,
1764665424.488716,27989,0,4409.358887,4418.846191,4524.871582,4543.077148,4420.641113,4539.358887,4551.666504,4396.282227,4601.922852,4398.974121,4506.666504,4542.94873,4583.333496,4383.205078,4397.563965,4510.769043,4557.820313,4535.384766,4519.358887,4393.974121,4399.358887,4575.769043,4543.846191,4511.794922,4397.05127,4575,4397.436035,4580,4514.615234,4409.102539,4538.589844,4514.358887,2840,1,24,1792,38901,,,,0,4,4,4,4,4,4,4,4,4,4,4,4,4,4,4,4,4,4,4,4,4,4,4,4,4,4,4,4,4,4,4,4,100,,,,,,,,,,,,,,,,,,,,,,,,,,,,,,,,,,,39765,0,0.019808,-0.694092,-0.719543,-0.010071,0.996704,0.041509,0.045904,19.166666,0,54.166668,,,,,,,,,,,,,,,,,,,,,,,,,,,,,,,,,,,,,,,,,,,,,,,,,,,,,,,,,,,,,,,,,,,,,,,,,,,,,,,,,,,,,,,,,,,,,,,,,,,,,,,,,,,,,,,,,,,,,,,,,,,,,,,,,,,,,,,,,,,,,,,,,,,,,,,,,,,,,,,,
1764665424.492622,27990,0,4414.743652,4421.922852,4531.666504,4546.794922,4426.794922,4542.820313,4559.102539,4403.205078,4605.384766,4400.384766,4510.128418,4542.179688,4586.538574,4387.820313,4400.128418,4513.077148,4561.153809,4536.666504,4518.205078,4395.128418,4399.230957,4579.871582,4550.256348,4510.128418,4395.512695,4577.05127,4405.128418,4583.205078,4517.307617,4410.641113,4541.410156,4521.922852,2950,1,24,1280,38909,,,,0,4,4,4,4,4,4,4,4,4,4,4,4,4,4,4,4,4,4,4,4,4,4,4,4,4,4,4,4,4,4,4,4,100,,,,,,,,,,,,,,,,,,,,,,,,,,,,,,,,,,,,,,,,,,,,,,,,,,,,,,,,,,,,,,,,,,,,,,,,,,,,,,,,,,,,,,,,,,,,,,,,,,,,,,,,,,,,,,,,,,,,,,,,,,,,,,,,,,,,,,,,,,,,,,,,,,,,,,,,,,,,,,,,,,,,,,,,,,,,,,,,,,,,,,,,,,,,,,,,,,,,,,,,,,,,,,
1764665424.496529,27991,0,4417.563965,4423.461426,4534.743652,4545.128418,4430.256348,4542.820313,4562.692383,4409.358887,4603.077148,4403.205078,4514.102539,4541.922852,4588.333496,4392.436035,4401.153809,4514.743652,4564.358887,4538.717773,4514.743652,4392.179688,4398.205078,4584.230957,4553.717773,4508.717773,4401.153809,4579.615234,4411.025879,4586.922852,4518.461426,4413.077148,4543.077148,4525.512695,2861,1,24,1280,38909,,,,0,4,4,4,4,4,4,4,4,4,4,4,4,4,4,4,4,4,4,4,4,4,4,4,4,4,4,4,4,4,4,4,4,100,,,,,,,,,,,,,,,,,,,,,,,,,,,,,,,,,,,,,,,,,,,,,,,,,,,,,,,,,,,,,,,,,,,,,,,,,,,,,,,,,,,,,,,,,,,,,,,,,,,,,,,,,,,,,,,,,,,,,,,,,,,,,,,,,,,,,,,,,,,,,,,,,,,,,,,,,,,,,,,,,,,,,,,,,,,,,,,,,,,,,,,,,,,,,,,,,,,,,,,,,,,,,,
1764665424.500435,27992,0,4416.153809,4421.410156,4531.153809,4538.717773,4428.333496,4539.102539,4560.512695,4411.025879,4596.922852,4406.153809,4516.282227,4541.666504,4587.307617,4393.846191,4399.487305,4515,4565.641113,4539.871582,4511.794922,4385.384766,4396.922852,4587.436035,4552.563965,4508.461426,4408.205078,4580,4412.179688,4589.358887,4517.563965,4414.487305,4542.692383,4521.025879,2781,1,24,512,38917,,,,0,4,4,4,4,4,4,4,4,4,4,4,4,4,4,4,4,4,4,4,4,4,4,4,4,4,4,4,4,4,4,4,4,100,,,,,,,,,,,,,,,,,,,,,,,,,,,,,,,,,,,,,,,,,,,,,,,,,,,,,,,,,,,,,,,,,,,,,,,,,,,,,,,,,,,,,,,,,,,,,,,,,,,,,,,,,,,,,,,,,,,,,,,,,,,,,,,,,,,,,,,,,,,,,,,,,,,,,,,,,,,,,,,,,,,,,,,,,,,,,,,,,,,,,,,,,,,,,,,,,,,,,,,,,,,,,,
1764665424.504342,27993,0,4410,4415.384766,4522.05127,4530.512695,4420.641113,4532.692383,4553.717773,4406.153809,4589.615234,4407.563965,4514.871582,4539.615234,4582.563965,4390.641113,4395.256348,4513.333496,4563.333496,4538.717773,4511.538574,4377.692383,4395.897461,4588.205078,4547.436035,4508.589844,4409.871582,4576.538574,4407.820313,4588.077148,4514.230957,4412.563965,4540,4510.512695,2847,1,24,512,38917,,,,0,4,4,4,4,4,4,4,4,4,4,4,4,4,4,4,4,4,4,4,4,4,4,4,4,4,4,4,4,4,4,4,4,100,,,,,,,,,,,,,,,,,,,,,,,,,,,,,,,,,,,39766,0,0.019714,-0.694092,-0.719543,-0.010254,0.99475,0.039067,0.039067,19.166666,-0.333333,53.333332,,,,,,,,,,,,,,,,,,,,,,,,,,,,,,,,,,,,,,,,,,,,,,,,,,,,,,,,,,,,,,,,,,,,,,,,,,,,,,,,,,,,,,,,,,,,,,,,,,,,,,,,,,,,,,,,,,,,,,,,,,,,,,,,,,,,,,,,,,,,,,,,,,,,,,,,,,,,,,,,
1764665424.508248,27994,0,4401.922852,4408.205078,4512.820313,4524.871582,4410.384766,4525.897461,4546.153809,4397.563965,4583.974121,4407.436035,4510.897461,4535.512695,4576.282227,4384.487305,4390.128418,4510.512695,4558.974121,4536.794922,4515.256348,4373.333496,4396.410156,4587.692383,4541.666504,4508.717773,4405.256348,4571.410156,4400.641113,4583.333496,4510.128418,4408.205078,4536.666504,4500.641113,1955,1,24,768,38925,,,,0,4,4,4,4,4,4,4,4,4,4,4,4,4,4,4,4,4,4,4,4,4,4,4,4,4,4,4,4,4,4,4,4,100,,,,,,,,,,,,,,,,,,,,,,,,,,,,,,,,,,,,,,,,,,,,,,,3.995437,9.456605,1.208204,1.107297,0.997105,3.847532,11.341124,1.586648,1.359084,1.140642,2.948393,9.267576,1.469789,1.579952,1.392074,2.685115,6.020014,0.795233,1.500272,1.354467,2.733329,10.998936,1.106726,1.38307,1.214386,4.256639,9.875382,1.229786,1.182155,0.913543,3.544799,6.645832,0.747195,1.29586,1.063796,2.094995,7.008057,0.694795,1.609704,1.249144,2.689369,3.076011,0.875022,1.437703,1.400324,2.211298,3.667996,0.739167,2.381559,1.702073,1.47181,2.973548,0.596685,0.69236,0.917057,3.487462,7.570754,1.070943,0.939901,1.127355,2.913991,2.474822,0.659696,0.742506,0.895566,1.537371,0.82312,0.3377,0.508194,0.608445,1.480061,0.872821,0.537633,0.599086,1.172759,1.533769,2.350782,0.853911,0.612776,0.528524,5.23911,8.683933,1.954158,1.307407,1.191417,2.539694,4.678131,1.821427,0.93414,1.054009,1.316992,4.235162,1.343246,0.902272,0.823844,2.187376,6.975631,1.476298,1.139226,0.886336,2.528041,9.409679,1.917963,1.651905,0.864961,2.993848,8.007148,2.227565,1.542448,1.140925,2.927978,6.034491,1.409465,1.218495,1.036355,2.121018,6.806304,1.712222,1.431044,1.123011,2.803874,6.495017,1.596572,2.390604,1.673678,2.362041,3.223585,1.340149,1.403917,1.009418,2.742708,9.204755,2.047159,1.553666,1.418208,3.357621,10.381052,2.162121,1.560072,1.192248,1.92178,6.226911,0.692509,0.677469,0.568176,3.141075,10.517737,1.352546,1.547779,1.221384,2.677571,8.31405,1.680474,1.484779,1.396552,2.189735,8.363227,1.561328,1.283288,1.314773
1764665424.512155,27995,0,4395.897461,4403.589844,4508.846191,4525.128418,4403.333496,4521.794922,4542.307617,4390.769043,4582.820313,4407.436035,4507.563965,4531.153809,4572.820313,4379.230957,4387.05127,4508.589844,4555.641113,4536.666504,4521.025879,4375,4399.743652,4587.436035,4538.717773,4508.846191,4398.333496,4568.846191,4395.641113,4578.589844,4507.820313,4404.615234,4535.641113,4498.589844,2653,1,24,768,38925,,,,0,4,4,4,4,4,4,4,4,4,4,4,4,4,4,4,4,4,4,4,4,4,4,4,4,4,4,4,4,4,4,4,4,100,,,,,,,,,,,,,,,,,,,,,,,,,,,,,,,,,,,,,,,,,,,,,,,,,,,,,,,,,,,,,,,,,,,,,,,,,,,,,,,,,,,,,,,,,,,,,,,,,,,,,,,,,,,,,,,,,,,,,,,,,,,,,,,,,,,,,,,,,,,,,,,,,,,,,,,,,,,,,,,,,,,,,,,,,,,,,,,,,,,,,,,,,,,,,,,,,,,,,,,,,,,,,,
1764665424.516061,27996,0,4394.102539,4403.077148,4511.153809,4530.384766,4402.820313,4521.666504,4543.589844,4390.128418,4586.410156,4408.333496,4507.307617,4528.461426,4574.358887,4377.563965,4387.563965,4509.230957,4555.512695,4539.743652,4525.384766,4381.282227,4404.487305,4587.692383,4539.358887,4508.846191,4393.974121,4570.641113,4394.743652,4576.410156,4508.205078,4403.589844,4537.179688,4504.230957,2712,1,24,1024,38933,,,,0,4,4,4,4,4,4,4,4,4,4,4,4,4,4,4,4,4,4,4,4,4,4,4,4,4,4,4,4,4,4,4,4,100,,,,,,,,,,,,,,,,,,,,,,,,,,,,,,,,,,,,,,,,,,,,,,,,,,,,,,,,,,,,,,,,,,,,,,,,,,,,,,,,,,,,,,,,,,,,,,,,,,,,,,,,,,,,,,,,,,,,,,,,,,,,,,,,,,,,,,,,,,,,,,,,,,,,,,,,,,,,,,,,,,,,,,,,,,,,,,,,,,,,,,,,,,,,,,,,,,,,,,,,,,,,,,
1764665424.519968,27997,0,4394.487305,4403.333496,4515.128418,4534.871582,4406.153809,4522.94873,4547.179688,4394.230957,4591.025879,4408.333496,4508.333496,4527.05127,4577.94873,4379.487305,4389.615234,4511.666504,4556.666504,4543.205078,4524.743652,4386.666504,4407.179688,4586.282227,4539.615234,4507.05127,4392.307617,4573.717773,4395.128418,4576.025879,4509.102539,4402.179688,4537.307617,4510,2550,1,24,1024,38933,,,,0,4,4,4,4,4,4,4,4,4,4,4,4,4,4,4,4,4,4,4,4,4,4,4,4,4,4,4,4,4,4,4,4,100,,,,,,,,,,,,,,,,,,,,,,,,,,,,,,,,,,,39767,0,0.019808,-0.694092,-0.719543,-0.010071,0.998657,0.034672,0.040532,19.166666,2.666667,53.333332,,,,,,,,,,,,,,,,,,,,,,,,,,,,,,,,,,,,,,,,,,,,,,,,,,,,,,,,,,,,,,,,,,,,,,,,,,,,,,,,,,,,,,,,,,,,,,,,,,,,,,,,,,,,,,,,,,,,,,,,,,,,,,,,,,,,,,,,,,,,,,,,,,,,,,,,,,,,,,,,
1764665424.523874,27998,0,4392.563965,4399.358887,4513.717773,4532.94873,4407.307617,4521.153809,4547.94873,4397.05127,4591.025879,4404.102539,4506.666504,4524.487305,4578.461426,4382.307617,4389.487305,4513.461426,4555.256348,4542.05127,4518.717773,4384.743652,4404.230957,4580.128418,4535,4501.410156,4389.615234,4572.563965,4391.666504,4573.205078,4507.05127,4396.153809,4530.512695,4506.153809,2676,1,24,1280,38941,,,,0,4,4,4,4,4,4,4,4,4,4,4,4,4,4,4,4,4,4,4,4,4,4,4,4,4,4,4,4,4,4,4,4,100,,,,,,,,,,,,,,,,,,,,,,,,,,,,,,,,,,,,,,,,,,,,,,,,,,,,,,,,,,,,,,,,,,,,,,,,,,,,,,,,,,,,,,,,,,,,,,,,,,,,,,,,,,,,,,,,,,,,,,,,,,,,,,,,,,,,,,,,,,,,,,,,,,,,,,,,,,,,,,,,,,,,,,,,,,,,,,,,,,,,,,,,,,,,,,,,,,,,,,,,,,,,,,
1764665424.527781,27999,0,4385.897461,4390.128418,4504.487305,4524.230957,4403.461426,4514.615234,4543.205078,4394.102539,4584.230957,4395.256348,4500.512695,4519.615234,4573.333496,4383.077148,4385.128418,4512.179688,4548.846191,4535.256348,4511.410156,4375,4395.641113,4569.487305,4525.128418,4492.307617,4383.333496,4564.615234,4382.692383,4565.256348,4501.153809,4384.487305,4516.153809,4490.512695,2841,1,24,1280,38941,,,,0,4,4,4,4,4,4,4,4,4,4,4,4,4,4,4,4,4,4,4,4,4,4,4,4,4,4,4,4,4,4,4,4,100,,,,,,,,,,,,,,,,,,,,,,,,,,,,,,,,,,,,,,,,,,,,,,,,,,,,,,,,,,,,,,,,,,,,,,,,,,,,,,,,,,,,,,,,,,,,,,,,,,,,,,,,,,,,,,,,,,,,,,,,,,,,,,,,,,,,,,,,,,,,,,,,,,,,,,,,,,,,,,,,,,,,,,,,,,,,,,,,,,,,,,,,,,,,,,,,,,,,,,,,,,,,,,
1764665424.531687,28000,0,4377.692383,4381.153809,4493.461426,4515.128418,4397.820313,4506.666504,4536.153809,4387.05127,4575.641113,4386.538574,4493.846191,4514.487305,4565.769043,4382.563965,4379.102539,4508.846191,4539.871582,4528.333496,4508.974121,4364.487305,4386.410156,4560.256348,4515.384766,4484.358887,4375.769043,4554.487305,4372.563965,4555.256348,4494.487305,4373.205078,4501.538574,4472.436035,2781,1,24,1536,38948,,,,0,4,4,4,4,4,4,4,4,4,4,4,4,4,4,4,4,4,4,4,4,4,4,4,4,4,4,4,4,4,4,4,4,100,,,,,,,,,,,,,,,,,,,,,,,,,,,,,,,,,,,,,,,,,,,,,,,,,,,,,,,,,,,,,,,,,,,,,,,,,,,,,,,,,,,,,,,,,,,,,,,,,,,,,,,,,,,,,,,,,,,,,,,,,,,,,,,,,,,,,,,,,,,,,,,,,,,,,,,,,,,,,,,,,,,,,,,,,,,,,,,,,,,,,,,,,,,,,,,,,,,,,,,,,,,,,,
1764665424.535594,28001,0,4373.974121,4380.128418,4490.897461,4514.358887,4397.692383,4503.846191,4533.461426,4383.077148,4574.102539,4385.256348,4492.820313,4514.358887,4562.563965,4384.102539,4377.179688,4507.436035,4534.743652,4529.358887,4514.743652,4362.820313,4383.589844,4559.615234,4513.589844,4483.717773,4373.717773,4551.922852,4369.487305,4550.256348,4492.05127,4370.897461,4498.205078,4466.666504,2948,1,24,1536,38948,,,,0,4,4,4,4,4,4,4,4,4,4,4,4,4,4,4,4,4,4,4,4,4,4,4,4,4,4,4,4,4,4,4,4,100,,,,,,,,,,,,,,,,,,,,,,,,,,,,,,,,,,,39768,0,0.019931,-0.694092,-0.719543,-0.009827,0.998657,0.034672,0.040532,19.166666,0.333333,54.5,,,,,,,,,,,,,,,,,,,,,,,,,,,,,,,,,,,,,,,,,,,,,,,,,,,,,,,,,,,,,,,,,,,,,,,,,,,,,,,,,,,,,,,,,,,,,,,,,,,,,,,,,,,,,,,,,,,,,,,,,,,,,,,,,,,,,,,,,,,,,,,,,,,,,,,,,,,,,,,,
1764665424.539500,28002,0,4379.102539,4390.256348,4502.307617,4524.487305,4406.282227,4509.615234,4540,4387.692383,4585.128418,4395,4500.512695,4522.05127,4567.307617,4390.384766,4383.589844,4511.410156,4538.846191,4540.641113,4526.025879,4373.205078,4390.384766,4569.487305,4522.563965,4492.436035,4381.666504,4562.94873,4377.820313,4555.256348,4496.410156,4381.025879,4511.538574,4480.897461,2617,1,24,1792,38956,,,,0,4,4,4,4,4,4,4,4,4,4,4,4,4,4,4,4,4,4,4,4,4,4,4,4,4,4,4,4,4,4,4,4,100,,,,,,,,,,,,,,,,,,,,,,,,,,,,,,,,,,,,,,,,,,,,,,,,,,,,,,,,,,,,,,,,,,,,,,,,,,,,,,,,,,,,,,,,,,,,,,,,,,,,,,,,,,,,,,,,,,,,,,,,,,,,,,,,,,,,,,,,,,,,,,,,,,,,,,,,,,,,,,,,,,,,,,,,,,,,,,,,,,,,,,,,,,,,,,,,,,,,,,,,,,,,,,
1764665424.543407,28003,0,4390.384766,4406.025879,4521.538574,4539.487305,4419.358887,4520.769043,4552.436035,4399.743652,4603.717773,4410.384766,4512.820313,4534.230957,4576.922852,4399.230957,4395.897461,4519.487305,4550.256348,4555.769043,4535.256348,4388.846191,4402.05127,4583.205078,4537.05127,4505.769043,4396.794922,4582.179688,4393.717773,4567.820313,4504.615234,4397.05127,4534.358887,4507.436035,2882,1,24,1792,38956,,,,0,4,4,4,4,4,4,4,4,4,4,4,4,4,4,4,4,4,4,4,4,4,4,4,4,4,4,4,4,4,4,4,4,100,,,,,,,,,,,,,,,,,,,,,,,,,,,,,,,,,,,,,,,,,,,,,,,,,,,,,,,,,,,,,,,,,,,,,,,,,,,,,,,,,,,,,,,,,,,,,,,,,,,,,,,,,,,,,,,,,,,,,,,,,,,,,,,,,,,,,,,,,,,,,,,,,,,,,,,,,,,,,,,,,,,,,,,,,,,,,,,,,,,,,,,,,,,,,,,,,,,,,,,,,,,,,,
1764665424.547313,28004,0,4399.615234,4416.025879,4534.487305,4547.563965,4427.05127,4529.230957,4561.794922,4410.384766,4616.538574,4419.615234,4520.769043,4542.307617,4583.589844,4403.717773,4405.512695,4525.769043,4560.384766,4562.94873,4534.743652,4398.205078,4409.358887,4589.615234,4546.410156,4513.717773,4409.615234,4595.769043,4405.384766,4578.333496,4510.384766,4406.282227,4550.384766,4527.179688,2772,1,24,2048,38964,,,,0,4,4,4,4,4,4,4,4,4,4,4,4,4,4,4,4,4,4,4,4,4,4,4,4,4,4,4,4,4,4,4,4,100,,,,,,,,,,,,,,,,,,,,,,,,,,,,,,,,,,,,,,,,,,,,,,,,,,,,,,,,,,,,,,,,,,,,,,,,,,,,,,,,,,,,,,,,,,,,,,,,,,,,,,,,,,,,,,,,,,,,,,,,,,,,,,,,,,,,,,,,,,,,,,,,,,,,,,,,,,,,,,,,,,,,,,,,,,,,,,,,,,,,,,,,,,,,,,,,,,,,,,,,,,,,,,
1764665424.551220,28005,0,4399.102539,4411.410156,4529.615234,4540.897461,4421.666504,4527.820313,4559.487305,4409.743652,4612.179688,4413.461426,4517.94873,4538.717773,4579.871582,4397.692383,4403.717773,4524.230957,4559.487305,4554.230957,4522.820313,4393.333496,4404.230957,4581.282227,4542.563965,4508.333496,4409.230957,4591.282227,4401.922852,4576.794922,4507.94873,4400,4545.641113,4524.230957,2808,1,24,2048,38964,,,,0,4,4,4,4,4,4,4,4,4,4,4,4,4,4,4,4,4,4,4,4,4,4,4,4,4,4,4,4,4,4,4,4,100,,,,,,,,,,,,,,,,,,,,,,,,,,,,,,,,,,,39769,0,0.019931,-0.694092,-0.719543,-0.009827,0.995239,0.031254,0.035649,19.5,0.666667,53.333332,,,,,,,,,,,,,,,,,,,,,,,,,,,,,,,,,,,,,,,,,,,,,,,,,,,,,,,,,,,,,,,,,,,,,,,,,,,,,,,,,,,,,,,,,,,,,,,,,,,,,,,,,,,,,,,,,,,,,,,,,,,,,,,,,,,,,,,,,,,,,,,,,,,,,,,,,,,,,,,,
1764665424.555126,28006,0,4387.820313,4393.589844,4507.692383,4522.179688,4404.487305,4516.025879,4544.871582,4394.871582,4591.282227,4393.717773,4504.615234,4523.589844,4565.384766,4381.922852,4389.102539,4513.589844,4545.641113,4532.436035,4505.128418,4376.282227,4387.820313,4561.282227,4526.538574,4490.512695,4392.436035,4569.230957,4382.820313,4561.410156,4497.307617,4379.871582,4520.769043,4499.102539,2826,1,24,2304,38972,,,,0,4,4,4,4,4,4,4,4,4,4,4,4,4,4,4,4,4,4,4,4,4,4,4,4,4,4,4,4,4,4,4,4,100,,,,,,,,,,,,,,,,,,,,,,,,,,,,,,,,,,,,,,,,,,,,,,,,,,,,,,,,,,,,,,,,,,,,,,,,,,,,,,,,,,,,,,,,,,,,,,,,,,,,,,,,,,,,,,,,,,,,,,,,,,,,,,,,,,,,,,,,,,,,,,,,,,,,,,,,,,,,,,,,,,,,,,,,,,,,,,,,,,,,,,,,,,,,,,,,,,,,,,,,,,,,,,
1764665424.559033,28007,0,4373.589844,4374.358887,4482.692383,4503.589844,4386.282227,4502.05127,4526.922852,4373.846191,4567.307617,4372.692383,4489.487305,4505.641113,4548.077148,4365.641113,4370,4500.128418,4527.692383,4510.897461,4492.307617,4358.461426,4370.641113,4542.05127,4508.974121,4471.538574,4368.333496,4543.333496,4360,4541.282227,4485.128418,4358.717773,4491.666504,4469.358887,3006,1,24,2304,38972,,,,0,4,4,4,4,4,4,4,4,4,4,4,4,4,4,4,4,4,4,4,4,4,4,4,4,4,4,4,4,4,4,4,4,100,,,,,,,,,,,,,,,,,,,,,,,,,,,,,,,,,,,,,,,,,,,,,,,,,,,,,,,,,,,,,,,,,,,,,,,,,,,,,,,,,,,,,,,,,,,,,,,,,,,,,,,,,,,,,,,,,,,,,,,,,,,,,,,,,,,,,,,,,,,,,,,,,,,,,,,,,,,,,,,,,,,,,,,,,,,,,,,,,,,,,,,,,,,,,,,,,,,,,,,,,,,,,,
1764665424.562939,28008,0,4367.563965,4367.820313,4472.692383,4498.717773,4380,4497.307617,4517.94873,4360.897461,4557.179688,4363.846191,4483.205078,4497.692383,4539.871582,4359.871582,4359.615234,4493.333496,4519.230957,4504.230957,4492.820313,4353.077148,4365.897461,4536.922852,4502.436035,4465.256348,4352.94873,4531.025879,4349.615234,4530.128418,4480.384766,4350.769043,4479.102539,4456.410156,2886,1,24,2560,38980,,,,0,4,4,4,4,4,4,4,4,4,4,4,4,4,4,4,4,4,4,4,4,4,4,4,4,4,4,4,4,4,4,4,4,100,,,,,,,,,,,,,,,,,,,,,,,,,,,,,,,,,,,,,,,,,,,,,,,,,,,,,,,,,,,,,,,,,,,,,,,,,,,,,,,,,,,,,,,,,,,,,,,,,,,,,,,,,,,,,,,,,,,,,,,,,,,,,,,,,,,,,,,,,,,,,,,,,,,,,,,,,,,,,,,,,,,,,,,,,,,,,,,,,,,,,,,,,,,,,,,,,,,,,,,,,,,,,,
1764665424.566845,28009,0,4375.769043,4379.743652,4485.256348,4511.922852,4391.025879,4507.436035,4524.871582,4365.384766,4567.820313,4372.05127,4491.025879,4506.282227,4546.922852,4369.487305,4366.282227,4498.846191,4528.205078,4517.436035,4506.794922,4365,4378.589844,4550.128418,4512.179688,4477.307617,4357.692383,4540.512695,4360,4536.922852,4487.307617,4362.179688,4493.205078,4469.230957,2736,1,24,2560,38980,,,,0,4,4,4,4,4,4,4,4,4,4,4,4,4,4,4,4,4,4,4,4,4,4,4,4,4,4,4,4,4,4,4,4,100,,,,,,,,,,,,,,,,,,,,,,,,,,,,,,,,,,,39770,0,0.019931,-0.694092,-0.719543,-0.009827,1.001587,0.028324,0.041997,19.166666,0.666667,53.666668,,,,,,,,,,,,,,,,,,,,,,,,,,,,,,,,,,,,,,,,,,,,,,,,,,,,,,,,,,,,,,,,,,,,,,,,,,,,,,,,,,,,,,,,,,,,,,,,,,,,,,,,,,,,,,,,,,,,,,,,,,,,,,,,,,,,,,,,,,,,,,,,,,,,,,,,,,,,,,,,
1764665424.570752,28010,0,4393.333496,4402.563965,4511.922852,4534.615234,4412.436035,4528.077148,4543.333496,4384.230957,4591.666504,4390.256348,4508.077148,4526.538574,4565.512695,4388.461426,4386.410156,4513.461426,4549.871582,4542.436035,4525.128418,4386.282227,4401.282227,4573.974121,4531.666504,4500.256348,4380.769043,4565.512695,4384.487305,4557.94873,4501.922852,4385.769043,4524.871582,4498.205078,1884,1,24,2560,38987,,,,0,4,4,4,4,4,4,4,4,4,4,4,4,4,4,4,4,4,4,4,4,4,4,4,4,4,4,4,4,4,4,4,4,100,,,,,,,,,,,,,,,,,,,,,,,,,,,,,,,,,,,,,,,,,,,,,,,,,,,,,,,,,,,,,,,,,,,,,,,,,,,,,,,,,,,,,,,,,,,,,,,,,,,,,,,,,,,,,,,,,,,,,,,,,,,,,,,,,,,,,,,,,,,,,,,,,,,,,,,,,,,,,,,,,,,,,,,,,,,,,,,,,,,,,,,,,,,,,,,,,,,,,,,,,,,,,,
1764665424.574658,28011,0,4408.589844,4421.153809,4534.871582,4552.179688,4430.384766,4546.922852,4561.538574,4404.615234,4612.563965,4405.897461,4523.333496,4545.512695,4583.846191,4404.615234,4407.692383,4527.436035,4570.769043,4563.205078,4536.153809,4402.94873,4420,4593.974121,4548.077148,4519.743652,4408.205078,4589.230957,4406.794922,4579.615234,4514.871582,4406.025879,4553.205078,4523.589844,2710,1,24,2560,38987,,,,0,4,4,4,4,4,4,4,4,4,4,4,4,4,4,4,4,4,4,4,4,4,4,4,4,4,4,4,4,4,4,4,4,100,,,,,,,,,,,,,,,,,,,,,,,,,,,,,,,,,,,,,,,,,,,,,,,,,,,,,,,,,,,,,,,,,,,,,,,,,,,,,,,,,,,,,,,,,,,,,,,,,,,,,,,,,,,,,,,,,,,,,,,,,,,,,,,,,,,,,,,,,,,,,,,,,,,,,,,,,,,,,,,,,,,,,,,,,,,,,,,,,,,,,,,,,,,,,,,,,,,,,,,,,,,,,,
1764665424.578565,28012,0,4411.666504,4423.846191,4539.487305,4554.102539,4433.461426,4552.563965,4568.461426,4413.589844,4617.692383,4409.615234,4527.692383,4551.025879,4591.922852,4408.077148,4417.820313,4531.153809,4578.077148,4567.692383,4533.589844,4405.384766,4424.487305,4598.974121,4551.794922,4525,4423.461426,4597.307617,4413.077148,4587.820313,4518.205078,4410.384766,4560.384766,4529.615234,2507,1,24,2561,38995,,,,0,4,4,4,4,4,4,4,4,4,4,4,4,4,4,4,4,4,4,4,4,4,4,4,4,4,4,4,4,4,4,4,4,100,,,,,,,,,,,,,,,,,,,,,,,,,,,,,,,,,,,,,,,,,,,,,,,,,,,,,,,,,,,,,,,,,,,,,,,,,,,,,,,,,,,,,,,,,,,,,,,,,,,,,,,,,,,,,,,,,,,,,,,,,,,,,,,,,,,,,,,,,,,,,,,,,,,,,,,,,,,,,,,,,,,,,,,,,,,,,,,,,,,,,,,,,,,,,,,,,,,,,,,,,,,,,,
1764665424.582471,28013,0,4401.410156,4409.871582,4524.487305,4541.153809,4421.025879,4542.05127,4560.256348,4406.794922,4605.769043,4401.282227,4520,4540.769043,4586.666504,4398.077148,4412.692383,4522.05127,4569.230957,4555,4520.512695,4394.743652,4414.615234,4587.820313,4542.307617,4515.384766,4417.820313,4586.410156,4401.025879,4578.461426,4510.897461,4397.94873,4544.358887,4515,2218,1,24,2561,38995,,,,0,4,4,4,4,4,4,4,4,4,4,4,4,4,4,4,4,4,4,4,4,4,4,4,4,4,4,4,4,4,4,4,4,100,,,,,,,,,,,,,,,,,,,,,,,,,,,,,,,,,,,39771,0,0.019931,-0.694092,-0.719543,-0.009827,0.992797,0.041509,0.041509,19.5,0,54.5,,,,,,,,,,,,,,,,,,,,,,,,,,,,,,,,,,,,,,,,,,,,,,,,,,,,,,,,,,,,,,,,,,,,,,,,,,,,,,,,,,,,,,,,,,,,,,,,,,,,,,,,,,,,,,,,,,,,,,,,,,,,,,,,,,,,,,,,,,,,,,,,,,,,,,,,,,,,,,,,
1764665424.586378,28014,0,4384.743652,4388.589844,4501.666504,4522.563965,4401.922852,4521.666504,4542.94873,4389.743652,4586.538574,4388.461426,4506.410156,4522.307617,4572.820313,4382.307617,4397.820313,4506.666504,4551.410156,4535.256348,4505.641113,4380.256348,4398.846191,4568.846191,4526.794922,4498.589844,4395.128418,4565.769043,4380.512695,4558.461426,4498.333496,4378.205078,4518.077148,4491.794922,2723,1,24,1792,39003,,,,0,4,4,4,4,4,4,4,4,4,4,4,4,4,4,4,4,4,4,4,4,4,4,4,4,4,4,4,4,4,4,4,4,100,,,,,,,,,,,,,,,,,,,,,,,,,,,,,,,,,,,,,,,,,,,,,,,,,,,,,,,,,,,,,,,,,,,,,,,,,,,,,,,,,,,,,,,,,,,,,,,,,,,,,,,,,,,,,,,,,,,,,,,,,,,,,,,,,,,,,,,,,,,,,,,,,,,,,,,,,,,,,,,,,,,,,,,,,,,,,,,,,,,,,,,,,,,,,,,,,,,,,,,,,,,,,,
1764665424.590284,28015,0,4370.897461,4371.410156,4484.743652,4508.589844,4387.179688,4502.05127,4526.410156,4373.589844,4572.179688,4379.615234,4495,4507.05127,4559.102539,4371.282227,4382.94873,4495,4536.025879,4520.128418,4497.179688,4370.512695,4386.794922,4553.717773,4513.974121,4484.615234,4369.102539,4548.974121,4364.871582,4540.256348,4488.205078,4363.461426,4498.717773,4474.871582,2502,1,24,1792,39003,,,,0,4,4,4,4,4,4,4,4,4,4,4,4,4,4,4,4,4,4,4,4,4,4,4,4,4,4,4,4,4,4,4,4,100,,,,,,,,,,,,,,,,,,,,,,,,,,,,,,,,,,,,,,,,,,,,,,,,,,,,,,,,,,,,,,,,,,,,,,,,,,,,,,,,,,,,,,,,,,,,,,,,,,,,,,,,,,,,,,,,,,,,,,,,,,,,,,,,,,,,,,,,,,,,,,,,,,,,,,,,,,,,,,,,,,,,,,,,,,,,,,,,,,,,,,,,,,,,,,,,,,,,,,,,,,,,,,
1764665424.594191,28016,0,4365.128418,4364.358887,4480.641113,4503.974121,4382.563965,4491.666504,4517.820313,4366.666504,4567.94873,4378.077148,4489.871582,4501.410156,4551.666504,4370,4375.769043,4492.563965,4529.743652,4515.256348,4496.922852,4367.563965,4382.94873,4548.846191,4508.461426,4478.333496,4353.974121,4544.230957,4360.641113,4531.922852,4483.974121,4360,4494.743652,4471.410156,2882,1,24,768,39011,,,,0,4,4,4,4,4,4,4,4,4,4,4,4,4,4,4,4,4,4,4,4,4,4,4,4,4,4,4,4,4,4,4,4,100,,,,,,,,,,,,,,,,,,,,,,,,,,,,,,,,,,,,,,,,,,,,,,,,,,,,,,,,,,,,,,,,,,,,,,,,,,,,,,,,,,,,,,,,,,,,,,,,,,,,,,,,,,,,,,,,,,,,,,,,,,,,,,,,,,,,,,,,,,,,,,,,,,,,,,,,,,,,,,,,,,,,,,,,,,,,,,,,,,,,,,,,,,,,,,,,,,,,,,,,,,,,,,
1764665424.598097,28017,0,4366.922852,4365.641113,4485.769043,4505.897461,4385.512695,4491.922852,4517.692383,4369.615234,4570.897461,4381.025879,4489.871582,4504.102539,4551.025879,4376.025879,4377.05127,4497.436035,4532.307617,4518.589844,4501.025879,4367.94873,4385.256348,4552.179688,4509.230957,4478.461426,4355.641113,4549.358887,4364.871582,4533.333496,4483.974121,4365.256348,4502.179688,4477.179688,2937,1,24,768,39011,,,,0,4,4,4,4,4,4,4,4,4,4,4,4,4,4,4,4,4,4,4,4,4,4,4,4,4,4,4,4,4,4,4,4,100,,,,,,,,,,,,,,,,,,,,,,,,,,,,,,,,,,,39772,0,0.019931,-0.694092,-0.719543,-0.009827,0.997192,0.041509,0.048834,19.333334,0.833333,53.5,,,,,,,,,,,,,,,,,,,,,,,,,,,,,,,,,,,,,,,,,,,,,,,,,,,,,,,,,,,,,,,,,,,,,,,,,,,,,,,,,,,,,,,,,,,,,,,,,,,,,,,,,,,,,,,,,,,,,,,,,,,,,,,,,,,,,,,,,,,,,,,,,,,,,,,,,,,,,,,,
1764665424.602004,28018,0,4371.794922,4369.230957,4491.794922,4508.846191,4389.871582,4498.589844,4521.282227,4377.179688,4574.230957,4382.820313,4491.794922,4508.974121,4553.846191,4382.436035,4382.436035,4503.205078,4538.589844,4524.358887,4504.102539,4367.307617,4389.102539,4556.922852,4512.436035,4480.769043,4368.461426,4556.410156,4369.102539,4538.974121,4484.743652,4371.794922,4509.743652,4482.05127,1780,1,24,256,39019,,,,0,4,4,4,4,4,4,4,4,4,4,4,4,4,4,4,4,4,4,4,4,4,4,4,4,4,4,4,4,4,4,4,4,100,,,,,,,,,,,,,,,,,,,,,,,,,,,,,,,,,,,,,,,,,,,,,,,,,,,,,,,,,,,,,,,,,,,,,,,,,,,,,,,,,,,,,,,,,,,,,,,,,,,,,,,,,,,,,,,,,,,,,,,,,,,,,,,,,,,,,,,,,,,,,,,,,,,,,,,,,,,,,,,,,,,,,,,,,,,,,,,,,,,,,,,,,,,,,,,,,,,,,,,,,,,,,,
1764665424.605910,28019,0,4375.384766,4371.153809,4493.077148,4510,4391.410156,4505.128418,4524.102539,4382.820313,4573.974121,4381.153809,4493.077148,4511.538574,4556.538574,4383.589844,4386.410156,4504.358887,4542.436035,4527.307617,4503.846191,4364.871582,4391.282227,4558.077148,4515.384766,4482.436035,4380.769043,4558.077148,4368.333496,4542.94873,4484.743652,4374.487305,4509.615234,4480.384766,2957,1,24,256,39019,,,,0,4,4,4,4,4,4,4,4,4,4,4,4,4,4,4,4,4,4,4,4,4,4,4,4,4,4,4,4,4,4,4,4,100,,,,,,,,,,,,,,,,,,,,,,,,,,,,,,,,,,,,,,,,,,,,,,,,,,,,,,,,,,,,,,,,,,,,,,,,,,,,,,,,,,,,,,,,,,,,,,,,,,,,,,,,,,,,,,,,,,,,,,,,,,,,,,,,,,,,,,,,,,,,,,,,,,,,,,,,,,,,,,,,,,,,,,,,,,,,,,,,,,,,,,,,,,,,,,,,,,,,,,,,,,,,,,
1764665424.609817,28020,0,4376.153809,4370.769043,4490.641113,4510.384766,4390.256348,4507.436035,4525.128418,4383.333496,4571.410156,4377.307617,4493.717773,4511.538574,4557.179688,4379.871582,4386.538574,4500.384766,4541.410156,4525.384766,4501.153809,4362.94873,4391.282227,4555.384766,4516.922852,4483.077148,4384.102539,4554.102539,4363.589844,4543.333496,4484.358887,4372.820313,4503.205078,4473.974121,2549,1,24,512,39026,,,,0,4,4,4,4,4,4,4,4,4,4,4,4,4,4,4,4,4,4,4,4,4,4,4,4,4,4,4,4,4,4,4,4,100,,,,,,,,,,,,,,,,,,,,,,,,,,,,,,,,,,,,,,,,,,,,,,,,,,,,,,,,,,,,,,,,,,,,,,,,,,,,,,,,,,,,,,,,,,,,,,,,,,,,,,,,,,,,,,,,,,,,,,,,,,,,,,,,,,,,,,,,,,,,,,,,,,,,,,,,,,,,,,,,,,,,,,,,,,,,,,,,,,,,,,,,,,,,,,,,,,,,,,,,,,,,,,
1764665424.613723,28021,0,4375.384766,4371.025879,4490.256348,4512.179688,4389.487305,4505.512695,4525.897461,4380.384766,4570,4374.871582,4494.615234,4510.897461,4556.153809,4375.769043,4384.102539,4494.743652,4537.179688,4520.512695,4498.974121,4363.846191,4390.769043,4552.563965,4517.563965,4483.717773,4378.589844,4548.974121,4360.641113,4542.179688,4485.769043,4371.025879,4497.692383,4470.256348,2836,1,24,512,39026,,,,0,4,4,4,4,4,4,4,4,4,4,4,4,4,4,4,4,4,4,4,4,4,4,4,4,4,4,4,4,4,4,4,4,100,,,,,,,,,,,,,,,,,,,,,,,,,,,,,,,,,,,39773,0,0.017555,-0.694092,-0.719604,-0.009888,0.995239,0.031742,0.037114,19.5,-0.333333,55.333332,,,,,,,,,,,,,,,,,,,,,,,,,,,,,,,,,,,,,,,,,,,,,,,,,,,,,,,,,,,,,,,,,,,,,,,,,,,,,,,,,,,,,,,,,,,,,,,,,,,,,,,,,,,,,,,,,,,,,,,,,,,,,,,,,,,,,,,,,,,,,,,,,,,,,,,,,,,,,,,,
1764665424.617630,28022,0,4375.256348,4374.615234,4495.641113,4516.538574,4392.179688,4502.563965,4528.077148,4378.333496,4572.179688,4375.128418,4496.282227,4511.538574,4555.897461,4375.384766,4381.794922,4492.563965,4534.230957,4516.666504,4499.871582,4368.205078,4391.410156,4553.589844,4518.333496,4486.153809,4371.666504,4548.589844,4364.230957,4543.589844,4489.358887,4373.461426,4499.743652,4475.128418,2940,1,24,768,39034,,,,0,4,4,4,4,4,4,4,4,4,4,4,4,4,4,4,4,4,4,4,4,4,4,4,4,4,4,4,4,4,4,4,4,100,,,,,,,,,,,,,,,,,,,,,,,,,,,,,,,,,,,,,,,,,,,,,,,,,,,,,,,,,,,,,,,,,,,,,,,,,,,,,,,,,,,,,,,,,,,,,,,,,,,,,,,,,,,,,,,,,,,,,,,,,,,,,,,,,,,,,,,,,,,,,,,,,,,,,,,,,,,,,,,,,,,,,,,,,,,,,,,,,,,,,,,,,,,,,,,,,,,,,,,,,,,,,,
1764665424.621536,28023,0,4377.692383,4383.205078,4506.153809,4522.692383,4398.974121,4502.820313,4531.922852,4380.769043,4577.563965,4377.820313,4499.102539,4514.358887,4558.717773,4379.743652,4382.820313,4496.538574,4536.922852,4518.974121,4504.230957,4374.615234,4394.487305,4560.512695,4520.641113,4491.153809,4371.153809,4555.128418,4374.102539,4550.256348,4494.487305,4381.410156,4510.128418,4488.589844,2854,1,24,768,39034,,,,0,4,4,4,4,4,4,4,4,4,4,4,4,4,4,4,4,4,4,4,4,4,4,4,4,4,4,4,4,4,4,4,4,100,,,,,,,,,,,,,,,,,,,,,,,,,,,,,,,,,,,,,,,,,,,,,,,,,,,,,,,,,,,,,,,,,,,,,,,,,,,,,,,,,,,,,,,,,,,,,,,,,,,,,,,,,,,,,,,,,,,,,,,,,,,,,,,,,,,,,,,,,,,,,,,,,,,,,,,,,,,,,,,,,,,,,,,,,,,,,,,,,,,,,,,,,,,,,,,,,,,,,,,,,,,,,,
1764665424.625443,28024,0,4383.461426,4395.128418,4517.692383,4528.589844,4407.692383,4508.333496,4536.794922,4388.205078,4584.102539,4381.666504,4503.333496,4519.487305,4565.641113,4387.05127,4388.077148,4505.128418,4546.153809,4529.358887,4511.666504,4381.922852,4400,4572.179688,4525.641113,4498.589844,4379.358887,4566.025879,4386.538574,4561.153809,4499.487305,4392.179688,4523.846191,4504.743652,2764,1,24,1024,39042,,,,0,4,4,4,4,4,4,4,4,4,4,4,4,4,4,4,4,4,4,4,4,4,4,4,4,4,4,4,4,4,4,4,4,100,,,,,,,,,,,,,,,,,,,,,,,,,,,,,,,,,,,,,,,,,,,,,,,,,,,,,,,,,,,,,,,,,,,,,,,,,,,,,,,,,,,,,,,,,,,,,,,,,,,,,,,,,,,,,,,,,,,,,,,,,,,,,,,,,,,,,,,,,,,,,,,,,,,,,,,,,,,,,,,,,,,,,,,,,,,,,,,,,,,,,,,,,,,,,,,,,,,,,,,,,,,,,,
1764665424.629349,28025,0,4391.410156,4406.282227,4525.128418,4531.922852,4414.615234,4517.820313,4542.05127,4396.922852,4588.717773,4385.128418,4508.461426,4525.384766,4573.846191,4394.358887,4395.512695,4514.102539,4558.461426,4544.358887,4520.256348,4388.333496,4406.153809,4584.615234,4532.307617,4506.794922,4391.025879,4574.743652,4396.025879,4572.436035,4503.077148,4400.256348,4533.846191,4515.384766,2841,1,24,1024,39042,,,,0,4,4,4,4,4,4,4,4,4,4,4,4,4,4,4,4,4,4,4,4,4,4,4,4,4,4,4,4,4,4,4,4,100,,,,,,,,,,,,,,,,,,,,,,,,,,,,,,,,,,,39774,0,0.017555,-0.694092,-0.719604,-0.009888,0.993285,0.049322,0.051764,20.166666,1.333333,54.666668,,,,,,,,,,,,,,,,,,,,,,,,,,,,,,,,,,,,,,,,,,,,,,,,,,,,,,,,,,,,,,,,,,,,,,,,,,,,,,,,,,,,,,,,,,,,,,,,,,,,,,,,,,,,,,,,,,,,,,,,,,,,,,,,,,,,,,,,,,,,,,,,,,,,,,,,,,,,,,,,
1764665424.633256,28026,0,4398.077148,4411.922852,4525.512695,4530.897461,4416.666504,4526.410156,4545.897461,4401.794922,4588.974121,4386.538574,4512.563965,4529.615234,4578.717773,4398.077148,4400.512695,4518.589844,4568.077148,4555.897461,4526.666504,4391.922852,4410.256348,4592.05127,4537.692383,4512.436035,4398.717773,4576.153809,4399.230957,4578.717773,4504.487305,4401.538574,4535.641113,4515.384766,1947,1,24,1280,39050,,,,0,4,4,4,4,4,4,4,4,4,4,4,4,4,4,4,4,4,4,4,4,4,4,4,4,4,4,4,4,4,4,4,4,100,1,100,4,4,4,4,4,4,4,4,4,4,4,4,4,4,4,4,4,4,4,4,4,4,4,4,4,4,4,4,4,4,4,4,,,,,,,,,,,,,4.580496,8.678724,1.062299,1.30774,1.024308,4.135013,10.159757,1.243763,1.509039,1.224638,2.69047,8.061694,1.200115,1.754431,1.481971,2.767476,5.143466,0.602937,1.692049,1.398543,2.789154,9.469363,0.829908,1.496593,1.311896,4.721655,8.625058,1.003826,1.273112,0.950345,3.846184,5.920714,0.629111,1.371478,1.098699,1.99934,6.221426,0.559086,1.744705,1.327322,2.487792,2.608248,0.673406,1.595201,1.371194,2.266924,3.19581,0.535193,2.601014,1.721801,1.499103,2.68962,0.553685,0.779267,0.934557,3.797702,6.794415,0.908111,1.077644,1.141117,3.144709,1.985236,0.590152,0.830651,0.953916,1.595251,0.79561,0.345196,0.536046,0.632751,1.263697,0.787556,0.479514,0.628973,1.181451,1.62547,1.748165,0.789966,0.61729,0.598575,5.572941,7.414855,1.438891,1.519202,1.217015,2.795276,3.364854,1.369992,1.005042,1.109562,1.29131,3.595206,1.051631,0.98058,0.84891,2.190436,7.340322,1.212883,1.301913,0.96043,2.592714,9.924456,1.491938,1.914268,0.91678,3.20113,7.566938,1.651945,1.752817,1.160537,3.405805,5.497588,1.128904,1.392069,1.057503,2.241519,6.665071,1.375233,1.538847,1.18638,2.979748,6.182317,1.344186,2.67996,1.787228,2.594928,3.039437,1.314651,1.52531,1.101996,3.235159,8.141723,1.581431,1.705266,1.540729,3.724146,9.484849,1.695756,1.71586,1.21121,2.407935,5.571556,0.529397,0.767767,0.601112,3.560678,9.379195,1.108051,1.706002,1.312967,3.182084,7.318915,1.416396,1.581263,1.547478,2.406281,7.426573,1.35742,1.48694,1.406489
1764665424.637162,28027,0,4400.384766,4409.487305,4519.358887,4525.769043,4413.717773,4528.846191,4546.282227,4400.128418,4584.102539,4385,4513.205078,4530,4576.922852,4396.282227,4399.358887,4516.666504,4570,4557.436035,4527.179688,4391.538574,4410,4590.897461,4538.077148,4512.436035,4398.077148,4570.256348,4396.282227,4577.179688,4503.589844,4395.897461,4530.256348,4506.282227,2648,1,24,1280,39050,,,,0,4,4,4,4,4,4,4,4,4,4,4,4,4,4,4,4,4,4,4,4,4,4,4,4,4,4,4,4,4,4,4,4,100,,,,,,,,,,,,,,,,,,,,,,,,,,,,,,,,,,,,,,,,,,,,,,,,,,,,,,,,,,,,,,,,,,,,,,,,,,,,,,,,,,,,,,,,,,,,,,,,,,,,,,,,,,,,,,,,,,,,,,,,,,,,,,,,,,,,,,,,,,,,,,,,,,,,,,,,,,,,,,,,,,,,,,,,,,,,,,,,,,,,,,,,,,,,,,,,,,,,,,,,,,,,,,
1764665424.641069,28028,0,4397.179688,4400.384766,4510.128418,4518.717773,4407.94873,4523.461426,4542.436035,4392.94873,4575.384766,4380.641113,4509.487305,4525.897461,4569.358887,4389.230957,4392.05127,4510.128418,4563.589844,4548.589844,4520.769043,4386.794922,4404.871582,4582.179688,4531.538574,4506.410156,4390.384766,4561.922852,4390,4569.358887,4501.025879,4387.94873,4521.922852,4495.128418,2704,1,24,1536,39058,,,,0,4,4,4,4,4,4,4,4,4,4,4,4,4,4,4,4,4,4,4,4,4,4,4,4,4,4,4,4,4,4,4,4,100,,,,,,,,,,,,,,,,,,,,,,,,,,,,,,,,,,,,,,,,,,,,,,,,,,,,,,,,,,,,,,,,,,,,,,,,,,,,,,,,,,,,,,,,,,,,,,,,,,,,,,,,,,,,,,,,,,,,,,,,,,,,,,,,,,,,,,,,,,,,,,,,,,,,,,,,,,,,,,,,,,,,,,,,,,,,,,,,,,,,,,,,,,,,,,,,,,,,,,,,,,,,,,
1764665424.644975,28029,0,4389.615234,4388.717773,4501.538574,4511.666504,4402.179688,4512.563965,4535.769043,4383.846191,4566.282227,4375.384766,4502.692383,4518.589844,4560.128418,4380.256348,4381.922852,4502.179688,4552.179688,4534.102539,4509.743652,4379.487305,4396.282227,4569.871582,4519.487305,4496.794922,4380.384766,4557.05127,4383.333496,4559.358887,4497.436035,4382.05127,4515,4488.717773,2544,1,24,1536,39058,,,,0,4,4,4,4,4,4,4,4,4,4,4,4,4,4,4,4,4,4,4,4,4,4,4,4,4,4,4,4,4,4,4,4,100,,,,,,,,,,,,,,,,,,,,,,,,,,,,,,,,,,,39775,0,0.019882,-0.694031,-0.719604,-0.009766,0.993285,0.049322,0.051764,19.333334,1.333333,55.166668,,,,,,,,,,,,,,,,,,,,,,,,,,,,,,,,,,,,,,,,,,,,,,,,,,,,,,,,,,,,,,,,,,,,,,,,,,,,,,,,,,,,,,,,,,,,,,,,,,,,,,,,,,,,,,,,,,,,,,,,,,,,,,,,,,,,,,,,,,,,,,,,,,,,,,,,,,,,,,,,
1764665424.648882,28030,0,4380.512695,4378.589844,4495.384766,4505.769043,4397.692383,4501.153809,4528.846191,4375.641113,4559.743652,4371.538574,4495.641113,4510.128418,4553.205078,4374.102539,4373.589844,4495.384766,4540.897461,4520.641113,4499.615234,4371.538574,4386.410156,4558.846191,4506.025879,4487.436035,4371.282227,4557.820313,4378.077148,4551.410156,4493.461426,4379.358887,4510.256348,4488.205078,2669,1,24,1792,39066,,,,0,4,4,4,4,4,4,4,4,4,4,4,4,4,4,4,4,4,4,4,4,4,4,4,4,4,4,4,4,4,4,4,4,100,,,,,,,,,,,,,,,,,,,,,,,,,,,,,,,,,,,,,,,,,,,,,,,,,,,,,,,,,,,,,,,,,,,,,,,,,,,,,,,,,,,,,,,,,,,,,,,,,,,,,,,,,,,,,,,,,,,,,,,,,,,,,,,,,,,,,,,,,,,,,,,,,,,,,,,,,,,,,,,,,,,,,,,,,,,,,,,,,,,,,,,,,,,,,,,,,,,,,,,,,,,,,,
1764665424.652788,28031,0,4373.333496,4373.589844,4492.436035,4501.666504,4395.128418,4493.846191,4523.974121,4370.512695,4557.436035,4370.256348,4491.666504,4503.717773,4550.512695,4374.358887,4370.384766,4491.025879,4534.230957,4513.333496,4495.512695,4366.153809,4378.846191,4551.922852,4497.05127,4482.436035,4364.743652,4562.05127,4374.871582,4547.94873,4489.871582,4378.846191,4507.436035,4490,2833,1,24,1792,39066,,,,0,4,4,4,4,4,4,4,4,4,4,4,4,4,4,4,4,4,4,4,4,4,4,4,4,4,4,4,4,4,4,4,4,100,,,,,,,,,,,,,,,,,,,,,,,,,,,,,,,,,,,,,,,,,,,,,,,,,,,,,,,,,,,,,,,,,,,,,,,,,,,,,,,,,,,,,,,,,,,,,,,,,,,,,,,,,,,,,,,,,,,,,,,,,,,,,,,,,,,,,,,,,,,,,,,,,,,,,,,,,,,,,,,,,,,,,,,,,,,,,,,,,,,,,,,,,,,,,,,,,,,,,,,,,,,,,,
1764665424.656695,28032,0,4371.410156,4375.641113,4492.94873,4501.282227,4395.897461,4493.205078,4523.589844,4370.641113,4559.743652,4372.436035,4492.820313,4502.436035,4552.307617,4380.897461,4372.820313,4489.615234,4534.102539,4514.230957,4498.974121,4365.897461,4377.05127,4550.641113,4496.538574,4483.589844,4362.05127,4566.410156,4374.230957,4548.846191,4488.333496,4380.128418,4507.05127,4491.025879,2771,1,24,2048,39073,,,,0,4,4,4,4,4,4,4,4,4,4,4,4,4,4,4,4,4,4,4,4,4,4,4,4,4,4,4,4,4,4,4,4,100,,,,,,,,,,,,,,,,,,,,,,,,,,,,,,,,,,,,,,,,,,,,,,,,,,,,,,,,,,,,,,,,,,,,,,,,,,,,,,,,,,,,,,,,,,,,,,,,,,,,,,,,,,,,,,,,,,,,,,,,,,,,,,,,,,,,,,,,,,,,,,,,,,,,,,,,,,,,,,,,,,,,,,,,,,,,,,,,,,,,,,,,,,,,,,,,,,,,,,,,,,,,,,
1764665424.660601,28033,0,4375.897461,4383.589844,4497.05127,4506.282227,4400.897461,4498.974121,4528.205078,4376.153809,4565.256348,4377.820313,4497.563965,4507.05127,4556.282227,4389.230957,4378.717773,4491.025879,4538.461426,4521.794922,4506.922852,4370.769043,4381.666504,4553.717773,4504.102539,4489.487305,4364.358887,4568.461426,4376.410156,4552.307617,4490,4383.717773,4510.256348,4491.153809,2934,1,24,2048,39073,,,,0,4,4,4,4,4,4,4,4,4,4,4,4,4,4,4,4,4,4,4,4,4,4,4,4,4,4,4,4,4,4,4,4,100,,,,,,,,,,,,,,,,,,,,,,,,,,,,,,,,,,,39776,0,0.019852,-0.694031,-0.719604,-0.009827,0.985472,0.042974,0.050299,20.5,-0.166667,53.833332,,,,,,,,,,,,,,,,,,,,,,,,,,,,,,,,,,,,,,,,,,,,,,,,,,,,,,,,,,,,,,,,,,,,,,,,,,,,,,,,,,,,,,,,,,,,,,,,,,,,,,,,,,,,,,,,,,,,,,,,,,,,,,,,,,,,,,,,,,,,,,,,,,,,,,,,,,,,,,,,
1764665424.664508,28034,0,4383.717773,4392.94873,4502.94873,4515.769043,4408.846191,4506.922852,4535.641113,4384.743652,4571.025879,4384.230957,4502.179688,4514.358887,4559.358887,4393.846191,4383.846191,4493.846191,4543.205078,4530.769043,4513.461426,4376.922852,4389.615234,4558.461426,4514.230957,4495.897461,4370,4568.077148,4379.871582,4555.897461,4494.358887,4388.974121,4515.641113,4491.922852,2606,1,24,2304,39081,,,,0,4,4,4,4,4,4,4,4,4,4,4,4,4,4,4,4,4,4,4,4,4,4,4,4,4,4,4,4,4,4,4,4,100,,,,,,,,,,,,,,,,,,,,,,,,,,,,,,,,,,,,,,,,,,,,,,,,,,,,,,,,,,,,,,,,,,,,,,,,,,,,,,,,,,,,,,,,,,,,,,,,,,,,,,,,,,,,,,,,,,,,,,,,,,,,,,,,,,,,,,,,,,,,,,,,,,,,,,,,,,,,,,,,,,,,,,,,,,,,,,,,,,,,,,,,,,,,,,,,,,,,,,,,,,,,,,
1764665424.668414,28035,0,4389.615234,4398.589844,4508.077148,4525.641113,4415.384766,4512.179688,4541.666504,4391.410156,4574.358887,4388.461426,4503.205078,4519.487305,4559.615234,4392.05127,4385.256348,4495.897461,4544.358887,4535.512695,4514.487305,4378.717773,4394.871582,4561.282227,4520.769043,4497.94873,4374.743652,4566.666504,4382.179688,4556.922852,4498.461426,4392.820313,4519.871582,4493.461426,2868,1,24,2304,39081,,,,0,4,4,4,4,4,4,4,4,4,4,4,4,4,4,4,4,4,4,4,4,4,4,4,4,4,4,4,4,4,4,4,4,100,,,,,,,,,,,,,,,,,,,,,,,,,,,,,,,,,,,,,,,,,,,,,,,,,,,,,,,,,,,,,,,,,,,,,,,,,,,,,,,,,,,,,,,,,,,,,,,,,,,,,,,,,,,,,,,,,,,,,,,,,,,,,,,,,,,,,,,,,,,,,,,,,,,,,,,,,,,,,,,,,,,,,,,,,,,,,,,,,,,,,,,,,,,,,,,,,,,,,,,,,,,,,,
1764665424.672321,28036,0,4390.641113,4398.205078,4510.512695,4531.794922,4417.179688,4512.05127,4543.205078,4393.205078,4574.102539,4388.717773,4500.384766,4518.846191,4557.692383,4386.153809,4383.205078,4496.153809,4542.05127,4533.333496,4509.871582,4374.487305,4394.102539,4560.641113,4521.282227,4494.487305,4375,4566.282227,4382.307617,4555.128418,4500.128418,4392.436035,4520.384766,4495.512695,2765,1,24,2560,39089,,,,0,4,4,4,4,4,4,4,4,4,4,4,4,4,4,4,4,4,4,4,4,4,4,4,4,4,4,4,4,4,4,4,4,100,,,,,,,,,,,,,,,,,,,,,,,,,,,,,,,,,,,,,,,,,,,,,,,,,,,,,,,,,,,,,,,,,,,,,,,,,,,,,,,,,,,,,,,,,,,,,,,,,,,,,,,,,,,,,,,,,,,,,,,,,,,,,,,,,,,,,,,,,,,,,,,,,,,,,,,,,,,,,,,,,,,,,,,,,,,,,,,,,,,,,,,,,,,,,,,,,,,,,,,,,,,,,,
1764665424.676227,28037,0,4387.820313,4394.615234,4510.769043,4532.94873,4414.230957,4508.974121,4540.256348,4389.871582,4571.538574,4385.897461,4496.538574,4513.333496,4555.769043,4381.282227,4380.384766,4494.487305,4538.589844,4526.153809,4502.820313,4367.307617,4388.077148,4557.179688,4517.692383,4487.820313,4370.641113,4567.820313,4381.153809,4552.563965,4499.358887,4388.077148,4518.077148,4497.692383,2797,1,24,2560,39089,,,,0,4,4,4,4,4,4,4,4,4,4,4,4,4,4,4,4,4,4,4,4,4,4,4,4,4,4,4,4,4,4,4,4,100,,,,,,,,,,,,,,,,,,,,,,,,,,,,,,,,,,,39777,0,0.0199,-0.694092,-0.719543,-0.009888,1.000122,0.034184,0.041997,19.166666,-0.333333,53.666668,,,,,,,,,,,,,,,,,,,,,,,,,,,,,,,,,,,,,,,,,,,,,,,,,,,,,,,,,,,,,,,,,,,,,,,,,,,,,,,,,,,,,,,,,,,,,,,,,,,,,,,,,,,,,,,,,,,,,,,,,,,,,,,,,,,,,,,,,,,,,,,,,,,,,,,,,,,,,,,,
1764665424.680134,28038,0,4384.487305,4391.666504,4510,4530.128418,4409.487305,4506.410156,4535.384766,4384.102539,4568.846191,4382.436035,4493.974121,4507.179688,4555.384766,4380.641113,4379.230957,4492.692383,4536.410156,4518.077148,4496.794922,4361.794922,4380.769043,4553.205078,4514.102539,4481.794922,4364.487305,4570.128418,4380.384766,4551.282227,4497.820313,4382.692383,4515.512695,4499.743652,2816,1,24,2560,39097,,,,0,4,4,4,4,4,4,4,4,4,4,4,4,4,4,4,4,4,4,4,4,4,4,4,4,4,4,4,4,4,4,4,4,100,,,,,,,,,,,,,,,,,,,,,,,,,,,,,,,,,,,,,,,,,,,,,,,,,,,,,,,,,,,,,,,,,,,,,,,,,,,,,,,,,,,,,,,,,,,,,,,,,,,,,,,,,,,,,,,,,,,,,,,,,,,,,,,,,,,,,,,,,,,,,,,,,,,,,,,,,,,,,,,,,,,,,,,,,,,,,,,,,,,,,,,,,,,,,,,,,,,,,,,,,,,,,,
1764665424.684040,28039,0,4382.94873,4391.410156,4508.077148,4525.128418,4405.897461,4506.794922,4531.025879,4378.589844,4567.692383,4379.487305,4493.077148,4504.102539,4555.769043,4383.846191,4379.871582,4491.282227,4535.384766,4512.179688,4493.846191,4360.641113,4376.025879,4550,4513.205078,4478.974121,4360.641113,4570.897461,4380.256348,4551.282227,4497.05127,4379.615234,4514.230957,4500.512695,3001,1,24,2560,39097,,,,0,4,4,4,4,4,4,4,4,4,4,4,4,4,4,4,4,4,4,4,4,4,4,4,4,4,4,4,4,4,4,4,4,100,,,,,,,,,,,,,,,,,,,,,,,,,,,,,,,,,,,,,,,,,,,,,,,,,,,,,,,,,,,,,,,,,,,,,,,,,,,,,,,,,,,,,,,,,,,,,,,,,,,,,,,,,,,,,,,,,,,,,,,,,,,,,,,,,,,,,,,,,,,,,,,,,,,,,,,,,,,,,,,,,,,,,,,,,,,,,,,,,,,,,,,,,,,,,,,,,,,,,,,,,,,,,,
1764665424.687947,28040,0,4383.717773,4393.461426,4505.128418,4519.743652,4404.615234,4510.384766,4528.846191,4375.641113,4567.692383,4377.179688,4492.563965,4505.128418,4555.128418,4387.179688,4380.769043,4491.025879,4534.871582,4509.615234,4494.487305,4363.461426,4375.769043,4548.333496,4515.384766,4480.256348,4361.794922,4569.102539,4379.487305,4551.794922,4497.05127,4380.128418,4514.230957,4498.717773,2876,1,24,2560,39105,,,,0,4,4,4,4,4,4,4,4,4,4,4,4,4,4,4,4,4,4,4,4,4,4,4,4,4,4,4,4,4,4,4,4,100,,,,,,,,,,,,,,,,,,,,,,,,,,,,,,,,,,,,,,,,,,,,,,,,,,,,,,,,,,,,,,,,,,,,,,,,,,,,,,,,,,,,,,,,,,,,,,,,,,,,,,,,,,,,,,,,,,,,,,,,,,,,,,,,,,,,,,,,,,,,,,,,,,,,,,,,,,,,,,,,,,,,,,,,,,,,,,,,,,,,,,,,,,,,,,,,,,,,,,,,,,,,,,
1764665424.691853,28041,0,4386.666504,4397.05127,4502.692383,4516.666504,4406.153809,4515.897461,4529.615234,4376.794922,4568.077148,4376.025879,4492.563965,4509.358887,4553.846191,4388.461426,4380.769043,4492.307617,4535.256348,4511.922852,4498.077148,4368.589844,4380.769043,4548.846191,4519.358887,4484.487305,4368.205078,4566.282227,4378.461426,4553.461426,4497.820313,4383.717773,4515.256348,4495.384766,2726,1,24,2560,39105,,,,0,4,4,4,4,4,4,4,4,4,4,4,4,4,4,4,4,4,4,4,4,4,4,4,4,4,4,4,4,4,4,4,4,100,,,,,,,,,,,,,,,,,,,,,,,,,,,,,,,,,,,39778,0,0.019931,-0.694092,-0.719543,-0.009827,0.996215,0.031742,0.045416,19.166666,1.166667,53.666668,,,,,,,,,,,,,,,,,,,,,,,,,,,,,,,,,,,,,,,,,,,,,,,,,,,,,,,,,,,,,,,,,,,,,,,,,,,,,,,,,,,,,,,,,,,,,,,,,,,,,,,,,,,,,,,,,,,,,,,,,,,,,,,,,,,,,,,,,,,,,,,,,,,,,,,,,,,,,,,,
1764665424.695760,28042,0,4391.025879,4402.179688,4503.717773,4518.205078,4410.384766,4522.692383,4533.974121,4382.436035,4568.717773,4377.436035,4493.974121,4515.769043,4553.974121,4388.333496,4380.641113,4496.025879,4538.333496,4519.102539,4503.846191,4374.615234,4389.487305,4552.563965,4523.974121,4489.871582,4377.563965,4566.153809,4378.846191,4557.563965,4499.743652,4388.974121,4517.05127,4493.717773,1876,1,24,2048,39112,,,,0,4,4,4,4,4,4,4,4,4,4,4,4,4,4,4,4,4,4,4,4,4,4,4,4,4,4,4,4,4,4,4,4,100,,,,,,,,,,,,,,,,,,,,,,,,,,,,,,,,,,,,,,,,,,,,,,,,,,,,,,,,,,,,,,,,,,,,,,,,,,,,,,,,,,,,,,,,,,,,,,,,,,,,,,,,,,,,,,,,,,,,,,,,,,,,,,,,,,,,,,,,,,,,,,,,,,,,,,,,,,,,,,,,,,,,,,,,,,,,,,,,,,,,,,,,,,,,,,,,,,,,,,,,,,,,,,
1764665424.699666,28043,0,4396.282227,4408.333496,4509.743652,4525.256348,4415.897461,4529.743652,4541.666504,4390.897461,4569.871582,4383.205078,4497.94873,4522.563965,4557.94873,4388.589844,4381.282227,4501.794922,4545.256348,4528.717773,4510.128418,4380.512695,4398.205078,4559.230957,4527.820313,4494.871582,4385.512695,4570.256348,4382.179688,4563.974121,4502.820313,4394.487305,4519.487305,4496.410156,2701,1,24,2048,39112,,,,0,4,4,4,4,4,4,4,4,4,4,4,4,4,4,4,4,4,4,4,4,4,4,4,4,4,4,4,4,4,4,4,4,100,,,,,,,,,,,,,,,,,,,,,,,,,,,,,,,,,,,,,,,,,,,,,,,,,,,,,,,,,,,,,,,,,,,,,,,,,,,,,,,,,,,,,,,,,,,,,,,,,,,,,,,,,,,,,,,,,,,,,,,,,,,,,,,,,,,,,,,,,,,,,,,,,,,,,,,,,,,,,,,,,,,,,,,,,,,,,,,,,,,,,,,,,,,,,,,,,,,,,,,,,,,,,,
1764665424.703573,28044,0,4400.512695,4413.461426,4518.077148,4534.358887,4420.384766,4535.384766,4549.743652,4398.333496,4571.666504,4392.307617,4502.94873,4527.307617,4565,4390.128418,4382.436035,4507.307617,4553.589844,4536.410156,4513.846191,4384.102539,4402.563965,4566.282227,4529.230957,4497.692383,4388.077148,4575.897461,4387.179688,4569.743652,4505.384766,4397.820313,4520.897461,4502.179688,2496,1,24,2048,39120,,,,0,4,4,4,4,4,4,4,4,4,4,4,4,4,4,4,4,4,4,4,4,4,4,4,4,4,4,4,4,4,4,4,4,100,,,,,,,,,,,,,,,,,,,,,,,,,,,,,,,,,,,,,,,,,,,,,,,,,,,,,,,,,,,,,,,,,,,,,,,,,,,,,,,,,,,,,,,,,,,,,,,,,,,,,,,,,,,,,,,,,,,,,,,,,,,,,,,,,,,,,,,,,,,,,,,,,,,,,,,,,,,,,,,,,,,,,,,,,,,,,,,,,,,,,,,,,,,,,,,,,,,,,,,,,,,,,,
1764665424.707479,28045,0,4401.410156,4413.846191,4522.820313,4540.256348,4421.410156,4537.307617,4553.461426,4400.897461,4573.205078,4399.871582,4505.256348,4526.922852,4571.153809,4390.769043,4382.179688,4509.743652,4558.205078,4537.94873,4512.179688,4383.333496,4399.871582,4569.358887,4526.538574,4496.666504,4384.230957,4577.563965,4388.589844,4569.871582,4504.743652,4396.153809,4518.589844,4505.897461,2209,1,24,2048,39120,,,,0,4,4,4,4,4,4,4,4,4,4,4,4,4,4,4,4,4,4,4,4,4,4,4,4,4,4,4,4,4,4,4,4,100,,,,,,,,,,,,,,,,,,,,,,,,,,,,,,,,,,,39779,0,0.019931,-0.694092,-0.719543,-0.009827,0.991332,0.036626,0.033696,19.666666,0.5,54.333332,,,,,,,,,,,,,,,,,,,,,,,,,,,,,,,,,,,,,,,,,,,,,,,,,,,,,,,,,,,,,,,,,,,,,,,,,,,,,,,,,,,,,,,,,,,,,,,,,,,,,,,,,,,,,,,,,,,,,,,,,,,,,,,,,,,,,,,,,,,,,,,,,,,,,,,,,,,,,,,,
1764665424.711386,28046,0,4397.436035,4407.563965,4519.871582,4538.846191,4417.436035,4534.230957,4549.487305,4397.05127,4572.563965,4399.743652,4501.794922,4520.256348,4572.94873,4387.692383,4378.333496,4507.436035,4555,4532.307617,4504.487305,4376.922852,4391.153809,4565.512695,4519.487305,4491.666504,4376.282227,4572.307617,4382.179688,4561.922852,4499.743652,4389.102539,4511.410156,4502.692383,2715,1,24,2048,39128,,,,0,4,4,4,4,4,4,4,4,4,4,4,4,4,4,4,4,4,4,4,4,4,4,4,4,4,4,4,4,4,4,4,4,100,,,,,,,,,,,,,,,,,,,,,,,,,,,,,,,,,,,,,,,,,,,,,,,,,,,,,,,,,,,,,,,,,,,,,,,,,,,,,,,,,,,,,,,,,,,,,,,,,,,,,,,,,,,,,,,,,,,,,,,,,,,,,,,,,,,,,,,,,,,,,,,,,,,,,,,,,,,,,,,,,,,,,,,,,,,,,,,,,,,,,,,,,,,,,,,,,,,,,,,,,,,,,,
1764665424.715292,28047,0,4390.384766,4397.307617,4511.025879,4531.153809,4410.128418,4527.436035,4539.743652,4388.974121,4569.358887,4390.769043,4493.846191,4511.025879,4570.256348,4381.794922,4372.179688,4502.05127,4545.256348,4523.333496,4495.128418,4367.563965,4381.666504,4556.666504,4511.922852,4485.512695,4368.846191,4562.820313,4369.487305,4549.487305,4492.692383,4380,4501.794922,4493.205078,2494,1,24,2048,39128,,,,0,4,4,4,4,4,4,4,4,4,4,4,4,4,4,4,4,4,4,4,4,4,4,4,4,4,4,4,4,4,4,4,4,100,,,,,,,,,,,,,,,,,,,,,,,,,,,,,,,,,,,,,,,,,,,,,,,,,,,,,,,,,,,,,,,,,,,,,,,,,,,,,,,,,,,,,,,,,,,,,,,,,,,,,,,,,,,,,,,,,,,,,,,,,,,,,,,,,,,,,,,,,,,,,,,,,,,,,,,,,,,,,,,,,,,,,,,,,,,,,,,,,,,,,,,,,,,,,,,,,,,,,,,,,,,,,,
1764665424.719199,28048,0,4385.256348,4390.128418,4503.461426,4522.563965,4404.230957,4521.666504,4532.436035,4382.820313,4565.769043,4378.717773,4488.077148,4505.769043,4566.666504,4378.077148,4368.589844,4498.077148,4536.282227,4517.820313,4491.025879,4361.666504,4378.333496,4550.384766,4509.358887,4483.461426,4366.410156,4556.410156,4359.358887,4541.282227,4488.717773,4375,4496.282227,4484.743652,2873,1,24,2048,39136,,,,0,4,4,4,4,4,4,4,4,4,4,4,4,4,4,4,4,4,4,4,4,4,4,4,4,4,4,4,4,4,4,4,4,100,,,,,,,,,,,,,,,,,,,,,,,,,,,,,,,,,,,,,,,,,,,,,,,,,,,,,,,,,,,,,,,,,,,,,,,,,,,,,,,,,,,,,,,,,,,,,,,,,,,,,,,,,,,,,,,,,,,,,,,,,,,,,,,,,,,,,,,,,,,,,,,,,,,,,,,,,,,,,,,,,,,,,,,,,,,,,,,,,,,,,,,,,,,,,,,,,,,,,,,,,,,,,,
1764665424.723105,28049,0,4386.922852,4392.692383,4503.589844,4519.743652,4404.358887,4521.282227,4534.743652,4383.717773,4564.743652,4373.461426,4491.153809,4509.102539,4566.410156,4381.538574,4371.538574,4498.974121,4536.025879,4520.769043,4496.538574,4364.615234,4384.358887,4553.589844,4515.641113,4489.487305,4370.512695,4558.846191,4361.153809,4544.487305,4491.922852,4378.717773,4500.384766,4484.871582,2928,1,24,2048,39136,,,,0,4,4,4,4,4,4,4,4,4,4,4,4,4,4,4,4,4,4,4,4,4,4,4,4,4,4,4,4,4,4,4,4,100,,,,,,,,,,,,,,,,,,,,,,,,,,,,,,,,,,,39780,0,0.019931,-0.694092,-0.719543,-0.009827,0.994262,0.036137,0.047857,19,1.333333,52.666668,,,,,,,,,,,,,,,,,,,,,,,,,,,,,,,,,,,,,,,,,,,,,,,,,,,,,,,,,,,,,,,,,,,,,,,,,,,,,,,,,,,,,,,,,,,,,,,,,,,,,,,,,,,,,,,,,,,,,,,,,,,,,,,,,,,,,,,,,,,,,,,,,,,,,,,,,,,,,,,,
1764665424.727012,28050,0,4395,4404.615234,4511.410156,4524.358887,4411.153809,4526.794922,4545.897461,4391.410156,4567.436035,4379.487305,4502.563965,4519.615234,4570.256348,4391.410156,4379.615234,4504.487305,4545.641113,4531.410156,4509.230957,4375.641113,4396.538574,4565.769043,4527.563965,4501.538574,4378.205078,4568.717773,4375.256348,4557.820313,4501.410156,4389.487305,4512.94873,4494.615234,1774,1,24,512,39144,,,,0,4,4,4,4,4,4,4,4,4,4,4,4,4,4,4,4,4,4,4,4,4,4,4,4,4,4,4,4,4,4,4,4,100,,,,,,,,,,,,,,,,,,,,,,,,,,,,,,,,,,,,,,,,,,,,,,,,,,,,,,,,,,,,,,,,,,,,,,,,,,,,,,,,,,,,,,,,,,,,,,,,,,,,,,,,,,,,,,,,,,,,,,,,,,,,,,,,,,,,,,,,,,,,,,,,,,,,,,,,,,,,,,,,,,,,,,,,,,,,,,,,,,,,,,,,,,,,,,,,,,,,,,,,,,,,,,
1764665424.730918,28051,0,4403.461426,4416.794922,4518.717773,4531.282227,4419.358887,4533.589844,4556.538574,4399.230957,4571.153809,4390.769043,4513.717773,4529.743652,4575,4400.897461,4386.922852,4510.897461,4557.563965,4542.94873,4520.512695,4387.179688,4406.153809,4578.589844,4536.794922,4511.538574,4383.461426,4577.94873,4391.922852,4571.410156,4510.897461,4399.358887,4525.769043,4505.897461,2948,1,24,512,39144,,,,0,4,4,4,4,4,4,4,4,4,4,4,4,4,4,4,4,4,4,4,4,4,4,4,4,4,4,4,4,4,4,4,4,100,,,,,,,,,,,,,,,,,,,,,,,,,,,,,,,,,,,,,,,,,,,,,,,,,,,,,,,,,,,,,,,,,,,,,,,,,,,,,,,,,,,,,,,,,,,,,,,,,,,,,,,,,,,,,,,,,,,,,,,,,,,,,,,,,,,,,,,,,,,,,,,,,,,,,,,,,,,,,,,,,,,,,,,,,,,,,,,,,,,,,,,,,,,,,,,,,,,,,,,,,,,,,,
1764665424.734824,28052,0,4404.743652,4418.461426,4517.179688,4533.461426,4421.282227,4534.743652,4556.153809,4399.871582,4572.179688,4395.897461,4514.743652,4531.282227,4576.025879,4403.333496,4387.179688,4513.461426,4561.153809,4546.922852,4522.307617,4390.512695,4405.769043,4581.666504,4536.025879,4511.282227,4380.641113,4577.820313,4398.461426,4574.102539,4513.461426,4400,4528.717773,4507.692383,2546,1,24,768,39151,,,,0,4,4,4,4,4,4,4,4,4,4,4,4,4,4,4,4,4,4,4,4,4,4,4,4,4,4,4,4,4,4,4,4,100,,,,,,,,,,,,,,,,,,,,,,,,,,,,,,,,,,,,,,,,,,,,,,,,,,,,,,,,,,,,,,,,,,,,,,,,,,,,,,,,,,,,,,,,,,,,,,,,,,,,,,,,,,,,,,,,,,,,,,,,,,,,,,,,,,,,,,,,,,,,,,,,,,,,,,,,,,,,,,,,,,,,,,,,,,,,,,,,,,,,,,,,,,,,,,,,,,,,,,,,,,,,,,
1764665424.738731,28053,0,4396.282227,4406.666504,4505.897461,4528.333496,4414.102539,4528.205078,4543.077148,4391.666504,4569.358887,4388.589844,4503.717773,4522.820313,4571.153809,4398.205078,4380.128418,4510.512695,4552.307617,4539.615234,4513.461426,4382.94873,4394.615234,4571.538574,4525,4500.384766,4369.743652,4567.307617,4390,4563.461426,4506.794922,4389.358887,4518.589844,4496.282227,2835,1,24,768,39151,,,,0,4,4,4,4,4,4,4,4,4,4,4,4,4,4,4,4,4,4,4,4,4,4,4,4,4,4,4,4,4,4,4,4,100,,,,,,,,,,,,,,,,,,,,,,,,,,,,,,,,,,,39781,0,0.017745,-0.694153,-0.719543,-0.009705,1.003052,0.027347,0.041997,19.333334,0.5,52.166668,,,,,,,,,,,,,,,,,,,,,,,,,,,,,,,,,,,,,,,,,,,,,,,,,,,,,,,,,,,,,,,,,,,,,,,,,,,,,,,,,,,,,,,,,,,,,,,,,,,,,,,,,,,,,,,,,,,,,,,,,,,,,,,,,,,,,,,,,,,,,,,,,,,,,,,,,,,,,,,,
1764665424.742637,28054,0,4383.974121,4389.871582,4494.102539,4521.025879,4402.820313,4518.205078,4526.282227,4382.307617,4566.666504,4374.487305,4489.871582,4511.538574,4563.846191,4391.282227,4372.563965,4504.743652,4537.563965,4526.282227,4501.153809,4371.282227,4380.769043,4556.025879,4512.179688,4486.922852,4357.692383,4555.128418,4374.358887,4548.205078,4496.410156,4375.256348,4503.077148,4479.358887,2935,1,24,1024,39159,,,,0,4,4,4,4,4,4,4,4,4,4,4,4,4,4,4,4,4,4,4,4,4,4,4,4,4,4,4,4,4,4,4,4,100,,,,,,,,,,,,,,,,,,,,,,,,,,,,,,,,,,,,,,,,,,,,,,,,,,,,,,,,,,,,,,,,,,,,,,,,,,,,,,,,,,,,,,,,,,,,,,,,,,,,,,,,,,,,,,,,,,,,,,,,,,,,,,,,,,,,,,,,,,,,,,,,,,,,,,,,,,,,,,,,,,,,,,,,,,,,,,,,,,,,,,,,,,,,,,,,,,,,,,,,,,,,,,
1764665424.746544,28055,0,4378.205078,4382.05127,4492.820313,4521.025879,4397.05127,4513.205078,4518.846191,4381.922852,4570,4367.563965,4485.641113,4507.436035,4560.641113,4390.256348,4372.436035,4501.666504,4529.487305,4517.820313,4495.769043,4366.794922,4374.871582,4548.333496,4508.205078,4482.179688,4354.358887,4553.333496,4366.282227,4541.410156,4491.025879,4369.102539,4495.769043,4471.538574,2851,1,24,1024,39159,,,,0,4,4,4,4,4,4,4,4,4,4,4,4,4,4,4,4,4,4,4,4,4,4,4,4,4,4,4,4,4,4,4,4,100,,,,,,,,,,,,,,,,,,,,,,,,,,,,,,,,,,,,,,,,,,,,,,,,,,,,,,,,,,,,,,,,,,,,,,,,,,,,,,,,,,,,,,,,,,,,,,,,,,,,,,,,,,,,,,,,,,,,,,,,,,,,,,,,,,,,,,,,,,,,,,,,,,,,,,,,,,,,,,,,,,,,,,,,,,,,,,,,,,,,,,,,,,,,,,,,,,,,,,,,,,,,,,
1764665424.750450,28056,0,4384.102539,4390.384766,4505.641113,4532.307617,4402.307617,4518.077148,4526.410156,4393.846191,4581.153809,4376.410156,4495.897461,4515,4565.128418,4397.179688,4382.563965,4504.358887,4535.512695,4521.794922,4502.436035,4375.512695,4382.179688,4555.897461,4517.307617,4490.769043,4364.743652,4565.769043,4375,4549.743652,4495.769043,4376.922852,4504.358887,4481.153809,2749,1,24,1280,39167,,,,0,4,4,4,4,4,4,4,4,4,4,4,4,4,4,4,4,4,4,4,4,4,4,4,4,4,4,4,4,4,4,4,4,100,,,,,,,,,,,,,,,,,,,,,,,,,,,,,,,,,,,,,,,,,,,,,,,,,,,,,,,,,,,,,,,,,,,,,,,,,,,,,,,,,,,,,,,,,,,,,,,,,,,,,,,,,,,,,,,,,,,,,,,,,,,,,,,,,,,,,,,,,,,,,,,,,,,,,,,,,,,,,,,,,,,,,,,,,,,,,,,,,,,,,,,,,,,,,,,,,,,,,,,,,,,,,,
1764665424.754357,28057,0,4396.794922,4407.307617,4523.205078,4547.820313,4413.974121,4528.461426,4542.179688,4410.128418,4593.846191,4396.153809,4513.333496,4528.077148,4573.589844,4406.410156,4396.153809,4510.256348,4550.641113,4535,4516.025879,4392.179688,4397.05127,4572.820313,4532.820313,4505.769043,4382.94873,4583.461426,4394.615234,4566.922852,4506.282227,4392.179688,4522.692383,4501.025879,2832,1,24,1280,39167,,,,0,4,4,4,4,4,4,4,4,4,4,4,4,4,4,4,4,4,4,4,4,4,4,4,4,4,4,4,4,4,4,4,4,100,,,,,,,,,,,,,,,,,,,,,,,,,,,,,,,,,,,39782,0,0.020068,-0.694153,-0.719482,-0.009705,1.003052,0.027347,0.041997,19.666666,1.333333,53.833332,,,,,,,,,,,,,,,,,,,,,,,,,,,,,,,,,,,,,,,,,,,,,,,,,,,,,,,,,,,,,,,,,,,,,,,,,,,,,,,,,,,,,,,,,,,,,,,,,,,,,,,,,,,,,,,,,,,,,,,,,,,,,,,,,,,,,,,,,,,,,,,,,,,,,,,,,,,,,,,,
1764665424.758263,28058,0,4404.102539,4416.410156,4530.256348,4555,4420.769043,4533.974121,4551.538574,4416.666504,4598.205078,4411.794922,4524.102539,4534.487305,4577.563965,4408.974121,4402.563965,4513.205078,4561.410156,4545.641113,4525.897461,4403.333496,4407.563965,4585,4542.05127,4515,4396.025879,4591.666504,4408.205078,4578.974121,4512.436035,4401.153809,4535.256348,4514.230957,1939,1,24,1536,39175,,,,0,4,4,4,4,4,4,4,4,4,4,4,4,4,4,4,4,4,4,4,4,4,4,4,4,4,4,4,4,4,4,4,4,100,,,,,,,,,,,,,,,,,,,,,,,,,,,,,,,,,,,,,,,,,,,,,,,5.161894,7.694985,0.983557,1.498867,1.088696,4.40121,8.695232,0.969582,1.633028,1.341127,2.581517,6.647927,0.977185,1.910549,1.6251,2.744323,4.111849,0.464487,1.852118,1.468782,2.878542,7.59876,0.585636,1.566272,1.429695,5.18753,7.152683,0.782193,1.37166,1.028602,3.981673,5.047328,0.590498,1.4423,1.186114,2.014923,5.251537,0.466676,1.866628,1.448054,2.215604,2.161476,0.524524,1.698261,1.411823,2.256647,2.70847,0.390144,2.726681,1.834761,1.529641,2.333511,0.534612,0.858951,0.975692,4.263905,5.851681,0.833563,1.221041,1.172872,3.318097,1.708449,0.60978,0.91599,1.029356,1.592043,0.748825,0.379936,0.560298,0.685503,1.097707,0.76091,0.454765,0.666018,1.192355,1.717179,1.367226,0.805623,0.630403,0.694312,5.964192,6.313885,1.15188,1.69349,1.266394,3.109612,2.683601,1.138891,1.089254,1.19818,1.364487,3.327029,0.880374,1.032922,0.872219,2.182833,7.614488,1.031818,1.389934,1.075407,2.636906,10.252787,1.160614,2.075867,1.012998,3.567284,7.377415,1.307177,1.909785,1.220872,3.977394,4.979244,0.924977,1.526844,1.109689,2.573767,6.535414,1.106016,1.605858,1.282077,3.229992,5.987883,1.160565,3.006793,1.940933,2.835525,2.925428,1.286075,1.61469,1.240891,3.758833,6.925838,1.142967,1.81002,1.689349,4.201828,8.421903,1.289626,1.80448,1.275589,2.988616,4.709462,0.386899,0.853176,0.653032,4.009403,8.087464,0.862939,1.829948,1.44012,3.752739,6.262629,1.181783,1.64084,1.719895,2.78197,6.297057,1.158525,1.666357,1.545357
1764665424.762170,28059,0,4397.820313,4407.563965,4519.358887,4546.538574,4415.128418,4527.179688,4545.128418,4406.410156,4589.358887,4411.282227,4520.512695,4527.307617,4571.922852,4401.025879,4395.769043,4509.358887,4557.563965,4544.615234,4524.230957,4399.871582,4405.512695,4582.436035,4537.563965,4511.025879,4394.615234,4582.563965,4403.077148,4575.512695,4507.307617,4394.615234,4530.256348,4508.333496,2643,1,24,1536,39175,,,,0,4,4,4,4,4,4,4,4,4,4,4,4,4,4,4,4,4,4,4,4,4,4,4,4,4,4,4,4,4,4,4,4,100,,,,,,,,,,,,,,,,,,,,,,,,,,,,,,,,,,,,,,,,,,,,,,,,,,,,,,,,,,,,,,,,,,,,,,,,,,,,,,,,,,,,,,,,,,,,,,,,,,,,,,,,,,,,,,,,,,,,,,,,,,,,,,,,,,,,,,,,,,,,,,,,,,,,,,,,,,,,,,,,,,,,,,,,,,,,,,,,,,,,,,,,,,,,,,,,,,,,,,,,,,,,,,
1764665424.766076,28060,0,4382.307617,4385.897461,4497.307617,4528.205078,4400,4511.794922,4527.94873,4385.769043,4573.589844,4395.769043,4506.282227,4511.410156,4560.512695,4387.94873,4380.769043,4501.282227,4541.153809,4532.94873,4512.94873,4384.871582,4393.846191,4567.179688,4523.205078,4497.692383,4381.282227,4561.666504,4381.794922,4559.230957,4493.333496,4376.538574,4510.897461,4487.436035,2697,1,24,1792,39183,,,,0,4,4,4,4,4,4,4,4,4,4,4,4,4,4,4,4,4,4,4,4,4,4,4,4,4,4,4,4,4,4,4,4,100,,,,,,,,,,,,,,,,,,,,,,,,,,,,,,,,,,,,,,,,,,,,,,,,,,,,,,,,,,,,,,,,,,,,,,,,,,,,,,,,,,,,,,,,,,,,,,,,,,,,,,,,,,,,,,,,,,,,,,,,,,,,,,,,,,,,,,,,,,,,,,,,,,,,,,,,,,,,,,,,,,,,,,,,,,,,,,,,,,,,,,,,,,,,,,,,,,,,,,,,,,,,,,
1764665424.769983,28061,0,4370.769043,4368.077148,4479.871582,4514.358887,4387.179688,4499.615234,4514.615234,4370.384766,4562.820313,4378.589844,4493.717773,4500.384766,4552.692383,4379.102539,4368.846191,4495.641113,4524.871582,4521.153809,4501.282227,4371.153809,4383.333496,4551.794922,4510.769043,4486.282227,4367.94873,4543.974121,4360.897461,4543.717773,4481.025879,4361.538574,4492.307617,4468.461426,2540,1,24,1792,39183,,,,0,4,4,4,4,4,4,4,4,4,4,4,4,4,4,4,4,4,4,4,4,4,4,4,4,4,4,4,4,4,4,4,4,100,,,,,,,,,,,,,,,,,,,,,,,,,,,,,,,,,,,39783,0,0.01793,-0.694214,-0.719482,-0.009521,0.98889,0.023929,0.042974,20,0.666667,54.166668,,,,,,,,,,,,,,,,,,,,,,,,,,,,,,,,,,,,,,,,,,,,,,,,,,,,,,,,,,,,,,,,,,,,,,,,,,,,,,,,,,,,,,,,,,,,,,,,,,,,,,,,,,,,,,,,,,,,,,,,,,,,,,,,,,,,,,,,,,,,,,,,,,,,,,,,,,,,,,,,
1764665424.773889,28062,0,4372.563965,4367.179688,4478.333496,4514.743652,4385.897461,4500.128418,4515.769043,4371.025879,4564.871582,4372.820313,4491.666504,4503.717773,4554.871582,4380.384766,4368.077148,4497.563965,4520.897461,4518.717773,4498.205078,4369.358887,4382.436035,4547.436035,4509.871582,4486.025879,4365.512695,4541.153809,4355.769043,4540.384766,4479.871582,4360.897461,4487.692383,4465.128418,2662,1,24,2048,39191,,,,0,4,4,4,4,4,4,4,4,4,4,4,4,4,4,4,4,4,4,4,4,4,4,4,4,4,4,4,4,4,4,4,4,100,,,,,,,,,,,,,,,,,,,,,,,,,,,,,,,,,,,,,,,,,,,,,,,,,,,,,,,,,,,,,,,,,,,,,,,,,,,,,,,,,,,,,,,,,,,,,,,,,,,,,,,,,,,,,,,,,,,,,,,,,,,,,,,,,,,,,,,,,,,,,,,,,,,,,,,,,,,,,,,,,,,,,,,,,,,,,,,,,,,,,,,,,,,,,,,,,,,,,,,,,,,,,,
1764665424.777796,28063,0,4385.128418,4381.666504,4490.128418,4526.922852,4395,4512.307617,4529.487305,4385.512695,4575.897461,4380.897461,4499.743652,4517.94873,4564.743652,4389.230957,4376.538574,4505.128418,4530.384766,4525.384766,4504.871582,4379.102539,4390,4554.743652,4520,4496.153809,4374.358887,4552.307617,4367.563965,4549.487305,4489.871582,4373.717773,4497.820313,4476.538574,2829,1,24,2048,39191,,,,0,4,4,4,4,4,4,4,4,4,4,4,4,4,4,4,4,4,4,4,4,4,4,4,4,4,4,4,4,4,4,4,4,100,,,,,,,,,,,,,,,,,,,,,,,,,,,,,,,,,,,,,,,,,,,,,,,,,,,,,,,,,,,,,,,,,,,,,,,,,,,,,,,,,,,,,,,,,,,,,,,,,,,,,,,,,,,,,,,,,,,,,,,,,,,,,,,,,,,,,,,,,,,,,,,,,,,,,,,,,,,,,,,,,,,,,,,,,,,,,,,,,,,,,,,,,,,,,,,,,,,,,,,,,,,,,,
1764665424.781702,28064,0,4396.153809,4397.820313,4502.436035,4538.846191,4404.230957,4525.384766,4543.333496,4400,4583.846191,4393.333496,4508.589844,4530,4573.205078,4397.05127,4384.358887,4511.282227,4543.589844,4532.563965,4513.461426,4389.615234,4397.05127,4564.615234,4531.025879,4506.666504,4385.512695,4565.641113,4383.205078,4561.025879,4501.666504,4387.692383,4511.922852,4489.230957,2760,1,24,2304,39198,,,,0,4,4,4,4,4,4,4,4,4,4,4,4,4,4,4,4,4,4,4,4,4,4,4,4,4,4,4,4,4,4,4,4,100,,,,,,,,,,,,,,,,,,,,,,,,,,,,,,,,,,,,,,,,,,,,,,,,,,,,,,,,,,,,,,,,,,,,,,,,,,,,,,,,,,,,,,,,,,,,,,,,,,,,,,,,,,,,,,,,,,,,,,,,,,,,,,,,,,,,,,,,,,,,,,,,,,,,,,,,,,,,,,,,,,,,,,,,,,,,,,,,,,,,,,,,,,,,,,,,,,,,,,,,,,,,,,
1764665424.785609,28065,0,4395,4402.05127,4503.589844,4539.871582,4403.846191,4528.333496,4545.769043,4401.666504,4579.615234,4398.205078,4509.358887,4529.230957,4573.077148,4396.794922,4383.589844,4510.128418,4548.589844,4531.282227,4514.102539,4390.512695,4395.256348,4566.282227,4533.205078,4507.179688,4388.205078,4569.230957,4387.820313,4563.974121,4505.256348,4391.282227,4517.179688,4491.025879,2919,1,24,2304,39198,,,,0,4,4,4,4,4,4,4,4,4,4,4,4,4,4,4,4,4,4,4,4,4,4,4,4,4,4,4,4,4,4,4,4,100,,,,,,,,,,,,,,,,,,,,,,,,,,,,,,,,,,,39784,0,0.020126,-0.694153,-0.719482,-0.009583,0.98889,0.023929,0.042974,20.333334,0,55,,,,,,,,,,,,,,,,,,,,,,,,,,,,,,,,,,,,,,,,,,,,,,,,,,,,,,,,,,,,,,,,,,,,,,,,,,,,,,,,,,,,,,,,,,,,,,,,,,,,,,,,,,,,,,,,,,,,,,,,,,,,,,,,,,,,,,,,,,,,,,,,,,,,,,,,,,,,,,,,
1764665424.789515,28066,0,4382.94873,4392.820313,4492.692383,4529.743652,4393.333496,4519.615234,4535.769043,4388.589844,4564.743652,4391.666504,4500.256348,4516.922852,4564.487305,4389.230957,4375,4502.179688,4542.05127,4521.025879,4504.487305,4380.512695,4384.487305,4557.692383,4525.256348,4496.153809,4379.102539,4561.153809,4378.205078,4555.897461,4498.846191,4383.205078,4510.256348,4481.410156,2594,1,24,2560,39206,,,,0,4,4,4,4,4,4,4,4,4,4,4,4,4,4,4,4,4,4,4,4,4,4,4,4,4,4,4,4,4,4,4,4,100,,,,,,,,,,,,,,,,,,,,,,,,,,,,,,,,,,,,,,,,,,,,,,,,,,,,,,,,,,,,,,,,,,,,,,,,,,,,,,,,,,,,,,,,,,,,,,,,,,,,,,,,,,,,,,,,,,,,,,,,,,,,,,,,,,,,,,,,,,,,,,,,,,,,,,,,,,,,,,,,,,,,,,,,,,,,,,,,,,,,,,,,,,,,,,,,,,,,,,,,,,,,,,
1764665424.793422,28067,0,4371.410156,4380.512695,4479.487305,4518.077148,4381.922852,4507.692383,4523.077148,4371.410156,4550.769043,4380.384766,4488.974121,4504.230957,4555.512695,4381.410156,4366.666504,4493.974121,4531.282227,4509.871582,4492.179688,4367.94873,4372.94873,4546.410156,4515.128418,4482.307617,4365.128418,4549.743652,4364.230957,4545,4489.743652,4372.820313,4498.846191,4470.769043,2855,1,24,2560,39206,,,,0,4,4,4,4,4,4,4,4,4,4,4,4,4,4,4,4,4,4,4,4,4,4,4,4,4,4,4,4,4,4,4,4,100,,,,,,,,,,,,,,,,,,,,,,,,,,,,,,,,,,,,,,,,,,,,,,,,,,,,,,,,,,,,,,,,,,,,,,,,,,,,,,,,,,,,,,,,,,,,,,,,,,,,,,,,,,,,,,,,,,,,,,,,,,,,,,,,,,,,,,,,,,,,,,,,,,,,,,,,,,,,,,,,,,,,,,,,,,,,,,,,,,,,,,,,,,,,,,,,,,,,,,,,,,,,,,
1764665424.797328,28068,0,4371.666504,4377.436035,4476.025879,4515.384766,4380.384766,4503.974121,4518.717773,4363.846191,4548.717773,4374.358887,4485.128418,4503.077148,4553.974121,4380.512695,4366.922852,4492.94873,4527.179688,4507.307617,4487.436035,4363.461426,4369.743652,4542.820313,4512.563965,4477.307617,4356.922852,4546.282227,4359.615234,4542.179688,4487.05127,4370.769043,4494.102539,4469.743652,2752,1,24,1024,39214,,,,0,4,4,4,4,4,4,4,4,4,4,4,4,4,4,4,4,4,4,4,4,4,4,4,4,4,4,4,4,4,4,4,4,100,,,,,,,,,,,,,,,,,,,,,,,,,,,,,,,,,,,,,,,,,,,,,,,,,,,,,,,,,,,,,,,,,,,,,,,,,,,,,,,,,,,,,,,,,,,,,,,,,,,,,,,,,,,,,,,,,,,,,,,,,,,,,,,,,,,,,,,,,,,,,,,,,,,,,,,,,,,,,,,,,,,,,,,,,,,,,,,,,,,,,,,,,,,,,,,,,,,,,,,,,,,,,,
1764665424.801235,28069,0,4385.641113,4387.692383,4486.538574,4524.871582,4392.05127,4513.333496,4526.410156,4371.410156,4560.512695,4378.205078,4492.307617,4515.512695,4561.794922,4388.077148,4376.538574,4500.769043,4534.487305,4516.153809,4494.871582,4370.256348,4378.205078,4550.897461,4521.025879,4485.641113,4360.384766,4554.743652,4369.230957,4551.666504,4493.974121,4380.384766,4500.769043,4480.512695,2789,1,24,1024,39214,,,,0,4,4,4,4,4,4,4,4,4,4,4,4,4,4,4,4,4,4,4,4,4,4,4,4,4,4,4,4,4,4,4,4,100,,,,,,,,,,,,,,,,,,,,,,,,,,,,,,,,,,,39785,0,0.017865,-0.694214,-0.719482,-0.009644,0.991332,0.035161,0.042486,19.333334,-0.166667,53.5,,,,,,,,,,,,,,,,,,,,,,,,,,,,,,,,,,,,,,,,,,,,,,,,,,,,,,,,,,,,,,,,,,,,,,,,,,,,,,,,,,,,,,,,,,,,,,,,,,,,,,,,,,,,,,,,,,,,,,,,,,,,,,,,,,,,,,,,,,,,,,,,,,,,,,,,,,,,,,,,
1764665424.805141,28070,0,4403.717773,4403.589844,4504.230957,4540.128418,4409.615234,4530.128418,4539.743652,4388.333496,4577.179688,4388.077148,4505.384766,4532.692383,4573.333496,4398.205078,4387.692383,4512.563965,4548.717773,4529.743652,4508.846191,4382.692383,4392.820313,4565.128418,4535,4501.153809,4371.666504,4568.974121,4386.666504,4567.307617,4505.641113,4394.871582,4514.230957,4495,2803,1,24,256,39222,,,,0,4,4,4,4,4,4,4,4,4,4,4,4,4,4,4,4,4,4,4,4,4,4,4,4,4,4,4,4,4,4,4,4,100,,,,,,,,,,,,,,,,,,,,,,,,,,,,,,,,,,,,,,,,,,,,,,,,,,,,,,,,,,,,,,,,,,,,,,,,,,,,,,,,,,,,,,,,,,,,,,,,,,,,,,,,,,,,,,,,,,,,,,,,,,,,,,,,,,,,,,,,,,,,,,,,,,,,,,,,,,,,,,,,,,,,,,,,,,,,,,,,,,,,,,,,,,,,,,,,,,,,,,,,,,,,,,
1764665424.809048,28071,0,4412.94873,4413.077148,4516.410156,4549.743652,4420.897461,4542.692383,4548.589844,4401.794922,4586.666504,4395.512695,4514.615234,4542.436035,4580.128418,4403.333496,4390.769043,4520.128418,4559.871582,4537.436035,4518.461426,4390.769043,4403.717773,4575.384766,4544.743652,4512.307617,4380.897461,4577.820313,4399.487305,4577.94873,4513.333496,4403.461426,4524.615234,4502.436035,2988,1,24,256,39222,,,,0,4,4,4,4,4,4,4,4,4,4,4,4,4,4,4,4,4,4,4,4,4,4,4,4,4,4,4,4,4,4,4,4,100,,,,,,,,,,,,,,,,,,,,,,,,,,,,,,,,,,,,,,,,,,,,,,,,,,,,,,,,,,,,,,,,,,,,,,,,,,,,,,,,,,,,,,,,,,,,,,,,,,,,,,,,,,,,,,,,,,,,,,,,,,,,,,,,,,,,,,,,,,,,,,,,,,,,,,,,,,,,,,,,,,,,,,,,,,,,,,,,,,,,,,,,,,,,,,,,,,,,,,,,,,,,,,
1764665424.812954,28072,0,4407.94873,4410.128418,4514.871582,4546.922852,4418.205078,4542.563965,4547.692383,4402.179688,4583.205078,4395.128418,4513.974121,4538.333496,4577.563965,4399.871582,4382.820313,4518.589844,4560.512695,4533.589844,4516.666504,4388.077148,4404.358887,4575.897461,4543.717773,4512.05127,4381.538574,4575.128418,4399.871582,4576.282227,4512.05127,4400.256348,4525.256348,4498.717773,2863,1,24,256,39230,,,,0,4,4,4,4,4,4,4,4,4,4,4,4,4,4,4,4,4,4,4,4,4,4,4,4,4,4,4,4,4,4,4,4,100,,,,,,,,,,,,,,,,,,,,,,,,,,,,,,,,,,,,,,,,,,,,,,,,,,,,,,,,,,,,,,,,,,,,,,,,,,,,,,,,,,,,,,,,,,,,,,,,,,,,,,,,,,,,,,,,,,,,,,,,,,,,,,,,,,,,,,,,,,,,,,,,,,,,,,,,,,,,,,,,,,,,,,,,,,,,,,,,,,,,,,,,,,,,,,,,,,,,,,,,,,,,,,
1764665424.816861,28073,0,4394.487305,4399.358887,4502.692383,4534.871582,4405.512695,4531.282227,4540.256348,4391.282227,4571.666504,4389.102539,4506.153809,4525.384766,4568.974121,4391.410156,4370.512695,4510.512695,4552.307617,4521.922852,4505.512695,4377.692383,4396.282227,4569.358887,4534.358887,4502.820313,4376.025879,4565,4390.128418,4565.384766,4503.974121,4388.717773,4517.692383,4489.487305,2712,1,24,256,39230,,,,0,4,4,4,4,4,4,4,4,4,4,4,4,4,4,4,4,4,4,4,4,4,4,4,4,4,4,4,4,4,4,4,4,100,,,,,,,,,,,,,,,,,,,,,,,,,,,,,,,,,,,39786,0,0.017798,-0.694214,-0.719482,-0.009766,0.990355,0.032719,0.040044,20,0.333333,55,,,,,,,,,,,,,,,,,,,,,,,,,,,,,,,,,,,,,,,,,,,,,,,,,,,,,,,,,,,,,,,,,,,,,,,,,,,,,,,,,,,,,,,,,,,,,,,,,,,,,,,,,,,,,,,,,,,,,,,,,,,,,,,,,,,,,,,,,,,,,,,,,,,,,,,,,,,,,,,,
1764665424.820867,28074,0,4384.743652,4391.025879,4491.025879,4523.974121,4394.615234,4519.487305,4533.974121,4379.615234,4562.436035,4384.487305,4500.384766,4514.743652,4562.692383,4385.769043,4364.102539,4503.333496,4543.974121,4513.205078,4495.128418,4369.487305,4387.820313,4564.102539,4525.769043,4493.589844,4373.589844,4557.05127,4380,4555.256348,4496.410156,4378.846191,4509.743652,4484.230957,1863,1,24,512,39237,,,,0,4,4,4,4,4,4,4,4,4,4,4,4,4,4,4,4,4,4,4,4,4,4,4,4,4,4,4,4,4,4,4,4,100,,,,,,,,,,,,,,,,,,,,,,,,,,,,,,,,,,,,,,,,,,,,,,,,,,,,,,,,,,,,,,,,,,,,,,,,,,,,,,,,,,,,,,,,,,,,,,,,,,,,,,,,,,,,,,,,,,,,,,,,,,,,,,,,,,,,,,,,,,,,,,,,,,,,,,,,,,,,,,,,,,,,,,,,,,,,,,,,,,,,,,,,,,,,,,,,,,,,,,,,,,,,,,
1764665424.824774,28075,0,4386.153809,4391.666504,4489.102539,4522.436035,4394.743652,4516.410156,4534.358887,4377.05127,4562.436035,4386.025879,4502.692383,4514.487305,4564.487305,4387.05127,4369.102539,4503.077148,4543.077148,4515.256348,4494.615234,4371.025879,4387.05127,4565.641113,4524.871582,4491.666504,4380.128418,4557.94873,4377.436035,4554.358887,4495.128418,4377.563965,4507.05127,4487.307617,2691,1,24,512,39237,,,,0,4,4,4,4,4,4,4,4,4,4,4,4,4,4,4,4,4,4,4,4,4,4,4,4,4,4,4,4,4,4,4,4,100,,,,,,,,,,,,,,,,,,,,,,,,,,,,,,,,,,,,,,,,,,,,,,,,,,,,,,,,,,,,,,,,,,,,,,,,,,,,,,,,,,,,,,,,,,,,,,,,,,,,,,,,,,,,,,,,,,,,,,,,,,,,,,,,,,,,,,,,,,,,,,,,,,,,,,,,,,,,,,,,,,,,,,,,,,,,,,,,,,,,,,,,,,,,,,,,,,,,,,,,,,,,,,
1764665424.828680,28076,0,4394.743652,4398.077148,4496.922852,4529.743652,4403.974121,4521.666504,4539.615234,4383.717773,4569.487305,4391.794922,4510.641113,4522.179688,4572.179688,4392.179688,4380.384766,4508.589844,4549.102539,4526.410156,4504.871582,4380.897461,4394.871582,4572.692383,4531.025879,4497.05127,4391.922852,4565,4381.538574,4561.666504,4499.358887,4383.205078,4508.205078,4493.717773,2483,1,24,768,39245,,,,0,4,4,4,4,4,4,4,4,4,4,4,4,4,4,4,4,4,4,4,4,4,4,4,4,4,4,4,4,4,4,4,4,100,,,,,,,,,,,,,,,,,,,,,,,,,,,,,,,,,,,,,,,,,,,,,,,,,,,,,,,,,,,,,,,,,,,,,,,,,,,,,,,,,,,,,,,,,,,,,,,,,,,,,,,,,,,,,,,,,,,,,,,,,,,,,,,,,,,,,,,,,,,,,,,,,,,,,,,,,,,,,,,,,,,,,,,,,,,,,,,,,,,,,,,,,,,,,,,,,,,,,,,,,,,,,,
1764665424.832587,28077,0,4400.256348,4401.666504,4506.153809,4537.692383,4412.563965,4526.794922,4543.589844,4391.410156,4576.153809,4395.128418,4515.769043,4528.205078,4578.461426,4394.615234,4388.205078,4513.974121,4555.641113,4537.436035,4518.205078,4390.384766,4404.871582,4578.974121,4536.794922,4503.974121,4399.358887,4569.487305,4384.743652,4569.230957,4503.461426,4388.333496,4507.94873,4495.128418,2197,1,24,768,39245,,,,0,4,4,4,4,4,4,4,4,4,4,4,4,4,4,4,4,4,4,4,4,4,4,4,4,4,4,4,4,4,4,4,4,100,,,,,,,,,,,,,,,,,,,,,,,,,,,,,,,,,,,39787,0,0.017798,-0.694214,-0.719482,-0.009766,1.002075,0.047369,0.050299,20,0.333333,55,,,,,,,,,,,,,,,,,,,,,,,,,,,,,,,,,,,,,,,,,,,,,,,,,,,,,,,,,,,,,,,,,,,,,,,,,,,,,,,,,,,,,,,,,,,,,,,,,,,,,,,,,,,,,,,,,,,,,,,,,,,,,,,,,,,,,,,,,,,,,,,,,,,,,,,,,,,,,,,,
1764665424.836493,28078,0,4396.410156,4397.563965,4508.461426,4538.974121,4412.436035,4524.487305,4542.05127,4392.179688,4576.666504,4391.666504,4512.563965,4525.256348,4577.436035,4391.282227,4386.538574,4514.230957,4556.282227,4540.769043,4525.128418,4392.436035,4410.128418,4579.743652,4536.410156,4506.666504,4395.897461,4566.025879,4381.666504,4569.743652,4503.205078,4388.077148,4503.974121,4488.846191,2702,1,24,1024,39253,,,,0,4,4,4,4,4,4,4,4,4,4,4,4,4,4,4,4,4,4,4,4,4,4,4,4,4,4,4,4,4,4,4,4,100,,,,,,,,,,,,,,,,,,,,,,,,,,,,,,,,,,,,,,,,,,,,,,,,,,,,,,,,,,,,,,,,,,,,,,,,,,,,,,,,,,,,,,,,,,,,,,,,,,,,,,,,,,,,,,,,,,,,,,,,,,,,,,,,,,,,,,,,,,,,,,,,,,,,,,,,,,,,,,,,,,,,,,,,,,,,,,,,,,,,,,,,,,,,,,,,,,,,,,,,,,,,,,
1764665424.840400,28079,0,4386.282227,4388.846191,4502.563965,4532.94873,4403.974121,4515.128418,4536.282227,4385.384766,4571.666504,4383.461426,4503.333496,4515,4570.128418,4385.384766,4378.589844,4510,4551.153809,4535.512695,4522.436035,4387.307617,4408.077148,4575.384766,4530,4504.358887,4384.102539,4557.05127,4374.743652,4563.333496,4498.846191,4383.846191,4499.615234,4479.615234,2483,1,24,1024,39253,,,,0,4,4,4,4,4,4,4,4,4,4,4,4,4,4,4,4,4,4,4,4,4,4,4,4,4,4,4,4,4,4,4,4,100,,,,,,,,,,,,,,,,,,,,,,,,,,,,,,,,,,,,,,,,,,,,,,,,,,,,,,,,,,,,,,,,,,,,,,,,,,,,,,,,,,,,,,,,,,,,,,,,,,,,,,,,,,,,,,,,,,,,,,,,,,,,,,,,,,,,,,,,,,,,,,,,,,,,,,,,,,,,,,,,,,,,,,,,,,,,,,,,,,,,,,,,,,,,,,,,,,,,,,,,,,,,,,
1764665424.844306,28080,0,4378.589844,4382.563965,4493.974121,4525.256348,4394.487305,4505.641113,4531.922852,4377.692383,4566.025879,4376.538574,4494.743652,4506.153809,4562.820313,4382.05127,4372.179688,4505.897461,4545.128418,4528.077148,4514.358887,4381.153809,4402.436035,4570,4522.436035,4500.128418,4372.692383,4550.384766,4370.512695,4556.410156,4494.230957,4380.897461,4499.871582,4475,2861,1,24,1280,39261,,,,0,4,4,4,4,4,4,4,4,4,4,4,4,4,4,4,4,4,4,4,4,4,4,4,4,4,4,4,4,4,4,4,4,100,,,,,,,,,,,,,,,,,,,,,,,,,,,,,,,,,,,,,,,,,,,,,,,,,,,,,,,,,,,,,,,,,,,,,,,,,,,,,,,,,,,,,,,,,,,,,,,,,,,,,,,,,,,,,,,,,,,,,,,,,,,,,,,,,,,,,,,,,,,,,,,,,,,,,,,,,,,,,,,,,,,,,,,,,,,,,,,,,,,,,,,,,,,,,,,,,,,,,,,,,,,,,,
1764665424.848213,28081,0,4378.846191,4383.333496,4490,4521.666504,4390.512695,4502.820313,4532.692383,4375.897461,4563.461426,4376.410156,4491.922852,4506.025879,4561.666504,4384.230957,4372.820313,4505.769043,4543.077148,4525,4508.077148,4380,4398.205078,4567.179688,4518.846191,4497.692383,4368.974121,4551.922852,4373.461426,4554.743652,4493.205078,4382.307617,4506.025879,4478.333496,2915,1,24,1280,39261,,,,0,4,4,4,4,4,4,4,4,4,4,4,4,4,4,4,4,4,4,4,4,4,4,4,4,4,4,4,4,4,4,4,4,100,,,,,,,,,,,,,,,,,,,,,,,,,,,,,,,,,,,39788,0,0.020085,-0.694214,-0.719421,-0.009827,0.995239,0.039556,0.037114,19.333334,0.833333,54.333332,,,,,,,,,,,,,,,,,,,,,,,,,,,,,,,,,,,,,,,,,,,,,,,,,,,,,,,,,,,,,,,,,,,,,,,,,,,,,,,,,,,,,,,,,,,,,,,,,,,,,,,,,,,,,,,,,,,,,,,,,,,,,,,,,,,,,,,,,,,,,,,,,,,,,,,,,,,,,,,,
1764665424.852119,28082,0,4385.256348,4389.487305,4494.102539,4524.358887,4393.589844,4507.820313,4537.820313,4381.410156,4564.871582,4383.205078,4495.641113,4514.487305,4566.922852,4389.230957,4379.487305,4509.487305,4545.897461,4528.717773,4508.461426,4384.743652,4398.077148,4567.820313,4520.256348,4499.230957,4374.230957,4561.025879,4381.794922,4559.102539,4496.282227,4387.05127,4515,4487.179688,1763,1,24,1536,39269,,,,0,4,4,4,4,4,4,4,4,4,4,4,4,4,4,4,4,4,4,4,4,4,4,4,4,4,4,4,4,4,4,4,4,100,,,,,,,,,,,,,,,,,,,,,,,,,,,,,,,,,,,,,,,,,,,,,,,,,,,,,,,,,,,,,,,,,,,,,,,,,,,,,,,,,,,,,,,,,,,,,,,,,,,,,,,,,,,,,,,,,,,,,,,,,,,,,,,,,,,,,,,,,,,,,,,,,,,,,,,,,,,,,,,,,,,,,,,,,,,,,,,,,,,,,,,,,,,,,,,,,,,,,,,,,,,,,,
1764665424.856026,28083,0,4391.410156,4396.153809,4503.717773,4529.743652,4399.102539,4515.256348,4542.563965,4388.974121,4568.589844,4391.666504,4501.538574,4524.230957,4573.846191,4392.307617,4386.922852,4513.717773,4550.512695,4535.384766,4514.230957,4390.769043,4401.282227,4569.615234,4523.333496,4502.820313,4383.717773,4571.666504,4389.615234,4565.128418,4501.025879,4391.794922,4521.025879,4495.641113,2936,1,24,1536,39269,,,,0,4,4,4,4,4,4,4,4,4,4,4,4,4,4,4,4,4,4,4,4,4,4,4,4,4,4,4,4,4,4,4,4,100,,,,,,,,,,,,,,,,,,,,,,,,,,,,,,,,,,,,,,,,,,,,,,,,,,,,,,,,,,,,,,,,,,,,,,,,,,,,,,,,,,,,,,,,,,,,,,,,,,,,,,,,,,,,,,,,,,,,,,,,,,,,,,,,,,,,,,,,,,,,,,,,,,,,,,,,,,,,,,,,,,,,,,,,,,,,,,,,,,,,,,,,,,,,,,,,,,,,,,,,,,,,,,
1764665424.859932,28084,0,4391.410156,4398.589844,4511.922852,4532.692383,4401.153809,4518.717773,4542.692383,4391.666504,4571.922852,4395.256348,4503.589844,4527.307617,4576.153809,4390.128418,4390.384766,4514.871582,4552.179688,4538.974121,4519.230957,4392.307617,4403.717773,4568.333496,4524.487305,4504.615234,4389.743652,4576.922852,4391.794922,4566.922852,4503.333496,4393.205078,4520.384766,4498.717773,2537,1,24,1792,39276,,,,0,4,4,4,4,4,4,4,4,4,4,4,4,4,4,4,4,4,4,4,4,4,4,4,4,4,4,4,4,4,4,4,4,100,,,,,,,,,,,,,,,,,,,,,,,,,,,,,,,,,,,,,,,,,,,,,,,,,,,,,,,,,,,,,,,,,,,,,,,,,,,,,,,,,,,,,,,,,,,,,,,,,,,,,,,,,,,,,,,,,,,,,,,,,,,,,,,,,,,,,,,,,,,,,,,,,,,,,,,,,,,,,,,,,,,,,,,,,,,,,,,,,,,,,,,,,,,,,,,,,,,,,,,,,,,,,,
1764665424.863839,28085,0,4384.487305,4395.384766,4513.205078,4530.128418,4397.05127,4515,4536.538574,4386.282227,4572.05127,4390.256348,4498.589844,4521.025879,4570.897461,4383.333496,4387.94873,4511.538574,4547.820313,4534.487305,4517.179688,4386.410156,4401.282227,4562.05127,4521.538574,4500.897461,4386.666504,4573.717773,4387.05127,4561.922852,4501.410156,4390.256348,4513.333496,4495.128418,2818,1,24,1792,39276,,,,0,4,4,4,4,4,4,4,4,4,4,4,4,4,4,4,4,4,4,4,4,4,4,4,4,4,4,4,4,4,4,4,4,100,,,,,,,,,,,,,,,,,,,,,,,,,,,,,,,,,,,39789,0,0.020085,-0.694214,-0.719421,-0.009827,0.978635,0.045904,0.043951,20.166666,-0.833333,54.333332,,,,,,,,,,,,,,,,,,,,,,,,,,,,,,,,,,,,,,,,,,,,,,,,,,,,,,,,,,,,,,,,,,,,,,,,,,,,,,,,,,,,,,,,,,,,,,,,,,,,,,,,,,,,,,,,,,,,,,,,,,,,,,,,,,,,,,,,,,,,,,,,,,,,,,,,,,,,,,,,
1764665424.867745,28086,0,4374.871582,4389.230957,4507.563965,4524.358887,4389.871582,4507.179688,4526.666504,4376.538574,4568.589844,4378.717773,4488.846191,4510.128418,4560.384766,4376.153809,4381.538574,4505.769043,4539.230957,4523.461426,4507.179688,4375.897461,4393.974121,4552.820313,4516.538574,4492.563965,4376.922852,4565.256348,4378.974121,4553.077148,4496.282227,4384.615234,4504.615234,4488.589844,2923,1,24,2048,39284,,,,0,4,4,4,4,4,4,4,4,4,4,4,4,4,4,4,4,4,4,4,4,4,4,4,4,4,4,4,4,4,4,4,4,100,,,,,,,,,,,,,,,,,,,,,,,,,,,,,,,,,,,,,,,,,,,,,,,,,,,,,,,,,,,,,,,,,,,,,,,,,,,,,,,,,,,,,,,,,,,,,,,,,,,,,,,,,,,,,,,,,,,,,,,,,,,,,,,,,,,,,,,,,,,,,,,,,,,,,,,,,,,,,,,,,,,,,,,,,,,,,,,,,,,,,,,,,,,,,,,,,,,,,,,,,,,,,,
1764665424.871651,28087,0,4369.230957,4386.025879,4501.538574,4520.769043,4386.153809,4501.794922,4518.333496,4370.384766,4564.102539,4368.589844,4481.666504,4502.563965,4551.153809,4373.974121,4375.641113,4501.025879,4531.410156,4512.692383,4495.384766,4367.563965,4386.538574,4545.897461,4513.717773,4484.743652,4368.846191,4558.333496,4373.461426,4546.410156,4491.666504,4380.641113,4500.512695,4485,2836,1,24,2048,39284,,,,0,4,4,4,4,4,4,4,4,4,4,4,4,4,4,4,4,4,4,4,4,4,4,4,4,4,4,4,4,4,4,4,4,100,,,,,,,,,,,,,,,,,,,,,,,,,,,,,,,,,,,,,,,,,,,,,,,,,,,,,,,,,,,,,,,,,,,,,,,,,,,,,,,,,,,,,,,,,,,,,,,,,,,,,,,,,,,,,,,,,,,,,,,,,,,,,,,,,,,,,,,,,,,,,,,,,,,,,,,,,,,,,,,,,,,,,,,,,,,,,,,,,,,,,,,,,,,,,,,,,,,,,,,,,,,,,,
1764665424.875558,28088,0,4372.05127,4389.615234,4501.666504,4523.589844,4390.641113,4503.846191,4517.179688,4373.461426,4563.077148,4367.820313,4483.205078,4504.230957,4549.743652,4379.230957,4374.871582,4500.256348,4530.256348,4509.743652,4490.128418,4367.692383,4385.256348,4546.666504,4516.794922,4483.846191,4370.641113,4558.589844,4374.487305,4547.179688,4490.769043,4382.179688,4504.487305,4488.205078,2733,1,24,2304,39292,,,,0,4,4,4,4,4,4,4,4,4,4,4,4,4,4,4,4,4,4,4,4,4,4,4,4,4,4,4,4,4,4,4,4,100,,,,,,,,,,,,,,,,,,,,,,,,,,,,,,,,,,,,,,,,,,,,,,,,,,,,,,,,,,,,,,,,,,,,,,,,,,,,,,,,,,,,,,,,,,,,,,,,,,,,,,,,,,,,,,,,,,,,,,,,,,,,,,,,,,,,,,,,,,,,,,,,,,,,,,,,,,,,,,,,,,,,,,,,,,,,,,,,,,,,,,,,,,,,,,,,,,,,,,,,,,,,,,
1764665424.879464,28089,0,4382.307617,4398.974121,4509.871582,4532.05127,4401.794922,4512.820313,4524.743652,4384.871582,4567.94873,4379.230957,4493.077148,4514.230957,4557.94873,4389.102539,4380.256348,4503.333496,4536.922852,4517.179688,4494.871582,4376.666504,4392.563965,4555.384766,4525.256348,4491.410156,4382.307617,4566.153809,4381.666504,4555,4494.230957,4389.358887,4513.974121,4497.563965,2820,1,24,2304,39292,,,,0,4,4,4,4,4,4,4,4,4,4,4,4,4,4,4,4,4,4,4,4,4,4,4,4,4,4,4,4,4,4,4,4,100,,,,,,,,,,,,,,,,,,,,,,,,,,,,,,,,,,,39790,0,0.017697,-0.694214,-0.719482,-0.009949,0.996215,0.044927,0.034184,19.5,0.333333,53.666668,,,,,,,,,,,,,,,,,,,,,,,,,,,,,,,,,,,,,,,,,,,,,,,,,,,,,,,,,,,,,,,,,,,,,,,,,,,,,,,,,,,,,,,,,,,,,,,,,,,,,,,,,,,,,,,,,,,,,,,,,,,,,,,,,,,,,,,,,,,,,,,,,,,,,,,,,,,,,,,,
1764665424.883371,28090,0,4393.461426,4408.461426,4520.641113,4541.282227,4413.333496,4523.205078,4537.179688,4397.820313,4576.666504,4397.436035,4504.230957,4525.897461,4570.769043,4397.820313,4388.077148,4507.563965,4547.179688,4529.487305,4505.512695,4388.077148,4403.461426,4567.05127,4533.589844,4502.820313,4396.282227,4575.897461,4390.512695,4564.487305,4499.615234,4397.94873,4522.94873,4507.436035,1919,1,24,2560,39300,,,,0,4,4,4,4,4,4,4,4,4,4,4,4,4,4,4,4,4,4,4,4,4,4,4,4,4,4,4,4,4,4,4,4,100,,,,,,,,,,,,,,,,,,,,,,,,,,,,,,,,,,,,,,,,,,,,,,,5.533126,6.795375,1.036093,1.653432,1.182077,4.541905,7.363373,0.880427,1.727588,1.470259,2.57041,5.434966,0.858953,2.034376,1.792979,2.609117,3.235757,0.412243,1.969366,1.553177,2.951185,5.872257,0.458951,1.597382,1.537901,5.427303,5.880204,0.658028,1.474356,1.130719,3.89705,4.240266,0.670243,1.503084,1.309027,2.089358,4.380302,0.454882,1.964326,1.580877,1.889833,1.829892,0.465302,1.74905,1.512723,2.174921,2.324025,0.321022,2.71614,2.028903,1.547059,1.998909,0.570101,0.918266,1.034636,4.719192,4.963898,0.87646,1.356211,1.216673,3.352165,1.590332,0.719507,0.989822,1.110235,1.529598,0.691593,0.445586,0.58331,0.764964,0.991227,0.755156,0.462722,0.70994,1.215182,1.793928,1.107175,0.879699,0.648179,0.805234,6.214113,5.450526,1.12175,1.800373,1.343766,3.347463,2.288737,1.090498,1.169833,1.320332,1.484431,3.186321,0.812614,1.049403,0.897915,2.140999,7.608315,0.96344,1.395405,1.223792,2.641243,10.177422,0.975194,2.113233,1.139943,3.929059,7.183475,1.219362,1.98492,1.321753,4.465714,4.54243,0.85305,1.60974,1.186973,2.992664,6.421215,0.988954,1.632631,1.395912,3.487219,5.923409,1.096009,3.278474,2.090615,3.053829,2.921863,1.262716,1.674931,1.405167,4.165038,5.911438,0.878774,1.866887,1.834381,4.617746,7.47994,1.086966,1.825402,1.377364,3.480781,3.887686,0.316874,0.922592,0.715304,4.330322,7.033054,0.699793,1.899724,1.583845,4.19517,5.452033,1.062804,1.68002,1.893286,3.148507,5.31526,1.016656,1.79161,1.715271
1764665424.887277,28091,0,4398.717773,4412.179688,4526.922852,4545.384766,4418.846191,4528.974121,4547.692383,4404.743652,4583.974121,4412.563965,4508.717773,4531.282227,4580,4400.512695,4393.077148,4509.743652,4554.358887,4537.563965,4514.102539,4393.589844,4410.128418,4574.230957,4536.666504,4511.025879,4403.333496,4581.922852,4395.769043,4570,4503.717773,4402.307617,4526.153809,4512.179688,2621,1,24,2560,39300,,,,0,4,4,4,4,4,4,4,4,4,4,4,4,4,4,4,4,4,4,4,4,4,4,4,4,4,4,4,4,4,4,4,4,100,,,,,,,,,,,,,,,,,,,,,,,,,,,,,,,,,,,,,,,,,,,,,,,,,,,,,,,,,,,,,,,,,,,,,,,,,,,,,,,,,,,,,,,,,,,,,,,,,,,,,,,,,,,,,,,,,,,,,,,,,,,,,,,,,,,,,,,,,,,,,,,,,,,,,,,,,,,,,,,,,,,,,,,,,,,,,,,,,,,,,,,,,,,,,,,,,,,,,,,,,,,,,,
1764665424.891184,28092,0,4396.025879,4409.487305,4525.897461,4543.461426,4417.692383,4528.333496,4551.282227,4403.846191,4586.025879,4418.205078,4504.615234,4528.589844,4580.897461,4397.563965,4392.436035,4508.589844,4555.384766,4536.538574,4516.025879,4390.256348,4408.717773,4574.615234,4533.333496,4512.820313,4400.897461,4582.436035,4395.897461,4570.128418,4504.487305,4401.282227,4523.461426,4510.384766,2682,1,24,2560,39308,,,,0,4,4,4,4,4,4,4,4,4,4,4,4,4,4,4,4,4,4,4,4,4,4,4,4,4,4,4,4,4,4,4,4,100,,,,,,,,,,,,,,,,,,,,,,,,,,,,,,,,,,,,,,,,,,,,,,,,,,,,,,,,,,,,,,,,,,,,,,,,,,,,,,,,,,,,,,,,,,,,,,,,,,,,,,,,,,,,,,,,,,,,,,,,,,,,,,,,,,,,,,,,,,,,,,,,,,,,,,,,,,,,,,,,,,,,,,,,,,,,,,,,,,,,,,,,,,,,,,,,,,,,,,,,,,,,,,
1764665424.895090,28093,0,4389.743652,4405,4521.666504,4539.871582,4414.230957,4524.743652,4548.461426,4399.871582,4583.589844,4415.512695,4496.538574,4522.820313,4575.256348,4393.333496,4387.94873,4505.897461,4553.077148,4529.358887,4513.205078,4383.589844,4403.077148,4571.922852,4528.717773,4510.384766,4394.102539,4580.769043,4394.102539,4568.589844,4502.820313,4398.974121,4520.128418,4506.025879,2525,1,24,2560,39308,,,,0,4,4,4,4,4,4,4,4,4,4,4,4,4,4,4,4,4,4,4,4,4,4,4,4,4,4,4,4,4,4,4,4,100,,,,,,,,,,,,,,,,,,,,,,,,,,,,,,,,,,,39791,0,0.020055,-0.694214,-0.719421,-0.009888,1.003541,0.033207,0.047857,21,0.833333,53,,,,,,,,,,,,,,,,,,,,,,,,,,,,,,,,,,,,,,,,,,,,,,,,,,,,,,,,,,,,,,,,,,,,,,,,,,,,,,,,,,,,,,,,,,,,,,,,,,,,,,,,,,,,,,,,,,,,,,,,,,,,,,,,,,,,,,,,,,,,,,,,,,,,,,,,,,,,,,,,
1764665424.898997,28094,0,4385.769043,4403.333496,4519.615234,4540.128418,4412.94873,4523.077148,4543.461426,4398.077148,4580.256348,4410.384766,4490.128418,4520.897461,4569.487305,4391.922852,4383.846191,4504.487305,4552.307617,4523.205078,4510.769043,4380.897461,4400.128418,4571.410156,4527.820313,4508.333496,4391.025879,4581.410156,4395,4569.230957,4501.282227,4400.512695,4521.282227,4504.358887,2650,1,24,2561,39316,,,,0,4,4,4,4,4,4,4,4,4,4,4,4,4,4,4,4,4,4,4,4,4,4,4,4,4,4,4,4,4,4,4,4,100,,,,,,,,,,,,,,,,,,,,,,,,,,,,,,,,,,,,,,,,,,,,,,,,,,,,,,,,,,,,,,,,,,,,,,,,,,,,,,,,,,,,,,,,,,,,,,,,,,,,,,,,,,,,,,,,,,,,,,,,,,,,,,,,,,,,,,,,,,,,,,,,,,,,,,,,,,,,,,,,,,,,,,,,,,,,,,,,,,,,,,,,,,,,,,,,,,,,,,,,,,,,,,
1764665424.902903,28095,0,4386.153809,4405,4521.538574,4544.358887,4413.717773,4523.846191,4540.512695,4398.461426,4578.205078,4406.282227,4487.436035,4524.615234,4567.94873,4393.717773,4382.436035,4505.256348,4554.487305,4522.820313,4511.153809,4384.102539,4402.307617,4574.743652,4531.025879,4508.589844,4395,4585.512695,4398.974121,4572.179688,4500.897461,4405.641113,4527.436035,4506.922852,2816,1,24,2561,39316,,,,0,4,4,4,4,4,4,4,4,4,4,4,4,4,4,4,4,4,4,4,4,4,4,4,4,4,4,4,4,4,4,4,4,100,,,,,,,,,,,,,,,,,,,,,,,,,,,,,,,,,,,,,,,,,,,,,,,,,,,,,,,,,,,,,,,,,,,,,,,,,,,,,,,,,,,,,,,,,,,,,,,,,,,,,,,,,,,,,,,,,,,,,,,,,,,,,,,,,,,,,,,,,,,,,,,,,,,,,,,,,,,,,,,,,,,,,,,,,,,,,,,,,,,,,,,,,,,,,,,,,,,,,,,,,,,,,,
1764665424.906810,28096,0,4388.333496,4405.897461,4523.974121,4547.820313,4413.333496,4523.717773,4540,4397.05127,4577.436035,4402.692383,4486.538574,4530,4570.769043,4395.897461,4383.205078,4507.179688,4557.563965,4526.922852,4513.077148,4388.846191,4406.666504,4578.846191,4534.615234,4509.743652,4404.102539,4590.641113,4402.436035,4573.846191,4500.384766,4410.128418,4533.846191,4510.641113,2755,1,24,2560,39323,,,,0,4,4,4,4,4,4,4,4,4,4,4,4,4,4,4,4,4,4,4,4,4,4,4,4,4,4,4,4,4,4,4,4,100,,,,,,,,,,,,,,,,,,,,,,,,,,,,,,,,,,,,,,,,,,,,,,,,,,,,,,,,,,,,,,,,,,,,,,,,,,,,,,,,,,,,,,,,,,,,,,,,,,,,,,,,,,,,,,,,,,,,,,,,,,,,,,,,,,,,,,,,,,,,,,,,,,,,,,,,,,,,,,,,,,,,,,,,,,,,,,,,,,,,,,,,,,,,,,,,,,,,,,,,,,,,,,
1764665424.910716,28097,0,4389.487305,4403.333496,4523.333496,4546.282227,4409.615234,4520.384766,4540.128418,4391.282227,4576.666504,4398.077148,4486.282227,4532.692383,4574.615234,4396.410156,4385,4508.717773,4558.974121,4532.436035,4514.358887,4390.897461,4408.974121,4580.769043,4535.897461,4509.871582,4413.589844,4593.461426,4401.922852,4572.05127,4498.974121,4410.128418,4535.769043,4511.666504,2920,1,24,2560,39323,,,,0,4,4,4,4,4,4,4,4,4,4,4,4,4,4,4,4,4,4,4,4,4,4,4,4,4,4,4,4,4,4,4,4,100,,,,,,,,,,,,,,,,,,,,,,,,,,,,,,,,,,,39792,0,0.020055,-0.694214,-0.719421,-0.009888,1.003541,0.033207,0.047857,19,0.166667,54.333332,,,,,,,,,,,,,,,,,,,,,,,,,,,,,,,,,,,,,,,,,,,,,,,,,,,,,,,,,,,,,,,,,,,,,,,,,,,,,,,,,,,,,,,,,,,,,,,,,,,,,,,,,,,,,,,,,,,,,,,,,,,,,,,,,,,,,,,,,,,,,,,,,,,,,,,,,,,,,,,,
1764665424.914623,28098,0,4389.230957,4398.333496,4519.102539,4539.615234,4404.358887,4515.256348,4539.230957,4383.974121,4575.769043,4393.717773,4487.05127,4531.538574,4576.794922,4395.384766,4387.307617,4509.487305,4558.974121,4537.307617,4515.384766,4390.256348,4408.461426,4581.153809,4534.871582,4508.461426,4418.846191,4592.05127,4397.436035,4567.692383,4497.692383,4405.641113,4532.179688,4508.717773,2591,1,24,2304,39331,,,,0,4,4,4,4,4,4,4,4,4,4,4,4,4,4,4,4,4,4,4,4,4,4,4,4,4,4,4,4,4,4,4,4,100,,,,,,,,,,,,,,,,,,,,,,,,,,,,,,,,,,,,,,,,,,,,,,,,,,,,,,,,,,,,,,,,,,,,,,,,,,,,,,,,,,,,,,,,,,,,,,,,,,,,,,,,,,,,,,,,,,,,,,,,,,,,,,,,,,,,,,,,,,,,,,,,,,,,,,,,,,,,,,,,,,,,,,,,,,,,,,,,,,,,,,,,,,,,,,,,,,,,,,,,,,,,,,
1764665424.918529,28099,0,4388.333496,4393.846191,4512.692383,4531.153809,4400,4511.025879,4536.282227,4379.358887,4574.487305,4391.538574,4488.846191,4528.589844,4576.282227,4393.205078,4388.974121,4510.128418,4558.717773,4541.282227,4517.563965,4389.230957,4406.410156,4581.538574,4532.307617,4505.512695,4416.153809,4586.410156,4390.384766,4563.077148,4497.436035,4398.461426,4524.615234,4502.307617,2854,1,24,2304,39331,,,,0,4,4,4,4,4,4,4,4,4,4,4,4,4,4,4,4,4,4,4,4,4,4,4,4,4,4,4,4,4,4,4,4,100,,,,,,,,,,,,,,,,,,,,,,,,,,,,,,,,,,,,,,,,,,,,,,,,,,,,,,,,,,,,,,,,,,,,,,,,,,,,,,,,,,,,,,,,,,,,,,,,,,,,,,,,,,,,,,,,,,,,,,,,,,,,,,,,,,,,,,,,,,,,,,,,,,,,,,,,,,,,,,,,,,,,,,,,,,,,,,,,,,,,,,,,,,,,,,,,,,,,,,,,,,,,,,
1764665424.922436,28100,0,4385.897461,4390.897461,4506.666504,4524.358887,4396.666504,4508.205078,4530.769043,4378.333496,4572.05127,4390.897461,4489.871582,4525.256348,4573.717773,4390.128418,4388.974121,4510.769043,4557.692383,4543.717773,4520.384766,4389.102539,4404.358887,4582.05127,4527.94873,4501.025879,4404.871582,4578.077148,4383.077148,4558.717773,4497.94873,4390.641113,4515.512695,4494.230957,2746,1,24,2304,39339,,,,0,4,4,4,4,4,4,4,4,4,4,4,4,4,4,4,4,4,4,4,4,4,4,4,4,4,4,4,4,4,4,4,4,100,,,,,,,,,,,,,,,,,,,,,,,,,,,,,,,,,,,,,,,,,,,,,,,,,,,,,,,,,,,,,,,,,,,,,,,,,,,,,,,,,,,,,,,,,,,,,,,,,,,,,,,,,,,,,,,,,,,,,,,,,,,,,,,,,,,,,,,,,,,,,,,,,,,,,,,,,,,,,,,,,,,,,,,,,,,,,,,,,,,,,,,,,,,,,,,,,,,,,,,,,,,,,,
1764665424.926342,28101,0,4382.05127,4389.230957,4502.563965,4521.153809,4393.205078,4506.025879,4523.846191,4378.461426,4568.717773,4388.974121,4488.205078,4522.307617,4570.384766,4386.922852,4386.794922,4511.025879,4555.128418,4543.461426,4521.538574,4389.230957,4402.563965,4581.282227,4522.05127,4495.769043,4389.230957,4570.384766,4377.563965,4554.487305,4497.563965,4384.487305,4508.333496,4487.820313,2789,1,24,2304,39339,,,,0,4,4,4,4,4,4,4,4,4,4,4,4,4,4,4,4,4,4,4,4,4,4,4,4,4,4,4,4,4,4,4,4,100,,,,,,,,,,,,,,,,,,,,,,,,,,,,,,,,,,,39793,0,0.020055,-0.694214,-0.719421,-0.009888,1.003541,0.044439,0.035649,20.166666,1.333333,54.666668,,,,,,,,,,,,,,,,,,,,,,,,,,,,,,,,,,,,,,,,,,,,,,,,,,,,,,,,,,,,,,,,,,,,,,,,,,,,,,,,,,,,,,,,,,,,,,,,,,,,,,,,,,,,,,,,,,,,,,,,,,,,,,,,,,,,,,,,,,,,,,,,,,,,,,,,,,,,,,,,
1764665424.930249,28102,0,4378.205078,4387.692383,4501.282227,4521.410156,4389.743652,4503.974121,4518.846191,4377.563965,4566.153809,4383.846191,4485.128418,4520.128418,4568.205078,4385,4384.615234,4510.641113,4551.410156,4540,4518.589844,4388.461426,4400.897461,4577.563965,4516.666504,4491.153809,4377.05127,4566.794922,4376.153809,4551.410156,4495.384766,4381.922852,4506.153809,4485.384766,2802,1,24,2560,39347,,,,0,4,4,4,4,4,4,4,4,4,4,4,4,4,4,4,4,4,4,4,4,4,4,4,4,4,4,4,4,4,4,4,4,100,,,,,,,,,,,,,,,,,,,,,,,,,,,,,,,,,,,,,,,,,,,,,,,,,,,,,,,,,,,,,,,,,,,,,,,,,,,,,,,,,,,,,,,,,,,,,,,,,,,,,,,,,,,,,,,,,,,,,,,,,,,,,,,,,,,,,,,,,,,,,,,,,,,,,,,,,,,,,,,,,,,,,,,,,,,,,,,,,,,,,,,,,,,,,,,,,,,,,,,,,,,,,,
1764665424.934155,28103,0,4376.025879,4385.641113,4502.05127,4523.461426,4387.05127,4502.307617,4518.846191,4375.384766,4565,4376.025879,4482.436035,4518.333496,4568.205078,4384.102539,4383.717773,4509.487305,4546.922852,4533.974121,4511.794922,4386.025879,4398.461426,4571.025879,4514.102539,4488.077148,4373.077148,4568.205078,4378.461426,4550,4491.794922,4382.94873,4508.205078,4486.025879,2982,1,24,2560,39347,,,,0,4,4,4,4,4,4,4,4,4,4,4,4,4,4,4,4,4,4,4,4,4,4,4,4,4,4,4,4,4,4,4,4,100,,,,,,,,,,,,,,,,,,,,,,,,,,,,,,,,,,,,,,,,,,,,,,,,,,,,,,,,,,,,,,,,,,,,,,,,,,,,,,,,,,,,,,,,,,,,,,,,,,,,,,,,,,,,,,,,,,,,,,,,,,,,,,,,,,,,,,,,,,,,,,,,,,,,,,,,,,,,,,,,,,,,,,,,,,,,,,,,,,,,,,,,,,,,,,,,,,,,,,,,,,,,,,
1764665424.938062,28104,0,4375.384766,4382.436035,4502.307617,4523.846191,4385.128418,4501.282227,4522.692383,4372.307617,4563.974121,4367.820313,4480.897461,4516.025879,4569.615234,4383.077148,4383.205078,4507.307617,4542.05127,4527.436035,4503.589844,4381.538574,4394.487305,4563.077148,4513.717773,4485.641113,4375.641113,4571.025879,4380.641113,4549.230957,4488.077148,4384.487305,4510.897461,4486.153809,2858,1,24,2560,39355,,,,0,4,4,4,4,4,4,4,4,4,4,4,4,4,4,4,4,4,4,4,4,4,4,4,4,4,4,4,4,4,4,4,4,100,,,,,,,,,,,,,,,,,,,,,,,,,,,,,,,,,,,,,,,,,,,,,,,,,,,,,,,,,,,,,,,,,,,,,,,,,,,,,,,,,,,,,,,,,,,,,,,,,,,,,,,,,,,,,,,,,,,,,,,,,,,,,,,,,,,,,,,,,,,,,,,,,,,,,,,,,,,,,,,,,,,,,,,,,,,,,,,,,,,,,,,,,,,,,,,,,,,,,,,,,,,,,,
1764665424.941968,28105,0,4375.256348,4378.846191,4501.025879,4521.153809,4383.846191,4501.153809,4527.05127,4369.615234,4562.05127,4362.820313,4480.512695,4513.461426,4570.512695,4380.769043,4381.153809,4505,4536.794922,4522.94873,4498.333496,4376.025879,4389.487305,4556.538574,4514.230957,4482.94873,4378.333496,4570.897461,4379.487305,4547.692383,4486.153809,4383.974121,4511.282227,4484.102539,2712,1,24,2560,39355,,,,0,4,4,4,4,4,4,4,4,4,4,4,4,4,4,4,4,4,4,4,4,4,4,4,4,4,4,4,4,4,4,4,4,100,,,,,,,,,,,,,,,,,,,,,,,,,,,,,,,,,,,39794,0,0.02022,-0.694275,-0.71936,-0.009705,1.003541,0.037114,0.036626,18.5,0.833333,55.166668,,,,,,,,,,,,,,,,,,,,,,,,,,,,,,,,,,,,,,,,,,,,,,,,,,,,,,,,,,,,,,,,,,,,,,,,,,,,,,,,,,,,,,,,,,,,,,,,,,,,,,,,,,,,,,,,,,,,,,,,,,,,,,,,,,,,,,,,,,,,,,,,,,,,,,,,,,,,,,,,
1764665424.945875,28106,0,4376.410156,4378.589844,4500.512695,4517.436035,4385,4503.589844,4530.128418,4369.871582,4561.282227,4364.871582,4482.307617,4513.205078,4570.512695,4378.846191,4377.94873,4504.358887,4534.102539,4523.461426,4500,4372.563965,4386.666504,4554.871582,4515.769043,4481.538574,4378.461426,4567.692383,4376.282227,4546.666504,4487.692383,4383.205078,4511.153809,4482.820313,1860,1,24,2561,39362,,,,0,4,4,4,4,4,4,4,4,4,4,4,4,4,4,4,4,4,4,4,4,4,4,4,4,4,4,4,4,4,4,4,4,100,,,,,,,,,,,,,,,,,,,,,,,,,,,,,,,,,,,,,,,,,,,,,,,,,,,,,,,,,,,,,,,,,,,,,,,,,,,,,,,,,,,,,,,,,,,,,,,,,,,,,,,,,,,,,,,,,,,,,,,,,,,,,,,,,,,,,,,,,,,,,,,,,,,,,,,,,,,,,,,,,,,,,,,,,,,,,,,,,,,,,,,,,,,,,,,,,,,,,,,,,,,,,,
1764665424.949781,28107,0,4381.410156,4385.256348,4504.487305,4517.05127,4390.769043,4510,4533.333496,4375.512695,4564.871582,4375.128418,4487.179688,4518.717773,4571.282227,4380.256348,4377.307617,4506.538574,4537.94873,4530,4508.589844,4374.871582,4389.230957,4559.743652,4520.384766,4483.846191,4378.333496,4566.025879,4376.538574,4549.230957,4493.974121,4386.794922,4515,4487.179688,2691,1,24,2561,39362,,,,0,4,4,4,4,4,4,4,4,4,4,4,4,4,4,4,4,4,4,4,4,4,4,4,4,4,4,4,4,4,4,4,4,100,,,,,,,,,,,,,,,,,,,,,,,,,,,,,,,,,,,,,,,,,,,,,,,,,,,,,,,,,,,,,,,,,,,,,,,,,,,,,,,,,,,,,,,,,,,,,,,,,,,,,,,,,,,,,,,,,,,,,,,,,,,,,,,,,,,,,,,,,,,,,,,,,,,,,,,,,,,,,,,,,,,,,,,,,,,,,,,,,,,,,,,,,,,,,,,,,,,,,,,,,,,,,,
1764665424.953688,28108,0,4390.512695,4398.333496,4512.05127,4522.436035,4400.769043,4519.487305,4539.102539,4385.897461,4572.94873,4390.641113,4493.205078,4529.743652,4574.358887,4385.641113,4381.410156,4510.256348,4547.94873,4539.102539,4519.358887,4382.436035,4396.794922,4568.461426,4527.692383,4490.128418,4381.922852,4569.615234,4383.589844,4556.538574,4502.94873,4395.769043,4523.717773,4497.820313,2485,1,24,2562,39370,,,,0,4,4,4,4,4,4,4,4,4,4,4,4,4,4,4,4,4,4,4,4,4,4,4,4,4,4,4,4,4,4,4,4,100,,,,,,,,,,,,,,,,,,,,,,,,,,,,,,,,,,,,,,,,,,,,,,,,,,,,,,,,,,,,,,,,,,,,,,,,,,,,,,,,,,,,,,,,,,,,,,,,,,,,,,,,,,,,,,,,,,,,,,,,,,,,,,,,,,,,,,,,,,,,,,,,,,,,,,,,,,,,,,,,,,,,,,,,,,,,,,,,,,,,,,,,,,,,,,,,,,,,,,,,,,,,,,
1764665424.957594,28109,0,4398.974121,4410.641113,4518.077148,4530.256348,4409.871582,4527.692383,4545.512695,4395.897461,4579.743652,4403.077148,4496.282227,4541.153809,4577.820313,4391.922852,4387.820313,4512.05127,4558.205078,4543.717773,4523.846191,4389.102539,4402.94873,4573.846191,4533.461426,4495.897461,4388.461426,4575.897461,4392.94873,4564.358887,4509.615234,4404.743652,4531.538574,4508.846191,2196,1,24,2562,39370,,,,0,4,4,4,4,4,4,4,4,4,4,4,4,4,4,4,4,4,4,4,4,4,4,4,4,4,4,4,4,4,4,4,4,100,,,,,,,,,,,,,,,,,,,,,,,,,,,,,,,,,,,39795,0,0.01812,-0.694397,-0.719299,-0.009644,0.997192,0.033696,0.041021,19,0.833333,54.333332,,,,,,,,,,,,,,,,,,,,,,,,,,,,,,,,,,,,,,,,,,,,,,,,,,,,,,,,,,,,,,,,,,,,,,,,,,,,,,,,,,,,,,,,,,,,,,,,,,,,,,,,,,,,,,,,,,,,,,,,,,,,,,,,,,,,,,,,,,,,,,,,,,,,,,,,,,,,,,,,
1764665424.961501,28110,0,4400.512695,4413.717773,4516.282227,4534.102539,4411.666504,4529.487305,4547.692383,4398.333496,4579.230957,4404.487305,4493.077148,4544.615234,4577.307617,4393.974121,4390.769043,4508.974121,4560.384766,4538.077148,4517.307617,4387.436035,4400.641113,4570,4532.05127,4495.128418,4392.179688,4577.820313,4396.153809,4565.897461,4509.358887,4405.256348,4530.897461,4511.666504,2702,1,24,2563,39378,,,,0,4,4,4,4,4,4,4,4,4,4,4,4,4,4,4,4,4,4,4,4,4,4,4,4,4,4,4,4,4,4,4,4,100,,,,,,,,,,,,,,,,,,,,,,,,,,,,,,,,,,,,,,,,,,,,,,,,,,,,,,,,,,,,,,,,,,,,,,,,,,,,,,,,,,,,,,,,,,,,,,,,,,,,,,,,,,,,,,,,,,,,,,,,,,,,,,,,,,,,,,,,,,,,,,,,,,,,,,,,,,,,,,,,,,,,,,,,,,,,,,,,,,,,,,,,,,,,,,,,,,,,,,,,,,,,,,
1764665424.965407,28111,0,4392.94873,4404.743652,4506.538574,4530.128418,4404.487305,4523.717773,4542.307617,4391.025879,4570.769043,4393.974121,4484.743652,4536.666504,4570.384766,4389.615234,4386.025879,4500.769043,4550.897461,4522.820313,4502.179688,4375.641113,4388.333496,4556.538574,4521.922852,4486.153809,4388.846191,4570.769043,4388.205078,4557.820313,4501.922852,4394.743652,4520,4502.94873,2485,1,24,2563,39378,,,,0,4,4,4,4,4,4,4,4,4,4,4,4,4,4,4,4,4,4,4,4,4,4,4,4,4,4,4,4,4,4,4,4,100,,,,,,,,,,,,,,,,,,,,,,,,,,,,,,,,,,,,,,,,,,,,,,,,,,,,,,,,,,,,,,,,,,,,,,,,,,,,,,,,,,,,,,,,,,,,,,,,,,,,,,,,,,,,,,,,,,,,,,,,,,,,,,,,,,,,,,,,,,,,,,,,,,,,,,,,,,,,,,,,,,,,,,,,,,,,,,,,,,,,,,,,,,,,,,,,,,,,,,,,,,,,,,
1764665424.969314,28112,0,4381.666504,4389.487305,4495,4522.05127,4393.205078,4514.487305,4532.179688,4379.230957,4560.897461,4378.717773,4477.05127,4522.436035,4559.487305,4381.153809,4375.897461,4491.282227,4535.128418,4505.641113,4486.794922,4360.256348,4372.436035,4540.769043,4508.333496,4473.589844,4379.615234,4558.205078,4373.205078,4544.102539,4491.922852,4379.743652,4505.384766,4488.589844,2861,1,24,2564,39386,,,,0,4,4,4,4,4,4,4,4,4,4,4,4,4,4,4,4,4,4,4,4,4,4,4,4,4,4,4,4,4,4,4,4,100,,,,,,,,,,,,,,,,,,,,,,,,,,,,,,,,,,,,,,,,,,,,,,,,,,,,,,,,,,,,,,,,,,,,,,,,,,,,,,,,,,,,,,,,,,,,,,,,,,,,,,,,,,,,,,,,,,,,,,,,,,,,,,,,,,,,,,,,,,,,,,,,,,,,,,,,,,,,,,,,,,,,,,,,,,,,,,,,,,,,,,,,,,,,,,,,,,,,,,,,,,,,,,
1764665424.973220,28113,0,4374.358887,4378.333496,4490,4517.179688,4386.282227,4508.461426,4524.871582,4371.410156,4557.692383,4369.615234,4475.641113,4511.922852,4550.769043,4373.846191,4367.179688,4485.641113,4522.436035,4496.025879,4479.230957,4350.641113,4362.692383,4531.410156,4499.487305,4465.897461,4371.153809,4548.846191,4361.666504,4533.589844,4486.282227,4370.897461,4497.179688,4479.487305,2920,1,24,2564,39386,,,,0,4,4,4,4,4,4,4,4,4,4,4,4,4,4,4,4,4,4,4,4,4,4,4,4,4,4,4,4,4,4,4,4,100,,,,,,,,,,,,,,,,,,,,,,,,,,,,,,,,,,,39796,0,0.020312,-0.694397,-0.719238,-0.009827,0.993774,0.030765,0.045904,19.5,-0.666667,54.166668,,,,,,,,,,,,,,,,,,,,,,,,,,,,,,,,,,,,,,,,,,,,,,,,,,,,,,,,,,,,,,,,,,,,,,,,,,,,,,,,,,,,,,,,,,,,,,,,,,,,,,,,,,,,,,,,,,,,,,,,,,,,,,,,,,,,,,,,,,,,,,,,,,,,,,,,,,,,,,,,
1764665424.977127,28114,0,4376.025879,4377.820313,4494.871582,4520.256348,4388.717773,4509.743652,4526.794922,4372.94873,4563.846191,4373.077148,4481.153809,4512.307617,4548.717773,4371.794922,4365.897461,4485.897461,4520.256348,4497.820313,4482.05127,4352.05127,4364.230957,4533.205078,4501.025879,4467.94873,4370,4549.230957,4361.538574,4533.461426,4488.461426,4374.615234,4501.153809,4482.179688,1762,1,24,2565,39394,,,,0,4,4,4,4,4,4,4,4,4,4,4,4,4,4,4,4,4,4,4,4,4,4,4,4,4,4,4,4,4,4,4,4,100,,,,,,,,,,,,,,,,,,,,,,,,,,,,,,,,,,,,,,,,,,,,,,,,,,,,,,,,,,,,,,,,,,,,,,,,,,,,,,,,,,,,,,,,,,,,,,,,,,,,,,,,,,,,,,,,,,,,,,,,,,,,,,,,,,,,,,,,,,,,,,,,,,,,,,,,,,,,,,,,,,,,,,,,,,,,,,,,,,,,,,,,,,,,,,,,,,,,,,,,,,,,,,
1764665424.981033,28115,0,4385.256348,4386.794922,4505.512695,4529.102539,4398.717773,4517.436035,4538.205078,4382.179688,4574.871582,4386.922852,4489.615234,4522.820313,4553.589844,4375.384766,4372.94873,4490,4528.461426,4507.563965,4491.666504,4361.794922,4374.487305,4543.589844,4512.05127,4478.077148,4377.820313,4558.205078,4372.94873,4543.077148,4496.666504,4388.205078,4513.974121,4493.461426,2936,1,24,2565,39394,,,,0,4,4,4,4,4,4,4,4,4,4,4,4,4,4,4,4,4,4,4,4,4,4,4,4,4,4,4,4,4,4,4,4,100,,,,,,,,,,,,,,,,,,,,,,,,,,,,,,,,,,,,,,,,,,,,,,,,,,,,,,,,,,,,,,,,,,,,,,,,,,,,,,,,,,,,,,,,,,,,,,,,,,,,,,,,,,,,,,,,,,,,,,,,,,,,,,,,,,,,,,,,,,,,,,,,,,,,,,,,,,,,,,,,,,,,,,,,,,,,,,,,,,,,,,,,,,,,,,,,,,,,,,,,,,,,,,
1764665424.984940,28116,0,4395.897461,4397.692383,4513.461426,4536.538574,4408.846191,4526.025879,4552.179688,4392.05127,4582.94873,4402.179688,4495.384766,4535.256348,4561.025879,4381.538574,4383.589844,4493.589844,4540.256348,4517.307617,4501.153809,4372.179688,4385.512695,4555.384766,4525.769043,4488.717773,4389.358887,4568.077148,4386.922852,4555.384766,4505.128418,4401.922852,4526.153809,4503.461426,2539,1,24,2566,39401,,,,0,4,4,4,4,4,4,4,4,4,4,4,4,4,4,4,4,4,4,4,4,4,4,4,4,4,4,4,4,4,4,4,4,100,,,,,,,,,,,,,,,,,,,,,,,,,,,,,,,,,,,,,,,,,,,,,,,,,,,,,,,,,,,,,,,,,,,,,,,,,,,,,,,,,,,,,,,,,,,,,,,,,,,,,,,,,,,,,,,,,,,,,,,,,,,,,,,,,,,,,,,,,,,,,,,,,,,,,,,,,,,,,,,,,,,,,,,,,,,,,,,,,,,,,,,,,,,,,,,,,,,,,,,,,,,,,,
1764665424.988846,28117,0,4400.769043,4401.794922,4512.563965,4535.512695,4410.897461,4529.358887,4559.358887,4395.641113,4581.794922,4407.563965,4495.128418,4539.358887,4564.743652,4385.512695,4390.641113,4493.589844,4546.922852,4519.487305,4504.615234,4375.897461,4389.487305,4561.538574,4533.589844,4492.307617,4395.512695,4569.871582,4392.563965,4561.025879,4507.94873,4405.769043,4528.333496,4503.461426,2814,1,24,2566,39401,,,,0,4,4,4,4,4,4,4,4,4,4,4,4,4,4,4,4,4,4,4,4,4,4,4,4,4,4,4,4,4,4,4,4,100,,,,,,,,,,,,,,,,,,,,,,,,,,,,,,,,,,,39797,0,0.020252,-0.694397,-0.719238,-0.009949,1.002075,0.028812,0.028812,17.833334,1.166667,54.5,,,,,,,,,,,,,,,,,,,,,,,,,,,,,,,,,,,,,,,,,,,,,,,,,,,,,,,,,,,,,,,,,,,,,,,,,,,,,,,,,,,,,,,,,,,,,,,,,,,,,,,,,,,,,,,,,,,,,,,,,,,,,,,,,,,,,,,,,,,,,,,,,,,,,,,,,,,,,,,,
1764665424.992753,28118,0,4396.025879,4395.384766,4501.922852,4524.743652,4401.794922,4524.230957,4553.717773,4389.487305,4570.512695,4397.05127,4488.974121,4530.769043,4560.769043,4383.333496,4388.589844,4489.615234,4543.077148,4512.563965,4501.153809,4370,4383.205078,4558.333496,4530.256348,4485.512695,4388.589844,4560.384766,4384.358887,4555,4502.820313,4395.897461,4517.563965,4492.563965,2924,1,24,2567,39409,,,,0,4,4,4,4,4,4,4,4,4,4,4,4,4,4,4,4,4,4,4,4,4,4,4,4,4,4,4,4,4,4,4,4,100,,,,,,,,,,,,,,,,,,,,,,,,,,,,,,,,,,,,,,,,,,,,,,,,,,,,,,,,,,,,,,,,,,,,,,,,,,,,,,,,,,,,,,,,,,,,,,,,,,,,,,,,,,,,,,,,,,,,,,,,,,,,,,,,,,,,,,,,,,,,,,,,,,,,,,,,,,,,,,,,,,,,,,,,,,,,,,,,,,,,,,,,,,,,,,,,,,,,,,,,,,,,,,
1764665424.996659,28119,0,4383.846191,4382.05127,4486.153809,4509.358887,4385.897461,4512.94873,4537.436035,4376.282227,4553.974121,4374.102539,4480.769043,4513.589844,4551.410156,4375.128418,4377.307617,4484.102539,4530.897461,4501.410156,4494.102539,4357.563965,4370.512695,4548.077148,4517.436035,4472.179688,4369.487305,4543.974121,4366.666504,4540.256348,4492.820313,4377.307617,4498.974121,4476.538574,2838,1,24,2567,39409,,,,0,4,4,4,4,4,4,4,4,4,4,4,4,4,4,4,4,4,4,4,4,4,4,4,4,4,4,4,4,4,4,4,4,100,,,,,,,,,,,,,,,,,,,,,,,,,,,,,,,,,,,,,,,,,,,,,,,,,,,,,,,,,,,,,,,,,,,,,,,,,,,,,,,,,,,,,,,,,,,,,,,,,,,,,,,,,,,,,,,,,,,,,,,,,,,,,,,,,,,,,,,,,,,,,,,,,,,,,,,,,,,,,,,,,,,,,,,,,,,,,,,,,,,,,,,,,,,,,,,,,,,,,,,,,,,,,,
1764665425.000566,28120,0,4372.179688,4370.256348,4472.820313,4497.692383,4372.436035,4502.179688,4520.384766,4363.846191,4541.153809,4351.538574,4475.769043,4498.589844,4543.077148,4366.153809,4363.846191,4480.512695,4518.846191,4494.358887,4490,4346.922852,4360.384766,4538.461426,4503.846191,4461.153809,4348.846191,4530.128418,4350.641113,4526.025879,4483.846191,4361.666504,4483.333496,4463.974121,2731,1,24,2568,39417,,,,0,4,4,4,4,4,4,4,4,4,4,4,4,4,4,4,4,4,4,4,4,4,4,4,4,4,4,4,4,4,4,4,4,100,,,,,,,,,,,,,,,,,,,,,,,,,,,,,,,,,,,,,,,,,,,,,,,,,,,,,,,,,,,,,,,,,,,,,,,,,,,,,,,,,,,,,,,,,,,,,,,,,,,,,,,,,,,,,,,,,,,,,,,,,,,,,,,,,,,,,,,,,,,,,,,,,,,,,,,,,,,,,,,,,,,,,,,,,,,,,,,,,,,,,,,,,,,,,,,,,,,,,,,,,,,,,,
1764665425.004472,28121,0,4368.717773,4367.820313,4468.974121,4496.282227,4369.487305,4498.974121,4513.846191,4360.384766,4539.102539,4343.461426,4477.436035,4495.512695,4542.94873,4362.94873,4357.179688,4481.025879,4516.025879,4497.436035,4493.589844,4345.512695,4360.769043,4537.307617,4498.846191,4460.384766,4340.769043,4526.794922,4346.282227,4521.666504,4481.410156,4358.461426,4478.846191,4460.897461,2818,1,24,2568,39417,,,,0,4,4,4,4,4,4,4,4,4,4,4,4,4,4,4,4,4,4,4,4,4,4,4,4,4,4,4,4,4,4,4,4,100,,,,,,,,,,,,,,,,,,,,,,,,,,,,,,,,,,,39798,0,0.018072,-0.694458,-0.719238,-0.009888,0.998169,0.029789,0.038579,21,1.333333,53.5,,,,,,,,,,,,,,,,,,,,,,,,,,,,,,,,,,,,,,,,,,,,,,,,,,,,,,,,,,,,,,,,,,,,,,,,,,,,,,,,,,,,,,,,,,,,,,,,,,,,,,,,,,,,,,,,,,,,,,,,,,,,,,,,,,,,,,,,,,,,,,,,,,,,,,,,,,,,,,,,
1764665425.008379,28122,0,4375.641113,4375.384766,4476.025879,4505,4376.922852,4505.512695,4521.794922,4368.461426,4547.820313,4355.128418,4485.512695,4505.769043,4552.307617,4368.717773,4362.179688,4486.282227,4525.256348,4510.512695,4504.487305,4355.384766,4372.307617,4546.666504,4505.641113,4471.025879,4351.794922,4535.128418,4355.384766,4530,4487.179688,4368.717773,4486.922852,4466.794922,1914,1,24,2569,39425,,,,0,4,4,4,4,4,4,4,4,4,4,4,4,4,4,4,4,4,4,4,4,4,4,4,4,4,4,4,4,4,4,4,4,100,,,,,,,,,,,,,,,,,,,,,,,,,,,,,,,,,,,,,,,,,,,,,,,5.554668,6.105124,1.241351,1.742836,1.282001,4.540368,6.356183,1.028996,1.795919,1.586924,2.601385,4.614993,0.864462,2.121977,1.943113,2.405289,2.666016,0.449178,2.045475,1.62686,2.991853,4.565287,0.488145,1.600921,1.604108,5.328014,5.017793,0.704764,1.566881,1.230129,3.619225,3.601163,0.857801,1.541577,1.435317,2.154595,3.737769,0.530106,2.025199,1.688261,1.557106,1.629339,0.511265,1.764109,1.636637,2.055372,2.067366,0.321959,2.554751,2.249381,1.521402,1.741052,0.671448,0.945029,1.096815,4.987255,4.245028,1.022976,1.465583,1.26708,3.210227,1.576435,0.889246,1.047231,1.18003,1.428592,0.639667,0.533325,0.607817,0.860361,0.928106,0.740368,0.49513,0.758281,1.251744,1.832966,0.913548,0.963364,0.663068,0.911975,6.155317,4.83709,1.305449,1.822652,1.441689,3.394087,2.019079,1.134966,1.232372,1.471833,1.579074,3.045249,0.808522,1.030584,0.936322,2.042405,7.239279,0.999914,1.336755,1.381674,2.576334,9.600168,0.945539,2.036859,1.276386,4.113914,6.879593,1.365682,1.974997,1.449524,4.68761,4.193487,0.928421,1.638929,1.27374,3.318561,6.263715,1.05139,1.622923,1.505751,3.64545,5.88718,1.178917,3.392473,2.198503,3.212127,2.978556,1.237768,1.704649,1.563522,4.34842,5.230239,0.864662,1.884972,1.943776,4.832408,6.753289,1.146545,1.793607,1.493684,3.718856,3.238931,0.341993,0.967522,0.772912,4.440871,6.339703,0.662385,1.902439,1.718514,4.377321,4.94697,1.092909,1.713716,2.049062,3.376561,4.634384,0.959963,1.849475,1.892956
1764665425.012285,28123,0,4387.94873,4386.922852,4489.487305,4517.436035,4388.077148,4517.436035,4537.820313,4382.820313,4560.769043,4378.205078,4495.384766,4521.410156,4566.025879,4380.384766,4375.256348,4494.615234,4541.282227,4526.410156,4516.538574,4370.897461,4388.205078,4561.410156,4519.230957,4486.538574,4375.128418,4550,4371.025879,4545.512695,4497.563965,4384.743652,4501.410156,4476.153809,2620,1,24,2569,39425,,,,0,4,4,4,4,4,4,4,4,4,4,4,4,4,4,4,4,4,4,4,4,4,4,4,4,4,4,4,4,4,4,4,4,100,,,,,,,,,,,,,,,,,,,,,,,,,,,,,,,,,,,,,,,,,,,,,,,,,,,,,,,,,,,,,,,,,,,,,,,,,,,,,,,,,,,,,,,,,,,,,,,,,,,,,,,,,,,,,,,,,,,,,,,,,,,,,,,,,,,,,,,,,,,,,,,,,,,,,,,,,,,,,,,,,,,,,,,,,,,,,,,,,,,,,,,,,,,,,,,,,,,,,,,,,,,,,,
1764665425.016192,28124,0,4397.820313,4395.128418,4502.05127,4525.897461,4394.871582,4528.077148,4551.282227,4394.743652,4570.256348,4398.205078,4502.436035,4532.436035,4576.666504,4391.282227,4387.94873,4502.436035,4555.512695,4537.05127,4522.820313,4383.589844,4400,4573.846191,4530.641113,4498.205078,4396.666504,4564.615234,4384.358887,4558.846191,4506.666504,4397.179688,4515.128418,4484.102539,2681,1,24,2566,39433,,,,0,4,4,4,4,4,4,4,4,4,4,4,4,4,4,4,4,4,4,4,4,4,4,4,4,4,4,4,4,4,4,4,4,100,,,,,,,,,,,,,,,,,,,,,,,,,,,,,,,,,,,,,,,,,,,,,,,,,,,,,,,,,,,,,,,,,,,,,,,,,,,,,,,,,,,,,,,,,,,,,,,,,,,,,,,,,,,,,,,,,,,,,,,,,,,,,,,,,,,,,,,,,,,,,,,,,,,,,,,,,,,,,,,,,,,,,,,,,,,,,,,,,,,,,,,,,,,,,,,,,,,,,,,,,,,,,,
1764665425.020098,28125,0,4400.769043,4397.179688,4508.461426,4527.05127,4394.871582,4531.794922,4555.128418,4398.717773,4573.461426,4404.871582,4504.230957,4534.358887,4579.871582,4396.410156,4393.589844,4506.666504,4562.307617,4537.94873,4520.384766,4388.717773,4403.333496,4578.846191,4534.487305,4501.410156,4405.384766,4574.743652,4391.025879,4564.358887,4510.256348,4401.922852,4524.102539,4489.615234,2517,1,24,2566,39433,,,,0,4,4,4,4,4,4,4,4,4,4,4,4,4,4,4,4,4,4,4,4,4,4,4,4,4,4,4,4,4,4,4,4,100,,,,,,,,,,,,,,,,,,,,,,,,,,,,,,,,,,,39799,0,0.020416,-0.694458,-0.719177,-0.009766,0.998169,0.029789,0.038579,18.666666,2.666667,55,,,,,,,,,,,,,,,,,,,,,,,,,,,,,,,,,,,,,,,,,,,,,,,,,,,,,,,,,,,,,,,,,,,,,,,,,,,,,,,,,,,,,,,,,,,,,,,,,,,,,,,,,,,,,,,,,,,,,,,,,,,,,,,,,,,,,,,,,,,,,,,,,,,,,,,,,,,,,,,,
1764665425.024005,28126,0,4397.307617,4395,4507.179688,4522.820313,4390.512695,4527.692383,4550.128418,4394.743652,4572.05127,4398.846191,4501.922852,4529.487305,4576.922852,4394.615234,4391.153809,4505.384766,4561.025879,4531.025879,4511.922852,4386.922852,4400,4576.538574,4531.025879,4497.820313,4400.641113,4579.230957,4391.410156,4562.436035,4508.333496,4400,4527.436035,4493.589844,2648,1,24,2565,39441,,,,0,4,4,4,4,4,4,4,4,4,4,4,4,4,4,4,4,4,4,4,4,4,4,4,4,4,4,4,4,4,4,4,4,100,,,,,,,,,,,,,,,,,,,,,,,,,,,,,,,,,,,,,,,,,,,,,,,,,,,,,,,,,,,,,,,,,,,,,,,,,,,,,,,,,,,,,,,,,,,,,,,,,,,,,,,,,,,,,,,,,,,,,,,,,,,,,,,,,,,,,,,,,,,,,,,,,,,,,,,,,,,,,,,,,,,,,,,,,,,,,,,,,,,,,,,,,,,,,,,,,,,,,,,,,,,,,,
1764665425.027911,28127,0,4390.128418,4392.05127,4500,4517.692383,4385.769043,4518.717773,4541.153809,4386.538574,4568.717773,4388.333496,4498.461426,4523.333496,4571.666504,4388.846191,4384.358887,4499.615234,4554.743652,4522.307617,4503.461426,4381.794922,4394.102539,4570.512695,4523.974121,4492.179688,4389.487305,4578.717773,4387.692383,4556.794922,4503.461426,4395,4525.512695,4495.128418,2815,1,24,2565,39441,,,,0,4,4,4,4,4,4,4,4,4,4,4,4,4,4,4,4,4,4,4,4,4,4,4,4,4,4,4,4,4,4,4,4,100,,,,,,,,,,,,,,,,,,,,,,,,,,,,,,,,,,,,,,,,,,,,,,,,,,,,,,,,,,,,,,,,,,,,,,,,,,,,,,,,,,,,,,,,,,,,,,,,,,,,,,,,,,,,,,,,,,,,,,,,,,,,,,,,,,,,,,,,,,,,,,,,,,,,,,,,,,,,,,,,,,,,,,,,,,,,,,,,,,,,,,,,,,,,,,,,,,,,,,,,,,,,,,
1764665425.031818,28128,0,4382.436035,4389.615234,4491.025879,4514.871582,4383.077148,4510,4533.717773,4378.974121,4565.512695,4382.563965,4496.282227,4519.230957,4567.820313,4383.461426,4378.077148,4493.077148,4546.922852,4517.692383,4499.743652,4377.05127,4389.487305,4564.871582,4517.05127,4488.077148,4380.512695,4574.743652,4381.922852,4551.153809,4498.589844,4389.743652,4519.743652,4492.94873,2746,1,24,2565,39448,,,,0,4,4,4,4,4,4,4,4,4,4,4,4,4,4,4,4,4,4,4,4,4,4,4,4,4,4,4,4,4,4,4,4,100,,,,,,,,,,,,,,,,,,,,,,,,,,,,,,,,,,,,,,,,,,,,,,,,,,,,,,,,,,,,,,,,,,,,,,,,,,,,,,,,,,,,,,,,,,,,,,,,,,,,,,,,,,,,,,,,,,,,,,,,,,,,,,,,,,,,,,,,,,,,,,,,,,,,,,,,,,,,,,,,,,,,,,,,,,,,,,,,,,,,,,,,,,,,,,,,,,,,,,,,,,,,,,
1764665425.035724,28129,0,4377.563965,4388.461426,4485.641113,4515.512695,4383.461426,4506.025879,4532.179688,4376.025879,4563.974121,4385.256348,4496.922852,4518.717773,4567.05127,4382.307617,4376.282227,4490.256348,4541.025879,4520.897461,4502.563965,4375.512695,4388.589844,4562.307617,4513.461426,4487.307617,4379.358887,4570.256348,4377.05127,4547.820313,4495.769043,4386.538574,4513.589844,4488.461426,2912,1,24,2565,39448,,,,0,4,4,4,4,4,4,4,4,4,4,4,4,4,4,4,4,4,4,4,4,4,4,4,4,4,4,4,4,4,4,4,4,100,,,,,,,,,,,,,,,,,,,,,,,,,,,,,,,,,,,39800,0,0.020502,-0.694458,-0.719177,-0.009583,1.010866,0.030277,0.039556,19,-0.5,53,,,,,,,,,,,,,,,,,,,,,,,,,,,,,,,,,,,,,,,,,,,,,,,,,,,,,,,,,,,,,,,,,,,,,,,,,,,,,,,,,,,,,,,,,,,,,,,,,,,,,,,,,,,,,,,,,,,,,,,,,,,,,,,,,,,,,,,,,,,,,,,,,,,,,,,,,,,,,,,,
1764665425.039630,28130,0,4377.307617,4388.974121,4488.205078,4518.846191,4387.179688,4508.717773,4536.922852,4379.102539,4566.410156,4393.205078,4499.871582,4521.282227,4569.102539,4386.153809,4379.615234,4493.077148,4538.974121,4530.384766,4510.128418,4378.333496,4391.922852,4563.846191,4514.102539,4489.615234,4386.666504,4568.461426,4375.897461,4548.333496,4495.897461,4386.922852,4511.538574,4486.282227,2584,1,24,2561,39456,,,,0,4,4,4,4,4,4,4,4,4,4,4,4,4,4,4,4,4,4,4,4,4,4,4,4,4,4,4,4,4,4,4,4,100,,,,,,,,,,,,,,,,,,,,,,,,,,,,,,,,,,,,,,,,,,,,,,,,,,,,,,,,,,,,,,,,,,,,,,,,,,,,,,,,,,,,,,,,,,,,,,,,,,,,,,,,,,,,,,,,,,,,,,,,,,,,,,,,,,,,,,,,,,,,,,,,,,,,,,,,,,,,,,,,,,,,,,,,,,,,,,,,,,,,,,,,,,,,,,,,,,,,,,,,,,,,,,
1764665425.043537,28131,0,4381.025879,4391.282227,4498.205078,4523.333496,4393.333496,4515.641113,4544.615234,4386.025879,4572.820313,4399.487305,4503.461426,4524.871582,4571.666504,4391.666504,4385.512695,4498.974121,4540,4540.769043,4517.692383,4384.102539,4397.820313,4567.179688,4517.307617,4493.205078,4398.077148,4571.282227,4379.615234,4552.05127,4497.94873,4390.769043,4516.153809,4489.871582,2846,1,24,2561,39456,,,,0,4,4,4,4,4,4,4,4,4,4,4,4,4,4,4,4,4,4,4,4,4,4,4,4,4,4,4,4,4,4,4,4,100,,,,,,,,,,,,,,,,,,,,,,,,,,,,,,,,,,,,,,,,,,,,,,,,,,,,,,,,,,,,,,,,,,,,,,,,,,,,,,,,,,,,,,,,,,,,,,,,,,,,,,,,,,,,,,,,,,,,,,,,,,,,,,,,,,,,,,,,,,,,,,,,,,,,,,,,,,,,,,,,,,,,,,,,,,,,,,,,,,,,,,,,,,,,,,,,,,,,,,,,,,,,,,
1764665425.047443,28132,0,4384.487305,4394.102539,4508.974121,4527.05127,4398.717773,4521.153809,4549.230957,4391.794922,4580.384766,4398.846191,4505.512695,4526.666504,4571.666504,4393.846191,4389.487305,4503.077148,4541.282227,4545.512695,4520,4389.102539,4402.179688,4568.461426,4519.487305,4495.128418,4406.153809,4576.282227,4385.384766,4555.769043,4499.743652,4395.641113,4524.871582,4497.692383,2737,1,24,1536,39464,,,,0,4,4,4,4,4,4,4,4,4,4,4,4,4,4,4,4,4,4,4,4,4,4,4,4,4,4,4,4,4,4,4,4,100,,,,,,,,,,,,,,,,,,,,,,,,,,,,,,,,,,,,,,,,,,,,,,,,,,,,,,,,,,,,,,,,,,,,,,,,,,,,,,,,,,,,,,,,,,,,,,,,,,,,,,,,,,,,,,,,,,,,,,,,,,,,,,,,,,,,,,,,,,,,,,,,,,,,,,,,,,,,,,,,,,,,,,,,,,,,,,,,,,,,,,,,,,,,,,,,,,,,,,,,,,,,,,
1764665425.051350,28133,0,4383.974121,4395.641113,4513.333496,4528.205078,4400.769043,4520.512695,4546.666504,4392.179688,4584.871582,4392.307617,4505.256348,4524.358887,4567.307617,4390.256348,4388.717773,4502.436035,4539.487305,4541.538574,4515.641113,4389.615234,4401.410156,4565,4518.205078,4493.077148,4406.025879,4579.487305,4388.974121,4556.025879,4498.846191,4398.717773,4532.05127,4504.358887,2778,1,24,1536,39464,,,,0,4,4,4,4,4,4,4,4,4,4,4,4,4,4,4,4,4,4,4,4,4,4,4,4,4,4,4,4,4,4,4,4,100,,,,,,,,,,,,,,,,,,,,,,,,,,,,,,,,,,,39801,0,0.018286,-0.694519,-0.719177,-0.009644,1.010866,0.030277,0.039556,19,-0.5,53,,,,,,,,,,,,,,,,,,,,,,,,,,,,,,,,,,,,,,,,,,,,,,,,,,,,,,,,,,,,,,,,,,,,,,,,,,,,,,,,,,,,,,,,,,,,,,,,,,,,,,,,,,,,,,,,,,,,,,,,,,,,,,,,,,,,,,,,,,,,,,,,,,,,,,,,,,,,,,,,
1764665425.055256,28134,0,4379.102539,4395,4509.102539,4526.922852,4399.230957,4514.230957,4539.102539,4388.077148,4584.871582,4385.641113,4503.846191,4519.102539,4560.256348,4382.94873,4383.974121,4498.077148,4534.487305,4531.922852,4507.307617,4385.128418,4395.128418,4558.205078,4515.256348,4487.307617,4398.589844,4578.846191,4388.333496,4552.436035,4496.025879,4398.974121,4534.102539,4505.897461,2788,1,24,512,39472,,,,0,4,4,4,4,4,4,4,4,4,4,4,4,4,4,4,4,4,4,4,4,4,4,4,4,4,4,4,4,4,4,4,4,100,,,,,,,,,,,,,,,,,,,,,,,,,,,,,,,,,,,,,,,,,,,,,,,,,,,,,,,,,,,,,,,,,,,,,,,,,,,,,,,,,,,,,,,,,,,,,,,,,,,,,,,,,,,,,,,,,,,,,,,,,,,,,,,,,,,,,,,,,,,,,,,,,,,,,,,,,,,,,,,,,,,,,,,,,,,,,,,,,,,,,,,,,,,,,,,,,,,,,,,,,,,,,,
1764665425.059163,28135,0,4373.589844,4392.436035,4500.897461,4525,4396.153809,4507.05127,4532.179688,4383.589844,4582.563965,4384.615234,4503.077148,4514.102539,4553.846191,4376.538574,4378.461426,4493.077148,4528.589844,4522.307617,4499.615234,4378.205078,4385.897461,4551.410156,4513.717773,4480.769043,4390,4575.256348,4384.743652,4547.820313,4493.333496,4397.179688,4531.282227,4502.94873,2972,1,24,512,39472,,,,0,4,4,4,4,4,4,4,4,4,4,4,4,4,4,4,4,4,4,4,4,4,4,4,4,4,4,4,4,4,4,4,4,100,,,,,,,,,,,,,,,,,,,,,,,,,,,,,,,,,,,,,,,,,,,,,,,,,,,,,,,,,,,,,,,,,,,,,,,,,,,,,,,,,,,,,,,,,,,,,,,,,,,,,,,,,,,,,,,,,,,,,,,,,,,,,,,,,,,,,,,,,,,,,,,,,,,,,,,,,,,,,,,,,,,,,,,,,,,,,,,,,,,,,,,,,,,,,,,,,,,,,,,,,,,,,,
1764665425.063069,28136,0,4370.256348,4388.974121,4494.358887,4523.846191,4393.717773,4502.692383,4529.358887,4381.410156,4580.256348,4388.846191,4502.820313,4512.05127,4549.230957,4373.077148,4374.102539,4489.102539,4523.846191,4516.282227,4494.615234,4371.282227,4377.179688,4546.410156,4514.358887,4476.025879,4385.769043,4571.025879,4380.384766,4544.743652,4492.179688,4394.487305,4526.410156,4499.102539,2848,1,24,512,39480,,,,0,4,4,4,4,4,4,4,4,4,4,4,4,4,4,4,4,4,4,4,4,4,4,4,4,4,4,4,4,4,4,4,4,100,,,,,,,,,,,,,,,,,,,,,,,,,,,,,,,,,,,,,,,,,,,,,,,,,,,,,,,,,,,,,,,,,,,,,,,,,,,,,,,,,,,,,,,,,,,,,,,,,,,,,,,,,,,,,,,,,,,,,,,,,,,,,,,,,,,,,,,,,,,,,,,,,,,,,,,,,,,,,,,,,,,,,,,,,,,,,,,,,,,,,,,,,,,,,,,,,,,,,,,,,,,,,,
1764665425.066976,28137,0,4369.102539,4384.487305,4492.692383,4522.94873,4391.922852,4501.410156,4529.358887,4380.897461,4578.077148,4392.94873,4500.769043,4512.179688,4545.384766,4371.410156,4370.769043,4485.769043,4519.871582,4512.692383,4491.922852,4365.256348,4371.153809,4542.05127,4514.615234,4473.461426,4386.025879,4567.307617,4376.794922,4543.461426,4491.666504,4391.153809,4521.538574,4497.05127,2702,1,24,512,39480,,,,0,4,4,4,4,4,4,4,4,4,4,4,4,4,4,4,4,4,4,4,4,4,4,4,4,4,4,4,4,4,4,4,4,100,,,,,,,,,,,,,,,,,,,,,,,,,,,,,,,,,,,39802,0,0.020547,-0.694519,-0.719116,-0.009644,0.997192,0.033207,0.040044,20.5,0.833333,53.5,,,,,,,,,,,,,,,,,,,,,,,,,,,,,,,,,,,,,,,,,,,,,,,,,,,,,,,,,,,,,,,,,,,,,,,,,,,,,,,,,,,,,,,,,,,,,,,,,,,,,,,,,,,,,,,,,,,,,,,,,,,,,,,,,,,,,,,,,,,,,,,,,,,,,,,,,,,,,,,,
1764665425.070882,28138,0,4368.974121,4380.384766,4495.256348,4521.922852,4390.384766,4501.666504,4529.615234,4380.128418,4575.384766,4392.94873,4496.153809,4513.333496,4541.794922,4370.256348,4367.94873,4481.922852,4517.307617,4509.743652,4491.025879,4361.538574,4369.102539,4538.589844,4512.692383,4473.077148,4387.94873,4564.487305,4375.384766,4543.333496,4491.282227,4388.077148,4518.205078,4497.05127,1858,1,24,768,39487,,,,0,4,4,4,4,4,4,4,4,4,4,4,4,4,4,4,4,4,4,4,4,4,4,4,4,4,4,4,4,4,4,4,4,100,,,,,,,,,,,,,,,,,,,,,,,,,,,,,,,,,,,,,,,,,,,,,,,,,,,,,,,,,,,,,,,,,,,,,,,,,,,,,,,,,,,,,,,,,,,,,,,,,,,,,,,,,,,,,,,,,,,,,,,,,,,,,,,,,,,,,,,,,,,,,,,,,,,,,,,,,,,,,,,,,,,,,,,,,,,,,,,,,,,,,,,,,,,,,,,,,,,,,,,,,,,,,,
1764665425.074789,28139,0,4371.153809,4380,4500.897461,4522.94873,4391.282227,4503.717773,4530.769043,4380.256348,4574.615234,4391.282227,4491.922852,4516.538574,4541.794922,4370.641113,4367.307617,4478.717773,4518.846191,4507.820313,4492.436035,4362.563965,4372.94873,4538.333496,4511.410156,4476.538574,4390.384766,4564.230957,4378.461426,4545.769043,4492.05127,4388.589844,4518.589844,4498.461426,2679,1,24,768,39487,,,,0,4,4,4,4,4,4,4,4,4,4,4,4,4,4,4,4,4,4,4,4,4,4,4,4,4,4,4,4,4,4,4,4,100,,,,,,,,,,,,,,,,,,,,,,,,,,,,,,,,,,,,,,,,,,,,,,,,,,,,,,,,,,,,,,,,,,,,,,,,,,,,,,,,,,,,,,,,,,,,,,,,,,,,,,,,,,,,,,,,,,,,,,,,,,,,,,,,,,,,,,,,,,,,,,,,,,,,,,,,,,,,,,,,,,,,,,,,,,,,,,,,,,,,,,,,,,,,,,,,,,,,,,,,,,,,,,
1764665425.078695,28140,0,4377.692383,4386.794922,4509.487305,4529.102539,4397.307617,4509.615234,4535.897461,4384.743652,4579.358887,4393.717773,4493.333496,4523.461426,4548.589844,4375,4371.794922,4479.615234,4527.692383,4509.871582,4496.666504,4370.384766,4382.820313,4544.615234,4515.384766,4486.153809,4395.256348,4568.717773,4387.436035,4552.94873,4496.153809,4395,4524.743652,4502.179688,2477,1,24,1024,39495,,,,0,4,4,4,4,4,4,4,4,4,4,4,4,4,4,4,4,4,4,4,4,4,4,4,4,4,4,4,4,4,4,4,4,100,,,,,,,,,,,,,,,,,,,,,,,,,,,,,,,,,,,,,,,,,,,,,,,,,,,,,,,,,,,,,,,,,,,,,,,,,,,,,,,,,,,,,,,,,,,,,,,,,,,,,,,,,,,,,,,,,,,,,,,,,,,,,,,,,,,,,,,,,,,,,,,,,,,,,,,,,,,,,,,,,,,,,,,,,,,,,,,,,,,,,,,,,,,,,,,,,,,,,,,,,,,,,,
1764665425.082602,28141,0,4388.589844,4400,4520.512695,4539.743652,4408.205078,4518.974121,4546.025879,4395.128418,4590.128418,4402.436035,4502.179688,4533.333496,4561.282227,4382.94873,4380.769043,4486.025879,4542.436035,4517.692383,4503.333496,4382.692383,4395.384766,4556.922852,4525.897461,4500.384766,4403.205078,4577.820313,4400,4564.743652,4503.589844,4405.897461,4535.384766,4508.589844,2190,1,24,1024,39495,,,,0,4,4,4,4,4,4,4,4,4,4,4,4,4,4,4,4,4,4,4,4,4,4,4,4,4,4,4,4,4,4,4,4,100,,,,,,,,,,,,,,,,,,,,,,,,,,,,,,,,,,,39803,0,0.018318,-0.694519,-0.719177,-0.009583,0.998657,0.039556,0.040532,18.5,0.833333,53.5,,,,,,,,,,,,,,,,,,,,,,,,,,,,,,,,,,,,,,,,,,,,,,,,,,,,,,,,,,,,,,,,,,,,,,,,,,,,,,,,,,,,,,,,,,,,,,,,,,,,,,,,,,,,,,,,,,,,,,,,,,,,,,,,,,,,,,,,,,,,,,,,,,,,,,,,,,,,,,,,
1764665425.086508,28142,0,4398.974121,4412.692383,4529.615234,4548.717773,4418.846191,4528.077148,4556.922852,4406.666504,4601.410156,4412.05127,4514.102539,4541.922852,4573.461426,4389.871582,4389.358887,4495.128418,4556.666504,4528.717773,4509.871582,4392.94873,4404.615234,4569.615234,4538.077148,4512.563965,4410.897461,4587.692383,4410.384766,4576.666504,4511.025879,4414.743652,4545.769043,4515.384766,2690,1,24,1280,39503,,,,0,4,4,4,4,4,4,4,4,4,4,4,4,4,4,4,4,4,4,4,4,4,4,4,4,4,4,4,4,4,4,4,4,100,,,,,,,,,,,,,,,,,,,,,,,,,,,,,,,,,,,,,,,,,,,,,,,,,,,,,,,,,,,,,,,,,,,,,,,,,,,,,,,,,,,,,,,,,,,,,,,,,,,,,,,,,,,,,,,,,,,,,,,,,,,,,,,,,,,,,,,,,,,,,,,,,,,,,,,,,,,,,,,,,,,,,,,,,,,,,,,,,,,,,,,,,,,,,,,,,,,,,,,,,,,,,,
1764665425.090415,28143,0,4403.589844,4417.692383,4531.025879,4549.358887,4422.820313,4531.153809,4562.179688,4412.05127,4605.384766,4414.871582,4521.666504,4544.615234,4578.077148,4391.025879,4392.05127,4501.282227,4563.205078,4537.179688,4513.974121,4395.256348,4406.282227,4576.282227,4544.743652,4516.538574,4414.230957,4592.692383,4413.077148,4582.307617,4513.974121,4416.025879,4549.871582,4518.717773,2474,1,24,1280,39503,,,,0,4,4,4,4,4,4,4,4,4,4,4,4,4,4,4,4,4,4,4,4,4,4,4,4,4,4,4,4,4,4,4,4,100,,,,,,,,,,,,,,,,,,,,,,,,,,,,,,,,,,,,,,,,,,,,,,,,,,,,,,,,,,,,,,,,,,,,,,,,,,,,,,,,,,,,,,,,,,,,,,,,,,,,,,,,,,,,,,,,,,,,,,,,,,,,,,,,,,,,,,,,,,,,,,,,,,,,,,,,,,,,,,,,,,,,,,,,,,,,,,,,,,,,,,,,,,,,,,,,,,,,,,,,,,,,,,
1764665425.094321,28144,0,4400.384766,4413.333496,4522.820313,4540.384766,4418.461426,4526.922852,4559.358887,4407.94873,4598.974121,4408.333496,4520.128418,4541.153809,4574.102539,4386.025879,4387.820313,4501.410156,4560.641113,4539.230957,4515.384766,4389.615234,4401.794922,4575.256348,4542.563965,4511.538574,4412.563965,4590,4407.563965,4579.102539,4510.897461,4409.358887,4545.897461,4516.282227,2848,1,24,1536,39511,,,,0,4,4,4,4,4,4,4,4,4,4,4,4,4,4,4,4,4,4,4,4,4,4,4,4,4,4,4,4,4,4,4,4,100,,,,,,,,,,,,,,,,,,,,,,,,,,,,,,,,,,,,,,,,,,,,,,,,,,,,,,,,,,,,,,,,,,,,,,,,,,,,,,,,,,,,,,,,,,,,,,,,,,,,,,,,,,,,,,,,,,,,,,,,,,,,,,,,,,,,,,,,,,,,,,,,,,,,,,,,,,,,,,,,,,,,,,,,,,,,,,,,,,,,,,,,,,,,,,,,,,,,,,,,,,,,,,
1764665425.098228,28145,0,4392.436035,4404.230957,4509.230957,4527.94873,4410.128418,4518.717773,4551.410156,4398.333496,4586.282227,4397.307617,4511.922852,4535.256348,4566.794922,4380.128418,4381.153809,4497.05127,4554.102539,4535.897461,4515.769043,4381.410156,4396.922852,4570.641113,4534.743652,4503.846191,4409.487305,4582.436035,4398.205078,4570.641113,4504.871582,4399.743652,4537.307617,4509.871582,2907,1,24,1536,39511,,,,0,4,4,4,4,4,4,4,4,4,4,4,4,4,4,4,4,4,4,4,4,4,4,4,4,4,4,4,4,4,4,4,4,100,,,,,,,,,,,,,,,,,,,,,,,,,,,,,,,,,,,39804,0,0.018286,-0.694519,-0.719177,-0.009644,0.99475,0.035649,0.034672,17.333334,-0.166667,54.333332,,,,,,,,,,,,,,,,,,,,,,,,,,,,,,,,,,,,,,,,,,,,,,,,,,,,,,,,,,,,,,,,,,,,,,,,,,,,,,,,,,,,,,,,,,,,,,,,,,,,,,,,,,,,,,,,,,,,,,,,,,,,,,,,,,,,,,,,,,,,,,,,,,,,,,,,,,,,,,,,
1764665425.102134,28146,0,4385,4397.436035,4497.94873,4520.256348,4403.589844,4511.922852,4543.846191,4390,4575.128418,4388.717773,4503.205078,4531.153809,4562.94873,4378.589844,4377.563965,4492.820313,4550.512695,4531.025879,4516.538574,4376.666504,4396.282227,4567.820313,4526.666504,4499.743652,4408.077148,4575.256348,4390,4562.820313,4499.743652,4392.563965,4528.974121,4502.179688,1754,1,24,1792,39519,,,,0,4,4,4,4,4,4,4,4,4,4,4,4,4,4,4,4,4,4,4,4,4,4,4,4,4,4,4,4,4,4,4,4,100,,,,,,,,,,,,,,,,,,,,,,,,,,,,,,,,,,,,,,,,,,,,,,,,,,,,,,,,,,,,,,,,,,,,,,,,,,,,,,,,,,,,,,,,,,,,,,,,,,,,,,,,,,,,,,,,,,,,,,,,,,,,,,,,,,,,,,,,,,,,,,,,,,,,,,,,,,,,,,,,,,,,,,,,,,,,,,,,,,,,,,,,,,,,,,,,,,,,,,,,,,,,,,
1764665425.106041,28147,0,4380,4394.615234,4492.94873,4519.487305,4401.410156,4508.333496,4539.230957,4385.769043,4569.871582,4384.743652,4498.589844,4529.230957,4564.358887,4381.794922,4378.205078,4491.666504,4551.410156,4527.05127,4516.025879,4375.897461,4398.589844,4567.692383,4521.153809,4499.743652,4407.179688,4570.897461,4384.871582,4558.077148,4497.05127,4388.846191,4522.820313,4494.743652,2925,1,24,1792,39519,,,,0,4,4,4,4,4,4,4,4,4,4,4,4,4,4,4,4,4,4,4,4,4,4,4,4,4,4,4,4,4,4,4,4,100,,,,,,,,,,,,,,,,,,,,,,,,,,,,,,,,,,,,,,,,,,,,,,,,,,,,,,,,,,,,,,,,,,,,,,,,,,,,,,,,,,,,,,,,,,,,,,,,,,,,,,,,,,,,,,,,,,,,,,,,,,,,,,,,,,,,,,,,,,,,,,,,,,,,,,,,,,,,,,,,,,,,,,,,,,,,,,,,,,,,,,,,,,,,,,,,,,,,,,,,,,,,,,
1764665425.109947,28148,0,4376.282227,4392.692383,4492.179688,4521.025879,4400.384766,4505.384766,4536.025879,4382.692383,4569.102539,4381.538574,4497.307617,4527.05127,4567.179688,4385.384766,4379.487305,4492.436035,4552.436035,4523.333496,4511.666504,4375.128418,4398.846191,4566.666504,4516.922852,4498.333496,4402.94873,4567.563965,4380.897461,4554.102539,4494.487305,4385.256348,4517.563965,4487.307617,2527,1,24,2048,39526,,,,0,4,4,4,4,4,4,4,4,4,4,4,4,4,4,4,4,4,4,4,4,4,4,4,4,4,4,4,4,4,4,4,4,100,,,,,,,,,,,,,,,,,,,,,,,,,,,,,,,,,,,,,,,,,,,,,,,,,,,,,,,,,,,,,,,,,,,,,,,,,,,,,,,,,,,,,,,,,,,,,,,,,,,,,,,,,,,,,,,,,,,,,,,,,,,,,,,,,,,,,,,,,,,,,,,,,,,,,,,,,,,,,,,,,,,,,,,,,,,,,,,,,,,,,,,,,,,,,,,,,,,,,,,,,,,,,,
1764665425.113854,28149,0,4371.282227,4386.922852,4490.641113,4518.461426,4395.897461,4499.615234,4531.153809,4376.410156,4567.692383,4374.615234,4495.128418,4522.436035,4566.025879,4384.358887,4377.436035,4492.05127,4547.563965,4517.820313,4503.205078,4370.256348,4392.94873,4561.282227,4510.897461,4491.153809,4393.589844,4562.05127,4375.256348,4547.820313,4489.743652,4379.102539,4511.025879,4479.743652,2805,1,24,2048,39526,,,,0,4,4,4,4,4,4,4,4,4,4,4,4,4,4,4,4,4,4,4,4,4,4,4,4,4,4,4,4,4,4,4,4,100,,,,,,,,,,,,,,,,,,,,,,,,,,,,,,,,,,,39805,0,0.020518,-0.694519,-0.719116,-0.009705,0.999634,0.035161,0.040044,19.5,0.333333,54.166668,,,,,,,,,,,,,,,,,,,,,,,,,,,,,,,,,,,,,,,,,,,,,,,,,,,,,,,,,,,,,,,,,,,,,,,,,,,,,,,,,,,,,,,,,,,,,,,,,,,,,,,,,,,,,,,,,,,,,,,,,,,,,,,,,,,,,,,,,,,,,,,,,,,,,,,,,,,,,,,,
1764665425.117760,28150,0,4364.743652,4376.666504,4485.384766,4509.487305,4385.897461,4491.153809,4524.102539,4366.410156,4561.794922,4364.102539,4490,4515.384766,4558.974121,4377.820313,4371.538574,4488.717773,4535.769043,4511.666504,4494.743652,4361.410156,4383.205078,4552.692383,4502.94873,4479.871582,4382.563965,4554.487305,4367.692383,4539.487305,4482.94873,4370.897461,4503.717773,4473.333496,2916,1,24,2304,39534,,,,0,4,4,4,4,4,4,4,4,4,4,4,4,4,4,4,4,4,4,4,4,4,4,4,4,4,4,4,4,4,4,4,4,100,,,,,,,,,,,,,,,,,,,,,,,,,,,,,,,,,,,,,,,,,,,,,,,,,,,,,,,,,,,,,,,,,,,,,,,,,,,,,,,,,,,,,,,,,,,,,,,,,,,,,,,,,,,,,,,,,,,,,,,,,,,,,,,,,,,,,,,,,,,,,,,,,,,,,,,,,,,,,,,,,,,,,,,,,,,,,,,,,,,,,,,,,,,,,,,,,,,,,,,,,,,,,,
1764665425.121667,28151,0,4358.974121,4366.410156,4477.692383,4497.692383,4373.974121,4484.358887,4517.692383,4357.563965,4552.563965,4356.153809,4483.846191,4508.589844,4549.871582,4369.871582,4365.897461,4484.871582,4522.94873,4508.461426,4491.794922,4354.230957,4376.282227,4546.025879,4496.282227,4471.666504,4376.153809,4549.102539,4361.153809,4532.692383,4476.538574,4364.743652,4499.102539,4469.871582,2829,1,24,2304,39534,,,,0,4,4,4,4,4,4,4,4,4,4,4,4,4,4,4,4,4,4,4,4,4,4,4,4,4,4,4,4,4,4,4,4,100,,,,,,,,,,,,,,,,,,,,,,,,,,,,,,,,,,,,,,,,,,,,,,,,,,,,,,,,,,,,,,,,,,,,,,,,,,,,,,,,,,,,,,,,,,,,,,,,,,,,,,,,,,,,,,,,,,,,,,,,,,,,,,,,,,,,,,,,,,,,,,,,,,,,,,,,,,,,,,,,,,,,,,,,,,,,,,,,,,,,,,,,,,,,,,,,,,,,,,,,,,,,,,
1764665425.125573,28152,0,4357.563965,4362.436035,4472.563965,4490.384766,4366.282227,4483.717773,4516.282227,4356.153809,4546.410156,4357.307617,4481.282227,4505.256348,4544.743652,4366.538574,4366.410156,4484.358887,4516.922852,4512.692383,4497.436035,4354.487305,4378.077148,4547.05127,4495.641113,4472.05127,4378.461426,4549.871582,4359.871582,4531.282227,4474.230957,4364.871582,4500.128418,4470.641113,2731,1,24,1024,39542,,,,0,4,4,4,4,4,4,4,4,4,4,4,4,4,4,4,4,4,4,4,4,4,4,4,4,4,4,4,4,4,4,4,4,100,,,,,,,,,,,,,,,,,,,,,,,,,,,,,,,,,,,,,,,,,,,,,,,,,,,,,,,,,,,,,,,,,,,,,,,,,,,,,,,,,,,,,,,,,,,,,,,,,,,,,,,,,,,,,,,,,,,,,,,,,,,,,,,,,,,,,,,,,,,,,,,,,,,,,,,,,,,,,,,,,,,,,,,,,,,,,,,,,,,,,,,,,,,,,,,,,,,,,,,,,,,,,,
1764665425.129480,28153,0,4362.05127,4366.794922,4474.615234,4493.077148,4367.307617,4490.128418,4521.282227,4363.974121,4548.846191,4368.974121,4484.230957,4506.538574,4547.692383,4370.256348,4375.128418,4488.717773,4521.282227,4524.358887,4508.846191,4363.461426,4388.077148,4556.282227,4502.692383,4481.410156,4387.692383,4557.05127,4365.128418,4536.538574,4477.307617,4371.282227,4506.538574,4475.641113,2803,1,24,1024,39542,,,,0,4,4,4,4,4,4,4,4,4,4,4,4,4,4,4,4,4,4,4,4,4,4,4,4,4,4,4,4,4,4,4,4,100,,,,,,,,,,,,,,,,,,,,,,,,,,,,,,,,,,,39806,0,0.018286,-0.694519,-0.719177,-0.009644,0.997192,0.037114,0.052741,18.166666,2.166667,55.5,,,,,,,,,,,,,,,,,,,,,,,,,,,,,,,,,,,,,,,,,,,,,,,,,,,,,,,,,,,,,,,,,,,,,,,,,,,,,,,,,,,,,,,,,,,,,,,,,,,,,,,,,,,,,,,,,,,,,,,,,,,,,,,,,,,,,,,,,,,,,,,,,,,,,,,,,,,,,,,,
1764665425.133386,28154,0,4370,4376.282227,4484.102539,4504.358887,4375.769043,4499.230957,4529.358887,4375.512695,4560.128418,4385.256348,4491.025879,4510.641113,4556.538574,4378.589844,4388.077148,4495.256348,4531.922852,4538.333496,4520,4377.05127,4400.128418,4568.333496,4513.974121,4493.846191,4396.666504,4566.410156,4373.846191,4545.384766,4484.102539,4380,4514.358887,4482.436035,1915,1,24,1024,39550,,,,0,4,4,4,4,4,4,4,4,4,4,4,4,4,4,4,4,4,4,4,4,4,4,4,4,4,4,4,4,4,4,4,4,100,1,91.666664,4,4,4,4,4,4,4,4,4,3,4,4,4,4,4,4,4,4,4,4,4,4,4,4,4,4,4,4,4,4,4,4,,,,,,,,,,,,,5.17907,5.536213,1.555922,1.741193,1.362301,4.412704,5.590485,1.377432,1.832181,1.671496,2.643747,4.104746,0.970342,2.164688,2.038059,2.182003,2.353192,0.555979,2.07805,1.664725,2.984393,3.674521,0.657978,1.576212,1.609609,4.899121,4.496899,0.940739,1.619636,1.303664,3.218104,3.094204,1.099901,1.536222,1.531912,2.145431,3.279264,0.670974,2.02653,1.74597,1.271311,1.497355,0.649253,1.752565,1.735436,1.931303,1.883729,0.381422,2.259584,2.420387,1.428053,1.550226,0.821655,0.929772,1.145562,4.938236,3.652401,1.219486,1.521591,1.319725,2.914724,1.596562,1.068074,1.080277,1.222041,1.319311,0.607177,0.622003,0.629537,0.952157,0.891781,0.698326,0.535097,0.802194,1.292418,1.802524,0.777341,1.010437,0.663482,0.990225,5.718676,4.377948,1.604123,1.754252,1.539326,3.203823,1.838779,1.189969,1.261042,1.635917,1.579069,2.853021,0.827594,0.980943,0.99605,1.886068,6.508721,1.095078,1.241238,1.515866,2.416525,8.542074,1.02758,1.87644,1.397132,4.025957,6.423747,1.670616,1.88899,1.578187,4.512193,3.852446,1.121865,1.611148,1.349087,3.399219,5.926361,1.244588,1.574728,1.588489,3.597341,5.685091,1.412002,3.276814,2.248845,3.286303,2.970494,1.195454,1.691916,1.685619,4.26191,4.75744,1.071065,1.869944,1.997719,4.767335,6.117527,1.417766,1.723704,1.595987,3.6119,2.7446,0.444859,0.979389,0.811906,4.347581,5.847724,0.739871,1.831693,1.819268,4.260881,4.57069,1.241109,1.738569,2.17076,3.424348,4.173068,0.990664,1.837396,2.051146
1764665425.137293,28155,0,4376.410156,4384.615234,4495.256348,4517.692383,4385.512695,4504.743652,4534.615234,4382.436035,4572.94873,4396.282227,4496.922852,4513.846191,4564.871582,4385.512695,4397.692383,4499.743652,4540.641113,4546.794922,4525.128418,4387.692383,4405.897461,4574.871582,4522.436035,4501.794922,4398.589844,4572.05127,4380.769043,4552.179688,4490.641113,4385.128418,4518.077148,4486.794922,2612,1,24,1024,39550,,,,0,4,4,4,4,4,4,4,4,4,4,4,4,4,4,4,4,4,4,4,4,4,4,4,4,4,4,4,4,4,4,4,4,100,,,,,,,,,,,,,,,,,,,,,,,,,,,,,,,,,,,,,,,,,,,,,,,,,,,,,,,,,,,,,,,,,,,,,,,,,,,,,,,,,,,,,,,,,,,,,,,,,,,,,,,,,,,,,,,,,,,,,,,,,,,,,,,,,,,,,,,,,,,,,,,,,,,,,,,,,,,,,,,,,,,,,,,,,,,,,,,,,,,,,,,,,,,,,,,,,,,,,,,,,,,,,,
1764665425.141199,28156,0,4377.307617,4386.538574,4500.641113,4524.615234,4389.871582,4503.077148,4532.820313,4380.128418,4578.205078,4396.025879,4497.05127,4512.94873,4566.410156,4386.025879,4398.461426,4499.871582,4541.282227,4545.512695,4522.820313,4389.871582,4401.282227,4571.410156,4522.692383,4500.384766,4391.922852,4570.769043,4381.794922,4552.307617,4492.563965,4383.974121,4515,4485.641113,2675,1,24,1280,39558,,,,0,4,4,4,4,4,4,4,4,4,4,4,4,4,4,4,4,4,4,4,4,4,4,4,4,4,4,4,4,4,4,4,4,100,,,,,,,,,,,,,,,,,,,,,,,,,,,,,,,,,,,,,,,,,,,,,,,,,,,,,,,,,,,,,,,,,,,,,,,,,,,,,,,,,,,,,,,,,,,,,,,,,,,,,,,,,,,,,,,,,,,,,,,,,,,,,,,,,,,,,,,,,,,,,,,,,,,,,,,,,,,,,,,,,,,,,,,,,,,,,,,,,,,,,,,,,,,,,,,,,,,,,,,,,,,,,,
1764665425.145106,28157,0,4372.307617,4381.282227,4496.153809,4521.410156,4386.666504,4495.512695,4525.512695,4371.282227,4572.05127,4385.897461,4490.897461,4507.94873,4559.871582,4379.487305,4390.641113,4496.153809,4533.205078,4536.025879,4515.641113,4383.077148,4389.102539,4559.871582,4514.615234,4490.769043,4381.922852,4564.230957,4376.538574,4545.128418,4489.102539,4377.692383,4507.179688,4479.102539,2511,1,24,1280,39558,,,,0,4,4,4,4,4,4,4,4,4,4,4,4,4,4,4,4,4,4,4,4,4,4,4,4,4,4,4,4,4,4,4,4,100,,,,,,,,,,,,,,,,,,,,,,,,,,,,,,,,,,,39807,0,0.018318,-0.694519,-0.719177,-0.009583,0.99768,0.034672,0.041509,20.5,-0.5,55.166668,,,,,,,,,,,,,,,,,,,,,,,,,,,,,,,,,,,,,,,,,,,,,,,,,,,,,,,,,,,,,,,,,,,,,,,,,,,,,,,,,,,,,,,,,,,,,,,,,,,,,,,,,,,,,,,,,,,,,,,,,,,,,,,,,,,,,,,,,,,,,,,,,,,,,,,,,,,,,,,,
1764665425.149012,28158,0,4364.871582,4373.589844,4484.871582,4511.538574,4378.974121,4487.563965,4517.94873,4363.205078,4559.871582,4373.717773,4482.307617,4501.538574,4549.615234,4370,4379.871582,4491.538574,4521.922852,4524.230957,4507.436035,4371.666504,4375.769043,4546.410156,4502.94873,4479.102539,4375.641113,4556.538574,4367.94873,4534.487305,4482.05127,4370.256348,4499.615234,4471.538574,2642,1,24,1536,39566,,,,0,4,4,4,4,4,4,4,4,4,4,4,4,4,4,4,4,4,4,4,4,4,4,4,4,4,4,4,4,4,4,4,4,100,,,,,,,,,,,,,,,,,,,,,,,,,,,,,,,,,,,,,,,,,,,,,,,,,,,,,,,,,,,,,,,,,,,,,,,,,,,,,,,,,,,,,,,,,,,,,,,,,,,,,,,,,,,,,,,,,,,,,,,,,,,,,,,,,,,,,,,,,,,,,,,,,,,,,,,,,,,,,,,,,,,,,,,,,,,,,,,,,,,,,,,,,,,,,,,,,,,,,,,,,,,,,,
1764665425.152919,28159,0,4358.974121,4369.358887,4474.743652,4503.461426,4373.077148,4484.743652,4515,4361.794922,4551.282227,4368.589844,4477.179688,4497.563965,4541.666504,4363.205078,4372.820313,4488.333496,4513.846191,4515.641113,4500.512695,4361.922852,4366.922852,4536.666504,4493.974121,4471.410156,4375.641113,4551.922852,4359.871582,4525.512695,4475.897461,4365.897461,4496.538574,4468.461426,2807,1,24,1536,39566,,,,0,4,4,4,4,4,4,4,4,4,4,4,4,4,4,4,4,4,4,4,4,4,4,4,4,4,4,4,4,4,4,4,4,100,,,,,,,,,,,,,,,,,,,,,,,,,,,,,,,,,,,,,,,,,,,,,,,,,,,,,,,,,,,,,,,,,,,,,,,,,,,,,,,,,,,,,,,,,,,,,,,,,,,,,,,,,,,,,,,,,,,,,,,,,,,,,,,,,,,,,,,,,,,,,,,,,,,,,,,,,,,,,,,,,,,,,,,,,,,,,,,,,,,,,,,,,,,,,,,,,,,,,,,,,,,,,,
1764665425.156825,28160,0,4356.922852,4372.436035,4473.333496,4504.102539,4373.205078,4488.205078,4518.205078,4368.333496,4552.94873,4374.102539,4478.461426,4498.205078,4539.743652,4363.205078,4372.94873,4487.94873,4512.307617,4512.94873,4495.641113,4358.205078,4365,4532.94873,4491.538574,4470,4378.589844,4551.922852,4356.538574,4521.922852,4474.230957,4367.563965,4499.615234,4472.307617,2737,1,24,1792,39573,,,,0,4,4,4,4,4,4,4,4,4,4,4,4,4,4,4,4,4,4,4,4,4,4,4,4,4,4,4,4,4,4,4,4,100,,,,,,,,,,,,,,,,,,,,,,,,,,,,,,,,,,,,,,,,,,,,,,,,,,,,,,,,,,,,,,,,,,,,,,,,,,,,,,,,,,,,,,,,,,,,,,,,,,,,,,,,,,,,,,,,,,,,,,,,,,,,,,,,,,,,,,,,,,,,,,,,,,,,,,,,,,,,,,,,,,,,,,,,,,,,,,,,,,,,,,,,,,,,,,,,,,,,,,,,,,,,,,
1764665425.160732,28161,0,4359.743652,4382.05127,4482.692383,4514.487305,4379.615234,4495.256348,4526.153809,4379.358887,4563.461426,4387.179688,4485.897461,4503.461426,4544.230957,4370.256348,4379.615234,4490.512695,4517.05127,4516.153809,4494.102539,4361.666504,4368.846191,4534.871582,4496.282227,4473.461426,4379.871582,4555.384766,4359.743652,4524.743652,4478.589844,4375.256348,4507.05127,4481.794922,2903,1,24,1792,39573,,,,0,4,4,4,4,4,4,4,4,4,4,4,4,4,4,4,4,4,4,4,4,4,4,4,4,4,4,4,4,4,4,4,4,100,,,,,,,,,,,,,,,,,,,,,,,,,,,,,,,,,,,39808,0,0.018254,-0.694519,-0.719177,-0.009705,0.997192,0.033696,0.049811,18.166666,-0.166667,54.333332,,,,,,,,,,,,,,,,,,,,,,,,,,,,,,,,,,,,,,,,,,,,,,,,,,,,,,,,,,,,,,,,,,,,,,,,,,,,,,,,,,,,,,,,,,,,,,,,,,,,,,,,,,,,,,,,,,,,,,,,,,,,,,,,,,,,,,,,,,,,,,,,,,,,,,,,,,,,,,,,
1764665425.164638,28162,0,4367.05127,4394.358887,4497.563965,4529.230957,4389.102539,4502.563965,4536.153809,4390.128418,4575.769043,4400.769043,4495.256348,4511.794922,4552.820313,4381.794922,4389.615234,4495.769043,4525.256348,4523.974121,4497.307617,4370.384766,4376.025879,4541.025879,4506.025879,4479.487305,4378.846191,4560.897461,4369.102539,4532.94873,4487.179688,4386.538574,4515.512695,4492.692383,2576,1,24,768,39581,,,,0,4,4,4,4,4,4,4,4,4,4,4,4,4,4,4,4,4,4,4,4,4,4,4,4,4,4,4,4,4,4,4,4,100,,,,,,,,,,,,,,,,,,,,,,,,,,,,,,,,,,,,,,,,,,,,,,,,,,,,,,,,,,,,,,,,,,,,,,,,,,,,,,,,,,,,,,,,,,,,,,,,,,,,,,,,,,,,,,,,,,,,,,,,,,,,,,,,,,,,,,,,,,,,,,,,,,,,,,,,,,,,,,,,,,,,,,,,,,,,,,,,,,,,,,,,,,,,,,,,,,,,,,,,,,,,,,
1764665425.168545,28163,0,4377.436035,4404.102539,4509.743652,4540.769043,4397.436035,4508.589844,4545.641113,4397.563965,4582.820313,4407.692383,4501.922852,4520.769043,4562.436035,4393.333496,4398.846191,4502.05127,4533.461426,4532.94873,4504.743652,4379.871582,4382.820313,4548.333496,4516.410156,4486.153809,4379.230957,4567.05127,4380.512695,4544.230957,4496.153809,4397.563965,4522.179688,4500.769043,2835,1,24,768,39581,,,,0,4,4,4,4,4,4,4,4,4,4,4,4,4,4,4,4,4,4,4,4,4,4,4,4,4,4,4,4,4,4,4,4,100,,,,,,,,,,,,,,,,,,,,,,,,,,,,,,,,,,,,,,,,,,,,,,,,,,,,,,,,,,,,,,,,,,,,,,,,,,,,,,,,,,,,,,,,,,,,,,,,,,,,,,,,,,,,,,,,,,,,,,,,,,,,,,,,,,,,,,,,,,,,,,,,,,,,,,,,,,,,,,,,,,,,,,,,,,,,,,,,,,,,,,,,,,,,,,,,,,,,,,,,,,,,,,
1764665425.172451,28164,0,4386.794922,4407.563965,4513.205078,4543.461426,4401.282227,4512.820313,4551.282227,4400.769043,4581.922852,4404.487305,4503.461426,4526.410156,4568.974121,4400.384766,4402.94873,4506.538574,4538.077148,4538.077148,4511.666504,4385,4385.128418,4552.692383,4522.820313,4491.410156,4383.461426,4572.179688,4388.077148,4553.717773,4501.025879,4403.846191,4524.871582,4503.589844,2728,1,24,512,39589,,,,0,4,4,4,4,4,4,4,4,4,4,4,4,4,4,4,4,4,4,4,4,4,4,4,4,4,4,4,4,4,4,4,4,100,,,,,,,,,,,,,,,,,,,,,,,,,,,,,,,,,,,,,,,,,,,,,,,,,,,,,,,,,,,,,,,,,,,,,,,,,,,,,,,,,,,,,,,,,,,,,,,,,,,,,,,,,,,,,,,,,,,,,,,,,,,,,,,,,,,,,,,,,,,,,,,,,,,,,,,,,,,,,,,,,,,,,,,,,,,,,,,,,,,,,,,,,,,,,,,,,,,,,,,,,,,,,,
1764665425.176358,28165,0,4390,4403.717773,4507.94873,4537.307617,4399.102539,4513.974121,4550.641113,4400.128418,4575,4392.436035,4499.743652,4525.384766,4569.102539,4400.256348,4399.358887,4506.282227,4535.897461,4535.128418,4511.794922,4381.538574,4380.256348,4550.512695,4521.153809,4491.794922,4388.717773,4573.461426,4386.794922,4556.153809,4499.102539,4402.563965,4522.179688,4500.897461,2765,1,24,512,39589,,,,0,4,4,4,4,4,4,4,4,4,4,4,4,4,4,4,4,4,4,4,4,4,4,4,4,4,4,4,4,4,4,4,4,100,,,,,,,,,,,,,,,,,,,,,,,,,,,,,,,,,,,39809,0,0.018189,-0.694519,-0.719177,-0.009827,0.997192,0.033696,0.049811,20,0.666667,53.666668,,,,,,,,,,,,,,,,,,,,,,,,,,,,,,,,,,,,,,,,,,,,,,,,,,,,,,,,,,,,,,,,,,,,,,,,,,,,,,,,,,,,,,,,,,,,,,,,,,,,,,,,,,,,,,,,,,,,,,,,,,,,,,,,,,,,,,,,,,,,,,,,,,,,,,,,,,,,,,,,
1764665425.180264,28166,0,4384.871582,4394.615234,4499.102539,4526.538574,4391.794922,4511.025879,4543.461426,4396.794922,4566.922852,4377.563965,4493.077148,4517.692383,4562.436035,4393.717773,4388.461426,4500.256348,4527.692383,4524.102539,4503.077148,4369.743652,4369.615234,4541.922852,4511.538574,4486.153809,4389.230957,4567.94873,4376.538574,4549.102539,4491.922852,4394.358887,4514.358887,4494.230957,2773,1,24,768,39597,,,,0,4,4,4,4,4,4,4,4,4,4,4,4,4,4,4,4,4,4,4,4,4,4,4,4,4,4,4,4,4,4,4,4,100,,,,,,,,,,,,,,,,,,,,,,,,,,,,,,,,,,,,,,,,,,,,,,,,,,,,,,,,,,,,,,,,,,,,,,,,,,,,,,,,,,,,,,,,,,,,,,,,,,,,,,,,,,,,,,,,,,,,,,,,,,,,,,,,,,,,,,,,,,,,,,,,,,,,,,,,,,,,,,,,,,,,,,,,,,,,,,,,,,,,,,,,,,,,,,,,,,,,,,,,,,,,,,
1764665425.184171,28167,0,4375.128418,4385.128418,4492.307617,4517.94873,4383.589844,4505.128418,4533.846191,4392.692383,4562.563965,4367.436035,4486.922852,4507.436035,4552.94873,4385.128418,4375.256348,4490.897461,4518.077148,4510.512695,4491.538574,4355.897461,4358.717773,4532.05127,4499.743652,4477.179688,4382.563965,4556.922852,4362.692383,4536.922852,4484.358887,4383.717773,4503.846191,4487.05127,2959,1,24,768,39597,,,,0,4,4,4,4,4,4,4,4,4,4,4,4,4,4,4,4,4,4,4,4,4,4,4,4,4,4,4,4,4,4,4,4,100,,,,,,,,,,,,,,,,,,,,,,,,,,,,,,,,,,,,,,,,,,,,,,,,,,,,,,,,,,,,,,,,,,,,,,,,,,,,,,,,,,,,,,,,,,,,,,,,,,,,,,,,,,,,,,,,,,,,,,,,,,,,,,,,,,,,,,,,,,,,,,,,,,,,,,,,,,,,,,,,,,,,,,,,,,,,,,,,,,,,,,,,,,,,,,,,,,,,,,,,,,,,,,
1764665425.188077,28168,0,4367.94873,4381.410156,4490.769043,4516.538574,4380.256348,4500.128418,4528.205078,4390.384766,4564.358887,4366.794922,4484.871582,4501.153809,4547.307617,4380.512695,4366.538574,4483.461426,4514.230957,4503.077148,4486.794922,4348.333496,4355.256348,4528.461426,4493.333496,4471.538574,4372.692383,4546.410156,4353.974121,4528.589844,4481.538574,4377.179688,4495.897461,4483.205078,2841,1,24,1024,39605,,,,0,4,4,4,4,4,4,4,4,4,4,4,4,4,4,4,4,4,4,4,4,4,4,4,4,4,4,4,4,4,4,4,4,100,,,,,,,,,,,,,,,,,,,,,,,,,,,,,,,,,,,,,,,,,,,,,,,,,,,,,,,,,,,,,,,,,,,,,,,,,,,,,,,,,,,,,,,,,,,,,,,,,,,,,,,,,,,,,,,,,,,,,,,,,,,,,,,,,,,,,,,,,,,,,,,,,,,,,,,,,,,,,,,,,,,,,,,,,,,,,,,,,,,,,,,,,,,,,,,,,,,,,,,,,,,,,,
1764665425.191984,28169,0,4368.589844,4385.512695,4493.974121,4521.794922,4384.230957,4499.230957,4530.256348,4391.410156,4570.641113,4375.256348,4487.820313,4502.692383,4549.743652,4382.94873,4366.666504,4482.307617,4519.743652,4506.794922,4493.974121,4351.794922,4362.436035,4535.128418,4496.666504,4474.487305,4368.077148,4543.333496,4355.384766,4530.897461,4485.128418,4378.333496,4494.871582,4484.358887,2694,1,24,1024,39605,,,,0,4,4,4,4,4,4,4,4,4,4,4,4,4,4,4,4,4,4,4,4,4,4,4,4,4,4,4,4,4,4,4,4,100,,,,,,,,,,,,,,,,,,,,,,,,,,,,,,,,,,,39810,0,0.020504,-0.69458,-0.719055,-0.009888,0.993774,0.036626,0.035161,20.5,0.5,54.666668,,,,,,,,,,,,,,,,,,,,,,,,,,,,,,,,,,,,,,,,,,,,,,,,,,,,,,,,,,,,,,,,,,,,,,,,,,,,,,,,,,,,,,,,,,,,,,,,,,,,,,,,,,,,,,,,,,,,,,,,,,,,,,,,,,,,,,,,,,,,,,,,,,,,,,,,,,,,,,,,
1764665425.195890,28170,0,4375.897461,4393.461426,4497.94873,4527.94873,4391.922852,4501.794922,4537.179688,4393.589844,4576.666504,4386.153809,4493.077148,4510,4558.205078,4390.256348,4374.615234,4487.692383,4531.794922,4518.589844,4507.94873,4363.077148,4376.153809,4548.846191,4506.922852,4484.871582,4374.102539,4549.615234,4364.358887,4542.179688,4491.666504,4385.256348,4501.282227,4488.077148,1858,1,24,1280,39612,,,,0,4,4,4,4,4,4,4,4,4,4,4,4,4,4,4,4,4,4,4,4,4,4,4,4,4,4,4,4,4,4,4,4,100,,,,,,,,,,,,,,,,,,,,,,,,,,,,,,,,,,,,,,,,,,,,,,,,,,,,,,,,,,,,,,,,,,,,,,,,,,,,,,,,,,,,,,,,,,,,,,,,,,,,,,,,,,,,,,,,,,,,,,,,,,,,,,,,,,,,,,,,,,,,,,,,,,,,,,,,,,,,,,,,,,,,,,,,,,,,,,,,,,,,,,,,,,,,,,,,,,,,,,,,,,,,,,
1764665425.199797,28171,0,4383.077148,4398.589844,4499.230957,4528.589844,4396.538574,4504.358887,4542.307617,4393.589844,4578.333496,4392.307617,4496.794922,4517.307617,4566.666504,4397.05127,4384.615234,4495.641113,4543.077148,4529.743652,4517.692383,4374.102539,4387.307617,4562.05127,4516.922852,4496.410156,4388.077148,4560.769043,4373.205078,4553.974121,4496.153809,4391.538574,4510.256348,4490.256348,2669,1,24,1280,39612,,,,0,4,4,4,4,4,4,4,4,4,4,4,4,4,4,4,4,4,4,4,4,4,4,4,4,4,4,4,4,4,4,4,4,100,,,,,,,,,,,,,,,,,,,,,,,,,,,,,,,,,,,,,,,,,,,,,,,,,,,,,,,,,,,,,,,,,,,,,,,,,,,,,,,,,,,,,,,,,,,,,,,,,,,,,,,,,,,,,,,,,,,,,,,,,,,,,,,,,,,,,,,,,,,,,,,,,,,,,,,,,,,,,,,,,,,,,,,,,,,,,,,,,,,,,,,,,,,,,,,,,,,,,,,,,,,,,,
1764665425.203703,28172,0,4385.769043,4397.05127,4498.077148,4523.589844,4395.128418,4505,4541.922852,4391.282227,4576.410156,4391.538574,4497.692383,4520.769043,4570.769043,4400.256348,4391.794922,4501.794922,4548.589844,4534.358887,4516.794922,4379.358887,4390.897461,4568.846191,4521.410156,4503.205078,4402.307617,4570,4376.282227,4558.974121,4496.153809,4393.205078,4516.153809,4489.487305,2467,1,24,1536,39620,,,,0,4,4,4,4,4,4,4,4,4,4,4,4,4,4,4,4,4,4,4,4,4,4,4,4,4,4,4,4,4,4,4,4,100,,,,,,,,,,,,,,,,,,,,,,,,,,,,,,,,,,,,,,,,,,,,,,,,,,,,,,,,,,,,,,,,,,,,,,,,,,,,,,,,,,,,,,,,,,,,,,,,,,,,,,,,,,,,,,,,,,,,,,,,,,,,,,,,,,,,,,,,,,,,,,,,,,,,,,,,,,,,,,,,,,,,,,,,,,,,,,,,,,,,,,,,,,,,,,,,,,,,,,,,,,,,,,
1764665425.207609,28173,0,4384.487305,4391.794922,4497.820313,4518.846191,4391.025879,4505.384766,4538.717773,4390.384766,4576.025879,4388.205078,4498.077148,4520.769043,4571.794922,4401.153809,4395.128418,4505.256348,4549.743652,4533.717773,4508.461426,4379.743652,4389.871582,4569.358887,4520.897461,4504.871582,4410.128418,4575,4375,4557.05127,4493.717773,4391.282227,4517.692383,4487.94873,2182,1,24,1536,39620,,,,0,4,4,4,4,4,4,4,4,4,4,4,4,4,4,4,4,4,4,4,4,4,4,4,4,4,4,4,4,4,4,4,4,100,,,,,,,,,,,,,,,,,,,,,,,,,,,,,,,,,,,39811,0,0.018287,-0.694641,-0.719055,-0.009949,0.988402,0.040532,0.040532,20.333334,-0.333333,54.5,,,,,,,,,,,,,,,,,,,,,,,,,,,,,,,,,,,,,,,,,,,,,,,,,,,,,,,,,,,,,,,,,,,,,,,,,,,,,,,,,,,,,,,,,,,,,,,,,,,,,,,,,,,,,,,,,,,,,,,,,,,,,,,,,,,,,,,,,,,,,,,,,,,,,,,,,,,,,,,,
1764665425.211516,28174,0,4383.205078,4388.589844,4501.282227,4519.743652,4390,4507.436035,4537.94873,4393.717773,4580.769043,4388.205078,4500.384766,4520.384766,4572.820313,4402.820313,4396.922852,4507.692383,4551.153809,4533.717773,4502.436035,4380,4390.641113,4567.820313,4519.487305,4504.615234,4410.769043,4576.794922,4374.358887,4553.333496,4492.820313,4389.230957,4516.922852,4488.589844,2680,1,24,1792,39628,,,,0,4,4,4,4,4,4,4,4,4,4,4,4,4,4,4,4,4,4,4,4,4,4,4,4,4,4,4,4,4,4,4,4,100,,,,,,,,,,,,,,,,,,,,,,,,,,,,,,,,,,,,,,,,,,,,,,,,,,,,,,,,,,,,,,,,,,,,,,,,,,,,,,,,,,,,,,,,,,,,,,,,,,,,,,,,,,,,,,,,,,,,,,,,,,,,,,,,,,,,,,,,,,,,,,,,,,,,,,,,,,,,,,,,,,,,,,,,,,,,,,,,,,,,,,,,,,,,,,,,,,,,,,,,,,,,,,
1764665425.215422,28175,0,4383.717773,4389.358887,4506.153809,4525.384766,4393.333496,4510.641113,4541.153809,4399.487305,4588.205078,4392.820313,4503.461426,4520.641113,4575.384766,4405.769043,4398.846191,4510.512695,4554.871582,4538.077148,4504.615234,4383.077148,4396.025879,4566.922852,4519.615234,4504.487305,4407.820313,4577.179688,4377.307617,4552.307617,4494.102539,4388.333496,4516.025879,4491.282227,2468,1,24,1792,39628,,,,0,4,4,4,4,4,4,4,4,4,4,4,4,4,4,4,4,4,4,4,4,4,4,4,4,4,4,4,4,4,4,4,4,100,,,,,,,,,,,,,,,,,,,,,,,,,,,,,,,,,,,,,,,,,,,,,,,,,,,,,,,,,,,,,,,,,,,,,,,,,,,,,,,,,,,,,,,,,,,,,,,,,,,,,,,,,,,,,,,,,,,,,,,,,,,,,,,,,,,,,,,,,,,,,,,,,,,,,,,,,,,,,,,,,,,,,,,,,,,,,,,,,,,,,,,,,,,,,,,,,,,,,,,,,,,,,,
1764665425.219329,28176,0,4383.077148,4390.512695,4506.922852,4529.615234,4396.666504,4511.410156,4544.358887,4401.794922,4591.666504,4396.666504,4503.461426,4518.974121,4576.666504,4407.05127,4400.384766,4512.307617,4557.692383,4544.102539,4512.307617,4386.410156,4402.05127,4566.153809,4519.358887,4503.589844,4404.615234,4575.128418,4380.769043,4553.205078,4495.128418,4386.794922,4514.615234,4492.820313,2836,1,24,2048,39636,,,,0,4,4,4,4,4,4,4,4,4,4,4,4,4,4,4,4,4,4,4,4,4,4,4,4,4,4,4,4,4,4,4,4,100,,,,,,,,,,,,,,,,,,,,,,,,,,,,,,,,,,,,,,,,,,,,,,,,,,,,,,,,,,,,,,,,,,,,,,,,,,,,,,,,,,,,,,,,,,,,,,,,,,,,,,,,,,,,,,,,,,,,,,,,,,,,,,,,,,,,,,,,,,,,,,,,,,,,,,,,,,,,,,,,,,,,,,,,,,,,,,,,,,,,,,,,,,,,,,,,,,,,,,,,,,,,,,
1764665425.223235,28177,0,4377.94873,4386.922852,4500.512695,4527.436035,4394.230957,4506.282227,4541.282227,4396.666504,4586.538574,4393.717773,4497.307617,4513.205078,4572.94873,4403.461426,4400,4510,4554.230957,4546.410156,4517.563965,4385.512695,4403.077148,4562.563965,4515.769043,4499.487305,4401.282227,4569.230957,4379.102539,4551.922852,4492.05127,4382.307617,4510.641113,4489.230957,2893,1,24,2048,39636,,,,0,4,4,4,4,4,4,4,4,4,4,4,4,4,4,4,4,4,4,4,4,4,4,4,4,4,4,4,4,4,4,4,4,100,,,,,,,,,,,,,,,,,,,,,,,,,,,,,,,,,,,39812,0,0.020292,-0.69458,-0.719055,-0.010315,0.98889,0.043951,0.055183,20.166666,-1.333333,53.833332,,,,,,,,,,,,,,,,,,,,,,,,,,,,,,,,,,,,,,,,,,,,,,,,,,,,,,,,,,,,,,,,,,,,,,,,,,,,,,,,,,,,,,,,,,,,,,,,,,,,,,,,,,,,,,,,,,,,,,,,,,,,,,,,,,,,,,,,,,,,,,,,,,,,,,,,,,,,,,,,
1764665425.227142,28178,0,4368.205078,4377.692383,4489.871582,4520.128418,4385.384766,4495.897461,4530.769043,4386.025879,4574.102539,4382.692383,4486.794922,4504.230957,4563.846191,4395.512695,4397.179688,4502.94873,4543.589844,4542.692383,4515.128418,4378.974121,4397.436035,4555.769043,4508.461426,4492.563965,4396.025879,4560,4369.871582,4545.769043,4484.615234,4375.641113,4503.717773,4480.256348,1749,1,24,2304,39644,,,,0,4,4,4,4,4,4,4,4,4,4,4,4,4,4,4,4,4,4,4,4,4,4,4,4,4,4,4,4,4,4,4,4,100,,,,,,,,,,,,,,,,,,,,,,,,,,,,,,,,,,,,,,,,,,,,,,,,,,,,,,,,,,,,,,,,,,,,,,,,,,,,,,,,,,,,,,,,,,,,,,,,,,,,,,,,,,,,,,,,,,,,,,,,,,,,,,,,,,,,,,,,,,,,,,,,,,,,,,,,,,,,,,,,,,,,,,,,,,,,,,,,,,,,,,,,,,,,,,,,,,,,,,,,,,,,,,
1764665425.231048,28179,0,4359.102539,4367.692383,4481.922852,4513.589844,4375.256348,4485.769043,4518.461426,4376.538574,4561.666504,4369.487305,4477.179688,4496.666504,4553.205078,4387.05127,4393.461426,4494.230957,4531.410156,4535.769043,4507.307617,4370.641113,4389.743652,4549.230957,4500.897461,4486.282227,4388.589844,4551.282227,4357.820313,4537.179688,4476.794922,4370.897461,4496.282227,4470.512695,2913,1,24,2304,39644,,,,0,4,4,4,4,4,4,4,4,4,4,4,4,4,4,4,4,4,4,4,4,4,4,4,4,4,4,4,4,4,4,4,4,100,,,,,,,,,,,,,,,,,,,,,,,,,,,,,,,,,,,,,,,,,,,,,,,,,,,,,,,,,,,,,,,,,,,,,,,,,,,,,,,,,,,,,,,,,,,,,,,,,,,,,,,,,,,,,,,,,,,,,,,,,,,,,,,,,,,,,,,,,,,,,,,,,,,,,,,,,,,,,,,,,,,,,,,,,,,,,,,,,,,,,,,,,,,,,,,,,,,,,,,,,,,,,,
1764665425.234955,28180,0,4357.05127,4363.333496,4481.538574,4513.589844,4370.769043,4482.05127,4512.563965,4374.230957,4556.538574,4362.692383,4473.717773,4494.358887,4546.666504,4382.563965,4391.025879,4489.102539,4525.256348,4531.282227,4501.922852,4366.666504,4386.410156,4547.307617,4497.820313,4484.615234,4381.538574,4547.94873,4351.410156,4532.05127,4473.717773,4371.538574,4492.692383,4465.897461,2509,1,24,1280,39651,,,,0,4,4,4,4,4,4,4,4,4,4,4,4,4,4,4,4,4,4,4,4,4,4,4,4,4,4,4,4,4,4,4,4,100,,,,,,,,,,,,,,,,,,,,,,,,,,,,,,,,,,,,,,,,,,,,,,,,,,,,,,,,,,,,,,,,,,,,,,,,,,,,,,,,,,,,,,,,,,,,,,,,,,,,,,,,,,,,,,,,,,,,,,,,,,,,,,,,,,,,,,,,,,,,,,,,,,,,,,,,,,,,,,,,,,,,,,,,,,,,,,,,,,,,,,,,,,,,,,,,,,,,,,,,,,,,,,
1764665425.238861,28181,0,4364.871582,4368.077148,4488.846191,4521.282227,4375.512695,4487.692383,4517.94873,4380.384766,4561.538574,4367.820313,4478.846191,4498.205078,4547.820313,4383.589844,4391.538574,4490.769043,4528.717773,4532.436035,4504.230957,4370.384766,4390.641113,4551.794922,4501.666504,4488.717773,4379.230957,4552.307617,4355.897461,4534.743652,4477.820313,4378.077148,4496.666504,4470.641113,2790,1,24,1280,39651,,,,0,4,4,4,4,4,4,4,4,4,4,4,4,4,4,4,4,4,4,4,4,4,4,4,4,4,4,4,4,4,4,4,4,100,,,,,,,,,,,,,,,,,,,,,,,,,,,,,,,,,,,39813,0,0.020354,-0.69458,-0.719055,-0.010193,0.989867,0.031254,0.028812,21.166666,1.5,54.5,,,,,,,,,,,,,,,,,,,,,,,,,,,,,,,,,,,,,,,,,,,,,,,,,,,,,,,,,,,,,,,,,,,,,,,,,,,,,,,,,,,,,,,,,,,,,,,,,,,,,,,,,,,,,,,,,,,,,,,,,,,,,,,,,,,,,,,,,,,,,,,,,,,,,,,,,,,,,,,,
1764665425.242768,28182,0,4379.358887,4379.615234,4499.871582,4533.205078,4387.307617,4500.641113,4532.05127,4391.153809,4573.589844,4383.717773,4490.769043,4506.153809,4555.769043,4388.974121,4395.128418,4498.333496,4539.615234,4537.692383,4512.692383,4380.384766,4399.358887,4560.256348,4510.769043,4496.922852,4383.846191,4562.820313,4370.128418,4545.384766,4487.179688,4387.94873,4508.333496,4483.974121,2898,1,24,512,39659,,,,0,4,4,4,4,4,4,4,4,4,4,4,4,4,4,4,4,4,4,4,4,4,4,4,4,4,4,4,4,4,4,4,4,100,,,,,,,,,,,,,,,,,,,,,,,,,,,,,,,,,,,,,,,,,,,,,,,,,,,,,,,,,,,,,,,,,,,,,,,,,,,,,,,,,,,,,,,,,,,,,,,,,,,,,,,,,,,,,,,,,,,,,,,,,,,,,,,,,,,,,,,,,,,,,,,,,,,,,,,,,,,,,,,,,,,,,,,,,,,,,,,,,,,,,,,,,,,,,,,,,,,,,,,,,,,,,,
1764665425.246674,28183,0,4392.94873,4392.692383,4509.743652,4544.230957,4400.256348,4515.256348,4547.692383,4401.666504,4586.153809,4403.333496,4504.487305,4514.743652,4566.153809,4396.153809,4400.769043,4507.436035,4551.538574,4542.692383,4520.384766,4391.025879,4406.153809,4567.436035,4520.897461,4505.256348,4393.205078,4574.358887,4386.922852,4558.974121,4497.05127,4396.922852,4523.333496,4500,2808,1,24,512,39659,,,,0,4,4,4,4,4,4,4,4,4,4,4,4,4,4,4,4,4,4,4,4,4,4,4,4,4,4,4,4,4,4,4,4,100,,,,,,,,,,,,,,,,,,,,,,,,,,,,,,,,,,,,,,,,,,,,,,,,,,,,,,,,,,,,,,,,,,,,,,,,,,,,,,,,,,,,,,,,,,,,,,,,,,,,,,,,,,,,,,,,,,,,,,,,,,,,,,,,,,,,,,,,,,,,,,,,,,,,,,,,,,,,,,,,,,,,,,,,,,,,,,,,,,,,,,,,,,,,,,,,,,,,,,,,,,,,,,
1764665425.250581,28184,0,4399.487305,4401.666504,4515.128418,4550,4408.077148,4525.256348,4557.820313,4408.205078,4592.820313,4417.820313,4514.615234,4520.641113,4573.333496,4401.794922,4405.641113,4513.077148,4558.205078,4543.589844,4520.769043,4395.512695,4405.512695,4569.230957,4526.666504,4509.358887,4400.897461,4581.025879,4397.05127,4567.94873,4502.436035,4401.794922,4534.487305,4511.153809,2725,1,24,256,39667,,,,0,4,4,4,4,4,4,4,4,4,4,4,4,4,4,4,4,4,4,4,4,4,4,4,4,4,4,4,4,4,4,4,4,100,,,,,,,,,,,,,,,,,,,,,,,,,,,,,,,,,,,,,,,,,,,,,,,,,,,,,,,,,,,,,,,,,,,,,,,,,,,,,,,,,,,,,,,,,,,,,,,,,,,,,,,,,,,,,,,,,,,,,,,,,,,,,,,,,,,,,,,,,,,,,,,,,,,,,,,,,,,,,,,,,,,,,,,,,,,,,,,,,,,,,,,,,,,,,,,,,,,,,,,,,,,,,,
1764665425.254487,28185,0,4396.666504,4402.820313,4514.615234,4548.717773,4407.179688,4526.025879,4558.846191,4408.717773,4590.128418,4421.025879,4516.794922,4520.769043,4573.589844,4403.333496,4406.282227,4511.922852,4556.153809,4539.743652,4512.820313,4390.512695,4396.538574,4564.358887,4524.358887,4506.538574,4400.897461,4578.589844,4394.743652,4566.922852,4501.282227,4399.871582,4535.384766,4511.025879,2784,1,24,256,39667,,,,0,4,4,4,4,4,4,4,4,4,4,4,4,4,4,4,4,4,4,4,4,4,4,4,4,4,4,4,4,4,4,4,4,100,,,,,,,,,,,,,,,,,,,,,,,,,,,,,,,,,,,39814,0,0.018171,-0.69458,-0.719116,-0.01001,0.98889,0.048346,0.049322,18.5,1.666667,54.333332,,,,,,,,,,,,,,,,,,,,,,,,,,,,,,,,,,,,,,,,,,,,,,,,,,,,,,,,,,,,,,,,,,,,,,,,,,,,,,,,,,,,,,,,,,,,,,,,,,,,,,,,,,,,,,,,,,,,,,,,,,,,,,,,,,,,,,,,,,,,,,,,,,,,,,,,,,,,,,,,
1764665425.258394,28186,0,4386.922852,4395,4507.692383,4541.153809,4398.589844,4516.794922,4551.538574,4402.94873,4578.589844,4412.05127,4510.128418,4513.589844,4566.794922,4399.871582,4400.897461,4504.230957,4546.025879,4532.94873,4500.897461,4377.179688,4382.436035,4553.846191,4513.974121,4496.538574,4390.769043,4567.692383,4380.256348,4556.025879,4494.358887,4390.769043,4524.743652,4498.846191,1910,1,24,512,39675,,,,0,4,4,4,4,4,4,4,4,4,4,4,4,4,4,4,4,4,4,4,4,4,4,4,4,4,4,4,4,4,4,4,4,100,,,,,,,,,,,,,,,,,,,,,,,,,,,,,,,,,,,,,,,,,,,,,,,4.467324,4.891656,1.882019,1.632069,1.40256,4.16769,4.835161,1.819702,1.813537,1.713457,2.693378,3.664601,1.139533,2.141795,2.059435,1.963783,2.124768,0.713113,2.05114,1.651807,2.899495,3.016949,0.922439,1.508651,1.556581,4.239326,4.075818,1.314708,1.59582,1.340072,2.75936,2.601923,1.328057,1.469985,1.578488,2.024701,2.851337,0.850411,1.942638,1.750103,1.061491,1.345048,0.848164,1.704234,1.771325,1.816027,1.67823,0.516194,1.880565,2.483305,1.264163,1.369584,0.981854,0.867307,1.167214,4.52411,3.054489,1.390117,1.49572,1.369226,2.513352,1.581396,1.204184,1.075186,1.223486,1.223734,0.594226,0.690001,0.637686,1.017164,0.869683,0.619077,0.561886,0.827789,1.318625,1.684794,0.707574,0.995533,0.638967,1.018287,4.945001,3.919163,1.890517,1.599296,1.609626,2.823963,1.740909,1.199723,1.241956,1.782226,1.4537,2.59558,0.832097,0.905963,1.075408,1.698597,5.489966,1.194513,1.128392,1.596172,2.173077,7.114401,1.152114,1.662208,1.47888,3.657749,5.802967,2.00571,1.735876,1.674982,3.931073,3.409199,1.361527,1.520665,1.395137,3.176723,5.274432,1.476764,1.478187,1.626816,3.294815,5.142225,1.767995,2.926557,2.249016,3.270394,2.765215,1.136402,1.61999,1.753101,3.914876,4.235155,1.398529,1.811882,1.994339,4.398516,5.344674,1.778652,1.61591,1.658853,3.172078,2.2925,0.580385,0.948234,0.824738,4.093514,5.267025,0.884621,1.688263,1.869038,3.871195,4.058361,1.442956,1.731343,2.245252,3.309699,3.719179,1.103971,1.755248,2.162555
1764665425.262300,28187,0,4375.256348,4381.025879,4495.384766,4530.256348,4386.282227,4501.538574,4540,4392.307617,4563.077148,4395.897461,4497.820313,4501.153809,4555.897461,4393.077148,4391.153809,4493.333496,4532.179688,4525.128418,4490.512695,4361.282227,4368.461426,4541.025879,4499.743652,4482.436035,4374.743652,4553.333496,4360.769043,4540.384766,4484.743652,4376.922852,4507.179688,4479.871582,2597,1,24,512,39675,,,,0,4,4,4,4,4,4,4,4,4,4,4,4,4,4,4,4,4,4,4,4,4,4,4,4,4,4,4,4,4,4,4,4,100,,,,,,,,,,,,,,,,,,,,,,,,,,,,,,,,,,,,,,,,,,,,,,,,,,,,,,,,,,,,,,,,,,,,,,,,,,,,,,,,,,,,,,,,,,,,,,,,,,,,,,,,,,,,,,,,,,,,,,,,,,,,,,,,,,,,,,,,,,,,,,,,,,,,,,,,,,,,,,,,,,,,,,,,,,,,,,,,,,,,,,,,,,,,,,,,,,,,,,,,,,,,,,
1764665425.266207,28188,0,4366.410156,4367.05127,4482.563965,4520,4376.282227,4487.563965,4529.871582,4380.897461,4550.384766,4380.897461,4486.794922,4488.846191,4546.153809,4386.666504,4382.307617,4484.871582,4520.512695,4518.077148,4484.743652,4350,4359.615234,4530.641113,4488.589844,4470,4361.666504,4542.179688,4346.025879,4527.692383,4476.794922,4364.102539,4491.666504,4463.589844,2661,1,24,256,39683,,,,0,4,4,4,4,4,4,4,4,4,4,4,4,4,4,4,4,4,4,4,4,4,4,4,4,4,4,4,4,4,4,4,4,100,,,,,,,,,,,,,,,,,,,,,,,,,,,,,,,,,,,,,,,,,,,,,,,,,,,,,,,,,,,,,,,,,,,,,,,,,,,,,,,,,,,,,,,,,,,,,,,,,,,,,,,,,,,,,,,,,,,,,,,,,,,,,,,,,,,,,,,,,,,,,,,,,,,,,,,,,,,,,,,,,,,,,,,,,,,,,,,,,,,,,,,,,,,,,,,,,,,,,,,,,,,,,,
1764665425.270113,28189,0,4362.94873,4360.256348,4475.384766,4514.871582,4373.333496,4481.282227,4525.512695,4374.102539,4546.410156,4374.358887,4483.589844,4483.717773,4541.666504,4384.102539,4379.358887,4482.692383,4516.922852,4513.717773,4483.717773,4348.461426,4358.974121,4527.307617,4485.897461,4465.256348,4359.743652,4539.358887,4342.563965,4523.333496,4474.487305,4358.333496,4486.025879,4457.436035,2496,1,24,256,39683,,,,0,4,4,4,4,4,4,4,4,4,4,4,4,4,4,4,4,4,4,4,4,4,4,4,4,4,4,4,4,4,4,4,4,100,,,,,,,,,,,,,,,,,,,,,,,,,,,,,,,,,,,39815,0,0.020414,-0.69458,-0.719055,-0.010071,0.990355,0.035649,0.036626,19.5,-1.166667,53.333332,,,,,,,,,,,,,,,,,,,,,,,,,,,,,,,,,,,,,,,,,,,,,,,,,,,,,,,,,,,,,,,,,,,,,,,,,,,,,,,,,,,,,,,,,,,,,,,,,,,,,,,,,,,,,,,,,,,,,,,,,,,,,,,,,,,,,,,,,,,,,,,,,,,,,,,,,,,,,,,,
1764665425.274020,28190,0,4366.025879,4364.487305,4477.820313,4517.692383,4378.717773,4485.897461,4529.230957,4376.025879,4552.307617,4377.820313,4490.128418,4489.743652,4544.743652,4386.922852,4384.102539,4487.692383,4523.333496,4514.358887,4487.05127,4356.666504,4366.666504,4533.333496,4492.94873,4470.897461,4370.769043,4545.256348,4350.256348,4528.846191,4478.974121,4362.692383,4492.307617,4463.333496,2625,1,24,256,39691,,,,0,4,4,4,4,4,4,4,4,4,4,4,4,4,4,4,4,4,4,4,4,4,4,4,4,4,4,4,4,4,4,4,4,100,,,,,,,,,,,,,,,,,,,,,,,,,,,,,,,,,,,,,,,,,,,,,,,,,,,,,,,,,,,,,,,,,,,,,,,,,,,,,,,,,,,,,,,,,,,,,,,,,,,,,,,,,,,,,,,,,,,,,,,,,,,,,,,,,,,,,,,,,,,,,,,,,,,,,,,,,,,,,,,,,,,,,,,,,,,,,,,,,,,,,,,,,,,,,,,,,,,,,,,,,,,,,,
1764665425.277926,28191,0,4374.743652,4378.461426,4488.589844,4527.436035,4390.512695,4499.487305,4539.743652,4386.282227,4564.230957,4387.94873,4502.94873,4504.487305,4554.743652,4393.589844,4393.333496,4497.563965,4537.692383,4522.179688,4494.871582,4370.384766,4379.230957,4546.666504,4506.410156,4484.743652,4388.589844,4556.282227,4363.846191,4540.897461,4488.333496,4375,4506.410156,4477.05127,2786,1,24,256,39691,,,,0,4,4,4,4,4,4,4,4,4,4,4,4,4,4,4,4,4,4,4,4,4,4,4,4,4,4,4,4,4,4,4,4,100,,,,,,,,,,,,,,,,,,,,,,,,,,,,,,,,,,,,,,,,,,,,,,,,,,,,,,,,,,,,,,,,,,,,,,,,,,,,,,,,,,,,,,,,,,,,,,,,,,,,,,,,,,,,,,,,,,,,,,,,,,,,,,,,,,,,,,,,,,,,,,,,,,,,,,,,,,,,,,,,,,,,,,,,,,,,,,,,,,,,,,,,,,,,,,,,,,,,,,,,,,,,,,
1764665425.281733,28192,0,4386.025879,4395.641113,4501.538574,4539.615234,4403.846191,4515.128418,4552.563965,4400,4575.641113,4398.846191,4515,4520.384766,4567.94873,4400.897461,4401.538574,4507.307617,4554.487305,4535.769043,4506.282227,4383.205078,4391.666504,4561.282227,4520.256348,4500,4403.589844,4566.794922,4376.538574,4553.846191,4498.077148,4389.230957,4521.025879,4491.282227,2727,1,24,512,39698,,,,0,4,4,4,4,4,4,4,4,4,4,4,4,4,4,4,4,4,4,4,4,4,4,4,4,4,4,4,4,4,4,4,4,100,,,,,,,,,,,,,,,,,,,,,,,,,,,,,,,,,,,,,,,,,,,,,,,,,,,,,,,,,,,,,,,,,,,,,,,,,,,,,,,,,,,,,,,,,,,,,,,,,,,,,,,,,,,,,,,,,,,,,,,,,,,,,,,,,,,,,,,,,,,,,,,,,,,,,,,,,,,,,,,,,,,,,,,,,,,,,,,,,,,,,,,,,,,,,,,,,,,,,,,,,,,,,,
1764665425.285639,28193,0,4394.743652,4407.563965,4509.615234,4547.307617,4412.563965,4525,4561.794922,4409.230957,4581.282227,4405.384766,4520,4529.743652,4578.717773,4404.743652,4403.589844,4512.563965,4566.922852,4548.974121,4516.922852,4389.871582,4398.974121,4570.128418,4527.94873,4508.974121,4408.974121,4571.922852,4383.077148,4561.922852,4503.205078,4398.461426,4529.615234,4498.846191,2891,1,24,512,39698,,,,0,4,4,4,4,4,4,4,4,4,4,4,4,4,4,4,4,4,4,4,4,4,4,4,4,4,4,4,4,4,4,4,4,100,,,,,,,,,,,,,,,,,,,,,,,,,,,,,,,,,,,39816,0,0.018069,-0.69458,-0.719116,-0.010193,0.990355,0.035649,0.036626,20,0,53.666668,,,,,,,,,,,,,,,,,,,,,,,,,,,,,,,,,,,,,,,,,,,,,,,,,,,,,,,,,,,,,,,,,,,,,,,,,,,,,,,,,,,,,,,,,,,,,,,,,,,,,,,,,,,,,,,,,,,,,,,,,,,,,,,,,,,,,,,,,,,,,,,,,,,,,,,,,,,,,,,,
1764665425.289546,28194,0,4396.282227,4408.205078,4508.461426,4545.641113,4412.05127,4524.871582,4562.820313,4408.077148,4578.717773,4404.615234,4515.512695,4528.589844,4581.794922,4402.692383,4397.820313,4510.512695,4570,4553.846191,4521.025879,4387.94873,4398.461426,4569.358887,4526.282227,4507.179688,4403.205078,4569.487305,4381.153809,4562.05127,4501.538574,4397.94873,4528.974121,4496.153809,2564,1,24,768,39706,,,,0,4,4,4,4,4,4,4,4,4,4,4,4,4,4,4,4,4,4,4,4,4,4,4,4,4,4,4,4,4,4,4,4,100,,,,,,,,,,,,,,,,,,,,,,,,,,,,,,,,,,,,,,,,,,,,,,,,,,,,,,,,,,,,,,,,,,,,,,,,,,,,,,,,,,,,,,,,,,,,,,,,,,,,,,,,,,,,,,,,,,,,,,,,,,,,,,,,,,,,,,,,,,,,,,,,,,,,,,,,,,,,,,,,,,,,,,,,,,,,,,,,,,,,,,,,,,,,,,,,,,,,,,,,,,,,,,
1764665425.293452,28195,0,4389.358887,4397.436035,4499.102539,4535,4402.436035,4516.153809,4555.512695,4397.307617,4569.871582,4396.538574,4504.871582,4519.102539,4576.922852,4395.897461,4387.307617,4502.05127,4563.589844,4546.922852,4515.897461,4380,4391.153809,4560.384766,4516.922852,4496.794922,4391.025879,4561.025879,4373.077148,4555.384766,4494.615234,4388.717773,4520,4485.128418,2824,1,24,768,39706,,,,0,4,4,4,4,4,4,4,4,4,4,4,4,4,4,4,4,4,4,4,4,4,4,4,4,4,4,4,4,4,4,4,4,100,,,,,,,,,,,,,,,,,,,,,,,,,,,,,,,,,,,,,,,,,,,,,,,,,,,,,,,,,,,,,,,,,,,,,,,,,,,,,,,,,,,,,,,,,,,,,,,,,,,,,,,,,,,,,,,,,,,,,,,,,,,,,,,,,,,,,,,,,,,,,,,,,,,,,,,,,,,,,,,,,,,,,,,,,,,,,,,,,,,,,,,,,,,,,,,,,,,,,,,,,,,,,,
1764665425.297359,28196,0,4378.974121,4382.563965,4487.563965,4522.307617,4390.384766,4505.512695,4545,4384.615234,4560,4384.615234,4495,4508.589844,4568.717773,4388.589844,4378.205078,4492.179688,4553.589844,4532.94873,4505.641113,4371.666504,4382.563965,4550.512695,4506.666504,4485.769043,4380.897461,4552.179688,4364.871582,4547.563965,4487.307617,4377.307617,4509.102539,4472.820313,2721,1,24,1024,39714,,,,0,4,4,4,4,4,4,4,4,4,4,4,4,4,4,4,4,4,4,4,4,4,4,4,4,4,4,4,4,4,4,4,4,100,,,,,,,,,,,,,,,,,,,,,,,,,,,,,,,,,,,,,,,,,,,,,,,,,,,,,,,,,,,,,,,,,,,,,,,,,,,,,,,,,,,,,,,,,,,,,,,,,,,,,,,,,,,,,,,,,,,,,,,,,,,,,,,,,,,,,,,,,,,,,,,,,,,,,,,,,,,,,,,,,,,,,,,,,,,,,,,,,,,,,,,,,,,,,,,,,,,,,,,,,,,,,,
1764665425.301265,28197,0,4372.820313,4373.461426,4481.794922,4516.153809,4384.743652,4500.512695,4538.205078,4379.230957,4555.128418,4375.256348,4492.307617,4505.256348,4564.358887,4385.641113,4375.897461,4486.666504,4548.589844,4522.179688,4499.102539,4369.487305,4380.512695,4548.333496,4503.333496,4483.333496,4380.897461,4548.846191,4362.820313,4545.128418,4484.615234,4371.922852,4503.974121,4466.794922,2753,1,24,1024,39714,,,,0,4,4,4,4,4,4,4,4,4,4,4,4,4,4,4,4,4,4,4,4,4,4,4,4,4,4,4,4,4,4,4,4,100,,,,,,,,,,,,,,,,,,,,,,,,,,,,,,,,,,,39817,0,0.020261,-0.69458,-0.719055,-0.010376,0.992797,0.027347,0.050787,19.666666,0.166667,54.333332,,,,,,,,,,,,,,,,,,,,,,,,,,,,,,,,,,,,,,,,,,,,,,,,,,,,,,,,,,,,,,,,,,,,,,,,,,,,,,,,,,,,,,,,,,,,,,,,,,,,,,,,,,,,,,,,,,,,,,,,,,,,,,,,,,,,,,,,,,,,,,,,,,,,,,,,,,,,,,,,
1764665425.305172,28198,0,4376.282227,4376.025879,4486.025879,4521.153809,4390.128418,4504.743652,4539.615234,4385.256348,4558.846191,4374.871582,4497.94873,4512.05127,4568.333496,4389.102539,4381.410156,4489.743652,4553.717773,4523.846191,4503.461426,4376.282227,4389.102539,4558.589844,4510.769043,4493.205078,4393.333496,4554.615234,4370,4551.410156,4489.358887,4377.179688,4509.743652,4470.769043,2764,1,24,1280,39722,,,,0,4,4,4,4,4,4,4,4,4,4,4,4,4,4,4,4,4,4,4,4,4,4,4,4,4,4,4,4,4,4,4,4,100,,,,,,,,,,,,,,,,,,,,,,,,,,,,,,,,,,,,,,,,,,,,,,,,,,,,,,,,,,,,,,,,,,,,,,,,,,,,,,,,,,,,,,,,,,,,,,,,,,,,,,,,,,,,,,,,,,,,,,,,,,,,,,,,,,,,,,,,,,,,,,,,,,,,,,,,,,,,,,,,,,,,,,,,,,,,,,,,,,,,,,,,,,,,,,,,,,,,,,,,,,,,,,
1764665425.309078,28199,0,4388.717773,4388.717773,4498.717773,4533.974121,4403.077148,4516.666504,4548.333496,4399.230957,4570.384766,4385.128418,4508.077148,4525,4579.102539,4396.666504,4391.025879,4500,4568.077148,4538.717773,4518.205078,4390,4405.512695,4578.077148,4525.512695,4511.410156,4411.666504,4567.179688,4383.333496,4564.358887,4499.102539,4390,4524.102539,4482.307617,2948,1,24,1280,39722,,,,0,4,4,4,4,4,4,4,4,4,4,4,4,4,4,4,4,4,4,4,4,4,4,4,4,4,4,4,4,4,4,4,4,100,,,,,,,,,,,,,,,,,,,,,,,,,,,,,,,,,,,,,,,,,,,,,,,,,,,,,,,,,,,,,,,,,,,,,,,,,,,,,,,,,,,,,,,,,,,,,,,,,,,,,,,,,,,,,,,,,,,,,,,,,,,,,,,,,,,,,,,,,,,,,,,,,,,,,,,,,,,,,,,,,,,,,,,,,,,,,,,,,,,,,,,,,,,,,,,,,,,,,,,,,,,,,,
1764665425.312985,28200,0,4403.077148,4403.333496,4512.436035,4546.666504,4415.641113,4529.487305,4558.461426,4412.563965,4583.846191,4400.384766,4516.538574,4535.512695,4589.358887,4403.077148,4398.589844,4511.794922,4583.717773,4558.589844,4534.487305,4403.461426,4421.410156,4596.666504,4538.974121,4527.692383,4424.615234,4579.743652,4395.641113,4577.307617,4508.205078,4402.563965,4538.717773,4494.358887,2833,1,24,1536,39730,,,,0,4,4,4,4,4,4,4,4,4,4,4,4,4,4,4,4,4,4,4,4,4,4,4,4,4,4,4,4,4,4,4,4,100,,,,,,,,,,,,,,,,,,,,,,,,,,,,,,,,,,,,,,,,,,,,,,,,,,,,,,,,,,,,,,,,,,,,,,,,,,,,,,,,,,,,,,,,,,,,,,,,,,,,,,,,,,,,,,,,,,,,,,,,,,,,,,,,,,,,,,,,,,,,,,,,,,,,,,,,,,,,,,,,,,,,,,,,,,,,,,,,,,,,,,,,,,,,,,,,,,,,,,,,,,,,,,
1764665425.316891,28201,0,4409.871582,4410.769043,4519.102539,4550.769043,4419.230957,4535.641113,4563.205078,4417.563965,4591.666504,4410.641113,4518.205078,4536.153809,4590.897461,4402.94873,4399.358887,4517.307617,4590.897461,4570.512695,4541.538574,4408.846191,4427.563965,4603.205078,4542.692383,4532.563965,4423.205078,4585.256348,4400.256348,4582.820313,4511.025879,4407.307617,4544.615234,4498.974121,2685,1,24,1536,39730,,,,0,4,4,4,4,4,4,4,4,4,4,4,4,4,4,4,4,4,4,4,4,4,4,4,4,4,4,4,4,4,4,4,4,100,,,,,,,,,,,,,,,,,,,,,,,,,,,,,,,,,,,39818,0,0.020261,-0.69458,-0.719055,-0.010376,0.992797,0.027347,0.050787,18.5,-0.5,54.333332,,,,,,,,,,,,,,,,,,,,,,,,,,,,,,,,,,,,,,,,,,,,,,,,,,,,,,,,,,,,,,,,,,,,,,,,,,,,,,,,,,,,,,,,,,,,,,,,,,,,,,,,,,,,,,,,,,,,,,,,,,,,,,,,,,,,,,,,,,,,,,,,,,,,,,,,,,,,,,,,
1764665425.320798,28202,0,4404.615234,4406.666504,4514.615234,4543.333496,4411.282227,4531.410156,4559.230957,4411.025879,4588.846191,4408.205078,4512.05127,4526.410156,4580.897461,4395,4392.563965,4512.307617,4583.846191,4566.153809,4533.974121,4402.94873,4420.384766,4593.333496,4534.743652,4522.692383,4407.436035,4580.256348,4394.230957,4577.05127,4506.025879,4401.410156,4537.436035,4492.94873,1851,1,24,1792,39737,,,,0,4,4,4,4,4,4,4,4,4,4,4,4,4,4,4,4,4,4,4,4,4,4,4,4,4,4,4,4,4,4,4,4,100,,,,,,,,,,,,,,,,,,,,,,,,,,,,,,,,,,,,,,,,,,,,,,,,,,,,,,,,,,,,,,,,,,,,,,,,,,,,,,,,,,,,,,,,,,,,,,,,,,,,,,,,,,,,,,,,,,,,,,,,,,,,,,,,,,,,,,,,,,,,,,,,,,,,,,,,,,,,,,,,,,,,,,,,,,,,,,,,,,,,,,,,,,,,,,,,,,,,,,,,,,,,,,
1764665425.324704,28203,0,4390.384766,4394.102539,4501.538574,4528.589844,4395.384766,4519.230957,4548.974121,4396.794922,4576.282227,4394.102539,4501.410156,4512.179688,4564.230957,4382.820313,4382.05127,4499.230957,4565.769043,4547.692383,4516.538574,4388.589844,4403.846191,4572.436035,4520.256348,4503.846191,4386.794922,4567.179688,4381.025879,4563.461426,4496.666504,4388.589844,4520.897461,4479.871582,2673,1,24,1792,39737,,,,0,4,4,4,4,4,4,4,4,4,4,4,4,4,4,4,4,4,4,4,4,4,4,4,4,4,4,4,4,4,4,4,4,100,,,,,,,,,,,,,,,,,,,,,,,,,,,,,,,,,,,,,,,,,,,,,,,,,,,,,,,,,,,,,,,,,,,,,,,,,,,,,,,,,,,,,,,,,,,,,,,,,,,,,,,,,,,,,,,,,,,,,,,,,,,,,,,,,,,,,,,,,,,,,,,,,,,,,,,,,,,,,,,,,,,,,,,,,,,,,,,,,,,,,,,,,,,,,,,,,,,,,,,,,,,,,,
1764665425.328611,28204,0,4376.282227,4381.538574,4487.307617,4515.256348,4380.256348,4506.153809,4538.205078,4383.205078,4561.025879,4377.820313,4491.922852,4501.025879,4550.128418,4372.692383,4373.974121,4486.025879,4545.897461,4526.282227,4500.384766,4373.717773,4386.794922,4552.436035,4508.077148,4486.282227,4373.589844,4553.077148,4367.563965,4549.871582,4488.974121,4375.897461,4504.487305,4467.692383,2464,1,24,2048,39745,,,,0,4,4,4,4,4,4,4,4,4,4,4,4,4,4,4,4,4,4,4,4,4,4,4,4,4,4,4,4,4,4,4,4,100,,,,,,,,,,,,,,,,,,,,,,,,,,,,,,,,,,,,,,,,,,,,,,,,,,,,,,,,,,,,,,,,,,,,,,,,,,,,,,,,,,,,,,,,,,,,,,,,,,,,,,,,,,,,,,,,,,,,,,,,,,,,,,,,,,,,,,,,,,,,,,,,,,,,,,,,,,,,,,,,,,,,,,,,,,,,,,,,,,,,,,,,,,,,,,,,,,,,,,,,,,,,,,
1764665425.332517,28205,0,4370.897461,4376.282227,4480,4511.025879,4373.205078,4498.974121,4532.307617,4377.692383,4552.05127,4370.256348,4488.333496,4497.820313,4546.153809,4369.871582,4372.820313,4480.769043,4534.615234,4513.974121,4494.102539,4365.512695,4377.563965,4542.94873,4505,4478.717773,4374.743652,4545.128418,4361.025879,4543.717773,4487.179688,4370.256348,4497.563965,4464.102539,2181,1,24,2048,39745,,,,0,4,4,4,4,4,4,4,4,4,4,4,4,4,4,4,4,4,4,4,4,4,4,4,4,4,4,4,4,4,4,4,4,100,,,,,,,,,,,,,,,,,,,,,,,,,,,,,,,,,,,39819,0,0.018117,-0.694641,-0.719055,-0.010254,0.99768,0.030765,0.044927,19.333334,-0.166667,54.666668,,,,,,,,,,,,,,,,,,,,,,,,,,,,,,,,,,,,,,,,,,,,,,,,,,,,,,,,,,,,,,,,,,,,,,,,,,,,,,,,,,,,,,,,,,,,,,,,,,,,,,,,,,,,,,,,,,,,,,,,,,,,,,,,,,,,,,,,,,,,,,,,,,,,,,,,,,,,,,,,
1764665425.336424,28206,0,4376.410156,4381.153809,4483.589844,4517.05127,4377.05127,4500.769043,4533.461426,4382.179688,4555,4375.769043,4492.563965,4503.333496,4552.820313,4374.615234,4379.230957,4486.025879,4536.410156,4516.153809,4498.461426,4366.666504,4379.102539,4546.538574,4511.410156,4483.333496,4387.94873,4546.794922,4364.358887,4547.05127,4491.153809,4374.743652,4502.94873,4471.025879,2679,1,24,2304,39753,,,,0,4,4,4,4,4,4,4,4,4,4,4,4,4,4,4,4,4,4,4,4,4,4,4,4,4,4,4,4,4,4,4,4,100,,,,,,,,,,,,,,,,,,,,,,,,,,,,,,,,,,,,,,,,,,,,,,,,,,,,,,,,,,,,,,,,,,,,,,,,,,,,,,,,,,,,,,,,,,,,,,,,,,,,,,,,,,,,,,,,,,,,,,,,,,,,,,,,,,,,,,,,,,,,,,,,,,,,,,,,,,,,,,,,,,,,,,,,,,,,,,,,,,,,,,,,,,,,,,,,,,,,,,,,,,,,,,
1764665425.340330,28207,0,4388.717773,4392.692383,4495.641113,4528.333496,4388.205078,4509.615234,4539.871582,4392.820313,4567.820313,4389.871582,4502.307617,4514.358887,4564.743652,4383.333496,4389.615234,4497.307617,4547.820313,4528.846191,4507.179688,4374.487305,4387.692383,4557.820313,4521.922852,4495.384766,4404.230957,4555.641113,4375.256348,4555.769043,4497.692383,4386.282227,4516.025879,4484.743652,2464,1,24,2304,39753,,,,0,4,4,4,4,4,4,4,4,4,4,4,4,4,4,4,4,4,4,4,4,4,4,4,4,4,4,4,4,4,4,4,4,100,,,,,,,,,,,,,,,,,,,,,,,,,,,,,,,,,,,,,,,,,,,,,,,,,,,,,,,,,,,,,,,,,,,,,,,,,,,,,,,,,,,,,,,,,,,,,,,,,,,,,,,,,,,,,,,,,,,,,,,,,,,,,,,,,,,,,,,,,,,,,,,,,,,,,,,,,,,,,,,,,,,,,,,,,,,,,,,,,,,,,,,,,,,,,,,,,,,,,,,,,,,,,,
1764665425.344237,28208,0,4400.256348,4405,4508.589844,4537.05127,4400.128418,4520.384766,4547.94873,4403.077148,4582.179688,4403.205078,4512.563965,4525,4574.230957,4390.512695,4398.717773,4506.794922,4560.769043,4542.436035,4513.205078,4382.563965,4396.153809,4568.974121,4529.615234,4507.436035,4414.615234,4565.384766,4387.179688,4563.461426,4502.94873,4398.589844,4528.974121,4498.461426,2834,1,24,1536,39761,,,,0,4,4,4,4,4,4,4,4,4,4,4,4,4,4,4,4,4,4,4,4,4,4,4,4,4,4,4,4,4,4,4,4,100,,,,,,,,,,,,,,,,,,,,,,,,,,,,,,,,,,,,,,,,,,,,,,,,,,,,,,,,,,,,,,,,,,,,,,,,,,,,,,,,,,,,,,,,,,,,,,,,,,,,,,,,,,,,,,,,,,,,,,,,,,,,,,,,,,,,,,,,,,,,,,,,,,,,,,,,,,,,,,,,,,,,,,,,,,,,,,,,,,,,,,,,,,,,,,,,,,,,,,,,,,,,,,
1764665425.348143,28209,0,4405.256348,4412.820313,4514.743652,4538.077148,4406.666504,4528.077148,4553.717773,4408.077148,4587.94873,4408.333496,4518.461426,4530.128418,4577.179688,4393.205078,4403.077148,4509.230957,4568.077148,4548.333496,4513.205078,4385.384766,4398.589844,4574.358887,4530.384766,4513.333496,4415.256348,4570.512695,4393.974121,4566.025879,4504.871582,4405.641113,4536.153809,4506.666504,2887,1,24,1536,39761,,,,0,4,4,4,4,4,4,4,4,4,4,4,4,4,4,4,4,4,4,4,4,4,4,4,4,4,4,4,4,4,4,4,4,100,,,,,,,,,,,,,,,,,,,,,,,,,,,,,,,,,,,39820,0,0.018048,-0.694641,-0.719055,-0.010376,1.007447,0.033696,0.044927,19.333334,-0.166667,54.666668,,,,,,,,,,,,,,,,,,,,,,,,,,,,,,,,,,,,,,,,,,,,,,,,,,,,,,,,,,,,,,,,,,,,,,,,,,,,,,,,,,,,,,,,,,,,,,,,,,,,,,,,,,,,,,,,,,,,,,,,,,,,,,,,,,,,,,,,,,,,,,,,,,,,,,,,,,,,,,,,
1764665425.352050,28210,0,4402.692383,4413.974121,4511.153809,4531.922852,4405.897461,4529.871582,4555,4406.666504,4580.384766,4403.974121,4517.436035,4527.820313,4574.230957,4391.282227,4401.922852,4503.974121,4567.05127,4544.230957,4508.077148,4380.897461,4393.974121,4572.307617,4525.384766,4511.025879,4408.589844,4567.94873,4392.563965,4562.563965,4503.717773,4405,4536.153809,4506.666504,1747,1,24,768,39769,,,,0,4,4,4,4,4,4,4,4,4,4,4,4,4,4,4,4,4,4,4,4,4,4,4,4,4,4,4,4,4,4,4,4,100,,,,,,,,,,,,,,,,,,,,,,,,,,,,,,,,,,,,,,,,,,,,,,,,,,,,,,,,,,,,,,,,,,,,,,,,,,,,,,,,,,,,,,,,,,,,,,,,,,,,,,,,,,,,,,,,,,,,,,,,,,,,,,,,,,,,,,,,,,,,,,,,,,,,,,,,,,,,,,,,,,,,,,,,,,,,,,,,,,,,,,,,,,,,,,,,,,,,,,,,,,,,,,
1764665425.355956,28211,0,4395.769043,4408.846191,4500.897461,4523.589844,4399.743652,4526.282227,4551.666504,4401.025879,4563.974121,4394.487305,4511.025879,4520.256348,4569.230957,4387.820313,4396.538574,4495,4560,4533.974121,4501.410156,4372.05127,4385,4564.743652,4518.589844,4502.436035,4399.743652,4559.743652,4383.589844,4555.769043,4500.897461,4397.692383,4530.512695,4500,2910,1,24,768,39769,,,,0,4,4,4,4,4,4,4,4,4,4,4,4,4,4,4,4,4,4,4,4,4,4,4,4,4,4,4,4,4,4,4,4,100,,,,,,,,,,,,,,,,,,,,,,,,,,,,,,,,,,,,,,,,,,,,,,,,,,,,,,,,,,,,,,,,,,,,,,,,,,,,,,,,,,,,,,,,,,,,,,,,,,,,,,,,,,,,,,,,,,,,,,,,,,,,,,,,,,,,,,,,,,,,,,,,,,,,,,,,,,,,,,,,,,,,,,,,,,,,,,,,,,,,,,,,,,,,,,,,,,,,,,,,,,,,,,
1764665425.359863,28212,0,4389.102539,4400.641113,4491.153809,4518.717773,4392.179688,4520.128418,4545.128418,4394.230957,4549.230957,4385.256348,4503.717773,4511.538574,4565.512695,4385.512695,4389.102539,4488.205078,4551.666504,4523.846191,4496.153809,4363.461426,4376.538574,4555.641113,4514.102539,4492.05127,4391.922852,4551.282227,4371.410156,4548.974121,4498.205078,4388.333496,4522.563965,4491.410156,2512,1,24,512,39776,,,,0,4,4,4,4,4,4,4,4,4,4,4,4,4,4,4,4,4,4,4,4,4,4,4,4,4,4,4,4,4,4,4,4,100,,,,,,,,,,,,,,,,,,,,,,,,,,,,,,,,,,,,,,,,,,,,,,,,,,,,,,,,,,,,,,,,,,,,,,,,,,,,,,,,,,,,,,,,,,,,,,,,,,,,,,,,,,,,,,,,,,,,,,,,,,,,,,,,,,,,,,,,,,,,,,,,,,,,,,,,,,,,,,,,,,,,,,,,,,,,,,,,,,,,,,,,,,,,,,,,,,,,,,,,,,,,,,
1764665425.363769,28213,0,4385.769043,4393.846191,4488.589844,4520.128418,4387.563965,4515.512695,4538.717773,4389.487305,4545.256348,4379.102539,4500.128418,4506.794922,4564.871582,4386.153809,4382.179688,4487.692383,4546.410156,4519.102539,4494.358887,4360.128418,4372.692383,4549.358887,4513.589844,4485,4386.922852,4547.820313,4362.563965,4545.128418,4496.538574,4381.538574,4516.153809,4486.538574,2789,1,24,512,39776,,,,0,4,4,4,4,4,4,4,4,4,4,4,4,4,4,4,4,4,4,4,4,4,4,4,4,4,4,4,4,4,4,4,4,100,,,,,,,,,,,,,,,,,,,,,,,,,,,,,,,,,,,39821,0,0.018083,-0.694641,-0.719055,-0.010315,1.003052,0.033207,0.041021,19.666666,1.333333,55.5,,,,,,,,,,,,,,,,,,,,,,,,,,,,,,,,,,,,,,,,,,,,,,,,,,,,,,,,,,,,,,,,,,,,,,,,,,,,,,,,,,,,,,,,,,,,,,,,,,,,,,,,,,,,,,,,,,,,,,,,,,,,,,,,,,,,,,,,,,,,,,,,,,,,,,,,,,,,,,,,
1764665425.367676,28214,0,4387.179688,4392.179688,4494.487305,4526.538574,4388.077148,4515.128418,4536.153809,4388.333496,4553.717773,4376.922852,4502.307617,4508.205078,4566.794922,4389.358887,4378.717773,4493.077148,4546.410156,4521.282227,4495.897461,4363.461426,4374.871582,4549.102539,4516.282227,4484.743652,4385.128418,4551.538574,4362.179688,4545.641113,4496.538574,4380.769043,4514.358887,4488.589844,2895,1,24,512,39784,,,,0,4,4,4,4,4,4,4,4,4,4,4,4,4,4,4,4,4,4,4,4,4,4,4,4,4,4,4,4,4,4,4,4,100,,,,,,,,,,,,,,,,,,,,,,,,,,,,,,,,,,,,,,,,,,,,,,,,,,,,,,,,,,,,,,,,,,,,,,,,,,,,,,,,,,,,,,,,,,,,,,,,,,,,,,,,,,,,,,,,,,,,,,,,,,,,,,,,,,,,,,,,,,,,,,,,,,,,,,,,,,,,,,,,,,,,,,,,,,,,,,,,,,,,,,,,,,,,,,,,,,,,,,,,,,,,,,
1764665425.371582,28215,0,4391.922852,4396.538574,4504.615234,4533.717773,4392.820313,4518.589844,4539.487305,4391.025879,4568.333496,4378.846191,4508.589844,4515.384766,4570.128418,4393.461426,4380.256348,4500.897461,4551.025879,4528.205078,4499.487305,4371.410156,4381.153809,4554.358887,4520.256348,4491.153809,4387.179688,4560.256348,4370.641113,4549.743652,4498.077148,4385.897461,4518.333496,4496.538574,2814,1,24,512,39784,,,,0,4,4,4,4,4,4,4,4,4,4,4,4,4,4,4,4,4,4,4,4,4,4,4,4,4,4,4,4,4,4,4,4,100,,,,,,,,,,,,,,,,,,,,,,,,,,,,,,,,,,,,,,,,,,,,,,,,,,,,,,,,,,,,,,,,,,,,,,,,,,,,,,,,,,,,,,,,,,,,,,,,,,,,,,,,,,,,,,,,,,,,,,,,,,,,,,,,,,,,,,,,,,,,,,,,,,,,,,,,,,,,,,,,,,,,,,,,,,,,,,,,,,,,,,,,,,,,,,,,,,,,,,,,,,,,,,
1764665425.375489,28216,0,4398.077148,4404.102539,4512.692383,4538.077148,4399.102539,4523.077148,4547.307617,4396.282227,4580.512695,4385.128418,4515.512695,4525.128418,4573.589844,4397.05127,4385.641113,4506.794922,4557.436035,4535.641113,4503.205078,4379.743652,4387.820313,4562.179688,4524.358887,4500.384766,4393.205078,4569.230957,4383.333496,4555.384766,4500.512695,4394.358887,4526.153809,4505.897461,2725,1,24,512,39792,,,,0,4,4,4,4,4,4,4,4,4,4,4,4,4,4,4,4,4,4,4,4,4,4,4,4,4,4,4,4,4,4,4,4,100,,,,,,,,,,,,,,,,,,,,,,,,,,,,,,,,,,,,,,,,,,,,,,,,,,,,,,,,,,,,,,,,,,,,,,,,,,,,,,,,,,,,,,,,,,,,,,,,,,,,,,,,,,,,,,,,,,,,,,,,,,,,,,,,,,,,,,,,,,,,,,,,,,,,,,,,,,,,,,,,,,,,,,,,,,,,,,,,,,,,,,,,,,,,,,,,,,,,,,,,,,,,,,
1764665425.379395,28217,0,4403.717773,4411.153809,4515.512695,4539.615234,4404.487305,4526.153809,4555.897461,4402.563965,4585.897461,4395.897461,4520.128418,4534.102539,4576.410156,4399.487305,4391.410156,4508.846191,4563.077148,4540.769043,4506.666504,4384.871582,4392.436035,4568.717773,4528.205078,4507.563965,4401.538574,4574.487305,4393.589844,4561.282227,4503.589844,4401.922852,4534.230957,4511.282227,2789,1,24,512,39792,,,,0,4,4,4,4,4,4,4,4,4,4,4,4,4,4,4,4,4,4,4,4,4,4,4,4,4,4,4,4,4,4,4,4,100,,,,,,,,,,,,,,,,,,,,,,,,,,,,,,,,,,,39822,0,0.020396,-0.694641,-0.718994,-0.010254,1.004517,0.036137,0.042974,17.666666,0.166667,56,,,,,,,,,,,,,,,,,,,,,,,,,,,,,,,,,,,,,,,,,,,,,,,,,,,,,,,,,,,,,,,,,,,,,,,,,,,,,,,,,,,,,,,,,,,,,,,,,,,,,,,,,,,,,,,,,,,,,,,,,,,,,,,,,,,,,,,,,,,,,,,,,,,,,,,,,,,,,,,,
1764665425.383302,28218,0,4408.333496,4415.256348,4515,4541.922852,4408.717773,4527.436035,4562.05127,4408.974121,4586.410156,4408.846191,4521.538574,4539.743652,4578.461426,4401.410156,4394.487305,4508.205078,4567.563965,4544.230957,4510.384766,4386.153809,4394.615234,4572.436035,4532.179688,4510.128418,4408.846191,4575.128418,4397.692383,4566.794922,4506.794922,4406.538574,4539.102539,4510.897461,1912,1,24,512,39800,,,,0,4,4,4,4,4,4,4,4,4,4,4,4,4,4,4,4,4,4,4,4,4,4,4,4,4,4,4,4,4,4,4,4,100,,,,,,,,,,,,,,,,,,,,,,,,,,,,,,,,,,,,,,,,,,,,,,,3.552051,4.061249,2.127228,1.426391,1.39736,3.810733,3.958987,2.248377,1.716887,1.711932,2.761415,3.131492,1.332627,2.034015,2.012872,1.772457,1.861673,0.897587,1.943754,1.589857,2.72884,2.450464,1.229205,1.384018,1.465136,3.4759,3.575722,1.743158,1.478559,1.340183,2.288599,2.061631,1.491201,1.344507,1.574577,1.811956,2.360735,1.04891,1.763638,1.712829,0.958399,1.13845,1.058752,1.601016,1.733571,1.716671,1.420136,0.749832,1.496313,2.426974,1.061525,1.151183,1.108127,0.765368,1.157557,3.787588,2.378587,1.486139,1.377321,1.408798,2.053392,1.492763,1.276771,1.023332,1.182679,1.136972,0.583388,0.72802,0.62156,1.039745,0.839125,0.50845,0.560804,0.823028,1.314593,1.486532,0.696216,0.920277,0.585596,0.98724,3.947865,3.367343,2.081676,1.381808,1.633402,2.360867,1.70825,1.142081,1.173688,1.876775,1.226258,2.285088,0.798411,0.816999,1.16009,1.52139,4.301235,1.255507,1.009863,1.610631,1.901651,5.495938,1.252401,1.420791,1.510602,3.071033,5.047223,2.241787,1.533534,1.715034,3.063972,2.819554,1.573005,1.367474,1.405902,2.722127,4.288238,1.65875,1.334238,1.615521,2.832913,4.215344,2.173313,2.418205,2.217561,3.195878,2.31611,1.080525,1.485483,1.763923,3.383834,3.491464,1.730116,1.696754,1.948031,3.785673,4.314504,2.105922,1.467903,1.671233,2.514339,1.803579,0.706713,0.871015,0.813212,3.734384,4.429399,1.040454,1.484257,1.86276,3.320691,3.284288,1.630644,1.664972,2.264565,3.112238,3.143158,1.283336,1.606636,2.203115
1764665425.387208,28219,0,4411.922852,4416.666504,4515.897461,4547.820313,4412.692383,4527.692383,4564.487305,4414.230957,4586.538574,4419.358887,4519.743652,4540.897461,4579.871582,4402.692383,4394.358887,4507.436035,4571.410156,4548.333496,4515.128418,4385.897461,4396.025879,4573.846191,4536.025879,4508.974121,4412.307617,4573.717773,4396.922852,4571.538574,4510.256348,4408.333496,4540.641113,4507.692383,2597,1,24,512,39800,,,,0,4,4,4,4,4,4,4,4,4,4,4,4,4,4,4,4,4,4,4,4,4,4,4,4,4,4,4,4,4,4,4,4,100,,,,,,,,,,,,,,,,,,,,,,,,,,,,,,,,,,,,,,,,,,,,,,,,,,,,,,,,,,,,,,,,,,,,,,,,,,,,,,,,,,,,,,,,,,,,,,,,,,,,,,,,,,,,,,,,,,,,,,,,,,,,,,,,,,,,,,,,,,,,,,,,,,,,,,,,,,,,,,,,,,,,,,,,,,,,,,,,,,,,,,,,,,,,,,,,,,,,,,,,,,,,,,
1764665425.391115,28220,0,4413.846191,4416.794922,4520.256348,4555.641113,4416.666504,4527.436035,4563.461426,4416.538574,4588.205078,4422.692383,4515.897461,4537.94873,4579.743652,4402.563965,4392.179688,4507.94873,4574.615234,4552.820313,4520.256348,4385.897461,4398.077148,4574.358887,4538.589844,4507.05127,4410.256348,4572.820313,4395,4574.358887,4512.692383,4408.589844,4540.256348,4505.769043,2662,1,24,768,39808,,,,0,4,4,4,4,4,4,4,4,4,4,4,4,4,4,4,4,4,4,4,4,4,4,4,4,4,4,4,4,4,4,4,4,100,,,,,,,,,,,,,,,,,,,,,,,,,,,,,,,,,,,,,,,,,,,,,,,,,,,,,,,,,,,,,,,,,,,,,,,,,,,,,,,,,,,,,,,,,,,,,,,,,,,,,,,,,,,,,,,,,,,,,,,,,,,,,,,,,,,,,,,,,,,,,,,,,,,,,,,,,,,,,,,,,,,,,,,,,,,,,,,,,,,,,,,,,,,,,,,,,,,,,,,,,,,,,,
1764665425.395021,28221,0,4413.461426,4416.282227,4525.128418,4559.871582,4418.589844,4526.410156,4559.871582,4413.589844,4588.974121,4417.179688,4511.025879,4532.307617,4577.179688,4400.641113,4388.846191,4508.846191,4575.512695,4554.871582,4523.333496,4386.410156,4400.641113,4574.615234,4538.589844,4506.282227,4404.230957,4573.846191,4394.615234,4574.358887,4512.307617,4407.563965,4539.615234,4506.666504,2498,1,24,768,39808,,,,0,4,4,4,4,4,4,4,4,4,4,4,4,4,4,4,4,4,4,4,4,4,4,4,4,4,4,4,4,4,4,4,4,100,,,,,,,,,,,,,,,,,,,,,,,,,,,,,,,,,,,39823,0,0.018083,-0.694641,-0.719055,-0.010315,0.998657,0.040532,0.040532,20.166666,0.166667,54.333332,,,,,,,,,,,,,,,,,,,,,,,,,,,,,,,,,,,,,,,,,,,,,,,,,,,,,,,,,,,,,,,,,,,,,,,,,,,,,,,,,,,,,,,,,,,,,,,,,,,,,,,,,,,,,,,,,,,,,,,,,,,,,,,,,,,,,,,,,,,,,,,,,,,,,,,,,,,,,,,,
1764665425.398928,28222,0,4410.512695,4414.743652,4525.769043,4556.538574,4416.666504,4524.487305,4555,4405.769043,4585.641113,4406.666504,4506.666504,4526.282227,4572.307617,4397.94873,4385.128418,4508.333496,4572.692383,4552.05127,4522.436035,4386.538574,4402.05127,4574.743652,4535.641113,4506.538574,4397.563965,4575.256348,4395.256348,4571.025879,4508.589844,4404.743652,4539.358887,4508.461426,2627,1,24,1024,39816,,,,0,4,4,4,4,4,4,4,4,4,4,4,4,4,4,4,4,4,4,4,4,4,4,4,4,4,4,4,4,4,4,4,4,100,,,,,,,,,,,,,,,,,,,,,,,,,,,,,,,,,,,,,,,,,,,,,,,,,,,,,,,,,,,,,,,,,,,,,,,,,,,,,,,,,,,,,,,,,,,,,,,,,,,,,,,,,,,,,,,,,,,,,,,,,,,,,,,,,,,,,,,,,,,,,,,,,,,,,,,,,,,,,,,,,,,,,,,,,,,,,,,,,,,,,,,,,,,,,,,,,,,,,,,,,,,,,,
1764665425.402834,28223,0,4405.897461,4411.794922,4520.384766,4547.05127,4411.282227,4522.307617,4550.384766,4397.05127,4577.436035,4397.436035,4504.230957,4521.794922,4567.563965,4395.897461,4381.666504,4506.410156,4567.05127,4545.256348,4518.205078,4385.128418,4401.025879,4574.230957,4531.538574,4506.922852,4394.102539,4574.487305,4395.128418,4565.641113,4503.589844,4399.743652,4538.974121,4508.717773,2788,1,24,1024,39816,,,,0,4,4,4,4,4,4,4,4,4,4,4,4,4,4,4,4,4,4,4,4,4,4,4,4,4,4,4,4,4,4,4,4,100,,,,,,,,,,,,,,,,,,,,,,,,,,,,,,,,,,,,,,,,,,,,,,,,,,,,,,,,,,,,,,,,,,,,,,,,,,,,,,,,,,,,,,,,,,,,,,,,,,,,,,,,,,,,,,,,,,,,,,,,,,,,,,,,,,,,,,,,,,,,,,,,,,,,,,,,,,,,,,,,,,,,,,,,,,,,,,,,,,,,,,,,,,,,,,,,,,,,,,,,,,,,,,
1764665425.406740,28224,0,4401.538574,4407.563965,4512.05127,4538.205078,4405.897461,4521.153809,4547.94873,4392.820313,4568.589844,4394.871582,4504.102539,4519.743652,4565.384766,4395.641113,4379.743652,4504.487305,4561.153809,4538.846191,4513.846191,4383.077148,4398.589844,4573.077148,4528.461426,4506.538574,4396.410156,4571.153809,4393.077148,4561.538574,4500.128418,4394.230957,4537.820313,4507.05127,2734,1,24,1280,39823,,,,0,4,4,4,4,4,4,4,4,4,4,4,4,4,4,4,4,4,4,4,4,4,4,4,4,4,4,4,4,4,4,4,4,100,,,,,,,,,,,,,,,,,,,,,,,,,,,,,,,,,,,,,,,,,,,,,,,,,,,,,,,,,,,,,,,,,,,,,,,,,,,,,,,,,,,,,,,,,,,,,,,,,,,,,,,,,,,,,,,,,,,,,,,,,,,,,,,,,,,,,,,,,,,,,,,,,,,,,,,,,,,,,,,,,,,,,,,,,,,,,,,,,,,,,,,,,,,,,,,,,,,,,,,,,,,,,,
1764665425.410647,28225,0,4399.230957,4403.717773,4506.282227,4536.153809,4404.102539,4521.666504,4548.974121,4395.769043,4564.358887,4399.230957,4505.897461,4520.256348,4566.538574,4396.410156,4380.897461,4504.487305,4558.205078,4537.436035,4512.692383,4381.666504,4397.05127,4572.05127,4527.692383,4505.769043,4404.230957,4567.307617,4389.871582,4560.897461,4499.871582,4390.897461,4536.153809,4504.743652,2896,1,24,1280,39823,,,,0,4,4,4,4,4,4,4,4,4,4,4,4,4,4,4,4,4,4,4,4,4,4,4,4,4,4,4,4,4,4,4,4,100,,,,,,,,,,,,,,,,,,,,,,,,,,,,,,,,,,,39824,0,0.018,-0.69458,-0.719116,-0.010315,1.000122,0.036626,0.053229,19,-0.166667,52.166668,,,,,,,,,,,,,,,,,,,,,,,,,,,,,,,,,,,,,,,,,,,,,,,,,,,,,,,,,,,,,,,,,,,,,,,,,,,,,,,,,,,,,,,,,,,,,,,,,,,,,,,,,,,,,,,,,,,,,,,,,,,,,,,,,,,,,,,,,,,,,,,,,,,,,,,,,,,,,,,,
1764665425.414553,28226,0,4398.974121,4401.666504,4507.05127,4542.307617,4407.05127,4523.205078,4552.563965,4403.717773,4567.692383,4406.410156,4508.589844,4522.692383,4570.128418,4397.307617,4385.256348,4506.794922,4558.974121,4542.94873,4516.666504,4383.205078,4398.461426,4572.692383,4528.974121,4505.897461,4415,4566.794922,4387.94873,4563.589844,4502.307617,4391.410156,4535.256348,4503.717773,2565,1,24,1536,39831,,,,0,4,4,4,4,4,4,4,4,4,4,4,4,4,4,4,4,4,4,4,4,4,4,4,4,4,4,4,4,4,4,4,4,100,,,,,,,,,,,,,,,,,,,,,,,,,,,,,,,,,,,,,,,,,,,,,,,,,,,,,,,,,,,,,,,,,,,,,,,,,,,,,,,,,,,,,,,,,,,,,,,,,,,,,,,,,,,,,,,,,,,,,,,,,,,,,,,,,,,,,,,,,,,,,,,,,,,,,,,,,,,,,,,,,,,,,,,,,,,,,,,,,,,,,,,,,,,,,,,,,,,,,,,,,,,,,,
1764665425.418460,28227,0,4400.384766,4402.563965,4514.102539,4552.179688,4413.461426,4524.615234,4556.538574,4411.538574,4576.794922,4411.025879,4511.282227,4525.769043,4574.102539,4398.461426,4391.538574,4510.897461,4563.205078,4553.333496,4524.102539,4388.077148,4402.94873,4575.897461,4531.410156,4508.077148,4425.384766,4571.538574,4389.743652,4567.94873,4505.384766,4395.384766,4536.410156,4504.358887,2828,1,24,1536,39831,,,,0,4,4,4,4,4,4,4,4,4,4,4,4,4,4,4,4,4,4,4,4,4,4,4,4,4,4,4,4,4,4,4,4,100,,,,,,,,,,,,,,,,,,,,,,,,,,,,,,,,,,,,,,,,,,,,,,,,,,,,,,,,,,,,,,,,,,,,,,,,,,,,,,,,,,,,,,,,,,,,,,,,,,,,,,,,,,,,,,,,,,,,,,,,,,,,,,,,,,,,,,,,,,,,,,,,,,,,,,,,,,,,,,,,,,,,,,,,,,,,,,,,,,,,,,,,,,,,,,,,,,,,,,,,,,,,,,
1764665425.422366,28228,0,4402.179688,4405.256348,4522.94873,4558.846191,4419.358887,4524.743652,4558.333496,4414.358887,4586.025879,4409.230957,4513.077148,4527.307617,4576.794922,4399.743652,4396.410156,4515,4568.333496,4563.333496,4530.769043,4394.487305,4408.205078,4580.769043,4533.461426,4512.307617,4432.563965,4579.743652,4394.743652,4571.025879,4506.922852,4400.256348,4540.256348,4506.025879,2726,1,24,1792,39839,,,,0,4,4,4,4,4,4,4,4,4,4,4,4,4,4,4,4,4,4,4,4,4,4,4,4,4,4,4,4,4,4,4,4,100,,,,,,,,,,,,,,,,,,,,,,,,,,,,,,,,,,,,,,,,,,,,,,,,,,,,,,,,,,,,,,,,,,,,,,,,,,,,,,,,,,,,,,,,,,,,,,,,,,,,,,,,,,,,,,,,,,,,,,,,,,,,,,,,,,,,,,,,,,,,,,,,,,,,,,,,,,,,,,,,,,,,,,,,,,,,,,,,,,,,,,,,,,,,,,,,,,,,,,,,,,,,,,
1764665425.426273,28229,0,4402.307617,4406.025879,4526.538574,4556.922852,4420.897461,4522.692383,4556.282227,4409.358887,4589.230957,4400.512695,4511.666504,4525.769043,4576.666504,4400.512695,4396.410156,4516.666504,4570.641113,4566.666504,4531.922852,4397.94873,4410.128418,4583.589844,4532.820313,4516.025879,4434.102539,4586.025879,4399.358887,4570.512695,4505.897461,4401.922852,4543.974121,4505.641113,2755,1,24,1792,39839,,,,0,4,4,4,4,4,4,4,4,4,4,4,4,4,4,4,4,4,4,4,4,4,4,4,4,4,4,4,4,4,4,4,4,100,,,,,,,,,,,,,,,,,,,,,,,,,,,,,,,,,,,39825,0,0.017929,-0.69458,-0.719116,-0.010437,1.002075,0.030765,0.040532,18.666666,-1.5,54.166668,,,,,,,,,,,,,,,,,,,,,,,,,,,,,,,,,,,,,,,,,,,,,,,,,,,,,,,,,,,,,,,,,,,,,,,,,,,,,,,,,,,,,,,,,,,,,,,,,,,,,,,,,,,,,,,,,,,,,,,,,,,,,,,,,,,,,,,,,,,,,,,,,,,,,,,,,,,,,,,,
1764665425.430179,28230,0,4398.589844,4400.897461,4520.128418,4545.641113,4415.384766,4517.436035,4549.871582,4397.05127,4582.94873,4387.179688,4505.384766,4520.128418,4573.205078,4399.487305,4390.641113,4514.102539,4566.922852,4560.512695,4525.641113,4394.743652,4405.769043,4579.871582,4527.820313,4515.641113,4428.589844,4585.384766,4398.461426,4565,4502.307617,4397.307617,4542.692383,4500.897461,2767,1,24,2048,39847,,,,0,4,4,4,4,4,4,4,4,4,4,4,4,4,4,4,4,4,4,4,4,4,4,4,4,4,4,4,4,4,4,4,4,100,,,,,,,,,,,,,,,,,,,,,,,,,,,,,,,,,,,,,,,,,,,,,,,,,,,,,,,,,,,,,,,,,,,,,,,,,,,,,,,,,,,,,,,,,,,,,,,,,,,,,,,,,,,,,,,,,,,,,,,,,,,,,,,,,,,,,,,,,,,,,,,,,,,,,,,,,,,,,,,,,,,,,,,,,,,,,,,,,,,,,,,,,,,,,,,,,,,,,,,,,,,,,,
1764665425.434086,28231,0,4391.025879,4389.230957,4505.256348,4529.487305,4404.102539,4509.615234,4540.641113,4381.666504,4569.358887,4374.230957,4495.512695,4511.282227,4566.666504,4395.897461,4382.05127,4507.820313,4557.179688,4547.820313,4514.615234,4385.512695,4395.384766,4569.615234,4519.615234,4509.487305,4417.179688,4577.692383,4390.256348,4555.769043,4497.307617,4387.692383,4534.230957,4492.05127,2951,1,24,2048,39847,,,,0,4,4,4,4,4,4,4,4,4,4,4,4,4,4,4,4,4,4,4,4,4,4,4,4,4,4,4,4,4,4,4,4,100,,,,,,,,,,,,,,,,,,,,,,,,,,,,,,,,,,,,,,,,,,,,,,,,,,,,,,,,,,,,,,,,,,,,,,,,,,,,,,,,,,,,,,,,,,,,,,,,,,,,,,,,,,,,,,,,,,,,,,,,,,,,,,,,,,,,,,,,,,,,,,,,,,,,,,,,,,,,,,,,,,,,,,,,,,,,,,,,,,,,,,,,,,,,,,,,,,,,,,,,,,,,,,
1764665425.437992,28232,0,4382.94873,4376.410156,4489.230957,4516.153809,4392.436035,4501.922852,4532.563965,4370.384766,4556.153809,4367.820313,4487.179688,4502.820313,4559.871582,4391.538574,4376.538574,4501.538574,4546.410156,4536.025879,4506.025879,4375.641113,4384.487305,4557.820313,4512.692383,4500.897461,4405.256348,4568.589844,4379.358887,4547.563965,4492.94873,4378.846191,4522.820313,4483.077148,2837,1,24,2304,39855,,,,0,4,4,4,4,4,4,4,4,4,4,4,4,4,4,4,4,4,4,4,4,4,4,4,4,4,4,4,4,4,4,4,4,100,,,,,,,,,,,,,,,,,,,,,,,,,,,,,,,,,,,,,,,,,,,,,,,,,,,,,,,,,,,,,,,,,,,,,,,,,,,,,,,,,,,,,,,,,,,,,,,,,,,,,,,,,,,,,,,,,,,,,,,,,,,,,,,,,,,,,,,,,,,,,,,,,,,,,,,,,,,,,,,,,,,,,,,,,,,,,,,,,,,,,,,,,,,,,,,,,,,,,,,,,,,,,,
1764665425.441899,28233,0,4379.743652,4370.897461,4481.282227,4512.179688,4387.820313,4498.589844,4530.256348,4368.717773,4551.922852,4372.307617,4486.666504,4499.230957,4556.666504,4390.384766,4379.743652,4500,4541.666504,4532.307617,4505,4372.179688,4379.358887,4552.436035,4511.794922,4495.641113,4400.128418,4565.769043,4373.589844,4545.769043,4491.666504,4377.94873,4516.922852,4479.871582,2686,1,24,2304,39855,,,,0,4,4,4,4,4,4,4,4,4,4,4,4,4,4,4,4,4,4,4,4,4,4,4,4,4,4,4,4,4,4,4,4,100,,,,,,,,,,,,,,,,,,,,,,,,,,,,,,,,,,,39826,0,0.017785,-0.69458,-0.719116,-0.010681,1.002075,0.030765,0.040532,17.666666,1.333333,52.666668,,,,,,,,,,,,,,,,,,,,,,,,,,,,,,,,,,,,,,,,,,,,,,,,,,,,,,,,,,,,,,,,,,,,,,,,,,,,,,,,,,,,,,,,,,,,,,,,,,,,,,,,,,,,,,,,,,,,,,,,,,,,,,,,,,,,,,,,,,,,,,,,,,,,,,,,,,,,,,,,
1764665425.445805,28234,0,4384.230957,4376.922852,4486.282227,4518.974121,4393.077148,4501.666504,4535.769043,4377.05127,4560.128418,4386.538574,4495.641113,4502.307617,4559.358887,4394.615234,4391.025879,4504.743652,4545.384766,4537.94873,4510.897461,4377.94873,4382.820313,4556.410156,4518.333496,4497.563965,4405.256348,4572.179688,4377.692383,4552.179688,4494.487305,4386.666504,4521.666504,4485.641113,1848,1,24,2560,39862,,,,0,4,4,4,4,4,4,4,4,4,4,4,4,4,4,4,4,4,4,4,4,4,4,4,4,4,4,4,4,4,4,4,4,100,,,,,,,,,,,,,,,,,,,,,,,,,,,,,,,,,,,,,,,,,,,,,,,,,,,,,,,,,,,,,,,,,,,,,,,,,,,,,,,,,,,,,,,,,,,,,,,,,,,,,,,,,,,,,,,,,,,,,,,,,,,,,,,,,,,,,,,,,,,,,,,,,,,,,,,,,,,,,,,,,,,,,,,,,,,,,,,,,,,,,,,,,,,,,,,,,,,,,,,,,,,,,,
1764665425.449712,28235,0,4393.333496,4390.128418,4499.743652,4531.794922,4403.974121,4508.846191,4545,4389.743652,4575.128418,4403.333496,4508.974121,4509.743652,4566.025879,4401.922852,4403.589844,4512.820313,4553.846191,4547.307617,4517.692383,4388.846191,4391.153809,4565.256348,4528.077148,4504.615234,4416.153809,4583.717773,4388.461426,4562.05127,4500,4399.615234,4534.358887,4497.307617,2671,1,24,2560,39862,,,,0,4,4,4,4,4,4,4,4,4,4,4,4,4,4,4,4,4,4,4,4,4,4,4,4,4,4,4,4,4,4,4,4,100,,,,,,,,,,,,,,,,,,,,,,,,,,,,,,,,,,,,,,,,,,,,,,,,,,,,,,,,,,,,,,,,,,,,,,,,,,,,,,,,,,,,,,,,,,,,,,,,,,,,,,,,,,,,,,,,,,,,,,,,,,,,,,,,,,,,,,,,,,,,,,,,,,,,,,,,,,,,,,,,,,,,,,,,,,,,,,,,,,,,,,,,,,,,,,,,,,,,,,,,,,,,,,
1764665425.453618,28236,0,4400.641113,4400.897461,4511.282227,4542.179688,4411.282227,4514.743652,4550.641113,4398.077148,4586.282227,4413.589844,4516.922852,4516.025879,4571.410156,4406.666504,4409.358887,4518.974121,4559.358887,4552.436035,4519.358887,4396.538574,4397.179688,4570.641113,4533.846191,4510.128418,4423.461426,4592.05127,4397.94873,4568.205078,4504.615234,4408.205078,4546.153809,4507.820313,2465,1,24,1792,39870,,,,0,4,4,4,4,4,4,4,4,4,4,4,4,4,4,4,4,4,4,4,4,4,4,4,4,4,4,4,4,4,4,4,4,100,,,,,,,,,,,,,,,,,,,,,,,,,,,,,,,,,,,,,,,,,,,,,,,,,,,,,,,,,,,,,,,,,,,,,,,,,,,,,,,,,,,,,,,,,,,,,,,,,,,,,,,,,,,,,,,,,,,,,,,,,,,,,,,,,,,,,,,,,,,,,,,,,,,,,,,,,,,,,,,,,,,,,,,,,,,,,,,,,,,,,,,,,,,,,,,,,,,,,,,,,,,,,,
1764665425.457525,28237,0,4400,4402.05127,4512.05127,4543.717773,4408.333496,4514.487305,4547.436035,4396.538574,4585.769043,4411.410156,4513.205078,4515.256348,4570.384766,4404.358887,4405,4519.102539,4557.05127,4549.487305,4514.487305,4394.871582,4395.769043,4566.794922,4530.897461,4508.461426,4420.256348,4591.153809,4399.230957,4565.897461,4504.871582,4406.410156,4548.846191,4510,2180,1,24,1792,39870,,,,0,4,4,4,4,4,4,4,4,4,4,4,4,4,4,4,4,4,4,4,4,4,4,4,4,4,4,4,4,4,4,4,4,100,,,,,,,,,,,,,,,,,,,,,,,,,,,,,,,,,,,39827,0,0.017821,-0.69458,-0.719116,-0.01062,0.989379,0.034672,0.044439,19.5,1.166667,53.666668,,,,,,,,,,,,,,,,,,,,,,,,,,,,,,,,,,,,,,,,,,,,,,,,,,,,,,,,,,,,,,,,,,,,,,,,,,,,,,,,,,,,,,,,,,,,,,,,,,,,,,,,,,,,,,,,,,,,,,,,,,,,,,,,,,,,,,,,,,,,,,,,,,,,,,,,,,,,,,,,
1764665425.461431,28238,0,4390.641113,4392.94873,4501.538574,4535.769043,4395.512695,4507.179688,4535.512695,4385.641113,4573.461426,4397.436035,4499.102539,4506.153809,4562.05127,4395.128418,4393.589844,4512.94873,4547.179688,4540,4506.153809,4384.358887,4387.307617,4554.615234,4520.128418,4498.717773,4407.179688,4581.153809,4391.025879,4555.897461,4500,4395.128418,4540.897461,4502.05127,2683,1,24,1024,39878,,,,0,4,4,4,4,4,4,4,4,4,4,4,4,4,4,4,4,4,4,4,4,4,4,4,4,4,4,4,4,4,4,4,4,100,,,,,,,,,,,,,,,,,,,,,,,,,,,,,,,,,,,,,,,,,,,,,,,,,,,,,,,,,,,,,,,,,,,,,,,,,,,,,,,,,,,,,,,,,,,,,,,,,,,,,,,,,,,,,,,,,,,,,,,,,,,,,,,,,,,,,,,,,,,,,,,,,,,,,,,,,,,,,,,,,,,,,,,,,,,,,,,,,,,,,,,,,,,,,,,,,,,,,,,,,,,,,,
1764665425.465338,28239,0,4376.666504,4379.358887,4486.025879,4522.436035,4379.230957,4495.641113,4520.384766,4371.410156,4556.282227,4378.333496,4482.94873,4492.05127,4550.128418,4383.461426,4381.025879,4503.077148,4533.589844,4528.589844,4498.077148,4370.641113,4376.153809,4540,4506.538574,4484.871582,4390.641113,4567.820313,4377.692383,4542.692383,4491.410156,4380.641113,4526.922852,4487.436035,2465,1,24,1024,39878,,,,0,4,4,4,4,4,4,4,4,4,4,4,4,4,4,4,4,4,4,4,4,4,4,4,4,4,4,4,4,4,4,4,4,100,,,,,,,,,,,,,,,,,,,,,,,,,,,,,,,,,,,,,,,,,,,,,,,,,,,,,,,,,,,,,,,,,,,,,,,,,,,,,,,,,,,,,,,,,,,,,,,,,,,,,,,,,,,,,,,,,,,,,,,,,,,,,,,,,,,,,,,,,,,,,,,,,,,,,,,,,,,,,,,,,,,,,,,,,,,,,,,,,,,,,,,,,,,,,,,,,,,,,,,,,,,,,,
1764665425.469244,28240,0,4364.743652,4368.461426,4473.461426,4509.743652,4367.820313,4485.512695,4508.333496,4361.282227,4542.692383,4363.333496,4472.820313,4479.487305,4540,4375.384766,4371.922852,4493.589844,4521.282227,4519.102539,4492.820313,4360.512695,4366.922852,4528.974121,4496.538574,4472.820313,4377.94873,4558.461426,4365.641113,4532.307617,4482.692383,4370.256348,4514.230957,4473.846191,2837,1,24,1280,39886,,,,0,4,4,4,4,4,4,4,4,4,4,4,4,4,4,4,4,4,4,4,4,4,4,4,4,4,4,4,4,4,4,4,4,100,,,,,,,,,,,,,,,,,,,,,,,,,,,,,,,,,,,,,,,,,,,,,,,,,,,,,,,,,,,,,,,,,,,,,,,,,,,,,,,,,,,,,,,,,,,,,,,,,,,,,,,,,,,,,,,,,,,,,,,,,,,,,,,,,,,,,,,,,,,,,,,,,,,,,,,,,,,,,,,,,,,,,,,,,,,,,,,,,,,,,,,,,,,,,,,,,,,,,,,,,,,,,,
1764665425.473151,28241,0,4359.615234,4364.871582,4469.230957,4503.205078,4365.512695,4481.410156,4503.717773,4359.102539,4538.205078,4358.205078,4472.436035,4474.102539,4536.025879,4374.487305,4368.077148,4487.820313,4514.358887,4513.589844,4490.512695,4357.307617,4362.436035,4525.128418,4494.102539,4467.05127,4372.820313,4556.922852,4360.128418,4528.461426,4477.179688,4368.333496,4508.333496,4468.205078,2889,1,24,1280,39886,,,,0,4,4,4,4,4,4,4,4,4,4,4,4,4,4,4,4,4,4,4,4,4,4,4,4,4,4,4,4,4,4,4,4,100,,,,,,,,,,,,,,,,,,,,,,,,,,,,,,,,,,,39828,0,0.020124,-0.694519,-0.719116,-0.010498,0.989867,0.041997,0.040044,19.5,1.166667,53.666668,,,,,,,,,,,,,,,,,,,,,,,,,,,,,,,,,,,,,,,,,,,,,,,,,,,,,,,,,,,,,,,,,,,,,,,,,,,,,,,,,,,,,,,,,,,,,,,,,,,,,,,,,,,,,,,,,,,,,,,,,,,,,,,,,,,,,,,,,,,,,,,,,,,,,,,,,,,,,,,,
1764665425.477057,28242,0,4361.922852,4368.205078,4474.230957,4505,4371.666504,4485.256348,4507.307617,4364.871582,4543.077148,4362.820313,4478.589844,4477.563965,4539.358887,4380,4369.102539,4486.794922,4514.615234,4511.666504,4491.153809,4360.128418,4363.077148,4528.333496,4499.230957,4469.102539,4374.871582,4562.692383,4361.794922,4531.282227,4477.820313,4374.358887,4510.128418,4473.461426,1749,1,24,256,39894,,,,0,4,4,4,4,4,4,4,4,4,4,4,4,4,4,4,4,4,4,4,4,4,4,4,4,4,4,4,4,4,4,4,4,100,,,,,,,,,,,,,,,,,,,,,,,,,,,,,,,,,,,,,,,,,,,,,,,,,,,,,,,,,,,,,,,,,,,,,,,,,,,,,,,,,,,,,,,,,,,,,,,,,,,,,,,,,,,,,,,,,,,,,,,,,,,,,,,,,,,,,,,,,,,,,,,,,,,,,,,,,,,,,,,,,,,,,,,,,,,,,,,,,,,,,,,,,,,,,,,,,,,,,,,,,,,,,,
1764665425.480964,28243,0,4369.743652,4375.769043,4485.641113,4513.974121,4382.179688,4495,4516.410156,4374.487305,4553.077148,4371.922852,4485.769043,4487.692383,4547.563965,4387.692383,4374.230957,4489.871582,4521.794922,4512.820313,4494.358887,4365.897461,4367.436035,4535.769043,4508.077148,4477.179688,4380.641113,4572.179688,4368.333496,4538.974121,4484.615234,4384.230957,4517.436035,4486.666504,2913,1,24,256,39894,,,,0,4,4,4,4,4,4,4,4,4,4,4,4,4,4,4,4,4,4,4,4,4,4,4,4,4,4,4,4,4,4,4,4,100,,,,,,,,,,,,,,,,,,,,,,,,,,,,,,,,,,,,,,,,,,,,,,,,,,,,,,,,,,,,,,,,,,,,,,,,,,,,,,,,,,,,,,,,,,,,,,,,,,,,,,,,,,,,,,,,,,,,,,,,,,,,,,,,,,,,,,,,,,,,,,,,,,,,,,,,,,,,,,,,,,,,,,,,,,,,,,,,,,,,,,,,,,,,,,,,,,,,,,,,,,,,,,
1764665425.484870,28244,0,4380.256348,4385,4499.871582,4526.666504,4393.205078,4506.410156,4527.692383,4384.358887,4563.717773,4379.615234,4490.897461,4500.641113,4557.436035,4394.102539,4381.666504,4495.384766,4533.717773,4517.436035,4499.615234,4372.436035,4373.974121,4545,4517.05127,4487.563965,4387.563965,4581.410156,4376.794922,4548.974121,4494.871582,4393.974121,4527.05127,4501.922852,2513,1,24,512,39901,,,,0,4,4,4,4,4,4,4,4,4,4,4,4,4,4,4,4,4,4,4,4,4,4,4,4,4,4,4,4,4,4,4,4,100,,,,,,,,,,,,,,,,,,,,,,,,,,,,,,,,,,,,,,,,,,,,,,,,,,,,,,,,,,,,,,,,,,,,,,,,,,,,,,,,,,,,,,,,,,,,,,,,,,,,,,,,,,,,,,,,,,,,,,,,,,,,,,,,,,,,,,,,,,,,,,,,,,,,,,,,,,,,,,,,,,,,,,,,,,,,,,,,,,,,,,,,,,,,,,,,,,,,,,,,,,,,,,
1764665425.488777,28245,0,4391.282227,4395.256348,4513.589844,4539.743652,4403.589844,4516.282227,4538.461426,4393.333496,4572.820313,4384.102539,4494.487305,4512.563965,4566.282227,4397.94873,4389.487305,4501.538574,4547.820313,4525.897461,4506.282227,4378.846191,4381.153809,4554.358887,4524.487305,4496.666504,4394.615234,4588.589844,4386.410156,4559.358887,4505.256348,4402.05127,4537.307617,4513.461426,2794,1,24,512,39901,,,,0,4,4,4,4,4,4,4,4,4,4,4,4,4,4,4,4,4,4,4,4,4,4,4,4,4,4,4,4,4,4,4,4,100,,,,,,,,,,,,,,,,,,,,,,,,,,,,,,,,,,,39829,0,0.017845,-0.694519,-0.719177,-0.010437,1.004029,0.040044,0.048834,20.833334,0.666667,54.166668,,,,,,,,,,,,,,,,,,,,,,,,,,,,,,,,,,,,,,,,,,,,,,,,,,,,,,,,,,,,,,,,,,,,,,,,,,,,,,,,,,,,,,,,,,,,,,,,,,,,,,,,,,,,,,,,,,,,,,,,,,,,,,,,,,,,,,,,,,,,,,,,,,,,,,,,,,,,,,,,
1764665425.492683,28246,0,4401.538574,4406.794922,4525.256348,4551.025879,4413.589844,4523.461426,4547.820313,4402.179688,4580.897461,4387.307617,4499.102539,4521.410156,4573.077148,4400.128418,4395.897461,4506.666504,4561.410156,4537.179688,4513.333496,4386.153809,4388.461426,4564.102539,4531.153809,4503.205078,4402.692383,4593.717773,4397.179688,4569.102539,4513.333496,4408.974121,4547.179688,4520.128418,2900,1,24,768,39909,,,,0,4,4,4,4,4,4,4,4,4,4,4,4,4,4,4,4,4,4,4,4,4,4,4,4,4,4,4,4,4,4,4,4,100,,,,,,,,,,,,,,,,,,,,,,,,,,,,,,,,,,,,,,,,,,,,,,,,,,,,,,,,,,,,,,,,,,,,,,,,,,,,,,,,,,,,,,,,,,,,,,,,,,,,,,,,,,,,,,,,,,,,,,,,,,,,,,,,,,,,,,,,,,,,,,,,,,,,,,,,,,,,,,,,,,,,,,,,,,,,,,,,,,,,,,,,,,,,,,,,,,,,,,,,,,,,,,
1764665425.496590,28247,0,4410.128418,4418.077148,4533.589844,4558.846191,4422.563965,4528.205078,4555.512695,4411.025879,4588.333496,4392.307617,4505,4527.05127,4577.307617,4401.538574,4399.615234,4509.487305,4571.282227,4548.589844,4519.487305,4394.102539,4395.256348,4573.205078,4537.692383,4508.077148,4412.307617,4597.820313,4407.692383,4577.563965,4518.717773,4415.128418,4556.025879,4524.230957,2822,1,24,768,39909,,,,0,4,4,4,4,4,4,4,4,4,4,4,4,4,4,4,4,4,4,4,4,4,4,4,4,4,4,4,4,4,4,4,4,100,,,,,,,,,,,,,,,,,,,,,,,,,,,,,,,,,,,,,,,,,,,,,,,,,,,,,,,,,,,,,,,,,,,,,,,,,,,,,,,,,,,,,,,,,,,,,,,,,,,,,,,,,,,,,,,,,,,,,,,,,,,,,,,,,,,,,,,,,,,,,,,,,,,,,,,,,,,,,,,,,,,,,,,,,,,,,,,,,,,,,,,,,,,,,,,,,,,,,,,,,,,,,,
1764665425.500496,28248,0,4415.769043,4425.641113,4537.436035,4561.794922,4427.94873,4530.641113,4560.256348,4417.820313,4593.974121,4399.230957,4509.487305,4529.871582,4578.589844,4401.538574,4399.615234,4509.358887,4575.384766,4555.384766,4523.333496,4400.512695,4400.512695,4579.743652,4542.94873,4512.05127,4421.538574,4600.897461,4414.358887,4583.461426,4521.153809,4419.358887,4561.666504,4527.820313,2728,1,24,1024,39917,,,,0,4,4,4,4,4,4,4,4,4,4,4,4,4,4,4,4,4,4,4,4,4,4,4,4,4,4,4,4,4,4,4,4,100,,,,,,,,,,,,,,,,,,,,,,,,,,,,,,,,,,,,,,,,,,,,,,,,,,,,,,,,,,,,,,,,,,,,,,,,,,,,,,,,,,,,,,,,,,,,,,,,,,,,,,,,,,,,,,,,,,,,,,,,,,,,,,,,,,,,,,,,,,,,,,,,,,,,,,,,,,,,,,,,,,,,,,,,,,,,,,,,,,,,,,,,,,,,,,,,,,,,,,,,,,,,,,
1764665425.504403,28249,0,4416.410156,4426.025879,4535.769043,4558.461426,4426.666504,4529.487305,4560.384766,4418.333496,4595,4404.743652,4508.974121,4529.358887,4576.025879,4398.717773,4396.153809,4506.025879,4572.436035,4554.743652,4523.974121,4401.666504,4401.794922,4580.897461,4544.230957,4513.974121,4426.410156,4601.538574,4413.846191,4584.358887,4520.384766,4419.487305,4561.666504,4529.358887,2795,1,24,1024,39917,,,,0,4,4,4,4,4,4,4,4,4,4,4,4,4,4,4,4,4,4,4,4,4,4,4,4,4,4,4,4,4,4,4,4,100,,,,,,,,,,,,,,,,,,,,,,,,,,,,,,,,,,,39830,0,0.017845,-0.694519,-0.719177,-0.010437,1.008912,0.039556,0.042486,18.666666,0.333333,55.333332,,,,,,,,,,,,,,,,,,,,,,,,,,,,,,,,,,,,,,,,,,,,,,,,,,,,,,,,,,,,,,,,,,,,,,,,,,,,,,,,,,,,,,,,,,,,,,,,,,,,,,,,,,,,,,,,,,,,,,,,,,,,,,,,,,,,,,,,,,,,,,,,,,,,,,,,,,,,,,,,
1764665425.508309,28250,0,4411.153809,4418.589844,4529.102539,4549.743652,4418.077148,4524.230957,4554.102539,4410.512695,4590.128418,4403.846191,4502.94873,4524.615234,4569.871582,4392.94873,4390.384766,4500.897461,4564.358887,4546.922852,4520.641113,4396.025879,4397.94873,4576.282227,4539.871582,4511.538574,4423.974121,4598.461426,4405.897461,4579.230957,4515.769043,4414.743652,4554.871582,4526.410156,1920,1,24,1280,39925,,,,0,4,4,4,4,4,4,4,4,4,4,4,4,4,4,4,4,4,4,4,4,4,4,4,4,4,4,4,4,4,4,4,4,100,,,,,,,,,,,,,,,,,,,,,,,,,,,,,,,,,,,,,,,,,,,,,,,2.58725,3.129613,2.238691,1.168362,1.357036,3.351402,3.038844,2.58008,1.54108,1.674246,2.846455,2.506171,1.509642,1.841981,1.92094,1.614224,1.569153,1.083743,1.748076,1.495278,2.479618,1.975468,1.532867,1.205925,1.361873,2.697543,2.992398,2.12738,1.285014,1.312984,1.82803,1.541748,1.575148,1.182918,1.533629,1.553387,1.842001,1.247708,1.508519,1.650333,1.003988,0.914351,1.232906,1.436791,1.638741,1.636581,1.160262,1.079916,1.18955,2.290727,0.884111,0.89899,1.167761,0.645224,1.123039,2.853159,1.702158,1.510704,1.184417,1.429858,1.574538,1.359461,1.293379,0.930394,1.111523,1.056606,0.562278,0.741625,0.579654,1.017265,0.780975,0.388837,0.53289,0.783731,1.276356,1.225073,0.716001,0.806888,0.510899,0.907972,2.885849,2.795269,2.159034,1.143941,1.609693,1.911632,1.727772,1.034232,1.070492,1.898324,0.949809,1.972717,0.73226,0.729408,1.230176,1.3894,3.110025,1.26865,0.894056,1.571384,1.684557,3.967441,1.297451,1.171441,1.49793,2.381448,4.290399,2.300367,1.308961,1.693045,2.106847,2.153972,1.704439,1.168415,1.388837,2.185675,3.136394,1.74702,1.162773,1.56277,2.406402,3.056449,2.527693,1.867725,2.168146,3.148845,1.702416,1.053542,1.307442,1.726876,2.801782,2.561243,1.979843,1.529858,1.879518,3.056834,3.131145,2.311568,1.291004,1.638016,1.794372,1.304124,0.79786,0.758105,0.786403,3.317531,3.393574,1.170064,1.247531,1.806826,2.769719,2.341192,1.751964,1.53297,2.226368,2.928416,2.486711,1.490502,1.406654,2.159207
1764665425.512216,28251,0,4401.666504,4406.410156,4520,4538.461426,4405.256348,4516.666504,4542.820313,4396.922852,4581.282227,4394.871582,4494.487305,4515.897461,4562.307617,4385.641113,4383.974121,4495.512695,4554.615234,4536.282227,4514.487305,4385.384766,4390.256348,4568.205078,4531.153809,4503.846191,4415.256348,4591.922852,4394.358887,4569.871582,4508.974121,4407.179688,4543.974121,4518.461426,2606,1,24,1280,39925,,,,0,4,4,4,4,4,4,4,4,4,4,4,4,4,4,4,4,4,4,4,4,4,4,4,4,4,4,4,4,4,4,4,4,100,,,,,,,,,,,,,,,,,,,,,,,,,,,,,,,,,,,,,,,,,,,,,,,,,,,,,,,,,,,,,,,,,,,,,,,,,,,,,,,,,,,,,,,,,,,,,,,,,,,,,,,,,,,,,,,,,,,,,,,,,,,,,,,,,,,,,,,,,,,,,,,,,,,,,,,,,,,,,,,,,,,,,,,,,,,,,,,,,,,,,,,,,,,,,,,,,,,,,,,,,,,,,,
1764665425.516122,28252,0,4391.153809,4394.871582,4510.769043,4528.205078,4393.974121,4509.743652,4530.384766,4382.692383,4572.820313,4381.282227,4487.692383,4505.641113,4555.384766,4379.743652,4378.333496,4491.666504,4546.153809,4527.94873,4507.05127,4374.487305,4381.538574,4559.871582,4521.025879,4492.307617,4404.230957,4583.846191,4384.102539,4559.743652,4502.436035,4399.487305,4533.333496,4508.461426,2671,1,24,1536,39933,,,,0,4,4,4,4,4,4,4,4,4,4,4,4,4,4,4,4,4,4,4,4,4,4,4,4,4,4,4,4,4,4,4,4,100,,,,,,,,,,,,,,,,,,,,,,,,,,,,,,,,,,,,,,,,,,,,,,,,,,,,,,,,,,,,,,,,,,,,,,,,,,,,,,,,,,,,,,,,,,,,,,,,,,,,,,,,,,,,,,,,,,,,,,,,,,,,,,,,,,,,,,,,,,,,,,,,,,,,,,,,,,,,,,,,,,,,,,,,,,,,,,,,,,,,,,,,,,,,,,,,,,,,,,,,,,,,,,
1764665425.520029,28253,0,4382.307617,4387.692383,4502.307617,4521.025879,4387.436035,4505.384766,4521.025879,4372.563965,4567.820313,4369.358887,4484.102539,4496.922852,4550.512695,4377.436035,4374.230957,4489.743652,4539.871582,4523.846191,4500,4367.436035,4374.615234,4553.333496,4511.538574,4480.769043,4394.871582,4576.666504,4377.563965,4551.410156,4497.692383,4393.205078,4525.897461,4500.256348,2508,1,24,1536,39933,,,,0,4,4,4,4,4,4,4,4,4,4,4,4,4,4,4,4,4,4,4,4,4,4,4,4,4,4,4,4,4,4,4,4,100,,,,,,,,,,,,,,,,,,,,,,,,,,,,,,,,,,,39831,0,0.020218,-0.694519,-0.719116,-0.010315,0.992309,0.032719,0.034184,17.333334,2.166667,54.666668,,,,,,,,,,,,,,,,,,,,,,,,,,,,,,,,,,,,,,,,,,,,,,,,,,,,,,,,,,,,,,,,,,,,,,,,,,,,,,,,,,,,,,,,,,,,,,,,,,,,,,,,,,,,,,,,,,,,,,,,,,,,,,,,,,,,,,,,,,,,,,,,,,,,,,,,,,,,,,,,
1764665425.523935,28254,0,4376.282227,4384.871582,4495,4517.179688,4385.384766,4503.205078,4516.922852,4368.077148,4566.922852,4364.102539,4483.205078,4491.922852,4548.205078,4379.487305,4372.05127,4489.230957,4535.128418,4523.974121,4495.641113,4366.282227,4371.282227,4548.846191,4504.230957,4474.230957,4389.358887,4572.179688,4374.358887,4546.025879,4494.871582,4389.102539,4522.563965,4495.769043,2635,1,24,1792,39941,,,,0,4,4,4,4,4,4,4,4,4,4,4,4,4,4,4,4,4,4,4,4,4,4,4,4,4,4,4,4,4,4,4,4,100,,,,,,,,,,,,,,,,,,,,,,,,,,,,,,,,,,,,,,,,,,,,,,,,,,,,,,,,,,,,,,,,,,,,,,,,,,,,,,,,,,,,,,,,,,,,,,,,,,,,,,,,,,,,,,,,,,,,,,,,,,,,,,,,,,,,,,,,,,,,,,,,,,,,,,,,,,,,,,,,,,,,,,,,,,,,,,,,,,,,,,,,,,,,,,,,,,,,,,,,,,,,,,
1764665425.527842,28255,0,4373.974121,4384.487305,4490.128418,4516.794922,4386.282227,4502.307617,4518.717773,4368.974121,4569.102539,4367.307617,4484.871582,4492.179688,4548.846191,4385,4373.589844,4490.641113,4532.563965,4528.461426,4497.179688,4371.282227,4373.077148,4547.94873,4501.282227,4476.025879,4389.230957,4572.179688,4373.846191,4544.358887,4493.333496,4387.94873,4523.461426,4495.384766,2795,1,24,1792,39941,,,,0,4,4,4,4,4,4,4,4,4,4,4,4,4,4,4,4,4,4,4,4,4,4,4,4,4,4,4,4,4,4,4,4,100,,,,,,,,,,,,,,,,,,,,,,,,,,,,,,,,,,,,,,,,,,,,,,,,,,,,,,,,,,,,,,,,,,,,,,,,,,,,,,,,,,,,,,,,,,,,,,,,,,,,,,,,,,,,,,,,,,,,,,,,,,,,,,,,,,,,,,,,,,,,,,,,,,,,,,,,,,,,,,,,,,,,,,,,,,,,,,,,,,,,,,,,,,,,,,,,,,,,,,,,,,,,,,
1764665425.531748,28256,0,4376.666504,4385.384766,4490.512695,4520.897461,4389.487305,4503.205078,4525.641113,4374.487305,4573.846191,4376.922852,4489.871582,4497.820313,4552.820313,4392.563965,4381.153809,4495.384766,4534.358887,4537.94873,4506.282227,4381.410156,4381.282227,4552.179688,4504.743652,4486.282227,4396.666504,4577.307617,4376.794922,4548.077148,4493.717773,4391.153809,4528.461426,4498.589844,2739,1,24,2048,39948,,,,0,4,4,4,4,4,4,4,4,4,4,4,4,4,4,4,4,4,4,4,4,4,4,4,4,4,4,4,4,4,4,4,4,100,,,,,,,,,,,,,,,,,,,,,,,,,,,,,,,,,,,,,,,,,,,,,,,,,,,,,,,,,,,,,,,,,,,,,,,,,,,,,,,,,,,,,,,,,,,,,,,,,,,,,,,,,,,,,,,,,,,,,,,,,,,,,,,,,,,,,,,,,,,,,,,,,,,,,,,,,,,,,,,,,,,,,,,,,,,,,,,,,,,,,,,,,,,,,,,,,,,,,,,,,,,,,,
1764665425.535655,28257,0,4383.846191,4388.205078,4497.692383,4529.615234,4394.871582,4506.410156,4535.897461,4382.820313,4581.025879,4389.102539,4498.846191,4506.410156,4560,4400,4394.615234,4503.846191,4541.922852,4551.153809,4520.897461,4394.102539,4394.487305,4561.794922,4513.846191,4500.641113,4410.641113,4585.897461,4383.589844,4557.05127,4496.538574,4397.94873,4536.410156,4504.358887,2897,1,24,2048,39948,,,,0,4,4,4,4,4,4,4,4,4,4,4,4,4,4,4,4,4,4,4,4,4,4,4,4,4,4,4,4,4,4,4,4,100,,,,,,,,,,,,,,,,,,,,,,,,,,,,,,,,,,,39832,0,0.018035,-0.69458,-0.719116,-0.010254,0.989867,0.041509,0.049811,20.166666,0.5,53.5,,,,,,,,,,,,,,,,,,,,,,,,,,,,,,,,,,,,,,,,,,,,,,,,,,,,,,,,,,,,,,,,,,,,,,,,,,,,,,,,,,,,,,,,,,,,,,,,,,,,,,,,,,,,,,,,,,,,,,,,,,,,,,,,,,,,,,,,,,,,,,,,,,,,,,,,,,,,,,,,
1764665425.539561,28258,0,4392.692383,4392.307617,4508.589844,4539.743652,4400.384766,4511.025879,4545.769043,4391.282227,4588.077148,4399.230957,4508.974121,4513.846191,4568.077148,4404.743652,4409.358887,4513.333496,4552.563965,4563.461426,4533.974121,4404.615234,4407.94873,4572.692383,4524.230957,4511.666504,4425.128418,4594.358887,4391.538574,4567.05127,4501.025879,4404.871582,4544.102539,4510.641113,2570,1,24,2304,39956,,,,0,4,4,4,4,4,4,4,4,4,4,4,4,4,4,4,4,4,4,4,4,4,4,4,4,4,4,4,4,4,4,4,4,100,,,,,,,,,,,,,,,,,,,,,,,,,,,,,,,,,,,,,,,,,,,,,,,,,,,,,,,,,,,,,,,,,,,,,,,,,,,,,,,,,,,,,,,,,,,,,,,,,,,,,,,,,,,,,,,,,,,,,,,,,,,,,,,,,,,,,,,,,,,,,,,,,,,,,,,,,,,,,,,,,,,,,,,,,,,,,,,,,,,,,,,,,,,,,,,,,,,,,,,,,,,,,,
1764665425.543468,28259,0,4397.94873,4395,4515.897461,4544.871582,4402.307617,4513.974121,4550.128418,4395.384766,4591.025879,4403.205078,4515.128418,4515.512695,4572.692383,4404.102539,4417.820313,4518.974121,4559.358887,4568.589844,4538.333496,4408.077148,4414.871582,4578.333496,4528.846191,4512.94873,4430.256348,4597.820313,4395.769043,4571.666504,4503.846191,4406.666504,4546.410156,4514.102539,2831,1,24,2304,39956,,,,0,4,4,4,4,4,4,4,4,4,4,4,4,4,4,4,4,4,4,4,4,4,4,4,4,4,4,4,4,4,4,4,4,100,,,,,,,,,,,,,,,,,,,,,,,,,,,,,,,,,,,,,,,,,,,,,,,,,,,,,,,,,,,,,,,,,,,,,,,,,,,,,,,,,,,,,,,,,,,,,,,,,,,,,,,,,,,,,,,,,,,,,,,,,,,,,,,,,,,,,,,,,,,,,,,,,,,,,,,,,,,,,,,,,,,,,,,,,,,,,,,,,,,,,,,,,,,,,,,,,,,,,,,,,,,,,,
1764665425.547374,28260,0,4395.641113,4392.436035,4513.077148,4539.743652,4397.179688,4512.05127,4546.153809,4391.666504,4586.282227,4397.94873,4512.436035,4509.871582,4569.871582,4397.94873,4415,4516.794922,4556.794922,4562.94873,4531.025879,4402.307617,4410.897461,4573.846191,4523.205078,4503.461426,4419.871582,4593.717773,4391.794922,4566.538574,4501.153809,4400.512695,4540.384766,4511.282227,2727,1,24,2560,39964,,,,0,4,4,4,4,4,4,4,4,4,4,4,4,4,4,4,4,4,4,4,4,4,4,4,4,4,4,4,4,4,4,4,4,100,,,,,,,,,,,,,,,,,,,,,,,,,,,,,,,,,,,,,,,,,,,,,,,,,,,,,,,,,,,,,,,,,,,,,,,,,,,,,,,,,,,,,,,,,,,,,,,,,,,,,,,,,,,,,,,,,,,,,,,,,,,,,,,,,,,,,,,,,,,,,,,,,,,,,,,,,,,,,,,,,,,,,,,,,,,,,,,,,,,,,,,,,,,,,,,,,,,,,,,,,,,,,,
1764665425.551281,28261,0,4385.384766,4383.461426,4499.487305,4525.384766,4386.025879,4504.487305,4535.128418,4380.641113,4574.871582,4383.846191,4501.153809,4499.358887,4560.128418,4388.846191,4401.794922,4507.692383,4544.358887,4548.461426,4516.282227,4389.871582,4398.077148,4560.512695,4509.487305,4488.717773,4396.794922,4583.333496,4380.384766,4553.205078,4492.94873,4388.589844,4527.94873,4502.05127,2760,1,24,2560,39964,,,,0,4,4,4,4,4,4,4,4,4,4,4,4,4,4,4,4,4,4,4,4,4,4,4,4,4,4,4,4,4,4,4,4,100,,,,,,,,,,,,,,,,,,,,,,,,,,,,,,,,,,,39833,0,0.018035,-0.69458,-0.719116,-0.010254,0.989867,0.041509,0.049811,18.666666,0,54.5,,,,,,,,,,,,,,,,,,,,,,,,,,,,,,,,,,,,,,,,,,,,,,,,,,,,,,,,,,,,,,,,,,,,,,,,,,,,,,,,,,,,,,,,,,,,,,,,,,,,,,,,,,,,,,,,,,,,,,,,,,,,,,,,,,,,,,,,,,,,,,,,,,,,,,,,,,,,,,,,
1764665425.555187,28262,0,4372.307617,4372.05127,4482.820313,4509.230957,4374.230957,4494.230957,4522.820313,4367.179688,4562.179688,4365.769043,4487.05127,4489.358887,4548.077148,4380.641113,4385,4496.538574,4528.589844,4532.05127,4501.538574,4377.179688,4383.461426,4545,4495,4477.05127,4373.077148,4571.666504,4367.179688,4539.230957,4483.205078,4376.282227,4515.641113,4490.128418,2770,1,24,2560,39972,,,,0,4,4,4,4,4,4,4,4,4,4,4,4,4,4,4,4,4,4,4,4,4,4,4,4,4,4,4,4,4,4,4,4,100,,,,,,,,,,,,,,,,,,,,,,,,,,,,,,,,,,,,,,,,,,,,,,,,,,,,,,,,,,,,,,,,,,,,,,,,,,,,,,,,,,,,,,,,,,,,,,,,,,,,,,,,,,,,,,,,,,,,,,,,,,,,,,,,,,,,,,,,,,,,,,,,,,,,,,,,,,,,,,,,,,,,,,,,,,,,,,,,,,,,,,,,,,,,,,,,,,,,,,,,,,,,,,
1764665425.559094,28263,0,4363.333496,4364.102539,4472.94873,4500.897461,4368.077148,4486.538574,4515.769043,4358.205078,4554.615234,4352.05127,4477.692383,4485.128418,4539.743652,4376.025879,4373.205078,4488.589844,4517.94873,4520.897461,4492.94873,4369.871582,4374.743652,4535,4487.563965,4473.461426,4362.307617,4564.102539,4359.615234,4532.179688,4477.307617,4369.743652,4508.846191,4481.666504,2955,1,24,2560,39972,,,,0,4,4,4,4,4,4,4,4,4,4,4,4,4,4,4,4,4,4,4,4,4,4,4,4,4,4,4,4,4,4,4,4,100,,,,,,,,,,,,,,,,,,,,,,,,,,,,,,,,,,,,,,,,,,,,,,,,,,,,,,,,,,,,,,,,,,,,,,,,,,,,,,,,,,,,,,,,,,,,,,,,,,,,,,,,,,,,,,,,,,,,,,,,,,,,,,,,,,,,,,,,,,,,,,,,,,,,,,,,,,,,,,,,,,,,,,,,,,,,,,,,,,,,,,,,,,,,,,,,,,,,,,,,,,,,,,
1764665425.563000,28264,0,4363.077148,4363.717773,4474.743652,4504.743652,4370.128418,4485.128418,4517.179688,4357.692383,4555.128418,4349.615234,4477.563965,4487.94873,4538.333496,4374.871582,4370.769043,4486.025879,4517.179688,4517.820313,4491.538574,4369.487305,4374.230957,4533.846191,4489.358887,4477.179688,4370.128418,4563.717773,4361.282227,4535,4477.820313,4371.538574,4509.102539,4480.128418,2839,1,24,2304,39980,,,,0,4,4,4,4,4,4,4,4,4,4,4,4,4,4,4,4,4,4,4,4,4,4,4,4,4,4,4,4,4,4,4,4,100,,,,,,,,,,,,,,,,,,,,,,,,,,,,,,,,,,,,,,,,,,,,,,,,,,,,,,,,,,,,,,,,,,,,,,,,,,,,,,,,,,,,,,,,,,,,,,,,,,,,,,,,,,,,,,,,,,,,,,,,,,,,,,,,,,,,,,,,,,,,,,,,,,,,,,,,,,,,,,,,,,,,,,,,,,,,,,,,,,,,,,,,,,,,,,,,,,,,,,,,,,,,,,
1764665425.566907,28265,0,4370.769043,4370.384766,4484.871582,4517.179688,4377.692383,4490.256348,4524.871582,4365.384766,4561.538574,4358.974121,4484.871582,4495.384766,4542.563965,4375.769043,4376.410156,4487.307617,4525,4520.384766,4495,4373.077148,4379.102539,4539.230957,4496.794922,4483.077148,4390,4568.461426,4369.358887,4543.589844,4483.717773,4379.102539,4513.333496,4485.128418,2691,1,24,2304,39980,,,,0,4,4,4,4,4,4,4,4,4,4,4,4,4,4,4,4,4,4,4,4,4,4,4,4,4,4,4,4,4,4,4,4,100,,,,,,,,,,,,,,,,,,,,,,,,,,,,,,,,,,,39834,0,0.018,-0.69458,-0.719116,-0.010315,1.005982,0.040044,0.041021,18.666666,-0.333333,54.5,,,,,,,,,,,,,,,,,,,,,,,,,,,,,,,,,,,,,,,,,,,,,,,,,,,,,,,,,,,,,,,,,,,,,,,,,,,,,,,,,,,,,,,,,,,,,,,,,,,,,,,,,,,,,,,,,,,,,,,,,,,,,,,,,,,,,,,,,,,,,,,,,,,,,,,,,,,,,,,,
1764665425.570813,28266,0,4382.05127,4380.641113,4496.666504,4530.384766,4386.794922,4499.743652,4534.615234,4377.820313,4568.461426,4374.358887,4495.256348,4503.589844,4549.230957,4377.94873,4385.256348,4489.871582,4536.282227,4524.487305,4499.871582,4376.922852,4384.743652,4546.538574,4504.487305,4487.820313,4408.205078,4574.743652,4378.205078,4551.538574,4491.538574,4387.820313,4518.205078,4493.589844,1855,1,24,1280,39987,,,,0,4,4,4,4,4,4,4,4,4,4,4,4,4,4,4,4,4,4,4,4,4,4,4,4,4,4,4,4,4,4,4,4,100,,,,,,,,,,,,,,,,,,,,,,,,,,,,,,,,,,,,,,,,,,,,,,,,,,,,,,,,,,,,,,,,,,,,,,,,,,,,,,,,,,,,,,,,,,,,,,,,,,,,,,,,,,,,,,,,,,,,,,,,,,,,,,,,,,,,,,,,,,,,,,,,,,,,,,,,,,,,,,,,,,,,,,,,,,,,,,,,,,,,,,,,,,,,,,,,,,,,,,,,,,,,,,
1764665425.574719,28267,0,4392.94873,4391.025879,4505.256348,4538.974121,4394.871582,4511.025879,4543.717773,4390.769043,4572.179688,4388.846191,4504.871582,4511.153809,4556.025879,4381.666504,4392.563965,4492.563965,4546.666504,4528.205078,4504.102539,4380,4388.846191,4552.820313,4510.384766,4491.282227,4414.743652,4580,4383.589844,4555.897461,4498.846191,4394.615234,4522.820313,4502.436035,2677,1,24,1280,39987,,,,0,4,4,4,4,4,4,4,4,4,4,4,4,4,4,4,4,4,4,4,4,4,4,4,4,4,4,4,4,4,4,4,4,100,,,,,,,,,,,,,,,,,,,,,,,,,,,,,,,,,,,,,,,,,,,,,,,,,,,,,,,,,,,,,,,,,,,,,,,,,,,,,,,,,,,,,,,,,,,,,,,,,,,,,,,,,,,,,,,,,,,,,,,,,,,,,,,,,,,,,,,,,,,,,,,,,,,,,,,,,,,,,,,,,,,,,,,,,,,,,,,,,,,,,,,,,,,,,,,,,,,,,,,,,,,,,,
1764665425.578626,28268,0,4401.153809,4400,4510.128418,4542.307617,4402.05127,4521.794922,4552.05127,4401.922852,4572.436035,4398.461426,4512.692383,4517.820313,4561.922852,4386.922852,4396.794922,4495.384766,4554.102539,4531.025879,4506.666504,4383.077148,4391.282227,4557.436035,4515.769043,4495.512695,4409.230957,4583.846191,4386.410156,4557.692383,4504.615234,4399.743652,4528.846191,4510.128418,2470,1,24,1536,39995,,,,0,4,4,4,4,4,4,4,4,4,4,4,4,4,4,4,4,4,4,4,4,4,4,4,4,4,4,4,4,4,4,4,4,100,,,,,,,,,,,,,,,,,,,,,,,,,,,,,,,,,,,,,,,,,,,,,,,,,,,,,,,,,,,,,,,,,,,,,,,,,,,,,,,,,,,,,,,,,,,,,,,,,,,,,,,,,,,,,,,,,,,,,,,,,,,,,,,,,,,,,,,,,,,,,,,,,,,,,,,,,,,,,,,,,,,,,,,,,,,,,,,,,,,,,,,,,,,,,,,,,,,,,,,,,,,,,,
1764665425.582532,28269,0,4405.256348,4406.666504,4513.205078,4542.820313,4408.333496,4530.256348,4559.102539,4409.358887,4571.922852,4403.205078,4518.333496,4522.94873,4567.179688,4392.05127,4397.563965,4498.077148,4558.589844,4532.563965,4506.922852,4385.769043,4392.05127,4560.641113,4521.922852,4501.153809,4399.871582,4586.794922,4388.717773,4560.256348,4508.974121,4404.615234,4536.538574,4516.025879,2185,1,24,1536,39995,,,,0,4,4,4,4,4,4,4,4,4,4,4,4,4,4,4,4,4,4,4,4,4,4,4,4,4,4,4,4,4,4,4,4,100,,,,,,,,,,,,,,,,,,,,,,,,,,,,,,,,,,,39835,0,0.017929,-0.69458,-0.719116,-0.010437,0.999145,0.027347,0.045416,20.833334,0,52,,,,,,,,,,,,,,,,,,,,,,,,,,,,,,,,,,,,,,,,,,,,,,,,,,,,,,,,,,,,,,,,,,,,,,,,,,,,,,,,,,,,,,,,,,,,,,,,,,,,,,,,,,,,,,,,,,,,,,,,,,,,,,,,,,,,,,,,,,,,,,,,,,,,,,,,,,,,,,,,
1764665425.586439,28270,0,4405.641113,4410.384766,4515.512695,4542.179688,4412.307617,4534.487305,4563.589844,4411.666504,4572.820313,4404.358887,4520.897461,4525.128418,4571.538574,4394.230957,4395.256348,4499.487305,4560.897461,4532.307617,4504.871582,4386.282227,4390.641113,4562.307617,4527.307617,4506.282227,4395.384766,4588.589844,4391.666504,4564.358887,4512.05127,4408.717773,4543.846191,4520,2687,1,24,512,40003,,,,0,4,4,4,4,4,4,4,4,4,4,4,4,4,4,4,4,4,4,4,4,4,4,4,4,4,4,4,4,4,4,4,4,100,,,,,,,,,,,,,,,,,,,,,,,,,,,,,,,,,,,,,,,,,,,,,,,,,,,,,,,,,,,,,,,,,,,,,,,,,,,,,,,,,,,,,,,,,,,,,,,,,,,,,,,,,,,,,,,,,,,,,,,,,,,,,,,,,,,,,,,,,,,,,,,,,,,,,,,,,,,,,,,,,,,,,,,,,,,,,,,,,,,,,,,,,,,,,,,,,,,,,,,,,,,,,,
1764665425.590345,28271,0,4403.077148,4410,4515.641113,4540.256348,4412.436035,4533.333496,4563.589844,4408.589844,4574.487305,4402.307617,4519.871582,4523.461426,4573.974121,4392.179688,4389.743652,4498.461426,4561.538574,4530.512695,4501.666504,4382.820313,4386.666504,4561.410156,4528.846191,4507.692383,4398.717773,4588.205078,4393.717773,4568.205078,4513.205078,4410.128418,4547.307617,4521.410156,2467,1,24,512,40003,,,,0,4,4,4,4,4,4,4,4,4,4,4,4,4,4,4,4,4,4,4,4,4,4,4,4,4,4,4,4,4,4,4,4,100,,,,,,,,,,,,,,,,,,,,,,,,,,,,,,,,,,,,,,,,,,,,,,,,,,,,,,,,,,,,,,,,,,,,,,,,,,,,,,,,,,,,,,,,,,,,,,,,,,,,,,,,,,,,,,,,,,,,,,,,,,,,,,,,,,,,,,,,,,,,,,,,,,,,,,,,,,,,,,,,,,,,,,,,,,,,,,,,,,,,,,,,,,,,,,,,,,,,,,,,,,,,,,
1764665425.594252,28272,0,4399.102539,4405.128418,4512.307617,4536.282227,4408.077148,4527.692383,4558.846191,4401.794922,4574.358887,4397.179688,4515.897461,4518.846191,4573.461426,4386.794922,4382.692383,4495.512695,4560,4528.205078,4499.615234,4376.282227,4381.410156,4557.94873,4524.487305,4503.846191,4405.512695,4584.871582,4392.94873,4568.717773,4512.05127,4407.179688,4544.358887,4519.743652,2840,1,24,256,40011,,,,0,4,4,4,4,4,4,4,4,4,4,4,4,4,4,4,4,4,4,4,4,4,4,4,4,4,4,4,4,4,4,4,4,100,,,,,,,,,,,,,,,,,,,,,,,,,,,,,,,,,,,,,,,,,,,,,,,,,,,,,,,,,,,,,,,,,,,,,,,,,,,,,,,,,,,,,,,,,,,,,,,,,,,,,,,,,,,,,,,,,,,,,,,,,,,,,,,,,,,,,,,,,,,,,,,,,,,,,,,,,,,,,,,,,,,,,,,,,,,,,,,,,,,,,,,,,,,,,,,,,,,,,,,,,,,,,,
1764665425.598158,28273,0,4394.743652,4397.563965,4506.025879,4530.384766,4401.153809,4519.871582,4551.410156,4395,4571.025879,4390,4511.410156,4513.717773,4570,4381.538574,4376.922852,4492.692383,4556.282227,4526.538574,4500.512695,4369.871582,4377.05127,4553.589844,4516.666504,4496.410156,4409.615234,4579.871582,4389.230957,4565,4508.846191,4400.641113,4536.410156,4515.769043,2890,1,24,256,40011,,,,0,4,4,4,4,4,4,4,4,4,4,4,4,4,4,4,4,4,4,4,4,4,4,4,4,4,4,4,4,4,4,4,4,100,,,,,,,,,,,,,,,,,,,,,,,,,,,,,,,,,,,39836,0,0.017929,-0.69458,-0.719116,-0.010437,0.999634,0.027835,0.050299,18.166666,0.833333,53.5,,,,,,,,,,,,,,,,,,,,,,,,,,,,,,,,,,,,,,,,,,,,,,,,,,,,,,,,,,,,,,,,,,,,,,,,,,,,,,,,,,,,,,,,,,,,,,,,,,,,,,,,,,,,,,,,,,,,,,,,,,,,,,,,,,,,,,,,,,,,,,,,,,,,,,,,,,,,,,,,
1764665425.602065,28274,0,4391.282227,4391.025879,4500,4525.256348,4395.512695,4513.846191,4545.128418,4391.922852,4565.897461,4383.461426,4510,4510.897461,4566.153809,4380.128418,4375.769043,4492.563965,4551.666504,4526.666504,4504.487305,4367.94873,4375.897461,4551.282227,4510.641113,4490.128418,4409.358887,4576.410156,4385,4560,4505.897461,4394.487305,4528.077148,4512.179688,1750,1,24,256,40019,,,,0,4,4,4,4,4,4,4,4,4,4,4,4,4,4,4,4,4,4,4,4,4,4,4,4,4,4,4,4,4,4,4,4,100,,,,,,,,,,,,,,,,,,,,,,,,,,,,,,,,,,,,,,,,,,,,,,,,,,,,,,,,,,,,,,,,,,,,,,,,,,,,,,,,,,,,,,,,,,,,,,,,,,,,,,,,,,,,,,,,,,,,,,,,,,,,,,,,,,,,,,,,,,,,,,,,,,,,,,,,,,,,,,,,,,,,,,,,,,,,,,,,,,,,,,,,,,,,,,,,,,,,,,,,,,,,,,
1764665425.605971,28275,0,4390.769043,4389.487305,4498.717773,4524.230957,4395.256348,4512.820313,4543.717773,4394.743652,4562.820313,4381.538574,4513.589844,4512.436035,4565.128418,4383.461426,4380.384766,4495.897461,4549.358887,4528.974121,4509.615234,4372.436035,4379.615234,4553.461426,4511.666504,4489.615234,4408.717773,4577.692383,4383.717773,4558.333496,4505.769043,4393.205078,4525.384766,4511.922852,2915,1,24,256,40019,,,,0,4,4,4,4,4,4,4,4,4,4,4,4,4,4,4,4,4,4,4,4,4,4,4,4,4,4,4,4,4,4,4,4,100,,,,,,,,,,,,,,,,,,,,,,,,,,,,,,,,,,,,,,,,,,,,,,,,,,,,,,,,,,,,,,,,,,,,,,,,,,,,,,,,,,,,,,,,,,,,,,,,,,,,,,,,,,,,,,,,,,,,,,,,,,,,,,,,,,,,,,,,,,,,,,,,,,,,,,,,,,,,,,,,,,,,,,,,,,,,,,,,,,,,,,,,,,,,,,,,,,,,,,,,,,,,,,
1764665425.609778,28276,0,4394.358887,4394.871582,4505,4529.743652,4401.153809,4517.179688,4548.077148,4402.94873,4565.769043,4386.410156,4520.897461,4517.436035,4568.717773,4389.743652,4389.615234,4501.794922,4551.794922,4533.846191,4513.846191,4382.436035,4387.563965,4560.512695,4520.384766,4496.025879,4412.692383,4584.743652,4387.94873,4562.179688,4510,4398.717773,4531.025879,4516.666504,2516,1,24,512,40026,,,,0,4,4,4,4,4,4,4,4,4,4,4,4,4,4,4,4,4,4,4,4,4,4,4,4,4,4,4,4,4,4,4,4,100,,,,,,,,,,,,,,,,,,,,,,,,,,,,,,,,,,,,,,,,,,,,,,,,,,,,,,,,,,,,,,,,,,,,,,,,,,,,,,,,,,,,,,,,,,,,,,,,,,,,,,,,,,,,,,,,,,,,,,,,,,,,,,,,,,,,,,,,,,,,,,,,,,,,,,,,,,,,,,,,,,,,,,,,,,,,,,,,,,,,,,,,,,,,,,,,,,,,,,,,,,,,,,
1764665425.613684,28277,0,4401.153809,4404.871582,4516.794922,4540.384766,4410.256348,4523.974121,4555.384766,4412.820313,4575.384766,4396.153809,4527.94873,4522.94873,4575.641113,4395.384766,4399.230957,4507.307617,4558.974121,4541.025879,4516.153809,4393.461426,4397.436035,4569.487305,4531.410156,4506.153809,4421.282227,4595.128418,4396.794922,4569.743652,4516.410156,4408.589844,4542.820313,4524.358887,2797,1,24,512,40026,,,,0,4,4,4,4,4,4,4,4,4,4,4,4,4,4,4,4,4,4,4,4,4,4,4,4,4,4,4,4,4,4,4,4,100,,,,,,,,,,,,,,,,,,,,,,,,,,,,,,,,,,,39837,0,0.017894,-0.69458,-0.719116,-0.010498,1.004517,0.039067,0.042974,20,-0.333333,52.5,,,,,,,,,,,,,,,,,,,,,,,,,,,,,,,,,,,,,,,,,,,,,,,,,,,,,,,,,,,,,,,,,,,,,,,,,,,,,,,,,,,,,,,,,,,,,,,,,,,,,,,,,,,,,,,,,,,,,,,,,,,,,,,,,,,,,,,,,,,,,,,,,,,,,,,,,,,,,,,,
1764665425.617591,28278,0,4407.94873,4414.102539,4528.333496,4551.410156,4417.692383,4529.230957,4561.538574,4419.487305,4587.307617,4404.871582,4530.769043,4526.153809,4582.307617,4398.077148,4404.871582,4510.256348,4567.307617,4548.974121,4517.05127,4400.897461,4406.153809,4576.922852,4537.94873,4514.615234,4429.102539,4604.871582,4406.538574,4576.794922,4521.153809,4417.820313,4555,4531.282227,2902,1,24,768,40034,,,,0,4,4,4,4,4,4,4,4,4,4,4,4,4,4,4,4,4,4,4,4,4,4,4,4,4,4,4,4,4,4,4,4,100,,,,,,,,,,,,,,,,,,,,,,,,,,,,,,,,,,,,,,,,,,,,,,,,,,,,,,,,,,,,,,,,,,,,,,,,,,,,,,,,,,,,,,,,,,,,,,,,,,,,,,,,,,,,,,,,,,,,,,,,,,,,,,,,,,,,,,,,,,,,,,,,,,,,,,,,,,,,,,,,,,,,,,,,,,,,,,,,,,,,,,,,,,,,,,,,,,,,,,,,,,,,,,
1764665425.621497,28279,0,4410.384766,4417.563965,4532.436035,4556.666504,4418.974121,4529.230957,4562.94873,4419.487305,4594.230957,4406.410156,4527.563965,4525.769043,4584.743652,4396.666504,4404.230957,4510.384766,4572.05127,4555.641113,4517.94873,4403.077148,4411.538574,4580.384766,4536.922852,4517.436035,4430,4609.743652,4412.307617,4579.615234,4521.153809,4421.666504,4561.794922,4533.461426,2822,1,24,768,40034,,,,0,4,4,4,4,4,4,4,4,4,4,4,4,4,4,4,4,4,4,4,4,4,4,4,4,4,4,4,4,4,4,4,4,100,,,,,,,,,,,,,,,,,,,,,,,,,,,,,,,,,,,,,,,,,,,,,,,,,,,,,,,,,,,,,,,,,,,,,,,,,,,,,,,,,,,,,,,,,,,,,,,,,,,,,,,,,,,,,,,,,,,,,,,,,,,,,,,,,,,,,,,,,,,,,,,,,,,,,,,,,,,,,,,,,,,,,,,,,,,,,,,,,,,,,,,,,,,,,,,,,,,,,,,,,,,,,,
1764665425.625404,28280,0,4406.153809,4413.205078,4526.153809,4552.436035,4413.077148,4523.589844,4558.461426,4412.179688,4591.025879,4398.974121,4519.871582,4523.077148,4581.538574,4392.05127,4398.333496,4508.589844,4570.641113,4558.077148,4519.230957,4401.153809,4413.077148,4579.743652,4529.871582,4514.230957,4421.794922,4607.820313,4411.538574,4577.179688,4516.666504,4418.205078,4560.384766,4529.615234,2730,1,24,1024,40042,,,,0,4,4,4,4,4,4,4,4,4,4,4,4,4,4,4,4,4,4,4,4,4,4,4,4,4,4,4,4,4,4,4,4,100,,,,,,,,,,,,,,,,,,,,,,,,,,,,,,,,,,,,,,,,,,,,,,,,,,,,,,,,,,,,,,,,,,,,,,,,,,,,,,,,,,,,,,,,,,,,,,,,,,,,,,,,,,,,,,,,,,,,,,,,,,,,,,,,,,,,,,,,,,,,,,,,,,,,,,,,,,,,,,,,,,,,,,,,,,,,,,,,,,,,,,,,,,,,,,,,,,,,,,,,,,,,,,
1764665425.629310,28281,0,4396.922852,4404.102539,4512.820313,4539.743652,4402.307617,4515.256348,4549.358887,4400.641113,4578.205078,4386.538574,4510.769043,4520.128418,4574.102539,4386.153809,4390.641113,4506.538574,4563.974121,4555.256348,4519.743652,4397.820313,4410.769043,4576.153809,4521.922852,4507.692383,4407.94873,4600.769043,4405.384766,4571.025879,4510.897461,4409.871582,4552.94873,4522.692383,2798,1,24,1024,40042,,,,0,4,4,4,4,4,4,4,4,4,4,4,4,4,4,4,4,4,4,4,4,4,4,4,4,4,4,4,4,4,4,4,4,100,,,,,,,,,,,,,,,,,,,,,,,,,,,,,,,,,,,39838,0,0.020166,-0.69458,-0.719055,-0.010559,0.98596,0.026859,0.03223,19.666666,1.333333,54.333332,,,,,,,,,,,,,,,,,,,,,,,,,,,,,,,,,,,,,,,,,,,,,,,,,,,,,,,,,,,,,,,,,,,,,,,,,,,,,,,,,,,,,,,,,,,,,,,,,,,,,,,,,,,,,,,,,,,,,,,,,,,,,,,,,,,,,,,,,,,,,,,,,,,,,,,,,,,,,,,,
1764665425.633217,28282,0,4387.94873,4395.769043,4501.153809,4525.256348,4392.436035,4508.717773,4539.871582,4389.743652,4563.077148,4376.666504,4503.846191,4518.077148,4566.538574,4381.025879,4384.871582,4504.615234,4556.025879,4548.974121,4518.846191,4395.384766,4406.282227,4572.05127,4517.179688,4502.05127,4395.769043,4592.692383,4398.589844,4564.615234,4507.307617,4402.692383,4545.256348,4518.077148,1921,1,24,1280,40050,,,,0,4,4,4,4,4,4,4,4,4,4,4,4,4,4,4,4,4,4,4,4,4,4,4,4,4,4,4,4,4,4,4,4,100,1,83.333336,4,4,4,4,4,4,4,4,4,3,4,4,4,4,4,4,4,4,4,4,4,4,4,4,3,4,4,4,4,4,4,4,,,,,,,,,,,,,1.71487,2.28672,2.192585,0.925016,1.303044,2.842156,2.256346,2.735011,1.315723,1.617938,2.936789,1.927929,1.622972,1.594121,1.816064,1.484564,1.36187,1.247869,1.483035,1.396397,2.181594,1.689703,1.769959,1.00205,1.275439,1.966058,2.434672,2.350261,1.06194,1.275173,1.382426,1.170032,1.574492,1.022656,1.47746,1.3189,1.428967,1.420639,1.224785,1.581338,1.191131,0.755619,1.336322,1.23581,1.528552,1.573598,0.998546,1.453187,1.023131,2.1455,0.784306,0.670566,1.148214,0.538214,1.080224,1.903419,1.187299,1.483693,0.96641,1.429049,1.113034,1.255619,1.277792,0.818795,1.034804,0.992537,0.533529,0.742962,0.52247,0.961454,0.692363,0.290712,0.491522,0.718816,1.215799,0.936886,0.739141,0.685275,0.432414,0.811505,1.931576,2.391,2.145863,0.936225,1.561051,1.542538,1.817396,0.919216,0.961285,1.85526,0.694623,1.754586,0.662057,0.658979,1.272739,1.322226,2.115463,1.248696,0.790337,1.510606,1.586078,2.844686,1.294941,0.933001,1.463387,1.747113,3.762121,2.180839,1.096621,1.630988,1.262739,1.573003,1.730108,0.961542,1.362261,1.736632,2.123881,1.742729,1.001784,1.493857,2.197187,1.985258,2.748672,1.386137,2.113425,3.194568,1.10464,1.069067,1.123191,1.660774,2.330794,1.678577,2.110104,1.345568,1.812328,2.396981,2.08233,2.354503,1.117836,1.577913,1.171984,0.88909,0.839242,0.633531,0.757446,2.91102,2.390226,1.242865,1.019995,1.720768,2.377154,1.48589,1.781011,1.3613,2.142717,2.842324,1.921095,1.658248,1.188626,2.04088
1764665425.637123,28283,0,4385.512695,4393.333496,4499.102539,4517.179688,4389.230957,4507.436035,4534.230957,4384.871582,4554.487305,4375.641113,4501.410156,4517.436035,4562.820313,4378.974121,4384.102539,4503.589844,4551.282227,4543.974121,4517.307617,4395.512695,4402.436035,4570.128418,4518.333496,4500.897461,4392.436035,4588.461426,4396.794922,4562.179688,4507.692383,4401.922852,4543.205078,4519.743652,2609,1,24,1280,40050,,,,0,4,4,4,4,4,4,4,4,4,4,4,4,4,4,4,4,4,4,4,4,4,4,4,4,4,4,4,4,4,4,4,4,100,,,,,,,,,,,,,,,,,,,,,,,,,,,,,,,,,,,,,,,,,,,,,,,,,,,,,,,,,,,,,,,,,,,,,,,,,,,,,,,,,,,,,,,,,,,,,,,,,,,,,,,,,,,,,,,,,,,,,,,,,,,,,,,,,,,,,,,,,,,,,,,,,,,,,,,,,,,,,,,,,,,,,,,,,,,,,,,,,,,,,,,,,,,,,,,,,,,,,,,,,,,,,,
1764665425.641030,28284,0,4391.666504,4398.461426,4508.205078,4519.743652,4395,4512.563965,4535,4388.077148,4556.922852,4383.589844,4503.461426,4518.846191,4565.128418,4380.897461,4388.974121,4504.358887,4552.436035,4544.615234,4517.820313,4398.589844,4401.538574,4571.922852,4524.102539,4505.512695,4400.384766,4590.384766,4401.666504,4565.512695,4511.282227,4408.717773,4549.615234,4527.94873,2676,1,24,1536,40058,,,,0,4,4,4,4,4,4,4,4,4,4,4,4,4,4,4,4,4,4,4,4,4,4,4,4,4,4,4,4,4,4,4,4,100,,,,,,,,,,,,,,,,,,,,,,,,,,,,,,,,,,,,,,,,,,,,,,,,,,,,,,,,,,,,,,,,,,,,,,,,,,,,,,,,,,,,,,,,,,,,,,,,,,,,,,,,,,,,,,,,,,,,,,,,,,,,,,,,,,,,,,,,,,,,,,,,,,,,,,,,,,,,,,,,,,,,,,,,,,,,,,,,,,,,,,,,,,,,,,,,,,,,,,,,,,,,,,
1764665425.644936,28285,0,4402.179688,4407.692383,4522.179688,4529.615234,4405.641113,4520.897461,4540.769043,4396.794922,4566.025879,4394.358887,4506.922852,4521.922852,4571.153809,4386.025879,4396.794922,4506.794922,4557.820313,4550.769043,4521.666504,4402.692383,4404.230957,4576.410156,4530.769043,4512.820313,4415.512695,4596.282227,4409.871582,4573.205078,4515.769043,4418.333496,4560.769043,4537.692383,2514,1,24,1536,40058,,,,0,4,4,4,4,4,4,4,4,4,4,4,4,4,4,4,4,4,4,4,4,4,4,4,4,4,4,4,4,4,4,4,4,100,,,,,,,,,,,,,,,,,,,,,,,,,,,,,,,,,,,39839,0,0.02023,-0.69458,-0.719055,-0.010437,1.002564,0.027347,0.043951,19.5,1.166667,54.166668,,,,,,,,,,,,,,,,,,,,,,,,,,,,,,,,,,,,,,,,,,,,,,,,,,,,,,,,,,,,,,,,,,,,,,,,,,,,,,,,,,,,,,,,,,,,,,,,,,,,,,,,,,,,,,,,,,,,,,,,,,,,,,,,,,,,,,,,,,,,,,,,,,,,,,,,,,,,,,,,
1764665425.648843,28286,0,4409.871582,4414.230957,4531.538574,4537.94873,4412.94873,4527.05127,4546.666504,4404.487305,4572.563965,4399.871582,4508.589844,4524.871582,4575.384766,4390.769043,4402.307617,4508.974121,4562.436035,4557.563965,4526.922852,4404.871582,4407.436035,4579.871582,4533.461426,4517.179688,4428.717773,4600.897461,4414.615234,4579.615234,4518.205078,4423.846191,4568.589844,4542.563965,2639,1,24,1792,40066,,,,0,4,4,4,4,4,4,4,4,4,4,4,4,4,4,4,4,4,4,4,4,4,4,4,4,4,4,4,4,4,4,4,4,100,,,,,,,,,,,,,,,,,,,,,,,,,,,,,,,,,,,,,,,,,,,,,,,,,,,,,,,,,,,,,,,,,,,,,,,,,,,,,,,,,,,,,,,,,,,,,,,,,,,,,,,,,,,,,,,,,,,,,,,,,,,,,,,,,,,,,,,,,,,,,,,,,,,,,,,,,,,,,,,,,,,,,,,,,,,,,,,,,,,,,,,,,,,,,,,,,,,,,,,,,,,,,,
1764665425.652749,28287,0,4409.358887,4413.717773,4530,4537.94873,4411.153809,4527.307617,4548.077148,4405.128418,4570.384766,4397.307617,4506.666504,4525.512695,4573.846191,4392.307617,4401.922852,4508.717773,4561.666504,4558.461426,4529.743652,4402.820313,4407.436035,4578.717773,4529.871582,4514.487305,4433.333496,4600,4411.538574,4580.128418,4517.179688,4421.282227,4567.05127,4538.846191,2803,1,24,1792,40066,,,,0,4,4,4,4,4,4,4,4,4,4,4,4,4,4,4,4,4,4,4,4,4,4,4,4,4,4,4,4,4,4,4,4,100,,,,,,,,,,,,,,,,,,,,,,,,,,,,,,,,,,,,,,,,,,,,,,,,,,,,,,,,,,,,,,,,,,,,,,,,,,,,,,,,,,,,,,,,,,,,,,,,,,,,,,,,,,,,,,,,,,,,,,,,,,,,,,,,,,,,,,,,,,,,,,,,,,,,,,,,,,,,,,,,,,,,,,,,,,,,,,,,,,,,,,,,,,,,,,,,,,,,,,,,,,,,,,
1764665425.656656,28288,0,4401.794922,4407.179688,4519.487305,4530.128418,4401.922852,4522.692383,4543.974121,4398.333496,4561.025879,4390.641113,4502.179688,4522.820313,4567.692383,4390.512695,4396.410156,4505.384766,4555,4551.538574,4527.94873,4397.05127,4402.820313,4573.077148,4522.179688,4506.153809,4429.102539,4593.974121,4403.205078,4574.358887,4513.717773,4413.717773,4557.05127,4529.358887,2746,1,24,2048,40073,,,,0,4,4,4,4,4,4,4,4,4,4,4,4,4,4,4,4,4,4,4,4,4,4,4,4,4,4,4,4,4,4,4,4,100,,,,,,,,,,,,,,,,,,,,,,,,,,,,,,,,,,,,,,,,,,,,,,,,,,,,,,,,,,,,,,,,,,,,,,,,,,,,,,,,,,,,,,,,,,,,,,,,,,,,,,,,,,,,,,,,,,,,,,,,,,,,,,,,,,,,,,,,,,,,,,,,,,,,,,,,,,,,,,,,,,,,,,,,,,,,,,,,,,,,,,,,,,,,,,,,,,,,,,,,,,,,,,
1764665425.660562,28289,0,4393.846191,4401.410156,4508.589844,4521.794922,4393.333496,4518.589844,4538.974121,4389.743652,4552.692383,4387.307617,4498.589844,4519.487305,4561.666504,4387.820313,4390.512695,4501.282227,4547.563965,4540.897461,4522.05127,4390.512695,4396.025879,4566.282227,4516.282227,4498.333496,4421.794922,4587.94873,4396.666504,4567.05127,4511.025879,4407.820313,4546.794922,4521.153809,2900,1,24,2048,40073,,,,0,4,4,4,4,4,4,4,4,4,4,4,4,4,4,4,4,4,4,4,4,4,4,4,4,4,4,4,4,4,4,4,4,100,,,,,,,,,,,,,,,,,,,,,,,,,,,,,,,,,,,39840,0,0.020292,-0.69458,-0.719055,-0.010315,1.002564,0.027347,0.043951,19.166666,1.833333,53.666668,,,,,,,,,,,,,,,,,,,,,,,,,,,,,,,,,,,,,,,,,,,,,,,,,,,,,,,,,,,,,,,,,,,,,,,,,,,,,,,,,,,,,,,,,,,,,,,,,,,,,,,,,,,,,,,,,,,,,,,,,,,,,,,,,,,,,,,,,,,,,,,,,,,,,,,,,,,,,,,,
1764665425.664469,28290,0,4392.563965,4402.05127,4506.025879,4520.641113,4392.820313,4520.384766,4538.461426,4387.179688,4552.307617,4391.282227,4499.102539,4518.974121,4560.128418,4387.307617,4388.461426,4499.487305,4544.743652,4532.94873,4514.615234,4386.025879,4390.512695,4561.794922,4516.410156,4496.410156,4417.820313,4587.563965,4398.077148,4563.589844,4512.05127,4409.102539,4544.871582,4520.641113,2577,1,24,2304,40081,,,,0,4,4,4,4,4,4,4,4,4,4,4,4,4,4,4,4,4,4,4,4,4,4,4,4,4,4,4,4,4,4,4,4,100,,,,,,,,,,,,,,,,,,,,,,,,,,,,,,,,,,,,,,,,,,,,,,,,,,,,,,,,,,,,,,,,,,,,,,,,,,,,,,,,,,,,,,,,,,,,,,,,,,,,,,,,,,,,,,,,,,,,,,,,,,,,,,,,,,,,,,,,,,,,,,,,,,,,,,,,,,,,,,,,,,,,,,,,,,,,,,,,,,,,,,,,,,,,,,,,,,,,,,,,,,,,,,
1764665425.668375,28291,0,4398.846191,4408.974121,4513.589844,4527.307617,4400.641113,4528.205078,4544.615234,4393.205078,4560.128418,4399.871582,4503.846191,4522.692383,4563.205078,4388.846191,4390.256348,4501.025879,4547.436035,4530.641113,4507.94873,4383.717773,4387.307617,4560.256348,4522.307617,4500.256348,4418.589844,4593.333496,4406.538574,4566.282227,4516.922852,4416.666504,4552.179688,4528.461426,2834,1,24,2304,40081,,,,0,4,4,4,4,4,4,4,4,4,4,4,4,4,4,4,4,4,4,4,4,4,4,4,4,4,4,4,4,4,4,4,4,100,,,,,,,,,,,,,,,,,,,,,,,,,,,,,,,,,,,,,,,,,,,,,,,,,,,,,,,,,,,,,,,,,,,,,,,,,,,,,,,,,,,,,,,,,,,,,,,,,,,,,,,,,,,,,,,,,,,,,,,,,,,,,,,,,,,,,,,,,,,,,,,,,,,,,,,,,,,,,,,,,,,,,,,,,,,,,,,,,,,,,,,,,,,,,,,,,,,,,,,,,,,,,,
1764665425.672282,28292,0,4406.410156,4416.153809,4524.358887,4534.871582,4409.615234,4536.025879,4553.205078,4402.436035,4569.358887,4405.256348,4509.230957,4528.077148,4566.666504,4390.128418,4391.410156,4503.077148,4550.897461,4530.641113,4502.563965,4380.641113,4383.846191,4558.846191,4528.205078,4504.230957,4420,4599.487305,4414.615234,4570.897461,4521.794922,4424.102539,4561.025879,4538.589844,2737,1,24,2304,40089,,,,0,4,4,4,4,4,4,4,4,4,4,4,4,4,4,4,4,4,4,4,4,4,4,4,4,4,4,4,4,4,4,4,4,100,,,,,,,,,,,,,,,,,,,,,,,,,,,,,,,,,,,,,,,,,,,,,,,,,,,,,,,,,,,,,,,,,,,,,,,,,,,,,,,,,,,,,,,,,,,,,,,,,,,,,,,,,,,,,,,,,,,,,,,,,,,,,,,,,,,,,,,,,,,,,,,,,,,,,,,,,,,,,,,,,,,,,,,,,,,,,,,,,,,,,,,,,,,,,,,,,,,,,,,,,,,,,,
1764665425.676188,28293,0,4407.563965,4416.922852,4528.205078,4534.358887,4411.282227,4537.563965,4556.922852,4406.153809,4572.05127,4401.025879,4510.256348,4530.384766,4566.538574,4389.102539,4387.563965,4501.794922,4549.358887,4527.05127,4497.563965,4373.846191,4376.922852,4554.102539,4527.94873,4501.794922,4417.436035,4598.461426,4414.743652,4571.153809,4521.794922,4424.487305,4562.179688,4542.307617,2766,1,24,2304,40089,,,,0,4,4,4,4,4,4,4,4,4,4,4,4,4,4,4,4,4,4,4,4,4,4,4,4,4,4,4,4,4,4,4,4,100,,,,,,,,,,,,,,,,,,,,,,,,,,,,,,,,,,,39841,0,0.020576,-0.694641,-0.718994,-0.009888,0.98596,0.021975,0.044439,19.666666,2.5,54.333332,,,,,,,,,,,,,,,,,,,,,,,,,,,,,,,,,,,,,,,,,,,,,,,,,,,,,,,,,,,,,,,,,,,,,,,,,,,,,,,,,,,,,,,,,,,,,,,,,,,,,,,,,,,,,,,,,,,,,,,,,,,,,,,,,,,,,,,,,,,,,,,,,,,,,,,,,,,,,,,,
1764665425.680095,28294,0,4400.512695,4410.128418,4520.769043,4523.333496,4403.589844,4531.410156,4552.563965,4400,4565.128418,4388.333496,4506.025879,4528.205078,4562.692383,4386.922852,4379.230957,4496.153809,4541.794922,4518.205078,4492.436035,4363.846191,4367.307617,4545.641113,4521.153809,4492.307617,4410.769043,4588.333496,4405.512695,4564.615234,4516.282227,4416.666504,4553.589844,4535.897461,2774,1,24,2560,40097,,,,0,4,4,4,4,4,4,4,4,4,4,4,4,4,4,4,4,4,4,4,4,4,4,4,4,4,4,4,4,4,4,4,4,100,,,,,,,,,,,,,,,,,,,,,,,,,,,,,,,,,,,,,,,,,,,,,,,,,,,,,,,,,,,,,,,,,,,,,,,,,,,,,,,,,,,,,,,,,,,,,,,,,,,,,,,,,,,,,,,,,,,,,,,,,,,,,,,,,,,,,,,,,,,,,,,,,,,,,,,,,,,,,,,,,,,,,,,,,,,,,,,,,,,,,,,,,,,,,,,,,,,,,,,,,,,,,,
1764665425.684001,28295,0,4391.538574,4400.256348,4506.922852,4509.230957,4392.307617,4522.94873,4543.461426,4388.846191,4553.974121,4376.282227,4500.128418,4524.487305,4558.589844,4386.025879,4371.794922,4488.974121,4533.461426,4507.94873,4488.461426,4355.128418,4359.358887,4537.692383,4513.461426,4480.897461,4403.589844,4575.256348,4393.589844,4555.256348,4509.102539,4406.794922,4541.666504,4523.077148,2961,1,24,2560,40097,,,,0,4,4,4,4,4,4,4,4,4,4,4,4,4,4,4,4,4,4,4,4,4,4,4,4,4,4,4,4,4,4,4,4,100,,,,,,,,,,,,,,,,,,,,,,,,,,,,,,,,,,,,,,,,,,,,,,,,,,,,,,,,,,,,,,,,,,,,,,,,,,,,,,,,,,,,,,,,,,,,,,,,,,,,,,,,,,,,,,,,,,,,,,,,,,,,,,,,,,,,,,,,,,,,,,,,,,,,,,,,,,,,,,,,,,,,,,,,,,,,,,,,,,,,,,,,,,,,,,,,,,,,,,,,,,,,,,
1764665425.687908,28296,0,4388.461426,4394.743652,4496.922852,4502.179688,4386.410156,4520.256348,4537.307617,4381.922852,4547.436035,4374.230957,4497.692383,4523.333496,4558.077148,4387.94873,4371.282227,4485.128418,4531.794922,4503.077148,4487.94873,4352.692383,4357.94873,4535.384766,4511.794922,4474.871582,4398.846191,4568.461426,4387.692383,4550.641113,4505.769043,4403.077148,4536.282227,4512.436035,2846,1,24,2560,40105,,,,0,4,4,4,4,4,4,4,4,4,4,4,4,4,4,4,4,4,4,4,4,4,4,4,4,4,4,4,4,4,4,4,4,100,,,,,,,,,,,,,,,,,,,,,,,,,,,,,,,,,,,,,,,,,,,,,,,,,,,,,,,,,,,,,,,,,,,,,,,,,,,,,,,,,,,,,,,,,,,,,,,,,,,,,,,,,,,,,,,,,,,,,,,,,,,,,,,,,,,,,,,,,,,,,,,,,,,,,,,,,,,,,,,,,,,,,,,,,,,,,,,,,,,,,,,,,,,,,,,,,,,,,,,,,,,,,,
1764665425.691814,28297,0,4394.743652,4398.077148,4497.692383,4507.563965,4390.897461,4526.666504,4539.487305,4385.897461,4551.410156,4385.128418,4501.282227,4526.922852,4562.820313,4391.922852,4378.846191,4487.692383,4539.358887,4507.692383,4492.179688,4358.205078,4364.230957,4541.153809,4518.974121,4478.205078,4396.922852,4573.461426,4392.563965,4555.641113,4509.615234,4408.717773,4542.692383,4511.153809,2698,1,24,2560,40105,,,,0,4,4,4,4,4,4,4,4,4,4,4,4,4,4,4,4,4,4,4,4,4,4,4,4,4,4,4,4,4,4,4,4,100,,,,,,,,,,,,,,,,,,,,,,,,,,,,,,,,,,,39842,0,0.018417,-0.694641,-0.719055,-0.009705,0.998169,0.022464,0.048834,17.333334,1.666667,54.333332,,,,,,,,,,,,,,,,,,,,,,,,,,,,,,,,,,,,,,,,,,,,,,,,,,,,,,,,,,,,,,,,,,,,,,,,,,,,,,,,,,,,,,,,,,,,,,,,,,,,,,,,,,,,,,,,,,,,,,,,,,,,,,,,,,,,,,,,,,,,,,,,,,,,,,,,,,,,,,,,
1764665425.695721,28298,0,4406.538574,4408.589844,4508.461426,4522.436035,4404.102539,4538.717773,4549.230957,4398.717773,4563.846191,4403.333496,4509.743652,4533.974121,4571.410156,4395.897461,4390.384766,4495.384766,4553.333496,4520.769043,4500.384766,4369.615234,4375.384766,4553.461426,4531.282227,4489.615234,4397.05127,4587.692383,4405.769043,4568.589844,4518.974121,4420.641113,4558.205078,4519.743652,1863,1,24,1536,40112,,,,0,4,4,4,4,4,4,4,4,4,4,4,4,4,4,4,4,4,4,4,4,4,4,4,4,4,4,4,4,4,4,4,4,100,,,,,,,,,,,,,,,,,,,,,,,,,,,,,,,,,,,,,,,,,,,,,,,,,,,,,,,,,,,,,,,,,,,,,,,,,,,,,,,,,,,,,,,,,,,,,,,,,,,,,,,,,,,,,,,,,,,,,,,,,,,,,,,,,,,,,,,,,,,,,,,,,,,,,,,,,,,,,,,,,,,,,,,,,,,,,,,,,,,,,,,,,,,,,,,,,,,,,,,,,,,,,,
1764665425.699627,28299,0,4417.436035,4420.512695,4522.436035,4537.94873,4419.102539,4549.230957,4561.153809,4412.692383,4577.436035,4419.102539,4519.230957,4541.153809,4580.897461,4397.94873,4399.743652,4504.230957,4567.436035,4536.922852,4510.128418,4382.179688,4387.307617,4567.94873,4542.94873,4503.974121,4399.230957,4603.461426,4420.384766,4583.717773,4529.358887,4431.922852,4574.615234,4532.692383,2684,1,24,1536,40112,,,,0,4,4,4,4,4,4,4,4,4,4,4,4,4,4,4,4,4,4,4,4,4,4,4,4,4,4,4,4,4,4,4,4,100,,,,,,,,,,,,,,,,,,,,,,,,,,,,,,,,,,,,,,,,,,,,,,,,,,,,,,,,,,,,,,,,,,,,,,,,,,,,,,,,,,,,,,,,,,,,,,,,,,,,,,,,,,,,,,,,,,,,,,,,,,,,,,,,,,,,,,,,,,,,,,,,,,,,,,,,,,,,,,,,,,,,,,,,,,,,,,,,,,,,,,,,,,,,,,,,,,,,,,,,,,,,,,
1764665425.703534,28300,0,4422.563965,4427.820313,4532.307617,4546.666504,4428.461426,4553.077148,4568.846191,4420.128418,4584.743652,4425.897461,4526.025879,4545.512695,4588.461426,4398.077148,4403.461426,4510.641113,4577.05127,4550.128418,4518.205078,4391.794922,4396.794922,4580.256348,4548.974121,4515.128418,4404.615234,4613.205078,4430.128418,4593.846191,4535.512695,4436.922852,4583.717773,4543.077148,2479,1,24,512,40120,,,,0,4,4,4,4,4,4,4,4,4,4,4,4,4,4,4,4,4,4,4,4,4,4,4,4,4,4,4,4,4,4,4,4,100,,,,,,,,,,,,,,,,,,,,,,,,,,,,,,,,,,,,,,,,,,,,,,,,,,,,,,,,,,,,,,,,,,,,,,,,,,,,,,,,,,,,,,,,,,,,,,,,,,,,,,,,,,,,,,,,,,,,,,,,,,,,,,,,,,,,,,,,,,,,,,,,,,,,,,,,,,,,,,,,,,,,,,,,,,,,,,,,,,,,,,,,,,,,,,,,,,,,,,,,,,,,,,
1764665425.707440,28301,0,4420.897461,4427.94873,4534.230957,4546.282227,4429.358887,4549.615234,4568.846191,4418.589844,4583.974121,4422.94873,4528.205078,4545.641113,4591.922852,4397.436035,4401.538574,4512.94873,4580.384766,4556.282227,4522.179688,4396.410156,4402.820313,4586.410156,4547.94873,4519.743652,4414.743652,4614.743652,4432.307617,4595.769043,4535.128418,4434.358887,4583.205078,4546.410156,2192,1,24,512,40120,,,,0,4,4,4,4,4,4,4,4,4,4,4,4,4,4,4,4,4,4,4,4,4,4,4,4,4,4,4,4,4,4,4,4,100,,,,,,,,,,,,,,,,,,,,,,,,,,,,,,,,,,,39843,0,0.018417,-0.694641,-0.719055,-0.009705,0.998169,0.022464,0.048834,21,0.5,54.333332,,,,,,,,,,,,,,,,,,,,,,,,,,,,,,,,,,,,,,,,,,,,,,,,,,,,,,,,,,,,,,,,,,,,,,,,,,,,,,,,,,,,,,,,,,,,,,,,,,,,,,,,,,,,,,,,,,,,,,,,,,,,,,,,,,,,,,,,,,,,,,,,,,,,,,,,,,,,,,,,
1764665425.711347,28302,0,4414.871582,4422.692383,4528.846191,4540,4423.717773,4542.563965,4562.179688,4411.410156,4578.205078,4414.230957,4525.641113,4542.307617,4590.512695,4396.794922,4396.282227,4511.410156,4578.077148,4554.487305,4521.282227,4396.666504,4405.641113,4585.512695,4542.179688,4518.077148,4428.461426,4611.025879,4427.820313,4590.512695,4529.230957,4426.794922,4576.666504,4542.692383,2696,1,24,256,40128,,,,0,4,4,4,4,4,4,4,4,4,4,4,4,4,4,4,4,4,4,4,4,4,4,4,4,4,4,4,4,4,4,4,4,100,,,,,,,,,,,,,,,,,,,,,,,,,,,,,,,,,,,,,,,,,,,,,,,,,,,,,,,,,,,,,,,,,,,,,,,,,,,,,,,,,,,,,,,,,,,,,,,,,,,,,,,,,,,,,,,,,,,,,,,,,,,,,,,,,,,,,,,,,,,,,,,,,,,,,,,,,,,,,,,,,,,,,,,,,,,,,,,,,,,,,,,,,,,,,,,,,,,,,,,,,,,,,,
1764665425.715253,28303,0,4407.563965,4415.641113,4519.871582,4532.692383,4415.897461,4536.153809,4552.94873,4403.461426,4572.307617,4403.846191,4519.358887,4536.538574,4584.615234,4395.384766,4390.128418,4507.94873,4572.563965,4547.563965,4517.179688,4394.743652,4406.410156,4579.615234,4535.769043,4513.077148,4441.666504,4606.282227,4420.128418,4582.179688,4521.794922,4418.461426,4569.871582,4534.230957,2475,1,24,256,40128,,,,0,4,4,4,4,4,4,4,4,4,4,4,4,4,4,4,4,4,4,4,4,4,4,4,4,4,4,4,4,4,4,4,4,100,,,,,,,,,,,,,,,,,,,,,,,,,,,,,,,,,,,,,,,,,,,,,,,,,,,,,,,,,,,,,,,,,,,,,,,,,,,,,,,,,,,,,,,,,,,,,,,,,,,,,,,,,,,,,,,,,,,,,,,,,,,,,,,,,,,,,,,,,,,,,,,,,,,,,,,,,,,,,,,,,,,,,,,,,,,,,,,,,,,,,,,,,,,,,,,,,,,,,,,,,,,,,,
1764665425.719160,28304,0,4401.538574,4408.974121,4511.410156,4527.436035,4409.487305,4532.820313,4545.641113,4397.820313,4568.589844,4395,4511.153809,4529.743652,4576.410156,4392.436035,4385.128418,4504.230957,4566.025879,4540.128418,4513.589844,4393.077148,4406.538574,4573.205078,4531.410156,4508.717773,4448.717773,4603.205078,4413.205078,4574.615234,4516.153809,4412.692383,4566.666504,4524.487305,2850,1,24,512,40136,,,,0,4,4,4,4,4,4,4,4,4,4,4,4,4,4,4,4,4,4,4,4,4,4,4,4,4,4,4,4,4,4,4,4,100,,,,,,,,,,,,,,,,,,,,,,,,,,,,,,,,,,,,,,,,,,,,,,,,,,,,,,,,,,,,,,,,,,,,,,,,,,,,,,,,,,,,,,,,,,,,,,,,,,,,,,,,,,,,,,,,,,,,,,,,,,,,,,,,,,,,,,,,,,,,,,,,,,,,,,,,,,,,,,,,,,,,,,,,,,,,,,,,,,,,,,,,,,,,,,,,,,,,,,,,,,,,,,
1764665425.723066,28305,0,4398.077148,4403.846191,4506.410156,4524.230957,4405.512695,4532.179688,4542.179688,4395,4566.538574,4389.230957,4503.974121,4523.077148,4568.846191,4387.820313,4382.307617,4501.410156,4560.769043,4536.538574,4513.589844,4392.820313,4406.922852,4570.384766,4529.615234,4507.307617,4446.538574,4601.922852,4409.743652,4570.128418,4514.230957,4410.512695,4567.436035,4517.307617,2899,1,24,512,40136,,,,0,4,4,4,4,4,4,4,4,4,4,4,4,4,4,4,4,4,4,4,4,4,4,4,4,4,4,4,4,4,4,4,4,100,,,,,,,,,,,,,,,,,,,,,,,,,,,,,,,,,,,39844,0,0.020562,-0.69458,-0.719055,-0.009766,1.007936,0.044927,0.042974,20.333334,-0.333333,55,,,,,,,,,,,,,,,,,,,,,,,,,,,,,,,,,,,,,,,,,,,,,,,,,,,,,,,,,,,,,,,,,,,,,,,,,,,,,,,,,,,,,,,,,,,,,,,,,,,,,,,,,,,,,,,,,,,,,,,,,,,,,,,,,,,,,,,,,,,,,,,,,,,,,,,,,,,,,,,,
1764665425.726973,28306,0,4397.94873,4401.282227,4505.897461,4522.307617,4404.487305,4532.436035,4542.692383,4393.846191,4565.512695,4387.563965,4500.897461,4517.94873,4565.384766,4384.102539,4383.333496,4501.153809,4558.589844,4539.230957,4517.94873,4395.128418,4408.717773,4572.820313,4530.384766,4510,4439.102539,4601.922852,4411.025879,4569.871582,4515.512695,4411.666504,4570.256348,4515.384766,1756,1,24,768,40144,,,,0,4,4,4,4,4,4,4,4,4,4,4,4,4,4,4,4,4,4,4,4,4,4,4,4,4,4,4,4,4,4,4,4,100,,,,,,,,,,,,,,,,,,,,,,,,,,,,,,,,,,,,,,,,,,,,,,,,,,,,,,,,,,,,,,,,,,,,,,,,,,,,,,,,,,,,,,,,,,,,,,,,,,,,,,,,,,,,,,,,,,,,,,,,,,,,,,,,,,,,,,,,,,,,,,,,,,,,,,,,,,,,,,,,,,,,,,,,,,,,,,,,,,,,,,,,,,,,,,,,,,,,,,,,,,,,,,
1764665425.730879,28307,0,4401.794922,4403.205078,4510.384766,4521.666504,4406.666504,4533.846191,4546.666504,4394.871582,4566.025879,4390.769043,4503.846191,4517.179688,4568.333496,4384.358887,4389.871582,4505,4561.153809,4548.589844,4525.641113,4401.025879,4413.205078,4580.384766,4534.230957,4517.179688,4434.743652,4604.102539,4416.794922,4575,4518.974121,4415.641113,4573.974121,4520.256348,2923,1,24,768,40144,,,,0,4,4,4,4,4,4,4,4,4,4,4,4,4,4,4,4,4,4,4,4,4,4,4,4,4,4,4,4,4,4,4,4,100,,,,,,,,,,,,,,,,,,,,,,,,,,,,,,,,,,,,,,,,,,,,,,,,,,,,,,,,,,,,,,,,,,,,,,,,,,,,,,,,,,,,,,,,,,,,,,,,,,,,,,,,,,,,,,,,,,,,,,,,,,,,,,,,,,,,,,,,,,,,,,,,,,,,,,,,,,,,,,,,,,,,,,,,,,,,,,,,,,,,,,,,,,,,,,,,,,,,,,,,,,,,,,
1764665425.734786,28308,0,4409.487305,4410.769043,4518.846191,4523.461426,4412.692383,4537.436035,4553.077148,4399.358887,4569.358887,4398.333496,4512.307617,4521.794922,4577.436035,4389.358887,4401.410156,4513.589844,4568.589844,4562.820313,4534.230957,4410.128418,4421.025879,4590.512695,4540.897461,4528.077148,4438.846191,4610.256348,4425.256348,4585.384766,4524.358887,4421.666504,4577.436035,4530.512695,2522,1,24,1024,40151,,,,0,4,4,4,4,4,4,4,4,4,4,4,4,4,4,4,4,4,4,4,4,4,4,4,4,4,4,4,4,4,4,4,4,100,,,,,,,,,,,,,,,,,,,,,,,,,,,,,,,,,,,,,,,,,,,,,,,,,,,,,,,,,,,,,,,,,,,,,,,,,,,,,,,,,,,,,,,,,,,,,,,,,,,,,,,,,,,,,,,,,,,,,,,,,,,,,,,,,,,,,,,,,,,,,,,,,,,,,,,,,,,,,,,,,,,,,,,,,,,,,,,,,,,,,,,,,,,,,,,,,,,,,,,,,,,,,,
1764665425.738692,28309,0,4417.820313,4421.025879,4528.205078,4526.794922,4420.641113,4542.436035,4559.743652,4407.307617,4574.743652,4405.641113,4521.538574,4529.743652,4587.94873,4396.538574,4413.205078,4523.333496,4577.94873,4576.794922,4540.897461,4419.358887,4429.615234,4598.717773,4547.820313,4538.077148,4447.820313,4618.974121,4432.307617,4596.922852,4529.871582,4427.436035,4579.871582,4541.666504,2808,1,24,1024,40151,,,,0,4,4,4,4,4,4,4,4,4,4,4,4,4,4,4,4,4,4,4,4,4,4,4,4,4,4,4,4,4,4,4,4,100,,,,,,,,,,,,,,,,,,,,,,,,,,,,,,,,,,,39845,0,0.020562,-0.69458,-0.719055,-0.009766,0.997192,0.041509,0.033207,19.166666,0.666667,55,,,,,,,,,,,,,,,,,,,,,,,,,,,,,,,,,,,,,,,,,,,,,,,,,,,,,,,,,,,,,,,,,,,,,,,,,,,,,,,,,,,,,,,,,,,,,,,,,,,,,,,,,,,,,,,,,,,,,,,,,,,,,,,,,,,,,,,,,,,,,,,,,,,,,,,,,,,,,,,,
1764665425.742599,28310,0,4421.666504,4427.436035,4533.205078,4528.589844,4426.153809,4544.871582,4563.333496,4414.358887,4578.461426,4407.307617,4526.153809,4535.512695,4593.589844,4400.897461,4418.846191,4528.717773,4583.717773,4583.461426,4542.94873,4423.974121,4433.846191,4600.897461,4550.256348,4541.025879,4452.307617,4625.128418,4433.974121,4602.307617,4532.820313,4429.487305,4579.615234,4547.820313,2911,1,24,1280,40159,,,,0,4,4,4,4,4,4,4,4,4,4,4,4,4,4,4,4,4,4,4,4,4,4,4,4,4,4,4,4,4,4,4,4,100,,,,,,,,,,,,,,,,,,,,,,,,,,,,,,,,,,,,,,,,,,,,,,,,,,,,,,,,,,,,,,,,,,,,,,,,,,,,,,,,,,,,,,,,,,,,,,,,,,,,,,,,,,,,,,,,,,,,,,,,,,,,,,,,,,,,,,,,,,,,,,,,,,,,,,,,,,,,,,,,,,,,,,,,,,,,,,,,,,,,,,,,,,,,,,,,,,,,,,,,,,,,,,
1764665425.746505,28311,0,4417.563965,4425.128418,4530.641113,4526.666504,4425.384766,4541.025879,4561.410156,4414.871582,4577.692383,4401.025879,4522.563965,4534.102539,4591.153809,4399.358887,4415.641113,4526.410156,4581.666504,4579.230957,4539.230957,4420.897461,4430.128418,4595.384766,4545.256348,4534.230957,4445.384766,4623.333496,4428.461426,4596.794922,4530.641113,4425.897461,4576.025879,4545.384766,2826,1,24,1280,40159,,,,0,4,4,4,4,4,4,4,4,4,4,4,4,4,4,4,4,4,4,4,4,4,4,4,4,4,4,4,4,4,4,4,4,100,,,,,,,,,,,,,,,,,,,,,,,,,,,,,,,,,,,,,,,,,,,,,,,,,,,,,,,,,,,,,,,,,,,,,,,,,,,,,,,,,,,,,,,,,,,,,,,,,,,,,,,,,,,,,,,,,,,,,,,,,,,,,,,,,,,,,,,,,,,,,,,,,,,,,,,,,,,,,,,,,,,,,,,,,,,,,,,,,,,,,,,,,,,,,,,,,,,,,,,,,,,,,,
1764665425.750412,28312,0,4407.563965,4416.025879,4521.794922,4521.922852,4418.589844,4531.538574,4554.743652,4407.307617,4572.563965,4391.153809,4513.333496,4525.769043,4583.333496,4393.461426,4406.922852,4517.179688,4572.307617,4566.153809,4531.538574,4411.538574,4420.256348,4584.615234,4535.256348,4521.025879,4429.487305,4613.717773,4418.974121,4582.563965,4524.102539,4418.205078,4570.256348,4536.410156,2733,1,24,1536,40167,,,,0,4,4,4,4,4,4,4,4,4,4,4,4,4,4,4,4,4,4,4,4,4,4,4,4,4,4,4,4,4,4,4,4,100,,,,,,,,,,,,,,,,,,,,,,,,,,,,,,,,,,,,,,,,,,,,,,,,,,,,,,,,,,,,,,,,,,,,,,,,,,,,,,,,,,,,,,,,,,,,,,,,,,,,,,,,,,,,,,,,,,,,,,,,,,,,,,,,,,,,,,,,,,,,,,,,,,,,,,,,,,,,,,,,,,,,,,,,,,,,,,,,,,,,,,,,,,,,,,,,,,,,,,,,,,,,,,
1764665425.754318,28313,0,4398.333496,4407.307617,4513.333496,4518.717773,4411.153809,4522.436035,4548.205078,4396.410156,4567.05127,4385.897461,4505.128418,4517.179688,4576.153809,4387.820313,4399.487305,4507.05127,4562.307617,4552.563965,4524.358887,4401.794922,4410.641113,4574.743652,4526.538574,4509.743652,4415.128418,4602.563965,4411.794922,4568.846191,4517.692383,4411.666504,4565.641113,4527.436035,2803,1,24,1536,40167,,,,0,4,4,4,4,4,4,4,4,4,4,4,4,4,4,4,4,4,4,4,4,4,4,4,4,4,4,4,4,4,4,4,4,100,,,,,,,,,,,,,,,,,,,,,,,,,,,,,,,,,,,39846,0,0.018368,-0.69458,-0.719116,-0.009644,1.005005,0.038091,0.036626,19.5,1.166667,54.5,,,,,,,,,,,,,,,,,,,,,,,,,,,,,,,,,,,,,,,,,,,,,,,,,,,,,,,,,,,,,,,,,,,,,,,,,,,,,,,,,,,,,,,,,,,,,,,,,,,,,,,,,,,,,,,,,,,,,,,,,,,,,,,,,,,,,,,,,,,,,,,,,,,,,,,,,,,,,,,,
1764665425.758225,28314,0,4396.794922,4406.922852,4513.461426,4521.666504,4409.743652,4521.025879,4547.436035,4391.666504,4566.282227,4391.282227,4504.743652,4516.282227,4575.512695,4386.794922,4398.974121,4502.692383,4559.743652,4547.563965,4522.692383,4398.846191,4408.846191,4572.05127,4525.384766,4508.205078,4412.307617,4598.461426,4412.820313,4565.769043,4517.05127,4411.922852,4565.641113,4525.641113,1927,1,24,1792,40175,,,,0,4,4,4,4,4,4,4,4,4,4,4,4,4,4,4,4,4,4,4,4,4,4,4,4,4,4,4,4,4,4,4,4,100,,,,,,,,,,,,,,,,,,,,,,,,,,,,,,,,,,,,,,,,,,,,,,,1.069537,1.687233,1.991126,0.767696,1.25712,2.354825,1.760355,2.660115,1.098259,1.562156,2.999846,1.571101,1.633965,1.345965,1.727615,1.399083,1.361872,1.360323,1.205048,1.323236,1.885309,1.662001,1.874464,0.820324,1.226618,1.357469,2.006896,2.334197,0.870283,1.241789,0.983337,1.029801,1.492649,0.912827,1.4249,1.173903,1.251506,1.533028,0.981519,1.523206,1.482567,0.730197,1.342191,1.050398,1.450327,1.521768,0.994621,1.777664,1.033504,2.054996,0.803198,0.513059,1.047605,0.481067,1.04642,1.159627,0.945871,1.41488,0.788624,1.410406,0.732507,1.238875,1.252203,0.725885,0.976926,0.971691,0.514241,0.738609,0.472371,0.890595,0.591492,0.238231,0.448475,0.658437,1.154141,0.684323,0.756715,0.574419,0.37459,0.734403,1.252829,2.292098,2.062016,0.809474,1.519294,1.300645,2.002826,0.825923,0.883678,1.780162,0.522177,1.710847,0.598826,0.623387,1.284953,1.315259,1.474732,1.197718,0.721114,1.461239,1.623375,2.316801,1.243596,0.73967,1.431117,1.313277,3.611415,1.904388,0.937582,1.564107,0.714048,1.206701,1.631747,0.798591,1.343114,1.477502,1.488586,1.645389,0.897489,1.438853,2.260329,1.291543,2.779018,1.042948,2.066393,3.306684,0.677855,1.098103,0.976455,1.585142,2.058422,1.062504,2.089669,1.195405,1.762868,1.950663,1.411281,2.21515,0.99598,1.512864,0.737416,0.634299,0.820649,0.528838,0.736386,2.554424,1.643767,1.237306,0.849045,1.629179,2.20505,0.924596,1.69902,1.202224,2.034858,2.865692,1.591312,1.71162,1.001714,1.878156
1764665425.762131,28315,0,4405.256348,4417.179688,4525.128418,4532.05127,4417.436035,4530.769043,4554.871582,4399.230957,4573.461426,4406.794922,4514.230957,4526.538574,4583.077148,4391.794922,4405.384766,4507.563965,4568.333496,4555.512695,4529.102539,4405.769043,4417.179688,4579.615234,4533.333496,4517.820313,4422.94873,4605,4422.820313,4576.794922,4523.974121,4420.641113,4571.410156,4533.846191,2614,1,24,1792,40175,,,,0,4,4,4,4,4,4,4,4,4,4,4,4,4,4,4,4,4,4,4,4,4,4,4,4,4,4,4,4,4,4,4,4,100,,,,,,,,,,,,,,,,,,,,,,,,,,,,,,,,,,,,,,,,,,,,,,,,,,,,,,,,,,,,,,,,,,,,,,,,,,,,,,,,,,,,,,,,,,,,,,,,,,,,,,,,,,,,,,,,,,,,,,,,,,,,,,,,,,,,,,,,,,,,,,,,,,,,,,,,,,,,,,,,,,,,,,,,,,,,,,,,,,,,,,,,,,,,,,,,,,,,,,,,,,,,,,
1764665425.766038,28316,0,4419.358887,4432.307617,4542.820313,4546.282227,4430.769043,4547.692383,4567.94873,4416.794922,4586.025879,4425.128418,4528.461426,4543.333496,4595.641113,4400.641113,4414.230957,4518.461426,4583.717773,4572.307617,4540.769043,4418.846191,4431.025879,4594.102539,4545.512695,4532.692383,4439.487305,4618.333496,4436.282227,4595.512695,4534.615234,4433.461426,4580.128418,4547.820313,2681,1,24,2048,40183,,,,0,4,4,4,4,4,4,4,4,4,4,4,4,4,4,4,4,4,4,4,4,4,4,4,4,4,4,4,4,4,4,4,4,100,,,,,,,,,,,,,,,,,,,,,,,,,,,,,,,,,,,,,,,,,,,,,,,,,,,,,,,,,,,,,,,,,,,,,,,,,,,,,,,,,,,,,,,,,,,,,,,,,,,,,,,,,,,,,,,,,,,,,,,,,,,,,,,,,,,,,,,,,,,,,,,,,,,,,,,,,,,,,,,,,,,,,,,,,,,,,,,,,,,,,,,,,,,,,,,,,,,,,,,,,,,,,,
1764665425.769944,28317,0,4430.641113,4443.205078,4556.282227,4557.179688,4441.410156,4562.307617,4579.743652,4434.102539,4596.538574,4436.794922,4539.358887,4556.153809,4606.666504,4409.743652,4420,4528.717773,4596.666504,4587.307617,4550.641113,4429.743652,4441.025879,4606.922852,4554.102539,4542.94873,4450.641113,4629.230957,4444.743652,4609.615234,4542.820313,4442.307617,4586.153809,4559.230957,2517,1,24,2048,40183,,,,0,4,4,4,4,4,4,4,4,4,4,4,4,4,4,4,4,4,4,4,4,4,4,4,4,4,4,4,4,4,4,4,4,100,,,,,,,,,,,,,,,,,,,,,,,,,,,,,,,,,,,39847,0,0.018368,-0.69458,-0.719116,-0.009644,1.001099,0.041021,0.047857,19.333334,0.833333,52.166668,,,,,,,,,,,,,,,,,,,,,,,,,,,,,,,,,,,,,,,,,,,,,,,,,,,,,,,,,,,,,,,,,,,,,,,,,,,,,,,,,,,,,,,,,,,,,,,,,,,,,,,,,,,,,,,,,,,,,,,,,,,,,,,,,,,,,,,,,,,,,,,,,,,,,,,,,,,,,,,,
1764665425.773851,28318,0,4432.692383,4442.94873,4557.692383,4559.230957,4442.179688,4566.282227,4583.333496,4440.641113,4597.94873,4436.538574,4541.282227,4557.307617,4610.128418,4415.384766,4419.871582,4531.538574,4599.102539,4589.871582,4551.153809,4430.769043,4438.974121,4609.615234,4553.333496,4541.922852,4450.128418,4630.128418,4442.307617,4610.128418,4543.974121,4441.153809,4585.128418,4560.897461,2645,1,24,2304,40191,,,,0,4,4,4,4,4,4,4,4,4,4,4,4,4,4,4,4,4,4,4,4,4,4,4,4,4,4,4,4,4,4,4,4,100,,,,,,,,,,,,,,,,,,,,,,,,,,,,,,,,,,,,,,,,,,,,,,,,,,,,,,,,,,,,,,,,,,,,,,,,,,,,,,,,,,,,,,,,,,,,,,,,,,,,,,,,,,,,,,,,,,,,,,,,,,,,,,,,,,,,,,,,,,,,,,,,,,,,,,,,,,,,,,,,,,,,,,,,,,,,,,,,,,,,,,,,,,,,,,,,,,,,,,,,,,,,,,
1764665425.777757,28319,0,4425.128418,4432.563965,4547.692383,4552.179688,4432.692383,4558.333496,4576.922852,4433.333496,4589.743652,4426.666504,4534.358887,4546.922852,4605,4416.153809,4414.230957,4525.769043,4590.512695,4576.794922,4540.128418,4420.128418,4423.846191,4600.384766,4543.846191,4530.256348,4439.358887,4620.641113,4430.128418,4597.436035,4538.077148,4430.512695,4576.794922,4553.077148,2807,1,24,2304,40191,,,,0,4,4,4,4,4,4,4,4,4,4,4,4,4,4,4,4,4,4,4,4,4,4,4,4,4,4,4,4,4,4,4,4,100,,,,,,,,,,,,,,,,,,,,,,,,,,,,,,,,,,,,,,,,,,,,,,,,,,,,,,,,,,,,,,,,,,,,,,,,,,,,,,,,,,,,,,,,,,,,,,,,,,,,,,,,,,,,,,,,,,,,,,,,,,,,,,,,,,,,,,,,,,,,,,,,,,,,,,,,,,,,,,,,,,,,,,,,,,,,,,,,,,,,,,,,,,,,,,,,,,,,,,,,,,,,,,
1764665425.781663,28320,0,4413.974121,4419.230957,4533.717773,4541.282227,4419.615234,4544.743652,4564.743652,4418.589844,4578.717773,4415,4524.102539,4532.820313,4595.256348,4413.461426,4406.153809,4515,4576.794922,4555.512695,4522.692383,4403.333496,4402.563965,4584.358887,4531.025879,4514.615234,4425.641113,4606.922852,4415.128418,4580.256348,4529.102539,4416.922852,4565.384766,4541.538574,2751,1,24,2048,40198,,,,0,4,4,4,4,4,4,4,4,4,4,4,4,4,4,4,4,4,4,4,4,4,4,4,4,4,4,4,4,4,4,4,4,100,,,,,,,,,,,,,,,,,,,,,,,,,,,,,,,,,,,,,,,,,,,,,,,,,,,,,,,,,,,,,,,,,,,,,,,,,,,,,,,,,,,,,,,,,,,,,,,,,,,,,,,,,,,,,,,,,,,,,,,,,,,,,,,,,,,,,,,,,,,,,,,,,,,,,,,,,,,,,,,,,,,,,,,,,,,,,,,,,,,,,,,,,,,,,,,,,,,,,,,,,,,,,,
1764665425.785570,28321,0,4406.282227,4410.769043,4524.615234,4533.333496,4411.538574,4534.102539,4553.717773,4406.282227,4572.692383,4408.333496,4516.538574,4524.230957,4586.153809,4410,4399.487305,4505.384766,4565.769043,4538.205078,4507.94873,4389.358887,4385.256348,4570.256348,4521.794922,4502.820313,4416.666504,4596.794922,4404.743652,4568.333496,4521.538574,4407.820313,4556.922852,4533.333496,2902,1,24,2048,40198,,,,0,4,4,4,4,4,4,4,4,4,4,4,4,4,4,4,4,4,4,4,4,4,4,4,4,4,4,4,4,4,4,4,4,100,,,,,,,,,,,,,,,,,,,,,,,,,,,,,,,,,,,39848,0,0.020518,-0.694519,-0.719116,-0.009705,0.993285,0.031254,0.038579,19,0.166667,52.666668,,,,,,,,,,,,,,,,,,,,,,,,,,,,,,,,,,,,,,,,,,,,,,,,,,,,,,,,,,,,,,,,,,,,,,,,,,,,,,,,,,,,,,,,,,,,,,,,,,,,,,,,,,,,,,,,,,,,,,,,,,,,,,,,,,,,,,,,,,,,,,,,,,,,,,,,,,,,,,,,
1764665425.789476,28322,0,4405.128418,4410,4524.358887,4531.922852,4412.05127,4531.538574,4548.333496,4402.820313,4574.487305,4409.102539,4515,4524.487305,4581.282227,4407.820313,4396.153809,4500.897461,4561.794922,4533.461426,4503.077148,4384.487305,4379.230957,4564.487305,4519.743652,4498.974121,4415.897461,4594.615234,4402.307617,4566.282227,4517.94873,4406.410156,4554.743652,4531.410156,2580,1,24,1024,40206,,,,0,4,4,4,4,4,4,4,4,4,4,4,4,4,4,4,4,4,4,4,4,4,4,4,4,4,4,4,4,4,4,4,4,100,,,,,,,,,,,,,,,,,,,,,,,,,,,,,,,,,,,,,,,,,,,,,,,,,,,,,,,,,,,,,,,,,,,,,,,,,,,,,,,,,,,,,,,,,,,,,,,,,,,,,,,,,,,,,,,,,,,,,,,,,,,,,,,,,,,,,,,,,,,,,,,,,,,,,,,,,,,,,,,,,,,,,,,,,,,,,,,,,,,,,,,,,,,,,,,,,,,,,,,,,,,,,,
1764665425.793383,28323,0,4408.846191,4413.974121,4530.897461,4535.641113,4418.077148,4535.384766,4549.358887,4407.179688,4580.897461,4413.333496,4517.820313,4530.512695,4580.769043,4406.538574,4396.410156,4502.563965,4564.102539,4540.897461,4508.846191,4389.230957,4385.128418,4567.820313,4523.589844,4502.05127,4421.922852,4599.871582,4406.282227,4571.794922,4518.077148,4411.282227,4558.717773,4533.974121,2835,1,24,1024,40206,,,,0,4,4,4,4,4,4,4,4,4,4,4,4,4,4,4,4,4,4,4,4,4,4,4,4,4,4,4,4,4,4,4,4,100,,,,,,,,,,,,,,,,,,,,,,,,,,,,,,,,,,,,,,,,,,,,,,,,,,,,,,,,,,,,,,,,,,,,,,,,,,,,,,,,,,,,,,,,,,,,,,,,,,,,,,,,,,,,,,,,,,,,,,,,,,,,,,,,,,,,,,,,,,,,,,,,,,,,,,,,,,,,,,,,,,,,,,,,,,,,,,,,,,,,,,,,,,,,,,,,,,,,,,,,,,,,,,
1764665425.797289,28324,0,4413.077148,4418.333496,4538.974121,4539.743652,4423.974121,4540.769043,4554.102539,4413.846191,4586.794922,4415.897461,4521.025879,4536.410156,4582.307617,4405.769043,4399.230957,4508.461426,4569.230957,4552.820313,4520.256348,4399.358887,4397.692383,4576.025879,4529.871582,4508.589844,4431.025879,4608.589844,4413.333496,4579.358887,4520.384766,4418.077148,4565.897461,4538.589844,2736,1,24,256,40214,,,,0,4,4,4,4,4,4,4,4,4,4,4,4,4,4,4,4,4,4,4,4,4,4,4,4,4,4,4,4,4,4,4,4,100,,,,,,,,,,,,,,,,,,,,,,,,,,,,,,,,,,,,,,,,,,,,,,,,,,,,,,,,,,,,,,,,,,,,,,,,,,,,,,,,,,,,,,,,,,,,,,,,,,,,,,,,,,,,,,,,,,,,,,,,,,,,,,,,,,,,,,,,,,,,,,,,,,,,,,,,,,,,,,,,,,,,,,,,,,,,,,,,,,,,,,,,,,,,,,,,,,,,,,,,,,,,,,
1764665425.801196,28325,0,4414.871582,4421.025879,4544.358887,4541.282227,4425.384766,4543.205078,4559.358887,4417.820313,4588.974121,4414.230957,4521.538574,4538.205078,4583.717773,4405.128418,4402.94873,4515.512695,4572.94873,4560.512695,4530,4408.846191,4409.743652,4583.205078,4534.871582,4515,4439.230957,4617.307617,4420,4584.102539,4523.461426,4423.077148,4572.94873,4543.333496,2770,1,24,256,40214,,,,0,4,4,4,4,4,4,4,4,4,4,4,4,4,4,4,4,4,4,4,4,4,4,4,4,4,4,4,4,4,4,4,4,100,,,,,,,,,,,,,,,,,,,,,,,,,,,,,,,,,,,39849,0,0.020518,-0.694519,-0.719116,-0.009705,0.998657,0.030765,0.03223,19.166666,0,55.333332,,,,,,,,,,,,,,,,,,,,,,,,,,,,,,,,,,,,,,,,,,,,,,,,,,,,,,,,,,,,,,,,,,,,,,,,,,,,,,,,,,,,,,,,,,,,,,,,,,,,,,,,,,,,,,,,,,,,,,,,,,,,,,,,,,,,,,,,,,,,,,,,,,,,,,,,,,,,,,,,
1764665425.805102,28326,0,4413.846191,4422.307617,4545.384766,4539.743652,4422.307617,4542.05127,4562.820313,4417.307617,4587.820313,4409.871582,4518.846191,4535.512695,4583.717773,4404.615234,4405.641113,4520.641113,4573.589844,4560.384766,4533.333496,4413.717773,4416.538574,4585.897461,4536.794922,4519.102539,4443.846191,4623.589844,4424.615234,4585.384766,4526.666504,4424.615234,4577.820313,4547.179688,2776,1,24,256,40222,,,,0,4,4,4,4,4,4,4,4,4,4,4,4,4,4,4,4,4,4,4,4,4,4,4,4,4,4,4,4,4,4,4,4,100,,,,,,,,,,,,,,,,,,,,,,,,,,,,,,,,,,,,,,,,,,,,,,,,,,,,,,,,,,,,,,,,,,,,,,,,,,,,,,,,,,,,,,,,,,,,,,,,,,,,,,,,,,,,,,,,,,,,,,,,,,,,,,,,,,,,,,,,,,,,,,,,,,,,,,,,,,,,,,,,,,,,,,,,,,,,,,,,,,,,,,,,,,,,,,,,,,,,,,,,,,,,,,
1764665425.809009,28327,0,4411.794922,4423.205078,4543.077148,4537.692383,4418.461426,4539.358887,4564.230957,4414.358887,4584.743652,4407.05127,4515,4530.897461,4583.205078,4404.743652,4406.153809,4522.179688,4572.05127,4555.256348,4530.897461,4413.333496,4417.692383,4585,4535.769043,4520.641113,4443.717773,4627.307617,4427.692383,4585.512695,4528.974121,4423.589844,4580.256348,4549.230957,2962,1,24,256,40222,,,,0,4,4,4,4,4,4,4,4,4,4,4,4,4,4,4,4,4,4,4,4,4,4,4,4,4,4,4,4,4,4,4,4,100,,,,,,,,,,,,,,,,,,,,,,,,,,,,,,,,,,,,,,,,,,,,,,,,,,,,,,,,,,,,,,,,,,,,,,,,,,,,,,,,,,,,,,,,,,,,,,,,,,,,,,,,,,,,,,,,,,,,,,,,,,,,,,,,,,,,,,,,,,,,,,,,,,,,,,,,,,,,,,,,,,,,,,,,,,,,,,,,,,,,,,,,,,,,,,,,,,,,,,,,,,,,,,
1764665425.812815,28328,0,4411.025879,4424.230957,4539.743652,4537.820313,4417.563965,4538.077148,4564.743652,4412.307617,4581.410156,4408.461426,4512.436035,4527.563965,4583.717773,4405.256348,4404.102539,4520.384766,4571.153809,4551.025879,4526.666504,4409.615234,4415.641113,4583.846191,4533.717773,4520.769043,4439.230957,4628.461426,4430,4586.794922,4529.743652,4422.307617,4581.025879,4549.743652,2851,1,24,256,40230,,,,0,4,4,4,4,4,4,4,4,4,4,4,4,4,4,4,4,4,4,4,4,4,4,4,4,4,4,4,4,4,4,4,4,100,,,,,,,,,,,,,,,,,,,,,,,,,,,,,,,,,,,,,,,,,,,,,,,,,,,,,,,,,,,,,,,,,,,,,,,,,,,,,,,,,,,,,,,,,,,,,,,,,,,,,,,,,,,,,,,,,,,,,,,,,,,,,,,,,,,,,,,,,,,,,,,,,,,,,,,,,,,,,,,,,,,,,,,,,,,,,,,,,,,,,,,,,,,,,,,,,,,,,,,,,,,,,,
1764665425.816721,28329,0,4411.282227,4424.743652,4536.410156,4539.358887,4420.256348,4538.589844,4564.615234,4412.05127,4578.461426,4412.563965,4511.410156,4526.794922,4585.384766,4405.512695,4400.769043,4516.410156,4571.666504,4550.897461,4524.743652,4405.641113,4413.077148,4584.487305,4532.820313,4520.769043,4433.461426,4627.179688,4431.922852,4589.102539,4528.333496,4421.666504,4580.897461,4548.846191,2703,1,24,256,40230,,,,0,4,4,4,4,4,4,4,4,4,4,4,4,4,4,4,4,4,4,4,4,4,4,4,4,4,4,4,4,4,4,4,4,100,,,,,,,,,,,,,,,,,,,,,,,,,,,,,,,,,,,39850,0,0.020489,-0.694519,-0.719116,-0.009766,0.998657,0.030765,0.03223,19.333334,0.5,53,,,,,,,,,,,,,,,,,,,,,,,,,,,,,,,,,,,,,,,,,,,,,,,,,,,,,,,,,,,,,,,,,,,,,,,,,,,,,,,,,,,,,,,,,,,,,,,,,,,,,,,,,,,,,,,,,,,,,,,,,,,,,,,,,,,,,,,,,,,,,,,,,,,,,,,,,,,,,,,,
1764665425.820526,28330,0,4411.025879,4423.589844,4532.563965,4539.615234,4423.205078,4539.615234,4563.077148,4411.666504,4575.256348,4414.615234,4510.769043,4527.94873,4586.666504,4404.102539,4397.05127,4511.922852,4572.692383,4553.717773,4525.769043,4403.077148,4410.769043,4586.153809,4533.333496,4520.897461,4430.256348,4623.077148,4432.05127,4590.128418,4525.512695,4420.897461,4578.974121,4546.410156,1867,1,24,256,40237,,,,0,4,4,4,4,4,4,4,4,4,4,4,4,4,4,4,4,4,4,4,4,4,4,4,4,4,4,4,4,4,4,4,4,100,,,,,,,,,,,,,,,,,,,,,,,,,,,,,,,,,,,,,,,,,,,,,,,,,,,,,,,,,,,,,,,,,,,,,,,,,,,,,,,,,,,,,,,,,,,,,,,,,,,,,,,,,,,,,,,,,,,,,,,,,,,,,,,,,,,,,,,,,,,,,,,,,,,,,,,,,,,,,,,,,,,,,,,,,,,,,,,,,,,,,,,,,,,,,,,,,,,,,,,,,,,,,,
1764665425.824432,28331,0,4409.487305,4420.769043,4528.333496,4536.410156,4422.820313,4539.102539,4559.615234,4409.102539,4571.153809,4411.666504,4508.846191,4529.230957,4585.384766,4400.512695,4393.846191,4508.461426,4572.307617,4556.153809,4528.077148,4402.563965,4408.717773,4586.922852,4534.743652,4521.282227,4431.538574,4617.692383,4429.358887,4588.205078,4522.94873,4418.846191,4574.358887,4542.94873,2689,1,24,256,40237,,,,0,4,4,4,4,4,4,4,4,4,4,4,4,4,4,4,4,4,4,4,4,4,4,4,4,4,4,4,4,4,4,4,4,100,,,,,,,,,,,,,,,,,,,,,,,,,,,,,,,,,,,,,,,,,,,,,,,,,,,,,,,,,,,,,,,,,,,,,,,,,,,,,,,,,,,,,,,,,,,,,,,,,,,,,,,,,,,,,,,,,,,,,,,,,,,,,,,,,,,,,,,,,,,,,,,,,,,,,,,,,,,,,,,,,,,,,,,,,,,,,,,,,,,,,,,,,,,,,,,,,,,,,,,,,,,,,,
1764665425.828239,28332,0,4407.820313,4417.563965,4525.256348,4530.512695,4419.358887,4537.05127,4555.641113,4404.615234,4566.666504,4404.615234,4505.512695,4529.743652,4581.922852,4396.153809,4391.922852,4507.05127,4570.641113,4556.025879,4529.487305,4403.717773,4408.333496,4586.538574,4536.666504,4522.563965,4436.538574,4613.717773,4424.230957,4584.615234,4522.563965,4415.769043,4567.94873,4539.487305,2489,1,24,512,40245,,,,0,4,4,4,4,4,4,4,4,4,4,4,4,4,4,4,4,4,4,4,4,4,4,4,4,4,4,4,4,4,4,4,4,100,,,,,,,,,,,,,,,,,,,,,,,,,,,,,,,,,,,,,,,,,,,,,,,,,,,,,,,,,,,,,,,,,,,,,,,,,,,,,,,,,,,,,,,,,,,,,,,,,,,,,,,,,,,,,,,,,,,,,,,,,,,,,,,,,,,,,,,,,,,,,,,,,,,,,,,,,,,,,,,,,,,,,,,,,,,,,,,,,,,,,,,,,,,,,,,,,,,,,,,,,,,,,,
1764665425.832145,28333,0,4408.077148,4416.025879,4525.128418,4525.256348,4415.384766,4534.871582,4553.589844,4400.256348,4563.205078,4397.94873,4501.922852,4530.256348,4578.717773,4393.717773,4392.179688,4507.94873,4568.974121,4554.102539,4529.487305,4406.025879,4410.641113,4586.922852,4539.102539,4524.871582,4442.436035,4613.077148,4419.487305,4581.922852,4524.615234,4413.205078,4563.077148,4538.077148,2204,1,24,512,40245,,,,0,4,4,4,4,4,4,4,4,4,4,4,4,4,4,4,4,4,4,4,4,4,4,4,4,4,4,4,4,4,4,4,4,100,,,,,,,,,,,,,,,,,,,,,,,,,,,,,,,,,,,39851,0,0.02046,-0.694519,-0.719116,-0.009827,1.004517,0.033696,0.048834,18.166666,1.333333,52.666668,,,,,,,,,,,,,,,,,,,,,,,,,,,,,,,,,,,,,,,,,,,,,,,,,,,,,,,,,,,,,,,,,,,,,,,,,,,,,,,,,,,,,,,,,,,,,,,,,,,,,,,,,,,,,,,,,,,,,,,,,,,,,,,,,,,,,,,,,,,,,,,,,,,,,,,,,,,,,,,,
1764665425.836052,28334,0,4411.025879,4417.179688,4527.94873,4523.974121,4413.846191,4534.230957,4555,4398.717773,4562.179688,4395.897461,4499.358887,4532.436035,4578.461426,4395.128418,4395.897461,4511.153809,4569.358887,4552.94873,4528.589844,4408.589844,4415,4589.102539,4542.563965,4527.94873,4446.410156,4615.256348,4417.563965,4581.922852,4527.563965,4412.820313,4563.077148,4539.743652,2706,1,24,768,40253,,,,0,4,4,4,4,4,4,4,4,4,4,4,4,4,4,4,4,4,4,4,4,4,4,4,4,4,4,4,4,4,4,4,4,100,,,,,,,,,,,,,,,,,,,,,,,,,,,,,,,,,,,,,,,,,,,,,,,,,,,,,,,,,,,,,,,,,,,,,,,,,,,,,,,,,,,,,,,,,,,,,,,,,,,,,,,,,,,,,,,,,,,,,,,,,,,,,,,,,,,,,,,,,,,,,,,,,,,,,,,,,,,,,,,,,,,,,,,,,,,,,,,,,,,,,,,,,,,,,,,,,,,,,,,,,,,,,,
1764665425.839958,28335,0,4415.897461,4421.410156,4531.922852,4528.077148,4415.769043,4536.153809,4559.871582,4401.410156,4564.743652,4400.128418,4499.102539,4537.179688,4582.307617,4400.897461,4403.846191,4516.538574,4572.563965,4554.871582,4527.820313,4411.025879,4419.487305,4593.077148,4547.436035,4530.897461,4447.94873,4619.230957,4419.871582,4585.512695,4529.871582,4415.641113,4568.205078,4543.333496,2489,1,24,768,40253,,,,0,4,4,4,4,4,4,4,4,4,4,4,4,4,4,4,4,4,4,4,4,4,4,4,4,4,4,4,4,4,4,4,4,100,,,,,,,,,,,,,,,,,,,,,,,,,,,,,,,,,,,,,,,,,,,,,,,,,,,,,,,,,,,,,,,,,,,,,,,,,,,,,,,,,,,,,,,,,,,,,,,,,,,,,,,,,,,,,,,,,,,,,,,,,,,,,,,,,,,,,,,,,,,,,,,,,,,,,,,,,,,,,,,,,,,,,,,,,,,,,,,,,,,,,,,,,,,,,,,,,,,,,,,,,,,,,,
1764665425.843865,28336,0,4421.666504,4428.205078,4535.512695,4536.025879,4421.025879,4541.025879,4567.05127,4407.94873,4571.153809,4409.871582,4502.436035,4544.743652,4590,4409.743652,4414.358887,4524.230957,4579.358887,4561.153809,4529.102539,4414.358887,4423.461426,4598.077148,4553.846191,4534.615234,4448.717773,4623.589844,4426.410156,4592.05127,4531.794922,4421.922852,4576.025879,4547.563965,2860,1,24,1024,40261,,,,0,4,4,4,4,4,4,4,4,4,4,4,4,4,4,4,4,4,4,4,4,4,4,4,4,4,4,4,4,4,4,4,4,100,,,,,,,,,,,,,,,,,,,,,,,,,,,,,,,,,,,,,,,,,,,,,,,,,,,,,,,,,,,,,,,,,,,,,,,,,,,,,,,,,,,,,,,,,,,,,,,,,,,,,,,,,,,,,,,,,,,,,,,,,,,,,,,,,,,,,,,,,,,,,,,,,,,,,,,,,,,,,,,,,,,,,,,,,,,,,,,,,,,,,,,,,,,,,,,,,,,,,,,,,,,,,,
1764665425.847771,28337,0,4427.820313,4436.410156,4539.358887,4544.615234,4428.461426,4548.717773,4575.384766,4416.922852,4580.128418,4421.922852,4508.846191,4554.871582,4599.871582,4418.974121,4424.230957,4533.717773,4590,4570.897461,4534.487305,4420.128418,4428.333496,4604.102539,4561.025879,4540.128418,4450.384766,4627.563965,4435.384766,4600.769043,4534.871582,4430.256348,4582.692383,4550.769043,2913,1,24,1024,40261,,,,0,4,4,4,4,4,4,4,4,4,4,4,4,4,4,4,4,4,4,4,4,4,4,4,4,4,4,4,4,4,4,4,4,100,,,,,,,,,,,,,,,,,,,,,,,,,,,,,,,,,,,39852,0,0.020489,-0.694519,-0.719116,-0.009766,0.996215,0.036137,0.039067,20.833334,0,55.333332,,,,,,,,,,,,,,,,,,,,,,,,,,,,,,,,,,,,,,,,,,,,,,,,,,,,,,,,,,,,,,,,,,,,,,,,,,,,,,,,,,,,,,,,,,,,,,,,,,,,,,,,,,,,,,,,,,,,,,,,,,,,,,,,,,,,,,,,,,,,,,,,,,,,,,,,,,,,,,,,
1764665425.851678,28338,0,4433.205078,4443.205078,4543.333496,4550.512695,4435.384766,4557.05127,4582.307617,4425.897461,4588.461426,4431.282227,4516.153809,4565.512695,4608.461426,4425.512695,4429.615234,4542.436035,4601.538574,4581.410156,4543.589844,4427.820313,4434.487305,4611.025879,4566.666504,4546.282227,4453.077148,4629.487305,4443.205078,4608.717773,4538.974121,4437.94873,4585.384766,4551.666504,1764,1,24,1280,40269,,,,0,4,4,4,4,4,4,4,4,4,4,4,4,4,4,4,4,4,4,4,4,4,4,4,4,4,4,4,4,4,4,4,4,100,,,,,,,,,,,,,,,,,,,,,,,,,,,,,,,,,,,,,,,,,,,,,,,,,,,,,,,,,,,,,,,,,,,,,,,,,,,,,,,,,,,,,,,,,,,,,,,,,,,,,,,,,,,,,,,,,,,,,,,,,,,,,,,,,,,,,,,,,,,,,,,,,,,,,,,,,,,,,,,,,,,,,,,,,,,,,,,,,,,,,,,,,,,,,,,,,,,,,,,,,,,,,,
1764665425.855584,28339,0,4435,4444.487305,4545.128418,4551.282227,4438.974121,4562.307617,4585,4430.641113,4592.05127,4433.205078,4520.128418,4572.436035,4611.282227,4426.666504,4427.563965,4546.025879,4608.461426,4588.717773,4552.692383,4433.077148,4439.102539,4616.025879,4567.307617,4548.846191,4453.846191,4626.794922,4445,4611.282227,4541.538574,4440.769043,4582.692383,4549.102539,2933,1,24,1280,40269,,,,0,4,4,4,4,4,4,4,4,4,4,4,4,4,4,4,4,4,4,4,4,4,4,4,4,4,4,4,4,4,4,4,4,100,,,,,,,,,,,,,,,,,,,,,,,,,,,,,,,,,,,,,,,,,,,,,,,,,,,,,,,,,,,,,,,,,,,,,,,,,,,,,,,,,,,,,,,,,,,,,,,,,,,,,,,,,,,,,,,,,,,,,,,,,,,,,,,,,,,,,,,,,,,,,,,,,,,,,,,,,,,,,,,,,,,,,,,,,,,,,,,,,,,,,,,,,,,,,,,,,,,,,,,,,,,,,,
1764665425.859491,28340,0,4431.025879,4438.717773,4542.05127,4546.410156,4437.179688,4560.897461,4581.153809,4428.461426,4588.205078,4425.641113,4518.205078,4571.282227,4606.153809,4422.436035,4419.230957,4541.922852,4606.025879,4588.846191,4555.641113,4431.666504,4438.461426,4615,4560.769043,4543.974121,4448.717773,4618.717773,4438.846191,4605.512695,4539.871582,4436.153809,4575.769043,4544.102539,2532,1,24,1536,40276,,,,0,4,4,4,4,4,4,4,4,4,4,4,4,4,4,4,4,4,4,4,4,4,4,4,4,4,4,4,4,4,4,4,4,100,,,,,,,,,,,,,,,,,,,,,,,,,,,,,,,,,,,,,,,,,,,,,,,,,,,,,,,,,,,,,,,,,,,,,,,,,,,,,,,,,,,,,,,,,,,,,,,,,,,,,,,,,,,,,,,,,,,,,,,,,,,,,,,,,,,,,,,,,,,,,,,,,,,,,,,,,,,,,,,,,,,,,,,,,,,,,,,,,,,,,,,,,,,,,,,,,,,,,,,,,,,,,,
1764665425.863397,28341,0,4422.307617,4428.717773,4534.615234,4538.846191,4431.153809,4552.820313,4572.820313,4420.641113,4579.102539,4412.179688,4511.922852,4561.410156,4595.769043,4415.897461,4410.256348,4532.179688,4595,4581.153809,4550,4423.333496,4431.410156,4607.179688,4549.615234,4532.692383,4438.205078,4607.820313,4427.94873,4593.846191,4534.230957,4427.05127,4568.333496,4538.846191,2819,1,24,1536,40276,,,,0,4,4,4,4,4,4,4,4,4,4,4,4,4,4,4,4,4,4,4,4,4,4,4,4,4,4,4,4,4,4,4,4,100,,,,,,,,,,,,,,,,,,,,,,,,,,,,,,,,,,,39853,0,0.02046,-0.694519,-0.719116,-0.009827,1.002075,0.033207,0.048834,17.833334,0.333333,56.666668,,,,,,,,,,,,,,,,,,,,,,,,,,,,,,,,,,,,,,,,,,,,,,,,,,,,,,,,,,,,,,,,,,,,,,,,,,,,,,,,,,,,,,,,,,,,,,,,,,,,,,,,,,,,,,,,,,,,,,,,,,,,,,,,,,,,,,,,,,,,,,,,,,,,,,,,,,,,,,,,
1764665425.867304,28342,0,4413.205078,4420.641113,4526.794922,4533.589844,4425,4542.820313,4565.256348,4412.307617,4571.538574,4400.512695,4506.025879,4548.717773,4587.436035,4411.410156,4406.410156,4522.94873,4582.563965,4569.743652,4538.589844,4412.563965,4421.666504,4596.538574,4540.384766,4521.666504,4426.922852,4600.256348,4419.230957,4583.333496,4528.589844,4419.487305,4564.615234,4536.282227,2925,1,24,1792,40284,,,,0,4,4,4,4,4,4,4,4,4,4,4,4,4,4,4,4,4,4,4,4,4,4,4,4,4,4,4,4,4,4,4,4,100,,,,,,,,,,,,,,,,,,,,,,,,,,,,,,,,,,,,,,,,,,,,,,,,,,,,,,,,,,,,,,,,,,,,,,,,,,,,,,,,,,,,,,,,,,,,,,,,,,,,,,,,,,,,,,,,,,,,,,,,,,,,,,,,,,,,,,,,,,,,,,,,,,,,,,,,,,,,,,,,,,,,,,,,,,,,,,,,,,,,,,,,,,,,,,,,,,,,,,,,,,,,,,
1764665425.871210,28343,0,4408.974121,4418.974121,4523.077148,4533.589844,4422.94873,4536.538574,4563.461426,4408.846191,4571.538574,4397.436035,4504.487305,4540.512695,4586.794922,4411.410156,4409.615234,4519.743652,4576.794922,4560.897461,4528.333496,4404.871582,4414.615234,4589.743652,4537.820313,4517.179688,4420.641113,4600.256348,4418.333496,4580.512695,4526.282227,4418.461426,4565.897461,4537.05127,2838,1,24,1792,40284,,,,0,4,4,4,4,4,4,4,4,4,4,4,4,4,4,4,4,4,4,4,4,4,4,4,4,4,4,4,4,4,4,4,4,100,,,,,,,,,,,,,,,,,,,,,,,,,,,,,,,,,,,,,,,,,,,,,,,,,,,,,,,,,,,,,,,,,,,,,,,,,,,,,,,,,,,,,,,,,,,,,,,,,,,,,,,,,,,,,,,,,,,,,,,,,,,,,,,,,,,,,,,,,,,,,,,,,,,,,,,,,,,,,,,,,,,,,,,,,,,,,,,,,,,,,,,,,,,,,,,,,,,,,,,,,,,,,,
1764665425.875117,28344,0,4410.897461,4422.05127,4523.974121,4537.179688,4424.615234,4536.538574,4567.820313,4410.641113,4579.102539,4403.974121,4506.922852,4539.743652,4592.94873,4414.615234,4416.153809,4522.563965,4579.102539,4558.333496,4524.358887,4402.307617,4412.692383,4588.717773,4541.025879,4520.128418,4419.871582,4606.153809,4423.846191,4584.615234,4527.94873,4422.94873,4569.358887,4538.717773,2752,1,24,2048,40292,,,,0,4,4,4,4,4,4,4,4,4,4,4,4,4,4,4,4,4,4,4,4,4,4,4,4,4,4,4,4,4,4,4,4,100,,,,,,,,,,,,,,,,,,,,,,,,,,,,,,,,,,,,,,,,,,,,,,,,,,,,,,,,,,,,,,,,,,,,,,,,,,,,,,,,,,,,,,,,,,,,,,,,,,,,,,,,,,,,,,,,,,,,,,,,,,,,,,,,,,,,,,,,,,,,,,,,,,,,,,,,,,,,,,,,,,,,,,,,,,,,,,,,,,,,,,,,,,,,,,,,,,,,,,,,,,,,,,
1764665425.879023,28345,0,4415.256348,4424.487305,4525.897461,4539.871582,4425.512695,4539.743652,4573.333496,4413.717773,4588.077148,4415,4509.743652,4542.179688,4598.974121,4417.05127,4419.743652,4526.410156,4584.102539,4559.871582,4525.769043,4402.436035,4413.589844,4590.512695,4543.974121,4524.871582,4421.153809,4611.410156,4428.461426,4589.358887,4529.871582,4426.666504,4570.256348,4536.922852,2820,1,24,2048,40292,,,,0,4,4,4,4,4,4,4,4,4,4,4,4,4,4,4,4,4,4,4,4,4,4,4,4,4,4,4,4,4,4,4,4,100,,,,,,,,,,,,,,,,,,,,,,,,,,,,,,,,,,,39854,0,0.018171,-0.69458,-0.719116,-0.01001,0.993285,0.025882,0.044439,20.166666,-0.5,54.333332,,,,,,,,,,,,,,,,,,,,,,,,,,,,,,,,,,,,,,,,,,,,,,,,,,,,,,,,,,,,,,,,,,,,,,,,,,,,,,,,,,,,,,,,,,,,,,,,,,,,,,,,,,,,,,,,,,,,,,,,,,,,,,,,,,,,,,,,,,,,,,,,,,,,,,,,,,,,,,,,
1764665425.882930,28346,0,4416.922852,4421.666504,4524.358887,4538.205078,4422.05127,4540.769043,4574.487305,4413.333496,4591.025879,4423.205078,4509.102539,4541.794922,4597.692383,4416.153809,4417.179688,4525.641113,4584.102539,4560.384766,4527.94873,4401.538574,4412.307617,4589.871582,4541.025879,4524.230957,4420.384766,4609.615234,4425.769043,4588.205078,4527.94873,4424.230957,4565.897461,4529.871582,1939,1,24,2304,40300,,,,0,4,4,4,4,4,4,4,4,4,4,4,4,4,4,4,4,4,4,4,4,4,4,4,4,4,4,4,4,4,4,4,4,100,,,,,,,,,,,,,,,,,,,,,,,,,,,,,,,,,,,,,,,,,,,,,,,0.691083,1.405567,1.688041,0.748991,1.233786,1.970386,1.630036,2.38492,0.960718,1.520519,2.9811,1.540585,1.544702,1.169027,1.674389,1.343354,1.607882,1.398996,0.999131,1.298062,1.631423,1.894964,1.824096,0.719602,1.222014,0.938437,1.772661,2.096515,0.767288,1.221033,0.7028,1.135051,1.353325,0.906733,1.385343,1.13463,1.371486,1.558805,0.854059,1.489969,1.781558,0.855734,1.246781,0.945715,1.43432,1.485585,1.126042,1.956064,1.231448,2.047417,0.926705,0.456738,0.888122,0.508585,1.033583,0.755515,1.004714,1.318144,0.711578,1.382098,0.490671,1.321598,1.226926,0.69519,0.950837,1.001702,0.518204,0.723844,0.458934,0.82113,0.498346,0.238814,0.412311,0.650639,1.11218,0.514811,0.764075,0.48345,0.364124,0.700349,0.904672,2.524889,1.933106,0.807698,1.507418,1.169766,2.303118,0.771875,0.875835,1.710978,0.437369,1.872885,0.551568,0.639006,1.273325,1.320606,1.258564,1.138054,0.722235,1.44043,1.73428,2.408857,1.171332,0.636545,1.41535,1.112593,3.83854,1.542758,0.872056,1.522057,0.476642,1.103795,1.432043,0.732051,1.339298,1.390859,1.303482,1.47866,0.887698,1.419152,2.457185,1.113478,2.618721,0.865049,2.044226,3.348502,0.49212,1.098409,0.906716,1.513125,1.936432,0.80493,1.928691,1.12935,1.735421,1.713023,1.199568,1.929843,0.971512,1.459276,0.499613,0.57497,0.754999,0.475415,0.726072,2.256306,1.250731,1.162199,0.774993,1.552765,2.165459,0.725497,1.520276,1.116247,1.92589,2.941517,1.5415,1.623318,0.900189,1.711077
1764665425.886836,28347,0,4413.461426,4414.102539,4518.333496,4532.820313,4415.128418,4536.282227,4568.974121,4408.974121,4586.153809,4423.846191,4504.615234,4536.025879,4588.333496,4412.436035,4410.128418,4519.615234,4576.538574,4555.769043,4526.794922,4397.94873,4406.410156,4584.358887,4532.179688,4516.025879,4417.820313,4600.384766,4415.256348,4579.743652,4521.538574,4416.025879,4557.307617,4520.512695,2636,1,24,2304,40300,,,,0,4,4,4,4,4,4,4,4,4,4,4,4,4,4,4,4,4,4,4,4,4,4,4,4,4,4,4,4,4,4,4,4,100,,,,,,,,,,,,,,,,,,,,,,,,,,,,,,,,,,,,,,,,,,,,,,,,,,,,,,,,,,,,,,,,,,,,,,,,,,,,,,,,,,,,,,,,,,,,,,,,,,,,,,,,,,,,,,,,,,,,,,,,,,,,,,,,,,,,,,,,,,,,,,,,,,,,,,,,,,,,,,,,,,,,,,,,,,,,,,,,,,,,,,,,,,,,,,,,,,,,,,,,,,,,,,
1764665425.890743,28348,0,4406.922852,4406.666504,4510.512695,4527.307617,4408.589844,4527.94873,4559.871582,4403.974121,4577.820313,4417.820313,4498.974121,4528.077148,4576.666504,4408.589844,4403.077148,4511.794922,4565.128418,4546.410156,4521.282227,4392.820313,4397.563965,4575.769043,4521.666504,4503.974121,4416.410156,4588.846191,4402.563965,4567.692383,4513.974121,4407.05127,4548.461426,4513.589844,2698,1,24,2560,40308,,,,0,4,4,4,4,4,4,4,4,4,4,4,4,4,4,4,4,4,4,4,4,4,4,4,4,4,4,4,4,4,4,4,4,100,,,,,,,,,,,,,,,,,,,,,,,,,,,,,,,,,,,,,,,,,,,,,,,,,,,,,,,,,,,,,,,,,,,,,,,,,,,,,,,,,,,,,,,,,,,,,,,,,,,,,,,,,,,,,,,,,,,,,,,,,,,,,,,,,,,,,,,,,,,,,,,,,,,,,,,,,,,,,,,,,,,,,,,,,,,,,,,,,,,,,,,,,,,,,,,,,,,,,,,,,,,,,,
1764665425.894649,28349,0,4401.538574,4403.333496,4504.615234,4524.230957,4405.128418,4520.384766,4552.307617,4401.666504,4571.794922,4409.487305,4495.769043,4522.179688,4570.128418,4406.282227,4399.615234,4506.410156,4555.769043,4535.897461,4513.846191,4388.589844,4389.230957,4567.563965,4514.871582,4493.974121,4417.94873,4580.769043,4393.589844,4558.077148,4509.102539,4402.820313,4542.692383,4511.922852,2534,1,24,2560,40308,,,,0,4,4,4,4,4,4,4,4,4,4,4,4,4,4,4,4,4,4,4,4,4,4,4,4,4,4,4,4,4,4,4,4,100,,,,,,,,,,,,,,,,,,,,,,,,,,,,,,,,,,,39855,0,0.020414,-0.69458,-0.719055,-0.010071,0.984007,0.0293,0.034672,19.333334,-0.166667,53.833332,,,,,,,,,,,,,,,,,,,,,,,,,,,,,,,,,,,,,,,,,,,,,,,,,,,,,,,,,,,,,,,,,,,,,,,,,,,,,,,,,,,,,,,,,,,,,,,,,,,,,,,,,,,,,,,,,,,,,,,,,,,,,,,,,,,,,,,,,,,,,,,,,,,,,,,,,,,,,,,,
1764665425.898556,28350,0,4400.384766,4405.128418,4502.563965,4524.743652,4404.615234,4517.179688,4549.871582,4402.94873,4570.897461,4404.102539,4496.922852,4520.512695,4571.410156,4405.641113,4399.871582,4505.128418,4552.436035,4529.102539,4507.820313,4386.666504,4385,4562.94873,4514.230957,4490.384766,4421.794922,4578.974121,4391.025879,4555,4509.230957,4404.743652,4541.410156,4514.615234,2662,1,24,2560,40316,,,,0,4,4,4,4,4,4,4,4,4,4,4,4,4,4,4,4,4,4,4,4,4,4,4,4,4,4,4,4,4,4,4,4,100,,,,,,,,,,,,,,,,,,,,,,,,,,,,,,,,,,,,,,,,,,,,,,,,,,,,,,,,,,,,,,,,,,,,,,,,,,,,,,,,,,,,,,,,,,,,,,,,,,,,,,,,,,,,,,,,,,,,,,,,,,,,,,,,,,,,,,,,,,,,,,,,,,,,,,,,,,,,,,,,,,,,,,,,,,,,,,,,,,,,,,,,,,,,,,,,,,,,,,,,,,,,,,
1764665425.902462,28351,0,4404.230957,4410.128418,4505.897461,4529.102539,4406.666504,4519.871582,4553.077148,4406.794922,4575,4405.512695,4501.922852,4522.563965,4578.077148,4406.282227,4402.307617,4506.410156,4555.384766,4528.974121,4505.769043,4387.692383,4386.410156,4563.205078,4518.846191,4493.846191,4425.897461,4583.333496,4394.871582,4559.358887,4513.333496,4411.410156,4544.358887,4519.615234,2827,1,24,2560,40316,,,,0,4,4,4,4,4,4,4,4,4,4,4,4,4,4,4,4,4,4,4,4,4,4,4,4,4,4,4,4,4,4,4,4,100,,,,,,,,,,,,,,,,,,,,,,,,,,,,,,,,,,,,,,,,,,,,,,,,,,,,,,,,,,,,,,,,,,,,,,,,,,,,,,,,,,,,,,,,,,,,,,,,,,,,,,,,,,,,,,,,,,,,,,,,,,,,,,,,,,,,,,,,,,,,,,,,,,,,,,,,,,,,,,,,,,,,,,,,,,,,,,,,,,,,,,,,,,,,,,,,,,,,,,,,,,,,,,
1764665425.906369,28352,0,4411.794922,4416.410156,4514.358887,4537.05127,4411.153809,4526.922852,4560,4411.410156,4582.05127,4413.589844,4507.94873,4526.922852,4584.871582,4408.077148,4405.256348,4508.077148,4562.307617,4535.641113,4508.461426,4392.05127,4393.077148,4567.820313,4526.538574,4502.436035,4429.743652,4591.794922,4403.717773,4569.102539,4519.615234,4419.871582,4550.769043,4526.025879,2769,1,24,2560,40323,,,,0,4,4,4,4,4,4,4,4,4,4,4,4,4,4,4,4,4,4,4,4,4,4,4,4,4,4,4,4,4,4,4,4,100,,,,,,,,,,,,,,,,,,,,,,,,,,,,,,,,,,,,,,,,,,,,,,,,,,,,,,,,,,,,,,,,,,,,,,,,,,,,,,,,,,,,,,,,,,,,,,,,,,,,,,,,,,,,,,,,,,,,,,,,,,,,,,,,,,,,,,,,,,,,,,,,,,,,,,,,,,,,,,,,,,,,,,,,,,,,,,,,,,,,,,,,,,,,,,,,,,,,,,,,,,,,,,
1764665425.910275,28353,0,4420.128418,4422.436035,4525.641113,4546.025879,4416.794922,4535.769043,4567.436035,4415.512695,4588.846191,4424.102539,4511.794922,4532.820313,4588.333496,4410,4407.436035,4509.615234,4569.358887,4545.256348,4515.128418,4398.974121,4402.05127,4574.230957,4534.487305,4512.820313,4434.102539,4601.922852,4415.384766,4580.512695,4526.025879,4427.307617,4559.743652,4532.94873,2924,1,24,2560,40323,,,,0,4,4,4,4,4,4,4,4,4,4,4,4,4,4,4,4,4,4,4,4,4,4,4,4,4,4,4,4,4,4,4,4,100,,,,,,,,,,,,,,,,,,,,,,,,,,,,,,,,,,,39856,0,0.018186,-0.694641,-0.719055,-0.010132,0.999634,0.033207,0.036137,19,0.166667,55.166668,,,,,,,,,,,,,,,,,,,,,,,,,,,,,,,,,,,,,,,,,,,,,,,,,,,,,,,,,,,,,,,,,,,,,,,,,,,,,,,,,,,,,,,,,,,,,,,,,,,,,,,,,,,,,,,,,,,,,,,,,,,,,,,,,,,,,,,,,,,,,,,,,,,,,,,,,,,,,,,,
1764665425.914182,28354,0,4426.410156,4427.179688,4535,4552.563965,4421.666504,4542.820313,4572.307617,4418.846191,4592.05127,4431.153809,4511.922852,4540,4587.94873,4411.410156,4407.820313,4511.794922,4574.230957,4553.205078,4522.692383,4406.666504,4409.743652,4580.256348,4540.897461,4521.282227,4439.358887,4611.025879,4426.282227,4589.743652,4530.641113,4432.05127,4568.974121,4538.974121,2598,1,24,2560,40331,,,,0,4,4,4,4,4,4,4,4,4,4,4,4,4,4,4,4,4,4,4,4,4,4,4,4,4,4,4,4,4,4,4,4,100,,,,,,,,,,,,,,,,,,,,,,,,,,,,,,,,,,,,,,,,,,,,,,,,,,,,,,,,,,,,,,,,,,,,,,,,,,,,,,,,,,,,,,,,,,,,,,,,,,,,,,,,,,,,,,,,,,,,,,,,,,,,,,,,,,,,,,,,,,,,,,,,,,,,,,,,,,,,,,,,,,,,,,,,,,,,,,,,,,,,,,,,,,,,,,,,,,,,,,,,,,,,,,
1764665425.918088,28355,0,4429.743652,4429.871582,4538.589844,4554.615234,4424.615234,4546.538574,4574.102539,4421.538574,4590.128418,4431.153809,4509.743652,4548.205078,4587.05127,4411.282227,4406.282227,4515.769043,4576.794922,4557.307617,4528.205078,4413.205078,4414.487305,4584.743652,4545,4525.769043,4444.743652,4617.307617,4433.461426,4594.487305,4533.077148,4433.974121,4575.128418,4542.436035,2856,1,24,2560,40331,,,,0,4,4,4,4,4,4,4,4,4,4,4,4,4,4,4,4,4,4,4,4,4,4,4,4,4,4,4,4,4,4,4,4,100,,,,,,,,,,,,,,,,,,,,,,,,,,,,,,,,,,,,,,,,,,,,,,,,,,,,,,,,,,,,,,,,,,,,,,,,,,,,,,,,,,,,,,,,,,,,,,,,,,,,,,,,,,,,,,,,,,,,,,,,,,,,,,,,,,,,,,,,,,,,,,,,,,,,,,,,,,,,,,,,,,,,,,,,,,,,,,,,,,,,,,,,,,,,,,,,,,,,,,,,,,,,,,
1764665425.921995,28356,0,4430.769043,4430.897461,4536.794922,4552.692383,4426.153809,4547.436035,4574.102539,4423.077148,4584.743652,4425.641113,4507.692383,4555.769043,4589.358887,4409.615234,4403.717773,4521.410156,4578.717773,4558.461426,4531.410156,4417.179688,4417.436035,4588.333496,4547.563965,4526.794922,4448.589844,4619.358887,4435.256348,4595.128418,4533.846191,4434.102539,4576.282227,4543.205078,2753,1,24,2560,40339,,,,0,4,4,4,4,4,4,4,4,4,4,4,4,4,4,4,4,4,4,4,4,4,4,4,4,4,4,4,4,4,4,4,4,100,,,,,,,,,,,,,,,,,,,,,,,,,,,,,,,,,,,,,,,,,,,,,,,,,,,,,,,,,,,,,,,,,,,,,,,,,,,,,,,,,,,,,,,,,,,,,,,,,,,,,,,,,,,,,,,,,,,,,,,,,,,,,,,,,,,,,,,,,,,,,,,,,,,,,,,,,,,,,,,,,,,,,,,,,,,,,,,,,,,,,,,,,,,,,,,,,,,,,,,,,,,,,,
1764665425.925901,28357,0,4429.871582,4430.897461,4532.436035,4548.974121,4426.410156,4546.538574,4573.077148,4422.436035,4578.717773,4417.692383,4507.307617,4559.871582,4594.487305,4406.666504,4400.641113,4526.410156,4580.256348,4559.358887,4533.333496,4418.077148,4420.384766,4591.410156,4548.846191,4525.256348,4448.205078,4616.666504,4431.922852,4593.077148,4534.102539,4433.077148,4572.692383,4542.05127,2787,1,24,2560,40339,,,,0,4,4,4,4,4,4,4,4,4,4,4,4,4,4,4,4,4,4,4,4,4,4,4,4,4,4,4,4,4,4,4,4,100,,,,,,,,,,,,,,,,,,,,,,,,,,,,,,,,,,,39857,0,0.018152,-0.694641,-0.719055,-0.010193,0.999634,0.033207,0.036137,18.166666,-0.166667,54.666668,,,,,,,,,,,,,,,,,,,,,,,,,,,,,,,,,,,,,,,,,,,,,,,,,,,,,,,,,,,,,,,,,,,,,,,,,,,,,,,,,,,,,,,,,,,,,,,,,,,,,,,,,,,,,,,,,,,,,,,,,,,,,,,,,,,,,,,,,,,,,,,,,,,,,,,,,,,,,,,,
1764665425.929807,28358,0,4426.538574,4430,4528.589844,4545.384766,4425.128418,4544.358887,4570.769043,4418.461426,4574.871582,4410.256348,4507.436035,4557.692383,4598.589844,4403.205078,4397.307617,4527.94873,4579.615234,4561.153809,4535.128418,4416.282227,4423.589844,4592.692383,4548.589844,4522.307617,4442.436035,4609.743652,4424.871582,4589.102539,4533.717773,4430.641113,4565.769043,4539.230957,2795,1,24,1792,40347,,,,0,4,4,4,4,4,4,4,4,4,4,4,4,4,4,4,4,4,4,4,4,4,4,4,4,4,4,4,4,4,4,4,4,100,,,,,,,,,,,,,,,,,,,,,,,,,,,,,,,,,,,,,,,,,,,,,,,,,,,,,,,,,,,,,,,,,,,,,,,,,,,,,,,,,,,,,,,,,,,,,,,,,,,,,,,,,,,,,,,,,,,,,,,,,,,,,,,,,,,,,,,,,,,,,,,,,,,,,,,,,,,,,,,,,,,,,,,,,,,,,,,,,,,,,,,,,,,,,,,,,,,,,,,,,,,,,,
1764665425.933714,28359,0,4421.025879,4428.846191,4527.692383,4543.589844,4422.692383,4540.769043,4566.922852,4412.436035,4574.358887,4404.615234,4506.922852,4549.743652,4598.589844,4401.025879,4394.102539,4525.256348,4576.025879,4563.205078,4536.410156,4413.461426,4426.282227,4591.666504,4546.794922,4519.487305,4433.717773,4601.666504,4417.692383,4584.487305,4532.436035,4426.666504,4558.589844,4535.897461,2978,1,24,1792,40347,,,,0,4,4,4,4,4,4,4,4,4,4,4,4,4,4,4,4,4,4,4,4,4,4,4,4,4,4,4,4,4,4,4,4,100,,,,,,,,,,,,,,,,,,,,,,,,,,,,,,,,,,,,,,,,,,,,,,,,,,,,,,,,,,,,,,,,,,,,,,,,,,,,,,,,,,,,,,,,,,,,,,,,,,,,,,,,,,,,,,,,,,,,,,,,,,,,,,,,,,,,,,,,,,,,,,,,,,,,,,,,,,,,,,,,,,,,,,,,,,,,,,,,,,,,,,,,,,,,,,,,,,,,,,,,,,,,,,
1764665425.937620,28360,0,4416.025879,4428.717773,4531.666504,4544.487305,4421.666504,4537.563965,4564.358887,4408.589844,4578.205078,4402.820313,4506.282227,4541.410156,4596.282227,4402.436035,4392.94873,4521.282227,4572.563965,4565.384766,4537.436035,4413.205078,4428.846191,4590.641113,4545.384766,4520,4427.563965,4597.692383,4414.743652,4581.922852,4531.282227,4423.333496,4554.743652,4534.358887,2872,1,24,1536,40355,,,,0,4,4,4,4,4,4,4,4,4,4,4,4,4,4,4,4,4,4,4,4,4,4,4,4,4,4,4,4,4,4,4,4,100,,,,,,,,,,,,,,,,,,,,,,,,,,,,,,,,,,,,,,,,,,,,,,,,,,,,,,,,,,,,,,,,,,,,,,,,,,,,,,,,,,,,,,,,,,,,,,,,,,,,,,,,,,,,,,,,,,,,,,,,,,,,,,,,,,,,,,,,,,,,,,,,,,,,,,,,,,,,,,,,,,,,,,,,,,,,,,,,,,,,,,,,,,,,,,,,,,,,,,,,,,,,,,
1764665425.941527,28361,0,4414.615234,4430.256348,4540.128418,4548.333496,4424.230957,4537.307617,4566.153809,4410.897461,4585.769043,4406.153809,4507.307617,4539.230957,4595.897461,4408.205078,4396.410156,4519.743652,4573.846191,4567.94873,4539.230957,4417.692383,4432.563965,4593.077148,4546.794922,4525.769043,4428.333496,4600.897461,4418.333496,4583.974121,4531.666504,4423.461426,4555.769043,4536.282227,2722,1,24,1536,40355,,,,0,4,4,4,4,4,4,4,4,4,4,4,4,4,4,4,4,4,4,4,4,4,4,4,4,4,4,4,4,4,4,4,4,100,,,,,,,,,,,,,,,,,,,,,,,,,,,,,,,,,,,39858,0,0.018083,-0.694641,-0.719055,-0.010315,1.006471,0.036626,0.044927,18.333334,0,54.5,,,,,,,,,,,,,,,,,,,,,,,,,,,,,,,,,,,,,,,,,,,,,,,,,,,,,,,,,,,,,,,,,,,,,,,,,,,,,,,,,,,,,,,,,,,,,,,,,,,,,,,,,,,,,,,,,,,,,,,,,,,,,,,,,,,,,,,,,,,,,,,,,,,,,,,,,,,,,,,,
1764665425.945433,28362,0,4416.922852,4431.538574,4547.563965,4552.307617,4428.589844,4539.743652,4571.282227,4417.436035,4593.077148,4412.820313,4509.743652,4544.615234,4599.102539,4415,4403.333496,4522.436035,4580,4570.641113,4541.410156,4423.974121,4436.538574,4598.846191,4550.384766,4533.717773,4434.615234,4608.717773,4424.743652,4588.717773,4533.205078,4426.282227,4558.974121,4540,1878,1,24,1792,40362,,,,0,4,4,4,4,4,4,4,4,4,4,4,4,4,4,4,4,4,4,4,4,4,4,4,4,4,4,4,4,4,4,4,4,100,,,,,,,,,,,,,,,,,,,,,,,,,,,,,,,,,,,,,,,,,,,,,,,,,,,,,,,,,,,,,,,,,,,,,,,,,,,,,,,,,,,,,,,,,,,,,,,,,,,,,,,,,,,,,,,,,,,,,,,,,,,,,,,,,,,,,,,,,,,,,,,,,,,,,,,,,,,,,,,,,,,,,,,,,,,,,,,,,,,,,,,,,,,,,,,,,,,,,,,,,,,,,,
1764665425.949340,28363,0,4418.717773,4428.974121,4547.436035,4551.410156,4429.615234,4541.410156,4574.102539,4421.025879,4594.615234,4417.563965,4510.512695,4551.025879,4602.179688,4417.05127,4408.589844,4526.538574,4585.384766,4571.153809,4541.666504,4426.282227,4437.563965,4603.205078,4552.179688,4537.307617,4440,4614.230957,4427.179688,4590.384766,4533.461426,4427.436035,4559.358887,4541.025879,2709,1,24,1792,40362,,,,0,4,4,4,4,4,4,4,4,4,4,4,4,4,4,4,4,4,4,4,4,4,4,4,4,4,4,4,4,4,4,4,4,100,,,,,,,,,,,,,,,,,,,,,,,,,,,,,,,,,,,,,,,,,,,,,,,,,,,,,,,,,,,,,,,,,,,,,,,,,,,,,,,,,,,,,,,,,,,,,,,,,,,,,,,,,,,,,,,,,,,,,,,,,,,,,,,,,,,,,,,,,,,,,,,,,,,,,,,,,,,,,,,,,,,,,,,,,,,,,,,,,,,,,,,,,,,,,,,,,,,,,,,,,,,,,,
1764665425.953246,28364,0,4416.282227,4422.436035,4538.205078,4543.974121,4423.974121,4539.102539,4569.871582,4416.153809,4588.077148,4416.922852,4507.94873,4551.410156,4600.769043,4411.666504,4408.589844,4528.205078,4583.846191,4567.94873,4538.461426,4421.410156,4433.333496,4601.538574,4549.230957,4532.820313,4440.128418,4612.05127,4422.05127,4585.256348,4530.769043,4424.230957,4554.871582,4537.820313,2499,1,24,2048,40370,,,,0,4,4,4,4,4,4,4,4,4,4,4,4,4,4,4,4,4,4,4,4,4,4,4,4,4,4,4,4,4,4,4,4,100,,,,,,,,,,,,,,,,,,,,,,,,,,,,,,,,,,,,,,,,,,,,,,,,,,,,,,,,,,,,,,,,,,,,,,,,,,,,,,,,,,,,,,,,,,,,,,,,,,,,,,,,,,,,,,,,,,,,,,,,,,,,,,,,,,,,,,,,,,,,,,,,,,,,,,,,,,,,,,,,,,,,,,,,,,,,,,,,,,,,,,,,,,,,,,,,,,,,,,,,,,,,,,
1764665425.957153,28365,0,4411.282227,4416.282227,4526.153809,4534.102539,4415.128418,4534.871582,4561.025879,4405.384766,4578.589844,4412.436035,4503.974121,4545,4595.897461,4402.436035,4404.615234,4526.538574,4576.282227,4563.205078,4534.102539,4413.333496,4426.153809,4595.128418,4543.974121,4524.102539,4436.922852,4604.230957,4412.94873,4576.794922,4526.922852,4419.358887,4549.743652,4533.461426,2212,1,24,2048,40370,,,,0,4,4,4,4,4,4,4,4,4,4,4,4,4,4,4,4,4,4,4,4,4,4,4,4,4,4,4,4,4,4,4,4,100,,,,,,,,,,,,,,,,,,,,,,,,,,,,,,,,,,,39859,0,0.017951,-0.694519,-0.719177,-0.010254,1.006471,0.036626,0.044927,19.166666,0.333333,54.166668,,,,,,,,,,,,,,,,,,,,,,,,,,,,,,,,,,,,,,,,,,,,,,,,,,,,,,,,,,,,,,,,,,,,,,,,,,,,,,,,,,,,,,,,,,,,,,,,,,,,,,,,,,,,,,,,,,,,,,,,,,,,,,,,,,,,,,,,,,,,,,,,,,,,,,,,,,,,,,,,
1764665425.961059,28366,0,4408.974121,4416.538574,4520.897461,4529.871582,4410.256348,4534.230957,4555.256348,4397.94873,4574.871582,4410.128418,4503.205078,4537.94873,4593.205078,4397.05127,4402.179688,4524.358887,4570.128418,4562.05127,4532.94873,4409.358887,4421.410156,4590.256348,4542.05127,4519.102539,4435.512695,4598.333496,4407.436035,4572.820313,4525.512695,4418.077148,4549.615234,4532.820313,2716,1,24,2304,40378,,,,0,4,4,4,4,4,4,4,4,4,4,4,4,4,4,4,4,4,4,4,4,4,4,4,4,4,4,4,4,4,4,4,4,100,,,,,,,,,,,,,,,,,,,,,,,,,,,,,,,,,,,,,,,,,,,,,,,,,,,,,,,,,,,,,,,,,,,,,,,,,,,,,,,,,,,,,,,,,,,,,,,,,,,,,,,,,,,,,,,,,,,,,,,,,,,,,,,,,,,,,,,,,,,,,,,,,,,,,,,,,,,,,,,,,,,,,,,,,,,,,,,,,,,,,,,,,,,,,,,,,,,,,,,,,,,,,,
1764665425.964966,28367,0,4412.94873,4424.487305,4526.538574,4535.384766,4413.589844,4540.769043,4558.205078,4400.256348,4581.794922,4413.717773,4508.461426,4536.922852,4596.922852,4400.128418,4405.128418,4524.487305,4572.692383,4566.666504,4536.666504,4413.077148,4422.563965,4591.666504,4545.897461,4522.820313,4438.717773,4599.871582,4410.128418,4577.692383,4528.717773,4422.94873,4556.153809,4537.820313,2501,1,24,2304,40378,,,,0,4,4,4,4,4,4,4,4,4,4,4,4,4,4,4,4,4,4,4,4,4,4,4,4,4,4,4,4,4,4,4,4,100,,,,,,,,,,,,,,,,,,,,,,,,,,,,,,,,,,,,,,,,,,,,,,,,,,,,,,,,,,,,,,,,,,,,,,,,,,,,,,,,,,,,,,,,,,,,,,,,,,,,,,,,,,,,,,,,,,,,,,,,,,,,,,,,,,,,,,,,,,,,,,,,,,,,,,,,,,,,,,,,,,,,,,,,,,,,,,,,,,,,,,,,,,,,,,,,,,,,,,,,,,,,,,
1764665425.968872,28368,0,4421.410156,4435.128418,4539.102539,4547.692383,4422.563965,4551.666504,4567.94873,4410.897461,4595.256348,4421.538574,4517.436035,4542.563965,4605.256348,4408.717773,4412.179688,4526.922852,4582.692383,4574.487305,4542.563965,4421.153809,4427.436035,4598.205078,4552.820313,4531.794922,4443.205078,4607.436035,4418.589844,4587.94873,4534.871582,4430.769043,4565,4545.128418,2871,1,24,2560,40386,,,,0,4,4,4,4,4,4,4,4,4,4,4,4,4,4,4,4,4,4,4,4,4,4,4,4,4,4,4,4,4,4,4,4,100,,,,,,,,,,,,,,,,,,,,,,,,,,,,,,,,,,,,,,,,,,,,,,,,,,,,,,,,,,,,,,,,,,,,,,,,,,,,,,,,,,,,,,,,,,,,,,,,,,,,,,,,,,,,,,,,,,,,,,,,,,,,,,,,,,,,,,,,,,,,,,,,,,,,,,,,,,,,,,,,,,,,,,,,,,,,,,,,,,,,,,,,,,,,,,,,,,,,,,,,,,,,,,
1764665425.972779,28369,0,4427.94873,4441.025879,4549.871582,4558.077148,4429.358887,4559.358887,4576.666504,4421.153809,4605,4426.922852,4524.871582,4548.333496,4611.025879,4415.641113,4418.461426,4528.461426,4592.05127,4578.717773,4544.871582,4425.512695,4430.256348,4603.974121,4556.922852,4538.077148,4443.205078,4614.487305,4425.512695,4595.769043,4539.230957,4435.128418,4568.846191,4548.846191,2919,1,24,2560,40386,,,,0,4,4,4,4,4,4,4,4,4,4,4,4,4,4,4,4,4,4,4,4,4,4,4,4,4,4,4,4,4,4,4,4,100,,,,,,,,,,,,,,,,,,,,,,,,,,,,,,,,,,,39860,0,0.020236,-0.694458,-0.719177,-0.010132,1.009401,0.038091,0.037602,20.833334,0.666667,55.333332,,,,,,,,,,,,,,,,,,,,,,,,,,,,,,,,,,,,,,,,,,,,,,,,,,,,,,,,,,,,,,,,,,,,,,,,,,,,,,,,,,,,,,,,,,,,,,,,,,,,,,,,,,,,,,,,,,,,,,,,,,,,,,,,,,,,,,,,,,,,,,,,,,,,,,,,,,,,,,,,
1764665425.976685,28370,0,4426.794922,4437.307617,4551.153809,4559.102539,4427.563965,4556.666504,4576.410156,4421.666504,4601.794922,4423.589844,4525.384766,4547.436035,4607.307617,4414.358887,4418.077148,4525.897461,4592.179688,4574.102539,4539.615234,4419.743652,4425.512695,4602.436035,4554.102539,4534.615234,4435.384766,4614.358887,4424.358887,4594.487305,4537.436035,4430.897461,4563.461426,4544.743652,1770,1,24,2560,40394,,,,0,4,4,4,4,4,4,4,4,4,4,4,4,4,4,4,4,4,4,4,4,4,4,4,4,4,4,4,4,4,4,4,4,100,,,,,,,,,,,,,,,,,,,,,,,,,,,,,,,,,,,,,,,,,,,,,,,,,,,,,,,,,,,,,,,,,,,,,,,,,,,,,,,,,,,,,,,,,,,,,,,,,,,,,,,,,,,,,,,,,,,,,,,,,,,,,,,,,,,,,,,,,,,,,,,,,,,,,,,,,,,,,,,,,,,,,,,,,,,,,,,,,,,,,,,,,,,,,,,,,,,,,,,,,,,,,,
1764665425.980592,28371,0,4416.282227,4424.743652,4541.410156,4548.461426,4416.410156,4542.692383,4565.128418,4409.743652,4584.487305,4410.384766,4517.179688,4537.436035,4593.461426,4404.358887,4408.589844,4518.077148,4580.769043,4560.641113,4527.563965,4404.102539,4412.692383,4591.538574,4544.358887,4521.153809,4421.666504,4604.615234,4413.589844,4582.94873,4528.589844,4417.563965,4549.487305,4532.05127,2941,1,24,2560,40394,,,,0,4,4,4,4,4,4,4,4,4,4,4,4,4,4,4,4,4,4,4,4,4,4,4,4,4,4,4,4,4,4,4,4,100,,,,,,,,,,,,,,,,,,,,,,,,,,,,,,,,,,,,,,,,,,,,,,,,,,,,,,,,,,,,,,,,,,,,,,,,,,,,,,,,,,,,,,,,,,,,,,,,,,,,,,,,,,,,,,,,,,,,,,,,,,,,,,,,,,,,,,,,,,,,,,,,,,,,,,,,,,,,,,,,,,,,,,,,,,,,,,,,,,,,,,,,,,,,,,,,,,,,,,,,,,,,,,
1764665425.984498,28372,0,4401.153809,4408.846191,4525.256348,4531.153809,4401.538574,4524.871582,4548.461426,4391.025879,4561.666504,4392.563965,4503.974121,4523.077148,4575.769043,4391.282227,4393.333496,4507.94873,4563.589844,4543.974121,4514.743652,4385.256348,4396.794922,4575,4531.922852,4503.846191,4408.077148,4589.102539,4397.692383,4566.666504,4516.794922,4399.871582,4532.820313,4514.871582,2537,1,24,2561,40401,,,,0,4,4,4,4,4,4,4,4,4,4,4,4,4,4,4,4,4,4,4,4,4,4,4,4,4,4,4,4,4,4,4,4,100,,,,,,,,,,,,,,,,,,,,,,,,,,,,,,,,,,,,,,,,,,,,,,,,,,,,,,,,,,,,,,,,,,,,,,,,,,,,,,,,,,,,,,,,,,,,,,,,,,,,,,,,,,,,,,,,,,,,,,,,,,,,,,,,,,,,,,,,,,,,,,,,,,,,,,,,,,,,,,,,,,,,,,,,,,,,,,,,,,,,,,,,,,,,,,,,,,,,,,,,,,,,,,
1764665425.988405,28373,0,4389.615234,4398.205078,4510.769043,4516.025879,4391.153809,4513.717773,4536.282227,4376.410156,4546.282227,4379.487305,4494.102539,4512.94873,4564.230957,4383.077148,4380.512695,4500.769043,4550,4532.307617,4508.333496,4373.077148,4385.769043,4561.025879,4523.205078,4492.05127,4401.153809,4575.256348,4384.871582,4554.230957,4508.333496,4385.641113,4521.538574,4500.384766,2821,1,24,2561,40401,,,,0,4,4,4,4,4,4,4,4,4,4,4,4,4,4,4,4,4,4,4,4,4,4,4,4,4,4,4,4,4,4,4,4,100,,,,,,,,,,,,,,,,,,,,,,,,,,,,,,,,,,,39861,0,0.020236,-0.694458,-0.719177,-0.010132,1.000122,0.038091,0.035649,20.833334,0,54.5,,,,,,,,,,,,,,,,,,,,,,,,,,,,,,,,,,,,,,,,,,,,,,,,,,,,,,,,,,,,,,,,,,,,,,,,,,,,,,,,,,,,,,,,,,,,,,,,,,,,,,,,,,,,,,,,,,,,,,,,,,,,,,,,,,,,,,,,,,,,,,,,,,,,,,,,,,,,,,,,
1764665425.992311,28374,0,4388.589844,4398.205078,4505.641113,4511.538574,4391.666504,4515.769043,4535.897461,4375,4546.666504,4378.333496,4494.487305,4513.974121,4565.256348,4385.256348,4377.563965,4501.025879,4547.692383,4530.897461,4511.538574,4374.230957,4385.384766,4557.05127,4522.820313,4491.538574,4404.615234,4570.769043,4381.922852,4551.794922,4508.077148,4381.922852,4521.025879,4495.512695,2927,1,24,2562,40409,,,,0,4,4,4,4,4,4,4,4,4,4,4,4,4,4,4,4,4,4,4,4,4,4,4,4,4,4,4,4,4,4,4,4,100,,,,,,,,,,,,,,,,,,,,,,,,,,,,,,,,,,,,,,,,,,,,,,,,,,,,,,,,,,,,,,,,,,,,,,,,,,,,,,,,,,,,,,,,,,,,,,,,,,,,,,,,,,,,,,,,,,,,,,,,,,,,,,,,,,,,,,,,,,,,,,,,,,,,,,,,,,,,,,,,,,,,,,,,,,,,,,,,,,,,,,,,,,,,,,,,,,,,,,,,,,,,,,
1764665425.996218,28375,0,4398.717773,4407.94873,4512.307617,4519.487305,4402.436035,4529.102539,4546.794922,4387.307617,4561.025879,4389.102539,4504.871582,4525.512695,4577.05127,4396.410156,4385.897461,4508.717773,4557.307617,4539.487305,4520.769043,4386.922852,4395.384766,4564.358887,4529.743652,4501.025879,4415.897461,4578.077148,4389.871582,4559.871582,4515.641113,4389.743652,4530,4503.077148,2834,1,24,2562,40409,,,,0,4,4,4,4,4,4,4,4,4,4,4,4,4,4,4,4,4,4,4,4,4,4,4,4,4,4,4,4,4,4,4,4,100,,,,,,,,,,,,,,,,,,,,,,,,,,,,,,,,,,,,,,,,,,,,,,,,,,,,,,,,,,,,,,,,,,,,,,,,,,,,,,,,,,,,,,,,,,,,,,,,,,,,,,,,,,,,,,,,,,,,,,,,,,,,,,,,,,,,,,,,,,,,,,,,,,,,,,,,,,,,,,,,,,,,,,,,,,,,,,,,,,,,,,,,,,,,,,,,,,,,,,,,,,,,,,
1764665426.000124,28376,0,4413.205078,4419.871582,4526.153809,4534.102539,4416.794922,4544.615234,4561.794922,4405.128418,4579.358887,4403.846191,4517.820313,4539.871582,4591.410156,4409.615234,4399.487305,4519.230957,4571.922852,4552.563965,4529.615234,4402.692383,4409.358887,4576.666504,4538.077148,4512.94873,4428.846191,4592.692383,4403.205078,4572.436035,4526.153809,4403.461426,4542.179688,4518.077148,2754,1,24,2562,40417,,,,0,4,4,4,4,4,4,4,4,4,4,4,4,4,4,4,4,4,4,4,4,4,4,4,4,4,4,4,4,4,4,4,4,100,,,,,,,,,,,,,,,,,,,,,,,,,,,,,,,,,,,,,,,,,,,,,,,,,,,,,,,,,,,,,,,,,,,,,,,,,,,,,,,,,,,,,,,,,,,,,,,,,,,,,,,,,,,,,,,,,,,,,,,,,,,,,,,,,,,,,,,,,,,,,,,,,,,,,,,,,,,,,,,,,,,,,,,,,,,,,,,,,,,,,,,,,,,,,,,,,,,,,,,,,,,,,,
1764665426.004031,28377,0,4423.461426,4426.410156,4538.461426,4546.410156,4426.666504,4552.436035,4572.436035,4417.563965,4591.025879,4413.205078,4525,4548.461426,4599.871582,4417.436035,4410.128418,4526.666504,4582.436035,4563.717773,4533.974121,4412.820313,4419.487305,4586.666504,4542.179688,4520.384766,4437.820313,4605.897461,4414.230957,4582.692383,4533.461426,4414.358887,4551.538574,4531.666504,2825,1,24,2562,40417,,,,0,4,4,4,4,4,4,4,4,4,4,4,4,4,4,4,4,4,4,4,4,4,4,4,4,4,4,4,4,4,4,4,4,100,,,,,,,,,,,,,,,,,,,,,,,,,,,,,,,,,,,39862,0,0.017936,-0.694458,-0.719238,-0.010132,1.011354,0.03223,0.035649,20.166666,0.166667,53,,,,,,,,,,,,,,,,,,,,,,,,,,,,,,,,,,,,,,,,,,,,,,,,,,,,,,,,,,,,,,,,,,,,,,,,,,,,,,,,,,,,,,,,,,,,,,,,,,,,,,,,,,,,,,,,,,,,,,,,,,,,,,,,,,,,,,,,,,,,,,,,,,,,,,,,,,,,,,,,
1764665426.007937,28378,0,4425.256348,4425.256348,4543.717773,4551.922852,4429.230957,4549.871582,4575.128418,4419.871582,4593.333496,4413.974121,4523.974121,4549.102539,4600.769043,4418.333496,4413.717773,4528.461426,4585.512695,4570,4535.256348,4415.128418,4422.05127,4591.282227,4541.538574,4522.307617,4441.025879,4612.05127,4418.717773,4586.794922,4535,4418.077148,4555.641113,4537.692383,1936,1,24,2048,40425,,,,0,4,4,4,4,4,4,4,4,4,4,4,4,4,4,4,4,4,4,4,4,4,4,4,4,4,4,4,4,4,4,4,4,100,,,,,,,,,,,,,,,,,,,,,,,,,,,,,,,,,,,,,,,,,,,,,,,0.540697,1.403074,1.368866,0.866074,1.23508,1.724448,1.823298,2.000059,0.945521,1.497097,2.841252,1.817143,1.382144,1.107931,1.663211,1.310759,2.036053,1.356848,0.931874,1.327196,1.4072,2.310969,1.645758,0.736531,1.253603,0.711225,1.735295,1.727034,0.772733,1.212721,0.577244,1.423938,1.18985,1.024796,1.35807,1.178154,1.755802,1.483858,0.881359,1.489304,1.991047,1.095232,1.070587,0.955239,1.479661,1.445996,1.328815,1.944745,1.578097,2.107126,1.133895,0.512291,0.708943,0.628066,1.043704,0.664474,1.294381,1.214338,0.754815,1.348823,0.387139,1.473369,1.20107,0.749192,0.953526,1.049755,0.550707,0.692082,0.500337,0.761879,0.425843,0.289448,0.384609,0.729516,1.101041,0.430612,0.759825,0.412646,0.412189,0.71114,0.822945,2.990555,1.789656,0.938212,1.526626,1.090214,2.742475,0.751369,0.952091,1.674769,0.400118,2.228495,0.521247,0.707209,1.248735,1.288638,1.447359,1.095648,0.811716,1.443707,1.826015,3.016361,1.117886,0.644246,1.415625,1.054335,4.318114,1.200683,0.911482,1.515141,0.450257,1.235251,1.183308,0.777115,1.346452,1.377834,1.480575,1.285895,0.972878,1.438381,2.572495,1.399096,2.35732,0.855925,2.059893,3.163589,0.535009,1.040084,0.924478,1.45104,1.834167,0.866671,1.674031,1.161106,1.72239,1.583581,1.363312,1.576467,1.051877,1.425089,0.409159,0.688742,0.669587,0.484679,0.722319,1.996564,1.167511,1.042253,0.803567,1.500802,2.107673,0.830106,1.285808,1.132343,1.831851,2.989317,1.699722,1.415053,0.911179,1.575888
1764665426.011844,28379,0,4421.282227,4420.512695,4542.179688,4552.05127,4428.077148,4542.563965,4572.692383,4415.769043,4591.794922,4411.153809,4519.230957,4545.897461,4598.846191,4416.666504,4413.333496,4526.794922,4584.230957,4572.563965,4537.179688,4413.846191,4419.487305,4592.94873,4539.871582,4522.307617,4440,4611.666504,4418.205078,4586.153809,4532.820313,4416.282227,4556.666504,4536.922852,2638,1,24,2048,40425,,,,0,4,4,4,4,4,4,4,4,4,4,4,4,4,4,4,4,4,4,4,4,4,4,4,4,4,4,4,4,4,4,4,4,100,,,,,,,,,,,,,,,,,,,,,,,,,,,,,,,,,,,,,,,,,,,,,,,,,,,,,,,,,,,,,,,,,,,,,,,,,,,,,,,,,,,,,,,,,,,,,,,,,,,,,,,,,,,,,,,,,,,,,,,,,,,,,,,,,,,,,,,,,,,,,,,,,,,,,,,,,,,,,,,,,,,,,,,,,,,,,,,,,,,,,,,,,,,,,,,,,,,,,,,,,,,,,,
1764665426.015750,28380,0,4417.179688,4417.05127,4537.820313,4550.897461,4427.820313,4537.94873,4569.358887,4411.922852,4592.05127,4411.538574,4516.410156,4543.717773,4598.717773,4417.307617,4413.205078,4525.128418,4583.205078,4573.077148,4541.153809,4413.974121,4416.538574,4593.717773,4540.384766,4523.589844,4436.153809,4609.102539,4416.794922,4584.230957,4530.384766,4414.102539,4556.794922,4533.717773,2699,1,24,768,40433,,,,0,4,4,4,4,4,4,4,4,4,4,4,4,4,4,4,4,4,4,4,4,4,4,4,4,4,4,4,4,4,4,4,4,100,,,,,,,,,,,,,,,,,,,,,,,,,,,,,,,,,,,,,,,,,,,,,,,,,,,,,,,,,,,,,,,,,,,,,,,,,,,,,,,,,,,,,,,,,,,,,,,,,,,,,,,,,,,,,,,,,,,,,,,,,,,,,,,,,,,,,,,,,,,,,,,,,,,,,,,,,,,,,,,,,,,,,,,,,,,,,,,,,,,,,,,,,,,,,,,,,,,,,,,,,,,,,,
1764665426.019657,28381,0,4415.256348,4415.769043,4533.205078,4549.743652,4428.205078,4538.077148,4566.538574,4411.153809,4594.487305,4416.153809,4516.666504,4542.94873,4599.615234,4420,4414.487305,4524.230957,4582.436035,4571.153809,4544.358887,4415.512695,4415.641113,4592.94873,4542.179688,4524.871582,4429.358887,4607.179688,4415.897461,4582.436035,4528.589844,4413.589844,4555.769043,4530.384766,2536,1,24,768,40433,,,,0,4,4,4,4,4,4,4,4,4,4,4,4,4,4,4,4,4,4,4,4,4,4,4,4,4,4,4,4,4,4,4,4,100,,,,,,,,,,,,,,,,,,,,,,,,,,,,,,,,,,,39863,0,0.017936,-0.694458,-0.719238,-0.010132,1.006471,0.047369,0.045904,19.5,1.5,54.5,,,,,,,,,,,,,,,,,,,,,,,,,,,,,,,,,,,,,,,,,,,,,,,,,,,,,,,,,,,,,,,,,,,,,,,,,,,,,,,,,,,,,,,,,,,,,,,,,,,,,,,,,,,,,,,,,,,,,,,,,,,,,,,,,,,,,,,,,,,,,,,,,,,,,,,,,,,,,,,,
1764665426.023563,28382,0,4414.230957,4413.461426,4527.563965,4546.025879,4425.384766,4539.230957,4562.179688,4410.897461,4594.615234,4419.102539,4516.410156,4540.128418,4597.05127,4420.512695,4413.461426,4522.563965,4578.205078,4565.641113,4542.05127,4415.128418,4415.128418,4587.94873,4541.153809,4522.692383,4419.487305,4605.128418,4414.487305,4579.230957,4525.897461,4413.077148,4551.282227,4526.025879,2663,1,24,256,40441,,,,0,4,4,4,4,4,4,4,4,4,4,4,4,4,4,4,4,4,4,4,4,4,4,4,4,4,4,4,4,4,4,4,4,100,,,,,,,,,,,,,,,,,,,,,,,,,,,,,,,,,,,,,,,,,,,,,,,,,,,,,,,,,,,,,,,,,,,,,,,,,,,,,,,,,,,,,,,,,,,,,,,,,,,,,,,,,,,,,,,,,,,,,,,,,,,,,,,,,,,,,,,,,,,,,,,,,,,,,,,,,,,,,,,,,,,,,,,,,,,,,,,,,,,,,,,,,,,,,,,,,,,,,,,,,,,,,,
1764665426.027470,28383,0,4411.282227,4407.436035,4520.384766,4538.077148,4416.922852,4536.922852,4555.384766,4407.563965,4588.846191,4414.358887,4512.307617,4533.461426,4588.589844,4415.769043,4407.436035,4518.846191,4568.974121,4557.563965,4533.461426,4410.512695,4412.94873,4578.974121,4535.512695,4515.769043,4408.974121,4601.025879,4410.769043,4574.230957,4521.538574,4410,4543.589844,4519.487305,2827,1,24,256,40441,,,,0,4,4,4,4,4,4,4,4,4,4,4,4,4,4,4,4,4,4,4,4,4,4,4,4,4,4,4,4,4,4,4,4,100,,,,,,,,,,,,,,,,,,,,,,,,,,,,,,,,,,,,,,,,,,,,,,,,,,,,,,,,,,,,,,,,,,,,,,,,,,,,,,,,,,,,,,,,,,,,,,,,,,,,,,,,,,,,,,,,,,,,,,,,,,,,,,,,,,,,,,,,,,,,,,,,,,,,,,,,,,,,,,,,,,,,,,,,,,,,,,,,,,,,,,,,,,,,,,,,,,,,,,,,,,,,,,
1764665426.031376,28384,0,4406.410156,4399.487305,4513.333496,4528.333496,4406.153809,4531.153809,4548.846191,4401.153809,4580.256348,4403.077148,4506.025879,4525.769043,4577.94873,4407.820313,4398.333496,4514.358887,4558.974121,4550.897461,4523.589844,4403.974121,4409.487305,4570.769043,4528.077148,4507.563965,4402.94873,4595.769043,4406.153809,4569.743652,4517.05127,4405.384766,4536.410156,4513.077148,2772,1,24,512,40448,,,,0,4,4,4,4,4,4,4,4,4,4,4,4,4,4,4,4,4,4,4,4,4,4,4,4,4,4,4,4,4,4,4,4,100,,,,,,,,,,,,,,,,,,,,,,,,,,,,,,,,,,,,,,,,,,,,,,,,,,,,,,,,,,,,,,,,,,,,,,,,,,,,,,,,,,,,,,,,,,,,,,,,,,,,,,,,,,,,,,,,,,,,,,,,,,,,,,,,,,,,,,,,,,,,,,,,,,,,,,,,,,,,,,,,,,,,,,,,,,,,,,,,,,,,,,,,,,,,,,,,,,,,,,,,,,,,,,
1764665426.035283,28385,0,4402.436035,4393.974121,4508.846191,4521.794922,4398.846191,4526.153809,4546.410156,4395.128418,4575.128418,4392.692383,4502.179688,4522.307617,4571.410156,4401.666504,4391.666504,4511.794922,4554.487305,4549.615234,4519.230957,4399.871582,4407.436035,4567.820313,4523.589844,4503.333496,4404.102539,4592.307617,4403.846191,4569.358887,4515,4402.692383,4534.230957,4510.512695,2935,1,24,512,40448,,,,0,4,4,4,4,4,4,4,4,4,4,4,4,4,4,4,4,4,4,4,4,4,4,4,4,4,4,4,4,4,4,4,4,100,,,,,,,,,,,,,,,,,,,,,,,,,,,,,,,,,,,39864,0,0.020192,-0.694397,-0.719238,-0.010071,1.018191,0.037114,0.044439,18.666666,-0.333333,55.333332,,,,,,,,,,,,,,,,,,,,,,,,,,,,,,,,,,,,,,,,,,,,,,,,,,,,,,,,,,,,,,,,,,,,,,,,,,,,,,,,,,,,,,,,,,,,,,,,,,,,,,,,,,,,,,,,,,,,,,,,,,,,,,,,,,,,,,,,,,,,,,,,,,,,,,,,,,,,,,,,
1764665426.039189,28386,0,4401.666504,4393.589844,4507.94873,4521.282227,4397.94873,4525.769043,4548.974121,4393.333496,4576.922852,4390.897461,4503.974121,4525.641113,4572.436035,4401.025879,4391.153809,4512.563965,4558.077148,4553.205078,4522.307617,4400.256348,4407.820313,4570.512695,4524.230957,4504.743652,4410.641113,4592.05127,4405.256348,4573.077148,4515.897461,4403.846191,4537.692383,4513.717773,2602,1,24,768,40456,,,,0,4,4,4,4,4,4,4,4,4,4,4,4,4,4,4,4,4,4,4,4,4,4,4,4,4,4,4,4,4,4,4,4,100,,,,,,,,,,,,,,,,,,,,,,,,,,,,,,,,,,,,,,,,,,,,,,,,,,,,,,,,,,,,,,,,,,,,,,,,,,,,,,,,,,,,,,,,,,,,,,,,,,,,,,,,,,,,,,,,,,,,,,,,,,,,,,,,,,,,,,,,,,,,,,,,,,,,,,,,,,,,,,,,,,,,,,,,,,,,,,,,,,,,,,,,,,,,,,,,,,,,,,,,,,,,,,
1764665426.043096,28387,0,4404.358887,4397.692383,4509.615234,4525.384766,4401.922852,4530.256348,4553.461426,4396.025879,4582.820313,4398.974121,4510.128418,4532.820313,4578.846191,4404.615234,4395.769043,4515.256348,4565.897461,4557.692383,4528.974121,4402.94873,4408.974121,4575.384766,4528.333496,4509.230957,4418.205078,4594.358887,4408.846191,4577.05127,4517.94873,4408.077148,4542.94873,4519.871582,2865,1,24,768,40456,,,,0,4,4,4,4,4,4,4,4,4,4,4,4,4,4,4,4,4,4,4,4,4,4,4,4,4,4,4,4,4,4,4,4,100,,,,,,,,,,,,,,,,,,,,,,,,,,,,,,,,,,,,,,,,,,,,,,,,,,,,,,,,,,,,,,,,,,,,,,,,,,,,,,,,,,,,,,,,,,,,,,,,,,,,,,,,,,,,,,,,,,,,,,,,,,,,,,,,,,,,,,,,,,,,,,,,,,,,,,,,,,,,,,,,,,,,,,,,,,,,,,,,,,,,,,,,,,,,,,,,,,,,,,,,,,,,,,
1764665426.047002,28388,0,4408.461426,4403.589844,4512.692383,4530.384766,4406.922852,4536.025879,4556.410156,4401.282227,4586.922852,4411.410156,4516.794922,4538.589844,4585,4408.846191,4401.153809,4516.794922,4571.538574,4558.717773,4533.333496,4404.230957,4408.461426,4577.94873,4531.538574,4512.436035,4423.077148,4596.666504,4411.410156,4578.077148,4519.358887,4412.692383,4545.128418,4524.358887,2754,1,24,768,40464,,,,0,4,4,4,4,4,4,4,4,4,4,4,4,4,4,4,4,4,4,4,4,4,4,4,4,4,4,4,4,4,4,4,4,100,,,,,,,,,,,,,,,,,,,,,,,,,,,,,,,,,,,,,,,,,,,,,,,,,,,,,,,,,,,,,,,,,,,,,,,,,,,,,,,,,,,,,,,,,,,,,,,,,,,,,,,,,,,,,,,,,,,,,,,,,,,,,,,,,,,,,,,,,,,,,,,,,,,,,,,,,,,,,,,,,,,,,,,,,,,,,,,,,,,,,,,,,,,,,,,,,,,,,,,,,,,,,,
1764665426.050909,28389,0,4411.922852,4408.461426,4516.410156,4533.589844,4410.256348,4539.871582,4556.538574,4406.410156,4586.025879,4419.230957,4520.384766,4539.871582,4586.794922,4410.897461,4402.94873,4515,4572.05127,4554.871582,4531.410156,4402.05127,4405.384766,4576.666504,4531.538574,4512.820313,4424.230957,4597.307617,4410.769043,4576.153809,4519.487305,4415.769043,4542.563965,4523.846191,2799,1,24,768,40464,,,,0,4,4,4,4,4,4,4,4,4,4,4,4,4,4,4,4,4,4,4,4,4,4,4,4,4,4,4,4,4,4,4,4,100,,,,,,,,,,,,,,,,,,,,,,,,,,,,,,,,,,,39865,0,0.017747,-0.694397,-0.719299,-0.010315,0.992797,0.034184,0.044927,18.333334,0,53.333332,,,,,,,,,,,,,,,,,,,,,,,,,,,,,,,,,,,,,,,,,,,,,,,,,,,,,,,,,,,,,,,,,,,,,,,,,,,,,,,,,,,,,,,,,,,,,,,,,,,,,,,,,,,,,,,,,,,,,,,,,,,,,,,,,,,,,,,,,,,,,,,,,,,,,,,,,,,,,,,,
1764665426.054815,28390,0,4413.461426,4411.282227,4520.128418,4534.743652,4411.538574,4540.769043,4555.256348,4410.128418,4582.05127,4416.794922,4519.487305,4538.205078,4584.871582,4410.384766,4400.512695,4510.128418,4569.102539,4547.94873,4523.974121,4397.436035,4400.641113,4572.692383,4528.717773,4511.410156,4422.692383,4595.641113,4407.307617,4573.717773,4519.487305,4417.179688,4537.307617,4518.717773,2806,1,24,1024,40472,,,,0,4,4,4,4,4,4,4,4,4,4,4,4,4,4,4,4,4,4,4,4,4,4,4,4,4,4,4,4,4,4,4,4,100,,,,,,,,,,,,,,,,,,,,,,,,,,,,,,,,,,,,,,,,,,,,,,,,,,,,,,,,,,,,,,,,,,,,,,,,,,,,,,,,,,,,,,,,,,,,,,,,,,,,,,,,,,,,,,,,,,,,,,,,,,,,,,,,,,,,,,,,,,,,,,,,,,,,,,,,,,,,,,,,,,,,,,,,,,,,,,,,,,,,,,,,,,,,,,,,,,,,,,,,,,,,,,
1764665426.058722,28391,0,4413.333496,4412.307617,4523.077148,4535.897461,4411.922852,4540.256348,4554.743652,4412.05127,4579.102539,4405.256348,4515.769043,4537.05127,4582.563965,4408.974121,4396.666504,4505.256348,4566.538574,4541.153809,4515.384766,4393.077148,4396.410156,4569.358887,4525.769043,4509.871582,4420.384766,4592.436035,4403.205078,4573.077148,4520.641113,4418.077148,4533.205078,4513.205078,2985,1,24,1024,40472,,,,0,4,4,4,4,4,4,4,4,4,4,4,4,4,4,4,4,4,4,4,4,4,4,4,4,4,4,4,4,4,4,4,4,100,,,,,,,,,,,,,,,,,,,,,,,,,,,,,,,,,,,,,,,,,,,,,,,,,,,,,,,,,,,,,,,,,,,,,,,,,,,,,,,,,,,,,,,,,,,,,,,,,,,,,,,,,,,,,,,,,,,,,,,,,,,,,,,,,,,,,,,,,,,,,,,,,,,,,,,,,,,,,,,,,,,,,,,,,,,,,,,,,,,,,,,,,,,,,,,,,,,,,,,,,,,,,,
1764665426.062628,28392,0,4412.692383,4412.820313,4525.512695,4538.846191,4412.563965,4540.769043,4555.897461,4413.077148,4580.256348,4392.179688,4512.692383,4538.205078,4582.692383,4408.333496,4395.384766,4503.461426,4566.538574,4537.307617,4511.025879,4391.153809,4394.358887,4568.846191,4525.256348,4509.230957,4418.717773,4589.871582,4400.769043,4574.615234,4522.692383,4419.230957,4533.333496,4511.922852,2877,1,24,1280,40480,,,,0,4,4,4,4,4,4,4,4,4,4,4,4,4,4,4,4,4,4,4,4,4,4,4,4,4,4,4,4,4,4,4,4,100,,,,,,,,,,,,,,,,,,,,,,,,,,,,,,,,,,,,,,,,,,,,,,,,,,,,,,,,,,,,,,,,,,,,,,,,,,,,,,,,,,,,,,,,,,,,,,,,,,,,,,,,,,,,,,,,,,,,,,,,,,,,,,,,,,,,,,,,,,,,,,,,,,,,,,,,,,,,,,,,,,,,,,,,,,,,,,,,,,,,,,,,,,,,,,,,,,,,,,,,,,,,,,
1764665426.066535,28393,0,4412.05127,4414.102539,4527.307617,4542.94873,4413.333496,4542.820313,4558.077148,4413.333496,4583.974121,4385.256348,4512.436035,4540.897461,4584.871582,4408.589844,4397.94873,4505.384766,4568.205078,4536.922852,4513.333496,4391.922852,4394.615234,4570.641113,4527.179688,4509.102539,4417.820313,4588.974121,4400.641113,4576.794922,4524.102539,4420.384766,4537.179688,4515.769043,2727,1,24,1280,40480,,,,0,4,4,4,4,4,4,4,4,4,4,4,4,4,4,4,4,4,4,4,4,4,4,4,4,4,4,4,4,4,4,4,4,100,,,,,,,,,,,,,,,,,,,,,,,,,,,,,,,,,,,39866,0,0.019993,-0.694336,-0.719299,-0.010315,0.995239,0.046881,0.047369,19.166666,0.333333,53.666668,,,,,,,,,,,,,,,,,,,,,,,,,,,,,,,,,,,,,,,,,,,,,,,,,,,,,,,,,,,,,,,,,,,,,,,,,,,,,,,,,,,,,,,,,,,,,,,,,,,,,,,,,,,,,,,,,,,,,,,,,,,,,,,,,,,,,,,,,,,,,,,,,,,,,,,,,,,,,,,,
1764665426.070441,28394,0,4410.897461,4415,4527.05127,4544.743652,4412.563965,4543.974121,4559.230957,4412.179688,4585.256348,4386.282227,4513.846191,4541.794922,4586.025879,4407.820313,4401.410156,4508.717773,4568.589844,4537.820313,4519.230957,4393.077148,4395.128418,4571.666504,4529.102539,4507.307617,4416.410156,4589.230957,4400.641113,4577.179688,4522.820313,4419.487305,4540.512695,4520.897461,1880,1,24,1536,40487,,,,0,4,4,4,4,4,4,4,4,4,4,4,4,4,4,4,4,4,4,4,4,4,4,4,4,4,4,4,4,4,4,4,4,100,,,,,,,,,,,,,,,,,,,,,,,,,,,,,,,,,,,,,,,,,,,,,,,,,,,,,,,,,,,,,,,,,,,,,,,,,,,,,,,,,,,,,,,,,,,,,,,,,,,,,,,,,,,,,,,,,,,,,,,,,,,,,,,,,,,,,,,,,,,,,,,,,,,,,,,,,,,,,,,,,,,,,,,,,,,,,,,,,,,,,,,,,,,,,,,,,,,,,,,,,,,,,,
1764665426.074348,28395,0,4407.307617,4412.94873,4523.333496,4540.384766,4408.333496,4540.641113,4557.563965,4408.205078,4580,4390.897461,4513.461426,4538.333496,4583.461426,4404.615234,4401.025879,4509.871582,4565.641113,4537.05127,4522.692383,4391.410156,4393.717773,4569.487305,4527.692383,4502.307617,4412.307617,4587.307617,4397.179688,4573.589844,4518.205078,4414.230957,4537.94873,4521.153809,2717,1,24,1536,40487,,,,0,4,4,4,4,4,4,4,4,4,4,4,4,4,4,4,4,4,4,4,4,4,4,4,4,4,4,4,4,4,4,4,4,100,,,,,,,,,,,,,,,,,,,,,,,,,,,,,,,,,,,,,,,,,,,,,,,,,,,,,,,,,,,,,,,,,,,,,,,,,,,,,,,,,,,,,,,,,,,,,,,,,,,,,,,,,,,,,,,,,,,,,,,,,,,,,,,,,,,,,,,,,,,,,,,,,,,,,,,,,,,,,,,,,,,,,,,,,,,,,,,,,,,,,,,,,,,,,,,,,,,,,,,,,,,,,,
1764665426.078254,28396,0,4401.025879,4406.538574,4516.025879,4529.615234,4401.153809,4532.563965,4553.205078,4401.666504,4568.461426,4393.333496,4509.487305,4530.769043,4577.307617,4399.358887,4395.128418,4507.692383,4559.615234,4533.461426,4520.128418,4385.512695,4389.615234,4563.974121,4522.307617,4494.230957,4404.487305,4581.025879,4388.974121,4566.025879,4512.05127,4404.615234,4527.563965,4513.333496,2504,1,24,1792,40495,,,,0,4,4,4,4,4,4,4,4,4,4,4,4,4,4,4,4,4,4,4,4,4,4,4,4,4,4,4,4,4,4,4,4,100,,,,,,,,,,,,,,,,,,,,,,,,,,,,,,,,,,,,,,,,,,,,,,,,,,,,,,,,,,,,,,,,,,,,,,,,,,,,,,,,,,,,,,,,,,,,,,,,,,,,,,,,,,,,,,,,,,,,,,,,,,,,,,,,,,,,,,,,,,,,,,,,,,,,,,,,,,,,,,,,,,,,,,,,,,,,,,,,,,,,,,,,,,,,,,,,,,,,,,,,,,,,,,
1764665426.082161,28397,0,4394.230957,4397.692383,4507.307617,4516.410156,4393.589844,4523.205078,4548.589844,4394.743652,4555.769043,4391.153809,4503.589844,4522.179688,4570.897461,4394.871582,4387.179688,4503.717773,4552.94873,4528.461426,4512.692383,4377.307617,4384.615234,4558.077148,4515.256348,4486.025879,4393.717773,4571.666504,4378.333496,4556.794922,4506.922852,4393.974121,4513.333496,4500.384766,2220,1,24,1792,40495,,,,0,4,4,4,4,4,4,4,4,4,4,4,4,4,4,4,4,4,4,4,4,4,4,4,4,4,4,4,4,4,4,4,4,100,,,,,,,,,,,,,,,,,,,,,,,,,,,,,,,,,,,39867,0,0.017711,-0.694397,-0.719299,-0.010376,0.995239,0.046881,0.047369,19.166666,0,53.333332,,,,,,,,,,,,,,,,,,,,,,,,,,,,,,,,,,,,,,,,,,,,,,,,,,,,,,,,,,,,,,,,,,,,,,,,,,,,,,,,,,,,,,,,,,,,,,,,,,,,,,,,,,,,,,,,,,,,,,,,,,,,,,,,,,,,,,,,,,,,,,,,,,,,,,,,,,,,,,,,
1764665426.086067,28398,0,4390.256348,4390.897461,4501.025879,4507.307617,4389.487305,4517.692383,4546.025879,4391.025879,4548.461426,4386.666504,4499.871582,4516.666504,4567.820313,4393.589844,4382.179688,4501.153809,4548.974121,4523.974121,4504.487305,4370.384766,4381.025879,4555,4510.897461,4481.666504,4383.717773,4563.846191,4370.256348,4549.743652,4504.615234,4387.179688,4502.307617,4490.128418,2727,1,24,2048,40503,,,,0,4,4,4,4,4,4,4,4,4,4,4,4,4,4,4,4,4,4,4,4,4,4,4,4,4,4,4,4,4,4,4,4,100,,,,,,,,,,,,,,,,,,,,,,,,,,,,,,,,,,,,,,,,,,,,,,,,,,,,,,,,,,,,,,,,,,,,,,,,,,,,,,,,,,,,,,,,,,,,,,,,,,,,,,,,,,,,,,,,,,,,,,,,,,,,,,,,,,,,,,,,,,,,,,,,,,,,,,,,,,,,,,,,,,,,,,,,,,,,,,,,,,,,,,,,,,,,,,,,,,,,,,,,,,,,,,
1764665426.089974,28399,0,4390.897461,4389.871582,4499.871582,4507.05127,4390.769043,4518.717773,4546.666504,4392.307617,4550.128418,4384.615234,4500.769043,4516.794922,4569.102539,4395.769043,4383.077148,4501.410156,4549.487305,4521.538574,4499.743652,4367.692383,4380.769043,4555.641113,4511.922852,4482.94873,4378.589844,4561.666504,4368.205078,4547.820313,4505,4386.922852,4499.487305,4487.820313,2506,1,24,2048,40503,,,,0,4,4,4,4,4,4,4,4,4,4,4,4,4,4,4,4,4,4,4,4,4,4,4,4,4,4,4,4,4,4,4,4,100,,,,,,,,,,,,,,,,,,,,,,,,,,,,,,,,,,,,,,,,,,,,,,,,,,,,,,,,,,,,,,,,,,,,,,,,,,,,,,,,,,,,,,,,,,,,,,,,,,,,,,,,,,,,,,,,,,,,,,,,,,,,,,,,,,,,,,,,,,,,,,,,,,,,,,,,,,,,,,,,,,,,,,,,,,,,,,,,,,,,,,,,,,,,,,,,,,,,,,,,,,,,,,
1764665426.093880,28400,0,4395.256348,4394.102539,4503.974121,4514.743652,4396.025879,4524.487305,4548.974121,4397.179688,4558.974121,4387.94873,4505.641113,4521.025879,4572.820313,4398.717773,4387.820313,4503.461426,4553.205078,4521.538574,4500.384766,4369.615234,4383.717773,4558.333496,4517.436035,4488.077148,4380.128418,4565,4371.794922,4551.025879,4507.179688,4391.922852,4504.358887,4492.436035,2883,1,24,2304,40511,,,,0,4,4,4,4,4,4,4,4,4,4,4,4,4,4,4,4,4,4,4,4,4,4,4,4,4,4,4,4,4,4,4,4,100,,,,,,,,,,,,,,,,,,,,,,,,,,,,,,,,,,,,,,,,,,,,,,,,,,,,,,,,,,,,,,,,,,,,,,,,,,,,,,,,,,,,,,,,,,,,,,,,,,,,,,,,,,,,,,,,,,,,,,,,,,,,,,,,,,,,,,,,,,,,,,,,,,,,,,,,,,,,,,,,,,,,,,,,,,,,,,,,,,,,,,,,,,,,,,,,,,,,,,,,,,,,,,
1764665426.097786,28401,0,4399.871582,4399.871582,4509.358887,4524.230957,4401.025879,4530.128418,4550.384766,4401.538574,4568.846191,4394.871582,4510.256348,4525.384766,4575.512695,4398.974121,4392.307617,4505.769043,4556.794922,4523.205078,4505.641113,4373.974121,4387.563965,4560.769043,4523.974121,4493.717773,4386.025879,4570,4377.05127,4556.282227,4509.358887,4397.179688,4511.538574,4497.692383,2926,1,24,2304,40511,,,,0,4,4,4,4,4,4,4,4,4,4,4,4,4,4,4,4,4,4,4,4,4,4,4,4,4,4,4,4,4,4,4,4,100,,,,,,,,,,,,,,,,,,,,,,,,,,,,,,,,,,,39868,0,0.017688,-0.694458,-0.719238,-0.010559,1.003052,0.034672,0.049811,19.666666,1.333333,53.5,,,,,,,,,,,,,,,,,,,,,,,,,,,,,,,,,,,,,,,,,,,,,,,,,,,,,,,,,,,,,,,,,,,,,,,,,,,,,,,,,,,,,,,,,,,,,,,,,,,,,,,,,,,,,,,,,,,,,,,,,,,,,,,,,,,,,,,,,,,,,,,,,,,,,,,,,,,,,,,,
1764665426.101693,28402,0,4401.153809,4401.922852,4510.897461,4528.077148,4401.538574,4531.666504,4548.461426,4401.282227,4573.589844,4399.230957,4510.512695,4526.282227,4575.256348,4396.153809,4393.333496,4507.179688,4556.922852,4525.384766,4512.05127,4377.307617,4389.358887,4561.025879,4526.410156,4496.410156,4391.153809,4571.922852,4379.102539,4559.358887,4510.256348,4398.717773,4515.128418,4497.820313,1775,1,24,2560,40519,,,,0,4,4,4,4,4,4,4,4,4,4,4,4,4,4,4,4,4,4,4,4,4,4,4,4,4,4,4,4,4,4,4,4,100,,,,,,,,,,,,,,,,,,,,,,,,,,,,,,,,,,,,,,,,,,,,,,,,,,,,,,,,,,,,,,,,,,,,,,,,,,,,,,,,,,,,,,,,,,,,,,,,,,,,,,,,,,,,,,,,,,,,,,,,,,,,,,,,,,,,,,,,,,,,,,,,,,,,,,,,,,,,,,,,,,,,,,,,,,,,,,,,,,,,,,,,,,,,,,,,,,,,,,,,,,,,,,
1764665426.105599,28403,0,4397.94873,4398.589844,4506.794922,4523.846191,4396.666504,4528.461426,4543.333496,4395.641113,4570.384766,4396.282227,4505.769043,4523.077148,4572.436035,4392.563965,4390.769043,4507.94873,4553.333496,4527.179688,4515.128418,4377.820313,4387.94873,4559.230957,4522.692383,4494.871582,4392.05127,4569.615234,4376.410156,4558.205078,4509.230957,4395.641113,4512.563965,4492.563965,2954,1,24,2560,40519,,,,0,4,4,4,4,4,4,4,4,4,4,4,4,4,4,4,4,4,4,4,4,4,4,4,4,4,4,4,4,4,4,4,4,100,,,,,,,,,,,,,,,,,,,,,,,,,,,,,,,,,,,,,,,,,,,,,,,,,,,,,,,,,,,,,,,,,,,,,,,,,,,,,,,,,,,,,,,,,,,,,,,,,,,,,,,,,,,,,,,,,,,,,,,,,,,,,,,,,,,,,,,,,,,,,,,,,,,,,,,,,,,,,,,,,,,,,,,,,,,,,,,,,,,,,,,,,,,,,,,,,,,,,,,,,,,,,,
1764665426.109506,28404,0,4392.820313,4392.179688,4500,4515.384766,4389.743652,4523.461426,4537.692383,4388.589844,4562.307617,4387.307617,4499.230957,4518.077148,4569.230957,4391.794922,4387.179688,4507.94873,4548.717773,4528.974121,4513.846191,4376.153809,4384.871582,4556.794922,4515.384766,4491.153809,4390,4566.025879,4371.922852,4554.871582,4506.922852,4391.025879,4506.410156,4486.538574,2550,1,24,2560,40526,,,,0,4,4,4,4,4,4,4,4,4,4,4,4,4,4,4,4,4,4,4,4,4,4,4,4,4,4,4,4,4,4,4,4,100,,,,,,,,,,,,,,,,,,,,,,,,,,,,,,,,,,,,,,,,,,,,,,,,,,,,,,,,,,,,,,,,,,,,,,,,,,,,,,,,,,,,,,,,,,,,,,,,,,,,,,,,,,,,,,,,,,,,,,,,,,,,,,,,,,,,,,,,,,,,,,,,,,,,,,,,,,,,,,,,,,,,,,,,,,,,,,,,,,,,,,,,,,,,,,,,,,,,,,,,,,,,,,
1764665426.113412,28405,0,4389.615234,4387.820313,4495.128418,4509.358887,4385.769043,4521.025879,4534.615234,4385.128418,4555.769043,4378.974121,4495.641113,4514.871582,4568.333496,4394.615234,4385.641113,4507.692383,4547.05127,4532.179688,4511.282227,4375.128418,4383.205078,4555.384766,4510.256348,4488.974121,4389.615234,4565,4370.256348,4552.94873,4504.743652,4388.846191,4502.179688,4485.128418,2838,1,24,2560,40526,,,,0,4,4,4,4,4,4,4,4,4,4,4,4,4,4,4,4,4,4,4,4,4,4,4,4,4,4,4,4,4,4,4,4,100,,,,,,,,,,,,,,,,,,,,,,,,,,,,,,,,,,,39869,0,0.017845,-0.694519,-0.719177,-0.010437,0.987425,0.042486,0.044439,19.666666,1.333333,53.5,,,,,,,,,,,,,,,,,,,,,,,,,,,,,,,,,,,,,,,,,,,,,,,,,,,,,,,,,,,,,,,,,,,,,,,,,,,,,,,,,,,,,,,,,,,,,,,,,,,,,,,,,,,,,,,,,,,,,,,,,,,,,,,,,,,,,,,,,,,,,,,,,,,,,,,,,,,,,,,,
1764665426.117319,28406,0,4390,4388.717773,4495.384766,4510.512695,4387.436035,4522.94873,4535.897461,4387.820313,4556.025879,4377.94873,4497.307617,4515.512695,4570.256348,4398.717773,4387.05127,4507.692383,4550,4536.666504,4510.897461,4376.794922,4384.487305,4556.282227,4510.641113,4490.769043,4394.358887,4567.94873,4373.974121,4554.230957,4503.717773,4391.282227,4503.461426,4489.743652,2945,1,24,1280,40534,,,,0,4,4,4,4,4,4,4,4,4,4,4,4,4,4,4,4,4,4,4,4,4,4,4,4,4,4,4,4,4,4,4,4,100,,,,,,,,,,,,,,,,,,,,,,,,,,,,,,,,,,,,,,,,,,,,,,,,,,,,,,,,,,,,,,,,,,,,,,,,,,,,,,,,,,,,,,,,,,,,,,,,,,,,,,,,,,,,,,,,,,,,,,,,,,,,,,,,,,,,,,,,,,,,,,,,,,,,,,,,,,,,,,,,,,,,,,,,,,,,,,,,,,,,,,,,,,,,,,,,,,,,,,,,,,,,,,
1764665426.121225,28407,0,4392.436035,4394.230957,4499.871582,4517.05127,4392.307617,4527.05127,4539.615234,4394.102539,4562.563965,4385,4501.922852,4518.589844,4573.333496,4400.512695,4389.615234,4508.205078,4555.128418,4540.897461,4513.717773,4380.384766,4386.922852,4558.589844,4515.256348,4495.256348,4402.179688,4572.563965,4380.512695,4556.922852,4503.974121,4396.410156,4508.846191,4496.025879,2853,1,24,1280,40534,,,,0,4,4,4,4,4,4,4,4,4,4,4,4,4,4,4,4,4,4,4,4,4,4,4,4,4,4,4,4,4,4,4,4,100,,,,,,,,,,,,,,,,,,,,,,,,,,,,,,,,,,,,,,,,,,,,,,,,,,,,,,,,,,,,,,,,,,,,,,,,,,,,,,,,,,,,,,,,,,,,,,,,,,,,,,,,,,,,,,,,,,,,,,,,,,,,,,,,,,,,,,,,,,,,,,,,,,,,,,,,,,,,,,,,,,,,,,,,,,,,,,,,,,,,,,,,,,,,,,,,,,,,,,,,,,,,,,
1764665426.125132,28408,0,4393.205078,4399.615234,4504.102539,4522.436035,4395.256348,4529.102539,4541.922852,4398.077148,4569.615234,4394.358887,4504.871582,4520.128418,4573.974121,4397.692383,4390.897461,4508.589844,4557.179688,4541.666504,4517.563965,4382.563965,4387.179688,4560,4519.102539,4498.717773,4407.94873,4574.487305,4384.871582,4557.307617,4504.358887,4400.256348,4512.94873,4497.820313,2764,1,24,1536,40542,,,,0,4,4,4,4,4,4,4,4,4,4,4,4,4,4,4,4,4,4,4,4,4,4,4,4,4,4,4,4,4,4,4,4,100,,,,,,,,,,,,,,,,,,,,,,,,,,,,,,,,,,,,,,,,,,,,,,,,,,,,,,,,,,,,,,,,,,,,,,,,,,,,,,,,,,,,,,,,,,,,,,,,,,,,,,,,,,,,,,,,,,,,,,,,,,,,,,,,,,,,,,,,,,,,,,,,,,,,,,,,,,,,,,,,,,,,,,,,,,,,,,,,,,,,,,,,,,,,,,,,,,,,,,,,,,,,,,
1764665426.129038,28409,0,4389.743652,4399.615234,4503.077148,4521.282227,4392.563965,4525.897461,4539.615234,4394.871582,4571.025879,4398.077148,4502.179688,4516.922852,4569.871582,4391.025879,4389.102539,4507.94873,4552.563965,4537.563965,4519.487305,4380.512695,4383.846191,4557.692383,4517.94873,4497.307617,4407.05127,4571.025879,4382.94873,4553.461426,4503.333496,4398.846191,4511.025879,4492.692383,2840,1,24,1536,40542,,,,0,4,4,4,4,4,4,4,4,4,4,4,4,4,4,4,4,4,4,4,4,4,4,4,4,4,4,4,4,4,4,4,4,100,,,,,,,,,,,,,,,,,,,,,,,,,,,,,,,,,,,39870,0,0.020144,-0.694458,-0.719177,-0.010315,0.999145,0.035161,0.031742,17.666666,0.833333,53.833332,,,,,,,,,,,,,,,,,,,,,,,,,,,,,,,,,,,,,,,,,,,,,,,,,,,,,,,,,,,,,,,,,,,,,,,,,,,,,,,,,,,,,,,,,,,,,,,,,,,,,,,,,,,,,,,,,,,,,,,,,,,,,,,,,,,,,,,,,,,,,,,,,,,,,,,,,,,,,,,,
1764665426.132945,28410,0,4383.077148,4392.563965,4495.512695,4512.692383,4384.871582,4518.205078,4532.563965,4385,4565,4392.179688,4494.102539,4509.358887,4561.922852,4383.589844,4384.487305,4505.897461,4542.179688,4529.871582,4517.563965,4374.230957,4377.692383,4551.282227,4511.282227,4490.384766,4399.615234,4562.94873,4374.743652,4545.769043,4500.384766,4391.538574,4502.94873,4483.205078,1941,1,24,1792,40549,,,,0,4,4,4,4,4,4,4,4,4,4,4,4,4,4,4,4,4,4,4,4,4,4,4,4,4,4,4,4,4,4,4,4,100,1,91.666664,4,4,4,4,4,4,4,4,4,4,4,4,4,4,4,4,4,4,4,4,4,4,4,4,3,4,4,4,4,4,4,4,,,,,,,,,,,,,0.5038,1.570037,1.121956,1.06255,1.249653,1.587607,2.203069,1.621884,1.044641,1.483785,2.605085,2.264183,1.204206,1.163902,1.685442,1.277751,2.494493,1.261402,1.021199,1.394015,1.18107,2.771253,1.407764,0.864402,1.299603,0.575922,1.850048,1.357546,0.863618,1.208699,0.563941,1.786112,1.035709,1.236584,1.334103,1.231548,2.269054,1.329377,1.045132,1.517412,2.03178,1.364564,0.859174,1.066127,1.554892,1.362792,1.521455,1.78662,1.98363,2.185707,1.330899,0.65845,0.555678,0.8124,1.066561,0.73968,1.706066,1.14599,0.886431,1.308139,0.378321,1.650015,1.170801,0.872899,0.969364,1.067327,0.609488,0.645498,0.59156,0.711836,0.386324,0.391209,0.359759,0.891091,1.11598,0.413519,0.772038,0.364176,0.506603,0.749675,0.874057,3.526502,1.65865,1.158996,1.555927,1.03498,3.356279,0.748633,1.09355,1.677648,0.381836,2.732117,0.49464,0.810236,1.21943,1.213123,1.960158,1.066795,0.973029,1.449934,1.836945,3.951446,1.086604,0.747882,1.418507,1.031422,4.885751,0.955094,1.029041,1.52927,0.481377,1.544868,0.949866,0.903441,1.349286,1.34088,1.877466,1.099332,1.112657,1.479395,2.434969,1.961029,2.10733,0.984463,2.104472,2.716837,0.738692,0.916799,1.005906,1.399338,1.636344,1.133016,1.384221,1.266066,1.706206,1.421504,1.737461,1.24187,1.19973,1.409525,0.374432,0.91557,0.59624,0.54431,0.716906,1.743113,1.266653,0.912441,0.907213,1.464799,1.9066,1.108267,1.049091,1.236533,1.752172,2.949841,1.933622,1.154743,1.019186,1.486805
1764665426.136851,28411,0,4376.282227,4382.307617,4485.256348,4502.05127,4376.794922,4509.102539,4524.102539,4373.846191,4555.769043,4379.615234,4484.615234,4500.897461,4553.589844,4378.846191,4378.717773,4503.205078,4530.384766,4522.307617,4512.436035,4367.05127,4371.666504,4543.333496,4502.436035,4480.897461,4390.512695,4555.128418,4364.615234,4537.436035,4496.410156,4381.666504,4493.846191,4474.615234,2645,1,24,1792,40549,,,,0,4,4,4,4,4,4,4,4,4,4,4,4,4,4,4,4,4,4,4,4,4,4,4,4,4,4,4,4,4,4,4,4,100,,,,,,,,,,,,,,,,,,,,,,,,,,,,,,,,,,,,,,,,,,,,,,,,,,,,,,,,,,,,,,,,,,,,,,,,,,,,,,,,,,,,,,,,,,,,,,,,,,,,,,,,,,,,,,,,,,,,,,,,,,,,,,,,,,,,,,,,,,,,,,,,,,,,,,,,,,,,,,,,,,,,,,,,,,,,,,,,,,,,,,,,,,,,,,,,,,,,,,,,,,,,,,
1764665426.140758,28412,0,4372.692383,4375.384766,4479.871582,4496.922852,4374.102539,4502.563965,4518.974121,4368.846191,4550.897461,4368.589844,4479.743652,4496.025879,4549.230957,4378.717773,4375.512695,4501.410156,4523.589844,4518.717773,4506.922852,4364.230957,4368.974121,4537.94873,4496.410156,4474.102539,4386.282227,4552.94873,4358.717773,4532.179688,4493.717773,4375.256348,4490.128418,4471.922852,2710,1,24,1792,40558,,,,0,4,4,4,4,4,4,4,4,4,4,4,4,4,4,4,4,4,4,4,4,4,4,4,4,4,4,4,4,4,4,4,4,100,,,,,,,,,,,,,,,,,,,,,,,,,,,,,,,,,,,,,,,,,,,,,,,,,,,,,,,,,,,,,,,,,,,,,,,,,,,,,,,,,,,,,,,,,,,,,,,,,,,,,,,,,,,,,,,,,,,,,,,,,,,,,,,,,,,,,,,,,,,,,,,,,,,,,,,,,,,,,,,,,,,,,,,,,,,,,,,,,,,,,,,,,,,,,,,,,,,,,,,,,,,,,,
1764665426.144664,28413,0,4373.974121,4376.922852,4484.615234,4502.307617,4379.743652,4501.538574,4520.769043,4374.230957,4555.256348,4366.410156,4482.307617,4497.563965,4551.794922,4383.077148,4377.692383,4501.922852,4525.256348,4520.512695,4503.974121,4368.974121,4371.282227,4538.333496,4496.410156,4474.487305,4390.512695,4559.102539,4361.282227,4532.05127,4494.230957,4376.922852,4496.025879,4477.820313,2546,1,24,1792,40558,,,,0,4,4,4,4,4,4,4,4,4,4,4,4,4,4,4,4,4,4,4,4,4,4,4,4,4,4,4,4,4,4,4,4,100,,,,,,,,,,,,,,,,,,,,,,,,,,,,,,,,,,,39871,0,0.020112,-0.694458,-0.719177,-0.010376,0.987914,0.037602,0.054694,18.166666,0.833333,53,,,,,,,,,,,,,,,,,,,,,,,,,,,,,,,,,,,,,,,,,,,,,,,,,,,,,,,,,,,,,,,,,,,,,,,,,,,,,,,,,,,,,,,,,,,,,,,,,,,,,,,,,,,,,,,,,,,,,,,,,,,,,,,,,,,,,,,,,,,,,,,,,,,,,,,,,,,,,,,,
1764665426.148571,28414,0,4379.615234,4386.153809,4497.692383,4515.641113,4391.410156,4506.153809,4529.487305,4387.563965,4566.922852,4374.102539,4490,4504.230957,4560.256348,4389.615234,4385.384766,4504.871582,4533.846191,4525.897461,4504.615234,4379.230957,4377.692383,4544.230957,4501.666504,4482.179688,4400.384766,4570.384766,4371.025879,4536.538574,4497.692383,4386.025879,4508.846191,4489.615234,2675,1,24,1536,40565,,,,0,4,4,4,4,4,4,4,4,4,4,4,4,4,4,4,4,4,4,4,4,4,4,4,4,4,4,4,4,4,4,4,4,100,,,,,,,,,,,,,,,,,,,,,,,,,,,,,,,,,,,,,,,,,,,,,,,,,,,,,,,,,,,,,,,,,,,,,,,,,,,,,,,,,,,,,,,,,,,,,,,,,,,,,,,,,,,,,,,,,,,,,,,,,,,,,,,,,,,,,,,,,,,,,,,,,,,,,,,,,,,,,,,,,,,,,,,,,,,,,,,,,,,,,,,,,,,,,,,,,,,,,,,,,,,,,,
1764665426.152477,28415,0,4386.410156,4396.410156,4509.615234,4528.461426,4402.436035,4512.94873,4540.128418,4400.128418,4578.205078,4385.384766,4496.538574,4510.641113,4569.358887,4394.358887,4394.102539,4508.461426,4542.820313,4530.769043,4507.05127,4388.846191,4384.230957,4551.666504,4507.94873,4492.179688,4407.563965,4579.743652,4381.538574,4541.922852,4502.05127,4395.256348,4520.128418,4499.487305,2842,1,24,1536,40565,,,,0,4,4,4,4,4,4,4,4,4,4,4,4,4,4,4,4,4,4,4,4,4,4,4,4,4,4,4,4,4,4,4,4,100,,,,,,,,,,,,,,,,,,,,,,,,,,,,,,,,,,,,,,,,,,,,,,,,,,,,,,,,,,,,,,,,,,,,,,,,,,,,,,,,,,,,,,,,,,,,,,,,,,,,,,,,,,,,,,,,,,,,,,,,,,,,,,,,,,,,,,,,,,,,,,,,,,,,,,,,,,,,,,,,,,,,,,,,,,,,,,,,,,,,,,,,,,,,,,,,,,,,,,,,,,,,,,
1764665426.156384,28416,0,4390.256348,4400.384766,4511.025879,4532.307617,4405.256348,4517.307617,4545.641113,4403.461426,4581.282227,4391.922852,4496.922852,4512.307617,4573.461426,4393.846191,4397.563965,4509.615234,4545.641113,4531.153809,4508.333496,4391.666504,4386.538574,4555.384766,4511.153809,4497.307617,4405,4581.153809,4385,4544.358887,4504.358887,4397.05127,4521.794922,4500,2776,1,24,1792,40572,,,,0,4,4,4,4,4,4,4,4,4,4,4,4,4,4,4,4,4,4,4,4,4,4,4,4,4,4,4,4,4,4,4,4,100,,,,,,,,,,,,,,,,,,,,,,,,,,,,,,,,,,,,,,,,,,,,,,,,,,,,,,,,,,,,,,,,,,,,,,,,,,,,,,,,,,,,,,,,,,,,,,,,,,,,,,,,,,,,,,,,,,,,,,,,,,,,,,,,,,,,,,,,,,,,,,,,,,,,,,,,,,,,,,,,,,,,,,,,,,,,,,,,,,,,,,,,,,,,,,,,,,,,,,,,,,,,,,
1764665426.160290,28417,0,4389.487305,4395.641113,4500.897461,4526.025879,4398.974121,4517.307617,4542.436035,4396.410156,4574.871582,4389.871582,4492.05127,4509.487305,4570.769043,4388.333496,4393.974121,4507.307617,4541.410156,4527.05127,4507.307617,4387.179688,4383.974121,4553.333496,4510.512695,4494.615234,4393.461426,4574.615234,4380,4543.333496,4503.205078,4390.128418,4513.333496,4491.025879,2941,1,24,1792,40572,,,,0,4,4,4,4,4,4,4,4,4,4,4,4,4,4,4,4,4,4,4,4,4,4,4,4,4,4,4,4,4,4,4,4,100,,,,,,,,,,,,,,,,,,,,,,,,,,,,,,,,,,,39872,0,0.020144,-0.694458,-0.719177,-0.010315,0.984495,0.047857,0.046881,19.166666,1.5,53.333332,,,,,,,,,,,,,,,,,,,,,,,,,,,,,,,,,,,,,,,,,,,,,,,,,,,,,,,,,,,,,,,,,,,,,,,,,,,,,,,,,,,,,,,,,,,,,,,,,,,,,,,,,,,,,,,,,,,,,,,,,,,,,,,,,,,,,,,,,,,,,,,,,,,,,,,,,,,,,,,,
1764665426.164197,28418,0,4386.794922,4387.820313,4488.077148,4517.179688,4389.871582,4515.128418,4534.487305,4386.025879,4566.025879,4384.102539,4487.563965,4507.179688,4566.153809,4381.922852,4387.692383,4503.846191,4535.384766,4522.94873,4505.641113,4380.897461,4380.256348,4548.974121,4509.871582,4488.333496,4382.436035,4567.05127,4372.94873,4542.179688,4500.256348,4381.410156,4503.333496,4481.666504,2609,1,24,2048,40581,,,,0,4,4,4,4,4,4,4,4,4,4,4,4,4,4,4,4,4,4,4,4,4,4,4,4,4,4,4,4,4,4,4,4,100,,,,,,,,,,,,,,,,,,,,,,,,,,,,,,,,,,,,,,,,,,,,,,,,,,,,,,,,,,,,,,,,,,,,,,,,,,,,,,,,,,,,,,,,,,,,,,,,,,,,,,,,,,,,,,,,,,,,,,,,,,,,,,,,,,,,,,,,,,,,,,,,,,,,,,,,,,,,,,,,,,,,,,,,,,,,,,,,,,,,,,,,,,,,,,,,,,,,,,,,,,,,,,
1764665426.168103,28419,0,4387.05127,4385.769043,4485,4515.897461,4386.794922,4515.769043,4530.512695,4382.05127,4564.358887,4383.077148,4489.358887,4511.153809,4566.538574,4380.128418,4386.666504,4503.461426,4534.615234,4524.358887,4506.282227,4380,4380.769043,4548.974121,4513.717773,4486.025879,4382.436035,4566.410156,4373.461426,4545.641113,4499.743652,4380.512695,4502.563965,4482.179688,2871,1,24,2048,40581,,,,0,4,4,4,4,4,4,4,4,4,4,4,4,4,4,4,4,4,4,4,4,4,4,4,4,4,4,4,4,4,4,4,4,100,,,,,,,,,,,,,,,,,,,,,,,,,,,,,,,,,,,,,,,,,,,,,,,,,,,,,,,,,,,,,,,,,,,,,,,,,,,,,,,,,,,,,,,,,,,,,,,,,,,,,,,,,,,,,,,,,,,,,,,,,,,,,,,,,,,,,,,,,,,,,,,,,,,,,,,,,,,,,,,,,,,,,,,,,,,,,,,,,,,,,,,,,,,,,,,,,,,,,,,,,,,,,,
1764665426.172010,28420,0,4393.717773,4394.615234,4497.179688,4526.794922,4394.230957,4522.179688,4536.538574,4389.615234,4574.102539,4391.153809,4498.077148,4522.307617,4575.128418,4385.128418,4394.230957,4509.102539,4542.692383,4533.589844,4511.922852,4387.692383,4388.205078,4556.666504,4523.077148,4492.692383,4396.410156,4575.897461,4385.769043,4555.256348,4505.256348,4392.05127,4515.512695,4495.641113,2766,1,24,2304,40588,,,,0,4,4,4,4,4,4,4,4,4,4,4,4,4,4,4,4,4,4,4,4,4,4,4,4,4,4,4,4,4,4,4,4,100,,,,,,,,,,,,,,,,,,,,,,,,,,,,,,,,,,,,,,,,,,,,,,,,,,,,,,,,,,,,,,,,,,,,,,,,,,,,,,,,,,,,,,,,,,,,,,,,,,,,,,,,,,,,,,,,,,,,,,,,,,,,,,,,,,,,,,,,,,,,,,,,,,,,,,,,,,,,,,,,,,,,,,,,,,,,,,,,,,,,,,,,,,,,,,,,,,,,,,,,,,,,,,
1764665426.175916,28421,0,4404.871582,4410.769043,4518.717773,4544.871582,4408.205078,4532.436035,4550.512695,4404.487305,4590.128418,4403.846191,4508.974121,4535.897461,4588.205078,4394.358887,4406.666504,4518.333496,4556.666504,4547.436035,4521.538574,4400.769043,4399.743652,4569.358887,4534.102539,4506.025879,4417.179688,4591.025879,4404.871582,4568.333496,4515.256348,4411.538574,4536.025879,4515.256348,2804,1,24,2304,40588,,,,0,4,4,4,4,4,4,4,4,4,4,4,4,4,4,4,4,4,4,4,4,4,4,4,4,4,4,4,4,4,4,4,4,100,,,,,,,,,,,,,,,,,,,,,,,,,,,,,,,,,,,39873,0,0.020236,-0.694458,-0.719177,-0.010132,0.993774,0.037114,0.034672,18.5,2.5,53.5,,,,,,,,,,,,,,,,,,,,,,,,,,,,,,,,,,,,,,,,,,,,,,,,,,,,,,,,,,,,,,,,,,,,,,,,,,,,,,,,,,,,,,,,,,,,,,,,,,,,,,,,,,,,,,,,,,,,,,,,,,,,,,,,,,,,,,,,,,,,,,,,,,,,,,,,,,,,,,,,
1764665426.179823,28422,0,4413.974121,4424.743652,4536.153809,4558.589844,4419.230957,4540.128418,4563.333496,4416.410156,4601.666504,4411.282227,4515.769043,4544.358887,4597.820313,4401.153809,4414.358887,4524.487305,4568.717773,4558.461426,4530.256348,4411.153809,4408.589844,4579.230957,4540.256348,4517.436035,4432.436035,4602.692383,4418.974121,4577.692383,4524.102539,4427.563965,4551.153809,4528.974121,2813,1,24,2560,40596,,,,0,4,4,4,4,4,4,4,4,4,4,4,4,4,4,4,4,4,4,4,4,4,4,4,4,4,4,4,4,4,4,4,4,100,,,,,,,,,,,,,,,,,,,,,,,,,,,,,,,,,,,,,,,,,,,,,,,,,,,,,,,,,,,,,,,,,,,,,,,,,,,,,,,,,,,,,,,,,,,,,,,,,,,,,,,,,,,,,,,,,,,,,,,,,,,,,,,,,,,,,,,,,,,,,,,,,,,,,,,,,,,,,,,,,,,,,,,,,,,,,,,,,,,,,,,,,,,,,,,,,,,,,,,,,,,,,,
1764665426.183729,28423,0,4414.102539,4426.153809,4537.820313,4557.692383,4418.846191,4538.589844,4564.743652,4415.769043,4599.615234,4406.282227,4513.717773,4542.436035,4596.922852,4399.487305,4408.974121,4521.794922,4571.282227,4559.230957,4532.05127,4411.153809,4408.077148,4578.846191,4536.666504,4518.077148,4432.307617,4602.692383,4417.94873,4576.922852,4525.641113,4428.846191,4550.128418,4527.692383,2994,1,24,2560,40596,,,,0,4,4,4,4,4,4,4,4,4,4,4,4,4,4,4,4,4,4,4,4,4,4,4,4,4,4,4,4,4,4,4,4,100,,,,,,,,,,,,,,,,,,,,,,,,,,,,,,,,,,,,,,,,,,,,,,,,,,,,,,,,,,,,,,,,,,,,,,,,,,,,,,,,,,,,,,,,,,,,,,,,,,,,,,,,,,,,,,,,,,,,,,,,,,,,,,,,,,,,,,,,,,,,,,,,,,,,,,,,,,,,,,,,,,,,,,,,,,,,,,,,,,,,,,,,,,,,,,,,,,,,,,,,,,,,,,
1764665426.187636,28424,0,4403.333496,4412.05127,4521.666504,4540.897461,4404.871582,4526.153809,4551.025879,4400.384766,4582.692383,4390,4502.820313,4530,4584.358887,4388.461426,4390.256348,4510,4562.179688,4547.692383,4524.615234,4398.717773,4396.922852,4566.153809,4524.358887,4505.512695,4416.666504,4590,4400.769043,4564.358887,4517.820313,4413.205078,4531.794922,4511.153809,2882,1,24,2560,40605,,,,0,4,4,4,4,4,4,4,4,4,4,4,4,4,4,4,4,4,4,4,4,4,4,4,4,4,4,4,4,4,4,4,4,100,,,,,,,,,,,,,,,,,,,,,,,,,,,,,,,,,,,,,,,,,,,,,,,,,,,,,,,,,,,,,,,,,,,,,,,,,,,,,,,,,,,,,,,,,,,,,,,,,,,,,,,,,,,,,,,,,,,,,,,,,,,,,,,,,,,,,,,,,,,,,,,,,,,,,,,,,,,,,,,,,,,,,,,,,,,,,,,,,,,,,,,,,,,,,,,,,,,,,,,,,,,,,,
1764665426.191542,28425,0,4387.179688,4390,4497.692383,4517.436035,4384.487305,4508.846191,4528.974121,4378.205078,4560.128418,4371.410156,4488.846191,4513.333496,4566.794922,4373.846191,4367.94873,4495.512695,4546.666504,4529.230957,4511.538574,4380.641113,4380.641113,4548.205078,4509.871582,4486.410156,4395.256348,4571.666504,4377.05127,4545.897461,4505,4389.743652,4507.436035,4489.358887,2734,1,24,2560,40605,,,,0,4,4,4,4,4,4,4,4,4,4,4,4,4,4,4,4,4,4,4,4,4,4,4,4,4,4,4,4,4,4,4,4,100,,,,,,,,,,,,,,,,,,,,,,,,,,,,,,,,,,,39874,0,0.020357,-0.694458,-0.719177,-0.009888,0.993774,0.037114,0.034672,20.166666,0.166667,54.666668,,,,,,,,,,,,,,,,,,,,,,,,,,,,,,,,,,,,,,,,,,,,,,,,,,,,,,,,,,,,,,,,,,,,,,,,,,,,,,,,,,,,,,,,,,,,,,,,,,,,,,,,,,,,,,,,,,,,,,,,,,,,,,,,,,,,,,,,,,,,,,,,,,,,,,,,,,,,,,,,
1764665426.195449,28426,0,4376.153809,4374.102539,4482.05127,4502.436035,4370.384766,4497.179688,4511.922852,4362.436035,4545.897461,4362.179688,4480.897461,4502.05127,4554.871582,4365.512695,4356.153809,4487.05127,4534.871582,4514.743652,4501.282227,4368.717773,4369.487305,4537.05127,4501.922852,4473.846191,4382.563965,4559.743652,4361.666504,4532.820313,4495.769043,4374.230957,4492.692383,4476.410156,1882,1,24,2561,40611,,,,0,4,4,4,4,4,4,4,4,4,4,4,4,4,4,4,4,4,4,4,4,4,4,4,4,4,4,4,4,4,4,4,4,100,,,,,,,,,,,,,,,,,,,,,,,,,,,,,,,,,,,,,,,,,,,,,,,,,,,,,,,,,,,,,,,,,,,,,,,,,,,,,,,,,,,,,,,,,,,,,,,,,,,,,,,,,,,,,,,,,,,,,,,,,,,,,,,,,,,,,,,,,,,,,,,,,,,,,,,,,,,,,,,,,,,,,,,,,,,,,,,,,,,,,,,,,,,,,,,,,,,,,,,,,,,,,,
1764665426.199355,28427,0,4378.717773,4375.512695,4485.769043,4505.384766,4372.307617,4499.487305,4511.025879,4363.205078,4548.974121,4368.333496,4484.358887,4502.692383,4556.282227,4369.487305,4363.589844,4489.615234,4535.256348,4513.589844,4501.666504,4371.153809,4371.538574,4541.538574,4506.282227,4476.922852,4387.692383,4562.179688,4365,4534.102539,4497.307617,4377.436035,4497.563965,4481.025879,2716,1,24,2561,40611,,,,0,4,4,4,4,4,4,4,4,4,4,4,4,4,4,4,4,4,4,4,4,4,4,4,4,4,4,4,4,4,4,4,4,100,,,,,,,,,,,,,,,,,,,,,,,,,,,,,,,,,,,,,,,,,,,,,,,,,,,,,,,,,,,,,,,,,,,,,,,,,,,,,,,,,,,,,,,,,,,,,,,,,,,,,,,,,,,,,,,,,,,,,,,,,,,,,,,,,,,,,,,,,,,,,,,,,,,,,,,,,,,,,,,,,,,,,,,,,,,,,,,,,,,,,,,,,,,,,,,,,,,,,,,,,,,,,,
1764665426.203262,28428,0,4393.846191,4393.205078,4505.897461,4522.436035,4388.974121,4515,4526.282227,4379.102539,4566.666504,4386.282227,4496.538574,4514.102539,4569.743652,4382.820313,4385.384766,4500.641113,4548.077148,4526.538574,4513.077148,4386.410156,4386.025879,4559.230957,4520.641113,4493.717773,4407.307617,4577.307617,4384.230957,4549.615234,4508.589844,4396.282227,4517.563965,4499.743652,2505,1,24,2562,40619,,,,0,4,4,4,4,4,4,4,4,4,4,4,4,4,4,4,4,4,4,4,4,4,4,4,4,4,4,4,4,4,4,4,4,100,,,,,,,,,,,,,,,,,,,,,,,,,,,,,,,,,,,,,,,,,,,,,,,,,,,,,,,,,,,,,,,,,,,,,,,,,,,,,,,,,,,,,,,,,,,,,,,,,,,,,,,,,,,,,,,,,,,,,,,,,,,,,,,,,,,,,,,,,,,,,,,,,,,,,,,,,,,,,,,,,,,,,,,,,,,,,,,,,,,,,,,,,,,,,,,,,,,,,,,,,,,,,,
1764665426.207168,28429,0,4411.282227,4414.358887,4527.05127,4539.358887,4408.589844,4533.589844,4546.282227,4398.333496,4585.512695,4404.102539,4507.563965,4527.692383,4585.512695,4395.641113,4406.794922,4512.436035,4564.871582,4544.743652,4527.692383,4403.461426,4403.077148,4578.077148,4535.897461,4511.922852,4427.820313,4594.358887,4405.641113,4568.717773,4521.666504,4417.179688,4538.461426,4519.230957,2219,1,24,2562,40619,,,,0,4,4,4,4,4,4,4,4,4,4,4,4,4,4,4,4,4,4,4,4,4,4,4,4,4,4,4,4,4,4,4,4,100,,,,,,,,,,,,,,,,,,,,,,,,,,,,,,,,,,,39875,0,0.020416,-0.694458,-0.719177,-0.009766,0.986449,0.030765,0.041997,20.5,2.166667,53.833332,,,,,,,,,,,,,,,,,,,,,,,,,,,,,,,,,,,,,,,,,,,,,,,,,,,,,,,,,,,,,,,,,,,,,,,,,,,,,,,,,,,,,,,,,,,,,,,,,,,,,,,,,,,,,,,,,,,,,,,,,,,,,,,,,,,,,,,,,,,,,,,,,,,,,,,,,,,,,,,,
1764665426.211075,28430,0,4418.717773,4424.871582,4535,4544.102539,4418.589844,4543.077148,4557.179688,4408.077148,4592.820313,4410.769043,4509.743652,4534.230957,4593.077148,4399.615234,4414.230957,4517.307617,4574.487305,4556.282227,4535,4410.641113,4411.410156,4585.769043,4542.692383,4519.487305,4435.384766,4602.179688,4415.256348,4578.717773,4527.179688,4426.794922,4546.666504,4527.05127,2726,1,24,2563,40627,,,,0,4,4,4,4,4,4,4,4,4,4,4,4,4,4,4,4,4,4,4,4,4,4,4,4,4,4,4,4,4,4,4,4,100,,,,,,,,,,,,,,,,,,,,,,,,,,,,,,,,,,,,,,,,,,,,,,,,,,,,,,,,,,,,,,,,,,,,,,,,,,,,,,,,,,,,,,,,,,,,,,,,,,,,,,,,,,,,,,,,,,,,,,,,,,,,,,,,,,,,,,,,,,,,,,,,,,,,,,,,,,,,,,,,,,,,,,,,,,,,,,,,,,,,,,,,,,,,,,,,,,,,,,,,,,,,,,
1764665426.214981,28431,0,4412.563965,4420.512695,4527.179688,4535.641113,4414.871582,4539.230957,4553.974121,4404.615234,4585.897461,4404.871582,4503.205078,4530.512695,4589.102539,4394.743652,4405.769043,4514.102539,4571.666504,4555,4530.256348,4405,4406.922852,4579.871582,4538.461426,4513.717773,4426.922852,4598.333496,4409.743652,4575.128418,4522.563965,4422.436035,4540.769043,4521.538574,2504,1,24,2563,40627,,,,0,4,4,4,4,4,4,4,4,4,4,4,4,4,4,4,4,4,4,4,4,4,4,4,4,4,4,4,4,4,4,4,4,100,,,,,,,,,,,,,,,,,,,,,,,,,,,,,,,,,,,,,,,,,,,,,,,,,,,,,,,,,,,,,,,,,,,,,,,,,,,,,,,,,,,,,,,,,,,,,,,,,,,,,,,,,,,,,,,,,,,,,,,,,,,,,,,,,,,,,,,,,,,,,,,,,,,,,,,,,,,,,,,,,,,,,,,,,,,,,,,,,,,,,,,,,,,,,,,,,,,,,,,,,,,,,,
1764665426.218888,28432,0,4399.743652,4408.846191,4513.717773,4523.589844,4404.102539,4528.333496,4543.077148,4394.871582,4573.589844,4394.871582,4495.512695,4522.05127,4578.846191,4388.461426,4392.05127,4507.436035,4560.897461,4544.102539,4518.077148,4393.717773,4395.897461,4567.94873,4529.487305,4503.205078,4411.153809,4589.615234,4397.94873,4563.846191,4513.717773,4412.179688,4529.871582,4511.410156,2884,1,24,2564,40635,,,,0,4,4,4,4,4,4,4,4,4,4,4,4,4,4,4,4,4,4,4,4,4,4,4,4,4,4,4,4,4,4,4,4,100,,,,,,,,,,,,,,,,,,,,,,,,,,,,,,,,,,,,,,,,,,,,,,,,,,,,,,,,,,,,,,,,,,,,,,,,,,,,,,,,,,,,,,,,,,,,,,,,,,,,,,,,,,,,,,,,,,,,,,,,,,,,,,,,,,,,,,,,,,,,,,,,,,,,,,,,,,,,,,,,,,,,,,,,,,,,,,,,,,,,,,,,,,,,,,,,,,,,,,,,,,,,,,
1764665426.222794,28433,0,4391.025879,4401.538574,4506.666504,4518.974121,4396.666504,4520.512695,4535.512695,4389.102539,4567.179688,4391.153809,4493.717773,4516.538574,4571.025879,4388.077148,4385.384766,4503.589844,4551.538574,4532.94873,4508.589844,4386.666504,4388.205078,4560.641113,4523.974121,4498.974121,4401.538574,4585.256348,4391.538574,4555.897461,4508.333496,4406.282227,4525,4506.794922,2928,1,24,2564,40635,,,,0,4,4,4,4,4,4,4,4,4,4,4,4,4,4,4,4,4,4,4,4,4,4,4,4,4,4,4,4,4,4,4,4,100,,,,,,,,,,,,,,,,,,,,,,,,,,,,,,,,,,,39876,0,0.020416,-0.694458,-0.719177,-0.009766,0.986449,0.030765,0.041997,19,0.5,53.833332,,,,,,,,,,,,,,,,,,,,,,,,,,,,,,,,,,,,,,,,,,,,,,,,,,,,,,,,,,,,,,,,,,,,,,,,,,,,,,,,,,,,,,,,,,,,,,,,,,,,,,,,,,,,,,,,,,,,,,,,,,,,,,,,,,,,,,,,,,,,,,,,,,,,,,,,,,,,,,,,
1764665426.226701,28434,0,4391.666504,4403.589844,4509.743652,4524.230957,4397.307617,4519.871582,4536.666504,4391.666504,4570.897461,4396.922852,4498.461426,4517.820313,4570.384766,4394.615234,4389.230957,4505,4549.230957,4529.230957,4507.436035,4388.461426,4388.717773,4562.563965,4525,4504.358887,4404.358887,4588.461426,4394.615234,4557.307617,4508.974121,4407.820313,4528.846191,4509.615234,1774,1,24,2304,40643,,,,0,4,4,4,4,4,4,4,4,4,4,4,4,4,4,4,4,4,4,4,4,4,4,4,4,4,4,4,4,4,4,4,4,100,,,,,,,,,,,,,,,,,,,,,,,,,,,,,,,,,,,,,,,,,,,,,,,,,,,,,,,,,,,,,,,,,,,,,,,,,,,,,,,,,,,,,,,,,,,,,,,,,,,,,,,,,,,,,,,,,,,,,,,,,,,,,,,,,,,,,,,,,,,,,,,,,,,,,,,,,,,,,,,,,,,,,,,,,,,,,,,,,,,,,,,,,,,,,,,,,,,,,,,,,,,,,,
1764665426.230607,28435,0,4397.692383,4410.384766,4516.282227,4532.94873,4402.179688,4522.94873,4542.563965,4398.589844,4579.615234,4405.128418,4503.974121,4522.179688,4574.230957,4401.922852,4396.922852,4508.846191,4552.436035,4532.94873,4512.94873,4395.641113,4393.974121,4568.974121,4528.333496,4512.692383,4414.487305,4593.846191,4401.025879,4564.871582,4512.179688,4411.410156,4534.487305,4513.846191,2956,1,24,2304,40643,,,,0,4,4,4,4,4,4,4,4,4,4,4,4,4,4,4,4,4,4,4,4,4,4,4,4,4,4,4,4,4,4,4,4,100,,,,,,,,,,,,,,,,,,,,,,,,,,,,,,,,,,,,,,,,,,,,,,,,,,,,,,,,,,,,,,,,,,,,,,,,,,,,,,,,,,,,,,,,,,,,,,,,,,,,,,,,,,,,,,,,,,,,,,,,,,,,,,,,,,,,,,,,,,,,,,,,,,,,,,,,,,,,,,,,,,,,,,,,,,,,,,,,,,,,,,,,,,,,,,,,,,,,,,,,,,,,,,
1764665426.234514,28436,0,4401.153809,4412.94873,4516.922852,4536.153809,4403.717773,4523.077148,4545.512695,4401.666504,4584.487305,4405.897461,4504.230957,4523.205078,4576.282227,4403.846191,4399.615234,4510.641113,4555.641113,4538.589844,4518.333496,4400.897461,4397.179688,4571.794922,4528.077148,4514.743652,4420.128418,4593.846191,4401.666504,4570,4512.94873,4410,4533.717773,4511.794922,2546,1,24,2304,40651,,,,0,4,4,4,4,4,4,4,4,4,4,4,4,4,4,4,4,4,4,4,4,4,4,4,4,4,4,4,4,4,4,4,4,100,,,,,,,,,,,,,,,,,,,,,,,,,,,,,,,,,,,,,,,,,,,,,,,,,,,,,,,,,,,,,,,,,,,,,,,,,,,,,,,,,,,,,,,,,,,,,,,,,,,,,,,,,,,,,,,,,,,,,,,,,,,,,,,,,,,,,,,,,,,,,,,,,,,,,,,,,,,,,,,,,,,,,,,,,,,,,,,,,,,,,,,,,,,,,,,,,,,,,,,,,,,,,,
1764665426.238420,28437,0,4398.077148,4407.05127,4508.205078,4530.769043,4398.333496,4518.205078,4541.666504,4397.05127,4581.282227,4395.512695,4498.461426,4518.205078,4573.333496,4399.358887,4395,4508.461426,4554.743652,4541.025879,4519.102539,4400,4395.384766,4567.563965,4522.820313,4507.692383,4414.230957,4586.666504,4393.333496,4566.922852,4508.846191,4401.282227,4525,4501.922852,2837,1,24,2304,40651,,,,0,4,4,4,4,4,4,4,4,4,4,4,4,4,4,4,4,4,4,4,4,4,4,4,4,4,4,4,4,4,4,4,4,100,,,,,,,,,,,,,,,,,,,,,,,,,,,,,,,,,,,39877,0,0.020386,-0.694458,-0.719177,-0.009827,0.993285,0.034184,0.041021,18.166666,0.5,54.666668,,,,,,,,,,,,,,,,,,,,,,,,,,,,,,,,,,,,,,,,,,,,,,,,,,,,,,,,,,,,,,,,,,,,,,,,,,,,,,,,,,,,,,,,,,,,,,,,,,,,,,,,,,,,,,,,,,,,,,,,,,,,,,,,,,,,,,,,,,,,,,,,,,,,,,,,,,,,,,,,
1764665426.242327,28438,0,4391.410156,4396.666504,4495.641113,4521.538574,4389.871582,4511.538574,4534.358887,4387.820313,4573.333496,4379.871582,4490.897461,4510.512695,4568.205078,4393.333496,4388.333496,4504.615234,4551.025879,4539.743652,4515.769043,4394.743652,4391.153809,4559.871582,4516.922852,4496.538574,4399.871582,4577.05127,4381.410156,4557.563965,4502.692383,4390,4514.743652,4489.743652,2945,1,24,2560,40658,,,,0,4,4,4,4,4,4,4,4,4,4,4,4,4,4,4,4,4,4,4,4,4,4,4,4,4,4,4,4,4,4,4,4,100,,,,,,,,,,,,,,,,,,,,,,,,,,,,,,,,,,,,,,,,,,,,,,,,,,,,,,,,,,,,,,,,,,,,,,,,,,,,,,,,,,,,,,,,,,,,,,,,,,,,,,,,,,,,,,,,,,,,,,,,,,,,,,,,,,,,,,,,,,,,,,,,,,,,,,,,,,,,,,,,,,,,,,,,,,,,,,,,,,,,,,,,,,,,,,,,,,,,,,,,,,,,,,
1764665426.246233,28439,0,4387.563965,4390,4487.94873,4516.025879,4384.487305,4508.589844,4530.512695,4380.769043,4567.179688,4369.358887,4487.179688,4506.025879,4566.153809,4391.794922,4386.922852,4503.077148,4548.717773,4538.205078,4511.922852,4390.897461,4389.487305,4555.641113,4515.512695,4489.487305,4386.794922,4571.794922,4374.487305,4549.230957,4499.743652,4383.461426,4510.256348,4482.436035,2853,1,24,2560,40658,,,,0,4,4,4,4,4,4,4,4,4,4,4,4,4,4,4,4,4,4,4,4,4,4,4,4,4,4,4,4,4,4,4,4,100,,,,,,,,,,,,,,,,,,,,,,,,,,,,,,,,,,,,,,,,,,,,,,,,,,,,,,,,,,,,,,,,,,,,,,,,,,,,,,,,,,,,,,,,,,,,,,,,,,,,,,,,,,,,,,,,,,,,,,,,,,,,,,,,,,,,,,,,,,,,,,,,,,,,,,,,,,,,,,,,,,,,,,,,,,,,,,,,,,,,,,,,,,,,,,,,,,,,,,,,,,,,,,
1764665426.250140,28440,0,4389.871582,4391.282227,4490.128418,4518.077148,4385.384766,4510.897461,4533.333496,4380.641113,4567.179688,4370.897461,4489.102539,4508.077148,4569.358887,4395.897461,4392.94873,4505.641113,4551.153809,4539.487305,4511.025879,4392.563965,4392.436035,4558.846191,4520,4490.641113,4384.102539,4573.717773,4377.05127,4547.692383,4502.436035,4384.743652,4513.846191,4483.461426,2760,1,24,2560,40666,,,,0,4,4,4,4,4,4,4,4,4,4,4,4,4,4,4,4,4,4,4,4,4,4,4,4,4,4,4,4,4,4,4,4,100,,,,,,,,,,,,,,,,,,,,,,,,,,,,,,,,,,,,,,,,,,,,,,,,,,,,,,,,,,,,,,,,,,,,,,,,,,,,,,,,,,,,,,,,,,,,,,,,,,,,,,,,,,,,,,,,,,,,,,,,,,,,,,,,,,,,,,,,,,,,,,,,,,,,,,,,,,,,,,,,,,,,,,,,,,,,,,,,,,,,,,,,,,,,,,,,,,,,,,,,,,,,,,
1764665426.254046,28441,0,4395.384766,4397.820313,4498.717773,4524.230957,4389.743652,4515.128418,4540,4385.897461,4571.025879,4382.692383,4493.974121,4514.358887,4575.256348,4401.282227,4401.410156,4510.256348,4556.666504,4543.461426,4513.589844,4398.077148,4397.179688,4566.282227,4525.769043,4497.307617,4392.820313,4579.615234,4385,4552.179688,4507.94873,4390.384766,4520.512695,4490.384766,2839,1,24,2560,40666,,,,0,4,4,4,4,4,4,4,4,4,4,4,4,4,4,4,4,4,4,4,4,4,4,4,4,4,4,4,4,4,4,4,4,100,,,,,,,,,,,,,,,,,,,,,,,,,,,,,,,,,,,39878,0,0.020386,-0.694458,-0.719177,-0.009827,1.008424,0.038091,0.038579,18.166666,0.5,54.666668,,,,,,,,,,,,,,,,,,,,,,,,,,,,,,,,,,,,,,,,,,,,,,,,,,,,,,,,,,,,,,,,,,,,,,,,,,,,,,,,,,,,,,,,,,,,,,,,,,,,,,,,,,,,,,,,,,,,,,,,,,,,,,,,,,,,,,,,,,,,,,,,,,,,,,,,,,,,,,,,
1764665426.257953,28442,0,4397.563965,4402.05127,4505,4527.307617,4391.410156,4515.512695,4543.461426,4390.128418,4572.94873,4395.384766,4496.153809,4519.102539,4578.461426,4402.179688,4403.974121,4512.820313,4560.512695,4546.538574,4516.794922,4401.538574,4399.230957,4571.282227,4526.794922,4502.563965,4405.641113,4582.94873,4389.615234,4556.538574,4510.384766,4392.820313,4522.307617,4495.897461,1938,1,24,1536,40674,,,,0,4,4,4,4,4,4,4,4,4,4,4,4,4,4,4,4,4,4,4,4,4,4,4,4,4,4,4,4,4,4,4,4,100,,,,,,,,,,,,,,,,,,,,,,,,,,,,,,,,,,,,,,,,,,,,,,,0.52194,1.788208,0.989842,1.256656,1.256741,1.508259,2.612918,1.333838,1.200534,1.462559,2.336188,2.698222,1.071056,1.289071,1.71715,1.248401,2.810527,1.15641,1.225343,1.462144,0.955286,3.133312,1.192859,1.051414,1.330485,0.509906,2.053102,1.092915,0.985206,1.19613,0.632288,2.111632,0.921268,1.464405,1.302044,1.281839,2.7413,1.143817,1.27036,1.555207,1.922522,1.577571,0.665644,1.220795,1.613304,1.228598,1.641796,1.560328,2.328196,2.228363,1.504528,0.847559,0.462038,1.002762,1.082382,0.842719,2.139002,1.163404,1.042386,1.253402,0.424506,1.812488,1.139354,1.018501,0.978824,1.019497,0.677526,0.600753,0.701872,0.665124,0.390444,0.542046,0.335227,1.09341,1.138166,0.431448,0.835501,0.350398,0.613669,0.789425,0.961153,3.977375,1.556103,1.394058,1.564267,1.026609,4.141757,0.767402,1.253086,1.701506,0.385285,3.310725,0.471506,0.916689,1.185936,1.136655,2.690184,1.041511,1.153006,1.433503,1.766906,5.030291,1.069284,0.899077,1.404796,0.983134,5.412138,0.84213,1.169513,1.533826,0.494591,1.978165,0.785556,1.048989,1.328961,1.242179,2.396371,0.938713,1.245357,1.512655,2.022961,2.590274,1.932369,1.181943,2.142444,2.101308,1.036129,0.748748,1.107691,1.353609,1.32286,1.48799,1.107129,1.393721,1.667255,1.188483,2.163482,0.985696,1.351567,1.403951,0.362683,1.190169,0.55802,0.624954,0.701531,1.492392,1.419266,0.794404,1.042977,1.422966,1.556637,1.428391,0.845536,1.382708,1.670371,2.796305,2.133581,0.914385,1.173202,1.429459
1764665426.261859,28443,0,4393.589844,4399.230957,4502.692383,4524.102539,4387.307617,4509.871582,4539.871582,4389.358887,4570,4400.128418,4492.94873,4518.717773,4576.153809,4397.05127,4397.692383,4511.666504,4559.230957,4545.769043,4517.820313,4399.487305,4396.153809,4569.743652,4521.410156,4502.05127,4413.974121,4580.256348,4385.512695,4556.025879,4507.179688,4388.461426,4516.410156,4495.256348,2645,1,24,1536,40674,,,,0,4,4,4,4,4,4,4,4,4,4,4,4,4,4,4,4,4,4,4,4,4,4,4,4,4,4,4,4,4,4,4,4,100,,,,,,,,,,,,,,,,,,,,,,,,,,,,,,,,,,,,,,,,,,,,,,,,,,,,,,,,,,,,,,,,,,,,,,,,,,,,,,,,,,,,,,,,,,,,,,,,,,,,,,,,,,,,,,,,,,,,,,,,,,,,,,,,,,,,,,,,,,,,,,,,,,,,,,,,,,,,,,,,,,,,,,,,,,,,,,,,,,,,,,,,,,,,,,,,,,,,,,,,,,,,,,
1764665426.265765,28444,0,4387.436035,4392.179688,4494.615234,4518.717773,4381.025879,4502.436035,4532.692383,4385.384766,4565.384766,4395.769043,4487.563965,4515.512695,4571.666504,4391.282227,4388.205078,4508.461426,4556.153809,4542.179688,4516.410156,4394.230957,4390.641113,4564.230957,4514.487305,4497.94873,4414.487305,4574.487305,4376.282227,4552.05127,4501.153809,4381.282227,4507.94873,4489.615234,2708,1,24,256,40682,,,,0,4,4,4,4,4,4,4,4,4,4,4,4,4,4,4,4,4,4,4,4,4,4,4,4,4,4,4,4,4,4,4,4,100,,,,,,,,,,,,,,,,,,,,,,,,,,,,,,,,,,,,,,,,,,,,,,,,,,,,,,,,,,,,,,,,,,,,,,,,,,,,,,,,,,,,,,,,,,,,,,,,,,,,,,,,,,,,,,,,,,,,,,,,,,,,,,,,,,,,,,,,,,,,,,,,,,,,,,,,,,,,,,,,,,,,,,,,,,,,,,,,,,,,,,,,,,,,,,,,,,,,,,,,,,,,,,
1764665426.269672,28445,0,4386.794922,4388.846191,4489.615234,4518.461426,4379.358887,4500.769043,4530.384766,4384.487305,4565.641113,4388.846191,4485.897461,4515.128418,4571.153809,4391.922852,4385.512695,4507.307617,4556.666504,4539.487305,4515.256348,4391.538574,4388.205078,4561.666504,4513.205078,4496.666504,4412.05127,4572.179688,4371.410156,4550.256348,4498.974121,4379.615234,4505.512695,4485.769043,2547,1,24,256,40682,,,,0,4,4,4,4,4,4,4,4,4,4,4,4,4,4,4,4,4,4,4,4,4,4,4,4,4,4,4,4,4,4,4,4,100,,,,,,,,,,,,,,,,,,,,,,,,,,,,,,,,,,,39879,0,0.020489,-0.694519,-0.719116,-0.009766,0.979612,0.025882,0.036137,18.166666,0.166667,53.833332,,,,,,,,,,,,,,,,,,,,,,,,,,,,,,,,,,,,,,,,,,,,,,,,,,,,,,,,,,,,,,,,,,,,,,,,,,,,,,,,,,,,,,,,,,,,,,,,,,,,,,,,,,,,,,,,,,,,,,,,,,,,,,,,,,,,,,,,,,,,,,,,,,,,,,,,,,,,,,,,
1764665426.273578,28446,0,4394.743652,4393.846191,4493.846191,4526.153809,4385.897461,4507.820313,4537.820313,4389.743652,4573.205078,4387.307617,4490,4520.384766,4577.563965,4400.769043,4393.974121,4510,4563.077148,4540.769043,4516.410156,4394.358887,4391.410156,4566.025879,4520.128418,4501.794922,4412.94873,4576.538574,4377.05127,4554.615234,4503.846191,4387.179688,4512.94873,4487.94873,2672,1,24,512,40690,,,,0,4,4,4,4,4,4,4,4,4,4,4,4,4,4,4,4,4,4,4,4,4,4,4,4,4,4,4,4,4,4,4,4,100,,,,,,,,,,,,,,,,,,,,,,,,,,,,,,,,,,,,,,,,,,,,,,,,,,,,,,,,,,,,,,,,,,,,,,,,,,,,,,,,,,,,,,,,,,,,,,,,,,,,,,,,,,,,,,,,,,,,,,,,,,,,,,,,,,,,,,,,,,,,,,,,,,,,,,,,,,,,,,,,,,,,,,,,,,,,,,,,,,,,,,,,,,,,,,,,,,,,,,,,,,,,,,
1764665426.277485,28447,0,4406.153809,4403.974121,4504.487305,4536.794922,4396.538574,4519.230957,4551.153809,4397.692383,4583.974121,4392.692383,4495.256348,4527.820313,4586.666504,4411.282227,4407.05127,4514.871582,4570.897461,4544.615234,4519.102539,4399.743652,4396.794922,4573.846191,4530,4510.256348,4418.589844,4584.615234,4389.615234,4562.820313,4513.205078,4398.974121,4525.384766,4493.974121,2839,1,24,512,40690,,,,0,4,4,4,4,4,4,4,4,4,4,4,4,4,4,4,4,4,4,4,4,4,4,4,4,4,4,4,4,4,4,4,4,100,,,,,,,,,,,,,,,,,,,,,,,,,,,,,,,,,,,,,,,,,,,,,,,,,,,,,,,,,,,,,,,,,,,,,,,,,,,,,,,,,,,,,,,,,,,,,,,,,,,,,,,,,,,,,,,,,,,,,,,,,,,,,,,,,,,,,,,,,,,,,,,,,,,,,,,,,,,,,,,,,,,,,,,,,,,,,,,,,,,,,,,,,,,,,,,,,,,,,,,,,,,,,,
1764665426.281391,28448,0,4412.307617,4411.282227,4512.563965,4542.436035,4402.94873,4526.922852,4561.025879,4401.666504,4590.256348,4400,4495.384766,4530.897461,4590.641113,4414.743652,4413.717773,4518.077148,4573.717773,4547.05127,4520.256348,4402.94873,4399.102539,4577.563965,4535.128418,4515.641113,4423.717773,4589.487305,4400,4568.846191,4520.512695,4405.641113,4533.461426,4497.692383,2777,1,24,768,40697,,,,0,4,4,4,4,4,4,4,4,4,4,4,4,4,4,4,4,4,4,4,4,4,4,4,4,4,4,4,4,4,4,4,4,100,,,,,,,,,,,,,,,,,,,,,,,,,,,,,,,,,,,,,,,,,,,,,,,,,,,,,,,,,,,,,,,,,,,,,,,,,,,,,,,,,,,,,,,,,,,,,,,,,,,,,,,,,,,,,,,,,,,,,,,,,,,,,,,,,,,,,,,,,,,,,,,,,,,,,,,,,,,,,,,,,,,,,,,,,,,,,,,,,,,,,,,,,,,,,,,,,,,,,,,,,,,,,,
1764665426.285298,28449,0,4409.358887,4410.897461,4512.820313,4540,4401.666504,4526.794922,4561.538574,4398.717773,4589.102539,4403.461426,4489.871582,4526.922852,4585.897461,4408.205078,4409.230957,4516.922852,4569.487305,4546.153809,4518.717773,4402.692383,4396.025879,4573.846191,4532.307617,4514.102539,4422.436035,4587.692383,4401.538574,4569.230957,4521.025879,4403.717773,4532.179688,4495.769043,2945,1,24,768,40697,,,,0,4,4,4,4,4,4,4,4,4,4,4,4,4,4,4,4,4,4,4,4,4,4,4,4,4,4,4,4,4,4,4,4,100,,,,,,,,,,,,,,,,,,,,,,,,,,,,,,,,,,,39880,0,0.020489,-0.694519,-0.719116,-0.009766,1.002564,0.036626,0.049322,18.166666,0.5,55.5,,,,,,,,,,,,,,,,,,,,,,,,,,,,,,,,,,,,,,,,,,,,,,,,,,,,,,,,,,,,,,,,,,,,,,,,,,,,,,,,,,,,,,,,,,,,,,,,,,,,,,,,,,,,,,,,,,,,,,,,,,,,,,,,,,,,,,,,,,,,,,,,,,,,,,,,,,,,,,,,
1764665426.289204,28450,0,4401.922852,4405.384766,4507.94873,4534.102539,4396.025879,4521.794922,4555.512695,4392.94873,4584.102539,4401.538574,4483.974121,4520.128418,4577.179688,4397.692383,4398.974121,4512.563965,4562.307617,4544.615234,4516.922852,4402.307617,4391.153809,4566.922852,4525.641113,4508.589844,4414.743652,4582.307617,4396.410156,4565.641113,4516.666504,4397.820313,4525.128418,4492.179688,2616,1,24,1024,40705,,,,0,4,4,4,4,4,4,4,4,4,4,4,4,4,4,4,4,4,4,4,4,4,4,4,4,4,4,4,4,4,4,4,4,100,,,,,,,,,,,,,,,,,,,,,,,,,,,,,,,,,,,,,,,,,,,,,,,,,,,,,,,,,,,,,,,,,,,,,,,,,,,,,,,,,,,,,,,,,,,,,,,,,,,,,,,,,,,,,,,,,,,,,,,,,,,,,,,,,,,,,,,,,,,,,,,,,,,,,,,,,,,,,,,,,,,,,,,,,,,,,,,,,,,,,,,,,,,,,,,,,,,,,,,,,,,,,,
1764665426.293111,28451,0,4397.563965,4401.153809,4504.871582,4531.538574,4392.692383,4518.333496,4550.769043,4390.641113,4581.666504,4396.922852,4483.077148,4517.307617,4572.179688,4391.410156,4393.077148,4508.205078,4558.077148,4546.282227,4517.94873,4404.871582,4390,4563.846191,4522.05127,4504.871582,4405.897461,4579.230957,4392.05127,4562.692383,4512.820313,4396.025879,4520,4493.205078,2874,1,24,1024,40705,,,,0,4,4,4,4,4,4,4,4,4,4,4,4,4,4,4,4,4,4,4,4,4,4,4,4,4,4,4,4,4,4,4,4,100,,,,,,,,,,,,,,,,,,,,,,,,,,,,,,,,,,,,,,,,,,,,,,,,,,,,,,,,,,,,,,,,,,,,,,,,,,,,,,,,,,,,,,,,,,,,,,,,,,,,,,,,,,,,,,,,,,,,,,,,,,,,,,,,,,,,,,,,,,,,,,,,,,,,,,,,,,,,,,,,,,,,,,,,,,,,,,,,,,,,,,,,,,,,,,,,,,,,,,,,,,,,,,
1764665426.297017,28452,0,4399.615234,4402.05127,4506.794922,4534.230957,4394.615234,4519.102539,4551.025879,4394.102539,4583.717773,4392.94873,4487.307617,4520.769043,4574.487305,4392.563965,4395.897461,4506.025879,4558.974121,4551.282227,4522.94873,4410.128418,4394.102539,4567.05127,4524.230957,4505.897461,4402.179688,4580.897461,4392.692383,4562.820313,4513.077148,4401.025879,4521.153809,4500,2768,1,24,1280,40713,,,,0,4,4,4,4,4,4,4,4,4,4,4,4,4,4,4,4,4,4,4,4,4,4,4,4,4,4,4,4,4,4,4,4,100,,,,,,,,,,,,,,,,,,,,,,,,,,,,,,,,,,,,,,,,,,,,,,,,,,,,,,,,,,,,,,,,,,,,,,,,,,,,,,,,,,,,,,,,,,,,,,,,,,,,,,,,,,,,,,,,,,,,,,,,,,,,,,,,,,,,,,,,,,,,,,,,,,,,,,,,,,,,,,,,,,,,,,,,,,,,,,,,,,,,,,,,,,,,,,,,,,,,,,,,,,,,,,
1764665426.300924,28453,0,4404.743652,4405.897461,4510.641113,4538.846191,4398.974121,4521.666504,4553.717773,4399.358887,4586.410156,4390.641113,4492.692383,4526.282227,4581.025879,4397.563965,4403.077148,4506.025879,4562.307617,4556.025879,4528.461426,4414.102539,4400.128418,4572.820313,4528.846191,4509.871582,4404.871582,4584.487305,4396.153809,4564.743652,4516.282227,4408.205078,4526.025879,4507.436035,2808,1,24,1280,40713,,,,0,4,4,4,4,4,4,4,4,4,4,4,4,4,4,4,4,4,4,4,4,4,4,4,4,4,4,4,4,4,4,4,4,100,,,,,,,,,,,,,,,,,,,,,,,,,,,,,,,,,,,39881,0,0.02046,-0.694519,-0.719116,-0.009827,1.001099,0.034184,0.044439,19.5,2.333333,55,,,,,,,,,,,,,,,,,,,,,,,,,,,,,,,,,,,,,,,,,,,,,,,,,,,,,,,,,,,,,,,,,,,,,,,,,,,,,,,,,,,,,,,,,,,,,,,,,,,,,,,,,,,,,,,,,,,,,,,,,,,,,,,,,,,,,,,,,,,,,,,,,,,,,,,,,,,,,,,,
1764665426.304830,28454,0,4406.666504,4408.205078,4511.282227,4540,4401.025879,4521.794922,4553.846191,4400.769043,4584.871582,4389.871582,4495,4527.563965,4585.641113,4400.256348,4406.538574,4507.307617,4563.333496,4556.282227,4530,4413.205078,4403.077148,4574.743652,4530.384766,4512.05127,4410.256348,4585.384766,4396.794922,4565.128418,4518.589844,4409.743652,4528.461426,4508.974121,2813,1,24,1536,40721,,,,0,4,4,4,4,4,4,4,4,4,4,4,4,4,4,4,4,4,4,4,4,4,4,4,4,4,4,4,4,4,4,4,4,100,,,,,,,,,,,,,,,,,,,,,,,,,,,,,,,,,,,,,,,,,,,,,,,,,,,,,,,,,,,,,,,,,,,,,,,,,,,,,,,,,,,,,,,,,,,,,,,,,,,,,,,,,,,,,,,,,,,,,,,,,,,,,,,,,,,,,,,,,,,,,,,,,,,,,,,,,,,,,,,,,,,,,,,,,,,,,,,,,,,,,,,,,,,,,,,,,,,,,,,,,,,,,,
1764665426.308737,28455,0,4403.077148,4405.641113,4506.538574,4535.641113,4398.589844,4517.94873,4549.102539,4395.769043,4578.589844,4390,4493.717773,4522.692383,4583.846191,4397.692383,4402.307617,4508.589844,4559.871582,4550.641113,4525.897461,4407.179688,4400.769043,4570.128418,4526.410156,4510,4412.94873,4582.179688,4391.922852,4561.794922,4517.436035,4402.94873,4525.128418,4502.307617,3000,1,24,1536,40721,,,,0,4,4,4,4,4,4,4,4,4,4,4,4,4,4,4,4,4,4,4,4,4,4,4,4,4,4,4,4,4,4,4,4,100,,,,,,,,,,,,,,,,,,,,,,,,,,,,,,,,,,,,,,,,,,,,,,,,,,,,,,,,,,,,,,,,,,,,,,,,,,,,,,,,,,,,,,,,,,,,,,,,,,,,,,,,,,,,,,,,,,,,,,,,,,,,,,,,,,,,,,,,,,,,,,,,,,,,,,,,,,,,,,,,,,,,,,,,,,,,,,,,,,,,,,,,,,,,,,,,,,,,,,,,,,,,,,
1764665426.312643,28456,0,4396.282227,4398.974121,4498.846191,4528.077148,4393.461426,4512.307617,4541.538574,4386.922852,4571.025879,4391.410156,4490.512695,4514.487305,4576.538574,4392.05127,4393.333496,4508.846191,4553.461426,4541.922852,4518.077148,4398.461426,4394.615234,4561.538574,4519.230957,4504.743652,4411.282227,4576.922852,4383.717773,4555.512695,4513.077148,4391.153809,4517.820313,4491.282227,2886,1,24,1792,40729,,,,0,4,4,4,4,4,4,4,4,4,4,4,4,4,4,4,4,4,4,4,4,4,4,4,4,4,4,4,4,4,4,4,4,100,,,,,,,,,,,,,,,,,,,,,,,,,,,,,,,,,,,,,,,,,,,,,,,,,,,,,,,,,,,,,,,,,,,,,,,,,,,,,,,,,,,,,,,,,,,,,,,,,,,,,,,,,,,,,,,,,,,,,,,,,,,,,,,,,,,,,,,,,,,,,,,,,,,,,,,,,,,,,,,,,,,,,,,,,,,,,,,,,,,,,,,,,,,,,,,,,,,,,,,,,,,,,,
1764665426.316550,28457,0,4390.512695,4391.794922,4492.436035,4522.179688,4388.974121,4507.820313,4535.256348,4379.230957,4566.538574,4393.846191,4486.666504,4507.94873,4568.717773,4387.692383,4385.641113,4507.179688,4546.666504,4533.461426,4510,4391.025879,4387.436035,4553.974121,4513.077148,4499.230957,4406.410156,4572.692383,4376.282227,4548.717773,4507.94873,4381.666504,4511.538574,4482.436035,2736,1,24,1792,40729,,,,0,4,4,4,4,4,4,4,4,4,4,4,4,4,4,4,4,4,4,4,4,4,4,4,4,4,4,4,4,4,4,4,4,100,,,,,,,,,,,,,,,,,,,,,,,,,,,,,,,,,,,39882,0,0.020559,-0.694458,-0.719177,-0.00946,1.002564,0.043462,0.057136,20,1.5,53.666668,,,,,,,,,,,,,,,,,,,,,,,,,,,,,,,,,,,,,,,,,,,,,,,,,,,,,,,,,,,,,,,,,,,,,,,,,,,,,,,,,,,,,,,,,,,,,,,,,,,,,,,,,,,,,,,,,,,,,,,,,,,,,,,,,,,,,,,,,,,,,,,,,,,,,,,,,,,,,,,,
1764665426.320456,28458,0,4387.563965,4387.820313,4489.615234,4520.897461,4386.666504,4505.897461,4533.077148,4376.410156,4566.282227,4395.512695,4483.077148,4504.871582,4564.743652,4387.436035,4383.589844,4503.589844,4541.794922,4527.307617,4504.102539,4387.307617,4381.153809,4550.384766,4509.871582,4495.256348,4400.897461,4570.256348,4373.077148,4544.230957,4504.230957,4379.743652,4509.615234,4480.384766,1886,1,24,2048,40736,,,,0,4,4,4,4,4,4,4,4,4,4,4,4,4,4,4,4,4,4,4,4,4,4,4,4,4,4,4,4,4,4,4,4,100,,,,,,,,,,,,,,,,,,,,,,,,,,,,,,,,,,,,,,,,,,,,,,,,,,,,,,,,,,,,,,,,,,,,,,,,,,,,,,,,,,,,,,,,,,,,,,,,,,,,,,,,,,,,,,,,,,,,,,,,,,,,,,,,,,,,,,,,,,,,,,,,,,,,,,,,,,,,,,,,,,,,,,,,,,,,,,,,,,,,,,,,,,,,,,,,,,,,,,,,,,,,,,
1764665426.324363,28459,0,4386.794922,4387.436035,4489.743652,4523.205078,4386.153809,4506.025879,4534.487305,4378.461426,4567.820313,4394.230957,4480.512695,4503.589844,4564.743652,4390.512695,4386.153809,4498.974121,4539.230957,4523.461426,4500.641113,4387.307617,4376.282227,4550,4508.846191,4492.563965,4396.282227,4569.358887,4373.846191,4543.205078,4503.205078,4385.128418,4511.794922,4484.615234,2719,1,24,2048,40736,,,,0,4,4,4,4,4,4,4,4,4,4,4,4,4,4,4,4,4,4,4,4,4,4,4,4,4,4,4,4,4,4,4,4,100,,,,,,,,,,,,,,,,,,,,,,,,,,,,,,,,,,,,,,,,,,,,,,,,,,,,,,,,,,,,,,,,,,,,,,,,,,,,,,,,,,,,,,,,,,,,,,,,,,,,,,,,,,,,,,,,,,,,,,,,,,,,,,,,,,,,,,,,,,,,,,,,,,,,,,,,,,,,,,,,,,,,,,,,,,,,,,,,,,,,,,,,,,,,,,,,,,,,,,,,,,,,,,
1764665426.328269,28460,0,4385.897461,4389.487305,4490.512695,4525,4386.025879,4506.922852,4536.794922,4381.538574,4567.436035,4389.230957,4479.358887,4501.666504,4566.282227,4393.333496,4388.974121,4495.641113,4538.461426,4521.794922,4499.230957,4388.846191,4373.717773,4551.025879,4508.077148,4490.897461,4392.820313,4569.230957,4376.153809,4544.743652,4504.358887,4392.820313,4515.384766,4491.025879,2510,1,24,2304,40744,,,,0,4,4,4,4,4,4,4,4,4,4,4,4,4,4,4,4,4,4,4,4,4,4,4,4,4,4,4,4,4,4,4,4,100,,,,,,,,,,,,,,,,,,,,,,,,,,,,,,,,,,,,,,,,,,,,,,,,,,,,,,,,,,,,,,,,,,,,,,,,,,,,,,,,,,,,,,,,,,,,,,,,,,,,,,,,,,,,,,,,,,,,,,,,,,,,,,,,,,,,,,,,,,,,,,,,,,,,,,,,,,,,,,,,,,,,,,,,,,,,,,,,,,,,,,,,,,,,,,,,,,,,,,,,,,,,,,
1764665426.332176,28461,0,4384.102539,4391.666504,4491.410156,4523.461426,4385.641113,4507.05127,4537.563965,4382.563965,4564.102539,4383.846191,4479.358887,4498.717773,4566.794922,4392.820313,4389.358887,4495.384766,4539.102539,4522.820313,4500.128418,4390.641113,4374.615234,4552.436035,4507.307617,4490.256348,4391.410156,4569.871582,4378.077148,4547.436035,4506.666504,4397.692383,4517.436035,4495,2223,1,24,2304,40744,,,,0,4,4,4,4,4,4,4,4,4,4,4,4,4,4,4,4,4,4,4,4,4,4,4,4,4,4,4,4,4,4,4,4,100,,,,,,,,,,,,,,,,,,,,,,,,,,,,,,,,,,,39883,0,0.020687,-0.694519,-0.719116,-0.009338,1.007936,0.038091,0.031742,19,1.333333,53.833332,,,,,,,,,,,,,,,,,,,,,,,,,,,,,,,,,,,,,,,,,,,,,,,,,,,,,,,,,,,,,,,,,,,,,,,,,,,,,,,,,,,,,,,,,,,,,,,,,,,,,,,,,,,,,,,,,,,,,,,,,,,,,,,,,,,,,,,,,,,,,,,,,,,,,,,,,,,,,,,,
1764665426.336082,28462,0,4383.205078,4394.102539,4494.230957,4519.871582,4386.666504,4507.307617,4537.05127,4381.794922,4560.384766,4382.179688,4479.743652,4496.922852,4566.666504,4389.487305,4388.077148,4498.846191,4542.179688,4527.692383,4503.461426,4392.563965,4380.128418,4554.743652,4508.205078,4491.794922,4393.589844,4571.666504,4379.871582,4550.897461,4509.487305,4398.974121,4518.333496,4495.769043,2730,1,24,2560,40752,,,,0,4,4,4,4,4,4,4,4,4,4,4,4,4,4,4,4,4,4,4,4,4,4,4,4,4,4,4,4,4,4,4,4,100,,,,,,,,,,,,,,,,,,,,,,,,,,,,,,,,,,,,,,,,,,,,,,,,,,,,,,,,,,,,,,,,,,,,,,,,,,,,,,,,,,,,,,,,,,,,,,,,,,,,,,,,,,,,,,,,,,,,,,,,,,,,,,,,,,,,,,,,,,,,,,,,,,,,,,,,,,,,,,,,,,,,,,,,,,,,,,,,,,,,,,,,,,,,,,,,,,,,,,,,,,,,,,
1764665426.339989,28463,0,4385.641113,4397.05127,4500.128418,4517.820313,4390.128418,4508.589844,4536.666504,4381.025879,4560.641113,4385.512695,4479.743652,4498.589844,4567.307617,4385.769043,4388.077148,4504.487305,4547.563965,4535.641113,4508.717773,4395.256348,4388.461426,4558.589844,4512.05127,4496.153809,4400.256348,4573.589844,4382.820313,4555,4512.307617,4399.102539,4519.487305,4495.128418,2511,1,24,2560,40752,,,,0,4,4,4,4,4,4,4,4,4,4,4,4,4,4,4,4,4,4,4,4,4,4,4,4,4,4,4,4,4,4,4,4,100,,,,,,,,,,,,,,,,,,,,,,,,,,,,,,,,,,,,,,,,,,,,,,,,,,,,,,,,,,,,,,,,,,,,,,,,,,,,,,,,,,,,,,,,,,,,,,,,,,,,,,,,,,,,,,,,,,,,,,,,,,,,,,,,,,,,,,,,,,,,,,,,,,,,,,,,,,,,,,,,,,,,,,,,,,,,,,,,,,,,,,,,,,,,,,,,,,,,,,,,,,,,,,
1764665426.343895,28464,0,4390.512695,4399.230957,4507.05127,4518.974121,4394.102539,4510.128418,4536.922852,4381.153809,4565.897461,4389.615234,4479.358887,4503.461426,4569.102539,4383.589844,4390.384766,4509.358887,4553.077148,4542.820313,4514.230957,4397.436035,4395.256348,4562.563965,4517.05127,4501.410156,4408.846191,4574.487305,4386.794922,4558.205078,4514.102539,4400.256348,4521.025879,4495,2889,1,24,1792,40761,,,,0,4,4,4,4,4,4,4,4,4,4,4,4,4,4,4,4,4,4,4,4,4,4,4,4,4,4,4,4,4,4,4,4,100,,,,,,,,,,,,,,,,,,,,,,,,,,,,,,,,,,,,,,,,,,,,,,,,,,,,,,,,,,,,,,,,,,,,,,,,,,,,,,,,,,,,,,,,,,,,,,,,,,,,,,,,,,,,,,,,,,,,,,,,,,,,,,,,,,,,,,,,,,,,,,,,,,,,,,,,,,,,,,,,,,,,,,,,,,,,,,,,,,,,,,,,,,,,,,,,,,,,,,,,,,,,,,
1764665426.347802,28465,0,4393.846191,4399.102539,4510.769043,4521.922852,4395.256348,4510.256348,4536.794922,4381.153809,4572.94873,4389.358887,4479.102539,4508.333496,4570.897461,4382.94873,4393.461426,4510.897461,4555.897461,4544.871582,4517.692383,4397.436035,4396.282227,4563.974121,4520,4504.230957,4415,4573.077148,4388.974121,4558.333496,4513.846191,4401.538574,4521.538574,4495,2934,1,24,1792,40761,,,,0,4,4,4,4,4,4,4,4,4,4,4,4,4,4,4,4,4,4,4,4,4,4,4,4,4,4,4,4,4,4,4,4,100,,,,,,,,,,,,,,,,,,,,,,,,,,,,,,,,,,,39884,0,0.020687,-0.694519,-0.719116,-0.009338,1.007936,0.038091,0.031742,18.666666,0.333333,54.5,,,,,,,,,,,,,,,,,,,,,,,,,,,,,,,,,,,,,,,,,,,,,,,,,,,,,,,,,,,,,,,,,,,,,,,,,,,,,,,,,,,,,,,,,,,,,,,,,,,,,,,,,,,,,,,,,,,,,,,,,,,,,,,,,,,,,,,,,,,,,,,,,,,,,,,,,,,,,,,,
1764665426.351708,28466,0,4392.820313,4396.666504,4509.102539,4523.846191,4392.179688,4507.94873,4535.512695,4380.769043,4576.922852,4383.717773,4480,4510.512695,4571.410156,4382.307617,4394.615234,4509.102539,4554.487305,4541.025879,4518.077148,4394.230957,4391.153809,4561.794922,4518.846191,4502.820313,4415,4570.128418,4386.794922,4555,4511.282227,4401.153809,4519.743652,4493.846191,1779,1,24,1024,40768,,,,0,4,4,4,4,4,4,4,4,4,4,4,4,4,4,4,4,4,4,4,4,4,4,4,4,4,4,4,4,4,4,4,4,100,,,,,,,,,,,,,,,,,,,,,,,,,,,,,,,,,,,,,,,,,,,,,,,,,,,,,,,,,,,,,,,,,,,,,,,,,,,,,,,,,,,,,,,,,,,,,,,,,,,,,,,,,,,,,,,,,,,,,,,,,,,,,,,,,,,,,,,,,,,,,,,,,,,,,,,,,,,,,,,,,,,,,,,,,,,,,,,,,,,,,,,,,,,,,,,,,,,,,,,,,,,,,,
1764665426.355615,28467,0,4388.461426,4393.205078,4503.589844,4523.846191,4386.666504,4505,4534.487305,4380.769043,4575.256348,4376.922852,4482.820313,4509.230957,4571.410156,4381.666504,4393.333496,4506.666504,4551.538574,4535.128418,4515.769043,4389.743652,4383.461426,4557.563965,4515.512695,4497.94873,4409.230957,4567.94873,4380.897461,4549.615234,4507.94873,4398.974121,4516.153809,4492.05127,2962,1,24,1024,40768,,,,0,4,4,4,4,4,4,4,4,4,4,4,4,4,4,4,4,4,4,4,4,4,4,4,4,4,4,4,4,4,4,4,4,100,,,,,,,,,,,,,,,,,,,,,,,,,,,,,,,,,,,,,,,,,,,,,,,,,,,,,,,,,,,,,,,,,,,,,,,,,,,,,,,,,,,,,,,,,,,,,,,,,,,,,,,,,,,,,,,,,,,,,,,,,,,,,,,,,,,,,,,,,,,,,,,,,,,,,,,,,,,,,,,,,,,,,,,,,,,,,,,,,,,,,,,,,,,,,,,,,,,,,,,,,,,,,,
1764665426.359521,28468,0,4384.230957,4391.025879,4498.333496,4521.922852,4382.05127,4503.589844,4535.384766,4382.179688,4569.871582,4374.871582,4486.922852,4506.538574,4572.179688,4381.666504,4390.897461,4505.769043,4550.769043,4532.563965,4512.563965,4386.538574,4377.94873,4554.615234,4513.077148,4493.077148,4401.282227,4567.307617,4374.743652,4545.512695,4505.769043,4396.794922,4512.307617,4491.666504,2548,1,24,768,40776,,,,0,4,4,4,4,4,4,4,4,4,4,4,4,4,4,4,4,4,4,4,4,4,4,4,4,4,4,4,4,4,4,4,4,100,,,,,,,,,,,,,,,,,,,,,,,,,,,,,,,,,,,,,,,,,,,,,,,,,,,,,,,,,,,,,,,,,,,,,,,,,,,,,,,,,,,,,,,,,,,,,,,,,,,,,,,,,,,,,,,,,,,,,,,,,,,,,,,,,,,,,,,,,,,,,,,,,,,,,,,,,,,,,,,,,,,,,,,,,,,,,,,,,,,,,,,,,,,,,,,,,,,,,,,,,,,,,,
1764665426.363428,28469,0,4383.589844,4390.897461,4496.410156,4519.230957,4380.512695,4505,4539.230957,4384.743652,4565,4379.230957,4490.512695,4504.871582,4575,4383.461426,4388.846191,4507.05127,4553.717773,4536.153809,4510.769043,4386.282227,4377.563965,4555.256348,4513.717773,4491.410156,4395.641113,4567.563965,4372.692383,4544.615234,4505.769043,4396.922852,4509.871582,4493.846191,2845,1,24,768,40776,,,,0,4,4,4,4,4,4,4,4,4,4,4,4,4,4,4,4,4,4,4,4,4,4,4,4,4,4,4,4,4,4,4,4,100,,,,,,,,,,,,,,,,,,,,,,,,,,,,,,,,,,,39885,0,0.020715,-0.694519,-0.719116,-0.009277,0.984495,0.021975,0.043462,19.166666,1.833333,54.166668,,,,,,,,,,,,,,,,,,,,,,,,,,,,,,,,,,,,,,,,,,,,,,,,,,,,,,,,,,,,,,,,,,,,,,,,,,,,,,,,,,,,,,,,,,,,,,,,,,,,,,,,,,,,,,,,,,,,,,,,,,,,,,,,,,,,,,,,,,,,,,,,,,,,,,,,,,,,,,,,
1764665426.367334,28470,0,4387.692383,4393.077148,4497.94873,4517.436035,4382.179688,4509.102539,4544.743652,4387.05127,4563.974121,4387.820313,4492.05127,4506.922852,4579.230957,4386.410156,4387.692383,4509.102539,4558.974121,4544.102539,4511.922852,4388.974121,4382.307617,4559.615234,4517.436035,4494.102539,4395.769043,4568.077148,4376.410156,4547.436035,4508.205078,4400,4510.128418,4498.205078,2952,1,24,256,40783,,,,0,4,4,4,4,4,4,4,4,4,4,4,4,4,4,4,4,4,4,4,4,4,4,4,4,4,4,4,4,4,4,4,4,100,,,,,,,,,,,,,,,,,,,,,,,,,,,,,,,,,,,,,,,,,,,,,,,,,,,,,,,,,,,,,,,,,,,,,,,,,,,,,,,,,,,,,,,,,,,,,,,,,,,,,,,,,,,,,,,,,,,,,,,,,,,,,,,,,,,,,,,,,,,,,,,,,,,,,,,,,,,,,,,,,,,,,,,,,,,,,,,,,,,,,,,,,,,,,,,,,,,,,,,,,,,,,,
1764665426.371241,28471,0,4395.256348,4397.436035,4502.05127,4518.461426,4385.897461,4515,4549.358887,4388.461426,4567.94873,4396.922852,4492.820313,4513.077148,4583.974121,4389.615234,4387.692383,4510.384766,4564.615234,4551.282227,4515.897461,4393.333496,4390.128418,4565.769043,4522.820313,4500,4401.410156,4568.846191,4385.128418,4553.846191,4512.05127,4405.128418,4514.102539,4502.94873,2862,1,24,256,40783,,,,0,4,4,4,4,4,4,4,4,4,4,4,4,4,4,4,4,4,4,4,4,4,4,4,4,4,4,4,4,4,4,4,4,100,,,,,,,,,,,,,,,,,,,,,,,,,,,,,,,,,,,,,,,,,,,,,,,,,,,,,,,,,,,,,,,,,,,,,,,,,,,,,,,,,,,,,,,,,,,,,,,,,,,,,,,,,,,,,,,,,,,,,,,,,,,,,,,,,,,,,,,,,,,,,,,,,,,,,,,,,,,,,,,,,,,,,,,,,,,,,,,,,,,,,,,,,,,,,,,,,,,,,,,,,,,,,,
1764665426.375147,28472,0,4403.589844,4404.102539,4507.436035,4522.820313,4390.641113,4521.794922,4552.05127,4390.384766,4575.256348,4405,4495.256348,4521.922852,4588.461426,4392.692383,4389.487305,4510.641113,4569.358887,4553.589844,4520.897461,4398.205078,4398.461426,4571.153809,4528.333496,4507.05127,4410.256348,4571.410156,4395.641113,4562.692383,4516.282227,4410.128418,4521.410156,4507.307617,2763,1,24,256,40791,,,,0,4,4,4,4,4,4,4,4,4,4,4,4,4,4,4,4,4,4,4,4,4,4,4,4,4,4,4,4,4,4,4,4,100,,,,,,,,,,,,,,,,,,,,,,,,,,,,,,,,,,,,,,,,,,,,,,,,,,,,,,,,,,,,,,,,,,,,,,,,,,,,,,,,,,,,,,,,,,,,,,,,,,,,,,,,,,,,,,,,,,,,,,,,,,,,,,,,,,,,,,,,,,,,,,,,,,,,,,,,,,,,,,,,,,,,,,,,,,,,,,,,,,,,,,,,,,,,,,,,,,,,,,,,,,,,,,
1764665426.379054,28473,0,4410.384766,4411.666504,4513.717773,4529.615234,4396.025879,4528.077148,4553.974121,4394.615234,4583.461426,4411.794922,4500.897461,4531.025879,4592.05127,4395.769043,4393.589844,4511.025879,4573.077148,4550.769043,4524.102539,4402.563965,4404.743652,4574.615234,4533.205078,4513.077148,4418.589844,4576.794922,4404.871582,4571.794922,4520.384766,4413.846191,4530.128418,4511.153809,2846,1,24,256,40791,,,,0,4,4,4,4,4,4,4,4,4,4,4,4,4,4,4,4,4,4,4,4,4,4,4,4,4,4,4,4,4,4,4,4,100,,,,,,,,,,,,,,,,,,,,,,,,,,,,,,,,,,,39886,0,0.020669,-0.694458,-0.719177,-0.009216,1.001099,0.044439,0.038091,20.166666,0.5,53.5,,,,,,,,,,,,,,,,,,,,,,,,,,,,,,,,,,,,,,,,,,,,,,,,,,,,,,,,,,,,,,,,,,,,,,,,,,,,,,,,,,,,,,,,,,,,,,,,,,,,,,,,,,,,,,,,,,,,,,,,,,,,,,,,,,,,,,,,,,,,,,,,,,,,,,,,,,,,,,,,
1764665426.382860,28474,0,4414.102539,4416.794922,4519.743652,4536.025879,4401.282227,4532.563965,4556.410156,4400.641113,4589.615234,4416.538574,4507.563965,4536.794922,4593.717773,4398.846191,4399.102539,4512.94873,4574.615234,4545.769043,4524.102539,4404.743652,4407.179688,4575.897461,4536.410156,4516.538574,4423.333496,4583.461426,4409.871582,4577.436035,4523.077148,4415.897461,4536.666504,4514.358887,1943,1,24,512,40799,,,,0,4,4,4,4,4,4,4,4,4,4,4,4,4,4,4,4,4,4,4,4,4,4,4,4,4,4,4,4,4,4,4,4,100,,,,,,,,,,,,,,,,,,,,,,,,,,,,,,,,,,,,,,,,,,,,,,,0.531769,1.958634,0.950192,1.376223,1.240737,1.405502,2.914175,1.145084,1.338783,1.419492,2.130063,2.958387,0.992564,1.413979,1.734809,1.217983,2.870887,1.070082,1.466949,1.498101,0.75388,3.294109,1.050491,1.229659,1.32514,0.45416,2.263948,0.957496,1.085822,1.169343,0.712421,2.317081,0.85478,1.623194,1.260264,1.296846,3.025744,0.9719,1.468847,1.580496,1.732638,1.684634,0.525908,1.353198,1.622175,1.047779,1.667632,1.351176,2.511377,2.206316,1.621451,1.022078,0.433702,1.136005,1.074623,0.872351,2.519539,1.291632,1.164449,1.182708,0.484554,1.936746,1.119357,1.135197,0.972803,0.910222,0.731485,0.578885,0.791013,0.619459,0.442484,0.724596,0.312926,1.27662,1.148821,0.456266,0.968145,0.38115,0.696012,0.809763,1.018225,4.239925,1.485098,1.568063,1.53222,1.105063,5.013168,0.819026,1.381299,1.717512,0.425255,3.867674,0.461155,0.99719,1.144271,1.115553,3.519754,1.013134,1.295433,1.383424,1.666181,6.103678,1.064352,1.042965,1.363178,0.899162,5.816992,0.846377,1.277004,1.502234,0.472885,2.473142,0.705203,1.148693,1.275789,1.101869,2.991628,0.803019,1.324331,1.513408,1.483668,3.142901,1.825761,1.392985,2.127896,1.530117,1.38835,0.565727,1.194054,1.309657,0.979638,1.862139,0.857998,1.496746,1.599952,0.900328,2.537265,0.814588,1.451925,1.399946,0.349179,1.446322,0.548332,0.692389,0.67379,1.257665,1.554155,0.680033,1.172911,1.360065,1.163009,1.711341,0.676041,1.520735,1.572935,2.562544,2.245475,0.721854,1.316576,1.380283
1764665426.386767,28475,0,4413.461426,4416.410156,4522.307617,4538.589844,4404.102539,4533.589844,4557.820313,4404.871582,4591.025879,4416.282227,4510.256348,4536.666504,4591.666504,4399.743652,4402.820313,4515.128418,4572.563965,4541.538574,4521.153809,4403.077148,4404.615234,4574.615234,4536.538574,4515.769043,4422.692383,4587.563965,4408.846191,4576.410156,4523.333496,4415.256348,4538.077148,4515.384766,2652,1,24,512,40799,,,,0,4,4,4,4,4,4,4,4,4,4,4,4,4,4,4,4,4,4,4,4,4,4,4,4,4,4,4,4,4,4,4,4,100,,,,,,,,,,,,,,,,,,,,,,,,,,,,,,,,,,,,,,,,,,,,,,,,,,,,,,,,,,,,,,,,,,,,,,,,,,,,,,,,,,,,,,,,,,,,,,,,,,,,,,,,,,,,,,,,,,,,,,,,,,,,,,,,,,,,,,,,,,,,,,,,,,,,,,,,,,,,,,,,,,,,,,,,,,,,,,,,,,,,,,,,,,,,,,,,,,,,,,,,,,,,,,
1764665426.390673,28476,0,4407.820313,4409.230957,4517.94873,4535,4401.410156,4530.384766,4554.871582,4403.077148,4586.282227,4408.461426,4505,4529.102539,4584.102539,4396.282227,4400.769043,4514.358887,4565.256348,4538.333496,4516.538574,4396.410156,4397.436035,4569.615234,4531.794922,4510.256348,4417.179688,4585.769043,4401.025879,4568.205078,4519.487305,4410.769043,4532.436035,4511.922852,2713,1,24,768,40807,,,,0,4,4,4,4,4,4,4,4,4,4,4,4,4,4,4,4,4,4,4,4,4,4,4,4,4,4,4,4,4,4,4,4,100,,,,,,,,,,,,,,,,,,,,,,,,,,,,,,,,,,,,,,,,,,,,,,,,,,,,,,,,,,,,,,,,,,,,,,,,,,,,,,,,,,,,,,,,,,,,,,,,,,,,,,,,,,,,,,,,,,,,,,,,,,,,,,,,,,,,,,,,,,,,,,,,,,,,,,,,,,,,,,,,,,,,,,,,,,,,,,,,,,,,,,,,,,,,,,,,,,,,,,,,,,,,,,
1764665426.394580,28477,0,4398.205078,4397.436035,4506.538574,4526.153809,4392.307617,4523.846191,4545.512695,4393.077148,4576.025879,4394.358887,4491.538574,4516.153809,4571.922852,4387.820313,4391.538574,4508.717773,4553.205078,4533.846191,4511.666504,4385.897461,4387.563965,4560.641113,4522.820313,4501.025879,4408.717773,4577.94873,4388.589844,4555,4511.410156,4402.05127,4520.897461,4503.333496,2552,1,24,768,40807,,,,0,4,4,4,4,4,4,4,4,4,4,4,4,4,4,4,4,4,4,4,4,4,4,4,4,4,4,4,4,4,4,4,4,100,,,,,,,,,,,,,,,,,,,,,,,,,,,,,,,,,,,39887,0,0.020696,-0.694458,-0.719177,-0.009155,1.009401,0.043951,0.03223,19,0.5,55.166668,,,,,,,,,,,,,,,,,,,,,,,,,,,,,,,,,,,,,,,,,,,,,,,,,,,,,,,,,,,,,,,,,,,,,,,,,,,,,,,,,,,,,,,,,,,,,,,,,,,,,,,,,,,,,,,,,,,,,,,,,,,,,,,,,,,,,,,,,,,,,,,,,,,,,,,,,,,,,,,,
1764665426.398486,28478,0,4387.94873,4385.897461,4493.077148,4515.897461,4380.256348,4516.538574,4532.307617,4378.077148,4565,4379.871582,4475.641113,4503.205078,4559.487305,4377.692383,4379.102539,4500,4540.256348,4526.922852,4507.692383,4376.153809,4379.358887,4549.743652,4512.692383,4492.05127,4400.384766,4568.333496,4376.666504,4542.179688,4501.794922,4392.179688,4508.333496,4492.94873,2675,1,24,1024,40815,,,,0,4,4,4,4,4,4,4,4,4,4,4,4,4,4,4,4,4,4,4,4,4,4,4,4,4,4,4,4,4,4,4,4,100,,,,,,,,,,,,,,,,,,,,,,,,,,,,,,,,,,,,,,,,,,,,,,,,,,,,,,,,,,,,,,,,,,,,,,,,,,,,,,,,,,,,,,,,,,,,,,,,,,,,,,,,,,,,,,,,,,,,,,,,,,,,,,,,,,,,,,,,,,,,,,,,,,,,,,,,,,,,,,,,,,,,,,,,,,,,,,,,,,,,,,,,,,,,,,,,,,,,,,,,,,,,,,
1764665426.402393,28479,0,4381.922852,4380.512695,4485.512695,4510.128418,4372.436035,4512.307617,4522.05127,4366.666504,4559.871582,4372.94873,4465.384766,4496.282227,4552.179688,4372.436035,4371.410156,4492.94873,4531.922852,4520.384766,4505.256348,4372.179688,4377.563965,4541.922852,4506.922852,4487.820313,4395.641113,4563.205078,4371.410156,4535.641113,4495.897461,4386.538574,4501.794922,4486.410156,2843,1,24,1024,40815,,,,0,4,4,4,4,4,4,4,4,4,4,4,4,4,4,4,4,4,4,4,4,4,4,4,4,4,4,4,4,4,4,4,4,100,,,,,,,,,,,,,,,,,,,,,,,,,,,,,,,,,,,,,,,,,,,,,,,,,,,,,,,,,,,,,,,,,,,,,,,,,,,,,,,,,,,,,,,,,,,,,,,,,,,,,,,,,,,,,,,,,,,,,,,,,,,,,,,,,,,,,,,,,,,,,,,,,,,,,,,,,,,,,,,,,,,,,,,,,,,,,,,,,,,,,,,,,,,,,,,,,,,,,,,,,,,,,,
1764665426.406299,28480,0,4383.333496,4383.589844,4488.974121,4512.436035,4374.487305,4513.974121,4521.153809,4366.538574,4564.102539,4377.692383,4466.410156,4498.333496,4553.589844,4376.410156,4374.615234,4491.666504,4531.794922,4518.205078,4504.487305,4376.410156,4383.461426,4541.666504,4508.974121,4490.897461,4395.769043,4565.641113,4375.256348,4538.717773,4497.05127,4389.102539,4505.256348,4488.461426,2780,1,24,1280,40822,,,,0,4,4,4,4,4,4,4,4,4,4,4,4,4,4,4,4,4,4,4,4,4,4,4,4,4,4,4,4,4,4,4,4,100,,,,,,,,,,,,,,,,,,,,,,,,,,,,,,,,,,,,,,,,,,,,,,,,,,,,,,,,,,,,,,,,,,,,,,,,,,,,,,,,,,,,,,,,,,,,,,,,,,,,,,,,,,,,,,,,,,,,,,,,,,,,,,,,,,,,,,,,,,,,,,,,,,,,,,,,,,,,,,,,,,,,,,,,,,,,,,,,,,,,,,,,,,,,,,,,,,,,,,,,,,,,,,
1764665426.410206,28481,0,4390.384766,4392.563965,4500.769043,4521.282227,4385.384766,4520.512695,4529.743652,4378.077148,4575,4390.641113,4476.794922,4506.153809,4562.179688,4387.94873,4387.179688,4496.666504,4538.333496,4521.794922,4504.871582,4386.025879,4392.436035,4548.205078,4517.05127,4498.974121,4398.846191,4573.974121,4385.128418,4548.846191,4504.230957,4398.846191,4516.153809,4498.205078,2948,1,24,1280,40822,,,,0,4,4,4,4,4,4,4,4,4,4,4,4,4,4,4,4,4,4,4,4,4,4,4,4,4,4,4,4,4,4,4,4,100,,,,,,,,,,,,,,,,,,,,,,,,,,,,,,,,,,,39888,0,0.020696,-0.694458,-0.719177,-0.009155,1.000122,0.034672,0.038579,18.5,0.833333,53,,,,,,,,,,,,,,,,,,,,,,,,,,,,,,,,,,,,,,,,,,,,,,,,,,,,,,,,,,,,,,,,,,,,,,,,,,,,,,,,,,,,,,,,,,,,,,,,,,,,,,,,,,,,,,,,,,,,,,,,,,,,,,,,,,,,,,,,,,,,,,,,,,,,,,,,,,,,,,,,
1764665426.414112,28482,0,4397.05127,4400.769043,4512.820313,4529.615234,4397.563965,4526.666504,4540.769043,4393.077148,4584.230957,4401.922852,4488.333496,4512.820313,4571.153809,4399.358887,4400.769043,4503.846191,4545.384766,4527.94873,4505.384766,4394.102539,4397.563965,4556.025879,4524.487305,4505.256348,4400.384766,4581.538574,4393.717773,4558.717773,4511.922852,4409.102539,4526.794922,4509.230957,2618,1,24,1536,40830,,,,0,4,4,4,4,4,4,4,4,4,4,4,4,4,4,4,4,4,4,4,4,4,4,4,4,4,4,4,4,4,4,4,4,100,,,,,,,,,,,,,,,,,,,,,,,,,,,,,,,,,,,,,,,,,,,,,,,,,,,,,,,,,,,,,,,,,,,,,,,,,,,,,,,,,,,,,,,,,,,,,,,,,,,,,,,,,,,,,,,,,,,,,,,,,,,,,,,,,,,,,,,,,,,,,,,,,,,,,,,,,,,,,,,,,,,,,,,,,,,,,,,,,,,,,,,,,,,,,,,,,,,,,,,,,,,,,,
1764665426.418019,28483,0,4397.307617,4402.563965,4517.179688,4531.153809,4402.563965,4527.307617,4545.769043,4400.897461,4585,4402.563965,4493.077148,4512.94873,4573.846191,4403.077148,4405.769043,4507.820313,4546.538574,4531.153809,4504.871582,4394.871582,4395,4558.974121,4525.641113,4504.358887,4397.820313,4582.563965,4395.128418,4561.410156,4514.230957,4412.94873,4529.743652,4514.615234,2879,1,24,1536,40830,,,,0,4,4,4,4,4,4,4,4,4,4,4,4,4,4,4,4,4,4,4,4,4,4,4,4,4,4,4,4,4,4,4,4,100,,,,,,,,,,,,,,,,,,,,,,,,,,,,,,,,,,,,,,,,,,,,,,,,,,,,,,,,,,,,,,,,,,,,,,,,,,,,,,,,,,,,,,,,,,,,,,,,,,,,,,,,,,,,,,,,,,,,,,,,,,,,,,,,,,,,,,,,,,,,,,,,,,,,,,,,,,,,,,,,,,,,,,,,,,,,,,,,,,,,,,,,,,,,,,,,,,,,,,,,,,,,,,
1764665426.421925,28484,0,4390.384766,4397.692383,4512.692383,4525.512695,4397.94873,4521.153809,4541.025879,4396.922852,4577.307617,4392.436035,4488.461426,4507.05127,4568.846191,4397.307617,4399.230957,4506.538574,4541.025879,4528.846191,4503.205078,4388.333496,4386.922852,4555.384766,4520.384766,4496.666504,4393.077148,4576.025879,4389.487305,4555.641113,4510.128418,4408.333496,4524.743652,4511.922852,2771,1,24,1792,40838,,,,0,4,4,4,4,4,4,4,4,4,4,4,4,4,4,4,4,4,4,4,4,4,4,4,4,4,4,4,4,4,4,4,4,100,,,,,,,,,,,,,,,,,,,,,,,,,,,,,,,,,,,,,,,,,,,,,,,,,,,,,,,,,,,,,,,,,,,,,,,,,,,,,,,,,,,,,,,,,,,,,,,,,,,,,,,,,,,,,,,,,,,,,,,,,,,,,,,,,,,,,,,,,,,,,,,,,,,,,,,,,,,,,,,,,,,,,,,,,,,,,,,,,,,,,,,,,,,,,,,,,,,,,,,,,,,,,,
1764665426.425832,28485,0,4382.05127,4392.179688,4505.769043,4518.846191,4389.358887,4512.436035,4531.282227,4386.410156,4568.205078,4380.641113,4479.743652,4500.897461,4561.666504,4388.077148,4387.436035,4502.563965,4534.743652,4524.615234,4501.922852,4380.641113,4380.128418,4549.743652,4515,4488.589844,4391.410156,4567.307617,4382.179688,4547.179688,4504.230957,4400.128418,4518.333496,4505.512695,2810,1,24,1792,40838,,,,0,4,4,4,4,4,4,4,4,4,4,4,4,4,4,4,4,4,4,4,4,4,4,4,4,4,4,4,4,4,4,4,4,100,,,,,,,,,,,,,,,,,,,,,,,,,,,,,,,,,,,39889,0,0.020723,-0.694458,-0.719177,-0.009094,1.002564,0.032719,0.041509,19.5,2.333333,54.166668,,,,,,,,,,,,,,,,,,,,,,,,,,,,,,,,,,,,,,,,,,,,,,,,,,,,,,,,,,,,,,,,,,,,,,,,,,,,,,,,,,,,,,,,,,,,,,,,,,,,,,,,,,,,,,,,,,,,,,,,,,,,,,,,,,,,,,,,,,,,,,,,,,,,,,,,,,,,,,,,
1764665426.429738,28486,0,4380,4392.563965,4504.487305,4518.461426,4385.641113,4507.179688,4525.512695,4379.102539,4565.769043,4377.820313,4475,4500,4560.512695,4383.589844,4380.128418,4501.410156,4535.384766,4524.743652,4503.846191,4378.461426,4380.512695,4548.461426,4516.538574,4487.179688,4396.794922,4563.205078,4380.128418,4543.846191,4502.563965,4395.641113,4517.94873,4501.794922,2819,1,24,2048,40846,,,,0,4,4,4,4,4,4,4,4,4,4,4,4,4,4,4,4,4,4,4,4,4,4,4,4,4,4,4,4,4,4,4,4,100,,,,,,,,,,,,,,,,,,,,,,,,,,,,,,,,,,,,,,,,,,,,,,,,,,,,,,,,,,,,,,,,,,,,,,,,,,,,,,,,,,,,,,,,,,,,,,,,,,,,,,,,,,,,,,,,,,,,,,,,,,,,,,,,,,,,,,,,,,,,,,,,,,,,,,,,,,,,,,,,,,,,,,,,,,,,,,,,,,,,,,,,,,,,,,,,,,,,,,,,,,,,,,
1764665426.433645,28487,0,4386.922852,4400,4511.025879,4526.153809,4391.025879,4508.974121,4529.358887,4380.897461,4572.307617,4386.538574,4478.846191,4505.256348,4568.333496,4387.179688,4382.307617,4505.512695,4545.256348,4532.692383,4510.128418,4383.846191,4387.94873,4554.615234,4526.538574,4494.743652,4407.692383,4567.05127,4386.025879,4549.230957,4507.436035,4398.974121,4525.256348,4504.358887,3006,1,24,2048,40846,,,,0,4,4,4,4,4,4,4,4,4,4,4,4,4,4,4,4,4,4,4,4,4,4,4,4,4,4,4,4,4,4,4,4,100,,,,,,,,,,,,,,,,,,,,,,,,,,,,,,,,,,,,,,,,,,,,,,,,,,,,,,,,,,,,,,,,,,,,,,,,,,,,,,,,,,,,,,,,,,,,,,,,,,,,,,,,,,,,,,,,,,,,,,,,,,,,,,,,,,,,,,,,,,,,,,,,,,,,,,,,,,,,,,,,,,,,,,,,,,,,,,,,,,,,,,,,,,,,,,,,,,,,,,,,,,,,,,
1764665426.437551,28488,0,4398.846191,4410.384766,4520.641113,4537.307617,4402.436035,4515.256348,4541.282227,4390.128418,4582.563965,4400,4488.974121,4512.307617,4580.897461,4395.512695,4391.025879,4512.692383,4559.230957,4545.512695,4518.589844,4393.333496,4397.94873,4565.641113,4539.230957,4506.153809,4418.077148,4576.153809,4396.153809,4560.384766,4515.769043,4407.692383,4535.128418,4511.410156,2886,1,24,2304,40854,,,,0,4,4,4,4,4,4,4,4,4,4,4,4,4,4,4,4,4,4,4,4,4,4,4,4,4,4,4,4,4,4,4,4,100,,,,,,,,,,,,,,,,,,,,,,,,,,,,,,,,,,,,,,,,,,,,,,,,,,,,,,,,,,,,,,,,,,,,,,,,,,,,,,,,,,,,,,,,,,,,,,,,,,,,,,,,,,,,,,,,,,,,,,,,,,,,,,,,,,,,,,,,,,,,,,,,,,,,,,,,,,,,,,,,,,,,,,,,,,,,,,,,,,,,,,,,,,,,,,,,,,,,,,,,,,,,,,
1764665426.441458,28489,0,4409.102539,4417.94873,4527.436035,4545.641113,4412.820313,4521.794922,4554.615234,4400.256348,4590,4409.487305,4498.974121,4516.153809,4590.128418,4402.307617,4399.615234,4517.94873,4569.102539,4556.282227,4524.743652,4401.282227,4404.871582,4575.256348,4547.179688,4514.871582,4422.563965,4585,4405,4570.897461,4522.436035,4416.666504,4541.538574,4519.102539,2738,1,24,2304,40854,,,,0,4,4,4,4,4,4,4,4,4,4,4,4,4,4,4,4,4,4,4,4,4,4,4,4,4,4,4,4,4,4,4,4,100,,,,,,,,,,,,,,,,,,,,,,,,,,,,,,,,,,,39890,0,0.020803,-0.694458,-0.719177,-0.008911,0.992309,0.024905,0.041509,17.833334,1.166667,55.833332,,,,,,,,,,,,,,,,,,,,,,,,,,,,,,,,,,,,,,,,,,,,,,,,,,,,,,,,,,,,,,,,,,,,,,,,,,,,,,,,,,,,,,,,,,,,,,,,,,,,,,,,,,,,,,,,,,,,,,,,,,,,,,,,,,,,,,,,,,,,,,,,,,,,,,,,,,,,,,,,
1764665426.445364,28490,0,4413.717773,4420.384766,4529.615234,4548.589844,4417.307617,4526.025879,4562.94873,4405.897461,4591.922852,4411.153809,4503.974121,4515.256348,4591.282227,4403.589844,4402.820313,4517.820313,4570.512695,4559.102539,4525.256348,4403.974121,4406.538574,4579.230957,4547.436035,4516.794922,4420.769043,4589.487305,4408.846191,4576.410156,4524.487305,4422.307617,4543.077148,4524.743652,1889,1,24,1024,40861,,,,0,4,4,4,4,4,4,4,4,4,4,4,4,4,4,4,4,4,4,4,4,4,4,4,4,4,4,4,4,4,4,4,4,100,,,,,,,,,,,,,,,,,,,,,,,,,,,,,,,,,,,,,,,,,,,,,,,,,,,,,,,,,,,,,,,,,,,,,,,,,,,,,,,,,,,,,,,,,,,,,,,,,,,,,,,,,,,,,,,,,,,,,,,,,,,,,,,,,,,,,,,,,,,,,,,,,,,,,,,,,,,,,,,,,,,,,,,,,,,,,,,,,,,,,,,,,,,,,,,,,,,,,,,,,,,,,,
1764665426.449271,28491,0,4412.820313,4418.461426,4529.487305,4547.05127,4415.897461,4527.692383,4563.205078,4405.897461,4590,4407.05127,4502.692383,4511.794922,4585.256348,4400.128418,4400.128418,4513.077148,4565.256348,4553.205078,4520,4401.025879,4403.846191,4576.538574,4542.179688,4513.205078,4417.179688,4588.846191,4407.94873,4576.282227,4522.436035,4424.358887,4541.922852,4527.820313,2718,1,24,1024,40861,,,,0,4,4,4,4,4,4,4,4,4,4,4,4,4,4,4,4,4,4,4,4,4,4,4,4,4,4,4,4,4,4,4,4,100,,,,,,,,,,,,,,,,,,,,,,,,,,,,,,,,,,,,,,,,,,,,,,,,,,,,,,,,,,,,,,,,,,,,,,,,,,,,,,,,,,,,,,,,,,,,,,,,,,,,,,,,,,,,,,,,,,,,,,,,,,,,,,,,,,,,,,,,,,,,,,,,,,,,,,,,,,,,,,,,,,,,,,,,,,,,,,,,,,,,,,,,,,,,,,,,,,,,,,,,,,,,,,
1764665426.453177,28492,0,4408.974121,4413.974121,4528.846191,4542.692383,4410.512695,4526.922852,4556.666504,4401.794922,4586.666504,4400.512695,4497.179688,4508.846191,4577.05127,4395.128418,4393.461426,4507.307617,4558.205078,4542.563965,4511.666504,4394.487305,4398.846191,4569.743652,4535.769043,4507.179688,4415.256348,4584.230957,4404.358887,4572.307617,4518.974121,4423.461426,4540.384766,4528.205078,2507,1,24,256,40869,,,,0,4,4,4,4,4,4,4,4,4,4,4,4,4,4,4,4,4,4,4,4,4,4,4,4,4,4,4,4,4,4,4,4,100,,,,,,,,,,,,,,,,,,,,,,,,,,,,,,,,,,,,,,,,,,,,,,,,,,,,,,,,,,,,,,,,,,,,,,,,,,,,,,,,,,,,,,,,,,,,,,,,,,,,,,,,,,,,,,,,,,,,,,,,,,,,,,,,,,,,,,,,,,,,,,,,,,,,,,,,,,,,,,,,,,,,,,,,,,,,,,,,,,,,,,,,,,,,,,,,,,,,,,,,,,,,,,
1764665426.457084,28493,0,4404.230957,4407.820313,4526.666504,4536.410156,4403.589844,4523.589844,4547.05127,4395.384766,4581.922852,4393.461426,4489.871582,4507.179688,4570.769043,4391.025879,4385.384766,4504.358887,4553.205078,4532.436035,4504.358887,4386.922852,4393.333496,4561.922852,4530.512695,4500.897461,4414.102539,4577.436035,4399.487305,4566.153809,4515.769043,4419.615234,4537.563965,4524.487305,2222,1,24,256,40869,,,,0,4,4,4,4,4,4,4,4,4,4,4,4,4,4,4,4,4,4,4,4,4,4,4,4,4,4,4,4,4,4,4,4,100,,,,,,,,,,,,,,,,,,,,,,,,,,,,,,,,,,,39891,0,0.020829,-0.694458,-0.719177,-0.00885,0.992309,0.024905,0.041509,22.333334,1.5,54.166668,,,,,,,,,,,,,,,,,,,,,,,,,,,,,,,,,,,,,,,,,,,,,,,,,,,,,,,,,,,,,,,,,,,,,,,,,,,,,,,,,,,,,,,,,,,,,,,,,,,,,,,,,,,,,,,,,,,,,,,,,,,,,,,,,,,,,,,,,,,,,,,,,,,,,,,,,,,,,,,,
1764665426.460990,28494,0,4399.743652,4400.897461,4521.282227,4529.230957,4396.794922,4518.205078,4538.589844,4388.589844,4574.871582,4386.025879,4483.077148,4505.769043,4568.205078,4388.589844,4377.692383,4504.487305,4551.153809,4526.666504,4500.256348,4380.769043,4388.461426,4555.128418,4526.282227,4494.871582,4410.384766,4570,4393.717773,4559.230957,4512.94873,4412.307617,4531.538574,4515.769043,2728,1,24,256,40877,,,,0,4,4,4,4,4,4,4,4,4,4,4,4,4,4,4,4,4,4,4,4,4,4,4,4,4,4,4,4,4,4,4,4,100,,,,,,,,,,,,,,,,,,,,,,,,,,,,,,,,,,,,,,,,,,,,,,,,,,,,,,,,,,,,,,,,,,,,,,,,,,,,,,,,,,,,,,,,,,,,,,,,,,,,,,,,,,,,,,,,,,,,,,,,,,,,,,,,,,,,,,,,,,,,,,,,,,,,,,,,,,,,,,,,,,,,,,,,,,,,,,,,,,,,,,,,,,,,,,,,,,,,,,,,,,,,,,
1764665426.464897,28495,0,4396.025879,4395.384766,4512.94873,4522.692383,4391.794922,4512.563965,4533.589844,4382.94873,4566.153809,4378.461426,4479.102539,4504.102539,4568.333496,4387.436035,4371.666504,4505.512695,4550.641113,4525.384766,4499.230957,4377.692383,4385.128418,4550.384766,4522.05127,4489.230957,4402.820313,4563.974121,4387.820313,4552.94873,4510.256348,4403.717773,4522.94873,4504.871582,2510,1,24,256,40877,,,,0,4,4,4,4,4,4,4,4,4,4,4,4,4,4,4,4,4,4,4,4,4,4,4,4,4,4,4,4,4,4,4,4,100,,,,,,,,,,,,,,,,,,,,,,,,,,,,,,,,,,,,,,,,,,,,,,,,,,,,,,,,,,,,,,,,,,,,,,,,,,,,,,,,,,,,,,,,,,,,,,,,,,,,,,,,,,,,,,,,,,,,,,,,,,,,,,,,,,,,,,,,,,,,,,,,,,,,,,,,,,,,,,,,,,,,,,,,,,,,,,,,,,,,,,,,,,,,,,,,,,,,,,,,,,,,,,
1764665426.468702,28496,0,4393.974121,4393.589844,4505.512695,4519.487305,4390,4509.230957,4533.461426,4380.128418,4559.230957,4373.333496,4478.846191,4503.461426,4569.871582,4387.05127,4368.974121,4505.512695,4550.512695,4526.666504,4500.256348,4378.461426,4384.615234,4549.102539,4518.205078,4485.769043,4395,4561.282227,4383.846191,4549.487305,4508.589844,4398.461426,4516.025879,4497.436035,2883,1,24,512,40885,,,,0,4,4,4,4,4,4,4,4,4,4,4,4,4,4,4,4,4,4,4,4,4,4,4,4,4,4,4,4,4,4,4,4,100,,,,,,,,,,,,,,,,,,,,,,,,,,,,,,,,,,,,,,,,,,,,,,,,,,,,,,,,,,,,,,,,,,,,,,,,,,,,,,,,,,,,,,,,,,,,,,,,,,,,,,,,,,,,,,,,,,,,,,,,,,,,,,,,,,,,,,,,,,,,,,,,,,,,,,,,,,,,,,,,,,,,,,,,,,,,,,,,,,,,,,,,,,,,,,,,,,,,,,,,,,,,,,
1764665426.472608,28497,0,4395.769043,4397.94873,4504.102539,4522.436035,4393.589844,4510.769043,4539.102539,4381.666504,4559.615234,4373.974121,4482.692383,4506.410156,4572.563965,4388.846191,4372.179688,4506.153809,4552.179688,4530,4503.974121,4384.358887,4388.461426,4552.692383,4517.307617,4487.820313,4393.077148,4563.717773,4385.256348,4551.666504,4510,4401.153809,4516.153809,4499.102539,2927,1,24,512,40885,,,,0,4,4,4,4,4,4,4,4,4,4,4,4,4,4,4,4,4,4,4,4,4,4,4,4,4,4,4,4,4,4,4,4,100,,,,,,,,,,,,,,,,,,,,,,,,,,,,,,,,,,,39892,0,0.02088,-0.694458,-0.719177,-0.008728,0.993774,0.031742,0.038091,18.166666,0.166667,53,,,,,,,,,,,,,,,,,,,,,,,,,,,,,,,,,,,,,,,,,,,,,,,,,,,,,,,,,,,,,,,,,,,,,,,,,,,,,,,,,,,,,,,,,,,,,,,,,,,,,,,,,,,,,,,,,,,,,,,,,,,,,,,,,,,,,,,,,,,,,,,,,,,,,,,,,,,,,,,,
1764665426.476514,28498,0,4402.436035,4407.820313,4511.282227,4532.307617,4402.820313,4517.692383,4549.615234,4387.94873,4570.384766,4382.436035,4490,4514.102539,4577.692383,4394.487305,4382.307617,4510.128418,4558.077148,4536.153809,4510.897461,4395.128418,4396.922852,4561.922852,4521.922852,4497.05127,4400.641113,4571.410156,4393.589844,4560.769043,4515.384766,4412.563965,4525.128418,4510.256348,1779,1,24,512,40893,,,,0,4,4,4,4,4,4,4,4,4,4,4,4,4,4,4,4,4,4,4,4,4,4,4,4,4,4,4,4,4,4,4,4,100,,,,,,,,,,,,,,,,,,,,,,,,,,,,,,,,,,,,,,,,,,,,,,,,,,,,,,,,,,,,,,,,,,,,,,,,,,,,,,,,,,,,,,,,,,,,,,,,,,,,,,,,,,,,,,,,,,,,,,,,,,,,,,,,,,,,,,,,,,,,,,,,,,,,,,,,,,,,,,,,,,,,,,,,,,,,,,,,,,,,,,,,,,,,,,,,,,,,,,,,,,,,,,
1764665426.480420,28499,0,4412.05127,4419.102539,4524.102539,4545.641113,4414.102539,4526.666504,4561.153809,4396.410156,4587.692383,4395.769043,4498.717773,4524.615234,4584.743652,4402.692383,4396.282227,4517.563965,4567.692383,4544.102539,4519.615234,4407.307617,4406.410156,4573.205078,4530.769043,4509.871582,4413.974121,4580.897461,4405.512695,4573.077148,4522.436035,4427.05127,4538.077148,4524.615234,2959,1,24,512,40893,,,,0,4,4,4,4,4,4,4,4,4,4,4,4,4,4,4,4,4,4,4,4,4,4,4,4,4,4,4,4,4,4,4,4,100,,,,,,,,,,,,,,,,,,,,,,,,,,,,,,,,,,,,,,,,,,,,,,,,,,,,,,,,,,,,,,,,,,,,,,,,,,,,,,,,,,,,,,,,,,,,,,,,,,,,,,,,,,,,,,,,,,,,,,,,,,,,,,,,,,,,,,,,,,,,,,,,,,,,,,,,,,,,,,,,,,,,,,,,,,,,,,,,,,,,,,,,,,,,,,,,,,,,,,,,,,,,,,
1764665426.484325,28500,0,4417.692383,4424.230957,4534.230957,4555.128418,4420.128418,4531.538574,4566.666504,4401.410156,4601.282227,4406.282227,4504.615234,4531.282227,4589.358887,4408.205078,4405.641113,4523.589844,4575,4548.846191,4524.871582,4413.717773,4410.256348,4579.487305,4537.307617,4517.436035,4423.077148,4586.794922,4412.820313,4580.512695,4525.512695,4433.974121,4545.512695,4532.179688,2547,1,24,768,40901,,,,0,4,4,4,4,4,4,4,4,4,4,4,4,4,4,4,4,4,4,4,4,4,4,4,4,4,4,4,4,4,4,4,4,100,,,,,,,,,,,,,,,,,,,,,,,,,,,,,,,,,,,,,,,,,,,,,,,,,,,,,,,,,,,,,,,,,,,,,,,,,,,,,,,,,,,,,,,,,,,,,,,,,,,,,,,,,,,,,,,,,,,,,,,,,,,,,,,,,,,,,,,,,,,,,,,,,,,,,,,,,,,,,,,,,,,,,,,,,,,,,,,,,,,,,,,,,,,,,,,,,,,,,,,,,,,,,,
1764665426.488231,28501,0,4412.94873,4417.563965,4533.461426,4553.461426,4414.615234,4526.794922,4560.384766,4397.179688,4601.794922,4406.282227,4503.333496,4528.077148,4586.153809,4405.384766,4402.94873,4522.692383,4572.692383,4545.256348,4522.307617,4408.846191,4404.102539,4574.743652,4534.358887,4512.692383,4418.333496,4584.358887,4408.333496,4575.641113,4520.128418,4426.153809,4539.871582,4526.538574,2839,1,24,768,40901,,,,0,4,4,4,4,4,4,4,4,4,4,4,4,4,4,4,4,4,4,4,4,4,4,4,4,4,4,4,4,4,4,4,4,100,,,,,,,,,,,,,,,,,,,,,,,,,,,,,,,,,,,39893,0,0.020829,-0.694458,-0.719177,-0.00885,0.981565,0.035161,0.040044,18.5,0.5,53.5,,,,,,,,,,,,,,,,,,,,,,,,,,,,,,,,,,,,,,,,,,,,,,,,,,,,,,,,,,,,,,,,,,,,,,,,,,,,,,,,,,,,,,,,,,,,,,,,,,,,,,,,,,,,,,,,,,,,,,,,,,,,,,,,,,,,,,,,,,,,,,,,,,,,,,,,,,,,,,,,
1764665426.492137,28502,0,4397.94873,4400.897461,4521.025879,4540.769043,4398.846191,4513.461426,4543.589844,4384.230957,4588.846191,4394.871582,4495.128418,4515.128418,4574.358887,4394.230957,4388.846191,4514.102539,4559.487305,4534.230957,4513.846191,4395.128418,4390.641113,4560.769043,4521.922852,4497.179688,4400.256348,4574.743652,4393.205078,4559.230957,4508.461426,4406.922852,4523.846191,4511.025879,2944,1,24,1024,40908,,,,0,4,4,4,4,4,4,4,4,4,4,4,4,4,4,4,4,4,4,4,4,4,4,4,4,4,4,4,4,4,4,4,4,100,,,,,,,,,,,,,,,,,,,,,,,,,,,,,,,,,,,,,,,,,,,,,,,,,,,,,,,,,,,,,,,,,,,,,,,,,,,,,,,,,,,,,,,,,,,,,,,,,,,,,,,,,,,,,,,,,,,,,,,,,,,,,,,,,,,,,,,,,,,,,,,,,,,,,,,,,,,,,,,,,,,,,,,,,,,,,,,,,,,,,,,,,,,,,,,,,,,,,,,,,,,,,,
1764665426.496043,28503,0,4382.436035,4385.128418,4505.769043,4526.410156,4382.436035,4500.384766,4526.410156,4370.769043,4572.820313,4381.025879,4485.641113,4500.897461,4560.769043,4382.179688,4374.358887,4504.358887,4543.717773,4524.487305,4507.436035,4382.820313,4380.128418,4547.307617,4508.077148,4481.666504,4380.897461,4565.384766,4377.94873,4542.307617,4498.461426,4389.615234,4509.487305,4496.410156,2856,1,24,1024,40908,,,,0,4,4,4,4,4,4,4,4,4,4,4,4,4,4,4,4,4,4,4,4,4,4,4,4,4,4,4,4,4,4,4,4,100,,,,,,,,,,,,,,,,,,,,,,,,,,,,,,,,,,,,,,,,,,,,,,,,,,,,,,,,,,,,,,,,,,,,,,,,,,,,,,,,,,,,,,,,,,,,,,,,,,,,,,,,,,,,,,,,,,,,,,,,,,,,,,,,,,,,,,,,,,,,,,,,,,,,,,,,,,,,,,,,,,,,,,,,,,,,,,,,,,,,,,,,,,,,,,,,,,,,,,,,,,,,,,
1764665426.499949,28504,0,4377.820313,4381.410156,4499.102539,4521.410156,4376.538574,4497.692383,4520.512695,4367.05127,4566.538574,4377.307617,4482.179688,4495.897461,4555.384766,4378.077148,4371.410156,4502.05127,4537.307617,4525.256348,4511.025879,4381.538574,4381.282227,4544.615234,4503.846191,4477.94873,4375.256348,4565.128418,4374.102539,4537.436035,4497.563965,4386.794922,4508.846191,4493.461426,2754,1,24,1280,40916,,,,0,4,4,4,4,4,4,4,4,4,4,4,4,4,4,4,4,4,4,4,4,4,4,4,4,4,4,4,4,4,4,4,4,100,,,,,,,,,,,,,,,,,,,,,,,,,,,,,,,,,,,,,,,,,,,,,,,,,,,,,,,,,,,,,,,,,,,,,,,,,,,,,,,,,,,,,,,,,,,,,,,,,,,,,,,,,,,,,,,,,,,,,,,,,,,,,,,,,,,,,,,,,,,,,,,,,,,,,,,,,,,,,,,,,,,,,,,,,,,,,,,,,,,,,,,,,,,,,,,,,,,,,,,,,,,,,,
1764665426.503854,28505,0,4387.563965,4392.307617,4505.512695,4529.358887,4384.358887,4507.820313,4529.871582,4376.282227,4574.102539,4388.333496,4486.538574,4503.717773,4561.922852,4385,4383.205078,4509.487305,4545,4537.692383,4523.717773,4391.794922,4393.461426,4554.358887,4512.820313,4487.94873,4388.205078,4575.256348,4384.487305,4548.205078,4506.410156,4399.871582,4522.820313,4503.846191,2836,1,24,1280,40916,,,,0,4,4,4,4,4,4,4,4,4,4,4,4,4,4,4,4,4,4,4,4,4,4,4,4,4,4,4,4,4,4,4,4,100,,,,,,,,,,,,,,,,,,,,,,,,,,,,,,,,,,,39894,0,0.020829,-0.694458,-0.719177,-0.00885,0.999145,0.029789,0.029789,18.666666,0.333333,53.333332,,,,,,,,,,,,,,,,,,,,,,,,,,,,,,,,,,,,,,,,,,,,,,,,,,,,,,,,,,,,,,,,,,,,,,,,,,,,,,,,,,,,,,,,,,,,,,,,,,,,,,,,,,,,,,,,,,,,,,,,,,,,,,,,,,,,,,,,,,,,,,,,,,,,,,,,,,,,,,,,
1764665426.507760,28506,0,4403.717773,4408.974121,4519.358887,4542.820313,4399.102539,4523.461426,4547.436035,4391.922852,4587.820313,4406.025879,4494.487305,4517.307617,4574.615234,4397.05127,4400.897461,4520.897461,4560.256348,4552.05127,4535.769043,4404.871582,4406.794922,4568.461426,4528.333496,4503.077148,4410.897461,4588.589844,4400.897461,4565.384766,4517.563965,4418.205078,4540.512695,4518.589844,1936,1,24,1536,40924,,,,0,4,4,4,4,4,4,4,4,4,4,4,4,4,4,4,4,4,4,4,4,4,4,4,4,4,4,4,4,4,4,4,4,100,,,,,,,,,,,,,,,,,,,,,,,,,,,,,,,,,,,,,,,,,,,,,,,0.515874,2.007247,0.950183,1.395079,1.197416,1.229195,2.992961,1.028393,1.413553,1.35387,2.057123,2.955283,0.954661,1.487807,1.726422,1.19898,2.663723,1.012615,1.668954,1.488876,0.615009,3.196294,0.992308,1.34944,1.28011,0.407599,2.382197,0.914142,1.147674,1.130862,0.76067,2.348083,0.82868,1.664042,1.217483,1.269308,3.025039,0.847088,1.585444,1.57888,1.573798,1.680691,0.457994,1.424183,1.578768,0.863446,1.606904,1.220194,2.502399,2.12315,1.684388,1.12425,0.449004,1.173923,1.036735,0.816582,2.790148,1.505189,1.22963,1.099944,0.548433,2.008421,1.116248,1.195337,0.954471,0.8019,0.755309,0.588865,0.832102,0.580909,0.539515,0.900422,0.299437,1.393603,1.141482,0.470004,1.148331,0.45422,0.730065,0.800981,1.062846,4.262338,1.439975,1.639986,1.460241,1.306751,5.786152,0.907425,1.450241,1.700592,0.524772,4.283966,0.470253,1.035169,1.09005,1.220745,4.287319,0.980701,1.365731,1.306434,1.614934,6.989657,1.07332,1.13844,1.293084,0.839147,6.017467,0.918392,1.320534,1.426157,0.459558,2.929528,0.696955,1.169263,1.19156,0.987196,3.575822,0.689302,1.337548,1.471238,1.020026,3.50902,1.748565,1.579795,2.030686,1.218696,1.741889,0.404067,1.24661,1.263905,0.755326,2.195802,0.650634,1.557747,1.515396,0.65155,2.77529,0.714448,1.485864,1.389902,0.331534,1.617029,0.549457,0.727072,0.637859,1.076974,1.639946,0.569889,1.283679,1.28116,0.898771,1.901853,0.539896,1.618427,1.46153,2.336373,2.246479,0.578685,1.412436,1.325235
1764665426.511666,28507,0,4414.102539,4419.358887,4529.358887,4550.897461,4408.846191,4533.461426,4560.897461,4403.077148,4596.025879,4417.05127,4498.974121,4525.769043,4583.461426,4405,4411.794922,4526.794922,4571.410156,4556.666504,4536.282227,4410.384766,4410.769043,4575.512695,4538.461426,4511.282227,4427.94873,4595.256348,4410.769043,4575.897461,4523.077148,4428.333496,4547.94873,4526.153809,2638,1,24,1536,40924,,,,0,4,4,4,4,4,4,4,4,4,4,4,4,4,4,4,4,4,4,4,4,4,4,4,4,4,4,4,4,4,4,4,4,100,,,,,,,,,,,,,,,,,,,,,,,,,,,,,,,,,,,,,,,,,,,,,,,,,,,,,,,,,,,,,,,,,,,,,,,,,,,,,,,,,,,,,,,,,,,,,,,,,,,,,,,,,,,,,,,,,,,,,,,,,,,,,,,,,,,,,,,,,,,,,,,,,,,,,,,,,,,,,,,,,,,,,,,,,,,,,,,,,,,,,,,,,,,,,,,,,,,,,,,,,,,,,,
1764665426.515572,28508,0,4411.922852,4417.94873,4528.589844,4548.077148,4407.307617,4531.922852,4562.307617,4403.461426,4593.589844,4413.333496,4496.794922,4522.94873,4581.794922,4403.974121,4409.871582,4522.94873,4571.282227,4548.205078,4523.205078,4405,4402.563965,4571.282227,4536.538574,4507.05127,4430.512695,4590.897461,4407.307617,4573.205078,4520.512695,4424.102539,4540.384766,4521.922852,2703,1,24,1792,40932,2,1,4,0,4,4,4,4,4,4,4,4,4,4,4,4,4,4,4,4,4,4,4,4,4,4,4,4,4,4,4,4,4,4,4,4,100,,,,,,,,,,,,,,,,,,,,,,,,,,,,,,,,,,,,,,,,,,,,,,,,,,,,,,,,,,,,,,,,,,,,,,,,,,,,,,,,,,,,,,,,,,,,,,,,,,,,,,,,,,,,,,,,,,,,,,,,,,,,,,,,,,,,,,,,,,,,,,,,,,,,,,,,,,,,,,,,,,,,,,,,,,,,,,,,,,,,,,,,,,,,,,,,,,,,,,,,,,,,,,
