title:Anxiety2, start timestamp:1764669106.528533, stop timestamp:1764669118.643396, headset type:FLEX2, headset serial:F30002B4, headset firmware:2f10, channels:283, sampling rate:eeg_256;mot_64;pow_8, samples:3103      , version:2.2, ,,,,,,,,,,,,,,,,,,,,,,,,,,,,,,,,,,,,,,,,,,,,,,,,,,,,,,,,,,,,,,,,,,,,,,,,,,,,,,,,,,,,,,,,,,,,,,,,,,,,,,,,,,,,,,,,,,,,,,,,,,,,,,,,,,,,,,,,,,,,,,,,,,,,,,,,,,,,,,,,,,,,,,,,,,,,,,,,,,,,,,,,,,,,,,,,,,,,,,,,,,,,,,,,,,,,,,,,,,,,,,,,,,,,,,,,,,,,,,,,,,,,,,,,,,,,,,,,,,,,,,,,,,,,,,,,
Timestamp,EEG.Counter,EEG.Interpolated,EEG.Cz,EEG.Fz,EEG.Fp1,EEG.F7,EEG.F3,EEG.FC1,EEG.C3,EEG.FC5,EEG.FT9,EEG.T7,EEG.CP5,EEG.CP1,EEG.P3,EEG.P7,EEG.PO9,EEG.O1,EEG.Pz,EEG.Oz,EEG.O2,EEG.PO10,EEG.P8,EEG.P4,EEG.CP2,EEG.CP6,EEG.T8,EEG.FT10,EEG.FC6,EEG.C4,EEG.FC2,EEG.F4,EEG.F8,EEG.Fp2,EEG.RawCq,EEG.Battery,EEG.BatteryPercent,EEG.FwBufferSize,EEG.FwClockTime,MarkerIndex,MarkerType,MarkerValueInt,EEG.MarkerHardware,CQ.Cz,CQ.Fz,CQ.Fp1,CQ.F7,CQ.F3,CQ.FC1,CQ.C3,CQ.FC5,CQ.FT9,CQ.T7,CQ.CP5,CQ.CP1,CQ.P3,CQ.P7,CQ.PO9,CQ.O1,CQ.Pz,CQ.Oz,CQ.O2,CQ.PO10,CQ.P8,CQ.P4,CQ.CP2,CQ.CP6,CQ.T8,CQ.FT10,CQ.FC6,CQ.C4,CQ.FC2,CQ.F4,CQ.F8,CQ.Fp2,CQ.Overall,EQ.SampleRateQuality,EQ.OVERALL,EQ.Cz,EQ.Fz,EQ.Fp1,EQ.F7,EQ.F3,EQ.FC1,EQ.C3,EQ.FC5,EQ.FT9,EQ.T7,EQ.CP5,EQ.CP1,EQ.P3,EQ.P7,EQ.PO9,EQ.O1,EQ.Pz,EQ.Oz,EQ.O2,EQ.PO10,EQ.P8,EQ.P4,EQ.CP2,EQ.CP6,EQ.T8,EQ.FT10,EQ.FC6,EQ.C4,EQ.FC2,EQ.F4,EQ.F8,EQ.Fp2,MOT.CounterMems,MOT.InterpolatedMems,MOT.Q0,MOT.Q1,MOT.Q2,MOT.Q3,MOT.AccX,MOT.AccY,MOT.AccZ,MOT.MagX,MOT.MagY,MOT.MagZ,POW.Cz.Theta,POW.Cz.Alpha,POW.Cz.BetaL,POW.Cz.BetaH,POW.Cz.Gamma,POW.Fz.Theta,POW.Fz.Alpha,POW.Fz.BetaL,POW.Fz.BetaH,POW.Fz.Gamma,POW.Fp1.Theta,POW.Fp1.Alpha,POW.Fp1.BetaL,POW.Fp1.BetaH,POW.Fp1.Gamma,POW.F7.Theta,POW.F7.Alpha,POW.F7.BetaL,POW.F7.BetaH,POW.F7.Gamma,POW.F3.Theta,POW.F3.Alpha,POW.F3.BetaL,POW.F3.BetaH,POW.F3.Gamma,POW.FC1.Theta,POW.FC1.Alpha,POW.FC1.BetaL,POW.FC1.BetaH,POW.FC1.Gamma,POW.C3.Theta,POW.C3.Alpha,POW.C3.BetaL,POW.C3.BetaH,POW.C3.Gamma,POW.FC5.Theta,POW.FC5.Alpha,POW.FC5.BetaL,POW.FC5.BetaH,POW.FC5.Gamma,POW.FT9.Theta,POW.FT9.Alpha,POW.FT9.BetaL,POW.FT9.BetaH,POW.FT9.Gamma,POW.T7.Theta,POW.T7.Alpha,POW.T7.BetaL,POW.T7.BetaH,POW.T7.Gamma,POW.CP5.Theta,POW.CP5.Alpha,POW.CP5.BetaL,POW.CP5.BetaH,POW.CP5.Gamma,POW.CP1.Theta,POW.CP1.Alpha,POW.CP1.BetaL,POW.CP1.BetaH,POW.CP1.Gamma,POW.P3.Theta,POW.P3.Alpha,POW.P3.BetaL,POW.P3.BetaH,POW.P3.Gamma,POW.P7.Theta,POW.P7.Alpha,POW.P7.BetaL,POW.P7.BetaH,POW.P7.Gamma,POW.PO9.Theta,POW.PO9.Alpha,POW.PO9.BetaL,POW.PO9.BetaH,POW.PO9.Gamma,POW.O1.Theta,POW.O1.Alpha,POW.O1.BetaL,POW.O1.BetaH,POW.O1.Gamma,POW.Pz.Theta,POW.Pz.Alpha,POW.Pz.BetaL,POW.Pz.BetaH,POW.Pz.Gamma,POW.Oz.Theta,POW.Oz.Alpha,POW.Oz.BetaL,POW.Oz.BetaH,POW.Oz.Gamma,POW.O2.Theta,POW.O2.Alpha,POW.O2.BetaL,POW.O2.BetaH,POW.O2.Gamma,POW.PO10.Theta,POW.PO10.Alpha,POW.PO10.BetaL,POW.PO10.BetaH,POW.PO10.Gamma,POW.P8.Theta,POW.P8.Alpha,POW.P8.BetaL,POW.P8.BetaH,POW.P8.Gamma,POW.P4.Theta,POW.P4.Alpha,POW.P4.BetaL,POW.P4.BetaH,POW.P4.Gamma,POW.CP2.Theta,POW.CP2.Alpha,POW.CP2.BetaL,POW.CP2.BetaH,POW.CP2.Gamma,POW.CP6.Theta,POW.CP6.Alpha,POW.CP6.BetaL,POW.CP6.BetaH,POW.CP6.Gamma,POW.T8.Theta,POW.T8.Alpha,POW.T8.BetaL,POW.T8.BetaH,POW.T8.Gamma,POW.FT10.Theta,POW.FT10.Alpha,POW.FT10.BetaL,POW.FT10.BetaH,POW.FT10.Gamma,POW.FC6.Theta,POW.FC6.Alpha,POW.FC6.BetaL,POW.FC6.BetaH,POW.FC6.Gamma,POW.C4.Theta,POW.C4.Alpha,POW.C4.BetaL,POW.C4.BetaH,POW.C4.Gamma,POW.FC2.Theta,POW.FC2.Alpha,POW.FC2.BetaL,POW.FC2.BetaH,POW.FC2.Gamma,POW.F4.Theta,POW.F4.Alpha,POW.F4.BetaL,POW.F4.BetaH,POW.F4.Gamma,POW.F8.Theta,POW.F8.Alpha,POW.F8.BetaL,POW.F8.BetaH,POW.F8.Gamma,POW.Fp2.Theta,POW.Fp2.Alpha,POW.Fp2.BetaL,POW.Fp2.BetaH,POW.Fp2.Gamma
1764669112.726338,54764,0,4360.769043,4380.384766,4456.922852,4519.487305,4395.512695,4488.461426,4521.538574,4373.589844,4556.666504,4362.05127,4488.205078,4493.589844,4560.769043,4386.922852,4387.436035,4499.487305,4525.256348,4532.436035,4517.563965,4388.589844,4392.436035,4559.743652,4497.94873,4485.512695,4383.461426,4587.436035,4387.05127,4544.871582,4497.94873,4399.871582,4531.794922,4469.487305,2482,0,5,256,56927,1,1,7,0,4,4,4,4,4,4,4,4,4,4,4,4,4,4,4,4,4,4,4,4,4,4,4,4,4,4,4,4,4,4,4,4,100,,,,,,,,,,,,,,,,,,,,,,,,,,,,,,,,,,,,,,,,,,,,,,,,,,,,,,,,,,,,,,,,,,,,,,,,,,,,,,,,,,,,,,,,,,,,,,,,,,,,,,,,,,,,,,,,,,,,,,,,,,,,,,,,,,,,,,,,,,,,,,,,,,,,,,,,,,,,,,,,,,,,,,,,,,,,,,,,,,,,,,,,,,,,,,,,,,,,,,,,,,,,,,
1764669112.730244,54765,0,4364.487305,4383.333496,4474.487305,4524.230957,4388.589844,4491.153809,4524.615234,4375.384766,4556.794922,4368.589844,4489.487305,4496.794922,4563.717773,4388.205078,4390.641113,4499.230957,4530,4536.666504,4522.436035,4391.922852,4396.410156,4563.717773,4500.128418,4491.025879,4379.358887,4588.077148,4389.487305,4551.410156,4502.307617,4408.846191,4538.333496,4483.589844,2242,0,5,256,56927,,,,0,4,4,4,4,4,4,4,4,4,4,4,4,4,4,4,4,4,4,4,4,4,4,4,4,4,4,4,4,4,4,4,4,100,,,,,,,,,,,,,,,,,,,,,,,,,,,,,,,,,,,13691,0,0.646569,-0.319092,-0.298279,0.625427,1.010377,0.020022,0.046392,15.5,38.5,-27,,,,,,,,,,,,,,,,,,,,,,,,,,,,,,,,,,,,,,,,,,,,,,,,,,,,,,,,,,,,,,,,,,,,,,,,,,,,,,,,,,,,,,,,,,,,,,,,,,,,,,,,,,,,,,,,,,,,,,,,,,,,,,,,,,,,,,,,,,,,,,,,,,,,,,,,,,,,,,,,
1764669112.734150,54766,0,4367.436035,4384.358887,4492.436035,4527.94873,4382.05127,4495,4526.410156,4376.538574,4557.692383,4385.769043,4495,4498.846191,4568.333496,4392.307617,4400.641113,4509.871582,4536.794922,4544.487305,4527.179688,4394.871582,4398.974121,4569.230957,4502.692383,4496.538574,4378.589844,4588.077148,4393.846191,4557.563965,4505,4414.871582,4541.666504,4497.307617,2739,0,5,256,56935,,,,0,4,4,4,4,4,4,4,4,4,4,4,4,4,4,4,4,4,4,4,4,4,4,4,4,4,4,4,4,4,4,4,4,100,,,,,,,,,,,,,,,,,,,,,,,,,,,,,,,,,,,,,,,,,,,,,,,,,,,,,,,,,,,,,,,,,,,,,,,,,,,,,,,,,,,,,,,,,,,,,,,,,,,,,,,,,,,,,,,,,,,,,,,,,,,,,,,,,,,,,,,,,,,,,,,,,,,,,,,,,,,,,,,,,,,,,,,,,,,,,,,,,,,,,,,,,,,,,,,,,,,,,,,,,,,,,,
1764669112.738056,54767,0,4367.179688,4382.307617,4499.871582,4527.563965,4377.692383,4496.794922,4525.641113,4376.153809,4557.179688,4398.333496,4500.128418,4498.077148,4571.153809,4395.384766,4409.102539,4525.384766,4540.384766,4550.512695,4527.94873,4394.487305,4398.461426,4570.641113,4503.333496,4496.153809,4381.282227,4586.025879,4396.922852,4558.846191,4504.102539,4413.974121,4540.256348,4507.05127,2446,0,5,256,56935,,,,0,4,4,4,4,4,4,4,4,4,4,4,4,4,4,4,4,4,4,4,4,4,4,4,4,4,4,4,4,4,4,4,4,100,,,,,,,,,,,,,,,,,,,,,,,,,,,,,,,,,,,,,,,,,,,,,,,,,,,,,,,,,,,,,,,,,,,,,,,,,,,,,,,,,,,,,,,,,,,,,,,,,,,,,,,,,,,,,,,,,,,,,,,,,,,,,,,,,,,,,,,,,,,,,,,,,,,,,,,,,,,,,,,,,,,,,,,,,,,,,,,,,,,,,,,,,,,,,,,,,,,,,,,,,,,,,,
1764669112.741861,54768,0,4363.589844,4378.589844,4495,4523.846191,4376.666504,4495.256348,4523.077148,4375.256348,4555,4394.871582,4500.897461,4495.128418,4569.743652,4394.102539,4407.820313,4535.384766,4537.563965,4549.487305,4523.846191,4390.512695,4395.641113,4565.128418,4501.410156,4489.102539,4388.589844,4582.94873,4396.410156,4554.102539,4500,4406.282227,4535.641113,4511.922852,2899,0,5,256,56943,,,,0,4,4,4,4,4,4,4,4,4,4,4,4,4,4,4,4,4,4,4,4,4,4,4,4,4,4,4,4,4,4,4,4,100,,,,,,,,,,,,,,,,,,,,,,,,,,,,,,,,,,,,,,,,,,,,,,,,,,,,,,,,,,,,,,,,,,,,,,,,,,,,,,,,,,,,,,,,,,,,,,,,,,,,,,,,,,,,,,,,,,,,,,,,,,,,,,,,,,,,,,,,,,,,,,,,,,,,,,,,,,,,,,,,,,,,,,,,,,,,,,,,,,,,,,,,,,,,,,,,,,,,,,,,,,,,,,
1764669112.745767,54769,0,4359.615234,4376.410156,4487.436035,4520.769043,4379.358887,4492.94873,4521.410156,4376.410156,4553.077148,4378.717773,4496.794922,4492.563965,4564.487305,4389.102539,4396.538574,4532.94873,4530.256348,4541.282227,4517.692383,4385.256348,4394.102539,4555.769043,4498.205078,4480.512695,4400.384766,4581.794922,4393.461426,4547.05127,4495.897461,4397.436035,4531.922852,4513.461426,2971,0,5,256,56943,,,,0,4,4,4,4,4,4,4,4,4,4,4,4,4,4,4,4,4,4,4,4,4,4,4,4,4,4,4,4,4,4,4,4,100,,,,,,,,,,,,,,,,,,,,,,,,,,,,,,,,,,,13692,0,0.646189,-0.31958,-0.298706,0.625366,1.010377,0.020022,0.046392,16.333334,39.333332,-24.5,,,,,,,,,,,,,,,,,,,,,,,,,,,,,,,,,,,,,,,,,,,,,,,,,,,,,,,,,,,,,,,,,,,,,,,,,,,,,,,,,,,,,,,,,,,,,,,,,,,,,,,,,,,,,,,,,,,,,,,,,,,,,,,,,,,,,,,,,,,,,,,,,,,,,,,,,,,,,,,,
1764669112.749773,54770,0,4358.717773,4377.307617,4488.461426,4522.179688,4384.743652,4492.820313,4521.794922,4379.871582,4553.205078,4364.487305,4490.512695,4492.692383,4557.692383,4383.333496,4381.794922,4518.846191,4523.461426,4530,4512.820313,4381.794922,4396.538574,4549.487305,4496.025879,4476.922852,4412.563965,4584.743652,4390.897461,4542.692383,4494.487305,4393.461426,4532.94873,4513.461426,1790,0,5,512,56951,,,,0,4,4,4,4,4,4,4,4,4,4,4,4,4,4,4,4,4,4,4,4,4,4,4,4,4,4,4,4,4,4,4,4,100,,,,,,,,,,,,,,,,,,,,,,,,,,,,,,,,,,,,,,,,,,,,,,,,,,,,,,,,,,,,,,,,,,,,,,,,,,,,,,,,,,,,,,,,,,,,,,,,,,,,,,,,,,,,,,,,,,,,,,,,,,,,,,,,,,,,,,,,,,,,,,,,,,,,,,,,,,,,,,,,,,,,,,,,,,,,,,,,,,,,,,,,,,,,,,,,,,,,,,,,,,,,,,
1764669112.753679,54771,0,4360.769043,4379.871582,4500.128418,4526.922852,4388.974121,4495.128418,4522.307617,4381.666504,4555.512695,4365.384766,4484.871582,4495.256348,4551.410156,4379.615234,4371.666504,4500.128418,4521.153809,4520.512695,4510.384766,4381.410156,4402.179688,4550.512695,4495.384766,4480.897461,4419.615234,4590.384766,4389.871582,4542.563965,4495.897461,4395.384766,4537.94873,4512.692383,2753,0,5,512,56951,,,,0,4,4,4,4,4,4,4,4,4,4,4,4,4,4,4,4,4,4,4,4,4,4,4,4,4,4,4,4,4,4,4,4,100,,,,,,,,,,,,,,,,,,,,,,,,,,,,,,,,,,,,,,,,,,,,,,,,,,,,,,,,,,,,,,,,,,,,,,,,,,,,,,,,,,,,,,,,,,,,,,,,,,,,,,,,,,,,,,,,,,,,,,,,,,,,,,,,,,,,,,,,,,,,,,,,,,,,,,,,,,,,,,,,,,,,,,,,,,,,,,,,,,,,,,,,,,,,,,,,,,,,,,,,,,,,,,
1764669112.757585,54772,0,4363.846191,4381.666504,4513.846191,4530.897461,4390.641113,4497.179688,4520.897461,4377.692383,4559.358887,4383.589844,4482.436035,4498.333496,4547.436035,4379.615234,4370.256348,4486.282227,4523.461426,4515.256348,4509.743652,4383.333496,4406.794922,4557.692383,4496.282227,4489.871582,4419.102539,4595.769043,4390.384766,4545.512695,4498.461426,4400.384766,4543.205078,4510.769043,2603,0,5,768,56959,,,,0,4,4,4,4,4,4,4,4,4,4,4,4,4,4,4,4,4,4,4,4,4,4,4,4,4,4,4,4,4,4,4,4,100,,,,,,,,,,,,,,,,,,,,,,,,,,,,,,,,,,,,,,,,,,,,,,,,,,,,,,,,,,,,,,,,,,,,,,,,,,,,,,,,,,,,,,,,,,,,,,,,,,,,,,,,,,,,,,,,,,,,,,,,,,,,,,,,,,,,,,,,,,,,,,,,,,,,,,,,,,,,,,,,,,,,,,,,,,,,,,,,,,,,,,,,,,,,,,,,,,,,,,,,,,,,,,
1764669112.761491,54773,0,4367.05127,4382.692383,4517.820313,4531.666504,4392.179688,4498.077148,4519.102539,4370.256348,4564.743652,4409.230957,4485.512695,4501.794922,4548.077148,4383.717773,4376.794922,4483.846191,4528.974121,4515.641113,4510.256348,4387.307617,4406.922852,4566.794922,4499.230957,4500.128418,4415.384766,4599.358887,4393.077148,4550.384766,4501.666504,4405.641113,4545.512695,4508.077148,2827,0,5,768,56959,,,,0,4,4,4,4,4,4,4,4,4,4,4,4,4,4,4,4,4,4,4,4,4,4,4,4,4,4,4,4,4,4,4,4,100,,,,,,,,,,,,,,,,,,,,,,,,,,,,,,,,,,,13693,0,0.645716,-0.320068,-0.29895,0.625488,0.996704,0.013185,0.033696,14.666667,35.333332,-24.5,,,,,,,,,,,,,,,,,,,,,,,,,,,,,,,,,,,,,,,,,,,,,,,,,,,,,,,,,,,,,,,,,,,,,,,,,,,,,,,,,,,,,,,,,,,,,,,,,,,,,,,,,,,,,,,,,,,,,,,,,,,,,,,,,,,,,,,,,,,,,,,,,,,,,,,,,,,,,,,,
1764669112.765397,54774,0,4371.794922,4385.641113,4509.230957,4531.282227,4398.974121,4499.743652,4521.794922,4367.307617,4572.05127,4427.692383,4494.871582,4508.333496,4555.384766,4390.512695,4387.436035,4492.94873,4536.794922,4521.538574,4511.922852,4392.820313,4403.461426,4575.256348,4505.641113,4509.487305,4414.743652,4602.307617,4399.743652,4558.205078,4506.538574,4411.794922,4545.384766,4506.282227,2936,0,5,1024,56967,,,,0,4,4,4,4,4,4,4,4,4,4,4,4,4,4,4,4,4,4,4,4,4,4,4,4,4,4,4,4,4,4,4,4,100,,,,,,,,,,,,,,,,,,,,,,,,,,,,,,,,,,,,,,,,,,,,,,,,,,,,,,,,,,,,,,,,,,,,,,,,,,,,,,,,,,,,,,,,,,,,,,,,,,,,,,,,,,,,,,,,,,,,,,,,,,,,,,,,,,,,,,,,,,,,,,,,,,,,,,,,,,,,,,,,,,,,,,,,,,,,,,,,,,,,,,,,,,,,,,,,,,,,,,,,,,,,,,
1764669112.769303,54775,0,4379.615234,4392.436035,4495.769043,4534.230957,4412.307617,4505.512695,4531.922852,4376.025879,4580.384766,4428.717773,4508.333496,4519.615234,4568.333496,4397.179688,4396.922852,4506.922852,4546.025879,4531.410156,4515.384766,4398.589844,4399.615234,4582.692383,4515.641113,4517.94873,4419.102539,4607.05127,4411.025879,4569.487305,4513.589844,4420.128418,4546.410156,4506.666504,2860,0,5,1024,56967,,,,0,4,4,4,4,4,4,4,4,4,4,4,4,4,4,4,4,4,4,4,4,4,4,4,4,4,4,4,4,4,4,4,4,100,,,,,,,,,,,,,,,,,,,,,,,,,,,,,,,,,,,,,,,,,,,,,,,,,,,,,,,,,,,,,,,,,,,,,,,,,,,,,,,,,,,,,,,,,,,,,,,,,,,,,,,,,,,,,,,,,,,,,,,,,,,,,,,,,,,,,,,,,,,,,,,,,,,,,,,,,,,,,,,,,,,,,,,,,,,,,,,,,,,,,,,,,,,,,,,,,,,,,,,,,,,,,,
1764669112.773209,54776,0,4389.230957,4402.179688,4489.487305,4541.922852,4427.05127,4516.282227,4547.179688,4395,4587.692383,4415,4520.512695,4533.205078,4583.333496,4401.538574,4401.794922,4517.94873,4555.256348,4541.922852,4520.128418,4402.307617,4399.102539,4589.358887,4526.666504,4524.871582,4424.358887,4614.102539,4424.102539,4582.307617,4521.538574,4430.512695,4551.025879,4510,2729,0,5,1280,56974,,,,0,4,4,4,4,4,4,4,4,4,4,4,4,4,4,4,4,4,4,4,4,4,4,4,4,4,4,4,4,4,4,4,4,100,,,,,,,,,,,,,,,,,,,,,,,,,,,,,,,,,,,,,,,,,,,,,,,1.761948,2.394016,5.484198,1.022547,1.078811,7.039813,2.72315,5.478554,1.008557,1.452731,38.127972,3.212211,5.104079,4.863522,2.718879,7.396513,2.758194,5.893515,1.416528,1.551641,6.569356,2.027034,5.607257,1.417181,1.970134,2.712642,1.969778,5.01727,0.934161,1.110635,1.863908,2.41221,5.931044,0.88296,1.148816,2.937084,1.861149,5.682111,0.978853,1.533956,1.58164,1.731738,5.378908,1.079285,1.110751,0.790117,3.481877,7.304409,2.985149,3.73064,0.68531,1.285925,2.969304,1.072589,1.004035,2.008378,2.000327,4.793223,1.008923,1.034755,0.559336,1.157862,3.86025,1.039541,1.026838,0.540108,0.530903,1.821935,0.526787,0.690697,0.962939,1.357805,2.71999,1.294519,1.128277,0.747291,1.241012,4.088371,2.083827,1.515515,1.662064,2.667405,5.774443,1.316767,1.337692,1.382254,2.065804,5.526784,2.466879,2.085062,0.865042,1.469498,3.762225,1.629551,1.460219,0.495374,2.225805,3.80911,1.256246,1.224298,0.853673,2.446532,2.727198,1.772568,1.362066,1.336653,2.75197,5.152093,1.145385,1.522612,1.420041,2.69448,3.993022,1.020187,1.114779,0.81209,2.587243,4.765632,1.185862,1.403475,2.067123,2.874158,12.044544,7.113865,8.164689,0.79986,1.748802,3.935469,1.049643,1.388616,1.537379,2.628999,5.146614,1.27538,1.693377,1.180887,2.880487,6.231142,1.189262,1.354594,0.950859,1.005649,2.597689,0.601338,0.602294,6.629128,1.967929,4.67253,1.615152,1.981665,3.277615,3.248264,6.538842,1.740968,2.361558,47.523235,6.346737,6.681182,5.061124,3.38542
1764669112.777115,54777,0,4397.307617,4411.153809,4496.538574,4551.538574,4435.641113,4528.461426,4560.512695,4413.846191,4591.794922,4400.128418,4526.410156,4543.333496,4594.487305,4403.077148,4402.692383,4522.563965,4563.205078,4549.102539,4525.128418,4402.94873,4403.205078,4593.717773,4534.487305,4528.461426,4424.230957,4620.384766,4433.846191,4592.692383,4527.563965,4439.743652,4558.717773,4515.769043,2892,0,5,1280,56974,,,,0,4,4,4,4,4,4,4,4,4,4,4,4,4,4,4,4,4,4,4,4,4,4,4,4,4,4,4,4,4,4,4,4,100,,,,,,,,,,,,,,,,,,,,,,,,,,,,,,,,,,,13694,0,0.644682,-0.320923,-0.2995,0.625854,0.999145,0.016115,0.025882,16.333334,39,-24.166666,,,,,,,,,,,,,,,,,,,,,,,,,,,,,,,,,,,,,,,,,,,,,,,,,,,,,,,,,,,,,,,,,,,,,,,,,,,,,,,,,,,,,,,,,,,,,,,,,,,,,,,,,,,,,,,,,,,,,,,,,,,,,,,,,,,,,,,,,,,,,,,,,,,,,,,,,,,,,,,,
1764669112.781021,54778,0,4400.512695,4415.256348,4512.05127,4556.922852,4433.846191,4536.153809,4565.769043,4421.666504,4591.025879,4397.692383,4523.974121,4545.384766,4597.563965,4402.94873,4402.692383,4522.179688,4567.563965,4551.410156,4528.461426,4401.666504,4409.871582,4593.846191,4536.153809,4526.538574,4416.410156,4621.282227,4435.384766,4596.666504,4529.358887,4442.820313,4565.641113,4522.307617,1826,0,5,1536,56982,,,,0,4,4,4,4,4,4,4,4,4,4,4,4,4,4,4,4,4,4,4,4,4,4,4,4,4,4,4,4,4,4,4,4,100,,,,,,,,,,,,,,,,,,,,,,,,,,,,,,,,,,,,,,,,,,,,,,,,,,,,,,,,,,,,,,,,,,,,,,,,,,,,,,,,,,,,,,,,,,,,,,,,,,,,,,,,,,,,,,,,,,,,,,,,,,,,,,,,,,,,,,,,,,,,,,,,,,,,,,,,,,,,,,,,,,,,,,,,,,,,,,,,,,,,,,,,,,,,,,,,,,,,,,,,,,,,,,
1764669112.784927,54779,0,4398.333496,4412.179688,4524.743652,4553.717773,4423.461426,4535.256348,4561.282227,4414.615234,4585,4409.487305,4515.128418,4538.974121,4592.179688,4402.307617,4403.077148,4520.128418,4566.666504,4549.743652,4528.846191,4399.743652,4414.487305,4589.102539,4531.794922,4518.846191,4404.487305,4614.358887,4427.563965,4592.05127,4526.282227,4436.025879,4567.436035,4525.897461,2457,0,5,1536,56982,,,,0,4,4,4,4,4,4,4,4,4,4,4,4,4,4,4,4,4,4,4,4,4,4,4,4,4,4,4,4,4,4,4,4,100,,,,,,,,,,,,,,,,,,,,,,,,,,,,,,,,,,,,,,,,,,,,,,,,,,,,,,,,,,,,,,,,,,,,,,,,,,,,,,,,,,,,,,,,,,,,,,,,,,,,,,,,,,,,,,,,,,,,,,,,,,,,,,,,,,,,,,,,,,,,,,,,,,,,,,,,,,,,,,,,,,,,,,,,,,,,,,,,,,,,,,,,,,,,,,,,,,,,,,,,,,,,,,
1764669112.788833,54780,0,4392.820313,4403.461426,4526.282227,4542.563965,4411.153809,4527.307617,4550.641113,4398.974121,4575.256348,4424.743652,4504.102539,4528.461426,4582.179688,4401.025879,4401.922852,4518.205078,4560.897461,4546.282227,4526.153809,4397.436035,4412.692383,4581.922852,4524.230957,4508.077148,4394.871582,4602.436035,4413.974121,4581.922852,4520,4421.538574,4562.05127,4523.077148,2644,0,5,1792,56990,,,,0,4,4,4,4,4,4,4,4,4,4,4,4,4,4,4,4,4,4,4,4,4,4,4,4,4,4,4,4,4,4,4,4,100,,,,,,,,,,,,,,,,,,,,,,,,,,,,,,,,,,,,,,,,,,,,,,,,,,,,,,,,,,,,,,,,,,,,,,,,,,,,,,,,,,,,,,,,,,,,,,,,,,,,,,,,,,,,,,,,,,,,,,,,,,,,,,,,,,,,,,,,,,,,,,,,,,,,,,,,,,,,,,,,,,,,,,,,,,,,,,,,,,,,,,,,,,,,,,,,,,,,,,,,,,,,,,
1764669112.792739,54781,0,4388.205078,4394.358887,4517.563965,4530.512695,4403.205078,4518.333496,4540.897461,4385.512695,4565.128418,4431.282227,4496.025879,4520.128418,4573.717773,4398.974121,4396.538574,4516.025879,4553.974121,4543.205078,4521.794922,4394.102539,4404.230957,4576.666504,4518.077148,4500,4393.077148,4592.307617,4401.153809,4572.307617,4514.230957,4406.794922,4551.538574,4514.230957,2488,0,5,1792,56990,,,,0,4,4,4,4,4,4,4,4,4,4,4,4,4,4,4,4,4,4,4,4,4,4,4,4,4,4,4,4,4,4,4,4,100,,,,,,,,,,,,,,,,,,,,,,,,,,,,,,,,,,,13695,0,0.64421,-0.321167,-0.299744,0.626099,1.005494,0.007325,0.020999,16.666666,39.333332,-25,,,,,,,,,,,,,,,,,,,,,,,,,,,,,,,,,,,,,,,,,,,,,,,,,,,,,,,,,,,,,,,,,,,,,,,,,,,,,,,,,,,,,,,,,,,,,,,,,,,,,,,,,,,,,,,,,,,,,,,,,,,,,,,,,,,,,,,,,,,,,,,,,,,,,,,,,,,,,,,,
1764669112.796645,54782,0,4387.820313,4390.256348,4506.025879,4525.512695,4402.692383,4515.128418,4536.922852,4381.666504,4558.333496,4424.102539,4494.102539,4517.563965,4571.153809,4397.436035,4388.333496,4513.461426,4550.256348,4541.922852,4518.333496,4390.128418,4393.461426,4576.282227,4516.666504,4498.589844,4400.641113,4589.615234,4394.487305,4567.94873,4511.922852,4399.743652,4540.641113,4504.615234,2746,0,5,2048,56998,,,,0,4,4,4,4,4,4,4,4,4,4,4,4,4,4,4,4,4,4,4,4,4,4,4,4,4,4,4,4,4,4,4,4,100,,,,,,,,,,,,,,,,,,,,,,,,,,,,,,,,,,,,,,,,,,,,,,,,,,,,,,,,,,,,,,,,,,,,,,,,,,,,,,,,,,,,,,,,,,,,,,,,,,,,,,,,,,,,,,,,,,,,,,,,,,,,,,,,,,,,,,,,,,,,,,,,,,,,,,,,,,,,,,,,,,,,,,,,,,,,,,,,,,,,,,,,,,,,,,,,,,,,,,,,,,,,,,
1764669112.800551,54783,0,4391.025879,4392.436035,4499.102539,4528.846191,4407.179688,4518.846191,4539.102539,4386.794922,4556.282227,4407.436035,4497.436035,4520,4574.487305,4397.692383,4382.05127,4512.05127,4551.410156,4543.077148,4517.436035,4387.436035,4386.282227,4580.128418,4520.128418,4503.717773,4413.077148,4594.230957,4394.487305,4569.102539,4512.94873,4402.05127,4533.461426,4499.871582,2756,0,5,2048,56998,,,,0,4,4,4,4,4,4,4,4,4,4,4,4,4,4,4,4,4,4,4,4,4,4,4,4,4,4,4,4,4,4,4,4,100,,,,,,,,,,,,,,,,,,,,,,,,,,,,,,,,,,,,,,,,,,,,,,,,,,,,,,,,,,,,,,,,,,,,,,,,,,,,,,,,,,,,,,,,,,,,,,,,,,,,,,,,,,,,,,,,,,,,,,,,,,,,,,,,,,,,,,,,,,,,,,,,,,,,,,,,,,,,,,,,,,,,,,,,,,,,,,,,,,,,,,,,,,,,,,,,,,,,,,,,,,,,,,
1764669112.804457,54784,0,4394.102539,4397.820313,4497.820313,4534.487305,4411.922852,4525.256348,4543.333496,4393.333496,4557.307617,4389.230957,4501.666504,4522.820313,4580.256348,4399.230957,4382.05127,4513.205078,4555.512695,4546.410156,4519.230957,4387.179688,4386.153809,4583.461426,4525.256348,4510.128418,4423.205078,4600,4397.05127,4572.05127,4514.871582,4408.205078,4530,4502.179688,2812,0,5,2304,57006,,,,0,4,4,4,4,4,4,4,4,4,4,4,4,4,4,4,4,4,4,4,4,4,4,4,4,4,4,4,4,4,4,4,4,100,,,,,,,,,,,,,,,,,,,,,,,,,,,,,,,,,,,,,,,,,,,,,,,,,,,,,,,,,,,,,,,,,,,,,,,,,,,,,,,,,,,,,,,,,,,,,,,,,,,,,,,,,,,,,,,,,,,,,,,,,,,,,,,,,,,,,,,,,,,,,,,,,,,,,,,,,,,,,,,,,,,,,,,,,,,,,,,,,,,,,,,,,,,,,,,,,,,,,,,,,,,,,,
1764669112.808363,54785,0,4393.205078,4400.897461,4496.794922,4534.487305,4413.461426,4528.205078,4545.256348,4393.974121,4558.717773,4376.025879,4502.820313,4522.05127,4583.846191,4400.256348,4387.307617,4516.153809,4557.94873,4549.358887,4521.922852,4388.717773,4391.538574,4581.666504,4527.307617,4511.794922,4424.487305,4600.512695,4397.436035,4571.666504,4514.871582,4410.384766,4527.436035,4507.692383,2907,0,5,2304,57006,,,,0,4,4,4,4,4,4,4,4,4,4,4,4,4,4,4,4,4,4,4,4,4,4,4,4,4,4,4,4,4,4,4,4,100,,,,,,,,,,,,,,,,,,,,,,,,,,,,,,,,,,,13696,0,0.643851,-0.321228,-0.299683,0.626465,1.005982,0.004883,0.026859,16.666666,37.333332,-25.333334,,,,,,,,,,,,,,,,,,,,,,,,,,,,,,,,,,,,,,,,,,,,,,,,,,,,,,,,,,,,,,,,,,,,,,,,,,,,,,,,,,,,,,,,,,,,,,,,,,,,,,,,,,,,,,,,,,,,,,,,,,,,,,,,,,,,,,,,,,,,,,,,,,,,,,,,,,,,,,,,
1764669112.812269,54786,0,4387.436035,4398.717773,4491.282227,4526.666504,4412.05127,4524.358887,4542.820313,4386.794922,4558.974121,4370.512695,4499.871582,4517.05127,4582.563965,4397.94873,4391.922852,4517.436035,4555.897461,4548.974121,4523.461426,4390.769043,4398.205078,4573.461426,4523.846191,4507.05127,4417.179688,4593.974121,4394.230957,4566.153809,4512.179688,4405.256348,4523.333496,4510.384766,2693,0,5,2560,57013,,,,0,4,4,4,4,4,4,4,4,4,4,4,4,4,4,4,4,4,4,4,4,4,4,4,4,4,4,4,4,4,4,4,4,100,,,,,,,,,,,,,,,,,,,,,,,,,,,,,,,,,,,,,,,,,,,,,,,,,,,,,,,,,,,,,,,,,,,,,,,,,,,,,,,,,,,,,,,,,,,,,,,,,,,,,,,,,,,,,,,,,,,,,,,,,,,,,,,,,,,,,,,,,,,,,,,,,,,,,,,,,,,,,,,,,,,,,,,,,,,,,,,,,,,,,,,,,,,,,,,,,,,,,,,,,,,,,,
1764669112.816175,54787,0,4380.769043,4393.461426,4483.846191,4517.307617,4409.743652,4516.153809,4538.205078,4377.05127,4559.102539,4372.692383,4496.153809,4511.025879,4577.692383,4392.179688,4391.282227,4515,4550.128418,4543.717773,4522.179688,4392.692383,4402.692383,4563.333496,4516.666504,4499.358887,4408.205078,4584.615234,4390.512695,4558.589844,4508.717773,4397.820313,4519.871582,4508.461426,2855,0,5,2560,57013,,,,0,4,4,4,4,4,4,4,4,4,4,4,4,4,4,4,4,4,4,4,4,4,4,4,4,4,4,4,4,4,4,4,4,100,,,,,,,,,,,,,,,,,,,,,,,,,,,,,,,,,,,,,,,,,,,,,,,,,,,,,,,,,,,,,,,,,,,,,,,,,,,,,,,,,,,,,,,,,,,,,,,,,,,,,,,,,,,,,,,,,,,,,,,,,,,,,,,,,,,,,,,,,,,,,,,,,,,,,,,,,,,,,,,,,,,,,,,,,,,,,,,,,,,,,,,,,,,,,,,,,,,,,,,,,,,,,,
1764669112.820081,54788,0,4378.333496,4390.384766,4481.794922,4514.871582,4407.94873,4510,4534.358887,4371.538574,4560.897461,4380.769043,4495.512695,4508.205078,4572.563965,4386.282227,4386.922852,4510.769043,4544.615234,4535.769043,4517.820313,4393.846191,4404.743652,4557.307617,4510.384766,4494.487305,4405,4578.846191,4390.641113,4554.230957,4506.922852,4396.153809,4522.307617,4505.128418,2758,0,5,2560,57021,,,,0,4,4,4,4,4,4,4,4,4,4,4,4,4,4,4,4,4,4,4,4,4,4,4,4,4,4,4,4,4,4,4,4,100,,,,,,,,,,,,,,,,,,,,,,,,,,,,,,,,,,,,,,,,,,,,,,,,,,,,,,,,,,,,,,,,,,,,,,,,,,,,,,,,,,,,,,,,,,,,,,,,,,,,,,,,,,,,,,,,,,,,,,,,,,,,,,,,,,,,,,,,,,,,,,,,,,,,,,,,,,,,,,,,,,,,,,,,,,,,,,,,,,,,,,,,,,,,,,,,,,,,,,,,,,,,,,
1764669112.823987,54789,0,4381.666504,4391.666504,4488.205078,4521.666504,4404.102539,4509.743652,4532.94873,4372.820313,4564.615234,4391.025879,4498.333496,4509.487305,4569.871582,4384.487305,4385,4509.102539,4542.179688,4529.615234,4511.410156,4392.820313,4404.230957,4558.589844,4508.205078,4494.358887,4408.333496,4579.615234,4394.871582,4555.256348,4507.94873,4404.102539,4532.692383,4503.846191,2834,0,5,2560,57021,,,,0,4,4,4,4,4,4,4,4,4,4,4,4,4,4,4,4,4,4,4,4,4,4,4,4,4,4,4,4,4,4,4,4,100,,,,,,,,,,,,,,,,,,,,,,,,,,,,,,,,,,,13697,0,0.643399,-0.321472,-0.2995,0.626892,0.996215,-0.00879,0.049322,15,37.833332,-25.833334,,,,,,,,,,,,,,,,,,,,,,,,,,,,,,,,,,,,,,,,,,,,,,,,,,,,,,,,,,,,,,,,,,,,,,,,,,,,,,,,,,,,,,,,,,,,,,,,,,,,,,,,,,,,,,,,,,,,,,,,,,,,,,,,,,,,,,,,,,,,,,,,,,,,,,,,,,,,,,,,
1764669112.827893,54790,0,4386.922852,4395,4496.538574,4531.025879,4395.384766,4513.333496,4532.563965,4377.436035,4568.205078,4399.102539,4501.153809,4511.666504,4569.487305,4387.820313,4390.256348,4513.205078,4542.436035,4529.102539,4506.153809,4387.563965,4400.769043,4565.128418,4509.743652,4496.282227,4411.153809,4583.974121,4399.487305,4559.230957,4510,4416.794922,4545.384766,4503.717773,2811,0,5,2561,57029,,,,0,4,4,4,4,4,4,4,4,4,4,4,4,4,4,4,4,4,4,4,4,4,4,4,4,4,4,4,4,4,4,4,4,100,,,,,,,,,,,,,,,,,,,,,,,,,,,,,,,,,,,,,,,,,,,,,,,,,,,,,,,,,,,,,,,,,,,,,,,,,,,,,,,,,,,,,,,,,,,,,,,,,,,,,,,,,,,,,,,,,,,,,,,,,,,,,,,,,,,,,,,,,,,,,,,,,,,,,,,,,,,,,,,,,,,,,,,,,,,,,,,,,,,,,,,,,,,,,,,,,,,,,,,,,,,,,,
1764669112.831799,54791,0,4388.333496,4395.256348,4496.410156,4532.307617,4383.333496,4515.641113,4530.641113,4379.743652,4569.102539,4402.179688,4500.384766,4510.897461,4569.230957,4393.461426,4401.025879,4522.436035,4543.205078,4535.256348,4505.769043,4379.743652,4393.717773,4571.282227,4511.666504,4496.794922,4406.025879,4586.410156,4399.743652,4560.769043,4510.897461,4425.384766,4549.871582,4500.256348,3002,0,5,2561,57029,,,,0,4,4,4,4,4,4,4,4,4,4,4,4,4,4,4,4,4,4,4,4,4,4,4,4,4,4,4,4,4,4,4,4,100,,,,,,,,,,,,,,,,,,,,,,,,,,,,,,,,,,,,,,,,,,,,,,,,,,,,,,,,,,,,,,,,,,,,,,,,,,,,,,,,,,,,,,,,,,,,,,,,,,,,,,,,,,,,,,,,,,,,,,,,,,,,,,,,,,,,,,,,,,,,,,,,,,,,,,,,,,,,,,,,,,,,,,,,,,,,,,,,,,,,,,,,,,,,,,,,,,,,,,,,,,,,,,
1764669112.835705,54792,0,4383.589844,4390.512695,4483.846191,4520.897461,4373.589844,4512.820313,4526.666504,4377.307617,4565.897461,4399.615234,4495.128418,4505.897461,4567.436035,4396.794922,4409.871582,4531.922852,4542.436035,4544.871582,4511.922852,4373.846191,4385.384766,4572.94873,4511.794922,4495.641113,4392.436035,4583.846191,4394.615234,4557.692383,4509.230957,4423.974121,4540.384766,4491.025879,2899,0,5,2562,57037,,,,0,4,4,4,4,4,4,4,4,4,4,4,4,4,4,4,4,4,4,4,4,4,4,4,4,4,4,4,4,4,4,4,4,100,,,,,,,,,,,,,,,,,,,,,,,,,,,,,,,,,,,,,,,,,,,,,,,,,,,,,,,,,,,,,,,,,,,,,,,,,,,,,,,,,,,,,,,,,,,,,,,,,,,,,,,,,,,,,,,,,,,,,,,,,,,,,,,,,,,,,,,,,,,,,,,,,,,,,,,,,,,,,,,,,,,,,,,,,,,,,,,,,,,,,,,,,,,,,,,,,,,,,,,,,,,,,,
1764669112.839611,54793,0,4375.897461,4382.94873,4466.282227,4502.436035,4371.538574,4506.153809,4522.307617,4372.179688,4559.743652,4392.307617,4488.077148,4499.230957,4564.102539,4394.743652,4409.743652,4535.128418,4539.358887,4551.282227,4520.897461,4373.974121,4379.743652,4569.615234,4509.743652,4494.358887,4378.205078,4578.077148,4387.307617,4552.307617,4505.641113,4413.846191,4521.410156,4480.769043,2773,0,5,2562,57037,,,,0,4,4,4,4,4,4,4,4,4,4,4,4,4,4,4,4,4,4,4,4,4,4,4,4,4,4,4,4,4,4,4,4,100,,,,,,,,,,,,,,,,,,,,,,,,,,,,,,,,,,,13698,0,0.643062,-0.321777,-0.299255,0.627197,1.006471,-0.013674,0.065926,15.833333,37.333332,-24.5,,,,,,,,,,,,,,,,,,,,,,,,,,,,,,,,,,,,,,,,,,,,,,,,,,,,,,,,,,,,,,,,,,,,,,,,,,,,,,,,,,,,,,,,,,,,,,,,,,,,,,,,,,,,,,,,,,,,,,,,,,,,,,,,,,,,,,,,,,,,,,,,,,,,,,,,,,,,,,,,
1764669112.843517,54794,0,4370.769043,4377.436035,4457.307617,4489.871582,4377.436035,4500.128418,4520,4368.333496,4553.205078,4383.717773,4482.436035,4494.615234,4560,4387.436035,4399.871582,4528.333496,4535.256348,4548.717773,4526.153809,4379.743652,4380.384766,4564.102539,4507.563965,4494.871582,4374.102539,4573.717773,4382.692383,4549.358887,4502.307617,4402.179688,4505.769043,4477.820313,2437,0,5,1792,57045,,,,0,4,4,4,4,4,4,4,4,4,4,4,4,4,4,4,4,4,4,4,4,4,4,4,4,4,4,4,4,4,4,4,4,100,,,,,,,,,,,,,,,,,,,,,,,,,,,,,,,,,,,,,,,,,,,,,,,,,,,,,,,,,,,,,,,,,,,,,,,,,,,,,,,,,,,,,,,,,,,,,,,,,,,,,,,,,,,,,,,,,,,,,,,,,,,,,,,,,,,,,,,,,,,,,,,,,,,,,,,,,,,,,,,,,,,,,,,,,,,,,,,,,,,,,,,,,,,,,,,,,,,,,,,,,,,,,,
1764669112.847423,54795,0,4372.179688,4378.589844,4465.769043,4492.563965,4387.436035,4499.230957,4521.153809,4368.205078,4550.256348,4379.102539,4480.769043,4493.846191,4556.410156,4379.358887,4385.769043,4513.589844,4532.820313,4536.282227,4522.820313,4387.05127,4386.794922,4560.384766,4507.94873,4497.307617,4385.128418,4575.512695,4384.102539,4551.922852,4502.05127,4396.794922,4505.256348,4487.307617,2717,0,5,1792,57045,,,,0,4,4,4,4,4,4,4,4,4,4,4,4,4,4,4,4,4,4,4,4,4,4,4,4,4,4,4,4,4,4,4,4,100,,,,,,,,,,,,,,,,,,,,,,,,,,,,,,,,,,,,,,,,,,,,,,,,,,,,,,,,,,,,,,,,,,,,,,,,,,,,,,,,,,,,,,,,,,,,,,,,,,,,,,,,,,,,,,,,,,,,,,,,,,,,,,,,,,,,,,,,,,,,,,,,,,,,,,,,,,,,,,,,,,,,,,,,,,,,,,,,,,,,,,,,,,,,,,,,,,,,,,,,,,,,,,
1764669112.851329,54796,0,4379.871582,4386.922852,4488.205078,4509.743652,4396.922852,4504.358887,4525.384766,4371.538574,4553.077148,4382.820313,4483.077148,4496.538574,4555.128418,4376.025879,4376.025879,4497.05127,4533.974121,4519.615234,4512.179688,4391.538574,4395.641113,4560.641113,4511.666504,4500.641113,4405,4584.358887,4391.666504,4559.615234,4505.641113,4400.897461,4521.794922,4505.897461,2479,0,5,2048,57052,,,,0,4,4,4,4,4,4,4,4,4,4,4,4,4,4,4,4,4,4,4,4,4,4,4,4,4,4,4,4,4,4,4,4,100,,,,,,,,,,,,,,,,,,,,,,,,,,,,,,,,,,,,,,,,,,,,,,,,,,,,,,,,,,,,,,,,,,,,,,,,,,,,,,,,,,,,,,,,,,,,,,,,,,,,,,,,,,,,,,,,,,,,,,,,,,,,,,,,,,,,,,,,,,,,,,,,,,,,,,,,,,,,,,,,,,,,,,,,,,,,,,,,,,,,,,,,,,,,,,,,,,,,,,,,,,,,,,
1764669112.855235,54797,0,4389.487305,4398.461426,4511.538574,4530.641113,4403.589844,4512.94873,4531.025879,4376.282227,4560.256348,4393.333496,4487.179688,4500.512695,4557.307617,4379.487305,4375.256348,4485.128418,4538.461426,4506.922852,4500.769043,4392.307617,4401.538574,4564.102539,4517.05127,4503.717773,4419.743652,4596.153809,4402.692383,4568.717773,4511.410156,4410.512695,4545.897461,4523.589844,2253,0,5,2048,57052,,,,0,4,4,4,4,4,4,4,4,4,4,4,4,4,4,4,4,4,4,4,4,4,4,4,4,4,4,4,4,4,4,4,4,100,,,,,,,,,,,,,,,,,,,,,,,,,,,,,,,,,,,13699,0,0.64264,-0.322327,-0.299316,0.627319,1.006471,-0.013674,0.065926,14.5,38.833332,-23.5,,,,,,,,,,,,,,,,,,,,,,,,,,,,,,,,,,,,,,,,,,,,,,,,,,,,,,,,,,,,,,,,,,,,,,,,,,,,,,,,,,,,,,,,,,,,,,,,,,,,,,,,,,,,,,,,,,,,,,,,,,,,,,,,,,,,,,,,,,,,,,,,,,,,,,,,,,,,,,,,
1764669112.859141,54798,0,4395.641113,4405.897461,4521.794922,4542.692383,4407.179688,4519.871582,4535.769043,4380.256348,4567.436035,4403.077148,4490.384766,4504.102539,4562.307617,4386.410156,4381.025879,4480.256348,4543.717773,4504.358887,4495.256348,4390.512695,4401.025879,4567.692383,4521.025879,4506.025879,4417.307617,4605,4412.820313,4574.871582,4516.025879,4418.333496,4564.230957,4531.025879,2738,0,5,1536,57060,,,,0,4,4,4,4,4,4,4,4,4,4,4,4,4,4,4,4,4,4,4,4,4,4,4,4,4,4,4,4,4,4,4,4,100,,,,,,,,,,,,,,,,,,,,,,,,,,,,,,,,,,,,,,,,,,,,,,,,,,,,,,,,,,,,,,,,,,,,,,,,,,,,,,,,,,,,,,,,,,,,,,,,,,,,,,,,,,,,,,,,,,,,,,,,,,,,,,,,,,,,,,,,,,,,,,,,,,,,,,,,,,,,,,,,,,,,,,,,,,,,,,,,,,,,,,,,,,,,,,,,,,,,,,,,,,,,,,
1764669112.863047,54799,0,4395.256348,4404.871582,4513.846191,4540.641113,4408.205078,4521.666504,4537.820313,4381.922852,4570.897461,4404.871582,4491.410156,4506.153809,4567.820313,4391.153809,4386.538574,4481.666504,4546.794922,4511.025879,4497.820313,4388.846191,4394.615234,4568.717773,4521.282227,4507.05127,4398.589844,4607.179688,4418.205078,4575.897461,4516.922852,4419.871582,4569.102539,4526.794922,2455,0,5,1536,57060,,,,0,4,4,4,4,4,4,4,4,4,4,4,4,4,4,4,4,4,4,4,4,4,4,4,4,4,4,4,4,4,4,4,4,100,,,,,,,,,,,,,,,,,,,,,,,,,,,,,,,,,,,,,,,,,,,,,,,,,,,,,,,,,,,,,,,,,,,,,,,,,,,,,,,,,,,,,,,,,,,,,,,,,,,,,,,,,,,,,,,,,,,,,,,,,,,,,,,,,,,,,,,,,,,,,,,,,,,,,,,,,,,,,,,,,,,,,,,,,,,,,,,,,,,,,,,,,,,,,,,,,,,,,,,,,,,,,,
1764669112.866953,54800,0,4390,4397.179688,4495.512695,4529.743652,4406.922852,4519.102539,4537.05127,4382.05127,4571.410156,4398.205078,4490.769043,4506.922852,4571.282227,4390.512695,4387.307617,4487.179688,4547.05127,4521.538574,4505.384766,4389.358887,4386.666504,4566.538574,4518.589844,4507.307617,4378.461426,4604.230957,4418.205078,4572.94873,4514.487305,4416.666504,4562.436035,4517.692383,2893,0,5,768,57068,,,,0,4,4,4,4,4,4,4,4,4,4,4,4,4,4,4,4,4,4,4,4,4,4,4,4,4,4,4,4,4,4,4,4,100,,,,,,,,,,,,,,,,,,,,,,,,,,,,,,,,,,,,,,,,,,,,,,,,,,,,,,,,,,,,,,,,,,,,,,,,,,,,,,,,,,,,,,,,,,,,,,,,,,,,,,,,,,,,,,,,,,,,,,,,,,,,,,,,,,,,,,,,,,,,,,,,,,,,,,,,,,,,,,,,,,,,,,,,,,,,,,,,,,,,,,,,,,,,,,,,,,,,,,,,,,,,,,
1764669112.870859,54801,0,4384.871582,4390.128418,4481.282227,4521.025879,4404.743652,4515.769043,4536.025879,4382.94873,4572.307617,4389.487305,4490.384766,4507.563965,4572.05127,4386.666504,4385.512695,4495.641113,4546.153809,4530.384766,4513.077148,4392.307617,4382.179688,4563.205078,4516.282227,4507.436035,4374.871582,4601.410156,4414.487305,4569.743652,4511.410156,4413.974121,4553.461426,4512.179688,2962,0,5,768,57068,,,,0,4,4,4,4,4,4,4,4,4,4,4,4,4,4,4,4,4,4,4,4,4,4,4,4,4,4,4,4,4,4,4,4,100,,,,,,,,,,,,,,,,,,,,,,,,,,,,,,,,,,,13700,0,0.641497,-0.323608,-0.299744,0.627625,0.975217,-0.007325,0.02051,15.666667,38,-23.833334,,,,,,,,,,,,,,,,,,,,,,,,,,,,,,,,,,,,,,,,,,,,,,,,,,,,,,,,,,,,,,,,,,,,,,,,,,,,,,,,,,,,,,,,,,,,,,,,,,,,,,,,,,,,,,,,,,,,,,,,,,,,,,,,,,,,,,,,,,,,,,,,,,,,,,,,,,,,,,,,
1764669112.874765,54802,0,4384.230957,4390.641113,4482.436035,4522.436035,4404.102539,4515.769043,4537.307617,4387.05127,4576.282227,4385.512695,4491.666504,4509.358887,4571.282227,4385,4386.666504,4505.897461,4546.153809,4536.666504,4517.563965,4396.282227,4384.615234,4561.538574,4517.436035,4508.461426,4395,4603.077148,4411.025879,4568.717773,4510.384766,4416.153809,4551.410156,4514.743652,1790,0,5,1024,57076,,,,0,4,4,4,4,4,4,4,4,4,4,4,4,4,4,4,4,4,4,4,4,4,4,4,4,4,4,4,4,4,4,4,4,100,,,,,,,,,,,,,,,,,,,,,,,,,,,,,,,,,,,,,,,,,,,,,,,,,,,,,,,,,,,,,,,,,,,,,,,,,,,,,,,,,,,,,,,,,,,,,,,,,,,,,,,,,,,,,,,,,,,,,,,,,,,,,,,,,,,,,,,,,,,,,,,,,,,,,,,,,,,,,,,,,,,,,,,,,,,,,,,,,,,,,,,,,,,,,,,,,,,,,,,,,,,,,,
1764669112.878671,54803,0,4388.974121,4399.487305,4499.615234,4534.230957,4406.538574,4520.384766,4542.307617,4394.358887,4582.307617,4387.820313,4494.871582,4512.820313,4571.666504,4389.615234,4393.717773,4515.769043,4548.077148,4542.307617,4519.743652,4399.358887,4392.94873,4563.333496,4522.692383,4511.153809,4429.487305,4609.871582,4411.153809,4571.025879,4512.563965,4423.461426,4558.589844,4522.692383,2752,0,5,1024,57076,,,,0,4,4,4,4,4,4,4,4,4,4,4,4,4,4,4,4,4,4,4,4,4,4,4,4,4,4,4,4,4,4,4,4,100,,,,,,,,,,,,,,,,,,,,,,,,,,,,,,,,,,,,,,,,,,,,,,,,,,,,,,,,,,,,,,,,,,,,,,,,,,,,,,,,,,,,,,,,,,,,,,,,,,,,,,,,,,,,,,,,,,,,,,,,,,,,,,,,,,,,,,,,,,,,,,,,,,,,,,,,,,,,,,,,,,,,,,,,,,,,,,,,,,,,,,,,,,,,,,,,,,,,,,,,,,,,,,
1764669112.882577,54804,0,4395.641113,4411.153809,4522.820313,4549.743652,4411.282227,4527.692383,4549.102539,4401.922852,4588.205078,4393.974121,4499.102539,4517.179688,4574.615234,4399.615234,4404.102539,4521.922852,4551.666504,4548.205078,4521.410156,4400.384766,4403.589844,4568.717773,4529.615234,4515.769043,4460.256348,4617.820313,4415.512695,4575.128418,4516.794922,4431.794922,4569.743652,4530.897461,2604,0,5,1280,57084,,,,0,4,4,4,4,4,4,4,4,4,4,4,4,4,4,4,4,4,4,4,4,4,4,4,4,4,4,4,4,4,4,4,4,100,,,,,,,,,,,,,,,,,,,,,,,,,,,,,,,,,,,,,,,,,,,,,,,,,,,,,,,,,,,,,,,,,,,,,,,,,,,,,,,,,,,,,,,,,,,,,,,,,,,,,,,,,,,,,,,,,,,,,,,,,,,,,,,,,,,,,,,,,,,,,,,,,,,,,,,,,,,,,,,,,,,,,,,,,,,,,,,,,,,,,,,,,,,,,,,,,,,,,,,,,,,,,,
1764669112.886483,54805,0,4398.974121,4417.307617,4538.717773,4560.384766,4415.256348,4532.94873,4553.717773,4405.641113,4591.153809,4400.897461,4502.820313,4520.769043,4578.717773,4408.717773,4411.282227,4521.794922,4555.256348,4551.794922,4523.333496,4399.871582,4412.179688,4575.641113,4533.717773,4520.769043,4473.077148,4622.05127,4420.897461,4578.077148,4520.384766,4435.769043,4576.153809,4535.641113,2822,0,5,1280,57084,,,,0,4,4,4,4,4,4,4,4,4,4,4,4,4,4,4,4,4,4,4,4,4,4,4,4,4,4,4,4,4,4,4,4,100,,,,,,,,,,,,,,,,,,,,,,,,,,,,,,,,,,,13701,0,0.641201,-0.323914,-0.300049,0.627625,0.975217,-0.007325,0.02051,16.5,38,-23.5,,,,,,,,,,,,,,,,,,,,,,,,,,,,,,,,,,,,,,,,,,,,,,,,,,,,,,,,,,,,,,,,,,,,,,,,,,,,,,,,,,,,,,,,,,,,,,,,,,,,,,,,,,,,,,,,,,,,,,,,,,,,,,,,,,,,,,,,,,,,,,,,,,,,,,,,,,,,,,,,
1764669112.890390,54806,0,4395,4412.692383,4538.846191,4560,4414.358887,4531.794922,4552.05127,4402.179688,4589.743652,4405.641113,4503.717773,4520,4579.871582,4409.615234,4408.974121,4515.256348,4555.512695,4550,4523.974121,4397.692383,4414.871582,4579.871582,4531.025879,4522.94873,4465.128418,4618.974121,4421.538574,4575.769043,4520.256348,4431.025879,4571.666504,4535.512695,2939,0,5,1536,57092,,,,0,4,4,4,4,4,4,4,4,4,4,4,4,4,4,4,4,4,4,4,4,4,4,4,4,4,4,4,4,4,4,4,4,100,,,,,,,,,,,,,,,,,,,,,,,,,,,,,,,,,,,,,,,,,,,,,,,,,,,,,,,,,,,,,,,,,,,,,,,,,,,,,,,,,,,,,,,,,,,,,,,,,,,,,,,,,,,,,,,,,,,,,,,,,,,,,,,,,,,,,,,,,,,,,,,,,,,,,,,,,,,,,,,,,,,,,,,,,,,,,,,,,,,,,,,,,,,,,,,,,,,,,,,,,,,,,,
1764669112.894296,54807,0,4383.589844,4398.333496,4524.102539,4548.461426,4406.153809,4522.563965,4542.436035,4391.153809,4583.461426,4405.641113,4499.871582,4512.820313,4573.846191,4399.230957,4396.922852,4505.769043,4549.230957,4542.563965,4521.538574,4392.94873,4409.743652,4577.692383,4521.153809,4518.717773,4443.974121,4608.333496,4412.94873,4566.153809,4514.615234,4417.307617,4557.05127,4529.743652,2872,0,5,1536,57092,,,,0,4,4,4,4,4,4,4,4,4,4,4,4,4,4,4,4,4,4,4,4,4,4,4,4,4,4,4,4,4,4,4,4,100,,,,,,,,,,,,,,,,,,,,,,,,,,,,,,,,,,,,,,,,,,,,,,,,,,,,,,,,,,,,,,,,,,,,,,,,,,,,,,,,,,,,,,,,,,,,,,,,,,,,,,,,,,,,,,,,,,,,,,,,,,,,,,,,,,,,,,,,,,,,,,,,,,,,,,,,,,,,,,,,,,,,,,,,,,,,,,,,,,,,,,,,,,,,,,,,,,,,,,,,,,,,,,
1764669112.898202,54808,0,4368.589844,4380.384766,4502.436035,4531.153809,4393.333496,4508.974121,4527.94873,4376.538574,4573.461426,4398.846191,4491.410156,4500.769043,4561.153809,4382.563965,4381.538574,4498.333496,4537.307617,4533.461426,4516.153809,4385.384766,4397.820313,4569.230957,4507.692383,4507.307617,4419.487305,4592.820313,4396.666504,4551.282227,4505.128418,4399.102539,4537.94873,4516.922852,2727,0,5,1792,57099,,,,0,4,4,4,4,4,4,4,4,4,4,4,4,4,4,4,4,4,4,4,4,4,4,4,4,4,4,4,4,4,4,4,4,100,,,,,,,,,,,,,,,,,,,,,,,,,,,,,,,,,,,,,,,,,,,,,,,1.640741,2.22091,4.774112,0.899525,1.055377,9.203475,2.732363,4.574426,0.859393,1.452741,53.804771,4.039562,4.548663,4.361353,2.778654,10.406216,2.851022,5.032735,1.325245,1.543863,8.581684,2.076308,4.49652,1.266641,1.963952,3.258698,2.00314,4.260208,0.815576,1.122566,2.195128,2.679739,5.148837,0.805181,1.213535,4.39029,2.142365,4.827622,0.834201,1.541142,2.091206,1.781191,4.456651,1.140422,1.107961,0.814911,3.083199,7.184101,2.987347,3.359113,0.964185,1.629673,2.641422,1.088896,1.040186,2.120051,1.830967,4.323184,0.927218,1.029513,0.612564,1.246589,3.426152,0.957042,1.074169,0.659764,0.58722,1.408966,0.578408,0.72354,0.994144,1.666745,2.472681,1.284486,1.122898,0.87259,1.336858,4.003008,1.950669,1.528357,1.62813,2.56512,5.25774,1.22867,1.343085,1.587077,2.104318,5.284559,2.204002,2.052829,1.081972,1.328784,3.64289,1.372115,1.363731,0.612351,2.481656,3.99384,1.032092,1.23155,1.136913,2.264927,3.037475,1.348992,1.388296,1.326846,2.756788,4.759035,1.019679,1.542129,1.234887,2.623945,3.653328,0.885258,1.083793,0.871581,2.551009,4.206273,1.041108,1.405552,2.919404,2.98862,13.06856,5.672079,8.059722,0.836543,1.763367,3.442354,0.914498,1.308759,1.885877,2.493517,4.3155,1.129129,1.684437,1.124576,2.830405,5.294658,1.025566,1.297458,1.161818,0.976573,2.222911,0.546232,0.580087,8.575712,2.048272,3.97875,1.587061,2.008823,4.601925,3.287739,5.396963,1.561831,2.436682,67.005363,8.128867,6.074094,5.566189,3.775736
1764669112.902108,54809,0,4356.538574,4367.05127,4483.974121,4515.897461,4382.563965,4497.307617,4515.512695,4363.974121,4563.589844,4386.794922,4481.922852,4488.974121,4547.94873,4369.743652,4371.922852,4496.666504,4524.615234,4527.94873,4510.384766,4377.179688,4383.589844,4558.974121,4496.410156,4492.692383,4399.102539,4577.05127,4379.230957,4537.179688,4496.282227,4384.358887,4521.410156,4498.333496,2891,0,5,1792,57099,,,,0,4,4,4,4,4,4,4,4,4,4,4,4,4,4,4,4,4,4,4,4,4,4,4,4,4,4,4,4,4,4,4,4,100,,,,,,,,,,,,,,,,,,,,,,,,,,,,,,,,,,,13702,0,0.641172,-0.323975,-0.300171,0.627563,0.992797,-0.006837,0.028324,14.166667,39,-25,,,,,,,,,,,,,,,,,,,,,,,,,,,,,,,,,,,,,,,,,,,,,,,,,,,,,,,,,,,,,,,,,,,,,,,,,,,,,,,,,,,,,,,,,,,,,,,,,,,,,,,,,,,,,,,,,,,,,,,,,,,,,,,,,,,,,,,,,,,,,,,,,,,,,,,,,,,,,,,,
1764669112.906014,54810,0,4353.461426,4364.487305,4476.025879,4508.717773,4379.871582,4493.205078,4511.410156,4358.846191,4558.333496,4376.153809,4477.05127,4483.717773,4542.05127,4368.974121,4373.077148,4500.897461,4517.436035,4528.717773,4507.94873,4372.692383,4373.974121,4552.820313,4492.436035,4481.282227,4387.820313,4566.794922,4369.358887,4530.384766,4492.563965,4379.871582,4512.692383,4479.743652,1821,0,5,2048,57107,,,,0,4,4,4,4,4,4,4,4,4,4,4,4,4,4,4,4,4,4,4,4,4,4,4,4,4,4,4,4,4,4,4,4,100,,,,,,,,,,,,,,,,,,,,,,,,,,,,,,,,,,,,,,,,,,,,,,,,,,,,,,,,,,,,,,,,,,,,,,,,,,,,,,,,,,,,,,,,,,,,,,,,,,,,,,,,,,,,,,,,,,,,,,,,,,,,,,,,,,,,,,,,,,,,,,,,,,,,,,,,,,,,,,,,,,,,,,,,,,,,,,,,,,,,,,,,,,,,,,,,,,,,,,,,,,,,,,
1764669112.909920,54811,0,4360.512695,4372.820313,4479.615234,4510.897461,4386.282227,4498.461426,4517.307617,4362.692383,4560.384766,4375.256348,4479.871582,4487.820313,4547.436035,4380.769043,4383.589844,4508.077148,4519.743652,4534.102539,4510.256348,4375.128418,4374.230957,4553.717773,4496.922852,4477.692383,4388.077148,4565.256348,4371.153809,4533.461426,4495.128418,4387.436035,4513.717773,4470.384766,2449,0,5,2048,57107,,,,0,4,4,4,4,4,4,4,4,4,4,4,4,4,4,4,4,4,4,4,4,4,4,4,4,4,4,4,4,4,4,4,4,100,,,,,,,,,,,,,,,,,,,,,,,,,,,,,,,,,,,,,,,,,,,,,,,,,,,,,,,,,,,,,,,,,,,,,,,,,,,,,,,,,,,,,,,,,,,,,,,,,,,,,,,,,,,,,,,,,,,,,,,,,,,,,,,,,,,,,,,,,,,,,,,,,,,,,,,,,,,,,,,,,,,,,,,,,,,,,,,,,,,,,,,,,,,,,,,,,,,,,,,,,,,,,,
1764669112.913826,54812,0,4373.974121,4386.538574,4489.102539,4518.717773,4396.666504,4509.230957,4528.974121,4372.307617,4567.692383,4387.307617,4488.205078,4498.589844,4560.384766,4397.436035,4396.410156,4513.589844,4529.871582,4540.769043,4517.05127,4383.974121,4384.102539,4560.384766,4506.666504,4481.922852,4398.461426,4571.666504,4381.794922,4543.717773,4501.538574,4401.794922,4521.794922,4475.897461,2644,0,5,2304,57115,,,,0,4,4,4,4,4,4,4,4,4,4,4,4,4,4,4,4,4,4,4,4,4,4,4,4,4,4,4,4,4,4,4,4,100,,,,,,,,,,,,,,,,,,,,,,,,,,,,,,,,,,,,,,,,,,,,,,,,,,,,,,,,,,,,,,,,,,,,,,,,,,,,,,,,,,,,,,,,,,,,,,,,,,,,,,,,,,,,,,,,,,,,,,,,,,,,,,,,,,,,,,,,,,,,,,,,,,,,,,,,,,,,,,,,,,,,,,,,,,,,,,,,,,,,,,,,,,,,,,,,,,,,,,,,,,,,,,
1764669112.917732,54813,0,4386.025879,4397.05127,4495.128418,4526.794922,4404.102539,4518.846191,4539.102539,4381.410156,4574.358887,4406.153809,4496.282227,4509.487305,4572.692383,4408.589844,4404.487305,4514.743652,4541.794922,4546.153809,4526.410156,4394.615234,4397.692383,4568.461426,4515.897461,4489.230957,4411.282227,4580.897461,4393.077148,4553.974121,4506.922852,4412.820313,4530.256348,4492.94873,2484,0,5,2304,57115,,,,0,4,4,4,4,4,4,4,4,4,4,4,4,4,4,4,4,4,4,4,4,4,4,4,4,4,4,4,4,4,4,4,4,100,,,,,,,,,,,,,,,,,,,,,,,,,,,,,,,,,,,13703,0,0.641144,-0.324036,-0.300293,0.627502,0.994262,-0.009278,0.028812,16.5,38,-24.666666,,,,,,,,,,,,,,,,,,,,,,,,,,,,,,,,,,,,,,,,,,,,,,,,,,,,,,,,,,,,,,,,,,,,,,,,,,,,,,,,,,,,,,,,,,,,,,,,,,,,,,,,,,,,,,,,,,,,,,,,,,,,,,,,,,,,,,,,,,,,,,,,,,,,,,,,,,,,,,,,
1764669112.921638,54814,0,4389.615234,4398.205078,4491.794922,4530.384766,4404.487305,4520.641113,4541.410156,4383.717773,4574.230957,4418.717773,4499.230957,4513.974121,4576.410156,4408.589844,4404.358887,4512.820313,4548.333496,4550.128418,4535.256348,4401.538574,4406.922852,4573.461426,4519.102539,4494.358887,4415.384766,4585.641113,4396.282227,4556.922852,4507.692383,4412.05127,4531.922852,4509.615234,2751,0,5,2560,57123,,,,0,4,4,4,4,4,4,4,4,4,4,4,4,4,4,4,4,4,4,4,4,4,4,4,4,4,4,4,4,4,4,4,4,100,,,,,,,,,,,,,,,,,,,,,,,,,,,,,,,,,,,,,,,,,,,,,,,,,,,,,,,,,,,,,,,,,,,,,,,,,,,,,,,,,,,,,,,,,,,,,,,,,,,,,,,,,,,,,,,,,,,,,,,,,,,,,,,,,,,,,,,,,,,,,,,,,,,,,,,,,,,,,,,,,,,,,,,,,,,,,,,,,,,,,,,,,,,,,,,,,,,,,,,,,,,,,,
1764669112.925544,54815,0,4382.692383,4389.358887,4481.025879,4527.307617,4398.717773,4512.436035,4534.871582,4377.179688,4565,4414.615234,4495.641113,4510.128418,4570,4400.384766,4398.205078,4511.025879,4546.025879,4552.820313,4539.743652,4400.512695,4405.384766,4572.179688,4514.230957,4493.846191,4403.589844,4581.282227,4388.717773,4550.128418,4502.94873,4398.589844,4524.487305,4513.461426,2759,0,5,2560,57123,,,,0,4,4,4,4,4,4,4,4,4,4,4,4,4,4,4,4,4,4,4,4,4,4,4,4,4,4,4,4,4,4,4,4,100,,,,,,,,,,,,,,,,,,,,,,,,,,,,,,,,,,,,,,,,,,,,,,,,,,,,,,,,,,,,,,,,,,,,,,,,,,,,,,,,,,,,,,,,,,,,,,,,,,,,,,,,,,,,,,,,,,,,,,,,,,,,,,,,,,,,,,,,,,,,,,,,,,,,,,,,,,,,,,,,,,,,,,,,,,,,,,,,,,,,,,,,,,,,,,,,,,,,,,,,,,,,,,
1764669112.929450,54816,0,4369.358887,4376.025879,4471.025879,4519.358887,4390.384766,4498.205078,4523.846191,4365.769043,4550.384766,4394.743652,4489.230957,4500.897461,4558.589844,4392.307617,4392.05127,4511.153809,4536.410156,4553.077148,4536.025879,4391.282227,4392.820313,4564.743652,4503.974121,4487.692383,4378.077148,4569.358887,4374.615234,4537.436035,4494.743652,4380.512695,4512.179688,4501.538574,2815,0,5,2560,57131,,,,0,4,4,4,4,4,4,4,4,4,4,4,4,4,4,4,4,4,4,4,4,4,4,4,4,4,4,4,4,4,4,4,4,100,,,,,,,,,,,,,,,,,,,,,,,,,,,,,,,,,,,,,,,,,,,,,,,,,,,,,,,,,,,,,,,,,,,,,,,,,,,,,,,,,,,,,,,,,,,,,,,,,,,,,,,,,,,,,,,,,,,,,,,,,,,,,,,,,,,,,,,,,,,,,,,,,,,,,,,,,,,,,,,,,,,,,,,,,,,,,,,,,,,,,,,,,,,,,,,,,,,,,,,,,,,,,,
1764669112.933356,54817,0,4358.717773,4366.922852,4470.256348,4513.077148,4383.846191,4486.666504,4516.025879,4357.820313,4539.487305,4371.794922,4485.769043,4493.717773,4551.153809,4391.666504,4391.153809,4512.820313,4525.897461,4549.358887,4523.589844,4378.077148,4375.897461,4554.743652,4495.512695,4479.743652,4351.794922,4557.563965,4363.846191,4527.820313,4488.589844,4370.128418,4503.974121,4484.487305,2919,0,5,2560,57131,,,,0,4,4,4,4,4,4,4,4,4,4,4,4,4,4,4,4,4,4,4,4,4,4,4,4,4,4,4,4,4,4,4,4,100,,,,,,,,,,,,,,,,,,,,,,,,,,,,,,,,,,,13704,0,0.641204,-0.324158,-0.300415,0.627319,0.976193,-0.011232,0.043951,16.5,38,-24.666666,,,,,,,,,,,,,,,,,,,,,,,,,,,,,,,,,,,,,,,,,,,,,,,,,,,,,,,,,,,,,,,,,,,,,,,,,,,,,,,,,,,,,,,,,,,,,,,,,,,,,,,,,,,,,,,,,,,,,,,,,,,,,,,,,,,,,,,,,,,,,,,,,,,,,,,,,,,,,,,,
1764669112.937262,54818,0,4359.102539,4368.846191,4481.922852,4515.897461,4383.589844,4486.794922,4517.820313,4360.769043,4541.025879,4362.307617,4490.128418,4495.128418,4553.974121,4399.230957,4397.436035,4514.871582,4522.94873,4542.179688,4507.563965,4368.589844,4365,4548.717773,4496.410156,4476.153809,4341.666504,4555.128418,4364.743652,4529.871582,4489.871582,4376.410156,4507.94873,4477.692383,2697,0,5,2561,57138,,,,0,4,4,4,4,4,4,4,4,4,4,4,4,4,4,4,4,4,4,4,4,4,4,4,4,4,4,4,4,4,4,4,4,100,,,,,,,,,,,,,,,,,,,,,,,,,,,,,,,,,,,,,,,,,,,,,,,,,,,,,,,,,,,,,,,,,,,,,,,,,,,,,,,,,,,,,,,,,,,,,,,,,,,,,,,,,,,,,,,,,,,,,,,,,,,,,,,,,,,,,,,,,,,,,,,,,,,,,,,,,,,,,,,,,,,,,,,,,,,,,,,,,,,,,,,,,,,,,,,,,,,,,,,,,,,,,,
1764669112.941168,54819,0,4372.436035,4383.077148,4500.512695,4530.512695,4392.307617,4500.769043,4530.256348,4376.025879,4557.94873,4373.717773,4502.436035,4506.666504,4566.666504,4410.256348,4406.922852,4516.666504,4531.153809,4534.615234,4495.769043,4369.102539,4367.307617,4551.410156,4508.974121,4481.410156,4357.692383,4566.282227,4378.589844,4545.128418,4500.256348,4398.205078,4524.743652,4488.205078,2855,0,5,2561,57138,,,,0,4,4,4,4,4,4,4,4,4,4,4,4,4,4,4,4,4,4,4,4,4,4,4,4,4,4,4,4,4,4,4,4,100,,,,,,,,,,,,,,,,,,,,,,,,,,,,,,,,,,,,,,,,,,,,,,,,,,,,,,,,,,,,,,,,,,,,,,,,,,,,,,,,,,,,,,,,,,,,,,,,,,,,,,,,,,,,,,,,,,,,,,,,,,,,,,,,,,,,,,,,,,,,,,,,,,,,,,,,,,,,,,,,,,,,,,,,,,,,,,,,,,,,,,,,,,,,,,,,,,,,,,,,,,,,,,
1764669112.945074,54820,0,4392.05127,4403.333496,4516.025879,4551.025879,4408.333496,4522.05127,4547.563965,4396.666504,4583.461426,4398.717773,4516.794922,4523.589844,4581.666504,4417.307617,4413.461426,4517.692383,4546.410156,4529.615234,4493.846191,4379.615234,4381.282227,4562.05127,4528.333496,4495.384766,4395.641113,4586.153809,4397.820313,4566.282227,4515.128418,4425.128418,4546.794922,4509.487305,2756,0,5,2562,57146,,,,0,4,4,4,4,4,4,4,4,4,4,4,4,4,4,4,4,4,4,4,4,4,4,4,4,4,4,4,4,4,4,4,4,100,,,,,,,,,,,,,,,,,,,,,,,,,,,,,,,,,,,,,,,,,,,,,,,,,,,,,,,,,,,,,,,,,,,,,,,,,,,,,,,,,,,,,,,,,,,,,,,,,,,,,,,,,,,,,,,,,,,,,,,,,,,,,,,,,,,,,,,,,,,,,,,,,,,,,,,,,,,,,,,,,,,,,,,,,,,,,,,,,,,,,,,,,,,,,,,,,,,,,,,,,,,,,,
1764669112.948980,54821,0,4407.307617,4419.487305,4520.769043,4566.538574,4425,4538.974121,4560.512695,4411.410156,4604.102539,4421.153809,4525.641113,4536.666504,4589.871582,4415.512695,4412.94873,4516.666504,4559.230957,4527.94873,4500.512695,4393.205078,4397.179688,4574.871582,4544.358887,4511.666504,4437.436035,4604.358887,4411.666504,4582.307617,4527.05127,4443.717773,4562.94873,4527.692383,2842,0,5,2562,57146,,,,0,4,4,4,4,4,4,4,4,4,4,4,4,4,4,4,4,4,4,4,4,4,4,4,4,4,4,4,4,4,4,4,4,100,,,,,,,,,,,,,,,,,,,,,,,,,,,,,,,,,,,13705,0,0.641174,-0.324463,-0.300659,0.627075,0.994262,0,0.041997,14.5,37.166668,-23,,,,,,,,,,,,,,,,,,,,,,,,,,,,,,,,,,,,,,,,,,,,,,,,,,,,,,,,,,,,,,,,,,,,,,,,,,,,,,,,,,,,,,,,,,,,,,,,,,,,,,,,,,,,,,,,,,,,,,,,,,,,,,,,,,,,,,,,,,,,,,,,,,,,,,,,,,,,,,,,
1764669112.952886,54822,0,4411.410156,4424.871582,4514.487305,4569.102539,4434.615234,4543.461426,4564.102539,4413.205078,4609.743652,4428.461426,4524.358887,4538.461426,4587.05127,4405.769043,4405.384766,4512.563965,4562.179688,4528.077148,4509.358887,4400.897461,4405.512695,4583.077148,4548.974121,4522.307617,4461.410156,4612.436035,4414.102539,4586.282227,4530.641113,4446.153809,4566.666504,4533.461426,2817,0,5,1792,57154,,,,0,4,4,4,4,4,4,4,4,4,4,4,4,4,4,4,4,4,4,4,4,4,4,4,4,4,4,4,4,4,4,4,4,100,,,,,,,,,,,,,,,,,,,,,,,,,,,,,,,,,,,,,,,,,,,,,,,,,,,,,,,,,,,,,,,,,,,,,,,,,,,,,,,,,,,,,,,,,,,,,,,,,,,,,,,,,,,,,,,,,,,,,,,,,,,,,,,,,,,,,,,,,,,,,,,,,,,,,,,,,,,,,,,,,,,,,,,,,,,,,,,,,,,,,,,,,,,,,,,,,,,,,,,,,,,,,,
1764669112.956792,54823,0,4405.384766,4419.871582,4504.358887,4559.358887,4433.461426,4536.025879,4559.102539,4403.333496,4600.256348,4420.128418,4515.512695,4529.615234,4576.922852,4394.102539,4395,4506.025879,4555.641113,4527.94873,4513.461426,4399.358887,4403.205078,4583.333496,4541.922852,4522.692383,4453.974121,4609.615234,4407.94873,4579.487305,4527.05127,4434.871582,4559.230957,4527.692383,3009,0,5,1792,57154,,,,0,4,4,4,4,4,4,4,4,4,4,4,4,4,4,4,4,4,4,4,4,4,4,4,4,4,4,4,4,4,4,4,4,100,,,,,,,,,,,,,,,,,,,,,,,,,,,,,,,,,,,,,,,,,,,,,,,,,,,,,,,,,,,,,,,,,,,,,,,,,,,,,,,,,,,,,,,,,,,,,,,,,,,,,,,,,,,,,,,,,,,,,,,,,,,,,,,,,,,,,,,,,,,,,,,,,,,,,,,,,,,,,,,,,,,,,,,,,,,,,,,,,,,,,,,,,,,,,,,,,,,,,,,,,,,,,,
1764669112.960698,54824,0,4396.794922,4411.666504,4499.487305,4545.256348,4424.230957,4525.256348,4551.410156,4390.256348,4584.615234,4405,4506.410156,4518.077148,4567.692383,4386.794922,4387.436035,4500.384766,4547.179688,4527.94873,4511.153809,4392.692383,4395.512695,4578.846191,4530.641113,4515.128418,4420,4601.538574,4401.922852,4570.512695,4521.153809,4420,4547.307617,4518.077148,2904,0,5,2048,57162,,,,0,4,4,4,4,4,4,4,4,4,4,4,4,4,4,4,4,4,4,4,4,4,4,4,4,4,4,4,4,4,4,4,4,100,,,,,,,,,,,,,,,,,,,,,,,,,,,,,,,,,,,,,,,,,,,,,,,,,,,,,,,,,,,,,,,,,,,,,,,,,,,,,,,,,,,,,,,,,,,,,,,,,,,,,,,,,,,,,,,,,,,,,,,,,,,,,,,,,,,,,,,,,,,,,,,,,,,,,,,,,,,,,,,,,,,,,,,,,,,,,,,,,,,,,,,,,,,,,,,,,,,,,,,,,,,,,,
1764669112.964604,54825,0,4393.589844,4407.692383,4503.461426,4536.410156,4414.102539,4520.256348,4547.179688,4383.717773,4574.102539,4393.333496,4503.333496,4512.820313,4565.897461,4387.436035,4386.538574,4499.102539,4544.743652,4530.128418,4506.922852,4388.333496,4391.410156,4575.512695,4524.743652,4507.05127,4381.666504,4595.769043,4403.461426,4567.820313,4518.589844,4411.538574,4538.205078,4512.692383,2777,0,5,2048,57162,,,,0,4,4,4,4,4,4,4,4,4,4,4,4,4,4,4,4,4,4,4,4,4,4,4,4,4,4,4,4,4,4,4,4,100,,,,,,,,,,,,,,,,,,,,,,,,,,,,,,,,,,,13706,0,0.641175,-0.324707,-0.300903,0.626831,0.975217,0.010743,0.034672,15,37.333332,-24.5,,,,,,,,,,,,,,,,,,,,,,,,,,,,,,,,,,,,,,,,,,,,,,,,,,,,,,,,,,,,,,,,,,,,,,,,,,,,,,,,,,,,,,,,,,,,,,,,,,,,,,,,,,,,,,,,,,,,,,,,,,,,,,,,,,,,,,,,,,,,,,,,,,,,,,,,,,,,,,,,
1764669112.968510,54826,0,4398.589844,4410.769043,4513.205078,4537.94873,4410,4524.615234,4548.589844,4387.820313,4574.102539,4388.974121,4507.563965,4517.179688,4572.307617,4394.358887,4392.307617,4503.717773,4550.512695,4536.410156,4506.794922,4391.153809,4395.384766,4577.436035,4527.94873,4505,4363.974121,4595.256348,4412.563965,4573.974121,4520.897461,4413.461426,4535.897461,4513.717773,2442,0,5,1792,57170,,,,0,4,4,4,4,4,4,4,4,4,4,4,4,4,4,4,4,4,4,4,4,4,4,4,4,4,4,4,4,4,4,4,4,100,,,,,,,,,,,,,,,,,,,,,,,,,,,,,,,,,,,,,,,,,,,,,,,,,,,,,,,,,,,,,,,,,,,,,,,,,,,,,,,,,,,,,,,,,,,,,,,,,,,,,,,,,,,,,,,,,,,,,,,,,,,,,,,,,,,,,,,,,,,,,,,,,,,,,,,,,,,,,,,,,,,,,,,,,,,,,,,,,,,,,,,,,,,,,,,,,,,,,,,,,,,,,,
1764669112.972416,54827,0,4407.05127,4416.666504,4520.512695,4546.153809,4412.563965,4533.461426,4552.94873,4398.077148,4581.153809,4388.974121,4513.974121,4526.153809,4581.282227,4402.94873,4400.384766,4511.666504,4558.846191,4544.487305,4512.94873,4398.846191,4404.358887,4582.820313,4535.897461,4509.230957,4378.077148,4597.307617,4421.922852,4583.333496,4525.256348,4420.897461,4539.102539,4517.563965,2728,0,5,1792,57170,,,,0,4,4,4,4,4,4,4,4,4,4,4,4,4,4,4,4,4,4,4,4,4,4,4,4,4,4,4,4,4,4,4,4,100,,,,,,,,,,,,,,,,,,,,,,,,,,,,,,,,,,,,,,,,,,,,,,,,,,,,,,,,,,,,,,,,,,,,,,,,,,,,,,,,,,,,,,,,,,,,,,,,,,,,,,,,,,,,,,,,,,,,,,,,,,,,,,,,,,,,,,,,,,,,,,,,,,,,,,,,,,,,,,,,,,,,,,,,,,,,,,,,,,,,,,,,,,,,,,,,,,,,,,,,,,,,,,
1764669112.976322,54828,0,4409.615234,4417.563965,4517.94873,4551.666504,4416.153809,4537.692383,4553.717773,4404.487305,4585.641113,4388.333496,4515.512695,4530.384766,4584.871582,4407.179688,4403.974121,4516.538574,4561.538574,4548.717773,4520.641113,4403.717773,4410.897461,4585.512695,4539.358887,4513.974121,4411.282227,4596.666504,4422.307617,4586.025879,4526.410156,4425.128418,4542.563965,4517.820313,2485,0,5,768,57177,,,,0,4,4,4,4,4,4,4,4,4,4,4,4,4,4,4,4,4,4,4,4,4,4,4,4,4,4,4,4,4,4,4,4,100,,,,,,,,,,,,,,,,,,,,,,,,,,,,,,,,,,,,,,,,,,,,,,,,,,,,,,,,,,,,,,,,,,,,,,,,,,,,,,,,,,,,,,,,,,,,,,,,,,,,,,,,,,,,,,,,,,,,,,,,,,,,,,,,,,,,,,,,,,,,,,,,,,,,,,,,,,,,,,,,,,,,,,,,,,,,,,,,,,,,,,,,,,,,,,,,,,,,,,,,,,,,,,
1764669112.980228,54829,0,4401.025879,4408.846191,4505.128418,4546.153809,4413.333496,4530.512695,4546.794922,4399.871582,4580.512695,4385.384766,4508.333496,4523.846191,4578.974121,4404.487305,4399.487305,4513.589844,4554.230957,4545.128418,4522.94873,4399.871582,4409.615234,4580.128418,4532.94873,4512.692383,4437.563965,4590.256348,4410.769043,4576.794922,4521.538574,4421.153809,4541.922852,4511.410156,2260,0,5,768,57177,,,,0,4,4,4,4,4,4,4,4,4,4,4,4,4,4,4,4,4,4,4,4,4,4,4,4,4,4,4,4,4,4,4,4,100,,,,,,,,,,,,,,,,,,,,,,,,,,,,,,,,,,,13707,0,0.641206,-0.325378,-0.301636,0.626099,0.992309,0.005372,0.029789,14.833333,38,-23,,,,,,,,,,,,,,,,,,,,,,,,,,,,,,,,,,,,,,,,,,,,,,,,,,,,,,,,,,,,,,,,,,,,,,,,,,,,,,,,,,,,,,,,,,,,,,,,,,,,,,,,,,,,,,,,,,,,,,,,,,,,,,,,,,,,,,,,,,,,,,,,,,,,,,,,,,,,,,,,
1764669112.984134,54830,0,4384.615234,4394.230957,4489.487305,4530,4403.333496,4514.487305,4534.358887,4386.025879,4566.666504,4383.461426,4495.641113,4509.487305,4566.410156,4397.05127,4388.974121,4504.230957,4540.384766,4536.153809,4518.589844,4388.461426,4401.794922,4568.589844,4520,4505,4436.282227,4581.153809,4393.205078,4560.128418,4512.94873,4411.153809,4537.05127,4500.897461,2739,0,5,1024,57185,,,,0,4,4,4,4,4,4,4,4,4,4,4,4,4,4,4,4,4,4,4,4,4,4,4,4,4,4,4,4,4,4,4,4,100,,,,,,,,,,,,,,,,,,,,,,,,,,,,,,,,,,,,,,,,,,,,,,,,,,,,,,,,,,,,,,,,,,,,,,,,,,,,,,,,,,,,,,,,,,,,,,,,,,,,,,,,,,,,,,,,,,,,,,,,,,,,,,,,,,,,,,,,,,,,,,,,,,,,,,,,,,,,,,,,,,,,,,,,,,,,,,,,,,,,,,,,,,,,,,,,,,,,,,,,,,,,,,
1764669112.988040,54831,0,4371.025879,4383.846191,4481.922852,4513.333496,4392.820313,4500.384766,4524.102539,4372.94873,4553.461426,4387.436035,4485.897461,4497.563965,4556.025879,4391.282227,4379.615234,4495.897461,4529.871582,4529.615234,4512.820313,4378.333496,4394.487305,4559.615234,4510.897461,4497.692383,4408.589844,4576.153809,4381.282227,4547.820313,4506.666504,4403.589844,4532.692383,4493.846191,2461,0,5,1024,57185,,,,0,4,4,4,4,4,4,4,4,4,4,4,4,4,4,4,4,4,4,4,4,4,4,4,4,4,4,4,4,4,4,4,4,100,,,,,,,,,,,,,,,,,,,,,,,,,,,,,,,,,,,,,,,,,,,,,,,,,,,,,,,,,,,,,,,,,,,,,,,,,,,,,,,,,,,,,,,,,,,,,,,,,,,,,,,,,,,,,,,,,,,,,,,,,,,,,,,,,,,,,,,,,,,,,,,,,,,,,,,,,,,,,,,,,,,,,,,,,,,,,,,,,,,,,,,,,,,,,,,,,,,,,,,,,,,,,,
1764669112.991946,54832,0,4369.871582,4385.897461,4489.230957,4508.589844,4390.128418,4498.717773,4523.461426,4370.897461,4551.538574,4398.461426,4485.769043,4498.077148,4555.512695,4392.692383,4378.461426,4496.025879,4530.897461,4533.333496,4513.461426,4378.589844,4394.871582,4561.922852,4514.102539,4498.461426,4376.666504,4579.871582,4383.461426,4550.128418,4507.94873,4405.384766,4534.358887,4496.538574,2895,0,5,1280,57193,,,,0,4,4,4,4,4,4,4,4,4,4,4,4,4,4,4,4,4,4,4,4,4,4,4,4,4,4,4,4,4,4,4,4,100,,,,,,,,,,,,,,,,,,,,,,,,,,,,,,,,,,,,,,,,,,,,,,,,,,,,,,,,,,,,,,,,,,,,,,,,,,,,,,,,,,,,,,,,,,,,,,,,,,,,,,,,,,,,,,,,,,,,,,,,,,,,,,,,,,,,,,,,,,,,,,,,,,,,,,,,,,,,,,,,,,,,,,,,,,,,,,,,,,,,,,,,,,,,,,,,,,,,,,,,,,,,,,
1764669112.995852,54833,0,4381.666504,4399.230957,4507.436035,4520.128418,4396.666504,4510.512695,4533.333496,4381.538574,4562.692383,4410.897461,4494.487305,4511.282227,4565.512695,4401.282227,4386.282227,4506.410156,4543.333496,4547.436035,4522.820313,4389.871582,4404.102539,4575.769043,4528.333496,4509.102539,4366.282227,4590.769043,4397.94873,4566.538574,4515.897461,4415.769043,4543.205078,4509.102539,2960,0,5,1280,57193,,,,0,4,4,4,4,4,4,4,4,4,4,4,4,4,4,4,4,4,4,4,4,4,4,4,4,4,4,4,4,4,4,4,4,100,,,,,,,,,,,,,,,,,,,,,,,,,,,,,,,,,,,13708,0,0.641298,-0.3255,-0.301941,0.625793,1.005494,0.013185,0.034672,16.833334,38,-24.333334,,,,,,,,,,,,,,,,,,,,,,,,,,,,,,,,,,,,,,,,,,,,,,,,,,,,,,,,,,,,,,,,,,,,,,,,,,,,,,,,,,,,,,,,,,,,,,,,,,,,,,,,,,,,,,,,,,,,,,,,,,,,,,,,,,,,,,,,,,,,,,,,,,,,,,,,,,,,,,,,
1764669112.999758,54834,0,4396.410156,4414.102539,4524.487305,4539.487305,4405.641113,4526.025879,4545.641113,4396.282227,4578.461426,4415.641113,4504.230957,4527.05127,4577.820313,4410.769043,4396.538574,4521.410156,4557.307617,4563.333496,4534.871582,4403.717773,4415.256348,4591.282227,4542.307617,4522.179688,4386.282227,4600.512695,4413.589844,4585.128418,4524.102539,4426.410156,4555,4523.461426,1795,0,5,1536,57201,,,,0,4,4,4,4,4,4,4,4,4,4,4,4,4,4,4,4,4,4,4,4,4,4,4,4,4,4,4,4,4,4,4,4,100,,,,,,,,,,,,,,,,,,,,,,,,,,,,,,,,,,,,,,,,,,,,,,,,,,,,,,,,,,,,,,,,,,,,,,,,,,,,,,,,,,,,,,,,,,,,,,,,,,,,,,,,,,,,,,,,,,,,,,,,,,,,,,,,,,,,,,,,,,,,,,,,,,,,,,,,,,,,,,,,,,,,,,,,,,,,,,,,,,,,,,,,,,,,,,,,,,,,,,,,,,,,,,
1764669113.003664,54835,0,4402.436035,4419.487305,4528.461426,4553.333496,4409.487305,4533.461426,4551.153809,4403.461426,4586.794922,4407.820313,4507.307617,4533.205078,4582.563965,4413.461426,4401.153809,4530.769043,4561.922852,4569.871582,4540.769043,4409.102539,4418.717773,4596.538574,4544.102539,4527.692383,4421.410156,4601.922852,4419.487305,4592.436035,4526.153809,4428.717773,4562.307617,4530.256348,2759,0,5,1536,57201,,,,0,4,4,4,4,4,4,4,4,4,4,4,4,4,4,4,4,4,4,4,4,4,4,4,4,4,4,4,4,4,4,4,4,100,,,,,,,,,,,,,,,,,,,,,,,,,,,,,,,,,,,,,,,,,,,,,,,,,,,,,,,,,,,,,,,,,,,,,,,,,,,,,,,,,,,,,,,,,,,,,,,,,,,,,,,,,,,,,,,,,,,,,,,,,,,,,,,,,,,,,,,,,,,,,,,,,,,,,,,,,,,,,,,,,,,,,,,,,,,,,,,,,,,,,,,,,,,,,,,,,,,,,,,,,,,,,,
1764669113.007570,54836,0,4396.025879,4412.94873,4518.461426,4555.384766,4408.205078,4529.230957,4547.05127,4399.743652,4583.589844,4392.820313,4502.563965,4526.794922,4577.05127,4407.820313,4397.692383,4528.461426,4554.358887,4562.436035,4535.641113,4402.307617,4411.025879,4587.820313,4532.179688,4521.666504,4446.538574,4595.128418,4413.846191,4584.358887,4521.153809,4422.307617,4561.666504,4526.666504,2607,0,5,1792,57209,,,,0,4,4,4,4,4,4,4,4,4,4,4,4,4,4,4,4,4,4,4,4,4,4,4,4,4,4,4,4,4,4,4,4,100,,,,,,,,,,,,,,,,,,,,,,,,,,,,,,,,,,,,,,,,,,,,,,,,,,,,,,,,,,,,,,,,,,,,,,,,,,,,,,,,,,,,,,,,,,,,,,,,,,,,,,,,,,,,,,,,,,,,,,,,,,,,,,,,,,,,,,,,,,,,,,,,,,,,,,,,,,,,,,,,,,,,,,,,,,,,,,,,,,,,,,,,,,,,,,,,,,,,,,,,,,,,,,
1764669113.011476,54837,0,4383.717773,4402.436035,4505.128418,4550.641113,4408.589844,4520.256348,4539.102539,4392.436035,4576.282227,4382.563965,4496.666504,4515.384766,4567.436035,4399.102539,4391.410156,4517.307617,4541.666504,4546.410156,4522.179688,4389.615234,4397.436035,4572.436035,4516.025879,4509.743652,4447.179688,4588.205078,4404.871582,4569.487305,4514.615234,4414.358887,4556.025879,4519.102539,2823,0,5,1792,57209,,,,0,4,4,4,4,4,4,4,4,4,4,4,4,4,4,4,4,4,4,4,4,4,4,4,4,4,4,4,4,4,4,4,4,100,,,,,,,,,,,,,,,,,,,,,,,,,,,,,,,,,,,13709,0,0.641446,-0.325562,-0.301941,0.62561,1.005494,0.013185,0.034672,15.5,36.5,-24.5,,,,,,,,,,,,,,,,,,,,,,,,,,,,,,,,,,,,,,,,,,,,,,,,,,,,,,,,,,,,,,,,,,,,,,,,,,,,,,,,,,,,,,,,,,,,,,,,,,,,,,,,,,,,,,,,,,,,,,,,,,,,,,,,,,,,,,,,,,,,,,,,,,,,,,,,,,,,,,,,
1764669113.015382,54838,0,4375.897461,4397.692383,4500.897461,4548.333496,4415.256348,4516.410156,4535.897461,4392.436035,4575.769043,4386.153809,4496.794922,4508.974121,4562.692383,4393.974121,4389.871582,4505.897461,4533.717773,4533.077148,4508.846191,4380.641113,4386.538574,4561.922852,4507.436035,4501.794922,4428.974121,4588.589844,4401.922852,4559.871582,4512.436035,4412.820313,4551.794922,4516.282227,2931,0,5,2048,57217,,,,0,4,4,4,4,4,4,4,4,4,4,4,4,4,4,4,4,4,4,4,4,4,4,4,4,4,4,4,4,4,4,4,4,100,,,,,,,,,,,,,,,,,,,,,,,,,,,,,,,,,,,,,,,,,,,,,,,,,,,,,,,,,,,,,,,,,,,,,,,,,,,,,,,,,,,,,,,,,,,,,,,,,,,,,,,,,,,,,,,,,,,,,,,,,,,,,,,,,,,,,,,,,,,,,,,,,,,,,,,,,,,,,,,,,,,,,,,,,,,,,,,,,,,,,,,,,,,,,,,,,,,,,,,,,,,,,,
1764669113.019288,54839,0,4376.922852,4401.794922,4509.102539,4551.794922,4424.358887,4521.025879,4540.769043,4403.333496,4585.128418,4400.641113,4503.077148,4511.666504,4565.897461,4395.256348,4395.641113,4502.692383,4535.256348,4530.641113,4503.846191,4380.384766,4383.717773,4562.563965,4510.512695,4502.820313,4411.025879,4596.538574,4407.563965,4561.153809,4515.769043,4418.974121,4552.820313,4521.794922,2863,0,5,2048,57217,,,,0,4,4,4,4,4,4,4,4,4,4,4,4,4,4,4,4,4,4,4,4,4,4,4,4,4,4,4,4,4,4,4,4,100,,,,,,,,,,,,,,,,,,,,,,,,,,,,,,,,,,,,,,,,,,,,,,,,,,,,,,,,,,,,,,,,,,,,,,,,,,,,,,,,,,,,,,,,,,,,,,,,,,,,,,,,,,,,,,,,,,,,,,,,,,,,,,,,,,,,,,,,,,,,,,,,,,,,,,,,,,,,,,,,,,,,,,,,,,,,,,,,,,,,,,,,,,,,,,,,,,,,,,,,,,,,,,
1764669113.023194,54840,0,4383.461426,4409.871582,4521.153809,4556.282227,4427.692383,4529.743652,4549.615234,4419.230957,4596.666504,4414.743652,4510,4519.743652,4572.692383,4399.487305,4403.974121,4508.717773,4542.820313,4539.615234,4510.128418,4387.563965,4388.717773,4571.666504,4519.871582,4510.512695,4409.358887,4605.897461,4416.666504,4569.487305,4520.384766,4427.820313,4557.563965,4531.410156,2717,0,5,2304,57224,,,,0,4,4,4,4,4,4,4,4,4,4,4,4,4,4,4,4,4,4,4,4,4,4,4,4,4,4,4,4,4,4,4,4,100,0.96875,25,4,4,1,4,3,4,4,4,4,1,4,4,4,4,4,4,4,3,4,4,4,4,4,4,1,4,3,4,4,3,3,1,,,,,,,,,,,,,1.821592,2.076702,3.807958,0.857019,1.040155,10.905955,2.836729,3.448486,0.870886,1.475953,64.558632,4.681282,3.905062,4.184894,2.846234,12.770179,2.859184,3.94299,1.396936,1.541632,10.192353,2.119453,3.299655,1.260239,1.963493,3.987771,2.039346,3.298157,0.794391,1.151021,2.717113,2.823457,4.127038,0.850325,1.290505,5.757712,2.357873,3.751908,0.788363,1.532029,2.593964,1.764749,3.423732,1.377229,1.142718,0.97788,2.618513,7.212801,3.071461,3.146261,1.266822,1.868043,2.184803,1.103955,1.076708,2.356113,1.683789,3.657219,0.915899,1.041717,0.759523,1.314511,2.845809,0.892479,1.136412,0.746971,0.650567,1.016311,0.652621,0.77894,1.066489,1.941178,2.151723,1.263054,1.169568,1.073563,1.55397,3.842047,1.795598,1.602437,1.763649,2.489675,4.56992,1.198035,1.373664,1.850265,2.265545,5.011769,1.947079,2.093823,1.319849,1.330362,3.50716,1.140793,1.371272,0.824228,2.737527,4.115256,0.937535,1.267292,1.585118,2.241604,3.321685,1.02466,1.506457,1.493281,2.847616,4.224308,0.982472,1.567725,1.317026,2.670563,3.225846,0.828393,1.082656,1.174615,2.629578,3.612867,1.006518,1.400936,3.796656,3.393519,13.369489,4.650846,7.427433,0.988635,1.890604,2.937504,0.947242,1.225336,2.334726,2.436171,3.279535,1.164763,1.712885,1.336468,2.829994,4.160699,0.962538,1.293224,1.485655,1.004585,1.7423,0.527675,0.572876,10.062512,2.197625,3.230837,1.695798,2.034935,5.804288,3.310328,3.930992,1.619553,2.542587,80.261192,9.367249,5.047252,6.504502,4.157172
1764669113.027100,54841,0,4388.717773,4414.358887,4525.641113,4555.641113,4420.897461,4535.256348,4555.512695,4429.358887,4599.871582,4417.820313,4511.282227,4526.025879,4576.538574,4401.282227,4407.307617,4518.333496,4549.743652,4553.333496,4523.717773,4396.410156,4397.563965,4581.666504,4527.563965,4518.461426,4424.615234,4610,4422.307617,4577.307617,4522.05127,4433.461426,4561.282227,4537.436035,2886,0,5,2304,57224,,,,0,4,4,4,4,4,4,4,4,4,4,4,4,4,4,4,4,4,4,4,4,4,4,4,4,4,4,4,4,4,4,4,4,100,,,,,,,,,,,,,,,,,,,,,,,,,,,,,,,,,,,13710,0,0.641444,-0.325684,-0.301941,0.625549,1.010377,0.00586,0.045904,14,38,-23.5,,,,,,,,,,,,,,,,,,,,,,,,,,,,,,,,,,,,,,,,,,,,,,,,,,,,,,,,,,,,,,,,,,,,,,,,,,,,,,,,,,,,,,,,,,,,,,,,,,,,,,,,,,,,,,,,,,,,,,,,,,,,,,,,,,,,,,,,,,,,,,,,,,,,,,,,,,,,,,,,
1764669113.031006,54842,0,4387.94873,4411.410156,4518.333496,4547.94873,4407.94873,4533.589844,4554.102539,4427.179688,4591.025879,4408.205078,4505.128418,4525.769043,4573.846191,4397.179688,4401.025879,4523.717773,4551.282227,4562.05127,4535.769043,4401.410156,4404.487305,4585.641113,4528.333496,4521.794922,4441.794922,4606.922852,4420.256348,4578.974121,4519.743652,4433.846191,4559.871582,4533.717773,1810,0,5,2560,57232,,,,0,4,4,4,4,4,4,4,4,4,4,4,4,4,4,4,4,4,4,4,4,4,4,4,4,4,4,4,4,4,4,4,4,100,,,,,,,,,,,,,,,,,,,,,,,,,,,,,,,,,,,,,,,,,,,,,,,,,,,,,,,,,,,,,,,,,,,,,,,,,,,,,,,,,,,,,,,,,,,,,,,,,,,,,,,,,,,,,,,,,,,,,,,,,,,,,,,,,,,,,,,,,,,,,,,,,,,,,,,,,,,,,,,,,,,,,,,,,,,,,,,,,,,,,,,,,,,,,,,,,,,,,,,,,,,,,,
1764669113.034912,54843,0,4381.538574,4402.94873,4505,4536.666504,4397.05127,4526.025879,4546.153809,4414.358887,4574.487305,4392.05127,4495.128418,4519.615234,4566.153809,4388.333496,4387.307617,4520.256348,4546.922852,4558.974121,4537.692383,4399.102539,4404.358887,4581.025879,4522.563965,4518.974121,4442.692383,4598.846191,4411.153809,4573.717773,4515.384766,4430.897461,4552.563965,4519.743652,2437,0,5,2560,57232,,,,0,4,4,4,4,4,4,4,4,4,4,4,4,4,4,4,4,4,4,4,4,4,4,4,4,4,4,4,4,4,4,4,4,100,,,,,,,,,,,,,,,,,,,,,,,,,,,,,,,,,,,,,,,,,,,,,,,,,,,,,,,,,,,,,,,,,,,,,,,,,,,,,,,,,,,,,,,,,,,,,,,,,,,,,,,,,,,,,,,,,,,,,,,,,,,,,,,,,,,,,,,,,,,,,,,,,,,,,,,,,,,,,,,,,,,,,,,,,,,,,,,,,,,,,,,,,,,,,,,,,,,,,,,,,,,,,,
1764669113.038818,54844,0,4373.333496,4393.717773,4496.025879,4528.077148,4393.333496,4516.922852,4536.025879,4398.461426,4559.102539,4379.358887,4486.025879,4511.153809,4557.563965,4379.871582,4373.333496,4509.358887,4538.461426,4544.743652,4527.179688,4389.743652,4395.256348,4570.641113,4514.102539,4510.769043,4421.538574,4590.512695,4398.205078,4564.615234,4511.666504,4427.436035,4541.666504,4501.922852,2639,0,5,2048,57240,,,,0,4,4,4,4,4,4,4,4,4,4,4,4,4,4,4,4,4,4,4,4,4,4,4,4,4,4,4,4,4,4,4,4,100,,,,,,,,,,,,,,,,,,,,,,,,,,,,,,,,,,,,,,,,,,,,,,,,,,,,,,,,,,,,,,,,,,,,,,,,,,,,,,,,,,,,,,,,,,,,,,,,,,,,,,,,,,,,,,,,,,,,,,,,,,,,,,,,,,,,,,,,,,,,,,,,,,,,,,,,,,,,,,,,,,,,,,,,,,,,,,,,,,,,,,,,,,,,,,,,,,,,,,,,,,,,,,
1764669113.042724,54845,0,4368.205078,4388.077148,4497.94873,4527.05127,4395.897461,4510.769043,4528.717773,4387.307617,4551.666504,4377.05127,4481.410156,4504.358887,4552.94873,4377.179688,4366.666504,4497.563965,4530.384766,4528.205078,4510.769043,4378.461426,4381.794922,4560.897461,4507.94873,4500.897461,4391.025879,4585.897461,4386.282227,4556.538574,4510.128418,4424.358887,4531.922852,4490.897461,2476,0,5,2048,57240,,,,0,4,4,4,4,4,4,4,4,4,4,4,4,4,4,4,4,4,4,4,4,4,4,4,4,4,4,4,4,4,4,4,4,100,,,,,,,,,,,,,,,,,,,,,,,,,,,,,,,,,,,13711,0,0.641469,-0.325989,-0.302063,0.625305,0.99475,-0.003907,0.050299,16.833334,37.166668,-23.5,,,,,,,,,,,,,,,,,,,,,,,,,,,,,,,,,,,,,,,,,,,,,,,,,,,,,,,,,,,,,,,,,,,,,,,,,,,,,,,,,,,,,,,,,,,,,,,,,,,,,,,,,,,,,,,,,,,,,,,,,,,,,,,,,,,,,,,,,,,,,,,,,,,,,,,,,,,,,,,,
1764669113.046630,54846,0,4368.846191,4387.94873,4508.461426,4534.102539,4399.487305,4509.615234,4527.692383,4384.230957,4553.846191,4385.384766,4481.922852,4502.179688,4555.128418,4382.563965,4370.256348,4492.820313,4527.05127,4520.897461,4500,4373.077148,4373.333496,4557.820313,4507.179688,4494.358887,4371.025879,4586.922852,4380.128418,4553.205078,4510.384766,4420.769043,4528.846191,4494.358887,2745,0,5,1024,57248,,,,0,4,4,4,4,4,4,4,4,4,4,4,4,4,4,4,4,4,4,4,4,4,4,4,4,4,4,4,4,4,4,4,4,100,,,,,,,,,,,,,,,,,,,,,,,,,,,,,,,,,,,,,,,,,,,,,,,,,,,,,,,,,,,,,,,,,,,,,,,,,,,,,,,,,,,,,,,,,,,,,,,,,,,,,,,,,,,,,,,,,,,,,,,,,,,,,,,,,,,,,,,,,,,,,,,,,,,,,,,,,,,,,,,,,,,,,,,,,,,,,,,,,,,,,,,,,,,,,,,,,,,,,,,,,,,,,,
1764669113.050536,54847,0,4374.102539,4391.922852,4518.077148,4544.615234,4399.871582,4513.077148,4532.563965,4387.307617,4562.436035,4398.589844,4486.282227,4505.897461,4563.205078,4393.846191,4381.153809,4498.846191,4531.153809,4529.102539,4502.94873,4378.205078,4376.666504,4563.846191,4511.794922,4494.871582,4372.307617,4591.538574,4381.922852,4555.641113,4511.025879,4416.025879,4534.615234,4510.641113,2752,0,5,1024,57248,,,,0,4,4,4,4,4,4,4,4,4,4,4,4,4,4,4,4,4,4,4,4,4,4,4,4,4,4,4,4,4,4,4,4,100,,,,,,,,,,,,,,,,,,,,,,,,,,,,,,,,,,,,,,,,,,,,,,,,,,,,,,,,,,,,,,,,,,,,,,,,,,,,,,,,,,,,,,,,,,,,,,,,,,,,,,,,,,,,,,,,,,,,,,,,,,,,,,,,,,,,,,,,,,,,,,,,,,,,,,,,,,,,,,,,,,,,,,,,,,,,,,,,,,,,,,,,,,,,,,,,,,,,,,,,,,,,,,
1764669113.054442,54848,0,4380.897461,4397.179688,4518.461426,4551.794922,4397.05127,4518.717773,4540.128418,4391.922852,4572.179688,4408.461426,4492.05127,4514.102539,4573.077148,4405.641113,4393.205078,4512.563965,4541.025879,4548.205078,4517.692383,4392.179688,4390.769043,4575.897461,4519.615234,4502.05127,4388.717773,4596.410156,4390.256348,4561.922852,4511.025879,4411.410156,4545.769043,4531.025879,2803,0,5,1024,57256,,,,0,4,4,4,4,4,4,4,4,4,4,4,4,4,4,4,4,4,4,4,4,4,4,4,4,4,4,4,4,4,4,4,4,100,,,,,,,,,,,,,,,,,,,,,,,,,,,,,,,,,,,,,,,,,,,,,,,,,,,,,,,,,,,,,,,,,,,,,,,,,,,,,,,,,,,,,,,,,,,,,,,,,,,,,,,,,,,,,,,,,,,,,,,,,,,,,,,,,,,,,,,,,,,,,,,,,,,,,,,,,,,,,,,,,,,,,,,,,,,,,,,,,,,,,,,,,,,,,,,,,,,,,,,,,,,,,,
1764669113.058348,54849,0,4386.922852,4402.692383,4509.871582,4552.563965,4396.153809,4524.615234,4547.05127,4396.282227,4580.641113,4411.282227,4498.077148,4523.846191,4580.769043,4413.333496,4401.153809,4526.922852,4552.307617,4566.410156,4534.487305,4407.307617,4407.05127,4588.077148,4527.692383,4512.307617,4405.512695,4598.717773,4401.794922,4569.615234,4511.410156,4409.743652,4556.153809,4546.025879,2905,0,5,1024,57256,,,,0,4,4,4,4,4,4,4,4,4,4,4,4,4,4,4,4,4,4,4,4,4,4,4,4,4,4,4,4,4,4,4,4,100,,,,,,,,,,,,,,,,,,,,,,,,,,,,,,,,,,,13712,0,0.641345,-0.326599,-0.302551,0.624878,0.997192,0.018069,0.041997,16.333334,37.833332,-23.333334,,,,,,,,,,,,,,,,,,,,,,,,,,,,,,,,,,,,,,,,,,,,,,,,,,,,,,,,,,,,,,,,,,,,,,,,,,,,,,,,,,,,,,,,,,,,,,,,,,,,,,,,,,,,,,,,,,,,,,,,,,,,,,,,,,,,,,,,,,,,,,,,,,,,,,,,,,,,,,,,
1764669113.062254,54850,0,4392.05127,4408.846191,4500.769043,4550,4402.563965,4529.871582,4552.179688,4401.922852,4587.692383,4409.743652,4503.717773,4531.666504,4584.615234,4416.025879,4403.461426,4535.769043,4560.128418,4574.358887,4542.692383,4416.794922,4416.410156,4595.128418,4533.333496,4520.769043,4411.666504,4598.205078,4412.94873,4576.922852,4513.717773,4413.077148,4562.05127,4551.666504,2685,0,5,1280,57263,,,,0,4,4,4,4,4,4,4,4,4,4,4,4,4,4,4,4,4,4,4,4,4,4,4,4,4,4,4,4,4,4,4,4,100,,,,,,,,,,,,,,,,,,,,,,,,,,,,,,,,,,,,,,,,,,,,,,,,,,,,,,,,,,,,,,,,,,,,,,,,,,,,,,,,,,,,,,,,,,,,,,,,,,,,,,,,,,,,,,,,,,,,,,,,,,,,,,,,,,,,,,,,,,,,,,,,,,,,,,,,,,,,,,,,,,,,,,,,,,,,,,,,,,,,,,,,,,,,,,,,,,,,,,,,,,,,,,
1764669113.066160,54851,0,4395.256348,4414.743652,4500.128418,4548.589844,4415,4533.205078,4554.871582,4409.358887,4592.563965,4408.846191,4507.563965,4533.589844,4583.974121,4414.487305,4400.897461,4536.153809,4561.025879,4569.102539,4537.692383,4416.922852,4414.487305,4593.589844,4534.358887,4522.563965,4406.410156,4595.128418,4420.256348,4580.897461,4517.820313,4419.358887,4562.94873,4548.205078,2841,0,5,1280,57263,,,,0,4,4,4,4,4,4,4,4,4,4,4,4,4,4,4,4,4,4,4,4,4,4,4,4,4,4,4,4,4,4,4,4,100,,,,,,,,,,,,,,,,,,,,,,,,,,,,,,,,,,,,,,,,,,,,,,,,,,,,,,,,,,,,,,,,,,,,,,,,,,,,,,,,,,,,,,,,,,,,,,,,,,,,,,,,,,,,,,,,,,,,,,,,,,,,,,,,,,,,,,,,,,,,,,,,,,,,,,,,,,,,,,,,,,,,,,,,,,,,,,,,,,,,,,,,,,,,,,,,,,,,,,,,,,,,,,
1764669113.070066,54852,0,4394.487305,4416.410156,4508.077148,4548.717773,4424.743652,4531.538574,4552.94873,4414.487305,4591.666504,4409.615234,4506.794922,4527.05127,4578.205078,4409.615234,4395.384766,4528.717773,4553.846191,4554.615234,4522.692383,4408.461426,4403.461426,4583.333496,4528.461426,4515,4396.153809,4589.487305,4420,4577.692383,4520,4422.94873,4558.717773,4536.922852,2743,0,5,768,57271,,,,0,4,4,4,4,4,4,4,4,4,4,4,4,4,4,4,4,4,4,4,4,4,4,4,4,4,4,4,4,4,4,4,4,100,,,,,,,,,,,,,,,,,,,,,,,,,,,,,,,,,,,,,,,,,,,,,,,,,,,,,,,,,,,,,,,,,,,,,,,,,,,,,,,,,,,,,,,,,,,,,,,,,,,,,,,,,,,,,,,,,,,,,,,,,,,,,,,,,,,,,,,,,,,,,,,,,,,,,,,,,,,,,,,,,,,,,,,,,,,,,,,,,,,,,,,,,,,,,,,,,,,,,,,,,,,,,,
1764669113.073972,54853,0,4388.205078,4410.512695,4517.820313,4546.922852,4423.205078,4523.589844,4545.512695,4412.05127,4582.179688,4409.743652,4500.128418,4514.102539,4568.077148,4402.820313,4389.358887,4516.538574,4541.282227,4538.589844,4506.025879,4395.512695,4390.256348,4568.717773,4517.05127,4500.769043,4388.461426,4582.692383,4411.538574,4566.794922,4517.307617,4419.615234,4550.128418,4521.153809,2828,0,5,768,57271,,,,0,4,4,4,4,4,4,4,4,4,4,4,4,4,4,4,4,4,4,4,4,4,4,4,4,4,4,4,4,4,4,4,4,100,,,,,,,,,,,,,,,,,,,,,,,,,,,,,,,,,,,13713,0,0.641224,-0.326843,-0.302795,0.624756,1.001099,0.012697,0.034672,15.833333,38.5,-23.666666,,,,,,,,,,,,,,,,,,,,,,,,,,,,,,,,,,,,,,,,,,,,,,,,,,,,,,,,,,,,,,,,,,,,,,,,,,,,,,,,,,,,,,,,,,,,,,,,,,,,,,,,,,,,,,,,,,,,,,,,,,,,,,,,,,,,,,,,,,,,,,,,,,,,,,,,,,,,,,,,
1764669113.077878,54854,0,4380,4400.897461,4522.94873,4542.692383,4411.794922,4513.333496,4537.179688,4403.333496,4568.333496,4408.333496,4492.820313,4502.94873,4559.102539,4397.307617,4386.410156,4506.025879,4530.769043,4529.230957,4497.05127,4385.641113,4382.94873,4558.205078,4506.794922,4488.846191,4390.128418,4579.743652,4400,4554.615234,4511.666504,4412.179688,4540.128418,4508.333496,2804,0,5,256,57279,,,,0,4,4,4,4,4,4,4,4,4,4,4,4,4,4,4,4,4,4,4,4,4,4,4,4,4,4,4,4,4,4,4,4,100,,,,,,,,,,,,,,,,,,,,,,,,,,,,,,,,,,,,,,,,,,,,,,,,,,,,,,,,,,,,,,,,,,,,,,,,,,,,,,,,,,,,,,,,,,,,,,,,,,,,,,,,,,,,,,,,,,,,,,,,,,,,,,,,,,,,,,,,,,,,,,,,,,,,,,,,,,,,,,,,,,,,,,,,,,,,,,,,,,,,,,,,,,,,,,,,,,,,,,,,,,,,,,
1764669113.081784,54855,0,4378.461426,4397.94873,4525.512695,4542.436035,4402.563965,4509.358887,4537.307617,4398.077148,4561.666504,4408.846191,4493.974121,4503.846191,4559.871582,4397.820313,4390.512695,4504.102539,4531.794922,4532.692383,4501.282227,4386.538574,4387.563965,4560.641113,4507.94873,4489.871582,4405,4587.179688,4395.769043,4552.563965,4509.358887,4410.256348,4535.769043,4508.461426,2992,0,5,256,57279,,,,0,4,4,4,4,4,4,4,4,4,4,4,4,4,4,4,4,4,4,4,4,4,4,4,4,4,4,4,4,4,4,4,4,100,,,,,,,,,,,,,,,,,,,,,,,,,,,,,,,,,,,,,,,,,,,,,,,,,,,,,,,,,,,,,,,,,,,,,,,,,,,,,,,,,,,,,,,,,,,,,,,,,,,,,,,,,,,,,,,,,,,,,,,,,,,,,,,,,,,,,,,,,,,,,,,,,,,,,,,,,,,,,,,,,,,,,,,,,,,,,,,,,,,,,,,,,,,,,,,,,,,,,,,,,,,,,,
1764669113.085690,54856,0,4389.743652,4409.743652,4532.563965,4552.820313,4408.589844,4518.461426,4551.794922,4407.179688,4571.794922,4414.615234,4508.333496,4520.897461,4575.256348,4405.512695,4402.692383,4514.743652,4548.974121,4549.102539,4516.794922,4400.641113,4403.461426,4578.077148,4525.128418,4508.077148,4430.641113,4606.538574,4406.410156,4567.692383,4515.769043,4421.794922,4543.461426,4525.384766,2894,0,5,512,57287,,,,0,4,4,4,4,4,4,4,4,4,4,4,4,4,4,4,4,4,4,4,4,4,4,4,4,4,4,4,4,4,4,4,4,100,,,,,,,,,,,,,,,,,,,,,,,,,,,,,,,,,,,,,,,,,,,,,,,,,,,,,,,,,,,,,,,,,,,,,,,,,,,,,,,,,,,,,,,,,,,,,,,,,,,,,,,,,,,,,,,,,,,,,,,,,,,,,,,,,,,,,,,,,,,,,,,,,,,,,,,,,,,,,,,,,,,,,,,,,,,,,,,,,,,,,,,,,,,,,,,,,,,,,,,,,,,,,,
1764669113.089596,54857,0,4410.128418,4432.05127,4546.153809,4571.794922,4430.512695,4537.94873,4576.025879,4430.128418,4595.641113,4423.333496,4529.743652,4545.641113,4599.102539,4415.256348,4417.436035,4533.205078,4575.384766,4571.025879,4535.512695,4420.897461,4423.077148,4602.179688,4550.897461,4535.384766,4456.794922,4629.871582,4428.205078,4593.974121,4528.974121,4444.102539,4562.179688,4550.256348,2768,0,5,512,57287,,,,0,4,4,4,4,4,4,4,4,4,4,4,4,4,4,4,4,4,4,4,4,4,4,4,4,4,4,4,4,4,4,4,4,100,,,,,,,,,,,,,,,,,,,,,,,,,,,,,,,,,,,13714,0,0.641287,-0.32666,-0.302734,0.624817,0.995239,0.01465,0.026859,15.166667,40,-23.833334,,,,,,,,,,,,,,,,,,,,,,,,,,,,,,,,,,,,,,,,,,,,,,,,,,,,,,,,,,,,,,,,,,,,,,,,,,,,,,,,,,,,,,,,,,,,,,,,,,,,,,,,,,,,,,,,,,,,,,,,,,,,,,,,,,,,,,,,,,,,,,,,,,,,,,,,,,,,,,,,
1764669113.093502,54858,0,4426.922852,4450.769043,4559.102539,4588.205078,4455.256348,4556.153809,4596.282227,4453.077148,4618.333496,4427.436035,4544.102539,4561.666504,4616.538574,4418.717773,4426.025879,4548.589844,4595.512695,4586.794922,4547.692383,4434.871582,4435.384766,4618.974121,4569.743652,4555.641113,4470.384766,4643.589844,4447.563965,4615.897461,4540.641113,4463.846191,4582.307617,4566.410156,2431,0,5,768,57295,,,,0,4,4,4,4,4,4,4,4,4,4,4,4,4,4,4,4,4,4,4,4,4,4,4,4,4,4,4,4,4,4,4,4,100,,,,,,,,,,,,,,,,,,,,,,,,,,,,,,,,,,,,,,,,,,,,,,,,,,,,,,,,,,,,,,,,,,,,,,,,,,,,,,,,,,,,,,,,,,,,,,,,,,,,,,,,,,,,,,,,,,,,,,,,,,,,,,,,,,,,,,,,,,,,,,,,,,,,,,,,,,,,,,,,,,,,,,,,,,,,,,,,,,,,,,,,,,,,,,,,,,,,,,,,,,,,,,
1764669113.097408,54859,0,4427.820313,4452.563965,4560.512695,4590.128418,4466.794922,4561.282227,4599.487305,4459.487305,4624.487305,4422.563965,4540.897461,4557.820313,4615.641113,4411.794922,4423.077148,4551.282227,4596.794922,4587.94873,4548.333496,4433.717773,4434.615234,4619.102539,4569.358887,4556.922852,4465,4639.871582,4451.153809,4618.974121,4542.307617,4467.563965,4591.282227,4562.436035,2717,0,5,768,57295,,,,0,4,4,4,4,4,4,4,4,4,4,4,4,4,4,4,4,4,4,4,4,4,4,4,4,4,4,4,4,4,4,4,4,100,,,,,,,,,,,,,,,,,,,,,,,,,,,,,,,,,,,,,,,,,,,,,,,,,,,,,,,,,,,,,,,,,,,,,,,,,,,,,,,,,,,,,,,,,,,,,,,,,,,,,,,,,,,,,,,,,,,,,,,,,,,,,,,,,,,,,,,,,,,,,,,,,,,,,,,,,,,,,,,,,,,,,,,,,,,,,,,,,,,,,,,,,,,,,,,,,,,,,,,,,,,,,,
1764669113.101314,54860,0,4411.153809,4435.512695,4545.769043,4575,4457.307617,4550,4582.692383,4443.846191,4610.256348,4411.794922,4521.025879,4536.282227,4596.153809,4398.077148,4410.256348,4539.230957,4578.717773,4574.230957,4538.333496,4418.589844,4423.205078,4603.205078,4550.128418,4539.615234,4446.282227,4622.94873,4435.128418,4601.538574,4532.563965,4451.922852,4582.94873,4540.641113,2475,0,5,1024,57302,,,,0,4,4,4,4,4,4,4,4,4,4,4,4,4,4,4,4,4,4,4,4,4,4,4,4,4,4,4,4,4,4,4,4,100,,,,,,,,,,,,,,,,,,,,,,,,,,,,,,,,,,,,,,,,,,,,,,,,,,,,,,,,,,,,,,,,,,,,,,,,,,,,,,,,,,,,,,,,,,,,,,,,,,,,,,,,,,,,,,,,,,,,,,,,,,,,,,,,,,,,,,,,,,,,,,,,,,,,,,,,,,,,,,,,,,,,,,,,,,,,,,,,,,,,,,,,,,,,,,,,,,,,,,,,,,,,,,
1764669113.105220,54861,0,4386.410156,4409.743652,4520.512695,4550.128418,4432.436035,4528.974121,4555,4415,4584.487305,4402.563965,4495.769043,4510,4568.974121,4385.512695,4394.358887,4519.230957,4551.922852,4553.333496,4524.230957,4398.333496,4409.487305,4581.666504,4523.717773,4515.641113,4425.769043,4603.974121,4407.820313,4574.487305,4517.307617,4425.897461,4561.153809,4514.230957,2248,0,5,1024,57302,,,,0,4,4,4,4,4,4,4,4,4,4,4,4,4,4,4,4,4,4,4,4,4,4,4,4,4,4,4,4,4,4,4,4,100,,,,,,,,,,,,,,,,,,,,,,,,,,,,,,,,,,,13715,0,0.641227,-0.326782,-0.302856,0.624756,0.981565,0.014162,0.019534,16.333334,39,-25,,,,,,,,,,,,,,,,,,,,,,,,,,,,,,,,,,,,,,,,,,,,,,,,,,,,,,,,,,,,,,,,,,,,,,,,,,,,,,,,,,,,,,,,,,,,,,,,,,,,,,,,,,,,,,,,,,,,,,,,,,,,,,,,,,,,,,,,,,,,,,,,,,,,,,,,,,,,,,,,
1764669113.109126,54862,0,4366.922852,4389.358887,4497.436035,4528.205078,4405.897461,4509.487305,4530.897461,4389.871582,4561.410156,4399.871582,4478.461426,4492.692383,4548.717773,4380.384766,4382.307617,4501.794922,4531.153809,4536.666504,4514.102539,4383.333496,4400.769043,4566.666504,4505,4498.717773,4413.205078,4592.307617,4383.846191,4552.820313,4504.743652,4403.846191,4537.94873,4497.563965,2730,0,5,1280,57310,,,,0,4,4,4,4,4,4,4,4,4,4,4,4,4,4,4,4,4,4,4,4,4,4,4,4,4,4,4,4,4,4,4,4,100,,,,,,,,,,,,,,,,,,,,,,,,,,,,,,,,,,,,,,,,,,,,,,,,,,,,,,,,,,,,,,,,,,,,,,,,,,,,,,,,,,,,,,,,,,,,,,,,,,,,,,,,,,,,,,,,,,,,,,,,,,,,,,,,,,,,,,,,,,,,,,,,,,,,,,,,,,,,,,,,,,,,,,,,,,,,,,,,,,,,,,,,,,,,,,,,,,,,,,,,,,,,,,
1764669113.113032,54863,0,4362.179688,4383.974121,4488.077148,4518.846191,4391.538574,4500.897461,4522.179688,4382.436035,4551.794922,4402.563965,4476.666504,4491.410156,4544.487305,4384.615234,4379.487305,4495.897461,4526.025879,4533.333496,4514.358887,4379.871582,4400.641113,4565.769043,4502.307617,4496.410156,4410.769043,4590.897461,4375.897461,4547.05127,4501.410156,4396.410156,4526.282227,4497.820313,2445,0,5,1280,57310,,,,0,4,4,4,4,4,4,4,4,4,4,4,4,4,4,4,4,4,4,4,4,4,4,4,4,4,4,4,4,4,4,4,4,100,,,,,,,,,,,,,,,,,,,,,,,,,,,,,,,,,,,,,,,,,,,,,,,,,,,,,,,,,,,,,,,,,,,,,,,,,,,,,,,,,,,,,,,,,,,,,,,,,,,,,,,,,,,,,,,,,,,,,,,,,,,,,,,,,,,,,,,,,,,,,,,,,,,,,,,,,,,,,,,,,,,,,,,,,,,,,,,,,,,,,,,,,,,,,,,,,,,,,,,,,,,,,,
1764669113.116938,54864,0,4372.179688,4394.615234,4496.153809,4524.743652,4395.384766,4507.05127,4531.922852,4395.512695,4558.846191,4407.436035,4488.717773,4504.358887,4556.538574,4395.897461,4387.436035,4504.102539,4536.922852,4545.769043,4525.897461,4388.077148,4408.077148,4578.077148,4515.128418,4507.692383,4415.384766,4597.307617,4387.563965,4557.94873,4508.205078,4405.641113,4532.307617,4512.436035,2890,0,5,1536,57318,,,,0,4,4,4,4,4,4,4,4,4,4,4,4,4,4,4,4,4,4,4,4,4,4,4,4,4,4,4,4,4,4,4,4,100,,,,,,,,,,,,,,,,,,,,,,,,,,,,,,,,,,,,,,,,,,,,,,,,,,,,,,,,,,,,,,,,,,,,,,,,,,,,,,,,,,,,,,,,,,,,,,,,,,,,,,,,,,,,,,,,,,,,,,,,,,,,,,,,,,,,,,,,,,,,,,,,,,,,,,,,,,,,,,,,,,,,,,,,,,,,,,,,,,,,,,,,,,,,,,,,,,,,,,,,,,,,,,
1764669113.120844,54865,0,4389.358887,4413.205078,4514.615234,4540.769043,4412.820313,4523.333496,4553.333496,4419.358887,4577.05127,4413.333496,4505.641113,4522.692383,4575.897461,4409.102539,4402.05127,4520.897461,4555.897461,4566.282227,4541.922852,4401.410156,4418.974121,4595.384766,4534.230957,4524.743652,4421.794922,4606.153809,4410.512695,4577.436035,4520.897461,4424.358887,4550.128418,4530.897461,2943,0,5,1536,57318,,,,0,4,4,4,4,4,4,4,4,4,4,4,4,4,4,4,4,4,4,4,4,4,4,4,4,4,4,4,4,4,4,4,4,100,,,,,,,,,,,,,,,,,,,,,,,,,,,,,,,,,,,13716,0,0.641254,-0.326782,-0.302673,0.624817,0.981565,0.014162,0.019534,16.666666,38.5,-25.333334,,,,,,,,,,,,,,,,,,,,,,,,,,,,,,,,,,,,,,,,,,,,,,,,,,,,,,,,,,,,,,,,,,,,,,,,,,,,,,,,,,,,,,,,,,,,,,,,,,,,,,,,,,,,,,,,,,,,,,,,,,,,,,,,,,,,,,,,,,,,,,,,,,,,,,,,,,,,,,,,
1764669113.124750,54866,0,4402.94873,4428.077148,4531.153809,4556.410156,4431.025879,4539.487305,4573.333496,4438.077148,4595,4419.871582,4516.153809,4535.256348,4590.128418,4417.563965,4414.358887,4533.717773,4570.512695,4580.256348,4550.384766,4409.615234,4425.769043,4606.538574,4547.179688,4536.794922,4424.358887,4611.538574,4429.487305,4593.205078,4531.538574,4440.769043,4565.641113,4540.897461,1790,0,5,1792,57326,,,,0,4,4,4,4,4,4,4,4,4,4,4,4,4,4,4,4,4,4,4,4,4,4,4,4,4,4,4,4,4,4,4,4,100,,,,,,,,,,,,,,,,,,,,,,,,,,,,,,,,,,,,,,,,,,,,,,,,,,,,,,,,,,,,,,,,,,,,,,,,,,,,,,,,,,,,,,,,,,,,,,,,,,,,,,,,,,,,,,,,,,,,,,,,,,,,,,,,,,,,,,,,,,,,,,,,,,,,,,,,,,,,,,,,,,,,,,,,,,,,,,,,,,,,,,,,,,,,,,,,,,,,,,,,,,,,,,
1764669113.128656,54867,0,4403.974121,4429.615234,4535.384766,4561.282227,4437.436035,4545.128418,4579.871582,4438.974121,4601.410156,4424.230957,4513.461426,4534.358887,4589.871582,4415.897461,4415.384766,4531.153809,4570.512695,4574.615234,4541.922852,4404.871582,4422.307617,4603.205078,4544.743652,4535.641113,4420.641113,4609.358887,4431.538574,4595,4533.333496,4443.974121,4565.384766,4535.384766,2750,0,5,1792,57326,,,,0,4,4,4,4,4,4,4,4,4,4,4,4,4,4,4,4,4,4,4,4,4,4,4,4,4,4,4,4,4,4,4,4,100,,,,,,,,,,,,,,,,,,,,,,,,,,,,,,,,,,,,,,,,,,,,,,,,,,,,,,,,,,,,,,,,,,,,,,,,,,,,,,,,,,,,,,,,,,,,,,,,,,,,,,,,,,,,,,,,,,,,,,,,,,,,,,,,,,,,,,,,,,,,,,,,,,,,,,,,,,,,,,,,,,,,,,,,,,,,,,,,,,,,,,,,,,,,,,,,,,,,,,,,,,,,,,
1764669113.132562,54868,0,4391.794922,4416.922852,4525.641113,4551.922852,4428.461426,4536.794922,4569.615234,4421.153809,4591.025879,4421.794922,4499.871582,4520.897461,4575.769043,4405,4403.589844,4512.692383,4555,4549.487305,4519.230957,4388.589844,4408.461426,4585.384766,4528.077148,4520.897461,4413.717773,4599.743652,4415.384766,4581.410156,4524.743652,4431.025879,4547.179688,4517.820313,2599,0,5,2048,57334,,,,0,4,4,4,4,4,4,4,4,4,4,4,4,4,4,4,4,4,4,4,4,4,4,4,4,4,4,4,4,4,4,4,4,100,,,,,,,,,,,,,,,,,,,,,,,,,,,,,,,,,,,,,,,,,,,,,,,,,,,,,,,,,,,,,,,,,,,,,,,,,,,,,,,,,,,,,,,,,,,,,,,,,,,,,,,,,,,,,,,,,,,,,,,,,,,,,,,,,,,,,,,,,,,,,,,,,,,,,,,,,,,,,,,,,,,,,,,,,,,,,,,,,,,,,,,,,,,,,,,,,,,,,,,,,,,,,,
1764669113.136468,54869,0,4374.615234,4399.102539,4510.256348,4535.641113,4411.922852,4521.025879,4550.769043,4397.05127,4570.256348,4411.538574,4485.256348,4505.384766,4559.102539,4392.94873,4387.563965,4491.538574,4534.615234,4521.666504,4497.692383,4372.307617,4392.94873,4564.358887,4509.230957,4502.820313,4410.641113,4588.205078,4392.94873,4561.794922,4511.410156,4410.384766,4523.077148,4500.384766,2830,0,5,2048,57334,,,,0,4,4,4,4,4,4,4,4,4,4,4,4,4,4,4,4,4,4,4,4,4,4,4,4,4,4,4,4,4,4,4,4,100,,,,,,,,,,,,,,,,,,,,,,,,,,,,,,,,,,,13717,0,0.641476,-0.32666,-0.301575,0.625183,1.003052,0.012697,0.049811,15.833333,37.333332,-25.333334,,,,,,,,,,,,,,,,,,,,,,,,,,,,,,,,,,,,,,,,,,,,,,,,,,,,,,,,,,,,,,,,,,,,,,,,,,,,,,,,,,,,,,,,,,,,,,,,,,,,,,,,,,,,,,,,,,,,,,,,,,,,,,,,,,,,,,,,,,,,,,,,,,,,,,,,,,,,,,,,
1764669113.140374,54870,0,4365.256348,4388.846191,4501.794922,4525,4400.897461,4509.871582,4537.94873,4383.589844,4553.077148,4400.512695,4480.769043,4500.256348,4553.717773,4388.589844,4380.769043,4486.025879,4525.256348,4512.692383,4493.974121,4369.358887,4386.922852,4555.256348,4502.563965,4495.512695,4416.666504,4582.820313,4381.153809,4550.641113,4502.820313,4396.922852,4511.153809,4495.384766,2940,0,5,2304,57342,,,,0,4,4,4,4,4,4,4,4,4,4,4,4,4,4,4,4,4,4,4,4,4,4,4,4,4,4,4,4,4,4,4,4,100,,,,,,,,,,,,,,,,,,,,,,,,,,,,,,,,,,,,,,,,,,,,,,,,,,,,,,,,,,,,,,,,,,,,,,,,,,,,,,,,,,,,,,,,,,,,,,,,,,,,,,,,,,,,,,,,,,,,,,,,,,,,,,,,,,,,,,,,,,,,,,,,,,,,,,,,,,,,,,,,,,,,,,,,,,,,,,,,,,,,,,,,,,,,,,,,,,,,,,,,,,,,,,
1764669113.144280,54871,0,4371.153809,4393.589844,4507.307617,4529.102539,4403.333496,4511.666504,4541.410156,4389.743652,4551.538574,4398.846191,4490.256348,4510.769043,4565.128418,4395.512695,4389.871582,4503.717773,4535.256348,4531.538574,4512.820313,4383.717773,4394.487305,4566.153809,4514.230957,4505.384766,4428.846191,4587.820313,4388.717773,4556.794922,4505,4401.025879,4520.384766,4506.538574,2868,0,5,2304,57342,,,,0,4,4,4,4,4,4,4,4,4,4,4,4,4,4,4,4,4,4,4,4,4,4,4,4,4,4,4,4,4,4,4,4,100,,,,,,,,,,,,,,,,,,,,,,,,,,,,,,,,,,,,,,,,,,,,,,,,,,,,,,,,,,,,,,,,,,,,,,,,,,,,,,,,,,,,,,,,,,,,,,,,,,,,,,,,,,,,,,,,,,,,,,,,,,,,,,,,,,,,,,,,,,,,,,,,,,,,,,,,,,,,,,,,,,,,,,,,,,,,,,,,,,,,,,,,,,,,,,,,,,,,,,,,,,,,,,
1764669113.148186,54872,0,4389.487305,4409.871582,4522.692383,4545.897461,4416.794922,4525.384766,4559.230957,4410.769043,4566.153809,4411.538574,4508.205078,4531.282227,4586.922852,4409.102539,4409.358887,4534.743652,4559.102539,4566.666504,4541.538574,4406.282227,4409.487305,4590.512695,4536.922852,4525.897461,4438.846191,4600.256348,4410.128418,4576.538574,4516.410156,4420.256348,4544.102539,4526.538574,2727,0,5,2560,57349,,,,0,4,4,4,4,4,4,4,4,4,4,4,4,4,4,4,4,4,4,4,4,4,4,4,4,4,4,4,4,4,4,4,4,100,,,,,,,,,,,,,,,,,,,,,,,,,,,,,,,,,,,,,,,,,,,,,,,2.353348,1.948186,2.899558,0.869807,1.041192,11.592388,2.924152,2.44224,0.996666,1.517732,66.850037,4.977381,3.420779,4.259677,2.958955,13.767111,2.768844,2.983057,1.57188,1.563452,10.957871,2.113461,2.345647,1.36336,1.966133,4.771408,2.019482,2.430816,0.835672,1.194805,3.375671,2.765969,3.176711,0.990474,1.357552,6.711492,2.440109,2.76325,0.845836,1.515676,2.95486,1.707887,2.57335,1.740056,1.206521,1.315936,2.202772,7.346319,3.214405,3.10435,1.513077,1.921678,1.754523,1.137924,1.110036,2.796627,1.530163,3.036927,0.961005,1.070783,0.987755,1.304535,2.318161,0.880465,1.204371,0.765723,0.716935,0.744998,0.75012,0.843184,1.113231,2.095603,1.863832,1.274207,1.239961,1.287206,1.813636,3.657353,1.708957,1.708672,2.156486,2.380091,3.957643,1.222345,1.420552,2.110468,2.468325,4.77547,1.767497,2.19662,1.539904,1.464106,3.392717,0.982648,1.479355,1.129849,2.929157,4.172707,0.969221,1.328381,2.146608,2.348499,3.517043,0.845871,1.700851,1.878702,2.926484,3.735816,1.017866,1.604404,1.731735,2.726705,2.862258,0.834961,1.11163,1.735202,2.767778,3.149354,1.05796,1.399343,4.588371,3.944807,12.961509,4.219731,6.429087,1.274588,2.122242,2.601067,1.106815,1.165804,2.807148,2.463656,2.332511,1.351592,1.768866,1.869768,2.848783,3.179952,0.994533,1.344758,1.882036,1.054441,1.312503,0.535875,0.583099,10.628451,2.372804,2.676133,1.940254,2.054879,6.567409,3.346663,2.592295,1.846794,2.667032,82.789017,9.670025,3.951758,7.640251,4.459018
1764669113.152092,54873,0,4409.871582,4427.307617,4537.692383,4565,4432.692383,4542.307617,4580.641113,4432.94873,4587.436035,4432.563965,4524.230957,4550.128418,4606.282227,4420.512695,4425.512695,4559.743652,4582.05127,4594.743652,4560.384766,4422.436035,4420.384766,4612.563965,4556.922852,4542.692383,4439.743652,4612.692383,4431.410156,4597.692383,4529.358887,4442.436035,4566.410156,4543.077148,2891,0,5,2560,57349,,,,0,4,4,4,4,4,4,4,4,4,4,4,4,4,4,4,4,4,4,4,4,4,4,4,4,4,4,4,4,4,4,4,4,100,,,,,,,,,,,,,,,,,,,,,,,,,,,,,,,,,,,13718,0,0.641465,-0.326721,-0.301025,0.625427,1.003052,0.012697,0.049811,15.833333,37.333332,-25.333334,,,,,,,,,,,,,,,,,,,,,,,,,,,,,,,,,,,,,,,,,,,,,,,,,,,,,,,,,,,,,,,,,,,,,,,,,,,,,,,,,,,,,,,,,,,,,,,,,,,,,,,,,,,,,,,,,,,,,,,,,,,,,,,,,,,,,,,,,,,,,,,,,,,,,,,,,,,,,,,,
1764669113.155998,54874,0,4421.922852,4436.153809,4543.589844,4574.871582,4443.205078,4553.205078,4593.846191,4444.615234,4603.333496,4448.333496,4530.641113,4557.692383,4613.461426,4423.077148,4428.205078,4564.358887,4591.282227,4598.333496,4557.05127,4423.333496,4420.256348,4618.717773,4563.461426,4544.743652,4432.05127,4617.94873,4441.025879,4607.94873,4536.410156,4454.358887,4575.256348,4548.461426,1819,0,5,2560,57357,,,,0,4,4,4,4,4,4,4,4,4,4,4,4,4,4,4,4,4,4,4,4,4,4,4,4,4,4,4,4,4,4,4,4,100,,,,,,,,,,,,,,,,,,,,,,,,,,,,,,,,,,,,,,,,,,,,,,,,,,,,,,,,,,,,,,,,,,,,,,,,,,,,,,,,,,,,,,,,,,,,,,,,,,,,,,,,,,,,,,,,,,,,,,,,,,,,,,,,,,,,,,,,,,,,,,,,,,,,,,,,,,,,,,,,,,,,,,,,,,,,,,,,,,,,,,,,,,,,,,,,,,,,,,,,,,,,,,
1764669113.159904,54875,0,4420,4431.538574,4537.563965,4568.974121,4443.461426,4553.205078,4592.179688,4441.410156,4605.256348,4446.153809,4524.871582,4550.641113,4605.512695,4414.487305,4415.384766,4546.666504,4582.692383,4575.769043,4533.077148,4409.358887,4408.205078,4605.512695,4553.846191,4530,4420.641113,4612.436035,4434.743652,4601.153809,4533.333496,4448.846191,4568.077148,4540.769043,2442,0,5,2560,57357,,,,0,4,4,4,4,4,4,4,4,4,4,4,4,4,4,4,4,4,4,4,4,4,4,4,4,4,4,4,4,4,4,4,4,100,,,,,,,,,,,,,,,,,,,,,,,,,,,,,,,,,,,,,,,,,,,,,,,,,,,,,,,,,,,,,,,,,,,,,,,,,,,,,,,,,,,,,,,,,,,,,,,,,,,,,,,,,,,,,,,,,,,,,,,,,,,,,,,,,,,,,,,,,,,,,,,,,,,,,,,,,,,,,,,,,,,,,,,,,,,,,,,,,,,,,,,,,,,,,,,,,,,,,,,,,,,,,,
1764669113.163810,54876,1,4418.876953,4430.354004,4536.323242,4567.57959,4442.261719,4552.220703,4590.620605,4440.030762,4603.440918,4445.338379,4523.610352,4549.430664,4604.256348,4413.276855,4413.989746,4544.94873,4581.410156,4573.871582,4531.600098,4408.374512,4407.18457,4604.056641,4552.687012,4528.492188,4419.164063,4611.102539,4432.876953,4599.451172,4532.65625,4447.200195,4566.425781,4539.020508,0,0,5,0,0,,,,0,4,4,4,4,4,4,4,4,4,4,4,4,4,4,4,4,4,4,4,4,4,4,4,4,4,4,4,4,4,4,4,4,100,,,,,,,,,,,,,,,,,,,,,,,,,,,,,,,,,,,,,,,,,,,,,,,,,,,,,,,,,,,,,,,,,,,,,,,,,,,,,,,,,,,,,,,,,,,,,,,,,,,,,,,,,,,,,,,,,,,,,,,,,,,,,,,,,,,,,,,,,,,,,,,,,,,,,,,,,,,,,,,,,,,,,,,,,,,,,,,,,,,,,,,,,,,,,,,,,,,,,,,,,,,,,,
1764669113.167716,54877,1,4417.753906,4429.169434,4535.082031,4566.18457,4441.061523,4551.23584,4589.061523,4438.651367,4601.625488,4444.522949,4522.348633,4548.220703,4603,4412.066895,4412.594727,4543.230957,4580.128418,4571.974121,4530.123047,4407.389648,4406.164063,4602.600098,4551.52832,4526.984375,4417.687012,4609.769043,4431.010254,4597.748535,4531.979492,4445.553711,4564.774414,4537.271973,0,0,5,0,0,,,,0,4,4,4,4,4,4,4,4,4,4,4,4,4,4,4,4,4,4,4,4,4,4,4,4,4,4,4,4,4,4,4,4,100,,,,,,,,,,,,,,,,,,,,,,,,,,,,,,,,,,,,,,,,,,,,,,,,,,,,,,,,,,,,,,,,,,,,,,,,,,,,,,,,,,,,,,,,,,,,,,,,,,,,,,,,,,,,,,,,,,,,,,,,,,,,,,,,,,,,,,,,,,,,,,,,,,,,,,,,,,,,,,,,,,,,,,,,,,,,,,,,,,,,,,,,,,,,,,,,,,,,,,,,,,,,,,
1764669113.171622,54878,1,4416.630859,4427.984375,4533.84082,4564.789551,4439.861328,4550.251465,4587.502441,4437.271973,4599.810059,4443.70752,4521.087402,4547.010254,4601.743652,4410.856445,4411.200195,4541.512695,4578.846191,4570.077148,4528.645996,4406.405273,4405.143555,4601.143555,4550.369141,4525.477051,4416.210449,4608.436035,4429.143555,4596.046387,4531.302734,4443.907715,4563.123047,4535.522949,0,0,5,0,0,,,,0,4,4,4,4,4,4,4,4,4,4,4,4,4,4,4,4,4,4,4,4,4,4,4,4,4,4,4,4,4,4,4,4,100,,,,,,,,,,,,,,,,,,,,,,,,,,,,,,,,,,,,,,,,,,,,,,,,,,,,,,,,,,,,,,,,,,,,,,,,,,,,,,,,,,,,,,,,,,,,,,,,,,,,,,,,,,,,,,,,,,,,,,,,,,,,,,,,,,,,,,,,,,,,,,,,,,,,,,,,,,,,,,,,,,,,,,,,,,,,,,,,,,,,,,,,,,,,,,,,,,,,,,,,,,,,,,
1764669113.175528,54879,1,4415.507813,4426.799805,4532.600098,4563.39502,4438.661621,4549.266602,4585.943359,4435.89209,4597.994629,4442.89209,4519.825684,4545.799805,4600.487305,4409.645996,4409.805176,4539.794922,4577.563965,4568.179688,4527.169434,4405.42041,4404.123047,4599.687012,4549.210449,4523.969238,4414.733398,4607.102539,4427.276855,4594.34375,4530.625488,4442.261719,4561.47168,4533.774414,0,0,5,0,0,,,,0,4,4,4,4,4,4,4,4,4,4,4,4,4,4,4,4,4,4,4,4,4,4,4,4,4,4,4,4,4,4,4,4,100,,,,,,,,,,,,,,,,,,,,,,,,,,,,,,,,,,,,,,,,,,,,,,,,,,,,,,,,,,,,,,,,,,,,,,,,,,,,,,,,,,,,,,,,,,,,,,,,,,,,,,,,,,,,,,,,,,,,,,,,,,,,,,,,,,,,,,,,,,,,,,,,,,,,,,,,,,,,,,,,,,,,,,,,,,,,,,,,,,,,,,,,,,,,,,,,,,,,,,,,,,,,,,
1764669113.179434,54880,1,4414.384766,4425.615234,4531.358887,4562,4437.461426,4548.282227,4584.384766,4434.512695,4596.179688,4442.077148,4518.563965,4544.589844,4599.230957,4408.436035,4408.410156,4538.077148,4576.282227,4566.282227,4525.692383,4404.436035,4403.102539,4598.230957,4548.05127,4522.461426,4413.256348,4605.769043,4425.410156,4592.641113,4529.94873,4440.615234,4559.820313,4532.025879,0,0,5,0,0,,,,0,4,4,4,4,4,4,4,4,4,4,4,4,4,4,4,4,4,4,4,4,4,4,4,4,4,4,4,4,4,4,4,4,100,,,,,,,,,,,,,,,,,,,,,,,,,,,,,,,,,,,,,,,,,,,,,,,,,,,,,,,,,,,,,,,,,,,,,,,,,,,,,,,,,,,,,,,,,,,,,,,,,,,,,,,,,,,,,,,,,,,,,,,,,,,,,,,,,,,,,,,,,,,,,,,,,,,,,,,,,,,,,,,,,,,,,,,,,,,,,,,,,,,,,,,,,,,,,,,,,,,,,,,,,,,,,,
1764669113.183340,54881,1,4413.261719,4424.430664,4530.118164,4560.60498,4436.261719,4547.297363,4582.825684,4433.133301,4594.364258,4441.261719,4517.302734,4543.379395,4597.974121,4407.225586,4407.015625,4536.358887,4575,4564.384766,4524.215332,4403.451172,4402.082031,4596.774414,4546.89209,4520.953613,4411.779297,4604.436035,4423.543457,4590.938477,4529.271973,4438.969238,4558.169434,4530.276855,0,0,5,0,0,,,,0,4,4,4,4,4,4,4,4,4,4,4,4,4,4,4,4,4,4,4,4,4,4,4,4,4,4,4,4,4,4,4,4,100,,,,,,,,,,,,,,,,,,,,,,,,,,,,,,,,,,,,,,,,,,,,,,,,,,,,,,,,,,,,,,,,,,,,,,,,,,,,,,,,,,,,,,,,,,,,,,,,,,,,,,,,,,,,,,,,,,,,,,,,,,,,,,,,,,,,,,,,,,,,,,,,,,,,,,,,,,,,,,,,,,,,,,,,,,,,,,,,,,,,,,,,,,,,,,,,,,,,,,,,,,,,,,
1764669113.187246,54882,1,4412.138672,4423.246094,4528.876953,4559.210449,4435.061523,4546.312988,4581.266602,4431.753906,4592.548828,4440.446289,4516.041016,4542.169434,4596.717773,4406.015625,4405.620605,4534.641113,4573.717773,4562.487305,4522.738281,4402.466797,4401.061523,4595.317871,4545.733398,4519.446289,4410.302734,4603.102539,4421.676758,4589.23584,4528.594727,4437.323242,4556.518066,4528.52832,0,0,5,0,0,,,,0,4,4,4,4,4,4,4,4,4,4,4,4,4,4,4,4,4,4,4,4,4,4,4,4,4,4,4,4,4,4,4,4,100,,,,,,,,,,,,,,,,,,,,,,,,,,,,,,,,,,,,,,,,,,,,,,,,,,,,,,,,,,,,,,,,,,,,,,,,,,,,,,,,,,,,,,,,,,,,,,,,,,,,,,,,,,,,,,,,,,,,,,,,,,,,,,,,,,,,,,,,,,,,,,,,,,,,,,,,,,,,,,,,,,,,,,,,,,,,,,,,,,,,,,,,,,,,,,,,,,,,,,,,,,,,,,
1764669113.191152,54883,1,4411.015625,4422.061523,4527.635742,4557.81543,4433.861328,4545.328125,4579.70752,4430.374512,4590.733398,4439.630859,4514.779297,4540.958984,4595.461426,4404.805176,4404.225586,4532.922852,4572.436035,4560.589844,4521.261719,4401.481934,4400.041016,4593.861328,4544.574219,4517.938477,4408.825684,4601.769043,4419.810059,4587.533203,4527.917969,4435.676758,4554.866699,4526.779297,0,0,5,0,0,,,,0,4,4,4,4,4,4,4,4,4,4,4,4,4,4,4,4,4,4,4,4,4,4,4,4,4,4,4,4,4,4,4,4,100,,,,,,,,,,,,,,,,,,,,,,,,,,,,,,,,,,,,,,,,,,,,,,,,,,,,,,,,,,,,,,,,,,,,,,,,,,,,,,,,,,,,,,,,,,,,,,,,,,,,,,,,,,,,,,,,,,,,,,,,,,,,,,,,,,,,,,,,,,,,,,,,,,,,,,,,,,,,,,,,,,,,,,,,,,,,,,,,,,,,,,,,,,,,,,,,,,,,,,,,,,,,,,
1764669113.195058,54884,1,4409.89209,4420.876953,4526.39502,4556.42041,4432.661621,4544.34375,4578.148926,4428.994629,4588.917969,4438.81543,4513.518066,4539.748535,4594.205078,4403.594727,4402.830566,4531.205078,4571.153809,4558.692383,4519.784668,4400.497559,4399.020508,4592.405273,4543.415527,4516.430664,4407.348633,4600.436035,4417.943359,4585.830566,4527.241211,4434.030762,4553.215332,4525.030762,0,0,5,0,0,,,,0,4,4,4,4,4,4,4,4,4,4,4,4,4,4,4,4,4,4,4,4,4,4,4,4,4,4,4,4,4,4,4,4,100,,,,,,,,,,,,,,,,,,,,,,,,,,,,,,,,,,,,,,,,,,,,,,,,,,,,,,,,,,,,,,,,,,,,,,,,,,,,,,,,,,,,,,,,,,,,,,,,,,,,,,,,,,,,,,,,,,,,,,,,,,,,,,,,,,,,,,,,,,,,,,,,,,,,,,,,,,,,,,,,,,,,,,,,,,,,,,,,,,,,,,,,,,,,,,,,,,,,,,,,,,,,,,
1764669113.198964,54885,1,4408.769043,4419.692383,4525.153809,4555.025879,4431.461426,4543.358887,4576.589844,4427.615234,4587.102539,4438,4512.256348,4538.538574,4592.94873,4402.384766,4401.436035,4529.487305,4569.871582,4556.794922,4518.307617,4399.512695,4398,4590.94873,4542.256348,4514.922852,4405.871582,4599.102539,4416.077148,4584.128418,4526.563965,4432.384766,4551.563965,4523.282227,0,0,5,0,0,,,,0,4,4,4,4,4,4,4,4,4,4,4,4,4,4,4,4,4,4,4,4,4,4,4,4,4,4,4,4,4,4,4,4,100,,,,,,,,,,,,,,,,,,,,,,,,,,,,,,,,,,,,,,,,,,,,,,,,,,,,,,,,,,,,,,,,,,,,,,,,,,,,,,,,,,,,,,,,,,,,,,,,,,,,,,,,,,,,,,,,,,,,,,,,,,,,,,,,,,,,,,,,,,,,,,,,,,,,,,,,,,,,,,,,,,,,,,,,,,,,,,,,,,,,,,,,,,,,,,,,,,,,,,,,,,,,,,
1764669113.202870,54886,1,4407.645996,4418.507813,4523.912598,4553.630859,4430.261719,4542.374512,4575.030762,4426.23584,4585.287109,4437.18457,4510.994629,4537.328125,4591.692383,4401.174316,4400.041016,4527.769043,4568.589844,4554.897461,4516.830566,4398.52832,4396.979492,4589.492188,4541.097656,4513.415527,4404.39502,4597.769043,4414.210449,4582.425781,4525.887207,4430.738281,4549.912598,4521.533203,0,0,5,0,0,,,,0,4,4,4,4,4,4,4,4,4,4,4,4,4,4,4,4,4,4,4,4,4,4,4,4,4,4,4,4,4,4,4,4,100,,,,,,,,,,,,,,,,,,,,,,,,,,,,,,,,,,,,,,,,,,,,,,,,,,,,,,,,,,,,,,,,,,,,,,,,,,,,,,,,,,,,,,,,,,,,,,,,,,,,,,,,,,,,,,,,,,,,,,,,,,,,,,,,,,,,,,,,,,,,,,,,,,,,,,,,,,,,,,,,,,,,,,,,,,,,,,,,,,,,,,,,,,,,,,,,,,,,,,,,,,,,,,
1764669113.206776,54887,1,4406.522949,4417.323242,4522.671875,4552.23584,4429.061523,4541.389648,4573.47168,4424.856445,4583.47168,4436.369141,4509.733398,4536.118164,4590.436035,4399.963867,4398.645996,4526.05127,4567.307617,4553,4515.354004,4397.543457,4395.958984,4588.036133,4539.938477,4511.907715,4402.917969,4596.436035,4412.34375,4580.723145,4525.210449,4429.092285,4548.261719,4519.784668,0,0,5,0,0,,,,0,4,4,4,4,4,4,4,4,4,4,4,4,4,4,4,4,4,4,4,4,4,4,4,4,4,4,4,4,4,4,4,4,100,,,,,,,,,,,,,,,,,,,,,,,,,,,,,,,,,,,,,,,,,,,,,,,,,,,,,,,,,,,,,,,,,,,,,,,,,,,,,,,,,,,,,,,,,,,,,,,,,,,,,,,,,,,,,,,,,,,,,,,,,,,,,,,,,,,,,,,,,,,,,,,,,,,,,,,,,,,,,,,,,,,,,,,,,,,,,,,,,,,,,,,,,,,,,,,,,,,,,,,,,,,,,,
1764669113.210682,54888,1,4405.399902,4416.138672,4521.430664,4550.84082,4427.861328,4540.405273,4571.912598,4423.477051,4581.65625,4435.553711,4508.47168,4534.907715,4589.179688,4398.753906,4397.251465,4524.333496,4566.025879,4551.102539,4513.876953,4396.559082,4394.938477,4586.57959,4538.779297,4510.399902,4401.440918,4595.102539,4410.477051,4579.020508,4524.533203,4427.446289,4546.610352,4518.036133,0,0,5,0,0,,,,0,4,4,4,4,4,4,4,4,4,4,4,4,4,4,4,4,4,4,4,4,4,4,4,4,4,4,4,4,4,4,4,4,100,,,,,,,,,,,,,,,,,,,,,,,,,,,,,,,,,,,,,,,,,,,,,,,,,,,,,,,,,,,,,,,,,,,,,,,,,,,,,,,,,,,,,,,,,,,,,,,,,,,,,,,,,,,,,,,,,,,,,,,,,,,,,,,,,,,,,,,,,,,,,,,,,,,,,,,,,,,,,,,,,,,,,,,,,,,,,,,,,,,,,,,,,,,,,,,,,,,,,,,,,,,,,,
1764669113.214588,54889,1,4404.276855,4414.953613,4520.189941,4549.446289,4426.661621,4539.42041,4570.354004,4422.097656,4579.84082,4434.738281,4507.210449,4533.697266,4587.922852,4397.543457,4395.856445,4522.615234,4564.743652,4549.205078,4512.399902,4395.574219,4393.917969,4585.123047,4537.620605,4508.89209,4399.963867,4593.769043,4408.610352,4577.317871,4523.856445,4425.799805,4544.958984,4516.287109,0,0,5,0,0,,,,0,4,4,4,4,4,4,4,4,4,4,4,4,4,4,4,4,4,4,4,4,4,4,4,4,4,4,4,4,4,4,4,4,100,,,,,,,,,,,,,,,,,,,,,,,,,,,,,,,,,,,13719,1,0.641284,-0.326983,-0.300581,0.625689,1.001517,0.012278,0.049392,15.690476,37.357143,-25.119047,,,,,,,,,,,,,,,,,,,,,,,,,,,,,,,,,,,,,,,,,,,,,,,,,,,,,,,,,,,,,,,,,,,,,,,,,,,,,,,,,,,,,,,,,,,,,,,,,,,,,,,,,,,,,,,,,,,,,,,,,,,,,,,,,,,,,,,,,,,,,,,,,,,,,,,,,,,,,,,,
1764669113.218494,54890,1,4403.153809,4413.769043,4518.94873,4548.05127,4425.461426,4538.436035,4568.794922,4420.717773,4578.025879,4433.922852,4505.94873,4532.487305,4586.666504,4396.333496,4394.461426,4520.897461,4563.461426,4547.307617,4510.922852,4394.589844,4392.897461,4583.666504,4536.461426,4507.384766,4398.487305,4592.436035,4406.743652,4575.615234,4523.179688,4424.153809,4543.307617,4514.538574,0,0,5,0,0,,,,0,4,4,4,4,4,4,4,4,4,4,4,4,4,4,4,4,4,4,4,4,4,4,4,4,4,4,4,4,4,4,4,4,100,,,,,,,,,,,,,,,,,,,,,,,,,,,,,,,,,,,,,,,,,,,,,,,,,,,,,,,,,,,,,,,,,,,,,,,,,,,,,,,,,,,,,,,,,,,,,,,,,,,,,,,,,,,,,,,,,,,,,,,,,,,,,,,,,,,,,,,,,,,,,,,,,,,,,,,,,,,,,,,,,,,,,,,,,,,,,,,,,,,,,,,,,,,,,,,,,,,,,,,,,,,,,,
1764669113.222400,54891,1,4402.030762,4412.584473,4517.70752,4546.65625,4424.261719,4537.451172,4567.23584,4419.338379,4576.210449,4433.10791,4504.687012,4531.276855,4585.410156,4395.123047,4393.066895,4519.179688,4562.179688,4545.410156,4509.446289,4393.60498,4391.876953,4582.210449,4535.302734,4505.876953,4397.010254,4591.102539,4404.876953,4573.912598,4522.502441,4422.507813,4541.65625,4512.789551,0,0,5,0,0,,,,0,4,4,4,4,4,4,4,4,4,4,4,4,4,4,4,4,4,4,4,4,4,4,4,4,4,4,4,4,4,4,4,4,100,,,,,,,,,,,,,,,,,,,,,,,,,,,,,,,,,,,13720,1,0.641102,-0.327244,-0.300136,0.62595,0.999983,0.01186,0.048974,15.547619,37.380951,-24.904762,,,,,,,,,,,,,,,,,,,,,,,,,,,,,,,,,,,,,,,,,,,,,,,,,,,,,,,,,,,,,,,,,,,,,,,,,,,,,,,,,,,,,,,,,,,,,,,,,,,,,,,,,,,,,,,,,,,,,,,,,,,,,,,,,,,,,,,,,,,,,,,,,,,,,,,,,,,,,,,,
1764669113.226307,54892,1,4400.907715,4411.399902,4516.466797,4545.261719,4423.061523,4536.466797,4565.676758,4417.958984,4574.39502,4432.29248,4503.425781,4530.066895,4584.153809,4393.912598,4391.671875,4517.461426,4560.897461,4543.512695,4507.969238,4392.620605,4390.856445,4580.753906,4534.143555,4504.369141,4395.533203,4589.769043,4403.010254,4572.210449,4521.825684,4420.861328,4540.005371,4511.041016,0,0,5,0,0,,,,0,4,4,4,4,4,4,4,4,4,4,4,4,4,4,4,4,4,4,4,4,4,4,4,4,4,4,4,4,4,4,4,4,100,,,,,,,,,,,,,,,,,,,,,,,,,,,,,,,,,,,,,,,,,,,,,,,,,,,,,,,,,,,,,,,,,,,,,,,,,,,,,,,,,,,,,,,,,,,,,,,,,,,,,,,,,,,,,,,,,,,,,,,,,,,,,,,,,,,,,,,,,,,,,,,,,,,,,,,,,,,,,,,,,,,,,,,,,,,,,,,,,,,,,,,,,,,,,,,,,,,,,,,,,,,,,,
1764669113.230213,54893,1,4399.784668,4410.215332,4515.225586,4543.866699,4421.861328,4535.481934,4564.118164,4416.57959,4572.57959,4431.477051,4502.164063,4528.856445,4582.897461,4392.702637,4390.276855,4515.743652,4559.615234,4541.615234,4506.492188,4391.635742,4389.835938,4579.297363,4532.984375,4502.861328,4394.056641,4588.436035,4401.143555,4570.507813,4521.148926,4419.215332,4538.354004,4509.29248,0,0,5,0,0,,,,0,4,4,4,4,4,4,4,4,4,4,4,4,4,4,4,4,4,4,4,4,4,4,4,4,4,4,4,4,4,4,4,4,100,,,,,,,,,,,,,,,,,,,,,,,,,,,,,,,,,,,13721,1,0.640921,-0.327506,-0.299691,0.626212,0.998448,0.011441,0.048555,15.404762,37.404762,-24.690475,,,,,,,,,,,,,,,,,,,,,,,,,,,,,,,,,,,,,,,,,,,,,,,,,,,,,,,,,,,,,,,,,,,,,,,,,,,,,,,,,,,,,,,,,,,,,,,,,,,,,,,,,,,,,,,,,,,,,,,,,,,,,,,,,,,,,,,,,,,,,,,,,,,,,,,,,,,,,,,,
1764669113.234119,54894,1,4398.661621,4409.030762,4513.984375,4542.47168,4420.661621,4534.497559,4562.559082,4415.200195,4570.76416,4430.661621,4500.902344,4527.645996,4581.641113,4391.492188,4388.881836,4514.025879,4558.333496,4539.717773,4505.015625,4390.651367,4388.81543,4577.84082,4531.825684,4501.354004,4392.57959,4587.102539,4399.276855,4568.805176,4520.47168,4417.569336,4536.702637,4507.543457,0,0,5,0,0,,,,0,4,4,4,4,4,4,4,4,4,4,4,4,4,4,4,4,4,4,4,4,4,4,4,4,4,4,4,4,4,4,4,4,100,,,,,,,,,,,,,,,,,,,,,,,,,,,,,,,,,,,,,,,,,,,,,,,,,,,,,,,,,,,,,,,,,,,,,,,,,,,,,,,,,,,,,,,,,,,,,,,,,,,,,,,,,,,,,,,,,,,,,,,,,,,,,,,,,,,,,,,,,,,,,,,,,,,,,,,,,,,,,,,,,,,,,,,,,,,,,,,,,,,,,,,,,,,,,,,,,,,,,,,,,,,,,,
1764669113.238025,54895,1,4397.538574,4407.846191,4512.743652,4541.077148,4419.461426,4533.512695,4561,4413.820313,4568.94873,4429.846191,4499.641113,4526.436035,4580.384766,4390.282227,4387.487305,4512.307617,4557.05127,4537.820313,4503.538574,4389.666504,4387.794922,4576.384766,4530.666504,4499.846191,4391.102539,4585.769043,4397.410156,4567.102539,4519.794922,4415.922852,4535.05127,4505.794922,0,0,5,0,0,,,,0,4,4,4,4,4,4,4,4,4,4,4,4,4,4,4,4,4,4,4,4,4,4,4,4,4,4,4,4,4,4,4,4,100,,,,,,,,,,,,,,,,,,,,,,,,,,,,,,,,,,,13722,1,0.640739,-0.327768,-0.299247,0.626474,0.996913,0.011023,0.048136,15.261905,37.42857,-24.476191,,,,,,,,,,,,,,,,,,,,,,,,,,,,,,,,,,,,,,,,,,,,,,,,,,,,,,,,,,,,,,,,,,,,,,,,,,,,,,,,,,,,,,,,,,,,,,,,,,,,,,,,,,,,,,,,,,,,,,,,,,,,,,,,,,,,,,,,,,,,,,,,,,,,,,,,,,,,,,,,
1764669113.241931,54896,1,4396.415527,4406.661621,4511.502441,4539.682129,4418.261719,4532.52832,4559.440918,4412.440918,4567.133301,4429.030762,4498.379395,4525.225586,4579.128418,4389.071777,4386.092285,4510.589844,4555.769043,4535.922852,4502.061523,4388.682129,4386.774414,4574.928223,4529.507813,4498.338379,4389.625488,4584.436035,4395.543457,4565.399902,4519.118164,4414.276855,4533.399902,4504.046387,0,0,5,0,0,,,,0,4,4,4,4,4,4,4,4,4,4,4,4,4,4,4,4,4,4,4,4,4,4,4,4,4,4,4,4,4,4,4,4,100,,,,,,,,,,,,,,,,,,,,,,,,,,,,,,,,,,,,,,,,,,,,,,,,,,,,,,,,,,,,,,,,,,,,,,,,,,,,,,,,,,,,,,,,,,,,,,,,,,,,,,,,,,,,,,,,,,,,,,,,,,,,,,,,,,,,,,,,,,,,,,,,,,,,,,,,,,,,,,,,,,,,,,,,,,,,,,,,,,,,,,,,,,,,,,,,,,,,,,,,,,,,,,
1764669113.245837,54897,1,4395.29248,4405.477051,4510.261719,4538.287109,4417.061523,4531.543457,4557.881836,4411.061523,4565.317871,4428.215332,4497.118164,4524.015625,4577.871582,4387.861328,4384.697266,4508.871582,4554.487305,4534.025879,4500.584473,4387.697266,4385.753906,4573.47168,4528.348633,4496.830566,4388.148926,4583.102539,4393.676758,4563.697266,4518.440918,4412.630859,4531.748535,4502.297363,0,0,5,0,0,,,,0,4,4,4,4,4,4,4,4,4,4,4,4,4,4,4,4,4,4,4,4,4,4,4,4,4,4,4,4,4,4,4,4,100,,,,,,,,,,,,,,,,,,,,,,,,,,,,,,,,,,,13723,1,0.640557,-0.328029,-0.298802,0.626735,0.995378,0.010604,0.047718,15.119047,37.452381,-24.261906,,,,,,,,,,,,,,,,,,,,,,,,,,,,,,,,,,,,,,,,,,,,,,,,,,,,,,,,,,,,,,,,,,,,,,,,,,,,,,,,,,,,,,,,,,,,,,,,,,,,,,,,,,,,,,,,,,,,,,,,,,,,,,,,,,,,,,,,,,,,,,,,,,,,,,,,,,,,,,,,
1764669113.249743,54898,1,4394.169434,4404.29248,4509.020508,4536.89209,4415.861328,4530.559082,4556.323242,4409.682129,4563.502441,4427.399902,4495.856445,4522.805176,4576.615234,4386.651367,4383.302734,4507.153809,4553.205078,4532.128418,4499.10791,4386.712891,4384.733398,4572.015625,4527.189941,4495.323242,4386.671875,4581.769043,4391.810059,4561.994629,4517.76416,4410.984375,4530.097656,4500.548828,0,0,5,0,0,,,,0,4,4,4,4,4,4,4,4,4,4,4,4,4,4,4,4,4,4,4,4,4,4,4,4,4,4,4,4,4,4,4,4,100,,,,,,,,,,,,,,,,,,,,,,,,,,,,,,,,,,,,,,,,,,,,,,,,,,,,,,,,,,,,,,,,,,,,,,,,,,,,,,,,,,,,,,,,,,,,,,,,,,,,,,,,,,,,,,,,,,,,,,,,,,,,,,,,,,,,,,,,,,,,,,,,,,,,,,,,,,,,,,,,,,,,,,,,,,,,,,,,,,,,,,,,,,,,,,,,,,,,,,,,,,,,,,
1764669113.253649,54899,1,4393.046387,4403.10791,4507.779297,4535.497559,4414.661621,4529.574219,4554.76416,4408.302734,4561.687012,4426.584473,4494.594727,4521.594727,4575.358887,4385.440918,4381.907715,4505.436035,4551.922852,4530.230957,4497.630859,4385.728027,4383.712891,4570.559082,4526.030762,4493.81543,4385.194824,4580.436035,4389.943359,4560.29248,4517.087402,4409.338379,4528.446289,4498.799805,0,0,5,0,0,,,,0,4,4,4,4,4,4,4,4,4,4,4,4,4,4,4,4,4,4,4,4,4,4,4,4,4,4,4,4,4,4,4,4,100,,,,,,,,,,,,,,,,,,,,,,,,,,,,,,,,,,,13724,1,0.640376,-0.328291,-0.298357,0.626997,0.993843,0.010185,0.047299,14.976191,37.476189,-24.047619,,,,,,,,,,,,,,,,,,,,,,,,,,,,,,,,,,,,,,,,,,,,,,,,,,,,,,,,,,,,,,,,,,,,,,,,,,,,,,,,,,,,,,,,,,,,,,,,,,,,,,,,,,,,,,,,,,,,,,,,,,,,,,,,,,,,,,,,,,,,,,,,,,,,,,,,,,,,,,,,
1764669113.257555,54900,0,4391.922852,4401.922852,4506.538574,4534.102539,4413.461426,4528.589844,4553.205078,4406.922852,4559.871582,4425.769043,4493.333496,4520.384766,4574.102539,4384.230957,4380.512695,4503.717773,4550.641113,4528.333496,4496.153809,4384.743652,4382.692383,4569.102539,4524.871582,4492.307617,4383.717773,4579.102539,4388.077148,4558.589844,4516.410156,4407.692383,4526.794922,4497.05127,2624,0,5,2572,57459,,,,0,4,4,4,4,4,4,4,4,4,4,4,4,4,4,4,4,4,4,4,4,4,4,4,4,4,4,4,4,4,4,4,4,100,,,,,,,,,,,,,,,,,,,,,,,,,,,,,,,,,,,,,,,,,,,,,,,,,,,,,,,,,,,,,,,,,,,,,,,,,,,,,,,,,,,,,,,,,,,,,,,,,,,,,,,,,,,,,,,,,,,,,,,,,,,,,,,,,,,,,,,,,,,,,,,,,,,,,,,,,,,,,,,,,,,,,,,,,,,,,,,,,,,,,,,,,,,,,,,,,,,,,,,,,,,,,,
1764669113.261461,54901,0,4376.922852,4381.794922,4488.077148,4517.563965,4395.641113,4511.794922,4534.871582,4390.256348,4538.205078,4394.615234,4484.743652,4508.205078,4560.641113,4372.436035,4361.153809,4482.179688,4536.666504,4518.974121,4498.205078,4376.538574,4380.512695,4560.769043,4511.025879,4483.589844,4365.769043,4564.871582,4374.230957,4543.077148,4503.589844,4395,4502.05127,4483.205078,2861,0,5,2572,57459,,,,0,4,4,4,4,4,4,4,4,4,4,4,4,4,4,4,4,4,4,4,4,4,4,4,4,4,4,4,4,4,4,4,4,100,,,,,,,,,,,,,,,,,,,,,,,,,,,,,,,,,,,13725,0,0.640194,-0.328552,-0.297913,0.627258,0.992309,0.009767,0.046881,14.833333,37.5,-23.833334,,,,,,,,,,,,,,,,,,,,,,,,,,,,,,,,,,,,,,,,,,,,,,,,,,,,,,,,,,,,,,,,,,,,,,,,,,,,,,,,,,,,,,,,,,,,,,,,,,,,,,,,,,,,,,,,,,,,,,,,,,,,,,,,,,,,,,,,,,,,,,,,,,,,,,,,,,,,,,,,
1764669113.265367,54902,0,4372.307617,4374.487305,4478.461426,4508.589844,4391.666504,4505.769043,4528.333496,4384.743652,4529.487305,4372.94873,4486.025879,4506.282227,4556.922852,4372.692383,4360.128418,4478.333496,4534.487305,4524.871582,4510.256348,4380.641113,4387.05127,4564.871582,4509.743652,4487.307617,4349.871582,4556.025879,4371.410156,4541.538574,4498.205078,4390.897461,4490.897461,4479.358887,2968,0,5,2573,57467,,,,0,4,4,4,4,4,4,4,4,4,4,4,4,4,4,4,4,4,4,4,4,4,4,4,4,4,4,4,4,4,4,4,4,100,,,,,,,,,,,,,,,,,,,,,,,,,,,,,,,,,,,,,,,,,,,,,,,,,,,,,,,,,,,,,,,,,,,,,,,,,,,,,,,,,,,,,,,,,,,,,,,,,,,,,,,,,,,,,,,,,,,,,,,,,,,,,,,,,,,,,,,,,,,,,,,,,,,,,,,,,,,,,,,,,,,,,,,,,,,,,,,,,,,,,,,,,,,,,,,,,,,,,,,,,,,,,,
1764669113.269273,54903,0,4380.641113,4383.333496,4480.769043,4510.256348,4402.05127,4513.077148,4536.538574,4393.333496,4538.589844,4373.205078,4496.025879,4515.128418,4564.615234,4385.512695,4377.436035,4494.615234,4544.487305,4542.05127,4524.487305,4393.846191,4398.974121,4578.205078,4520.641113,4500.897461,4352.563965,4558.333496,4380.512695,4553.077148,4502.94873,4396.794922,4498.974121,4487.436035,2887,0,5,2573,57467,,,,0,4,4,4,4,4,4,4,4,4,4,4,4,4,4,4,4,4,4,4,4,4,4,4,4,4,4,4,4,4,4,4,4,100,,,,,,,,,,,,,,,,,,,,,,,,,,,,,,,,,,,,,,,,,,,,,,,,,,,,,,,,,,,,,,,,,,,,,,,,,,,,,,,,,,,,,,,,,,,,,,,,,,,,,,,,,,,,,,,,,,,,,,,,,,,,,,,,,,,,,,,,,,,,,,,,,,,,,,,,,,,,,,,,,,,,,,,,,,,,,,,,,,,,,,,,,,,,,,,,,,,,,,,,,,,,,,
1764669113.273179,54904,0,4395.384766,4401.153809,4491.538574,4518.461426,4416.794922,4527.307617,4552.692383,4408.846191,4558.589844,4391.538574,4507.436035,4527.94873,4577.692383,4402.563965,4400,4520.128418,4559.230957,4559.743652,4532.692383,4407.05127,4410.128418,4591.794922,4535.128418,4515.641113,4378.717773,4570,4393.846191,4568.461426,4513.846191,4406.025879,4517.05127,4501.538574,2751,0,5,2574,57474,,,,0,4,4,4,4,4,4,4,4,4,4,4,4,4,4,4,4,4,4,4,4,4,4,4,4,4,4,4,4,4,4,4,4,100,,,,,,,,,,,,,,,,,,,,,,,,,,,,,,,,,,,,,,,,,,,,,,,3.111825,1.840676,2.251034,0.905314,1.065452,11.044861,2.91971,1.776234,1.167306,1.566545,60.078785,4.946987,3.214512,4.388127,3.125213,13.151991,2.605165,2.398353,1.750062,1.613922,10.670627,2.074626,1.829613,1.51562,1.959846,5.410433,1.922141,1.851867,0.895634,1.247192,4.018336,2.515482,2.503246,1.172795,1.399654,7.052047,2.378772,2.09054,0.975445,1.508163,3.070707,1.65164,2.062851,2.128288,1.285295,1.786744,1.915696,7.35371,3.336843,3.190166,1.669054,1.770886,1.452679,1.197288,1.134362,3.408072,1.366722,2.59531,1.034038,1.11196,1.246713,1.194002,1.956105,0.932771,1.268282,0.727617,0.784239,0.625375,0.859957,0.903428,1.092183,2.075051,1.661386,1.346489,1.301397,1.419419,2.01406,3.420604,1.748932,1.802099,2.765019,2.204486,3.520964,1.279902,1.467193,2.272934,2.621606,4.506564,1.701573,2.311776,1.69547,1.669875,3.257337,0.908394,1.632292,1.483309,2.994471,4.088266,1.07204,1.391677,2.713453,2.53162,3.524101,0.785916,1.918297,2.426934,2.913332,3.371283,1.079794,1.645223,2.396937,2.712698,2.608033,0.875649,1.1632,2.477756,2.936558,2.861749,1.142455,1.405719,5.240629,4.574862,11.99433,4.215634,5.383828,1.684564,2.46807,2.499481,1.306598,1.145395,3.211046,2.604299,1.66052,1.611883,1.827883,2.658727,2.889279,2.547833,1.091098,1.436227,2.273095,1.108829,1.03433,0.559106,0.605361,10.111074,2.555212,2.427691,2.275851,2.05727,6.70431,3.468595,1.700026,2.127605,2.776203,73.767197,8.98058,3.102629,8.54139,4.604795
1764669113.277085,54905,0,4405.384766,4413.846191,4503.333496,4524.743652,4421.794922,4536.922852,4563.846191,4417.94873,4574.487305,4411.153809,4511.666504,4535.256348,4586.410156,4413.077148,4411.282227,4537.307617,4567.436035,4566.538574,4530.897461,4411.025879,4414.487305,4596.153809,4542.05127,4521.794922,4414.743652,4582.05127,4400.384766,4576.153809,4522.05127,4409.615234,4528.461426,4510.769043,2919,0,5,2574,57474,,,,0,4,4,4,4,4,4,4,4,4,4,4,4,4,4,4,4,4,4,4,4,4,4,4,4,4,4,4,4,4,4,4,4,100,,,,,,,,,,,,,,,,,,,,,,,,,,,,,,,,,,,13726,0,0.640062,-0.328552,-0.297424,0.627625,0.992309,0.009767,0.046881,15,37,-23.333334,,,,,,,,,,,,,,,,,,,,,,,,,,,,,,,,,,,,,,,,,,,,,,,,,,,,,,,,,,,,,,,,,,,,,,,,,,,,,,,,,,,,,,,,,,,,,,,,,,,,,,,,,,,,,,,,,,,,,,,,,,,,,,,,,,,,,,,,,,,,,,,,,,,,,,,,,,,,,,,,
1764669113.280991,54906,0,4402.94873,4411.794922,4509.358887,4522.94873,4410.897461,4534.358887,4562.436035,4412.436035,4575.384766,4416.538574,4505.384766,4531.410156,4584.871582,4411.282227,4404.230957,4536.282227,4562.820313,4558.589844,4521.025879,4403.461426,4410.384766,4588.589844,4536.922852,4515.512695,4439.102539,4585.256348,4394.358887,4570.641113,4521.153809,4403.717773,4523.461426,4508.077148,1834,0,5,2575,57482,,,,0,4,4,4,4,4,4,4,4,4,4,4,4,4,4,4,4,4,4,4,4,4,4,4,4,4,4,4,4,4,4,4,4,100,,,,,,,,,,,,,,,,,,,,,,,,,,,,,,,,,,,,,,,,,,,,,,,,,,,,,,,,,,,,,,,,,,,,,,,,,,,,,,,,,,,,,,,,,,,,,,,,,,,,,,,,,,,,,,,,,,,,,,,,,,,,,,,,,,,,,,,,,,,,,,,,,,,,,,,,,,,,,,,,,,,,,,,,,,,,,,,,,,,,,,,,,,,,,,,,,,,,,,,,,,,,,,
1764669113.284897,54907,0,4391.153809,4397.94873,4508.205078,4515.128418,4391.538574,4522.692383,4551.282227,4396.666504,4562.692383,4406.282227,4493.846191,4520,4575.512695,4401.153809,4386.794922,4521.922852,4549.487305,4542.94873,4510.384766,4390.641113,4401.282227,4575.769043,4525,4502.820313,4441.153809,4577.94873,4380,4556.922852,4512.563965,4393.333496,4507.05127,4497.05127,2466,0,5,2575,57482,,,,0,4,4,4,4,4,4,4,4,4,4,4,4,4,4,4,4,4,4,4,4,4,4,4,4,4,4,4,4,4,4,4,4,100,,,,,,,,,,,,,,,,,,,,,,,,,,,,,,,,,,,,,,,,,,,,,,,,,,,,,,,,,,,,,,,,,,,,,,,,,,,,,,,,,,,,,,,,,,,,,,,,,,,,,,,,,,,,,,,,,,,,,,,,,,,,,,,,,,,,,,,,,,,,,,,,,,,,,,,,,,,,,,,,,,,,,,,,,,,,,,,,,,,,,,,,,,,,,,,,,,,,,,,,,,,,,,
1764669113.288803,54908,0,4380.897461,4384.230957,4504.358887,4510,4378.589844,4512.94873,4541.794922,4384.358887,4547.692383,4392.563965,4486.025879,4510.256348,4567.307617,4392.179688,4374.102539,4508.077148,4538.846191,4532.563965,4507.307617,4383.077148,4393.333496,4568.205078,4516.666504,4495.256348,4428.205078,4567.307617,4368.333496,4546.410156,4503.974121,4387.94873,4494.230957,4489.102539,2661,0,5,2576,57490,,,,0,4,4,4,4,4,4,4,4,4,4,4,4,4,4,4,4,4,4,4,4,4,4,4,4,4,4,4,4,4,4,4,4,100,,,,,,,,,,,,,,,,,,,,,,,,,,,,,,,,,,,,,,,,,,,,,,,,,,,,,,,,,,,,,,,,,,,,,,,,,,,,,,,,,,,,,,,,,,,,,,,,,,,,,,,,,,,,,,,,,,,,,,,,,,,,,,,,,,,,,,,,,,,,,,,,,,,,,,,,,,,,,,,,,,,,,,,,,,,,,,,,,,,,,,,,,,,,,,,,,,,,,,,,,,,,,,
1764669113.292709,54909,0,4381.410156,4382.692383,4503.846191,4515.384766,4383.205078,4514.871582,4543.333496,4386.282227,4542.307617,4388.589844,4487.692383,4509.487305,4567.436035,4391.922852,4375.641113,4505.256348,4540,4535.641113,4514.615234,4386.410156,4391.153809,4572.692383,4518.974121,4500.384766,4417.05127,4563.589844,4368.589844,4547.692383,4503.077148,4393.077148,4496.794922,4494.615234,2497,0,5,2576,57490,,,,0,4,4,4,4,4,4,4,4,4,4,4,4,4,4,4,4,4,4,4,4,4,4,4,4,4,4,4,4,4,4,4,4,100,,,,,,,,,,,,,,,,,,,,,,,,,,,,,,,,,,,13727,0,0.63999,-0.328552,-0.296936,0.62793,0.978635,0.00293,0.066903,14.166667,39,-25.333334,,,,,,,,,,,,,,,,,,,,,,,,,,,,,,,,,,,,,,,,,,,,,,,,,,,,,,,,,,,,,,,,,,,,,,,,,,,,,,,,,,,,,,,,,,,,,,,,,,,,,,,,,,,,,,,,,,,,,,,,,,,,,,,,,,,,,,,,,,,,,,,,,,,,,,,,,,,,,,,,
1764669113.296615,54910,0,4393.077148,4395.384766,4510,4531.794922,4403.589844,4528.846191,4555.641113,4402.179688,4550.384766,4397.820313,4497.436035,4517.94873,4576.025879,4400.256348,4388.461426,4512.94873,4552.94873,4549.230957,4528.205078,4398.077148,4395.512695,4586.025879,4530.512695,4515.641113,4417.563965,4571.410156,4381.666504,4560.512695,4511.410156,4406.282227,4513.974121,4513.974121,2766,0,5,2576,57498,,,,0,4,4,4,4,4,4,4,4,4,4,4,4,4,4,4,4,4,4,4,4,4,4,4,4,4,4,4,4,4,4,4,4,100,,,,,,,,,,,,,,,,,,,,,,,,,,,,,,,,,,,,,,,,,,,,,,,,,,,,,,,,,,,,,,,,,,,,,,,,,,,,,,,,,,,,,,,,,,,,,,,,,,,,,,,,,,,,,,,,,,,,,,,,,,,,,,,,,,,,,,,,,,,,,,,,,,,,,,,,,,,,,,,,,,,,,,,,,,,,,,,,,,,,,,,,,,,,,,,,,,,,,,,,,,,,,,
1764669113.300521,54911,0,4407.179688,4413.333496,4520.512695,4551.153809,4426.282227,4545.384766,4569.358887,4420.512695,4565.641113,4411.666504,4507.563965,4528.589844,4586.538574,4410.641113,4401.666504,4522.179688,4567.94873,4562.307617,4539.487305,4409.615234,4402.820313,4597.436035,4541.922852,4529.743652,4424.230957,4585.769043,4399.102539,4575.384766,4523.077148,4418.589844,4533.974121,4536.025879,2770,0,5,2576,57498,,,,0,4,4,4,4,4,4,4,4,4,4,4,4,4,4,4,4,4,4,4,4,4,4,4,4,4,4,4,4,4,4,4,4,100,,,,,,,,,,,,,,,,,,,,,,,,,,,,,,,,,,,,,,,,,,,,,,,,,,,,,,,,,,,,,,,,,,,,,,,,,,,,,,,,,,,,,,,,,,,,,,,,,,,,,,,,,,,,,,,,,,,,,,,,,,,,,,,,,,,,,,,,,,,,,,,,,,,,,,,,,,,,,,,,,,,,,,,,,,,,,,,,,,,,,,,,,,,,,,,,,,,,,,,,,,,,,,
1764669113.304427,54912,0,4412.05127,4423.333496,4527.436035,4561.794922,4435.769043,4552.05127,4573.461426,4428.205078,4576.410156,4416.794922,4510.128418,4533.077148,4590.512695,4414.871582,4406.410156,4525,4573.205078,4565,4542.307617,4413.077148,4408.589844,4596.538574,4543.846191,4530.897461,4422.05127,4596.153809,4408.974121,4580.897461,4529.615234,4421.025879,4543.974121,4545.384766,2839,0,5,2576,57506,,,,0,4,4,4,4,4,4,4,4,4,4,4,4,4,4,4,4,4,4,4,4,4,4,4,4,4,4,4,4,4,4,4,4,100,,,,,,,,,,,,,,,,,,,,,,,,,,,,,,,,,,,,,,,,,,,,,,,,,,,,,,,,,,,,,,,,,,,,,,,,,,,,,,,,,,,,,,,,,,,,,,,,,,,,,,,,,,,,,,,,,,,,,,,,,,,,,,,,,,,,,,,,,,,,,,,,,,,,,,,,,,,,,,,,,,,,,,,,,,,,,,,,,,,,,,,,,,,,,,,,,,,,,,,,,,,,,,
1764669113.308333,54913,0,4402.94873,4418.461426,4523.205078,4556.666504,4426.025879,4543.333496,4563.589844,4419.615234,4574.102539,4406.282227,4502.820313,4527.94873,4584.487305,4409.358887,4400.384766,4519.230957,4564.358887,4556.153809,4536.410156,4405.897461,4409.102539,4582.05127,4533.461426,4516.025879,4402.436035,4594.230957,4405.128418,4572.05127,4526.922852,4411.794922,4538.974121,4533.077148,2943,0,5,2576,57506,,,,0,4,4,4,4,4,4,4,4,4,4,4,4,4,4,4,4,4,4,4,4,4,4,4,4,4,4,4,4,4,4,4,4,100,,,,,,,,,,,,,,,,,,,,,,,,,,,,,,,,,,,13728,0,0.639888,-0.328491,-0.296448,0.628296,0.992797,0.015627,0.042974,15.833333,39.333332,-25,,,,,,,,,,,,,,,,,,,,,,,,,,,,,,,,,,,,,,,,,,,,,,,,,,,,,,,,,,,,,,,,,,,,,,,,,,,,,,,,,,,,,,,,,,,,,,,,,,,,,,,,,,,,,,,,,,,,,,,,,,,,,,,,,,,,,,,,,,,,,,,,,,,,,,,,,,,,,,,,
1764669113.312239,54914,0,4385.769043,4403.333496,4508.077148,4538.589844,4405.897461,4525.384766,4546.153809,4401.794922,4560.256348,4387.307617,4491.153809,4516.666504,4573.333496,4397.307617,4388.717773,4510.384766,4547.563965,4544.102539,4527.179688,4392.179688,4404.487305,4562.820313,4517.307617,4494.102539,4373.589844,4582.179688,4391.538574,4554.871582,4517.94873,4398.461426,4525.256348,4505.641113,2719,0,5,2576,57513,,,,0,4,4,4,4,4,4,4,4,4,4,4,4,4,4,4,4,4,4,4,4,4,4,4,4,4,4,4,4,4,4,4,4,100,,,,,,,,,,,,,,,,,,,,,,,,,,,,,,,,,,,,,,,,,,,,,,,,,,,,,,,,,,,,,,,,,,,,,,,,,,,,,,,,,,,,,,,,,,,,,,,,,,,,,,,,,,,,,,,,,,,,,,,,,,,,,,,,,,,,,,,,,,,,,,,,,,,,,,,,,,,,,,,,,,,,,,,,,,,,,,,,,,,,,,,,,,,,,,,,,,,,,,,,,,,,,,
1764669113.316145,54915,0,4372.820313,4390.512695,4490.384766,4519.230957,4392.179688,4511.666504,4533.589844,4388.333496,4545.384766,4376.922852,4484.743652,4508.077148,4566.025879,4386.922852,4379.743652,4506.922852,4535,4540,4521.794922,4380.897461,4398.717773,4552.436035,4506.794922,4479.871582,4356.025879,4570.256348,4380.384766,4542.05127,4510.256348,4392.05127,4514.871582,4481.282227,2881,0,5,2576,57513,,,,0,4,4,4,4,4,4,4,4,4,4,4,4,4,4,4,4,4,4,4,4,4,4,4,4,4,4,4,4,4,4,4,4,100,,,,,,,,,,,,,,,,,,,,,,,,,,,,,,,,,,,,,,,,,,,,,,,,,,,,,,,,,,,,,,,,,,,,,,,,,,,,,,,,,,,,,,,,,,,,,,,,,,,,,,,,,,,,,,,,,,,,,,,,,,,,,,,,,,,,,,,,,,,,,,,,,,,,,,,,,,,,,,,,,,,,,,,,,,,,,,,,,,,,,,,,,,,,,,,,,,,,,,,,,,,,,,
1764669113.320051,54916,0,4373.333496,4390,4481.410156,4511.666504,4396.538574,4512.563965,4534.487305,4389.230957,4541.025879,4387.563965,4489.358887,4509.102539,4568.974121,4385.128418,4380.384766,4514.743652,4535.256348,4548.846191,4524.871582,4379.230957,4396.794922,4558.974121,4509.871582,4483.333496,4364.615234,4568.589844,4381.410156,4543.333496,4510.128418,4398.461426,4515.897461,4476.666504,2783,0,5,2576,57521,,,,0,4,4,4,4,4,4,4,4,4,4,4,4,4,4,4,4,4,4,4,4,4,4,4,4,4,4,4,4,4,4,4,4,100,,,,,,,,,,,,,,,,,,,,,,,,,,,,,,,,,,,,,,,,,,,,,,,,,,,,,,,,,,,,,,,,,,,,,,,,,,,,,,,,,,,,,,,,,,,,,,,,,,,,,,,,,,,,,,,,,,,,,,,,,,,,,,,,,,,,,,,,,,,,,,,,,,,,,,,,,,,,,,,,,,,,,,,,,,,,,,,,,,,,,,,,,,,,,,,,,,,,,,,,,,,,,,
1764669113.323957,54917,0,4386.153809,4402.563965,4486.153809,4520.384766,4416.025879,4527.179688,4547.692383,4403.461426,4550.897461,4415,4502.692383,4520,4580.641113,4393.461426,4391.538574,4531.410156,4547.94873,4565.769043,4535.512695,4388.717773,4400.897461,4579.743652,4525.128418,4502.563965,4394.487305,4579.358887,4394.743652,4558.846191,4518.077148,4413.461426,4527.179688,4493.205078,2860,0,5,2576,57521,,,,0,4,4,4,4,4,4,4,4,4,4,4,4,4,4,4,4,4,4,4,4,4,4,4,4,4,4,4,4,4,4,4,4,100,,,,,,,,,,,,,,,,,,,,,,,,,,,,,,,,,,,13729,0,0.639507,-0.328003,-0.295349,0.629456,1.005005,0.005372,0.050787,14.833333,38,-25.166666,,,,,,,,,,,,,,,,,,,,,,,,,,,,,,,,,,,,,,,,,,,,,,,,,,,,,,,,,,,,,,,,,,,,,,,,,,,,,,,,,,,,,,,,,,,,,,,,,,,,,,,,,,,,,,,,,,,,,,,,,,,,,,,,,,,,,,,,,,,,,,,,,,,,,,,,,,,,,,,,
1764669113.327863,54918,0,4402.692383,4420.128418,4500.769043,4538.461426,4437.179688,4545.384766,4564.487305,4421.025879,4568.461426,4440.256348,4516.538574,4534.487305,4593.333496,4406.410156,4407.563965,4546.666504,4564.743652,4579.487305,4547.820313,4403.974121,4408.589844,4603.589844,4543.461426,4526.666504,4424.102539,4595.256348,4411.153809,4578.589844,4529.358887,4427.307617,4540.384766,4516.410156,2838,0,5,2576,57529,,,,0,4,4,4,4,4,4,4,4,4,4,4,4,4,4,4,4,4,4,4,4,4,4,4,4,4,4,4,4,4,4,4,4,100,,,,,,,,,,,,,,,,,,,,,,,,,,,,,,,,,,,,,,,,,,,,,,,,,,,,,,,,,,,,,,,,,,,,,,,,,,,,,,,,,,,,,,,,,,,,,,,,,,,,,,,,,,,,,,,,,,,,,,,,,,,,,,,,,,,,,,,,,,,,,,,,,,,,,,,,,,,,,,,,,,,,,,,,,,,,,,,,,,,,,,,,,,,,,,,,,,,,,,,,,,,,,,
1764669113.331769,54919,0,4413.846191,4432.820313,4516.922852,4553.589844,4447.436035,4556.666504,4575.641113,4431.025879,4583.205078,4445.512695,4523.205078,4544.615234,4599.743652,4416.410156,4419.102539,4549.871582,4576.538574,4581.153809,4554.871582,4417.436035,4415.897461,4618.846191,4555.512695,4543.333496,4434.743652,4606.794922,4420.384766,4591.538574,4537.05127,4433.589844,4547.179688,4529.102539,3011,0,5,2576,57529,,,,0,4,4,4,4,4,4,4,4,4,4,4,4,4,4,4,4,4,4,4,4,4,4,4,4,4,4,4,4,4,4,4,4,100,,,,,,,,,,,,,,,,,,,,,,,,,,,,,,,,,,,,,,,,,,,,,,,,,,,,,,,,,,,,,,,,,,,,,,,,,,,,,,,,,,,,,,,,,,,,,,,,,,,,,,,,,,,,,,,,,,,,,,,,,,,,,,,,,,,,,,,,,,,,,,,,,,,,,,,,,,,,,,,,,,,,,,,,,,,,,,,,,,,,,,,,,,,,,,,,,,,,,,,,,,,,,,
1764669113.335675,54920,0,4416.794922,4435.897461,4527.820313,4557.692383,4443.846191,4557.94873,4577.692383,4430.256348,4588.846191,4428.205078,4521.666504,4547.307617,4598.589844,4418.717773,4419.871582,4539.230957,4579.871582,4571.282227,4552.692383,4424.102539,4419.615234,4621.153809,4557.05127,4546.282227,4424.871582,4608.461426,4419.230957,4592.820313,4538.205078,4432.307617,4546.153809,4524.487305,2931,0,5,2576,57537,,,,0,4,4,4,4,4,4,4,4,4,4,4,4,4,4,4,4,4,4,4,4,4,4,4,4,4,4,4,4,4,4,4,4,100,,,,,,,,,,,,,,,,,,,,,,,,,,,,,,,,,,,,,,,,,,,,,,,,,,,,,,,,,,,,,,,,,,,,,,,,,,,,,,,,,,,,,,,,,,,,,,,,,,,,,,,,,,,,,,,,,,,,,,,,,,,,,,,,,,,,,,,,,,,,,,,,,,,,,,,,,,,,,,,,,,,,,,,,,,,,,,,,,,,,,,,,,,,,,,,,,,,,,,,,,,,,,,
1764669113.339581,54921,0,4414.102539,4431.666504,4530.769043,4550.897461,4433.077148,4552.94873,4573.333496,4422.94873,4586.538574,4402.563965,4516.282227,4544.358887,4593.717773,4414.487305,4410.384766,4523.461426,4576.794922,4557.692383,4542.94873,4422.94873,4419.615234,4612.820313,4550.512695,4537.436035,4408.077148,4601.922852,4411.666504,4585.256348,4533.974121,4427.563965,4541.153809,4509.615234,2803,0,5,2576,57537,,,,0,4,4,4,4,4,4,4,4,4,4,4,4,4,4,4,4,4,4,4,4,4,4,4,4,4,4,4,4,4,4,4,4,100,,,,,,,,,,,,,,,,,,,,,,,,,,,,,,,,,,,13730,0,0.639133,-0.327881,-0.294861,0.630127,1.016726,-0.003418,0.047857,16,38.333332,-24.666666,,,,,,,,,,,,,,,,,,,,,,,,,,,,,,,,,,,,,,,,,,,,,,,,,,,,,,,,,,,,,,,,,,,,,,,,,,,,,,,,,,,,,,,,,,,,,,,,,,,,,,,,,,,,,,,,,,,,,,,,,,,,,,,,,,,,,,,,,,,,,,,,,,,,,,,,,,,,,,,,
1764669113.343487,54922,0,4409.102539,4424.743652,4527.307617,4540.384766,4423.205078,4547.05127,4566.538574,4416.282227,4581.282227,4387.436035,4511.922852,4539.230957,4589.102539,4407.94873,4396.538574,4513.974121,4571.410156,4548.974121,4530.769043,4416.410156,4416.153809,4598.846191,4540.256348,4522.436035,4398.205078,4592.820313,4403.333496,4574.743652,4528.205078,4422.179688,4535.897461,4496.282227,2463,0,5,2576,57545,,,,0,4,4,4,4,4,4,4,4,4,4,4,4,4,4,4,4,4,4,4,4,4,4,4,4,4,4,4,4,4,4,4,4,100,,,,,,,,,,,,,,,,,,,,,,,,,,,,,,,,,,,,,,,,,,,,,,,,,,,,,,,,,,,,,,,,,,,,,,,,,,,,,,,,,,,,,,,,,,,,,,,,,,,,,,,,,,,,,,,,,,,,,,,,,,,,,,,,,,,,,,,,,,,,,,,,,,,,,,,,,,,,,,,,,,,,,,,,,,,,,,,,,,,,,,,,,,,,,,,,,,,,,,,,,,,,,,
1764669113.347393,54923,0,4402.692383,4417.563965,4519.871582,4532.179688,4417.820313,4541.666504,4559.230957,4412.563965,4575.897461,4390.641113,4509.102539,4533.589844,4584.487305,4402.05127,4385,4514.487305,4564.615234,4546.025879,4520,4406.538574,4408.717773,4583.461426,4529.230957,4506.666504,4398.077148,4584.871582,4396.538574,4564.615234,4522.436035,4415.512695,4530.769043,4490.512695,2745,0,5,2576,57545,,,,0,4,4,4,4,4,4,4,4,4,4,4,4,4,4,4,4,4,4,4,4,4,4,4,4,4,4,4,4,4,4,4,4,100,,,,,,,,,,,,,,,,,,,,,,,,,,,,,,,,,,,,,,,,,,,,,,,,,,,,,,,,,,,,,,,,,,,,,,,,,,,,,,,,,,,,,,,,,,,,,,,,,,,,,,,,,,,,,,,,,,,,,,,,,,,,,,,,,,,,,,,,,,,,,,,,,,,,,,,,,,,,,,,,,,,,,,,,,,,,,,,,,,,,,,,,,,,,,,,,,,,,,,,,,,,,,,
1764669113.351299,54924,0,4393.205078,4408.717773,4511.410156,4528.589844,4414.102539,4534.615234,4550,4409.358887,4569.615234,4404.487305,4504.871582,4526.922852,4577.179688,4396.922852,4378.589844,4518.461426,4555.128418,4542.436035,4511.794922,4394.102539,4396.410156,4568.205078,4517.820313,4492.692383,4400.897461,4578.846191,4389.230957,4554.871582,4516.282227,4406.410156,4523.205078,4490.769043,2495,0,5,2576,57552,,,,0,4,4,4,4,4,4,4,4,4,4,4,4,4,4,4,4,4,4,4,4,4,4,4,4,4,4,4,4,4,4,4,4,100,,,,,,,,,,,,,,,,,,,,,,,,,,,,,,,,,,,,,,,,,,,,,,,,,,,,,,,,,,,,,,,,,,,,,,,,,,,,,,,,,,,,,,,,,,,,,,,,,,,,,,,,,,,,,,,,,,,,,,,,,,,,,,,,,,,,,,,,,,,,,,,,,,,,,,,,,,,,,,,,,,,,,,,,,,,,,,,,,,,,,,,,,,,,,,,,,,,,,,,,,,,,,,
1764669113.355205,54925,0,4380.641113,4397.05127,4503.461426,4528.461426,4408.077148,4523.846191,4537.94873,4403.333496,4561.025879,4413.974121,4497.307617,4518.846191,4566.025879,4391.538574,4376.282227,4516.538574,4542.436035,4533.077148,4505.256348,4380.512695,4382.179688,4555.512695,4506.794922,4482.307617,4399.871582,4573.333496,4380.256348,4545.256348,4509.487305,4396.922852,4512.436035,4492.436035,2263,0,5,2576,57552,,,,0,4,4,4,4,4,4,4,4,4,4,4,4,4,4,4,4,4,4,4,4,4,4,4,4,4,4,4,4,4,4,4,4,100,,,,,,,,,,,,,,,,,,,,,,,,,,,,,,,,,,,13731,0,0.638726,-0.327698,-0.29425,0.63092,0.996215,0,0.054206,14,37.166668,-23.833334,,,,,,,,,,,,,,,,,,,,,,,,,,,,,,,,,,,,,,,,,,,,,,,,,,,,,,,,,,,,,,,,,,,,,,,,,,,,,,,,,,,,,,,,,,,,,,,,,,,,,,,,,,,,,,,,,,,,,,,,,,,,,,,,,,,,,,,,,,,,,,,,,,,,,,,,,,,,,,,,
1764669113.359111,54926,0,4368.717773,4386.025879,4496.922852,4530.384766,4399.871582,4512.05127,4525.641113,4395,4552.436035,4410.641113,4488.589844,4510.769043,4554.615234,4386.538574,4376.025879,4506.282227,4530.384766,4520,4500.897461,4369.743652,4372.563965,4548.846191,4499.102539,4477.820313,4397.307617,4569.487305,4372.692383,4537.563965,4503.461426,4391.794922,4502.05127,4493.974121,2750,0,5,2576,57560,,,,0,4,4,4,4,4,4,4,4,4,4,4,4,4,4,4,4,4,4,4,4,4,4,4,4,4,4,4,4,4,4,4,4,100,,,,,,,,,,,,,,,,,,,,,,,,,,,,,,,,,,,,,,,,,,,,,,,,,,,,,,,,,,,,,,,,,,,,,,,,,,,,,,,,,,,,,,,,,,,,,,,,,,,,,,,,,,,,,,,,,,,,,,,,,,,,,,,,,,,,,,,,,,,,,,,,,,,,,,,,,,,,,,,,,,,,,,,,,,,,,,,,,,,,,,,,,,,,,,,,,,,,,,,,,,,,,,
1764669113.363017,54927,0,4363.205078,4381.025879,4492.820313,4533.717773,4393.461426,4505.128418,4517.692383,4388.333496,4548.461426,4397.436035,4483.717773,4506.410156,4548.846191,4384.102539,4375.641113,4494.615234,4524.743652,4511.666504,4500.641113,4366.666504,4372.94873,4551.025879,4498.205078,4481.538574,4399.871582,4570.256348,4371.538574,4535.256348,4501.282227,4393.974121,4497.94873,4496.410156,2458,0,5,2576,57560,,,,0,4,4,4,4,4,4,4,4,4,4,4,4,4,4,4,4,4,4,4,4,4,4,4,4,4,4,4,4,4,4,4,4,100,,,,,,,,,,,,,,,,,,,,,,,,,,,,,,,,,,,,,,,,,,,,,,,,,,,,,,,,,,,,,,,,,,,,,,,,,,,,,,,,,,,,,,,,,,,,,,,,,,,,,,,,,,,,,,,,,,,,,,,,,,,,,,,,,,,,,,,,,,,,,,,,,,,,,,,,,,,,,,,,,,,,,,,,,,,,,,,,,,,,,,,,,,,,,,,,,,,,,,,,,,,,,,
1764669113.366923,54928,0,4366.025879,4384.230957,4490.897461,4536.410156,4392.307617,4506.282227,4516.282227,4386.153809,4551.666504,4385,4485.384766,4507.692383,4551.025879,4385.512695,4374.743652,4490.769043,4527.563965,4514.615234,4504.743652,4372.436035,4382.563965,4560.256348,4504.102539,4492.307617,4408.077148,4576.922852,4377.563965,4539.615234,4503.205078,4401.025879,4502.563965,4499.743652,2908,0,5,2576,57568,,,,0,4,4,4,4,4,4,4,4,4,4,4,4,4,4,4,4,4,4,4,4,4,4,4,4,4,4,4,4,4,4,4,4,100,,,,,,,,,,,,,,,,,,,,,,,,,,,,,,,,,,,,,,,,,,,,,,,,,,,,,,,,,,,,,,,,,,,,,,,,,,,,,,,,,,,,,,,,,,,,,,,,,,,,,,,,,,,,,,,,,,,,,,,,,,,,,,,,,,,,,,,,,,,,,,,,,,,,,,,,,,,,,,,,,,,,,,,,,,,,,,,,,,,,,,,,,,,,,,,,,,,,,,,,,,,,,,
1764669113.370829,54929,0,4372.563965,4392.05127,4491.410156,4535.256348,4395.512695,4512.179688,4519.230957,4387.820313,4560,4382.307617,4490.897461,4512.820313,4558.205078,4390.128418,4374.102539,4496.922852,4535.128418,4526.666504,4511.153809,4382.94873,4394.358887,4570.128418,4512.179688,4503.846191,4413.205078,4586.538574,4386.282227,4547.94873,4506.922852,4407.05127,4512.563965,4502.563965,2942,0,5,2576,57568,,,,0,4,4,4,4,4,4,4,4,4,4,4,4,4,4,4,4,4,4,4,4,4,4,4,4,4,4,4,4,4,4,4,4,100,,,,,,,,,,,,,,,,,,,,,,,,,,,,,,,,,,,13732,0,0.638195,-0.327515,-0.29364,0.631836,1.005494,-0.0293,0.070321,14.833333,37.5,-23.833334,,,,,,,,,,,,,,,,,,,,,,,,,,,,,,,,,,,,,,,,,,,,,,,,,,,,,,,,,,,,,,,,,,,,,,,,,,,,,,,,,,,,,,,,,,,,,,,,,,,,,,,,,,,,,,,,,,,,,,,,,,,,,,,,,,,,,,,,,,,,,,,,,,,,,,,,,,,,,,,,
1764669113.374735,54930,0,4376.794922,4398.461426,4494.487305,4530.384766,4399.743652,4516.666504,4522.692383,4390.897461,4569.615234,4391.922852,4495.769043,4517.692383,4564.871582,4396.025879,4375.512695,4508.077148,4541.538574,4539.615234,4517.179688,4392.563965,4400.897461,4574.871582,4517.05127,4510,4406.153809,4593.846191,4392.436035,4555.897461,4509.358887,4408.974121,4523.333496,4504.487305,1798,0,5,2576,57576,,,,0,4,4,4,4,4,4,4,4,4,4,4,4,4,4,4,4,4,4,4,4,4,4,4,4,4,4,4,4,4,4,4,4,100,,,,,,,,,,,,,,,,,,,,,,,,,,,,,,,,,,,,,,,,,,,,,,,,,,,,,,,,,,,,,,,,,,,,,,,,,,,,,,,,,,,,,,,,,,,,,,,,,,,,,,,,,,,,,,,,,,,,,,,,,,,,,,,,,,,,,,,,,,,,,,,,,,,,,,,,,,,,,,,,,,,,,,,,,,,,,,,,,,,,,,,,,,,,,,,,,,,,,,,,,,,,,,
1764669113.378641,54931,0,4376.794922,4400.256348,4501.025879,4526.153809,4403.461426,4516.538574,4525.384766,4394.487305,4577.05127,4409.871582,4497.563965,4520.384766,4568.589844,4402.05127,4380.641113,4517.179688,4544.487305,4546.794922,4522.05127,4397.820313,4400.641113,4574.615234,4517.563965,4509.615234,4388.077148,4596.538574,4395,4560.769043,4510.256348,4408.846191,4532.307617,4507.563965,2759,0,5,2576,57576,,,,0,4,4,4,4,4,4,4,4,4,4,4,4,4,4,4,4,4,4,4,4,4,4,4,4,4,4,4,4,4,4,4,4,100,,,,,,,,,,,,,,,,,,,,,,,,,,,,,,,,,,,,,,,,,,,,,,,,,,,,,,,,,,,,,,,,,,,,,,,,,,,,,,,,,,,,,,,,,,,,,,,,,,,,,,,,,,,,,,,,,,,,,,,,,,,,,,,,,,,,,,,,,,,,,,,,,,,,,,,,,,,,,,,,,,,,,,,,,,,,,,,,,,,,,,,,,,,,,,,,,,,,,,,,,,,,,,
1764669113.382547,54932,0,4375.897461,4398.461426,4510,4527.436035,4406.666504,4513.974121,4528.589844,4399.230957,4581.410156,4427.179688,4497.692383,4522.05127,4571.025879,4408.077148,4388.974121,4521.538574,4546.538574,4548.589844,4526.794922,4398.974121,4398.717773,4574.102539,4517.436035,4507.05127,4371.666504,4595.512695,4397.179688,4562.94873,4511.538574,4411.282227,4539.615234,4513.461426,2606,0,5,2570,57584,,,,0,4,4,4,4,4,4,4,4,4,4,4,4,4,4,4,4,4,4,4,4,4,4,4,4,4,4,4,4,4,4,4,4,100,,,,,,,,,,,,,,,,,,,,,,,,,,,,,,,,,,,,,,,,,,,,,,,,,,,,,,,,,,,,,,,,,,,,,,,,,,,,,,,,,,,,,,,,,,,,,,,,,,,,,,,,,,,,,,,,,,,,,,,,,,,,,,,,,,,,,,,,,,,,,,,,,,,,,,,,,,,,,,,,,,,,,,,,,,,,,,,,,,,,,,,,,,,,,,,,,,,,,,,,,,,,,,
1764669113.386453,54933,0,4377.563965,4396.153809,4518.205078,4535,4409.615234,4512.436035,4533.589844,4404.358887,4581.922852,4434.871582,4498.974121,4524.615234,4574.615234,4413.461426,4396.922852,4522.692383,4551.025879,4549.358887,4531.538574,4398.205078,4400.641113,4577.307617,4519.871582,4507.436035,4370.641113,4592.94873,4401.794922,4563.461426,4513.461426,4417.692383,4544.871582,4520.769043,2839,0,5,2570,57584,,,,0,4,4,4,4,4,4,4,4,4,4,4,4,4,4,4,4,4,4,4,4,4,4,4,4,4,4,4,4,4,4,4,4,100,,,,,,,,,,,,,,,,,,,,,,,,,,,,,,,,,,,13733,0,0.63784,-0.327148,-0.292847,0.632751,1.005494,-0.0293,0.070321,15.833333,36.5,-25,,,,,,,,,,,,,,,,,,,,,,,,,,,,,,,,,,,,,,,,,,,,,,,,,,,,,,,,,,,,,,,,,,,,,,,,,,,,,,,,,,,,,,,,,,,,,,,,,,,,,,,,,,,,,,,,,,,,,,,,,,,,,,,,,,,,,,,,,,,,,,,,,,,,,,,,,,,,,,,,
1764669113.390359,54934,0,4381.282227,4394.615234,4520.897461,4543.333496,4411.153809,4512.94873,4538.205078,4407.179688,4578.717773,4429.743652,4502.05127,4527.692383,4579.487305,4416.538574,4400.256348,4523.589844,4557.05127,4551.410156,4534.871582,4397.692383,4407.436035,4583.077148,4524.615234,4511.538574,4388.717773,4590.128418,4406.922852,4562.436035,4514.102539,4423.589844,4545.897461,4525.512695,2929,0,5,2570,57592,,,,0,4,4,4,4,4,4,4,4,4,4,4,4,4,4,4,4,4,4,4,4,4,4,4,4,4,4,4,4,4,4,4,4,100,,,,,,,,,,,,,,,,,,,,,,,,,,,,,,,,,,,,,,,,,,,,,,,,,,,,,,,,,,,,,,,,,,,,,,,,,,,,,,,,,,,,,,,,,,,,,,,,,,,,,,,,,,,,,,,,,,,,,,,,,,,,,,,,,,,,,,,,,,,,,,,,,,,,,,,,,,,,,,,,,,,,,,,,,,,,,,,,,,,,,,,,,,,,,,,,,,,,,,,,,,,,,,
1764669113.394265,54935,0,4383.461426,4392.692383,4515.512695,4546.153809,4409.871582,4513.205078,4539.358887,4404.487305,4572.436035,4416.538574,4505.384766,4528.717773,4583.077148,4415.641113,4397.436035,4525,4560.384766,4553.461426,4536.025879,4398.589844,4415.384766,4586.666504,4527.94873,4516.025879,4416.153809,4586.794922,4408.077148,4558.974121,4511.153809,4423.461426,4540.512695,4523.717773,2849,0,5,2570,57592,,,,0,4,4,4,4,4,4,4,4,4,4,4,4,4,4,4,4,4,4,4,4,4,4,4,4,4,4,4,4,4,4,4,4,100,,,,,,,,,,,,,,,,,,,,,,,,,,,,,,,,,,,,,,,,,,,,,,,,,,,,,,,,,,,,,,,,,,,,,,,,,,,,,,,,,,,,,,,,,,,,,,,,,,,,,,,,,,,,,,,,,,,,,,,,,,,,,,,,,,,,,,,,,,,,,,,,,,,,,,,,,,,,,,,,,,,,,,,,,,,,,,,,,,,,,,,,,,,,,,,,,,,,,,,,,,,,,,
1764669113.398171,54936,0,4381.666504,4389.487305,4505.256348,4541.794922,4406.153809,4511.538574,4536.666504,4396.922852,4566.025879,4405.128418,4507.05127,4526.025879,4583.589844,4411.538574,4391.025879,4525.128418,4558.077148,4553.205078,4535.512695,4401.410156,4419.358887,4585.897461,4527.179688,4517.692383,4437.563965,4583.333496,4402.436035,4554.102539,4505.256348,4416.538574,4530.641113,4515.384766,2723,0,5,2571,57599,,,,0,4,4,4,4,4,4,4,4,4,4,4,4,4,4,4,4,4,4,4,4,4,4,4,4,4,4,4,4,4,4,4,4,100,,,,,,,,,,,,,,,,,,,,,,,,,,,,,,,,,,,,,,,,,,,,,,,3.843586,1.796757,1.917757,0.940031,1.11965,9.417953,2.818165,1.513086,1.316793,1.614571,46.727165,4.731709,3.283856,4.363562,3.312681,11.181022,2.42569,2.284463,1.853066,1.686959,9.422457,2.039029,1.777051,1.656098,1.933624,5.706058,1.769406,1.611459,0.940112,1.303622,4.437343,2.151025,2.181958,1.337648,1.421753,6.72667,2.204293,1.851132,1.126472,1.533434,2.904821,1.638321,1.910873,2.427388,1.373678,2.263982,1.75385,6.983356,3.330092,3.306971,1.744046,1.475043,1.329456,1.262717,1.149095,4.067333,1.23893,2.346815,1.103502,1.167044,1.465926,1.021197,1.774924,1.02731,1.327721,0.663506,0.851593,0.624734,0.954603,0.951095,1.006562,1.885397,1.548649,1.467996,1.332644,1.415889,2.091594,3.086113,1.905861,1.849021,3.416887,1.978053,3.226709,1.341555,1.508298,2.268803,2.669596,4.089994,1.745835,2.392975,1.757005,1.854588,3.02047,0.904601,1.76717,1.782796,2.90458,3.785456,1.176741,1.436686,3.151856,2.702304,3.273624,0.779222,2.096129,2.991306,2.759192,3.086621,1.121882,1.683485,3.098569,2.609442,2.433451,0.922512,1.235823,3.215358,3.095507,2.696808,1.209217,1.42602,5.686877,5.192508,10.811111,4.291096,4.619833,2.104951,2.901681,2.602553,1.46109,1.164482,3.423215,2.866532,1.342325,1.850733,1.874136,3.487302,2.960935,2.281954,1.209383,1.550709,2.553168,1.158899,0.925654,0.58625,0.631287,8.657234,2.73754,2.473784,2.624972,2.035004,6.18448,3.707394,1.389043,2.34569,2.832702,56.398651,7.60761,2.655715,8.777309,4.548047
1764669113.402077,54937,0,4378.846191,4386.794922,4497.436035,4536.538574,4403.974121,4509.743652,4533.717773,4390.769043,4564.615234,4404.358887,4507.563965,4521.410156,4582.563965,4407.692383,4386.153809,4522.820313,4552.820313,4551.153809,4534.615234,4405.384766,4417.94873,4583.717773,4524.230957,4517.94873,4444.230957,4583.077148,4392.563965,4551.282227,4500.512695,4409.358887,4522.436035,4505.384766,2885,0,5,2571,57599,,,,0,4,4,4,4,4,4,4,4,4,4,4,4,4,4,4,4,4,4,4,4,4,4,4,4,4,4,4,4,4,4,4,4,100,,,,,,,,,,,,,,,,,,,,,,,,,,,,,,,,,,,13734,0,0.637199,-0.326233,-0.291565,0.63446,1.00061,-0.003418,0.036137,15.166667,38.333332,-23.5,,,,,,,,,,,,,,,,,,,,,,,,,,,,,,,,,,,,,,,,,,,,,,,,,,,,,,,,,,,,,,,,,,,,,,,,,,,,,,,,,,,,,,,,,,,,,,,,,,,,,,,,,,,,,,,,,,,,,,,,,,,,,,,,,,,,,,,,,,,,,,,,,,,,,,,,,,,,,,,,
1764669113.405983,54938,0,4380.256348,4388.461426,4499.743652,4539.487305,4408.205078,4511.922852,4536.538574,4393.717773,4572.179688,4415.384766,4510.256348,4519.615234,4583.461426,4407.436035,4386.794922,4519.615234,4551.153809,4550.897461,4534.615234,4410,4414.102539,4585.897461,4523.846191,4520.897461,4439.871582,4588.461426,4385.512695,4555,4501.538574,4410.128418,4522.820313,4500.256348,1811,0,5,2572,57607,,,,0,4,4,4,4,4,4,4,4,4,4,4,4,4,4,4,4,4,4,4,4,4,4,4,4,4,4,4,4,4,4,4,4,100,,,,,,,,,,,,,,,,,,,,,,,,,,,,,,,,,,,,,,,,,,,,,,,,,,,,,,,,,,,,,,,,,,,,,,,,,,,,,,,,,,,,,,,,,,,,,,,,,,,,,,,,,,,,,,,,,,,,,,,,,,,,,,,,,,,,,,,,,,,,,,,,,,,,,,,,,,,,,,,,,,,,,,,,,,,,,,,,,,,,,,,,,,,,,,,,,,,,,,,,,,,,,,
1764669113.409889,54939,0,4388.461426,4395.897461,4511.794922,4554.102539,4419.230957,4519.743652,4547.179688,4407.94873,4586.666504,4430.769043,4515.897461,4523.333496,4587.692383,4410.769043,4392.820313,4519.871582,4557.307617,4555.897461,4536.538574,4413.717773,4412.436035,4594.615234,4528.461426,4527.692383,4434.102539,4597.94873,4386.922852,4564.871582,4508.846191,4421.282227,4532.94873,4502.94873,2437,0,5,2572,57607,,,,0,4,4,4,4,4,4,4,4,4,4,4,4,4,4,4,4,4,4,4,4,4,4,4,4,4,4,4,4,4,4,4,4,100,,,,,,,,,,,,,,,,,,,,,,,,,,,,,,,,,,,,,,,,,,,,,,,,,,,,,,,,,,,,,,,,,,,,,,,,,,,,,,,,,,,,,,,,,,,,,,,,,,,,,,,,,,,,,,,,,,,,,,,,,,,,,,,,,,,,,,,,,,,,,,,,,,,,,,,,,,,,,,,,,,,,,,,,,,,,,,,,,,,,,,,,,,,,,,,,,,,,,,,,,,,,,,
1764669113.413795,54940,0,4398.077148,4403.846191,4523.589844,4572.94873,4429.743652,4528.461426,4559.743652,4425.641113,4598.846191,4437.05127,4521.153809,4529.871582,4591.666504,4413.589844,4399.615234,4525.384766,4566.922852,4564.871582,4540.641113,4414.358887,4413.974121,4604.230957,4534.743652,4533.461426,4429.871582,4603.846191,4394.230957,4574.487305,4516.922852,4434.358887,4544.615234,4509.102539,2626,0,5,2566,57615,,,,0,4,4,4,4,4,4,4,4,4,4,4,4,4,4,4,4,4,4,4,4,4,4,4,4,4,4,4,4,4,4,4,4,100,,,,,,,,,,,,,,,,,,,,,,,,,,,,,,,,,,,,,,,,,,,,,,,,,,,,,,,,,,,,,,,,,,,,,,,,,,,,,,,,,,,,,,,,,,,,,,,,,,,,,,,,,,,,,,,,,,,,,,,,,,,,,,,,,,,,,,,,,,,,,,,,,,,,,,,,,,,,,,,,,,,,,,,,,,,,,,,,,,,,,,,,,,,,,,,,,,,,,,,,,,,,,,
1764669113.417701,54941,0,4399.871582,4403.846191,4522.563965,4581.794922,4429.871582,4529.743652,4563.846191,4433.333496,4598.333496,4424.358887,4519.743652,4532.05127,4589.615234,4411.538574,4400.769043,4532.820313,4570.384766,4571.410156,4545.512695,4409.487305,4414.871582,4605.769043,4535.256348,4531.410156,4420.128418,4598.333496,4398.589844,4575.128418,4518.589844,4436.153809,4545.641113,4509.871582,2463,0,5,2566,57615,,,,0,4,4,4,4,4,4,4,4,4,4,4,4,4,4,4,4,4,4,4,4,4,4,4,4,4,4,4,4,4,4,4,4,100,,,,,,,,,,,,,,,,,,,,,,,,,,,,,,,,,,,13735,0,0.636777,-0.325745,-0.290771,0.635498,1.00061,-0.003418,0.036137,13.833333,37.833332,-24.166666,,,,,,,,,,,,,,,,,,,,,,,,,,,,,,,,,,,,,,,,,,,,,,,,,,,,,,,,,,,,,,,,,,,,,,,,,,,,,,,,,,,,,,,,,,,,,,,,,,,,,,,,,,,,,,,,,,,,,,,,,,,,,,,,,,,,,,,,,,,,,,,,,,,,,,,,,,,,,,,,
1764669113.421607,54942,0,4388.333496,4391.794922,4505.384766,4571.922852,4415.512695,4519.102539,4553.333496,4422.94873,4582.692383,4396.153809,4508.589844,4524.615234,4578.589844,4403.717773,4393.589844,4534.871582,4560.641113,4568.974121,4547.94873,4399.615234,4410.512695,4594.487305,4525.256348,4518.589844,4398.333496,4580.384766,4392.692383,4563.205078,4510.384766,4420.769043,4529.743652,4499.230957,2728,0,5,2567,57623,,,,0,4,4,4,4,4,4,4,4,4,4,4,4,4,4,4,4,4,4,4,4,4,4,4,4,4,4,4,4,4,4,4,4,100,,,,,,,,,,,,,,,,,,,,,,,,,,,,,,,,,,,,,,,,,,,,,,,,,,,,,,,,,,,,,,,,,,,,,,,,,,,,,,,,,,,,,,,,,,,,,,,,,,,,,,,,,,,,,,,,,,,,,,,,,,,,,,,,,,,,,,,,,,,,,,,,,,,,,,,,,,,,,,,,,,,,,,,,,,,,,,,,,,,,,,,,,,,,,,,,,,,,,,,,,,,,,,
1764669113.425513,54943,0,4368.077148,4372.307617,4481.282227,4548.461426,4392.692383,4500.897461,4531.922852,4399.743652,4561.025879,4368.333496,4491.794922,4509.358887,4561.922852,4393.589844,4381.153809,4527.820313,4540.256348,4556.410156,4544.871582,4389.487305,4400.512695,4574.487305,4508.205078,4500,4371.410156,4558.333496,4377.94873,4544.230957,4496.153809,4395.128418,4502.820313,4480.897461,2732,0,5,2567,57623,,,,0,4,4,4,4,4,4,4,4,4,4,4,4,4,4,4,4,4,4,4,4,4,4,4,4,4,4,4,4,4,4,4,4,100,,,,,,,,,,,,,,,,,,,,,,,,,,,,,,,,,,,,,,,,,,,,,,,,,,,,,,,,,,,,,,,,,,,,,,,,,,,,,,,,,,,,,,,,,,,,,,,,,,,,,,,,,,,,,,,,,,,,,,,,,,,,,,,,,,,,,,,,,,,,,,,,,,,,,,,,,,,,,,,,,,,,,,,,,,,,,,,,,,,,,,,,,,,,,,,,,,,,,,,,,,,,,,
1764669113.429419,54944,0,4350.512695,4356.666504,4465.897461,4527.692383,4374.743652,4485.769043,4512.563965,4378.461426,4547.436035,4358.717773,4478.461426,4494.871582,4548.589844,4387.05127,4371.153809,4515.769043,4520.512695,4539.358887,4535.897461,4385.256348,4391.153809,4555.897461,4493.461426,4485.512695,4356.153809,4544.487305,4363.974121,4529.230957,4484.743652,4374.615234,4481.025879,4465.256348,2808,0,5,2568,57631,,,,0,4,4,4,4,4,4,4,4,4,4,4,4,4,4,4,4,4,4,4,4,4,4,4,4,4,4,4,4,4,4,4,4,100,,,,,,,,,,,,,,,,,,,,,,,,,,,,,,,,,,,,,,,,,,,,,,,,,,,,,,,,,,,,,,,,,,,,,,,,,,,,,,,,,,,,,,,,,,,,,,,,,,,,,,,,,,,,,,,,,,,,,,,,,,,,,,,,,,,,,,,,,,,,,,,,,,,,,,,,,,,,,,,,,,,,,,,,,,,,,,,,,,,,,,,,,,,,,,,,,,,,,,,,,,,,,,
1764669113.433325,54945,0,4345.384766,4354.230957,4468.717773,4523.846191,4372.05127,4483.077148,4507.05127,4372.692383,4549.871582,4372.307617,4476.025879,4489.487305,4546.153809,4388.205078,4370.384766,4507.179688,4512.307617,4526.153809,4523.461426,4389.487305,4388.974121,4547.307617,4489.102539,4482.05127,4363.717773,4546.666504,4360.256348,4525.897461,4483.589844,4370.512695,4478.077148,4462.563965,2908,0,5,2568,57631,,,,0,4,4,4,4,4,4,4,4,4,4,4,4,4,4,4,4,4,4,4,4,4,4,4,4,4,4,4,4,4,4,4,4,100,,,,,,,,,,,,,,,,,,,,,,,,,,,,,,,,,,,13736,0,0.636291,-0.325256,-0.289978,0.636597,1.006959,-0.01465,0.058113,13.166667,37.5,-23.833334,,,,,,,,,,,,,,,,,,,,,,,,,,,,,,,,,,,,,,,,,,,,,,,,,,,,,,,,,,,,,,,,,,,,,,,,,,,,,,,,,,,,,,,,,,,,,,,,,,,,,,,,,,,,,,,,,,,,,,,,,,,,,,,,,,,,,,,,,,,,,,,,,,,,,,,,,,,,,,,,
1764669113.437231,54946,0,4354.102539,4365.384766,4486.153809,4538.589844,4384.743652,4493.717773,4517.692383,4384.487305,4565,4397.94873,4484.871582,4495.769043,4555.256348,4396.410156,4379.743652,4507.436035,4518.077148,4521.025879,4510.512695,4397.820313,4394.102539,4549.487305,4495.769043,4488.589844,4386.538574,4561.922852,4368.717773,4533.333496,4492.820313,4381.922852,4495.641113,4474.102539,2687,0,5,2569,57638,,,,0,4,4,4,4,4,4,4,4,4,4,4,4,4,4,4,4,4,4,4,4,4,4,4,4,4,4,4,4,4,4,4,4,100,,,,,,,,,,,,,,,,,,,,,,,,,,,,,,,,,,,,,,,,,,,,,,,,,,,,,,,,,,,,,,,,,,,,,,,,,,,,,,,,,,,,,,,,,,,,,,,,,,,,,,,,,,,,,,,,,,,,,,,,,,,,,,,,,,,,,,,,,,,,,,,,,,,,,,,,,,,,,,,,,,,,,,,,,,,,,,,,,,,,,,,,,,,,,,,,,,,,,,,,,,,,,,
1764669113.441137,54947,0,4368.717773,4381.410156,4504.743652,4561.410156,4404.102539,4509.487305,4535.384766,4403.974121,4581.282227,4417.692383,4497.820313,4508.589844,4568.974121,4406.153809,4392.820313,4514.487305,4530.897461,4521.410156,4498.974121,4401.153809,4398.974121,4556.025879,4506.666504,4496.538574,4403.077148,4579.615234,4382.05127,4543.333496,4505.769043,4397.692383,4520.512695,4491.410156,2846,0,5,2569,57638,,,,0,4,4,4,4,4,4,4,4,4,4,4,4,4,4,4,4,4,4,4,4,4,4,4,4,4,4,4,4,4,4,4,4,100,,,,,,,,,,,,,,,,,,,,,,,,,,,,,,,,,,,,,,,,,,,,,,,,,,,,,,,,,,,,,,,,,,,,,,,,,,,,,,,,,,,,,,,,,,,,,,,,,,,,,,,,,,,,,,,,,,,,,,,,,,,,,,,,,,,,,,,,,,,,,,,,,,,,,,,,,,,,,,,,,,,,,,,,,,,,,,,,,,,,,,,,,,,,,,,,,,,,,,,,,,,,,,
1764669113.445043,54948,0,4378.717773,4391.410156,4510.256348,4577.94873,4418.461426,4520.128418,4547.05127,4417.05127,4588.333496,4420.641113,4505.256348,4518.846191,4577.820313,4411.282227,4400.512695,4520.512695,4540,4521.153809,4489.871582,4393.717773,4394.743652,4558.846191,4513.205078,4497.436035,4396.666504,4588.846191,4390.512695,4547.820313,4513.461426,4406.410156,4534.615234,4502.05127,2750,0,5,2570,57646,,,,0,4,4,4,4,4,4,4,4,4,4,4,4,4,4,4,4,4,4,4,4,4,4,4,4,4,4,4,4,4,4,4,4,100,,,,,,,,,,,,,,,,,,,,,,,,,,,,,,,,,,,,,,,,,,,,,,,,,,,,,,,,,,,,,,,,,,,,,,,,,,,,,,,,,,,,,,,,,,,,,,,,,,,,,,,,,,,,,,,,,,,,,,,,,,,,,,,,,,,,,,,,,,,,,,,,,,,,,,,,,,,,,,,,,,,,,,,,,,,,,,,,,,,,,,,,,,,,,,,,,,,,,,,,,,,,,,
1764669113.448949,54949,0,4377.563965,4390,4498.589844,4579.358887,4420.897461,4519.358887,4545.128418,4416.153809,4583.589844,4410.384766,4501.922852,4520.128418,4576.794922,4408.333496,4397.692383,4518.333496,4538.333496,4515.512695,4483.974121,4377.179688,4380,4553.461426,4510.128418,4488.205078,4369.615234,4585,4388.589844,4544.102539,4511.410156,4403.846191,4527.436035,4498.461426,2831,0,5,2570,57646,,,,0,4,4,4,4,4,4,4,4,4,4,4,4,4,4,4,4,4,4,4,4,4,4,4,4,4,4,4,4,4,4,4,4,100,,,,,,,,,,,,,,,,,,,,,,,,,,,,,,,,,,,13737,0,0.635563,-0.324951,-0.289368,0.637756,1.035771,-0.033696,0.061043,15.166667,38.333332,-23.833334,,,,,,,,,,,,,,,,,,,,,,,,,,,,,,,,,,,,,,,,,,,,,,,,,,,,,,,,,,,,,,,,,,,,,,,,,,,,,,,,,,,,,,,,,,,,,,,,,,,,,,,,,,,,,,,,,,,,,,,,,,,,,,,,,,,,,,,,,,,,,,,,,,,,,,,,,,,,,,,,
1764669113.452855,54950,0,4367.436035,4379.871582,4477.692383,4567.563965,4412.563965,4509.358887,4532.05127,4404.230957,4572.692383,4399.358887,4490.641113,4512.563965,4567.692383,4399.871582,4386.538574,4507.05127,4526.922852,4506.025879,4483.077148,4360.128418,4362.692383,4542.692383,4499.487305,4473.846191,4341.153809,4571.794922,4378.717773,4535.641113,4502.307617,4394.871582,4503.846191,4482.563965,2800,0,5,2571,57654,,,,0,4,4,4,4,4,4,4,4,4,4,4,4,4,4,4,4,4,4,4,4,4,4,4,4,4,4,4,4,4,4,4,4,100,,,,,,,,,,,,,,,,,,,,,,,,,,,,,,,,,,,,,,,,,,,,,,,,,,,,,,,,,,,,,,,,,,,,,,,,,,,,,,,,,,,,,,,,,,,,,,,,,,,,,,,,,,,,,,,,,,,,,,,,,,,,,,,,,,,,,,,,,,,,,,,,,,,,,,,,,,,,,,,,,,,,,,,,,,,,,,,,,,,,,,,,,,,,,,,,,,,,,,,,,,,,,,
1764669113.456761,54951,0,4356.922852,4369.615234,4462.179688,4552.563965,4402.179688,4498.205078,4518.205078,4391.922852,4564.871582,4398.717773,4480.641113,4503.333496,4558.589844,4392.692383,4375.641113,4493.333496,4514.102539,4499.358887,4487.820313,4352.820313,4354.871582,4533.589844,4489.358887,4463.205078,4333.589844,4559.230957,4369.230957,4529.102539,4493.717773,4388.589844,4480.769043,4464.487305,2970,0,5,2571,57654,,,,0,4,4,4,4,4,4,4,4,4,4,4,4,4,4,4,4,4,4,4,4,4,4,4,4,4,4,4,4,4,4,4,4,100,,,,,,,,,,,,,,,,,,,,,,,,,,,,,,,,,,,,,,,,,,,,,,,,,,,,,,,,,,,,,,,,,,,,,,,,,,,,,,,,,,,,,,,,,,,,,,,,,,,,,,,,,,,,,,,,,,,,,,,,,,,,,,,,,,,,,,,,,,,,,,,,,,,,,,,,,,,,,,,,,,,,,,,,,,,,,,,,,,,,,,,,,,,,,,,,,,,,,,,,,,,,,,
1764669113.460667,54952,1,4357.849121,4369.771973,4462.578125,4551.324707,4402.521484,4499.074219,4520.726563,4392.193848,4564.202148,4396.97998,4481.524414,4504.942871,4559.700684,4394.316406,4379.344727,4497.008789,4516.852051,4505.783691,4493.546875,4357.421875,4358.888672,4537.492676,4491.652344,4466.08252,4336.538574,4557.877441,4369.060059,4530.98291,4493.789063,4388.233398,4480.812012,4462.094238,0,0,5,0,0,,,,0,4,4,4,4,4,4,4,4,4,4,4,4,4,4,4,4,4,4,4,4,4,4,4,4,4,4,4,4,4,4,4,4,100,,,,,,,,,,,,,,,,,,,,,,,,,,,,,,,,,,,,,,,,,,,,,,,,,,,,,,,,,,,,,,,,,,,,,,,,,,,,,,,,,,,,,,,,,,,,,,,,,,,,,,,,,,,,,,,,,,,,,,,,,,,,,,,,,,,,,,,,,,,,,,,,,,,,,,,,,,,,,,,,,,,,,,,,,,,,,,,,,,,,,,,,,,,,,,,,,,,,,,,,,,,,,,
1764669113.464573,54953,1,4358.774902,4369.928711,4462.977051,4550.085449,4402.863281,4499.942871,4523.248047,4392.464355,4563.532715,4395.242188,4482.407227,4506.552734,4560.812012,4395.939941,4383.04834,4500.683594,4519.601074,4512.208008,4499.273438,4362.022949,4362.905762,4541.395996,4493.945801,4468.959961,4339.487305,4556.524414,4368.888672,4532.863281,4493.860352,4387.877441,4480.854492,4459.700684,0,0,5,0,0,,,,0,4,4,4,4,4,4,4,4,4,4,4,4,4,4,4,4,4,4,4,4,4,4,4,4,4,4,4,4,4,4,4,4,100,,,,,,,,,,,,,,,,,,,,,,,,,,,,,,,,,,,,,,,,,,,,,,,,,,,,,,,,,,,,,,,,,,,,,,,,,,,,,,,,,,,,,,,,,,,,,,,,,,,,,,,,,,,,,,,,,,,,,,,,,,,,,,,,,,,,,,,,,,,,,,,,,,,,,,,,,,,,,,,,,,,,,,,,,,,,,,,,,,,,,,,,,,,,,,,,,,,,,,,,,,,,,,
1764669113.468479,54954,1,4359.700684,4370.085449,4463.375977,4548.846191,4403.205078,4500.812012,4525.769043,4392.734863,4562.863281,4393.504395,4483.290527,4508.162598,4561.922852,4397.563965,4386.751953,4504.358887,4522.350586,4518.632324,4505,4366.624023,4366.922852,4545.299316,4496.239258,4471.837402,4342.436035,4555.170898,4368.717773,4534.743652,4493.931641,4387.521484,4480.897461,4457.307617,0,0,5,0,0,,,,0,4,4,4,4,4,4,4,4,4,4,4,4,4,4,4,4,4,4,4,4,4,4,4,4,4,4,4,4,4,4,4,4,100,,,,,,,,,,,,,,,,,,,,,,,,,,,,,,,,,,,,,,,,,,,,,,,,,,,,,,,,,,,,,,,,,,,,,,,,,,,,,,,,,,,,,,,,,,,,,,,,,,,,,,,,,,,,,,,,,,,,,,,,,,,,,,,,,,,,,,,,,,,,,,,,,,,,,,,,,,,,,,,,,,,,,,,,,,,,,,,,,,,,,,,,,,,,,,,,,,,,,,,,,,,,,,
1764669113.472385,54955,1,4360.626953,4370.242188,4463.774902,4547.606934,4403.546875,4501.681152,4528.290527,4393.005859,4562.193848,4391.766602,4484.173828,4509.771973,4563.03418,4399.187988,4390.456055,4508.03418,4525.099609,4525.057129,4510.726563,4371.225098,4370.939941,4549.202148,4498.532715,4474.715332,4345.384766,4553.817871,4368.546875,4536.624023,4494.00293,4387.165039,4480.939941,4454.914551,0,0,5,0,0,,,,0,4,4,4,4,4,4,4,4,4,4,4,4,4,4,4,4,4,4,4,4,4,4,4,4,4,4,4,4,4,4,4,4,100,,,,,,,,,,,,,,,,,,,,,,,,,,,,,,,,,,,,,,,,,,,,,,,,,,,,,,,,,,,,,,,,,,,,,,,,,,,,,,,,,,,,,,,,,,,,,,,,,,,,,,,,,,,,,,,,,,,,,,,,,,,,,,,,,,,,,,,,,,,,,,,,,,,,,,,,,,,,,,,,,,,,,,,,,,,,,,,,,,,,,,,,,,,,,,,,,,,,,,,,,,,,,,
1764669113.476291,54956,1,4361.552734,4370.398926,4464.173828,4546.367676,4403.888672,4502.549805,4530.812012,4393.276367,4561.524414,4390.02832,4485.057129,4511.381836,4564.145508,4400.812012,4394.159668,4511.709473,4527.849121,4531.481445,4516.453125,4375.826172,4374.957031,4553.105469,4500.826172,4477.592773,4348.333496,4552.464355,4368.375977,4538.504395,4494.074219,4386.809082,4480.98291,4452.521484,0,0,5,0,0,,,,0,4,4,4,4,4,4,4,4,4,4,4,4,4,4,4,4,4,4,4,4,4,4,4,4,4,4,4,4,4,4,4,4,100,,,,,,,,,,,,,,,,,,,,,,,,,,,,,,,,,,,,,,,,,,,,,,,,,,,,,,,,,,,,,,,,,,,,,,,,,,,,,,,,,,,,,,,,,,,,,,,,,,,,,,,,,,,,,,,,,,,,,,,,,,,,,,,,,,,,,,,,,,,,,,,,,,,,,,,,,,,,,,,,,,,,,,,,,,,,,,,,,,,,,,,,,,,,,,,,,,,,,,,,,,,,,,
1764669113.480197,54957,1,4362.478516,4370.555664,4464.572754,4545.128418,4404.230957,4503.418945,4533.333496,4393.546875,4560.854492,4388.290527,4485.939941,4512.991211,4565.256348,4402.436035,4397.863281,4515.384766,4530.598145,4537.905762,4522.179688,4380.427246,4378.974121,4557.008789,4503.119629,4480.470215,4351.282227,4551.111328,4368.205078,4540.384766,4494.145508,4386.453125,4481.025879,4450.128418,0,0,5,0,0,,,,0,4,4,4,4,4,4,4,4,4,4,4,4,4,4,4,4,4,4,4,4,4,4,4,4,4,4,4,4,4,4,4,4,100,,,,,,,,,,,,,,,,,,,,,,,,,,,,,,,,,,,13738,1,0.634802,-0.324687,-0.288676,0.638957,1.022749,-0.043951,0.058113,15.055555,37.944443,-24.277779,,,,,,,,,,,,,,,,,,,,,,,,,,,,,,,,,,,,,,,,,,,,,,,,,,,,,,,,,,,,,,,,,,,,,,,,,,,,,,,,,,,,,,,,,,,,,,,,,,,,,,,,,,,,,,,,,,,,,,,,,,,,,,,,,,,,,,,,,,,,,,,,,,,,,,,,,,,,,,,,
1764669113.484103,54958,1,4363.404785,4370.712402,4464.97168,4543.888672,4404.572754,4504.287598,4535.854492,4393.817871,4560.185059,4386.552734,4486.823242,4514.601074,4566.367676,4404.060059,4401.566895,4519.060059,4533.347656,4544.330566,4527.905762,4385.02832,4382.991211,4560.911621,4505.413086,4483.347656,4354.230957,4549.757813,4368.03418,4542.265137,4494.216309,4386.09668,4481.068359,4447.734863,0,0,5,0,0,,,,0,4,4,4,4,4,4,4,4,4,4,4,4,4,4,4,4,4,4,4,4,4,4,4,4,4,4,4,4,4,4,4,4,100,,,,,,,,,,,,,,,,,,,,,,,,,,,,,,,,,,,,,,,,,,,,,,,,,,,,,,,,,,,,,,,,,,,,,,,,,,,,,,,,,,,,,,,,,,,,,,,,,,,,,,,,,,,,,,,,,,,,,,,,,,,,,,,,,,,,,,,,,,,,,,,,,,,,,,,,,,,,,,,,,,,,,,,,,,,,,,,,,,,,,,,,,,,,,,,,,,,,,,,,,,,,,,
1764669113.488009,54959,1,4364.330566,4370.869141,4465.370605,4542.649414,4404.914551,4505.156738,4538.375977,4394.088379,4559.515625,4384.814941,4487.706543,4516.210938,4567.478516,4405.683594,4405.270508,4522.734863,4536.09668,4550.754883,4533.632324,4389.629395,4387.008789,4564.814941,4507.706543,4486.225098,4357.179688,4548.404785,4367.863281,4544.145508,4494.287598,4385.740723,4481.111328,4445.341797,0,0,5,0,0,,,,0,4,4,4,4,4,4,4,4,4,4,4,4,4,4,4,4,4,4,4,4,4,4,4,4,4,4,4,4,4,4,4,4,100,,,,,,,,,,,,,,,,,,,,,,,,,,,,,,,,,,,13739,1,0.634042,-0.324422,-0.287984,0.640157,1.009726,-0.054206,0.055183,14.944445,37.555557,-24.722221,,,,,,,,,,,,,,,,,,,,,,,,,,,,,,,,,,,,,,,,,,,,,,,,,,,,,,,,,,,,,,,,,,,,,,,,,,,,,,,,,,,,,,,,,,,,,,,,,,,,,,,,,,,,,,,,,,,,,,,,,,,,,,,,,,,,,,,,,,,,,,,,,,,,,,,,,,,,,,,,
1764669113.491915,54960,0,4365.256348,4371.025879,4465.769043,4541.410156,4405.256348,4506.025879,4540.897461,4394.358887,4558.846191,4383.077148,4488.589844,4517.820313,4568.589844,4407.307617,4408.974121,4526.410156,4538.846191,4557.179688,4539.358887,4394.230957,4391.025879,4568.717773,4510,4489.102539,4360.128418,4547.05127,4367.692383,4546.025879,4494.358887,4385.384766,4481.153809,4442.94873,2874,0,5,2571,57693,,,,0,4,4,4,4,4,4,4,4,4,4,4,4,4,4,4,4,4,4,4,4,4,4,4,4,4,4,4,4,4,4,4,4,100,,,,,,,,,,,,,,,,,,,,,,,,,,,,,,,,,,,,,,,,,,,,,,,,,,,,,,,,,,,,,,,,,,,,,,,,,,,,,,,,,,,,,,,,,,,,,,,,,,,,,,,,,,,,,,,,,,,,,,,,,,,,,,,,,,,,,,,,,,,,,,,,,,,,,,,,,,,,,,,,,,,,,,,,,,,,,,,,,,,,,,,,,,,,,,,,,,,,,,,,,,,,,,
1764669113.495821,54961,0,4385.769043,4391.666504,4481.922852,4554.487305,4425.897461,4526.538574,4566.538574,4416.794922,4575.512695,4401.794922,4502.820313,4542.436035,4591.153809,4425.897461,4426.025879,4555.641113,4563.205078,4585.769043,4556.922852,4410.128418,4417.05127,4590.512695,4530.256348,4506.538574,4395.512695,4564.230957,4388.974121,4565.384766,4510.128418,4405.769043,4502.820313,4476.666504,2899,0,5,2571,57693,,,,0,4,4,4,4,4,4,4,4,4,4,4,4,4,4,4,4,4,4,4,4,4,4,4,4,4,4,4,4,4,4,4,4,100,,,,,,,,,,,,,,,,,,,,,,,,,,,,,,,,,,,13740,0,0.633282,-0.324158,-0.287292,0.641357,0.996704,-0.064461,0.052252,14.833333,37.166668,-25.166666,,,,,,,,,,,,,,,,,,,,,,,,,,,,,,,,,,,,,,,,,,,,,,,,,,,,,,,,,,,,,,,,,,,,,,,,,,,,,,,,,,,,,,,,,,,,,,,,,,,,,,,,,,,,,,,,,,,,,,,,,,,,,,,,,,,,,,,,,,,,,,,,,,,,,,,,,,,,,,,,
1764669113.499727,54962,0,4403.077148,4407.94873,4501.025879,4562.179688,4438.974121,4544.615234,4585.128418,4433.717773,4588.717773,4418.974121,4511.794922,4559.102539,4607.05127,4435.641113,4432.307617,4573.717773,4582.563965,4601.922852,4564.102539,4418.589844,4432.179688,4608.333496,4544.102539,4521.410156,4423.077148,4582.307617,4404.102539,4579.871582,4523.077148,4423.461426,4524.230957,4506.922852,1777,0,5,2568,57701,,,,0,4,4,4,4,4,4,4,4,4,4,4,4,4,4,4,4,4,4,4,4,4,4,4,4,4,4,4,4,4,4,4,4,100,,,,,,,,,,,,,,,,,,,,,,,,,,,,,,,,,,,,,,,,,,,,,,,,,,,,,,,,,,,,,,,,,,,,,,,,,,,,,,,,,,,,,,,,,,,,,,,,,,,,,,,,,,,,,,,,,,,,,,,,,,,,,,,,,,,,,,,,,,,,,,,,,,,,,,,,,,,,,,,,,,,,,,,,,,,,,,,,,,,,,,,,,,,,,,,,,,,,,,,,,,,,,,
1764669113.503633,54963,0,4409.358887,4412.05127,4514.871582,4560.384766,4437.179688,4551.666504,4587.563965,4436.538574,4590.512695,4425.128418,4511.666504,4559.743652,4608.974121,4430.512695,4421.410156,4567.94873,4588.205078,4594.743652,4557.692383,4417.692383,4432.436035,4613.846191,4545.512695,4527.436035,4424.102539,4592.179688,4408.589844,4583.205078,4528.205078,4430.769043,4536.153809,4519.615234,2729,0,5,2568,57701,,,,0,4,4,4,4,4,4,4,4,4,4,4,4,4,4,4,4,4,4,4,4,4,4,4,4,4,4,4,4,4,4,4,4,100,,,,,,,,,,,,,,,,,,,,,,,,,,,,,,,,,,,,,,,,,,,,,,,,,,,,,,,,,,,,,,,,,,,,,,,,,,,,,,,,,,,,,,,,,,,,,,,,,,,,,,,,,,,,,,,,,,,,,,,,,,,,,,,,,,,,,,,,,,,,,,,,,,,,,,,,,,,,,,,,,,,,,,,,,,,,,,,,,,,,,,,,,,,,,,,,,,,,,,,,,,,,,,
1764669113.507539,54964,0,4405.384766,4406.153809,4522.05127,4553.846191,4423.974121,4547.692383,4577.436035,4427.692383,4581.666504,4417.436035,4506.025879,4547.820313,4599.871582,4414.871582,4398.717773,4542.05127,4581.282227,4569.743652,4543.717773,4412.436035,4424.871582,4607.820313,4538.589844,4525.512695,4398.589844,4591.153809,4406.410156,4578.333496,4526.282227,4428.077148,4538.205078,4515.641113,2576,0,5,2566,57709,,,,0,4,4,4,4,4,4,4,4,4,4,4,4,4,4,4,4,4,4,4,4,4,4,4,4,4,4,4,4,4,4,4,4,100,,,,,,,,,,,,,,,,,,,,,,,,,,,,,,,,,,,,,,,,,,,,,,,,,,,,,,,,,,,,,,,,,,,,,,,,,,,,,,,,,,,,,,,,,,,,,,,,,,,,,,,,,,,,,,,,,,,,,,,,,,,,,,,,,,,,,,,,,,,,,,,,,,,,,,,,,,,,,,,,,,,,,,,,,,,,,,,,,,,,,,,,,,,,,,,,,,,,,,,,,,,,,,
1764669113.511445,54965,0,4399.102539,4399.358887,4527.05127,4551.153809,4410.128418,4540.384766,4566.025879,4417.436035,4571.538574,4402.692383,4502.307617,4535.641113,4589.743652,4400.128418,4378.205078,4513.717773,4570.897461,4543.846191,4532.307617,4409.102539,4419.487305,4598.333496,4532.692383,4521.794922,4365.897461,4584.871582,4405.128418,4573.974121,4522.563965,4421.794922,4537.179688,4508.205078,2801,0,5,2566,57709,,,,0,4,4,4,4,4,4,4,4,4,4,4,4,4,4,4,4,4,4,4,4,4,4,4,4,4,4,4,4,4,4,4,4,100,,,,,,,,,,,,,,,,,,,,,,,,,,,,,,,,,,,13741,0,0.6322,-0.323059,-0.285583,0.643738,1.002075,-0.068368,0.051276,14.166667,37.333332,-24.166666,,,,,,,,,,,,,,,,,,,,,,,,,,,,,,,,,,,,,,,,,,,,,,,,,,,,,,,,,,,,,,,,,,,,,,,,,,,,,,,,,,,,,,,,,,,,,,,,,,,,,,,,,,,,,,,,,,,,,,,,,,,,,,,,,,,,,,,,,,,,,,,,,,,,,,,,,,,,,,,,
1764669113.515351,54966,0,4397.692383,4398.974121,4534.230957,4556.922852,4404.743652,4537.563965,4562.436035,4413.846191,4568.717773,4392.94873,4504.230957,4532.820313,4586.410156,4395.128418,4370.512695,4499.615234,4566.538574,4532.820313,4529.230957,4410.384766,4421.282227,4594.230957,4534.615234,4521.666504,4352.05127,4580.769043,4409.102539,4576.410156,4521.410156,4418.205078,4538.717773,4509.487305,2907,0,5,2567,57717,,,,0,4,4,4,4,4,4,4,4,4,4,4,4,4,4,4,4,4,4,4,4,4,4,4,4,4,4,4,4,4,4,4,4,100,,,,,,,,,,,,,,,,,,,,,,,,,,,,,,,,,,,,,,,,,,,,,,,,,,,,,,,,,,,,,,,,,,,,,,,,,,,,,,,,,,,,,,,,,,,,,,,,,,,,,,,,,,,,,,,,,,,,,,,,,,,,,,,,,,,,,,,,,,,,,,,,,,,,,,,,,,,,,,,,,,,,,,,,,,,,,,,,,,,,,,,,,,,,,,,,,,,,,,,,,,,,,,
1764669113.519257,54967,0,4401.666504,4404.615234,4542.05127,4567.436035,4408.077148,4540.256348,4566.410156,4417.05127,4574.102539,4397.436035,4509.358887,4538.846191,4589.871582,4400.256348,4376.282227,4503.717773,4569.743652,4538.461426,4532.307617,4413.077148,4427.05127,4597.563965,4542.307617,4524.487305,4370,4582.563965,4415.769043,4584.230957,4522.820313,4418.717773,4542.307617,4519.871582,2827,0,5,2567,57717,,,,0,4,4,4,4,4,4,4,4,4,4,4,4,4,4,4,4,4,4,4,4,4,4,4,4,4,4,4,4,4,4,4,4,100,,,,,,,,,,,,,,,,,,,,,,,,,,,,,,,,,,,,,,,,,,,,,,,,,,,,,,,,,,,,,,,,,,,,,,,,,,,,,,,,,,,,,,,,,,,,,,,,,,,,,,,,,,,,,,,,,,,,,,,,,,,,,,,,,,,,,,,,,,,,,,,,,,,,,,,,,,,,,,,,,,,,,,,,,,,,,,,,,,,,,,,,,,,,,,,,,,,,,,,,,,,,,,
1764669113.523163,54968,0,4405.128418,4409.230957,4543.461426,4573.589844,4413.077148,4543.461426,4570.128418,4420.256348,4581.153809,4415.769043,4511.922852,4545,4593.846191,4408.205078,4387.307617,4517.05127,4574.358887,4550.512695,4534.358887,4412.563965,4428.974121,4602.820313,4547.692383,4525.641113,4408.846191,4587.436035,4418.461426,4589.230957,4523.333496,4420.256348,4543.589844,4528.717773,2696,0,5,2568,57724,,,,0,4,4,4,4,4,4,4,4,4,4,4,4,4,4,4,4,4,4,4,4,4,4,4,4,4,4,4,4,4,4,4,4,100,0.914063,25,4,4,3,4,4,4,4,4,4,1,4,4,4,4,4,4,4,3,4,4,4,4,4,4,1,4,4,4,4,4,3,1,,,,,,,,,,,,,4.343381,1.862569,1.81728,0.96141,1.206464,7.261867,2.677242,1.554385,1.402238,1.661861,31.178104,4.497608,3.499417,4.063507,3.455101,8.53275,2.278299,2.552303,1.848588,1.77052,7.639409,2.03193,2.073016,1.739138,1.887681,5.605433,1.612106,1.618663,0.953837,1.36496,4.541661,1.790207,2.149605,1.438621,1.447415,5.882526,1.97436,2.016423,1.240361,1.612203,2.536069,1.693229,2.025802,2.551901,1.48036,2.648174,1.669648,6.136011,3.136858,3.358698,1.791503,1.15672,1.37816,1.296673,1.162118,4.651215,1.20825,2.219288,1.142635,1.243435,1.63454,0.882931,1.718533,1.120427,1.39135,0.626192,0.919806,0.690219,1.002474,0.98403,0.909128,1.585279,1.506251,1.589473,1.335604,1.333132,2.068815,2.655821,2.105422,1.846239,3.926636,1.774717,2.97092,1.375251,1.553542,2.158012,2.628527,3.471092,1.8542,2.42454,1.777696,1.936231,2.622364,0.940673,1.8488,1.936616,2.678027,3.241138,1.227424,1.457574,3.383343,2.77136,2.763295,0.76647,2.186001,3.422396,2.474362,2.780904,1.125345,1.718886,3.64186,2.454726,2.272119,0.954696,1.333984,3.770791,3.195155,2.564131,1.230349,1.466469,5.922835,5.66069,9.79668,4.143042,4.310812,2.412896,3.363647,2.831015,1.517481,1.208982,3.415624,3.232296,1.34509,1.988241,1.912097,4.142762,3.071098,2.259491,1.307587,1.676851,2.667409,1.201179,0.928064,0.6069,0.655137,6.758155,2.909477,2.698609,2.885141,1.994942,5.237184,4.042902,1.590838,2.41322,2.812863,36.423721,6.098982,2.607649,8.141996,4.298172
1764669113.527069,54969,0,4402.94873,4406.922852,4532.820313,4568.974121,4412.692383,4541.025879,4566.025879,4416.794922,4582.179688,4436.410156,4508.846191,4543.077148,4592.436035,4411.153809,4395.256348,4527.563965,4573.077148,4557.307617,4531.025879,4406.922852,4422.179688,4602.820313,4544.487305,4521.282227,4441.282227,4590,4412.436035,4584.871582,4520.256348,4418.589844,4538.974121,4525.512695,2866,0,5,2568,57724,,,,0,4,4,4,4,4,4,4,4,4,4,4,4,4,4,4,4,4,4,4,4,4,4,4,4,4,4,4,4,4,4,4,4,100,,,,,,,,,,,,,,,,,,,,,,,,,,,,,,,,,,,13742,0,0.631504,-0.32251,-0.284851,0.64502,0.990844,-0.055183,0.031254,14,36.833332,-23.833334,,,,,,,,,,,,,,,,,,,,,,,,,,,,,,,,,,,,,,,,,,,,,,,,,,,,,,,,,,,,,,,,,,,,,,,,,,,,,,,,,,,,,,,,,,,,,,,,,,,,,,,,,,,,,,,,,,,,,,,,,,,,,,,,,,,,,,,,,,,,,,,,,,,,,,,,,,,,,,,,
1764669113.530975,54970,0,4394.615234,4397.94873,4510.641113,4555.128418,4406.153809,4532.179688,4553.461426,4405.897461,4575.128418,4443.077148,4501.794922,4532.307617,4584.871582,4406.794922,4397.05127,4529.358887,4563.974121,4555,4523.461426,4399.102539,4408.077148,4595.128418,4532.94873,4512.307617,4445.769043,4586.666504,4399.102539,4572.179688,4514.358887,4413.205078,4529.230957,4508.333496,1795,0,5,2569,57732,,,,0,4,4,4,4,4,4,4,4,4,4,4,4,4,4,4,4,4,4,4,4,4,4,4,4,4,4,4,4,4,4,4,4,100,,,,,,,,,,,,,,,,,,,,,,,,,,,,,,,,,,,,,,,,,,,,,,,,,,,,,,,,,,,,,,,,,,,,,,,,,,,,,,,,,,,,,,,,,,,,,,,,,,,,,,,,,,,,,,,,,,,,,,,,,,,,,,,,,,,,,,,,,,,,,,,,,,,,,,,,,,,,,,,,,,,,,,,,,,,,,,,,,,,,,,,,,,,,,,,,,,,,,,,,,,,,,,
1764669113.534881,54971,0,4384.230957,4387.692383,4484.615234,4540.128418,4397.692383,4521.538574,4539.358887,4393.333496,4564.615234,4427.563965,4495,4518.589844,4575.384766,4398.333496,4394.743652,4524.615234,4551.538574,4547.436035,4516.282227,4394.230957,4392.179688,4584.102539,4519.615234,4503.461426,4423.205078,4578.717773,4385.128418,4558.205078,4509.230957,4406.666504,4518.077148,4485.256348,2424,0,5,2569,57732,,,,0,4,4,4,4,4,4,4,4,4,4,4,4,4,4,4,4,4,4,4,4,4,4,4,4,4,4,4,4,4,4,4,4,100,,,,,,,,,,,,,,,,,,,,,,,,,,,,,,,,,,,,,,,,,,,,,,,,,,,,,,,,,,,,,,,,,,,,,,,,,,,,,,,,,,,,,,,,,,,,,,,,,,,,,,,,,,,,,,,,,,,,,,,,,,,,,,,,,,,,,,,,,,,,,,,,,,,,,,,,,,,,,,,,,,,,,,,,,,,,,,,,,,,,,,,,,,,,,,,,,,,,,,,,,,,,,,
1764669113.538787,54972,0,4376.538574,4382.307617,4465.256348,4531.538574,4392.179688,4515,4531.282227,4385.512695,4557.05127,4397.820313,4491.538574,4509.230957,4568.717773,4391.794922,4391.410156,4518.333496,4541.794922,4540.256348,4513.077148,4394.230957,4379.871582,4575.384766,4511.410156,4498.974121,4394.358887,4570.769043,4377.05127,4550.384766,4507.692383,4402.94873,4509.102539,4467.436035,2601,0,5,2570,57740,,,,0,4,4,4,4,4,4,4,4,4,4,4,4,4,4,4,4,4,4,4,4,4,4,4,4,4,4,4,4,4,4,4,4,100,,,,,,,,,,,,,,,,,,,,,,,,,,,,,,,,,,,,,,,,,,,,,,,,,,,,,,,,,,,,,,,,,,,,,,,,,,,,,,,,,,,,,,,,,,,,,,,,,,,,,,,,,,,,,,,,,,,,,,,,,,,,,,,,,,,,,,,,,,,,,,,,,,,,,,,,,,,,,,,,,,,,,,,,,,,,,,,,,,,,,,,,,,,,,,,,,,,,,,,,,,,,,,
1764669113.542693,54973,0,4373.333496,4383.077148,4459.615234,4531.410156,4390.769043,4514.871582,4531.666504,4384.743652,4555.512695,4373.205078,4491.538574,4507.692383,4567.307617,4390.769043,4389.102539,4513.333496,4537.94873,4536.153809,4513.717773,4396.410156,4373.589844,4571.794922,4510.384766,4498.974121,4380.641113,4566.282227,4376.666504,4550.769043,4509.358887,4403.205078,4503.974121,4461.538574,2450,0,5,2570,57740,,,,0,4,4,4,4,4,4,4,4,4,4,4,4,4,4,4,4,4,4,4,4,4,4,4,4,4,4,4,4,4,4,4,4,100,,,,,,,,,,,,,,,,,,,,,,,,,,,,,,,,,,,13743,0,0.630967,-0.321777,-0.284241,0.646179,0.990844,-0.055183,0.031254,13,39.333332,-25.333334,,,,,,,,,,,,,,,,,,,,,,,,,,,,,,,,,,,,,,,,,,,,,,,,,,,,,,,,,,,,,,,,,,,,,,,,,,,,,,,,,,,,,,,,,,,,,,,,,,,,,,,,,,,,,,,,,,,,,,,,,,,,,,,,,,,,,,,,,,,,,,,,,,,,,,,,,,,,,,,,
1764669113.546599,54974,0,4373.077148,4386.922852,4466.666504,4535.384766,4391.153809,4518.205078,4536.410156,4387.94873,4557.94873,4368.846191,4493.461426,4511.538574,4569.615234,4395.128418,4388.461426,4509.743652,4538.333496,4534.487305,4516.282227,4396.153809,4372.307617,4571.410156,4513.461426,4500.128418,4387.05127,4566.025879,4380.512695,4555.128418,4511.410156,4405.256348,4502.820313,4467.05127,2706,0,5,2571,57748,,,,0,4,4,4,4,4,4,4,4,4,4,4,4,4,4,4,4,4,4,4,4,4,4,4,4,4,4,4,4,4,4,4,4,100,,,,,,,,,,,,,,,,,,,,,,,,,,,,,,,,,,,,,,,,,,,,,,,,,,,,,,,,,,,,,,,,,,,,,,,,,,,,,,,,,,,,,,,,,,,,,,,,,,,,,,,,,,,,,,,,,,,,,,,,,,,,,,,,,,,,,,,,,,,,,,,,,,,,,,,,,,,,,,,,,,,,,,,,,,,,,,,,,,,,,,,,,,,,,,,,,,,,,,,,,,,,,,
1764669113.550505,54975,0,4373.077148,4390,4478.846191,4538.717773,4391.666504,4520.897461,4540.512695,4391.025879,4560.769043,4383.589844,4495.641113,4515.769043,4572.563965,4401.666504,4389.487305,4507.436035,4539.871582,4534.743652,4519.487305,4392.05127,4375.128418,4570.384766,4515.769043,4498.846191,4401.666504,4567.94873,4383.077148,4557.94873,4511.538574,4406.025879,4505.512695,4477.94873,2712,0,5,2571,57748,,,,0,4,4,4,4,4,4,4,4,4,4,4,4,4,4,4,4,4,4,4,4,4,4,4,4,4,4,4,4,4,4,4,4,100,,,,,,,,,,,,,,,,,,,,,,,,,,,,,,,,,,,,,,,,,,,,,,,,,,,,,,,,,,,,,,,,,,,,,,,,,,,,,,,,,,,,,,,,,,,,,,,,,,,,,,,,,,,,,,,,,,,,,,,,,,,,,,,,,,,,,,,,,,,,,,,,,,,,,,,,,,,,,,,,,,,,,,,,,,,,,,,,,,,,,,,,,,,,,,,,,,,,,,,,,,,,,,
1764669113.554411,54976,0,4371.922852,4391.153809,4487.820313,4539.358887,4391.922852,4520.897461,4541.922852,4392.563965,4561.410156,4401.282227,4496.410156,4516.794922,4573.589844,4406.153809,4392.05127,4507.820313,4540.512695,4536.794922,4523.077148,4387.436035,4381.153809,4567.307617,4515,4494.743652,4410.128418,4569.871582,4382.563965,4557.307617,4510.128418,4404.487305,4511.153809,4488.077148,2796,0,5,2572,57756,,,,0,4,4,4,4,4,4,4,4,4,4,4,4,4,4,4,4,4,4,4,4,4,4,4,4,4,4,4,4,4,4,4,4,100,,,,,,,,,,,,,,,,,,,,,,,,,,,,,,,,,,,,,,,,,,,,,,,,,,,,,,,,,,,,,,,,,,,,,,,,,,,,,,,,,,,,,,,,,,,,,,,,,,,,,,,,,,,,,,,,,,,,,,,,,,,,,,,,,,,,,,,,,,,,,,,,,,,,,,,,,,,,,,,,,,,,,,,,,,,,,,,,,,,,,,,,,,,,,,,,,,,,,,,,,,,,,,
1764669113.558317,54977,0,4369.615234,4390.897461,4490.128418,4538.333496,4392.692383,4518.846191,4541.538574,4393.461426,4559.615234,4404.871582,4494.487305,4515,4571.538574,4406.538574,4395.128418,4511.922852,4540.384766,4540.512695,4526.153809,4386.666504,4389.487305,4563.205078,4512.307617,4490.256348,4408.205078,4571.282227,4381.153809,4554.871582,4508.974121,4401.666504,4518.205078,4493.974121,2883,0,5,2572,57756,,,,0,4,4,4,4,4,4,4,4,4,4,4,4,4,4,4,4,4,4,4,4,4,4,4,4,4,4,4,4,4,4,4,4,100,,,,,,,,,,,,,,,,,,,,,,,,,,,,,,,,,,,13744,0,0.630649,-0.321045,-0.283691,0.647095,0.981565,-0.066414,0.060066,15,37,-23.666666,,,,,,,,,,,,,,,,,,,,,,,,,,,,,,,,,,,,,,,,,,,,,,,,,,,,,,,,,,,,,,,,,,,,,,,,,,,,,,,,,,,,,,,,,,,,,,,,,,,,,,,,,,,,,,,,,,,,,,,,,,,,,,,,,,,,,,,,,,,,,,,,,,,,,,,,,,,,,,,,
1764669113.562224,54978,0,4367.820313,4391.025879,4488.461426,4536.666504,4395.256348,4516.153809,4540.641113,4395,4558.077148,4392.05127,4490.128418,4513.717773,4567.692383,4404.358887,4397.94873,4519.230957,4540.897461,4545.256348,4528.205078,4391.153809,4399.358887,4561.794922,4510.897461,4489.358887,4403.461426,4573.717773,4382.563965,4554.487305,4510.256348,4401.025879,4525.512695,4496.410156,2675,0,5,2573,57763,,,,0,4,4,4,4,4,4,4,4,4,4,4,4,4,4,4,4,4,4,4,4,4,4,4,4,4,4,4,4,4,4,4,4,100,,,,,,,,,,,,,,,,,,,,,,,,,,,,,,,,,,,,,,,,,,,,,,,,,,,,,,,,,,,,,,,,,,,,,,,,,,,,,,,,,,,,,,,,,,,,,,,,,,,,,,,,,,,,,,,,,,,,,,,,,,,,,,,,,,,,,,,,,,,,,,,,,,,,,,,,,,,,,,,,,,,,,,,,,,,,,,,,,,,,,,,,,,,,,,,,,,,,,,,,,,,,,,
1764669113.566130,54979,0,4369.230957,4393.846191,4489.358887,4536.153809,4400.769043,4515.384766,4541.282227,4398.205078,4560.384766,4377.436035,4487.05127,4516.410156,4565.769043,4403.589844,4401.410156,4529.102539,4544.487305,4552.05127,4531.025879,4399.615234,4410.897461,4567.179688,4513.974121,4495.256348,4405.512695,4578.846191,4389.615234,4559.358887,4514.615234,4405.641113,4533.333496,4498.589844,2838,0,5,2573,57763,,,,0,4,4,4,4,4,4,4,4,4,4,4,4,4,4,4,4,4,4,4,4,4,4,4,4,4,4,4,4,4,4,4,4,100,,,,,,,,,,,,,,,,,,,,,,,,,,,,,,,,,,,,,,,,,,,,,,,,,,,,,,,,,,,,,,,,,,,,,,,,,,,,,,,,,,,,,,,,,,,,,,,,,,,,,,,,,,,,,,,,,,,,,,,,,,,,,,,,,,,,,,,,,,,,,,,,,,,,,,,,,,,,,,,,,,,,,,,,,,,,,,,,,,,,,,,,,,,,,,,,,,,,,,,,,,,,,,
1764669113.570036,54980,0,4376.153809,4401.153809,4497.820313,4539.230957,4410.512695,4519.615234,4545.256348,4403.717773,4568.974121,4378.846191,4489.487305,4524.615234,4569.743652,4408.333496,4406.922852,4541.666504,4553.333496,4563.717773,4537.94873,4411.153809,4424.487305,4581.153809,4523.461426,4508.974121,4417.307617,4587.820313,4402.563965,4570.384766,4521.666504,4417.05127,4542.94873,4504.487305,2730,0,5,2574,57771,,,,0,4,4,4,4,4,4,4,4,4,4,4,4,4,4,4,4,4,4,4,4,4,4,4,4,4,4,4,4,4,4,4,4,100,,,,,,,,,,,,,,,,,,,,,,,,,,,,,,,,,,,,,,,,,,,,,,,,,,,,,,,,,,,,,,,,,,,,,,,,,,,,,,,,,,,,,,,,,,,,,,,,,,,,,,,,,,,,,,,,,,,,,,,,,,,,,,,,,,,,,,,,,,,,,,,,,,,,,,,,,,,,,,,,,,,,,,,,,,,,,,,,,,,,,,,,,,,,,,,,,,,,,,,,,,,,,,
1764669113.573942,54981,0,4389.230957,4413.205078,4514.102539,4548.077148,4424.230957,4529.871582,4553.717773,4411.794922,4582.94873,4403.077148,4499.230957,4537.94873,4580.897461,4419.102539,4415.512695,4556.666504,4567.94873,4582.05127,4551.153809,4425.128418,4439.871582,4601.538574,4538.205078,4527.563965,4432.436035,4599.230957,4418.461426,4585.897461,4530.256348,4432.820313,4554.615234,4515.384766,2820,0,5,2574,57771,,,,0,4,4,4,4,4,4,4,4,4,4,4,4,4,4,4,4,4,4,4,4,4,4,4,4,4,4,4,4,4,4,4,4,100,,,,,,,,,,,,,,,,,,,,,,,,,,,,,,,,,,,13745,0,0.630524,-0.320313,-0.283264,0.647766,0.984007,-0.058113,0.024417,15,37,-23.666666,,,,,,,,,,,,,,,,,,,,,,,,,,,,,,,,,,,,,,,,,,,,,,,,,,,,,,,,,,,,,,,,,,,,,,,,,,,,,,,,,,,,,,,,,,,,,,,,,,,,,,,,,,,,,,,,,,,,,,,,,,,,,,,,,,,,,,,,,,,,,,,,,,,,,,,,,,,,,,,,
1764669113.577848,54982,0,4404.743652,4427.179688,4533.205078,4562.692383,4438.077148,4544.102539,4565.897461,4421.282227,4598.077148,4440,4513.461426,4552.307617,4596.666504,4432.692383,4426.025879,4571.538574,4584.871582,4603.205078,4567.94873,4439.102539,4454.615234,4621.538574,4553.717773,4545,4441.666504,4609.615234,4433.205078,4601.410156,4538.077148,4448.077148,4566.282227,4528.974121,2788,0,5,2575,57779,,,,0,4,4,4,4,4,4,4,4,4,4,4,4,4,4,4,4,4,4,4,4,4,4,4,4,4,4,4,4,4,4,4,4,100,,,,,,,,,,,,,,,,,,,,,,,,,,,,,,,,,,,,,,,,,,,,,,,,,,,,,,,,,,,,,,,,,,,,,,,,,,,,,,,,,,,,,,,,,,,,,,,,,,,,,,,,,,,,,,,,,,,,,,,,,,,,,,,,,,,,,,,,,,,,,,,,,,,,,,,,,,,,,,,,,,,,,,,,,,,,,,,,,,,,,,,,,,,,,,,,,,,,,,,,,,,,,,
1764669113.581754,54983,0,4416.666504,4438.846191,4547.179688,4579.102539,4447.05127,4556.922852,4578.205078,4429.487305,4608.974121,4470.384766,4525.769043,4562.436035,4610.897461,4443.333496,4434.743652,4580,4597.820313,4618.077148,4580.256348,4448.461426,4464.615234,4633.717773,4564.230957,4554.487305,4440,4615.128418,4441.922852,4611.922852,4542.94873,4457.692383,4574.230957,4539.871582,2949,0,5,2575,57779,,,,0,4,4,4,4,4,4,4,4,4,4,4,4,4,4,4,4,4,4,4,4,4,4,4,4,4,4,4,4,4,4,4,4,100,,,,,,,,,,,,,,,,,,,,,,,,,,,,,,,,,,,,,,,,,,,,,,,,,,,,,,,,,,,,,,,,,,,,,,,,,,,,,,,,,,,,,,,,,,,,,,,,,,,,,,,,,,,,,,,,,,,,,,,,,,,,,,,,,,,,,,,,,,,,,,,,,,,,,,,,,,,,,,,,,,,,,,,,,,,,,,,,,,,,,,,,,,,,,,,,,,,,,,,,,,,,,,
1764669113.585660,54984,0,4419.615234,4443.717773,4549.871582,4590.384766,4447.563965,4562.692383,4585.769043,4433.077148,4611.282227,4477.307617,4530.256348,4562.820313,4617.307617,4445.512695,4436.794922,4575.769043,4600.256348,4616.153809,4579.358887,4448.205078,4464.871582,4632.692383,4565.256348,4552.179688,4429.487305,4613.974121,4441.794922,4613.077148,4543.717773,4458.589844,4575,4542.692383,2881,0,5,2576,57787,,,,0,4,4,4,4,4,4,4,4,4,4,4,4,4,4,4,4,4,4,4,4,4,4,4,4,4,4,4,4,4,4,4,4,100,,,,,,,,,,,,,,,,,,,,,,,,,,,,,,,,,,,,,,,,,,,,,,,,,,,,,,,,,,,,,,,,,,,,,,,,,,,,,,,,,,,,,,,,,,,,,,,,,,,,,,,,,,,,,,,,,,,,,,,,,,,,,,,,,,,,,,,,,,,,,,,,,,,,,,,,,,,,,,,,,,,,,,,,,,,,,,,,,,,,,,,,,,,,,,,,,,,,,,,,,,,,,,
1764669113.589566,54985,0,4411.538574,4439.102539,4539.743652,4590.128418,4439.358887,4558.205078,4584.102539,4429.230957,4603.461426,4456.025879,4524.615234,4551.538574,4612.307617,4436.410156,4428.205078,4556.666504,4589.230957,4593.205078,4561.538574,4436.538574,4452.94873,4617.692383,4555.256348,4538.333496,4415.769043,4606.410156,4431.794922,4603.589844,4539.230957,4450,4566.794922,4534.615234,2756,0,5,2576,57787,,,,0,4,4,4,4,4,4,4,4,4,4,4,4,4,4,4,4,4,4,4,4,4,4,4,4,4,4,4,4,4,4,4,4,100,,,,,,,,,,,,,,,,,,,,,,,,,,,,,,,,,,,13746,0,0.630371,-0.318787,-0.282532,0.648987,1.005982,-0.053229,0.028324,13.333333,35.833332,-23.333334,,,,,,,,,,,,,,,,,,,,,,,,,,,,,,,,,,,,,,,,,,,,,,,,,,,,,,,,,,,,,,,,,,,,,,,,,,,,,,,,,,,,,,,,,,,,,,,,,,,,,,,,,,,,,,,,,,,,,,,,,,,,,,,,,,,,,,,,,,,,,,,,,,,,,,,,,,,,,,,,
1764669113.593472,54986,0,4395.384766,4425.384766,4520.897461,4577.307617,4425.769043,4545,4572.692383,4418.205078,4587.820313,4416.666504,4511.666504,4531.922852,4597.436035,4418.974121,4409.615234,4528.717773,4567.820313,4556.794922,4532.307617,4417.05127,4431.025879,4593.205078,4536.922852,4518.077148,4405.128418,4594.358887,4413.717773,4585.769043,4529.615234,4434.358887,4550.384766,4517.179688,2414,0,5,2576,57795,,,,0,4,4,4,4,4,4,4,4,4,4,4,4,4,4,4,4,4,4,4,4,4,4,4,4,4,4,4,4,4,4,4,4,100,,,,,,,,,,,,,,,,,,,,,,,,,,,,,,,,,,,,,,,,,,,,,,,,,,,,,,,,,,,,,,,,,,,,,,,,,,,,,,,,,,,,,,,,,,,,,,,,,,,,,,,,,,,,,,,,,,,,,,,,,,,,,,,,,,,,,,,,,,,,,,,,,,,,,,,,,,,,,,,,,,,,,,,,,,,,,,,,,,,,,,,,,,,,,,,,,,,,,,,,,,,,,,
1764669113.597378,54987,0,4377.563965,4407.307617,4501.153809,4557.179688,4412.05127,4528.461426,4555.769043,4404.102539,4569.615234,4378.846191,4497.436035,4511.410156,4579.230957,4400.256348,4387.820313,4504.102539,4544.230957,4523.974121,4504.871582,4397.436035,4406.538574,4567.692383,4516.538574,4498.717773,4401.666504,4580.384766,4392.179688,4565.128418,4516.922852,4416.153809,4529.230957,4496.282227,2696,0,5,2576,57795,,,,0,4,4,4,4,4,4,4,4,4,4,4,4,4,4,4,4,4,4,4,4,4,4,4,4,4,4,4,4,4,4,4,4,100,,,,,,,,,,,,,,,,,,,,,,,,,,,,,,,,,,,,,,,,,,,,,,,,,,,,,,,,,,,,,,,,,,,,,,,,,,,,,,,,,,,,,,,,,,,,,,,,,,,,,,,,,,,,,,,,,,,,,,,,,,,,,,,,,,,,,,,,,,,,,,,,,,,,,,,,,,,,,,,,,,,,,,,,,,,,,,,,,,,,,,,,,,,,,,,,,,,,,,,,,,,,,,
1764669113.601284,54988,0,4365.897461,4391.538574,4488.461426,4539.871582,4403.205078,4515.641113,4540.384766,4393.333496,4555.128418,4359.230957,4488.333496,4497.820313,4565.769043,4387.94873,4371.666504,4493.589844,4528.205078,4510.128418,4491.922852,4384.615234,4388.205078,4550,4501.282227,4486.794922,4405.641113,4568.077148,4373.077148,4547.94873,4504.743652,4401.410156,4509.102539,4479.487305,2456,0,5,2576,57802,,,,0,4,4,4,4,4,4,4,4,4,4,4,4,4,4,4,4,4,4,4,4,4,4,4,4,4,4,4,4,4,4,4,4,100,,,,,,,,,,,,,,,,,,,,,,,,,,,,,,,,,,,,,,,,,,,,,,,,,,,,,,,,,,,,,,,,,,,,,,,,,,,,,,,,,,,,,,,,,,,,,,,,,,,,,,,,,,,,,,,,,,,,,,,,,,,,,,,,,,,,,,,,,,,,,,,,,,,,,,,,,,,,,,,,,,,,,,,,,,,,,,,,,,,,,,,,,,,,,,,,,,,,,,,,,,,,,,
1764669113.605190,54989,0,4363.717773,4382.94873,4485.384766,4531.794922,4401.025879,4510.512695,4531.922852,4390,4547.820313,4361.794922,4486.666504,4494.615234,4561.153809,4385,4366.025879,4498.717773,4524.358887,4517.692383,4496.282227,4380.128418,4380.641113,4545.641113,4495.897461,4484.487305,4412.307617,4559.871582,4361.025879,4538.461426,4497.05127,4393.333496,4495,4471.538574,2220,0,5,2576,57802,,,,0,4,4,4,4,4,4,4,4,4,4,4,4,4,4,4,4,4,4,4,4,4,4,4,4,4,4,4,4,4,4,4,4,100,,,,,,,,,,,,,,,,,,,,,,,,,,,,,,,,,,,13747,0,0.630371,-0.318787,-0.282532,0.648987,1.003052,-0.048346,0.062508,15.5,37.333332,-25,,,,,,,,,,,,,,,,,,,,,,,,,,,,,,,,,,,,,,,,,,,,,,,,,,,,,,,,,,,,,,,,,,,,,,,,,,,,,,,,,,,,,,,,,,,,,,,,,,,,,,,,,,,,,,,,,,,,,,,,,,,,,,,,,,,,,,,,,,,,,,,,,,,,,,,,,,,,,,,,
1764669113.609096,54990,0,4368.717773,4381.922852,4488.589844,4532.563965,4403.205078,4512.05127,4531.794922,4393.077148,4547.179688,4377.179688,4489.487305,4498.205078,4562.94873,4388.846191,4368.974121,4510.769043,4529.743652,4534.102539,4509.102539,4380.128418,4382.179688,4553.077148,4499.230957,4488.589844,4413.589844,4556.153809,4358.077148,4537.179688,4495.512695,4391.282227,4488.974121,4471.794922,2706,0,5,2576,57810,,,,0,4,4,4,4,4,4,4,4,4,4,4,4,4,4,4,4,4,4,4,4,4,4,4,4,4,4,4,4,4,4,4,4,100,,,,,,,,,,,,,,,,,,,,,,,,,,,,,,,,,,,,,,,,,,,,,,,,,,,,,,,,,,,,,,,,,,,,,,,,,,,,,,,,,,,,,,,,,,,,,,,,,,,,,,,,,,,,,,,,,,,,,,,,,,,,,,,,,,,,,,,,,,,,,,,,,,,,,,,,,,,,,,,,,,,,,,,,,,,,,,,,,,,,,,,,,,,,,,,,,,,,,,,,,,,,,,
1764669113.613002,54991,0,4375.512695,4385,4492.307617,4535.641113,4405.641113,4516.282227,4536.538574,4398.077148,4549.743652,4392.436035,4491.794922,4502.692383,4566.282227,4395.256348,4374.871582,4518.717773,4537.05127,4543.333496,4517.436035,4380,4387.179688,4565.128418,4506.794922,4493.717773,4404.743652,4555.769043,4362.94873,4541.282227,4498.974121,4391.794922,4489.358887,4475.384766,2416,0,5,2576,57810,,,,0,4,4,4,4,4,4,4,4,4,4,4,4,4,4,4,4,4,4,4,4,4,4,4,4,4,4,4,4,4,4,4,4,100,,,,,,,,,,,,,,,,,,,,,,,,,,,,,,,,,,,,,,,,,,,,,,,,,,,,,,,,,,,,,,,,,,,,,,,,,,,,,,,,,,,,,,,,,,,,,,,,,,,,,,,,,,,,,,,,,,,,,,,,,,,,,,,,,,,,,,,,,,,,,,,,,,,,,,,,,,,,,,,,,,,,,,,,,,,,,,,,,,,,,,,,,,,,,,,,,,,,,,,,,,,,,,
1764669113.616908,54992,0,4380.641113,4389.487305,4494.615234,4536.410156,4407.05127,4519.743652,4542.563965,4401.794922,4553.974121,4402.436035,4492.179688,4505.384766,4568.846191,4402.692383,4380.769043,4518.077148,4541.538574,4540.256348,4516.025879,4380.128418,4392.307617,4575.256348,4515,4497.307617,4388.717773,4557.436035,4372.820313,4548.333496,4505,4393.461426,4494.102539,4478.461426,2863,0,5,2575,57818,,,,0,4,4,4,4,4,4,4,4,4,4,4,4,4,4,4,4,4,4,4,4,4,4,4,4,4,4,4,4,4,4,4,4,100,,,,,,,,,,,,,,,,,,,,,,,,,,,,,,,,,,,,,,,,,,,,,,,,,,,,,,,,,,,,,,,,,,,,,,,,,,,,,,,,,,,,,,,,,,,,,,,,,,,,,,,,,,,,,,,,,,,,,,,,,,,,,,,,,,,,,,,,,,,,,,,,,,,,,,,,,,,,,,,,,,,,,,,,,,,,,,,,,,,,,,,,,,,,,,,,,,,,,,,,,,,,,,
1764669113.620814,54993,0,4385.897461,4395.512695,4498.589844,4536.282227,4408.589844,4523.077148,4548.461426,4405,4561.282227,4410.256348,4494.358887,4508.846191,4573.333496,4412.179688,4387.94873,4512.94873,4545,4533.205078,4510.641113,4385.256348,4398.589844,4581.153809,4523.205078,4501.538574,4375.897461,4561.666504,4384.615234,4557.563965,4512.05127,4397.820313,4502.307617,4481.153809,2882,0,5,2575,57818,,,,0,4,4,4,4,4,4,4,4,4,4,4,4,4,4,4,4,4,4,4,4,4,4,4,4,4,4,4,4,4,4,4,4,100,,,,,,,,,,,,,,,,,,,,,,,,,,,,,,,,,,,13748,0,0.629931,-0.317444,-0.281372,0.650574,0.978635,-0.053717,0.031254,13.333333,37,-26.166666,,,,,,,,,,,,,,,,,,,,,,,,,,,,,,,,,,,,,,,,,,,,,,,,,,,,,,,,,,,,,,,,,,,,,,,,,,,,,,,,,,,,,,,,,,,,,,,,,,,,,,,,,,,,,,,,,,,,,,,,,,,,,,,,,,,,,,,,,,,,,,,,,,,,,,,,,,,,,,,,
1764669113.624720,54994,0,4393.205078,4403.077148,4507.307617,4539.102539,4411.794922,4528.461426,4555.128418,4409.102539,4572.563965,4418.717773,4501.282227,4515.897461,4582.307617,4423.333496,4398.205078,4510.128418,4551.025879,4534.102539,4511.666504,4398.333496,4407.692383,4584.743652,4531.666504,4508.717773,4375.256348,4568.846191,4395.128418,4568.205078,4518.077148,4405,4512.436035,4485.769043,1763,0,5,2570,57826,,,,0,4,4,4,4,4,4,4,4,4,4,4,4,4,4,4,4,4,4,4,4,4,4,4,4,4,4,4,4,4,4,4,4,100,,,,,,,,,,,,,,,,,,,,,,,,,,,,,,,,,,,,,,,,,,,,,,,,,,,,,,,,,,,,,,,,,,,,,,,,,,,,,,,,,,,,,,,,,,,,,,,,,,,,,,,,,,,,,,,,,,,,,,,,,,,,,,,,,,,,,,,,,,,,,,,,,,,,,,,,,,,,,,,,,,,,,,,,,,,,,,,,,,,,,,,,,,,,,,,,,,,,,,,,,,,,,,
1764669113.628626,54995,0,4400.256348,4407.94873,4517.05127,4544.487305,4414.487305,4533.589844,4560.512695,4412.179688,4582.94873,4423.077148,4509.615234,4523.717773,4593.077148,4430.512695,4408.333496,4511.282227,4558.461426,4544.615234,4522.563965,4414.102539,4416.410156,4586.794922,4537.307617,4516.538574,4385.256348,4575.384766,4399.487305,4575.512695,4520.512695,4410.769043,4520.128418,4491.922852,2715,0,5,2570,57826,,,,0,4,4,4,4,4,4,4,4,4,4,4,4,4,4,4,4,4,4,4,4,4,4,4,4,4,4,4,4,4,4,4,4,100,,,,,,,,,,,,,,,,,,,,,,,,,,,,,,,,,,,,,,,,,,,,,,,,,,,,,,,,,,,,,,,,,,,,,,,,,,,,,,,,,,,,,,,,,,,,,,,,,,,,,,,,,,,,,,,,,,,,,,,,,,,,,,,,,,,,,,,,,,,,,,,,,,,,,,,,,,,,,,,,,,,,,,,,,,,,,,,,,,,,,,,,,,,,,,,,,,,,,,,,,,,,,,
1764669113.632532,54996,0,4400.384766,4403.333496,4517.307617,4545.641113,4411.282227,4532.307617,4559.615234,4408.461426,4583.846191,4415.769043,4511.025879,4526.025879,4597.692383,4426.666504,4410.897461,4512.563965,4561.153809,4555.256348,4535.769043,4421.025879,4417.820313,4584.743652,4534.743652,4517.94873,4393.974121,4574.743652,4393.333496,4572.94873,4516.025879,4407.94873,4519.871582,4495.128418,2564,0,5,2565,57834,,,,0,4,4,4,4,4,4,4,4,4,4,4,4,4,4,4,4,4,4,4,4,4,4,4,4,4,4,4,4,4,4,4,4,100,,,,,,,,,,,,,,,,,,,,,,,,,,,,,,,,,,,,,,,,,,,,,,,,,,,,,,,,,,,,,,,,,,,,,,,,,,,,,,,,,,,,,,,,,,,,,,,,,,,,,,,,,,,,,,,,,,,,,,,,,,,,,,,,,,,,,,,,,,,,,,,,,,,,,,,,,,,,,,,,,,,,,,,,,,,,,,,,,,,,,,,,,,,,,,,,,,,,,,,,,,,,,,
1764669113.636438,54997,0,4389.743652,4386.538574,4501.282227,4536.282227,4400.256348,4521.025879,4548.974121,4394.230957,4571.410156,4396.410156,4500.769043,4519.102539,4590.384766,4411.410156,4402.692383,4510.641113,4553.846191,4555.769043,4541.410156,4412.05127,4408.589844,4576.794922,4522.307617,4508.589844,4388.589844,4564.102539,4376.794922,4558.589844,4504.743652,4393.974121,4509.871582,4490.256348,2791,0,5,2565,57834,,,,0,4,4,4,4,4,4,4,4,4,4,4,4,4,4,4,4,4,4,4,4,4,4,4,4,4,4,4,4,4,4,4,4,100,,,,,,,,,,,,,,,,,,,,,,,,,,,,,,,,,,,13749,0,0.629825,-0.316833,-0.280884,0.651184,0.990355,-0.058601,0.00879,14,37.5,-24.666666,,,,,,,,,,,,,,,,,,,,,,,,,,,,,,,,,,,,,,,,,,,,,,,,,,,,,,,,,,,,,,,,,,,,,,,,,,,,,,,,,,,,,,,,,,,,,,,,,,,,,,,,,,,,,,,,,,,,,,,,,,,,,,,,,,,,,,,,,,,,,,,,,,,,,,,,,,,,,,,,
1764669113.640344,54998,0,4373.333496,4364.743652,4472.692383,4519.102539,4386.666504,4503.974121,4532.436035,4374.615234,4551.666504,4375.256348,4484.358887,4507.179688,4574.615234,4393.077148,4389.871582,4508.205078,4539.871582,4546.538574,4535.897461,4392.692383,4394.102539,4565.897461,4506.282227,4492.820313,4368.077148,4548.077148,4356.922852,4539.743652,4492.563965,4375.512695,4495,4477.307617,2893,0,5,2565,57842,,,,0,4,4,4,4,4,4,4,4,4,4,4,4,4,4,4,4,4,4,4,4,4,4,4,4,4,4,4,4,4,4,4,4,100,,,,,,,,,,,,,,,,,,,,,,,,,,,,,,,,,,,,,,,,,,,,,,,,,,,,,,,,,,,,,,,,,,,,,,,,,,,,,,,,,,,,,,,,,,,,,,,,,,,,,,,,,,,,,,,,,,,,,,,,,,,,,,,,,,,,,,,,,,,,,,,,,,,,,,,,,,,,,,,,,,,,,,,,,,,,,,,,,,,,,,,,,,,,,,,,,,,,,,,,,,,,,,
1764669113.644250,54999,0,4361.666504,4351.282227,4446.282227,4505.769043,4379.615234,4491.666504,4520.128418,4361.025879,4537.179688,4366.410156,4473.589844,4499.615234,4561.025879,4383.589844,4382.94873,4510.769043,4528.974121,4537.05127,4524.743652,4376.922852,4384.615234,4559.615234,4497.436035,4481.538574,4347.179688,4536.538574,4345.256348,4529.230957,4487.436035,4364.358887,4484.358887,4461.538574,2814,0,5,2565,57842,,,,0,4,4,4,4,4,4,4,4,4,4,4,4,4,4,4,4,4,4,4,4,4,4,4,4,4,4,4,4,4,4,4,4,100,,,,,,,,,,,,,,,,,,,,,,,,,,,,,,,,,,,,,,,,,,,,,,,,,,,,,,,,,,,,,,,,,,,,,,,,,,,,,,,,,,,,,,,,,,,,,,,,,,,,,,,,,,,,,,,,,,,,,,,,,,,,,,,,,,,,,,,,,,,,,,,,,,,,,,,,,,,,,,,,,,,,,,,,,,,,,,,,,,,,,,,,,,,,,,,,,,,,,,,,,,,,,,
1764669113.648156,55000,1,4363.52002,4354.731934,4450.850586,4507.73877,4380.244629,4494.20752,4520.652832,4363.274902,4538.589844,4369.160645,4475.780762,4501.352051,4562.074707,4385.699219,4384.77832,4512.645508,4530.478027,4538.310059,4524.54541,4379.615234,4387.319336,4560.605957,4499.533691,4482.645508,4352.575684,4538.834473,4348.671387,4531.818359,4489.685547,4367.94873,4486.853027,4464.930176,0,0,5,0,0,,,,0,4,4,4,4,4,4,4,4,4,4,4,4,4,4,4,4,4,4,4,4,4,4,4,4,4,4,4,4,4,4,4,4,100,,,,,,,,,,,,,,,,,,,,,,,,,,,,,,,,,,,,,,,,,,,,,,,4.523479,2.062096,1.815935,0.97438,1.322024,5.239383,2.554457,1.734106,1.412801,1.715985,17.752195,4.333691,3.70859,3.524929,3.483192,5.988984,2.17761,3.014537,1.750299,1.85773,5.821856,2.053662,2.546315,1.742399,1.840932,5.197993,1.509899,1.726456,0.943395,1.436744,4.363547,1.571167,2.275608,1.464944,1.504664,4.795248,1.76497,2.44993,1.279677,1.75249,2.130515,1.80134,2.276928,2.484544,1.6211,2.925294,1.604657,4.933649,2.791133,3.305368,1.85707,0.949595,1.556137,1.272328,1.185803,5.017251,1.290312,2.127592,1.143854,1.344449,1.765474,0.88362,1.711347,1.177116,1.466513,0.656855,0.988128,0.781777,0.992198,1.005699,0.887647,1.266393,1.503672,1.65442,1.331689,1.299785,2.032197,2.188061,2.251595,1.818397,4.182219,1.692922,2.669614,1.368547,1.620118,2.06919,2.61448,2.71765,1.959873,2.420976,1.865101,1.951383,2.085239,0.985605,1.877642,1.917742,2.408068,2.526785,1.211658,1.468381,3.437327,2.74156,2.08426,0.733105,2.171383,3.636887,2.175814,2.393238,1.11699,1.760643,3.902237,2.332383,2.078172,0.971677,1.46121,4.060709,3.22927,2.390084,1.219439,1.535275,6.082729,5.900536,9.219398,3.735217,4.427037,2.56094,3.743081,3.076695,1.477255,1.263271,3.270091,3.627142,1.551256,1.987949,1.957717,4.493662,3.213697,2.307542,1.361421,1.808699,2.619283,1.239234,0.959037,0.613736,0.677273,4.985394,3.035469,2.963814,2.967856,1.954853,4.254531,4.393738,2.087621,2.303107,2.724107,19.448196,4.929213,2.818319,6.777174,3.927296
1764669113.652062,55001,1,4365.373047,4358.181641,4455.419434,4509.708496,4380.874023,4496.748047,4521.177246,4365.524414,4540,4371.911621,4477.972168,4503.088379,4563.123535,4387.809082,4386.608398,4514.521973,4531.981445,4539.568848,4524.347168,4382.307617,4390.023438,4561.59668,4501.631836,4483.75293,4357.972168,4541.130371,4352.086426,4534.405762,4491.93457,4371.538574,4489.347168,4468.321777,0,0,5,0,0,,,,0,4,4,4,4,4,4,4,4,4,4,4,4,4,4,4,4,4,4,4,4,4,4,4,4,4,4,4,4,4,4,4,4,100,,,,,,,,,,,,,,,,,,,,,,,,,,,,,,,,,,,,,,,,,,,,,,,,,,,,,,,,,,,,,,,,,,,,,,,,,,,,,,,,,,,,,,,,,,,,,,,,,,,,,,,,,,,,,,,,,,,,,,,,,,,,,,,,,,,,,,,,,,,,,,,,,,,,,,,,,,,,,,,,,,,,,,,,,,,,,,,,,,,,,,,,,,,,,,,,,,,,,,,,,,,,,,
1764669113.655968,55002,1,4367.226074,4361.631836,4459.988281,4511.678223,4381.503418,4499.289063,4521.70166,4367.773926,4541.410156,4374.662109,4480.163086,4504.825195,4564.172363,4389.918457,4388.437988,4516.398438,4533.484863,4540.827637,4524.149414,4385,4392.727051,4562.587402,4503.729492,4484.860352,4363.368164,4543.426758,4355.500977,4536.993164,4494.184082,4375.128418,4491.841309,4471.713379,0,0,5,0,0,,,,0,4,4,4,4,4,4,4,4,4,4,4,4,4,4,4,4,4,4,4,4,4,4,4,4,4,4,4,4,4,4,4,4,100,,,,,,,,,,,,,,,,,,,,,,,,,,,,,,,,,,,,,,,,,,,,,,,,,,,,,,,,,,,,,,,,,,,,,,,,,,,,,,,,,,,,,,,,,,,,,,,,,,,,,,,,,,,,,,,,,,,,,,,,,,,,,,,,,,,,,,,,,,,,,,,,,,,,,,,,,,,,,,,,,,,,,,,,,,,,,,,,,,,,,,,,,,,,,,,,,,,,,,,,,,,,,,
1764669113.659874,55003,1,4369.079102,4365.081543,4464.557129,4513.647949,4382.132813,4501.830078,4522.226074,4370.023438,4542.820313,4377.412598,4482.354492,4506.562012,4565.22168,4392.027832,4390.268066,4518.274902,4534.988281,4542.086426,4523.951172,4387.692383,4395.431152,4563.578125,4505.827637,4485.967285,4368.764648,4545.722656,4358.916016,4539.580566,4496.433594,4378.717773,4494.335449,4475.10498,0,0,5,0,0,,,,0,4,4,4,4,4,4,4,4,4,4,4,4,4,4,4,4,4,4,4,4,4,4,4,4,4,4,4,4,4,4,4,4,100,,,,,,,,,,,,,,,,,,,,,,,,,,,,,,,,,,,,,,,,,,,,,,,,,,,,,,,,,,,,,,,,,,,,,,,,,,,,,,,,,,,,,,,,,,,,,,,,,,,,,,,,,,,,,,,,,,,,,,,,,,,,,,,,,,,,,,,,,,,,,,,,,,,,,,,,,,,,,,,,,,,,,,,,,,,,,,,,,,,,,,,,,,,,,,,,,,,,,,,,,,,,,,
1764669113.663780,55004,1,4370.932617,4368.53125,4469.125977,4515.617676,4382.762207,4504.370605,4522.750488,4372.272949,4544.230957,4380.163086,4484.54541,4508.29834,4566.270508,4394.137695,4392.098145,4520.151367,4536.491699,4543.345215,4523.75293,4390.384766,4398.135254,4564.568848,4507.925293,4487.074707,4374.160645,4548.018555,4362.331055,4542.167969,4498.683105,4382.307617,4496.830078,4478.496582,0,0,5,0,0,,,,0,4,4,4,4,4,4,4,4,4,4,4,4,4,4,4,4,4,4,4,4,4,4,4,4,4,4,4,4,4,4,4,4,100,,,,,,,,,,,,,,,,,,,,,,,,,,,,,,,,,,,,,,,,,,,,,,,,,,,,,,,,,,,,,,,,,,,,,,,,,,,,,,,,,,,,,,,,,,,,,,,,,,,,,,,,,,,,,,,,,,,,,,,,,,,,,,,,,,,,,,,,,,,,,,,,,,,,,,,,,,,,,,,,,,,,,,,,,,,,,,,,,,,,,,,,,,,,,,,,,,,,,,,,,,,,,,
1764669113.667686,55005,1,4372.785645,4371.981445,4473.694824,4517.587402,4383.391602,4506.911621,4523.274902,4374.521973,4545.641113,4382.913574,4486.736816,4510.035156,4567.319336,4396.24707,4393.927734,4522.027832,4537.995117,4544.603516,4523.554688,4393.077148,4400.839355,4565.55957,4510.023438,4488.181641,4379.557129,4550.314453,4365.746094,4544.755371,4500.932617,4385.897461,4499.324219,4481.888184,0,0,5,0,0,,,,0,4,4,4,4,4,4,4,4,4,4,4,4,4,4,4,4,4,4,4,4,4,4,4,4,4,4,4,4,4,4,4,4,100,,,,,,,,,,,,,,,,,,,,,,,,,,,,,,,,,,,,,,,,,,,,,,,,,,,,,,,,,,,,,,,,,,,,,,,,,,,,,,,,,,,,,,,,,,,,,,,,,,,,,,,,,,,,,,,,,,,,,,,,,,,,,,,,,,,,,,,,,,,,,,,,,,,,,,,,,,,,,,,,,,,,,,,,,,,,,,,,,,,,,,,,,,,,,,,,,,,,,,,,,,,,,,
1764669113.671592,55006,1,4374.638672,4375.431152,4478.263184,4519.557129,4384.020996,4509.452148,4523.799316,4376.771484,4547.05127,4385.664551,4488.927734,4511.771484,4568.368164,4398.356445,4395.757813,4523.904297,4539.499023,4545.862305,4523.356445,4395.769043,4403.542969,4566.550293,4512.121094,4489.289063,4384.953613,4552.61084,4369.160645,4547.342773,4503.181641,4389.487305,4501.818359,4485.279785,0,0,5,0,0,,,,0,4,4,4,4,4,4,4,4,4,4,4,4,4,4,4,4,4,4,4,4,4,4,4,4,4,4,4,4,4,4,4,4,100,,,,,,,,,,,,,,,,,,,,,,,,,,,,,,,,,,,,,,,,,,,,,,,,,,,,,,,,,,,,,,,,,,,,,,,,,,,,,,,,,,,,,,,,,,,,,,,,,,,,,,,,,,,,,,,,,,,,,,,,,,,,,,,,,,,,,,,,,,,,,,,,,,,,,,,,,,,,,,,,,,,,,,,,,,,,,,,,,,,,,,,,,,,,,,,,,,,,,,,,,,,,,,
1764669113.675498,55007,1,4376.491699,4378.881348,4482.832031,4521.526855,4384.650391,4511.993164,4524.324219,4379.020996,4548.461426,4388.415039,4491.118652,4513.508301,4569.41748,4400.466309,4397.587402,4525.780762,4541.002441,4547.121094,4523.158691,4398.461426,4406.24707,4567.541016,4514.219238,4490.396484,4390.349609,4554.906738,4372.575684,4549.930176,4505.431152,4393.077148,4504.3125,4488.671387,0,0,5,0,0,,,,0,4,4,4,4,4,4,4,4,4,4,4,4,4,4,4,4,4,4,4,4,4,4,4,4,4,4,4,4,4,4,4,4,100,,,,,,,,,,,,,,,,,,,,,,,,,,,,,,,,,,,,,,,,,,,,,,,,,,,,,,,,,,,,,,,,,,,,,,,,,,,,,,,,,,,,,,,,,,,,,,,,,,,,,,,,,,,,,,,,,,,,,,,,,,,,,,,,,,,,,,,,,,,,,,,,,,,,,,,,,,,,,,,,,,,,,,,,,,,,,,,,,,,,,,,,,,,,,,,,,,,,,,,,,,,,,,
1764669113.679404,55008,1,4378.345215,4382.331055,4487.400879,4523.496582,4385.279785,4514.533691,4524.848633,4381.270508,4549.871582,4391.165527,4493.310059,4515.244629,4570.466309,4402.575684,4399.41748,4527.657227,4542.505859,4548.379883,4522.960449,4401.153809,4408.951172,4568.53125,4516.316895,4491.503418,4395.746094,4557.202637,4375.990723,4552.517578,4507.680664,4396.666504,4506.806641,4492.062988,0,0,5,0,0,,,,0,4,4,4,4,4,4,4,4,4,4,4,4,4,4,4,4,4,4,4,4,4,4,4,4,4,4,4,4,4,4,4,4,100,,,,,,,,,,,,,,,,,,,,,,,,,,,,,,,,,,,,,,,,,,,,,,,,,,,,,,,,,,,,,,,,,,,,,,,,,,,,,,,,,,,,,,,,,,,,,,,,,,,,,,,,,,,,,,,,,,,,,,,,,,,,,,,,,,,,,,,,,,,,,,,,,,,,,,,,,,,,,,,,,,,,,,,,,,,,,,,,,,,,,,,,,,,,,,,,,,,,,,,,,,,,,,
1764669113.683310,55009,1,4380.198242,4385.780762,4491.969727,4525.466309,4385.90918,4517.074707,4525.373047,4383.52002,4551.282227,4393.916016,4495.500977,4516.981445,4571.515137,4404.685547,4401.24707,4529.533691,4544.009277,4549.638672,4522.762207,4403.846191,4411.654785,4569.521973,4518.415039,4492.61084,4401.14209,4559.499023,4379.405762,4555.10498,4509.930176,4400.256348,4509.300781,4495.45459,0,0,5,0,0,,,,0,4,4,4,4,4,4,4,4,4,4,4,4,4,4,4,4,4,4,4,4,4,4,4,4,4,4,4,4,4,4,4,4,100,,,,,,,,,,,,,,,,,,,,,,,,,,,,,,,,,,,,,,,,,,,,,,,,,,,,,,,,,,,,,,,,,,,,,,,,,,,,,,,,,,,,,,,,,,,,,,,,,,,,,,,,,,,,,,,,,,,,,,,,,,,,,,,,,,,,,,,,,,,,,,,,,,,,,,,,,,,,,,,,,,,,,,,,,,,,,,,,,,,,,,,,,,,,,,,,,,,,,,,,,,,,,,
1764669113.687216,55010,0,4382.05127,4389.230957,4496.538574,4527.436035,4386.538574,4519.615234,4525.897461,4385.769043,4552.692383,4396.666504,4497.692383,4518.717773,4572.563965,4406.794922,4403.077148,4531.410156,4545.512695,4550.897461,4522.563965,4406.538574,4414.358887,4570.512695,4520.512695,4493.717773,4406.538574,4561.794922,4382.820313,4557.692383,4512.179688,4403.846191,4511.794922,4498.846191,2659,0,5,2571,57888,,,,0,4,4,4,4,4,4,4,4,4,4,4,4,4,4,4,4,4,4,4,4,4,4,4,4,4,4,4,4,4,4,4,4,100,,,,,,,,,,,,,,,,,,,,,,,,,,,,,,,,,,,,,,,,,,,,,,,,,,,,,,,,,,,,,,,,,,,,,,,,,,,,,,,,,,,,,,,,,,,,,,,,,,,,,,,,,,,,,,,,,,,,,,,,,,,,,,,,,,,,,,,,,,,,,,,,,,,,,,,,,,,,,,,,,,,,,,,,,,,,,,,,,,,,,,,,,,,,,,,,,,,,,,,,,,,,,,
1764669113.691122,55011,0,4377.179688,4386.282227,4498.974121,4523.846191,4382.563965,4515.384766,4523.205078,4380,4549.871582,4394.102539,4492.05127,4511.410156,4568.717773,4407.820313,4398.589844,4531.666504,4541.794922,4542.05127,4510.769043,4392.94873,4398.717773,4567.436035,4518.205078,4490.897461,4382.05127,4556.666504,4378.846191,4553.846191,4508.461426,4400,4504.102539,4483.333496,2827,0,5,2571,57888,,,,0,4,4,4,4,4,4,4,4,4,4,4,4,4,4,4,4,4,4,4,4,4,4,4,4,4,4,4,4,4,4,4,4,100,,,,,,,,,,,,,,,,,,,,,,,,,,,,,,,,,,,,,,,,,,,,,,,,,,,,,,,,,,,,,,,,,,,,,,,,,,,,,,,,,,,,,,,,,,,,,,,,,,,,,,,,,,,,,,,,,,,,,,,,,,,,,,,,,,,,,,,,,,,,,,,,,,,,,,,,,,,,,,,,,,,,,,,,,,,,,,,,,,,,,,,,,,,,,,,,,,,,,,,,,,,,,,
1764669113.695028,55012,0,4375.128418,4386.410156,4499.871582,4522.436035,4381.538574,4513.077148,4524.487305,4377.563965,4552.436035,4393.461426,4486.922852,4507.94873,4569.102539,4411.025879,4395.641113,4530.641113,4542.436035,4540,4508.717773,4384.871582,4390.512695,4568.461426,4518.846191,4491.922852,4367.179688,4554.230957,4376.666504,4552.563965,4506.666504,4398.717773,4504.487305,4475.512695,2708,0,5,2572,57896,,,,0,4,4,4,4,4,4,4,4,4,4,4,4,4,4,4,4,4,4,4,4,4,4,4,4,4,4,4,4,4,4,4,4,100,,,,,,,,,,,,,,,,,,,,,,,,,,,,,,,,,,,,,,,,,,,,,,,,,,,,,,,,,,,,,,,,,,,,,,,,,,,,,,,,,,,,,,,,,,,,,,,,,,,,,,,,,,,,,,,,,,,,,,,,,,,,,,,,,,,,,,,,,,,,,,,,,,,,,,,,,,,,,,,,,,,,,,,,,,,,,,,,,,,,,,,,,,,,,,,,,,,,,,,,,,,,,,
1764669113.698934,55013,0,4380.512695,4394.487305,4501.153809,4527.820313,4387.563965,4517.307617,4533.077148,4384.358887,4562.307617,4399.615234,4489.102539,4511.410156,4576.538574,4415.769043,4399.230957,4529.358887,4550,4547.692383,4518.717773,4388.717773,4396.153809,4576.025879,4524.743652,4500,4375,4560.512695,4381.538574,4558.846191,4509.743652,4404.358887,4515.512695,4481.666504,2797,0,5,2572,57896,,,,0,4,4,4,4,4,4,4,4,4,4,4,4,4,4,4,4,4,4,4,4,4,4,4,4,4,4,4,4,4,4,4,4,100,,,,,,,,,,,,,,,,,,,,,,,,,,,,,,,,,,,13753,0,0.629173,-0.312683,-0.277466,0.655273,0.978635,-0.081065,0.062508,13.166667,37.5,-25.166666,,,,,,,,,,,,,,,,,,,,,,,,,,,,,,,,,,,,,,,,,,,,,,,,,,,,,,,,,,,,,,,,,,,,,,,,,,,,,,,,,,,,,,,,,,,,,,,,,,,,,,,,,,,,,,,,,,,,,,,,,,,,,,,,,,,,,,,,,,,,,,,,,,,,,,,,,,,,,,,,
1764669113.702840,55014,0,4390.769043,4406.666504,4502.94873,4537.05127,4397.94873,4526.794922,4545.641113,4397.307617,4574.871582,4407.436035,4498.461426,4517.820313,4586.922852,4417.563965,4406.282227,4525.128418,4559.615234,4556.922852,4531.666504,4399.487305,4409.358887,4585.384766,4532.307617,4511.153809,4400,4573.333496,4391.794922,4569.487305,4515.769043,4413.461426,4530.512695,4498.461426,2777,0,5,2572,57904,,,,0,4,4,4,4,4,4,4,4,4,4,4,4,4,4,4,4,4,4,4,4,4,4,4,4,4,4,4,4,4,4,4,4,100,,,,,,,,,,,,,,,,,,,,,,,,,,,,,,,,,,,,,,,,,,,,,,,,,,,,,,,,,,,,,,,,,,,,,,,,,,,,,,,,,,,,,,,,,,,,,,,,,,,,,,,,,,,,,,,,,,,,,,,,,,,,,,,,,,,,,,,,,,,,,,,,,,,,,,,,,,,,,,,,,,,,,,,,,,,,,,,,,,,,,,,,,,,,,,,,,,,,,,,,,,,,,,
1764669113.706746,55015,0,4397.94873,4413.846191,4504.358887,4542.820313,4405.897461,4534.102539,4554.871582,4407.692383,4582.05127,4408.461426,4507.563965,4520.641113,4592.436035,4412.692383,4410.256348,4515.769043,4562.94873,4556.666504,4534.615234,4406.538574,4418.205078,4589.487305,4534.487305,4517.820313,4422.436035,4583.589844,4399.871582,4575.769043,4519.871582,4417.94873,4539.230957,4515.128418,2936,0,5,2572,57904,,,,0,4,4,4,4,4,4,4,4,4,4,4,4,4,4,4,4,4,4,4,4,4,4,4,4,4,4,4,4,4,4,4,4,100,,,,,,,,,,,,,,,,,,,,,,,,,,,,,,,,,,,,,,,,,,,,,,,,,,,,,,,,,,,,,,,,,,,,,,,,,,,,,,,,,,,,,,,,,,,,,,,,,,,,,,,,,,,,,,,,,,,,,,,,,,,,,,,,,,,,,,,,,,,,,,,,,,,,,,,,,,,,,,,,,,,,,,,,,,,,,,,,,,,,,,,,,,,,,,,,,,,,,,,,,,,,,,
1764669113.710652,55016,0,4396.794922,4410.512695,4505,4540.769043,4406.025879,4533.589844,4555,4407.94873,4579.615234,4401.794922,4509.871582,4517.179688,4589.102539,4402.820313,4407.563965,4504.230957,4556.282227,4544.102539,4522.820313,4403.974121,4416.922852,4585.897461,4528.589844,4515.769043,4424.102539,4583.717773,4399.358887,4572.179688,4518.717773,4413.717773,4536.410156,4520.897461,2864,0,5,2573,57912,,,,0,4,4,4,4,4,4,4,4,4,4,4,4,4,4,4,4,4,4,4,4,4,4,4,4,4,4,4,4,4,4,4,4,100,,,,,,,,,,,,,,,,,,,,,,,,,,,,,,,,,,,,,,,,,,,,,,,,,,,,,,,,,,,,,,,,,,,,,,,,,,,,,,,,,,,,,,,,,,,,,,,,,,,,,,,,,,,,,,,,,,,,,,,,,,,,,,,,,,,,,,,,,,,,,,,,,,,,,,,,,,,,,,,,,,,,,,,,,,,,,,,,,,,,,,,,,,,,,,,,,,,,,,,,,,,,,,
1764669113.714558,55017,0,4389.230957,4399.743652,4505.897461,4532.94873,4398.846191,4525.769043,4546.794922,4398.846191,4571.282227,4395.384766,4505.256348,4511.153809,4580.128418,4394.615234,4401.410156,4497.692383,4544.487305,4528.333496,4504.743652,4395.384766,4410.128418,4578.589844,4518.974121,4508.333496,4404.102539,4575.128418,4390.384766,4561.666504,4513.205078,4403.974121,4526.025879,4512.820313,2741,0,5,2573,57912,,,,0,4,4,4,4,4,4,4,4,4,4,4,4,4,4,4,4,4,4,4,4,4,4,4,4,4,4,4,4,4,4,4,4,100,,,,,,,,,,,,,,,,,,,,,,,,,,,,,,,,,,,13754,0,0.628766,-0.312256,-0.277283,0.655945,0.995727,-0.062996,0.038091,13.166667,35.5,-24.333334,,,,,,,,,,,,,,,,,,,,,,,,,,,,,,,,,,,,,,,,,,,,,,,,,,,,,,,,,,,,,,,,,,,,,,,,,,,,,,,,,,,,,,,,,,,,,,,,,,,,,,,,,,,,,,,,,,,,,,,,,,,,,,,,,,,,,,,,,,,,,,,,,,,,,,,,,,,,,,,,
1764669113.718464,55018,0,4382.436035,4390,4506.666504,4525.769043,4390.256348,4516.794922,4536.666504,4388.077148,4565,4398.077148,4499.487305,4508.974121,4573.077148,4393.461426,4398.589844,4502.307617,4536.794922,4522.820313,4495.384766,4389.743652,4406.666504,4574.615234,4513.205078,4502.307617,4378.589844,4566.153809,4379.615234,4553.333496,4507.820313,4396.025879,4517.563965,4496.922852,2397,0,5,2573,57920,,,,0,4,4,4,4,4,4,4,4,4,4,4,4,4,4,4,4,4,4,4,4,4,4,4,4,4,4,4,4,4,4,4,4,100,,,,,,,,,,,,,,,,,,,,,,,,,,,,,,,,,,,,,,,,,,,,,,,,,,,,,,,,,,,,,,,,,,,,,,,,,,,,,,,,,,,,,,,,,,,,,,,,,,,,,,,,,,,,,,,,,,,,,,,,,,,,,,,,,,,,,,,,,,,,,,,,,,,,,,,,,,,,,,,,,,,,,,,,,,,,,,,,,,,,,,,,,,,,,,,,,,,,,,,,,,,,,,
1764669113.722370,55019,0,4381.153809,4387.563965,4505.512695,4523.717773,4386.153809,4512.563965,4530.384766,4382.563965,4564.615234,4409.871582,4498.333496,4512.563965,4573.461426,4399.358887,4402.563965,4516.922852,4538.077148,4533.077148,4502.563965,4391.666504,4409.358887,4576.922852,4514.743652,4502.05127,4367.307617,4564.487305,4374.230957,4553.846191,4505.769043,4394.615234,4516.666504,4482.436035,2686,0,5,2573,57920,,,,0,4,4,4,4,4,4,4,4,4,4,4,4,4,4,4,4,4,4,4,4,4,4,4,4,4,4,4,4,4,4,4,4,100,,,,,,,,,,,,,,,,,,,,,,,,,,,,,,,,,,,,,,,,,,,,,,,,,,,,,,,,,,,,,,,,,,,,,,,,,,,,,,,,,,,,,,,,,,,,,,,,,,,,,,,,,,,,,,,,,,,,,,,,,,,,,,,,,,,,,,,,,,,,,,,,,,,,,,,,,,,,,,,,,,,,,,,,,,,,,,,,,,,,,,,,,,,,,,,,,,,,,,,,,,,,,,
1764669113.726276,55020,0,4383.333496,4390.512695,4500,4526.410156,4387.436035,4514.102539,4528.589844,4383.333496,4567.563965,4421.794922,4502.436035,4517.94873,4579.487305,4406.922852,4409.230957,4530.897461,4544.871582,4550.256348,4519.230957,4397.05127,4411.666504,4581.282227,4519.871582,4505.128418,4376.025879,4569.743652,4376.282227,4561.153809,4506.538574,4399.102539,4520.641113,4474.358887,2450,0,5,2572,57927,,,,0,4,4,4,4,4,4,4,4,4,4,4,4,4,4,4,4,4,4,4,4,4,4,4,4,4,4,4,4,4,4,4,4,100,,,,,,,,,,,,,,,,,,,,,,,,,,,,,,,,,,,,,,,,,,,,,,,,,,,,,,,,,,,,,,,,,,,,,,,,,,,,,,,,,,,,,,,,,,,,,,,,,,,,,,,,,,,,,,,,,,,,,,,,,,,,,,,,,,,,,,,,,,,,,,,,,,,,,,,,,,,,,,,,,,,,,,,,,,,,,,,,,,,,,,,,,,,,,,,,,,,,,,,,,,,,,,
1764669113.730182,55021,0,4383.461426,4392.307617,4490.384766,4529.615234,4390.256348,4517.307617,4527.820313,4385.897461,4568.333496,4422.05127,4506.794922,4518.461426,4584.487305,4410,4410.384766,4531.538574,4548.333496,4558.205078,4529.743652,4397.563965,4404.230957,4580.128418,4521.025879,4506.025879,4392.05127,4575,4381.794922,4566.410156,4507.179688,4404.615234,4522.307617,4472.307617,2214,0,5,2572,57927,,,,0,4,4,4,4,4,4,4,4,4,4,4,4,4,4,4,4,4,4,4,4,4,4,4,4,4,4,4,4,4,4,4,4,100,,,,,,,,,,,,,,,,,,,,,,,,,,,,,,,,,,,13755,0,0.628398,-0.311768,-0.277222,0.656555,0.964962,-0.059578,0.01465,12.666667,37.833332,-24.5,,,,,,,,,,,,,,,,,,,,,,,,,,,,,,,,,,,,,,,,,,,,,,,,,,,,,,,,,,,,,,,,,,,,,,,,,,,,,,,,,,,,,,,,,,,,,,,,,,,,,,,,,,,,,,,,,,,,,,,,,,,,,,,,,,,,,,,,,,,,,,,,,,,,,,,,,,,,,,,,
1764669113.734088,55022,0,4377.820313,4387.94873,4480.641113,4529.487305,4389.871582,4517.692383,4525.256348,4385.641113,4564.230957,4404.743652,4506.153809,4510.384766,4583.077148,4405.512695,4402.05127,4515.256348,4542.436035,4547.692383,4523.846191,4388.461426,4384.871582,4569.871582,4514.230957,4501.282227,4396.538574,4573.205078,4385.256348,4562.94873,4505.256348,4406.153809,4517.820313,4473.333496,2700,0,5,2571,57935,,,,0,4,4,4,4,4,4,4,4,4,4,4,4,4,4,4,4,4,4,4,4,4,4,4,4,4,4,4,4,4,4,4,4,100,,,,,,,,,,,,,,,,,,,,,,,,,,,,,,,,,,,,,,,,,,,,,,,,,,,,,,,,,,,,,,,,,,,,,,,,,,,,,,,,,,,,,,,,,,,,,,,,,,,,,,,,,,,,,,,,,,,,,,,,,,,,,,,,,,,,,,,,,,,,,,,,,,,,,,,,,,,,,,,,,,,,,,,,,,,,,,,,,,,,,,,,,,,,,,,,,,,,,,,,,,,,,,
1764669113.737994,55023,0,4368.589844,4378.717773,4476.153809,4524.743652,4384.487305,4513.461426,4521.153809,4382.692383,4557.563965,4374.615234,4499.358887,4496.922852,4575.256348,4395.641113,4388.205078,4491.922852,4529.230957,4525,4506.153809,4373.846191,4362.307617,4554.615234,4502.820313,4492.563965,4381.410156,4563.717773,4383.974121,4551.282227,4500.897461,4402.179688,4509.358887,4475.128418,2414,0,5,2571,57935,,,,0,4,4,4,4,4,4,4,4,4,4,4,4,4,4,4,4,4,4,4,4,4,4,4,4,4,4,4,4,4,4,4,4,100,,,,,,,,,,,,,,,,,,,,,,,,,,,,,,,,,,,,,,,,,,,,,,,,,,,,,,,,,,,,,,,,,,,,,,,,,,,,,,,,,,,,,,,,,,,,,,,,,,,,,,,,,,,,,,,,,,,,,,,,,,,,,,,,,,,,,,,,,,,,,,,,,,,,,,,,,,,,,,,,,,,,,,,,,,,,,,,,,,,,,,,,,,,,,,,,,,,,,,,,,,,,,,
1764669113.741900,55024,1,4370.143066,4380.361816,4478.318359,4525.399902,4386.17627,4514.706055,4522.519043,4383.38623,4558.393555,4375.950195,4499.358887,4498.408691,4576.334961,4396.379883,4388.220215,4493.725586,4530.739258,4526.644043,4507.187012,4375.301758,4365.422363,4556.591309,4504.667969,4493.99707,4380.836914,4565.052734,4384.517578,4552.383301,4501.651367,4402.639648,4510.625977,4477.602051,0,0,5,0,0,,,,0,4,4,4,4,4,4,4,4,4,4,4,4,4,4,4,4,4,4,4,4,4,4,4,4,4,4,4,4,4,4,4,4,100,,,,,,,,,,,,,,,,,,,,,,,,,,,,,,,,,,,,,,,,,,,,,,,,,,,,,,,,,,,,,,,,,,,,,,,,,,,,,,,,,,,,,,,,,,,,,,,,,,,,,,,,,,,,,,,,,,,,,,,,,,,,,,,,,,,,,,,,,,,,,,,,,,,,,,,,,,,,,,,,,,,,,,,,,,,,,,,,,,,,,,,,,,,,,,,,,,,,,,,,,,,,,,
1764669113.745806,55025,1,4371.696777,4382.005859,4480.482422,4526.055664,4387.865723,4515.950195,4523.883789,4384.080078,4559.223145,4377.285156,4499.358887,4499.894531,4577.413086,4397.119141,4388.235352,4495.527832,4532.247559,4528.288086,4508.220215,4376.757324,4368.537109,4558.566895,4506.515625,4495.429688,4380.26416,4566.387695,4385.060547,4553.484375,4502.405762,4403.099609,4511.893066,4480.075195,0,0,5,0,0,,,,0,4,4,4,4,4,4,4,4,4,4,4,4,4,4,4,4,4,4,4,4,4,4,4,4,4,4,4,4,4,4,4,4,100,,,,,,,,,,,,,,,,,,,,,,,,,,,,,,,,,,,,,,,,,,,,,,,,,,,,,,,,,,,,,,,,,,,,,,,,,,,,,,,,,,,,,,,,,,,,,,,,,,,,,,,,,,,,,,,,,,,,,,,,,,,,,,,,,,,,,,,,,,,,,,,,,,,,,,,,,,,,,,,,,,,,,,,,,,,,,,,,,,,,,,,,,,,,,,,,,,,,,,,,,,,,,,
1764669113.749712,55026,1,4373.250488,4383.649902,4482.646973,4526.711914,4389.555176,4517.194336,4525.249023,4384.773926,4560.052734,4378.620117,4499.358887,4501.379883,4578.491699,4397.858398,4388.250488,4497.330078,4533.755859,4529.932129,4509.253418,4378.212891,4371.651367,4560.542969,4508.363281,4496.862793,4379.690918,4567.722656,4385.603516,4554.585449,4503.159668,4403.55957,4513.159668,4482.548828,0,0,5,0,0,,,,0,4,4,4,4,4,4,4,4,4,4,4,4,4,4,4,4,4,4,4,4,4,4,4,4,4,4,4,4,4,4,4,4,100,,,,,,,,,,,,,,,,,,,,,,,,,,,,,,,,,,,,,,,,,,,,,,,,,,,,,,,,,,,,,,,,,,,,,,,,,,,,,,,,,,,,,,,,,,,,,,,,,,,,,,,,,,,,,,,,,,,,,,,,,,,,,,,,,,,,,,,,,,,,,,,,,,,,,,,,,,,,,,,,,,,,,,,,,,,,,,,,,,,,,,,,,,,,,,,,,,,,,,,,,,,,,,
1764669113.753618,55027,1,4374.803711,4385.293945,4484.811523,4527.368164,4391.244141,4518.438965,4526.61377,4385.467773,4560.882324,4379.95459,4499.358887,4502.865723,4579.570313,4398.597168,4388.265625,4499.132813,4535.26416,4531.576172,4510.286621,4379.667969,4374.766113,4562.519043,4510.210938,4498.29541,4379.117676,4569.057129,4386.146484,4555.686035,4503.914063,4404.019531,4514.426758,4485.022461,0,0,5,0,0,,,,0,4,4,4,4,4,4,4,4,4,4,4,4,4,4,4,4,4,4,4,4,4,4,4,4,4,4,4,4,4,4,4,4,100,,,,,,,,,,,,,,,,,,,,,,,,,,,,,,,,,,,,,,,,,,,,,,,,,,,,,,,,,,,,,,,,,,,,,,,,,,,,,,,,,,,,,,,,,,,,,,,,,,,,,,,,,,,,,,,,,,,,,,,,,,,,,,,,,,,,,,,,,,,,,,,,,,,,,,,,,,,,,,,,,,,,,,,,,,,,,,,,,,,,,,,,,,,,,,,,,,,,,,,,,,,,,,
1764669113.757524,55028,1,4376.357422,4386.937988,4486.976074,4528.023926,4392.933594,4519.683105,4527.979004,4386.161621,4561.711914,4381.289551,4499.358887,4504.351563,4580.648438,4399.336426,4388.280762,4500.935059,4536.772461,4533.220215,4511.319824,4381.123535,4377.880859,4564.494629,4512.058594,4499.728516,4378.544434,4570.39209,4386.689453,4556.787109,4504.667969,4404.479492,4515.693848,4487.496094,0,0,5,0,0,,,,0,4,4,4,4,4,4,4,4,4,4,4,4,4,4,4,4,4,4,4,4,4,4,4,4,4,4,4,4,4,4,4,4,100,,,,,,,,,,,,,,,,,,,,,,,,,,,,,,,,,,,,,,,,,,,,,,,,,,,,,,,,,,,,,,,,,,,,,,,,,,,,,,,,,,,,,,,,,,,,,,,,,,,,,,,,,,,,,,,,,,,,,,,,,,,,,,,,,,,,,,,,,,,,,,,,,,,,,,,,,,,,,,,,,,,,,,,,,,,,,,,,,,,,,,,,,,,,,,,,,,,,,,,,,,,,,,
1764669113.761430,55029,1,4377.911133,4388.582031,4489.140137,4528.680176,4394.623047,4520.927734,4529.34375,4386.85498,4562.541504,4382.624512,4499.358887,4505.836914,4581.727051,4400.075195,4388.29541,4502.737793,4538.280762,4534.864258,4512.353027,4382.579102,4380.995605,4566.470703,4513.90625,4501.161621,4377.971191,4571.727051,4387.232422,4557.888184,4505.422363,4404.939453,4516.960938,4489.969727,0,0,5,0,0,,,,0,4,4,4,4,4,4,4,4,4,4,4,4,4,4,4,4,4,4,4,4,4,4,4,4,4,4,4,4,4,4,4,4,100,,,,,,,,,,,,,,,,,,,,,,,,,,,,,,,,,,,,,,,,,,,,,,,,,,,,,,,,,,,,,,,,,,,,,,,,,,,,,,,,,,,,,,,,,,,,,,,,,,,,,,,,,,,,,,,,,,,,,,,,,,,,,,,,,,,,,,,,,,,,,,,,,,,,,,,,,,,,,,,,,,,,,,,,,,,,,,,,,,,,,,,,,,,,,,,,,,,,,,,,,,,,,,
1764669113.765336,55030,1,4379.464355,4390.226074,4491.304688,4529.336426,4396.312012,4522.171875,4530.708984,4387.548828,4563.371094,4383.959473,4499.358887,4507.322754,4582.805664,4400.814453,4388.310547,4504.540039,4539.789063,4536.508301,4513.38623,4384.034668,4384.109863,4568.446289,4515.753906,4502.594238,4377.397949,4573.062012,4387.775391,4558.989258,4506.17627,4405.399902,4518.227539,4492.443359,0,0,5,0,0,,,,0,4,4,4,4,4,4,4,4,4,4,4,4,4,4,4,4,4,4,4,4,4,4,4,4,4,4,4,4,4,4,4,4,100,,,,,,,,,,,,,,,,,,,,,,,,,,,,,,,,,,,,,,,,,,,,,,,,,,,,,,,,,,,,,,,,,,,,,,,,,,,,,,,,,,,,,,,,,,,,,,,,,,,,,,,,,,,,,,,,,,,,,,,,,,,,,,,,,,,,,,,,,,,,,,,,,,,,,,,,,,,,,,,,,,,,,,,,,,,,,,,,,,,,,,,,,,,,,,,,,,,,,,,,,,,,,,
1764669113.769242,55031,1,4381.018066,4391.870117,4493.469238,4529.992676,4398.001465,4523.416504,4532.07373,4388.242676,4564.200684,4385.293945,4499.358887,4508.808594,4583.883789,4401.553711,4388.325684,4506.342285,4541.297363,4538.152344,4514.419434,4385.490234,4387.224609,4570.422363,4517.602051,4504.027344,4376.825195,4574.396484,4388.318359,4560.090332,4506.930664,4405.859863,4519.494629,4494.916992,0,0,5,0,0,,,,0,4,4,4,4,4,4,4,4,4,4,4,4,4,4,4,4,4,4,4,4,4,4,4,4,4,4,4,4,4,4,4,4,100,,,,,,,,,,,,,,,,,,,,,,,,,,,,,,,,,,,,,,,,,,,,,,,,,,,,,,,,,,,,,,,,,,,,,,,,,,,,,,,,,,,,,,,,,,,,,,,,,,,,,,,,,,,,,,,,,,,,,,,,,,,,,,,,,,,,,,,,,,,,,,,,,,,,,,,,,,,,,,,,,,,,,,,,,,,,,,,,,,,,,,,,,,,,,,,,,,,,,,,,,,,,,,
1764669113.773148,55032,1,4382.571777,4393.51416,4495.633301,4530.648438,4399.690918,4524.660645,4533.438965,4388.936523,4565.030273,4386.628906,4499.358887,4510.293945,4584.962402,4402.29248,4388.34082,4508.14502,4542.805664,4539.796387,4515.452637,4386.945801,4390.339355,4572.397949,4519.449707,4505.459961,4376.251953,4575.731445,4388.861328,4561.191406,4507.68457,4406.319824,4520.761719,4497.390625,0,0,5,0,0,,,,0,4,4,4,4,4,4,4,4,4,4,4,4,4,4,4,4,4,4,4,4,4,4,4,4,4,4,4,4,4,4,4,4,100,,,,,,,,,,,,,,,,,,,,,,,,,,,,,,,,,,,,,,,,,,,,,,,4.365967,2.371383,1.816566,1.006298,1.449321,3.856658,2.455841,1.909894,1.375114,1.778751,8.953638,4.259728,3.812651,2.914522,3.349319,4.118383,2.095096,3.46305,1.603975,1.941684,4.383384,2.069354,3.034414,1.684899,1.816808,4.649359,1.475697,1.817797,0.937232,1.516546,4.009332,1.5855,2.454273,1.450285,1.602632,3.742495,1.620459,2.970182,1.249688,1.935502,1.848269,1.894403,2.558748,2.288397,1.798297,3.140022,1.52019,3.681741,2.41629,3.168682,1.947688,0.933762,1.808038,1.19518,1.223871,5.075418,1.441677,2.044916,1.128287,1.457386,1.867237,1.077817,1.712525,1.199748,1.545469,0.763868,1.059553,0.87528,0.944306,1.020021,0.989975,1.021042,1.531163,1.641291,1.342206,1.403889,2.084955,1.813083,2.284256,1.795494,4.146481,1.801812,2.34329,1.347361,1.712477,2.111164,2.813594,2.068497,2.013205,2.404746,2.090952,2.067335,1.59058,1.022846,1.868206,1.770107,2.237158,1.83246,1.160262,1.484054,3.369457,2.739625,1.462937,0.710707,2.064405,3.635049,2.05116,1.99794,1.165796,1.814149,3.841373,2.313755,1.866346,1.002263,1.603633,4.107627,3.237111,2.184639,1.225962,1.631453,6.401538,5.885752,9.063824,3.282448,4.784437,2.606229,3.876262,3.243285,1.388185,1.315064,3.112218,3.898947,1.858552,1.887229,2.014716,4.517358,3.328547,2.319326,1.384941,1.933313,2.457373,1.257294,0.965174,0.611733,0.699981,3.753539,3.051407,3.180422,2.85333,1.928236,3.609816,4.615778,2.68734,2.075578,2.601316,8.667463,4.26931,3.088517,5.084235,3.532449
1764669113.777054,55033,1,4384.125,4395.158203,4497.797852,4531.304688,4401.379883,4525.904785,4534.803711,4389.630371,4565.859863,4387.963867,4499.358887,4511.779785,4586.040527,4403.031738,4388.355957,4509.947266,4544.313965,4541.44043,4516.48584,4388.401367,4393.454102,4574.374023,4521.297363,4506.893066,4375.678711,4577.066406,4389.404297,4562.29248,4508.438965,4406.779785,4522.028809,4499.864258,0,0,5,0,0,,,,0,4,4,4,4,4,4,4,4,4,4,4,4,4,4,4,4,4,4,4,4,4,4,4,4,4,4,4,4,4,4,4,4,100,,,,,,,,,,,,,,,,,,,,,,,,,,,,,,,,,,,13756,1,0.628007,-0.311536,-0.277209,0.657043,0.972287,-0.061922,0.014064,12.966666,37.5,-24.766666,,,,,,,,,,,,,,,,,,,,,,,,,,,,,,,,,,,,,,,,,,,,,,,,,,,,,,,,,,,,,,,,,,,,,,,,,,,,,,,,,,,,,,,,,,,,,,,,,,,,,,,,,,,,,,,,,,,,,,,,,,,,,,,,,,,,,,,,,,,,,,,,,,,,,,,,,,,,,,,,
1764669113.780960,55034,1,4385.678711,4396.802246,4499.962402,4531.960938,4403.069336,4527.149414,4536.168945,4390.324219,4566.689453,4389.298828,4499.358887,4513.265625,4587.119141,4403.770508,4388.371094,4511.749512,4545.821777,4543.084473,4517.519043,4389.856934,4396.568848,4576.350098,4523.14502,4508.325684,4375.105469,4578.401367,4389.947266,4563.393555,4509.192871,4407.239746,4523.29541,4502.337891,0,0,5,0,0,,,,0,4,4,4,4,4,4,4,4,4,4,4,4,4,4,4,4,4,4,4,4,4,4,4,4,4,4,4,4,4,4,4,4,100,,,,,,,,,,,,,,,,,,,,,,,,,,,,,,,,,,,,,,,,,,,,,,,,,,,,,,,,,,,,,,,,,,,,,,,,,,,,,,,,,,,,,,,,,,,,,,,,,,,,,,,,,,,,,,,,,,,,,,,,,,,,,,,,,,,,,,,,,,,,,,,,,,,,,,,,,,,,,,,,,,,,,,,,,,,,,,,,,,,,,,,,,,,,,,,,,,,,,,,,,,,,,,
1764669113.784866,55035,1,4387.232422,4398.446289,4502.126465,4532.616699,4404.758789,4528.393555,4537.53418,4391.018066,4567.519043,4390.633301,4499.358887,4514.750977,4588.197754,4404.509766,4388.38623,4513.552246,4547.330078,4544.728516,4518.552246,4391.312012,4399.683105,4578.325684,4524.992676,4509.758789,4374.532227,4579.73584,4390.490234,4564.494629,4509.947266,4407.699707,4524.5625,4504.811523,0,0,5,0,0,,,,0,4,4,4,4,4,4,4,4,4,4,4,4,4,4,4,4,4,4,4,4,4,4,4,4,4,4,4,4,4,4,4,4,100,,,,,,,,,,,,,,,,,,,,,,,,,,,,,,,,,,,13757,1,0.627615,-0.311304,-0.277197,0.657532,0.979612,-0.064266,0.013478,13.266666,37.166668,-25.033333,,,,,,,,,,,,,,,,,,,,,,,,,,,,,,,,,,,,,,,,,,,,,,,,,,,,,,,,,,,,,,,,,,,,,,,,,,,,,,,,,,,,,,,,,,,,,,,,,,,,,,,,,,,,,,,,,,,,,,,,,,,,,,,,,,,,,,,,,,,,,,,,,,,,,,,,,,,,,,,,
1764669113.788772,55036,1,4388.785645,4400.090332,4504.291016,4533.272949,4406.447754,4529.638184,4538.898926,4391.711914,4568.348633,4391.968262,4499.358887,4516.236816,4589.275879,4405.249023,4388.401367,4515.354492,4548.838379,4546.372559,4519.585449,4392.767578,4402.797852,4580.301758,4526.840332,4511.191406,4373.959473,4581.070801,4391.033203,4565.595703,4510.701172,4408.159668,4525.82959,4507.285156,0,0,5,0,0,,,,0,4,4,4,4,4,4,4,4,4,4,4,4,4,4,4,4,4,4,4,4,4,4,4,4,4,4,4,4,4,4,4,4,100,,,,,,,,,,,,,,,,,,,,,,,,,,,,,,,,,,,,,,,,,,,,,,,,,,,,,,,,,,,,,,,,,,,,,,,,,,,,,,,,,,,,,,,,,,,,,,,,,,,,,,,,,,,,,,,,,,,,,,,,,,,,,,,,,,,,,,,,,,,,,,,,,,,,,,,,,,,,,,,,,,,,,,,,,,,,,,,,,,,,,,,,,,,,,,,,,,,,,,,,,,,,,,
1764669113.792678,55037,1,4390.339355,4401.734375,4506.455566,4533.929199,4408.137207,4530.882324,4540.26416,4392.405762,4569.178223,4393.303223,4499.358887,4517.722656,4590.354492,4405.987793,4388.416504,4517.156738,4550.34668,4548.016602,4520.618164,4394.223145,4405.912598,4582.277344,4528.687988,4512.624512,4373.38623,4582.405762,4391.576172,4566.696777,4511.455566,4408.620117,4527.09668,4509.758789,0,0,5,0,0,,,,0,4,4,4,4,4,4,4,4,4,4,4,4,4,4,4,4,4,4,4,4,4,4,4,4,4,4,4,4,4,4,4,4,100,,,,,,,,,,,,,,,,,,,,,,,,,,,,,,,,,,,13758,1,0.627224,-0.311072,-0.277185,0.65802,0.986937,-0.06661,0.012892,13.566667,36.833332,-25.299999,,,,,,,,,,,,,,,,,,,,,,,,,,,,,,,,,,,,,,,,,,,,,,,,,,,,,,,,,,,,,,,,,,,,,,,,,,,,,,,,,,,,,,,,,,,,,,,,,,,,,,,,,,,,,,,,,,,,,,,,,,,,,,,,,,,,,,,,,,,,,,,,,,,,,,,,,,,,,,,,
1764669113.796584,55038,1,4391.893066,4403.378418,4508.620117,4534.585449,4409.82666,4532.126465,4541.628906,4393.099609,4570.007324,4394.638184,4499.358887,4519.208008,4591.433105,4406.727051,4388.431152,4518.959473,4551.85498,4549.660645,4521.651367,4395.678711,4409.027344,4584.253418,4530.535645,4514.057129,4372.812988,4583.740723,4392.119141,4567.797852,4512.209473,4409.080078,4528.363281,4512.232422,0,0,5,0,0,,,,0,4,4,4,4,4,4,4,4,4,4,4,4,4,4,4,4,4,4,4,4,4,4,4,4,4,4,4,4,4,4,4,4,100,,,,,,,,,,,,,,,,,,,,,,,,,,,,,,,,,,,,,,,,,,,,,,,,,,,,,,,,,,,,,,,,,,,,,,,,,,,,,,,,,,,,,,,,,,,,,,,,,,,,,,,,,,,,,,,,,,,,,,,,,,,,,,,,,,,,,,,,,,,,,,,,,,,,,,,,,,,,,,,,,,,,,,,,,,,,,,,,,,,,,,,,,,,,,,,,,,,,,,,,,,,,,,
1764669113.800490,55039,1,4393.446289,4405.022461,4510.78418,4535.241211,4411.515625,4533.371094,4542.994141,4393.793457,4570.836914,4395.972656,4499.358887,4520.693848,4592.51123,4407.46582,4388.446289,4520.761719,4553.363281,4551.304688,4522.68457,4397.134277,4412.141602,4586.229492,4532.383301,4515.490234,4372.239746,4585.075195,4392.662109,4568.898926,4512.963867,4409.540039,4529.630371,4514.706055,0,0,5,0,0,,,,0,4,4,4,4,4,4,4,4,4,4,4,4,4,4,4,4,4,4,4,4,4,4,4,4,4,4,4,4,4,4,4,4,100,,,,,,,,,,,,,,,,,,,,,,,,,,,,,,,,,,,13759,1,0.626832,-0.31084,-0.277173,0.658508,0.994262,-0.068954,0.012306,13.866667,36.5,-25.566668,,,,,,,,,,,,,,,,,,,,,,,,,,,,,,,,,,,,,,,,,,,,,,,,,,,,,,,,,,,,,,,,,,,,,,,,,,,,,,,,,,,,,,,,,,,,,,,,,,,,,,,,,,,,,,,,,,,,,,,,,,,,,,,,,,,,,,,,,,,,,,,,,,,,,,,,,,,,,,,,
1764669113.804396,55040,0,4395,4406.666504,4512.94873,4535.897461,4413.205078,4534.615234,4544.358887,4394.487305,4571.666504,4397.307617,4499.358887,4522.179688,4593.589844,4408.205078,4388.461426,4522.563965,4554.871582,4552.94873,4523.717773,4398.589844,4415.256348,4588.205078,4534.230957,4516.922852,4371.666504,4586.410156,4393.205078,4570,4513.717773,4410,4530.897461,4517.179688,2796,0,5,2576,58006,,,,0,4,4,4,4,4,4,4,4,4,4,4,4,4,4,4,4,4,4,4,4,4,4,4,4,4,4,4,4,4,4,4,4,100,,,,,,,,,,,,,,,,,,,,,,,,,,,,,,,,,,,,,,,,,,,,,,,,,,,,,,,,,,,,,,,,,,,,,,,,,,,,,,,,,,,,,,,,,,,,,,,,,,,,,,,,,,,,,,,,,,,,,,,,,,,,,,,,,,,,,,,,,,,,,,,,,,,,,,,,,,,,,,,,,,,,,,,,,,,,,,,,,,,,,,,,,,,,,,,,,,,,,,,,,,,,,,
1764669113.808302,55041,0,4395.128418,4403.077148,4509.743652,4543.589844,4413.717773,4532.179688,4541.153809,4396.794922,4568.333496,4381.410156,4500.897461,4521.666504,4587.94873,4402.05127,4386.922852,4513.461426,4556.282227,4544.102539,4517.436035,4395.897461,4408.717773,4585.641113,4532.820313,4510,4365.512695,4583.589844,4395.512695,4571.282227,4511.282227,4412.436035,4522.94873,4523.077148,2879,0,5,2576,58006,,,,0,4,4,4,4,4,4,4,4,4,4,4,4,4,4,4,4,4,4,4,4,4,4,4,4,4,4,4,4,4,4,4,4,100,,,,,,,,,,,,,,,,,,,,,,,,,,,,,,,,,,,13760,0,0.626441,-0.310608,-0.277161,0.658997,1.001587,-0.071298,0.01172,14.166667,36.166668,-25.833334,,,,,,,,,,,,,,,,,,,,,,,,,,,,,,,,,,,,,,,,,,,,,,,,,,,,,,,,,,,,,,,,,,,,,,,,,,,,,,,,,,,,,,,,,,,,,,,,,,,,,,,,,,,,,,,,,,,,,,,,,,,,,,,,,,,,,,,,,,,,,,,,,,,,,,,,,,,,,,,,
1764669113.812208,55042,0,4391.922852,4399.487305,4508.846191,4547.436035,4410.641113,4530.384766,4538.717773,4396.538574,4567.692383,4380.384766,4502.307617,4520.897461,4582.563965,4395.512695,4387.179688,4505,4556.153809,4534.871582,4512.563965,4394.871582,4403.205078,4580.641113,4529.615234,4505,4385.256348,4578.846191,4397.307617,4570,4508.589844,4410.897461,4520.641113,4527.436035,2669,0,5,2571,58013,,,,0,4,4,4,4,4,4,4,4,4,4,4,4,4,4,4,4,4,4,4,4,4,4,4,4,4,4,4,4,4,4,4,4,100,,,,,,,,,,,,,,,,,,,,,,,,,,,,,,,,,,,,,,,,,,,,,,,,,,,,,,,,,,,,,,,,,,,,,,,,,,,,,,,,,,,,,,,,,,,,,,,,,,,,,,,,,,,,,,,,,,,,,,,,,,,,,,,,,,,,,,,,,,,,,,,,,,,,,,,,,,,,,,,,,,,,,,,,,,,,,,,,,,,,,,,,,,,,,,,,,,,,,,,,,,,,,,
1764669113.816114,55043,0,4385.128418,4395.769043,4506.794922,4541.538574,4403.589844,4526.794922,4535.897461,4392.436035,4567.692383,4392.820313,4500.897461,4518.846191,4578.333496,4392.05127,4390.256348,4502.94873,4552.94873,4532.94873,4513.974121,4395.256348,4402.692383,4575.641113,4525.641113,4502.563965,4413.077148,4572.820313,4395.512695,4565.384766,4505.769043,4404.358887,4521.666504,4520.128418,2843,0,5,2571,58013,,,,0,4,4,4,4,4,4,4,4,4,4,4,4,4,4,4,4,4,4,4,4,4,4,4,4,4,4,4,4,4,4,4,4,100,,,,,,,,,,,,,,,,,,,,,,,,,,,,,,,,,,,,,,,,,,,,,,,,,,,,,,,,,,,,,,,,,,,,,,,,,,,,,,,,,,,,,,,,,,,,,,,,,,,,,,,,,,,,,,,,,,,,,,,,,,,,,,,,,,,,,,,,,,,,,,,,,,,,,,,,,,,,,,,,,,,,,,,,,,,,,,,,,,,,,,,,,,,,,,,,,,,,,,,,,,,,,,
1764669113.820020,55044,0,4379.487305,4394.487305,4502.307617,4529.102539,4398.077148,4522.692383,4534.102539,4388.077148,4567.94873,4408.589844,4497.692383,4517.94873,4577.436035,4395,4396.025879,4510,4549.358887,4542.436035,4523.717773,4397.820313,4408.333496,4575.256348,4524.358887,4503.974121,4429.102539,4569.358887,4392.05127,4561.153809,4504.871582,4398.589844,4524.743652,4501.666504,2716,0,5,2570,58021,,,,0,4,4,4,4,4,4,4,4,4,4,4,4,4,4,4,4,4,4,4,4,4,4,4,4,4,4,4,4,4,4,4,4,100,,,,,,,,,,,,,,,,,,,,,,,,,,,,,,,,,,,,,,,,,,,,,,,,,,,,,,,,,,,,,,,,,,,,,,,,,,,,,,,,,,,,,,,,,,,,,,,,,,,,,,,,,,,,,,,,,,,,,,,,,,,,,,,,,,,,,,,,,,,,,,,,,,,,,,,,,,,,,,,,,,,,,,,,,,,,,,,,,,,,,,,,,,,,,,,,,,,,,,,,,,,,,,
1764669113.823926,55045,0,4381.025879,4398.974121,4498.717773,4520.769043,4400.897461,4523.077148,4536.666504,4389.230957,4569.743652,4418.589844,4496.538574,4521.538574,4581.153809,4403.974121,4403.461426,4522.94873,4550.512695,4559.615234,4538.589844,4404.102539,4418.077148,4582.307617,4529.743652,4510.641113,4426.410156,4572.307617,4393.077148,4563.717773,4508.461426,4401.794922,4531.025879,4485.769043,2807,0,5,2570,58021,,,,0,4,4,4,4,4,4,4,4,4,4,4,4,4,4,4,4,4,4,4,4,4,4,4,4,4,4,4,4,4,4,4,4,100,,,,,,,,,,,,,,,,,,,,,,,,,,,,,,,,,,,13761,0,0.626241,-0.310547,-0.2771,0.659241,1.002075,-0.076181,0.005372,15,36.166668,-26.666666,,,,,,,,,,,,,,,,,,,,,,,,,,,,,,,,,,,,,,,,,,,,,,,,,,,,,,,,,,,,,,,,,,,,,,,,,,,,,,,,,,,,,,,,,,,,,,,,,,,,,,,,,,,,,,,,,,,,,,,,,,,,,,,,,,,,,,,,,,,,,,,,,,,,,,,,,,,,,,,,
1764669113.827832,55046,0,4391.794922,4409.743652,4502.307617,4524.487305,4412.563965,4531.410156,4545.384766,4398.846191,4574.615234,4420.512695,4500.641113,4530.128418,4588.333496,4414.871582,4410.641113,4535.512695,4558.974121,4575.897461,4551.282227,4413.461426,4427.94873,4594.871582,4541.794922,4522.179688,4414.743652,4583.589844,4403.461426,4575.384766,4517.05127,4415,4542.692383,4488.077148,2792,0,5,2571,58029,,,,0,4,4,4,4,4,4,4,4,4,4,4,4,4,4,4,4,4,4,4,4,4,4,4,4,4,4,4,4,4,4,4,4,100,,,,,,,,,,,,,,,,,,,,,,,,,,,,,,,,,,,,,,,,,,,,,,,,,,,,,,,,,,,,,,,,,,,,,,,,,,,,,,,,,,,,,,,,,,,,,,,,,,,,,,,,,,,,,,,,,,,,,,,,,,,,,,,,,,,,,,,,,,,,,,,,,,,,,,,,,,,,,,,,,,,,,,,,,,,,,,,,,,,,,,,,,,,,,,,,,,,,,,,,,,,,,,
1764669113.831738,55047,0,4406.025879,4422.436035,4514.615234,4537.563965,4425.128418,4544.358887,4556.282227,4412.692383,4580.512695,4418.589844,4508.333496,4539.487305,4595.384766,4422.05127,4414.743652,4541.794922,4570.769043,4582.436035,4554.743652,4421.794922,4433.077148,4606.025879,4554.487305,4533.846191,4408.846191,4597.94873,4419.230957,4590.641113,4526.410156,4428.974121,4556.410156,4511.025879,2954,0,5,2571,58029,,,,0,4,4,4,4,4,4,4,4,4,4,4,4,4,4,4,4,4,4,4,4,4,4,4,4,4,4,4,4,4,4,4,4,100,,,,,,,,,,,,,,,,,,,,,,,,,,,,,,,,,,,,,,,,,,,,,,,,,,,,,,,,,,,,,,,,,,,,,,,,,,,,,,,,,,,,,,,,,,,,,,,,,,,,,,,,,,,,,,,,,,,,,,,,,,,,,,,,,,,,,,,,,,,,,,,,,,,,,,,,,,,,,,,,,,,,,,,,,,,,,,,,,,,,,,,,,,,,,,,,,,,,,,,,,,,,,,
1764669113.835644,55048,0,4413.589844,4428.333496,4529.102539,4547.692383,4427.436035,4552.692383,4561.153809,4420.769043,4580.897461,4415.384766,4514.358887,4542.692383,4597.820313,4422.05127,4413.717773,4539.230957,4577.05127,4575,4545.384766,4421.666504,4429.743652,4608.077148,4558.589844,4538.205078,4413.974121,4605.897461,4428.974121,4598.333496,4530.128418,4430.769043,4562.692383,4538.205078,2876,0,5,2572,58037,,,,0,4,4,4,4,4,4,4,4,4,4,4,4,4,4,4,4,4,4,4,4,4,4,4,4,4,4,4,4,4,4,4,4,100,,,,,,,,,,,,,,,,,,,,,,,,,,,,,,,,,,,,,,,,,,,,,,,,,,,,,,,,,,,,,,,,,,,,,,,,,,,,,,,,,,,,,,,,,,,,,,,,,,,,,,,,,,,,,,,,,,,,,,,,,,,,,,,,,,,,,,,,,,,,,,,,,,,,,,,,,,,,,,,,,,,,,,,,,,,,,,,,,,,,,,,,,,,,,,,,,,,,,,,,,,,,,,
1764669113.839550,55049,0,4407.94873,4421.794922,4534.615234,4543.974121,4414.743652,4548.589844,4554.743652,4415.641113,4571.410156,4409.230957,4514.102539,4536.153809,4593.846191,4416.410156,4407.563965,4529.871582,4571.666504,4556.410156,4526.794922,4409.358887,4417.692383,4598.461426,4550,4531.282227,4422.94873,4600,4422.563965,4591.282227,4524.615234,4416.153809,4554.871582,4548.717773,2754,0,5,2572,58037,,,,0,4,4,4,4,4,4,4,4,4,4,4,4,4,4,4,4,4,4,4,4,4,4,4,4,4,4,4,4,4,4,4,4,100,,,,,,,,,,,,,,,,,,,,,,,,,,,,,,,,,,,13762,0,0.625843,-0.310669,-0.277283,0.659485,1.016726,-0.073251,0.015627,12.166667,37.833332,-25,,,,,,,,,,,,,,,,,,,,,,,,,,,,,,,,,,,,,,,,,,,,,,,,,,,,,,,,,,,,,,,,,,,,,,,,,,,,,,,,,,,,,,,,,,,,,,,,,,,,,,,,,,,,,,,,,,,,,,,,,,,,,,,,,,,,,,,,,,,,,,,,,,,,,,,,,,,,,,,,
1764669113.843456,55050,0,4392.436035,4405.897461,4525,4527.179688,4394.487305,4533.205078,4540.256348,4399.743652,4555.897461,4397.820313,4508.333496,4522.94873,4587.05127,4409.871582,4400.384766,4519.487305,4557.692383,4536.666504,4508.205078,4389.358887,4401.666504,4583.717773,4534.358887,4516.922852,4424.102539,4583.205078,4402.05127,4573.205078,4512.436035,4394.743652,4537.05127,4535.384766,2409,0,5,2573,58045,,,,0,4,4,4,4,4,4,4,4,4,4,4,4,4,4,4,4,4,4,4,4,4,4,4,4,4,4,4,4,4,4,4,4,100,,,,,,,,,,,,,,,,,,,,,,,,,,,,,,,,,,,,,,,,,,,,,,,,,,,,,,,,,,,,,,,,,,,,,,,,,,,,,,,,,,,,,,,,,,,,,,,,,,,,,,,,,,,,,,,,,,,,,,,,,,,,,,,,,,,,,,,,,,,,,,,,,,,,,,,,,,,,,,,,,,,,,,,,,,,,,,,,,,,,,,,,,,,,,,,,,,,,,,,,,,,,,,
1764669113.847362,55051,0,4378.589844,4390.384766,4504.102539,4509.615234,4380.384766,4516.153809,4527.307617,4383.333496,4544.487305,4383.846191,4501.922852,4511.025879,4582.820313,4406.410156,4395.897461,4513.846191,4544.871582,4527.179688,4499.743652,4373.717773,4388.846191,4574.743652,4522.436035,4504.871582,4413.846191,4566.538574,4380.641113,4556.666504,4501.410156,4382.307617,4521.282227,4510.641113,2711,0,5,2573,58045,,,,0,4,4,4,4,4,4,4,4,4,4,4,4,4,4,4,4,4,4,4,4,4,4,4,4,4,4,4,4,4,4,4,4,100,,,,,,,,,,,,,,,,,,,,,,,,,,,,,,,,,,,,,,,,,,,,,,,,,,,,,,,,,,,,,,,,,,,,,,,,,,,,,,,,,,,,,,,,,,,,,,,,,,,,,,,,,,,,,,,,,,,,,,,,,,,,,,,,,,,,,,,,,,,,,,,,,,,,,,,,,,,,,,,,,,,,,,,,,,,,,,,,,,,,,,,,,,,,,,,,,,,,,,,,,,,,,,
1764669113.851268,55052,0,4375.512695,4383.974121,4483.333496,4503.333496,4380.641113,4507.820313,4523.846191,4375.384766,4545.128418,4374.230957,4498.974121,4506.153809,4583.205078,4405.769043,4394.615234,4514.615234,4541.794922,4532.307617,4504.871582,4372.563965,4384.230957,4577.307617,4520.897461,4501.922852,4399.487305,4560.897461,4371.538574,4552.05127,4497.692383,4387.307617,4517.307617,4495,2467,0,5,2574,58052,,,,0,4,4,4,4,4,4,4,4,4,4,4,4,4,4,4,4,4,4,4,4,4,4,4,4,4,4,4,4,4,4,4,4,100,,,,,,,,,,,,,,,,,,,,,,,,,,,,,,,,,,,,,,,,,,,,,,,,,,,,,,,,,,,,,,,,,,,,,,,,,,,,,,,,,,,,,,,,,,,,,,,,,,,,,,,,,,,,,,,,,,,,,,,,,,,,,,,,,,,,,,,,,,,,,,,,,,,,,,,,,,,,,,,,,,,,,,,,,,,,,,,,,,,,,,,,,,,,,,,,,,,,,,,,,,,,,,
1764669113.855174,55053,0,4382.692383,4387.820313,4473.846191,4510.512695,4391.794922,4511.282227,4529.743652,4376.794922,4556.025879,4373.846191,4498.974121,4507.94873,4585.128418,4405.384766,4393.461426,4518.461426,4547.94873,4545.256348,4517.563965,4385.769043,4387.436035,4586.410156,4527.05127,4505.897461,4392.05127,4568.461426,4378.077148,4559.743652,4501.794922,4404.615234,4524.615234,4499.230957,2233,0,5,2574,58052,,,,0,4,4,4,4,4,4,4,4,4,4,4,4,4,4,4,4,4,4,4,4,4,4,4,4,4,4,4,4,4,4,4,4,100,,,,,,,,,,,,,,,,,,,,,,,,,,,,,,,,,,,13763,0,0.624962,-0.311035,-0.277405,0.660095,0.995239,-0.064949,0.021975,13.166667,37.166668,-26.833334,,,,,,,,,,,,,,,,,,,,,,,,,,,,,,,,,,,,,,,,,,,,,,,,,,,,,,,,,,,,,,,,,,,,,,,,,,,,,,,,,,,,,,,,,,,,,,,,,,,,,,,,,,,,,,,,,,,,,,,,,,,,,,,,,,,,,,,,,,,,,,,,,,,,,,,,,,,,,,,,
1764669113.859080,55054,0,4392.307617,4396.153809,4480.769043,4522.94873,4402.692383,4521.153809,4538.077148,4382.179688,4568.077148,4381.538574,4498.589844,4511.794922,4583.974121,4402.94873,4390.897461,4519.615234,4555.897461,4554.230957,4527.436035,4402.94873,4394.358887,4591.282227,4532.820313,4509.871582,4395.128418,4581.922852,4392.179688,4571.025879,4508.717773,4420.384766,4535,4517.692383,2721,0,5,2575,58060,,,,0,4,4,4,4,4,4,4,4,4,4,4,4,4,4,4,4,4,4,4,4,4,4,4,4,4,4,4,4,4,4,4,4,100,,,,,,,,,,,,,,,,,,,,,,,,,,,,,,,,,,,,,,,,,,,,,,,,,,,,,,,,,,,,,,,,,,,,,,,,,,,,,,,,,,,,,,,,,,,,,,,,,,,,,,,,,,,,,,,,,,,,,,,,,,,,,,,,,,,,,,,,,,,,,,,,,,,,,,,,,,,,,,,,,,,,,,,,,,,,,,,,,,,,,,,,,,,,,,,,,,,,,,,,,,,,,,
1764669113.862986,55055,0,4395.769043,4401.282227,4500.128418,4529.615234,4403.846191,4528.205078,4540.641113,4385.128418,4572.563965,4390.256348,4495.384766,4513.717773,4578.589844,4399.487305,4388.205078,4514.871582,4557.563965,4551.538574,4526.794922,4411.410156,4400.384766,4585.769043,4532.692383,4508.205078,4402.179688,4591.025879,4402.436035,4575.769043,4512.563965,4423.846191,4540.769043,4534.743652,2438,0,5,2575,58060,,,,0,4,4,4,4,4,4,4,4,4,4,4,4,4,4,4,4,4,4,4,4,4,4,4,4,4,4,4,4,4,4,4,4,100,,,,,,,,,,,,,,,,,,,,,,,,,,,,,,,,,,,,,,,,,,,,,,,,,,,,,,,,,,,,,,,,,,,,,,,,,,,,,,,,,,,,,,,,,,,,,,,,,,,,,,,,,,,,,,,,,,,,,,,,,,,,,,,,,,,,,,,,,,,,,,,,,,,,,,,,,,,,,,,,,,,,,,,,,,,,,,,,,,,,,,,,,,,,,,,,,,,,,,,,,,,,,,
1764669113.866892,55056,0,4389.871582,4399.102539,4521.410156,4525.769043,4394.615234,4526.666504,4534.358887,4382.94873,4566.794922,4392.05127,4490.641113,4512.307617,4572.307617,4396.666504,4387.94873,4505.384766,4550.641113,4538.589844,4516.410156,4405.256348,4401.538574,4572.94873,4526.666504,4500.897461,4403.974121,4589.358887,4402.05127,4570,4510,4413.461426,4539.358887,4537.563965,2873,0,5,2576,58068,,,,0,4,4,4,4,4,4,4,4,4,4,4,4,4,4,4,4,4,4,4,4,4,4,4,4,4,4,4,4,4,4,4,4,100,,,,,,,,,,,,,,,,,,,,,,,,,,,,,,,,,,,,,,,,,,,,,,,,,,,,,,,,,,,,,,,,,,,,,,,,,,,,,,,,,,,,,,,,,,,,,,,,,,,,,,,,,,,,,,,,,,,,,,,,,,,,,,,,,,,,,,,,,,,,,,,,,,,,,,,,,,,,,,,,,,,,,,,,,,,,,,,,,,,,,,,,,,,,,,,,,,,,,,,,,,,,,,
1764669113.870798,55057,0,4378.717773,4390.769043,4533.333496,4515.128418,4382.05127,4517.05127,4522.820313,4376.794922,4555.897461,4385.384766,4487.692383,4509.358887,4568.974121,4395.641113,4390.769043,4496.538574,4539.102539,4524.230957,4504.487305,4389.615234,4397.05127,4561.794922,4519.615234,4492.692383,4398.846191,4578.077148,4392.94873,4557.820313,4502.307617,4396.922852,4533.333496,4524.487305,2909,0,5,2576,58068,,,,0,4,4,4,4,4,4,4,4,4,4,4,4,4,4,4,4,4,4,4,4,4,4,4,4,4,4,4,4,4,4,4,4,100,,,,,,,,,,,,,,,,,,,,,,,,,,,,,,,,,,,13764,0,0.624962,-0.311035,-0.277405,0.660095,0.988402,-0.075693,-0.004883,14.833333,38.333332,-27.166666,,,,,,,,,,,,,,,,,,,,,,,,,,,,,,,,,,,,,,,,,,,,,,,,,,,,,,,,,,,,,,,,,,,,,,,,,,,,,,,,,,,,,,,,,,,,,,,,,,,,,,,,,,,,,,,,,,,,,,,,,,,,,,,,,,,,,,,,,,,,,,,,,,,,,,,,,,,,,,,,
1764669113.874704,55058,0,4370.128418,4381.794922,4530.128418,4506.410156,4375.384766,4506.922852,4513.461426,4371.025879,4547.820313,4377.179688,4489.487305,4507.436035,4570.256348,4396.410156,4395.256348,4495.128418,4530.897461,4518.589844,4499.743652,4376.538574,4390,4558.846191,4516.282227,4489.230957,4394.230957,4564.871582,4382.94873,4547.563965,4495.128418,4385.897461,4527.05127,4504.358887,1779,0,5,2576,58076,,,,0,4,4,4,4,4,4,4,4,4,4,4,4,4,4,4,4,4,4,4,4,4,4,4,4,4,4,4,4,4,4,4,4,100,,,,,,,,,,,,,,,,,,,,,,,,,,,,,,,,,,,,,,,,,,,,,,,,,,,,,,,,,,,,,,,,,,,,,,,,,,,,,,,,,,,,,,,,,,,,,,,,,,,,,,,,,,,,,,,,,,,,,,,,,,,,,,,,,,,,,,,,,,,,,,,,,,,,,,,,,,,,,,,,,,,,,,,,,,,,,,,,,,,,,,,,,,,,,,,,,,,,,,,,,,,,,,
1764669113.878610,55059,0,4370.256348,4379.230957,4516.153809,4506.538574,4379.615234,4504.487305,4512.820313,4370.897461,4547.94873,4378.333496,4495.897461,4508.461426,4574.615234,4398.333496,4399.230957,4504.358887,4531.538574,4526.025879,4505.256348,4375.384766,4386.794922,4564.487305,4519.487305,4492.820313,4397.692383,4559.230957,4379.743652,4546.153809,4493.846191,4387.820313,4525.256348,4489.743652,2728,0,5,2576,58076,,,,0,4,4,4,4,4,4,4,4,4,4,4,4,4,4,4,4,4,4,4,4,4,4,4,4,4,4,4,4,4,4,4,4,100,,,,,,,,,,,,,,,,,,,,,,,,,,,,,,,,,,,,,,,,,,,,,,,,,,,,,,,,,,,,,,,,,,,,,,,,,,,,,,,,,,,,,,,,,,,,,,,,,,,,,,,,,,,,,,,,,,,,,,,,,,,,,,,,,,,,,,,,,,,,,,,,,,,,,,,,,,,,,,,,,,,,,,,,,,,,,,,,,,,,,,,,,,,,,,,,,,,,,,,,,,,,,,
1764669113.882516,55060,0,4379.615234,4386.410156,4503.205078,4516.410156,4393.205078,4512.692383,4522.05127,4378.974121,4555.641113,4393.205078,4504.615234,4512.563965,4579.358887,4400.769043,4400.769043,4520.641113,4540.769043,4541.666504,4516.410156,4386.666504,4391.922852,4573.974121,4527.692383,4501.410156,4408.589844,4565.384766,4386.410156,4554.615234,4500.256348,4401.794922,4530.384766,4489.102539,2584,0,5,2576,58084,,,,0,4,4,4,4,4,4,4,4,4,4,4,4,4,4,4,4,4,4,4,4,4,4,4,4,4,4,4,4,4,4,4,4,100,,,,,,,,,,,,,,,,,,,,,,,,,,,,,,,,,,,,,,,,,,,,,,,,,,,,,,,,,,,,,,,,,,,,,,,,,,,,,,,,,,,,,,,,,,,,,,,,,,,,,,,,,,,,,,,,,,,,,,,,,,,,,,,,,,,,,,,,,,,,,,,,,,,,,,,,,,,,,,,,,,,,,,,,,,,,,,,,,,,,,,,,,,,,,,,,,,,,,,,,,,,,,,
1764669113.886422,55061,0,4393.717773,4401.922852,4502.179688,4531.666504,4410.256348,4527.692383,4537.05127,4393.333496,4566.282227,4414.743652,4512.179688,4519.358887,4583.205078,4403.589844,4399.871582,4535.512695,4553.589844,4556.153809,4526.410156,4403.461426,4405.128418,4582.436035,4536.794922,4510.384766,4418.717773,4580.512695,4400.512695,4568.461426,4511.538574,4420.128418,4541.794922,4502.820313,2811,0,5,2576,58084,,,,0,4,4,4,4,4,4,4,4,4,4,4,4,4,4,4,4,4,4,4,4,4,4,4,4,4,4,4,4,4,4,4,4,100,,,,,,,,,,,,,,,,,,,,,,,,,,,,,,,,,,,13765,0,0.624121,-0.311523,-0.277588,0.660583,0.987425,-0.063973,0.006348,13.833333,37,-26.666666,,,,,,,,,,,,,,,,,,,,,,,,,,,,,,,,,,,,,,,,,,,,,,,,,,,,,,,,,,,,,,,,,,,,,,,,,,,,,,,,,,,,,,,,,,,,,,,,,,,,,,,,,,,,,,,,,,,,,,,,,,,,,,,,,,,,,,,,,,,,,,,,,,,,,,,,,,,,,,,,
1764669113.890328,55062,1,4394.384766,4405.461426,4507.487305,4533.666504,4411.102539,4529.256348,4537.897461,4395.384766,4566.358887,4410.384766,4509.974121,4519.461426,4581.410156,4402.102539,4396.94873,4528.128418,4552.384766,4551.333496,4524.05127,4403.974121,4407,4581.615234,4534.436035,4508.871582,4417.384766,4579.666504,4400.333496,4569.128418,4512.846191,4418.077148,4539.615234,4508.743652,2929,0,5,0,0,,,,0,4,4,4,4,4,4,4,4,4,4,4,4,4,4,4,4,4,4,4,4,4,4,4,4,4,4,4,4,4,4,4,4,100,,,,,,,,,,,,,,,,,,,,,,,,,,,,,,,,,,,,,,,,,,,,,,,,,,,,,,,,,,,,,,,,,,,,,,,,,,,,,,,,,,,,,,,,,,,,,,,,,,,,,,,,,,,,,,,,,,,,,,,,,,,,,,,,,,,,,,,,,,,,,,,,,,,,,,,,,,,,,,,,,,,,,,,,,,,,,,,,,,,,,,,,,,,,,,,,,,,,,,,,,,,,,,
1764669113.894234,55063,1,4395.05127,4409,4512.794922,4535.666504,4411.94873,4530.820313,4538.743652,4397.436035,4566.436035,4406.025879,4507.769043,4519.563965,4579.615234,4400.615234,4394.025879,4520.743652,4551.179688,4546.512695,4521.692383,4404.487305,4408.871582,4580.794922,4532.077148,4507.358887,4416.05127,4578.820313,4400.153809,4569.794922,4514.153809,4416.025879,4537.436035,4514.666504,2849,0,5,0,0,,,,0,4,4,4,4,4,4,4,4,4,4,4,4,4,4,4,4,4,4,4,4,4,4,4,4,4,4,4,4,4,4,4,4,100,,,,,,,,,,,,,,,,,,,,,,,,,,,,,,,,,,,,,,,,,,,,,,,,,,,,,,,,,,,,,,,,,,,,,,,,,,,,,,,,,,,,,,,,,,,,,,,,,,,,,,,,,,,,,,,,,,,,,,,,,,,,,,,,,,,,,,,,,,,,,,,,,,,,,,,,,,,,,,,,,,,,,,,,,,,,,,,,,,,,,,,,,,,,,,,,,,,,,,,,,,,,,,
1764669113.898140,55064,1,4395.717773,4412.538574,4518.102539,4537.666504,4412.794922,4532.384766,4539.589844,4399.487305,4566.512695,4401.666504,4505.563965,4519.666504,4577.820313,4399.128418,4391.102539,4513.358887,4549.974121,4541.692383,4519.333496,4405,4410.743652,4579.974121,4529.717773,4505.846191,4414.717773,4577.974121,4399.974121,4570.461426,4515.461426,4413.974121,4535.256348,4520.589844,2723,0,5,0,0,,,,0,4,4,4,4,4,4,4,4,4,4,4,4,4,4,4,4,4,4,4,4,4,4,4,4,4,4,4,4,4,4,4,4,100,,,,,,,,,,,,,,,,,,,,,,,,,,,,,,,,,,,,,,,,,,,,,,,3.957445,2.761945,1.823723,1.097347,1.55614,3.338663,2.443402,2.043643,1.345293,1.832634,4.819051,4.330126,3.860336,2.464545,3.060857,3.077808,2.055782,3.758825,1.467861,2.006599,3.486244,2.107199,3.421021,1.610569,1.820533,4.153471,1.5502,1.864566,0.972549,1.584556,3.602826,1.904535,2.659755,1.451011,1.716188,2.919142,1.616838,3.412795,1.195571,2.110166,1.781069,1.935403,2.791861,2.072419,1.979179,3.35654,1.44085,2.734999,2.19053,3.009871,2.036604,1.11715,2.071703,1.097878,1.261549,4.810787,1.636557,2.029776,1.134249,1.550818,1.926373,1.477499,1.749998,1.225996,1.60175,0.922505,1.155521,0.963005,0.915219,1.027314,1.213168,0.935947,1.616624,1.582232,1.368542,1.667818,2.371826,1.692822,2.215058,1.795959,3.896331,2.183839,2.147458,1.370863,1.809104,2.335049,3.45574,1.880292,2.021189,2.390285,2.464752,2.527355,1.45176,1.058097,1.833441,1.614157,2.333451,1.425057,1.137938,1.502285,3.281438,3.015633,1.240359,0.762906,1.891204,3.535361,2.329669,1.806574,1.347714,1.869108,3.539717,2.470643,1.731153,1.098077,1.725372,4.051741,3.354276,2.054324,1.310553,1.735484,7.257118,5.72332,9.065048,3.014113,5.133641,2.747104,3.713809,3.304728,1.319699,1.349939,3.13072,3.986959,2.245631,1.790441,2.05908,4.344665,3.417718,2.323724,1.431054,2.022691,2.279022,1.264782,0.956315,0.620194,0.720727,3.259069,2.991749,3.31376,2.604868,1.905264,3.643037,4.683461,3.365156,1.866645,2.477249,4.09394,4.066666,3.404873,3.545418,3.184276
1764669113.902047,55065,1,4396.384766,4416.077148,4523.410156,4539.666504,4413.641113,4533.94873,4540.436035,4401.538574,4566.589844,4397.307617,4503.358887,4519.769043,4576.025879,4397.641113,4388.179688,4505.974121,4548.769043,4536.871582,4516.974121,4405.512695,4412.615234,4579.153809,4527.358887,4504.333496,4413.384766,4577.128418,4399.794922,4571.128418,4516.769043,4411.922852,4533.077148,4526.512695,2885,0,5,0,0,,,,0,4,4,4,4,4,4,4,4,4,4,4,4,4,4,4,4,4,4,4,4,4,4,4,4,4,4,4,4,4,4,4,4,100,,,,,,,,,,,,,,,,,,,,,,,,,,,,,,,,,,,,,,,,,,,,,,,,,,,,,,,,,,,,,,,,,,,,,,,,,,,,,,,,,,,,,,,,,,,,,,,,,,,,,,,,,,,,,,,,,,,,,,,,,,,,,,,,,,,,,,,,,,,,,,,,,,,,,,,,,,,,,,,,,,,,,,,,,,,,,,,,,,,,,,,,,,,,,,,,,,,,,,,,,,,,,,
1764669113.905953,55066,0,4397.05127,4419.615234,4528.717773,4541.666504,4414.487305,4535.512695,4541.282227,4403.589844,4566.666504,4392.94873,4501.153809,4519.871582,4574.230957,4396.153809,4385.256348,4498.589844,4547.563965,4532.05127,4514.615234,4406.025879,4414.487305,4578.333496,4525,4502.820313,4412.05127,4576.282227,4399.615234,4571.794922,4518.077148,4409.871582,4530.897461,4532.436035,1811,0,5,2576,58107,,,,0,4,4,4,4,4,4,4,4,4,4,4,4,4,4,4,4,4,4,4,4,4,4,4,4,4,4,4,4,4,4,4,4,100,,,,,,,,,,,,,,,,,,,,,,,,,,,,,,,,,,,,,,,,,,,,,,,,,,,,,,,,,,,,,,,,,,,,,,,,,,,,,,,,,,,,,,,,,,,,,,,,,,,,,,,,,,,,,,,,,,,,,,,,,,,,,,,,,,,,,,,,,,,,,,,,,,,,,,,,,,,,,,,,,,,,,,,,,,,,,,,,,,,,,,,,,,,,,,,,,,,,,,,,,,,,,,
1764669113.909859,55067,0,4382.05127,4402.820313,4499.487305,4527.179688,4400.256348,4521.153809,4525.128418,4385.512695,4553.461426,4386.922852,4487.179688,4500.769043,4557.563965,4387.820313,4373.077148,4492.05127,4530.384766,4523.077148,4506.282227,4391.538574,4398.461426,4563.846191,4509.358887,4490.384766,4417.563965,4564.743652,4379.871582,4556.282227,4505.641113,4396.282227,4508.077148,4507.820313,2438,0,5,2576,58107,,,,0,4,4,4,4,4,4,4,4,4,4,4,4,4,4,4,4,4,4,4,4,4,4,4,4,4,4,4,4,4,4,4,4,100,,,,,,,,,,,,,,,,,,,,,,,,,,,,,,,,,,,,,,,,,,,,,,,,,,,,,,,,,,,,,,,,,,,,,,,,,,,,,,,,,,,,,,,,,,,,,,,,,,,,,,,,,,,,,,,,,,,,,,,,,,,,,,,,,,,,,,,,,,,,,,,,,,,,,,,,,,,,,,,,,,,,,,,,,,,,,,,,,,,,,,,,,,,,,,,,,,,,,,,,,,,,,,
1764669113.913765,55068,0,4372.307617,4392.179688,4477.94873,4516.794922,4392.563965,4511.153809,4512.820313,4373.846191,4542.94873,4383.205078,4478.846191,4488.461426,4546.538574,4384.743652,4362.820313,4489.230957,4518.461426,4520.641113,4503.589844,4379.615234,4389.358887,4552.692383,4498.717773,4481.794922,4418.205078,4559.102539,4368.846191,4546.153809,4497.179688,4392.307617,4499.743652,4490,2620,0,5,2576,58115,,,,0,4,4,4,4,4,4,4,4,4,4,4,4,4,4,4,4,4,4,4,4,4,4,4,4,4,4,4,4,4,4,4,4,100,,,,,,,,,,,,,,,,,,,,,,,,,,,,,,,,,,,,,,,,,,,,,,,,,,,,,,,,,,,,,,,,,,,,,,,,,,,,,,,,,,,,,,,,,,,,,,,,,,,,,,,,,,,,,,,,,,,,,,,,,,,,,,,,,,,,,,,,,,,,,,,,,,,,,,,,,,,,,,,,,,,,,,,,,,,,,,,,,,,,,,,,,,,,,,,,,,,,,,,,,,,,,,
1764669113.917671,55069,0,4371.794922,4391.410156,4474.230957,4514.615234,4393.333496,4509.871582,4508.846191,4372.820313,4540,4378.974121,4480,4489.102539,4547.05127,4388.974121,4360.641113,4489.871582,4516.922852,4525.512695,4508.589844,4375.128418,4389.358887,4551.025879,4497.692383,4481.025879,4409.615234,4560.512695,4372.05127,4545.769043,4496.666504,4399.358887,4511.153809,4487.436035,2467,0,5,2576,58115,,,,0,4,4,4,4,4,4,4,4,4,4,4,4,4,4,4,4,4,4,4,4,4,4,4,4,4,4,4,4,4,4,4,4,100,,,,,,,,,,,,,,,,,,,,,,,,,,,,,,,,,,,13767,0,0.623595,-0.312134,-0.277649,0.660767,0.987425,-0.066903,0.024905,13.833333,37.333332,-27,,,,,,,,,,,,,,,,,,,,,,,,,,,,,,,,,,,,,,,,,,,,,,,,,,,,,,,,,,,,,,,,,,,,,,,,,,,,,,,,,,,,,,,,,,,,,,,,,,,,,,,,,,,,,,,,,,,,,,,,,,,,,,,,,,,,,,,,,,,,,,,,,,,,,,,,,,,,,,,,
1764669113.921577,55070,0,4378.077148,4398.077148,4486.282227,4519.615234,4399.102539,4515.769043,4512.820313,4378.974121,4544.871582,4373.974121,4488.589844,4500.256348,4557.94873,4397.436035,4367.820313,4493.846191,4524.871582,4534.615234,4518.077148,4378.974121,4394.358887,4558.461426,4505.384766,4488.077148,4393.589844,4566.794922,4386.153809,4553.461426,4502.94873,4409.615234,4534.743652,4498.589844,2728,0,5,2576,58123,,,,0,4,4,4,4,4,4,4,4,4,4,4,4,4,4,4,4,4,4,4,4,4,4,4,4,4,4,4,4,4,4,4,4,100,,,,,,,,,,,,,,,,,,,,,,,,,,,,,,,,,,,,,,,,,,,,,,,,,,,,,,,,,,,,,,,,,,,,,,,,,,,,,,,,,,,,,,,,,,,,,,,,,,,,,,,,,,,,,,,,,,,,,,,,,,,,,,,,,,,,,,,,,,,,,,,,,,,,,,,,,,,,,,,,,,,,,,,,,,,,,,,,,,,,,,,,,,,,,,,,,,,,,,,,,,,,,,
1764669113.925483,55071,0,4385.256348,4405.769043,4504.230957,4526.538574,4403.717773,4523.974121,4520.641113,4385,4552.820313,4370.769043,4498.077148,4513.077148,4571.666504,4405.512695,4379.230957,4500.512695,4535.641113,4542.307617,4525.128418,4386.538574,4397.436035,4569.230957,4515,4498.205078,4377.94873,4572.94873,4400.512695,4563.205078,4510.897461,4413.333496,4555,4512.692383,2731,0,5,2576,58123,,,,0,4,4,4,4,4,4,4,4,4,4,4,4,4,4,4,4,4,4,4,4,4,4,4,4,4,4,4,4,4,4,4,4,100,,,,,,,,,,,,,,,,,,,,,,,,,,,,,,,,,,,,,,,,,,,,,,,,,,,,,,,,,,,,,,,,,,,,,,,,,,,,,,,,,,,,,,,,,,,,,,,,,,,,,,,,,,,,,,,,,,,,,,,,,,,,,,,,,,,,,,,,,,,,,,,,,,,,,,,,,,,,,,,,,,,,,,,,,,,,,,,,,,,,,,,,,,,,,,,,,,,,,,,,,,,,,,
1764669113.929389,55072,0,4387.94873,4408.461426,4517.05127,4529.230957,4402.179688,4528.461426,4527.05127,4384.871582,4557.179688,4371.153809,4502.692383,4518.717773,4579.871582,4408.717773,4386.922852,4506.922852,4542.05127,4543.461426,4524.102539,4390.256348,4394.102539,4575.512695,4519.743652,4505.128418,4370.897461,4574.358887,4404.871582,4568.333496,4514.615234,4407.05127,4559.615234,4518.333496,2814,0,5,2574,58131,,,,0,4,4,4,4,4,4,4,4,4,4,4,4,4,4,4,4,4,4,4,4,4,4,4,4,4,4,4,4,4,4,4,4,100,,,,,,,,,,,,,,,,,,,,,,,,,,,,,,,,,,,,,,,,,,,,,,,,,,,,,,,,,,,,,,,,,,,,,,,,,,,,,,,,,,,,,,,,,,,,,,,,,,,,,,,,,,,,,,,,,,,,,,,,,,,,,,,,,,,,,,,,,,,,,,,,,,,,,,,,,,,,,,,,,,,,,,,,,,,,,,,,,,,,,,,,,,,,,,,,,,,,,,,,,,,,,,
1764669113.933295,55073,0,4383.717773,4403.589844,4518.589844,4524.358887,4394.102539,4526.025879,4528.461426,4377.820313,4554.102539,4373.333496,4500,4513.846191,4578.205078,4405.128418,4385.128418,4507.94873,4540.256348,4535.256348,4513.205078,4385.128418,4383.974121,4573.333496,4516.538574,4504.102539,4374.615234,4569.102539,4396.794922,4565.256348,4511.410156,4394.871582,4546.538574,4511.922852,2902,0,5,2574,58131,,,,0,4,4,4,4,4,4,4,4,4,4,4,4,4,4,4,4,4,4,4,4,4,4,4,4,4,4,4,4,4,4,4,4,100,,,,,,,,,,,,,,,,,,,,,,,,,,,,,,,,,,,13768,0,0.623548,-0.312378,-0.277771,0.660645,0.987425,-0.086925,0.040532,12.833333,36.833332,-25.5,,,,,,,,,,,,,,,,,,,,,,,,,,,,,,,,,,,,,,,,,,,,,,,,,,,,,,,,,,,,,,,,,,,,,,,,,,,,,,,,,,,,,,,,,,,,,,,,,,,,,,,,,,,,,,,,,,,,,,,,,,,,,,,,,,,,,,,,,,,,,,,,,,,,,,,,,,,,,,,,
1764669113.937201,55074,0,4373.974121,4393.077148,4508.589844,4513.333496,4382.692383,4516.922852,4523.589844,4367.820313,4544.230957,4372.436035,4492.05127,4501.666504,4568.077148,4395.897461,4375,4500.769043,4531.153809,4519.487305,4496.794922,4371.794922,4370.897461,4564.358887,4507.307617,4495.641113,4384.487305,4559.102539,4381.666504,4555.128418,4502.820313,4383.974121,4524.487305,4499.487305,2690,0,5,2573,58138,,,,0,4,4,4,4,4,4,4,4,4,4,4,4,4,4,4,4,4,4,4,4,4,4,4,4,4,4,4,4,4,4,4,4,100,,,,,,,,,,,,,,,,,,,,,,,,,,,,,,,,,,,,,,,,,,,,,,,,,,,,,,,,,,,,,,,,,,,,,,,,,,,,,,,,,,,,,,,,,,,,,,,,,,,,,,,,,,,,,,,,,,,,,,,,,,,,,,,,,,,,,,,,,,,,,,,,,,,,,,,,,,,,,,,,,,,,,,,,,,,,,,,,,,,,,,,,,,,,,,,,,,,,,,,,,,,,,,
1764669113.941107,55075,0,4363.589844,4382.94873,4491.794922,4501.538574,4374.230957,4506.025879,4515.384766,4360.769043,4533.589844,4366.153809,4483.846191,4490.256348,4555.897461,4385,4363.846191,4488.205078,4520.384766,4503.461426,4483.077148,4358.333496,4361.410156,4554.743652,4498.077148,4484.871582,4395.384766,4550.641113,4369.358887,4543.717773,4494.615234,4380.256348,4506.666504,4491.282227,2867,0,5,2573,58138,,,,0,4,4,4,4,4,4,4,4,4,4,4,4,4,4,4,4,4,4,4,4,4,4,4,4,4,4,4,4,4,4,4,4,100,,,,,,,,,,,,,,,,,,,,,,,,,,,,,,,,,,,,,,,,,,,,,,,,,,,,,,,,,,,,,,,,,,,,,,,,,,,,,,,,,,,,,,,,,,,,,,,,,,,,,,,,,,,,,,,,,,,,,,,,,,,,,,,,,,,,,,,,,,,,,,,,,,,,,,,,,,,,,,,,,,,,,,,,,,,,,,,,,,,,,,,,,,,,,,,,,,,,,,,,,,,,,,
1764669113.945013,55076,0,4359.615234,4380.897461,4477.820313,4495.512695,4375,4500.641113,4510.128418,4360.897461,4529.743652,4359.487305,4481.538574,4487.94873,4550.128418,4378.205078,4361.025879,4480,4516.025879,4497.179688,4480.384766,4355.641113,4362.307617,4551.410156,4495.512695,4479.358887,4405.769043,4549.871582,4367.820313,4538.461426,4493.077148,4386.282227,4502.94873,4495.128418,2735,0,5,2574,58146,,,,0,4,4,4,4,4,4,4,4,4,4,4,4,4,4,4,4,4,4,4,4,4,4,4,4,4,4,4,4,4,4,4,4,100,,,,,,,,,,,,,,,,,,,,,,,,,,,,,,,,,,,,,,,,,,,,,,,,,,,,,,,,,,,,,,,,,,,,,,,,,,,,,,,,,,,,,,,,,,,,,,,,,,,,,,,,,,,,,,,,,,,,,,,,,,,,,,,,,,,,,,,,,,,,,,,,,,,,,,,,,,,,,,,,,,,,,,,,,,,,,,,,,,,,,,,,,,,,,,,,,,,,,,,,,,,,,,
1764669113.948919,55077,0,4367.563965,4391.794922,4477.179688,4500.897461,4387.94873,4507.94873,4514.615234,4370.384766,4538.077148,4365.256348,4489.230957,4499.358887,4556.153809,4380.512695,4372.05127,4486.410156,4524.743652,4507.820313,4492.307617,4370,4376.538574,4558.974121,4503.974121,4484.615234,4417.820313,4560.256348,4379.615234,4545,4502.05127,4401.410156,4515.769043,4512.307617,2828,0,5,2574,58146,,,,0,4,4,4,4,4,4,4,4,4,4,4,4,4,4,4,4,4,4,4,4,4,4,4,4,4,4,4,4,4,4,4,4,100,,,,,,,,,,,,,,,,,,,,,,,,,,,,,,,,,,,13769,0,0.623017,-0.313416,-0.278809,0.660217,1.006471,-0.068856,0.025394,12,37.166668,-24.333334,,,,,,,,,,,,,,,,,,,,,,,,,,,,,,,,,,,,,,,,,,,,,,,,,,,,,,,,,,,,,,,,,,,,,,,,,,,,,,,,,,,,,,,,,,,,,,,,,,,,,,,,,,,,,,,,,,,,,,,,,,,,,,,,,,,,,,,,,,,,,,,,,,,,,,,,,,,,,,,,
1764669113.952825,55078,0,4388.077148,4414.743652,4495.128418,4518.077148,4410.384766,4528.461426,4531.922852,4387.820313,4557.563965,4392.692383,4505.128418,4521.410156,4573.205078,4392.436035,4394.487305,4510.256348,4546.922852,4534.358887,4514.871582,4397.436035,4401.282227,4577.05127,4522.94873,4501.666504,4432.94873,4580,4400.769043,4563.717773,4519.871582,4421.410156,4540.769043,4538.205078,2809,0,5,2568,58154,,,,0,4,4,4,4,4,4,4,4,4,4,4,4,4,4,4,4,4,4,4,4,4,4,4,4,4,4,4,4,4,4,4,4,100,,,,,,,,,,,,,,,,,,,,,,,,,,,,,,,,,,,,,,,,,,,,,,,,,,,,,,,,,,,,,,,,,,,,,,,,,,,,,,,,,,,,,,,,,,,,,,,,,,,,,,,,,,,,,,,,,,,,,,,,,,,,,,,,,,,,,,,,,,,,,,,,,,,,,,,,,,,,,,,,,,,,,,,,,,,,,,,,,,,,,,,,,,,,,,,,,,,,,,,,,,,,,,
1764669113.956731,55079,0,4413.717773,4441.666504,4525.769043,4540,4433.974121,4554.615234,4556.794922,4407.307617,4580.384766,4435.128418,4521.153809,4544.743652,4594.358887,4408.717773,4417.820313,4541.794922,4574.615234,4566.666504,4538.589844,4425,4426.666504,4599.230957,4545.641113,4524.487305,4447.94873,4601.666504,4422.307617,4587.563965,4538.846191,4438.974121,4568.333496,4563.974121,2984,0,5,2568,58154,,,,0,4,4,4,4,4,4,4,4,4,4,4,4,4,4,4,4,4,4,4,4,4,4,4,4,4,4,4,4,4,4,4,4,100,,,,,,,,,,,,,,,,,,,,,,,,,,,,,,,,,,,,,,,,,,,,,,,,,,,,,,,,,,,,,,,,,,,,,,,,,,,,,,,,,,,,,,,,,,,,,,,,,,,,,,,,,,,,,,,,,,,,,,,,,,,,,,,,,,,,,,,,,,,,,,,,,,,,,,,,,,,,,,,,,,,,,,,,,,,,,,,,,,,,,,,,,,,,,,,,,,,,,,,,,,,,,,
1764669113.960637,55080,0,4432.05127,4459.871582,4553.589844,4555.384766,4448.846191,4573.974121,4577.820313,4420.128418,4595.256348,4467.820313,4527.563965,4557.436035,4609.102539,4420.897461,4428.461426,4563.461426,4594.871582,4589.230957,4553.333496,4439.230957,4440.897461,4615,4561.410156,4542.94873,4453.717773,4615.512695,4434.615234,4605.256348,4549.615234,4446.794922,4586.794922,4578.589844,2894,0,5,2569,58162,,,,0,4,4,4,4,4,4,4,4,4,4,4,4,4,4,4,4,4,4,4,4,4,4,4,4,4,4,4,4,4,4,4,4,100,,,,,,,,,,,,,,,,,,,,,,,,,,,,,,,,,,,,,,,,,,,,,,,,,,,,,,,,,,,,,,,,,,,,,,,,,,,,,,,,,,,,,,,,,,,,,,,,,,,,,,,,,,,,,,,,,,,,,,,,,,,,,,,,,,,,,,,,,,,,,,,,,,,,,,,,,,,,,,,,,,,,,,,,,,,,,,,,,,,,,,,,,,,,,,,,,,,,,,,,,,,,,,
1764669113.964543,55081,0,4433.717773,4460.128418,4562.820313,4555.897461,4449.358887,4577.436035,4583.846191,4420.128418,4594.743652,4465.384766,4519.743652,4553.333496,4610.128418,4422.307617,4420.256348,4562.307617,4597.563965,4590.128418,4553.333496,4434.102539,4437.563965,4615.769043,4562.05127,4547.563965,4442.307617,4615,4432.820313,4608.333496,4547.05127,4442.563965,4587.94873,4573.846191,2768,0,5,2569,58162,,,,0,4,4,4,4,4,4,4,4,4,4,4,4,4,4,4,4,4,4,4,4,4,4,4,4,4,4,4,4,4,4,4,4,100,,,,,,,,,,,,,,,,,,,,,,,,,,,,,,,,,,,13770,0,0.622814,-0.313843,-0.279358,0.659973,0.997192,-0.072763,-0.012697,14.5,38.333332,-25.5,,,,,,,,,,,,,,,,,,,,,,,,,,,,,,,,,,,,,,,,,,,,,,,,,,,,,,,,,,,,,,,,,,,,,,,,,,,,,,,,,,,,,,,,,,,,,,,,,,,,,,,,,,,,,,,,,,,,,,,,,,,,,,,,,,,,,,,,,,,,,,,,,,,,,,,,,,,,,,,,
1764669113.968449,55082,0,4419.487305,4444.102539,4549.230957,4543.077148,4437.692383,4565.384766,4572.94873,4408.077148,4580.769043,4423.717773,4502.692383,4536.025879,4598.589844,4413.589844,4399.102539,4539.615234,4582.563965,4568.589844,4539.615234,4415,4420.641113,4601.282227,4548.077148,4537.179688,4414.230957,4601.794922,4420.641113,4596.666504,4534.871582,4431.282227,4571.794922,4550.897461,2426,0,5,2570,58170,,,,0,4,4,4,4,4,4,4,4,4,4,4,4,4,4,4,4,4,4,4,4,4,4,4,4,4,4,4,4,4,4,4,4,100,,,,,,,,,,,,,,,,,,,,,,,,,,,,,,,,,,,,,,,,,,,,,,,,,,,,,,,,,,,,,,,,,,,,,,,,,,,,,,,,,,,,,,,,,,,,,,,,,,,,,,,,,,,,,,,,,,,,,,,,,,,,,,,,,,,,,,,,,,,,,,,,,,,,,,,,,,,,,,,,,,,,,,,,,,,,,,,,,,,,,,,,,,,,,,,,,,,,,,,,,,,,,,
1764669113.972355,55083,0,4399.615234,4422.94873,4523.461426,4526.025879,4421.794922,4547.05127,4553.717773,4392.05127,4562.307617,4367.563965,4487.820313,4516.410156,4582.94873,4401.666504,4380,4510.256348,4560.384766,4537.820313,4519.871582,4394.358887,4401.666504,4581.025879,4529.358887,4519.358887,4382.05127,4584.615234,4407.179688,4579.358887,4521.794922,4421.282227,4547.820313,4521.282227,2719,0,5,2570,58170,,,,0,4,4,4,4,4,4,4,4,4,4,4,4,4,4,4,4,4,4,4,4,4,4,4,4,4,4,4,4,4,4,4,4,100,,,,,,,,,,,,,,,,,,,,,,,,,,,,,,,,,,,,,,,,,,,,,,,,,,,,,,,,,,,,,,,,,,,,,,,,,,,,,,,,,,,,,,,,,,,,,,,,,,,,,,,,,,,,,,,,,,,,,,,,,,,,,,,,,,,,,,,,,,,,,,,,,,,,,,,,,,,,,,,,,,,,,,,,,,,,,,,,,,,,,,,,,,,,,,,,,,,,,,,,,,,,,,
1764669113.976261,55084,0,4386.282227,4409.358887,4502.179688,4514.102539,4410.128418,4532.692383,4538.077148,4380.256348,4548.974121,4332.563965,4483.846191,4504.230957,4572.692383,4394.358887,4374.871582,4492.820313,4544.358887,4517.179688,4506.410156,4383.717773,4392.179688,4568.589844,4517.692383,4505,4363.205078,4572.179688,4400.384766,4566.666504,4515,4417.307617,4527.692383,4499.615234,2482,0,5,2571,58177,,,,0,4,4,4,4,4,4,4,4,4,4,4,4,4,4,4,4,4,4,4,4,4,4,4,4,4,4,4,4,4,4,4,4,100,,,,,,,,,,,,,,,,,,,,,,,,,,,,,,,,,,,,,,,,,,,,,,,,,,,,,,,,,,,,,,,,,,,,,,,,,,,,,,,,,,,,,,,,,,,,,,,,,,,,,,,,,,,,,,,,,,,,,,,,,,,,,,,,,,,,,,,,,,,,,,,,,,,,,,,,,,,,,,,,,,,,,,,,,,,,,,,,,,,,,,,,,,,,,,,,,,,,,,,,,,,,,,
1764669113.980167,55085,0,4385.128418,4408.333496,4496.922852,4510.641113,4406.025879,4527.179688,4532.820313,4375.769043,4545,4338.077148,4490.641113,4502.820313,4572.05127,4395,4384.230957,4497.820313,4542.436035,4521.025879,4509.102539,4387.563965,4397.179688,4571.282227,4518.846191,4501.153809,4368.461426,4567.820313,4401.666504,4564.358887,4515.769043,4416.794922,4518.974121,4494.230957,2244,0,5,2571,58177,,,,0,4,4,4,4,4,4,4,4,4,4,4,4,4,4,4,4,4,4,4,4,4,4,4,4,4,4,4,4,4,4,4,4,100,,,,,,,,,,,,,,,,,,,,,,,,,,,,,,,,,,,13771,0,0.622911,-0.313965,-0.279724,0.659668,1.007447,-0.056648,-0.012209,12.833333,38,-26,,,,,,,,,,,,,,,,,,,,,,,,,,,,,,,,,,,,,,,,,,,,,,,,,,,,,,,,,,,,,,,,,,,,,,,,,,,,,,,,,,,,,,,,,,,,,,,,,,,,,,,,,,,,,,,,,,,,,,,,,,,,,,,,,,,,,,,,,,,,,,,,,,,,,,,,,,,,,,,,
1764669113.984073,55086,0,4393.717773,4416.410156,4507.820313,4513.333496,4408.461426,4529.743652,4537.05127,4377.05127,4548.974121,4375.384766,4501.538574,4509.230957,4578.974121,4401.282227,4398.717773,4521.025879,4553.077148,4548.846191,4528.974121,4401.922852,4413.846191,4587.692383,4531.025879,4508.077148,4394.871582,4570.897461,4407.94873,4571.538574,4521.025879,4415.384766,4522.563965,4502.820313,2734,0,5,2572,58185,,,,0,4,4,4,4,4,4,4,4,4,4,4,4,4,4,4,4,4,4,4,4,4,4,4,4,4,4,4,4,4,4,4,4,100,,,,,,,,,,,,,,,,,,,,,,,,,,,,,,,,,,,,,,,,,,,,,,,,,,,,,,,,,,,,,,,,,,,,,,,,,,,,,,,,,,,,,,,,,,,,,,,,,,,,,,,,,,,,,,,,,,,,,,,,,,,,,,,,,,,,,,,,,,,,,,,,,,,,,,,,,,,,,,,,,,,,,,,,,,,,,,,,,,,,,,,,,,,,,,,,,,,,,,,,,,,,,,
1764669113.987979,55087,0,4406.282227,4426.794922,4525,4519.102539,4414.743652,4537.05127,4546.666504,4382.436035,4557.820313,4416.410156,4509.615234,4519.102539,4588.974121,4408.974121,4407.820313,4547.307617,4569.487305,4583.846191,4554.615234,4418.461426,4434.358887,4608.846191,4547.563965,4521.282227,4428.205078,4580,4415.384766,4583.974121,4527.05127,4413.717773,4534.871582,4518.589844,2453,0,5,2572,58185,,,,0,4,4,4,4,4,4,4,4,4,4,4,4,4,4,4,4,4,4,4,4,4,4,4,4,4,4,4,4,4,4,4,4,100,,,,,,,,,,,,,,,,,,,,,,,,,,,,,,,,,,,,,,,,,,,,,,,,,,,,,,,,,,,,,,,,,,,,,,,,,,,,,,,,,,,,,,,,,,,,,,,,,,,,,,,,,,,,,,,,,,,,,,,,,,,,,,,,,,,,,,,,,,,,,,,,,,,,,,,,,,,,,,,,,,,,,,,,,,,,,,,,,,,,,,,,,,,,,,,,,,,,,,,,,,,,,,
1764669113.991885,55088,0,4416.666504,4434.743652,4536.666504,4526.922852,4422.563965,4545.769043,4557.179688,4390.897461,4568.333496,4436.922852,4511.538574,4528.077148,4597.436035,4413.846191,4406.153809,4559.743652,4582.820313,4602.94873,4568.974121,4428.589844,4448.077148,4623.974121,4560.384766,4534.743652,4452.436035,4594.230957,4421.282227,4596.410156,4531.794922,4415.897461,4551.025879,4534.871582,2883,0,5,2573,58193,,,,0,4,4,4,4,4,4,4,4,4,4,4,4,4,4,4,4,4,4,4,4,4,4,4,4,4,4,4,4,4,4,4,4,100,,,,,,,,,,,,,,,,,,,,,,,,,,,,,,,,,,,,,,,,,,,,,,,,,,,,,,,,,,,,,,,,,,,,,,,,,,,,,,,,,,,,,,,,,,,,,,,,,,,,,,,,,,,,,,,,,,,,,,,,,,,,,,,,,,,,,,,,,,,,,,,,,,,,,,,,,,,,,,,,,,,,,,,,,,,,,,,,,,,,,,,,,,,,,,,,,,,,,,,,,,,,,,
1764669113.995791,55089,0,4421.025879,4437.94873,4535.641113,4535.128418,4428.974121,4552.436035,4565.128418,4401.025879,4577.307617,4430.769043,4507.820313,4532.692383,4600.512695,4413.974121,4396.666504,4551.025879,4586.282227,4593.077148,4561.153809,4427.820313,4447.179688,4625.512695,4563.077148,4542.820313,4459.102539,4608.717773,4424.230957,4603.461426,4534.230957,4423.846191,4565.512695,4546.282227,2916,0,5,2573,58193,,,,0,4,4,4,4,4,4,4,4,4,4,4,4,4,4,4,4,4,4,4,4,4,4,4,4,4,4,4,4,4,4,4,4,100,,,,,,,,,,,,,,,,,,,,,,,,,,,,,,,,,,,13772,0,0.623039,-0.314209,-0.280029,0.659302,1.004029,-0.063973,0.00586,14.166667,38.5,-23.333334,,,,,,,,,,,,,,,,,,,,,,,,,,,,,,,,,,,,,,,,,,,,,,,,,,,,,,,,,,,,,,,,,,,,,,,,,,,,,,,,,,,,,,,,,,,,,,,,,,,,,,,,,,,,,,,,,,,,,,,,,,,,,,,,,,,,,,,,,,,,,,,,,,,,,,,,,,,,,,,,
1764669113.999697,55090,0,4418.077148,4436.794922,4524.358887,4540.641113,4430.641113,4554.102539,4567.436035,4409.102539,4581.794922,4411.153809,4501.410156,4531.922852,4596.410156,4409.743652,4386.666504,4528.717773,4578.333496,4561.282227,4534.743652,4417.179688,4430.128418,4612.563965,4554.358887,4541.794922,4449.743652,4616.025879,4422.307617,4601.153809,4533.717773,4433.333496,4573.333496,4548.333496,1786,0,5,2574,58201,,,,0,4,4,4,4,4,4,4,4,4,4,4,4,4,4,4,4,4,4,4,4,4,4,4,4,4,4,4,4,4,4,4,4,100,,,,,,,,,,,,,,,,,,,,,,,,,,,,,,,,,,,,,,,,,,,,,,,,,,,,,,,,,,,,,,,,,,,,,,,,,,,,,,,,,,,,,,,,,,,,,,,,,,,,,,,,,,,,,,,,,,,,,,,,,,,,,,,,,,,,,,,,,,,,,,,,,,,,,,,,,,,,,,,,,,,,,,,,,,,,,,,,,,,,,,,,,,,,,,,,,,,,,,,,,,,,,,
1764669114.003603,55091,0,4409.871582,4432.307617,4511.794922,4541.282227,4425.897461,4549.743652,4562.307617,4411.538574,4580.128418,4398.077148,4495.512695,4527.05127,4587.692383,4404.358887,4383.205078,4509.230957,4564.230957,4529.871582,4505.512695,4403.205078,4404.871582,4591.538574,4538.333496,4531.282227,4432.692383,4611.666504,4414.358887,4589.871582,4530.384766,4436.666504,4571.153809,4538.589844,2739,0,5,2574,58201,,,,0,4,4,4,4,4,4,4,4,4,4,4,4,4,4,4,4,4,4,4,4,4,4,4,4,4,4,4,4,4,4,4,4,100,,,,,,,,,,,,,,,,,,,,,,,,,,,,,,,,,,,,,,,,,,,,,,,,,,,,,,,,,,,,,,,,,,,,,,,,,,,,,,,,,,,,,,,,,,,,,,,,,,,,,,,,,,,,,,,,,,,,,,,,,,,,,,,,,,,,,,,,,,,,,,,,,,,,,,,,,,,,,,,,,,,,,,,,,,,,,,,,,,,,,,,,,,,,,,,,,,,,,,,,,,,,,,
1764669114.007509,55092,0,4400.384766,4426.025879,4506.153809,4537.307617,4416.794922,4541.153809,4551.538574,4407.307617,4574.615234,4401.794922,4492.692383,4522.307617,4579.358887,4401.410156,4388.333496,4506.153809,4552.179688,4518.589844,4490.384766,4393.846191,4383.717773,4572.05127,4523.205078,4514.871582,4417.563965,4597.563965,4402.179688,4573.974121,4525,4429.743652,4559.358887,4519.743652,2601,0,5,2575,58209,,,,0,4,4,4,4,4,4,4,4,4,4,4,4,4,4,4,4,4,4,4,4,4,4,4,4,4,4,4,4,4,4,4,4,100,,,,,,,,,,,,,,,,,,,,,,,,,,,,,,,,,,,,,,,,,,,,,,,,,,,,,,,,,,,,,,,,,,,,,,,,,,,,,,,,,,,,,,,,,,,,,,,,,,,,,,,,,,,,,,,,,,,,,,,,,,,,,,,,,,,,,,,,,,,,,,,,,,,,,,,,,,,,,,,,,,,,,,,,,,,,,,,,,,,,,,,,,,,,,,,,,,,,,,,,,,,,,,
1764669114.011415,55093,0,4393.461426,4420.128418,4509.358887,4532.692383,4407.692383,4532.179688,4539.871582,4399.358887,4569.230957,4417.05127,4493.717773,4521.153809,4575.769043,4402.179688,4397.94873,4519.615234,4547.307617,4530.384766,4495,4393.974121,4375.769043,4561.410156,4515.641113,4499.102539,4410.128418,4582.179688,4390.384766,4560.769043,4519.743652,4415.512695,4543.589844,4500.641113,2818,0,5,2575,58209,,,,0,4,4,4,4,4,4,4,4,4,4,4,4,4,4,4,4,4,4,4,4,4,4,4,4,4,4,4,4,4,4,4,4,100,,,,,,,,,,,,,,,,,,,,,,,,,,,,,,,,,,,13773,0,0.623048,-0.314575,-0.280029,0.659119,1.008912,-0.064949,0.041997,14.666667,37,-24.5,,,,,,,,,,,,,,,,,,,,,,,,,,,,,,,,,,,,,,,,,,,,,,,,,,,,,,,,,,,,,,,,,,,,,,,,,,,,,,,,,,,,,,,,,,,,,,,,,,,,,,,,,,,,,,,,,,,,,,,,,,,,,,,,,,,,,,,,,,,,,,,,,,,,,,,,,,,,,,,,
1764669114.015321,55094,0,4391.922852,4416.794922,4518.205078,4530.897461,4403.717773,4527.692383,4532.94873,4392.94873,4568.589844,4429.487305,4497.820313,4524.743652,4578.205078,4405.128418,4405,4536.666504,4549.230957,4551.282227,4512.05127,4402.563965,4381.794922,4560.897461,4517.179688,4490.769043,4412.05127,4574.743652,4385.128418,4555.641113,4516.794922,4402.436035,4532.563965,4491.666504,2926,0,5,2576,58217,,,,0,4,4,4,4,4,4,4,4,4,4,4,4,4,4,4,4,4,4,4,4,4,4,4,4,4,4,4,4,4,4,4,4,100,,,,,,,,,,,,,,,,,,,,,,,,,,,,,,,,,,,,,,,,,,,,,,,,,,,,,,,,,,,,,,,,,,,,,,,,,,,,,,,,,,,,,,,,,,,,,,,,,,,,,,,,,,,,,,,,,,,,,,,,,,,,,,,,,,,,,,,,,,,,,,,,,,,,,,,,,,,,,,,,,,,,,,,,,,,,,,,,,,,,,,,,,,,,,,,,,,,,,,,,,,,,,,
1764669114.019227,55095,0,4395.384766,4417.179688,4527.179688,4532.05127,4406.282227,4529.615234,4533.589844,4391.538574,4573.461426,4429.871582,4502.692383,4530.256348,4582.94873,4406.538574,4404.615234,4542.05127,4553.717773,4562.692383,4527.307617,4412.94873,4393.589844,4566.410156,4524.102539,4492.436035,4419.871582,4578.717773,4389.358887,4559.102539,4517.820313,4398.974121,4532.563965,4498.846191,2853,0,5,2576,58217,,,,0,4,4,4,4,4,4,4,4,4,4,4,4,4,4,4,4,4,4,4,4,4,4,4,4,4,4,4,4,4,4,4,4,100,,,,,,,,,,,,,,,,,,,,,,,,,,,,,,,,,,,,,,,,,,,,,,,,,,,,,,,,,,,,,,,,,,,,,,,,,,,,,,,,,,,,,,,,,,,,,,,,,,,,,,,,,,,,,,,,,,,,,,,,,,,,,,,,,,,,,,,,,,,,,,,,,,,,,,,,,,,,,,,,,,,,,,,,,,,,,,,,,,,,,,,,,,,,,,,,,,,,,,,,,,,,,,
1764669114.023133,55096,0,4399.358887,4418.974121,4531.153809,4532.05127,4410.769043,4533.974121,4538.205078,4393.974121,4579.358887,4419.743652,4503.974121,4532.179688,4583.846191,4403.205078,4396.410156,4529.358887,4554.743652,4554.615234,4529.743652,4417.307617,4400.256348,4571.538574,4528.717773,4500.128418,4426.922852,4588.333496,4399.487305,4565.769043,4521.282227,4405.512695,4540.897461,4518.461426,2713,0,5,2576,58224,,,,0,4,4,4,4,4,4,4,4,4,4,4,4,4,4,4,4,4,4,4,4,4,4,4,4,4,4,4,4,4,4,4,4,100,0.855469,25,4,4,1,3,3,4,4,3,4,1,4,4,4,4,4,3,4,1,3,4,3,4,4,4,1,4,3,4,4,4,1,1,,,,,,,,,,,,,3.445794,3.183781,1.858532,1.28271,1.604006,3.607882,2.595735,2.134643,1.389159,1.843413,3.752394,4.647624,3.936977,2.35987,2.677676,2.664892,2.111574,3.812146,1.39408,2.027537,3.061275,2.229284,3.629101,1.572213,1.830708,3.855077,1.763282,1.870971,1.082721,1.608974,3.237495,2.513622,2.86712,1.519775,1.793808,2.387596,1.81262,3.636291,1.183252,2.209689,1.942914,1.92334,2.910688,1.948624,2.102085,3.593271,1.425505,2.29755,2.284021,2.899514,2.085355,1.42675,2.261361,1.032308,1.270198,4.312548,1.854912,2.129453,1.211626,1.5845,1.931146,2.011595,1.840921,1.305955,1.601106,1.085096,1.294828,1.037452,0.966434,1.022801,1.506869,1.044885,1.792397,1.552784,1.386282,2.047432,2.948239,1.91792,2.122031,1.814524,3.581688,2.830889,2.20048,1.503871,1.866355,2.728662,4.589363,2.37946,2.046922,2.369522,2.925358,3.428234,1.904028,1.117919,1.775327,1.597252,2.73938,1.470715,1.220661,1.500718,3.302392,3.726604,1.681054,0.964917,1.676474,3.503648,3.076756,1.977307,1.706035,1.895978,3.165329,2.801219,1.733651,1.306662,1.780354,4.078816,3.6645,2.088985,1.519807,1.807901,8.938665,5.532165,8.870006,3.039239,5.267205,3.203573,3.313298,3.263561,1.335291,1.351937,3.484407,3.913843,2.681248,1.822643,2.049565,4.193507,3.505531,2.37075,1.565206,2.041213,2.184037,1.284135,0.963525,0.665876,0.730571,3.479089,2.950088,3.337018,2.35079,1.854168,4.519322,4.647442,4.114305,1.814368,2.359886,3.600573,4.134727,3.845367,2.525803,2.902949
1764669114.027039,55097,0,4397.436035,4416.922852,4526.666504,4525.384766,4409.743652,4532.94873,4539.487305,4394.230957,4578.846191,4405.256348,4497.436035,4524.871582,4575.256348,4394.102539,4383.589844,4504.871582,4548.077148,4531.410156,4517.692383,4410.769043,4394.871582,4570,4524.871582,4505.128418,4426.153809,4593.461426,4406.538574,4567.307617,4522.307617,4413.846191,4547.563965,4538.461426,2888,0,5,2576,58224,,,,0,4,4,4,4,4,4,4,4,4,4,4,4,4,4,4,4,4,4,4,4,4,4,4,4,4,4,4,4,4,4,4,4,100,,,,,,,,,,,,,,,,,,,,,,,,,,,,,,,,,,,13774,0,0.623109,-0.314819,-0.279907,0.658997,1.008912,-0.064949,0.041997,14.666667,36.166668,-25.333334,,,,,,,,,,,,,,,,,,,,,,,,,,,,,,,,,,,,,,,,,,,,,,,,,,,,,,,,,,,,,,,,,,,,,,,,,,,,,,,,,,,,,,,,,,,,,,,,,,,,,,,,,,,,,,,,,,,,,,,,,,,,,,,,,,,,,,,,,,,,,,,,,,,,,,,,,,,,,,,,
1764669114.030945,55098,0,4387.05127,4407.563965,4514.487305,4511.025879,4400.512695,4522.05127,4532.05127,4386.666504,4568.077148,4390.128418,4483.589844,4508.717773,4557.563965,4382.307617,4371.538574,4482.563965,4534.487305,4507.05127,4500.128418,4395.256348,4380.641113,4560.256348,4512.820313,4501.410156,4415.384766,4587.692383,4403.589844,4559.358887,4517.179688,4414.102539,4544.102539,4546.666504,1812,0,5,2571,58232,,,,0,4,4,4,4,4,4,4,4,4,4,4,4,4,4,4,4,4,4,4,4,4,4,4,4,4,4,4,4,4,4,4,4,100,,,,,,,,,,,,,,,,,,,,,,,,,,,,,,,,,,,,,,,,,,,,,,,,,,,,,,,,,,,,,,,,,,,,,,,,,,,,,,,,,,,,,,,,,,,,,,,,,,,,,,,,,,,,,,,,,,,,,,,,,,,,,,,,,,,,,,,,,,,,,,,,,,,,,,,,,,,,,,,,,,,,,,,,,,,,,,,,,,,,,,,,,,,,,,,,,,,,,,,,,,,,,,
1764669114.034851,55099,0,4372.94873,4393.461426,4501.025879,4495.897461,4388.589844,4505.769043,4518.077148,4372.563965,4550.769043,4375,4469.102539,4491.153809,4539.102539,4374.871582,4365.128418,4474.102539,4520.769043,4494.743652,4488.846191,4379.230957,4367.94873,4547.563965,4499.871582,4490.512695,4399.615234,4573.974121,4391.794922,4545.641113,4507.179688,4404.487305,4532.307617,4540.256348,2440,0,5,2571,58232,,,,0,4,4,4,4,4,4,4,4,4,4,4,4,4,4,4,4,4,4,4,4,4,4,4,4,4,4,4,4,4,4,4,4,100,,,,,,,,,,,,,,,,,,,,,,,,,,,,,,,,,,,,,,,,,,,,,,,,,,,,,,,,,,,,,,,,,,,,,,,,,,,,,,,,,,,,,,,,,,,,,,,,,,,,,,,,,,,,,,,,,,,,,,,,,,,,,,,,,,,,,,,,,,,,,,,,,,,,,,,,,,,,,,,,,,,,,,,,,,,,,,,,,,,,,,,,,,,,,,,,,,,,,,,,,,,,,,
1764669114.038757,55100,0,4364.358887,4382.820313,4495,4490.256348,4383.077148,4494.871582,4506.153809,4360,4536.922852,4361.410156,4463.205078,4482.563965,4531.153809,4377.307617,4366.538574,4481.282227,4515.384766,4498.589844,4490.256348,4372.563965,4367.179688,4540.897461,4494.743652,4480.769043,4387.563965,4562.179688,4380.641113,4535.641113,4498.589844,4392.692383,4522.436035,4527.179688,2623,0,5,2567,58240,,,,0,4,4,4,4,4,4,4,4,4,4,4,4,4,4,4,4,4,4,4,4,4,4,4,4,4,4,4,4,4,4,4,4,100,,,,,,,,,,,,,,,,,,,,,,,,,,,,,,,,,,,,,,,,,,,,,,,,,,,,,,,,,,,,,,,,,,,,,,,,,,,,,,,,,,,,,,,,,,,,,,,,,,,,,,,,,,,,,,,,,,,,,,,,,,,,,,,,,,,,,,,,,,,,,,,,,,,,,,,,,,,,,,,,,,,,,,,,,,,,,,,,,,,,,,,,,,,,,,,,,,,,,,,,,,,,,,
1764669114.042663,55101,0,4366.922852,4382.307617,4500.769043,4499.615234,4387.692383,4496.922852,4503.717773,4357.05127,4534.102539,4354.615234,4469.487305,4487.179688,4538.717773,4388.974121,4373.589844,4495.769043,4521.282227,4512.05127,4501.153809,4378.461426,4379.487305,4545.641113,4501.025879,4480.128418,4384.871582,4560.512695,4379.487305,4537.05127,4497.179688,4388.461426,4523.717773,4517.436035,2472,0,5,2567,58240,,,,0,4,4,4,4,4,4,4,4,4,4,4,4,4,4,4,4,4,4,4,4,4,4,4,4,4,4,4,4,4,4,4,4,100,,,,,,,,,,,,,,,,,,,,,,,,,,,,,,,,,,,13775,0,0.623221,-0.315491,-0.279907,0.658569,0.984007,-0.080088,0.02637,15,37.833332,-25,,,,,,,,,,,,,,,,,,,,,,,,,,,,,,,,,,,,,,,,,,,,,,,,,,,,,,,,,,,,,,,,,,,,,,,,,,,,,,,,,,,,,,,,,,,,,,,,,,,,,,,,,,,,,,,,,,,,,,,,,,,,,,,,,,,,,,,,,,,,,,,,,,,,,,,,,,,,,,,,
1764669114.046569,55102,0,4377.94873,4392.05127,4513.333496,4518.205078,4396.922852,4509.230957,4510.897461,4365.256348,4541.410156,4358.333496,4482.692383,4499.871582,4556.153809,4401.922852,4381.410156,4506.282227,4533.461426,4524.487305,4512.436035,4391.025879,4395.897461,4559.102539,4513.461426,4489.615234,4390.897461,4568.846191,4389.615234,4549.230957,4503.077148,4395,4535.512695,4515.256348,2731,0,5,2564,58248,,,,0,4,4,4,4,4,4,4,4,4,4,4,4,4,4,4,4,4,4,4,4,4,4,4,4,4,4,4,4,4,4,4,4,100,,,,,,,,,,,,,,,,,,,,,,,,,,,,,,,,,,,,,,,,,,,,,,,,,,,,,,,,,,,,,,,,,,,,,,,,,,,,,,,,,,,,,,,,,,,,,,,,,,,,,,,,,,,,,,,,,,,,,,,,,,,,,,,,,,,,,,,,,,,,,,,,,,,,,,,,,,,,,,,,,,,,,,,,,,,,,,,,,,,,,,,,,,,,,,,,,,,,,,,,,,,,,,
1764669114.050475,55103,0,4388.846191,4405.128418,4522.179688,4533.333496,4401.922852,4522.307617,4521.282227,4378.077148,4551.922852,4370,4493.589844,4510.512695,4571.794922,4408.077148,4385.641113,4507.692383,4542.820313,4529.615234,4517.692383,4400.897461,4405.256348,4572.179688,4522.820313,4503.205078,4400.128418,4579.871582,4403.077148,4563.717773,4511.794922,4406.922852,4548.589844,4517.05127,2735,0,5,2564,58248,,,,0,4,4,4,4,4,4,4,4,4,4,4,4,4,4,4,4,4,4,4,4,4,4,4,4,4,4,4,4,4,4,4,4,100,,,,,,,,,,,,,,,,,,,,,,,,,,,,,,,,,,,,,,,,,,,,,,,,,,,,,,,,,,,,,,,,,,,,,,,,,,,,,,,,,,,,,,,,,,,,,,,,,,,,,,,,,,,,,,,,,,,,,,,,,,,,,,,,,,,,,,,,,,,,,,,,,,,,,,,,,,,,,,,,,,,,,,,,,,,,,,,,,,,,,,,,,,,,,,,,,,,,,,,,,,,,,,
1764669114.054381,55104,0,4393.333496,4413.846191,4520.384766,4536.025879,4399.871582,4527.820313,4527.94873,4387.179688,4559.358887,4382.179688,4497.179688,4513.589844,4577.692383,4404.743652,4385.897461,4503.717773,4544.743652,4529.102539,4516.794922,4402.563965,4403.846191,4577.563965,4524.743652,4513.333496,4407.820313,4586.410156,4410.769043,4572.179688,4518.205078,4417.692383,4553.333496,4516.666504,2807,0,5,2565,58256,,,,0,4,4,4,4,4,4,4,4,4,4,4,4,4,4,4,4,4,4,4,4,4,4,4,4,4,4,4,4,4,4,4,4,100,,,,,,,,,,,,,,,,,,,,,,,,,,,,,,,,,,,,,,,,,,,,,,,,,,,,,,,,,,,,,,,,,,,,,,,,,,,,,,,,,,,,,,,,,,,,,,,,,,,,,,,,,,,,,,,,,,,,,,,,,,,,,,,,,,,,,,,,,,,,,,,,,,,,,,,,,,,,,,,,,,,,,,,,,,,,,,,,,,,,,,,,,,,,,,,,,,,,,,,,,,,,,,
1764669114.058287,55105,0,4391.922852,4415.769043,4510.384766,4529.230957,4395.256348,4526.282227,4529.743652,4388.974121,4562.820313,4389.487305,4496.282227,4512.05127,4574.743652,4397.179688,4386.153809,4502.563965,4541.794922,4528.717773,4515,4398.205078,4397.692383,4575.384766,4522.307617,4515.897461,4412.94873,4586.922852,4409.615234,4572.563965,4520.384766,4423.717773,4548.589844,4512.179688,2905,0,5,2565,58256,,,,0,4,4,4,4,4,4,4,4,4,4,4,4,4,4,4,4,4,4,4,4,4,4,4,4,4,4,4,4,4,4,4,4,100,,,,,,,,,,,,,,,,,,,,,,,,,,,,,,,,,,,13776,0,0.623409,-0.315613,-0.280212,0.658203,0.984007,-0.080088,0.02637,14,34.333332,-26,,,,,,,,,,,,,,,,,,,,,,,,,,,,,,,,,,,,,,,,,,,,,,,,,,,,,,,,,,,,,,,,,,,,,,,,,,,,,,,,,,,,,,,,,,,,,,,,,,,,,,,,,,,,,,,,,,,,,,,,,,,,,,,,,,,,,,,,,,,,,,,,,,,,,,,,,,,,,,,,
1764669114.062193,55106,0,4390,4413.717773,4501.410156,4522.94873,4395.128418,4523.974121,4530,4385.769043,4565,4392.436035,4496.922852,4512.179688,4570.384766,4392.820313,4389.743652,4508.717773,4540.897461,4532.692383,4516.538574,4394.487305,4395.128418,4571.666504,4521.922852,4513.077148,4416.282227,4586.025879,4403.846191,4569.358887,4520.641113,4426.153809,4541.794922,4507.307617,2685,0,5,2566,58263,,,,0,4,4,4,4,4,4,4,4,4,4,4,4,4,4,4,4,4,4,4,4,4,4,4,4,4,4,4,4,4,4,4,4,100,,,,,,,,,,,,,,,,,,,,,,,,,,,,,,,,,,,,,,,,,,,,,,,,,,,,,,,,,,,,,,,,,,,,,,,,,,,,,,,,,,,,,,,,,,,,,,,,,,,,,,,,,,,,,,,,,,,,,,,,,,,,,,,,,,,,,,,,,,,,,,,,,,,,,,,,,,,,,,,,,,,,,,,,,,,,,,,,,,,,,,,,,,,,,,,,,,,,,,,,,,,,,,
1764669114.066099,55107,0,4391.153809,4411.666504,4499.871582,4524.487305,4401.794922,4526.410156,4532.307617,4381.922852,4567.436035,4394.871582,4501.410156,4516.410156,4570.256348,4395.384766,4395.384766,4518.589844,4545.641113,4540.256348,4521.538574,4395.256348,4399.743652,4571.922852,4526.025879,4509.487305,4417.94873,4587.820313,4399.615234,4568.333496,4521.025879,4426.025879,4540.384766,4507.179688,2858,0,5,2566,58263,,,,0,4,4,4,4,4,4,4,4,4,4,4,4,4,4,4,4,4,4,4,4,4,4,4,4,4,4,4,4,4,4,4,4,100,,,,,,,,,,,,,,,,,,,,,,,,,,,,,,,,,,,,,,,,,,,,,,,,,,,,,,,,,,,,,,,,,,,,,,,,,,,,,,,,,,,,,,,,,,,,,,,,,,,,,,,,,,,,,,,,,,,,,,,,,,,,,,,,,,,,,,,,,,,,,,,,,,,,,,,,,,,,,,,,,,,,,,,,,,,,,,,,,,,,,,,,,,,,,,,,,,,,,,,,,,,,,,
1764669114.070005,55108,0,4394.487305,4411.025879,4505.256348,4532.179688,4411.538574,4532.563965,4536.282227,4379.743652,4568.589844,4399.615234,4505.897461,4520.512695,4573.717773,4401.922852,4397.94873,4524.102539,4553.077148,4546.025879,4526.282227,4399.487305,4407.692383,4576.794922,4531.538574,4508.333496,4416.922852,4592.05127,4399.102539,4570.897461,4521.538574,4422.692383,4545.897461,4513.589844,2740,0,5,2563,58271,,,,0,4,4,4,4,4,4,4,4,4,4,4,4,4,4,4,4,4,4,4,4,4,4,4,4,4,4,4,4,4,4,4,4,100,,,,,,,,,,,,,,,,,,,,,,,,,,,,,,,,,,,,,,,,,,,,,,,,,,,,,,,,,,,,,,,,,,,,,,,,,,,,,,,,,,,,,,,,,,,,,,,,,,,,,,,,,,,,,,,,,,,,,,,,,,,,,,,,,,,,,,,,,,,,,,,,,,,,,,,,,,,,,,,,,,,,,,,,,,,,,,,,,,,,,,,,,,,,,,,,,,,,,,,,,,,,,,
1764669114.073911,55109,0,4396.282227,4410.769043,4513.333496,4538.717773,4418.461426,4537.692383,4539.615234,4379.871582,4566.410156,4405.897461,4505.769043,4519.871582,4577.05127,4406.666504,4394.743652,4520.641113,4557.307617,4546.282227,4526.666504,4403.717773,4413.205078,4582.820313,4533.333496,4509.743652,4413.461426,4595.769043,4401.153809,4574.487305,4521.025879,4416.025879,4553.077148,4523.846191,2826,0,5,2563,58271,,,,0,4,4,4,4,4,4,4,4,4,4,4,4,4,4,4,4,4,4,4,4,4,4,4,4,4,4,4,4,4,4,4,4,100,,,,,,,,,,,,,,,,,,,,,,,,,,,,,,,,,,,13777,0,0.623664,-0.315674,-0.280579,0.657776,0.996215,-0.058601,0.013674,13.833333,36.166668,-25.833334,,,,,,,,,,,,,,,,,,,,,,,,,,,,,,,,,,,,,,,,,,,,,,,,,,,,,,,,,,,,,,,,,,,,,,,,,,,,,,,,,,,,,,,,,,,,,,,,,,,,,,,,,,,,,,,,,,,,,,,,,,,,,,,,,,,,,,,,,,,,,,,,,,,,,,,,,,,,,,,,
1764669114.077817,55110,0,4395.256348,4411.153809,4520.641113,4540,4420.128418,4539.230957,4541.922852,4382.179688,4562.436035,4411.282227,4502.307617,4514.743652,4578.077148,4407.820313,4390.256348,4513.461426,4556.794922,4544.487305,4524.102539,4406.025879,4414.743652,4586.922852,4531.666504,4513.589844,4410.256348,4597.563965,4404.102539,4577.05127,4519.615234,4409.230957,4556.794922,4534.230957,2809,0,5,2561,58279,,,,0,4,4,4,4,4,4,4,4,4,4,4,4,4,4,4,4,4,4,4,4,4,4,4,4,4,4,4,4,4,4,4,4,100,,,,,,,,,,,,,,,,,,,,,,,,,,,,,,,,,,,,,,,,,,,,,,,,,,,,,,,,,,,,,,,,,,,,,,,,,,,,,,,,,,,,,,,,,,,,,,,,,,,,,,,,,,,,,,,,,,,,,,,,,,,,,,,,,,,,,,,,,,,,,,,,,,,,,,,,,,,,,,,,,,,,,,,,,,,,,,,,,,,,,,,,,,,,,,,,,,,,,,,,,,,,,,
1764669114.081723,55111,0,4394.358887,4413.846191,4526.538574,4538.333496,4419.615234,4539.615234,4546.025879,4388.205078,4561.666504,4415,4501.538574,4511.666504,4579.615234,4407.307617,4392.692383,4513.717773,4556.282227,4548.846191,4525.256348,4409.102539,4416.282227,4590.641113,4531.282227,4520.256348,4410.769043,4599.358887,4408.461426,4579.871582,4519.743652,4407.94873,4556.666504,4542.436035,2986,0,5,2561,58279,,,,0,4,4,4,4,4,4,4,4,4,4,4,4,4,4,4,4,4,4,4,4,4,4,4,4,4,4,4,4,4,4,4,4,100,,,,,,,,,,,,,,,,,,,,,,,,,,,,,,,,,,,,,,,,,,,,,,,,,,,,,,,,,,,,,,,,,,,,,,,,,,,,,,,,,,,,,,,,,,,,,,,,,,,,,,,,,,,,,,,,,,,,,,,,,,,,,,,,,,,,,,,,,,,,,,,,,,,,,,,,,,,,,,,,,,,,,,,,,,,,,,,,,,,,,,,,,,,,,,,,,,,,,,,,,,,,,,
1764669114.085629,55112,0,4396.922852,4419.358887,4531.538574,4537.94873,4421.025879,4542.692383,4554.230957,4397.820313,4567.692383,4417.94873,4507.94873,4516.153809,4584.615234,4408.205078,4405.256348,4527.179688,4561.282227,4563.974121,4536.410156,4416.153809,4421.410156,4597.05127,4536.538574,4529.871582,4414.615234,4602.692383,4414.743652,4585.256348,4523.461426,4415.256348,4556.025879,4546.922852,2890,0,5,2562,58287,,,,0,4,4,4,4,4,4,4,4,4,4,4,4,4,4,4,4,4,4,4,4,4,4,4,4,4,4,4,4,4,4,4,4,100,,,,,,,,,,,,,,,,,,,,,,,,,,,,,,,,,,,,,,,,,,,,,,,,,,,,,,,,,,,,,,,,,,,,,,,,,,,,,,,,,,,,,,,,,,,,,,,,,,,,,,,,,,,,,,,,,,,,,,,,,,,,,,,,,,,,,,,,,,,,,,,,,,,,,,,,,,,,,,,,,,,,,,,,,,,,,,,,,,,,,,,,,,,,,,,,,,,,,,,,,,,,,,
1764669114.089535,55113,0,4402.05127,4424.358887,4534.871582,4539.230957,4424.358887,4548.589844,4563.461426,4407.563965,4578.333496,4420.128418,4519.102539,4526.794922,4591.538574,4409.743652,4422.179688,4547.820313,4571.794922,4585,4555.256348,4426.410156,4429.102539,4605.897461,4545.512695,4538.974121,4417.307617,4605.769043,4421.410156,4592.436035,4529.358887,4426.025879,4557.692383,4546.666504,2766,0,5,2562,58287,,,,0,4,4,4,4,4,4,4,4,4,4,4,4,4,4,4,4,4,4,4,4,4,4,4,4,4,4,4,4,4,4,4,4,100,,,,,,,,,,,,,,,,,,,,,,,,,,,,,,,,,,,13778,0,0.623796,-0.315796,-0.281006,0.65741,1.005982,-0.061531,0.016115,11.5,37.5,-24.333334,,,,,,,,,,,,,,,,,,,,,,,,,,,,,,,,,,,,,,,,,,,,,,,,,,,,,,,,,,,,,,,,,,,,,,,,,,,,,,,,,,,,,,,,,,,,,,,,,,,,,,,,,,,,,,,,,,,,,,,,,,,,,,,,,,,,,,,,,,,,,,,,,,,,,,,,,,,,,,,,
1764669114.093441,55114,0,4405,4423.846191,4535.256348,4538.077148,4424.871582,4552.563965,4566.922852,4411.153809,4586.025879,4419.743652,4526.410156,4534.871582,4594.743652,4408.461426,4431.794922,4562.692383,4580.641113,4600.128418,4570.769043,4433.846191,4433.717773,4612.307617,4551.282227,4542.692383,4414.487305,4604.487305,4424.615234,4596.538574,4533.205078,4430.769043,4560.384766,4540,2428,0,5,2563,58295,,,,0,4,4,4,4,4,4,4,4,4,4,4,4,4,4,4,4,4,4,4,4,4,4,4,4,4,4,4,4,4,4,4,4,100,,,,,,,,,,,,,,,,,,,,,,,,,,,,,,,,,,,,,,,,,,,,,,,,,,,,,,,,,,,,,,,,,,,,,,,,,,,,,,,,,,,,,,,,,,,,,,,,,,,,,,,,,,,,,,,,,,,,,,,,,,,,,,,,,,,,,,,,,,,,,,,,,,,,,,,,,,,,,,,,,,,,,,,,,,,,,,,,,,,,,,,,,,,,,,,,,,,,,,,,,,,,,,
1764669114.097347,55115,0,4400.897461,4415.384766,4530.897461,4530.897461,4417.179688,4548.461426,4560.128418,4405.128418,4584.102539,4414.102539,4522.820313,4532.179688,4589.871582,4402.436035,4426.410156,4562.436035,4580,4598.974121,4570.769043,4432.179688,4429.615234,4610.512695,4547.436035,4537.563965,4407.05127,4596.282227,4421.153809,4592.563965,4531.153809,4424.358887,4560.897461,4527.820313,2704,0,5,2563,58295,,,,0,4,4,4,4,4,4,4,4,4,4,4,4,4,4,4,4,4,4,4,4,4,4,4,4,4,4,4,4,4,4,4,4,100,,,,,,,,,,,,,,,,,,,,,,,,,,,,,,,,,,,,,,,,,,,,,,,,,,,,,,,,,,,,,,,,,,,,,,,,,,,,,,,,,,,,,,,,,,,,,,,,,,,,,,,,,,,,,,,,,,,,,,,,,,,,,,,,,,,,,,,,,,,,,,,,,,,,,,,,,,,,,,,,,,,,,,,,,,,,,,,,,,,,,,,,,,,,,,,,,,,,,,,,,,,,,,
1764669114.101253,55116,0,4390.256348,4401.922852,4521.410156,4518.589844,4401.282227,4535.897461,4544.487305,4391.794922,4572.05127,4401.794922,4508.974121,4518.333496,4577.436035,4393.333496,4407.179688,4548.205078,4567.307617,4580,4551.410156,4419.487305,4415.384766,4598.205078,4533.974121,4523.589844,4400.641113,4582.563965,4411.153809,4579.743652,4523.205078,4410.384766,4556.666504,4513.589844,2465,0,5,2564,58302,,,,0,4,4,4,4,4,4,4,4,4,4,4,4,4,4,4,4,4,4,4,4,4,4,4,4,4,4,4,4,4,4,4,4,100,,,,,,,,,,,,,,,,,,,,,,,,,,,,,,,,,,,,,,,,,,,,,,,,,,,,,,,,,,,,,,,,,,,,,,,,,,,,,,,,,,,,,,,,,,,,,,,,,,,,,,,,,,,,,,,,,,,,,,,,,,,,,,,,,,,,,,,,,,,,,,,,,,,,,,,,,,,,,,,,,,,,,,,,,,,,,,,,,,,,,,,,,,,,,,,,,,,,,,,,,,,,,,
1764669114.105159,55117,0,4377.307617,4388.717773,4506.794922,4504.871582,4382.436035,4519.615234,4526.666504,4376.153809,4555.256348,4383.974121,4491.794922,4499.358887,4562.436035,4385.128418,4383.205078,4527.436035,4546.410156,4550.128418,4520.256348,4399.487305,4393.717773,4577.05127,4515.384766,4503.589844,4399.358887,4567.436035,4396.282227,4561.282227,4512.692383,4397.05127,4546.922852,4501.282227,2233,0,5,2564,58302,,,,0,4,4,4,4,4,4,4,4,4,4,4,4,4,4,4,4,4,4,4,4,4,4,4,4,4,4,4,4,4,4,4,4,100,,,,,,,,,,,,,,,,,,,,,,,,,,,,,,,,,,,13779,0,0.623697,-0.316101,-0.281311,0.657227,1.015261,-0.070321,0.027835,14,37.166668,-26.833334,,,,,,,,,,,,,,,,,,,,,,,,,,,,,,,,,,,,,,,,,,,,,,,,,,,,,,,,,,,,,,,,,,,,,,,,,,,,,,,,,,,,,,,,,,,,,,,,,,,,,,,,,,,,,,,,,,,,,,,,,,,,,,,,,,,,,,,,,,,,,,,,,,,,,,,,,,,,,,,,
1764669114.109065,55118,0,4365.897461,4379.102539,4488.333496,4492.820313,4366.794922,4505.512695,4512.05127,4361.538574,4540,4363.717773,4478.589844,4483.077148,4548.974121,4380,4362.94873,4506.538574,4523.846191,4518.077148,4489.102539,4377.94873,4369.102539,4551.282227,4497.179688,4481.025879,4400,4555,4378.333496,4541.025879,4503.077148,4388.077148,4531.025879,4491.410156,2721,0,5,2565,58310,,,,0,4,4,4,4,4,4,4,4,4,4,4,4,4,4,4,4,4,4,4,4,4,4,4,4,4,4,4,4,4,4,4,4,100,,,,,,,,,,,,,,,,,,,,,,,,,,,,,,,,,,,,,,,,,,,,,,,,,,,,,,,,,,,,,,,,,,,,,,,,,,,,,,,,,,,,,,,,,,,,,,,,,,,,,,,,,,,,,,,,,,,,,,,,,,,,,,,,,,,,,,,,,,,,,,,,,,,,,,,,,,,,,,,,,,,,,,,,,,,,,,,,,,,,,,,,,,,,,,,,,,,,,,,,,,,,,,
1764669114.112971,55119,0,4356.794922,4372.820313,4468.974121,4484.230957,4357.563965,4496.538574,4501.922852,4348.974121,4529.615234,4346.153809,4471.282227,4473.333496,4538.461426,4377.05127,4349.743652,4486.794922,4505.641113,4490.384766,4467.179688,4359.871582,4346.410156,4527.05127,4482.692383,4460.128418,4395.897461,4546.794922,4360.256348,4522.94873,4495.512695,4380.512695,4509.358887,4481.666504,2431,0,5,2565,58310,,,,0,4,4,4,4,4,4,4,4,4,4,4,4,4,4,4,4,4,4,4,4,4,4,4,4,4,4,4,4,4,4,4,4,100,,,,,,,,,,,,,,,,,,,,,,,,,,,,,,,,,,,,,,,,,,,,,,,,,,,,,,,,,,,,,,,,,,,,,,,,,,,,,,,,,,,,,,,,,,,,,,,,,,,,,,,,,,,,,,,,,,,,,,,,,,,,,,,,,,,,,,,,,,,,,,,,,,,,,,,,,,,,,,,,,,,,,,,,,,,,,,,,,,,,,,,,,,,,,,,,,,,,,,,,,,,,,,
1764669114.116877,55120,0,4351.025879,4370.128418,4455.512695,4481.666504,4356.794922,4493.333496,4496.153809,4341.282227,4525.384766,4339.487305,4469.358887,4471.410156,4531.922852,4375,4343.717773,4469.230957,4496.282227,4471.922852,4458.205078,4349.615234,4332.307617,4511.410156,4474.487305,4447.436035,4384.871582,4544.743652,4347.563965,4512.179688,4491.410156,4372.179688,4487.179688,4471.410156,2869,0,5,2566,58318,,,,0,4,4,4,4,4,4,4,4,4,4,4,4,4,4,4,4,4,4,4,4,4,4,4,4,4,4,4,4,4,4,4,4,100,,,,,,,,,,,,,,,,,,,,,,,,,,,,,,,,,,,,,,,,,,,,,,,,,,,,,,,,,,,,,,,,,,,,,,,,,,,,,,,,,,,,,,,,,,,,,,,,,,,,,,,,,,,,,,,,,,,,,,,,,,,,,,,,,,,,,,,,,,,,,,,,,,,,,,,,,,,,,,,,,,,,,,,,,,,,,,,,,,,,,,,,,,,,,,,,,,,,,,,,,,,,,,
1764669114.120783,55121,0,4352.307617,4373.461426,4456.282227,4488.717773,4366.282227,4497.692383,4497.436035,4344.230957,4529.487305,4350.256348,4473.333496,4478.461426,4532.563965,4374.615234,4345.512695,4457.692383,4499.487305,4467.307617,4462.05127,4351.282227,4333.205078,4511.282227,4476.282227,4449.487305,4374.358887,4551.282227,4347.563965,4514.743652,4493.461426,4367.436035,4476.153809,4466.922852,2895,0,5,2566,58318,,,,0,4,4,4,4,4,4,4,4,4,4,4,4,4,4,4,4,4,4,4,4,4,4,4,4,4,4,4,4,4,4,4,4,100,,,,,,,,,,,,,,,,,,,,,,,,,,,,,,,,,,,13780,0,0.623641,-0.316284,-0.281372,0.657166,0.993285,-0.072763,0.036626,14.166667,36.166668,-24.5,,,,,,,,,,,,,,,,,,,,,,,,,,,,,,,,,,,,,,,,,,,,,,,,,,,,,,,,,,,,,,,,,,,,,,,,,,,,,,,,,,,,,,,,,,,,,,,,,,,,,,,,,,,,,,,,,,,,,,,,,,,,,,,,,,,,,,,,,,,,,,,,,,,,,,,,,,,,,,,,
1764669114.124689,55122,0,4364.358887,4385.769043,4475.512695,4505.769043,4385.897461,4511.025879,4509.871582,4361.025879,4543.589844,4377.436035,4485.384766,4494.615234,4543.333496,4378.205078,4356.794922,4458.205078,4516.410156,4478.717773,4475.769043,4365.641113,4351.025879,4528.974121,4490.512695,4468.717773,4375.384766,4567.563965,4364.358887,4532.94873,4503.974121,4374.230957,4486.410156,4476.922852,1775,0,5,2567,58326,,,,0,4,4,4,4,4,4,4,4,4,4,4,4,4,4,4,4,4,4,4,4,4,4,4,4,4,4,4,4,4,4,4,4,100,,,,,,,,,,,,,,,,,,,,,,,,,,,,,,,,,,,,,,,,,,,,,,,,,,,,,,,,,,,,,,,,,,,,,,,,,,,,,,,,,,,,,,,,,,,,,,,,,,,,,,,,,,,,,,,,,,,,,,,,,,,,,,,,,,,,,,,,,,,,,,,,,,,,,,,,,,,,,,,,,,,,,,,,,,,,,,,,,,,,,,,,,,,,,,,,,,,,,,,,,,,,,,
1764669114.128595,55123,0,4385.512695,4405.769043,4507.307617,4527.436035,4411.025879,4531.410156,4532.820313,4387.05127,4565.128418,4408.461426,4503.846191,4516.922852,4563.077148,4386.666504,4376.538574,4473.589844,4542.820313,4502.692383,4494.358887,4388.205078,4379.358887,4558.846191,4514.358887,4498.846191,4393.077148,4589.102539,4392.94873,4561.538574,4521.025879,4395,4517.692383,4503.846191,2725,0,5,2567,58326,,,,0,4,4,4,4,4,4,4,4,4,4,4,4,4,4,4,4,4,4,4,4,4,4,4,4,4,4,4,4,4,4,4,4,100,,,,,,,,,,,,,,,,,,,,,,,,,,,,,,,,,,,,,,,,,,,,,,,,,,,,,,,,,,,,,,,,,,,,,,,,,,,,,,,,,,,,,,,,,,,,,,,,,,,,,,,,,,,,,,,,,,,,,,,,,,,,,,,,,,,,,,,,,,,,,,,,,,,,,,,,,,,,,,,,,,,,,,,,,,,,,,,,,,,,,,,,,,,,,,,,,,,,,,,,,,,,,,
1764669114.132501,55124,0,4407.563965,4426.282227,4537.692383,4543.974121,4431.410156,4551.282227,4557.94873,4411.025879,4586.410156,4427.436035,4521.794922,4538.333496,4583.717773,4396.666504,4398.205078,4499.230957,4568.974121,4530.384766,4511.922852,4410,4406.153809,4587.820313,4539.358887,4526.666504,4420.897461,4606.794922,4420.769043,4588.589844,4537.820313,4422.05127,4556.410156,4538.717773,2585,0,5,2568,58334,,,,0,4,4,4,4,4,4,4,4,4,4,4,4,4,4,4,4,4,4,4,4,4,4,4,4,4,4,4,4,4,4,4,4,100,,,,,,,,,,,,,,,,,,,,,,,,,,,,,,,,,,,,,,,,,,,,,,,,,,,,,,,,,,,,,,,,,,,,,,,,,,,,,,,,,,,,,,,,,,,,,,,,,,,,,,,,,,,,,,,,,,,,,,,,,,,,,,,,,,,,,,,,,,,,,,,,,,,,,,,,,,,,,,,,,,,,,,,,,,,,,,,,,,,,,,,,,,,,,,,,,,,,,,,,,,,,,,
1764669114.136407,55125,0,4419.615234,4438.077148,4553.333496,4548.974121,4437.94873,4561.666504,4573.077148,4421.666504,4598.077148,4425.512695,4529.615234,4549.615234,4594.871582,4402.179688,4412.179688,4524.230957,4583.717773,4550.897461,4523.461426,4422.307617,4420.769043,4602.307617,4554.615234,4539.102539,4443.846191,4612.179688,4435.256348,4601.922852,4545.769043,4441.153809,4583.461426,4564.871582,2791,0,5,2568,58334,,,,0,4,4,4,4,4,4,4,4,4,4,4,4,4,4,4,4,4,4,4,4,4,4,4,4,4,4,4,4,4,4,4,4,100,,,,,,,,,,,,,,,,,,,,,,,,,,,,,,,,,,,13781,0,0.623581,-0.316528,-0.281372,0.657104,0.969357,-0.063973,0.034184,12.333333,37.5,-26.833334,,,,,,,,,,,,,,,,,,,,,,,,,,,,,,,,,,,,,,,,,,,,,,,,,,,,,,,,,,,,,,,,,,,,,,,,,,,,,,,,,,,,,,,,,,,,,,,,,,,,,,,,,,,,,,,,,,,,,,,,,,,,,,,,,,,,,,,,,,,,,,,,,,,,,,,,,,,,,,,,
1764669114.140313,55126,0,4416.153809,4435.256348,4549.871582,4543.717773,4428.846191,4557.820313,4570.897461,4415.512695,4595.769043,4407.563965,4522.94873,4546.410156,4590.512695,4399.358887,4411.794922,4537.179688,4581.794922,4557.179688,4526.282227,4420.897461,4420.384766,4597.563965,4554.358887,4532.307617,4448.461426,4603.205078,4431.410156,4597.307617,4541.410156,4442.820313,4586.794922,4569.871582,2905,0,5,2565,58342,,,,0,4,4,4,4,4,4,4,4,4,4,4,4,4,4,4,4,4,4,4,4,4,4,4,4,4,4,4,4,4,4,4,4,100,,,,,,,,,,,,,,,,,,,,,,,,,,,,,,,,,,,,,,,,,,,,,,,,,,,,,,,,,,,,,,,,,,,,,,,,,,,,,,,,,,,,,,,,,,,,,,,,,,,,,,,,,,,,,,,,,,,,,,,,,,,,,,,,,,,,,,,,,,,,,,,,,,,,,,,,,,,,,,,,,,,,,,,,,,,,,,,,,,,,,,,,,,,,,,,,,,,,,,,,,,,,,,
1764669114.144219,55127,0,4401.794922,4420.897461,4534.615234,4535.128418,4411.666504,4543.974121,4555.256348,4399.102539,4583.205078,4388.589844,4506.538574,4532.307617,4575.128418,4390.641113,4398.589844,4533.846191,4567.436035,4549.230957,4520.769043,4408.717773,4410.769043,4580.512695,4541.410156,4513.589844,4432.94873,4586.666504,4415.384766,4580.769043,4528.333496,4428.974121,4568.717773,4553.974121,2832,0,5,2565,58342,,,,0,4,4,4,4,4,4,4,4,4,4,4,4,4,4,4,4,4,4,4,4,4,4,4,4,4,4,4,4,4,4,4,4,100,,,,,,,,,,,,,,,,,,,,,,,,,,,,,,,,,,,,,,,,,,,,,,,,,,,,,,,,,,,,,,,,,,,,,,,,,,,,,,,,,,,,,,,,,,,,,,,,,,,,,,,,,,,,,,,,,,,,,,,,,,,,,,,,,,,,,,,,,,,,,,,,,,,,,,,,,,,,,,,,,,,,,,,,,,,,,,,,,,,,,,,,,,,,,,,,,,,,,,,,,,,,,,
1764669114.148125,55128,0,4387.820313,4405.384766,4520.897461,4530.256348,4398.205078,4530.384766,4538.077148,4384.615234,4569.487305,4382.820313,4491.025879,4517.436035,4560.641113,4382.820313,4381.922852,4519.615234,4551.538574,4534.358887,4511.153809,4394.102539,4401.538574,4565,4526.410156,4496.538574,4409.358887,4573.333496,4399.743652,4564.615234,4515.512695,4412.05127,4543.974121,4529.871582,2701,0,5,2562,58349,,,,0,4,4,4,4,4,4,4,4,4,4,4,4,4,4,4,4,4,4,4,4,4,4,4,4,4,4,4,4,4,4,4,4,100,,,,,,,,,,,,,,,,,,,,,,,,,,,,,,,,,,,,,,,,,,,,,,,2.962581,3.544635,1.917939,1.555904,1.56977,4.346529,2.93356,2.191463,1.539261,1.783855,3.935835,5.258003,4.06756,2.622929,2.298412,2.553114,2.274082,3.60006,1.400295,1.984613,2.94599,2.471424,3.637141,1.597252,1.809933,3.766054,2.085426,1.852974,1.267199,1.566651,2.972488,3.276276,3.037018,1.669121,1.790148,2.112789,2.199689,3.582991,1.256307,2.183333,2.249786,1.877811,2.889278,1.968073,2.11029,3.818199,1.546435,2.355438,2.767473,2.878419,2.063829,1.739931,2.290575,1.033264,1.224517,3.735708,2.06453,2.332094,1.383252,1.533462,1.887253,2.532933,1.956159,1.461397,1.523037,1.198889,1.465726,1.095947,1.122856,0.999288,1.80672,1.297053,2.055125,1.615028,1.362172,2.451007,3.689718,2.422267,2.082057,1.829196,3.368822,3.594403,2.493173,1.758551,1.845071,3.18648,5.972363,3.492127,2.145384,2.328082,3.336939,4.602912,2.932991,1.221149,1.693671,1.786597,3.328631,1.93942,1.439378,1.459749,3.489916,4.827159,2.807654,1.340942,1.44472,3.644029,4.113265,2.491907,2.199646,1.863616,2.891309,3.20458,1.861357,1.624515,1.73765,4.274851,4.125357,2.298436,1.841896,1.80601,11.282841,5.409706,8.221199,3.286826,5.109312,4.036278,2.803922,3.134385,1.453247,1.315502,4.152548,3.747331,3.109388,2.042561,1.957553,4.20273,3.594236,2.479659,1.809351,1.967444,2.211063,1.323868,1.010217,0.761559,0.72138,4.160443,3.002086,3.237435,2.198106,1.747638,6.053934,4.571024,4.876433,1.976456,2.233802,4.695963,4.273527,4.438347,2.140269,2.673907
1764669114.152031,55129,0,4383.846191,4398.589844,4518.974121,4531.538574,4394.615234,4526.153809,4531.025879,4380.641113,4562.307617,4393.077148,4485.512695,4511.282227,4557.307617,4381.538574,4371.922852,4505.256348,4543.846191,4523.333496,4504.230957,4385.897461,4399.487305,4561.666504,4519.615234,4491.922852,4393.974121,4570.769043,4394.487305,4558.974121,4510.769043,4404.230957,4529.358887,4513.461426,2868,0,5,2562,58349,,,,0,4,4,4,4,4,4,4,4,4,4,4,4,4,4,4,4,4,4,4,4,4,4,4,4,4,4,4,4,4,4,4,4,100,,,,,,,,,,,,,,,,,,,,,,,,,,,,,,,,,,,13782,0,0.623505,-0.316895,-0.281555,0.656921,0.992797,-0.072763,0.030765,13.833333,37.333332,-25.833334,,,,,,,,,,,,,,,,,,,,,,,,,,,,,,,,,,,,,,,,,,,,,,,,,,,,,,,,,,,,,,,,,,,,,,,,,,,,,,,,,,,,,,,,,,,,,,,,,,,,,,,,,,,,,,,,,,,,,,,,,,,,,,,,,,,,,,,,,,,,,,,,,,,,,,,,,,,,,,,,
1764669114.155937,55130,0,4391.025879,4403.717773,4528.333496,4536.025879,4398.974121,4533.333496,4537.563965,4387.05127,4563.461426,4410.384766,4491.538574,4515.769043,4565.897461,4386.922852,4372.436035,4500.512695,4547.05127,4523.589844,4505.769043,4388.461426,4405.641113,4570.897461,4523.846191,4500.769043,4396.922852,4578.846191,4400.512695,4565.256348,4515.384766,4408.589844,4531.666504,4512.692383,1809,0,5,2304,58357,,,,0,4,4,4,4,4,4,4,4,4,4,4,4,4,4,4,4,4,4,4,4,4,4,4,4,4,4,4,4,4,4,4,4,100,,,,,,,,,,,,,,,,,,,,,,,,,,,,,,,,,,,,,,,,,,,,,,,,,,,,,,,,,,,,,,,,,,,,,,,,,,,,,,,,,,,,,,,,,,,,,,,,,,,,,,,,,,,,,,,,,,,,,,,,,,,,,,,,,,,,,,,,,,,,,,,,,,,,,,,,,,,,,,,,,,,,,,,,,,,,,,,,,,,,,,,,,,,,,,,,,,,,,,,,,,,,,,
1764669114.159843,55131,0,4402.692383,4415.128418,4539.487305,4539.102539,4404.871582,4545.769043,4551.922852,4396.794922,4569.102539,4422.05127,4502.820313,4525.128418,4579.102539,4395.897461,4380.897461,4507.307617,4556.025879,4534.615234,4516.538574,4398.717773,4415.384766,4584.358887,4533.846191,4514.871582,4415.512695,4590.384766,4410.128418,4577.05127,4524.487305,4418.589844,4544.358887,4523.333496,2427,0,5,2304,58357,,,,0,4,4,4,4,4,4,4,4,4,4,4,4,4,4,4,4,4,4,4,4,4,4,4,4,4,4,4,4,4,4,4,4,100,,,,,,,,,,,,,,,,,,,,,,,,,,,,,,,,,,,,,,,,,,,,,,,,,,,,,,,,,,,,,,,,,,,,,,,,,,,,,,,,,,,,,,,,,,,,,,,,,,,,,,,,,,,,,,,,,,,,,,,,,,,,,,,,,,,,,,,,,,,,,,,,,,,,,,,,,,,,,,,,,,,,,,,,,,,,,,,,,,,,,,,,,,,,,,,,,,,,,,,,,,,,,,
1764669114.163749,55132,0,4410.256348,4424.102539,4540.897461,4537.563965,4408.077148,4554.102539,4563.589844,4401.666504,4574.102539,4421.922852,4510.641113,4531.282227,4587.94873,4404.358887,4391.922852,4520.897461,4563.717773,4549.358887,4530.128418,4408.461426,4422.692383,4592.307617,4541.025879,4524.487305,4438.461426,4596.410156,4413.589844,4584.487305,4530.512695,4424.102539,4552.820313,4533.205078,2593,0,5,768,58365,,,,0,4,4,4,4,4,4,4,4,4,4,4,4,4,4,4,4,4,4,4,4,4,4,4,4,4,4,4,4,4,4,4,4,100,,,,,,,,,,,,,,,,,,,,,,,,,,,,,,,,,,,,,,,,,,,,,,,,,,,,,,,,,,,,,,,,,,,,,,,,,,,,,,,,,,,,,,,,,,,,,,,,,,,,,,,,,,,,,,,,,,,,,,,,,,,,,,,,,,,,,,,,,,,,,,,,,,,,,,,,,,,,,,,,,,,,,,,,,,,,,,,,,,,,,,,,,,,,,,,,,,,,,,,,,,,,,,
1764669114.167655,55133,0,4408.205078,4423.461426,4526.922852,4531.025879,4408.077148,4552.563965,4564.743652,4397.05127,4574.230957,4412.179688,4510.641113,4529.102539,4587.94873,4409.487305,4400.641113,4533.333496,4565.512695,4559.358887,4537.820313,4409.230957,4422.692383,4590.128418,4539.871582,4523.846191,4452.692383,4592.307617,4405.897461,4581.922852,4528.846191,4419.358887,4546.282227,4530.512695,2452,0,5,768,58365,,,,0,4,4,4,4,4,4,4,4,4,4,4,4,4,4,4,4,4,4,4,4,4,4,4,4,4,4,4,4,4,4,4,4,100,,,,,,,,,,,,,,,,,,,,,,,,,,,,,,,,,,,13783,0,0.623543,-0.3172,-0.281982,0.656555,0.993285,-0.065926,0.018557,14.833333,37.5,-24.666666,,,,,,,,,,,,,,,,,,,,,,,,,,,,,,,,,,,,,,,,,,,,,,,,,,,,,,,,,,,,,,,,,,,,,,,,,,,,,,,,,,,,,,,,,,,,,,,,,,,,,,,,,,,,,,,,,,,,,,,,,,,,,,,,,,,,,,,,,,,,,,,,,,,,,,,,,,,,,,,,
1764669114.171561,55134,0,4397.436035,4412.820313,4501.538574,4520.641113,4406.794922,4541.922852,4555,4384.358887,4568.974121,4399.230957,4504.230957,4518.974121,4580.256348,4409.487305,4404.102539,4538.461426,4561.410156,4560.641113,4534.871582,4398.589844,4412.94873,4580.512695,4531.282227,4514.102539,4447.94873,4580,4390.256348,4570.769043,4520.769043,4406.538574,4525.512695,4512.820313,2707,0,5,512,58373,,,,0,4,4,4,4,4,4,4,4,4,4,4,4,4,4,4,4,4,4,4,4,4,4,4,4,4,4,4,4,4,4,4,4,100,,,,,,,,,,,,,,,,,,,,,,,,,,,,,,,,,,,,,,,,,,,,,,,,,,,,,,,,,,,,,,,,,,,,,,,,,,,,,,,,,,,,,,,,,,,,,,,,,,,,,,,,,,,,,,,,,,,,,,,,,,,,,,,,,,,,,,,,,,,,,,,,,,,,,,,,,,,,,,,,,,,,,,,,,,,,,,,,,,,,,,,,,,,,,,,,,,,,,,,,,,,,,,
1764669114.175467,55135,0,4384.358887,4397.94873,4476.794922,4509.487305,4405.384766,4528.717773,4541.153809,4370.641113,4560.512695,4388.461426,4497.05127,4506.794922,4570.512695,4403.846191,4401.153809,4534.230957,4554.487305,4554.102539,4524.230957,4381.666504,4395.384766,4570.641113,4520.897461,4501.410156,4420.897461,4566.153809,4375.512695,4558.974121,4511.666504,4393.974121,4503.205078,4489.358887,2710,0,5,512,58373,,,,0,4,4,4,4,4,4,4,4,4,4,4,4,4,4,4,4,4,4,4,4,4,4,4,4,4,4,4,4,4,4,4,4,100,,,,,,,,,,,,,,,,,,,,,,,,,,,,,,,,,,,,,,,,,,,,,,,,,,,,,,,,,,,,,,,,,,,,,,,,,,,,,,,,,,,,,,,,,,,,,,,,,,,,,,,,,,,,,,,,,,,,,,,,,,,,,,,,,,,,,,,,,,,,,,,,,,,,,,,,,,,,,,,,,,,,,,,,,,,,,,,,,,,,,,,,,,,,,,,,,,,,,,,,,,,,,,
1764669114.179373,55136,0,4377.436035,4388.077148,4466.282227,4501.794922,4405,4521.025879,4532.692383,4363.717773,4553.205078,4383.589844,4494.743652,4499.871582,4564.615234,4394.615234,4393.717773,4522.692383,4548.846191,4544.102539,4513.077148,4369.615234,4376.538574,4566.794922,4515.769043,4493.461426,4380.128418,4558.974121,4371.025879,4555.128418,4507.820313,4390.512695,4494.743652,4474.743652,2790,0,5,256,58381,,,,0,4,4,4,4,4,4,4,4,4,4,4,4,4,4,4,4,4,4,4,4,4,4,4,4,4,4,4,4,4,4,4,4,100,,,,,,,,,,,,,,,,,,,,,,,,,,,,,,,,,,,,,,,,,,,,,,,,,,,,,,,,,,,,,,,,,,,,,,,,,,,,,,,,,,,,,,,,,,,,,,,,,,,,,,,,,,,,,,,,,,,,,,,,,,,,,,,,,,,,,,,,,,,,,,,,,,,,,,,,,,,,,,,,,,,,,,,,,,,,,,,,,,,,,,,,,,,,,,,,,,,,,,,,,,,,,,
1764669114.183279,55137,0,4381.025879,4389.102539,4475.769043,4501.538574,4405.897461,4522.94873,4535.256348,4367.307617,4550.384766,4385.769043,4498.461426,4502.05127,4565.128418,4385.641113,4385.512695,4508.461426,4547.563965,4534.871582,4508.205078,4370.897461,4365.256348,4570.384766,4518.974121,4494.487305,4343.589844,4562.307617,4380.384766,4562.563965,4511.282227,4398.333496,4506.922852,4477.820313,2881,0,5,256,58381,,,,0,4,4,4,4,4,4,4,4,4,4,4,4,4,4,4,4,4,4,4,4,4,4,4,4,4,4,4,4,4,4,4,4,100,,,,,,,,,,,,,,,,,,,,,,,,,,,,,,,,,,,13784,0,0.62351,-0.317444,-0.282349,0.656311,0.993285,-0.065926,0.018557,12.166667,37,-25.833334,,,,,,,,,,,,,,,,,,,,,,,,,,,,,,,,,,,,,,,,,,,,,,,,,,,,,,,,,,,,,,,,,,,,,,,,,,,,,,,,,,,,,,,,,,,,,,,,,,,,,,,,,,,,,,,,,,,,,,,,,,,,,,,,,,,,,,,,,,,,,,,,,,,,,,,,,,,,,,,,
1764669114.187185,55138,0,4392.179688,4399.230957,4498.846191,4509.230957,4407.563965,4531.922852,4545.897461,4378.461426,4552.05127,4392.820313,4504.358887,4510.769043,4569.871582,4380.897461,4380.384766,4497.563965,4550.512695,4529.871582,4511.538574,4385.256348,4367.692383,4577.563965,4527.94873,4503.589844,4330.512695,4573.589844,4398.717773,4576.794922,4519.102539,4412.307617,4532.563965,4495.641113,2669,0,5,512,58388,,,,0,4,4,4,4,4,4,4,4,4,4,4,4,4,4,4,4,4,4,4,4,4,4,4,4,4,4,4,4,4,4,4,4,100,,,,,,,,,,,,,,,,,,,,,,,,,,,,,,,,,,,,,,,,,,,,,,,,,,,,,,,,,,,,,,,,,,,,,,,,,,,,,,,,,,,,,,,,,,,,,,,,,,,,,,,,,,,,,,,,,,,,,,,,,,,,,,,,,,,,,,,,,,,,,,,,,,,,,,,,,,,,,,,,,,,,,,,,,,,,,,,,,,,,,,,,,,,,,,,,,,,,,,,,,,,,,,
1764669114.191091,55139,0,4403.205078,4411.410156,4521.153809,4521.794922,4410.256348,4541.282227,4556.282227,4390.512695,4556.025879,4400,4507.179688,4519.487305,4574.487305,4381.794922,4380.512695,4495.512695,4555,4531.282227,4520.641113,4404.230957,4383.717773,4582.94873,4537.05127,4514.871582,4348.717773,4586.282227,4416.025879,4588.717773,4526.153809,4424.230957,4557.307617,4516.282227,2838,0,5,512,58388,,,,0,4,4,4,4,4,4,4,4,4,4,4,4,4,4,4,4,4,4,4,4,4,4,4,4,4,4,4,4,4,4,4,4,100,,,,,,,,,,,,,,,,,,,,,,,,,,,,,,,,,,,,,,,,,,,,,,,,,,,,,,,,,,,,,,,,,,,,,,,,,,,,,,,,,,,,,,,,,,,,,,,,,,,,,,,,,,,,,,,,,,,,,,,,,,,,,,,,,,,,,,,,,,,,,,,,,,,,,,,,,,,,,,,,,,,,,,,,,,,,,,,,,,,,,,,,,,,,,,,,,,,,,,,,,,,,,,
1764669114.194997,55140,0,4408.717773,4419.487305,4531.666504,4533.974121,4414.615234,4547.05127,4560.897461,4399.102539,4561.538574,4403.846191,4506.025879,4524.230957,4577.179688,4387.820313,4386.666504,4504.487305,4559.487305,4540.128418,4531.282227,4417.94873,4406.538574,4585,4542.563965,4523.077148,4388.974121,4595.256348,4424.615234,4592.692383,4529.358887,4430,4570.384766,4528.974121,2724,0,5,768,58396,,,,0,4,4,4,4,4,4,4,4,4,4,4,4,4,4,4,4,4,4,4,4,4,4,4,4,4,4,4,4,4,4,4,4,100,,,,,,,,,,,,,,,,,,,,,,,,,,,,,,,,,,,,,,,,,,,,,,,,,,,,,,,,,,,,,,,,,,,,,,,,,,,,,,,,,,,,,,,,,,,,,,,,,,,,,,,,,,,,,,,,,,,,,,,,,,,,,,,,,,,,,,,,,,,,,,,,,,,,,,,,,,,,,,,,,,,,,,,,,,,,,,,,,,,,,,,,,,,,,,,,,,,,,,,,,,,,,,
1764669114.198903,55141,0,4409.358887,4422.692383,4530.769043,4542.820313,4421.410156,4549.487305,4560.641113,4404.487305,4569.358887,4405.256348,4505,4526.282227,4579.487305,4397.179688,4397.307617,4521.794922,4564.102539,4554.230957,4540,4422.05127,4427.436035,4586.153809,4545,4526.153809,4429.743652,4600.256348,4424.487305,4590.384766,4529.743652,4431.666504,4570.897461,4532.307617,2815,0,5,768,58396,,,,0,4,4,4,4,4,4,4,4,4,4,4,4,4,4,4,4,4,4,4,4,4,4,4,4,4,4,4,4,4,4,4,4,100,,,,,,,,,,,,,,,,,,,,,,,,,,,,,,,,,,,13785,0,0.623557,-0.317566,-0.282532,0.656128,0.995727,-0.062019,0.018069,12.166667,37.833332,-25.333334,,,,,,,,,,,,,,,,,,,,,,,,,,,,,,,,,,,,,,,,,,,,,,,,,,,,,,,,,,,,,,,,,,,,,,,,,,,,,,,,,,,,,,,,,,,,,,,,,,,,,,,,,,,,,,,,,,,,,,,,,,,,,,,,,,,,,,,,,,,,,,,,,,,,,,,,,,,,,,,,
1764669114.202809,55142,0,4409.358887,4424.487305,4527.820313,4547.94873,4429.230957,4551.153809,4559.487305,4408.717773,4580,4406.794922,4508.205078,4529.102539,4583.589844,4406.538574,4408.333496,4539.615234,4569.871582,4568.205078,4544.102539,4418.717773,4438.846191,4590.256348,4546.922852,4526.025879,4450.897461,4603.333496,4421.025879,4587.179688,4529.871582,4432.692383,4565.641113,4532.179688,2795,0,5,1024,58404,,,,0,4,4,4,4,4,4,4,4,4,4,4,4,4,4,4,4,4,4,4,4,4,4,4,4,4,4,4,4,4,4,4,4,100,,,,,,,,,,,,,,,,,,,,,,,,,,,,,,,,,,,,,,,,,,,,,,,,,,,,,,,,,,,,,,,,,,,,,,,,,,,,,,,,,,,,,,,,,,,,,,,,,,,,,,,,,,,,,,,,,,,,,,,,,,,,,,,,,,,,,,,,,,,,,,,,,,,,,,,,,,,,,,,,,,,,,,,,,,,,,,,,,,,,,,,,,,,,,,,,,,,,,,,,,,,,,,
1764669114.206715,55143,0,4410.641113,4426.922852,4531.538574,4551.153809,4434.230957,4553.333496,4559.743652,4412.307617,4590.512695,4409.230957,4514.743652,4533.974121,4588.589844,4412.820313,4415.256348,4549.743652,4575.641113,4575.897461,4542.05127,4413.205078,4437.179688,4597.820313,4549.487305,4525.769043,4447.436035,4605.128418,4418.846191,4587.436035,4530.641113,4433.333496,4561.282227,4534.615234,2970,0,5,1024,58404,,,,0,4,4,4,4,4,4,4,4,4,4,4,4,4,4,4,4,4,4,4,4,4,4,4,4,4,4,4,4,4,4,4,4,100,,,,,,,,,,,,,,,,,,,,,,,,,,,,,,,,,,,,,,,,,,,,,,,,,,,,,,,,,,,,,,,,,,,,,,,,,,,,,,,,,,,,,,,,,,,,,,,,,,,,,,,,,,,,,,,,,,,,,,,,,,,,,,,,,,,,,,,,,,,,,,,,,,,,,,,,,,,,,,,,,,,,,,,,,,,,,,,,,,,,,,,,,,,,,,,,,,,,,,,,,,,,,,
1764669114.210621,55144,0,4411.410156,4428.846191,4542.05127,4554.102539,4432.94873,4554.230957,4559.743652,4414.102539,4596.922852,4412.179688,4519.487305,4538.077148,4591.538574,4414.230957,4416.025879,4549.102539,4578.589844,4574.102539,4534.487305,4409.102539,4424.230957,4604.615234,4551.153809,4525.897461,4430.641113,4604.230957,4417.94873,4590,4530.769043,4430.897461,4559.871582,4540.384766,2876,0,5,1280,58412,,,,0,4,4,4,4,4,4,4,4,4,4,4,4,4,4,4,4,4,4,4,4,4,4,4,4,4,4,4,4,4,4,4,4,100,,,,,,,,,,,,,,,,,,,,,,,,,,,,,,,,,,,,,,,,,,,,,,,,,,,,,,,,,,,,,,,,,,,,,,,,,,,,,,,,,,,,,,,,,,,,,,,,,,,,,,,,,,,,,,,,,,,,,,,,,,,,,,,,,,,,,,,,,,,,,,,,,,,,,,,,,,,,,,,,,,,,,,,,,,,,,,,,,,,,,,,,,,,,,,,,,,,,,,,,,,,,,,
1764669114.214527,55145,0,4408.333496,4426.538574,4550.128418,4555.641113,4425.256348,4551.538574,4556.794922,4411.794922,4596.410156,4415,4518.205078,4537.563965,4589.615234,4411.282227,4411.410156,4540.128418,4575.384766,4564.358887,4524.358887,4406.794922,4406.025879,4604.615234,4548.717773,4524.487305,4417.307617,4598.974121,4413.461426,4589.871582,4528.205078,4423.333496,4558.205078,4544.230957,2750,0,5,1280,58412,,,,0,4,4,4,4,4,4,4,4,4,4,4,4,4,4,4,4,4,4,4,4,4,4,4,4,4,4,4,4,4,4,4,4,100,,,,,,,,,,,,,,,,,,,,,,,,,,,,,,,,,,,13786,0,0.623546,-0.317749,-0.282776,0.655945,0.994262,-0.052741,0.001465,12.166667,37.833332,-25.333334,,,,,,,,,,,,,,,,,,,,,,,,,,,,,,,,,,,,,,,,,,,,,,,,,,,,,,,,,,,,,,,,,,,,,,,,,,,,,,,,,,,,,,,,,,,,,,,,,,,,,,,,,,,,,,,,,,,,,,,,,,,,,,,,,,,,,,,,,,,,,,,,,,,,,,,,,,,,,,,,
1764669114.218433,55146,0,4398.974121,4417.94873,4545.384766,4551.922852,4413.717773,4543.333496,4549.743652,4403.846191,4588.974121,4417.05127,4510.641113,4529.487305,4582.692383,4406.153809,4403.333496,4527.692383,4564.871582,4550.769043,4515.256348,4403.974121,4390.128418,4594.615234,4540.384766,4518.333496,4415,4588.974121,4401.282227,4582.05127,4521.922852,4411.538574,4550.512695,4539.358887,2417,0,5,1536,58420,,,,0,4,4,4,4,4,4,4,4,4,4,4,4,4,4,4,4,4,4,4,4,4,4,4,4,4,4,4,4,4,4,4,4,100,,,,,,,,,,,,,,,,,,,,,,,,,,,,,,,,,,,,,,,,,,,,,,,,,,,,,,,,,,,,,,,,,,,,,,,,,,,,,,,,,,,,,,,,,,,,,,,,,,,,,,,,,,,,,,,,,,,,,,,,,,,,,,,,,,,,,,,,,,,,,,,,,,,,,,,,,,,,,,,,,,,,,,,,,,,,,,,,,,,,,,,,,,,,,,,,,,,,,,,,,,,,,,
1764669114.222339,55147,0,4385.641113,4405.128418,4525.512695,4541.282227,4401.794922,4530.641113,4540,4391.794922,4577.179688,4416.666504,4500.512695,4515.512695,4573.077148,4401.410156,4394.230957,4516.538574,4549.487305,4538.077148,4509.743652,4399.102539,4382.436035,4577.179688,4527.820313,4506.922852,4419.230957,4576.538574,4383.461426,4567.179688,4512.94873,4398.846191,4535.512695,4524.487305,2696,0,5,1536,58420,,,,0,4,4,4,4,4,4,4,4,4,4,4,4,4,4,4,4,4,4,4,4,4,4,4,4,4,4,4,4,4,4,4,4,100,,,,,,,,,,,,,,,,,,,,,,,,,,,,,,,,,,,,,,,,,,,,,,,,,,,,,,,,,,,,,,,,,,,,,,,,,,,,,,,,,,,,,,,,,,,,,,,,,,,,,,,,,,,,,,,,,,,,,,,,,,,,,,,,,,,,,,,,,,,,,,,,,,,,,,,,,,,,,,,,,,,,,,,,,,,,,,,,,,,,,,,,,,,,,,,,,,,,,,,,,,,,,,
1764669114.226245,55148,0,4373.846191,4394.358887,4500.128418,4527.436035,4393.077148,4517.94873,4531.153809,4380.897461,4565.897461,4413.205078,4493.077148,4501.794922,4565,4398.717773,4387.436035,4510,4536.153809,4530.256348,4508.333496,4393.717773,4384.487305,4559.743652,4515.897461,4494.358887,4421.922852,4567.307617,4368.846191,4552.436035,4504.743652,4390.128418,4519.102539,4506.794922,2457,0,5,1792,58427,,,,0,4,4,4,4,4,4,4,4,4,4,4,4,4,4,4,4,4,4,4,4,4,4,4,4,4,4,4,4,4,4,4,4,100,,,,,,,,,,,,,,,,,,,,,,,,,,,,,,,,,,,,,,,,,,,,,,,,,,,,,,,,,,,,,,,,,,,,,,,,,,,,,,,,,,,,,,,,,,,,,,,,,,,,,,,,,,,,,,,,,,,,,,,,,,,,,,,,,,,,,,,,,,,,,,,,,,,,,,,,,,,,,,,,,,,,,,,,,,,,,,,,,,,,,,,,,,,,,,,,,,,,,,,,,,,,,,
1764669114.230151,55149,0,4369.743652,4391.282227,4484.615234,4518.333496,4389.871582,4510.897461,4526.922852,4376.794922,4559.743652,4407.05127,4492.307617,4495.128418,4561.794922,4397.94873,4386.538574,4509.230957,4530.769043,4529.358887,4510.128418,4390.897461,4392.94873,4550,4509.102539,4486.025879,4420.256348,4564.871582,4366.153809,4545.256348,4501.282227,4388.846191,4510.769043,4497.179688,2237,0,5,1792,58427,,,,0,4,4,4,4,4,4,4,4,4,4,4,4,4,4,4,4,4,4,4,4,4,4,4,4,4,4,4,4,4,4,4,4,100,,,,,,,,,,,,,,,,,,,,,,,,,,,,,,,,,,,13787,0,0.623965,-0.317505,-0.28241,0.655823,1.001587,-0.055671,0.023929,14.666667,36.5,-26.166666,,,,,,,,,,,,,,,,,,,,,,,,,,,,,,,,,,,,,,,,,,,,,,,,,,,,,,,,,,,,,,,,,,,,,,,,,,,,,,,,,,,,,,,,,,,,,,,,,,,,,,,,,,,,,,,,,,,,,,,,,,,,,,,,,,,,,,,,,,,,,,,,,,,,,,,,,,,,,,,,
1764669114.234057,55150,0,4374.487305,4396.153809,4487.307617,4519.358887,4391.922852,4511.666504,4528.846191,4380.897461,4561.153809,4400.384766,4497.820313,4497.820313,4564.102539,4398.205078,4391.153809,4512.436035,4535,4534.743652,4514.102539,4392.436035,4402.307617,4551.153809,4508.846191,4484.487305,4417.307617,4568.589844,4376.666504,4548.717773,4504.102539,4393.974121,4516.025879,4502.05127,2715,0,5,2048,58435,,,,0,4,4,4,4,4,4,4,4,4,4,4,4,4,4,4,4,4,4,4,4,4,4,4,4,4,4,4,4,4,4,4,4,100,,,,,,,,,,,,,,,,,,,,,,,,,,,,,,,,,,,,,,,,,,,,,,,,,,,,,,,,,,,,,,,,,,,,,,,,,,,,,,,,,,,,,,,,,,,,,,,,,,,,,,,,,,,,,,,,,,,,,,,,,,,,,,,,,,,,,,,,,,,,,,,,,,,,,,,,,,,,,,,,,,,,,,,,,,,,,,,,,,,,,,,,,,,,,,,,,,,,,,,,,,,,,,
1764669114.237964,55151,0,4384.487305,4405,4504.871582,4529.487305,4397.179688,4518.589844,4535.256348,4389.358887,4568.461426,4395.897461,4505.256348,4506.922852,4570.384766,4398.077148,4398.077148,4516.666504,4544.743652,4543.589844,4520,4397.179688,4407.179688,4561.153809,4513.589844,4489.871582,4415.897461,4574.615234,4393.717773,4558.846191,4511.410156,4401.538574,4531.794922,4518.717773,2423,0,5,2048,58435,,,,0,4,4,4,4,4,4,4,4,4,4,4,4,4,4,4,4,4,4,4,4,4,4,4,4,4,4,4,4,4,4,4,4,100,,,,,,,,,,,,,,,,,,,,,,,,,,,,,,,,,,,,,,,,,,,,,,,,,,,,,,,,,,,,,,,,,,,,,,,,,,,,,,,,,,,,,,,,,,,,,,,,,,,,,,,,,,,,,,,,,,,,,,,,,,,,,,,,,,,,,,,,,,,,,,,,,,,,,,,,,,,,,,,,,,,,,,,,,,,,,,,,,,,,,,,,,,,,,,,,,,,,,,,,,,,,,,
1764669114.241870,55152,0,4393.589844,4411.794922,4525.769043,4541.410156,4403.333496,4526.922852,4542.436035,4396.282227,4577.692383,4394.487305,4509.871582,4517.05127,4576.666504,4397.692383,4402.692383,4520.128418,4554.102539,4552.820313,4527.436035,4401.922852,4405.641113,4574.743652,4520.641113,4500.256348,4414.487305,4579.230957,4407.692383,4569.358887,4519.358887,4407.179688,4547.692383,4537.05127,2868,0,5,2304,58443,,,,0,4,4,4,4,4,4,4,4,4,4,4,4,4,4,4,4,4,4,4,4,4,4,4,4,4,4,4,4,4,4,4,4,100,,,,,,,,,,,,,,,,,,,,,,,,,,,,,,,,,,,,,,,,,,,,,,,,,,,,,,,,,,,,,,,,,,,,,,,,,,,,,,,,,,,,,,,,,,,,,,,,,,,,,,,,,,,,,,,,,,,,,,,,,,,,,,,,,,,,,,,,,,,,,,,,,,,,,,,,,,,,,,,,,,,,,,,,,,,,,,,,,,,,,,,,,,,,,,,,,,,,,,,,,,,,,,
1764669114.245776,55153,0,4396.410156,4412.307617,4538.717773,4546.666504,4406.666504,4531.666504,4546.153809,4397.05127,4582.94873,4394.615234,4508.333496,4522.436035,4578.461426,4396.666504,4402.307617,4522.692383,4557.692383,4558.589844,4533.974121,4402.820313,4397.820313,4585.384766,4526.153809,4511.153809,4407.307617,4580.256348,4412.307617,4574.871582,4523.461426,4408.461426,4553.717773,4545,2894,0,5,2304,58443,,,,0,4,4,4,4,4,4,4,4,4,4,4,4,4,4,4,4,4,4,4,4,4,4,4,4,4,4,4,4,4,4,4,4,100,,,,,,,,,,,,,,,,,,,,,,,,,,,,,,,,,,,13788,0,0.62406,-0.317749,-0.282349,0.65564,0.996215,-0.068368,0.037114,13.333333,37,-27,,,,,,,,,,,,,,,,,,,,,,,,,,,,,,,,,,,,,,,,,,,,,,,,,,,,,,,,,,,,,,,,,,,,,,,,,,,,,,,,,,,,,,,,,,,,,,,,,,,,,,,,,,,,,,,,,,,,,,,,,,,,,,,,,,,,,,,,,,,,,,,,,,,,,,,,,,,,,,,,
1764669114.249682,55154,0,4391.282227,4405.128418,4537.94873,4540.769043,4404.230957,4528.974121,4543.589844,4390,4580.128418,4392.94873,4500.384766,4520.128418,4573.717773,4395,4396.922852,4524.743652,4552.94873,4558.077148,4535.897461,4398.333496,4385.897461,4587.307617,4526.282227,4516.666504,4389.871582,4576.666504,4407.05127,4572.563965,4521.025879,4404.871582,4546.025879,4535.769043,1779,0,5,1536,58451,,,,0,4,4,4,4,4,4,4,4,4,4,4,4,4,4,4,4,4,4,4,4,4,4,4,4,4,4,4,4,4,4,4,4,100,,,,,,,,,,,,,,,,,,,,,,,,,,,,,,,,,,,,,,,,,,,,,,,,,,,,,,,,,,,,,,,,,,,,,,,,,,,,,,,,,,,,,,,,,,,,,,,,,,,,,,,,,,,,,,,,,,,,,,,,,,,,,,,,,,,,,,,,,,,,,,,,,,,,,,,,,,,,,,,,,,,,,,,,,,,,,,,,,,,,,,,,,,,,,,,,,,,,,,,,,,,,,,
1764669114.253588,55155,0,4381.025879,4392.436035,4525,4526.410156,4395.256348,4518.589844,4534.743652,4377.436035,4569.358887,4388.974121,4489.230957,4511.153809,4564.487305,4393.846191,4390.128418,4526.282227,4541.922852,4551.666504,4531.666504,4390.256348,4373.846191,4579.615234,4519.615234,4513.077148,4366.153809,4569.743652,4396.025879,4564.358887,4512.307617,4398.077148,4529.615234,4513.205078,2723,0,5,1536,58451,,,,0,4,4,4,4,4,4,4,4,4,4,4,4,4,4,4,4,4,4,4,4,4,4,4,4,4,4,4,4,4,4,4,4,100,,,,,,,,,,,,,,,,,,,,,,,,,,,,,,,,,,,,,,,,,,,,,,,,,,,,,,,,,,,,,,,,,,,,,,,,,,,,,,,,,,,,,,,,,,,,,,,,,,,,,,,,,,,,,,,,,,,,,,,,,,,,,,,,,,,,,,,,,,,,,,,,,,,,,,,,,,,,,,,,,,,,,,,,,,,,,,,,,,,,,,,,,,,,,,,,,,,,,,,,,,,,,,
1764669114.257494,55156,0,4371.794922,4380.384766,4505.897461,4511.538574,4383.717773,4505.769043,4523.589844,4365.769043,4556.538574,4386.922852,4480.256348,4500,4555.897461,4394.230957,4386.922852,4527.436035,4530.384766,4543.077148,4523.077148,4382.820313,4366.666504,4566.666504,4509.487305,4502.436035,4347.94873,4562.179688,4385.641113,4554.871582,4501.794922,4391.153809,4514.615234,4490.128418,2585,0,5,512,58459,,,,0,4,4,4,4,4,4,4,4,4,4,4,4,4,4,4,4,4,4,4,4,4,4,4,4,4,4,4,4,4,4,4,4,100,,,,,,,,,,,,,,,,,,,,,,,,,,,,,,,,,,,,,,,,,,,,,,,,,,,,,,,,,,,,,,,,,,,,,,,,,,,,,,,,,,,,,,,,,,,,,,,,,,,,,,,,,,,,,,,,,,,,,,,,,,,,,,,,,,,,,,,,,,,,,,,,,,,,,,,,,,,,,,,,,,,,,,,,,,,,,,,,,,,,,,,,,,,,,,,,,,,,,,,,,,,,,,
1764669114.261400,55157,0,4368.717773,4374.871582,4487.94873,4503.974121,4375.384766,4497.692383,4516.025879,4361.794922,4549.871582,4390.769043,4478.333496,4492.820313,4551.922852,4396.410156,4390.384766,4527.563965,4524.358887,4536.282227,4513.589844,4379.615234,4367.436035,4554.871582,4501.282227,4490.384766,4346.666504,4557.820313,4380.512695,4549.358887,4495.256348,4387.179688,4508.974121,4479.743652,2795,0,5,512,58459,,,,0,4,4,4,4,4,4,4,4,4,4,4,4,4,4,4,4,4,4,4,4,4,4,4,4,4,4,4,4,4,4,4,4,100,,,,,,,,,,,,,,,,,,,,,,,,,,,,,,,,,,,13789,0,0.623925,-0.318176,-0.282593,0.655457,0.989379,-0.072763,0.031742,13.166667,38,-26,,,,,,,,,,,,,,,,,,,,,,,,,,,,,,,,,,,,,,,,,,,,,,,,,,,,,,,,,,,,,,,,,,,,,,,,,,,,,,,,,,,,,,,,,,,,,,,,,,,,,,,,,,,,,,,,,,,,,,,,,,,,,,,,,,,,,,,,,,,,,,,,,,,,,,,,,,,,,,,,
1764669114.265306,55158,0,4372.307617,4378.333496,4476.025879,4506.538574,4374.230957,4498.846191,4516.410156,4368.461426,4554.358887,4399.615234,4484.358887,4493.589844,4553.846191,4399.487305,4399.358887,4525.512695,4526.282227,4532.820313,4506.153809,4380.897461,4374.358887,4549.358887,4498.974121,4482.307617,4364.230957,4559.743652,4381.153809,4549.487305,4496.025879,4387.563965,4514.102539,4486.666504,2918,0,5,512,58467,,,,0,4,4,4,4,4,4,4,4,4,4,4,4,4,4,4,4,4,4,4,4,4,4,4,4,4,4,4,4,4,4,4,4,100,,,,,,,,,,,,,,,,,,,,,,,,,,,,,,,,,,,,,,,,,,,,,,,,,,,,,,,,,,,,,,,,,,,,,,,,,,,,,,,,,,,,,,,,,,,,,,,,,,,,,,,,,,,,,,,,,,,,,,,,,,,,,,,,,,,,,,,,,,,,,,,,,,,,,,,,,,,,,,,,,,,,,,,,,,,,,,,,,,,,,,,,,,,,,,,,,,,,,,,,,,,,,,
1764669114.269212,55159,0,4380.256348,4388.461426,4473.205078,4516.922852,4381.025879,4508.717773,4525.769043,4383.846191,4568.333496,4407.94873,4495.384766,4502.820313,4560.384766,4402.563965,4409.743652,4522.179688,4534.102539,4533.333496,4503.717773,4385.641113,4384.358887,4551.025879,4503.589844,4480.897461,4391.282227,4567.94873,4385,4553.717773,4503.333496,4392.692383,4525.128418,4503.461426,2846,0,5,512,58467,,,,0,4,4,4,4,4,4,4,4,4,4,4,4,4,4,4,4,4,4,4,4,4,4,4,4,4,4,4,4,4,4,4,4,100,,,,,,,,,,,,,,,,,,,,,,,,,,,,,,,,,,,,,,,,,,,,,,,,,,,,,,,,,,,,,,,,,,,,,,,,,,,,,,,,,,,,,,,,,,,,,,,,,,,,,,,,,,,,,,,,,,,,,,,,,,,,,,,,,,,,,,,,,,,,,,,,,,,,,,,,,,,,,,,,,,,,,,,,,,,,,,,,,,,,,,,,,,,,,,,,,,,,,,,,,,,,,,
1764669114.273118,55160,0,4389.487305,4400.384766,4480,4529.615234,4392.307617,4522.307617,4540.128418,4400.769043,4584.102539,4410.641113,4506.025879,4516.666504,4569.743652,4405.641113,4417.94873,4520.769043,4545,4538.974121,4508.717773,4393.589844,4394.871582,4558.461426,4513.205078,4486.025879,4414.871582,4579.487305,4389.615234,4559.743652,4513.077148,4401.153809,4535.769043,4516.922852,2710,0,5,768,58474,,,,0,4,4,4,4,4,4,4,4,4,4,4,4,4,4,4,4,4,4,4,4,4,4,4,4,4,4,4,4,4,4,4,4,100,,,,,,,,,,,,,,,,,,,,,,,,,,,,,,,,,,,,,,,,,,,,,,,2.609011,3.76953,1.992353,1.868947,1.464709,5.248446,3.399351,2.241795,1.785981,1.658308,4.434647,6.105229,4.237603,3.10833,2.021778,2.536077,2.511424,3.20681,1.482803,1.877981,3.027918,2.827467,3.496294,1.695744,1.729192,3.849425,2.46262,1.850664,1.499695,1.463794,2.86635,4.033755,3.169366,1.874256,1.697439,2.023491,2.697955,3.340869,1.429651,2.022987,2.573931,1.833745,2.770868,2.114751,1.988931,3.968088,1.85567,2.779212,3.579497,2.954932,1.978334,1.964671,2.14527,1.105988,1.124132,3.248258,2.235613,2.600131,1.637447,1.409479,1.8471,2.933364,2.064619,1.67372,1.38057,1.244457,1.640203,1.145863,1.353475,0.954125,2.070191,1.644557,2.371538,1.781999,1.286587,2.835297,4.447608,3.043577,2.129615,1.836476,3.38932,4.307195,2.935865,2.086873,1.744794,3.615973,7.306677,4.907472,2.324321,2.290108,3.5808,5.756156,4.276799,1.356563,1.614115,2.163575,3.901906,2.663074,1.757467,1.390984,3.830668,6.135056,4.413319,1.843609,1.236966,3.976612,5.167813,3.214483,2.719231,1.771029,2.835298,3.580573,2.075711,1.992464,1.607899,4.6237,4.613841,2.642411,2.212147,1.716796,13.704464,5.333798,7.139998,3.601776,4.711079,5.100439,2.335114,2.95398,1.651706,1.253191,4.974612,3.571953,3.489452,2.410171,1.79537,4.408733,3.695569,2.656206,2.127536,1.817221,2.359503,1.380875,1.103312,0.898618,0.695329,5.002584,3.172238,3.036863,2.187832,1.592082,7.801219,4.476188,5.563262,2.326848,2.092168,6.039632,4.426028,5.116781,2.278097,2.486877
1764669114.277024,55161,0,4396.410156,4407.820313,4493.974121,4538.205078,4401.153809,4532.563965,4552.179688,4410.512695,4592.307617,4406.666504,4511.282227,4528.205078,4578.333496,4408.077148,4422.436035,4524.230957,4555.256348,4549.230957,4520.641113,4403.077148,4405.384766,4567.820313,4523.205078,4494.871582,4425.384766,4588.333496,4392.692383,4564.871582,4520.128418,4409.487305,4541.410156,4516.666504,2876,0,5,768,58474,,,,0,4,4,4,4,4,4,4,4,4,4,4,4,4,4,4,4,4,4,4,4,4,4,4,4,4,4,4,4,4,4,4,4,100,,,,,,,,,,,,,,,,,,,,,,,,,,,,,,,,,,,13790,0,0.623601,-0.318665,-0.282898,0.655396,1.008912,-0.068368,0.018069,14.166667,37,-25,,,,,,,,,,,,,,,,,,,,,,,,,,,,,,,,,,,,,,,,,,,,,,,,,,,,,,,,,,,,,,,,,,,,,,,,,,,,,,,,,,,,,,,,,,,,,,,,,,,,,,,,,,,,,,,,,,,,,,,,,,,,,,,,,,,,,,,,,,,,,,,,,,,,,,,,,,,,,,,,
1764669114.280930,55162,0,4397.307617,4406.922852,4509.102539,4538.461426,4400.897461,4534.230957,4554.743652,4407.307617,4586.922852,4398.461426,4508.589844,4530.769043,4582.05127,4408.717773,4422.94873,4531.153809,4561.282227,4559.743652,4534.102539,4410.128418,4414.230957,4574.358887,4528.589844,4503.205078,4421.025879,4589.487305,4392.820313,4567.05127,4521.666504,4412.820313,4541.025879,4504.102539,1823,0,5,256,58482,,,,0,4,4,4,4,4,4,4,4,4,4,4,4,4,4,4,4,4,4,4,4,4,4,4,4,4,4,4,4,4,4,4,4,100,,,,,,,,,,,,,,,,,,,,,,,,,,,,,,,,,,,,,,,,,,,,,,,,,,,,,,,,,,,,,,,,,,,,,,,,,,,,,,,,,,,,,,,,,,,,,,,,,,,,,,,,,,,,,,,,,,,,,,,,,,,,,,,,,,,,,,,,,,,,,,,,,,,,,,,,,,,,,,,,,,,,,,,,,,,,,,,,,,,,,,,,,,,,,,,,,,,,,,,,,,,,,,
1764669114.284836,55163,0,4392.436035,4399.615234,4520.256348,4531.922852,4391.282227,4528.589844,4547.05127,4393.974121,4571.538574,4391.538574,4501.538574,4524.358887,4580.128418,4407.179688,4420.769043,4535.641113,4561.538574,4564.487305,4541.538574,4411.410156,4419.615234,4576.666504,4527.820313,4508.205078,4408.846191,4583.974121,4390.512695,4566.282227,4518.717773,4409.358887,4537.820313,4491.410156,2438,0,5,256,58482,,,,0,4,4,4,4,4,4,4,4,4,4,4,4,4,4,4,4,4,4,4,4,4,4,4,4,4,4,4,4,4,4,4,4,100,,,,,,,,,,,,,,,,,,,,,,,,,,,,,,,,,,,,,,,,,,,,,,,,,,,,,,,,,,,,,,,,,,,,,,,,,,,,,,,,,,,,,,,,,,,,,,,,,,,,,,,,,,,,,,,,,,,,,,,,,,,,,,,,,,,,,,,,,,,,,,,,,,,,,,,,,,,,,,,,,,,,,,,,,,,,,,,,,,,,,,,,,,,,,,,,,,,,,,,,,,,,,,
1764669114.288742,55164,0,4387.94873,4394.230957,4526.282227,4526.153809,4381.666504,4523.461426,4538.077148,4382.179688,4557.820313,4391.538574,4498.333496,4516.794922,4577.436035,4405.641113,4418.717773,4533.717773,4559.102539,4560.769043,4538.333496,4407.820313,4421.922852,4577.436035,4524.871582,4511.410156,4401.666504,4579.230957,4389.743652,4566.538574,4516.410156,4403.846191,4537.436035,4492.563965,2609,0,5,512,58490,,,,0,4,4,4,4,4,4,4,4,4,4,4,4,4,4,4,4,4,4,4,4,4,4,4,4,4,4,4,4,4,4,4,4,100,,,,,,,,,,,,,,,,,,,,,,,,,,,,,,,,,,,,,,,,,,,,,,,,,,,,,,,,,,,,,,,,,,,,,,,,,,,,,,,,,,,,,,,,,,,,,,,,,,,,,,,,,,,,,,,,,,,,,,,,,,,,,,,,,,,,,,,,,,,,,,,,,,,,,,,,,,,,,,,,,,,,,,,,,,,,,,,,,,,,,,,,,,,,,,,,,,,,,,,,,,,,,,
1764669114.292648,55165,0,4391.025879,4399.358887,4530.384766,4529.102539,4384.487305,4527.05127,4539.615234,4384.487305,4556.922852,4401.666504,4505.641113,4517.692383,4581.282227,4406.922852,4417.94873,4526.025879,4559.743652,4551.794922,4527.179688,4404.743652,4423.333496,4582.436035,4526.410156,4517.05127,4409.487305,4583.846191,4395.641113,4572.820313,4519.615234,4404.358887,4543.717773,4511.153809,2469,0,5,512,58490,,,,0,4,4,4,4,4,4,4,4,4,4,4,4,4,4,4,4,4,4,4,4,4,4,4,4,4,4,4,4,4,4,4,4,100,,,,,,,,,,,,,,,,,,,,,,,,,,,,,,,,,,,13791,0,0.623161,-0.319092,-0.283386,0.655396,1.008912,-0.068368,0.018069,13.333333,37.833332,-25,,,,,,,,,,,,,,,,,,,,,,,,,,,,,,,,,,,,,,,,,,,,,,,,,,,,,,,,,,,,,,,,,,,,,,,,,,,,,,,,,,,,,,,,,,,,,,,,,,,,,,,,,,,,,,,,,,,,,,,,,,,,,,,,,,,,,,,,,,,,,,,,,,,,,,,,,,,,,,,,
1764669114.296554,55166,0,4403.077148,4416.025879,4535.512695,4541.666504,4404.102539,4540.769043,4555.897461,4402.94873,4570.769043,4417.05127,4521.666504,4529.358887,4592.820313,4410.256348,4417.05127,4517.179688,4566.666504,4543.205078,4515,4406.410156,4425,4593.205078,4534.358887,4526.025879,4430.641113,4599.102539,4408.846191,4585.384766,4528.846191,4415,4555,4536.025879,2722,0,5,768,58498,,,,0,4,4,4,4,4,4,4,4,4,4,4,4,4,4,4,4,4,4,4,4,4,4,4,4,4,4,4,4,4,4,4,4,100,,,,,,,,,,,,,,,,,,,,,,,,,,,,,,,,,,,,,,,,,,,,,,,,,,,,,,,,,,,,,,,,,,,,,,,,,,,,,,,,,,,,,,,,,,,,,,,,,,,,,,,,,,,,,,,,,,,,,,,,,,,,,,,,,,,,,,,,,,,,,,,,,,,,,,,,,,,,,,,,,,,,,,,,,,,,,,,,,,,,,,,,,,,,,,,,,,,,,,,,,,,,,,
1764669114.300460,55167,0,4416.794922,4434.871582,4541.025879,4555.641113,4430.641113,4556.922852,4577.820313,4426.282227,4589.743652,4427.692383,4535.897461,4543.589844,4604.615234,4411.922852,4412.436035,4511.538574,4575.641113,4538.717773,4507.820313,4410.769043,4424.102539,4604.102539,4544.102539,4533.461426,4450.512695,4616.025879,4422.692383,4597.94873,4538.717773,4430.384766,4564.230957,4550.897461,2728,0,5,768,58498,,,,0,4,4,4,4,4,4,4,4,4,4,4,4,4,4,4,4,4,4,4,4,4,4,4,4,4,4,4,4,4,4,4,4,100,,,,,,,,,,,,,,,,,,,,,,,,,,,,,,,,,,,,,,,,,,,,,,,,,,,,,,,,,,,,,,,,,,,,,,,,,,,,,,,,,,,,,,,,,,,,,,,,,,,,,,,,,,,,,,,,,,,,,,,,,,,,,,,,,,,,,,,,,,,,,,,,,,,,,,,,,,,,,,,,,,,,,,,,,,,,,,,,,,,,,,,,,,,,,,,,,,,,,,,,,,,,,,
1764669114.304366,55168,0,4421.282227,4442.94873,4543.077148,4560.641113,4446.922852,4564.358887,4590.384766,4437.820313,4600.641113,4426.153809,4537.692383,4548.461426,4606.025879,4407.94873,4401.538574,4510.256348,4578.846191,4537.94873,4506.794922,4411.282227,4416.025879,4606.153809,4547.563965,4532.563965,4452.05127,4622.692383,4428.333496,4601.666504,4542.179688,4438.974121,4565,4547.94873,2803,0,5,1024,58506,,,,0,4,4,4,4,4,4,4,4,4,4,4,4,4,4,4,4,4,4,4,4,4,4,4,4,4,4,4,4,4,4,4,4,100,,,,,,,,,,,,,,,,,,,,,,,,,,,,,,,,,,,,,,,,,,,,,,,,,,,,,,,,,,,,,,,,,,,,,,,,,,,,,,,,,,,,,,,,,,,,,,,,,,,,,,,,,,,,,,,,,,,,,,,,,,,,,,,,,,,,,,,,,,,,,,,,,,,,,,,,,,,,,,,,,,,,,,,,,,,,,,,,,,,,,,,,,,,,,,,,,,,,,,,,,,,,,,
1764669114.308272,55169,0,4412.436035,4435,4538.846191,4552.307617,4443.077148,4557.563965,4584.871582,4428.846191,4597.436035,4415.256348,4524.743652,4538.333496,4593.077148,4399.230957,4386.410156,4511.666504,4571.025879,4538.461426,4510.128418,4403.974121,4401.282227,4595.897461,4540.897461,4521.794922,4431.153809,4613.717773,4421.410156,4593.589844,4536.794922,4433.205078,4557.436035,4533.461426,2904,0,5,1024,58506,,,,0,4,4,4,4,4,4,4,4,4,4,4,4,4,4,4,4,4,4,4,4,4,4,4,4,4,4,4,4,4,4,4,4,100,,,,,,,,,,,,,,,,,,,,,,,,,,,,,,,,,,,13792,0,0.621847,-0.319824,-0.283752,0.656128,0.98889,-0.080576,0.000488,13.166667,35.5,-25.166666,,,,,,,,,,,,,,,,,,,,,,,,,,,,,,,,,,,,,,,,,,,,,,,,,,,,,,,,,,,,,,,,,,,,,,,,,,,,,,,,,,,,,,,,,,,,,,,,,,,,,,,,,,,,,,,,,,,,,,,,,,,,,,,,,,,,,,,,,,,,,,,,,,,,,,,,,,,,,,,,
1764669114.312178,55170,0,4395.128418,4418.077148,4528.846191,4536.282227,4425.256348,4541.282227,4565.512695,4405.256348,4584.871582,4405,4505,4519.102539,4572.692383,4391.538574,4373.461426,4514.230957,4555.641113,4539.358887,4515.256348,4392.94873,4387.436035,4579.743652,4528.333496,4507.436035,4400.641113,4595.897461,4407.563965,4579.615234,4526.282227,4415.641113,4547.692383,4520,2683,0,5,1280,58513,,,,0,4,4,4,4,4,4,4,4,4,4,4,4,4,4,4,4,4,4,4,4,4,4,4,4,4,4,4,4,4,4,4,4,100,,,,,,,,,,,,,,,,,,,,,,,,,,,,,,,,,,,,,,,,,,,,,,,,,,,,,,,,,,,,,,,,,,,,,,,,,,,,,,,,,,,,,,,,,,,,,,,,,,,,,,,,,,,,,,,,,,,,,,,,,,,,,,,,,,,,,,,,,,,,,,,,,,,,,,,,,,,,,,,,,,,,,,,,,,,,,,,,,,,,,,,,,,,,,,,,,,,,,,,,,,,,,,
1764669114.316084,55171,0,4379.487305,4404.487305,4516.666504,4523.333496,4409.487305,4525.897461,4545.128418,4382.179688,4573.205078,4402.94873,4490,4502.820313,4556.794922,4390.769043,4368.974121,4517.94873,4541.922852,4541.538574,4520.256348,4386.794922,4382.94873,4567.94873,4518.205078,4499.102539,4380.128418,4582.05127,4396.794922,4569.743652,4517.563965,4396.666504,4541.666504,4515.128418,2849,0,5,1280,58513,,,,0,4,4,4,4,4,4,4,4,4,4,4,4,4,4,4,4,4,4,4,4,4,4,4,4,4,4,4,4,4,4,4,4,100,,,,,,,,,,,,,,,,,,,,,,,,,,,,,,,,,,,,,,,,,,,,,,,,,,,,,,,,,,,,,,,,,,,,,,,,,,,,,,,,,,,,,,,,,,,,,,,,,,,,,,,,,,,,,,,,,,,,,,,,,,,,,,,,,,,,,,,,,,,,,,,,,,,,,,,,,,,,,,,,,,,,,,,,,,,,,,,,,,,,,,,,,,,,,,,,,,,,,,,,,,,,,,
1764669114.319990,55172,0,4372.179688,4400.512695,4505.769043,4519.358887,4406.025879,4518.333496,4533.974121,4371.025879,4568.333496,4407.179688,4485.384766,4497.307617,4552.820313,4397.692383,4373.846191,4521.666504,4536.282227,4544.871582,4523.461426,4391.025879,4389.102539,4565.512695,4514.871582,4500.128418,4380,4579.358887,4394.230957,4568.077148,4514.358887,4385.769043,4539.615234,4515.384766,2737,0,5,1536,58521,,,,0,4,4,4,4,4,4,4,4,4,4,4,4,4,4,4,4,4,4,4,4,4,4,4,4,4,4,4,4,4,4,4,4,100,,,,,,,,,,,,,,,,,,,,,,,,,,,,,,,,,,,,,,,,,,,,,,,,,,,,,,,,,,,,,,,,,,,,,,,,,,,,,,,,,,,,,,,,,,,,,,,,,,,,,,,,,,,,,,,,,,,,,,,,,,,,,,,,,,,,,,,,,,,,,,,,,,,,,,,,,,,,,,,,,,,,,,,,,,,,,,,,,,,,,,,,,,,,,,,,,,,,,,,,,,,,,,
1764669114.323896,55173,0,4371.282227,4402.307617,4496.794922,4521.025879,4410.512695,4516.538574,4533.205078,4372.307617,4567.563965,4409.102539,4488.589844,4500.256348,4558.461426,4406.410156,4382.179688,4522.307617,4536.922852,4547.436035,4524.615234,4401.538574,4397.692383,4567.94873,4515.384766,4504.743652,4392.179688,4583.461426,4396.538574,4569.871582,4514.358887,4383.974121,4536.666504,4511.922852,2830,0,5,1536,58521,,,,0,4,4,4,4,4,4,4,4,4,4,4,4,4,4,4,4,4,4,4,4,4,4,4,4,4,4,4,4,4,4,4,4,100,,,,,,,,,,,,,,,,,,,,,,,,,,,,,,,,,,,13793,0,0.621386,-0.320129,-0.283569,0.656494,0.98889,-0.080576,0.000488,12.333333,38,-24.666666,,,,,,,,,,,,,,,,,,,,,,,,,,,,,,,,,,,,,,,,,,,,,,,,,,,,,,,,,,,,,,,,,,,,,,,,,,,,,,,,,,,,,,,,,,,,,,,,,,,,,,,,,,,,,,,,,,,,,,,,,,,,,,,,,,,,,,,,,,,,,,,,,,,,,,,,,,,,,,,,
1764669114.327802,55174,0,4371.153809,4402.307617,4490,4521.794922,4410.512695,4514.230957,4536.794922,4378.461426,4565.512695,4403.589844,4493.205078,4503.461426,4566.410156,4411.025879,4386.794922,4518.077148,4537.692383,4546.922852,4524.358887,4408.846191,4399.487305,4567.94873,4514.743652,4505.128418,4400.384766,4584.615234,4396.538574,4567.436035,4512.94873,4386.410156,4530.256348,4501.410156,2812,0,5,1792,58529,,,,0,4,4,4,4,4,4,4,4,4,4,4,4,4,4,4,4,4,4,4,4,4,4,4,4,4,4,4,4,4,4,4,4,100,,,,,,,,,,,,,,,,,,,,,,,,,,,,,,,,,,,,,,,,,,,,,,,,,,,,,,,,,,,,,,,,,,,,,,,,,,,,,,,,,,,,,,,,,,,,,,,,,,,,,,,,,,,,,,,,,,,,,,,,,,,,,,,,,,,,,,,,,,,,,,,,,,,,,,,,,,,,,,,,,,,,,,,,,,,,,,,,,,,,,,,,,,,,,,,,,,,,,,,,,,,,,,
1764669114.331708,55175,0,4369.230957,4398.333496,4487.307617,4519.871582,4399.871582,4509.615234,4539.615234,4383.333496,4561.538574,4395.128418,4496.666504,4502.563965,4571.282227,4410.897461,4386.794922,4511.666504,4536.538574,4544.615234,4524.615234,4407.307617,4392.307617,4563.846191,4512.05127,4499.615234,4396.538574,4578.974121,4391.922852,4560,4509.230957,4388.974121,4523.846191,4491.282227,2992,0,5,1792,58529,,,,0,4,4,4,4,4,4,4,4,4,4,4,4,4,4,4,4,4,4,4,4,4,4,4,4,4,4,4,4,4,4,4,4,100,,,,,,,,,,,,,,,,,,,,,,,,,,,,,,,,,,,,,,,,,,,,,,,,,,,,,,,,,,,,,,,,,,,,,,,,,,,,,,,,,,,,,,,,,,,,,,,,,,,,,,,,,,,,,,,,,,,,,,,,,,,,,,,,,,,,,,,,,,,,,,,,,,,,,,,,,,,,,,,,,,,,,,,,,,,,,,,,,,,,,,,,,,,,,,,,,,,,,,,,,,,,,,
1764669114.335614,55176,0,4368.333496,4395.384766,4491.282227,4518.974121,4385.128418,4507.05127,4540.769043,4387.05127,4560.256348,4392.307617,4500.769043,4501.153809,4573.461426,4409.743652,4387.692383,4509.358887,4536.538574,4543.846191,4525.641113,4398.974121,4382.692383,4560.897461,4511.153809,4493.717773,4387.94873,4571.282227,4386.666504,4554.230957,4506.153809,4392.05127,4523.461426,4492.692383,2891,0,5,2048,58537,,,,0,4,4,4,4,4,4,4,4,4,4,4,4,4,4,4,4,4,4,4,4,4,4,4,4,4,4,4,4,4,4,4,4,100,,,,,,,,,,,,,,,,,,,,,,,,,,,,,,,,,,,,,,,,,,,,,,,,,,,,,,,,,,,,,,,,,,,,,,,,,,,,,,,,,,,,,,,,,,,,,,,,,,,,,,,,,,,,,,,,,,,,,,,,,,,,,,,,,,,,,,,,,,,,,,,,,,,,,,,,,,,,,,,,,,,,,,,,,,,,,,,,,,,,,,,,,,,,,,,,,,,,,,,,,,,,,,
1764669114.339520,55177,0,4372.563965,4398.461426,4502.307617,4522.436035,4378.461426,4511.410156,4542.307617,4391.538574,4564.487305,4397.563965,4506.794922,4504.743652,4576.025879,4410.256348,4394.487305,4515.128418,4541.538574,4546.666504,4526.666504,4391.666504,4380.384766,4564.615234,4515.128418,4493.589844,4388.846191,4570.256348,4386.666504,4556.282227,4507.307617,4398.333496,4531.153809,4508.205078,2766,0,5,2048,58537,,,,0,4,4,4,4,4,4,4,4,4,4,4,4,4,4,4,4,4,4,4,4,4,4,4,4,4,4,4,4,4,4,4,4,100,,,,,,,,,,,,,,,,,,,,,,,,,,,,,,,,,,,13794,0,0.620995,-0.320496,-0.283447,0.656738,0.972287,-0.103528,0.017092,14.666667,38.166668,-24.5,,,,,,,,,,,,,,,,,,,,,,,,,,,,,,,,,,,,,,,,,,,,,,,,,,,,,,,,,,,,,,,,,,,,,,,,,,,,,,,,,,,,,,,,,,,,,,,,,,,,,,,,,,,,,,,,,,,,,,,,,,,,,,,,,,,,,,,,,,,,,,,,,,,,,,,,,,,,,,,,
1764669114.343426,55178,0,4383.461426,4408.077148,4517.820313,4529.358887,4386.282227,4522.94873,4545.256348,4397.05127,4571.922852,4406.282227,4513.333496,4515.897461,4581.410156,4411.282227,4406.538574,4527.820313,4551.794922,4553.717773,4528.461426,4392.820313,4391.282227,4576.282227,4523.846191,4501.410156,4407.563965,4580.128418,4393.461426,4566.922852,4513.589844,4409.487305,4543.589844,4529.871582,2429,0,5,2304,58545,,,,0,4,4,4,4,4,4,4,4,4,4,4,4,4,4,4,4,4,4,4,4,4,4,4,4,4,4,4,4,4,4,4,4,100,,,,,,,,,,,,,,,,,,,,,,,,,,,,,,,,,,,,,,,,,,,,,,,,,,,,,,,,,,,,,,,,,,,,,,,,,,,,,,,,,,,,,,,,,,,,,,,,,,,,,,,,,,,,,,,,,,,,,,,,,,,,,,,,,,,,,,,,,,,,,,,,,,,,,,,,,,,,,,,,,,,,,,,,,,,,,,,,,,,,,,,,,,,,,,,,,,,,,,,,,,,,,,
1764669114.347332,55179,0,4398.333496,4420.641113,4534.230957,4536.410156,4404.487305,4537.436035,4550,4402.05127,4577.692383,4412.820313,4517.179688,4531.538574,4588.974121,4410.512695,4419.102539,4542.820313,4564.487305,4565.256348,4533.461426,4404.102539,4412.692383,4592.436035,4535,4515,4439.230957,4597.94873,4404.487305,4581.922852,4523.077148,4424.743652,4556.538574,4547.307617,2701,0,5,2304,58545,,,,0,4,4,4,4,4,4,4,4,4,4,4,4,4,4,4,4,4,4,4,4,4,4,4,4,4,4,4,4,4,4,4,4,100,,,,,,,,,,,,,,,,,,,,,,,,,,,,,,,,,,,,,,,,,,,,,,,,,,,,,,,,,,,,,,,,,,,,,,,,,,,,,,,,,,,,,,,,,,,,,,,,,,,,,,,,,,,,,,,,,,,,,,,,,,,,,,,,,,,,,,,,,,,,,,,,,,,,,,,,,,,,,,,,,,,,,,,,,,,,,,,,,,,,,,,,,,,,,,,,,,,,,,,,,,,,,,
1764669114.351238,55180,0,4412.820313,4431.794922,4547.94873,4542.563965,4422.436035,4550,4556.025879,4405.256348,4578.974121,4415.512695,4516.538574,4545.641113,4596.025879,4407.94873,4428.077148,4555.641113,4575.769043,4579.358887,4542.05127,4420.128418,4434.230957,4606.666504,4545.256348,4529.358887,4469.230957,4615.769043,4415.512695,4595.641113,4532.820313,4440.256348,4567.563965,4556.282227,2472,0,5,2560,58552,,,,0,4,4,4,4,4,4,4,4,4,4,4,4,4,4,4,4,4,4,4,4,4,4,4,4,4,4,4,4,4,4,4,4,100,,,,,,,,,,,,,,,,,,,,,,,,,,,,,,,,,,,,,,,,,,,,,,,,,,,,,,,,,,,,,,,,,,,,,,,,,,,,,,,,,,,,,,,,,,,,,,,,,,,,,,,,,,,,,,,,,,,,,,,,,,,,,,,,,,,,,,,,,,,,,,,,,,,,,,,,,,,,,,,,,,,,,,,,,,,,,,,,,,,,,,,,,,,,,,,,,,,,,,,,,,,,,,
1764669114.355144,55181,0,4422.307617,4438.589844,4554.102539,4547.820313,4430.897461,4557.692383,4561.794922,4406.282227,4576.922852,4415.897461,4512.307617,4553.205078,4599.230957,4405.384766,4431.410156,4562.436035,4582.820313,4590.512695,4549.358887,4430.769043,4443.974121,4612.94873,4551.538574,4538.717773,4482.436035,4625.769043,4423.461426,4603.717773,4539.871582,4450,4575.384766,4558.846191,2249,0,5,2560,58552,,,,0,4,4,4,4,4,4,4,4,4,4,4,4,4,4,4,4,4,4,4,4,4,4,4,4,4,4,4,4,4,4,4,4,100,,,,,,,,,,,,,,,,,,,,,,,,,,,,,,,,,,,13795,0,0.6207,-0.320923,-0.283752,0.656677,0.975217,-0.102552,-0.003907,14.666667,38.166668,-24.5,,,,,,,,,,,,,,,,,,,,,,,,,,,,,,,,,,,,,,,,,,,,,,,,,,,,,,,,,,,,,,,,,,,,,,,,,,,,,,,,,,,,,,,,,,,,,,,,,,,,,,,,,,,,,,,,,,,,,,,,,,,,,,,,,,,,,,,,,,,,,,,,,,,,,,,,,,,,,,,,
1764669114.359050,55182,0,4424.871582,4440.512695,4549.102539,4551.922852,4428.717773,4560.128418,4565.384766,4405.512695,4574.743652,4415.897461,4507.692383,4553.461426,4597.05127,4404.743652,4428.846191,4561.410156,4584.487305,4592.179688,4549.615234,4429.871582,4438.205078,4609.615234,4552.436035,4540.128418,4471.794922,4625.641113,4427.436035,4604.871582,4542.436035,4449.487305,4578.717773,4558.077148,2731,0,5,2560,58560,,,,0,4,4,4,4,4,4,4,4,4,4,4,4,4,4,4,4,4,4,4,4,4,4,4,4,4,4,4,4,4,4,4,4,100,,,,,,,,,,,,,,,,,,,,,,,,,,,,,,,,,,,,,,,,,,,,,,,,,,,,,,,,,,,,,,,,,,,,,,,,,,,,,,,,,,,,,,,,,,,,,,,,,,,,,,,,,,,,,,,,,,,,,,,,,,,,,,,,,,,,,,,,,,,,,,,,,,,,,,,,,,,,,,,,,,,,,,,,,,,,,,,,,,,,,,,,,,,,,,,,,,,,,,,,,,,,,,
1764669114.362956,55183,0,4423.077148,4439.743652,4533.846191,4553.461426,4422.179688,4559.230957,4566.410156,4404.358887,4575.384766,4415.641113,4506.025879,4550.128418,4592.179688,4406.538574,4422.05127,4554.487305,4582.563965,4584.487305,4542.94873,4421.153809,4425.384766,4601.794922,4550.384766,4536.025879,4443.077148,4619.102539,4429.871582,4602.563965,4541.922852,4441.025879,4577.436035,4554.358887,2444,0,5,2560,58560,,,,0,4,4,4,4,4,4,4,4,4,4,4,4,4,4,4,4,4,4,4,4,4,4,4,4,4,4,4,4,4,4,4,4,100,,,,,,,,,,,,,,,,,,,,,,,,,,,,,,,,,,,,,,,,,,,,,,,,,,,,,,,,,,,,,,,,,,,,,,,,,,,,,,,,,,,,,,,,,,,,,,,,,,,,,,,,,,,,,,,,,,,,,,,,,,,,,,,,,,,,,,,,,,,,,,,,,,,,,,,,,,,,,,,,,,,,,,,,,,,,,,,,,,,,,,,,,,,,,,,,,,,,,,,,,,,,,,
1764669114.366862,55184,0,4422.179688,4440,4516.794922,4551.922852,4419.871582,4558.589844,4566.794922,4405,4580.128418,4415.128418,4509.615234,4548.717773,4589.358887,4410.512695,4415,4547.692383,4581.282227,4575.512695,4536.538574,4416.282227,4420.256348,4598.461426,4550.769043,4533.461426,4411.025879,4613.974121,4433.974121,4602.820313,4541.794922,4432.820313,4573.974121,4546.538574,2888,0,5,2560,58568,,,,0,4,4,4,4,4,4,4,4,4,4,4,4,4,4,4,4,4,4,4,4,4,4,4,4,4,4,4,4,4,4,4,4,100,,,,,,,,,,,,,,,,,,,,,,,,,,,,,,,,,,,,,,,,,,,,,,,,,,,,,,,,,,,,,,,,,,,,,,,,,,,,,,,,,,,,,,,,,,,,,,,,,,,,,,,,,,,,,,,,,,,,,,,,,,,,,,,,,,,,,,,,,,,,,,,,,,,,,,,,,,,,,,,,,,,,,,,,,,,,,,,,,,,,,,,,,,,,,,,,,,,,,,,,,,,,,,
1764669114.370768,55185,0,4425.384766,4443.846191,4508.846191,4549.358887,4425.128418,4561.025879,4569.615234,4408.333496,4587.307617,4415.384766,4516.666504,4552.05127,4592.307617,4415.641113,4411.922852,4547.05127,4584.615234,4574.871582,4538.717773,4422.820313,4430.384766,4604.743652,4556.794922,4537.692383,4390.128418,4614.871582,4440.769043,4608.974121,4543.974121,4433.333496,4572.179688,4535.384766,2916,0,5,2560,58568,,,,0,4,4,4,4,4,4,4,4,4,4,4,4,4,4,4,4,4,4,4,4,4,4,4,4,4,4,4,4,4,4,4,4,100,,,,,,,,,,,,,,,,,,,,,,,,,,,,,,,,,,,13796,0,0.620686,-0.320984,-0.283997,0.656555,0.995239,-0.070809,-0.030277,13.166667,38.333332,-26,,,,,,,,,,,,,,,,,,,,,,,,,,,,,,,,,,,,,,,,,,,,,,,,,,,,,,,,,,,,,,,,,,,,,,,,,,,,,,,,,,,,,,,,,,,,,,,,,,,,,,,,,,,,,,,,,,,,,,,,,,,,,,,,,,,,,,,,,,,,,,,,,,,,,,,,,,,,,,,,
1764669114.374674,55186,0,4431.410156,4449.743652,4515.256348,4548.077148,4433.974121,4565.897461,4575.128418,4412.94873,4593.974121,4416.794922,4523.333496,4558.461426,4599.615234,4420.641113,4413.974121,4552.436035,4591.794922,4583.974121,4549.615234,4437.563965,4448.205078,4616.666504,4565.897461,4546.922852,4387.436035,4619.743652,4447.05127,4618.461426,4547.692383,4443.974121,4573.589844,4525.641113,1792,0,5,2561,58576,,,,0,4,4,4,4,4,4,4,4,4,4,4,4,4,4,4,4,4,4,4,4,4,4,4,4,4,4,4,4,4,4,4,4,100,,,,,,,,,,,,,,,,,,,,,,,,,,,,,,,,,,,,,,,,,,,,,,,,,,,,,,,,,,,,,,,,,,,,,,,,,,,,,,,,,,,,,,,,,,,,,,,,,,,,,,,,,,,,,,,,,,,,,,,,,,,,,,,,,,,,,,,,,,,,,,,,,,,,,,,,,,,,,,,,,,,,,,,,,,,,,,,,,,,,,,,,,,,,,,,,,,,,,,,,,,,,,,
1764669114.378580,55187,0,4435.128418,4452.820313,4531.025879,4549.102539,4439.230957,4569.871582,4579.871582,4415.256348,4597.05127,4418.589844,4525.256348,4562.05127,4605.769043,4423.205078,4418.589844,4556.410156,4597.307617,4593.974121,4561.025879,4448.717773,4457.179688,4623.974121,4570.769043,4553.077148,4401.025879,4621.538574,4446.922852,4623.589844,4549.230957,4456.410156,4575.384766,4522.692383,2743,0,5,2561,58576,,,,0,4,4,4,4,4,4,4,4,4,4,4,4,4,4,4,4,4,4,4,4,4,4,4,4,4,4,4,4,4,4,4,4,100,,,,,,,,,,,,,,,,,,,,,,,,,,,,,,,,,,,,,,,,,,,,,,,,,,,,,,,,,,,,,,,,,,,,,,,,,,,,,,,,,,,,,,,,,,,,,,,,,,,,,,,,,,,,,,,,,,,,,,,,,,,,,,,,,,,,,,,,,,,,,,,,,,,,,,,,,,,,,,,,,,,,,,,,,,,,,,,,,,,,,,,,,,,,,,,,,,,,,,,,,,,,,,
1764669114.382486,55188,0,4431.538574,4448.589844,4543.974121,4550,4435.512695,4568.205078,4579.358887,4411.794922,4593.333496,4418.077148,4520.256348,4557.563965,4604.358887,4421.153809,4420.512695,4550.512695,4594.743652,4592.692383,4561.922852,4445.897461,4445.897461,4618.589844,4565.128418,4548.077148,4420.512695,4614.615234,4436.666504,4617.692383,4545.256348,4458.589844,4572.436035,4527.820313,2604,0,5,2561,58584,,,,0,4,4,4,4,4,4,4,4,4,4,4,4,4,4,4,4,4,4,4,4,4,4,4,4,4,4,4,4,4,4,4,4,100,,,,,,,,,,,,,,,,,,,,,,,,,,,,,,,,,,,,,,,,,,,,,,,,,,,,,,,,,,,,,,,,,,,,,,,,,,,,,,,,,,,,,,,,,,,,,,,,,,,,,,,,,,,,,,,,,,,,,,,,,,,,,,,,,,,,,,,,,,,,,,,,,,,,,,,,,,,,,,,,,,,,,,,,,,,,,,,,,,,,,,,,,,,,,,,,,,,,,,,,,,,,,,
1764669114.386392,55189,0,4419.230957,4435.128418,4544.358887,4546.538574,4422.94873,4558.461426,4570.897461,4400.769043,4581.922852,4412.436035,4509.615234,4544.102539,4592.820313,4413.846191,4416.153809,4533.205078,4581.666504,4575.128418,4546.922852,4427.436035,4416.922852,4600.128418,4548.333496,4530.256348,4433.077148,4598.589844,4417.179688,4599.871582,4535.256348,4443.717773,4560.769043,4534.871582,2817,0,5,2561,58584,,,,0,4,4,4,4,4,4,4,4,4,4,4,4,4,4,4,4,4,4,4,4,4,4,4,4,4,4,4,4,4,4,4,4,100,,,,,,,,,,,,,,,,,,,,,,,,,,,,,,,,,,,13797,0,0.62084,-0.32074,-0.283936,0.656555,0.999634,-0.053717,0.001953,13,36.166668,-25.833334,,,,,,,,,,,,,,,,,,,,,,,,,,,,,,,,,,,,,,,,,,,,,,,,,,,,,,,,,,,,,,,,,,,,,,,,,,,,,,,,,,,,,,,,,,,,,,,,,,,,,,,,,,,,,,,,,,,,,,,,,,,,,,,,,,,,,,,,,,,,,,,,,,,,,,,,,,,,,,,,
1764669114.390298,55190,0,4401.922852,4416.153809,4531.666504,4535.897461,4406.153809,4542.94873,4556.282227,4385,4565,4401.410156,4497.436035,4526.666504,4574.743652,4402.94873,4406.153809,4511.922852,4561.922852,4547.563965,4520.512695,4401.538574,4385.256348,4576.794922,4527.05127,4506.153809,4429.743652,4579.615234,4394.615234,4576.410156,4521.666504,4415.769043,4541.922852,4536.025879,2941,0,5,2562,58592,,,,0,4,4,4,4,4,4,4,4,4,4,4,4,4,4,4,4,4,4,4,4,4,4,4,4,4,4,4,4,4,4,4,4,100,,,,,,,,,,,,,,,,,,,,,,,,,,,,,,,,,,,,,,,,,,,,,,,,,,,,,,,,,,,,,,,,,,,,,,,,,,,,,,,,,,,,,,,,,,,,,,,,,,,,,,,,,,,,,,,,,,,,,,,,,,,,,,,,,,,,,,,,,,,,,,,,,,,,,,,,,,,,,,,,,,,,,,,,,,,,,,,,,,,,,,,,,,,,,,,,,,,,,,,,,,,,,,
1764669114.394204,55191,0,4387.179688,4398.974121,4514.743652,4521.666504,4392.05127,4527.94873,4541.538574,4371.538574,4550,4388.846191,4489.487305,4513.205078,4559.230957,4393.205078,4395.128418,4497.563965,4544.487305,4523.589844,4494.871582,4380.769043,4367.307617,4559.358887,4511.410156,4487.179688,4413.205078,4565.897461,4376.794922,4557.563965,4510.128418,4387.307617,4523.077148,4528.717773,2862,0,5,2562,58592,,,,0,4,4,4,4,4,4,4,4,4,4,4,4,4,4,4,4,4,4,4,4,4,4,4,4,4,4,4,4,4,4,4,4,100,,,,,,,,,,,,,,,,,,,,,,,,,,,,,,,,,,,,,,,,,,,,,,,,,,,,,,,,,,,,,,,,,,,,,,,,,,,,,,,,,,,,,,,,,,,,,,,,,,,,,,,,,,,,,,,,,,,,,,,,,,,,,,,,,,,,,,,,,,,,,,,,,,,,,,,,,,,,,,,,,,,,,,,,,,,,,,,,,,,,,,,,,,,,,,,,,,,,,,,,,,,,,,
1764669114.398110,55192,0,4382.307617,4391.282227,4505.128418,4511.794922,4386.666504,4520.512695,4534.230957,4368.077148,4545.512695,4381.794922,4490.512695,4510.128418,4555.128418,4389.487305,4388.333496,4496.922852,4537.820313,4514.743652,4482.307617,4374.102539,4370.384766,4555.641113,4509.102539,4482.692383,4396.794922,4563.205078,4370.384766,4551.538574,4506.153809,4372.307617,4514.615234,4519.487305,2726,0,5,2561,58599,,,,0,4,4,4,4,4,4,4,4,4,4,4,4,4,4,4,4,4,4,4,4,4,4,4,4,4,4,4,4,4,4,4,4,100,,,,,,,,,,,,,,,,,,,,,,,,,,,,,,,,,,,,,,,,,,,,,,,2.427795,3.820294,2.072714,2.151834,1.332123,6.046234,3.882783,2.32754,2.078977,1.503335,4.871056,6.944136,4.422466,3.607234,1.905451,2.538231,2.75463,2.822592,1.619357,1.726029,3.236063,3.250883,3.304898,1.871404,1.589491,4.022667,2.835114,1.908661,1.739713,1.336191,2.958445,4.65309,3.273301,2.088321,1.55101,2.063522,3.161979,3.089219,1.688474,1.77135,2.80345,1.809912,2.659153,2.316319,1.780058,3.988333,2.317725,3.490284,4.551273,3.116496,1.849272,2.061968,1.886738,1.221666,0.999446,2.944243,2.329744,2.897326,1.931566,1.260204,1.879555,3.173878,2.146275,1.885029,1.218964,1.234665,1.776354,1.197345,1.579509,0.893406,2.283201,2.023903,2.689139,2.01146,1.187152,3.200856,5.096355,3.601595,2.257509,1.871409,3.662508,4.833705,3.399861,2.41048,1.610069,3.956167,8.367494,6.20651,2.559103,2.325309,3.607277,6.628471,5.522299,1.507938,1.593674,2.60954,4.260869,3.410029,2.100778,1.338012,4.222531,7.407096,6.126893,2.38045,1.112569,4.408972,6.021547,3.932299,3.1411,1.657714,3.004994,3.874563,2.338534,2.324487,1.443691,4.984425,5.009841,3.037454,2.551981,1.573689,15.375071,5.117562,5.961683,3.849211,4.215036,6.082688,2.028917,2.787704,1.884774,1.192187,5.684681,3.451246,3.789969,2.820018,1.616584,4.705482,3.838553,2.887591,2.449141,1.643243,2.556804,1.441061,1.224819,1.049341,0.665999,5.704613,3.409923,2.795704,2.285385,1.429859,9.189146,4.332362,6.080127,2.791974,1.963564,7.056754,4.503556,5.749857,2.736073,2.358212
1764669114.402016,55193,0,4389.487305,4396.153809,4508.846191,4513.205078,4392.94873,4523.717773,4538.461426,4377.05127,4554.743652,4386.282227,4500.384766,4517.692383,4564.358887,4393.333496,4388.077148,4507.563965,4544.230957,4522.692383,4487.05127,4382.179688,4388.589844,4565.256348,4520,4493.589844,4394.230957,4571.538574,4376.666504,4559.871582,4511.282227,4376.922852,4522.05127,4517.436035,2894,0,5,2561,58599,,,,0,4,4,4,4,4,4,4,4,4,4,4,4,4,4,4,4,4,4,4,4,4,4,4,4,4,4,4,4,4,4,4,4,100,,,,,,,,,,,,,,,,,,,,,,,,,,,,,,,,,,,13798,0,0.621219,-0.320313,-0.283447,0.656616,0.97131,-0.078135,0.036137,12.666667,37,-25.833334,,,,,,,,,,,,,,,,,,,,,,,,,,,,,,,,,,,,,,,,,,,,,,,,,,,,,,,,,,,,,,,,,,,,,,,,,,,,,,,,,,,,,,,,,,,,,,,,,,,,,,,,,,,,,,,,,,,,,,,,,,,,,,,,,,,,,,,,,,,,,,,,,,,,,,,,,,,,,,,,
1764669114.405922,55194,0,4403.589844,4410,4522.179688,4525.512695,4408.077148,4535.128418,4551.153809,4392.820313,4572.563965,4401.922852,4513.717773,4530.128418,4580.256348,4400.641113,4392.05127,4520.512695,4558.846191,4539.358887,4503.333496,4397.563965,4408.461426,4580.128418,4536.282227,4511.282227,4407.94873,4585,4391.538574,4575.769043,4521.922852,4396.794922,4540.512695,4525.897461,1835,0,5,2048,58607,,,,0,4,4,4,4,4,4,4,4,4,4,4,4,4,4,4,4,4,4,4,4,4,4,4,4,4,4,4,4,4,4,4,4,100,,,,,,,,,,,,,,,,,,,,,,,,,,,,,,,,,,,,,,,,,,,,,,,,,,,,,,,,,,,,,,,,,,,,,,,,,,,,,,,,,,,,,,,,,,,,,,,,,,,,,,,,,,,,,,,,,,,,,,,,,,,,,,,,,,,,,,,,,,,,,,,,,,,,,,,,,,,,,,,,,,,,,,,,,,,,,,,,,,,,,,,,,,,,,,,,,,,,,,,,,,,,,,
1764669114.409828,55195,0,4415.512695,4423.846191,4534.230957,4540.641113,4424.102539,4547.820313,4563.461426,4405.256348,4588.717773,4421.153809,4522.692383,4539.615234,4591.538574,4405.384766,4395.769043,4526.794922,4571.666504,4551.922852,4519.615234,4410.128418,4418.846191,4589.487305,4547.563965,4523.461426,4426.538574,4594.743652,4406.410156,4588.205078,4530.641113,4419.358887,4557.05127,4538.717773,2456,0,5,2048,58607,,,,0,4,4,4,4,4,4,4,4,4,4,4,4,4,4,4,4,4,4,4,4,4,4,4,4,4,4,4,4,4,4,4,4,100,,,,,,,,,,,,,,,,,,,,,,,,,,,,,,,,,,,,,,,,,,,,,,,,,,,,,,,,,,,,,,,,,,,,,,,,,,,,,,,,,,,,,,,,,,,,,,,,,,,,,,,,,,,,,,,,,,,,,,,,,,,,,,,,,,,,,,,,,,,,,,,,,,,,,,,,,,,,,,,,,,,,,,,,,,,,,,,,,,,,,,,,,,,,,,,,,,,,,,,,,,,,,,
1764669114.413734,55196,0,4418.717773,4429.358887,4535.897461,4548.333496,4431.410156,4554.615234,4566.794922,4406.410156,4594.871582,4433.077148,4522.436035,4541.410156,4590.897461,4404.102539,4396.538574,4523.077148,4574.615234,4552.436035,4526.666504,4413.077148,4417.563965,4587.563965,4547.820313,4522.820313,4434.615234,4594.871582,4413.589844,4589.615234,4532.179688,4431.666504,4559.487305,4545.641113,2635,0,5,2304,58615,,,,0,4,4,4,4,4,4,4,4,4,4,4,4,4,4,4,4,4,4,4,4,4,4,4,4,4,4,4,4,4,4,4,4,100,,,,,,,,,,,,,,,,,,,,,,,,,,,,,,,,,,,,,,,,,,,,,,,,,,,,,,,,,,,,,,,,,,,,,,,,,,,,,,,,,,,,,,,,,,,,,,,,,,,,,,,,,,,,,,,,,,,,,,,,,,,,,,,,,,,,,,,,,,,,,,,,,,,,,,,,,,,,,,,,,,,,,,,,,,,,,,,,,,,,,,,,,,,,,,,,,,,,,,,,,,,,,,
1764669114.417640,55197,0,4412.94873,4424.871582,4526.538574,4543.974121,4426.282227,4552.820313,4559.487305,4396.666504,4590.641113,4432.05127,4514.871582,4537.05127,4581.153809,4399.102539,4395.512695,4513.589844,4567.179688,4542.692383,4523.589844,4406.538574,4410.128418,4577.307617,4539.230957,4511.666504,4427.179688,4586.282227,4410,4580.641113,4526.538574,4428.589844,4546.282227,4539.358887,2488,0,5,2304,58615,,,,0,4,4,4,4,4,4,4,4,4,4,4,4,4,4,4,4,4,4,4,4,4,4,4,4,4,4,4,4,4,4,4,4,100,,,,,,,,,,,,,,,,,,,,,,,,,,,,,,,,,,,13799,0,0.622443,-0.320068,-0.282166,0.656128,0.967403,-0.064461,0.038091,14.166667,37,-26.666666,,,,,,,,,,,,,,,,,,,,,,,,,,,,,,,,,,,,,,,,,,,,,,,,,,,,,,,,,,,,,,,,,,,,,,,,,,,,,,,,,,,,,,,,,,,,,,,,,,,,,,,,,,,,,,,,,,,,,,,,,,,,,,,,,,,,,,,,,,,,,,,,,,,,,,,,,,,,,,,,
1764669114.421546,55198,0,4403.974121,4415.769043,4514.102539,4531.538574,4412.820313,4546.025879,4547.307617,4383.333496,4582.307617,4421.538574,4506.282227,4531.666504,4571.666504,4396.025879,4396.025879,4506.922852,4556.282227,4532.563965,4516.538574,4396.025879,4403.461426,4567.692383,4529.487305,4499.615234,4412.94873,4575.128418,4398.846191,4568.461426,4518.846191,4415.384766,4527.436035,4521.538574,2744,0,5,2560,58623,,,,0,4,4,4,4,4,4,4,4,4,4,4,4,4,4,4,4,4,4,4,4,4,4,4,4,4,4,4,4,4,4,4,4,100,,,,,,,,,,,,,,,,,,,,,,,,,,,,,,,,,,,,,,,,,,,,,,,,,,,,,,,,,,,,,,,,,,,,,,,,,,,,,,,,,,,,,,,,,,,,,,,,,,,,,,,,,,,,,,,,,,,,,,,,,,,,,,,,,,,,,,,,,,,,,,,,,,,,,,,,,,,,,,,,,,,,,,,,,,,,,,,,,,,,,,,,,,,,,,,,,,,,,,,,,,,,,,
1764669114.425452,55199,0,4397.692383,4408.846191,4507.179688,4519.358887,4400.769043,4539.743652,4538.077148,4374.230957,4576.410156,4409.615234,4502.05127,4529.871582,4570.128418,4398.077148,4400,4507.692383,4549.102539,4530.256348,4512.436035,4387.820313,4400.512695,4565.641113,4525.128418,4494.358887,4404.871582,4567.436035,4386.025879,4560.512695,4514.230957,4401.538574,4515,4500.256348,2750,0,5,2560,58623,,,,0,4,4,4,4,4,4,4,4,4,4,4,4,4,4,4,4,4,4,4,4,4,4,4,4,4,4,4,4,4,4,4,4,100,,,,,,,,,,,,,,,,,,,,,,,,,,,,,,,,,,,,,,,,,,,,,,,,,,,,,,,,,,,,,,,,,,,,,,,,,,,,,,,,,,,,,,,,,,,,,,,,,,,,,,,,,,,,,,,,,,,,,,,,,,,,,,,,,,,,,,,,,,,,,,,,,,,,,,,,,,,,,,,,,,,,,,,,,,,,,,,,,,,,,,,,,,,,,,,,,,,,,,,,,,,,,,
1764669114.429358,55200,0,4396.025879,4406.153809,4507.179688,4513.717773,4396.538574,4537.05127,4535.128418,4371.666504,4574.230957,4401.538574,4501.922852,4531.282227,4575.256348,4402.94873,4404.743652,4513.461426,4547.820313,4535.384766,4512.692383,4384.102539,4399.230957,4570.256348,4526.153809,4496.794922,4405.897461,4565.256348,4376.538574,4558.077148,4513.589844,4393.461426,4513.717773,4485.512695,2824,0,5,2560,58631,,,,0,4,4,4,4,4,4,4,4,4,4,4,4,4,4,4,4,4,4,4,4,4,4,4,4,4,4,4,4,4,4,4,4,100,,,,,,,,,,,,,,,,,,,,,,,,,,,,,,,,,,,,,,,,,,,,,,,,,,,,,,,,,,,,,,,,,,,,,,,,,,,,,,,,,,,,,,,,,,,,,,,,,,,,,,,,,,,,,,,,,,,,,,,,,,,,,,,,,,,,,,,,,,,,,,,,,,,,,,,,,,,,,,,,,,,,,,,,,,,,,,,,,,,,,,,,,,,,,,,,,,,,,,,,,,,,,,
1764669114.433264,55201,0,4396.538574,4405.128418,4508.333496,4514.358887,4399.487305,4536.794922,4536.410156,4372.563965,4572.820313,4396.282227,4501.794922,4533.205078,4579.743652,4404.615234,4405.897461,4517.692383,4549.487305,4541.666504,4514.615234,4383.589844,4396.025879,4575.128418,4527.692383,4501.922852,4408.589844,4566.410156,4372.94873,4557.692383,4514.358887,4391.410156,4518.974121,4482.179688,2930,0,5,2560,58631,,,,0,4,4,4,4,4,4,4,4,4,4,4,4,4,4,4,4,4,4,4,4,4,4,4,4,4,4,4,4,4,4,4,4,100,,,,,,,,,,,,,,,,,,,,,,,,,,,,,,,,,,,13800,0,0.623385,-0.320129,-0.28186,0.655334,0.971798,-0.050787,0.019045,13.666667,36.833332,-27.166666,,,,,,,,,,,,,,,,,,,,,,,,,,,,,,,,,,,,,,,,,,,,,,,,,,,,,,,,,,,,,,,,,,,,,,,,,,,,,,,,,,,,,,,,,,,,,,,,,,,,,,,,,,,,,,,,,,,,,,,,,,,,,,,,,,,,,,,,,,,,,,,,,,,,,,,,,,,,,,,,
1764669114.437170,55202,0,4396.153809,4402.436035,4504.743652,4517.307617,4404.230957,4537.179688,4538.205078,4373.461426,4569.102539,4390.897461,4499.102539,4534.230957,4578.077148,4400.384766,4402.179688,4517.692383,4550.384766,4544.487305,4515.641113,4385.128418,4391.538574,4576.282227,4526.153809,4505.256348,4404.487305,4568.333496,4375.641113,4556.538574,4514.102539,4393.205078,4524.487305,4489.358887,2699,0,5,2561,58638,,,,0,4,4,4,4,4,4,4,4,4,4,4,4,4,4,4,4,4,4,4,4,4,4,4,4,4,4,4,4,4,4,4,4,100,,,,,,,,,,,,,,,,,,,,,,,,,,,,,,,,,,,,,,,,,,,,,,,,,,,,,,,,,,,,,,,,,,,,,,,,,,,,,,,,,,,,,,,,,,,,,,,,,,,,,,,,,,,,,,,,,,,,,,,,,,,,,,,,,,,,,,,,,,,,,,,,,,,,,,,,,,,,,,,,,,,,,,,,,,,,,,,,,,,,,,,,,,,,,,,,,,,,,,,,,,,,,,
1764669114.441076,55203,0,4395.128418,4399.358887,4496.410156,4520.128418,4407.179688,4538.333496,4540.128418,4374.871582,4564.358887,4386.282227,4496.410156,4536.153809,4573.333496,4394.487305,4397.820313,4517.436035,4551.282227,4546.666504,4517.436035,4390.512695,4390.128418,4575.512695,4523.205078,4507.563965,4396.666504,4571.025879,4383.333496,4556.153809,4513.461426,4397.436035,4527.692383,4501.282227,2868,0,5,2561,58638,,,,0,4,4,4,4,4,4,4,4,4,4,4,4,4,4,4,4,4,4,4,4,4,4,4,4,4,4,4,4,4,4,4,4,100,,,,,,,,,,,,,,,,,,,,,,,,,,,,,,,,,,,,,,,,,,,,,,,,,,,,,,,,,,,,,,,,,,,,,,,,,,,,,,,,,,,,,,,,,,,,,,,,,,,,,,,,,,,,,,,,,,,,,,,,,,,,,,,,,,,,,,,,,,,,,,,,,,,,,,,,,,,,,,,,,,,,,,,,,,,,,,,,,,,,,,,,,,,,,,,,,,,,,,,,,,,,,,
1764669114.444982,55204,0,4395.897461,4400.256348,4489.230957,4523.717773,4408.589844,4541.794922,4545,4379.871582,4563.461426,4386.538574,4498.461426,4541.410156,4573.077148,4395,4399.230957,4523.205078,4555.897461,4553.205078,4523.333496,4402.05127,4396.794922,4577.94873,4523.846191,4512.179688,4395.641113,4576.025879,4393.589844,4560.128418,4515,4404.358887,4531.153809,4512.94873,2753,0,5,2562,58646,,,,0,4,4,4,4,4,4,4,4,4,4,4,4,4,4,4,4,4,4,4,4,4,4,4,4,4,4,4,4,4,4,4,4,100,,,,,,,,,,,,,,,,,,,,,,,,,,,,,,,,,,,,,,,,,,,,,,,,,,,,,,,,,,,,,,,,,,,,,,,,,,,,,,,,,,,,,,,,,,,,,,,,,,,,,,,,,,,,,,,,,,,,,,,,,,,,,,,,,,,,,,,,,,,,,,,,,,,,,,,,,,,,,,,,,,,,,,,,,,,,,,,,,,,,,,,,,,,,,,,,,,,,,,,,,,,,,,
1764669114.448888,55205,0,4399.871582,4406.025879,4490.384766,4529.615234,4410.769043,4546.922852,4553.717773,4389.358887,4569.615234,4394.743652,4506.025879,4548.974121,4581.153809,4405.128418,4407.94873,4534.358887,4565,4563.589844,4532.692383,4417.94873,4411.153809,4585.897461,4529.871582,4520.256348,4407.05127,4583.333496,4401.666504,4568.589844,4519.102539,4411.922852,4536.538574,4520.256348,2846,0,5,2562,58646,,,,0,4,4,4,4,4,4,4,4,4,4,4,4,4,4,4,4,4,4,4,4,4,4,4,4,4,4,4,4,4,4,4,4,100,,,,,,,,,,,,,,,,,,,,,,,,,,,,,,,,,,,13801,0,0.624633,-0.320068,-0.28186,0.654175,0.971798,-0.050787,0.019045,14.5,37.5,-26.333334,,,,,,,,,,,,,,,,,,,,,,,,,,,,,,,,,,,,,,,,,,,,,,,,,,,,,,,,,,,,,,,,,,,,,,,,,,,,,,,,,,,,,,,,,,,,,,,,,,,,,,,,,,,,,,,,,,,,,,,,,,,,,,,,,,,,,,,,,,,,,,,,,,,,,,,,,,,,,,,,
1764669114.452794,55206,0,4403.717773,4411.922852,4500.769043,4536.410156,4412.94873,4548.974121,4561.794922,4398.461426,4579.230957,4407.179688,4513.205078,4553.461426,4591.538574,4418.333496,4417.436035,4542.692383,4572.820313,4570.384766,4539.871582,4430.128418,4425.512695,4594.230957,4536.666504,4527.179688,4421.538574,4589.743652,4402.94873,4576.025879,4522.563965,4414.743652,4540.641113,4521.410156,2830,0,5,2563,58654,,,,0,4,4,4,4,4,4,4,4,4,4,4,4,4,4,4,4,4,4,4,4,4,4,4,4,4,4,4,4,4,4,4,4,100,,,,,,,,,,,,,,,,,,,,,,,,,,,,,,,,,,,,,,,,,,,,,,,,,,,,,,,,,,,,,,,,,,,,,,,,,,,,,,,,,,,,,,,,,,,,,,,,,,,,,,,,,,,,,,,,,,,,,,,,,,,,,,,,,,,,,,,,,,,,,,,,,,,,,,,,,,,,,,,,,,,,,,,,,,,,,,,,,,,,,,,,,,,,,,,,,,,,,,,,,,,,,,
1764669114.456700,55207,0,4401.666504,4410,4514.871582,4539.615234,4411.666504,4543.205078,4562.307617,4399.871582,4585,4415.128418,4512.820313,4548.589844,4594.487305,4424.102539,4418.333496,4540.512695,4571.410156,4567.179688,4539.615234,4430.128418,4430.256348,4595,4536.538574,4525.769043,4421.922852,4589.871582,4394.871582,4575.128418,4520.769043,4407.820313,4537.563965,4516.025879,3012,0,5,2563,58654,,,,0,4,4,4,4,4,4,4,4,4,4,4,4,4,4,4,4,4,4,4,4,4,4,4,4,4,4,4,4,4,4,4,4,100,,,,,,,,,,,,,,,,,,,,,,,,,,,,,,,,,,,,,,,,,,,,,,,,,,,,,,,,,,,,,,,,,,,,,,,,,,,,,,,,,,,,,,,,,,,,,,,,,,,,,,,,,,,,,,,,,,,,,,,,,,,,,,,,,,,,,,,,,,,,,,,,,,,,,,,,,,,,,,,,,,,,,,,,,,,,,,,,,,,,,,,,,,,,,,,,,,,,,,,,,,,,,,
1764669114.460606,55208,0,4391.410156,4397.563965,4523.846191,4536.153809,4405.256348,4529.743652,4553.205078,4391.410156,4582.307617,4411.794922,4503.589844,4534.358887,4586.666504,4418.461426,4407.94873,4530.641113,4559.102539,4556.666504,4532.05127,4416.153809,4421.153809,4584.615234,4526.666504,4512.820313,4399.871582,4581.922852,4380.256348,4563.717773,4512.563965,4392.436035,4525.897461,4506.282227,2905,0,5,2564,58662,,,,0,4,4,4,4,4,4,4,4,4,4,4,4,4,4,4,4,4,4,4,4,4,4,4,4,4,4,4,4,4,4,4,4,100,,,,,,,,,,,,,,,,,,,,,,,,,,,,,,,,,,,,,,,,,,,,,,,,,,,,,,,,,,,,,,,,,,,,,,,,,,,,,,,,,,,,,,,,,,,,,,,,,,,,,,,,,,,,,,,,,,,,,,,,,,,,,,,,,,,,,,,,,,,,,,,,,,,,,,,,,,,,,,,,,,,,,,,,,,,,,,,,,,,,,,,,,,,,,,,,,,,,,,,,,,,,,,
1764669114.464512,55209,0,4378.077148,4381.410156,4523.205078,4528.333496,4396.794922,4516.025879,4540.512695,4378.974121,4574.358887,4399.615234,4492.179688,4518.461426,4575.384766,4407.820313,4394.487305,4524.487305,4544.487305,4550.128418,4523.717773,4395.897461,4404.230957,4569.230957,4513.461426,4494.743652,4367.563965,4570.384766,4366.666504,4547.94873,4502.307617,4377.05127,4511.153809,4497.179688,2782,0,5,2564,58662,,,,0,4,4,4,4,4,4,4,4,4,4,4,4,4,4,4,4,4,4,4,4,4,4,4,4,4,4,4,4,4,4,4,4,100,,,,,,,,,,,,,,,,,,,,,,,,,,,,,,,,,,,13802,0,0.625965,-0.319763,-0.281799,0.653076,1.003541,-0.019045,0.022464,14,36.333332,-26,,,,,,,,,,,,,,,,,,,,,,,,,,,,,,,,,,,,,,,,,,,,,,,,,,,,,,,,,,,,,,,,,,,,,,,,,,,,,,,,,,,,,,,,,,,,,,,,,,,,,,,,,,,,,,,,,,,,,,,,,,,,,,,,,,,,,,,,,,,,,,,,,,,,,,,,,,,,,,,,
1764669114.468418,55210,0,4370.128418,4372.436035,4514.358887,4521.538574,4392.94873,4510.256348,4534.358887,4372.563965,4569.487305,4388.333496,4488.077148,4510.512695,4572.307617,4403.461426,4389.358887,4531.025879,4538.717773,4555.641113,4520.897461,4380.641113,4390,4559.615234,4506.410156,4482.436035,4348.846191,4562.820313,4360.897461,4537.94873,4496.153809,4370.769043,4502.563965,4493.077148,2447,0,5,2563,58670,,,,0,4,4,4,4,4,4,4,4,4,4,4,4,4,4,4,4,4,4,4,4,4,4,4,4,4,4,4,4,4,4,4,4,100,,,,,,,,,,,,,,,,,,,,,,,,,,,,,,,,,,,,,,,,,,,,,,,,,,,,,,,,,,,,,,,,,,,,,,,,,,,,,,,,,,,,,,,,,,,,,,,,,,,,,,,,,,,,,,,,,,,,,,,,,,,,,,,,,,,,,,,,,,,,,,,,,,,,,,,,,,,,,,,,,,,,,,,,,,,,,,,,,,,,,,,,,,,,,,,,,,,,,,,,,,,,,,
1764669114.472324,55211,0,4371.410156,4375.256348,4502.05127,4519.102539,4396.153809,4513.846191,4538.077148,4376.282227,4572.179688,4386.538574,4493.589844,4513.333496,4580.641113,4409.487305,4396.538574,4545.769043,4544.487305,4568.974121,4522.563965,4375.641113,4384.102539,4561.153809,4508.974121,4481.794922,4357.94873,4562.05127,4363.205078,4538.717773,4496.538574,4374.743652,4504.487305,4494.102539,2711,0,5,2563,58670,,,,0,4,4,4,4,4,4,4,4,4,4,4,4,4,4,4,4,4,4,4,4,4,4,4,4,4,4,4,4,4,4,4,4,100,,,,,,,,,,,,,,,,,,,,,,,,,,,,,,,,,,,,,,,,,,,,,,,,,,,,,,,,,,,,,,,,,,,,,,,,,,,,,,,,,,,,,,,,,,,,,,,,,,,,,,,,,,,,,,,,,,,,,,,,,,,,,,,,,,,,,,,,,,,,,,,,,,,,,,,,,,,,,,,,,,,,,,,,,,,,,,,,,,,,,,,,,,,,,,,,,,,,,,,,,,,,,,
1764669114.476230,55212,0,4375.897461,4383.077148,4489.871582,4518.205078,4401.153809,4519.358887,4544.871582,4382.94873,4577.436035,4393.333496,4501.153809,4518.717773,4590.769043,4418.589844,4407.563965,4553.461426,4552.307617,4575.128418,4521.666504,4375.897461,4382.820313,4567.692383,4514.487305,4487.179688,4384.871582,4563.974121,4366.025879,4543.974121,4499.230957,4380.512695,4511.025879,4494.743652,2486,0,5,2564,58677,,,,0,4,4,4,4,4,4,4,4,4,4,4,4,4,4,4,4,4,4,4,4,4,4,4,4,4,4,4,4,4,4,4,4,100,,,,,,,,,,,,,,,,,,,,,,,,,,,,,,,,,,,,,,,,,,,,,,,,,,,,,,,,,,,,,,,,,,,,,,,,,,,,,,,,,,,,,,,,,,,,,,,,,,,,,,,,,,,,,,,,,,,,,,,,,,,,,,,,,,,,,,,,,,,,,,,,,,,,,,,,,,,,,,,,,,,,,,,,,,,,,,,,,,,,,,,,,,,,,,,,,,,,,,,,,,,,,,
1764669114.480136,55213,0,4373.461426,4383.333496,4478.333496,4512.820313,4398.205078,4517.05127,4543.205078,4380.384766,4574.871582,4398.974121,4499.358887,4515.256348,4588.589844,4418.461426,4409.230957,4541.410156,4548.846191,4562.179688,4512.307617,4372.179688,4378.077148,4567.179688,4512.179688,4486.922852,4403.717773,4560.128418,4360.641113,4542.436035,4496.794922,4377.179688,4509.871582,4488.205078,2257,0,5,2564,58677,,,,0,4,4,4,4,4,4,4,4,4,4,4,4,4,4,4,4,4,4,4,4,4,4,4,4,4,4,4,4,4,4,4,4,100,,,,,,,,,,,,,,,,,,,,,,,,,,,,,,,,,,,13803,0,0.627062,-0.319519,-0.281616,0.652222,1.018191,-0.017092,0.060066,14.166667,35.833332,-25,,,,,,,,,,,,,,,,,,,,,,,,,,,,,,,,,,,,,,,,,,,,,,,,,,,,,,,,,,,,,,,,,,,,,,,,,,,,,,,,,,,,,,,,,,,,,,,,,,,,,,,,,,,,,,,,,,,,,,,,,,,,,,,,,,,,,,,,,,,,,,,,,,,,,,,,,,,,,,,,
1764669114.484042,55214,0,4360,4371.025879,4467.307617,4501.410156,4383.717773,4504.615234,4528.077148,4363.589844,4560.641113,4394.615234,4484.871582,4499.230957,4569.615234,4403.717773,4396.282227,4512.179688,4530.256348,4533.589844,4497.307617,4362.179688,4367.179688,4554.102539,4498.846191,4475.769043,4396.410156,4547.436035,4345.641113,4529.102539,4487.179688,4362.820313,4494.487305,4473.077148,2744,0,5,2563,58685,,,,0,4,4,4,4,4,4,4,4,4,4,4,4,4,4,4,4,4,4,4,4,4,4,4,4,4,4,4,4,4,4,4,4,100,,,,,,,,,,,,,,,,,,,,,,,,,,,,,,,,,,,,,,,,,,,,,,,,,,,,,,,,,,,,,,,,,,,,,,,,,,,,,,,,,,,,,,,,,,,,,,,,,,,,,,,,,,,,,,,,,,,,,,,,,,,,,,,,,,,,,,,,,,,,,,,,,,,,,,,,,,,,,,,,,,,,,,,,,,,,,,,,,,,,,,,,,,,,,,,,,,,,,,,,,,,,,,
1764669114.487948,55215,0,4343.461426,4354.871582,4459.358887,4490.384766,4366.282227,4491.282227,4508.077148,4342.307617,4542.692383,4381.153809,4466.666504,4479.871582,4544.743652,4382.436035,4377.05127,4482.94873,4507.94873,4506.922852,4487.05127,4354.743652,4357.307617,4536.666504,4483.205078,4461.538574,4370.256348,4532.94873,4331.025879,4512.692383,4477.307617,4348.077148,4471.922852,4456.794922,2456,0,5,2563,58685,,,,0,4,4,4,4,4,4,4,4,4,4,4,4,4,4,4,4,4,4,4,4,4,4,4,4,4,4,4,4,4,4,4,4,100,,,,,,,,,,,,,,,,,,,,,,,,,,,,,,,,,,,,,,,,,,,,,,,,,,,,,,,,,,,,,,,,,,,,,,,,,,,,,,,,,,,,,,,,,,,,,,,,,,,,,,,,,,,,,,,,,,,,,,,,,,,,,,,,,,,,,,,,,,,,,,,,,,,,,,,,,,,,,,,,,,,,,,,,,,,,,,,,,,,,,,,,,,,,,,,,,,,,,,,,,,,,,,
1764669114.491854,55216,0,4338.589844,4351.538574,4460.512695,4490.512695,4361.666504,4491.025879,4499.358887,4333.974121,4535.512695,4370.128418,4459.743652,4472.436035,4532.563965,4369.871582,4367.05127,4472.94873,4500.256348,4500.897461,4490.512695,4361.410156,4359.871582,4531.282227,4479.615234,4459.358887,4351.922852,4530.512695,4330.897461,4509.102539,4478.461426,4348.589844,4460.384766,4451.794922,2901,0,5,2563,58693,,,,0,4,4,4,4,4,4,4,4,4,4,4,4,4,4,4,4,4,4,4,4,4,4,4,4,4,4,4,4,4,4,4,4,100,,,,,,,,,,,,,,,,,,,,,,,,,,,,,,,,,,,,,,,,,,,,,,,,,,,,,,,,,,,,,,,,,,,,,,,,,,,,,,,,,,,,,,,,,,,,,,,,,,,,,,,,,,,,,,,,,,,,,,,,,,,,,,,,,,,,,,,,,,,,,,,,,,,,,,,,,,,,,,,,,,,,,,,,,,,,,,,,,,,,,,,,,,,,,,,,,,,,,,,,,,,,,,
1764669114.495760,55217,0,4354.230957,4370.769043,4475.128418,4507.05127,4379.230957,4510.897461,4512.692383,4349.743652,4547.94873,4372.94873,4472.563965,4485.897461,4543.846191,4376.025879,4376.025879,4487.94873,4516.922852,4520.128418,4506.794922,4384.743652,4378.205078,4547.307617,4495.897461,4477.820313,4362.436035,4548.205078,4352.436035,4527.820313,4495.128418,4372.05127,4474.102539,4465.512695,2943,0,5,2563,58693,,,,0,4,4,4,4,4,4,4,4,4,4,4,4,4,4,4,4,4,4,4,4,4,4,4,4,4,4,4,4,4,4,4,4,100,,,,,,,,,,,,,,,,,,,,,,,,,,,,,,,,,,,13804,0,0.628367,-0.319519,-0.28125,0.651123,1.022586,-0.013185,0.022952,14,38,-25.166666,,,,,,,,,,,,,,,,,,,,,,,,,,,,,,,,,,,,,,,,,,,,,,,,,,,,,,,,,,,,,,,,,,,,,,,,,,,,,,,,,,,,,,,,,,,,,,,,,,,,,,,,,,,,,,,,,,,,,,,,,,,,,,,,,,,,,,,,,,,,,,,,,,,,,,,,,,,,,,,,
1764669114.499666,55218,0,4384.102539,4405.256348,4498.974121,4533.461426,4411.794922,4543.205078,4542.94873,4382.94873,4575.128418,4389.871582,4498.589844,4513.846191,4571.794922,4396.538574,4399.871582,4515.256348,4548.846191,4549.487305,4523.974121,4412.05127,4401.922852,4575.769043,4524.230957,4508.846191,4396.666504,4578.205078,4387.05127,4561.282227,4520.256348,4408.974121,4509.871582,4493.077148,1797,0,5,2562,58701,,,,0,4,4,4,4,4,4,4,4,4,4,4,4,4,4,4,4,4,4,4,4,4,4,4,4,4,4,4,4,4,4,4,4,100,,,,,,,,,,,,,,,,,,,,,,,,,,,,,,,,,,,,,,,,,,,,,,,,,,,,,,,,,,,,,,,,,,,,,,,,,,,,,,,,,,,,,,,,,,,,,,,,,,,,,,,,,,,,,,,,,,,,,,,,,,,,,,,,,,,,,,,,,,,,,,,,,,,,,,,,,,,,,,,,,,,,,,,,,,,,,,,,,,,,,,,,,,,,,,,,,,,,,,,,,,,,,,
1764669114.503572,55219,0,4409.102539,4433.333496,4518.846191,4553.846191,4438.846191,4568.589844,4570.256348,4411.922852,4600.128418,4407.94873,4520.128418,4538.077148,4596.538574,4415.897461,4422.05127,4533.589844,4573.589844,4565.512695,4527.563965,4424.871582,4413.717773,4595.512695,4545.641113,4531.282227,4426.153809,4600.641113,4414.487305,4588.077148,4538.077148,4437.179688,4546.025879,4518.333496,2759,0,5,2562,58701,,,,0,4,4,4,4,4,4,4,4,4,4,4,4,4,4,4,4,4,4,4,4,4,4,4,4,4,4,4,4,4,4,4,4,100,,,,,,,,,,,,,,,,,,,,,,,,,,,,,,,,,,,,,,,,,,,,,,,,,,,,,,,,,,,,,,,,,,,,,,,,,,,,,,,,,,,,,,,,,,,,,,,,,,,,,,,,,,,,,,,,,,,,,,,,,,,,,,,,,,,,,,,,,,,,,,,,,,,,,,,,,,,,,,,,,,,,,,,,,,,,,,,,,,,,,,,,,,,,,,,,,,,,,,,,,,,,,,
1764669114.507478,55220,0,4412.307617,4435.512695,4521.282227,4553.846191,4441.794922,4570.641113,4575.512695,4416.410156,4606.153809,4412.179688,4522.436035,4542.563965,4600.512695,4419.487305,4426.666504,4528.205078,4572.307617,4553.974121,4511.922852,4413.717773,4403.333496,4590,4544.615234,4528.846191,4424.871582,4598.974121,4417.179688,4589.487305,4537.436035,4438.461426,4558.717773,4525.512695,2614,0,5,2304,58709,,,,0,4,4,4,4,4,4,4,4,4,4,4,4,4,4,4,4,4,4,4,4,4,4,4,4,4,4,4,4,4,4,4,4,100,,,,,,,,,,,,,,,,,,,,,,,,,,,,,,,,,,,,,,,,,,,,,,,,,,,,,,,,,,,,,,,,,,,,,,,,,,,,,,,,,,,,,,,,,,,,,,,,,,,,,,,,,,,,,,,,,,,,,,,,,,,,,,,,,,,,,,,,,,,,,,,,,,,,,,,,,,,,,,,,,,,,,,,,,,,,,,,,,,,,,,,,,,,,,,,,,,,,,,,,,,,,,,
1764669114.511384,55221,0,4392.94873,4411.538574,4504.615234,4533.077148,4419.487305,4549.615234,4556.410156,4393.974121,4590.384766,4400.256348,4506.538574,4526.410156,4583.205078,4405.897461,4410.769043,4503.333496,4546.794922,4523.461426,4487.563965,4387.307617,4377.820313,4563.205078,4523.205078,4505,4393.333496,4575.256348,4394.487305,4565.384766,4520.384766,4414.358887,4541.282227,4512.436035,2835,0,5,2304,58709,,,,0,4,4,4,4,4,4,4,4,4,4,4,4,4,4,4,4,4,4,4,4,4,4,4,4,4,4,4,4,4,4,4,4,100,,,,,,,,,,,,,,,,,,,,,,,,,,,,,,,,,,,13805,0,0.628367,-0.319519,-0.28125,0.651123,1.028446,0.00879,0.028324,12.833333,38,-23.5,,,,,,,,,,,,,,,,,,,,,,,,,,,,,,,,,,,,,,,,,,,,,,,,,,,,,,,,,,,,,,,,,,,,,,,,,,,,,,,,,,,,,,,,,,,,,,,,,,,,,,,,,,,,,,,,,,,,,,,,,,,,,,,,,,,,,,,,,,,,,,,,,,,,,,,,,,,,,,,,
1764669114.515290,55222,0,4368.974121,4381.794922,4483.077148,4507.05127,4390.641113,4523.589844,4529.871582,4363.205078,4567.05127,4386.025879,4488.717773,4506.282227,4561.922852,4387.94873,4387.94873,4478.205078,4518.846191,4498.461426,4473.589844,4367.307617,4358.717773,4538.205078,4500.641113,4481.153809,4359.487305,4550,4364.487305,4536.922852,4501.794922,4386.410156,4510.897461,4492.563965,2948,0,5,1024,58717,,,,0,4,4,4,4,4,4,4,4,4,4,4,4,4,4,4,4,4,4,4,4,4,4,4,4,4,4,4,4,4,4,4,4,100,,,,,,,,,,,,,,,,,,,,,,,,,,,,,,,,,,,,,,,,,,,,,,,,,,,,,,,,,,,,,,,,,,,,,,,,,,,,,,,,,,,,,,,,,,,,,,,,,,,,,,,,,,,,,,,,,,,,,,,,,,,,,,,,,,,,,,,,,,,,,,,,,,,,,,,,,,,,,,,,,,,,,,,,,,,,,,,,,,,,,,,,,,,,,,,,,,,,,,,,,,,,,,
1764669114.519196,55223,0,4362.820313,4371.922852,4476.282227,4496.282227,4379.230957,4515.128418,4519.358887,4349.871582,4556.922852,4387.179688,4486.538574,4502.05127,4557.179688,4382.179688,4377.436035,4472.692383,4513.205078,4500.897461,4483.717773,4371.153809,4365.128418,4538.077148,4497.307617,4480.384766,4354.102539,4545.641113,4351.025879,4529.358887,4497.436035,4378.717773,4494.230957,4484.230957,2869,0,5,1024,58717,,,,0,4,4,4,4,4,4,4,4,4,4,4,4,4,4,4,4,4,4,4,4,4,4,4,4,4,4,4,4,4,4,4,4,100,,,,,,,,,,,,,,,,,,,,,,,,,,,,,,,,,,,,,,,,,,,,,,,,,,,,,,,,,,,,,,,,,,,,,,,,,,,,,,,,,,,,,,,,,,,,,,,,,,,,,,,,,,,,,,,,,,,,,,,,,,,,,,,,,,,,,,,,,,,,,,,,,,,,,,,,,,,,,,,,,,,,,,,,,,,,,,,,,,,,,,,,,,,,,,,,,,,,,,,,,,,,,,
1764669114.523102,55224,0,4382.820313,4391.410156,4493.077148,4509.871582,4395.384766,4532.94873,4534.743652,4366.282227,4569.743652,4407.692383,4503.333496,4521.025879,4574.743652,4393.846191,4387.692383,4491.794922,4537.05127,4531.666504,4513.846191,4397.692383,4397.436035,4566.282227,4517.94873,4506.282227,4383.846191,4567.05127,4364.358887,4550.897461,4511.410156,4398.846191,4505.897461,4494.871582,2733,0,5,1280,58724,,,,0,4,4,4,4,4,4,4,4,4,4,4,4,4,4,4,4,4,4,4,4,4,4,4,4,4,4,4,4,4,4,4,4,100,0.878906,25,3,3,1,3,3,3,3,3,3,1,4,3,3,4,3,1,3,1,3,3,1,3,3,3,1,4,3,3,4,3,1,1,,,,,,,,,,,,,2.396077,3.691513,2.165697,2.333423,1.230171,6.55674,4.222721,2.499947,2.338548,1.37511,5.053503,7.436177,4.648129,3.980767,1.960402,2.480351,2.905131,2.69695,1.77849,1.565828,3.49122,3.637918,3.159281,2.114745,1.430463,4.193788,3.124984,2.069061,1.942448,1.236092,3.214432,5.019459,3.370146,2.261211,1.416169,2.150354,3.424685,3.024691,1.986665,1.514843,2.870998,1.795855,2.673614,2.483831,1.567569,3.852259,2.827888,4.456417,5.43306,3.32656,1.684771,2.036426,1.633262,1.332039,0.901603,2.797555,2.280419,3.20117,2.194997,1.15232,2.000167,3.258349,2.212551,2.020967,1.098143,1.193753,1.827613,1.254605,1.71721,0.830785,2.436617,2.359138,2.974633,2.219672,1.116814,3.543538,5.548131,3.983456,2.424024,1.982685,4.086915,5.078311,3.789802,2.648795,1.510502,4.195765,9.027012,7.031346,2.80575,2.504722,3.445408,7.063532,6.263488,1.669759,1.690109,2.975879,4.290158,3.994285,2.393597,1.356188,4.538777,8.374603,7.602029,2.844604,1.133157,4.790303,6.546161,4.452935,3.387869,1.589586,3.31692,4.063888,2.629723,2.543367,1.315471,5.206197,5.221364,3.382479,2.8105,1.447693,15.687268,4.634466,5.290522,3.949464,3.804788,6.662164,1.91298,2.708632,2.097427,1.166171,6.047808,3.374567,3.951773,3.167358,1.493635,4.946884,4.014304,3.137416,2.70514,1.515636,2.716518,1.474711,1.345009,1.175424,0.654353,6.024925,3.591504,2.598093,2.408726,1.315869,9.759645,4.079297,6.338608,3.2934,1.906998,7.488281,4.415236,6.209291,3.338231,2.324808
1764669114.527008,55225,0,4415.512695,4425.897461,4523.717773,4537.436035,4427.307617,4564.615234,4564.230957,4400.512695,4595.769043,4433.333496,4525.256348,4550.512695,4600.384766,4412.179688,4409.615234,4522.307617,4573.461426,4569.487305,4544.230957,4427.692383,4434.615234,4602.94873,4546.666504,4539.615234,4424.743652,4598.077148,4393.589844,4585.256348,4533.077148,4431.282227,4535.769043,4514.743652,2901,0,5,1280,58724,,,,0,4,4,4,4,4,4,4,4,4,4,4,4,4,4,4,4,4,4,4,4,4,4,4,4,4,4,4,4,4,4,4,4,100,,,,,,,,,,,,,,,,,,,,,,,,,,,,,,,,,,,13806,0,0.629012,-0.319092,-0.279297,0.65155,1.004029,-0.01465,0.061531,12.833333,37.5,-25.5,,,,,,,,,,,,,,,,,,,,,,,,,,,,,,,,,,,,,,,,,,,,,,,,,,,,,,,,,,,,,,,,,,,,,,,,,,,,,,,,,,,,,,,,,,,,,,,,,,,,,,,,,,,,,,,,,,,,,,,,,,,,,,,,,,,,,,,,,,,,,,,,,,,,,,,,,,,,,,,,
1764669114.530914,55226,0,4435.512695,4448.461426,4545.128418,4555.769043,4449.871582,4585.769043,4583.461426,4425.512695,4612.307617,4442.820313,4531.794922,4566.922852,4611.410156,4419.743652,4423.717773,4542.307617,4594.358887,4587.436035,4553.846191,4438.333496,4449.230957,4619.487305,4559.487305,4552.307617,4442.436035,4613.205078,4414.230957,4604.102539,4545.384766,4449.615234,4557.563965,4524.615234,1838,0,5,1536,58732,,,,0,4,4,4,4,4,4,4,4,4,4,4,4,4,4,4,4,4,4,4,4,4,4,4,4,4,4,4,4,4,4,4,4,100,,,,,,,,,,,,,,,,,,,,,,,,,,,,,,,,,,,,,,,,,,,,,,,,,,,,,,,,,,,,,,,,,,,,,,,,,,,,,,,,,,,,,,,,,,,,,,,,,,,,,,,,,,,,,,,,,,,,,,,,,,,,,,,,,,,,,,,,,,,,,,,,,,,,,,,,,,,,,,,,,,,,,,,,,,,,,,,,,,,,,,,,,,,,,,,,,,,,,,,,,,,,,,
1764669114.534820,55227,0,4426.410156,4440.384766,4538.717773,4546.666504,4444.102539,4578.717773,4574.487305,4419.230957,4602.436035,4425.769043,4513.461426,4555,4595.384766,4407.94873,4415.897461,4537.94873,4582.436035,4572.692383,4535.641113,4419.487305,4429.487305,4602.179688,4543.589844,4530.769043,4419.871582,4598.589844,4407.94873,4590.128418,4538.205078,4437.692383,4550.384766,4512.563965,2463,0,5,1536,58732,,,,0,4,4,4,4,4,4,4,4,4,4,4,4,4,4,4,4,4,4,4,4,4,4,4,4,4,4,4,4,4,4,4,4,100,,,,,,,,,,,,,,,,,,,,,,,,,,,,,,,,,,,,,,,,,,,,,,,,,,,,,,,,,,,,,,,,,,,,,,,,,,,,,,,,,,,,,,,,,,,,,,,,,,,,,,,,,,,,,,,,,,,,,,,,,,,,,,,,,,,,,,,,,,,,,,,,,,,,,,,,,,,,,,,,,,,,,,,,,,,,,,,,,,,,,,,,,,,,,,,,,,,,,,,,,,,,,,
1764669114.538726,55228,0,4394.230957,4407.05127,4505.897461,4512.94873,4412.692383,4546.794922,4541.282227,4383.461426,4569.487305,4391.282227,4479.743652,4521.153809,4561.282227,4385.128418,4390.384766,4513.589844,4545.897461,4536.282227,4502.307617,4382.692383,4388.974121,4563.077148,4508.717773,4488.077148,4371.922852,4563.077148,4377.307617,4551.794922,4516.282227,4402.436035,4515.897461,4485.128418,2633,0,5,1792,58740,,,,0,4,4,4,4,4,4,4,4,4,4,4,4,4,4,4,4,4,4,4,4,4,4,4,4,4,4,4,4,4,4,4,4,100,,,,,,,,,,,,,,,,,,,,,,,,,,,,,,,,,,,,,,,,,,,,,,,,,,,,,,,,,,,,,,,,,,,,,,,,,,,,,,,,,,,,,,,,,,,,,,,,,,,,,,,,,,,,,,,,,,,,,,,,,,,,,,,,,,,,,,,,,,,,,,,,,,,,,,,,,,,,,,,,,,,,,,,,,,,,,,,,,,,,,,,,,,,,,,,,,,,,,,,,,,,,,,
1764669114.542632,55229,0,4363.205078,4373.461426,4468.974121,4478.077148,4378.205078,4512.820313,4507.179688,4343.205078,4536.282227,4362.05127,4452.820313,4489.743652,4532.94873,4368.974121,4365.256348,4487.563965,4512.05127,4504.487305,4477.436035,4352.692383,4356.666504,4531.538574,4480.641113,4454.487305,4333.589844,4532.692383,4344.615234,4516.922852,4496.282227,4368.974121,4478.589844,4462.692383,2487,0,5,1792,58740,,,,0,4,4,4,4,4,4,4,4,4,4,4,4,4,4,4,4,4,4,4,4,4,4,4,4,4,4,4,4,4,4,4,4,100,,,,,,,,,,,,,,,,,,,,,,,,,,,,,,,,,,,13807,0,0.629276,-0.319031,-0.277771,0.651978,0.998657,-0.064949,0.13527,15.166667,38.833332,-25.166666,,,,,,,,,,,,,,,,,,,,,,,,,,,,,,,,,,,,,,,,,,,,,,,,,,,,,,,,,,,,,,,,,,,,,,,,,,,,,,,,,,,,,,,,,,,,,,,,,,,,,,,,,,,,,,,,,,,,,,,,,,,,,,,,,,,,,,,,,,,,,,,,,,,,,,,,,,,,,,,,
1764669114.546538,55230,0,4357.563965,4364.358887,4455.128418,4467.94873,4366.282227,4501.666504,4496.666504,4327.820313,4527.307617,4357.179688,4451.538574,4483.974121,4530.128418,4372.436035,4358.846191,4479.230957,4505.897461,4499.871582,4478.717773,4349.358887,4355.384766,4530.769043,4480.641113,4454.102539,4332.563965,4529.871582,4334.615234,4511.794922,4493.205078,4360.897461,4467.179688,4463.333496,2743,0,5,2048,58748,,,,0,4,4,4,4,4,4,4,4,4,4,4,4,4,4,4,4,4,4,4,4,4,4,4,4,4,4,4,4,4,4,4,4,100,,,,,,,,,,,,,,,,,,,,,,,,,,,,,,,,,,,,,,,,,,,,,,,,,,,,,,,,,,,,,,,,,,,,,,,,,,,,,,,,,,,,,,,,,,,,,,,,,,,,,,,,,,,,,,,,,,,,,,,,,,,,,,,,,,,,,,,,,,,,,,,,,,,,,,,,,,,,,,,,,,,,,,,,,,,,,,,,,,,,,,,,,,,,,,,,,,,,,,,,,,,,,,
1764669114.550444,55231,0,4381.666504,4385.512695,4474.743652,4490.512695,4385.769043,4521.153809,4516.794922,4347.692383,4549.102539,4378.205078,4476.025879,4508.077148,4553.974121,4393.205078,4374.743652,4494.487305,4531.410156,4524.743652,4505,4373.205078,4384.871582,4560.128418,4509.230957,4486.025879,4367.692383,4555.897461,4355.512695,4540.384766,4509.615234,4382.820313,4490.769043,4487.436035,2749,0,5,2048,58748,,,,0,4,4,4,4,4,4,4,4,4,4,4,4,4,4,4,4,4,4,4,4,4,4,4,4,4,4,4,4,4,4,4,4,100,,,,,,,,,,,,,,,,,,,,,,,,,,,,,,,,,,,,,,,,,,,,,,,,,,,,,,,,,,,,,,,,,,,,,,,,,,,,,,,,,,,,,,,,,,,,,,,,,,,,,,,,,,,,,,,,,,,,,,,,,,,,,,,,,,,,,,,,,,,,,,,,,,,,,,,,,,,,,,,,,,,,,,,,,,,,,,,,,,,,,,,,,,,,,,,,,,,,,,,,,,,,,,
1764669114.554350,55232,0,4417.179688,4420,4513.077148,4529.487305,4422.179688,4556.025879,4551.922852,4386.794922,4585,4409.230957,4508.205078,4543.717773,4586.794922,4415.897461,4399.743652,4521.025879,4569.615234,4560.256348,4537.179688,4405.641113,4422.692383,4597.05127,4545.897461,4527.307617,4411.922852,4590.769043,4392.692383,4581.794922,4533.077148,4417.94873,4531.922852,4516.794922,2830,0,5,2304,58756,,,,0,4,4,4,4,4,4,4,4,4,4,4,4,4,4,4,4,4,4,4,4,4,4,4,4,4,4,4,4,4,4,4,4,100,,,,,,,,,,,,,,,,,,,,,,,,,,,,,,,,,,,,,,,,,,,,,,,,,,,,,,,,,,,,,,,,,,,,,,,,,,,,,,,,,,,,,,,,,,,,,,,,,,,,,,,,,,,,,,,,,,,,,,,,,,,,,,,,,,,,,,,,,,,,,,,,,,,,,,,,,,,,,,,,,,,,,,,,,,,,,,,,,,,,,,,,,,,,,,,,,,,,,,,,,,,,,,
1764669114.558256,55233,0,4437.692383,4441.538574,4541.794922,4557.563965,4448.717773,4579.615234,4576.410156,4416.153809,4608.461426,4428.589844,4525.512695,4565,4606.794922,4424.358887,4414.358887,4537.94873,4592.820313,4580.384766,4551.922852,4422.820313,4441.025879,4615.128418,4565.641113,4549.743652,4433.589844,4609.358887,4420.512695,4607.179688,4546.922852,4441.025879,4560,4529.102539,2939,0,5,2304,58756,,,,0,4,4,4,4,4,4,4,4,4,4,4,4,4,4,4,4,4,4,4,4,4,4,4,4,4,4,4,4,4,4,4,4,100,,,,,,,,,,,,,,,,,,,,,,,,,,,,,,,,,,,13808,0,0.629485,-0.319214,-0.276367,0.652283,0.998657,-0.064949,0.13527,13.333333,37,-24.5,,,,,,,,,,,,,,,,,,,,,,,,,,,,,,,,,,,,,,,,,,,,,,,,,,,,,,,,,,,,,,,,,,,,,,,,,,,,,,,,,,,,,,,,,,,,,,,,,,,,,,,,,,,,,,,,,,,,,,,,,,,,,,,,,,,,,,,,,,,,,,,,,,,,,,,,,,,,,,,,
1764669114.562162,55234,0,4427.436035,4433.974121,4539.615234,4556.153809,4446.410156,4574.102539,4573.461426,4415.641113,4602.820313,4423.717773,4517.307617,4557.05127,4602.179688,4413.077148,4407.05127,4530.512695,4584.871582,4569.487305,4537.692383,4412.179688,4426.153809,4602.179688,4555.512695,4540.128418,4419.230957,4598.974121,4420.384766,4599.871582,4541.410156,4436.282227,4554.487305,4514.487305,2704,0,5,2560,58763,,,,0,4,4,4,4,4,4,4,4,4,4,4,4,4,4,4,4,4,4,4,4,4,4,4,4,4,4,4,4,4,4,4,4,100,,,,,,,,,,,,,,,,,,,,,,,,,,,,,,,,,,,,,,,,,,,,,,,,,,,,,,,,,,,,,,,,,,,,,,,,,,,,,,,,,,,,,,,,,,,,,,,,,,,,,,,,,,,,,,,,,,,,,,,,,,,,,,,,,,,,,,,,,,,,,,,,,,,,,,,,,,,,,,,,,,,,,,,,,,,,,,,,,,,,,,,,,,,,,,,,,,,,,,,,,,,,,,
1764669114.566068,55235,0,4391.410156,4400.641113,4507.05127,4527.179688,4415.897461,4541.025879,4545.256348,4386.794922,4571.666504,4396.922852,4490.256348,4524.102539,4578.077148,4390.128418,4381.794922,4501.025879,4550.128418,4532.94873,4502.820313,4379.487305,4386.025879,4566.153809,4521.538574,4505.512695,4379.102539,4566.666504,4393.077148,4565.769043,4519.358887,4406.025879,4519.230957,4481.666504,2872,0,5,2560,58763,,,,0,4,4,4,4,4,4,4,4,4,4,4,4,4,4,4,4,4,4,4,4,4,4,4,4,4,4,4,4,4,4,4,4,100,,,,,,,,,,,,,,,,,,,,,,,,,,,,,,,,,,,,,,,,,,,,,,,,,,,,,,,,,,,,,,,,,,,,,,,,,,,,,,,,,,,,,,,,,,,,,,,,,,,,,,,,,,,,,,,,,,,,,,,,,,,,,,,,,,,,,,,,,,,,,,,,,,,,,,,,,,,,,,,,,,,,,,,,,,,,,,,,,,,,,,,,,,,,,,,,,,,,,,,,,,,,,,
1764669114.569974,55236,0,4349.487305,4360.641113,4464.358887,4489.102539,4375,4498.974121,4509.102539,4348.974121,4534.743652,4363.077148,4461.538574,4485.384766,4550,4370.384766,4353.589844,4467.692383,4509.102539,4493.461426,4469.358887,4343.589844,4343.846191,4528.205078,4483.205078,4466.538574,4337.436035,4531.666504,4356.666504,4526.025879,4492.820313,4367.820313,4477.436035,4451.153809,2763,0,5,2560,58771,,,,0,4,4,4,4,4,4,4,4,4,4,4,4,4,4,4,4,4,4,4,4,4,4,4,4,4,4,4,4,4,4,4,4,100,,,,,,,,,,,,,,,,,,,,,,,,,,,,,,,,,,,,,,,,,,,,,,,,,,,,,,,,,,,,,,,,,,,,,,,,,,,,,,,,,,,,,,,,,,,,,,,,,,,,,,,,,,,,,,,,,,,,,,,,,,,,,,,,,,,,,,,,,,,,,,,,,,,,,,,,,,,,,,,,,,,,,,,,,,,,,,,,,,,,,,,,,,,,,,,,,,,,,,,,,,,,,,
1764669114.573881,55237,0,4323.205078,4335.512695,4437.05127,4464.743652,4345.641113,4469.743652,4486.025879,4324.102539,4513.589844,4339.743652,4447.436035,4461.282227,4534.102539,4364.871582,4339.487305,4452.05127,4485,4475.384766,4458.077148,4324.487305,4322.436035,4508.333496,4460.256348,4443.717773,4315.512695,4512.692383,4333.589844,4502.436035,4475.256348,4342.436035,4454.743652,4441.025879,2851,0,5,2560,58771,,,,0,4,4,4,4,4,4,4,4,4,4,4,4,4,4,4,4,4,4,4,4,4,4,4,4,4,4,4,4,4,4,4,4,100,,,,,,,,,,,,,,,,,,,,,,,,,,,,,,,,,,,13809,0,0.62952,-0.31958,-0.275574,0.652405,1.019167,-0.069833,0.152362,14.666667,36.5,-26.166666,,,,,,,,,,,,,,,,,,,,,,,,,,,,,,,,,,,,,,,,,,,,,,,,,,,,,,,,,,,,,,,,,,,,,,,,,,,,,,,,,,,,,,,,,,,,,,,,,,,,,,,,,,,,,,,,,,,,,,,,,,,,,,,,,,,,,,,,,,,,,,,,,,,,,,,,,,,,,,,,
1764669114.577787,55238,0,4323.205078,4336.666504,4439.358887,4466.922852,4341.922852,4466.153809,4487.05127,4323.974121,4518.717773,4337.307617,4453.205078,4461.922852,4537.94873,4375.256348,4347.692383,4464.871582,4489.358887,4489.102539,4474.358887,4331.794922,4331.282227,4515.128418,4462.307617,4446.666504,4322.05127,4518.077148,4336.153809,4504.871582,4474.487305,4342.436035,4462.692383,4456.153809,2832,0,5,2560,58779,,,,0,4,4,4,4,4,4,4,4,4,4,4,4,4,4,4,4,4,4,4,4,4,4,4,4,4,4,4,4,4,4,4,4,100,,,,,,,,,,,,,,,,,,,,,,,,,,,,,,,,,,,,,,,,,,,,,,,,,,,,,,,,,,,,,,,,,,,,,,,,,,,,,,,,,,,,,,,,,,,,,,,,,,,,,,,,,,,,,,,,,,,,,,,,,,,,,,,,,,,,,,,,,,,,,,,,,,,,,,,,,,,,,,,,,,,,,,,,,,,,,,,,,,,,,,,,,,,,,,,,,,,,,,,,,,,,,,
1764669114.581693,55239,0,4345.512695,4360.897461,4468.077148,4492.307617,4362.692383,4486.410156,4509.615234,4345.897461,4544.871582,4355.256348,4473.717773,4483.461426,4558.077148,4394.615234,4373.205078,4499.102539,4517.563965,4526.153809,4506.025879,4361.410156,4363.717773,4543.205078,4484.871582,4470.769043,4351.666504,4543.717773,4360.769043,4528.077148,4488.974121,4366.153809,4494.102539,4487.820313,3017,0,5,2560,58779,,,,0,4,4,4,4,4,4,4,4,4,4,4,4,4,4,4,4,4,4,4,4,4,4,4,4,4,4,4,4,4,4,4,4,100,,,,,,,,,,,,,,,,,,,,,,,,,,,,,,,,,,,,,,,,,,,,,,,,,,,,,,,,,,,,,,,,,,,,,,,,,,,,,,,,,,,,,,,,,,,,,,,,,,,,,,,,,,,,,,,,,,,,,,,,,,,,,,,,,,,,,,,,,,,,,,,,,,,,,,,,,,,,,,,,,,,,,,,,,,,,,,,,,,,,,,,,,,,,,,,,,,,,,,,,,,,,,,
1764669114.585599,55240,0,4375.641113,4394.358887,4506.922852,4525.384766,4394.358887,4517.563965,4540.512695,4377.05127,4576.666504,4383.974121,4498.333496,4512.563965,4583.461426,4412.94873,4402.563965,4536.153809,4553.461426,4566.282227,4533.717773,4398.461426,4402.94873,4577.563965,4514.487305,4502.307617,4389.487305,4576.666504,4392.692383,4557.820313,4509.615234,4400,4530.897461,4520,2914,0,5,1536,58787,,,,0,4,4,4,4,4,4,4,4,4,4,4,4,4,4,4,4,4,4,4,4,4,4,4,4,4,4,4,4,4,4,4,4,100,,,,,,,,,,,,,,,,,,,,,,,,,,,,,,,,,,,,,,,,,,,,,,,,,,,,,,,,,,,,,,,,,,,,,,,,,,,,,,,,,,,,,,,,,,,,,,,,,,,,,,,,,,,,,,,,,,,,,,,,,,,,,,,,,,,,,,,,,,,,,,,,,,,,,,,,,,,,,,,,,,,,,,,,,,,,,,,,,,,,,,,,,,,,,,,,,,,,,,,,,,,,,,
1764669114.589505,55241,0,4398.333496,4420.897461,4538.205078,4548.717773,4419.743652,4543.589844,4564.743652,4403.461426,4598.974121,4411.025879,4516.794922,4534.358887,4601.922852,4423.077148,4421.922852,4558.461426,4579.871582,4590.512695,4544.358887,4425.512695,4431.922852,4602.563965,4536.153809,4526.025879,4420.641113,4603.077148,4415.769043,4579.743652,4525.384766,4427.179688,4556.025879,4539.487305,2789,0,5,1536,58787,,,,0,4,4,4,4,4,4,4,4,4,4,4,4,4,4,4,4,4,4,4,4,4,4,4,4,4,4,4,4,4,4,4,4,100,,,,,,,,,,,,,,,,,,,,,,,,,,,,,,,,,,,13810,0,0.629008,-0.319275,-0.27594,0.652893,1.031864,-0.062019,0.092296,14,38,-26.833334,,,,,,,,,,,,,,,,,,,,,,,,,,,,,,,,,,,,,,,,,,,,,,,,,,,,,,,,,,,,,,,,,,,,,,,,,,,,,,,,,,,,,,,,,,,,,,,,,,,,,,,,,,,,,,,,,,,,,,,,,,,,,,,,,,,,,,,,,,,,,,,,,,,,,,,,,,,,,,,,
1764669114.593411,55242,0,4404.871582,4430.384766,4550.897461,4553.846191,4427.307617,4553.589844,4572.94873,4415.384766,4604.358887,4426.282227,4522.436035,4540,4605.897461,4422.307617,4424.230957,4558.974121,4586.153809,4590.897461,4537.05127,4431.282227,4440.897461,4608.461426,4541.153809,4532.179688,4435.384766,4612.94873,4420.512695,4584.871582,4529.102539,4437.05127,4561.282227,4541.666504,2455,0,5,256,58795,,,,0,4,4,4,4,4,4,4,4,4,4,4,4,4,4,4,4,4,4,4,4,4,4,4,4,4,4,4,4,4,4,4,4,100,,,,,,,,,,,,,,,,,,,,,,,,,,,,,,,,,,,,,,,,,,,,,,,,,,,,,,,,,,,,,,,,,,,,,,,,,,,,,,,,,,,,,,,,,,,,,,,,,,,,,,,,,,,,,,,,,,,,,,,,,,,,,,,,,,,,,,,,,,,,,,,,,,,,,,,,,,,,,,,,,,,,,,,,,,,,,,,,,,,,,,,,,,,,,,,,,,,,,,,,,,,,,,
1764669114.597317,55243,0,4396.025879,4421.794922,4544.358887,4543.974121,4417.563965,4546.153809,4564.615234,4411.025879,4594.743652,4425.641113,4515.256348,4530.128418,4595.128418,4412.307617,4411.410156,4542.179688,4573.077148,4572.436035,4520.641113,4416.410156,4430.128418,4595.384766,4529.743652,4521.025879,4432.563965,4605,4407.94873,4573.974121,4521.025879,4428.974121,4549.230957,4530.897461,2739,0,5,256,58795,,,,0,4,4,4,4,4,4,4,4,4,4,4,4,4,4,4,4,4,4,4,4,4,4,4,4,4,4,4,4,4,4,4,4,100,,,,,,,,,,,,,,,,,,,,,,,,,,,,,,,,,,,,,,,,,,,,,,,,,,,,,,,,,,,,,,,,,,,,,,,,,,,,,,,,,,,,,,,,,,,,,,,,,,,,,,,,,,,,,,,,,,,,,,,,,,,,,,,,,,,,,,,,,,,,,,,,,,,,,,,,,,,,,,,,,,,,,,,,,,,,,,,,,,,,,,,,,,,,,,,,,,,,,,,,,,,,,,
1764669114.601223,55244,0,4380.384766,4403.974121,4525.897461,4529.871582,4401.410156,4529.743652,4547.820313,4396.666504,4578.717773,4413.717773,4501.666504,4512.94873,4577.307617,4397.820313,4391.666504,4519.743652,4550.897461,4548.333496,4506.538574,4392.820313,4409.358887,4573.333496,4511.153809,4501.410156,4417.179688,4587.179688,4387.179688,4555.641113,4508.205078,4412.179688,4530.512695,4515.641113,2501,0,5,256,58802,,,,0,4,4,4,4,4,4,4,4,4,4,4,4,4,4,4,4,4,4,4,4,4,4,4,4,4,4,4,4,4,4,4,4,100,,,,,,,,,,,,,,,,,,,,,,,,,,,,,,,,,,,,,,,,,,,,,,,,,,,,,,,,,,,,,,,,,,,,,,,,,,,,,,,,,,,,,,,,,,,,,,,,,,,,,,,,,,,,,,,,,,,,,,,,,,,,,,,,,,,,,,,,,,,,,,,,,,,,,,,,,,,,,,,,,,,,,,,,,,,,,,,,,,,,,,,,,,,,,,,,,,,,,,,,,,,,,,
1764669114.605129,55245,0,4368.461426,4388.974121,4505,4521.538574,4391.922852,4515.769043,4534.230957,4382.179688,4565.769043,4400.256348,4491.666504,4498.974121,4563.974121,4385,4374.871582,4502.179688,4532.94873,4531.538574,4501.794922,4374.615234,4391.025879,4555.512695,4496.666504,4485.641113,4396.922852,4571.410156,4369.871582,4541.410156,4499.743652,4398.461426,4516.153809,4501.794922,2269,0,5,256,58802,,,,0,4,4,4,4,4,4,4,4,4,4,4,4,4,4,4,4,4,4,4,4,4,4,4,4,4,4,4,4,4,4,4,4,100,,,,,,,,,,,,,,,,,,,,,,,,,,,,,,,,,,,13811,0,0.628778,-0.318359,-0.276367,0.653381,1.019656,-0.049322,0.025882,13.833333,36.166668,-25,,,,,,,,,,,,,,,,,,,,,,,,,,,,,,,,,,,,,,,,,,,,,,,,,,,,,,,,,,,,,,,,,,,,,,,,,,,,,,,,,,,,,,,,,,,,,,,,,,,,,,,,,,,,,,,,,,,,,,,,,,,,,,,,,,,,,,,,,,,,,,,,,,,,,,,,,,,,,,,,
1764669114.608934,55246,0,4365.641113,4384.615234,4488.205078,4520.384766,4395.128418,4512.05127,4530.641113,4375.256348,4560.769043,4392.692383,4491.153809,4494.743652,4562.692383,4378.717773,4367.820313,4493.589844,4527.820313,4528.077148,4505.641113,4368.333496,4382.563965,4549.487305,4492.94873,4480.641113,4377.692383,4565.512695,4362.05127,4538.461426,4500,4393.717773,4510.512695,4489.230957,2757,0,5,256,58810,,,,0,4,4,4,4,4,4,4,4,4,4,4,4,4,4,4,4,4,4,4,4,4,4,4,4,4,4,4,4,4,4,4,4,100,,,,,,,,,,,,,,,,,,,,,,,,,,,,,,,,,,,,,,,,,,,,,,,,,,,,,,,,,,,,,,,,,,,,,,,,,,,,,,,,,,,,,,,,,,,,,,,,,,,,,,,,,,,,,,,,,,,,,,,,,,,,,,,,,,,,,,,,,,,,,,,,,,,,,,,,,,,,,,,,,,,,,,,,,,,,,,,,,,,,,,,,,,,,,,,,,,,,,,,,,,,,,,
1764669114.612840,55247,0,4370.256348,4389.743652,4476.794922,4520.641113,4406.794922,4517.692383,4535.897461,4376.538574,4561.794922,4391.666504,4498.461426,4499.358887,4572.307617,4379.743652,4372.05127,4492.692383,4534.487305,4534.871582,4512.179688,4371.025879,4383.205078,4554.615234,4498.077148,4484.871582,4362.05127,4568.461426,4362.692383,4545,4506.538574,4395.128418,4509.871582,4474.615234,2469,0,5,256,58810,,,,0,4,4,4,4,4,4,4,4,4,4,4,4,4,4,4,4,4,4,4,4,4,4,4,4,4,4,4,4,4,4,4,4,100,,,,,,,,,,,,,,,,,,,,,,,,,,,,,,,,,,,,,,,,,,,,,,,,,,,,,,,,,,,,,,,,,,,,,,,,,,,,,,,,,,,,,,,,,,,,,,,,,,,,,,,,,,,,,,,,,,,,,,,,,,,,,,,,,,,,,,,,,,,,,,,,,,,,,,,,,,,,,,,,,,,,,,,,,,,,,,,,,,,,,,,,,,,,,,,,,,,,,,,,,,,,,,
1764669114.616646,55248,0,4376.794922,4397.692383,4470.128418,4516.666504,4417.563965,4526.410156,4543.333496,4382.436035,4563.205078,4392.307617,4506.410156,4507.307617,4585.128418,4385.769043,4383.717773,4496.922852,4545.641113,4545,4516.666504,4376.410156,4387.820313,4564.102539,4505.897461,4492.05127,4350.769043,4573.461426,4367.563965,4554.230957,4513.974121,4396.282227,4507.820313,4459.358887,2913,0,5,256,58818,,,,0,4,4,4,4,4,4,4,4,4,4,4,4,4,4,4,4,4,4,4,4,4,4,4,4,4,4,4,4,4,4,4,4,100,,,,,,,,,,,,,,,,,,,,,,,,,,,,,,,,,,,,,,,,,,,,,,,,,,,,,,,,,,,,,,,,,,,,,,,,,,,,,,,,,,,,,,,,,,,,,,,,,,,,,,,,,,,,,,,,,,,,,,,,,,,,,,,,,,,,,,,,,,,,,,,,,,,,,,,,,,,,,,,,,,,,,,,,,,,,,,,,,,,,,,,,,,,,,,,,,,,,,,,,,,,,,,
1764669114.620552,55249,0,4381.282227,4402.692383,4468.717773,4509.743652,4421.410156,4532.692383,4547.436035,4388.205078,4562.179688,4390.897461,4508.589844,4513.461426,4592.692383,4391.922852,4396.922852,4504.358887,4554.487305,4552.820313,4519.487305,4381.282227,4392.692383,4572.563965,4511.922852,4497.436035,4344.358887,4574.871582,4373.461426,4560.512695,4518.077148,4394.615234,4502.94873,4452.05127,2928,0,5,256,58818,,,,0,4,4,4,4,4,4,4,4,4,4,4,4,4,4,4,4,4,4,4,4,4,4,4,4,4,4,4,4,4,4,4,4,100,,,,,,,,,,,,,,,,,,,,,,,,,,,,,,,,,,,13812,0,0.628883,-0.3172,-0.276306,0.65387,1.002564,-0.039067,0.070321,13.166667,34.833332,-23.833334,,,,,,,,,,,,,,,,,,,,,,,,,,,,,,,,,,,,,,,,,,,,,,,,,,,,,,,,,,,,,,,,,,,,,,,,,,,,,,,,,,,,,,,,,,,,,,,,,,,,,,,,,,,,,,,,,,,,,,,,,,,,,,,,,,,,,,,,,,,,,,,,,,,,,,,,,,,,,,,,
1764669114.624358,55250,0,4384.230957,4403.589844,4474.358887,4505.769043,4417.94873,4535,4547.179688,4391.922852,4559.743652,4386.666504,4504.102539,4516.538574,4591.666504,4394.487305,4405.384766,4512.563965,4558.717773,4556.794922,4523.333496,4386.538574,4397.692383,4578.333496,4516.282227,4501.282227,4344.102539,4572.820313,4380,4563.974121,4519.102539,4392.563965,4499.102539,4461.666504,1803,0,5,512,58826,,,,0,4,4,4,4,4,4,4,4,4,4,4,4,4,4,4,4,4,4,4,4,4,4,4,4,4,4,4,4,4,4,4,4,100,,,,,,,,,,,,,,,,,,,,,,,,,,,,,,,,,,,,,,,,,,,,,,,,,,,,,,,,,,,,,,,,,,,,,,,,,,,,,,,,,,,,,,,,,,,,,,,,,,,,,,,,,,,,,,,,,,,,,,,,,,,,,,,,,,,,,,,,,,,,,,,,,,,,,,,,,,,,,,,,,,,,,,,,,,,,,,,,,,,,,,,,,,,,,,,,,,,,,,,,,,,,,,
1764669114.628264,55251,0,4387.94873,4403.461426,4488.461426,4509.487305,4411.922852,4535.897461,4546.025879,4394.487305,4559.487305,4381.666504,4497.563965,4518.717773,4585.128418,4392.692383,4404.743652,4518.077148,4560.384766,4558.205078,4529.230957,4393.974121,4405.128418,4583.077148,4521.410156,4506.794922,4352.692383,4571.666504,4388.205078,4567.820313,4519.615234,4394.871582,4502.307617,4489.743652,2778,0,5,512,58826,,,,0,4,4,4,4,4,4,4,4,4,4,4,4,4,4,4,4,4,4,4,4,4,4,4,4,4,4,4,4,4,4,4,4,100,,,,,,,,,,,,,,,,,,,,,,,,,,,,,,,,,,,,,,,,,,,,,,,,,,,,,,,,,,,,,,,,,,,,,,,,,,,,,,,,,,,,,,,,,,,,,,,,,,,,,,,,,,,,,,,,,,,,,,,,,,,,,,,,,,,,,,,,,,,,,,,,,,,,,,,,,,,,,,,,,,,,,,,,,,,,,,,,,,,,,,,,,,,,,,,,,,,,,,,,,,,,,,
1764669114.632170,55252,0,4394.871582,4406.922852,4510,4520.512695,4408.205078,4538.974121,4548.205078,4398.077148,4563.461426,4379.871582,4494.871582,4522.692383,4579.615234,4388.717773,4395.128418,4519.358887,4562.820313,4558.717773,4535.512695,4403.205078,4415.897461,4588.205078,4529.358887,4515.641113,4372.692383,4575.641113,4397.692383,4574.615234,4522.179688,4403.333496,4516.025879,4527.179688,2621,0,5,768,58834,,,,0,4,4,4,4,4,4,4,4,4,4,4,4,4,4,4,4,4,4,4,4,4,4,4,4,4,4,4,4,4,4,4,4,100,,,,,,,,,,,,,,,,,,,,,,,,,,,,,,,,,,,,,,,,,,,,,,,,,,,,,,,,,,,,,,,,,,,,,,,,,,,,,,,,,,,,,,,,,,,,,,,,,,,,,,,,,,,,,,,,,,,,,,,,,,,,,,,,,,,,,,,,,,,,,,,,,,,,,,,,,,,,,,,,,,,,,,,,,,,,,,,,,,,,,,,,,,,,,,,,,,,,,,,,,,,,,,
1764669114.636076,55253,0,4403.846191,4414.615234,4534.743652,4533.077148,4408.077148,4545.384766,4554.615234,4403.589844,4571.794922,4385,4498.077148,4528.333496,4579.871582,4386.153809,4381.410156,4517.820313,4567.05127,4559.230957,4538.717773,4410.897461,4427.05127,4592.820313,4538.589844,4524.743652,4400.384766,4584.230957,4405.897461,4582.94873,4526.922852,4415,4537.05127,4558.974121,2850,0,5,768,58834,,,,0,4,4,4,4,4,4,4,4,4,4,4,4,4,4,4,4,4,4,4,4,4,4,4,4,4,4,4,4,4,4,4,4,100,,,,,,,,,,,,,,,,,,,,,,,,,,,,,,,,,,,13813,0,0.628896,-0.316345,-0.276245,0.654297,1.030888,-0.093273,0.073251,14,37.166668,-23.833334,,,,,,,,,,,,,,,,,,,,,,,,,,,,,,,,,,,,,,,,,,,,,,,,,,,,,,,,,,,,,,,,,,,,,,,,,,,,,,,,,,,,,,,,,,,,,,,,,,,,,,,,,,,,,,,,,,,,,,,,,,,,,,,,,,,,,,,,,,,,,,,,,,,,,,,,,,,,,,,,
1764669114.639982,55254,0,4410.897461,4422.307617,4554.743652,4540.128418,4409.230957,4552.563965,4561.538574,4407.820313,4581.153809,4397.436035,4502.692383,4532.05127,4583.974121,4387.179688,4370.128418,4516.538574,4570.512695,4558.589844,4536.025879,4412.05127,4432.820313,4593.205078,4543.589844,4527.820313,4422.436035,4591.922852,4409.102539,4587.307617,4530.769043,4422.436035,4555.256348,4572.692383,2962,0,5,1024,58842,,,,0,4,4,4,4,4,4,4,4,4,4,4,4,4,4,4,4,4,4,4,4,4,4,4,4,4,4,4,4,4,4,4,4,100,,,,,,,,,,,,,,,,,,,,,,,,,,,,,,,,,,,,,,,,,,,,,,,,,,,,,,,,,,,,,,,,,,,,,,,,,,,,,,,,,,,,,,,,,,,,,,,,,,,,,,,,,,,,,,,,,,,,,,,,,,,,,,,,,,,,,,,,,,,,,,,,,,,,,,,,,,,,,,,,,,,,,,,,,,,,,,,,,,,,,,,,,,,,,,,,,,,,,,,,,,,,,,
1764669114.643888,55255,0,4411.794922,4423.077148,4561.922852,4536.922852,4407.307617,4555,4562.563965,4405.769043,4586.794922,4411.410156,4501.666504,4529.230957,4586.282227,4391.153809,4365.897461,4516.666504,4569.102539,4554.487305,4527.307617,4403.846191,4426.794922,4586.282227,4539.871582,4519.871582,4423.589844,4591.666504,4404.487305,4583.205078,4530.769043,4420.256348,4559.102539,4564.487305,2880,0,5,1024,58842,,,,0,4,4,4,4,4,4,4,4,4,4,4,4,4,4,4,4,4,4,4,4,4,4,4,4,4,4,4,4,4,4,4,4,100,,,,,,,,,,,,,,,,,,,,,,,,,,,,,,,,,,,,,,,,,,,,,,,,,,,,,,,,,,,,,,,,,,,,,,,,,,,,,,,,,,,,,,,,,,,,,,,,,,,,,,,,,,,,,,,,,,,,,,,,,,,,,,,,,,,,,,,,,,,,,,,,,,,,,,,,,,,,,,,,,,,,,,,,,,,,,,,,,,,,,,,,,,,,,,,,,,,,,,,,,,,,,,
1764669114.647794,55256,0,4405.384766,4414.615234,4552.820313,4525.128418,4401.153809,4549.615234,4555.769043,4395.897461,4585.512695,4418.333496,4492.436035,4519.871582,4583.589844,4396.153809,4369.230957,4516.410156,4561.538574,4546.153809,4515.384766,4388.077148,4408.461426,4573.205078,4527.692383,4502.563965,4399.743652,4581.025879,4394.102539,4571.410156,4525.769043,4409.487305,4543.461426,4539.615234,2739,0,5,1280,58849,,,,0,4,4,4,4,4,4,4,4,4,4,4,4,4,4,4,4,4,4,4,4,4,4,4,4,4,4,4,4,4,4,4,4,100,,,,,,,,,,,,,,,,,,,,,,,,,,,,,,,,,,,,,,,,,,,,,,,2.4589,3.4273,2.344026,2.386627,1.205075,6.624258,4.257864,2.833888,2.507053,1.324404,4.810277,7.304835,5.033637,4.237576,2.158086,2.30087,2.871618,3.023129,1.93783,1.439006,3.689039,3.865762,3.146813,2.413501,1.314676,4.249801,3.270058,2.407126,2.08619,1.207895,3.528826,5.083379,3.509687,2.369828,1.35666,2.17673,3.369551,3.289313,2.273818,1.350442,2.756336,1.740783,2.900193,2.555841,1.437559,3.570524,3.217748,5.609777,5.968237,3.525379,1.481266,1.922873,1.520535,1.401331,0.878517,2.716448,2.07049,3.575102,2.376155,1.141142,2.164454,3.230893,2.334059,2.042329,1.065551,1.145041,1.774518,1.313794,1.721471,0.779068,2.522714,2.646625,3.265536,2.332126,1.120491,3.851243,5.843967,4.17616,2.573836,2.187948,4.475603,5.048065,4.120437,2.763764,1.504084,4.363634,9.352533,7.235324,3.015512,2.846345,3.191604,7.106944,6.280566,1.847821,1.920378,3.130565,4.000531,4.353325,2.597523,1.479843,4.633821,8.84673,8.695799,3.175485,1.32961,4.975172,6.735976,4.730932,3.465021,1.623134,3.626702,4.142257,2.976587,2.62062,1.277549,5.154562,5.214646,3.657946,2.994073,1.410253,14.415054,3.89266,5.680757,3.910363,3.635722,6.610806,1.914909,2.824011,2.263789,1.201191,5.912744,3.269015,3.99231,3.424825,1.479939,4.983786,4.165969,3.405669,2.873077,1.488812,2.73812,1.449301,1.470559,1.254506,0.678155,5.837112,3.600974,2.600062,2.496207,1.29699,9.287086,3.665985,6.386167,3.795839,1.974679,7.183889,4.115477,6.487115,4.009736,2.419989
1764669114.651700,55257,0,4395.769043,4401.153809,4532.692383,4512.307617,4393.974121,4538.717773,4545.128418,4383.205078,4578.717773,4412.692383,4480.256348,4509.230957,4577.94873,4400.384766,4376.922852,4512.820313,4551.025879,4535.128418,4503.974121,4371.794922,4383.974121,4559.615234,4513.717773,4483.589844,4365,4565.512695,4382.692383,4558.333496,4518.717773,4397.307617,4515.897461,4508.717773,2917,0,5,1280,58849,,,,0,4,4,4,4,4,4,4,4,4,4,4,4,4,4,4,4,4,4,4,4,4,4,4,4,4,4,4,4,4,4,4,4,100,,,,,,,,,,,,,,,,,,,,,,,,,,,,,,,,,,,13814,0,0.62866,-0.315857,-0.276184,0.654785,1.014772,-0.087901,0.070321,14.5,37.5,-24.666666,,,,,,,,,,,,,,,,,,,,,,,,,,,,,,,,,,,,,,,,,,,,,,,,,,,,,,,,,,,,,,,,,,,,,,,,,,,,,,,,,,,,,,,,,,,,,,,,,,,,,,,,,,,,,,,,,,,,,,,,,,,,,,,,,,,,,,,,,,,,,,,,,,,,,,,,,,,,,,,,
1764669114.655606,55258,0,4388.846191,4390.256348,4511.666504,4505.384766,4390.641113,4528.205078,4537.563965,4374.615234,4570.641113,4396.922852,4473.589844,4503.717773,4573.333496,4401.794922,4383.589844,4505.769043,4542.179688,4524.358887,4496.282227,4362.436035,4363.974121,4551.282227,4504.615234,4471.794922,4340.641113,4554.102539,4375.512695,4550.512695,4512.94873,4390.641113,4491.794922,4482.307617,1843,0,5,1536,58857,,,,0,4,4,4,4,4,4,4,4,4,4,4,4,4,4,4,4,4,4,4,4,4,4,4,4,4,4,4,4,4,4,4,4,100,,,,,,,,,,,,,,,,,,,,,,,,,,,,,,,,,,,,,,,,,,,,,,,,,,,,,,,,,,,,,,,,,,,,,,,,,,,,,,,,,,,,,,,,,,,,,,,,,,,,,,,,,,,,,,,,,,,,,,,,,,,,,,,,,,,,,,,,,,,,,,,,,,,,,,,,,,,,,,,,,,,,,,,,,,,,,,,,,,,,,,,,,,,,,,,,,,,,,,,,,,,,,,
1764669114.659512,55259,0,4386.410156,4386.538574,4497.692383,4505.128418,4392.436035,4521.922852,4535.512695,4373.077148,4564.615234,4380.384766,4475.641113,4505.256348,4571.282227,4398.589844,4384.615234,4497.05127,4537.436035,4516.538574,4492.94873,4362.436035,4355.384766,4549.230957,4502.307617,4469.743652,4338.333496,4551.410156,4373.205078,4549.487305,4510,4390.641113,4482.692383,4466.922852,2467,0,5,1536,58857,,,,0,4,4,4,4,4,4,4,4,4,4,4,4,4,4,4,4,4,4,4,4,4,4,4,4,4,4,4,4,4,4,4,4,100,,,,,,,,,,,,,,,,,,,,,,,,,,,,,,,,,,,,,,,,,,,,,,,,,,,,,,,,,,,,,,,,,,,,,,,,,,,,,,,,,,,,,,,,,,,,,,,,,,,,,,,,,,,,,,,,,,,,,,,,,,,,,,,,,,,,,,,,,,,,,,,,,,,,,,,,,,,,,,,,,,,,,,,,,,,,,,,,,,,,,,,,,,,,,,,,,,,,,,,,,,,,,,
1764669114.663418,55260,0,4385.512695,4388.717773,4491.410156,4506.666504,4396.153809,4519.615234,4536.025879,4375.128418,4560.769043,4372.94873,4482.563965,4509.358887,4569.871582,4391.410156,4378.589844,4490.512695,4535.256348,4512.05127,4492.436035,4367.820313,4357.94873,4550.128418,4503.461426,4473.589844,4350.641113,4554.871582,4372.94873,4550.769043,4508.333496,4393.205078,4488.589844,4463.974121,2641,0,5,1792,58865,,,,0,4,4,4,4,4,4,4,4,4,4,4,4,4,4,4,4,4,4,4,4,4,4,4,4,4,4,4,4,4,4,4,4,100,,,,,,,,,,,,,,,,,,,,,,,,,,,,,,,,,,,,,,,,,,,,,,,,,,,,,,,,,,,,,,,,,,,,,,,,,,,,,,,,,,,,,,,,,,,,,,,,,,,,,,,,,,,,,,,,,,,,,,,,,,,,,,,,,,,,,,,,,,,,,,,,,,,,,,,,,,,,,,,,,,,,,,,,,,,,,,,,,,,,,,,,,,,,,,,,,,,,,,,,,,,,,,
1764669114.667324,55261,0,4382.179688,4391.538574,4487.307617,4504.743652,4396.794922,4517.820313,4534.487305,4375.641113,4557.94873,4376.282227,4486.666504,4510.897461,4566.410156,4383.077148,4369.230957,4488.333496,4532.692383,4509.743652,4491.794922,4371.794922,4364.487305,4550,4503.077148,4476.794922,4360.128418,4557.436035,4370.769043,4548.333496,4506.025879,4393.333496,4498.974121,4470.641113,2495,0,5,1792,58865,,,,0,4,4,4,4,4,4,4,4,4,4,4,4,4,4,4,4,4,4,4,4,4,4,4,4,4,4,4,4,4,4,4,4,100,,,,,,,,,,,,,,,,,,,,,,,,,,,,,,,,,,,13815,0,0.628215,-0.315369,-0.276306,0.655396,1.014772,-0.087901,0.070321,14.166667,37,-26.666666,,,,,,,,,,,,,,,,,,,,,,,,,,,,,,,,,,,,,,,,,,,,,,,,,,,,,,,,,,,,,,,,,,,,,,,,,,,,,,,,,,,,,,,,,,,,,,,,,,,,,,,,,,,,,,,,,,,,,,,,,,,,,,,,,,,,,,,,,,,,,,,,,,,,,,,,,,,,,,,,
1764669114.671230,55262,0,4375.256348,4390.641113,4478.974121,4498.717773,4392.179688,4514.230957,4528.717773,4371.794922,4554.871582,4382.179688,4483.589844,4507.563965,4561.025879,4377.692383,4362.820313,4490.256348,4527.94873,4507.820313,4489.487305,4369.615234,4367.692383,4546.922852,4499.230957,4475.512695,4355.641113,4555.128418,4365.641113,4540.769043,4502.05127,4389.487305,4502.179688,4481.410156,2759,0,5,2048,58873,,,,0,4,4,4,4,4,4,4,4,4,4,4,4,4,4,4,4,4,4,4,4,4,4,4,4,4,4,4,4,4,4,4,4,100,,,,,,,,,,,,,,,,,,,,,,,,,,,,,,,,,,,,,,,,,,,,,,,,,,,,,,,,,,,,,,,,,,,,,,,,,,,,,,,,,,,,,,,,,,,,,,,,,,,,,,,,,,,,,,,,,,,,,,,,,,,,,,,,,,,,,,,,,,,,,,,,,,,,,,,,,,,,,,,,,,,,,,,,,,,,,,,,,,,,,,,,,,,,,,,,,,,,,,,,,,,,,,
1764669114.675136,55263,0,4367.05127,4385.769043,4466.410156,4491.666504,4384.743652,4508.846191,4521.153809,4365.512695,4551.282227,4378.461426,4475.769043,4501.666504,4557.05127,4377.692383,4364.230957,4493.333496,4522.307617,4506.025879,4486.538574,4362.436035,4364.871582,4542.94873,4494.230957,4470.897461,4341.025879,4549.487305,4360,4531.666504,4497.820313,4382.820313,4494.871582,4490.512695,2757,0,5,2048,58873,,,,0,4,4,4,4,4,4,4,4,4,4,4,4,4,4,4,4,4,4,4,4,4,4,4,4,4,4,4,4,4,4,4,4,100,,,,,,,,,,,,,,,,,,,,,,,,,,,,,,,,,,,,,,,,,,,,,,,,,,,,,,,,,,,,,,,,,,,,,,,,,,,,,,,,,,,,,,,,,,,,,,,,,,,,,,,,,,,,,,,,,,,,,,,,,,,,,,,,,,,,,,,,,,,,,,,,,,,,,,,,,,,,,,,,,,,,,,,,,,,,,,,,,,,,,,,,,,,,,,,,,,,,,,,,,,,,,,
1764669114.679042,55264,0,4362.436035,4380.897461,4458.333496,4488.974121,4378.846191,4504.230957,4516.922852,4361.794922,4547.820313,4362.94873,4470.512695,4497.94873,4557.94873,4382.563965,4373.589844,4496.153809,4520.128418,4507.563965,4487.179688,4356.794922,4361.025879,4542.436035,4493.461426,4468.077148,4332.820313,4546.666504,4358.846191,4527.94873,4495.641113,4377.05127,4485.128418,4495.512695,2855,0,5,2304,58881,,,,0,4,4,4,4,4,4,4,4,4,4,4,4,4,4,4,4,4,4,4,4,4,4,4,4,4,4,4,4,4,4,4,4,100,,,,,,,,,,,,,,,,,,,,,,,,,,,,,,,,,,,,,,,,,,,,,,,,,,,,,,,,,,,,,,,,,,,,,,,,,,,,,,,,,,,,,,,,,,,,,,,,,,,,,,,,,,,,,,,,,,,,,,,,,,,,,,,,,,,,,,,,,,,,,,,,,,,,,,,,,,,,,,,,,,,,,,,,,,,,,,,,,,,,,,,,,,,,,,,,,,,,,,,,,,,,,,
1764669114.682948,55265,0,4366.025879,4381.153809,4466.025879,4494.102539,4378.333496,4503.974121,4520,4364.358887,4547.307617,4348.205078,4474.102539,4500.384766,4565.256348,4390.128418,4387.05127,4500.128418,4525.512695,4516.794922,4496.025879,4359.487305,4364.358887,4549.358887,4501.153809,4473.205078,4345.897461,4552.436035,4365.512695,4534.358887,4497.94873,4376.282227,4485.641113,4499.743652,2976,0,5,2304,58881,,,,0,4,4,4,4,4,4,4,4,4,4,4,4,4,4,4,4,4,4,4,4,4,4,4,4,4,4,4,4,4,4,4,4,100,,,,,,,,,,,,,,,,,,,,,,,,,,,,,,,,,,,13816,0,0.62766,-0.314209,-0.278015,0.655762,0.951288,-0.089366,0.041021,14,35.166668,-24.666666,,,,,,,,,,,,,,,,,,,,,,,,,,,,,,,,,,,,,,,,,,,,,,,,,,,,,,,,,,,,,,,,,,,,,,,,,,,,,,,,,,,,,,,,,,,,,,,,,,,,,,,,,,,,,,,,,,,,,,,,,,,,,,,,,,,,,,,,,,,,,,,,,,,,,,,,,,,,,,,,
1764669114.686854,55266,0,4378.589844,4389.487305,4493.846191,4507.05127,4383.589844,4511.153809,4530.641113,4373.589844,4553.717773,4351.153809,4487.179688,4510.256348,4577.436035,4397.94873,4399.871582,4508.846191,4539.615234,4535.512695,4513.717773,4373.461426,4379.230957,4563.846191,4516.922852,4488.461426,4380.897461,4568.205078,4380.256348,4550.641113,4505.641113,4382.94873,4504.358887,4510,2728,0,5,2304,58888,,,,0,4,4,4,4,4,4,4,4,4,4,4,4,4,4,4,4,4,4,4,4,4,4,4,4,4,4,4,4,4,4,4,4,100,,,,,,,,,,,,,,,,,,,,,,,,,,,,,,,,,,,,,,,,,,,,,,,,,,,,,,,,,,,,,,,,,,,,,,,,,,,,,,,,,,,,,,,,,,,,,,,,,,,,,,,,,,,,,,,,,,,,,,,,,,,,,,,,,,,,,,,,,,,,,,,,,,,,,,,,,,,,,,,,,,,,,,,,,,,,,,,,,,,,,,,,,,,,,,,,,,,,,,,,,,,,,,
1764669114.690760,55267,0,4396.538574,4404.487305,4532.436035,4524.487305,4393.205078,4525.512695,4545.384766,4385.897461,4568.077148,4376.922852,4503.974121,4525,4590.641113,4404.487305,4409.487305,4523.974121,4558.717773,4559.743652,4535.128418,4395.128418,4402.179688,4582.307617,4535.512695,4509.487305,4420.128418,4588.461426,4398.333496,4571.153809,4517.307617,4396.025879,4536.410156,4530,2895,0,5,2304,58888,,,,0,4,4,4,4,4,4,4,4,4,4,4,4,4,4,4,4,4,4,4,4,4,4,4,4,4,4,4,4,4,4,4,4,100,,,,,,,,,,,,,,,,,,,,,,,,,,,,,,,,,,,,,,,,,,,,,,,,,,,,,,,,,,,,,,,,,,,,,,,,,,,,,,,,,,,,,,,,,,,,,,,,,,,,,,,,,,,,,,,,,,,,,,,,,,,,,,,,,,,,,,,,,,,,,,,,,,,,,,,,,,,,,,,,,,,,,,,,,,,,,,,,,,,,,,,,,,,,,,,,,,,,,,,,,,,,,,
1764669114.694666,55268,0,4411.922852,4419.871582,4562.307617,4540.256348,4403.333496,4541.538574,4557.820313,4395.384766,4584.871582,4412.05127,4515.897461,4537.179688,4600,4408.717773,4414.615234,4541.153809,4575,4579.487305,4550.384766,4414.871582,4423.333496,4596.922852,4548.205078,4526.282227,4440.384766,4603.589844,4412.436035,4587.563965,4528.333496,4408.589844,4566.410156,4553.461426,2794,0,5,1024,58896,,,,0,4,4,4,4,4,4,4,4,4,4,4,4,4,4,4,4,4,4,4,4,4,4,4,4,4,4,4,4,4,4,4,4,100,,,,,,,,,,,,,,,,,,,,,,,,,,,,,,,,,,,,,,,,,,,,,,,,,,,,,,,,,,,,,,,,,,,,,,,,,,,,,,,,,,,,,,,,,,,,,,,,,,,,,,,,,,,,,,,,,,,,,,,,,,,,,,,,,,,,,,,,,,,,,,,,,,,,,,,,,,,,,,,,,,,,,,,,,,,,,,,,,,,,,,,,,,,,,,,,,,,,,,,,,,,,,,
1764669114.698572,55269,0,4416.153809,4426.666504,4564.871582,4546.794922,4408.461426,4549.871582,4560.769043,4395.897461,4593.205078,4433.205078,4516.153809,4538.717773,4600.128418,4408.846191,4413.461426,4550.641113,4579.487305,4584.230957,4551.794922,4421.282227,4431.794922,4599.102539,4547.563965,4528.846191,4430.512695,4604.743652,4414.358887,4590.897461,4532.820313,4412.05127,4577.307617,4566.666504,2877,0,5,1024,58896,,,,0,4,4,4,4,4,4,4,4,4,4,4,4,4,4,4,4,4,4,4,4,4,4,4,4,4,4,4,4,4,4,4,4,100,,,,,,,,,,,,,,,,,,,,,,,,,,,,,,,,,,,13817,0,0.628004,-0.313293,-0.279419,0.655273,0.951288,-0.089366,0.041021,12.333333,38,-25.5,,,,,,,,,,,,,,,,,,,,,,,,,,,,,,,,,,,,,,,,,,,,,,,,,,,,,,,,,,,,,,,,,,,,,,,,,,,,,,,,,,,,,,,,,,,,,,,,,,,,,,,,,,,,,,,,,,,,,,,,,,,,,,,,,,,,,,,,,,,,,,,,,,,,,,,,,,,,,,,,
1764669114.702478,55270,0,4406.410156,4420.256348,4537.05127,4539.615234,4404.743652,4544.487305,4551.538574,4385.897461,4584.743652,4426.153809,4505.256348,4527.436035,4590,4405.256348,4405.128418,4544.871582,4569.358887,4571.538574,4539.230957,4409.871582,4424.358887,4586.153809,4533.077148,4515.128418,4400.897461,4590.512695,4402.179688,4579.230957,4527.94873,4403.077148,4563.461426,4558.077148,2859,0,5,256,58904,,,,0,4,4,4,4,4,4,4,4,4,4,4,4,4,4,4,4,4,4,4,4,4,4,4,4,4,4,4,4,4,4,4,4,100,,,,,,,,,,,,,,,,,,,,,,,,,,,,,,,,,,,,,,,,,,,,,,,,,,,,,,,,,,,,,,,,,,,,,,,,,,,,,,,,,,,,,,,,,,,,,,,,,,,,,,,,,,,,,,,,,,,,,,,,,,,,,,,,,,,,,,,,,,,,,,,,,,,,,,,,,,,,,,,,,,,,,,,,,,,,,,,,,,,,,,,,,,,,,,,,,,,,,,,,,,,,,,
1764669114.706384,55271,0,4390.384766,4405.769043,4496.538574,4523.077148,4394.743652,4530.256348,4536.538574,4371.666504,4563.717773,4398.205078,4492.05127,4510.769043,4575.512695,4401.410156,4393.461426,4527.307617,4552.179688,4550.512695,4522.692383,4388.846191,4409.358887,4566.538574,4514.358887,4495.256348,4375.769043,4570.256348,4384.102539,4560.641113,4518.205078,4388.717773,4536.666504,4531.282227,3034,0,5,256,58904,,,,0,4,4,4,4,4,4,4,4,4,4,4,4,4,4,4,4,4,4,4,4,4,4,4,4,4,4,4,4,4,4,4,4,100,,,,,,,,,,,,,,,,,,,,,,,,,,,,,,,,,,,,,,,,,,,,,,,,,,,,,,,,,,,,,,,,,,,,,,,,,,,,,,,,,,,,,,,,,,,,,,,,,,,,,,,,,,,,,,,,,,,,,,,,,,,,,,,,,,,,,,,,,,,,,,,,,,,,,,,,,,,,,,,,,,,,,,,,,,,,,,,,,,,,,,,,,,,,,,,,,,,,,,,,,,,,,,
1764669114.710290,55272,0,4382.05127,4396.410156,4471.538574,4510.256348,4387.179688,4520.128418,4527.820313,4365.641113,4545.769043,4372.692383,4487.820313,4502.692383,4567.436035,4402.436035,4385.769043,4510.769043,4542.436035,4536.410156,4514.230957,4375.128418,4401.410156,4556.410156,4506.153809,4485.769043,4373.461426,4558.846191,4375.512695,4550.897461,4512.94873,4383.461426,4518.717773,4504.102539,2939,0,5,256,58912,,,,0,4,4,4,4,4,4,4,4,4,4,4,4,4,4,4,4,4,4,4,4,4,4,4,4,4,4,4,4,4,4,4,4,100,,,,,,,,,,,,,,,,,,,,,,,,,,,,,,,,,,,,,,,,,,,,,,,,,,,,,,,,,,,,,,,,,,,,,,,,,,,,,,,,,,,,,,,,,,,,,,,,,,,,,,,,,,,,,,,,,,,,,,,,,,,,,,,,,,,,,,,,,,,,,,,,,,,,,,,,,,,,,,,,,,,,,,,,,,,,,,,,,,,,,,,,,,,,,,,,,,,,,,,,,,,,,,
1764669114.714196,55273,0,4390.641113,4401.794922,4480.256348,4512.692383,4390.512695,4525.128418,4533.846191,4375.641113,4545.897461,4368.589844,4496.922852,4512.05127,4572.05127,4410.128418,4387.820313,4505.769043,4549.615234,4537.563965,4518.333496,4380.128418,4408.589844,4566.666504,4516.153809,4496.410156,4392.436035,4565,4386.282227,4560,4518.974121,4396.922852,4524.358887,4495.641113,2815,0,5,256,58912,,,,0,4,4,4,4,4,4,4,4,4,4,4,4,4,4,4,4,4,4,4,4,4,4,4,4,4,4,4,4,4,4,4,4,100,,,,,,,,,,,,,,,,,,,,,,,,,,,,,,,,,,,13818,0,0.628225,-0.312195,-0.280579,0.65509,0.978147,-0.075693,0.024905,12.166667,37.333332,-25,,,,,,,,,,,,,,,,,,,,,,,,,,,,,,,,,,,,,,,,,,,,,,,,,,,,,,,,,,,,,,,,,,,,,,,,,,,,,,,,,,,,,,,,,,,,,,,,,,,,,,,,,,,,,,,,,,,,,,,,,,,,,,,,,,,,,,,,,,,,,,,,,,,,,,,,,,,,,,,,
1764669114.718002,55274,0,4411.922852,4419.615234,4517.820313,4530.512695,4404.487305,4544.358887,4552.179688,4398.333496,4565.512695,4385.769043,4513.846191,4535,4586.538574,4420.512695,4398.077148,4511.410156,4569.615234,4548.589844,4527.820313,4398.717773,4424.102539,4592.05127,4538.333496,4521.666504,4414.487305,4584.358887,4411.794922,4584.102539,4534.230957,4424.615234,4549.615234,4511.666504,2460,0,5,256,58920,,,,0,4,4,4,4,4,4,4,4,4,4,4,4,4,4,4,4,4,4,4,4,4,4,4,4,4,4,4,4,4,4,4,4,100,,,,,,,,,,,,,,,,,,,,,,,,,,,,,,,,,,,,,,,,,,,,,,,,,,,,,,,,,,,,,,,,,,,,,,,,,,,,,,,,,,,,,,,,,,,,,,,,,,,,,,,,,,,,,,,,,,,,,,,,,,,,,,,,,,,,,,,,,,,,,,,,,,,,,,,,,,,,,,,,,,,,,,,,,,,,,,,,,,,,,,,,,,,,,,,,,,,,,,,,,,,,,,
1764669114.721908,55275,0,4430.897461,4437.307617,4560,4552.692383,4419.743652,4565.128418,4571.410156,4420.384766,4590.769043,4406.794922,4527.436035,4556.282227,4601.153809,4426.410156,4408.205078,4517.820313,4587.692383,4555.384766,4530.384766,4413.846191,4432.820313,4614.487305,4556.922852,4544.358887,4422.820313,4602.692383,4436.282227,4606.666504,4548.461426,4450.256348,4575.641113,4539.230957,2769,0,5,256,58920,,,,0,4,4,4,4,4,4,4,4,4,4,4,4,4,4,4,4,4,4,4,4,4,4,4,4,4,4,4,4,4,4,4,4,100,,,,,,,,,,,,,,,,,,,,,,,,,,,,,,,,,,,,,,,,,,,,,,,,,,,,,,,,,,,,,,,,,,,,,,,,,,,,,,,,,,,,,,,,,,,,,,,,,,,,,,,,,,,,,,,,,,,,,,,,,,,,,,,,,,,,,,,,,,,,,,,,,,,,,,,,,,,,,,,,,,,,,,,,,,,,,,,,,,,,,,,,,,,,,,,,,,,,,,,,,,,,,,
1764669114.725714,55276,0,4434.102539,4442.820313,4580.897461,4565.512695,4425,4572.820313,4580.128418,4428.974121,4603.974121,4412.94873,4529.487305,4560,4605.897461,4422.820313,4409.615234,4514.358887,4590.769043,4547.563965,4520,4411.153809,4424.358887,4616.666504,4558.077148,4548.461426,4414.743652,4606.666504,4443.846191,4611.666504,4551.410156,4457.94873,4583.717773,4556.794922,2523,0,5,512,58927,,,,0,4,4,4,4,4,4,4,4,4,4,4,4,4,4,4,4,4,4,4,4,4,4,4,4,4,4,4,4,4,4,4,4,100,,,,,,,,,,,,,,,,,,,,,,,,,,,,,,,,,,,,,,,,,,,,,,,,,,,,,,,,,,,,,,,,,,,,,,,,,,,,,,,,,,,,,,,,,,,,,,,,,,,,,,,,,,,,,,,,,,,,,,,,,,,,,,,,,,,,,,,,,,,,,,,,,,,,,,,,,,,,,,,,,,,,,,,,,,,,,,,,,,,,,,,,,,,,,,,,,,,,,,,,,,,,,,
1764669114.729620,55277,0,4418.974121,4432.436035,4569.102539,4562.692383,4416.410156,4561.538574,4573.974121,4419.871582,4596.922852,4398.846191,4520,4542.563965,4598.077148,4409.871582,4399.487305,4499.487305,4577.05127,4527.05127,4501.282227,4390.769043,4401.794922,4595.641113,4540.256348,4531.025879,4399.487305,4593.717773,4429.871582,4595.256348,4540.512695,4444.358887,4568.461426,4549.358887,2290,0,5,512,58927,,,,0,4,4,4,4,4,4,4,4,4,4,4,4,4,4,4,4,4,4,4,4,4,4,4,4,4,4,4,4,4,4,4,4,100,,,,,,,,,,,,,,,,,,,,,,,,,,,,,,,,,,,13819,0,0.6283,-0.311218,-0.281494,0.65509,1.010866,-0.069344,0.023929,13.666667,37.166668,-26.333334,,,,,,,,,,,,,,,,,,,,,,,,,,,,,,,,,,,,,,,,,,,,,,,,,,,,,,,,,,,,,,,,,,,,,,,,,,,,,,,,,,,,,,,,,,,,,,,,,,,,,,,,,,,,,,,,,,,,,,,,,,,,,,,,,,,,,,,,,,,,,,,,,,,,,,,,,,,,,,,,
1764669114.733525,55278,0,4395.641113,4413.589844,4534.102539,4547.436035,4399.871582,4538.205078,4557.179688,4399.871582,4576.410156,4375,4505.512695,4515.512695,4582.436035,4393.846191,4382.94873,4481.282227,4555.897461,4505.769043,4485.641113,4365.769043,4378.077148,4564.743652,4514.871582,4503.717773,4387.563965,4572.692383,4403.205078,4567.94873,4522.820313,4421.153809,4539.743652,4519.743652,2779,0,5,512,58935,,,,0,4,4,4,4,4,4,4,4,4,4,4,4,4,4,4,4,4,4,4,4,4,4,4,4,4,4,4,4,4,4,4,4,100,,,,,,,,,,,,,,,,,,,,,,,,,,,,,,,,,,,,,,,,,,,,,,,,,,,,,,,,,,,,,,,,,,,,,,,,,,,,,,,,,,,,,,,,,,,,,,,,,,,,,,,,,,,,,,,,,,,,,,,,,,,,,,,,,,,,,,,,,,,,,,,,,,,,,,,,,,,,,,,,,,,,,,,,,,,,,,,,,,,,,,,,,,,,,,,,,,,,,,,,,,,,,,
1764669114.737431,55279,0,4378.205078,4397.820313,4498.205078,4528.717773,4386.025879,4515.897461,4538.846191,4381.153809,4557.05127,4358.589844,4494.743652,4497.179688,4568.077148,4382.692383,4369.615234,4471.666504,4540.256348,4496.282227,4482.05127,4350.897461,4365.769043,4542.436035,4497.436035,4483.077148,4382.820313,4556.153809,4379.230957,4546.025879,4509.230957,4404.871582,4513.846191,4486.410156,2486,0,5,512,58935,,,,0,4,4,4,4,4,4,4,4,4,4,4,4,4,4,4,4,4,4,4,4,4,4,4,4,4,4,4,4,4,4,4,4,100,,,,,,,,,,,,,,,,,,,,,,,,,,,,,,,,,,,,,,,,,,,,,,,,,,,,,,,,,,,,,,,,,,,,,,,,,,,,,,,,,,,,,,,,,,,,,,,,,,,,,,,,,,,,,,,,,,,,,,,,,,,,,,,,,,,,,,,,,,,,,,,,,,,,,,,,,,,,,,,,,,,,,,,,,,,,,,,,,,,,,,,,,,,,,,,,,,,,,,,,,,,,,,
1764669114.741337,55280,0,4375,4392.820313,4481.282227,4514.743652,4381.282227,4505.256348,4526.410156,4372.436035,4550.256348,4360.512695,4491.282227,4498.461426,4561.025879,4381.410156,4366.410156,4477.307617,4536.922852,4501.922852,4490.641113,4352.05127,4368.077148,4539.358887,4496.922852,4478.333496,4381.410156,4550.897461,4368.333496,4539.615234,4505.769043,4403.717773,4502.94873,4470.512695,2937,0,5,768,58943,,,,0,4,4,4,4,4,4,4,4,4,4,4,4,4,4,4,4,4,4,4,4,4,4,4,4,4,4,4,4,4,4,4,4,100,,,,,,,,,,,,,,,,,,,,,,,,,,,,,,,,,,,,,,,,,,,,,,,,,,,,,,,,,,,,,,,,,,,,,,,,,,,,,,,,,,,,,,,,,,,,,,,,,,,,,,,,,,,,,,,,,,,,,,,,,,,,,,,,,,,,,,,,,,,,,,,,,,,,,,,,,,,,,,,,,,,,,,,,,,,,,,,,,,,,,,,,,,,,,,,,,,,,,,,,,,,,,,
1764669114.745243,55281,0,4383.205078,4397.05127,4489.230957,4509.358887,4384.358887,4506.922852,4521.922852,4373.717773,4555.641113,4377.307617,4492.820313,4515.256348,4561.282227,4388.333496,4372.307617,4493.974121,4542.563965,4515.769043,4503.333496,4363.205078,4377.563965,4551.666504,4509.487305,4486.153809,4377.179688,4554.615234,4370.769043,4546.794922,4510.512695,4411.410156,4507.307617,4480.384766,2959,0,5,768,58943,,,,0,4,4,4,4,4,4,4,4,4,4,4,4,4,4,4,4,4,4,4,4,4,4,4,4,4,4,4,4,4,4,4,4,100,,,,,,,,,,,,,,,,,,,,,,,,,,,,,,,,,,,13820,0,0.628272,-0.310242,-0.282349,0.655212,0.990844,-0.063484,0.009767,14.666667,35.333332,-26.666666,,,,,,,,,,,,,,,,,,,,,,,,,,,,,,,,,,,,,,,,,,,,,,,,,,,,,,,,,,,,,,,,,,,,,,,,,,,,,,,,,,,,,,,,,,,,,,,,,,,,,,,,,,,,,,,,,,,,,,,,,,,,,,,,,,,,,,,,,,,,,,,,,,,,,,,,,,,,,,,,
1764669114.749148,55282,0,4392.563965,4402.692383,4512.820313,4512.307617,4390,4513.846191,4522.179688,4378.589844,4564.358887,4395.256348,4493.974121,4533.077148,4564.230957,4397.179688,4380.128418,4509.615234,4548.333496,4526.538574,4510.641113,4373.205078,4383.846191,4566.410156,4522.820313,4495.384766,4365,4559.230957,4379.230957,4557.307617,4516.282227,4414.615234,4517.820313,4507.820313,1818,0,5,1024,58951,,,,0,4,4,4,4,4,4,4,4,4,4,4,4,4,4,4,4,4,4,4,4,4,4,4,4,4,4,4,4,4,4,4,4,100,,,,,,,,,,,,,,,,,,,,,,,,,,,,,,,,,,,,,,,,,,,,,,,,,,,,,,,,,,,,,,,,,,,,,,,,,,,,,,,,,,,,,,,,,,,,,,,,,,,,,,,,,,,,,,,,,,,,,,,,,,,,,,,,,,,,,,,,,,,,,,,,,,,,,,,,,,,,,,,,,,,,,,,,,,,,,,,,,,,,,,,,,,,,,,,,,,,,,,,,,,,,,,
1764669114.753054,55283,0,4395.384766,4403.846191,4536.410156,4521.538574,4394.102539,4518.077148,4524.358887,4381.282227,4568.461426,4401.153809,4492.179688,4539.871582,4566.282227,4403.205078,4383.846191,4514.487305,4548.077148,4527.692383,4508.589844,4375.128418,4381.025879,4572.436035,4527.692383,4497.563965,4345.256348,4559.102539,4386.282227,4563.077148,4517.692383,4406.410156,4525.256348,4535.256348,2800,0,5,1024,58951,,,,0,4,4,4,4,4,4,4,4,4,4,4,4,4,4,4,4,4,4,4,4,4,4,4,4,4,4,4,4,4,4,4,4,100,,,,,,,,,,,,,,,,,,,,,,,,,,,,,,,,,,,,,,,,,,,,,,,,,,,,,,,,,,,,,,,,,,,,,,,,,,,,,,,,,,,,,,,,,,,,,,,,,,,,,,,,,,,,,,,,,,,,,,,,,,,,,,,,,,,,,,,,,,,,,,,,,,,,,,,,,,,,,,,,,,,,,,,,,,,,,,,,,,,,,,,,,,,,,,,,,,,,,,,,,,,,,,
1764669114.756960,55284,0,4392.436035,4401.282227,4547.436035,4533.461426,4397.436035,4518.205078,4528.461426,4381.794922,4567.692383,4392.692383,4490.384766,4534.102539,4567.94873,4406.410156,4383.205078,4509.743652,4543.589844,4522.692383,4501.282227,4371.794922,4372.820313,4569.487305,4524.230957,4493.589844,4326.025879,4554.487305,4390.256348,4563.077148,4515.512695,4392.436035,4526.282227,4549.230957,2639,0,5,1280,58959,,,,0,4,4,4,4,4,4,4,4,4,4,4,4,4,4,4,4,4,4,4,4,4,4,4,4,4,4,4,4,4,4,4,4,100,,,,,,,,,,,,,,,,,,,,,,,,,,,,,,,,,,,,,,,,,,,,,,,,,,,,,,,,,,,,,,,,,,,,,,,,,,,,,,,,,,,,,,,,,,,,,,,,,,,,,,,,,,,,,,,,,,,,,,,,,,,,,,,,,,,,,,,,,,,,,,,,,,,,,,,,,,,,,,,,,,,,,,,,,,,,,,,,,,,,,,,,,,,,,,,,,,,,,,,,,,,,,,
1764669114.760866,55285,0,4390.641113,4400.128418,4543.077148,4543.974121,4402.436035,4517.94873,4535.512695,4383.589844,4567.820313,4378.974121,4492.94873,4524.743652,4571.538574,4409.230957,4382.820313,4504.871582,4541.666504,4520.512695,4497.94873,4371.025879,4368.461426,4565.256348,4519.871582,4490.256348,4322.05127,4550.384766,4392.94873,4562.05127,4513.974121,4384.743652,4523.717773,4548.205078,2874,0,5,1280,58959,,,,0,4,4,4,4,4,4,4,4,4,4,4,4,4,4,4,4,4,4,4,4,4,4,4,4,4,4,4,4,4,4,4,4,100,,,,,,,,,,,,,,,,,,,,,,,,,,,,,,,,,,,13821,0,0.628835,-0.308533,-0.283813,0.654846,0.973752,-0.061043,0.020999,14.833333,37.166668,-25.166666,,,,,,,,,,,,,,,,,,,,,,,,,,,,,,,,,,,,,,,,,,,,,,,,,,,,,,,,,,,,,,,,,,,,,,,,,,,,,,,,,,,,,,,,,,,,,,,,,,,,,,,,,,,,,,,,,,,,,,,,,,,,,,,,,,,,,,,,,,,,,,,,,,,,,,,,,,,,,,,,
1764669114.764772,55286,0,4395.512695,4404.487305,4530,4549.743652,4410.256348,4521.794922,4544.487305,4388.589844,4572.820313,4372.94873,4500.256348,4522.436035,4577.820313,4412.436035,4386.282227,4508.077148,4547.05127,4528.077148,4504.615234,4378.333496,4374.743652,4567.563965,4521.153809,4493.205078,4344.487305,4552.05127,4395.512695,4563.717773,4516.410156,4390,4521.922852,4541.153809,2968,0,5,1536,58967,,,,0,4,4,4,4,4,4,4,4,4,4,4,4,4,4,4,4,4,4,4,4,4,4,4,4,4,4,4,4,4,4,4,4,100,,,,,,,,,,,,,,,,,,,,,,,,,,,,,,,,,,,,,,,,,,,,,,,,,,,,,,,,,,,,,,,,,,,,,,,,,,,,,,,,,,,,,,,,,,,,,,,,,,,,,,,,,,,,,,,,,,,,,,,,,,,,,,,,,,,,,,,,,,,,,,,,,,,,,,,,,,,,,,,,,,,,,,,,,,,,,,,,,,,,,,,,,,,,,,,,,,,,,,,,,,,,,,
1764669114.768677,55287,0,4406.794922,4413.205078,4519.871582,4550.897461,4418.974121,4530.256348,4551.538574,4395.256348,4581.538574,4381.410156,4508.717773,4530.769043,4585.769043,4414.487305,4392.692383,4518.589844,4558.846191,4543.717773,4519.871582,4392.179688,4390.256348,4578.205078,4529.230957,4501.922852,4389.487305,4561.282227,4396.922852,4567.820313,4522.563965,4404.487305,4522.692383,4538.589844,2884,0,5,1536,58967,,,,0,4,4,4,4,4,4,4,4,4,4,4,4,4,4,4,4,4,4,4,4,4,4,4,4,4,4,4,4,4,4,4,4,100,,,,,,,,,,,,,,,,,,,,,,,,,,,,,,,,,,,,,,,,,,,,,,,,,,,,,,,,,,,,,,,,,,,,,,,,,,,,,,,,,,,,,,,,,,,,,,,,,,,,,,,,,,,,,,,,,,,,,,,,,,,,,,,,,,,,,,,,,,,,,,,,,,,,,,,,,,,,,,,,,,,,,,,,,,,,,,,,,,,,,,,,,,,,,,,,,,,,,,,,,,,,,,
1764669114.772583,55288,0,4418.589844,4421.666504,4522.05127,4550.769043,4423.717773,4539.487305,4553.846191,4400.512695,4588.461426,4401.153809,4513.589844,4545.128418,4592.692383,4413.846191,4398.077148,4528.589844,4570.897461,4559.230957,4535.897461,4405.128418,4406.666504,4591.922852,4540,4511.538574,4434.871582,4574.358887,4395.769043,4572.179688,4528.717773,4418.205078,4525.128418,4543.974121,2743,0,5,1792,58974,,,,0,4,4,4,4,4,4,4,4,4,4,4,4,4,4,4,4,4,4,4,4,4,4,4,4,4,4,4,4,4,4,4,4,100,,,,,,,,,,,,,,,,,,,,,,,,,,,,,,,,,,,,,,,,,,,,,,,2.623517,3.118917,2.684771,2.336415,1.287301,6.317276,3.913565,3.36214,2.568439,1.392718,4.202178,6.469089,5.654894,4.489149,2.456774,2.006132,2.602223,3.799736,2.082897,1.389522,3.764762,3.840659,3.283513,2.737649,1.314175,4.199671,3.251965,2.974313,2.170542,1.286483,3.792987,4.857852,3.717538,2.419477,1.421655,2.082216,2.98556,3.866621,2.505975,1.364286,2.478428,1.584423,3.312205,2.525968,1.4491,3.172609,3.331712,6.768146,6.017152,3.65741,1.246795,1.762745,1.604822,1.421295,0.963317,2.64461,1.769706,4.101052,2.451128,1.258648,2.302039,3.133414,2.562676,1.963407,1.149067,1.098099,1.640469,1.367007,1.603397,0.752064,2.523457,2.930301,3.611067,2.31628,1.218577,4.087763,6.114056,4.237482,2.673476,2.468892,4.703043,4.8196,4.456932,2.765787,1.629055,4.523493,9.523294,6.898065,3.154407,3.309179,2.962796,6.945013,5.619186,2.044945,2.253875,3.056975,3.513387,4.548599,2.722074,1.717052,4.444081,8.755809,9.453005,3.381848,1.7056,4.921823,6.651948,4.850812,3.426254,1.791645,3.85162,4.094856,3.406465,2.582584,1.359321,4.838158,4.99901,3.91971,3.1294,1.51936,11.871975,2.969194,7.246082,3.823988,3.797697,5.961329,1.913427,3.20217,2.385014,1.320843,5.364069,3.045184,4.007784,3.632792,1.601264,4.838615,4.200688,3.712119,2.974976,1.596635,2.621926,1.353742,1.630321,1.288659,0.749393,5.284519,3.385216,2.93761,2.538693,1.410298,7.958574,3.082232,6.37666,4.269954,2.195213,6.306516,3.584052,6.665219,4.736822,2.639179
1764669114.776489,55289,0,4425.256348,4425.128418,4536.538574,4552.05127,4421.410156,4545.384766,4552.179688,4402.692383,4589.743652,4418.717773,4513.077148,4556.666504,4596.922852,4410.897461,4398.717773,4529.743652,4577.179688,4566.410156,4544.230957,4410.128418,4414.487305,4601.538574,4547.94873,4516.794922,4453.846191,4584.871582,4393.589844,4575.256348,4531.794922,4423.974121,4527.563965,4551.794922,2924,0,5,1792,58974,,,,0,4,4,4,4,4,4,4,4,4,4,4,4,4,4,4,4,4,4,4,4,4,4,4,4,4,4,4,4,4,4,4,4,100,,,,,,,,,,,,,,,,,,,,,,,,,,,,,,,,,,,13822,0,0.628835,-0.308533,-0.283813,0.654846,1.001099,-0.056648,0.016604,13.833333,37,-26.166666,,,,,,,,,,,,,,,,,,,,,,,,,,,,,,,,,,,,,,,,,,,,,,,,,,,,,,,,,,,,,,,,,,,,,,,,,,,,,,,,,,,,,,,,,,,,,,,,,,,,,,,,,,,,,,,,,,,,,,,,,,,,,,,,,,,,,,,,,,,,,,,,,,,,,,,,,,,,,,,,
1764669114.780395,55290,0,4425.384766,4423.205078,4553.974121,4554.487305,4413.077148,4546.538574,4550.384766,4402.563965,4586.025879,4419.102539,4509.487305,4559.358887,4598.077148,4407.307617,4394.743652,4520.897461,4575.769043,4562.692383,4541.410156,4405.256348,4410,4602.94873,4550,4515.641113,4433.077148,4587.692383,4394.358887,4577.820313,4531.666504,4421.666504,4528.717773,4552.436035,1844,0,5,2048,58982,,,,0,4,4,4,4,4,4,4,4,4,4,4,4,4,4,4,4,4,4,4,4,4,4,4,4,4,4,4,4,4,4,4,4,100,,,,,,,,,,,,,,,,,,,,,,,,,,,,,,,,,,,,,,,,,,,,,,,,,,,,,,,,,,,,,,,,,,,,,,,,,,,,,,,,,,,,,,,,,,,,,,,,,,,,,,,,,,,,,,,,,,,,,,,,,,,,,,,,,,,,,,,,,,,,,,,,,,,,,,,,,,,,,,,,,,,,,,,,,,,,,,,,,,,,,,,,,,,,,,,,,,,,,,,,,,,,,,
1764669114.784300,55291,0,4421.153809,4418.846191,4561.666504,4554.871582,4404.358887,4544.615234,4551.410156,4402.05127,4580.897461,4395.641113,4505.769043,4553.077148,4595.897461,4404.102539,4388.589844,4508.077148,4569.358887,4552.05127,4531.025879,4394.487305,4397.692383,4596.666504,4546.410156,4509.743652,4383.974121,4582.05127,4400,4580.769043,4530.641113,4415.897461,4528.589844,4540.897461,2472,0,5,2048,58982,,,,0,4,4,4,4,4,4,4,4,4,4,4,4,4,4,4,4,4,4,4,4,4,4,4,4,4,4,4,4,4,4,4,4,100,,,,,,,,,,,,,,,,,,,,,,,,,,,,,,,,,,,,,,,,,,,,,,,,,,,,,,,,,,,,,,,,,,,,,,,,,,,,,,,,,,,,,,,,,,,,,,,,,,,,,,,,,,,,,,,,,,,,,,,,,,,,,,,,,,,,,,,,,,,,,,,,,,,,,,,,,,,,,,,,,,,,,,,,,,,,,,,,,,,,,,,,,,,,,,,,,,,,,,,,,,,,,,
1764669114.788206,55292,0,4415.769043,4414.615234,4552.179688,4550,4399.743652,4541.282227,4553.974121,4401.025879,4576.538574,4358.077148,4503.333496,4541.794922,4590.256348,4401.025879,4383.846191,4499.871582,4561.538574,4540.897461,4519.743652,4383.974121,4386.025879,4586.025879,4539.230957,4502.307617,4335.641113,4571.666504,4406.922852,4582.94873,4530.128418,4411.282227,4526.666504,4520.512695,2659,0,5,2304,58990,,,,0,4,4,4,4,4,4,4,4,4,4,4,4,4,4,4,4,4,4,4,4,4,4,4,4,4,4,4,4,4,4,4,4,100,,,,,,,,,,,,,,,,,,,,,,,,,,,,,,,,,,,,,,,,,,,,,,,,,,,,,,,,,,,,,,,,,,,,,,,,,,,,,,,,,,,,,,,,,,,,,,,,,,,,,,,,,,,,,,,,,,,,,,,,,,,,,,,,,,,,,,,,,,,,,,,,,,,,,,,,,,,,,,,,,,,,,,,,,,,,,,,,,,,,,,,,,,,,,,,,,,,,,,,,,,,,,,
1764669114.792112,55293,0,4411.410156,4411.794922,4530,4540.256348,4399.871582,4537.563965,4554.743652,4397.94873,4573.461426,4329.230957,4502.436035,4531.153809,4583.333496,4398.589844,4383.717773,4501.282227,4555.897461,4535.384766,4514.102539,4378.589844,4382.307617,4576.025879,4531.666504,4496.410156,4315.384766,4562.692383,4408.589844,4581.538574,4530,4409.615234,4523.589844,4502.307617,2508,0,5,2304,58990,,,,0,4,4,4,4,4,4,4,4,4,4,4,4,4,4,4,4,4,4,4,4,4,4,4,4,4,4,4,4,4,4,4,4,100,,,,,,,,,,,,,,,,,,,,,,,,,,,,,,,,,,,13823,0,0.62982,-0.307129,-0.2854,0.65387,1.002075,-0.03223,0.019045,14.166667,35.333332,-25.333334,,,,,,,,,,,,,,,,,,,,,,,,,,,,,,,,,,,,,,,,,,,,,,,,,,,,,,,,,,,,,,,,,,,,,,,,,,,,,,,,,,,,,,,,,,,,,,,,,,,,,,,,,,,,,,,,,,,,,,,,,,,,,,,,,,,,,,,,,,,,,,,,,,,,,,,,,,,,,,,,
1764669114.796018,55294,0,4410.256348,4412.05127,4509.871582,4531.025879,4402.05127,4535.256348,4553.461426,4393.333496,4572.563965,4331.025879,4504.358887,4526.922852,4580.641113,4399.358887,4390.897461,4512.94873,4556.282227,4538.974121,4517.307617,4380.641113,4388.846191,4572.05127,4528.205078,4495.256348,4333.974121,4560.256348,4403.333496,4576.922852,4529.358887,4410.641113,4521.922852,4496.794922,2768,0,5,2560,58998,,,,0,4,4,4,4,4,4,4,4,4,4,4,4,4,4,4,4,4,4,4,4,4,4,4,4,4,4,4,4,4,4,4,4,100,,,,,,,,,,,,,,,,,,,,,,,,,,,,,,,,,,,,,,,,,,,,,,,,,,,,,,,,,,,,,,,,,,,,,,,,,,,,,,,,,,,,,,,,,,,,,,,,,,,,,,,,,,,,,,,,,,,,,,,,,,,,,,,,,,,,,,,,,,,,,,,,,,,,,,,,,,,,,,,,,,,,,,,,,,,,,,,,,,,,,,,,,,,,,,,,,,,,,,,,,,,,,,
1764669114.799923,55295,0,4413.589844,4416.153809,4505.641113,4528.846191,4403.077148,4536.153809,4552.692383,4389.615234,4575.384766,4366.794922,4509.487305,4531.410156,4586.794922,4405.384766,4404.358887,4530.128418,4564.102539,4551.153809,4526.922852,4388.461426,4401.922852,4576.922852,4531.666504,4499.743652,4380.641113,4565,4395.256348,4572.692383,4528.333496,4412.436035,4523.589844,4506.025879,2774,0,5,2560,58998,,,,0,4,4,4,4,4,4,4,4,4,4,4,4,4,4,4,4,4,4,4,4,4,4,4,4,4,4,4,4,4,4,4,4,100,,,,,,,,,,,,,,,,,,,,,,,,,,,,,,,,,,,,,,,,,,,,,,,,,,,,,,,,,,,,,,,,,,,,,,,,,,,,,,,,,,,,,,,,,,,,,,,,,,,,,,,,,,,,,,,,,,,,,,,,,,,,,,,,,,,,,,,,,,,,,,,,,,,,,,,,,,,,,,,,,,,,,,,,,,,,,,,,,,,,,,,,,,,,,,,,,,,,,,,,,,,,,,
1764669114.803829,55296,0,4418.077148,4421.025879,4517.05127,4534.615234,4400.641113,4538.205078,4553.461426,4387.94873,4579.871582,4414.102539,4514.102539,4540.256348,4598.333496,4413.205078,4416.666504,4543.589844,4574.743652,4563.717773,4535.256348,4396.153809,4412.563965,4586.538574,4538.846191,4505.641113,4432.05127,4571.794922,4388.333496,4570.128418,4526.794922,4411.282227,4526.025879,4522.179688,2854,0,5,1024,59006,,,,0,4,4,4,4,4,4,4,4,4,4,4,4,4,4,4,4,4,4,4,4,4,4,4,4,4,4,4,4,4,4,4,4,100,,,,,,,,,,,,,,,,,,,,,,,,,,,,,,,,,,,,,,,,,,,,,,,,,,,,,,,,,,,,,,,,,,,,,,,,,,,,,,,,,,,,,,,,,,,,,,,,,,,,,,,,,,,,,,,,,,,,,,,,,,,,,,,,,,,,,,,,,,,,,,,,,,,,,,,,,,,,,,,,,,,,,,,,,,,,,,,,,,,,,,,,,,,,,,,,,,,,,,,,,,,,,,
1764669114.807735,55297,0,4417.436035,4420.256348,4530,4541.282227,4394.102539,4536.282227,4551.794922,4385.128418,4579.358887,4439.102539,4511.666504,4543.846191,4604.615234,4415.256348,4417.05127,4542.94873,4578.077148,4564.615234,4533.077148,4394.743652,4411.153809,4590.512695,4541.410156,4504.615234,4463.717773,4573.205078,4381.794922,4566.025879,4523.461426,4404.102539,4522.94873,4532.820313,2964,0,5,1024,59006,,,,0,4,4,4,4,4,4,4,4,4,4,4,4,4,4,4,4,4,4,4,4,4,4,4,4,4,4,4,4,4,4,4,4,100,,,,,,,,,,,,,,,,,,,,,,,,,,,,,,,,,,,13824,0,0.630125,-0.306396,-0.286072,0.653625,0.99182,-0.054694,0.012209,15,37.333332,-26.666666,,,,,,,,,,,,,,,,,,,,,,,,,,,,,,,,,,,,,,,,,,,,,,,,,,,,,,,,,,,,,,,,,,,,,,,,,,,,,,,,,,,,,,,,,,,,,,,,,,,,,,,,,,,,,,,,,,,,,,,,,,,,,,,,,,,,,,,,,,,,,,,,,,,,,,,,,,,,,,,,
1764669114.811641,55298,0,4408.077148,4410.128418,4529.358887,4540.384766,4385.641113,4527.179688,4543.717773,4378.205078,4569.358887,4423.974121,4499.871582,4535.641113,4597.820313,4406.666504,4400.384766,4525.512695,4567.94873,4547.94873,4517.436035,4380.512695,4395.641113,4581.025879,4534.230957,4492.563965,4462.307617,4566.282227,4372.820313,4556.538574,4517.436035,4391.922852,4511.666504,4531.666504,2724,0,5,1024,59013,,,,0,4,4,4,4,4,4,4,4,4,4,4,4,4,4,4,4,4,4,4,4,4,4,4,4,4,4,4,4,4,4,4,4,100,,,,,,,,,,,,,,,,,,,,,,,,,,,,,,,,,,,,,,,,,,,,,,,,,,,,,,,,,,,,,,,,,,,,,,,,,,,,,,,,,,,,,,,,,,,,,,,,,,,,,,,,,,,,,,,,,,,,,,,,,,,,,,,,,,,,,,,,,,,,,,,,,,,,,,,,,,,,,,,,,,,,,,,,,,,,,,,,,,,,,,,,,,,,,,,,,,,,,,,,,,,,,,
1764669114.815547,55299,0,4394.615234,4395.128418,4512.94873,4530.384766,4379.871582,4515,4531.794922,4368.974121,4553.974121,4382.307617,4484.358887,4518.846191,4580.384766,4391.025879,4372.94873,4498.974121,4549.102539,4520.128418,4495.641113,4359.615234,4374.487305,4562.05127,4520.512695,4475.256348,4430,4555.769043,4363.333496,4543.717773,4510.897461,4381.538574,4498.205078,4521.153809,2890,0,5,1024,59013,,,,0,4,4,4,4,4,4,4,4,4,4,4,4,4,4,4,4,4,4,4,4,4,4,4,4,4,4,4,4,4,4,4,4,100,,,,,,,,,,,,,,,,,,,,,,,,,,,,,,,,,,,,,,,,,,,,,,,,,,,,,,,,,,,,,,,,,,,,,,,,,,,,,,,,,,,,,,,,,,,,,,,,,,,,,,,,,,,,,,,,,,,,,,,,,,,,,,,,,,,,,,,,,,,,,,,,,,,,,,,,,,,,,,,,,,,,,,,,,,,,,,,,,,,,,,,,,,,,,,,,,,,,,,,,,,,,,,
1764669114.819452,55300,0,4387.307617,4385.512695,4493.589844,4518.589844,4380.384766,4508.461426,4523.717773,4363.589844,4544.230957,4348.205078,4475.384766,4505.128418,4564.102539,4378.846191,4350.256348,4477.179688,4535.128418,4496.282227,4479.487305,4345,4360.512695,4547.179688,4510.512695,4464.358887,4381.666504,4550.641113,4360.128418,4536.410156,4508.205078,4380.641113,4493.717773,4509.230957,2790,0,5,512,59021,,,,0,4,4,4,4,4,4,4,4,4,4,4,4,4,4,4,4,4,4,4,4,4,4,4,4,4,4,4,4,4,4,4,4,100,,,,,,,,,,,,,,,,,,,,,,,,,,,,,,,,,,,,,,,,,,,,,,,,,,,,,,,,,,,,,,,,,,,,,,,,,,,,,,,,,,,,,,,,,,,,,,,,,,,,,,,,,,,,,,,,,,,,,,,,,,,,,,,,,,,,,,,,,,,,,,,,,,,,,,,,,,,,,,,,,,,,,,,,,,,,,,,,,,,,,,,,,,,,,,,,,,,,,,,,,,,,,,
1764669114.823358,55301,0,4392.307617,4388.589844,4486.282227,4513.461426,4385.897461,4512.94873,4525.128418,4366.410156,4548.333496,4347.563965,4478.205078,4504.615234,4559.487305,4378.974121,4344.871582,4470,4536.538574,4488.717773,4476.922852,4345.256348,4360.512695,4548.077148,4512.436035,4468.077148,4338.077148,4554.871582,4368.717773,4541.922852,4511.922852,4390.641113,4504.358887,4501.153809,2858,0,5,512,59021,,,,0,4,4,4,4,4,4,4,4,4,4,4,4,4,4,4,4,4,4,4,4,4,4,4,4,4,4,4,4,4,4,4,4,100,,,,,,,,,,,,,,,,,,,,,,,,,,,,,,,,,,,13825,0,0.630138,-0.305847,-0.287048,0.653442,0.99182,-0.054694,0.012209,13.166667,37.5,-25.166666,,,,,,,,,,,,,,,,,,,,,,,,,,,,,,,,,,,,,,,,,,,,,,,,,,,,,,,,,,,,,,,,,,,,,,,,,,,,,,,,,,,,,,,,,,,,,,,,,,,,,,,,,,,,,,,,,,,,,,,,,,,,,,,,,,,,,,,,,,,,,,,,,,,,,,,,,,,,,,,,
1764669114.827264,55302,0,4405.769043,4401.282227,4495.897461,4516.153809,4390.512695,4524.358887,4533.846191,4374.871582,4564.102539,4377.436035,4488.974121,4517.436035,4567.179688,4391.025879,4357.436035,4478.077148,4551.282227,4498.205078,4485.641113,4357.307617,4369.102539,4563.333496,4524.615234,4483.717773,4316.794922,4563.974121,4385.769043,4558.077148,4519.743652,4404.487305,4525,4496.666504,2852,0,5,256,59029,,,,0,4,4,4,4,4,4,4,4,4,4,4,4,4,4,4,4,4,4,4,4,4,4,4,4,4,4,4,4,4,4,4,4,100,,,,,,,,,,,,,,,,,,,,,,,,,,,,,,,,,,,,,,,,,,,,,,,,,,,,,,,,,,,,,,,,,,,,,,,,,,,,,,,,,,,,,,,,,,,,,,,,,,,,,,,,,,,,,,,,,,,,,,,,,,,,,,,,,,,,,,,,,,,,,,,,,,,,,,,,,,,,,,,,,,,,,,,,,,,,,,,,,,,,,,,,,,,,,,,,,,,,,,,,,,,,,,
1764669114.831170,55303,0,4416.922852,4412.307617,4513.461426,4519.743652,4387.436035,4532.820313,4542.05127,4381.538574,4579.230957,4410.128418,4498.461426,4533.205078,4578.333496,4405.769043,4376.410156,4493.717773,4567.05127,4514.871582,4497.563965,4370.512695,4375.512695,4579.871582,4537.436035,4499.487305,4324.871582,4568.974121,4400.641113,4573.461426,4525.384766,4411.666504,4541.794922,4493.205078,3018,0,5,256,59029,,,,0,4,4,4,4,4,4,4,4,4,4,4,4,4,4,4,4,4,4,4,4,4,4,4,4,4,4,4,4,4,4,4,4,100,,,,,,,,,,,,,,,,,,,,,,,,,,,,,,,,,,,,,,,,,,,,,,,,,,,,,,,,,,,,,,,,,,,,,,,,,,,,,,,,,,,,,,,,,,,,,,,,,,,,,,,,,,,,,,,,,,,,,,,,,,,,,,,,,,,,,,,,,,,,,,,,,,,,,,,,,,,,,,,,,,,,,,,,,,,,,,,,,,,,,,,,,,,,,,,,,,,,,,,,,,,,,,
1764669114.835075,55304,0,4417.179688,4411.922852,4525.641113,4516.922852,4375.512695,4531.153809,4542.94873,4380.512695,4582.05127,4417.692383,4499.743652,4539.487305,4582.692383,4412.820313,4387.692383,4507.05127,4572.179688,4527.179688,4505.384766,4376.282227,4373.846191,4585.512695,4540.897461,4504.230957,4354.102539,4564.487305,4403.333496,4576.794922,4524.230957,4406.666504,4543.461426,4490.256348,2936,0,5,512,59037,,,,0,4,4,4,4,4,4,4,4,4,4,4,4,4,4,4,4,4,4,4,4,4,4,4,4,4,4,4,4,4,4,4,4,100,,,,,,,,,,,,,,,,,,,,,,,,,,,,,,,,,,,,,,,,,,,,,,,,,,,,,,,,,,,,,,,,,,,,,,,,,,,,,,,,,,,,,,,,,,,,,,,,,,,,,,,,,,,,,,,,,,,,,,,,,,,,,,,,,,,,,,,,,,,,,,,,,,,,,,,,,,,,,,,,,,,,,,,,,,,,,,,,,,,,,,,,,,,,,,,,,,,,,,,,,,,,,,
1764669114.838981,55305,0,4407.307617,4400.897461,4525.256348,4508.974121,4361.025879,4520.897461,4537.05127,4372.436035,4570.512695,4394.615234,4493.589844,4533.589844,4577.94873,4409.230957,4385.256348,4512.307617,4564.871582,4530,4507.179688,4374.743652,4368.461426,4577.820313,4533.077148,4496.025879,4384.615234,4554.102539,4393.333496,4566.538574,4517.05127,4393.333496,4529.871582,4490.641113,2807,0,5,512,59037,,,,0,4,4,4,4,4,4,4,4,4,4,4,4,4,4,4,4,4,4,4,4,4,4,4,4,4,4,4,4,4,4,4,4,100,,,,,,,,,,,,,,,,,,,,,,,,,,,,,,,,,,,13826,0,0.62998,-0.305603,-0.288208,0.653198,0.996704,-0.036626,0.006348,14,37.5,-26.333334,,,,,,,,,,,,,,,,,,,,,,,,,,,,,,,,,,,,,,,,,,,,,,,,,,,,,,,,,,,,,,,,,,,,,,,,,,,,,,,,,,,,,,,,,,,,,,,,,,,,,,,,,,,,,,,,,,,,,,,,,,,,,,,,,,,,,,,,,,,,,,,,,,,,,,,,,,,,,,,,
1764669114.842887,55306,0,4395.897461,4388.974121,4515.512695,4504.230957,4354.230957,4510.897461,4530,4365.128418,4554.358887,4360.641113,4486.922852,4524.358887,4571.282227,4401.153809,4375.128418,4509.871582,4553.333496,4526.666504,4505.897461,4371.794922,4367.436035,4565.256348,4520.897461,4482.563965,4396.666504,4547.692383,4379.230957,4551.153809,4509.615234,4382.307617,4512.05127,4496.410156,2447,0,5,768,59045,,,,0,4,4,4,4,4,4,4,4,4,4,4,4,4,4,4,4,4,4,4,4,4,4,4,4,4,4,4,4,4,4,4,4,100,,,,,,,,,,,,,,,,,,,,,,,,,,,,,,,,,,,,,,,,,,,,,,,,,,,,,,,,,,,,,,,,,,,,,,,,,,,,,,,,,,,,,,,,,,,,,,,,,,,,,,,,,,,,,,,,,,,,,,,,,,,,,,,,,,,,,,,,,,,,,,,,,,,,,,,,,,,,,,,,,,,,,,,,,,,,,,,,,,,,,,,,,,,,,,,,,,,,,,,,,,,,,,
1764669114.846793,55307,0,4391.666504,4386.410156,4505.897461,4509.487305,4361.153809,4509.871582,4527.94873,4365.512695,4546.922852,4342.307617,4486.794922,4523.589844,4571.538574,4398.333496,4368.846191,4504.743652,4548.589844,4524.871582,4506.153809,4372.94873,4375.128418,4558.589844,4514.615234,4474.871582,4384.871582,4552.05127,4372.307617,4542.436035,4507.692383,4382.307617,4502.436035,4506.410156,2748,0,5,768,59045,,,,0,4,4,4,4,4,4,4,4,4,4,4,4,4,4,4,4,4,4,4,4,4,4,4,4,4,4,4,4,4,4,4,4,100,,,,,,,,,,,,,,,,,,,,,,,,,,,,,,,,,,,,,,,,,,,,,,,,,,,,,,,,,,,,,,,,,,,,,,,,,,,,,,,,,,,,,,,,,,,,,,,,,,,,,,,,,,,,,,,,,,,,,,,,,,,,,,,,,,,,,,,,,,,,,,,,,,,,,,,,,,,,,,,,,,,,,,,,,,,,,,,,,,,,,,,,,,,,,,,,,,,,,,,,,,,,,,
1764669114.850699,55308,0,4397.05127,4395.384766,4503.461426,4523.333496,4378.333496,4518.717773,4532.692383,4374.487305,4554.102539,4351.282227,4494.102539,4534.358887,4581.794922,4405,4373.846191,4502.820313,4554.487305,4529.871582,4511.025879,4379.743652,4388.717773,4563.077148,4518.589844,4478.846191,4364.615234,4564.743652,4377.307617,4545.641113,4512.820313,4393.589844,4505.384766,4515.512695,2502,0,5,1024,59052,,,,0,4,4,4,4,4,4,4,4,4,4,4,4,4,4,4,4,4,4,4,4,4,4,4,4,4,4,4,4,4,4,4,4,100,,,,,,,,,,,,,,,,,,,,,,,,,,,,,,,,,,,,,,,,,,,,,,,,,,,,,,,,,,,,,,,,,,,,,,,,,,,,,,,,,,,,,,,,,,,,,,,,,,,,,,,,,,,,,,,,,,,,,,,,,,,,,,,,,,,,,,,,,,,,,,,,,,,,,,,,,,,,,,,,,,,,,,,,,,,,,,,,,,,,,,,,,,,,,,,,,,,,,,,,,,,,,,
1764669114.854604,55309,0,4406.153809,4409.358887,4508.589844,4537.05127,4396.282227,4530.641113,4540.512695,4386.153809,4569.615234,4378.333496,4503.589844,4548.974121,4595.769043,4416.410156,4386.666504,4506.282227,4566.538574,4541.538574,4520.641113,4390.128418,4402.307617,4575.384766,4528.333496,4492.05127,4362.05127,4576.794922,4389.615234,4556.794922,4521.410156,4408.205078,4516.025879,4519.102539,2263,0,5,1024,59052,,,,0,4,4,4,4,4,4,4,4,4,4,4,4,4,4,4,4,4,4,4,4,4,4,4,4,4,4,4,4,4,4,4,4,100,,,,,,,,,,,,,,,,,,,,,,,,,,,,,,,,,,,13827,0,0.629943,-0.304932,-0.2901,0.65271,0.98889,-0.023929,-0.020999,14,37.5,-26.333334,,,,,,,,,,,,,,,,,,,,,,,,,,,,,,,,,,,,,,,,,,,,,,,,,,,,,,,,,,,,,,,,,,,,,,,,,,,,,,,,,,,,,,,,,,,,,,,,,,,,,,,,,,,,,,,,,,,,,,,,,,,,,,,,,,,,,,,,,,,,,,,,,,,,,,,,,,,,,,,,
1764669114.858510,55310,0,4411.410156,4418.461426,4517.307617,4543.205078,4407.05127,4537.820313,4546.025879,4393.333496,4580.769043,4403.333496,4507.94873,4556.538574,4604.358887,4423.717773,4397.179688,4512.820313,4576.282227,4554.743652,4531.538574,4399.487305,4410.769043,4588.077148,4536.153809,4506.025879,4390.128418,4580.512695,4399.358887,4566.794922,4527.307617,4416.538574,4525.384766,4516.922852,2759,0,5,1280,59060,,,,0,4,4,4,4,4,4,4,4,4,4,4,4,4,4,4,4,4,4,4,4,4,4,4,4,4,4,4,4,4,4,4,4,100,,,,,,,,,,,,,,,,,,,,,,,,,,,,,,,,,,,,,,,,,,,,,,,,,,,,,,,,,,,,,,,,,,,,,,,,,,,,,,,,,,,,,,,,,,,,,,,,,,,,,,,,,,,,,,,,,,,,,,,,,,,,,,,,,,,,,,,,,,,,,,,,,,,,,,,,,,,,,,,,,,,,,,,,,,,,,,,,,,,,,,,,,,,,,,,,,,,,,,,,,,,,,,
1764669114.862416,55311,0,4409.487305,4417.179688,4524.615234,4541.153809,4408.717773,4537.436035,4546.538574,4393.717773,4579.230957,4411.025879,4505,4551.794922,4603.205078,4421.538574,4397.563965,4518.205078,4577.820313,4563.077148,4539.102539,4403.974121,4412.436035,4594.871582,4537.179688,4513.461426,4432.692383,4575.512695,4398.589844,4568.589844,4527.307617,4414.358887,4528.077148,4512.563965,2463,0,5,1280,59060,,,,0,4,4,4,4,4,4,4,4,4,4,4,4,4,4,4,4,4,4,4,4,4,4,4,4,4,4,4,4,4,4,4,4,100,,,,,,,,,,,,,,,,,,,,,,,,,,,,,,,,,,,,,,,,,,,,,,,,,,,,,,,,,,,,,,,,,,,,,,,,,,,,,,,,,,,,,,,,,,,,,,,,,,,,,,,,,,,,,,,,,,,,,,,,,,,,,,,,,,,,,,,,,,,,,,,,,,,,,,,,,,,,,,,,,,,,,,,,,,,,,,,,,,,,,,,,,,,,,,,,,,,,,,,,,,,,,,
1764669114.866322,55312,0,4404.102539,4408.461426,4527.94873,4536.922852,4405.641113,4533.333496,4544.487305,4390.897461,4568.205078,4400.512695,4499.102539,4539.230957,4595.384766,4412.307617,4390.384766,4521.410156,4572.563965,4564.358887,4540,4402.179688,4409.230957,4594.358887,4533.333496,4512.179688,4453.974121,4568.077148,4388.589844,4563.077148,4522.563965,4404.871582,4526.025879,4510.256348,2925,0,5,1536,59068,,,,0,4,4,4,4,4,4,4,4,4,4,4,4,4,4,4,4,4,4,4,4,4,4,4,4,4,4,4,4,4,4,4,4,100,,,,,,,,,,,,,,,,,,,,,,,,,,,,,,,,,,,,,,,,,,,,,,,,,,,,,,,,,,,,,,,,,,,,,,,,,,,,,,,,,,,,,,,,,,,,,,,,,,,,,,,,,,,,,,,,,,,,,,,,,,,,,,,,,,,,,,,,,,,,,,,,,,,,,,,,,,,,,,,,,,,,,,,,,,,,,,,,,,,,,,,,,,,,,,,,,,,,,,,,,,,,,,
1764669114.870227,55313,0,4401.922852,4401.538574,4528.333496,4537.820313,4404.743652,4532.05127,4545.128418,4391.153809,4559.230957,4384.358887,4497.307617,4530.128418,4589.615234,4405,4385.641113,4524.871582,4566.794922,4562.307617,4535.384766,4397.05127,4405.128418,4590.512695,4531.282227,4505.897461,4430.641113,4565,4378.333496,4557.307617,4518.333496,4396.153809,4525.256348,4510.897461,2964,0,5,1536,59068,,,,0,4,4,4,4,4,4,4,4,4,4,4,4,4,4,4,4,4,4,4,4,4,4,4,4,4,4,4,4,4,4,4,4,100,,,,,,,,,,,,,,,,,,,,,,,,,,,,,,,,,,,13828,0,0.629992,-0.304626,-0.290588,0.652588,1.017214,-0.033696,-0.001465,14.166667,37.833332,-25.333334,,,,,,,,,,,,,,,,,,,,,,,,,,,,,,,,,,,,,,,,,,,,,,,,,,,,,,,,,,,,,,,,,,,,,,,,,,,,,,,,,,,,,,,,,,,,,,,,,,,,,,,,,,,,,,,,,,,,,,,,,,,,,,,,,,,,,,,,,,,,,,,,,,,,,,,,,,,,,,,,
1764669114.874133,55314,0,4407.05127,4403.974121,4528.077148,4546.282227,4410,4537.436035,4551.410156,4397.94873,4562.820313,4377.692383,4503.461426,4532.692383,4591.922852,4406.794922,4391.666504,4532.563965,4567.307617,4563.589844,4531.153809,4393.974121,4403.717773,4588.077148,4535.641113,4500.641113,4374.743652,4568.589844,4377.563965,4558.205078,4519.230957,4394.871582,4530,4511.922852,1800,0,5,1792,59076,,,,0,4,4,4,4,4,4,4,4,4,4,4,4,4,4,4,4,4,4,4,4,4,4,4,4,4,4,4,4,4,4,4,4,100,,,,,,,,,,,,,,,,,,,,,,,,,,,,,,,,,,,,,,,,,,,,,,,,,,,,,,,,,,,,,,,,,,,,,,,,,,,,,,,,,,,,,,,,,,,,,,,,,,,,,,,,,,,,,,,,,,,,,,,,,,,,,,,,,,,,,,,,,,,,,,,,,,,,,,,,,,,,,,,,,,,,,,,,,,,,,,,,,,,,,,,,,,,,,,,,,,,,,,,,,,,,,,
1764669114.878039,55315,0,4415.256348,4414.102539,4526.153809,4556.794922,4418.717773,4546.025879,4560.128418,4407.307617,4577.820313,4386.410156,4512.563965,4544.487305,4600.256348,4417.05127,4406.025879,4544.230957,4573.717773,4570.512695,4531.794922,4396.025879,4404.871582,4588.077148,4543.846191,4499.102539,4325.384766,4575.384766,4387.05127,4565.769043,4524.615234,4400.769043,4537.05127,4509.230957,2775,0,5,1792,59076,,,,0,4,4,4,4,4,4,4,4,4,4,4,4,4,4,4,4,4,4,4,4,4,4,4,4,4,4,4,4,4,4,4,4,100,,,,,,,,,,,,,,,,,,,,,,,,,,,,,,,,,,,,,,,,,,,,,,,,,,,,,,,,,,,,,,,,,,,,,,,,,,,,,,,,,,,,,,,,,,,,,,,,,,,,,,,,,,,,,,,,,,,,,,,,,,,,,,,,,,,,,,,,,,,,,,,,,,,,,,,,,,,,,,,,,,,,,,,,,,,,,,,,,,,,,,,,,,,,,,,,,,,,,,,,,,,,,,
1764669114.881945,55316,0,4417.692383,4421.410156,4519.743652,4559.615234,4423.333496,4549.358887,4563.717773,4410.512695,4592.436035,4402.179688,4515.512695,4553.461426,4605.641113,4427.692383,4418.717773,4554.102539,4578.846191,4577.94873,4536.666504,4400.512695,4405.256348,4586.922852,4547.820313,4498.333496,4316.025879,4578.333496,4397.820313,4572.307617,4528.461426,4406.922852,4538.461426,4500.512695,2619,0,5,2048,59084,,,,0,4,4,4,4,4,4,4,4,4,4,4,4,4,4,4,4,4,4,4,4,4,4,4,4,4,4,4,4,4,4,4,4,100,,,,,,,,,,,,,,,,,,,,,,,,,,,,,,,,,,,,,,,,,,,,,,,,,,,,,,,,,,,,,,,,,,,,,,,,,,,,,,,,,,,,,,,,,,,,,,,,,,,,,,,,,,,,,,,,,,,,,,,,,,,,,,,,,,,,,,,,,,,,,,,,,,,,,,,,,,,,,,,,,,,,,,,,,,,,,,,,,,,,,,,,,,,,,,,,,,,,,,,,,,,,,,
1764669114.885850,55317,0,4409.487305,4417.179688,4508.846191,4550.384766,4418.717773,4541.922852,4557.692383,4402.179688,4595.128418,4411.794922,4507.94873,4548.846191,4601.153809,4430.769043,4421.025879,4555.769043,4575.641113,4577.94873,4540,4402.820313,4402.179688,4581.666504,4542.05127,4494.743652,4348.717773,4573.846191,4400.512695,4570.384766,4525.769043,4407.307617,4530.641113,4488.717773,2861,0,5,2048,59084,,,,0,4,4,4,4,4,4,4,4,4,4,4,4,4,4,4,4,4,4,4,4,4,4,4,4,4,4,4,4,4,4,4,4,100,,,,,,,,,,,,,,,,,,,,,,,,,,,,,,,,,,,13829,0,0.629628,-0.304565,-0.290894,0.652832,1.031864,-0.043462,-0.013185,14.666667,36.5,-26.166666,,,,,,,,,,,,,,,,,,,,,,,,,,,,,,,,,,,,,,,,,,,,,,,,,,,,,,,,,,,,,,,,,,,,,,,,,,,,,,,,,,,,,,,,,,,,,,,,,,,,,,,,,,,,,,,,,,,,,,,,,,,,,,,,,,,,,,,,,,,,,,,,,,,,,,,,,,,,,,,,
1764669114.889756,55318,0,4395.641113,4403.333496,4499.358887,4535.256348,4408.205078,4527.94873,4545.769043,4387.563965,4586.410156,4410.512695,4494.615234,4532.307617,4589.358887,4425.512695,4412.563965,4547.436035,4564.743652,4568.461426,4538.205078,4401.282227,4397.820313,4574.102539,4529.871582,4488.974121,4395.641113,4565.769043,4394.615234,4560.384766,4518.205078,4401.410156,4519.871582,4482.307617,2948,0,5,2304,59092,,,,0,4,4,4,4,4,4,4,4,4,4,4,4,4,4,4,4,4,4,4,4,4,4,4,4,4,4,4,4,4,4,4,4,100,,,,,,,,,,,,,,,,,,,,,,,,,,,,,,,,,,,,,,,,,,,,,,,,,,,,,,,,,,,,,,,,,,,,,,,,,,,,,,,,,,,,,,,,,,,,,,,,,,,,,,,,,,,,,,,,,,,,,,,,,,,,,,,,,,,,,,,,,,,,,,,,,,,,,,,,,,,,,,,,,,,,,,,,,,,,,,,,,,,,,,,,,,,,,,,,,,,,,,,,,,,,,,
1764669114.893662,55319,0,4385.897461,4390.384766,4498.205078,4526.153809,4400.128418,4517.307617,4536.666504,4377.820313,4576.410156,4403.589844,4485.512695,4516.410156,4579.487305,4417.436035,4400.897461,4533.333496,4553.974121,4554.615234,4531.922852,4397.820313,4396.410156,4569.230957,4520.512695,4485,4424.615234,4561.538574,4386.922852,4549.871582,4511.794922,4393.974121,4516.538574,4489.358887,2866,0,5,2304,59092,,,,0,4,4,4,4,4,4,4,4,4,4,4,4,4,4,4,4,4,4,4,4,4,4,4,4,4,4,4,4,4,4,4,4,100,,,,,,,,,,,,,,,,,,,,,,,,,,,,,,,,,,,,,,,,,,,,,,,,,,,,,,,,,,,,,,,,,,,,,,,,,,,,,,,,,,,,,,,,,,,,,,,,,,,,,,,,,,,,,,,,,,,,,,,,,,,,,,,,,,,,,,,,,,,,,,,,,,,,,,,,,,,,,,,,,,,,,,,,,,,,,,,,,,,,,,,,,,,,,,,,,,,,,,,,,,,,,,
1764669114.897568,55320,0,4386.282227,4387.307617,4506.666504,4529.230957,4400.256348,4516.666504,4535.512695,4380,4574.102539,4398.717773,4486.282227,4512.179688,4578.205078,4412.563965,4393.077148,4518.974121,4550,4543.333496,4524.615234,4394.615234,4398.717773,4570.256348,4520.256348,4486.282227,4423.077148,4565.641113,4384.615234,4546.538574,4511.794922,4388.846191,4524.615234,4509.102539,2723,0,5,2560,59099,,,,0,4,4,4,4,4,4,4,4,4,4,4,4,4,4,4,4,4,4,4,4,4,4,4,4,4,4,4,4,4,4,4,4,100,,,,,,,,,,,,,,,,,,,,,,,,,,,,,,,,,,,,,,,,,,,,,,,2.913442,2.952219,3.225113,2.261455,1.501024,5.849566,3.350092,4.048936,2.563756,1.615775,3.436584,5.16352,6.473859,4.931087,2.832093,1.686134,2.157478,4.822557,2.230554,1.470763,3.719046,3.613914,3.532923,3.050195,1.495192,4.104544,3.229084,3.75807,2.228104,1.504128,3.904698,4.464237,3.988147,2.442194,1.641994,1.887043,2.438411,4.593301,2.670785,1.616258,2.091664,1.34518,3.782241,2.458992,1.629847,2.716977,3.165656,7.6795,5.639097,3.709729,1.012212,1.637383,1.84784,1.417631,1.172076,2.563317,1.578553,4.812436,2.440634,1.519511,2.33455,3.005392,2.894882,1.846246,1.359293,1.045272,1.472377,1.408043,1.428644,0.770225,2.411314,3.267676,4.019215,2.193951,1.414715,4.175288,6.445851,4.217895,2.744716,2.7924,4.716173,4.551968,4.861427,2.720343,1.914104,4.68058,9.686616,6.249,3.236582,3.826406,2.820115,6.760509,4.549149,2.255234,2.635213,2.816413,3.027403,4.717491,2.826761,2.065573,4.030776,8.251619,9.999717,3.550965,2.249701,4.674251,6.409836,4.955578,3.357067,2.115645,3.952507,3.957811,3.92024,2.508648,1.576871,4.364592,4.695035,4.250511,3.255229,1.820004,8.821532,2.083521,9.52105,3.873344,4.317973,5.002843,1.897415,3.828772,2.49876,1.553679,4.675544,2.72774,4.115677,3.855161,1.866651,4.64932,4.130846,4.088285,3.061593,1.863408,2.442585,1.265951,1.857514,1.302887,0.876262,4.692299,3.093796,3.639106,2.584481,1.690652,6.301235,2.506586,6.476501,4.71692,2.575158,5.200058,2.91221,6.842048,5.596137,2.935153
1764669114.901474,55321,0,4393.846191,4394.102539,4518.717773,4540.256348,4407.820313,4523.974121,4540.384766,4391.153809,4579.487305,4397.436035,4494.615234,4520.384766,4584.358887,4412.179688,4391.025879,4508.205078,4553.461426,4537.05127,4518.974121,4391.922852,4401.410156,4575.769043,4527.820313,4492.436035,4403.846191,4576.153809,4388.717773,4551.538574,4516.922852,4387.179688,4537.05127,4530.128418,2905,0,5,2560,59099,,,,0,4,4,4,4,4,4,4,4,4,4,4,4,4,4,4,4,4,4,4,4,4,4,4,4,4,4,4,4,4,4,4,4,100,,,,,,,,,,,,,,,,,,,,,,,,,,,,,,,,,,,13830,0,0.629039,-0.304749,-0.291016,0.653259,0.998657,-0.065438,0,15,36.166668,-24.166666,,,,,,,,,,,,,,,,,,,,,,,,,,,,,,,,,,,,,,,,,,,,,,,,,,,,,,,,,,,,,,,,,,,,,,,,,,,,,,,,,,,,,,,,,,,,,,,,,,,,,,,,,,,,,,,,,,,,,,,,,,,,,,,,,,,,,,,,,,,,,,,,,,,,,,,,,,,,,,,,
1764669114.905379,55322,0,4401.410156,4403.717773,4525.897461,4549.102539,4415.641113,4531.282227,4545.256348,4402.05127,4585.512695,4396.666504,4503.205078,4531.922852,4591.538574,4413.589844,4391.410156,4502.436035,4559.615234,4534.102539,4515.128418,4388.974121,4399.615234,4582.307617,4536.282227,4500.384766,4390.256348,4586.410156,4395.128418,4560.384766,4522.05127,4388.461426,4543.333496,4537.563965,1826,0,5,2560,59107,,,,0,4,4,4,4,4,4,4,4,4,4,4,4,4,4,4,4,4,4,4,4,4,4,4,4,4,4,4,4,4,4,4,4,100,,,,,,,,,,,,,,,,,,,,,,,,,,,,,,,,,,,,,,,,,,,,,,,,,,,,,,,,,,,,,,,,,,,,,,,,,,,,,,,,,,,,,,,,,,,,,,,,,,,,,,,,,,,,,,,,,,,,,,,,,,,,,,,,,,,,,,,,,,,,,,,,,,,,,,,,,,,,,,,,,,,,,,,,,,,,,,,,,,,,,,,,,,,,,,,,,,,,,,,,,,,,,,
1764669114.909285,55323,0,4402.94873,4408.333496,4524.358887,4549.102539,4415.769043,4532.436035,4545.641113,4404.487305,4584.871582,4394.487305,4505.769043,4536.153809,4593.717773,4412.94873,4390.384766,4500.384766,4563.205078,4530.384766,4511.025879,4385.128418,4391.282227,4586.538574,4539.102539,4505.769043,4396.538574,4590.128418,4397.94873,4566.666504,4522.563965,4391.538574,4538.077148,4525,2465,0,5,2560,59107,,,,0,4,4,4,4,4,4,4,4,4,4,4,4,4,4,4,4,4,4,4,4,4,4,4,4,4,4,4,4,4,4,4,4,100,,,,,,,,,,,,,,,,,,,,,,,,,,,,,,,,,,,,,,,,,,,,,,,,,,,,,,,,,,,,,,,,,,,,,,,,,,,,,,,,,,,,,,,,,,,,,,,,,,,,,,,,,,,,,,,,,,,,,,,,,,,,,,,,,,,,,,,,,,,,,,,,,,,,,,,,,,,,,,,,,,,,,,,,,,,,,,,,,,,,,,,,,,,,,,,,,,,,,,,,,,,,,,
1764669114.913191,55324,0,4397.179688,4404.230957,4516.282227,4541.025879,4404.871582,4526.025879,4540.769043,4396.410156,4575.897461,4391.922852,4500,4529.358887,4588.846191,4408.333496,4386.282227,4499.358887,4560.897461,4523.846191,4505.384766,4380.384766,4379.615234,4585.384766,4533.974121,4504.743652,4416.666504,4585.128418,4393.974121,4565.641113,4517.94873,4393.974121,4524.487305,4499.487305,2657,0,5,2048,59115,,,,0,4,4,4,4,4,4,4,4,4,4,4,4,4,4,4,4,4,4,4,4,4,4,4,4,4,4,4,4,4,4,4,4,100,,,,,,,,,,,,,,,,,,,,,,,,,,,,,,,,,,,,,,,,,,,,,,,,,,,,,,,,,,,,,,,,,,,,,,,,,,,,,,,,,,,,,,,,,,,,,,,,,,,,,,,,,,,,,,,,,,,,,,,,,,,,,,,,,,,,,,,,,,,,,,,,,,,,,,,,,,,,,,,,,,,,,,,,,,,,,,,,,,,,,,,,,,,,,,,,,,,,,,,,,,,,,,
1764669114.917097,55325,0,4387.436035,4393.846191,4506.538574,4531.025879,4388.205078,4516.153809,4532.692383,4382.94873,4564.230957,4391.538574,4489.615234,4516.666504,4579.871582,4401.153809,4380.256348,4497.94873,4553.333496,4516.282227,4499.230957,4375,4370.128418,4577.820313,4523.974121,4496.410156,4430.641113,4574.871582,4384.615234,4557.179688,4511.410156,4392.820313,4510.128418,4475.769043,2503,0,5,2048,59115,,,,0,4,4,4,4,4,4,4,4,4,4,4,4,4,4,4,4,4,4,4,4,4,4,4,4,4,4,4,4,4,4,4,4,100,,,,,,,,,,,,,,,,,,,,,,,,,,,,,,,,,,,13831,0,0.628415,-0.304932,-0.291077,0.653748,0.980588,-0.050787,-0.001465,14.5,36.833332,-27.166666,,,,,,,,,,,,,,,,,,,,,,,,,,,,,,,,,,,,,,,,,,,,,,,,,,,,,,,,,,,,,,,,,,,,,,,,,,,,,,,,,,,,,,,,,,,,,,,,,,,,,,,,,,,,,,,,,,,,,,,,,,,,,,,,,,,,,,,,,,,,,,,,,,,,,,,,,,,,,,,,
1764669114.921002,55326,0,4380.128418,4384.230957,4498.717773,4525.256348,4377.820313,4510.256348,4526.282227,4373.205078,4558.974121,4394.102539,4482.05127,4508.077148,4573.077148,4396.410156,4376.410156,4497.563965,4545,4513.205078,4496.922852,4372.179688,4368.974121,4566.794922,4516.282227,4485.641113,4421.538574,4565.897461,4376.153809,4547.436035,4507.692383,4389.358887,4502.436035,4466.410156,2755,0,5,1024,59123,,,,0,4,4,4,4,4,4,4,4,4,4,4,4,4,4,4,4,4,4,4,4,4,4,4,4,4,4,4,4,4,4,4,4,100,,,,,,,,,,,,,,,,,,,,,,,,,,,,,,,,,,,,,,,,,,,,,,,,,,,,,,,,,,,,,,,,,,,,,,,,,,,,,,,,,,,,,,,,,,,,,,,,,,,,,,,,,,,,,,,,,,,,,,,,,,,,,,,,,,,,,,,,,,,,,,,,,,,,,,,,,,,,,,,,,,,,,,,,,,,,,,,,,,,,,,,,,,,,,,,,,,,,,,,,,,,,,,
1764669114.924908,55327,0,4381.410156,4383.461426,4494.871582,4526.410156,4383.589844,4514.102539,4526.922852,4374.487305,4566.666504,4397.692383,4484.358887,4511.410156,4574.102539,4399.102539,4378.974121,4502.692383,4542.05127,4520.512695,4502.94873,4376.666504,4379.743652,4559.615234,4517.563965,4481.794922,4391.538574,4564.615234,4376.666504,4545.256348,4510.512695,4389.615234,4505.256348,4474.871582,2769,0,5,1024,59123,,,,0,4,4,4,4,4,4,4,4,4,4,4,4,4,4,4,4,4,4,4,4,4,4,4,4,4,4,4,4,4,4,4,4,100,,,,,,,,,,,,,,,,,,,,,,,,,,,,,,,,,,,,,,,,,,,,,,,,,,,,,,,,,,,,,,,,,,,,,,,,,,,,,,,,,,,,,,,,,,,,,,,,,,,,,,,,,,,,,,,,,,,,,,,,,,,,,,,,,,,,,,,,,,,,,,,,,,,,,,,,,,,,,,,,,,,,,,,,,,,,,,,,,,,,,,,,,,,,,,,,,,,,,,,,,,,,,,
1764669114.928814,55328,0,4392.692383,4394.102539,4494.871582,4532.563965,4403.717773,4527.563965,4535.897461,4387.179688,4584.743652,4399.487305,4496.282227,4526.410156,4583.461426,4409.487305,4389.230957,4515.256348,4548.846191,4539.230957,4518.333496,4390.512695,4400.512695,4563.461426,4528.717773,4490.128418,4362.05127,4572.307617,4389.230957,4555.384766,4519.230957,4398.974121,4517.307617,4494.615234,2839,0,5,768,59131,,,,0,4,4,4,4,4,4,4,4,4,4,4,4,4,4,4,4,4,4,4,4,4,4,4,4,4,4,4,4,4,4,4,4,100,,,,,,,,,,,,,,,,,,,,,,,,,,,,,,,,,,,,,,,,,,,,,,,,,,,,,,,,,,,,,,,,,,,,,,,,,,,,,,,,,,,,,,,,,,,,,,,,,,,,,,,,,,,,,,,,,,,,,,,,,,,,,,,,,,,,,,,,,,,,,,,,,,,,,,,,,,,,,,,,,,,,,,,,,,,,,,,,,,,,,,,,,,,,,,,,,,,,,,,,,,,,,,
1764669114.932720,55329,0,4407.94873,4409.871582,4496.794922,4538.205078,4424.102539,4543.077148,4547.820313,4402.94873,4601.666504,4397.436035,4509.230957,4544.358887,4595.256348,4421.282227,4402.179688,4530.256348,4562.05127,4561.538574,4536.666504,4408.846191,4422.179688,4576.666504,4542.94873,4506.538574,4355.256348,4584.230957,4407.179688,4572.307617,4529.102539,4414.230957,4531.794922,4513.974121,2934,0,5,768,59131,,,,0,4,4,4,4,4,4,4,4,4,4,4,4,4,4,4,4,4,4,4,4,4,4,4,4,4,4,4,4,4,4,4,4,100,,,,,,,,,,,,,,,,,,,,,,,,,,,,,,,,,,,13832,0,0.628011,-0.304993,-0.291199,0.654053,0.980588,-0.050787,-0.001465,15.5,36.5,-25,,,,,,,,,,,,,,,,,,,,,,,,,,,,,,,,,,,,,,,,,,,,,,,,,,,,,,,,,,,,,,,,,,,,,,,,,,,,,,,,,,,,,,,,,,,,,,,,,,,,,,,,,,,,,,,,,,,,,,,,,,,,,,,,,,,,,,,,,,,,,,,,,,,,,,,,,,,,,,,,
1764669114.936626,55330,0,4416.538574,4418.974121,4497.307617,4537.307617,4427.94873,4550.256348,4552.94873,4410.256348,4604.487305,4390.769043,4512.436035,4553.333496,4600.128418,4425.512695,4409.102539,4537.692383,4572.05127,4574.358887,4547.436035,4419.615234,4432.307617,4588.589844,4549.487305,4518.333496,4372.94873,4591.282227,4417.436035,4582.94873,4532.94873,4424.615234,4538.846191,4522.05127,2711,0,5,768,59138,,,,0,4,4,4,4,4,4,4,4,4,4,4,4,4,4,4,4,4,4,4,4,4,4,4,4,4,4,4,4,4,4,4,4,100,,,,,,,,,,,,,,,,,,,,,,,,,,,,,,,,,,,,,,,,,,,,,,,,,,,,,,,,,,,,,,,,,,,,,,,,,,,,,,,,,,,,,,,,,,,,,,,,,,,,,,,,,,,,,,,,,,,,,,,,,,,,,,,,,,,,,,,,,,,,,,,,,,,,,,,,,,,,,,,,,,,,,,,,,,,,,,,,,,,,,,,,,,,,,,,,,,,,,,,,,,,,,,
1764669114.940531,55331,0,4411.794922,4413.461426,4494.615234,4527.94873,4409.743652,4543.333496,4545.897461,4402.563965,4590.384766,4380.512695,4501.922852,4547.307617,4592.820313,4417.307617,4404.487305,4530.641113,4569.487305,4568.205078,4542.94873,4413.974121,4423.717773,4588.205078,4541.666504,4514.871582,4395.128418,4587.436035,4411.153809,4577.307617,4527.307617,4420.641113,4533.717773,4514.487305,2875,0,5,768,59138,,,,0,4,4,4,4,4,4,4,4,4,4,4,4,4,4,4,4,4,4,4,4,4,4,4,4,4,4,4,4,4,4,4,4,100,,,,,,,,,,,,,,,,,,,,,,,,,,,,,,,,,,,,,,,,,,,,,,,,,,,,,,,,,,,,,,,,,,,,,,,,,,,,,,,,,,,,,,,,,,,,,,,,,,,,,,,,,,,,,,,,,,,,,,,,,,,,,,,,,,,,,,,,,,,,,,,,,,,,,,,,,,,,,,,,,,,,,,,,,,,,,,,,,,,,,,,,,,,,,,,,,,,,,,,,,,,,,,
1764669114.944437,55332,0,4396.282227,4396.153809,4489.615234,4515,4380.256348,4526.282227,4529.615234,4383.846191,4568.461426,4370.256348,4483.846191,4530.384766,4577.05127,4400.384766,4391.410156,4512.563965,4554.487305,4546.153809,4524.743652,4393.077148,4401.153809,4574.230957,4522.94873,4496.922852,4399.487305,4573.974121,4391.794922,4558.205078,4515.512695,4403.717773,4519.871582,4496.794922,2773,0,5,512,59146,,,,0,4,4,4,4,4,4,4,4,4,4,4,4,4,4,4,4,4,4,4,4,4,4,4,4,4,4,4,4,4,4,4,4,100,,,,,,,,,,,,,,,,,,,,,,,,,,,,,,,,,,,,,,,,,,,,,,,,,,,,,,,,,,,,,,,,,,,,,,,,,,,,,,,,,,,,,,,,,,,,,,,,,,,,,,,,,,,,,,,,,,,,,,,,,,,,,,,,,,,,,,,,,,,,,,,,,,,,,,,,,,,,,,,,,,,,,,,,,,,,,,,,,,,,,,,,,,,,,,,,,,,,,,,,,,,,,,
1764669114.948343,55333,0,4380.769043,4378.717773,4486.794922,4506.282227,4359.615234,4510.384766,4514.743652,4365.897461,4552.820313,4365.641113,4470.128418,4514.743652,4562.692383,4385.769043,4378.717773,4494.871582,4537.05127,4522.692383,4504.102539,4369.102539,4378.461426,4556.922852,4505.256348,4476.538574,4380.256348,4558.974121,4372.436035,4538.461426,4505.128418,4385.256348,4507.436035,4481.153809,2844,0,5,512,59146,,,,0,4,4,4,4,4,4,4,4,4,4,4,4,4,4,4,4,4,4,4,4,4,4,4,4,4,4,4,4,4,4,4,4,100,,,,,,,,,,,,,,,,,,,,,,,,,,,,,,,,,,,13833,0,0.627578,-0.305054,-0.291931,0.654114,1.001099,-0.053229,0.01465,14.166667,37.333332,-27,,,,,,,,,,,,,,,,,,,,,,,,,,,,,,,,,,,,,,,,,,,,,,,,,,,,,,,,,,,,,,,,,,,,,,,,,,,,,,,,,,,,,,,,,,,,,,,,,,,,,,,,,,,,,,,,,,,,,,,,,,,,,,,,,,,,,,,,,,,,,,,,,,,,,,,,,,,,,,,,
1764669114.952249,55334,0,4375.897461,4372.05127,4490.256348,4507.307617,4361.282227,4506.153809,4510.769043,4359.871582,4551.282227,4369.743652,4468.974121,4511.282227,4558.717773,4382.436035,4374.487305,4488.205078,4529.743652,4512.94873,4494.358887,4356.538574,4370.512695,4549.743652,4500.384766,4468.205078,4351.410156,4550.769043,4365.384766,4531.282227,4502.94873,4377.436035,4504.230957,4479.230957,2840,0,5,768,59154,,,,0,4,4,4,4,4,4,4,4,4,4,4,4,4,4,4,4,4,4,4,4,4,4,4,4,4,4,4,4,4,4,4,4,100,,,,,,,,,,,,,,,,,,,,,,,,,,,,,,,,,,,,,,,,,,,,,,,,,,,,,,,,,,,,,,,,,,,,,,,,,,,,,,,,,,,,,,,,,,,,,,,,,,,,,,,,,,,,,,,,,,,,,,,,,,,,,,,,,,,,,,,,,,,,,,,,,,,,,,,,,,,,,,,,,,,,,,,,,,,,,,,,,,,,,,,,,,,,,,,,,,,,,,,,,,,,,,
1764669114.956154,55335,0,4384.102539,4378.846191,4501.153809,4517.307617,4381.666504,4515.256348,4519.487305,4368.717773,4561.025879,4379.871582,4479.487305,4521.025879,4566.666504,4391.666504,4379.102539,4492.94873,4537.692383,4521.025879,4501.282227,4362.05127,4381.666504,4558.205078,4510.641113,4477.05127,4332.820313,4552.307617,4373.077148,4540,4509.487305,4383.461426,4510.512695,4493.077148,3007,0,5,768,59154,,,,0,4,4,4,4,4,4,4,4,4,4,4,4,4,4,4,4,4,4,4,4,4,4,4,4,4,4,4,4,4,4,4,4,100,,,,,,,,,,,,,,,,,,,,,,,,,,,,,,,,,,,,,,,,,,,,,,,,,,,,,,,,,,,,,,,,,,,,,,,,,,,,,,,,,,,,,,,,,,,,,,,,,,,,,,,,,,,,,,,,,,,,,,,,,,,,,,,,,,,,,,,,,,,,,,,,,,,,,,,,,,,,,,,,,,,,,,,,,,,,,,,,,,,,,,,,,,,,,,,,,,,,,,,,,,,,,,
1764669114.960060,55336,0,4398.333496,4391.794922,4515.641113,4529.871582,4404.230957,4530.256348,4534.102539,4385.641113,4572.692383,4388.589844,4493.205078,4535.384766,4579.871582,4405.769043,4386.666504,4501.410156,4555,4538.205078,4518.333496,4379.871582,4403.077148,4575.512695,4527.563965,4495.128418,4334.358887,4559.615234,4386.922852,4556.794922,4519.487305,4395.256348,4519.871582,4513.077148,2928,0,5,1024,59162,,,,0,4,4,4,4,4,4,4,4,4,4,4,4,4,4,4,4,4,4,4,4,4,4,4,4,4,4,4,4,4,4,4,4,100,,,,,,,,,,,,,,,,,,,,,,,,,,,,,,,,,,,,,,,,,,,,,,,,,,,,,,,,,,,,,,,,,,,,,,,,,,,,,,,,,,,,,,,,,,,,,,,,,,,,,,,,,,,,,,,,,,,,,,,,,,,,,,,,,,,,,,,,,,,,,,,,,,,,,,,,,,,,,,,,,,,,,,,,,,,,,,,,,,,,,,,,,,,,,,,,,,,,,,,,,,,,,,
1764669114.963966,55337,0,4408.333496,4401.538574,4527.820313,4537.94873,4413.333496,4540.641113,4544.487305,4399.871582,4578.589844,4390.897461,4501.282227,4544.230957,4589.743652,4415.897461,4391.538574,4506.025879,4569.743652,4551.538574,4532.820313,4397.05127,4419.358887,4588.974121,4538.974121,4508.589844,4351.410156,4566.153809,4395.769043,4569.102539,4525.769043,4402.563965,4525,4525.384766,2797,0,5,1024,59162,,,,0,4,4,4,4,4,4,4,4,4,4,4,4,4,4,4,4,4,4,4,4,4,4,4,4,4,4,4,4,4,4,4,4,100,,,,,,,,,,,,,,,,,,,,,,,,,,,,,,,,,,,13834,0,0.627238,-0.305298,-0.292542,0.654053,1.001099,-0.053229,0.01465,13.833333,36.5,-26.666666,,,,,,,,,,,,,,,,,,,,,,,,,,,,,,,,,,,,,,,,,,,,,,,,,,,,,,,,,,,,,,,,,,,,,,,,,,,,,,,,,,,,,,,,,,,,,,,,,,,,,,,,,,,,,,,,,,,,,,,,,,,,,,,,,,,,,,,,,,,,,,,,,,,,,,,,,,,,,,,,
1764669114.967872,55338,0,4407.436035,4402.05127,4530.641113,4537.179688,4404.743652,4540.769043,4544.615234,4403.205078,4577.05127,4388.077148,4500,4542.94873,4591.025879,4417.692383,4392.307617,4506.538574,4572.563965,4554.102539,4534.871582,4401.538574,4418.333496,4588.974121,4537.307617,4507.307617,4370.769043,4566.666504,4393.077148,4568.717773,4523.846191,4399.871582,4521.538574,4520.641113,2444,0,5,1280,59170,,,,0,4,4,4,4,4,4,4,4,4,4,4,4,4,4,4,4,4,4,4,4,4,4,4,4,4,4,4,4,4,4,4,4,100,,,,,,,,,,,,,,,,,,,,,,,,,,,,,,,,,,,,,,,,,,,,,,,,,,,,,,,,,,,,,,,,,,,,,,,,,,,,,,,,,,,,,,,,,,,,,,,,,,,,,,,,,,,,,,,,,,,,,,,,,,,,,,,,,,,,,,,,,,,,,,,,,,,,,,,,,,,,,,,,,,,,,,,,,,,,,,,,,,,,,,,,,,,,,,,,,,,,,,,,,,,,,,
1764669114.971778,55339,0,4395.512695,4393.333496,4518.717773,4526.666504,4385.512695,4530.769043,4534.230957,4393.717773,4569.743652,4383.846191,4491.538574,4533.077148,4583.205078,4412.179688,4390.384766,4507.307617,4561.666504,4547.820313,4523.589844,4389.230957,4399.102539,4574.358887,4522.563965,4490.384766,4381.025879,4559.487305,4379.230957,4554.743652,4513.974121,4387.94873,4508.974121,4498.461426,2728,0,5,1280,59170,,,,0,4,4,4,4,4,4,4,4,4,4,4,4,4,4,4,4,4,4,4,4,4,4,4,4,4,4,4,4,4,4,4,4,100,,,,,,,,,,,,,,,,,,,,,,,,,,,,,,,,,,,,,,,,,,,,,,,,,,,,,,,,,,,,,,,,,,,,,,,,,,,,,,,,,,,,,,,,,,,,,,,,,,,,,,,,,,,,,,,,,,,,,,,,,,,,,,,,,,,,,,,,,,,,,,,,,,,,,,,,,,,,,,,,,,,,,,,,,,,,,,,,,,,,,,,,,,,,,,,,,,,,,,,,,,,,,,
1764669114.975683,55340,0,4376.794922,4379.487305,4492.692383,4509.358887,4366.794922,4515.256348,4517.94873,4375.128418,4558.589844,4378.974121,4480.256348,4518.077148,4569.230957,4402.436035,4386.153809,4510.641113,4541.794922,4537.563965,4505.897461,4365.769043,4370.897461,4551.666504,4501.282227,4465.128418,4380.256348,4546.153809,4359.615234,4533.205078,4499.871582,4371.538574,4490.512695,4467.692383,2485,0,5,1536,59177,,,,0,4,4,4,4,4,4,4,4,4,4,4,4,4,4,4,4,4,4,4,4,4,4,4,4,4,4,4,4,4,4,4,4,100,,,,,,,,,,,,,,,,,,,,,,,,,,,,,,,,,,,,,,,,,,,,,,,,,,,,,,,,,,,,,,,,,,,,,,,,,,,,,,,,,,,,,,,,,,,,,,,,,,,,,,,,,,,,,,,,,,,,,,,,,,,,,,,,,,,,,,,,,,,,,,,,,,,,,,,,,,,,,,,,,,,,,,,,,,,,,,,,,,,,,,,,,,,,,,,,,,,,,,,,,,,,,,
1764669114.979589,55341,0,4358.589844,4366.538574,4462.563965,4492.692383,4357.820313,4500.384766,4502.307617,4355.769043,4545.128418,4372.179688,4470.897461,4502.436035,4554.102539,4391.922852,4378.717773,4513.333496,4521.794922,4527.179688,4490.897461,4343.333496,4348.589844,4530.897461,4482.307617,4443.333496,4375.128418,4532.436035,4341.282227,4512.692383,4487.436035,4356.538574,4472.820313,4442.563965,2237,0,5,1536,59177,,,,0,4,4,4,4,4,4,4,4,4,4,4,4,4,4,4,4,4,4,4,4,4,4,4,4,4,4,4,4,4,4,4,4,100,,,,,,,,,,,,,,,,,,,,,,,,,,,,,,,,,,,13835,0,0.626759,-0.305664,-0.293457,0.653931,1.015749,-0.048834,-0.016115,15.833333,36.5,-23.333334,,,,,,,,,,,,,,,,,,,,,,,,,,,,,,,,,,,,,,,,,,,,,,,,,,,,,,,,,,,,,,,,,,,,,,,,,,,,,,,,,,,,,,,,,,,,,,,,,,,,,,,,,,,,,,,,,,,,,,,,,,,,,,,,,,,,,,,,,,,,,,,,,,,,,,,,,,,,,,,,
1764669114.983495,55342,0,4348.461426,4360,4444.230957,4484.871582,4361.922852,4492.307617,4493.461426,4344.230957,4532.820313,4365.384766,4467.05127,4490.897461,4543.717773,4385,4368.846191,4510.384766,4510.128418,4517.94873,4484.102539,4332.94873,4343.461426,4520.641113,4473.461426,4434.230957,4372.692383,4525.769043,4331.410156,4501.538574,4482.307617,4348.589844,4464.102539,4436.794922,2742,0,5,1792,59185,,,,0,4,4,4,4,4,4,4,4,4,4,4,4,4,4,4,4,4,4,4,4,4,4,4,4,4,4,4,4,4,4,4,4,100,,,,,,,,,,,,,,,,,,,,,,,,,,,,,,,,,,,,,,,,,,,,,,,,,,,,,,,,,,,,,,,,,,,,,,,,,,,,,,,,,,,,,,,,,,,,,,,,,,,,,,,,,,,,,,,,,,,,,,,,,,,,,,,,,,,,,,,,,,,,,,,,,,,,,,,,,,,,,,,,,,,,,,,,,,,,,,,,,,,,,,,,,,,,,,,,,,,,,,,,,,,,,,
1764669114.987401,55343,0,4350.384766,4362.307617,4450,4489.871582,4375.384766,4493.846191,4495,4344.871582,4526.922852,4363.333496,4469.743652,4487.179688,4541.922852,4383.846191,4359.230957,4499.230957,4510.897461,4510.384766,4485.384766,4337.94873,4355.897461,4523.589844,4478.077148,4440.384766,4372.307617,4531.282227,4333.333496,4503.846191,4486.153809,4350.769043,4469.358887,4454.871582,2444,0,5,1792,59185,,,,0,4,4,4,4,4,4,4,4,4,4,4,4,4,4,4,4,4,4,4,4,4,4,4,4,4,4,4,4,4,4,4,4,100,,,,,,,,,,,,,,,,,,,,,,,,,,,,,,,,,,,,,,,,,,,,,,,,,,,,,,,,,,,,,,,,,,,,,,,,,,,,,,,,,,,,,,,,,,,,,,,,,,,,,,,,,,,,,,,,,,,,,,,,,,,,,,,,,,,,,,,,,,,,,,,,,,,,,,,,,,,,,,,,,,,,,,,,,,,,,,,,,,,,,,,,,,,,,,,,,,,,,,,,,,,,,,
1764669114.991306,55344,0,4362.820313,4371.922852,4477.94873,4503.717773,4390,4503.205078,4505.512695,4355.256348,4531.153809,4369.358887,4477.94873,4492.436035,4548.461426,4387.820313,4354.358887,4484.358887,4521.410156,4505.769043,4490.897461,4353.077148,4376.666504,4536.025879,4493.333496,4456.922852,4366.282227,4548.077148,4346.794922,4518.589844,4496.666504,4361.922852,4486.282227,4488.077148,2906,0,5,2048,59193,,,,0,4,4,4,4,4,4,4,4,4,4,4,4,4,4,4,4,4,4,4,4,4,4,4,4,4,4,4,4,4,4,4,4,100,,,,,,,,,,,,,,,,,,,,,,,,,,,,,,,,,,,,,,,,,,,,,,,,,,,,,,,,,,,,,,,,,,,,,,,,,,,,,,,,,,,,,,,,,,,,,,,,,,,,,,,,,,,,,,,,,,,,,,,,,,,,,,,,,,,,,,,,,,,,,,,,,,,,,,,,,,,,,,,,,,,,,,,,,,,,,,,,,,,,,,,,,,,,,,,,,,,,,,,,,,,,,,
1764669114.995212,55345,0,4380.256348,4385.769043,4512.820313,4518.077148,4398.974121,4516.153809,4520.897461,4370,4545.512695,4382.05127,4489.487305,4504.487305,4560.256348,4393.974121,4357.179688,4474.743652,4536.025879,4506.922852,4497.563965,4370.256348,4394.615234,4552.436035,4512.692383,4476.025879,4348.974121,4569.102539,4367.05127,4539.871582,4509.230957,4378.717773,4507.05127,4518.846191,2962,0,5,2048,59193,,,,0,4,4,4,4,4,4,4,4,4,4,4,4,4,4,4,4,4,4,4,4,4,4,4,4,4,4,4,4,4,4,4,4,100,,,,,,,,,,,,,,,,,,,,,,,,,,,,,,,,,,,13836,0,0.626149,-0.306152,-0.29425,0.653931,1.013307,-0.044439,-0.019534,14.5,36.833332,-26,,,,,,,,,,,,,,,,,,,,,,,,,,,,,,,,,,,,,,,,,,,,,,,,,,,,,,,,,,,,,,,,,,,,,,,,,,,,,,,,,,,,,,,,,,,,,,,,,,,,,,,,,,,,,,,,,,,,,,,,,,,,,,,,,,,,,,,,,,,,,,,,,,,,,,,,,,,,,,,,
1764669114.999118,55346,0,4396.538574,4400.384766,4535.769043,4526.666504,4400.897461,4528.589844,4536.410156,4384.358887,4565.384766,4395.384766,4501.153809,4518.846191,4573.205078,4399.487305,4366.922852,4477.820313,4550,4516.153809,4504.102539,4383.846191,4403.974121,4568.077148,4529.358887,4491.282227,4324.871582,4584.743652,4387.563965,4560.384766,4519.615234,4396.922852,4522.05127,4531.794922,1791,0,5,2304,59201,,,,0,4,4,4,4,4,4,4,4,4,4,4,4,4,4,4,4,4,4,4,4,4,4,4,4,4,4,4,4,4,4,4,4,100,,,,,,,,,,,,,,,,,,,,,,,,,,,,,,,,,,,,,,,,,,,,,,,,,,,,,,,,,,,,,,,,,,,,,,,,,,,,,,,,,,,,,,,,,,,,,,,,,,,,,,,,,,,,,,,,,,,,,,,,,,,,,,,,,,,,,,,,,,,,,,,,,,,,,,,,,,,,,,,,,,,,,,,,,,,,,,,,,,,,,,,,,,,,,,,,,,,,,,,,,,,,,,
1764669115.003024,55347,0,4406.794922,4411.666504,4537.05127,4528.205078,4398.461426,4537.563965,4548.077148,4395.512695,4582.692383,4402.820313,4509.102539,4530.769043,4583.461426,4402.179688,4378.846191,4492.563965,4560.512695,4531.666504,4510.769043,4391.794922,4405.769043,4579.230957,4538.461426,4498.974121,4307.94873,4587.820313,4401.538574,4573.333496,4525.512695,4411.282227,4525.641113,4521.794922,2757,0,5,2304,59201,,,,0,4,4,4,4,4,4,4,4,4,4,4,4,4,4,4,4,4,4,4,4,4,4,4,4,4,4,4,4,4,4,4,4,100,,,,,,,,,,,,,,,,,,,,,,,,,,,,,,,,,,,,,,,,,,,,,,,,,,,,,,,,,,,,,,,,,,,,,,,,,,,,,,,,,,,,,,,,,,,,,,,,,,,,,,,,,,,,,,,,,,,,,,,,,,,,,,,,,,,,,,,,,,,,,,,,,,,,,,,,,,,,,,,,,,,,,,,,,,,,,,,,,,,,,,,,,,,,,,,,,,,,,,,,,,,,,,
1764669115.006929,55348,0,4408.589844,4415.512695,4520.641113,4525.384766,4394.871582,4540.769043,4552.307617,4401.538574,4589.358887,4401.282227,4510.256348,4535.897461,4588.205078,4401.410156,4386.025879,4508.077148,4565.128418,4546.025879,4516.666504,4393.974121,4403.333496,4583.205078,4537.692383,4498.589844,4311.153809,4578.205078,4405.256348,4575.384766,4526.025879,4416.282227,4518.461426,4495.897461,2600,0,5,2560,59209,,,,0,4,4,4,4,4,4,4,4,4,4,4,4,4,4,4,4,4,4,4,4,4,4,4,4,4,4,4,4,4,4,4,4,100,,,,,,,,,,,,,,,,,,,,,,,,,,,,,,,,,,,,,,,,,,,,,,,,,,,,,,,,,,,,,,,,,,,,,,,,,,,,,,,,,,,,,,,,,,,,,,,,,,,,,,,,,,,,,,,,,,,,,,,,,,,,,,,,,,,,,,,,,,,,,,,,,,,,,,,,,,,,,,,,,,,,,,,,,,,,,,,,,,,,,,,,,,,,,,,,,,,,,,,,,,,,,,
1764669115.010835,55349,0,4403.077148,4410.384766,4499.358887,4522.307617,4392.307617,4537.563965,4548.077148,4401.282227,4583.589844,4392.563965,4504.871582,4533.461426,4586.666504,4398.077148,4384.743652,4513.589844,4562.436035,4551.538574,4520.256348,4391.666504,4399.102539,4579.487305,4529.230957,4493.077148,4335.769043,4562.94873,4399.487305,4568.205078,4521.666504,4410.512695,4506.666504,4467.436035,2834,0,5,2560,59209,,,,0,4,4,4,4,4,4,4,4,4,4,4,4,4,4,4,4,4,4,4,4,4,4,4,4,4,4,4,4,4,4,4,4,100,,,,,,,,,,,,,,,,,,,,,,,,,,,,,,,,,,,13837,0,0.625695,-0.306335,-0.294617,0.654114,0.974728,-0.038579,-0.025882,15.666667,37.166668,-25.166666,,,,,,,,,,,,,,,,,,,,,,,,,,,,,,,,,,,,,,,,,,,,,,,,,,,,,,,,,,,,,,,,,,,,,,,,,,,,,,,,,,,,,,,,,,,,,,,,,,,,,,,,,,,,,,,,,,,,,,,,,,,,,,,,,,,,,,,,,,,,,,,,,,,,,,,,,,,,,,,,
1764669115.014741,55350,0,4394.871582,4399.743652,4484.743652,4521.410156,4391.666504,4530.384766,4538.717773,4394.615234,4571.282227,4382.179688,4497.436035,4527.05127,4580.897461,4395,4377.820313,4507.179688,4554.743652,4546.666504,4520.512695,4387.179688,4394.102539,4571.282227,4518.333496,4487.05127,4369.358887,4552.436035,4388.974121,4557.436035,4515,4398.717773,4498.846191,4449.615234,2937,0,5,2560,59217,,,,0,4,4,4,4,4,4,4,4,4,4,4,4,4,4,4,4,4,4,4,4,4,4,4,4,4,4,4,4,4,4,4,4,100,,,,,,,,,,,,,,,,,,,,,,,,,,,,,,,,,,,,,,,,,,,,,,,,,,,,,,,,,,,,,,,,,,,,,,,,,,,,,,,,,,,,,,,,,,,,,,,,,,,,,,,,,,,,,,,,,,,,,,,,,,,,,,,,,,,,,,,,,,,,,,,,,,,,,,,,,,,,,,,,,,,,,,,,,,,,,,,,,,,,,,,,,,,,,,,,,,,,,,,,,,,,,,
1764669115.018647,55351,0,4388.846191,4389.615234,4480.384766,4521.922852,4392.436035,4523.333496,4529.615234,4384.230957,4560.769043,4375.769043,4493.077148,4521.922852,4574.358887,4395.512695,4372.05127,4497.563965,4546.794922,4537.563965,4518.461426,4383.205078,4388.974121,4564.230957,4510.897461,4484.615234,4396.025879,4552.179688,4378.974121,4548.974121,4508.846191,4388.077148,4499.743652,4449.102539,2845,0,5,2560,59217,,,,0,4,4,4,4,4,4,4,4,4,4,4,4,4,4,4,4,4,4,4,4,4,4,4,4,4,4,4,4,4,4,4,4,100,,,,,,,,,,,,,,,,,,,,,,,,,,,,,,,,,,,,,,,,,,,,,,,,,,,,,,,,,,,,,,,,,,,,,,,,,,,,,,,,,,,,,,,,,,,,,,,,,,,,,,,,,,,,,,,,,,,,,,,,,,,,,,,,,,,,,,,,,,,,,,,,,,,,,,,,,,,,,,,,,,,,,,,,,,,,,,,,,,,,,,,,,,,,,,,,,,,,,,,,,,,,,,
1764669115.022553,55352,0,4387.05127,4384.102539,4481.538574,4520.641113,4393.205078,4519.230957,4523.717773,4373.589844,4556.538574,4375.384766,4492.692383,4520.384766,4569.615234,4399.615234,4372.692383,4494.230957,4542.820313,4532.436035,4515.897461,4380.512695,4385.128418,4561.538574,4509.230957,4485.384766,4408.333496,4560.256348,4372.179688,4545.128418,4505.512695,4382.94873,4507.692383,4463.974121,2707,0,5,2560,59224,,,,0,4,4,4,4,4,4,4,4,4,4,4,4,4,4,4,4,4,4,4,4,4,4,4,4,4,4,4,4,4,4,4,4,100,0.878906,25,3,3,1,3,3,3,3,1,3,1,4,3,3,4,3,1,1,1,3,3,1,1,3,1,1,3,3,1,4,3,1,1,,,,,,,,,,,,,3.301897,3.086931,3.909042,2.230725,1.847683,5.428487,2.851083,4.760594,2.538129,1.996931,2.774715,3.812072,7.32597,5.70426,3.297256,1.44234,1.689902,5.759674,2.39624,1.715591,3.559279,3.33596,3.808046,3.282769,1.872557,4.029579,3.415322,4.65638,2.280748,1.867087,3.795491,4.057731,4.279607,2.453895,2.007409,1.653659,1.981228,5.235531,2.764747,2.099057,1.65549,1.094437,4.129513,2.430596,1.961973,2.232448,2.827786,8.040349,5.033775,3.727959,0.820244,1.634197,2.143759,1.412199,1.489017,2.47258,1.67864,5.625195,2.371539,1.913235,2.218167,2.872646,3.260728,1.74446,1.67949,0.980142,1.304696,1.433822,1.277755,0.85196,2.160412,3.689746,4.412704,2.007735,1.694636,4.020808,6.811759,4.123801,2.831437,3.11606,4.522296,4.395853,5.329167,2.678312,2.35541,4.776822,9.889693,5.59835,3.280646,4.321832,2.734627,6.657198,3.499722,2.442118,3.001492,2.497788,2.751271,4.996727,2.955965,2.507369,3.499035,7.671439,10.446452,3.755461,2.919127,4.311193,6.122711,5.15774,3.306631,2.583569,3.92042,3.792633,4.457465,2.464787,1.923948,3.862697,4.479662,4.703681,3.36884,2.311842,6.06949,1.582701,11.710196,4.280485,5.169292,4.021533,1.965457,4.573623,2.631948,1.908834,4.088809,2.430281,4.403029,4.10101,2.26179,4.52536,4.055199,4.552274,3.146081,2.286932,2.289971,1.29342,2.157443,1.313729,1.054507,4.329898,2.954228,4.578101,2.674711,2.142509,4.863955,2.220252,6.767894,5.122519,3.094034,4.225439,2.266346,7.067049,6.679781,3.24586
1764669115.026458,55353,0,4387.307617,4382.94873,4481.922852,4515.256348,4392.05127,4517.94873,4520.641113,4366.025879,4555.897461,4378.333496,4493.205078,4520.897461,4566.794922,4403.846191,4378.589844,4499.358887,4542.692383,4533.717773,4513.974121,4378.205078,4383.205078,4562.436035,4511.153809,4486.282227,4409.615234,4568.717773,4368.077148,4543.846191,4504.487305,4381.410156,4516.410156,4485.384766,2889,0,5,2560,59224,,,,0,4,4,4,4,4,4,4,4,4,4,4,4,4,4,4,4,4,4,4,4,4,4,4,4,4,4,4,4,4,4,4,4,100,,,,,,,,,,,,,,,,,,,,,,,,,,,,,,,,,,,13838,0,0.625469,-0.306458,-0.295105,0.654053,0.99475,-0.046881,-0.02344,14.666667,36.5,-24.5,,,,,,,,,,,,,,,,,,,,,,,,,,,,,,,,,,,,,,,,,,,,,,,,,,,,,,,,,,,,,,,,,,,,,,,,,,,,,,,,,,,,,,,,,,,,,,,,,,,,,,,,,,,,,,,,,,,,,,,,,,,,,,,,,,,,,,,,,,,,,,,,,,,,,,,,,,,,,,,,
1764669115.030364,55354,0,4386.025879,4383.077148,4480.769043,4507.05127,4389.102539,4517.179688,4518.589844,4363.205078,4554.487305,4378.974121,4490.897461,4520.384766,4564.743652,4404.102539,4383.589844,4506.794922,4542.436035,4537.05127,4512.05127,4375.128418,4382.820313,4563.461426,4512.307617,4484.487305,4406.794922,4570,4365.641113,4542.436035,4504.230957,4379.487305,4519.358887,4502.692383,1811,0,5,2561,59232,,,,0,4,4,4,4,4,4,4,4,4,4,4,4,4,4,4,4,4,4,4,4,4,4,4,4,4,4,4,4,4,4,4,4,100,,,,,,,,,,,,,,,,,,,,,,,,,,,,,,,,,,,,,,,,,,,,,,,,,,,,,,,,,,,,,,,,,,,,,,,,,,,,,,,,,,,,,,,,,,,,,,,,,,,,,,,,,,,,,,,,,,,,,,,,,,,,,,,,,,,,,,,,,,,,,,,,,,,,,,,,,,,,,,,,,,,,,,,,,,,,,,,,,,,,,,,,,,,,,,,,,,,,,,,,,,,,,,
1764669115.034270,55355,0,4382.692383,4382.179688,4483.717773,4500.384766,4386.025879,4515.512695,4516.922852,4364.487305,4550.897461,4375,4486.410156,4518.077148,4563.077148,4399.358887,4383.333496,4509.487305,4539.230957,4537.179688,4509.615234,4371.410156,4382.436035,4562.05127,4511.410156,4480.897461,4404.487305,4563.333496,4364.871582,4540.256348,4503.974121,4376.794922,4516.282227,4510.384766,2445,0,5,2561,59232,,,,0,4,4,4,4,4,4,4,4,4,4,4,4,4,4,4,4,4,4,4,4,4,4,4,4,4,4,4,4,4,4,4,4,100,,,,,,,,,,,,,,,,,,,,,,,,,,,,,,,,,,,,,,,,,,,,,,,,,,,,,,,,,,,,,,,,,,,,,,,,,,,,,,,,,,,,,,,,,,,,,,,,,,,,,,,,,,,,,,,,,,,,,,,,,,,,,,,,,,,,,,,,,,,,,,,,,,,,,,,,,,,,,,,,,,,,,,,,,,,,,,,,,,,,,,,,,,,,,,,,,,,,,,,,,,,,,,
1764669115.038176,55356,0,4380.512695,4380.897461,4495.897461,4499.230957,4384.743652,4513.974121,4516.794922,4368.077148,4548.077148,4371.282227,4483.461426,4516.922852,4564.358887,4393.077148,4379.615234,4506.666504,4534.871582,4535.128418,4508.717773,4369.615234,4382.563965,4559.743652,4510.769043,4478.846191,4402.820313,4555.641113,4367.307617,4539.487305,4504.743652,4376.410156,4511.922852,4511.538574,2641,0,5,2562,59240,,,,0,4,4,4,4,4,4,4,4,4,4,4,4,4,4,4,4,4,4,4,4,4,4,4,4,4,4,4,4,4,4,4,4,100,,,,,,,,,,,,,,,,,,,,,,,,,,,,,,,,,,,,,,,,,,,,,,,,,,,,,,,,,,,,,,,,,,,,,,,,,,,,,,,,,,,,,,,,,,,,,,,,,,,,,,,,,,,,,,,,,,,,,,,,,,,,,,,,,,,,,,,,,,,,,,,,,,,,,,,,,,,,,,,,,,,,,,,,,,,,,,,,,,,,,,,,,,,,,,,,,,,,,,,,,,,,,,
1764669115.042081,55357,0,4383.589844,4382.179688,4515,4505.384766,4386.410156,4515.128418,4519.871582,4372.307617,4550.384766,4377.179688,4485.897461,4520.512695,4570.641113,4390.897461,4378.077148,4503.846191,4534.487305,4536.410156,4512.307617,4372.94873,4385.512695,4560.512695,4514.358887,4481.922852,4398.461426,4555,4373.333496,4542.692383,4508.077148,4381.666504,4512.179688,4513.974121,2480,0,5,2562,59240,,,,0,4,4,4,4,4,4,4,4,4,4,4,4,4,4,4,4,4,4,4,4,4,4,4,4,4,4,4,4,4,4,4,4,100,,,,,,,,,,,,,,,,,,,,,,,,,,,,,,,,,,,13839,0,0.625425,-0.306396,-0.295532,0.653931,0.996215,-0.049811,0.01465,15,37.333332,-23.666666,,,,,,,,,,,,,,,,,,,,,,,,,,,,,,,,,,,,,,,,,,,,,,,,,,,,,,,,,,,,,,,,,,,,,,,,,,,,,,,,,,,,,,,,,,,,,,,,,,,,,,,,,,,,,,,,,,,,,,,,,,,,,,,,,,,,,,,,,,,,,,,,,,,,,,,,,,,,,,,,
1764669115.045987,55358,0,4392.692383,4388.589844,4531.538574,4516.410156,4390.897461,4520.512695,4527.05127,4376.538574,4558.974121,4395.512695,4493.974121,4529.487305,4580.641113,4394.487305,4382.94873,4506.794922,4541.282227,4543.974121,4520.512695,4381.538574,4393.077148,4566.025879,4522.563965,4490.384766,4389.358887,4564.230957,4382.05127,4550.256348,4513.974121,4391.538574,4517.94873,4521.794922,2733,0,5,2563,59248,,,,0,4,4,4,4,4,4,4,4,4,4,4,4,4,4,4,4,4,4,4,4,4,4,4,4,4,4,4,4,4,4,4,4,100,,,,,,,,,,,,,,,,,,,,,,,,,,,,,,,,,,,,,,,,,,,,,,,,,,,,,,,,,,,,,,,,,,,,,,,,,,,,,,,,,,,,,,,,,,,,,,,,,,,,,,,,,,,,,,,,,,,,,,,,,,,,,,,,,,,,,,,,,,,,,,,,,,,,,,,,,,,,,,,,,,,,,,,,,,,,,,,,,,,,,,,,,,,,,,,,,,,,,,,,,,,,,,
1764669115.049893,55359,0,4403.205078,4398.205078,4535.384766,4527.436035,4396.410156,4528.461426,4536.282227,4380.897461,4569.871582,4416.666504,4503.846191,4539.743652,4589.615234,4400.512695,4391.282227,4514.615234,4552.563965,4554.102539,4528.333496,4391.025879,4402.94873,4573.461426,4531.282227,4499.871582,4376.794922,4577.179688,4389.871582,4558.846191,4520.256348,4400.897461,4525,4529.871582,2751,0,5,2563,59248,,,,0,4,4,4,4,4,4,4,4,4,4,4,4,4,4,4,4,4,4,4,4,4,4,4,4,4,4,4,4,4,4,4,4,100,,,,,,,,,,,,,,,,,,,,,,,,,,,,,,,,,,,,,,,,,,,,,,,,,,,,,,,,,,,,,,,,,,,,,,,,,,,,,,,,,,,,,,,,,,,,,,,,,,,,,,,,,,,,,,,,,,,,,,,,,,,,,,,,,,,,,,,,,,,,,,,,,,,,,,,,,,,,,,,,,,,,,,,,,,,,,,,,,,,,,,,,,,,,,,,,,,,,,,,,,,,,,,
1764669115.053799,55360,0,4408.461426,4405.769043,4524.102539,4533.461426,4400.384766,4534.487305,4543.333496,4384.487305,4576.025879,4423.974121,4509.358887,4544.615234,4592.179688,4403.205078,4396.666504,4520.384766,4561.025879,4558.974121,4529.358887,4394.102539,4408.846191,4577.307617,4533.974121,4504.615234,4365.128418,4583.461426,4393.846191,4563.974121,4523.846191,4404.743652,4527.94873,4529.102539,2827,0,5,2304,59256,,,,0,4,4,4,4,4,4,4,4,4,4,4,4,4,4,4,4,4,4,4,4,4,4,4,4,4,4,4,4,4,4,4,4,100,,,,,,,,,,,,,,,,,,,,,,,,,,,,,,,,,,,,,,,,,,,,,,,,,,,,,,,,,,,,,,,,,,,,,,,,,,,,,,,,,,,,,,,,,,,,,,,,,,,,,,,,,,,,,,,,,,,,,,,,,,,,,,,,,,,,,,,,,,,,,,,,,,,,,,,,,,,,,,,,,,,,,,,,,,,,,,,,,,,,,,,,,,,,,,,,,,,,,,,,,,,,,,
1764669115.057705,55361,0,4404.615234,4406.025879,4504.871582,4531.538574,4400.512695,4534.358887,4545,4386.410156,4572.436035,4408.077148,4506.922852,4540.384766,4586.794922,4400,4394.743652,4518.333496,4560.128418,4554.743652,4522.05127,4386.282227,4405.641113,4574.358887,4527.94873,4500.769043,4358.461426,4576.282227,4392.94873,4563.077148,4522.820313,4401.794922,4524.487305,4515.384766,2918,0,5,2304,59256,,,,0,4,4,4,4,4,4,4,4,4,4,4,4,4,4,4,4,4,4,4,4,4,4,4,4,4,4,4,4,4,4,4,4,100,,,,,,,,,,,,,,,,,,,,,,,,,,,,,,,,,,,13840,0,0.625538,-0.306702,-0.296326,0.65332,1.012819,-0.036137,-0.00586,16.333334,38.166668,-27.5,,,,,,,,,,,,,,,,,,,,,,,,,,,,,,,,,,,,,,,,,,,,,,,,,,,,,,,,,,,,,,,,,,,,,,,,,,,,,,,,,,,,,,,,,,,,,,,,,,,,,,,,,,,,,,,,,,,,,,,,,,,,,,,,,,,,,,,,,,,,,,,,,,,,,,,,,,,,,,,,
1764669115.061610,55362,0,4394.102539,4398.333496,4488.461426,4523.205078,4395.384766,4527.563965,4540.641113,4385.384766,4559.743652,4376.025879,4497.563965,4528.846191,4576.666504,4393.589844,4387.179688,4509.230957,4549.743652,4544.358887,4511.666504,4371.538574,4394.487305,4566.538574,4516.025879,4490.512695,4357.820313,4558.461426,4388.461426,4556.922852,4517.563965,4394.230957,4517.05127,4494.230957,2694,0,5,1792,59263,,,,0,4,4,4,4,4,4,4,4,4,4,4,4,4,4,4,4,4,4,4,4,4,4,4,4,4,4,4,4,4,4,4,4,100,,,,,,,,,,,,,,,,,,,,,,,,,,,,,,,,,,,,,,,,,,,,,,,,,,,,,,,,,,,,,,,,,,,,,,,,,,,,,,,,,,,,,,,,,,,,,,,,,,,,,,,,,,,,,,,,,,,,,,,,,,,,,,,,,,,,,,,,,,,,,,,,,,,,,,,,,,,,,,,,,,,,,,,,,,,,,,,,,,,,,,,,,,,,,,,,,,,,,,,,,,,,,,
1764669115.065516,55363,0,4382.94873,4387.307617,4481.282227,4512.563965,4384.871582,4517.563965,4533.077148,4380.641113,4545.128418,4346.666504,4486.282227,4516.153809,4567.307617,4388.717773,4380,4499.358887,4536.153809,4534.743652,4505.897461,4359.102539,4381.922852,4558.077148,4504.615234,4479.230957,4361.538574,4539.871582,4382.563965,4548.461426,4510.641113,4385.128418,4509.871582,4476.282227,2860,0,5,1792,59263,,,,0,4,4,4,4,4,4,4,4,4,4,4,4,4,4,4,4,4,4,4,4,4,4,4,4,4,4,4,4,4,4,4,4,100,,,,,,,,,,,,,,,,,,,,,,,,,,,,,,,,,,,,,,,,,,,,,,,,,,,,,,,,,,,,,,,,,,,,,,,,,,,,,,,,,,,,,,,,,,,,,,,,,,,,,,,,,,,,,,,,,,,,,,,,,,,,,,,,,,,,,,,,,,,,,,,,,,,,,,,,,,,,,,,,,,,,,,,,,,,,,,,,,,,,,,,,,,,,,,,,,,,,,,,,,,,,,,
1764669115.069422,55364,0,4375.897461,4378.589844,4480.641113,4503.846191,4371.282227,4508.589844,4525.256348,4372.436035,4536.153809,4336.410156,4478.205078,4507.692383,4562.436035,4387.94873,4378.077148,4494.358887,4526.153809,4529.487305,4507.05127,4356.282227,4374.230957,4552.563965,4498.461426,4472.05127,4366.794922,4530.512695,4375.384766,4540.128418,4504.358887,4376.666504,4505.256348,4466.922852,2751,0,5,2048,59271,,,,0,4,4,4,4,4,4,4,4,4,4,4,4,4,4,4,4,4,4,4,4,4,4,4,4,4,4,4,4,4,4,4,4,100,,,,,,,,,,,,,,,,,,,,,,,,,,,,,,,,,,,,,,,,,,,,,,,,,,,,,,,,,,,,,,,,,,,,,,,,,,,,,,,,,,,,,,,,,,,,,,,,,,,,,,,,,,,,,,,,,,,,,,,,,,,,,,,,,,,,,,,,,,,,,,,,,,,,,,,,,,,,,,,,,,,,,,,,,,,,,,,,,,,,,,,,,,,,,,,,,,,,,,,,,,,,,,
1764669115.073328,55365,0,4373.205078,4374.358887,4478.589844,4497.94873,4359.487305,4502.94873,4518.974121,4362.436035,4535.256348,4346.153809,4474.871582,4503.846191,4561.922852,4390.384766,4381.666504,4494.102539,4522.307617,4526.538574,4509.615234,4360.769043,4372.307617,4548.974121,4496.794922,4469.743652,4372.436035,4532.436035,4366.538574,4532.179688,4499.743652,4369.871582,4501.666504,4461.794922,2834,0,5,2048,59271,,,,0,4,4,4,4,4,4,4,4,4,4,4,4,4,4,4,4,4,4,4,4,4,4,4,4,4,4,4,4,4,4,4,4,100,,,,,,,,,,,,,,,,,,,,,,,,,,,,,,,,,,,13841,0,0.625595,-0.306763,-0.296814,0.653015,1.013796,-0.044439,-0.004883,15.5,37.333332,-26.666666,,,,,,,,,,,,,,,,,,,,,,,,,,,,,,,,,,,,,,,,,,,,,,,,,,,,,,,,,,,,,,,,,,,,,,,,,,,,,,,,,,,,,,,,,,,,,,,,,,,,,,,,,,,,,,,,,,,,,,,,,,,,,,,,,,,,,,,,,,,,,,,,,,,,,,,,,,,,,,,,
1764669115.077233,55366,0,4371.025879,4372.179688,4468.846191,4493.077148,4354.358887,4499.230957,4514.102539,4353.461426,4538.589844,4361.922852,4474.230957,4501.025879,4561.922852,4392.820313,4385.641113,4493.205078,4521.025879,4520.512695,4505.128418,4363.205078,4370.897461,4543.846191,4495.384766,4469.358887,4379.487305,4540.256348,4355.897461,4524.615234,4496.025879,4365,4495.769043,4451.025879,2819,0,5,2304,59279,,,,0,4,4,4,4,4,4,4,4,4,4,4,4,4,4,4,4,4,4,4,4,4,4,4,4,4,4,4,4,4,4,4,4,100,,,,,,,,,,,,,,,,,,,,,,,,,,,,,,,,,,,,,,,,,,,,,,,,,,,,,,,,,,,,,,,,,,,,,,,,,,,,,,,,,,,,,,,,,,,,,,,,,,,,,,,,,,,,,,,,,,,,,,,,,,,,,,,,,,,,,,,,,,,,,,,,,,,,,,,,,,,,,,,,,,,,,,,,,,,,,,,,,,,,,,,,,,,,,,,,,,,,,,,,,,,,,,
1764669115.081139,55367,0,4366.794922,4369.358887,4453.077148,4488.589844,4357.05127,4495.512695,4510.769043,4348.589844,4540.384766,4368.205078,4473.846191,4496.794922,4559.615234,4392.179688,4385.128418,4487.563965,4517.563965,4509.871582,4492.05127,4356.666504,4365.128418,4535.769043,4491.794922,4468.205078,4389.487305,4546.538574,4345.897461,4518.717773,4492.692383,4362.820313,4487.307617,4431.153809,2998,0,5,2304,59279,,,,0,4,4,4,4,4,4,4,4,4,4,4,4,4,4,4,4,4,4,4,4,4,4,4,4,4,4,4,4,4,4,4,4,100,,,,,,,,,,,,,,,,,,,,,,,,,,,,,,,,,,,,,,,,,,,,,,,,,,,,,,,,,,,,,,,,,,,,,,,,,,,,,,,,,,,,,,,,,,,,,,,,,,,,,,,,,,,,,,,,,,,,,,,,,,,,,,,,,,,,,,,,,,,,,,,,,,,,,,,,,,,,,,,,,,,,,,,,,,,,,,,,,,,,,,,,,,,,,,,,,,,,,,,,,,,,,,
1764669115.085045,55368,0,4363.461426,4367.692383,4440.897461,4488.846191,4366.666504,4493.333496,4511.922852,4351.025879,4540,4362.436035,4474.743652,4493.461426,4556.794922,4389.102539,4379.743652,4480.641113,4513.974121,4500.769043,4479.487305,4345.512695,4357.692383,4530.384766,4489.615234,4468.846191,4400.769043,4550,4343.205078,4519.230957,4491.794922,4365.897461,4482.94873,4412.94873,2907,0,5,2560,59287,,,,0,4,4,4,4,4,4,4,4,4,4,4,4,4,4,4,4,4,4,4,4,4,4,4,4,4,4,4,4,4,4,4,4,100,,,,,,,,,,,,,,,,,,,,,,,,,,,,,,,,,,,,,,,,,,,,,,,,,,,,,,,,,,,,,,,,,,,,,,,,,,,,,,,,,,,,,,,,,,,,,,,,,,,,,,,,,,,,,,,,,,,,,,,,,,,,,,,,,,,,,,,,,,,,,,,,,,,,,,,,,,,,,,,,,,,,,,,,,,,,,,,,,,,,,,,,,,,,,,,,,,,,,,,,,,,,,,
1764669115.088951,55369,0,4368.333496,4373.589844,4443.589844,4500.128418,4382.05127,4498.205078,4521.538574,4363.589844,4543.717773,4357.820313,4481.282227,4497.94873,4558.846191,4388.333496,4375,4481.794922,4517.820313,4504.358887,4481.025879,4343.333496,4358.205078,4537.436035,4496.666504,4477.692383,4407.179688,4555.128418,4354.871582,4531.666504,4497.563965,4377.307617,4491.025879,4415.256348,2780,0,5,2560,59287,,,,0,4,4,4,4,4,4,4,4,4,4,4,4,4,4,4,4,4,4,4,4,4,4,4,4,4,4,4,4,4,4,4,4,100,,,,,,,,,,,,,,,,,,,,,,,,,,,,,,,,,,,13842,0,0.625601,-0.307068,-0.297424,0.652588,1.013796,-0.044439,-0.004883,14.666667,37.833332,-25.833334,,,,,,,,,,,,,,,,,,,,,,,,,,,,,,,,,,,,,,,,,,,,,,,,,,,,,,,,,,,,,,,,,,,,,,,,,,,,,,,,,,,,,,,,,,,,,,,,,,,,,,,,,,,,,,,,,,,,,,,,,,,,,,,,,,,,,,,,,,,,,,,,,,,,,,,,,,,,,,,,
1764669115.092856,55370,0,4385.641113,4390.384766,4464.615234,4522.563965,4401.282227,4514.230957,4540.384766,4384.871582,4557.692383,4370,4495.128418,4513.461426,4569.358887,4393.717773,4376.410156,4496.538574,4535.128418,4524.871582,4501.025879,4360.384766,4374.102539,4560.769043,4516.538574,4497.563965,4399.615234,4566.153809,4381.666504,4555.641113,4511.794922,4396.538574,4512.820313,4447.563965,2420,0,5,2560,59295,,,,0,4,4,4,4,4,4,4,4,4,4,4,4,4,4,4,4,4,4,4,4,4,4,4,4,4,4,4,4,4,4,4,4,100,,,,,,,,,,,,,,,,,,,,,,,,,,,,,,,,,,,,,,,,,,,,,,,,,,,,,,,,,,,,,,,,,,,,,,,,,,,,,,,,,,,,,,,,,,,,,,,,,,,,,,,,,,,,,,,,,,,,,,,,,,,,,,,,,,,,,,,,,,,,,,,,,,,,,,,,,,,,,,,,,,,,,,,,,,,,,,,,,,,,,,,,,,,,,,,,,,,,,,,,,,,,,,
1764669115.096762,55371,0,4410,4412.436035,4494.487305,4545.897461,4419.102539,4537.05127,4561.794922,4407.05127,4579.487305,4398.589844,4511.282227,4534.102539,4584.871582,4403.077148,4382.692383,4518.333496,4560.512695,4552.563965,4528.333496,4390.384766,4401.025879,4590.512695,4541.794922,4521.025879,4374.102539,4580.256348,4413.717773,4582.436035,4529.487305,4416.282227,4538.205078,4497.307617,2718,0,5,2560,59295,,,,0,4,4,4,4,4,4,4,4,4,4,4,4,4,4,4,4,4,4,4,4,4,4,4,4,4,4,4,4,4,4,4,4,100,,,,,,,,,,,,,,,,,,,,,,,,,,,,,,,,,,,,,,,,,,,,,,,,,,,,,,,,,,,,,,,,,,,,,,,,,,,,,,,,,,,,,,,,,,,,,,,,,,,,,,,,,,,,,,,,,,,,,,,,,,,,,,,,,,,,,,,,,,,,,,,,,,,,,,,,,,,,,,,,,,,,,,,,,,,,,,,,,,,,,,,,,,,,,,,,,,,,,,,,,,,,,,
1764669115.100668,55372,0,4427.692383,4427.307617,4516.282227,4556.153809,4428.717773,4554.358887,4574.743652,4419.487305,4597.692383,4425.641113,4520.384766,4547.563965,4596.282227,4408.717773,4386.538574,4530.384766,4579.102539,4568.205078,4543.205078,4414.743652,4422.94873,4608.717773,4558.205078,4534.487305,4338.461426,4589.615234,4435.641113,4598.589844,4541.025879,4426.538574,4552.563965,4536.922852,2482,0,5,2561,59302,,,,0,4,4,4,4,4,4,4,4,4,4,4,4,4,4,4,4,4,4,4,4,4,4,4,4,4,4,4,4,4,4,4,4,100,,,,,,,,,,,,,,,,,,,,,,,,,,,,,,,,,,,,,,,,,,,,,,,,,,,,,,,,,,,,,,,,,,,,,,,,,,,,,,,,,,,,,,,,,,,,,,,,,,,,,,,,,,,,,,,,,,,,,,,,,,,,,,,,,,,,,,,,,,,,,,,,,,,,,,,,,,,,,,,,,,,,,,,,,,,,,,,,,,,,,,,,,,,,,,,,,,,,,,,,,,,,,,
1764669115.104574,55373,0,4427.820313,4425.897461,4518.589844,4547.436035,4426.025879,4555.384766,4571.922852,4416.282227,4601.282227,4429.871582,4516.410156,4545.512695,4596.410156,4404.743652,4381.025879,4521.282227,4578.717773,4559.102539,4533.461426,4417.05127,4424.615234,4603.333496,4555.641113,4528.205078,4311.282227,4588.589844,4436.666504,4596.410156,4539.358887,4421.282227,4548.461426,4545.897461,2239,0,5,2561,59302,,,,0,4,4,4,4,4,4,4,4,4,4,4,4,4,4,4,4,4,4,4,4,4,4,4,4,4,4,4,4,4,4,4,4,100,,,,,,,,,,,,,,,,,,,,,,,,,,,,,,,,,,,13843,0,0.625488,-0.307495,-0.298157,0.652161,1.007936,-0.038579,-0.012209,15,38.166668,-25,,,,,,,,,,,,,,,,,,,,,,,,,,,,,,,,,,,,,,,,,,,,,,,,,,,,,,,,,,,,,,,,,,,,,,,,,,,,,,,,,,,,,,,,,,,,,,,,,,,,,,,,,,,,,,,,,,,,,,,,,,,,,,,,,,,,,,,,,,,,,,,,,,,,,,,,,,,,,,,,
1764669115.108480,55374,0,4411.410156,4410.256348,4505.256348,4527.436035,4413.974121,4540.384766,4556.538574,4401.153809,4588.461426,4408.333496,4502.94873,4530.384766,4586.025879,4392.820313,4367.436035,4495.897461,4560.384766,4531.410156,4505.641113,4397.307617,4404.743652,4578.846191,4537.179688,4505.897461,4309.615234,4579.230957,4417.94873,4579.102539,4526.025879,4404.615234,4530.512695,4525.128418,2743,0,5,2562,59310,,,,0,4,4,4,4,4,4,4,4,4,4,4,4,4,4,4,4,4,4,4,4,4,4,4,4,4,4,4,4,4,4,4,4,100,,,,,,,,,,,,,,,,,,,,,,,,,,,,,,,,,,,,,,,,,,,,,,,,,,,,,,,,,,,,,,,,,,,,,,,,,,,,,,,,,,,,,,,,,,,,,,,,,,,,,,,,,,,,,,,,,,,,,,,,,,,,,,,,,,,,,,,,,,,,,,,,,,,,,,,,,,,,,,,,,,,,,,,,,,,,,,,,,,,,,,,,,,,,,,,,,,,,,,,,,,,,,,
1764669115.112385,55375,0,4391.025879,4391.666504,4491.153809,4510.897461,4400,4521.153809,4539.102539,4384.871582,4569.230957,4380.256348,4489.743652,4513.846191,4573.589844,4381.922852,4355,4472.436035,4538.077148,4505.769043,4480.256348,4371.794922,4376.794922,4552.563965,4516.538574,4481.666504,4336.666504,4570.128418,4391.922852,4558.846191,4510.384766,4387.179688,4511.666504,4494.871582,2444,0,5,2562,59310,,,,0,4,4,4,4,4,4,4,4,4,4,4,4,4,4,4,4,4,4,4,4,4,4,4,4,4,4,4,4,4,4,4,4,100,,,,,,,,,,,,,,,,,,,,,,,,,,,,,,,,,,,,,,,,,,,,,,,,,,,,,,,,,,,,,,,,,,,,,,,,,,,,,,,,,,,,,,,,,,,,,,,,,,,,,,,,,,,,,,,,,,,,,,,,,,,,,,,,,,,,,,,,,,,,,,,,,,,,,,,,,,,,,,,,,,,,,,,,,,,,,,,,,,,,,,,,,,,,,,,,,,,,,,,,,,,,,,
1764669115.116291,55376,0,4380.897461,4382.692383,4490.256348,4508.461426,4391.538574,4511.025879,4530.384766,4377.563965,4556.666504,4370,4485.512695,4507.307617,4568.205078,4380.512695,4353.333496,4467.820313,4527.563965,4500.641113,4475.641113,4359.102539,4359.102539,4541.410156,4507.820313,4470.256348,4380.256348,4568.846191,4373.333496,4547.563965,4502.179688,4379.358887,4503.717773,4476.666504,2907,0,5,2563,59318,,,,0,4,4,4,4,4,4,4,4,4,4,4,4,4,4,4,4,4,4,4,4,4,4,4,4,4,4,4,4,4,4,4,4,100,,,,,,,,,,,,,,,,,,,,,,,,,,,,,,,,,,,,,,,,,,,,,,,,,,,,,,,,,,,,,,,,,,,,,,,,,,,,,,,,,,,,,,,,,,,,,,,,,,,,,,,,,,,,,,,,,,,,,,,,,,,,,,,,,,,,,,,,,,,,,,,,,,,,,,,,,,,,,,,,,,,,,,,,,,,,,,,,,,,,,,,,,,,,,,,,,,,,,,,,,,,,,,
1764669115.120197,55377,0,4386.282227,4387.436035,4504.230957,4519.743652,4391.282227,4514.487305,4533.717773,4381.025879,4557.563965,4384.358887,4491.282227,4513.589844,4572.94873,4389.230957,4363.974121,4484.230957,4534.358887,4518.333496,4493.333496,4366.410156,4360.256348,4548.717773,4514.615234,4476.538574,4421.410156,4575.897461,4369.871582,4549.358887,4504.358887,4383.205078,4509.102539,4478.846191,2962,0,5,2563,59318,,,,0,4,4,4,4,4,4,4,4,4,4,4,4,4,4,4,4,4,4,4,4,4,4,4,4,4,4,4,4,4,4,4,4,100,,,,,,,,,,,,,,,,,,,,,,,,,,,,,,,,,,,13844,0,0.625458,-0.3078,-0.298706,0.651794,1.001587,-0.038091,0.007325,15.833333,37,-26.166666,,,,,,,,,,,,,,,,,,,,,,,,,,,,,,,,,,,,,,,,,,,,,,,,,,,,,,,,,,,,,,,,,,,,,,,,,,,,,,,,,,,,,,,,,,,,,,,,,,,,,,,,,,,,,,,,,,,,,,,,,,,,,,,,,,,,,,,,,,,,,,,,,,,,,,,,,,,,,,,,
1764669115.124103,55378,0,4399.743652,4398.846191,4521.794922,4534.102539,4395.897461,4524.743652,4543.077148,4388.589844,4566.922852,4407.820313,4499.871582,4525.256348,4581.922852,4399.615234,4378.846191,4507.307617,4550.384766,4543.717773,4517.94873,4385,4374.358887,4563.717773,4528.717773,4492.436035,4444.871582,4583.846191,4378.205078,4557.820313,4512.179688,4392.05127,4520.897461,4492.692383,1799,0,5,2564,59326,,,,0,4,4,4,4,4,4,4,4,4,4,4,4,4,4,4,4,4,4,4,4,4,4,4,4,4,4,4,4,4,4,4,4,100,,,,,,,,,,,,,,,,,,,,,,,,,,,,,,,,,,,,,,,,,,,,,,,,,,,,,,,,,,,,,,,,,,,,,,,,,,,,,,,,,,,,,,,,,,,,,,,,,,,,,,,,,,,,,,,,,,,,,,,,,,,,,,,,,,,,,,,,,,,,,,,,,,,,,,,,,,,,,,,,,,,,,,,,,,,,,,,,,,,,,,,,,,,,,,,,,,,,,,,,,,,,,,
1764669115.128008,55379,0,4408.077148,4404.743652,4529.102539,4538.589844,4398.205078,4529.871582,4547.436035,4390.384766,4573.077148,4416.794922,4502.436035,4531.410156,4586.025879,4401.666504,4386.282227,4519.230957,4560.897461,4558.333496,4530.897461,4398.205078,4387.563965,4571.410156,4536.666504,4503.717773,4444.743652,4584.487305,4387.307617,4562.563965,4517.179688,4396.025879,4527.692383,4502.94873,2766,0,5,2564,59326,,,,0,4,4,4,4,4,4,4,4,4,4,4,4,4,4,4,4,4,4,4,4,4,4,4,4,4,4,4,4,4,4,4,4,100,,,,,,,,,,,,,,,,,,,,,,,,,,,,,,,,,,,,,,,,,,,,,,,,,,,,,,,,,,,,,,,,,,,,,,,,,,,,,,,,,,,,,,,,,,,,,,,,,,,,,,,,,,,,,,,,,,,,,,,,,,,,,,,,,,,,,,,,,,,,,,,,,,,,,,,,,,,,,,,,,,,,,,,,,,,,,,,,,,,,,,,,,,,,,,,,,,,,,,,,,,,,,,
1764669115.131914,55380,0,4403.077148,4397.692383,4518.589844,4528.333496,4391.666504,4522.307617,4539.615234,4381.025879,4567.563965,4401.538574,4494.358887,4526.538574,4579.871582,4391.922852,4380.384766,4512.179688,4556.153809,4553.717773,4525.128418,4395.769043,4389.487305,4564.743652,4530.641113,4500.897461,4425.384766,4574.743652,4388.461426,4557.179688,4514.102539,4389.358887,4523.461426,4501.025879,2609,0,5,2563,59334,,,,0,4,4,4,4,4,4,4,4,4,4,4,4,4,4,4,4,4,4,4,4,4,4,4,4,4,4,4,4,4,4,4,4,100,,,,,,,,,,,,,,,,,,,,,,,,,,,,,,,,,,,,,,,,,,,,,,,,,,,,,,,,,,,,,,,,,,,,,,,,,,,,,,,,,,,,,,,,,,,,,,,,,,,,,,,,,,,,,,,,,,,,,,,,,,,,,,,,,,,,,,,,,,,,,,,,,,,,,,,,,,,,,,,,,,,,,,,,,,,,,,,,,,,,,,,,,,,,,,,,,,,,,,,,,,,,,,
1764669115.135820,55381,0,4387.307617,4380.256348,4494.487305,4509.358887,4375.641113,4505.128418,4521.666504,4364.230957,4551.794922,4372.05127,4479.487305,4513.717773,4565.641113,4375.769043,4365.256348,4493.205078,4538.717773,4535.256348,4507.94873,4380.256348,4379.487305,4548.717773,4514.102539,4485.641113,4397.563965,4559.358887,4380,4543.974121,4504.871582,4374.743652,4511.153809,4490.256348,2850,0,5,2563,59334,,,,0,4,4,4,4,4,4,4,4,4,4,4,4,4,4,4,4,4,4,4,4,4,4,4,4,4,4,4,4,4,4,4,4,100,,,,,,,,,,,,,,,,,,,,,,,,,,,,,,,,,,,13845,0,0.625574,-0.308899,-0.299988,0.650574,0.984007,-0.048834,0.062019,14.666667,36.5,-25.333334,,,,,,,,,,,,,,,,,,,,,,,,,,,,,,,,,,,,,,,,,,,,,,,,,,,,,,,,,,,,,,,,,,,,,,,,,,,,,,,,,,,,,,,,,,,,,,,,,,,,,,,,,,,,,,,,,,,,,,,,,,,,,,,,,,,,,,,,,,,,,,,,,,,,,,,,,,,,,,,,
1764669115.139726,55382,0,4371.025879,4363.333496,4468.717773,4493.589844,4356.153809,4488.589844,4503.333496,4349.230957,4535.256348,4349.102539,4466.666504,4502.179688,4551.410156,4363.589844,4351.282227,4476.538574,4520.128418,4515.897461,4492.563965,4363.717773,4364.871582,4535,4498.717773,4468.846191,4372.05127,4547.05127,4367.94873,4531.025879,4496.025879,4360.128418,4498.974121,4479.871582,2971,0,5,2563,59342,,,,0,4,4,4,4,4,4,4,4,4,4,4,4,4,4,4,4,4,4,4,4,4,4,4,4,4,4,4,4,4,4,4,4,100,,,,,,,,,,,,,,,,,,,,,,,,,,,,,,,,,,,,,,,,,,,,,,,,,,,,,,,,,,,,,,,,,,,,,,,,,,,,,,,,,,,,,,,,,,,,,,,,,,,,,,,,,,,,,,,,,,,,,,,,,,,,,,,,,,,,,,,,,,,,,,,,,,,,,,,,,,,,,,,,,,,,,,,,,,,,,,,,,,,,,,,,,,,,,,,,,,,,,,,,,,,,,,
1764669115.143632,55383,0,4364.102539,4357.307617,4453.461426,4490,4342.692383,4482.563965,4494.487305,4343.974121,4527.820313,4346.410156,4462.820313,4499.615234,4545.256348,4362.436035,4347.307617,4472.436035,4511.922852,4506.410156,4487.820313,4356.666504,4354.230957,4532.563965,4494.230957,4462.436035,4354.615234,4543.717773,4360.641113,4526.282227,4493.461426,4353.333496,4493.461426,4475.512695,2867,0,5,2563,59342,,,,0,4,4,4,4,4,4,4,4,4,4,4,4,4,4,4,4,4,4,4,4,4,4,4,4,4,4,4,4,4,4,4,4,100,,,,,,,,,,,,,,,,,,,,,,,,,,,,,,,,,,,,,,,,,,,,,,,,,,,,,,,,,,,,,,,,,,,,,,,,,,,,,,,,,,,,,,,,,,,,,,,,,,,,,,,,,,,,,,,,,,,,,,,,,,,,,,,,,,,,,,,,,,,,,,,,,,,,,,,,,,,,,,,,,,,,,,,,,,,,,,,,,,,,,,,,,,,,,,,,,,,,,,,,,,,,,,
1764669115.147537,55384,0,4369.743652,4365.641113,4453.974121,4498.077148,4341.538574,4489.230957,4499.230957,4349.487305,4532.563965,4361.153809,4469.230957,4506.922852,4550.641113,4371.538574,4354.871582,4480.897461,4517.436035,4509.871582,4493.846191,4361.282227,4352.436035,4541.282227,4502.436035,4470.769043,4346.666504,4549.743652,4362.820313,4533.205078,4498.077148,4358.077148,4495.769043,4474.358887,2713,0,5,2563,59349,,,,0,4,4,4,4,4,4,4,4,4,4,4,4,4,4,4,4,4,4,4,4,4,4,4,4,4,4,4,4,4,4,4,4,100,,,,,,,,,,,,,,,,,,,,,,,,,,,,,,,,,,,,,,,,,,,,,,,3.6854,3.524094,4.599144,2.267585,2.289798,5.125881,2.632236,5.318909,2.512889,2.487184,2.374981,2.77787,7.987603,6.767298,3.869616,1.364914,1.361562,6.300416,2.576216,2.102929,3.343758,3.15869,3.996087,3.357357,2.390428,3.951889,3.901832,5.506638,2.329232,2.33453,3.453135,3.725375,4.521671,2.448349,2.456936,1.465925,1.787807,5.596203,2.787216,2.722933,1.235605,0.893429,4.215073,2.481447,2.388334,1.74511,2.449342,7.636728,4.435443,3.80756,0.707574,1.780876,2.388465,1.409311,1.863979,2.355801,2.114534,6.366297,2.266308,2.398144,1.947099,2.734951,3.567905,1.681596,2.063159,0.902125,1.154698,1.452651,1.208718,1.000004,1.80957,4.186778,4.680434,1.808164,2.024318,3.613533,7.158794,3.981555,2.981596,3.394347,4.14029,4.375851,5.776612,2.654788,2.902213,4.726945,10.164815,5.28654,3.31279,4.7291,2.622767,6.68384,2.92151,2.562481,3.301502,2.193438,2.799706,5.470304,3.116037,2.999837,2.969099,7.336641,10.846323,4.016754,3.628512,3.876382,5.814829,5.490951,3.273765,3.140918,3.754886,3.612674,4.908586,2.473673,2.36369,3.433851,4.409129,5.273955,3.434274,2.933627,4.15049,1.708773,13.107115,5.257106,6.300209,3.257355,2.163385,5.245834,2.77303,2.351936,3.748973,2.212163,4.876256,4.315016,2.741781,4.483632,4.005414,5.071395,3.200443,2.823576,2.200109,1.478645,2.496221,1.320579,1.261684,4.295094,3.066697,5.543456,2.806915,2.712877,4.024492,2.349637,7.177063,5.433062,3.689936,3.606202,1.781427,7.300259,7.979082,3.528379
1764669115.151443,55385,0,4382.94873,4382.94873,4466.538574,4509.487305,4352.179688,4502.94873,4513.846191,4360.512695,4543.589844,4377.563965,4481.025879,4518.846191,4563.717773,4384.487305,4368.205078,4493.846191,4531.153809,4521.794922,4504.358887,4372.307617,4359.230957,4554.487305,4516.538574,4487.94873,4348.205078,4560.641113,4373.461426,4547.94873,4506.025879,4371.153809,4502.307617,4470.769043,2913,0,5,2563,59349,,,,0,4,4,4,4,4,4,4,4,4,4,4,4,4,4,4,4,4,4,4,4,4,4,4,4,4,4,4,4,4,4,4,4,100,,,,,,,,,,,,,,,,,,,,,,,,,,,,,,,,,,,13846,0,0.625443,-0.309998,-0.301636,0.649414,0.998169,-0.066903,0.041997,14,36.833332,-23.5,,,,,,,,,,,,,,,,,,,,,,,,,,,,,,,,,,,,,,,,,,,,,,,,,,,,,,,,,,,,,,,,,,,,,,,,,,,,,,,,,,,,,,,,,,,,,,,,,,,,,,,,,,,,,,,,,,,,,,,,,,,,,,,,,,,,,,,,,,,,,,,,,,,,,,,,,,,,,,,,
1764669115.155349,55386,0,4396.282227,4400,4481.794922,4516.538574,4368.461426,4515.897461,4530.384766,4369.871582,4552.307617,4382.179688,4491.922852,4528.461426,4577.563965,4393.846191,4379.743652,4504.358887,4544.743652,4535.512695,4513.717773,4382.94873,4371.922852,4564.615234,4528.333496,4504.358887,4358.717773,4572.179688,4387.05127,4562.820313,4512.820313,4385.384766,4508.333496,4462.820313,1815,0,5,2561,59357,,,,0,4,4,4,4,4,4,4,4,4,4,4,4,4,4,4,4,4,4,4,4,4,4,4,4,4,4,4,4,4,4,4,4,100,,,,,,,,,,,,,,,,,,,,,,,,,,,,,,,,,,,,,,,,,,,,,,,,,,,,,,,,,,,,,,,,,,,,,,,,,,,,,,,,,,,,,,,,,,,,,,,,,,,,,,,,,,,,,,,,,,,,,,,,,,,,,,,,,,,,,,,,,,,,,,,,,,,,,,,,,,,,,,,,,,,,,,,,,,,,,,,,,,,,,,,,,,,,,,,,,,,,,,,,,,,,,,
1764669115.159255,55387,0,4404.615234,4409.871582,4490.769043,4517.820313,4383.846191,4523.589844,4542.820313,4373.589844,4554.871582,4373.461426,4499.358887,4532.563965,4586.922852,4397.179688,4385.897461,4511.410156,4553.589844,4547.692383,4520.897461,4390.769043,4387.436035,4569.743652,4534.230957,4512.692383,4375.256348,4582.436035,4397.820313,4571.794922,4516.666504,4395.384766,4512.05127,4455.128418,2461,0,5,2561,59357,,,,0,4,4,4,4,4,4,4,4,4,4,4,4,4,4,4,4,4,4,4,4,4,4,4,4,4,4,4,4,4,4,4,4,100,,,,,,,,,,,,,,,,,,,,,,,,,,,,,,,,,,,,,,,,,,,,,,,,,,,,,,,,,,,,,,,,,,,,,,,,,,,,,,,,,,,,,,,,,,,,,,,,,,,,,,,,,,,,,,,,,,,,,,,,,,,,,,,,,,,,,,,,,,,,,,,,,,,,,,,,,,,,,,,,,,,,,,,,,,,,,,,,,,,,,,,,,,,,,,,,,,,,,,,,,,,,,,
1764669115.163160,55388,0,4407.436035,4411.410156,4490.641113,4517.436035,4394.358887,4525.897461,4548.846191,4373.077148,4553.717773,4360.897461,4503.846191,4531.666504,4591.025879,4396.153809,4387.94873,4518.077148,4558.205078,4557.820313,4527.307617,4396.794922,4403.333496,4572.307617,4535.897461,4511.794922,4391.153809,4590,4402.563965,4573.333496,4518.205078,4400,4514.615234,4454.230957,2659,0,5,2560,59365,,,,0,4,4,4,4,4,4,4,4,4,4,4,4,4,4,4,4,4,4,4,4,4,4,4,4,4,4,4,4,4,4,4,4,100,,,,,,,,,,,,,,,,,,,,,,,,,,,,,,,,,,,,,,,,,,,,,,,,,,,,,,,,,,,,,,,,,,,,,,,,,,,,,,,,,,,,,,,,,,,,,,,,,,,,,,,,,,,,,,,,,,,,,,,,,,,,,,,,,,,,,,,,,,,,,,,,,,,,,,,,,,,,,,,,,,,,,,,,,,,,,,,,,,,,,,,,,,,,,,,,,,,,,,,,,,,,,,
1764669115.167066,55389,0,4406.153809,4407.05127,4484.230957,4518.717773,4399.230957,4525.256348,4549.102539,4371.025879,4553.205078,4354.615234,4506.025879,4526.922852,4591.153809,4393.974121,4388.846191,4525.641113,4560.384766,4565.128418,4532.94873,4401.922852,4416.538574,4574.102539,4535.641113,4504.230957,4400.256348,4593.205078,4400.769043,4569.743652,4518.589844,4400.384766,4518.205078,4462.307617,2500,0,5,2560,59365,,,,0,4,4,4,4,4,4,4,4,4,4,4,4,4,4,4,4,4,4,4,4,4,4,4,4,4,4,4,4,4,4,4,4,100,,,,,,,,,,,,,,,,,,,,,,,,,,,,,,,,,,,13847,0,0.625072,-0.311279,-0.303833,0.648132,1.016237,-0.0293,0.018557,16.333334,38.166668,-23.666666,,,,,,,,,,,,,,,,,,,,,,,,,,,,,,,,,,,,,,,,,,,,,,,,,,,,,,,,,,,,,,,,,,,,,,,,,,,,,,,,,,,,,,,,,,,,,,,,,,,,,,,,,,,,,,,,,,,,,,,,,,,,,,,,,,,,,,,,,,,,,,,,,,,,,,,,,,,,,,,,
1764669115.170972,55390,0,4402.179688,4400.769043,4477.436035,4521.153809,4399.743652,4523.589844,4545.641113,4369.615234,4554.871582,4358.077148,4505.769043,4519.871582,4588.461426,4392.692383,4389.358887,4531.025879,4559.615234,4566.153809,4534.358887,4404.230957,4423.205078,4573.333496,4534.102539,4494.102539,4401.794922,4590.897461,4393.717773,4563.974121,4517.820313,4398.077148,4523.333496,4476.025879,2756,0,5,2561,59373,,,,0,4,4,4,4,4,4,4,4,4,4,4,4,4,4,4,4,4,4,4,4,4,4,4,4,4,4,4,4,4,4,4,4,100,,,,,,,,,,,,,,,,,,,,,,,,,,,,,,,,,,,,,,,,,,,,,,,,,,,,,,,,,,,,,,,,,,,,,,,,,,,,,,,,,,,,,,,,,,,,,,,,,,,,,,,,,,,,,,,,,,,,,,,,,,,,,,,,,,,,,,,,,,,,,,,,,,,,,,,,,,,,,,,,,,,,,,,,,,,,,,,,,,,,,,,,,,,,,,,,,,,,,,,,,,,,,,
1764669115.174878,55391,0,4397.692383,4396.410156,4476.794922,4522.563965,4398.717773,4522.179688,4541.410156,4369.358887,4558.205078,4368.717773,4503.461426,4513.077148,4584.230957,4393.461426,4389.358887,4530.897461,4556.153809,4559.743652,4529.230957,4401.666504,4421.666504,4568.974121,4531.666504,4485.769043,4400.512695,4585.128418,4385.256348,4558.846191,4516.025879,4395.128418,4528.846191,4489.743652,2770,0,5,2561,59373,,,,0,4,4,4,4,4,4,4,4,4,4,4,4,4,4,4,4,4,4,4,4,4,4,4,4,4,4,4,4,4,4,4,4,100,,,,,,,,,,,,,,,,,,,,,,,,,,,,,,,,,,,,,,,,,,,,,,,,,,,,,,,,,,,,,,,,,,,,,,,,,,,,,,,,,,,,,,,,,,,,,,,,,,,,,,,,,,,,,,,,,,,,,,,,,,,,,,,,,,,,,,,,,,,,,,,,,,,,,,,,,,,,,,,,,,,,,,,,,,,,,,,,,,,,,,,,,,,,,,,,,,,,,,,,,,,,,,
1764669115.178783,55392,0,4396.025879,4396.538574,4485.897461,4522.436035,4399.487305,4522.563965,4540.256348,4371.282227,4562.692383,4382.307617,4502.05127,4510.384766,4581.282227,4396.922852,4390.256348,4526.794922,4552.563965,4551.153809,4521.025879,4396.025879,4415.384766,4564.102539,4531.025879,4483.461426,4400.641113,4580.641113,4380.641113,4556.794922,4514.487305,4393.717773,4533.717773,4501.153809,2856,0,5,2562,59381,,,,0,4,4,4,4,4,4,4,4,4,4,4,4,4,4,4,4,4,4,4,4,4,4,4,4,4,4,4,4,4,4,4,4,100,,,,,,,,,,,,,,,,,,,,,,,,,,,,,,,,,,,,,,,,,,,,,,,,,,,,,,,,,,,,,,,,,,,,,,,,,,,,,,,,,,,,,,,,,,,,,,,,,,,,,,,,,,,,,,,,,,,,,,,,,,,,,,,,,,,,,,,,,,,,,,,,,,,,,,,,,,,,,,,,,,,,,,,,,,,,,,,,,,,,,,,,,,,,,,,,,,,,,,,,,,,,,,
1764669115.182689,55393,0,4399.871582,4401.538574,4503.846191,4522.563965,4402.94873,4525.897461,4544.102539,4376.282227,4568.589844,4396.282227,4505,4514.487305,4582.563965,4402.563965,4393.974121,4524.102539,4553.077148,4548.589844,4516.538574,4392.179688,4410,4564.358887,4534.487305,4488.461426,4402.692383,4581.282227,4383.846191,4559.230957,4514.615234,4395.512695,4536.666504,4510.384766,2952,0,5,2562,59381,,,,0,4,4,4,4,4,4,4,4,4,4,4,4,4,4,4,4,4,4,4,4,4,4,4,4,4,4,4,4,4,4,4,4,100,,,,,,,,,,,,,,,,,,,,,,,,,,,,,,,,,,,13848,0,0.624386,-0.312561,-0.306519,0.646912,1.019167,-0.022952,-0.023929,15.666667,37.166668,-26,,,,,,,,,,,,,,,,,,,,,,,,,,,,,,,,,,,,,,,,,,,,,,,,,,,,,,,,,,,,,,,,,,,,,,,,,,,,,,,,,,,,,,,,,,,,,,,,,,,,,,,,,,,,,,,,,,,,,,,,,,,,,,,,,,,,,,,,,,,,,,,,,,,,,,,,,,,,,,,,
1764669115.186595,55394,0,4407.692383,4407.820313,4523.333496,4524.102539,4406.666504,4531.153809,4551.282227,4383.205078,4574.487305,4407.94873,4511.666504,4523.205078,4588.077148,4408.077148,4399.615234,4525.512695,4558.205078,4554.487305,4519.487305,4393.077148,4408.974121,4571.025879,4540.897461,4497.94873,4405.769043,4586.794922,4392.94873,4564.487305,4516.410156,4399.230957,4535.897461,4516.410156,2726,0,5,2563,59388,,,,0,4,4,4,4,4,4,4,4,4,4,4,4,4,4,4,4,4,4,4,4,4,4,4,4,4,4,4,4,4,4,4,4,100,,,,,,,,,,,,,,,,,,,,,,,,,,,,,,,,,,,,,,,,,,,,,,,,,,,,,,,,,,,,,,,,,,,,,,,,,,,,,,,,,,,,,,,,,,,,,,,,,,,,,,,,,,,,,,,,,,,,,,,,,,,,,,,,,,,,,,,,,,,,,,,,,,,,,,,,,,,,,,,,,,,,,,,,,,,,,,,,,,,,,,,,,,,,,,,,,,,,,,,,,,,,,,
1764669115.190501,55395,0,4413.333496,4409.358887,4533.974121,4525.897461,4406.153809,4534.102539,4556.153809,4388.077148,4576.410156,4413.589844,4516.922852,4529.102539,4593.589844,4409.230957,4402.307617,4526.538574,4563.717773,4561.922852,4525.897461,4396.794922,4410.384766,4577.94873,4544.615234,4505.128418,4410.641113,4591.666504,4400.384766,4567.692383,4517.436035,4400.641113,4530.128418,4514.871582,2896,0,5,2563,59388,,,,0,4,4,4,4,4,4,4,4,4,4,4,4,4,4,4,4,4,4,4,4,4,4,4,4,4,4,4,4,4,4,4,4,100,,,,,,,,,,,,,,,,,,,,,,,,,,,,,,,,,,,,,,,,,,,,,,,,,,,,,,,,,,,,,,,,,,,,,,,,,,,,,,,,,,,,,,,,,,,,,,,,,,,,,,,,,,,,,,,,,,,,,,,,,,,,,,,,,,,,,,,,,,,,,,,,,,,,,,,,,,,,,,,,,,,,,,,,,,,,,,,,,,,,,,,,,,,,,,,,,,,,,,,,,,,,,,
1764669115.194407,55396,0,4409.615234,4402.05127,4528.205078,4525.897461,4398.717773,4530.641113,4553.461426,4385.897461,4570,4408.846191,4514.358887,4525.512695,4592.820313,4403.205078,4396.538574,4519.615234,4562.692383,4560.384766,4527.563965,4397.307617,4409.615234,4577.05127,4540.128418,4504.615234,4417.94873,4589.102539,4397.692383,4563.974121,4514.487305,4395.897461,4519.743652,4502.05127,2777,0,5,2564,59396,,,,0,4,4,4,4,4,4,4,4,4,4,4,4,4,4,4,4,4,4,4,4,4,4,4,4,4,4,4,4,4,4,4,4,100,,,,,,,,,,,,,,,,,,,,,,,,,,,,,,,,,,,,,,,,,,,,,,,,,,,,,,,,,,,,,,,,,,,,,,,,,,,,,,,,,,,,,,,,,,,,,,,,,,,,,,,,,,,,,,,,,,,,,,,,,,,,,,,,,,,,,,,,,,,,,,,,,,,,,,,,,,,,,,,,,,,,,,,,,,,,,,,,,,,,,,,,,,,,,,,,,,,,,,,,,,,,,,
1764669115.198312,55397,0,4395,4386.538574,4507.436035,4522.436035,4385.512695,4519.358887,4542.179688,4375,4555,4393.589844,4502.179688,4511.153809,4582.820313,4390.256348,4380.641113,4501.410156,4551.666504,4545.897461,4519.102539,4390.256348,4403.589844,4566.282227,4526.922852,4496.666504,4422.436035,4576.410156,4382.692383,4552.94873,4506.666504,4384.358887,4507.563965,4480.128418,2865,0,5,2564,59396,,,,0,4,4,4,4,4,4,4,4,4,4,4,4,4,4,4,4,4,4,4,4,4,4,4,4,4,4,4,4,4,4,4,4,100,,,,,,,,,,,,,,,,,,,,,,,,,,,,,,,,,,,13849,0,0.623764,-0.313538,-0.308838,0.645935,1.019167,-0.022952,-0.023929,15.666667,38.833332,-22.666666,,,,,,,,,,,,,,,,,,,,,,,,,,,,,,,,,,,,,,,,,,,,,,,,,,,,,,,,,,,,,,,,,,,,,,,,,,,,,,,,,,,,,,,,,,,,,,,,,,,,,,,,,,,,,,,,,,,,,,,,,,,,,,,,,,,,,,,,,,,,,,,,,,,,,,,,,,,,,,,,
1764669115.202218,55398,0,4375.384766,4368.589844,4481.538574,4515.128418,4371.025879,4504.743652,4526.922852,4358.974121,4536.666504,4373.974121,4485.512695,4491.922852,4566.025879,4375.256348,4360.128418,4477.94873,4534.358887,4524.615234,4504.102539,4377.307617,4393.846191,4552.692383,4510.897461,4487.05127,4413.589844,4557.692383,4362.179688,4539.743652,4496.410156,4369.615234,4495.769043,4457.692383,2846,0,5,2565,59404,,,,0,4,4,4,4,4,4,4,4,4,4,4,4,4,4,4,4,4,4,4,4,4,4,4,4,4,4,4,4,4,4,4,4,100,,,,,,,,,,,,,,,,,,,,,,,,,,,,,,,,,,,,,,,,,,,,,,,,,,,,,,,,,,,,,,,,,,,,,,,,,,,,,,,,,,,,,,,,,,,,,,,,,,,,,,,,,,,,,,,,,,,,,,,,,,,,,,,,,,,,,,,,,,,,,,,,,,,,,,,,,,,,,,,,,,,,,,,,,,,,,,,,,,,,,,,,,,,,,,,,,,,,,,,,,,,,,,
1764669115.206124,55399,0,4360.897461,4356.153809,4462.436035,4505.128418,4360.769043,4493.974121,4515.384766,4346.410156,4524.230957,4360.641113,4473.461426,4477.179688,4550.256348,4365.512695,4344.871582,4460.641113,4519.487305,4508.461426,4491.922852,4365.128418,4385.256348,4546.282227,4500.641113,4482.436035,4386.025879,4541.666504,4347.436035,4531.282227,4488.333496,4358.077148,4485.769043,4443.846191,3029,0,5,2565,59404,,,,0,4,4,4,4,4,4,4,4,4,4,4,4,4,4,4,4,4,4,4,4,4,4,4,4,4,4,4,4,4,4,4,4,100,,,,,,,,,,,,,,,,,,,,,,,,,,,,,,,,,,,,,,,,,,,,,,,,,,,,,,,,,,,,,,,,,,,,,,,,,,,,,,,,,,,,,,,,,,,,,,,,,,,,,,,,,,,,,,,,,,,,,,,,,,,,,,,,,,,,,,,,,,,,,,,,,,,,,,,,,,,,,,,,,,,,,,,,,,,,,,,,,,,,,,,,,,,,,,,,,,,,,,,,,,,,,,
1764669115.210030,55400,0,4358.717773,4353.333496,4456.538574,4494.871582,4358.717773,4492.05127,4512.820313,4344.358887,4524.102539,4361.025879,4471.794922,4472.692383,4542.820313,4365.897461,4342.179688,4457.820313,4514.358887,4506.153809,4490.128418,4360.128418,4380.769043,4550.641113,4500,4484.487305,4349.743652,4535.512695,4345.897461,4531.666504,4486.025879,4354.358887,4477.94873,4442.820313,2936,0,5,2566,59412,,,,0,4,4,4,4,4,4,4,4,4,4,4,4,4,4,4,4,4,4,4,4,4,4,4,4,4,4,4,4,4,4,4,4,100,,,,,,,,,,,,,,,,,,,,,,,,,,,,,,,,,,,,,,,,,,,,,,,,,,,,,,,,,,,,,,,,,,,,,,,,,,,,,,,,,,,,,,,,,,,,,,,,,,,,,,,,,,,,,,,,,,,,,,,,,,,,,,,,,,,,,,,,,,,,,,,,,,,,,,,,,,,,,,,,,,,,,,,,,,,,,,,,,,,,,,,,,,,,,,,,,,,,,,,,,,,,,,
1764669115.213935,55401,0,4366.922852,4358.205078,4461.922852,4486.922852,4364.615234,4497.94873,4517.94873,4352.820313,4534.871582,4373.717773,4478.974121,4476.922852,4545.897461,4375.384766,4351.153809,4468.205078,4519.230957,4516.025879,4497.307617,4363.717773,4379.358887,4559.230957,4506.025879,4488.589844,4324.743652,4539.615234,4355,4538.205078,4488.974121,4357.692383,4471.794922,4451.282227,2810,0,5,2566,59412,,,,0,4,4,4,4,4,4,4,4,4,4,4,4,4,4,4,4,4,4,4,4,4,4,4,4,4,4,4,4,4,4,4,4,100,,,,,,,,,,,,,,,,,,,,,,,,,,,,,,,,,,,13850,0,0.622263,-0.315613,-0.313416,0.644165,1.007447,-0.009767,-0.025882,14.666667,38.5,-23.333334,,,,,,,,,,,,,,,,,,,,,,,,,,,,,,,,,,,,,,,,,,,,,,,,,,,,,,,,,,,,,,,,,,,,,,,,,,,,,,,,,,,,,,,,,,,,,,,,,,,,,,,,,,,,,,,,,,,,,,,,,,,,,,,,,,,,,,,,,,,,,,,,,,,,,,,,,,,,,,,,
1764669115.217841,55402,0,4376.922852,4364.487305,4471.666504,4482.563965,4372.820313,4505.512695,4524.102539,4364.358887,4548.077148,4389.487305,4487.820313,4483.077148,4554.230957,4387.307617,4363.974121,4482.307617,4527.05127,4527.436035,4504.487305,4370.256348,4376.666504,4561.794922,4510.641113,4487.436035,4324.487305,4548.077148,4364.743652,4543.974121,4493.205078,4362.692383,4466.538574,4460.641113,2447,0,5,2567,59420,,,,0,4,4,4,4,4,4,4,4,4,4,4,4,4,4,4,4,4,4,4,4,4,4,4,4,4,4,4,4,4,4,4,4,100,,,,,,,,,,,,,,,,,,,,,,,,,,,,,,,,,,,,,,,,,,,,,,,,,,,,,,,,,,,,,,,,,,,,,,,,,,,,,,,,,,,,,,,,,,,,,,,,,,,,,,,,,,,,,,,,,,,,,,,,,,,,,,,,,,,,,,,,,,,,,,,,,,,,,,,,,,,,,,,,,,,,,,,,,,,,,,,,,,,,,,,,,,,,,,,,,,,,,,,,,,,,,,
1764669115.221747,55403,0,4380.641113,4366.794922,4478.589844,4482.692383,4377.436035,4508.846191,4525.512695,4370.256348,4555.384766,4397.692383,4491.282227,4485.384766,4560.512695,4394.102539,4371.410156,4490.128418,4529.743652,4529.358887,4502.94873,4373.589844,4370.256348,4552.820313,4508.589844,4477.436035,4343.717773,4553.077148,4366.922852,4543.205078,4494.743652,4364.230957,4462.436035,4462.307617,2744,0,5,2567,59420,,,,0,4,4,4,4,4,4,4,4,4,4,4,4,4,4,4,4,4,4,4,4,4,4,4,4,4,4,4,4,4,4,4,4,100,,,,,,,,,,,,,,,,,,,,,,,,,,,,,,,,,,,,,,,,,,,,,,,,,,,,,,,,,,,,,,,,,,,,,,,,,,,,,,,,,,,,,,,,,,,,,,,,,,,,,,,,,,,,,,,,,,,,,,,,,,,,,,,,,,,,,,,,,,,,,,,,,,,,,,,,,,,,,,,,,,,,,,,,,,,,,,,,,,,,,,,,,,,,,,,,,,,,,,,,,,,,,,
1764669115.225653,55404,0,4376.922852,4364.871582,4477.563965,4487.692383,4376.922852,4507.307617,4521.666504,4369.102539,4554.230957,4393.461426,4487.563965,4484.743652,4560.897461,4392.820313,4370.384766,4488.846191,4525.384766,4520.384766,4492.307617,4371.922852,4362.820313,4537.307617,4501.153809,4462.94873,4363.846191,4550.641113,4361.538574,4536.666504,4493.077148,4361.666504,4462.05127,4452.692383,2500,0,5,2568,59427,,,,0,4,4,4,4,4,4,4,4,4,4,4,4,4,4,4,4,4,4,4,4,4,4,4,4,4,4,4,4,4,4,4,4,100,,,,,,,,,,,,,,,,,,,,,,,,,,,,,,,,,,,,,,,,,,,,,,,,,,,,,,,,,,,,,,,,,,,,,,,,,,,,,,,,,,,,,,,,,,,,,,,,,,,,,,,,,,,,,,,,,,,,,,,,,,,,,,,,,,,,,,,,,,,,,,,,,,,,,,,,,,,,,,,,,,,,,,,,,,,,,,,,,,,,,,,,,,,,,,,,,,,,,,,,,,,,,,
1764669115.229559,55405,0,4371.922852,4363.461426,4467.563965,4497.94873,4375.769043,4505.384766,4517.820313,4367.179688,4548.717773,4380.256348,4481.666504,4486.410156,4558.077148,4387.307617,4366.282227,4484.358887,4519.487305,4509.487305,4481.025879,4369.358887,4360.256348,4526.538574,4495.897461,4453.461426,4369.743652,4543.333496,4355.897461,4530.641113,4491.153809,4358.461426,4468.205078,4435.128418,2255,0,5,2568,59427,,,,0,4,4,4,4,4,4,4,4,4,4,4,4,4,4,4,4,4,4,4,4,4,4,4,4,4,4,4,4,4,4,4,4,100,,,,,,,,,,,,,,,,,,,,,,,,,,,,,,,,,,,13851,0,0.621536,-0.316528,-0.315308,0.643494,1.007447,-0.009767,-0.025882,15.666667,38.333332,-23.833334,,,,,,,,,,,,,,,,,,,,,,,,,,,,,,,,,,,,,,,,,,,,,,,,,,,,,,,,,,,,,,,,,,,,,,,,,,,,,,,,,,,,,,,,,,,,,,,,,,,,,,,,,,,,,,,,,,,,,,,,,,,,,,,,,,,,,,,,,,,,,,,,,,,,,,,,,,,,,,,,
1764669115.233464,55406,0,4372.563965,4367.692383,4453.077148,4512.436035,4379.615234,4508.077148,4519.743652,4371.922852,4545.256348,4367.179688,4480.512695,4495,4557.94873,4383.589844,4367.563965,4485.384766,4519.615234,4509.102539,4480.128418,4371.025879,4366.538574,4529.871582,4499.871582,4456.153809,4360.769043,4537.307617,4357.179688,4531.025879,4493.205078,4359.358887,4480.384766,4419.230957,2762,0,5,2569,59435,,,,0,4,4,4,4,4,4,4,4,4,4,4,4,4,4,4,4,4,4,4,4,4,4,4,4,4,4,4,4,4,4,4,4,100,,,,,,,,,,,,,,,,,,,,,,,,,,,,,,,,,,,,,,,,,,,,,,,,,,,,,,,,,,,,,,,,,,,,,,,,,,,,,,,,,,,,,,,,,,,,,,,,,,,,,,,,,,,,,,,,,,,,,,,,,,,,,,,,,,,,,,,,,,,,,,,,,,,,,,,,,,,,,,,,,,,,,,,,,,,,,,,,,,,,,,,,,,,,,,,,,,,,,,,,,,,,,,
1764669115.237370,55407,0,4380.128418,4377.179688,4442.692383,4526.153809,4388.461426,4515.512695,4527.820313,4383.717773,4547.179688,4361.025879,4486.538574,4508.589844,4563.333496,4385.128418,4376.794922,4494.615234,4527.94873,4523.205078,4492.94873,4377.307617,4379.102539,4546.153809,4512.179688,4470,4348.461426,4536.922852,4366.025879,4538.461426,4499.615234,4364.487305,4493.333496,4414.102539,2465,0,5,2569,59435,,,,0,4,4,4,4,4,4,4,4,4,4,4,4,4,4,4,4,4,4,4,4,4,4,4,4,4,4,4,4,4,4,4,4,100,,,,,,,,,,,,,,,,,,,,,,,,,,,,,,,,,,,,,,,,,,,,,,,,,,,,,,,,,,,,,,,,,,,,,,,,,,,,,,,,,,,,,,,,,,,,,,,,,,,,,,,,,,,,,,,,,,,,,,,,,,,,,,,,,,,,,,,,,,,,,,,,,,,,,,,,,,,,,,,,,,,,,,,,,,,,,,,,,,,,,,,,,,,,,,,,,,,,,,,,,,,,,,
1764669115.241276,55408,0,4389.102539,4384.871582,4443.974121,4531.282227,4395,4522.307617,4535.384766,4393.974121,4551.538574,4361.538574,4495.128418,4519.743652,4570.256348,4389.102539,4386.922852,4505.897461,4538.333496,4542.307617,4511.282227,4383.205078,4389.102539,4564.230957,4523.717773,4484.743652,4345.769043,4540.641113,4374.487305,4545.897461,4505.384766,4369.615234,4500.256348,4422.563965,2926,0,5,2309,59443,,,,0,4,4,4,4,4,4,4,4,4,4,4,4,4,4,4,4,4,4,4,4,4,4,4,4,4,4,4,4,4,4,4,4,100,,,,,,,,,,,,,,,,,,,,,,,,,,,,,,,,,,,,,,,,,,,,,,,,,,,,,,,,,,,,,,,,,,,,,,,,,,,,,,,,,,,,,,,,,,,,,,,,,,,,,,,,,,,,,,,,,,,,,,,,,,,,,,,,,,,,,,,,,,,,,,,,,,,,,,,,,,,,,,,,,,,,,,,,,,,,,,,,,,,,,,,,,,,,,,,,,,,,,,,,,,,,,,
1764669115.245182,55409,0,4391.025879,4383.461426,4457.563965,4521.666504,4391.025879,4521.794922,4534.743652,4392.05127,4552.307617,4362.820313,4497.94873,4520.512695,4571.410156,4390.128418,4388.589844,4508.974121,4541.538574,4551.282227,4522.179688,4382.05127,4388.974121,4570.641113,4524.615234,4489.871582,4357.820313,4543.717773,4373.846191,4545.384766,4504.743652,4368.846191,4496.666504,4440.256348,2967,0,5,2309,59443,,,,0,4,4,4,4,4,4,4,4,4,4,4,4,4,4,4,4,4,4,4,4,4,4,4,4,4,4,4,4,4,4,4,4,100,,,,,,,,,,,,,,,,,,,,,,,,,,,,,,,,,,,13852,0,0.620862,-0.317383,-0.317017,0.642883,1.001099,-0.023929,-0.003907,15.666667,39.166668,-22.166666,,,,,,,,,,,,,,,,,,,,,,,,,,,,,,,,,,,,,,,,,,,,,,,,,,,,,,,,,,,,,,,,,,,,,,,,,,,,,,,,,,,,,,,,,,,,,,,,,,,,,,,,,,,,,,,,,,,,,,,,,,,,,,,,,,,,,,,,,,,,,,,,,,,,,,,,,,,,,,,,
1764669115.249087,55410,0,4383.589844,4372.436035,4477.563965,4500.256348,4376.666504,4512.692383,4523.846191,4375.256348,4546.538574,4360.256348,4491.410156,4510.512695,4563.717773,4385.512695,4379.358887,4500.128418,4534.102539,4541.794922,4518.461426,4372.820313,4379.230957,4560.897461,4513.333496,4483.077148,4377.436035,4543.077148,4362.179688,4534.743652,4496.282227,4360.641113,4483.846191,4459.358887,1811,0,5,2305,59451,,,,0,4,4,4,4,4,4,4,4,4,4,4,4,4,4,4,4,4,4,4,4,4,4,4,4,4,4,4,4,4,4,4,4,100,,,,,,,,,,,,,,,,,,,,,,,,,,,,,,,,,,,,,,,,,,,,,,,,,,,,,,,,,,,,,,,,,,,,,,,,,,,,,,,,,,,,,,,,,,,,,,,,,,,,,,,,,,,,,,,,,,,,,,,,,,,,,,,,,,,,,,,,,,,,,,,,,,,,,,,,,,,,,,,,,,,,,,,,,,,,,,,,,,,,,,,,,,,,,,,,,,,,,,,,,,,,,,
1764669115.252993,55411,0,4372.692383,4360,4496.025879,4479.615234,4360.897461,4501.282227,4509.615234,4352.820313,4538.205078,4355.769043,4480.256348,4498.077148,4552.307617,4378.333496,4367.692383,4486.282227,4522.307617,4521.025879,4505.128418,4361.282227,4368.717773,4543.461426,4498.461426,4471.153809,4389.743652,4541.153809,4347.05127,4521.153809,4485.512695,4351.153809,4469.487305,4474.358887,2794,0,5,2305,59451,,,,0,4,4,4,4,4,4,4,4,4,4,4,4,4,4,4,4,4,4,4,4,4,4,4,4,4,4,4,4,4,4,4,4,100,,,,,,,,,,,,,,,,,,,,,,,,,,,,,,,,,,,,,,,,,,,,,,,,,,,,,,,,,,,,,,,,,,,,,,,,,,,,,,,,,,,,,,,,,,,,,,,,,,,,,,,,,,,,,,,,,,,,,,,,,,,,,,,,,,,,,,,,,,,,,,,,,,,,,,,,,,,,,,,,,,,,,,,,,,,,,,,,,,,,,,,,,,,,,,,,,,,,,,,,,,,,,,
1764669115.256899,55412,0,4368.205078,4357.05127,4508.461426,4474.487305,4355.512695,4497.05127,4502.820313,4339.871582,4535.256348,4355.512695,4473.846191,4493.974121,4546.666504,4375,4365.384766,4478.846191,4516.153809,4504.743652,4493.717773,4356.282227,4367.179688,4532.179688,4491.282227,4464.358887,4383.333496,4542.94873,4339.358887,4515.897461,4480.641113,4349.358887,4463.205078,4483.077148,2633,0,5,2048,59459,,,,0,4,4,4,4,4,4,4,4,4,4,4,4,4,4,4,4,4,4,4,4,4,4,4,4,4,4,4,4,4,4,4,4,100,,,,,,,,,,,,,,,,,,,,,,,,,,,,,,,,,,,,,,,,,,,,,,,,,,,,,,,,,,,,,,,,,,,,,,,,,,,,,,,,,,,,,,,,,,,,,,,,,,,,,,,,,,,,,,,,,,,,,,,,,,,,,,,,,,,,,,,,,,,,,,,,,,,,,,,,,,,,,,,,,,,,,,,,,,,,,,,,,,,,,,,,,,,,,,,,,,,,,,,,,,,,,,
1764669115.260805,55413,0,4375,4367.563965,4514.358887,4490,4365.256348,4504.871582,4509.487305,4346.282227,4541.282227,4364.487305,4477.692383,4501.922852,4552.436035,4379.871582,4376.410156,4483.333496,4520.897461,4504.230957,4491.666504,4361.794922,4376.410156,4534.487305,4496.922852,4467.307617,4360.769043,4550.384766,4344.615234,4523.846191,4485.769043,4359.871582,4470.256348,4484.487305,2857,0,5,2048,59459,,,,0,4,4,4,4,4,4,4,4,4,4,4,4,4,4,4,4,4,4,4,4,4,4,4,4,4,4,4,4,4,4,4,4,100,,,,,,,,,,,,,,,,,,,,,,,,,,,,,,,,,,,13853,0,0.620057,-0.318604,-0.319092,0.642029,0.986937,-0.029789,-0.006837,15.666667,39.166668,-22.166666,,,,,,,,,,,,,,,,,,,,,,,,,,,,,,,,,,,,,,,,,,,,,,,,,,,,,,,,,,,,,,,,,,,,,,,,,,,,,,,,,,,,,,,,,,,,,,,,,,,,,,,,,,,,,,,,,,,,,,,,,,,,,,,,,,,,,,,,,,,,,,,,,,,,,,,,,,,,,,,,
1764669115.264710,55414,0,4388.974121,4385.384766,4515.128418,4516.922852,4384.230957,4520.512695,4526.282227,4368.461426,4552.94873,4381.025879,4489.230957,4515.897461,4565.769043,4390.641113,4393.333496,4495.769043,4532.436035,4517.563965,4496.922852,4373.974121,4389.615234,4547.179688,4511.025879,4476.666504,4336.538574,4560.256348,4358.589844,4540.384766,4497.820313,4379.358887,4486.922852,4478.333496,2979,0,5,1792,59467,,,,0,4,4,4,4,4,4,4,4,4,4,4,4,4,4,4,4,4,4,4,4,4,4,4,4,4,4,4,4,4,4,4,4,100,,,,,,,,,,,,,,,,,,,,,,,,,,,,,,,,,,,,,,,,,,,,,,,,,,,,,,,,,,,,,,,,,,,,,,,,,,,,,,,,,,,,,,,,,,,,,,,,,,,,,,,,,,,,,,,,,,,,,,,,,,,,,,,,,,,,,,,,,,,,,,,,,,,,,,,,,,,,,,,,,,,,,,,,,,,,,,,,,,,,,,,,,,,,,,,,,,,,,,,,,,,,,,
1764669115.268616,55415,0,4400.512695,4399.230957,4511.794922,4537.692383,4399.871582,4534.615234,4542.692383,4392.820313,4562.307617,4397.692383,4500.512695,4524.871582,4577.820313,4400.641113,4402.692383,4506.666504,4542.563965,4533.205078,4501.666504,4383.974121,4396.922852,4559.743652,4523.846191,4485.256348,4325.256348,4566.025879,4371.538574,4555.128418,4509.615234,4398.589844,4503.205078,4465.769043,2883,0,5,1792,59467,,,,0,4,4,4,4,4,4,4,4,4,4,4,4,4,4,4,4,4,4,4,4,4,4,4,4,4,4,4,4,4,4,4,4,100,,,,,,,,,,,,,,,,,,,,,,,,,,,,,,,,,,,,,,,,,,,,,,,,,,,,,,,,,,,,,,,,,,,,,,,,,,,,,,,,,,,,,,,,,,,,,,,,,,,,,,,,,,,,,,,,,,,,,,,,,,,,,,,,,,,,,,,,,,,,,,,,,,,,,,,,,,,,,,,,,,,,,,,,,,,,,,,,,,,,,,,,,,,,,,,,,,,,,,,,,,,,,,
1764669115.272522,55416,0,4402.179688,4400.256348,4504.487305,4538.077148,4401.666504,4538.717773,4548.846191,4404.102539,4563.205078,4404.743652,4504.230957,4521.922852,4580.897461,4403.205078,4395.128418,4507.820313,4544.102539,4538.717773,4499.615234,4385,4392.94873,4563.077148,4527.05127,4486.666504,4329.230957,4562.692383,4375.769043,4559.871582,4514.487305,4408.077148,4508.974121,4451.153809,2738,0,5,256,59474,,,,0,4,4,4,4,4,4,4,4,4,4,4,4,4,4,4,4,4,4,4,4,4,4,4,4,4,4,4,4,4,4,4,4,100,,,,,,,,,,,,,,,,,,,,,,,,,,,,,,,,,,,,,,,,,,,,,,,3.907844,4.112756,5.134014,2.343432,2.748032,4.844365,2.748434,5.566216,2.480372,2.986618,2.216577,2.237289,8.263114,7.882957,4.51741,1.507703,1.274675,6.274935,2.743225,2.545878,3.160376,3.171401,4.01615,3.226615,2.938941,3.783863,4.58547,6.133134,2.353599,2.815325,2.941772,3.471794,4.629674,2.409176,2.889893,1.3949,1.892094,5.578596,2.741027,3.338008,0.92571,0.803188,3.996055,2.593191,2.824561,1.315305,2.158328,6.487149,4.005198,4.025878,0.684261,2.038433,2.516844,1.396584,2.221455,2.184338,2.788291,6.828862,2.131486,2.897432,1.599421,2.588684,3.734504,1.641824,2.437728,0.840376,1.025183,1.47812,1.218306,1.191221,1.467013,4.67378,4.704665,1.619115,2.348161,3.03811,7.379212,3.818055,3.203785,3.580622,3.604108,4.406222,6.068116,2.623933,3.455425,4.4573,10.445152,5.501347,3.33076,4.998202,2.416918,6.781206,3.056044,2.572455,3.503435,1.959169,3.152605,6.089202,3.256667,3.475446,2.509504,7.352093,11.129985,4.278488,4.261459,3.377936,5.445438,5.875562,3.217237,3.691408,3.449173,3.413076,5.155948,2.51293,2.826067,3.099772,4.415763,5.854455,3.404775,3.569293,3.131186,2.503681,13.301277,6.91362,7.5948,2.737427,2.482106,5.650001,2.877466,2.802589,3.614237,2.092237,5.399515,4.413415,3.229865,4.415333,3.959024,5.541608,3.182827,3.382718,2.135334,1.776551,2.795298,1.311901,1.459135,4.429266,3.375925,6.287089,2.937563,3.287467,3.775246,2.827819,7.487988,5.561258,4.259605,3.282991,1.561896,7.43107,9.32331,3.779728
1764669115.276428,55417,0,4392.94873,4387.94873,4493.589844,4516.794922,4387.94873,4530.512695,4540.897461,4395.512695,4556.025879,4395.769043,4498.077148,4508.333496,4573.077148,4396.666504,4373.461426,4497.692383,4535.769043,4529.230957,4491.282227,4376.282227,4379.102539,4554.743652,4518.717773,4479.487305,4341.025879,4550.769043,4369.871582,4552.94873,4510,4403.077148,4500.384766,4440.769043,2928,0,5,256,59474,,,,0,4,4,4,4,4,4,4,4,4,4,4,4,4,4,4,4,4,4,4,4,4,4,4,4,4,4,4,4,4,4,4,4,100,,,,,,,,,,,,,,,,,,,,,,,,,,,,,,,,,,,13854,0,0.619273,-0.319824,-0.321106,0.641174,1.00061,-0.007325,-0.031254,14.666667,38.166668,-22.5,,,,,,,,,,,,,,,,,,,,,,,,,,,,,,,,,,,,,,,,,,,,,,,,,,,,,,,,,,,,,,,,,,,,,,,,,,,,,,,,,,,,,,,,,,,,,,,,,,,,,,,,,,,,,,,,,,,,,,,,,,,,,,,,,,,,,,,,,,,,,,,,,,,,,,,,,,,,,,,,
1764669115.280334,55418,0,4379.102539,4370.512695,4479.743652,4487.436035,4368.589844,4515.897461,4524.487305,4373.205078,4546.666504,4372.94873,4486.794922,4492.820313,4559.487305,4385.769043,4350.512695,4481.666504,4522.436035,4510.641113,4482.563965,4364.615234,4363.974121,4539.743652,4504.487305,4467.94873,4355.128418,4537.05127,4358.717773,4539.358887,4499.358887,4386.538574,4482.436035,4439.871582,1825,0,5,512,59482,,,,0,4,4,4,4,4,4,4,4,4,4,4,4,4,4,4,4,4,4,4,4,4,4,4,4,4,4,4,4,4,4,4,4,100,,,,,,,,,,,,,,,,,,,,,,,,,,,,,,,,,,,,,,,,,,,,,,,,,,,,,,,,,,,,,,,,,,,,,,,,,,,,,,,,,,,,,,,,,,,,,,,,,,,,,,,,,,,,,,,,,,,,,,,,,,,,,,,,,,,,,,,,,,,,,,,,,,,,,,,,,,,,,,,,,,,,,,,,,,,,,,,,,,,,,,,,,,,,,,,,,,,,,,,,,,,,,,
1764669115.284239,55419,0,4369.358887,4359.615234,4466.410156,4469.230957,4357.563965,4504.487305,4510.897461,4352.05127,4542.820313,4348.461426,4478.077148,4484.615234,4548.846191,4378.589844,4340.384766,4468.717773,4512.692383,4495.641113,4480.512695,4358.846191,4357.94873,4527.94873,4494.358887,4460.641113,4373.589844,4530.897461,4349.871582,4527.692383,4489.358887,4367.436035,4467.05127,4451.025879,2466,0,5,512,59482,,,,0,4,4,4,4,4,4,4,4,4,4,4,4,4,4,4,4,4,4,4,4,4,4,4,4,4,4,4,4,4,4,4,4,100,,,,,,,,,,,,,,,,,,,,,,,,,,,,,,,,,,,,,,,,,,,,,,,,,,,,,,,,,,,,,,,,,,,,,,,,,,,,,,,,,,,,,,,,,,,,,,,,,,,,,,,,,,,,,,,,,,,,,,,,,,,,,,,,,,,,,,,,,,,,,,,,,,,,,,,,,,,,,,,,,,,,,,,,,,,,,,,,,,,,,,,,,,,,,,,,,,,,,,,,,,,,,,
1764669115.288145,55420,0,4370.384766,4362.563965,4459.871582,4474.358887,4363.461426,4503.846191,4509.615234,4345.641113,4548.974121,4338.461426,4477.563965,4487.692383,4548.333496,4380.512695,4348.717773,4465.641113,4513.333496,4495.128418,4487.820313,4364.230957,4366.282227,4527.563965,4496.410156,4463.974121,4399.102539,4538.077148,4349.615234,4525.128418,4485.897461,4355.512695,4465.256348,4472.05127,2662,0,5,768,59490,,,,0,4,4,4,4,4,4,4,4,4,4,4,4,4,4,4,4,4,4,4,4,4,4,4,4,4,4,4,4,4,4,4,4,100,,,,,,,,,,,,,,,,,,,,,,,,,,,,,,,,,,,,,,,,,,,,,,,,,,,,,,,,,,,,,,,,,,,,,,,,,,,,,,,,,,,,,,,,,,,,,,,,,,,,,,,,,,,,,,,,,,,,,,,,,,,,,,,,,,,,,,,,,,,,,,,,,,,,,,,,,,,,,,,,,,,,,,,,,,,,,,,,,,,,,,,,,,,,,,,,,,,,,,,,,,,,,,
1764669115.292051,55421,0,4381.666504,4377.436035,4464.871582,4499.615234,4383.077148,4513.717773,4521.025879,4356.538574,4562.692383,4352.436035,4485.769043,4498.333496,4558.589844,4390.384766,4369.102539,4473.205078,4524.871582,4509.358887,4500.384766,4377.563965,4385.128418,4540.512695,4510.897461,4478.461426,4425.256348,4556.410156,4359.358887,4533.846191,4491.282227,4355.512695,4479.871582,4494.615234,2511,0,5,768,59490,,,,0,4,4,4,4,4,4,4,4,4,4,4,4,4,4,4,4,4,4,4,4,4,4,4,4,4,4,4,4,4,4,4,4,100,,,,,,,,,,,,,,,,,,,,,,,,,,,,,,,,,,,13855,0,0.618479,-0.320923,-0.322754,0.640564,0.99475,-0.01172,-0.029789,15.166667,38.833332,-23.5,,,,,,,,,,,,,,,,,,,,,,,,,,,,,,,,,,,,,,,,,,,,,,,,,,,,,,,,,,,,,,,,,,,,,,,,,,,,,,,,,,,,,,,,,,,,,,,,,,,,,,,,,,,,,,,,,,,,,,,,,,,,,,,,,,,,,,,,,,,,,,,,,,,,,,,,,,,,,,,,
1764669115.295957,55422,0,4396.922852,4394.871582,4481.410156,4529.102539,4404.358887,4527.563965,4537.179688,4377.05127,4577.05127,4385.769043,4497.692383,4509.487305,4573.205078,4402.179688,4388.461426,4485.769043,4541.410156,4528.461426,4510.384766,4391.025879,4403.589844,4560.256348,4530.128418,4497.05127,4438.717773,4577.307617,4375.256348,4549.230957,4502.563965,4366.025879,4502.563965,4506.410156,2766,0,5,1024,59498,,,,0,4,4,4,4,4,4,4,4,4,4,4,4,4,4,4,4,4,4,4,4,4,4,4,4,4,4,4,4,4,4,4,4,100,,,,,,,,,,,,,,,,,,,,,,,,,,,,,,,,,,,,,,,,,,,,,,,,,,,,,,,,,,,,,,,,,,,,,,,,,,,,,,,,,,,,,,,,,,,,,,,,,,,,,,,,,,,,,,,,,,,,,,,,,,,,,,,,,,,,,,,,,,,,,,,,,,,,,,,,,,,,,,,,,,,,,,,,,,,,,,,,,,,,,,,,,,,,,,,,,,,,,,,,,,,,,,
1764669115.299862,55423,0,4407.307617,4404.615234,4501.922852,4545.128418,4415.641113,4537.179688,4548.461426,4394.358887,4584.487305,4420.769043,4506.410156,4515.128418,4583.846191,4408.846191,4396.538574,4496.025879,4554.358887,4540.641113,4512.436035,4397.436035,4410.897461,4575.384766,4543.205078,4509.230957,4430.256348,4590.384766,4389.230957,4563.077148,4513.589844,4380.769043,4518.846191,4497.179688,2778,0,5,1024,59498,,,,0,4,4,4,4,4,4,4,4,4,4,4,4,4,4,4,4,4,4,4,4,4,4,4,4,4,4,4,4,4,4,4,4,100,,,,,,,,,,,,,,,,,,,,,,,,,,,,,,,,,,,,,,,,,,,,,,,,,,,,,,,,,,,,,,,,,,,,,,,,,,,,,,,,,,,,,,,,,,,,,,,,,,,,,,,,,,,,,,,,,,,,,,,,,,,,,,,,,,,,,,,,,,,,,,,,,,,,,,,,,,,,,,,,,,,,,,,,,,,,,,,,,,,,,,,,,,,,,,,,,,,,,,,,,,,,,,
1764669115.303768,55424,0,4406.538574,4401.025879,4514.871582,4539.487305,4411.282227,4537.05127,4548.846191,4398.333496,4581.025879,4436.538574,4507.179688,4512.94873,4584.358887,4407.05127,4391.282227,4499.230957,4557.307617,4540.897461,4507.307617,4394.615234,4403.589844,4577.307617,4542.307617,4507.563965,4402.05127,4589.615234,4392.820313,4567.179688,4517.563965,4391.794922,4516.666504,4466.025879,2864,0,5,1280,59506,,,,0,4,4,4,4,4,4,4,4,4,4,4,4,4,4,4,4,4,4,4,4,4,4,4,4,4,4,4,4,4,4,4,4,100,,,,,,,,,,,,,,,,,,,,,,,,,,,,,,,,,,,,,,,,,,,,,,,,,,,,,,,,,,,,,,,,,,,,,,,,,,,,,,,,,,,,,,,,,,,,,,,,,,,,,,,,,,,,,,,,,,,,,,,,,,,,,,,,,,,,,,,,,,,,,,,,,,,,,,,,,,,,,,,,,,,,,,,,,,,,,,,,,,,,,,,,,,,,,,,,,,,,,,,,,,,,,,
1764669115.307674,55425,0,4394.102539,4385.512695,4512.307617,4516.794922,4393.461426,4526.153809,4539.358887,4386.794922,4568.205078,4423.846191,4499.358887,4503.846191,4574.743652,4398.333496,4378.974121,4495.641113,4548.717773,4532.563965,4500.128418,4384.871582,4386.153809,4565.128418,4527.436035,4491.666504,4364.615234,4575.769043,4382.820313,4558.461426,4511.282227,4392.692383,4494.871582,4425.256348,2946,0,5,1280,59506,,,,0,4,4,4,4,4,4,4,4,4,4,4,4,4,4,4,4,4,4,4,4,4,4,4,4,4,4,4,4,4,4,4,4,100,,,,,,,,,,,,,,,,,,,,,,,,,,,,,,,,,,,13856,0,0.617804,-0.321899,-0.324402,0.639893,0.981565,-0.02344,-0.03223,17.333334,40.333332,-22.666666,,,,,,,,,,,,,,,,,,,,,,,,,,,,,,,,,,,,,,,,,,,,,,,,,,,,,,,,,,,,,,,,,,,,,,,,,,,,,,,,,,,,,,,,,,,,,,,,,,,,,,,,,,,,,,,,,,,,,,,,,,,,,,,,,,,,,,,,,,,,,,,,,,,,,,,,,,,,,,,,
1764669115.311580,55426,0,4375.512695,4364.743652,4496.282227,4489.871582,4370.512695,4508.717773,4524.871582,4366.153809,4551.922852,4391.025879,4486.666504,4491.538574,4560.128418,4387.436035,4367.94873,4488.461426,4532.436035,4522.436035,4495,4373.717773,4367.436035,4546.794922,4505.897461,4469.102539,4330.769043,4556.025879,4363.589844,4540.384766,4496.794922,4381.794922,4464.615234,4395.384766,2735,0,5,1536,59513,,,,0,4,4,4,4,4,4,4,4,4,4,4,4,4,4,4,4,4,4,4,4,4,4,4,4,4,4,4,4,4,4,4,4,100,,,,,,,,,,,,,,,,,,,,,,,,,,,,,,,,,,,,,,,,,,,,,,,,,,,,,,,,,,,,,,,,,,,,,,,,,,,,,,,,,,,,,,,,,,,,,,,,,,,,,,,,,,,,,,,,,,,,,,,,,,,,,,,,,,,,,,,,,,,,,,,,,,,,,,,,,,,,,,,,,,,,,,,,,,,,,,,,,,,,,,,,,,,,,,,,,,,,,,,,,,,,,,
1764669115.315486,55427,0,4358.333496,4346.282227,4476.410156,4471.410156,4352.05127,4491.538574,4510.769043,4346.794922,4539.358887,4357.94873,4475,4479.743652,4546.666504,4378.589844,4362.692383,4481.794922,4515.512695,4515.384766,4492.436035,4365.897461,4354.743652,4531.922852,4487.05127,4450.256348,4310.769043,4538.846191,4344.102539,4520.769043,4480.384766,4362.563965,4443.077148,4392.179688,2903,0,5,1536,59513,,,,0,4,4,4,4,4,4,4,4,4,4,4,4,4,4,4,4,4,4,4,4,4,4,4,4,4,4,4,4,4,4,4,4,100,,,,,,,,,,,,,,,,,,,,,,,,,,,,,,,,,,,,,,,,,,,,,,,,,,,,,,,,,,,,,,,,,,,,,,,,,,,,,,,,,,,,,,,,,,,,,,,,,,,,,,,,,,,,,,,,,,,,,,,,,,,,,,,,,,,,,,,,,,,,,,,,,,,,,,,,,,,,,,,,,,,,,,,,,,,,,,,,,,,,,,,,,,,,,,,,,,,,,,,,,,,,,,
1764669115.319391,55428,0,4348.077148,4335,4461.538574,4465.769043,4345.128418,4480.384766,4500.128418,4336.282227,4533.205078,4341.794922,4468.205078,4471.538574,4538.717773,4373.974121,4362.307617,4478.333496,4503.589844,4513.077148,4491.538574,4363.205078,4350.384766,4525,4476.922852,4442.179688,4308.461426,4529.358887,4332.05127,4506.666504,4468.589844,4342.563965,4442.179688,4415.512695,2780,0,5,1792,59521,,,,0,4,4,4,4,4,4,4,4,4,4,4,4,4,4,4,4,4,4,4,4,4,4,4,4,4,4,4,4,4,4,4,4,100,,,,,,,,,,,,,,,,,,,,,,,,,,,,,,,,,,,,,,,,,,,,,,,,,,,,,,,,,,,,,,,,,,,,,,,,,,,,,,,,,,,,,,,,,,,,,,,,,,,,,,,,,,,,,,,,,,,,,,,,,,,,,,,,,,,,,,,,,,,,,,,,,,,,,,,,,,,,,,,,,,,,,,,,,,,,,,,,,,,,,,,,,,,,,,,,,,,,,,,,,,,,,,
1764669115.323297,55429,0,4345.897461,4331.922852,4454.615234,4468.717773,4350.384766,4477.436035,4494.102539,4335.641113,4531.025879,4345.384766,4467.820313,4468.974121,4537.563965,4373.589844,4363.589844,4479.487305,4499.358887,4515.128418,4492.179688,4363.974121,4352.692383,4525,4476.410156,4445,4321.410156,4527.307617,4329.743652,4501.410156,4464.871582,4329.230957,4460.897461,4451.153809,2869,0,5,1792,59521,,,,0,4,4,4,4,4,4,4,4,4,4,4,4,4,4,4,4,4,4,4,4,4,4,4,4,4,4,4,4,4,4,4,4,100,,,,,,,,,,,,,,,,,,,,,,,,,,,,,,,,,,,13857,0,0.616849,-0.323425,-0.327454,0.638489,0.995727,-0.01465,-0.020999,16.833334,39.166668,-22.666666,,,,,,,,,,,,,,,,,,,,,,,,,,,,,,,,,,,,,,,,,,,,,,,,,,,,,,,,,,,,,,,,,,,,,,,,,,,,,,,,,,,,,,,,,,,,,,,,,,,,,,,,,,,,,,,,,,,,,,,,,,,,,,,,,,,,,,,,,,,,,,,,,,,,,,,,,,,,,,,,
1764669115.327203,55430,0,4350,4335.384766,4453.974121,4473.333496,4362.563965,4481.794922,4492.94873,4341.282227,4529.743652,4358.846191,4472.820313,4472.94873,4542.05127,4376.666504,4365,4485.256348,4502.563965,4520.256348,4495.384766,4365.897461,4358.589844,4528.846191,4482.307617,4453.717773,4342.05127,4530.256348,4334.743652,4504.615234,4468.974121,4326.666504,4486.794922,4480.512695,2859,0,5,2048,59529,,,,0,4,4,4,4,4,4,4,4,4,4,4,4,4,4,4,4,4,4,4,4,4,4,4,4,4,4,4,4,4,4,4,4,100,,,,,,,,,,,,,,,,,,,,,,,,,,,,,,,,,,,,,,,,,,,,,,,,,,,,,,,,,,,,,,,,,,,,,,,,,,,,,,,,,,,,,,,,,,,,,,,,,,,,,,,,,,,,,,,,,,,,,,,,,,,,,,,,,,,,,,,,,,,,,,,,,,,,,,,,,,,,,,,,,,,,,,,,,,,,,,,,,,,,,,,,,,,,,,,,,,,,,,,,,,,,,,
1764669115.331109,55431,0,4357.94873,4342.692383,4457.05127,4477.05127,4373.077148,4490,4497.05127,4348.589844,4529.102539,4369.102539,4481.282227,4482.692383,4549.358887,4382.692383,4366.922852,4493.333496,4510.384766,4526.410156,4500.256348,4367.820313,4365.384766,4534.102539,4490.512695,4461.794922,4361.410156,4535.384766,4342.563965,4512.820313,4477.307617,4333.717773,4504.871582,4491.538574,3036,0,5,2048,59529,,,,0,4,4,4,4,4,4,4,4,4,4,4,4,4,4,4,4,4,4,4,4,4,4,4,4,4,4,4,4,4,4,4,4,100,,,,,,,,,,,,,,,,,,,,,,,,,,,,,,,,,,,,,,,,,,,,,,,,,,,,,,,,,,,,,,,,,,,,,,,,,,,,,,,,,,,,,,,,,,,,,,,,,,,,,,,,,,,,,,,,,,,,,,,,,,,,,,,,,,,,,,,,,,,,,,,,,,,,,,,,,,,,,,,,,,,,,,,,,,,,,,,,,,,,,,,,,,,,,,,,,,,,,,,,,,,,,,
1764669115.335014,55432,0,4366.666504,4350.641113,4461.666504,4481.538574,4374.743652,4498.077148,4504.358887,4354.743652,4531.410156,4369.871582,4489.871582,4494.230957,4556.282227,4390.384766,4369.743652,4500,4518.717773,4530.256348,4503.461426,4369.743652,4371.153809,4538.589844,4496.922852,4464.487305,4372.436035,4540.256348,4349.358887,4521.282227,4485.512695,4344.615234,4506.922852,4482.94873,2950,0,5,2304,59537,,,,0,4,4,4,4,4,4,4,4,4,4,4,4,4,4,4,4,4,4,4,4,4,4,4,4,4,4,4,4,4,4,4,4,100,,,,,,,,,,,,,,,,,,,,,,,,,,,,,,,,,,,,,,,,,,,,,,,,,,,,,,,,,,,,,,,,,,,,,,,,,,,,,,,,,,,,,,,,,,,,,,,,,,,,,,,,,,,,,,,,,,,,,,,,,,,,,,,,,,,,,,,,,,,,,,,,,,,,,,,,,,,,,,,,,,,,,,,,,,,,,,,,,,,,,,,,,,,,,,,,,,,,,,,,,,,,,,
1764669115.338920,55433,0,4373.205078,4356.410156,4466.282227,4488.974121,4367.307617,4502.94873,4511.538574,4359.615234,4538.461426,4363.717773,4495.256348,4502.307617,4559.871582,4397.436035,4372.820313,4502.05127,4523.461426,4529.230957,4501.922852,4371.025879,4374.871582,4540.769043,4499.102539,4461.410156,4373.461426,4542.94873,4353.077148,4525.641113,4490,4352.179688,4495.897461,4463.205078,2820,0,5,2304,59537,,,,0,4,4,4,4,4,4,4,4,4,4,4,4,4,4,4,4,4,4,4,4,4,4,4,4,4,4,4,4,4,4,4,4,100,,,,,,,,,,,,,,,,,,,,,,,,,,,,,,,,,,,13858,0,0.616321,-0.324036,-0.328674,0.638062,1.000122,-0.025394,-0.017092,15.666667,40,-23.5,,,,,,,,,,,,,,,,,,,,,,,,,,,,,,,,,,,,,,,,,,,,,,,,,,,,,,,,,,,,,,,,,,,,,,,,,,,,,,,,,,,,,,,,,,,,,,,,,,,,,,,,,,,,,,,,,,,,,,,,,,,,,,,,,,,,,,,,,,,,,,,,,,,,,,,,,,,,,,,,
1764669115.342826,55434,0,4376.666504,4359.358887,4471.410156,4500.256348,4359.358887,4504.230957,4516.666504,4365,4550.384766,4358.974121,4496.666504,4505.256348,4560.128418,4402.179688,4376.153809,4499.615234,4524.358887,4524.615234,4496.410156,4371.153809,4376.666504,4540.641113,4497.94873,4456.153809,4367.563965,4543.589844,4354.871582,4525.641113,4490.897461,4353.589844,4482.692383,4445.769043,2476,0,5,2560,59545,,,,0,4,4,4,4,4,4,4,4,4,4,4,4,4,4,4,4,4,4,4,4,4,4,4,4,4,4,4,4,4,4,4,4,100,,,,,,,,,,,,,,,,,,,,,,,,,,,,,,,,,,,,,,,,,,,,,,,,,,,,,,,,,,,,,,,,,,,,,,,,,,,,,,,,,,,,,,,,,,,,,,,,,,,,,,,,,,,,,,,,,,,,,,,,,,,,,,,,,,,,,,,,,,,,,,,,,,,,,,,,,,,,,,,,,,,,,,,,,,,,,,,,,,,,,,,,,,,,,,,,,,,,,,,,,,,,,,
1764669115.346732,55435,0,4378.846191,4361.666504,4478.589844,4515,4362.307617,4505.769043,4520.897461,4372.94873,4565.256348,4363.205078,4496.794922,4506.153809,4560.512695,4404.615234,4379.615234,4496.666504,4524.487305,4521.410156,4491.922852,4371.282227,4378.846191,4540.897461,4497.05127,4453.974121,4360.256348,4544.487305,4356.538574,4525,4491.025879,4352.563965,4478.974121,4440.256348,2771,0,5,2560,59545,,,,0,4,4,4,4,4,4,4,4,4,4,4,4,4,4,4,4,4,4,4,4,4,4,4,4,4,4,4,4,4,4,4,4,100,,,,,,,,,,,,,,,,,,,,,,,,,,,,,,,,,,,,,,,,,,,,,,,,,,,,,,,,,,,,,,,,,,,,,,,,,,,,,,,,,,,,,,,,,,,,,,,,,,,,,,,,,,,,,,,,,,,,,,,,,,,,,,,,,,,,,,,,,,,,,,,,,,,,,,,,,,,,,,,,,,,,,,,,,,,,,,,,,,,,,,,,,,,,,,,,,,,,,,,,,,,,,,
1764669115.350638,55436,0,4381.922852,4365.384766,4488.717773,4530.769043,4379.871582,4510.641113,4526.025879,4382.94873,4579.487305,4376.794922,4498.589844,4509.487305,4564.230957,4406.538574,4383.589844,4496.538574,4527.563965,4524.358887,4493.461426,4373.717773,4383.333496,4544.358887,4499.871582,4457.820313,4355.897461,4547.820313,4358.974121,4527.563965,4492.94873,4355.256348,4487.307617,4445.769043,2523,0,5,1536,59552,,,,0,4,4,4,4,4,4,4,4,4,4,4,4,4,4,4,4,4,4,4,4,4,4,4,4,4,4,4,4,4,4,4,4,100,,,,,,,,,,,,,,,,,,,,,,,,,,,,,,,,,,,,,,,,,,,,,,,,,,,,,,,,,,,,,,,,,,,,,,,,,,,,,,,,,,,,,,,,,,,,,,,,,,,,,,,,,,,,,,,,,,,,,,,,,,,,,,,,,,,,,,,,,,,,,,,,,,,,,,,,,,,,,,,,,,,,,,,,,,,,,,,,,,,,,,,,,,,,,,,,,,,,,,,,,,,,,,
1764669115.354543,55437,0,4385.769043,4369.743652,4499.102539,4543.205078,4402.436035,4517.692383,4531.153809,4390.384766,4588.461426,4392.563965,4501.794922,4515.769043,4570.512695,4408.461426,4386.666504,4498.846191,4533.589844,4532.307617,4501.025879,4379.230957,4390,4550.641113,4505.128418,4465.128418,4355.512695,4551.922852,4360,4532.94873,4495.897461,4362.05127,4498.846191,4452.307617,2279,0,5,1536,59552,,,,0,4,4,4,4,4,4,4,4,4,4,4,4,4,4,4,4,4,4,4,4,4,4,4,4,4,4,4,4,4,4,4,4,100,,,,,,,,,,,,,,,,,,,,,,,,,,,,,,,,,,,13859,0,0.615757,-0.324707,-0.329895,0.637634,1.000122,-0.025394,-0.017092,15.5,41,-22.5,,,,,,,,,,,,,,,,,,,,,,,,,,,,,,,,,,,,,,,,,,,,,,,,,,,,,,,,,,,,,,,,,,,,,,,,,,,,,,,,,,,,,,,,,,,,,,,,,,,,,,,,,,,,,,,,,,,,,,,,,,,,,,,,,,,,,,,,,,,,,,,,,,,,,,,,,,,,,,,,
1764669115.358449,55438,0,4387.05127,4371.538574,4503.974121,4547.563965,4413.077148,4521.666504,4533.461426,4389.871582,4588.846191,4402.307617,4503.717773,4520.512695,4574.871582,4408.974121,4387.179688,4500.256348,4538.589844,4539.743652,4508.846191,4384.871582,4395.512695,4555.384766,4508.333496,4471.153809,4356.538574,4552.563965,4357.179688,4536.410156,4496.794922,4367.05127,4500.384766,4449.230957,2785,0,5,1280,59560,,,,0,4,4,4,4,4,4,4,4,4,4,4,4,4,4,4,4,4,4,4,4,4,4,4,4,4,4,4,4,4,4,4,4,100,,,,,,,,,,,,,,,,,,,,,,,,,,,,,,,,,,,,,,,,,,,,,,,,,,,,,,,,,,,,,,,,,,,,,,,,,,,,,,,,,,,,,,,,,,,,,,,,,,,,,,,,,,,,,,,,,,,,,,,,,,,,,,,,,,,,,,,,,,,,,,,,,,,,,,,,,,,,,,,,,,,,,,,,,,,,,,,,,,,,,,,,,,,,,,,,,,,,,,,,,,,,,,
1764669115.362355,55439,0,4382.94873,4369.102539,4499.615234,4541.922852,4402.179688,4518.205078,4530.128418,4380.641113,4581.794922,4404.358887,4502.179688,4518.077148,4573.333496,4406.153809,4384.487305,4498.461426,4538.333496,4540.769043,4510.769043,4385.512695,4394.615234,4554.615234,4505.256348,4471.794922,4356.025879,4547.692383,4349.871582,4533.846191,4493.717773,4363.717773,4486.410156,4433.974121,2490,0,5,1280,59560,,,,0,4,4,4,4,4,4,4,4,4,4,4,4,4,4,4,4,4,4,4,4,4,4,4,4,4,4,4,4,4,4,4,4,100,,,,,,,,,,,,,,,,,,,,,,,,,,,,,,,,,,,,,,,,,,,,,,,,,,,,,,,,,,,,,,,,,,,,,,,,,,,,,,,,,,,,,,,,,,,,,,,,,,,,,,,,,,,,,,,,,,,,,,,,,,,,,,,,,,,,,,,,,,,,,,,,,,,,,,,,,,,,,,,,,,,,,,,,,,,,,,,,,,,,,,,,,,,,,,,,,,,,,,,,,,,,,,
1764669115.366261,55440,0,4373.077148,4363.077148,4486.666504,4528.589844,4376.282227,4507.820313,4521.025879,4367.820313,4571.922852,4402.05127,4496.666504,4507.179688,4565.128418,4399.487305,4379.230957,4493.333496,4530.641113,4533.461426,4503.974121,4377.563965,4384.230957,4546.922852,4495.512695,4466.666504,4352.436035,4538.461426,4340,4524.487305,4487.563965,4351.666504,4463.205078,4411.666504,2943,0,5,1536,59568,,,,0,4,4,4,4,4,4,4,4,4,4,4,4,4,4,4,4,4,4,4,4,4,4,4,4,4,4,4,4,4,4,4,4,100,,,,,,,,,,,,,,,,,,,,,,,,,,,,,,,,,,,,,,,,,,,,,,,,,,,,,,,,,,,,,,,,,,,,,,,,,,,,,,,,,,,,,,,,,,,,,,,,,,,,,,,,,,,,,,,,,,,,,,,,,,,,,,,,,,,,,,,,,,,,,,,,,,,,,,,,,,,,,,,,,,,,,,,,,,,,,,,,,,,,,,,,,,,,,,,,,,,,,,,,,,,,,,
1764669115.370166,55441,0,4360.128418,4355.384766,4470.256348,4512.307617,4352.563965,4494.871582,4508.974121,4358.205078,4563.205078,4396.922852,4489.358887,4491.538574,4552.692383,4389.743652,4372.05127,4486.025879,4517.563965,4520,4491.025879,4362.05127,4366.410156,4534.743652,4482.307617,4457.436035,4347.820313,4528.717773,4329.743652,4511.153809,4480.769043,4336.410156,4442.436035,4389.358887,3004,0,5,1536,59568,,,,0,4,4,4,4,4,4,4,4,4,4,4,4,4,4,4,4,4,4,4,4,4,4,4,4,4,4,4,4,4,4,4,4,100,,,,,,,,,,,,,,,,,,,,,,,,,,,,,,,,,,,13860,0,0.615127,-0.325378,-0.331116,0.637268,1.009889,-0.021975,-0.027347,16.333334,38.5,-24.166666,,,,,,,,,,,,,,,,,,,,,,,,,,,,,,,,,,,,,,,,,,,,,,,,,,,,,,,,,,,,,,,,,,,,,,,,,,,,,,,,,,,,,,,,,,,,,,,,,,,,,,,,,,,,,,,,,,,,,,,,,,,,,,,,,,,,,,,,,,,,,,,,,,,,,,,,,,,,,,,,
1764669115.374072,55442,0,4348.333496,4348.589844,4456.922852,4498.589844,4346.025879,4485.128418,4498.589844,4355.769043,4557.179688,4386.538574,4483.205078,4478.077148,4540.128418,4379.615234,4363.589844,4477.94873,4504.102539,4505.384766,4478.077148,4345.897461,4348.717773,4523.205078,4470.897461,4448.205078,4346.282227,4523.077148,4321.025879,4498.589844,4475.769043,4326.538574,4432.94873,4373.974121,1820,0,5,1792,59576,,,,0,4,4,4,4,4,4,4,4,4,4,4,4,4,4,4,4,4,4,4,4,4,4,4,4,4,4,4,4,4,4,4,4,100,,,,,,,,,,,,,,,,,,,,,,,,,,,,,,,,,,,,,,,,,,,,,,,,,,,,,,,,,,,,,,,,,,,,,,,,,,,,,,,,,,,,,,,,,,,,,,,,,,,,,,,,,,,,,,,,,,,,,,,,,,,,,,,,,,,,,,,,,,,,,,,,,,,,,,,,,,,,,,,,,,,,,,,,,,,,,,,,,,,,,,,,,,,,,,,,,,,,,,,,,,,,,,
1764669115.377978,55443,0,4342.820313,4345.641113,4452.05127,4492.563965,4358.589844,4482.94873,4494.871582,4359.871582,4554.358887,4371.153809,4481.282227,4472.94873,4531.538574,4373.205078,4355.256348,4470.641113,4496.153809,4495.256348,4470.769043,4338.077148,4340,4517.94873,4466.410156,4443.974121,4350.512695,4524.743652,4316.794922,4492.94873,4474.230957,4328.077148,4436.538574,4372.692383,2810,0,5,1792,59576,,,,0,4,4,4,4,4,4,4,4,4,4,4,4,4,4,4,4,4,4,4,4,4,4,4,4,4,4,4,4,4,4,4,4,100,,,,,,,,,,,,,,,,,,,,,,,,,,,,,,,,,,,,,,,,,,,,,,,,,,,,,,,,,,,,,,,,,,,,,,,,,,,,,,,,,,,,,,,,,,,,,,,,,,,,,,,,,,,,,,,,,,,,,,,,,,,,,,,,,,,,,,,,,,,,,,,,,,,,,,,,,,,,,,,,,,,,,,,,,,,,,,,,,,,,,,,,,,,,,,,,,,,,,,,,,,,,,,
1764669115.381884,55444,0,4346.538574,4348.461426,4457.94873,4496.538574,4380.512695,4489.487305,4499.230957,4367.307617,4555.384766,4357.05127,4484.487305,4476.922852,4529.871582,4373.717773,4349.871582,4466.153809,4497.307617,4492.820313,4470.769043,4343.077148,4344.230957,4521.282227,4471.025879,4448.333496,4358.333496,4533.589844,4320.769043,4497.94873,4476.794922,4341.538574,4448.974121,4389.743652,2647,0,5,2048,59584,,,,0,4,4,4,4,4,4,4,4,4,4,4,4,4,4,4,4,4,4,4,4,4,4,4,4,4,4,4,4,4,4,4,4,100,,,,,,,,,,,,,,,,,,,,,,,,,,,,,,,,,,,,,,,,,,,,,,,,,,,,,,,,,,,,,,,,,,,,,,,,,,,,,,,,,,,,,,,,,,,,,,,,,,,,,,,,,,,,,,,,,,,,,,,,,,,,,,,,,,,,,,,,,,,,,,,,,,,,,,,,,,,,,,,,,,,,,,,,,,,,,,,,,,,,,,,,,,,,,,,,,,,,,,,,,,,,,,
1764669115.385789,55445,0,4357.307617,4355.512695,4470.897461,4507.563965,4397.436035,4500.384766,4508.461426,4373.589844,4560.128418,4352.179688,4490,4485.641113,4534.871582,4381.153809,4350.128418,4464.358887,4505.128418,4495.769043,4475,4357.563965,4356.538574,4530.128418,4481.153809,4459.358887,4363.717773,4544.615234,4332.692383,4510.897461,4482.307617,4359.871582,4462.820313,4421.025879,2858,0,5,2048,59584,,,,0,4,4,4,4,4,4,4,4,4,4,4,4,4,4,4,4,4,4,4,4,4,4,4,4,4,4,4,4,4,4,4,4,100,,,,,,,,,,,,,,,,,,,,,,,,,,,,,,,,,,,13861,0,0.614592,-0.325928,-0.332153,0.636963,1.007936,-0.022952,-0.037114,15.833333,39.833332,-22.5,,,,,,,,,,,,,,,,,,,,,,,,,,,,,,,,,,,,,,,,,,,,,,,,,,,,,,,,,,,,,,,,,,,,,,,,,,,,,,,,,,,,,,,,,,,,,,,,,,,,,,,,,,,,,,,,,,,,,,,,,,,,,,,,,,,,,,,,,,,,,,,,,,,,,,,,,,,,,,,,
1764669115.389695,55446,0,4367.563965,4361.794922,4482.563965,4517.307617,4399.871582,4508.589844,4516.282227,4375.512695,4565.641113,4356.794922,4492.94873,4491.922852,4542.820313,4390.128418,4354.871582,4463.717773,4512.820313,4498.717773,4478.205078,4371.538574,4367.179688,4536.538574,4489.358887,4469.487305,4360.769043,4550.641113,4346.922852,4523.077148,4487.179688,4372.307617,4470.384766,4452.820313,2987,0,5,1280,59592,,,,0,4,4,4,4,4,4,4,4,4,4,4,4,4,4,4,4,4,4,4,4,4,4,4,4,4,4,4,4,4,4,4,4,100,,,,,,,,,,,,,,,,,,,,,,,,,,,,,,,,,,,,,,,,,,,,,,,,,,,,,,,,,,,,,,,,,,,,,,,,,,,,,,,,,,,,,,,,,,,,,,,,,,,,,,,,,,,,,,,,,,,,,,,,,,,,,,,,,,,,,,,,,,,,,,,,,,,,,,,,,,,,,,,,,,,,,,,,,,,,,,,,,,,,,,,,,,,,,,,,,,,,,,,,,,,,,,
1764669115.393601,55447,0,4369.102539,4362.307617,4485.128418,4517.436035,4388.974121,4508.333496,4517.563965,4370.897461,4566.666504,4362.820313,4490.256348,4491.153809,4548.589844,4394.230957,4359.871582,4462.05127,4513.974121,4497.563965,4477.436035,4375.769043,4368.205078,4534.615234,4489.102539,4470.897461,4349.871582,4547.179688,4354.230957,4525.384766,4487.692383,4370.769043,4468.205078,4469.871582,2901,0,5,1280,59592,,,,0,4,4,4,4,4,4,4,4,4,4,4,4,4,4,4,4,4,4,4,4,4,4,4,4,4,4,4,4,4,4,4,4,100,,,,,,,,,,,,,,,,,,,,,,,,,,,,,,,,,,,,,,,,,,,,,,,,,,,,,,,,,,,,,,,,,,,,,,,,,,,,,,,,,,,,,,,,,,,,,,,,,,,,,,,,,,,,,,,,,,,,,,,,,,,,,,,,,,,,,,,,,,,,,,,,,,,,,,,,,,,,,,,,,,,,,,,,,,,,,,,,,,,,,,,,,,,,,,,,,,,,,,,,,,,,,,
1764669115.397507,55448,0,4360,4355.769043,4478.077148,4507.05127,4373.846191,4499.487305,4512.05127,4361.025879,4561.025879,4363.589844,4483.205078,4483.974121,4549.615234,4391.153809,4360.897461,4459.102539,4507.563965,4492.436035,4473.974121,4367.820313,4360.384766,4524.743652,4480,4461.794922,4338.333496,4536.153809,4350.384766,4515.641113,4482.820313,4356.153809,4458.846191,4465.897461,2773,0,5,768,59599,,,,0,4,4,4,4,4,4,4,4,4,4,4,4,4,4,4,4,4,4,4,4,4,4,4,4,4,4,4,4,4,4,4,4,100,,,,,,,,,,,,,,,,,,,,,,,,,,,,,,,,,,,,,,,,,,,,,,,3.84532,4.590405,5.407387,2.422673,3.116007,4.461205,3.047777,5.458745,2.438441,3.368499,2.216215,2.11336,8.116313,8.763649,5.140584,1.879425,1.417155,5.735282,2.873778,2.91851,3.087733,3.35859,3.925039,2.933107,3.383971,3.440417,5.195273,6.43354,2.349415,3.187849,2.391548,3.243582,4.578784,2.355838,3.190562,1.50076,2.188054,5.233448,2.667114,3.776524,0.825389,0.857952,3.564679,2.73226,3.167501,1.041653,2.045822,4.940287,3.815203,4.383847,0.738701,2.308653,2.53897,1.372227,2.476399,1.951468,3.460338,6.877111,1.989247,3.304135,1.29432,2.417337,3.742206,1.608118,2.713519,0.832913,0.911436,1.509873,1.255786,1.378268,1.258926,5.012325,4.429258,1.448217,2.597439,2.472353,7.337901,3.653164,3.461914,3.633495,2.99561,4.332775,6.105814,2.570697,3.883526,4.030506,10.567066,6.167584,3.324523,5.090501,2.152286,6.795781,3.798506,2.46146,3.590277,1.858364,3.649451,6.703615,3.320447,3.846706,2.167879,7.528578,11.174615,4.453534,4.696159,2.860088,4.963032,6.184149,3.111604,4.113198,3.033503,3.177072,5.15227,2.558666,3.212752,2.867816,4.370422,6.296048,3.274518,4.075498,2.825505,3.771712,12.322433,9.164448,8.857116,2.473735,2.840532,5.693204,2.900048,3.151539,3.591583,2.038754,5.798607,4.374055,3.622918,4.206364,3.857238,5.859889,3.10144,3.83619,2.033148,2.060218,2.975182,1.288504,1.600097,4.510691,3.70016,6.650533,3.030976,3.715881,3.922645,3.405838,7.49617,5.44989,4.675558,3.10038,1.663738,7.498316,10.47881,4.019233
1764669115.401413,55449,0,4346.666504,4346.153809,4468.461426,4493.461426,4363.846191,4488.077148,4503.974121,4349.743652,4552.820313,4361.538574,4476.922852,4476.153809,4547.436035,4384.102539,4357.692383,4457.307617,4498.717773,4487.692383,4471.025879,4354.102539,4351.538574,4514.743652,4468.589844,4448.974121,4335.512695,4525.384766,4338.974121,4501.538574,4475.897461,4337.692383,4450.128418,4449.743652,2943,0,5,768,59599,,,,0,4,4,4,4,4,4,4,4,4,4,4,4,4,4,4,4,4,4,4,4,4,4,4,4,4,4,4,4,4,4,4,4,100,,,,,,,,,,,,,,,,,,,,,,,,,,,,,,,,,,,13862,0,0.613108,-0.327026,-0.334045,0.636841,0.993285,-0.036137,-0.041997,17.333334,37.166668,-21.833334,,,,,,,,,,,,,,,,,,,,,,,,,,,,,,,,,,,,,,,,,,,,,,,,,,,,,,,,,,,,,,,,,,,,,,,,,,,,,,,,,,,,,,,,,,,,,,,,,,,,,,,,,,,,,,,,,,,,,,,,,,,,,,,,,,,,,,,,,,,,,,,,,,,,,,,,,,,,,,,,
1764669115.405318,55450,0,4340.128418,4341.153809,4466.538574,4487.94873,4363.974121,4482.436035,4499.743652,4343.461426,4550,4365.512695,4476.410156,4474.743652,4545.769043,4380,4354.230957,4460.256348,4495.769043,4488.974121,4472.05127,4345.384766,4350.769043,4513.717773,4464.487305,4442.436035,4346.025879,4524.102539,4330.512695,4495.256348,4472.94873,4328.846191,4450.256348,4437.820313,1854,0,5,1024,59607,,,,0,4,4,4,4,4,4,4,4,4,4,4,4,4,4,4,4,4,4,4,4,4,4,4,4,4,4,4,4,4,4,4,4,100,,,,,,,,,,,,,,,,,,,,,,,,,,,,,,,,,,,,,,,,,,,,,,,,,,,,,,,,,,,,,,,,,,,,,,,,,,,,,,,,,,,,,,,,,,,,,,,,,,,,,,,,,,,,,,,,,,,,,,,,,,,,,,,,,,,,,,,,,,,,,,,,,,,,,,,,,,,,,,,,,,,,,,,,,,,,,,,,,,,,,,,,,,,,,,,,,,,,,,,,,,,,,,
1764669115.409224,55451,0,4347.820313,4346.794922,4476.666504,4497.307617,4373.333496,4488.846191,4503.974121,4347.692383,4558.333496,4381.025879,4482.820313,4483.333496,4548.333496,4383.205078,4354.871582,4469.487305,4503.846191,4499.358887,4479.230957,4348.974121,4362.692383,4525.512695,4473.589844,4449.871582,4366.025879,4535.256348,4334.871582,4505.128418,4478.461426,4337.563965,4462.94873,4442.307617,2491,0,5,1024,59607,,,,0,4,4,4,4,4,4,4,4,4,4,4,4,4,4,4,4,4,4,4,4,4,4,4,4,4,4,4,4,4,4,4,4,100,,,,,,,,,,,,,,,,,,,,,,,,,,,,,,,,,,,,,,,,,,,,,,,,,,,,,,,,,,,,,,,,,,,,,,,,,,,,,,,,,,,,,,,,,,,,,,,,,,,,,,,,,,,,,,,,,,,,,,,,,,,,,,,,,,,,,,,,,,,,,,,,,,,,,,,,,,,,,,,,,,,,,,,,,,,,,,,,,,,,,,,,,,,,,,,,,,,,,,,,,,,,,,
1764669115.413130,55452,0,4367.94873,4362.692383,4493.846191,4518.333496,4387.692383,4506.794922,4516.922852,4363.077148,4576.025879,4402.05127,4493.205078,4500.256348,4555.769043,4392.94873,4361.666504,4483.717773,4521.410156,4517.05127,4492.179688,4364.230957,4383.589844,4546.025879,4494.230957,4470.128418,4386.538574,4553.461426,4353.589844,4528.846191,4492.05127,4362.05127,4485,4461.282227,2680,0,5,1280,59615,,,,0,4,4,4,4,4,4,4,4,4,4,4,4,4,4,4,4,4,4,4,4,4,4,4,4,4,4,4,4,4,4,4,4,100,,,,,,,,,,,,,,,,,,,,,,,,,,,,,,,,,,,,,,,,,,,,,,,,,,,,,,,,,,,,,,,,,,,,,,,,,,,,,,,,,,,,,,,,,,,,,,,,,,,,,,,,,,,,,,,,,,,,,,,,,,,,,,,,,,,,,,,,,,,,,,,,,,,,,,,,,,,,,,,,,,,,,,,,,,,,,,,,,,,,,,,,,,,,,,,,,,,,,,,,,,,,,,
1764669115.417036,55453,0,4390.641113,4382.05127,4507.307617,4539.230957,4401.666504,4528.205078,4533.717773,4384.102539,4593.333496,4415.512695,4502.179688,4518.333496,4565.641113,4403.077148,4372.307617,4497.94873,4541.282227,4535.256348,4506.666504,4382.563965,4404.230957,4566.025879,4516.794922,4493.461426,4400.128418,4568.974121,4378.333496,4554.871582,4507.307617,4390.384766,4507.436035,4481.666504,2529,0,5,1280,59615,,,,0,4,4,4,4,4,4,4,4,4,4,4,4,4,4,4,4,4,4,4,4,4,4,4,4,4,4,4,4,4,4,4,4,100,,,,,,,,,,,,,,,,,,,,,,,,,,,,,,,,,,,13863,0,0.613108,-0.327026,-0.334045,0.636841,0.986937,-0.021975,-0.048834,16.833334,40,-22.666666,,,,,,,,,,,,,,,,,,,,,,,,,,,,,,,,,,,,,,,,,,,,,,,,,,,,,,,,,,,,,,,,,,,,,,,,,,,,,,,,,,,,,,,,,,,,,,,,,,,,,,,,,,,,,,,,,,,,,,,,,,,,,,,,,,,,,,,,,,,,,,,,,,,,,,,,,,,,,,,,
1764669115.420941,55454,0,4403.461426,4394.743652,4509.230957,4547.820313,4410.128418,4541.794922,4546.025879,4400.128418,4599.358887,4412.692383,4505.384766,4528.846191,4572.692383,4407.05127,4380.384766,4506.666504,4553.589844,4545.769043,4516.410156,4394.230957,4413.974121,4575.641113,4529.487305,4506.794922,4403.846191,4573.717773,4394.230957,4568.846191,4516.282227,4407.436035,4519.102539,4489.358887,2782,0,5,1536,59623,,,,0,4,4,4,4,4,4,4,4,4,4,4,4,4,4,4,4,4,4,4,4,4,4,4,4,4,4,4,4,4,4,4,4,100,,,,,,,,,,,,,,,,,,,,,,,,,,,,,,,,,,,,,,,,,,,,,,,,,,,,,,,,,,,,,,,,,,,,,,,,,,,,,,,,,,,,,,,,,,,,,,,,,,,,,,,,,,,,,,,,,,,,,,,,,,,,,,,,,,,,,,,,,,,,,,,,,,,,,,,,,,,,,,,,,,,,,,,,,,,,,,,,,,,,,,,,,,,,,,,,,,,,,,,,,,,,,,
1764669115.424847,55455,0,4399.230957,4393.333496,4499.102539,4539.230957,4408.461426,4539.743652,4546.794922,4401.282227,4588.846191,4396.282227,4501.025879,4526.282227,4572.307617,4402.05127,4379.230957,4505.512695,4552.307617,4543.205078,4516.538574,4393.974121,4408.333496,4570.256348,4525,4502.563965,4397.692383,4565.384766,4390.128418,4562.820313,4513.461426,4403.974121,4513.205078,4478.461426,2792,0,5,1536,59623,,,,0,4,4,4,4,4,4,4,4,4,4,4,4,4,4,4,4,4,4,4,4,4,4,4,4,4,4,4,4,4,4,4,4,100,,,,,,,,,,,,,,,,,,,,,,,,,,,,,,,,,,,,,,,,,,,,,,,,,,,,,,,,,,,,,,,,,,,,,,,,,,,,,,,,,,,,,,,,,,,,,,,,,,,,,,,,,,,,,,,,,,,,,,,,,,,,,,,,,,,,,,,,,,,,,,,,,,,,,,,,,,,,,,,,,,,,,,,,,,,,,,,,,,,,,,,,,,,,,,,,,,,,,,,,,,,,,,
1764669115.428753,55456,0,4380.641113,4378.333496,4483.461426,4519.358887,4394.871582,4523.461426,4534.487305,4386.025879,4565.897461,4377.436035,4491.025879,4512.179688,4563.333496,4390.897461,4367.05127,4495,4538.077148,4529.358887,4506.794922,4383.077148,4391.025879,4553.205078,4506.410156,4483.589844,4383.205078,4548.461426,4367.179688,4540.384766,4500.256348,4382.307617,4492.307617,4455.769043,2881,0,5,1792,59631,,,,0,4,4,4,4,4,4,4,4,4,4,4,4,4,4,4,4,4,4,4,4,4,4,4,4,4,4,4,4,4,4,4,4,100,,,,,,,,,,,,,,,,,,,,,,,,,,,,,,,,,,,,,,,,,,,,,,,,,,,,,,,,,,,,,,,,,,,,,,,,,,,,,,,,,,,,,,,,,,,,,,,,,,,,,,,,,,,,,,,,,,,,,,,,,,,,,,,,,,,,,,,,,,,,,,,,,,,,,,,,,,,,,,,,,,,,,,,,,,,,,,,,,,,,,,,,,,,,,,,,,,,,,,,,,,,,,,
1764669115.432659,55457,0,4360.256348,4359.615234,4471.538574,4501.282227,4375.641113,4503.461426,4516.282227,4364.487305,4543.205078,4367.94873,4480.897461,4495.769043,4551.153809,4381.410156,4350.897461,4481.666504,4520.256348,4513.461426,4494.358887,4369.358887,4373.846191,4535.769043,4486.410156,4463.333496,4365,4533.077148,4340.512695,4516.666504,4485.128418,4355.512695,4469.743652,4436.538574,2971,0,5,1792,59631,,,,0,4,4,4,4,4,4,4,4,4,4,4,4,4,4,4,4,4,4,4,4,4,4,4,4,4,4,4,4,4,4,4,4,100,,,,,,,,,,,,,,,,,,,,,,,,,,,,,,,,,,,13864,0,0.612493,-0.327698,-0.335327,0.636414,1.011354,-0.027835,-0.037114,17.166666,41,-22.5,,,,,,,,,,,,,,,,,,,,,,,,,,,,,,,,,,,,,,,,,,,,,,,,,,,,,,,,,,,,,,,,,,,,,,,,,,,,,,,,,,,,,,,,,,,,,,,,,,,,,,,,,,,,,,,,,,,,,,,,,,,,,,,,,,,,,,,,,,,,,,,,,,,,,,,,,,,,,,,,
1764669115.436565,55458,0,4352.820313,4351.153809,4470.128418,4498.077148,4364.102539,4494.230957,4505.641113,4353.589844,4535.897461,4373.205078,4477.94873,4489.743652,4545.384766,4381.794922,4342.94873,4475.512695,4512.692383,4507.820313,4489.871582,4363.205078,4369.230957,4530.897461,4480.641113,4457.179688,4351.153809,4530.128418,4330.769043,4508.846191,4478.717773,4341.282227,4462.05127,4434.358887,2748,0,5,2048,59638,,,,0,4,4,4,4,4,4,4,4,4,4,4,4,4,4,4,4,4,4,4,4,4,4,4,4,4,4,4,4,4,4,4,4,100,,,,,,,,,,,,,,,,,,,,,,,,,,,,,,,,,,,,,,,,,,,,,,,,,,,,,,,,,,,,,,,,,,,,,,,,,,,,,,,,,,,,,,,,,,,,,,,,,,,,,,,,,,,,,,,,,,,,,,,,,,,,,,,,,,,,,,,,,,,,,,,,,,,,,,,,,,,,,,,,,,,,,,,,,,,,,,,,,,,,,,,,,,,,,,,,,,,,,,,,,,,,,,
1764669115.440470,55459,0,4365.512695,4360.897461,4480,4514.102539,4371.538574,4503.589844,4511.666504,4363.846191,4550.128418,4390.384766,4485.769043,4500.641113,4552.307617,4393.846191,4351.794922,4482.563965,4523.717773,4518.717773,4499.230957,4371.282227,4382.307617,4544.358887,4495.641113,4471.025879,4349.102539,4543.846191,4347.563965,4523.846191,4486.538574,4349.487305,4476.922852,4449.487305,2915,0,5,2048,59638,,,,0,4,4,4,4,4,4,4,4,4,4,4,4,4,4,4,4,4,4,4,4,4,4,4,4,4,4,4,4,4,4,4,4,100,,,,,,,,,,,,,,,,,,,,,,,,,,,,,,,,,,,,,,,,,,,,,,,,,,,,,,,,,,,,,,,,,,,,,,,,,,,,,,,,,,,,,,,,,,,,,,,,,,,,,,,,,,,,,,,,,,,,,,,,,,,,,,,,,,,,,,,,,,,,,,,,,,,,,,,,,,,,,,,,,,,,,,,,,,,,,,,,,,,,,,,,,,,,,,,,,,,,,,,,,,,,,,
1764669115.444376,55460,0,4390.512695,4382.436035,4493.077148,4538.846191,4395.256348,4525.384766,4531.153809,4388.974121,4576.794922,4408.717773,4499.102539,4522.692383,4568.846191,4410.128418,4372.692383,4497.94873,4547.179688,4539.102539,4516.794922,4390.384766,4404.487305,4567.94873,4521.922852,4495.128418,4357.692383,4565.897461,4380.256348,4551.410156,4503.205078,4373.461426,4504.102539,4468.205078,2801,0,5,2304,59646,,,,0,4,4,4,4,4,4,4,4,4,4,4,4,4,4,4,4,4,4,4,4,4,4,4,4,4,4,4,4,4,4,4,4,100,,,,,,,,,,,,,,,,,,,,,,,,,,,,,,,,,,,,,,,,,,,,,,,,,,,,,,,,,,,,,,,,,,,,,,,,,,,,,,,,,,,,,,,,,,,,,,,,,,,,,,,,,,,,,,,,,,,,,,,,,,,,,,,,,,,,,,,,,,,,,,,,,,,,,,,,,,,,,,,,,,,,,,,,,,,,,,,,,,,,,,,,,,,,,,,,,,,,,,,,,,,,,,
1764669115.448282,55461,0,4409.102539,4398.846191,4498.077148,4554.102539,4417.436035,4542.94873,4548.461426,4409.102539,4596.538574,4414.230957,4507.179688,4539.871582,4582.307617,4417.94873,4390,4508.333496,4565.769043,4552.436035,4527.820313,4407.307617,4418.589844,4584.230957,4539.615234,4510.641113,4366.410156,4580,4404.871582,4570.384766,4515.641113,4393.974121,4522.436035,4473.333496,2888,0,5,2304,59646,,,,0,4,4,4,4,4,4,4,4,4,4,4,4,4,4,4,4,4,4,4,4,4,4,4,4,4,4,4,4,4,4,4,4,100,,,,,,,,,,,,,,,,,,,,,,,,,,,,,,,,,,,13865,0,0.612418,-0.327881,-0.335632,0.63623,1.002564,-0.034184,-0.009767,15.166667,40,-21.833334,,,,,,,,,,,,,,,,,,,,,,,,,,,,,,,,,,,,,,,,,,,,,,,,,,,,,,,,,,,,,,,,,,,,,,,,,,,,,,,,,,,,,,,,,,,,,,,,,,,,,,,,,,,,,,,,,,,,,,,,,,,,,,,,,,,,,,,,,,,,,,,,,,,,,,,,,,,,,,,,
1764669115.452188,55462,0,4406.410156,4396.025879,4488.333496,4547.820313,4420.128418,4541.025879,4548.717773,4406.794922,4594.358887,4398.333496,4501.153809,4538.589844,4581.025879,4409.358887,4390,4503.077148,4563.461426,4546.153809,4520.512695,4407.820313,4411.282227,4579.871582,4533.846191,4504.615234,4367.05127,4574.102539,4402.692383,4565,4513.461426,4394.102539,4515.897461,4458.333496,2866,0,5,2560,59654,,,,0,4,4,4,4,4,4,4,4,4,4,4,4,4,4,4,4,4,4,4,4,4,4,4,4,4,4,4,4,4,4,4,4,100,,,,,,,,,,,,,,,,,,,,,,,,,,,,,,,,,,,,,,,,,,,,,,,,,,,,,,,,,,,,,,,,,,,,,,,,,,,,,,,,,,,,,,,,,,,,,,,,,,,,,,,,,,,,,,,,,,,,,,,,,,,,,,,,,,,,,,,,,,,,,,,,,,,,,,,,,,,,,,,,,,,,,,,,,,,,,,,,,,,,,,,,,,,,,,,,,,,,,,,,,,,,,,
1764669115.456093,55463,0,4382.563965,4372.94873,4468.461426,4523.461426,4400,4518.717773,4529.358887,4381.410156,4570.897461,4366.410156,4482.307617,4517.05127,4562.820313,4387.692383,4371.666504,4483.589844,4538.333496,4521.410156,4495.769043,4388.205078,4383.717773,4555.641113,4506.666504,4479.871582,4361.538574,4550.512695,4373.717773,4536.538574,4496.538574,4372.692383,4486.922852,4432.307617,3051,0,5,2560,59654,,,,0,4,4,4,4,4,4,4,4,4,4,4,4,4,4,4,4,4,4,4,4,4,4,4,4,4,4,4,4,4,4,4,4,100,,,,,,,,,,,,,,,,,,,,,,,,,,,,,,,,,,,,,,,,,,,,,,,,,,,,,,,,,,,,,,,,,,,,,,,,,,,,,,,,,,,,,,,,,,,,,,,,,,,,,,,,,,,,,,,,,,,,,,,,,,,,,,,,,,,,,,,,,,,,,,,,,,,,,,,,,,,,,,,,,,,,,,,,,,,,,,,,,,,,,,,,,,,,,,,,,,,,,,,,,,,,,,
1764669115.459999,55464,0,4351.794922,4342.179688,4450.256348,4496.153809,4370.384766,4489.358887,4501.410156,4348.846191,4541.410156,4335.897461,4460.384766,4487.436035,4537.820313,4364.615234,4346.922852,4461.025879,4503.974121,4491.153809,4466.922852,4357.94873,4350.512695,4524.615234,4474.487305,4451.410156,4358.205078,4523.846191,4335.512695,4501.282227,4474.871582,4342.820313,4452.563965,4410.641113,2970,0,5,1792,59662,,,,0,4,4,4,4,4,4,4,4,4,4,4,4,4,4,4,4,4,4,4,4,4,4,4,4,4,4,4,4,4,4,4,4,100,,,,,,,,,,,,,,,,,,,,,,,,,,,,,,,,,,,,,,,,,,,,,,,,,,,,,,,,,,,,,,,,,,,,,,,,,,,,,,,,,,,,,,,,,,,,,,,,,,,,,,,,,,,,,,,,,,,,,,,,,,,,,,,,,,,,,,,,,,,,,,,,,,,,,,,,,,,,,,,,,,,,,,,,,,,,,,,,,,,,,,,,,,,,,,,,,,,,,,,,,,,,,,
1764669115.463905,55465,0,4331.538574,4320.512695,4443.846191,4480.512695,4348.717773,4469.487305,4481.025879,4328.077148,4523.846191,4323.077148,4447.05127,4466.025879,4519.871582,4351.922852,4330.769043,4448.333496,4478.717773,4471.538574,4449.615234,4332.94873,4328.461426,4502.94873,4455.128418,4434.230957,4360.897461,4510,4308.717773,4477.179688,4460.384766,4321.922852,4432.820313,4403.846191,2834,0,5,1792,59662,,,,0,4,4,4,4,4,4,4,4,4,4,4,4,4,4,4,4,4,4,4,4,4,4,4,4,4,4,4,4,4,4,4,4,100,,,,,,,,,,,,,,,,,,,,,,,,,,,,,,,,,,,13866,0,0.612215,-0.328247,-0.335876,0.636108,1.002564,-0.034184,-0.009767,16.833334,39.5,-21.833334,,,,,,,,,,,,,,,,,,,,,,,,,,,,,,,,,,,,,,,,,,,,,,,,,,,,,,,,,,,,,,,,,,,,,,,,,,,,,,,,,,,,,,,,,,,,,,,,,,,,,,,,,,,,,,,,,,,,,,,,,,,,,,,,,,,,,,,,,,,,,,,,,,,,,,,,,,,,,,,,
1764669115.467811,55466,0,4331.282227,4318.461426,4450.641113,4482.05127,4345.512695,4468.461426,4478.333496,4328.077148,4526.153809,4333.461426,4448.461426,4463.205078,4517.692383,4354.487305,4331.025879,4451.794922,4474.102539,4471.153809,4451.153809,4325.256348,4326.282227,4499.102539,4456.922852,4434.615234,4364.230957,4515.256348,4305.384766,4473.846191,4459.615234,4319.743652,4436.922852,4411.922852,2498,0,5,1280,59670,,,,0,4,4,4,4,4,4,4,4,4,4,4,4,4,4,4,4,4,4,4,4,4,4,4,4,4,4,4,4,4,4,4,4,100,,,,,,,,,,,,,,,,,,,,,,,,,,,,,,,,,,,,,,,,,,,,,,,,,,,,,,,,,,,,,,,,,,,,,,,,,,,,,,,,,,,,,,,,,,,,,,,,,,,,,,,,,,,,,,,,,,,,,,,,,,,,,,,,,,,,,,,,,,,,,,,,,,,,,,,,,,,,,,,,,,,,,,,,,,,,,,,,,,,,,,,,,,,,,,,,,,,,,,,,,,,,,,
1764669115.471716,55467,0,4348.717773,4335.256348,4464.487305,4495.897461,4359.358887,4483.717773,4492.94873,4345.256348,4543.974121,4359.102539,4463.205078,4478.461426,4530.769043,4369.102539,4345.512695,4468.077148,4489.102539,4488.333496,4467.692383,4336.282227,4341.794922,4511.922852,4475.512695,4448.974121,4361.922852,4534.230957,4323.846191,4489.743652,4470.897461,4335.128418,4460.256348,4427.692383,2770,0,5,1280,59670,,,,0,4,4,4,4,4,4,4,4,4,4,4,4,4,4,4,4,4,4,4,4,4,4,4,4,4,4,4,4,4,4,4,4,100,,,,,,,,,,,,,,,,,,,,,,,,,,,,,,,,,,,,,,,,,,,,,,,,,,,,,,,,,,,,,,,,,,,,,,,,,,,,,,,,,,,,,,,,,,,,,,,,,,,,,,,,,,,,,,,,,,,,,,,,,,,,,,,,,,,,,,,,,,,,,,,,,,,,,,,,,,,,,,,,,,,,,,,,,,,,,,,,,,,,,,,,,,,,,,,,,,,,,,,,,,,,,,
1764669115.475622,55468,0,4372.692383,4360.512695,4476.410156,4511.666504,4379.743652,4505,4515,4367.563965,4564.871582,4385,4482.307617,4501.794922,4550.512695,4387.179688,4364.871582,4487.307617,4513.589844,4511.922852,4487.692383,4358.333496,4364.615234,4532.820313,4499.487305,4468.461426,4355.641113,4555.384766,4352.436035,4514.358887,4487.05127,4359.487305,4489.358887,4442.307617,2529,0,5,1536,59677,,,,0,4,4,4,4,4,4,4,4,4,4,4,4,4,4,4,4,4,4,4,4,4,4,4,4,4,4,4,4,4,4,4,4,100,,,,,,,,,,,,,,,,,,,,,,,,,,,,,,,,,,,,,,,,,,,,,,,,,,,,,,,,,,,,,,,,,,,,,,,,,,,,,,,,,,,,,,,,,,,,,,,,,,,,,,,,,,,,,,,,,,,,,,,,,,,,,,,,,,,,,,,,,,,,,,,,,,,,,,,,,,,,,,,,,,,,,,,,,,,,,,,,,,,,,,,,,,,,,,,,,,,,,,,,,,,,,,
1764669115.479528,55469,0,4390.512695,4380.641113,4480.769043,4520.897461,4394.102539,4520.897461,4532.05127,4383.205078,4576.794922,4397.94873,4495.384766,4520.641113,4566.666504,4399.871582,4378.205078,4498.974121,4534.487305,4529.743652,4500.897461,4378.974121,4383.589844,4551.282227,4516.794922,4483.974121,4355.897461,4568.974121,4376.410156,4535.897461,4500,4381.410156,4510.256348,4449.743652,2281,0,5,1536,59677,,,,0,4,4,4,4,4,4,4,4,4,4,4,4,4,4,4,4,4,4,4,4,4,4,4,4,4,4,4,4,4,4,4,4,100,,,,,,,,,,,,,,,,,,,,,,,,,,,,,,,,,,,13867,0,0.612037,-0.328613,-0.336304,0.635864,0.998169,-0.036626,-0.003907,15.666667,38.833332,-21,,,,,,,,,,,,,,,,,,,,,,,,,,,,,,,,,,,,,,,,,,,,,,,,,,,,,,,,,,,,,,,,,,,,,,,,,,,,,,,,,,,,,,,,,,,,,,,,,,,,,,,,,,,,,,,,,,,,,,,,,,,,,,,,,,,,,,,,,,,,,,,,,,,,,,,,,,,,,,,,
1764669115.483434,55470,0,4395.384766,4386.922852,4477.307617,4521.153809,4396.153809,4525.384766,4536.666504,4387.307617,4575.384766,4394.230957,4496.666504,4527.179688,4572.692383,4402.179688,4379.743652,4498.589844,4543.205078,4535.384766,4504.230957,4388.974121,4392.307617,4560.256348,4521.666504,4490.641113,4372.307617,4571.538574,4386.282227,4546.025879,4504.358887,4392.436035,4515.641113,4449.230957,2783,0,5,256,59685,,,,0,4,4,4,4,4,4,4,4,4,4,4,4,4,4,4,4,4,4,4,4,4,4,4,4,4,4,4,4,4,4,4,4,100,,,,,,,,,,,,,,,,,,,,,,,,,,,,,,,,,,,,,,,,,,,,,,,,,,,,,,,,,,,,,,,,,,,,,,,,,,,,,,,,,,,,,,,,,,,,,,,,,,,,,,,,,,,,,,,,,,,,,,,,,,,,,,,,,,,,,,,,,,,,,,,,,,,,,,,,,,,,,,,,,,,,,,,,,,,,,,,,,,,,,,,,,,,,,,,,,,,,,,,,,,,,,,
1764669115.487340,55471,0,4388.461426,4378.974121,4471.025879,4516.282227,4388.205078,4519.615234,4530.128418,4381.538574,4564.358887,4380.384766,4488.077148,4521.538574,4568.589844,4396.025879,4372.307617,4490.128418,4539.487305,4531.025879,4501.153809,4387.05127,4391.025879,4558.205078,4515.641113,4489.358887,4401.153809,4566.025879,4381.538574,4543.333496,4499.358887,4389.615234,4506.666504,4444.743652,2497,0,5,256,59685,,,,0,4,4,4,4,4,4,4,4,4,4,4,4,4,4,4,4,4,4,4,4,4,4,4,4,4,4,4,4,4,4,4,4,100,,,,,,,,,,,,,,,,,,,,,,,,,,,,,,,,,,,,,,,,,,,,,,,,,,,,,,,,,,,,,,,,,,,,,,,,,,,,,,,,,,,,,,,,,,,,,,,,,,,,,,,,,,,,,,,,,,,,,,,,,,,,,,,,,,,,,,,,,,,,,,,,,,,,,,,,,,,,,,,,,,,,,,,,,,,,,,,,,,,,,,,,,,,,,,,,,,,,,,,,,,,,,,
1764669115.491245,55472,0,4377.05127,4364.358887,4467.820313,4511.410156,4377.307617,4509.230957,4518.974121,4371.153809,4552.05127,4368.333496,4477.436035,4509.871582,4559.615234,4387.179688,4363.717773,4480.897461,4529.358887,4523.589844,4497.179688,4378.077148,4384.615234,4549.487305,4505,4483.589844,4424.871582,4558.589844,4368.461426,4533.077148,4489.358887,4376.282227,4490.769043,4441.410156,2937,0,5,256,59693,,,,0,4,4,4,4,4,4,4,4,4,4,4,4,4,4,4,4,4,4,4,4,4,4,4,4,4,4,4,4,4,4,4,4,100,,,,,,,,,,,,,,,,,,,,,,,,,,,,,,,,,,,,,,,,,,,,,,,,,,,,,,,,,,,,,,,,,,,,,,,,,,,,,,,,,,,,,,,,,,,,,,,,,,,,,,,,,,,,,,,,,,,,,,,,,,,,,,,,,,,,,,,,,,,,,,,,,,,,,,,,,,,,,,,,,,,,,,,,,,,,,,,,,,,,,,,,,,,,,,,,,,,,,,,,,,,,,,
1764669115.495151,55473,0,4368.205078,4352.692383,4470,4508.589844,4369.358887,4500.128418,4510.256348,4360.641113,4545.384766,4366.410156,4471.794922,4498.974121,4552.436035,4382.05127,4361.025879,4476.666504,4520,4518.846191,4494.615234,4368.846191,4378.846191,4541.153809,4496.410156,4477.563965,4423.717773,4553.717773,4355.384766,4522.820313,4480.512695,4360.256348,4476.410156,4441.282227,2963,0,5,256,59693,,,,0,4,4,4,4,4,4,4,4,4,4,4,4,4,4,4,4,4,4,4,4,4,4,4,4,4,4,4,4,4,4,4,4,100,,,,,,,,,,,,,,,,,,,,,,,,,,,,,,,,,,,13868,0,0.611857,-0.329224,-0.337646,0.63501,0.996215,-0.043462,-0.0293,15.666667,38.833332,-21,,,,,,,,,,,,,,,,,,,,,,,,,,,,,,,,,,,,,,,,,,,,,,,,,,,,,,,,,,,,,,,,,,,,,,,,,,,,,,,,,,,,,,,,,,,,,,,,,,,,,,,,,,,,,,,,,,,,,,,,,,,,,,,,,,,,,,,,,,,,,,,,,,,,,,,,,,,,,,,,
1764669115.499157,55474,0,4365.641113,4350.256348,4474.615234,4507.05127,4367.05127,4495.769043,4507.94873,4353.461426,4546.538574,4375.512695,4474.102539,4493.461426,4551.153809,4383.846191,4365.256348,4477.94873,4516.410156,4519.230957,4493.974121,4364.230957,4377.307617,4539.487305,4493.589844,4474.615234,4393.846191,4552.94873,4348.717773,4518.974121,4477.94873,4350.641113,4469.487305,4442.94873,1823,0,5,256,59701,,,,0,4,4,4,4,4,4,4,4,4,4,4,4,4,4,4,4,4,4,4,4,4,4,4,4,4,4,4,4,4,4,4,4,100,,,,,,,,,,,,,,,,,,,,,,,,,,,,,,,,,,,,,,,,,,,,,,,,,,,,,,,,,,,,,,,,,,,,,,,,,,,,,,,,,,,,,,,,,,,,,,,,,,,,,,,,,,,,,,,,,,,,,,,,,,,,,,,,,,,,,,,,,,,,,,,,,,,,,,,,,,,,,,,,,,,,,,,,,,,,,,,,,,,,,,,,,,,,,,,,,,,,,,,,,,,,,,
1764669115.503063,55475,0,4369.487305,4357.563965,4477.692383,4505.512695,4370.897461,4497.563965,4512.179688,4352.563965,4553.846191,4390.384766,4481.666504,4495,4556.025879,4391.666504,4372.94873,4482.692383,4520.384766,4524.743652,4495.769043,4366.025879,4380.641113,4546.922852,4497.307617,4477.563965,4352.692383,4555.256348,4351.153809,4523.846191,4482.563965,4353.461426,4471.666504,4443.461426,2799,0,5,256,59701,,,,0,4,4,4,4,4,4,4,4,4,4,4,4,4,4,4,4,4,4,4,4,4,4,4,4,4,4,4,4,4,4,4,4,100,,,,,,,,,,,,,,,,,,,,,,,,,,,,,,,,,,,,,,,,,,,,,,,,,,,,,,,,,,,,,,,,,,,,,,,,,,,,,,,,,,,,,,,,,,,,,,,,,,,,,,,,,,,,,,,,,,,,,,,,,,,,,,,,,,,,,,,,,,,,,,,,,,,,,,,,,,,,,,,,,,,,,,,,,,,,,,,,,,,,,,,,,,,,,,,,,,,,,,,,,,,,,,
1764669115.506869,55476,0,4377.436035,4370.641113,4478.333496,4505.128418,4380.256348,4504.871582,4521.282227,4359.230957,4563.589844,4403.974121,4489.743652,4502.05127,4564.358887,4400.641113,4379.230957,4489.102539,4530.128418,4533.717773,4501.153809,4372.94873,4387.179688,4561.025879,4505.512695,4486.282227,4327.94873,4559.102539,4361.666504,4535.512695,4492.307617,4368.974121,4480.769043,4442.563965,2642,0,5,512,59709,,,,0,4,4,4,4,4,4,4,4,4,4,4,4,4,4,4,4,4,4,4,4,4,4,4,4,4,4,4,4,4,4,4,4,100,,,,,,,,,,,,,,,,,,,,,,,,,,,,,,,,,,,,,,,,,,,,,,,,,,,,,,,,,,,,,,,,,,,,,,,,,,,,,,,,,,,,,,,,,,,,,,,,,,,,,,,,,,,,,,,,,,,,,,,,,,,,,,,,,,,,,,,,,,,,,,,,,,,,,,,,,,,,,,,,,,,,,,,,,,,,,,,,,,,,,,,,,,,,,,,,,,,,,,,,,,,,,,
1764669115.510775,55477,0,4386.282227,4383.461426,4479.487305,4508.333496,4392.94873,4514.743652,4532.307617,4371.666504,4572.179688,4411.282227,4494.615234,4510.769043,4571.794922,4406.153809,4381.794922,4496.282227,4542.05127,4543.333496,4510.512695,4382.307617,4394.230957,4574.871582,4514.230957,4497.05127,4335,4563.846191,4375.512695,4548.974121,4502.436035,4390.256348,4492.563965,4443.077148,2846,0,5,512,59709,,,,0,4,4,4,4,4,4,4,4,4,4,4,4,4,4,4,4,4,4,4,4,4,4,4,4,4,4,4,4,4,4,4,4,100,,,,,,,,,,,,,,,,,,,,,,,,,,,,,,,,,,,13869,0,0.611998,-0.329285,-0.338135,0.634583,1.011842,-0.013674,-0.045416,15,41,-21.166666,,,,,,,,,,,,,,,,,,,,,,,,,,,,,,,,,,,,,,,,,,,,,,,,,,,,,,,,,,,,,,,,,,,,,,,,,,,,,,,,,,,,,,,,,,,,,,,,,,,,,,,,,,,,,,,,,,,,,,,,,,,,,,,,,,,,,,,,,,,,,,,,,,,,,,,,,,,,,,,,
1764669115.514681,55478,0,4392.94873,4391.538574,4484.358887,4515.769043,4405.128418,4523.461426,4542.820313,4385.384766,4577.436035,4410.384766,4495.769043,4517.05127,4575.384766,4405.512695,4381.025879,4503.589844,4551.282227,4550.641113,4521.153809,4391.025879,4399.487305,4581.282227,4519.871582,4504.358887,4363.974121,4569.358887,4387.179688,4558.846191,4508.846191,4407.179688,4502.820313,4448.846191,2967,0,5,768,59717,,,,0,4,4,4,4,4,4,4,4,4,4,4,4,4,4,4,4,4,4,4,4,4,4,4,4,4,4,4,4,4,4,4,4,100,,,,,,,,,,,,,,,,,,,,,,,,,,,,,,,,,,,,,,,,,,,,,,,,,,,,,,,,,,,,,,,,,,,,,,,,,,,,,,,,,,,,,,,,,,,,,,,,,,,,,,,,,,,,,,,,,,,,,,,,,,,,,,,,,,,,,,,,,,,,,,,,,,,,,,,,,,,,,,,,,,,,,,,,,,,,,,,,,,,,,,,,,,,,,,,,,,,,,,,,,,,,,,
1764669115.518587,55479,0,4396.025879,4393.846191,4493.205078,4525.512695,4413.205078,4528.717773,4550.769043,4395.769043,4578.846191,4401.794922,4495.897461,4518.974121,4575,4400.641113,4379.743652,4509.487305,4555,4553.589844,4528.333496,4397.05127,4402.563965,4577.94873,4521.538574,4505.769043,4390.641113,4574.743652,4393.717773,4562.436035,4510.384766,4412.307617,4510.512695,4461.410156,2891,0,5,768,59717,,,,0,4,4,4,4,4,4,4,4,4,4,4,4,4,4,4,4,4,4,4,4,4,4,4,4,4,4,4,4,4,4,4,4,100,,,,,,,,,,,,,,,,,,,,,,,,,,,,,,,,,,,,,,,,,,,,,,,,,,,,,,,,,,,,,,,,,,,,,,,,,,,,,,,,,,,,,,,,,,,,,,,,,,,,,,,,,,,,,,,,,,,,,,,,,,,,,,,,,,,,,,,,,,,,,,,,,,,,,,,,,,,,,,,,,,,,,,,,,,,,,,,,,,,,,,,,,,,,,,,,,,,,,,,,,,,,,,
1764669115.522493,55480,0,4396.282227,4393.589844,4501.794922,4534.102539,4415.512695,4531.410156,4555.384766,4401.282227,4578.077148,4388.461426,4497.179688,4518.589844,4573.717773,4396.922852,4381.282227,4513.333496,4554.871582,4553.205078,4528.974121,4400.128418,4404.615234,4569.871582,4521.666504,4503.974121,4399.102539,4578.974121,4395.512695,4561.538574,4508.974121,4406.025879,4517.307617,4477.820313,2757,0,5,1024,59724,,,,0,4,4,4,4,4,4,4,4,4,4,4,4,4,4,4,4,4,4,4,4,4,4,4,4,4,4,4,4,4,4,4,4,100,0.941406,25,3,3,1,3,3,3,3,1,3,1,4,3,3,4,3,3,1,1,1,1,1,1,3,1,1,3,1,1,4,1,1,1,,,,,,,,,,,,,3.468527,4.738585,5.418583,2.48435,3.300536,3.89437,3.333315,5.091373,2.398644,3.530806,2.267265,2.202205,7.770199,9.165948,5.60401,2.364561,1.711776,4.925751,2.955147,3.122958,3.119304,3.651946,3.892558,2.600312,3.619139,2.912284,5.466879,6.420399,2.331338,3.348291,1.905123,3.017678,4.415493,2.327347,3.275283,1.730145,2.508265,4.730033,2.622061,3.925205,0.940425,1.067165,3.097256,2.865615,3.326494,0.946251,2.14671,3.47506,3.817492,4.804453,0.835074,2.493828,2.525223,1.347512,2.564687,1.680237,3.905111,6.52357,1.875082,3.516755,1.108774,2.228074,3.646536,1.578963,2.816488,0.884953,0.811125,1.53907,1.263652,1.509542,1.25091,5.102185,3.912843,1.309579,2.714226,2.087926,6.97001,3.536357,3.697872,3.53048,2.397653,4.05522,5.893503,2.504198,4.069924,3.581598,10.359893,7.018734,3.289411,4.986976,1.914485,6.593405,4.79205,2.261705,3.554897,1.908523,4.071761,7.135059,3.269638,4.029202,1.956584,7.585821,10.921627,4.480414,4.844456,2.356688,4.379771,6.31448,2.963964,4.301682,2.562092,2.919577,4.941099,2.596742,3.430083,2.686177,4.197714,6.460122,3.079193,4.330726,2.994793,5.210881,10.612599,11.782721,9.8432,2.387847,3.162085,5.423678,2.819141,3.304653,3.51307,2.006173,5.931999,4.245714,3.824702,3.768609,3.661205,5.958043,3.007437,4.063048,1.836455,2.208419,2.995311,1.265729,1.648134,4.305417,3.894951,6.619847,3.073379,3.873377,4.163728,3.824625,7.146944,5.096407,4.834397,2.924452,2.007425,7.763627,11.213759,4.284963
1764669115.526399,55481,0,4395.769043,4394.871582,4505.897461,4539.358887,4413.717773,4533.589844,4557.05127,4403.717773,4577.692383,4376.410156,4500.897461,4519.230957,4574.871582,4399.102539,4387.179688,4514.743652,4554.615234,4552.820313,4524.358887,4401.282227,4407.307617,4566.153809,4523.974121,4504.358887,4395.512695,4582.563965,4395.897461,4560.897461,4507.94873,4395,4524.615234,4492.692383,2923,0,5,1024,59724,,,,0,4,4,4,4,4,4,4,4,4,4,4,4,4,4,4,4,4,4,4,4,4,4,4,4,4,4,4,4,4,4,4,4,100,,,,,,,,,,,,,,,,,,,,,,,,,,,,,,,,,,,13870,0,0.612013,-0.329468,-0.338501,0.634277,1.015749,-0.009767,-0.035161,15.833333,38.5,-21.166666,,,,,,,,,,,,,,,,,,,,,,,,,,,,,,,,,,,,,,,,,,,,,,,,,,,,,,,,,,,,,,,,,,,,,,,,,,,,,,,,,,,,,,,,,,,,,,,,,,,,,,,,,,,,,,,,,,,,,,,,,,,,,,,,,,,,,,,,,,,,,,,,,,,,,,,,,,,,,,,,
1764669115.530305,55482,0,4396.025879,4399.230957,4504.358887,4541.410156,4411.410156,4536.538574,4556.538574,4405.256348,4580.128418,4373.461426,4505.256348,4521.794922,4578.974121,4407.307617,4395.384766,4514.871582,4557.05127,4554.487305,4518.974121,4401.282227,4409.871582,4570.897461,4529.743652,4509.230957,4398.333496,4586.538574,4396.153809,4563.077148,4509.615234,4386.410156,4529.615234,4499.871582,1844,0,5,1280,59732,,,,0,4,4,4,4,4,4,4,4,4,4,4,4,4,4,4,4,4,4,4,4,4,4,4,4,4,4,4,4,4,4,4,4,100,,,,,,,,,,,,,,,,,,,,,,,,,,,,,,,,,,,,,,,,,,,,,,,,,,,,,,,,,,,,,,,,,,,,,,,,,,,,,,,,,,,,,,,,,,,,,,,,,,,,,,,,,,,,,,,,,,,,,,,,,,,,,,,,,,,,,,,,,,,,,,,,,,,,,,,,,,,,,,,,,,,,,,,,,,,,,,,,,,,,,,,,,,,,,,,,,,,,,,,,,,,,,,
1764669115.534211,55483,0,4395.897461,4403.589844,4499.358887,4540.897461,4411.153809,4538.333496,4553.717773,4405.641113,4584.230957,4383.461426,4506.666504,4523.077148,4582.307617,4415.512695,4400.256348,4513.846191,4560.128418,4557.05127,4516.666504,4399.615234,4408.077148,4579.102539,4534.871582,4513.974121,4413.846191,4588.846191,4394.487305,4565.256348,4512.179688,4382.436035,4526.025879,4495,2480,0,5,1280,59732,,,,0,4,4,4,4,4,4,4,4,4,4,4,4,4,4,4,4,4,4,4,4,4,4,4,4,4,4,4,4,4,4,4,4,100,,,,,,,,,,,,,,,,,,,,,,,,,,,,,,,,,,,,,,,,,,,,,,,,,,,,,,,,,,,,,,,,,,,,,,,,,,,,,,,,,,,,,,,,,,,,,,,,,,,,,,,,,,,,,,,,,,,,,,,,,,,,,,,,,,,,,,,,,,,,,,,,,,,,,,,,,,,,,,,,,,,,,,,,,,,,,,,,,,,,,,,,,,,,,,,,,,,,,,,,,,,,,,
1764669115.538117,55484,0,4392.692383,4402.436035,4494.102539,4537.05127,4411.410156,4535.128418,4547.563965,4402.05127,4584.871582,4399.871582,4502.307617,4518.974121,4580.128418,4416.282227,4396.666504,4510.897461,4558.333496,4556.666504,4517.179688,4394.102539,4398.205078,4580.512695,4533.205078,4511.025879,4426.153809,4584.871582,4387.179688,4561.794922,4511.153809,4379.743652,4510.384766,4478.461426,2660,0,5,1536,59740,,,,0,4,4,4,4,4,4,4,4,4,4,4,4,4,4,4,4,4,4,4,4,4,4,4,4,4,4,4,4,4,4,4,4,100,,,,,,,,,,,,,,,,,,,,,,,,,,,,,,,,,,,,,,,,,,,,,,,,,,,,,,,,,,,,,,,,,,,,,,,,,,,,,,,,,,,,,,,,,,,,,,,,,,,,,,,,,,,,,,,,,,,,,,,,,,,,,,,,,,,,,,,,,,,,,,,,,,,,,,,,,,,,,,,,,,,,,,,,,,,,,,,,,,,,,,,,,,,,,,,,,,,,,,,,,,,,,,
1764669115.542023,55485,0,4384.615234,4392.563965,4490.256348,4529.102539,4407.692383,4525.256348,4537.94873,4392.436035,4577.179688,4407.820313,4492.692383,4508.461426,4570.897461,4407.179688,4384.615234,4505.128418,4548.589844,4550.256348,4517.307617,4384.743652,4381.922852,4569.358887,4523.077148,4497.05127,4413.077148,4571.794922,4374.358887,4550.641113,4504.102539,4374.871582,4487.436035,4457.94873,2506,0,5,1536,59740,,,,0,4,4,4,4,4,4,4,4,4,4,4,4,4,4,4,4,4,4,4,4,4,4,4,4,4,4,4,4,4,4,4,4,100,,,,,,,,,,,,,,,,,,,,,,,,,,,,,,,,,,,13871,0,0.611937,-0.329712,-0.338745,0.634094,0.997192,-0.022952,-0.018557,16.833334,40,-20.166666,,,,,,,,,,,,,,,,,,,,,,,,,,,,,,,,,,,,,,,,,,,,,,,,,,,,,,,,,,,,,,,,,,,,,,,,,,,,,,,,,,,,,,,,,,,,,,,,,,,,,,,,,,,,,,,,,,,,,,,,,,,,,,,,,,,,,,,,,,,,,,,,,,,,,,,,,,,,,,,,
1764669115.545929,55486,0,4374.102539,4376.794922,4488.846191,4518.461426,4397.436035,4511.410156,4527.563965,4378.205078,4562.820313,4397.692383,4482.436035,4496.025879,4558.717773,4393.846191,4369.743652,4496.922852,4533.974121,4538.717773,4513.717773,4374.743652,4368.205078,4551.153809,4509.358887,4478.461426,4373.333496,4554.102539,4361.153809,4536.666504,4493.717773,4368.333496,4469.230957,4444.615234,2760,0,5,1792,59748,,,,0,4,4,4,4,4,4,4,4,4,4,4,4,4,4,4,4,4,4,4,4,4,4,4,4,4,4,4,4,4,4,4,4,100,,,,,,,,,,,,,,,,,,,,,,,,,,,,,,,,,,,,,,,,,,,,,,,,,,,,,,,,,,,,,,,,,,,,,,,,,,,,,,,,,,,,,,,,,,,,,,,,,,,,,,,,,,,,,,,,,,,,,,,,,,,,,,,,,,,,,,,,,,,,,,,,,,,,,,,,,,,,,,,,,,,,,,,,,,,,,,,,,,,,,,,,,,,,,,,,,,,,,,,,,,,,,,
1764669115.549835,55487,0,4365.512695,4362.05127,4489.871582,4508.717773,4383.205078,4499.230957,4520.128418,4364.230957,4549.358887,4374.358887,4476.282227,4488.205078,4550.256348,4385.256348,4358.589844,4487.563965,4522.436035,4525.384766,4506.410156,4369.487305,4366.025879,4537.563965,4499.871582,4466.410156,4332.307617,4541.153809,4353.974121,4527.179688,4485.897461,4363.333496,4466.282227,4445.384766,2763,0,5,1792,59748,,,,0,4,4,4,4,4,4,4,4,4,4,4,4,4,4,4,4,4,4,4,4,4,4,4,4,4,4,4,4,4,4,4,4,100,,,,,,,,,,,,,,,,,,,,,,,,,,,,,,,,,,,,,,,,,,,,,,,,,,,,,,,,,,,,,,,,,,,,,,,,,,,,,,,,,,,,,,,,,,,,,,,,,,,,,,,,,,,,,,,,,,,,,,,,,,,,,,,,,,,,,,,,,,,,,,,,,,,,,,,,,,,,,,,,,,,,,,,,,,,,,,,,,,,,,,,,,,,,,,,,,,,,,,,,,,,,,,
1764669115.553741,55488,0,4361.922852,4355.384766,4491.666504,4503.461426,4371.153809,4493.717773,4517.563965,4355.256348,4544.743652,4353.974121,4475.769043,4488.717773,4548.974121,4385.641113,4354.102539,4478.077148,4519.230957,4512.94873,4496.922852,4371.153809,4375.769043,4536.153809,4498.589844,4467.820313,4321.922852,4540.769043,4355.256348,4526.538574,4484.487305,4363.717773,4480.512695,4456.282227,2837,0,5,2048,59756,,,,0,4,4,4,4,4,4,4,4,4,4,4,4,4,4,4,4,4,4,4,4,4,4,4,4,4,4,4,4,4,4,4,4,100,,,,,,,,,,,,,,,,,,,,,,,,,,,,,,,,,,,,,,,,,,,,,,,,,,,,,,,,,,,,,,,,,,,,,,,,,,,,,,,,,,,,,,,,,,,,,,,,,,,,,,,,,,,,,,,,,,,,,,,,,,,,,,,,,,,,,,,,,,,,,,,,,,,,,,,,,,,,,,,,,,,,,,,,,,,,,,,,,,,,,,,,,,,,,,,,,,,,,,,,,,,,,,
1764669115.557647,55489,0,4364.487305,4359.230957,4491.666504,4505.256348,4368.205078,4496.282227,4519.487305,4354.871582,4551.922852,4351.153809,4479.487305,4496.153809,4553.333496,4392.05127,4354.487305,4469.487305,4523.974121,4503.717773,4488.205078,4376.922852,4389.102539,4545.256348,4504.102539,4480.128418,4351.153809,4552.94873,4363.205078,4533.205078,4489.230957,4370.769043,4503.717773,4467.563965,2922,0,5,2048,59756,,,,0,4,4,4,4,4,4,4,4,4,4,4,4,4,4,4,4,4,4,4,4,4,4,4,4,4,4,4,4,4,4,4,4,100,,,,,,,,,,,,,,,,,,,,,,,,,,,,,,,,,,,13872,0,0.612001,-0.329773,-0.338684,0.634033,1.003541,-0.024905,-0.036137,17.166666,39.833332,-21.166666,,,,,,,,,,,,,,,,,,,,,,,,,,,,,,,,,,,,,,,,,,,,,,,,,,,,,,,,,,,,,,,,,,,,,,,,,,,,,,,,,,,,,,,,,,,,,,,,,,,,,,,,,,,,,,,,,,,,,,,,,,,,,,,,,,,,,,,,,,,,,,,,,,,,,,,,,,,,,,,,
1764669115.561553,55490,0,4372.692383,4372.05127,4489.743652,4514.487305,4377.436035,4504.871582,4524.871582,4363.846191,4567.563965,4368.974121,4485.256348,4506.794922,4559.230957,4398.461426,4357.563965,4463.974121,4532.05127,4499.743652,4482.820313,4382.05127,4396.538574,4557.436035,4511.922852,4494.743652,4398.077148,4570.384766,4373.846191,4543.717773,4497.05127,4383.846191,4523.974121,4472.436035,2709,0,5,2304,59763,,,,0,4,4,4,4,4,4,4,4,4,4,4,4,4,4,4,4,4,4,4,4,4,4,4,4,4,4,4,4,4,4,4,4,100,,,,,,,,,,,,,,,,,,,,,,,,,,,,,,,,,,,,,,,,,,,,,,,,,,,,,,,,,,,,,,,,,,,,,,,,,,,,,,,,,,,,,,,,,,,,,,,,,,,,,,,,,,,,,,,,,,,,,,,,,,,,,,,,,,,,,,,,,,,,,,,,,,,,,,,,,,,,,,,,,,,,,,,,,,,,,,,,,,,,,,,,,,,,,,,,,,,,,,,,,,,,,,
1764669115.565459,55491,0,4384.487305,4388.589844,4487.820313,4528.846191,4395.897461,4516.153809,4532.563965,4380,4584.487305,4397.820313,4492.307617,4517.179688,4563.333496,4400.897461,4362.179688,4464.102539,4539.487305,4501.922852,4481.538574,4384.487305,4395,4566.025879,4519.230957,4504.358887,4429.230957,4584.743652,4384.487305,4554.230957,4504.615234,4400.384766,4533.846191,4471.922852,2873,0,5,2304,59763,,,,0,4,4,4,4,4,4,4,4,4,4,4,4,4,4,4,4,4,4,4,4,4,4,4,4,4,4,4,4,4,4,4,4,100,,,,,,,,,,,,,,,,,,,,,,,,,,,,,,,,,,,,,,,,,,,,,,,,,,,,,,,,,,,,,,,,,,,,,,,,,,,,,,,,,,,,,,,,,,,,,,,,,,,,,,,,,,,,,,,,,,,,,,,,,,,,,,,,,,,,,,,,,,,,,,,,,,,,,,,,,,,,,,,,,,,,,,,,,,,,,,,,,,,,,,,,,,,,,,,,,,,,,,,,,,,,,,
1764669115.569365,55492,0,4396.025879,4402.94873,4488.461426,4542.563965,4414.358887,4526.153809,4540.512695,4396.666504,4596.410156,4423.077148,4499.871582,4524.358887,4564.615234,4399.615234,4368.077148,4470.384766,4544.102539,4508.589844,4483.589844,4385.128418,4388.461426,4568.717773,4524.743652,4506.538574,4427.94873,4590.897461,4393.205078,4562.179688,4510.128418,4415.128418,4532.94873,4471.410156,2760,0,5,1792,59771,,,,0,4,4,4,4,4,4,4,4,4,4,4,4,4,4,4,4,4,4,4,4,4,4,4,4,4,4,4,4,4,4,4,4,100,,,,,,,,,,,,,,,,,,,,,,,,,,,,,,,,,,,,,,,,,,,,,,,,,,,,,,,,,,,,,,,,,,,,,,,,,,,,,,,,,,,,,,,,,,,,,,,,,,,,,,,,,,,,,,,,,,,,,,,,,,,,,,,,,,,,,,,,,,,,,,,,,,,,,,,,,,,,,,,,,,,,,,,,,,,,,,,,,,,,,,,,,,,,,,,,,,,,,,,,,,,,,,
1764669115.573271,55493,0,4402.563965,4410,4491.794922,4549.102539,4423.461426,4531.153809,4545.897461,4406.666504,4599.743652,4433.205078,4506.282227,4527.563965,4564.358887,4396.794922,4374.102539,4480.128418,4545.384766,4516.794922,4487.436035,4385.641113,4383.461426,4567.307617,4527.820313,4503.077148,4405.128418,4589.487305,4399.102539,4565.641113,4512.820313,4422.94873,4526.666504,4473.717773,2843,0,5,1792,59771,,,,0,4,4,4,4,4,4,4,4,4,4,4,4,4,4,4,4,4,4,4,4,4,4,4,4,4,4,4,4,4,4,4,4,100,,,,,,,,,,,,,,,,,,,,,,,,,,,,,,,,,,,13873,0,0.611976,-0.329834,-0.33844,0.634155,1.003541,-0.024905,-0.036137,14,40,-21.833334,,,,,,,,,,,,,,,,,,,,,,,,,,,,,,,,,,,,,,,,,,,,,,,,,,,,,,,,,,,,,,,,,,,,,,,,,,,,,,,,,,,,,,,,,,,,,,,,,,,,,,,,,,,,,,,,,,,,,,,,,,,,,,,,,,,,,,,,,,,,,,,,,,,,,,,,,,,,,,,,
1764669115.577177,55494,0,4401.538574,4408.333496,4496.282227,4545.897461,4419.743652,4530.256348,4546.922852,4406.153809,4595.641113,4426.153809,4509.871582,4527.307617,4564.615234,4394.358887,4378.333496,4489.230957,4544.102539,4523.717773,4492.692383,4386.282227,4383.717773,4564.487305,4527.436035,4498.077148,4387.436035,4584.871582,4401.666504,4563.589844,4512.307617,4420.384766,4521.025879,4477.05127,2828,0,5,1280,59779,,,,0,4,4,4,4,4,4,4,4,4,4,4,4,4,4,4,4,4,4,4,4,4,4,4,4,4,4,4,4,4,4,4,4,100,,,,,,,,,,,,,,,,,,,,,,,,,,,,,,,,,,,,,,,,,,,,,,,,,,,,,,,,,,,,,,,,,,,,,,,,,,,,,,,,,,,,,,,,,,,,,,,,,,,,,,,,,,,,,,,,,,,,,,,,,,,,,,,,,,,,,,,,,,,,,,,,,,,,,,,,,,,,,,,,,,,,,,,,,,,,,,,,,,,,,,,,,,,,,,,,,,,,,,,,,,,,,,
1764669115.581083,55495,0,4394.102539,4400,4500.769043,4536.025879,4407.94873,4524.743652,4544.358887,4397.563965,4587.563965,4409.358887,4509.615234,4525.128418,4565.897461,4393.205078,4380.128418,4493.461426,4541.025879,4527.94873,4498.974121,4386.794922,4388.589844,4561.666504,4523.846191,4494.102539,4391.794922,4581.538574,4400.641113,4557.307617,4508.589844,4408.974121,4519.487305,4477.307617,3011,0,5,1280,59779,,,,0,4,4,4,4,4,4,4,4,4,4,4,4,4,4,4,4,4,4,4,4,4,4,4,4,4,4,4,4,4,4,4,4,100,,,,,,,,,,,,,,,,,,,,,,,,,,,,,,,,,,,,,,,,,,,,,,,,,,,,,,,,,,,,,,,,,,,,,,,,,,,,,,,,,,,,,,,,,,,,,,,,,,,,,,,,,,,,,,,,,,,,,,,,,,,,,,,,,,,,,,,,,,,,,,,,,,,,,,,,,,,,,,,,,,,,,,,,,,,,,,,,,,,,,,,,,,,,,,,,,,,,,,,,,,,,,,
1764669115.584989,55496,0,4385.384766,4389.615234,4505,4526.153809,4397.05127,4517.94873,4540.512695,4386.666504,4579.487305,4393.589844,4506.282227,4522.563965,4567.436035,4393.461426,4379.615234,4491.410156,4537.692383,4528.717773,4504.487305,4386.666504,4394.487305,4558.461426,4517.820313,4491.025879,4411.025879,4580.897461,4395.769043,4550,4503.333496,4394.615234,4521.410156,4472.820313,2922,0,5,1536,59787,,,,0,4,4,4,4,4,4,4,4,4,4,4,4,4,4,4,4,4,4,4,4,4,4,4,4,4,4,4,4,4,4,4,4,100,,,,,,,,,,,,,,,,,,,,,,,,,,,,,,,,,,,,,,,,,,,,,,,,,,,,,,,,,,,,,,,,,,,,,,,,,,,,,,,,,,,,,,,,,,,,,,,,,,,,,,,,,,,,,,,,,,,,,,,,,,,,,,,,,,,,,,,,,,,,,,,,,,,,,,,,,,,,,,,,,,,,,,,,,,,,,,,,,,,,,,,,,,,,,,,,,,,,,,,,,,,,,,
1764669115.588895,55497,0,4379.615234,4381.153809,4507.94873,4521.410156,4393.333496,4512.820313,4537.307617,4378.589844,4574.358887,4386.922852,4501.794922,4519.487305,4568.077148,4394.871582,4377.307617,4484.871582,4534.102539,4526.538574,4506.666504,4385.384766,4397.436035,4553.974121,4510.512695,4486.922852,4422.820313,4580.641113,4387.692383,4544.102539,4498.846191,4383.846191,4524.102539,4465.897461,2791,0,5,1536,59787,,,,0,4,4,4,4,4,4,4,4,4,4,4,4,4,4,4,4,4,4,4,4,4,4,4,4,4,4,4,4,4,4,4,4,100,,,,,,,,,,,,,,,,,,,,,,,,,,,,,,,,,,,13874,0,0.611988,-0.329773,-0.338135,0.634338,0.976193,-0.0293,-0.017092,16.5,39.166668,-20.166666,,,,,,,,,,,,,,,,,,,,,,,,,,,,,,,,,,,,,,,,,,,,,,,,,,,,,,,,,,,,,,,,,,,,,,,,,,,,,,,,,,,,,,,,,,,,,,,,,,,,,,,,,,,,,,,,,,,,,,,,,,,,,,,,,,,,,,,,,,,,,,,,,,,,,,,,,,,,,,,,
1764669115.592801,55498,0,4378.205078,4376.666504,4506.666504,4522.307617,4396.538574,4510.641113,4535.256348,4374.487305,4572.307617,4389.743652,4497.563965,4514.871582,4566.666504,4396.922852,4373.589844,4477.94873,4529.743652,4522.94873,4504.358887,4382.94873,4394.871582,4547.563965,4502.94873,4481.025879,4412.179688,4576.922852,4378.333496,4540.512695,4496.666504,4379.615234,4525,4461.922852,2459,0,5,1792,59795,,,,0,4,4,4,4,4,4,4,4,4,4,4,4,4,4,4,4,4,4,4,4,4,4,4,4,4,4,4,4,4,4,4,4,100,,,,,,,,,,,,,,,,,,,,,,,,,,,,,,,,,,,,,,,,,,,,,,,,,,,,,,,,,,,,,,,,,,,,,,,,,,,,,,,,,,,,,,,,,,,,,,,,,,,,,,,,,,,,,,,,,,,,,,,,,,,,,,,,,,,,,,,,,,,,,,,,,,,,,,,,,,,,,,,,,,,,,,,,,,,,,,,,,,,,,,,,,,,,,,,,,,,,,,,,,,,,,,
1764669115.596707,55499,0,4378.717773,4375,4499.358887,4525.641113,4400.769043,4510.512695,4532.436035,4372.179688,4571.410156,4394.487305,4493.974121,4508.205078,4562.692383,4398.589844,4369.102539,4475,4524.358887,4519.743652,4499.230957,4379.358887,4387.436035,4540.769043,4496.025879,4475.384766,4386.794922,4568.461426,4370.256348,4538.077148,4496.666504,4380.256348,4523.333496,4466.282227,2733,0,5,1792,59795,,,,0,4,4,4,4,4,4,4,4,4,4,4,4,4,4,4,4,4,4,4,4,4,4,4,4,4,4,4,4,4,4,4,4,100,,,,,,,,,,,,,,,,,,,,,,,,,,,,,,,,,,,,,,,,,,,,,,,,,,,,,,,,,,,,,,,,,,,,,,,,,,,,,,,,,,,,,,,,,,,,,,,,,,,,,,,,,,,,,,,,,,,,,,,,,,,,,,,,,,,,,,,,,,,,,,,,,,,,,,,,,,,,,,,,,,,,,,,,,,,,,,,,,,,,,,,,,,,,,,,,,,,,,,,,,,,,,,
1764669115.600613,55500,0,4377.05127,4374.230957,4488.205078,4527.05127,4399.487305,4509.487305,4527.563965,4368.333496,4568.846191,4392.94873,4490.512695,4499.871582,4556.922852,4398.589844,4365.641113,4477.563965,4518.461426,4518.717773,4495.384766,4374.871582,4378.717773,4536.282227,4490.769043,4472.820313,4370.128418,4557.820313,4364.615234,4535.128418,4496.794922,4381.538574,4518.974121,4479.871582,2492,0,5,2048,59802,,,,0,4,4,4,4,4,4,4,4,4,4,4,4,4,4,4,4,4,4,4,4,4,4,4,4,4,4,4,4,4,4,4,4,100,,,,,,,,,,,,,,,,,,,,,,,,,,,,,,,,,,,,,,,,,,,,,,,,,,,,,,,,,,,,,,,,,,,,,,,,,,,,,,,,,,,,,,,,,,,,,,,,,,,,,,,,,,,,,,,,,,,,,,,,,,,,,,,,,,,,,,,,,,,,,,,,,,,,,,,,,,,,,,,,,,,,,,,,,,,,,,,,,,,,,,,,,,,,,,,,,,,,,,,,,,,,,,
1764669115.604519,55501,0,4371.282227,4372.179688,4478.974121,4525.512695,4391.282227,4505.641113,4521.153809,4362.820313,4563.717773,4383.205078,4486.410156,4492.05127,4550.769043,4396.025879,4364.743652,4483.205078,4512.820313,4519.102539,4495.128418,4370.384766,4372.436035,4535.512695,4487.179688,4473.974121,4378.333496,4549.358887,4360.897461,4530.641113,4495.256348,4380.256348,4510.641113,4496.025879,2255,0,5,2048,59802,,,,0,4,4,4,4,4,4,4,4,4,4,4,4,4,4,4,4,4,4,4,4,4,4,4,4,4,4,4,4,4,4,4,4,100,,,,,,,,,,,,,,,,,,,,,,,,,,,,,,,,,,,13875,0,0.612151,-0.329651,-0.338074,0.634277,0.999145,-0.027835,0.001953,17.166666,38.166668,-21.166666,,,,,,,,,,,,,,,,,,,,,,,,,,,,,,,,,,,,,,,,,,,,,,,,,,,,,,,,,,,,,,,,,,,,,,,,,,,,,,,,,,,,,,,,,,,,,,,,,,,,,,,,,,,,,,,,,,,,,,,,,,,,,,,,,,,,,,,,,,,,,,,,,,,,,,,,,,,,,,,,
1764669115.608425,55502,0,4363.717773,4368.205078,4476.538574,4522.563965,4380.897461,4499.871582,4516.153809,4358.461426,4558.077148,4371.538574,4482.436035,4487.05127,4545.897461,4391.282227,4366.282227,4487.436035,4508.205078,4519.230957,4496.922852,4366.922852,4371.025879,4537.563965,4485.384766,4476.538574,4403.205078,4546.794922,4358.589844,4525,4491.794922,4376.025879,4498.589844,4503.846191,2747,0,5,1536,59810,,,,0,4,4,4,4,4,4,4,4,4,4,4,4,4,4,4,4,4,4,4,4,4,4,4,4,4,4,4,4,4,4,4,4,100,,,,,,,,,,,,,,,,,,,,,,,,,,,,,,,,,,,,,,,,,,,,,,,,,,,,,,,,,,,,,,,,,,,,,,,,,,,,,,,,,,,,,,,,,,,,,,,,,,,,,,,,,,,,,,,,,,,,,,,,,,,,,,,,,,,,,,,,,,,,,,,,,,,,,,,,,,,,,,,,,,,,,,,,,,,,,,,,,,,,,,,,,,,,,,,,,,,,,,,,,,,,,,
1764669115.612331,55503,0,4359.615234,4364.743652,4481.922852,4521.538574,4376.025879,4496.282227,4516.282227,4360,4555.256348,4366.666504,4480.384766,4487.179688,4543.974121,4386.153809,4369.487305,4488.205078,4506.922852,4517.307617,4497.820313,4366.282227,4373.974121,4540.512695,4486.025879,4477.820313,4418.846191,4551.410156,4358.846191,4521.794922,4488.461426,4372.436035,4486.794922,4496.025879,2457,0,5,1536,59810,,,,0,4,4,4,4,4,4,4,4,4,4,4,4,4,4,4,4,4,4,4,4,4,4,4,4,4,4,4,4,4,4,4,4,100,,,,,,,,,,,,,,,,,,,,,,,,,,,,,,,,,,,,,,,,,,,,,,,,,,,,,,,,,,,,,,,,,,,,,,,,,,,,,,,,,,,,,,,,,,,,,,,,,,,,,,,,,,,,,,,,,,,,,,,,,,,,,,,,,,,,,,,,,,,,,,,,,,,,,,,,,,,,,,,,,,,,,,,,,,,,,,,,,,,,,,,,,,,,,,,,,,,,,,,,,,,,,,
1764669115.616237,55504,0,4363.589844,4365.769043,4491.153809,4523.589844,4380.512695,4499.487305,4523.333496,4369.615234,4557.436035,4372.307617,4482.179688,4492.820313,4545.897461,4383.717773,4373.589844,4486.410156,4510.641113,4514.615234,4496.538574,4369.358887,4380.384766,4543.846191,4490.512695,4477.436035,4406.666504,4561.538574,4363.717773,4525.769043,4489.230957,4373.717773,4481.922852,4475.769043,2897,0,5,768,59818,,,,0,4,4,4,4,4,4,4,4,4,4,4,4,4,4,4,4,4,4,4,4,4,4,4,4,4,4,4,4,4,4,4,4,100,,,,,,,,,,,,,,,,,,,,,,,,,,,,,,,,,,,,,,,,,,,,,,,,,,,,,,,,,,,,,,,,,,,,,,,,,,,,,,,,,,,,,,,,,,,,,,,,,,,,,,,,,,,,,,,,,,,,,,,,,,,,,,,,,,,,,,,,,,,,,,,,,,,,,,,,,,,,,,,,,,,,,,,,,,,,,,,,,,,,,,,,,,,,,,,,,,,,,,,,,,,,,,
1764669115.620143,55505,0,4374.358887,4373.077148,4498.589844,4526.410156,4391.794922,4509.102539,4534.230957,4383.205078,4563.461426,4384.358887,4486.922852,4501.025879,4551.153809,4385.641113,4377.436035,4485.128418,4518.589844,4514.871582,4495.384766,4375.256348,4388.589844,4548.205078,4498.205078,4477.563965,4372.820313,4572.820313,4372.94873,4537.820313,4495.512695,4380.897461,4487.692383,4454.358887,2923,0,5,768,59818,,,,0,4,4,4,4,4,4,4,4,4,4,4,4,4,4,4,4,4,4,4,4,4,4,4,4,4,4,4,4,4,4,4,4,100,,,,,,,,,,,,,,,,,,,,,,,,,,,,,,,,,,,13876,0,0.612369,-0.32959,-0.338196,0.634033,0.999145,-0.027835,0.001953,15,42.166668,-20.833334,,,,,,,,,,,,,,,,,,,,,,,,,,,,,,,,,,,,,,,,,,,,,,,,,,,,,,,,,,,,,,,,,,,,,,,,,,,,,,,,,,,,,,,,,,,,,,,,,,,,,,,,,,,,,,,,,,,,,,,,,,,,,,,,,,,,,,,,,,,,,,,,,,,,,,,,,,,,,,,,
1764669115.624049,55506,0,4385,4382.436035,4499.487305,4526.025879,4401.410156,4518.974121,4542.563965,4391.922852,4568.974121,4393.717773,4490.897461,4506.922852,4556.282227,4390.641113,4379.230957,4485.769043,4525.897461,4519.615234,4497.05127,4379.358887,4393.717773,4552.307617,4505,4479.487305,4342.179688,4578.717773,4382.436035,4551.153809,4503.974121,4388.461426,4499.871582,4442.05127,1795,0,5,1024,59826,,,,0,4,4,4,4,4,4,4,4,4,4,4,4,4,4,4,4,4,4,4,4,4,4,4,4,4,4,4,4,4,4,4,4,100,,,,,,,,,,,,,,,,,,,,,,,,,,,,,,,,,,,,,,,,,,,,,,,,,,,,,,,,,,,,,,,,,,,,,,,,,,,,,,,,,,,,,,,,,,,,,,,,,,,,,,,,,,,,,,,,,,,,,,,,,,,,,,,,,,,,,,,,,,,,,,,,,,,,,,,,,,,,,,,,,,,,,,,,,,,,,,,,,,,,,,,,,,,,,,,,,,,,,,,,,,,,,,
1764669115.627956,55507,0,4387.179688,4386.153809,4491.794922,4520.128418,4401.410156,4521.025879,4541.922852,4388.333496,4568.846191,4392.307617,4489.102539,4505.512695,4556.666504,4394.487305,4377.307617,4486.538574,4526.922852,4526.410156,4501.666504,4377.05127,4390.641113,4552.563965,4504.743652,4481.153809,4334.487305,4573.333496,4385.384766,4555.256348,4507.94873,4389.487305,4508.077148,4440.128418,2759,0,5,1024,59826,,,,0,4,4,4,4,4,4,4,4,4,4,4,4,4,4,4,4,4,4,4,4,4,4,4,4,4,4,4,4,4,4,4,4,100,,,,,,,,,,,,,,,,,,,,,,,,,,,,,,,,,,,,,,,,,,,,,,,,,,,,,,,,,,,,,,,,,,,,,,,,,,,,,,,,,,,,,,,,,,,,,,,,,,,,,,,,,,,,,,,,,,,,,,,,,,,,,,,,,,,,,,,,,,,,,,,,,,,,,,,,,,,,,,,,,,,,,,,,,,,,,,,,,,,,,,,,,,,,,,,,,,,,,,,,,,,,,,
1764669115.631862,55508,0,4378.461426,4380.384766,4478.461426,4510.512695,4390.897461,4513.205078,4531.794922,4373.974121,4561.922852,4379.615234,4481.153809,4496.794922,4550.769043,4393.589844,4371.794922,4484.487305,4519.743652,4529.871582,4505.641113,4368.461426,4379.102539,4546.538574,4495.641113,4478.974121,4350.384766,4557.94873,4378.461426,4545.256348,4503.846191,4382.307617,4505.769043,4444.102539,2606,0,5,1280,59834,,,,0,4,4,4,4,4,4,4,4,4,4,4,4,4,4,4,4,4,4,4,4,4,4,4,4,4,4,4,4,4,4,4,4,100,,,,,,,,,,,,,,,,,,,,,,,,,,,,,,,,,,,,,,,,,,,,,,,,,,,,,,,,,,,,,,,,,,,,,,,,,,,,,,,,,,,,,,,,,,,,,,,,,,,,,,,,,,,,,,,,,,,,,,,,,,,,,,,,,,,,,,,,,,,,,,,,,,,,,,,,,,,,,,,,,,,,,,,,,,,,,,,,,,,,,,,,,,,,,,,,,,,,,,,,,,,,,,
1764669115.635768,55509,0,4366.025879,4369.871582,4466.282227,4503.205078,4378.077148,4501.794922,4519.615234,4358.974121,4553.461426,4365.128418,4472.307617,4486.794922,4542.692383,4388.461426,4365.769043,4479.743652,4509.358887,4527.563965,4505.769043,4360.769043,4367.563965,4537.692383,4484.102539,4473.333496,4376.538574,4541.794922,4365.512695,4527.94873,4495.512695,4373.205078,4496.538574,4450.897461,2811,0,5,1280,59834,,,,0,4,4,4,4,4,4,4,4,4,4,4,4,4,4,4,4,4,4,4,4,4,4,4,4,4,4,4,4,4,4,4,4,100,,,,,,,,,,,,,,,,,,,,,,,,,,,,,,,,,,,13877,0,0.612259,-0.329834,-0.338501,0.63385,1.020632,-0.021487,-0.02344,16.666666,39.833332,-21.166666,,,,,,,,,,,,,,,,,,,,,,,,,,,,,,,,,,,,,,,,,,,,,,,,,,,,,,,,,,,,,,,,,,,,,,,,,,,,,,,,,,,,,,,,,,,,,,,,,,,,,,,,,,,,,,,,,,,,,,,,,,,,,,,,,,,,,,,,,,,,,,,,,,,,,,,,,,,,,,,,
1764669115.639674,55510,0,4359.743652,4363.846191,4462.692383,4503.974121,4373.974121,4496.282227,4514.743652,4354.743652,4551.794922,4361.153809,4470.384766,4483.589844,4539.743652,4382.820313,4362.563965,4475,4503.846191,4521.538574,4502.179688,4362.692383,4367.05127,4534.102539,4479.615234,4469.871582,4399.230957,4536.538574,4355.769043,4516.666504,4490.769043,4370.512695,4490.769043,4461.794922,2944,0,5,1536,59842,,,,0,4,4,4,4,4,4,4,4,4,4,4,4,4,4,4,4,4,4,4,4,4,4,4,4,4,4,4,4,4,4,4,4,100,,,,,,,,,,,,,,,,,,,,,,,,,,,,,,,,,,,,,,,,,,,,,,,,,,,,,,,,,,,,,,,,,,,,,,,,,,,,,,,,,,,,,,,,,,,,,,,,,,,,,,,,,,,,,,,,,,,,,,,,,,,,,,,,,,,,,,,,,,,,,,,,,,,,,,,,,,,,,,,,,,,,,,,,,,,,,,,,,,,,,,,,,,,,,,,,,,,,,,,,,,,,,,
1764669115.643580,55511,0,4364.358887,4368.077148,4470.384766,4512.307617,4382.94873,4501.025879,4520.897461,4363.846191,4559.743652,4371.922852,4478.077148,4489.615234,4544.871582,4379.487305,4363.589844,4472.436035,4507.692383,4515.641113,4496.794922,4376.025879,4381.025879,4540.384766,4486.538574,4473.589844,4411.666504,4546.410156,4355.769043,4520.128418,4493.846191,4376.666504,4496.025879,4477.179688,2869,0,5,1536,59842,,,,0,4,4,4,4,4,4,4,4,4,4,4,4,4,4,4,4,4,4,4,4,4,4,4,4,4,4,4,4,4,4,4,4,100,,,,,,,,,,,,,,,,,,,,,,,,,,,,,,,,,,,,,,,,,,,,,,,,,,,,,,,,,,,,,,,,,,,,,,,,,,,,,,,,,,,,,,,,,,,,,,,,,,,,,,,,,,,,,,,,,,,,,,,,,,,,,,,,,,,,,,,,,,,,,,,,,,,,,,,,,,,,,,,,,,,,,,,,,,,,,,,,,,,,,,,,,,,,,,,,,,,,,,,,,,,,,,
1764669115.647486,55512,0,4375.256348,4379.743652,4483.717773,4522.179688,4398.974121,4511.794922,4532.436035,4378.461426,4571.922852,4389.230957,4490.384766,4500.897461,4555.128418,4378.461426,4367.692383,4471.922852,4517.820313,4512.436035,4492.179688,4392.820313,4401.025879,4553.589844,4500,4483.333496,4411.794922,4564.871582,4365.384766,4535.256348,4502.307617,4386.282227,4510,4492.307617,2733,0,5,1792,59849,,,,0,4,4,4,4,4,4,4,4,4,4,4,4,4,4,4,4,4,4,4,4,4,4,4,4,4,4,4,4,4,4,4,4,100,,,,,,,,,,,,,,,,,,,,,,,,,,,,,,,,,,,,,,,,,,,,,,,2.863276,4.47541,5.272849,2.535203,3.268017,3.195989,3.457072,4.664552,2.3878,3.446298,2.29621,2.336179,7.626572,9.022778,5.782897,2.796654,2.053347,4.202879,3.015334,3.146822,3.177903,3.941076,4.092693,2.374279,3.620008,2.286033,5.259721,6.207973,2.329461,3.262949,1.544434,2.822054,4.256532,2.368915,3.134686,1.975551,2.713818,4.293693,2.660255,3.783763,1.193188,1.396833,2.813316,2.996207,3.264277,0.969668,2.410192,2.580619,3.932146,5.171737,0.927958,2.532739,2.562079,1.343948,2.471794,1.420208,4.020564,5.954608,1.833011,3.488043,1.061651,2.0467,3.555775,1.577051,2.725219,0.963943,0.734128,1.57807,1.220275,1.554253,1.404873,4.920094,3.342233,1.229955,2.677404,1.949797,6.339904,3.576672,3.844262,3.284251,1.884961,3.597487,5.582736,2.462849,3.970227,3.234325,9.741343,7.822431,3.231543,4.70486,1.788102,6.145008,5.692247,2.036261,3.403684,2.078277,4.249398,7.299357,3.116992,3.978098,1.864273,7.347719,10.495747,4.35829,4.693579,1.924442,3.789402,6.279041,2.819129,4.218119,2.120452,2.678575,4.666358,2.637638,3.43651,2.52368,3.917906,6.320998,2.889157,4.288162,3.479574,6.470832,8.809438,14.433937,10.338217,2.427679,3.383435,5.007675,2.661805,3.230566,3.29954,1.975155,5.788806,4.134467,3.798675,3.150306,3.386965,5.872859,2.97507,4.01237,1.552236,2.154552,2.879507,1.269961,1.597932,3.78382,3.912736,6.324798,3.083591,3.734921,4.318692,3.938044,6.612241,4.573412,4.715279,2.784511,2.476353,8.557562,11.360674,4.611055
1764669115.651392,55513,0,4384.230957,4391.410156,4493.717773,4527.05127,4411.538574,4521.410156,4540.897461,4388.077148,4579.743652,4400.769043,4499.615234,4510.384766,4564.102539,4378.333496,4373.333496,4472.820313,4527.307617,4512.692383,4489.615234,4402.05127,4413.589844,4565.256348,4510.897461,4492.94873,4401.025879,4580.512695,4379.102539,4551.922852,4509.615234,4392.05127,4522.94873,4499.871582,2901,0,5,1792,59849,,,,0,4,4,4,4,4,4,4,4,4,4,4,4,4,4,4,4,4,4,4,4,4,4,4,4,4,4,4,4,4,4,4,4,100,,,,,,,,,,,,,,,,,,,,,,,,,,,,,,,,,,,13878,0,0.612191,-0.329834,-0.338623,0.63385,1.019656,-0.030765,-0.025882,16.333334,41.333332,-21.166666,,,,,,,,,,,,,,,,,,,,,,,,,,,,,,,,,,,,,,,,,,,,,,,,,,,,,,,,,,,,,,,,,,,,,,,,,,,,,,,,,,,,,,,,,,,,,,,,,,,,,,,,,,,,,,,,,,,,,,,,,,,,,,,,,,,,,,,,,,,,,,,,,,,,,,,,,,,,,,,,
1764669115.655298,55514,0,4386.538574,4397.563965,4495.256348,4525.897461,4414.871582,4525.384766,4542.05127,4388.205078,4579.358887,4402.05127,4501.410156,4514.487305,4568.077148,4378.846191,4379.871582,4475.512695,4531.410156,4516.153809,4488.846191,4398.589844,4410.384766,4568.846191,4513.846191,4496.922852,4383.974121,4585.641113,4390.384766,4561.410156,4511.410156,4391.538574,4527.179688,4495.897461,1821,0,5,2048,59857,,,,0,4,4,4,4,4,4,4,4,4,4,4,4,4,4,4,4,4,4,4,4,4,4,4,4,4,4,4,4,4,4,4,4,100,,,,,,,,,,,,,,,,,,,,,,,,,,,,,,,,,,,,,,,,,,,,,,,,,,,,,,,,,,,,,,,,,,,,,,,,,,,,,,,,,,,,,,,,,,,,,,,,,,,,,,,,,,,,,,,,,,,,,,,,,,,,,,,,,,,,,,,,,,,,,,,,,,,,,,,,,,,,,,,,,,,,,,,,,,,,,,,,,,,,,,,,,,,,,,,,,,,,,,,,,,,,,,
1764669115.659204,55515,0,4383.589844,4397.94873,4490.897461,4522.94873,4410.897461,4524.615234,4538.333496,4382.179688,4573.589844,4396.794922,4497.436035,4513.717773,4567.179688,4380.769043,4385.512695,4480.384766,4530,4520.256348,4488.333496,4386.410156,4393.974121,4563.461426,4509.743652,4493.589844,4367.307617,4580.512695,4395,4561.282227,4508.333496,4387.820313,4522.692383,4483.205078,2461,0,5,2048,59857,,,,0,4,4,4,4,4,4,4,4,4,4,4,4,4,4,4,4,4,4,4,4,4,4,4,4,4,4,4,4,4,4,4,4,100,,,,,,,,,,,,,,,,,,,,,,,,,,,,,,,,,,,,,,,,,,,,,,,,,,,,,,,,,,,,,,,,,,,,,,,,,,,,,,,,,,,,,,,,,,,,,,,,,,,,,,,,,,,,,,,,,,,,,,,,,,,,,,,,,,,,,,,,,,,,,,,,,,,,,,,,,,,,,,,,,,,,,,,,,,,,,,,,,,,,,,,,,,,,,,,,,,,,,,,,,,,,,,
1764669115.663110,55516,0,4379.615234,4395.384766,4487.307617,4522.563965,4404.871582,4521.922852,4534.102539,4376.538574,4567.820313,4390.128418,4491.922852,4510.641113,4563.717773,4383.974121,4386.922852,4485.128418,4525.512695,4520.641113,4485.512695,4373.589844,4373.461426,4552.179688,4502.436035,4485,4357.436035,4569.615234,4392.05127,4554.487305,4503.846191,4385.128418,4515.512695,4469.487305,2649,0,5,2304,59865,,,,0,4,4,4,4,4,4,4,4,4,4,4,4,4,4,4,4,4,4,4,4,4,4,4,4,4,4,4,4,4,4,4,4,100,,,,,,,,,,,,,,,,,,,,,,,,,,,,,,,,,,,,,,,,,,,,,,,,,,,,,,,,,,,,,,,,,,,,,,,,,,,,,,,,,,,,,,,,,,,,,,,,,,,,,,,,,,,,,,,,,,,,,,,,,,,,,,,,,,,,,,,,,,,,,,,,,,,,,,,,,,,,,,,,,,,,,,,,,,,,,,,,,,,,,,,,,,,,,,,,,,,,,,,,,,,,,,
1764669115.667016,55517,0,4376.025879,4391.538574,4488.589844,4524.358887,4399.871582,4518.589844,4531.922852,4375.512695,4564.615234,4382.94873,4487.692383,4506.538574,4559.615234,4386.538574,4381.538574,4485.512695,4519.743652,4514.615234,4479.487305,4365.384766,4358.077148,4539.102539,4495.641113,4473.974121,4357.436035,4558.461426,4383.205078,4545.256348,4500.512695,4384.358887,4510.256348,4461.922852,2492,0,5,2304,59865,,,,0,4,4,4,4,4,4,4,4,4,4,4,4,4,4,4,4,4,4,4,4,4,4,4,4,4,4,4,4,4,4,4,4,100,,,,,,,,,,,,,,,,,,,,,,,,,,,,,,,,,,,13879,0,0.61184,-0.329773,-0.338745,0.634155,1.017702,-0.013185,-0.02637,16,39.166668,-21,,,,,,,,,,,,,,,,,,,,,,,,,,,,,,,,,,,,,,,,,,,,,,,,,,,,,,,,,,,,,,,,,,,,,,,,,,,,,,,,,,,,,,,,,,,,,,,,,,,,,,,,,,,,,,,,,,,,,,,,,,,,,,,,,,,,,,,,,,,,,,,,,,,,,,,,,,,,,,,,
1764669115.670922,55518,0,4371.666504,4386.666504,4494.230957,4523.974121,4395.128418,4513.846191,4530.641113,4377.820313,4562.692383,4373.846191,4485.641113,4501.922852,4555.641113,4386.666504,4370.769043,4479.230957,4513.461426,4504.615234,4472.692383,4362.179688,4352.179688,4527.436035,4490.641113,4463.717773,4367.05127,4550.128418,4371.794922,4536.025879,4498.077148,4383.589844,4507.05127,4463.205078,2751,0,5,2560,59873,,,,0,4,4,4,4,4,4,4,4,4,4,4,4,4,4,4,4,4,4,4,4,4,4,4,4,4,4,4,4,4,4,4,4,100,,,,,,,,,,,,,,,,,,,,,,,,,,,,,,,,,,,,,,,,,,,,,,,,,,,,,,,,,,,,,,,,,,,,,,,,,,,,,,,,,,,,,,,,,,,,,,,,,,,,,,,,,,,,,,,,,,,,,,,,,,,,,,,,,,,,,,,,,,,,,,,,,,,,,,,,,,,,,,,,,,,,,,,,,,,,,,,,,,,,,,,,,,,,,,,,,,,,,,,,,,,,,,
1764669115.674828,55519,0,4365.897461,4381.153809,4500.641113,4519.102539,4389.487305,4507.692383,4528.589844,4379.743652,4561.153809,4364.487305,4485.128418,4498.205078,4552.563965,4385.256348,4360.641113,4470.256348,4507.94873,4497.05127,4469.871582,4362.436035,4356.025879,4520.512695,4488.717773,4457.307617,4382.05127,4546.025879,4362.05127,4527.820313,4495.512695,4380.641113,4503.589844,4470.769043,2754,0,5,2560,59873,,,,0,4,4,4,4,4,4,4,4,4,4,4,4,4,4,4,4,4,4,4,4,4,4,4,4,4,4,4,4,4,4,4,4,100,,,,,,,,,,,,,,,,,,,,,,,,,,,,,,,,,,,,,,,,,,,,,,,,,,,,,,,,,,,,,,,,,,,,,,,,,,,,,,,,,,,,,,,,,,,,,,,,,,,,,,,,,,,,,,,,,,,,,,,,,,,,,,,,,,,,,,,,,,,,,,,,,,,,,,,,,,,,,,,,,,,,,,,,,,,,,,,,,,,,,,,,,,,,,,,,,,,,,,,,,,,,,,
1764669115.678734,55520,0,4360.641113,4377.179688,4505.256348,4512.436035,4384.102539,4501.922852,4525.769043,4379.358887,4560.256348,4360.769043,4485,4497.692383,4551.282227,4384.871582,4357.307617,4465.769043,4505.128418,4497.563965,4473.205078,4364.743652,4365.384766,4521.025879,4490.256348,4456.794922,4394.102539,4546.538574,4357.563965,4522.179688,4492.692383,4375.769043,4499.743652,4478.589844,2832,0,5,2560,59881,,,,0,4,4,4,4,4,4,4,4,4,4,4,4,4,4,4,4,4,4,4,4,4,4,4,4,4,4,4,4,4,4,4,4,100,,,,,,,,,,,,,,,,,,,,,,,,,,,,,,,,,,,,,,,,,,,,,,,,,,,,,,,,,,,,,,,,,,,,,,,,,,,,,,,,,,,,,,,,,,,,,,,,,,,,,,,,,,,,,,,,,,,,,,,,,,,,,,,,,,,,,,,,,,,,,,,,,,,,,,,,,,,,,,,,,,,,,,,,,,,,,,,,,,,,,,,,,,,,,,,,,,,,,,,,,,,,,,
1764669115.682640,55521,0,4358.333496,4376.025879,4505.897461,4508.589844,4381.666504,4499.230957,4523.461426,4376.666504,4560.769043,4366.666504,4484.615234,4500.897461,4551.666504,4386.922852,4361.153809,4469.615234,4506.025879,4504.743652,4480.128418,4367.179688,4373.589844,4528.974121,4493.974121,4461.025879,4392.94873,4550.256348,4359.102539,4520.256348,4491.025879,4371.153809,4497.436035,4480.128418,2922,0,5,2560,59881,,,,0,4,4,4,4,4,4,4,4,4,4,4,4,4,4,4,4,4,4,4,4,4,4,4,4,4,4,4,4,4,4,4,4,100,,,,,,,,,,,,,,,,,,,,,,,,,,,,,,,,,,,13880,0,0.61184,-0.329773,-0.338745,0.634155,0.987914,-0.03223,-0.021975,15,38.166668,-22,,,,,,,,,,,,,,,,,,,,,,,,,,,,,,,,,,,,,,,,,,,,,,,,,,,,,,,,,,,,,,,,,,,,,,,,,,,,,,,,,,,,,,,,,,,,,,,,,,,,,,,,,,,,,,,,,,,,,,,,,,,,,,,,,,,,,,,,,,,,,,,,,,,,,,,,,,,,,,,,
1764669115.686546,55522,0,4359.230957,4376.666504,4500.512695,4509.230957,4382.692383,4499.615234,4521.666504,4372.94873,4560.512695,4379.102539,4483.205078,4505,4552.179688,4389.871582,4367.179688,4478.589844,4508.717773,4512.179688,4485.641113,4367.94873,4374.487305,4539.871582,4496.666504,4466.538574,4375.256348,4553.974121,4363.333496,4521.410156,4490.256348,4368.589844,4497.436035,4472.436035,2706,0,5,2561,59888,,,,0,4,4,4,4,4,4,4,4,4,4,4,4,4,4,4,4,4,4,4,4,4,4,4,4,4,4,4,4,4,4,4,4,100,,,,,,,,,,,,,,,,,,,,,,,,,,,,,,,,,,,,,,,,,,,,,,,,,,,,,,,,,,,,,,,,,,,,,,,,,,,,,,,,,,,,,,,,,,,,,,,,,,,,,,,,,,,,,,,,,,,,,,,,,,,,,,,,,,,,,,,,,,,,,,,,,,,,,,,,,,,,,,,,,,,,,,,,,,,,,,,,,,,,,,,,,,,,,,,,,,,,,,,,,,,,,,
1764669115.690452,55523,0,4361.282227,4376.538574,4489.358887,4512.179688,4385.512695,4501.153809,4520,4369.871582,4557.692383,4389.743652,4481.282227,4506.410156,4551.282227,4390.897461,4369.487305,4486.153809,4510.897461,4514.743652,4487.563965,4365.769043,4368.461426,4548.461426,4496.410156,4471.025879,4350.897461,4555,4365.384766,4524.102539,4490.128418,4368.846191,4498.589844,4458.589844,2865,0,5,2561,59888,,,,0,4,4,4,4,4,4,4,4,4,4,4,4,4,4,4,4,4,4,4,4,4,4,4,4,4,4,4,4,4,4,4,4,100,,,,,,,,,,,,,,,,,,,,,,,,,,,,,,,,,,,,,,,,,,,,,,,,,,,,,,,,,,,,,,,,,,,,,,,,,,,,,,,,,,,,,,,,,,,,,,,,,,,,,,,,,,,,,,,,,,,,,,,,,,,,,,,,,,,,,,,,,,,,,,,,,,,,,,,,,,,,,,,,,,,,,,,,,,,,,,,,,,,,,,,,,,,,,,,,,,,,,,,,,,,,,,
1764669115.694358,55524,0,4363.333496,4375.512695,4477.692383,4515.769043,4388.974121,4502.692383,4519.102539,4369.871582,4553.589844,4392.94873,4481.794922,4505.256348,4550.897461,4389.615234,4366.666504,4488.333496,4512.692383,4513.717773,4488.974121,4363.077148,4362.05127,4552.94873,4495.256348,4474.871582,4339.102539,4553.589844,4363.333496,4527.563965,4491.025879,4372.563965,4498.333496,4447.05127,2761,0,5,2562,59896,,,,0,4,4,4,4,4,4,4,4,4,4,4,4,4,4,4,4,4,4,4,4,4,4,4,4,4,4,4,4,4,4,4,4,100,,,,,,,,,,,,,,,,,,,,,,,,,,,,,,,,,,,,,,,,,,,,,,,,,,,,,,,,,,,,,,,,,,,,,,,,,,,,,,,,,,,,,,,,,,,,,,,,,,,,,,,,,,,,,,,,,,,,,,,,,,,,,,,,,,,,,,,,,,,,,,,,,,,,,,,,,,,,,,,,,,,,,,,,,,,,,,,,,,,,,,,,,,,,,,,,,,,,,,,,,,,,,,
1764669115.698264,55525,0,4367.563965,4376.794922,4474.358887,4522.05127,4393.846191,4505.128418,4522.05127,4375.769043,4554.230957,4391.794922,4487.94873,4506.282227,4554.615234,4389.102539,4363.589844,4488.205078,4516.666504,4514.743652,4493.333496,4363.974121,4363.461426,4555.897461,4497.692383,4480.641113,4354.487305,4553.846191,4360.897461,4532.692383,4494.871582,4380.128418,4497.05127,4445.897461,2849,0,5,2562,59896,,,,0,4,4,4,4,4,4,4,4,4,4,4,4,4,4,4,4,4,4,4,4,4,4,4,4,4,4,4,4,4,4,4,4,100,,,,,,,,,,,,,,,,,,,,,,,,,,,,,,,,,,,13881,0,0.611893,-0.329346,-0.338379,0.634521,1.005982,-0.038091,-0.018557,16.333334,41,-19.5,,,,,,,,,,,,,,,,,,,,,,,,,,,,,,,,,,,,,,,,,,,,,,,,,,,,,,,,,,,,,,,,,,,,,,,,,,,,,,,,,,,,,,,,,,,,,,,,,,,,,,,,,,,,,,,,,,,,,,,,,,,,,,,,,,,,,,,,,,,,,,,,,,,,,,,,,,,,,,,,
1764669115.702170,55526,0,4376.538574,4384.358887,4485.384766,4533.974121,4401.666504,4511.538574,4531.666504,4388.461426,4564.743652,4395,4500.256348,4513.974121,4564.871582,4392.820313,4367.94873,4491.922852,4525.897461,4521.538574,4501.153809,4371.282227,4375.384766,4560.256348,4506.794922,4489.102539,4394.871582,4560.769043,4364.615234,4540.512695,4502.94873,4391.410156,4498.974121,4458.461426,2838,0,5,2563,59904,,,,0,4,4,4,4,4,4,4,4,4,4,4,4,4,4,4,4,4,4,4,4,4,4,4,4,4,4,4,4,4,4,4,4,100,,,,,,,,,,,,,,,,,,,,,,,,,,,,,,,,,,,,,,,,,,,,,,,,,,,,,,,,,,,,,,,,,,,,,,,,,,,,,,,,,,,,,,,,,,,,,,,,,,,,,,,,,,,,,,,,,,,,,,,,,,,,,,,,,,,,,,,,,,,,,,,,,,,,,,,,,,,,,,,,,,,,,,,,,,,,,,,,,,,,,,,,,,,,,,,,,,,,,,,,,,,,,,
1764669115.706076,55527,0,4390.384766,4398.717773,4506.794922,4550.897461,4412.307617,4523.077148,4546.666504,4404.871582,4584.102539,4407.436035,4514.743652,4527.692383,4579.871582,4401.538574,4382.94873,4503.205078,4540.384766,4534.615234,4510.641113,4384.102539,4393.717773,4567.692383,4520.897461,4498.846191,4441.538574,4575.769043,4377.436035,4551.153809,4514.102539,4404.487305,4508.205078,4480.897461,3008,0,5,2563,59904,,,,0,4,4,4,4,4,4,4,4,4,4,4,4,4,4,4,4,4,4,4,4,4,4,4,4,4,4,4,4,4,4,4,4,100,,,,,,,,,,,,,,,,,,,,,,,,,,,,,,,,,,,,,,,,,,,,,,,,,,,,,,,,,,,,,,,,,,,,,,,,,,,,,,,,,,,,,,,,,,,,,,,,,,,,,,,,,,,,,,,,,,,,,,,,,,,,,,,,,,,,,,,,,,,,,,,,,,,,,,,,,,,,,,,,,,,,,,,,,,,,,,,,,,,,,,,,,,,,,,,,,,,,,,,,,,,,,,
1764669115.709982,55528,0,4403.846191,4413.589844,4526.153809,4565.897461,4422.05127,4535.641113,4560.641113,4417.563965,4603.077148,4423.717773,4524.102539,4540.256348,4592.820313,4411.410156,4403.077148,4519.102539,4555.384766,4551.153809,4520.769043,4398.333496,4410.769043,4576.282227,4533.589844,4507.820313,4471.538574,4592.94873,4394.487305,4561.538574,4523.589844,4414.358887,4523.461426,4504.487305,2927,0,5,2563,59912,,,,0,4,4,4,4,4,4,4,4,4,4,4,4,4,4,4,4,4,4,4,4,4,4,4,4,4,4,4,4,4,4,4,4,100,,,,,,,,,,,,,,,,,,,,,,,,,,,,,,,,,,,,,,,,,,,,,,,,,,,,,,,,,,,,,,,,,,,,,,,,,,,,,,,,,,,,,,,,,,,,,,,,,,,,,,,,,,,,,,,,,,,,,,,,,,,,,,,,,,,,,,,,,,,,,,,,,,,,,,,,,,,,,,,,,,,,,,,,,,,,,,,,,,,,,,,,,,,,,,,,,,,,,,,,,,,,,,
1764669115.713888,55529,0,4408.333496,4418.717773,4529.871582,4569.102539,4425.384766,4541.282227,4564.743652,4417.820313,4609.743652,4431.282227,4521.922852,4542.307617,4595.641113,4416.153809,4415.512695,4530.256348,4563.333496,4565.769043,4531.025879,4407.563965,4420.128418,4581.538574,4536.922852,4512.563965,4472.307617,4601.922852,4405,4565.769043,4525.641113,4414.871582,4535.769043,4517.820313,2792,0,5,2563,59912,,,,0,4,4,4,4,4,4,4,4,4,4,4,4,4,4,4,4,4,4,4,4,4,4,4,4,4,4,4,4,4,4,4,4,100,,,,,,,,,,,,,,,,,,,,,,,,,,,,,,,,,,,13882,0,0.611922,-0.329285,-0.338501,0.63446,1.017702,-0.016115,-0.020999,15.833333,41,-21.166666,,,,,,,,,,,,,,,,,,,,,,,,,,,,,,,,,,,,,,,,,,,,,,,,,,,,,,,,,,,,,,,,,,,,,,,,,,,,,,,,,,,,,,,,,,,,,,,,,,,,,,,,,,,,,,,,,,,,,,,,,,,,,,,,,,,,,,,,,,,,,,,,,,,,,,,,,,,,,,,,
1764669115.717794,55530,0,4397.94873,4406.922852,4512.94873,4555.128418,4417.05127,4532.94873,4553.589844,4401.666504,4597.820313,4420.512695,4506.794922,4528.846191,4584.487305,4411.025879,4409.358887,4526.794922,4557.820313,4571.282227,4538.589844,4406.153809,4418.077148,4578.589844,4526.538574,4509.743652,4447.307617,4594.743652,4400.384766,4558.717773,4517.179688,4402.179688,4534.487305,4512.563965,2449,0,5,2563,59920,,,,0,4,4,4,4,4,4,4,4,4,4,4,4,4,4,4,4,4,4,4,4,4,4,4,4,4,4,4,4,4,4,4,4,100,,,,,,,,,,,,,,,,,,,,,,,,,,,,,,,,,,,,,,,,,,,,,,,,,,,,,,,,,,,,,,,,,,,,,,,,,,,,,,,,,,,,,,,,,,,,,,,,,,,,,,,,,,,,,,,,,,,,,,,,,,,,,,,,,,,,,,,,,,,,,,,,,,,,,,,,,,,,,,,,,,,,,,,,,,,,,,,,,,,,,,,,,,,,,,,,,,,,,,,,,,,,,,
1764669115.721700,55531,0,4375,4381.025879,4483.333496,4528.333496,4397.436035,4512.179688,4530.384766,4374.743652,4571.666504,4393.205078,4484.358887,4503.846191,4563.205078,4397.05127,4385.897461,4508.205078,4539.102539,4562.692383,4538.717773,4394.102539,4406.410156,4565.769043,4505.641113,4497.94873,4410.897461,4573.974121,4381.922852,4541.153809,4501.153809,4380.384766,4517.436035,4488.717773,2738,0,5,2563,59920,,,,0,4,4,4,4,4,4,4,4,4,4,4,4,4,4,4,4,4,4,4,4,4,4,4,4,4,4,4,4,4,4,4,4,100,,,,,,,,,,,,,,,,,,,,,,,,,,,,,,,,,,,,,,,,,,,,,,,,,,,,,,,,,,,,,,,,,,,,,,,,,,,,,,,,,,,,,,,,,,,,,,,,,,,,,,,,,,,,,,,,,,,,,,,,,,,,,,,,,,,,,,,,,,,,,,,,,,,,,,,,,,,,,,,,,,,,,,,,,,,,,,,,,,,,,,,,,,,,,,,,,,,,,,,,,,,,,,
1764669115.725606,55532,0,4351.153809,4354.743652,4457.05127,4501.666504,4374.615234,4489.615234,4507.436035,4350.256348,4545.769043,4363.589844,4465.384766,4479.871582,4542.94873,4382.05127,4359.743652,4485.256348,4516.153809,4542.307617,4528.589844,4377.820313,4391.282227,4547.94873,4484.743652,4481.922852,4381.025879,4552.436035,4360.897461,4522.179688,4485.897461,4361.153809,4496.025879,4458.717773,2500,0,5,2560,59927,,,,0,4,4,4,4,4,4,4,4,4,4,4,4,4,4,4,4,4,4,4,4,4,4,4,4,4,4,4,4,4,4,4,4,100,,,,,,,,,,,,,,,,,,,,,,,,,,,,,,,,,,,,,,,,,,,,,,,,,,,,,,,,,,,,,,,,,,,,,,,,,,,,,,,,,,,,,,,,,,,,,,,,,,,,,,,,,,,,,,,,,,,,,,,,,,,,,,,,,,,,,,,,,,,,,,,,,,,,,,,,,,,,,,,,,,,,,,,,,,,,,,,,,,,,,,,,,,,,,,,,,,,,,,,,,,,,,,
1764669115.729512,55533,0,4340,4343.461426,4448.461426,4488.717773,4360.128418,4478.589844,4498.205078,4340.897461,4535.256348,4348.205078,4459.358887,4470.641113,4534.358887,4375.641113,4347.94873,4472.307617,4501.410156,4520.512695,4510.512695,4366.410156,4380,4533.846191,4475.512695,4471.538574,4371.410156,4544.102539,4351.410156,4513.589844,4480.128418,4356.153809,4487.94873,4441.666504,2262,0,5,2560,59927,,,,0,4,4,4,4,4,4,4,4,4,4,4,4,4,4,4,4,4,4,4,4,4,4,4,4,4,4,4,4,4,4,4,4,100,,,,,,,,,,,,,,,,,,,,,,,,,,,,,,,,,,,13883,0,0.611918,-0.329285,-0.338623,0.634399,1.017702,-0.016115,-0.020999,15.5,41,-20.333334,,,,,,,,,,,,,,,,,,,,,,,,,,,,,,,,,,,,,,,,,,,,,,,,,,,,,,,,,,,,,,,,,,,,,,,,,,,,,,,,,,,,,,,,,,,,,,,,,,,,,,,,,,,,,,,,,,,,,,,,,,,,,,,,,,,,,,,,,,,,,,,,,,,,,,,,,,,,,,,,
1764669115.733418,55534,0,4347.179688,4352.820313,4459.358887,4494.358887,4361.025879,4484.615234,4507.307617,4350.128418,4545.128418,4353.077148,4467.563965,4480,4540.256348,4381.282227,4356.282227,4476.153809,4501.538574,4507.05127,4490.128418,4365,4375.641113,4530.641113,4481.922852,4474.230957,4383.077148,4553.077148,4359.358887,4520.512695,4486.153809,4367.94873,4502.307617,4449.743652,2759,0,5,2560,59934,,,,0,4,4,4,4,4,4,4,4,4,4,4,4,4,4,4,4,4,4,4,4,4,4,4,4,4,4,4,4,4,4,4,4,100,,,,,,,,,,,,,,,,,,,,,,,,,,,,,,,,,,,,,,,,,,,,,,,,,,,,,,,,,,,,,,,,,,,,,,,,,,,,,,,,,,,,,,,,,,,,,,,,,,,,,,,,,,,,,,,,,,,,,,,,,,,,,,,,,,,,,,,,,,,,,,,,,,,,,,,,,,,,,,,,,,,,,,,,,,,,,,,,,,,,,,,,,,,,,,,,,,,,,,,,,,,,,,
1764669115.737324,55535,0,4365.769043,4373.974121,4477.692383,4511.538574,4374.487305,4502.05127,4527.05127,4370,4567.179688,4369.871582,4482.692383,4498.846191,4553.717773,4394.102539,4376.025879,4490.256348,4512.94873,4503.846191,4473.205078,4370.769043,4375.256348,4537.94873,4497.692383,4487.563965,4402.692383,4570.512695,4377.820313,4536.794922,4498.461426,4387.563965,4530.256348,4477.307617,2465,0,5,2560,59934,,,,0,4,4,4,4,4,4,4,4,4,4,4,4,4,4,4,4,4,4,4,4,4,4,4,4,4,4,4,4,4,4,4,4,100,,,,,,,,,,,,,,,,,,,,,,,,,,,,,,,,,,,,,,,,,,,,,,,,,,,,,,,,,,,,,,,,,,,,,,,,,,,,,,,,,,,,,,,,,,,,,,,,,,,,,,,,,,,,,,,,,,,,,,,,,,,,,,,,,,,,,,,,,,,,,,,,,,,,,,,,,,,,,,,,,,,,,,,,,,,,,,,,,,,,,,,,,,,,,,,,,,,,,,,,,,,,,,
1764669115.741230,55536,0,4382.692383,4392.436035,4488.077148,4528.077148,4391.794922,4519.615234,4544.102539,4388.333496,4587.307617,4385.512695,4495.512695,4513.846191,4565,4405.256348,4392.94873,4502.05127,4526.282227,4506.794922,4464.102539,4377.307617,4374.615234,4548.974121,4511.282227,4501.538574,4411.538574,4584.230957,4394.230957,4551.794922,4509.102539,4401.666504,4550.769043,4503.717773,2908,0,5,2561,59942,,,,0,4,4,4,4,4,4,4,4,4,4,4,4,4,4,4,4,4,4,4,4,4,4,4,4,4,4,4,4,4,4,4,4,100,,,,,,,,,,,,,,,,,,,,,,,,,,,,,,,,,,,,,,,,,,,,,,,,,,,,,,,,,,,,,,,,,,,,,,,,,,,,,,,,,,,,,,,,,,,,,,,,,,,,,,,,,,,,,,,,,,,,,,,,,,,,,,,,,,,,,,,,,,,,,,,,,,,,,,,,,,,,,,,,,,,,,,,,,,,,,,,,,,,,,,,,,,,,,,,,,,,,,,,,,,,,,,
1764669115.745136,55537,0,4389.743652,4399.102539,4484.487305,4536.666504,4405.769043,4529.358887,4550.128418,4397.563965,4596.538574,4395.512695,4501.922852,4517.94873,4569.358887,4409.230957,4398.589844,4503.846191,4534.358887,4511.794922,4466.153809,4380.897461,4373.205078,4556.410156,4516.410156,4507.436035,4399.871582,4587.94873,4400.769043,4558.846191,4513.333496,4403.589844,4548.717773,4508.846191,2907,0,5,2561,59942,,,,0,4,4,4,4,4,4,4,4,4,4,4,4,4,4,4,4,4,4,4,4,4,4,4,4,4,4,4,4,4,4,4,4,100,,,,,,,,,,,,,,,,,,,,,,,,,,,,,,,,,,,13884,0,0.611924,-0.329102,-0.338562,0.634521,1.018191,-0.039556,-0.030277,17.333334,38.833332,-21.833334,,,,,,,,,,,,,,,,,,,,,,,,,,,,,,,,,,,,,,,,,,,,,,,,,,,,,,,,,,,,,,,,,,,,,,,,,,,,,,,,,,,,,,,,,,,,,,,,,,,,,,,,,,,,,,,,,,,,,,,,,,,,,,,,,,,,,,,,,,,,,,,,,,,,,,,,,,,,,,,,
1764669115.749042,55538,0,4387.94873,4395,4473.974121,4538.974121,4413.333496,4530,4546.794922,4399.230957,4595.512695,4403.974121,4503.717773,4514.615234,4568.717773,4406.666504,4394.871582,4497.94873,4536.282227,4518.333496,4479.230957,4382.307617,4374.358887,4557.820313,4514.615234,4503.846191,4373.205078,4584.615234,4398.461426,4559.102539,4512.692383,4396.794922,4526.538574,4488.717773,1796,0,5,2562,59950,,,,0,4,4,4,4,4,4,4,4,4,4,4,4,4,4,4,4,4,4,4,4,4,4,4,4,4,4,4,4,4,4,4,4,100,,,,,,,,,,,,,,,,,,,,,,,,,,,,,,,,,,,,,,,,,,,,,,,,,,,,,,,,,,,,,,,,,,,,,,,,,,,,,,,,,,,,,,,,,,,,,,,,,,,,,,,,,,,,,,,,,,,,,,,,,,,,,,,,,,,,,,,,,,,,,,,,,,,,,,,,,,,,,,,,,,,,,,,,,,,,,,,,,,,,,,,,,,,,,,,,,,,,,,,,,,,,,,
1764669115.752948,55539,0,4383.974121,4387.563965,4469.102539,4539.615234,4413.846191,4525.641113,4541.025879,4398.077148,4590.128418,4414.615234,4503.846191,4510.897461,4567.307617,4401.922852,4388.717773,4491.410156,4535.256348,4526.025879,4497.94873,4383.974121,4380.384766,4555.384766,4511.794922,4496.153809,4346.794922,4580.641113,4394.230957,4558.077148,4511.025879,4389.743652,4501.922852,4457.436035,2755,0,5,2562,59950,,,,0,4,4,4,4,4,4,4,4,4,4,4,4,4,4,4,4,4,4,4,4,4,4,4,4,4,4,4,4,4,4,4,4,100,,,,,,,,,,,,,,,,,,,,,,,,,,,,,,,,,,,,,,,,,,,,,,,,,,,,,,,,,,,,,,,,,,,,,,,,,,,,,,,,,,,,,,,,,,,,,,,,,,,,,,,,,,,,,,,,,,,,,,,,,,,,,,,,,,,,,,,,,,,,,,,,,,,,,,,,,,,,,,,,,,,,,,,,,,,,,,,,,,,,,,,,,,,,,,,,,,,,,,,,,,,,,,
1764669115.756854,55540,0,4381.922852,4382.563965,4475.897461,4540.256348,4406.794922,4520.641113,4538.333496,4396.922852,4585.384766,4423.333496,4503.333496,4511.153809,4567.692383,4398.461426,4385.128418,4488.589844,4534.743652,4532.94873,4513.461426,4386.666504,4388.974121,4552.692383,4511.282227,4491.153809,4335.256348,4579.358887,4392.692383,4559.358887,4510.512695,4388.589844,4492.179688,4436.794922,2616,0,5,2563,59959,,,,0,4,4,4,4,4,4,4,4,4,4,4,4,4,4,4,4,4,4,4,4,4,4,4,4,4,4,4,4,4,4,4,4,100,,,,,,,,,,,,,,,,,,,,,,,,,,,,,,,,,,,,,,,,,,,,,,,,,,,,,,,,,,,,,,,,,,,,,,,,,,,,,,,,,,,,,,,,,,,,,,,,,,,,,,,,,,,,,,,,,,,,,,,,,,,,,,,,,,,,,,,,,,,,,,,,,,,,,,,,,,,,,,,,,,,,,,,,,,,,,,,,,,,,,,,,,,,,,,,,,,,,,,,,,,,,,,
1764669115.760760,55541,0,4381.153809,4380.897461,4490.512695,4537.94873,4393.717773,4517.307617,4538.974121,4394.230957,4582.307617,4422.692383,4501.794922,4513.846191,4568.717773,4397.179688,4384.102539,4489.102539,4534.871582,4536.153809,4518.846191,4388.461426,4396.025879,4551.794922,4512.692383,4491.794922,4345.897461,4580,4393.846191,4562.05127,4510.256348,4392.563965,4501.153809,4439.487305,2822,0,5,2563,59959,,,,0,4,4,4,4,4,4,4,4,4,4,4,4,4,4,4,4,4,4,4,4,4,4,4,4,4,4,4,4,4,4,4,4,100,,,,,,,,,,,,,,,,,,,,,,,,,,,,,,,,,,,13885,0,0.611717,-0.328857,-0.338257,0.63501,0.98889,-0.024417,-0.0293,16.5,40.333332,-21.333334,,,,,,,,,,,,,,,,,,,,,,,,,,,,,,,,,,,,,,,,,,,,,,,,,,,,,,,,,,,,,,,,,,,,,,,,,,,,,,,,,,,,,,,,,,,,,,,,,,,,,,,,,,,,,,,,,,,,,,,,,,,,,,,,,,,,,,,,,,,,,,,,,,,,,,,,,,,,,,,,
1764669115.764666,55542,0,4378.974121,4380.512695,4503.974121,4530.384766,4378.461426,4515.769043,4539.615234,4387.692383,4579.615234,4409.743652,4498.974121,4515.128418,4568.205078,4396.922852,4382.692383,4490.256348,4534.615234,4533.846191,4513.205078,4387.563965,4398.205078,4552.692383,4513.077148,4496.666504,4376.794922,4579.487305,4395,4562.436035,4508.333496,4396.410156,4519.230957,4461.538574,2955,0,5,2564,59966,,,,0,4,4,4,4,4,4,4,4,4,4,4,4,4,4,4,4,4,4,4,4,4,4,4,4,4,4,4,4,4,4,4,4,100,,,,,,,,,,,,,,,,,,,,,,,,,,,,,,,,,,,,,,,,,,,,,,,,,,,,,,,,,,,,,,,,,,,,,,,,,,,,,,,,,,,,,,,,,,,,,,,,,,,,,,,,,,,,,,,,,,,,,,,,,,,,,,,,,,,,,,,,,,,,,,,,,,,,,,,,,,,,,,,,,,,,,,,,,,,,,,,,,,,,,,,,,,,,,,,,,,,,,,,,,,,,,,
1764669115.768572,55543,0,4374.487305,4379.487305,4509.615234,4520.641113,4366.794922,4514.743652,4536.794922,4377.436035,4576.025879,4390.897461,4495.256348,4512.692383,4565.512695,4395.384766,4377.94873,4489.358887,4532.820313,4526.794922,4501.153809,4383.333496,4395.512695,4554.487305,4510.641113,4501.153809,4418.077148,4576.282227,4393.974121,4557.563965,4503.846191,4394.615234,4533.333496,4487.05127,2879,0,5,2564,59966,,,,0,4,4,4,4,4,4,4,4,4,4,4,4,4,4,4,4,4,4,4,4,4,4,4,4,4,4,4,4,4,4,4,4,100,,,,,,,,,,,,,,,,,,,,,,,,,,,,,,,,,,,,,,,,,,,,,,,,,,,,,,,,,,,,,,,,,,,,,,,,,,,,,,,,,,,,,,,,,,,,,,,,,,,,,,,,,,,,,,,,,,,,,,,,,,,,,,,,,,,,,,,,,,,,,,,,,,,,,,,,,,,,,,,,,,,,,,,,,,,,,,,,,,,,,,,,,,,,,,,,,,,,,,,,,,,,,,
1764669115.772478,55544,1,4374.94873,4377.512695,4503.897461,4521.282227,4371.589844,4513.256348,4534.410156,4375.282227,4574.846191,4390.358887,4493.692383,4512.589844,4565.384766,4395.666504,4378.436035,4489.615234,4531.256348,4526.256348,4501.436035,4381.974121,4392.436035,4554.205078,4509.871582,4499.666504,4414.846191,4575.846191,4391.05127,4555.153809,4504.102539,4391.743652,4529.897461,4487.717773,0,0,5,0,0,,,,0,4,4,4,4,4,4,4,4,4,4,4,4,4,4,4,4,4,4,4,4,4,4,4,4,4,4,4,4,4,4,4,4,100,,,,,,,,,,,,,,,,,,,,,,,,,,,,,,,,,,,,,,,,,,,,,,,2.196437,3.885601,5.087716,2.589661,3.066434,2.534013,3.407044,4.355569,2.42679,3.180599,2.304004,2.454207,7.929046,8.441984,5.610435,3.021541,2.355179,3.838323,3.099966,3.059967,3.166184,4.127441,4.539428,2.337949,3.456409,1.705924,4.638771,5.912869,2.363308,2.989407,1.310172,2.710765,4.184042,2.490956,2.839187,2.126332,2.747334,4.062837,2.797496,3.462309,1.475733,1.773913,2.832965,3.140761,3.02317,1.021217,2.731179,2.529963,4.088029,5.384348,0.989567,2.406552,2.679715,1.377209,2.240525,1.217921,3.844743,5.401317,1.883491,3.25123,1.100766,1.898158,3.540687,1.627315,2.482478,1.017595,0.715782,1.64876,1.148924,1.518458,1.61524,4.542721,2.889591,1.22778,2.512948,2.001868,5.680583,3.808965,3.835264,2.941946,1.505163,3.086672,5.344318,2.47589,3.640342,3.026651,8.812132,8.349916,3.14752,4.298236,1.778076,5.555958,6.22539,1.834888,3.160864,2.295338,4.111472,7.151501,2.90713,3.71716,1.862467,6.815512,10.06132,4.135274,4.318168,1.585982,3.278919,6.129129,2.711686,3.915004,1.802321,2.488158,4.455282,2.692934,3.269243,2.3505,3.575557,5.927737,2.75503,4.000257,4.137691,7.210315,7.401491,16.697468,10.247581,2.578963,3.470299,4.614261,2.488209,2.977701,3.002885,1.968622,5.456316,4.128888,3.600207,2.517803,3.119138,5.694152,3.040577,3.740063,1.244134,1.934784,2.691465,1.315923,1.48185,3.117438,3.802985,5.942664,3.089191,3.403192,4.375438,3.747761,6.16834,4.011217,4.399891,2.838077,3.04923,10.000672,10.891865,4.995338
1764669115.776384,55545,1,4375.410156,4375.538574,4498.179688,4521.922852,4376.384766,4511.769043,4532.025879,4373.128418,4573.666504,4389.820313,4492.128418,4512.487305,4565.256348,4395.94873,4378.922852,4489.871582,4529.692383,4525.717773,4501.717773,4380.615234,4389.358887,4553.922852,4509.102539,4498.179688,4411.615234,4575.410156,4388.128418,4552.743652,4504.358887,4388.871582,4526.461426,4488.384766,0,0,5,0,0,,,,0,4,4,4,4,4,4,4,4,4,4,4,4,4,4,4,4,4,4,4,4,4,4,4,4,4,4,4,4,4,4,4,4,100,,,,,,,,,,,,,,,,,,,,,,,,,,,,,,,,,,,,,,,,,,,,,,,,,,,,,,,,,,,,,,,,,,,,,,,,,,,,,,,,,,,,,,,,,,,,,,,,,,,,,,,,,,,,,,,,,,,,,,,,,,,,,,,,,,,,,,,,,,,,,,,,,,,,,,,,,,,,,,,,,,,,,,,,,,,,,,,,,,,,,,,,,,,,,,,,,,,,,,,,,,,,,,
1764669115.780290,55546,1,4375.871582,4373.563965,4492.461426,4522.563965,4381.179688,4510.282227,4529.641113,4370.974121,4572.487305,4389.282227,4490.563965,4512.384766,4565.128418,4396.230957,4379.410156,4490.128418,4528.128418,4525.179688,4502,4379.256348,4386.282227,4553.641113,4508.333496,4496.692383,4408.384766,4574.974121,4385.205078,4550.333496,4504.615234,4386,4523.025879,4489.05127,0,0,5,0,0,,,,0,4,4,4,4,4,4,4,4,4,4,4,4,4,4,4,4,4,4,4,4,4,4,4,4,4,4,4,4,4,4,4,4,100,,,,,,,,,,,,,,,,,,,,,,,,,,,,,,,,,,,,,,,,,,,,,,,,,,,,,,,,,,,,,,,,,,,,,,,,,,,,,,,,,,,,,,,,,,,,,,,,,,,,,,,,,,,,,,,,,,,,,,,,,,,,,,,,,,,,,,,,,,,,,,,,,,,,,,,,,,,,,,,,,,,,,,,,,,,,,,,,,,,,,,,,,,,,,,,,,,,,,,,,,,,,,,
1764669115.784196,55547,1,4376.333496,4371.589844,4486.743652,4523.205078,4385.974121,4508.794922,4527.256348,4368.820313,4571.307617,4388.743652,4489,4512.282227,4565,4396.512695,4379.897461,4490.384766,4526.563965,4524.641113,4502.282227,4377.897461,4383.205078,4553.358887,4507.563965,4495.205078,4405.153809,4574.538574,4382.282227,4547.922852,4504.871582,4383.128418,4519.589844,4489.717773,0,0,5,0,0,,,,0,4,4,4,4,4,4,4,4,4,4,4,4,4,4,4,4,4,4,4,4,4,4,4,4,4,4,4,4,4,4,4,4,100,,,,,,,,,,,,,,,,,,,,,,,,,,,,,,,,,,,13886,1,0.61176,-0.328644,-0.338043,0.635193,0.993285,-0.02637,-0.03394,15.5,40.583332,-21.583334,,,,,,,,,,,,,,,,,,,,,,,,,,,,,,,,,,,,,,,,,,,,,,,,,,,,,,,,,,,,,,,,,,,,,,,,,,,,,,,,,,,,,,,,,,,,,,,,,,,,,,,,,,,,,,,,,,,,,,,,,,,,,,,,,,,,,,,,,,,,,,,,,,,,,,,,,,,,,,,,
1764669115.788102,55548,0,4376.794922,4369.615234,4481.025879,4523.846191,4390.769043,4507.307617,4524.871582,4366.666504,4570.128418,4388.205078,4487.436035,4512.179688,4564.871582,4396.794922,4380.384766,4490.641113,4525,4524.102539,4502.563965,4376.538574,4380.128418,4553.077148,4506.794922,4493.717773,4401.922852,4574.102539,4379.358887,4545.512695,4505.128418,4380.256348,4516.153809,4490.384766,2658,0,5,2567,59990,,,,0,4,4,4,4,4,4,4,4,4,4,4,4,4,4,4,4,4,4,4,4,4,4,4,4,4,4,4,4,4,4,4,4,100,,,,,,,,,,,,,,,,,,,,,,,,,,,,,,,,,,,,,,,,,,,,,,,,,,,,,,,,,,,,,,,,,,,,,,,,,,,,,,,,,,,,,,,,,,,,,,,,,,,,,,,,,,,,,,,,,,,,,,,,,,,,,,,,,,,,,,,,,,,,,,,,,,,,,,,,,,,,,,,,,,,,,,,,,,,,,,,,,,,,,,,,,,,,,,,,,,,,,,,,,,,,,,
1764669115.792008,55549,0,4386.282227,4378.333496,4489.230957,4525.641113,4394.615234,4516.666504,4533.461426,4375.512695,4579.743652,4383.974121,4491.922852,4521.410156,4572.94873,4408.333496,4389.615234,4503.974121,4536.153809,4539.871582,4515.256348,4383.717773,4392.94873,4557.436035,4517.307617,4503.589844,4402.563965,4582.820313,4382.94873,4559.358887,4511.538574,4395.256348,4523.846191,4505.769043,2499,0,5,2567,59990,,,,0,4,4,4,4,4,4,4,4,4,4,4,4,4,4,4,4,4,4,4,4,4,4,4,4,4,4,4,4,4,4,4,4,100,,,,,,,,,,,,,,,,,,,,,,,,,,,,,,,,,,,13887,0,0.611802,-0.32843,-0.33783,0.635376,0.99768,-0.028324,-0.038579,14.5,40.833332,-21.833334,,,,,,,,,,,,,,,,,,,,,,,,,,,,,,,,,,,,,,,,,,,,,,,,,,,,,,,,,,,,,,,,,,,,,,,,,,,,,,,,,,,,,,,,,,,,,,,,,,,,,,,,,,,,,,,,,,,,,,,,,,,,,,,,,,,,,,,,,,,,,,,,,,,,,,,,,,,,,,,,
1764669115.795914,55550,1,4387.197266,4381.308594,4495.742676,4528.457031,4398.085938,4518.178711,4534.748047,4377.563965,4580.459961,4383.876953,4492.94873,4521.914063,4573.46582,4408.059082,4389.875977,4503.859375,4536.945313,4539.76123,4514.818848,4384.000977,4393.651855,4558.178711,4517.944336,4504.155762,4403.965332,4583.523438,4384.694824,4560.273926,4512.59082,4398.421875,4526.246582,4511.848145,0,0,5,0,0,,,,0,4,4,4,4,4,4,4,4,4,4,4,4,4,4,4,4,4,4,4,4,4,4,4,4,4,4,4,4,4,4,4,4,100,,,,,,,,,,,,,,,,,,,,,,,,,,,,,,,,,,,,,,,,,,,,,,,,,,,,,,,,,,,,,,,,,,,,,,,,,,,,,,,,,,,,,,,,,,,,,,,,,,,,,,,,,,,,,,,,,,,,,,,,,,,,,,,,,,,,,,,,,,,,,,,,,,,,,,,,,,,,,,,,,,,,,,,,,,,,,,,,,,,,,,,,,,,,,,,,,,,,,,,,,,,,,,
1764669115.799820,55551,1,4388.112305,4384.283691,4502.254883,4531.273438,4401.556152,4519.69043,4536.034668,4379.615234,4581.175781,4383.779785,4493.974121,4522.418457,4573.983398,4407.785156,4390.137207,4503.744629,4537.736328,4539.650879,4514.380859,4384.283691,4394.354492,4558.921387,4518.581055,4504.72168,4405.366699,4584.226563,4386.441406,4561.189453,4513.642578,4401.586914,4528.646973,4517.926758,0,0,5,0,0,,,,0,4,4,4,4,4,4,4,4,4,4,4,4,4,4,4,4,4,4,4,4,4,4,4,4,4,4,4,4,4,4,4,4,100,,,,,,,,,,,,,,,,,,,,,,,,,,,,,,,,,,,,,,,,,,,,,,,,,,,,,,,,,,,,,,,,,,,,,,,,,,,,,,,,,,,,,,,,,,,,,,,,,,,,,,,,,,,,,,,,,,,,,,,,,,,,,,,,,,,,,,,,,,,,,,,,,,,,,,,,,,,,,,,,,,,,,,,,,,,,,,,,,,,,,,,,,,,,,,,,,,,,,,,,,,,,,,
1764669115.803726,55552,1,4389.027344,4387.259277,4508.766602,4534.089355,4405.026367,4521.202637,4537.320801,4381.666504,4581.89209,4383.682617,4495,4522.922363,4574.500488,4407.51123,4390.397949,4503.629395,4538.527832,4539.540039,4513.943359,4384.566895,4395.057617,4559.664063,4519.217285,4505.287598,4406.768555,4584.929199,4388.1875,4562.104492,4514.694824,4404.752441,4531.047852,4524.005371,2864,0,5,0,0,,,,0,4,4,4,4,4,4,4,4,4,4,4,4,4,4,4,4,4,4,4,4,4,4,4,4,4,4,4,4,4,4,4,4,100,,,,,,,,,,,,,,,,,,,,,,,,,,,,,,,,,,,,,,,,,,,,,,,,,,,,,,,,,,,,,,,,,,,,,,,,,,,,,,,,,,,,,,,,,,,,,,,,,,,,,,,,,,,,,,,,,,,,,,,,,,,,,,,,,,,,,,,,,,,,,,,,,,,,,,,,,,,,,,,,,,,,,,,,,,,,,,,,,,,,,,,,,,,,,,,,,,,,,,,,,,,,,,
1764669115.807632,55553,1,4389.942383,4390.234375,4515.27832,4536.905273,4408.49707,4522.714355,4538.607422,4383.717773,4582.608398,4383.585449,4496.025879,4523.42627,4575.017578,4407.236816,4390.658691,4503.514648,4539.319336,4539.429688,4513.505859,4384.849609,4395.760254,4560.406738,4519.854004,4505.853027,4408.169922,4585.632324,4389.933594,4563.019531,4515.74707,4407.917969,4533.448242,4530.083984,2946,0,5,0,0,,,,0,4,4,4,4,4,4,4,4,4,4,4,4,4,4,4,4,4,4,4,4,4,4,4,4,4,4,4,4,4,4,4,4,100,,,,,,,,,,,,,,,,,,,,,,,,,,,,,,,,,,,,,,,,,,,,,,,,,,,,,,,,,,,,,,,,,,,,,,,,,,,,,,,,,,,,,,,,,,,,,,,,,,,,,,,,,,,,,,,,,,,,,,,,,,,,,,,,,,,,,,,,,,,,,,,,,,,,,,,,,,,,,,,,,,,,,,,,,,,,,,,,,,,,,,,,,,,,,,,,,,,,,,,,,,,,,,
1764669115.811538,55554,1,4390.857422,4393.209473,4521.790527,4539.72168,4411.967285,4524.226563,4539.894043,4385.769043,4583.324707,4383.488281,4497.05127,4523.930176,4575.535156,4406.962891,4390.919434,4503.399414,4540.110352,4539.319336,4513.067871,4385.132813,4396.463379,4561.149414,4520.490723,4506.418945,4409.571289,4586.334961,4391.679688,4563.93457,4516.799316,4411.083008,4535.848633,4536.162598,2735,0,5,0,0,,,,0,4,4,4,4,4,4,4,4,4,4,4,4,4,4,4,4,4,4,4,4,4,4,4,4,4,4,4,4,4,4,4,4,100,,,,,,,,,,,,,,,,,,,,,,,,,,,,,,,,,,,,,,,,,,,,,,,,,,,,,,,,,,,,,,,,,,,,,,,,,,,,,,,,,,,,,,,,,,,,,,,,,,,,,,,,,,,,,,,,,,,,,,,,,,,,,,,,,,,,,,,,,,,,,,,,,,,,,,,,,,,,,,,,,,,,,,,,,,,,,,,,,,,,,,,,,,,,,,,,,,,,,,,,,,,,,,
1764669115.815444,55555,1,4391.772949,4396.18457,4528.302246,4542.537598,4415.4375,4525.738281,4541.180176,4387.820313,4584.040527,4383.390625,4498.077148,4524.434082,4576.052246,4406.688965,4391.180176,4503.284668,4540.901855,4539.208496,4512.630371,4385.415527,4397.166016,4561.89209,4521.127441,4506.984863,4410.972656,4587.038086,4393.42627,4564.849609,4517.851563,4414.248535,4538.249512,4542.241211,2903,0,5,0,0,,,,0,4,4,4,4,4,4,4,4,4,4,4,4,4,4,4,4,4,4,4,4,4,4,4,4,4,4,4,4,4,4,4,4,100,,,,,,,,,,,,,,,,,,,,,,,,,,,,,,,,,,,,,,,,,,,,,,,,,,,,,,,,,,,,,,,,,,,,,,,,,,,,,,,,,,,,,,,,,,,,,,,,,,,,,,,,,,,,,,,,,,,,,,,,,,,,,,,,,,,,,,,,,,,,,,,,,,,,,,,,,,,,,,,,,,,,,,,,,,,,,,,,,,,,,,,,,,,,,,,,,,,,,,,,,,,,,,
1764669115.819350,55556,1,4392.687988,4399.160156,4534.814453,4545.353516,4418.908203,4527.25,4542.466797,4389.871582,4584.756836,4383.293457,4499.102539,4524.937988,4576.569336,4406.414551,4391.441406,4503.169922,4541.693359,4539.098145,4512.192871,4385.69873,4397.869141,4562.634766,4521.76416,4507.550781,4412.374023,4587.740723,4395.172363,4565.764648,4518.903809,4417.413574,4540.649902,4548.320313,2780,0,5,0,0,,,,0,4,4,4,4,4,4,4,4,4,4,4,4,4,4,4,4,4,4,4,4,4,4,4,4,4,4,4,4,4,4,4,4,100,,,,,,,,,,,,,,,,,,,,,,,,,,,,,,,,,,,,,,,,,,,,,,,,,,,,,,,,,,,,,,,,,,,,,,,,,,,,,,,,,,,,,,,,,,,,,,,,,,,,,,,,,,,,,,,,,,,,,,,,,,,,,,,,,,,,,,,,,,,,,,,,,,,,,,,,,,,,,,,,,,,,,,,,,,,,,,,,,,,,,,,,,,,,,,,,,,,,,,,,,,,,,,
1764669115.823256,55557,1,4393.603027,4402.135254,4541.326172,4548.169922,4422.378418,4528.762207,4543.753418,4391.922852,4585.473145,4383.196289,4500.128418,4525.441895,4577.086426,4406.140625,4391.702148,4503.054688,4542.484375,4538.987793,4511.754883,4385.981445,4398.572266,4563.377441,4522.400391,4508.116699,4413.775391,4588.443848,4396.918457,4566.679688,4519.955566,4420.579102,4543.050293,4554.398926,2869,0,5,0,0,,,,0,4,4,4,4,4,4,4,4,4,4,4,4,4,4,4,4,4,4,4,4,4,4,4,4,4,4,4,4,4,4,4,4,100,,,,,,,,,,,,,,,,,,,,,,,,,,,,,,,,,,,,,,,,,,,,,,,,,,,,,,,,,,,,,,,,,,,,,,,,,,,,,,,,,,,,,,,,,,,,,,,,,,,,,,,,,,,,,,,,,,,,,,,,,,,,,,,,,,,,,,,,,,,,,,,,,,,,,,,,,,,,,,,,,,,,,,,,,,,,,,,,,,,,,,,,,,,,,,,,,,,,,,,,,,,,,,
1764669115.827162,55558,1,4394.518066,4405.110352,4547.838379,4550.98584,4425.848633,4530.273926,4545.039551,4393.974121,4586.189453,4383.099121,4501.153809,4525.946289,4577.604004,4405.866699,4391.962891,4502.939941,4543.275879,4538.876953,4511.317383,4386.26416,4399.274902,4564.120117,4523.037109,4508.682617,4415.176758,4589.146973,4398.665039,4567.595215,4521.007813,4423.744629,4545.451172,4560.477539,2859,0,5,0,0,,,,0,4,4,4,4,4,4,4,4,4,4,4,4,4,4,4,4,4,4,4,4,4,4,4,4,4,4,4,4,4,4,4,4,100,,,,,,,,,,,,,,,,,,,,,,,,,,,,,,,,,,,,,,,,,,,,,,,,,,,,,,,,,,,,,,,,,,,,,,,,,,,,,,,,,,,,,,,,,,,,,,,,,,,,,,,,,,,,,,,,,,,,,,,,,,,,,,,,,,,,,,,,,,,,,,,,,,,,,,,,,,,,,,,,,,,,,,,,,,,,,,,,,,,,,,,,,,,,,,,,,,,,,,,,,,,,,,
1764669115.831068,55559,1,4395.433105,4408.085938,4554.350098,4553.801758,4429.319336,4531.786133,4546.326172,4396.025879,4586.905273,4383.001953,4502.179688,4526.450195,4578.121094,4405.592285,4392.223633,4502.824707,4544.067383,4538.766602,4510.879883,4386.547363,4399.978027,4564.862793,4523.673828,4509.248535,4416.578125,4589.849609,4400.411133,4568.510254,4522.060059,4426.909668,4547.851563,4566.556152,3036,0,5,0,0,,,,0,4,4,4,4,4,4,4,4,4,4,4,4,4,4,4,4,4,4,4,4,4,4,4,4,4,4,4,4,4,4,4,4,100,,,,,,,,,,,,,,,,,,,,,,,,,,,,,,,,,,,,,,,,,,,,,,,,,,,,,,,,,,,,,,,,,,,,,,,,,,,,,,,,,,,,,,,,,,,,,,,,,,,,,,,,,,,,,,,,,,,,,,,,,,,,,,,,,,,,,,,,,,,,,,,,,,,,,,,,,,,,,,,,,,,,,,,,,,,,,,,,,,,,,,,,,,,,,,,,,,,,,,,,,,,,,,
1764669115.834974,55560,1,4396.348145,4411.061035,4560.862305,4556.618164,4432.789551,4533.297852,4547.612793,4398.077148,4587.621582,4382.904297,4503.205078,4526.954102,4578.638184,4405.318359,4392.484375,4502.709961,4544.858398,4538.65625,4510.441895,4386.830078,4400.680664,4565.605469,4524.310547,4509.814453,4417.979492,4590.552734,4402.157227,4569.425293,4523.112305,4430.075195,4550.251953,4572.634766,2950,0,5,0,0,,,,0,4,4,4,4,4,4,4,4,4,4,4,4,4,4,4,4,4,4,4,4,4,4,4,4,4,4,4,4,4,4,4,4,100,,,,,,,,,,,,,,,,,,,,,,,,,,,,,,,,,,,,,,,,,,,,,,,,,,,,,,,,,,,,,,,,,,,,,,,,,,,,,,,,,,,,,,,,,,,,,,,,,,,,,,,,,,,,,,,,,,,,,,,,,,,,,,,,,,,,,,,,,,,,,,,,,,,,,,,,,,,,,,,,,,,,,,,,,,,,,,,,,,,,,,,,,,,,,,,,,,,,,,,,,,,,,,
1764669115.838880,55561,1,4397.263672,4414.036133,4567.374023,4559.434082,4436.259766,4534.810059,4548.899414,4400.128418,4588.337891,4382.807129,4504.230957,4527.458008,4579.155762,4405.044434,4392.745117,4502.595215,4545.649902,4538.54541,4510.004395,4387.113281,4401.383789,4566.348145,4524.946777,4510.380371,4419.380859,4591.255371,4403.903809,4570.340332,4524.164551,4433.240723,4552.652344,4578.713379,2820,0,5,0,0,,,,0,4,4,4,4,4,4,4,4,4,4,4,4,4,4,4,4,4,4,4,4,4,4,4,4,4,4,4,4,4,4,4,4,100,,,,,,,,,,,,,,,,,,,,,,,,,,,,,,,,,,,,,,,,,,,,,,,,,,,,,,,,,,,,,,,,,,,,,,,,,,,,,,,,,,,,,,,,,,,,,,,,,,,,,,,,,,,,,,,,,,,,,,,,,,,,,,,,,,,,,,,,,,,,,,,,,,,,,,,,,,,,,,,,,,,,,,,,,,,,,,,,,,,,,,,,,,,,,,,,,,,,,,,,,,,,,,
1764669115.842786,55562,1,4398.178711,4417.011719,4573.885742,4562.25,4439.730469,4536.321777,4550.185547,4402.179688,4589.053711,4382.709961,4505.256348,4527.961914,4579.672852,4404.77002,4393.006348,4502.47998,4546.441406,4538.435059,4509.566895,4387.395996,4402.086426,4567.091309,4525.583496,4510.946289,4420.782715,4591.958496,4405.649902,4571.255371,4525.216797,4436.405762,4555.053223,4584.791992,2476,0,5,0,0,,,,0,4,4,4,4,4,4,4,4,4,4,4,4,4,4,4,4,4,4,4,4,4,4,4,4,4,4,4,4,4,4,4,4,100,,,,,,,,,,,,,,,,,,,,,,,,,,,,,,,,,,,,,,,,,,,,,,,,,,,,,,,,,,,,,,,,,,,,,,,,,,,,,,,,,,,,,,,,,,,,,,,,,,,,,,,,,,,,,,,,,,,,,,,,,,,,,,,,,,,,,,,,,,,,,,,,,,,,,,,,,,,,,,,,,,,,,,,,,,,,,,,,,,,,,,,,,,,,,,,,,,,,,,,,,,,,,,
1764669115.846692,55563,1,4399.09375,4419.986816,4580.397949,4565.066406,4443.200684,4537.833984,4551.472168,4404.230957,4589.77002,4382.612793,4506.282227,4528.46582,4580.189941,4404.496094,4393.26709,4502.365234,4547.232422,4538.324707,4509.128906,4387.679199,4402.789551,4567.833984,4526.220215,4511.511719,4422.184082,4592.661133,4407.395996,4572.17041,4526.268555,4439.571289,4557.453613,4590.871094,2771,0,5,0,0,,,,0,4,4,4,4,4,4,4,4,4,4,4,4,4,4,4,4,4,4,4,4,4,4,4,4,4,4,4,4,4,4,4,4,100,,,,,,,,,,,,,,,,,,,,,,,,,,,,,,,,,,,,,,,,,,,,,,,,,,,,,,,,,,,,,,,,,,,,,,,,,,,,,,,,,,,,,,,,,,,,,,,,,,,,,,,,,,,,,,,,,,,,,,,,,,,,,,,,,,,,,,,,,,,,,,,,,,,,,,,,,,,,,,,,,,,,,,,,,,,,,,,,,,,,,,,,,,,,,,,,,,,,,,,,,,,,,,
1764669115.850598,55564,1,4400.008789,4422.961914,4586.909668,4567.882324,4446.670898,4539.345703,4552.758789,4406.282227,4590.486328,4382.515625,4507.307617,4528.969727,4580.70752,4404.222168,4393.527832,4502.25,4548.023926,4538.213867,4508.691406,4387.961914,4403.492676,4568.57666,4526.856934,4512.077637,4423.585449,4593.364258,4409.142578,4573.085938,4527.320801,4442.736328,4559.854004,4596.949707,2523,0,5,0,0,,,,0,4,4,4,4,4,4,4,4,4,4,4,4,4,4,4,4,4,4,4,4,4,4,4,4,4,4,4,4,4,4,4,4,100,,,,,,,,,,,,,,,,,,,,,,,,,,,,,,,,,,,,,,,,,,,,,,,,,,,,,,,,,,,,,,,,,,,,,,,,,,,,,,,,,,,,,,,,,,,,,,,,,,,,,,,,,,,,,,,,,,,,,,,,,,,,,,,,,,,,,,,,,,,,,,,,,,,,,,,,,,,,,,,,,,,,,,,,,,,,,,,,,,,,,,,,,,,,,,,,,,,,,,,,,,,,,,
1764669115.854504,55565,1,4400.923828,4425.937012,4593.421875,4570.69873,4450.141602,4540.857422,4554.044922,4408.333496,4591.202637,4382.418457,4508.333496,4529.474121,4581.224609,4403.947754,4393.788574,4502.135254,4548.81543,4538.103516,4508.253906,4388.245117,4404.195313,4569.319336,4527.493164,4512.643555,4424.986816,4594.067383,4410.888672,4574.000977,4528.373047,4445.901855,4562.254883,4603.02832,2279,0,5,0,0,,,,0,4,4,4,4,4,4,4,4,4,4,4,4,4,4,4,4,4,4,4,4,4,4,4,4,4,4,4,4,4,4,4,4,100,,,,,,,,,,,,,,,,,,,,,,,,,,,,,,,,,,,,,,,,,,,,,,,,,,,,,,,,,,,,,,,,,,,,,,,,,,,,,,,,,,,,,,,,,,,,,,,,,,,,,,,,,,,,,,,,,,,,,,,,,,,,,,,,,,,,,,,,,,,,,,,,,,,,,,,,,,,,,,,,,,,,,,,,,,,,,,,,,,,,,,,,,,,,,,,,,,,,,,,,,,,,,,
1764669115.858410,55566,1,4401.838867,4428.912598,4599.933594,4573.514648,4453.611816,4542.369629,4555.331543,4410.384766,4591.918457,4382.320801,4509.358887,4529.978027,4581.741699,4403.673828,4394.049316,4502.020508,4549.606445,4537.993164,4507.815918,4388.527832,4404.898438,4570.062012,4528.129883,4513.209473,4426.388184,4594.77002,4412.634766,4574.916016,4529.425293,4449.067383,4564.655273,4609.106934,2785,0,5,0,0,,,,0,4,4,4,4,4,4,4,4,4,4,4,4,4,4,4,4,4,4,4,4,4,4,4,4,4,4,4,4,4,4,4,4,100,,,,,,,,,,,,,,,,,,,,,,,,,,,,,,,,,,,,,,,,,,,,,,,,,,,,,,,,,,,,,,,,,,,,,,,,,,,,,,,,,,,,,,,,,,,,,,,,,,,,,,,,,,,,,,,,,,,,,,,,,,,,,,,,,,,,,,,,,,,,,,,,,,,,,,,,,,,,,,,,,,,,,,,,,,,,,,,,,,,,,,,,,,,,,,,,,,,,,,,,,,,,,,
1764669115.862316,55567,1,4402.754395,4431.887695,4606.445801,4576.330566,4457.082031,4543.881348,4556.618164,4412.436035,4592.634766,4382.223633,4510.384766,4530.481934,4582.259277,4403.399414,4394.310547,4501.905273,4550.397949,4537.882324,4507.378418,4388.810547,4405.601074,4570.804688,4528.766602,4513.775391,4427.789551,4595.473145,4414.380859,4575.831055,4530.477539,4452.232422,4567.055664,4615.185547,2490,0,5,0,0,,,,0,4,4,4,4,4,4,4,4,4,4,4,4,4,4,4,4,4,4,4,4,4,4,4,4,4,4,4,4,4,4,4,4,100,,,,,,,,,,,,,,,,,,,,,,,,,,,,,,,,,,,,,,,,,,,,,,,,,,,,,,,,,,,,,,,,,,,,,,,,,,,,,,,,,,,,,,,,,,,,,,,,,,,,,,,,,,,,,,,,,,,,,,,,,,,,,,,,,,,,,,,,,,,,,,,,,,,,,,,,,,,,,,,,,,,,,,,,,,,,,,,,,,,,,,,,,,,,,,,,,,,,,,,,,,,,,,
1764669115.866222,55568,1,4403.669434,4434.862793,4612.95752,4579.146973,4460.552734,4545.393555,4557.904297,4414.487305,4593.351074,4382.126465,4511.410156,4530.98584,4582.776367,4403.125488,4394.571289,4501.790527,4551.189453,4537.771973,4506.940918,4389.09375,4406.304199,4571.547363,4529.40332,4514.341309,4429.190918,4596.175781,4416.127441,4576.746094,4531.529785,4455.397949,4569.456055,4621.26416,2943,0,5,0,0,,,,0,4,4,4,4,4,4,4,4,4,4,4,4,4,4,4,4,4,4,4,4,4,4,4,4,4,4,4,4,4,4,4,4,100,,,,,,,,,,,,,,,,,,,,,,,,,,,,,,,,,,,,,,,,,,,,,,,,,,,,,,,,,,,,,,,,,,,,,,,,,,,,,,,,,,,,,,,,,,,,,,,,,,,,,,,,,,,,,,,,,,,,,,,,,,,,,,,,,,,,,,,,,,,,,,,,,,,,,,,,,,,,,,,,,,,,,,,,,,,,,,,,,,,,,,,,,,,,,,,,,,,,,,,,,,,,,,
1764669115.870128,55569,1,4404.584473,4437.838379,4619.469727,4581.962891,4464.022949,4546.905273,4559.190918,4416.538574,4594.067383,4382.029297,4512.436035,4531.489746,4583.293457,4402.851563,4394.832031,4501.675293,4551.980469,4537.661133,4506.50293,4389.376465,4407.006836,4572.290039,4530.039551,4514.907227,4430.592285,4596.878906,4417.873535,4577.661133,4532.581543,4458.562988,4571.856934,4627.343262,3004,0,5,0,0,,,,0,4,4,4,4,4,4,4,4,4,4,4,4,4,4,4,4,4,4,4,4,4,4,4,4,4,4,4,4,4,4,4,4,100,,,,,,,,,,,,,,,,,,,,,,,,,,,,,,,,,,,,,,,,,,,,,,,,,,,,,,,,,,,,,,,,,,,,,,,,,,,,,,,,,,,,,,,,,,,,,,,,,,,,,,,,,,,,,,,,,,,,,,,,,,,,,,,,,,,,,,,,,,,,,,,,,,,,,,,,,,,,,,,,,,,,,,,,,,,,,,,,,,,,,,,,,,,,,,,,,,,,,,,,,,,,,,
1764669115.874034,55570,1,4405.499512,4440.813477,4625.981445,4584.778809,4467.493164,4548.41748,4560.477539,4418.589844,4594.783203,4381.932129,4513.461426,4531.993652,4583.810547,4402.577148,4395.092773,4501.560547,4552.771973,4537.550781,4506.06543,4389.659668,4407.709961,4573.032715,4530.67627,4515.473145,4431.993652,4597.581543,4419.619629,4578.57666,4533.633789,4461.728516,4574.257324,4633.421875,1820,0,5,0,0,,,,0,4,4,4,4,4,4,4,4,4,4,4,4,4,4,4,4,4,4,4,4,4,4,4,4,4,4,4,4,4,4,4,4,100,,,,,,,,,,,,,,,,,,,,,,,,,,,,,,,,,,,,,,,,,,,,,,,,,,,,,,,,,,,,,,,,,,,,,,,,,,,,,,,,,,,,,,,,,,,,,,,,,,,,,,,,,,,,,,,,,,,,,,,,,,,,,,,,,,,,,,,,,,,,,,,,,,,,,,,,,,,,,,,,,,,,,,,,,,,,,,,,,,,,,,,,,,,,,,,,,,,,,,,,,,,,,,
1764669115.877940,55571,1,4406.414551,4443.788574,4632.493164,4587.595215,4470.963867,4549.929199,4561.76416,4420.641113,4595.499512,4381.834473,4514.487305,4532.497559,4584.328125,4402.303223,4395.353516,4501.445801,4553.562988,4537.44043,4505.62793,4389.942383,4408.413086,4573.775391,4531.312988,4516.039063,4433.39502,4598.284668,4421.366211,4579.491699,4534.686035,4464.894043,4576.657715,4639.500488,2810,0,5,0,0,,,,0,4,4,4,4,4,4,4,4,4,4,4,4,4,4,4,4,4,4,4,4,4,4,4,4,4,4,4,4,4,4,4,4,100,,,,,,,,,,,,,,,,,,,,,,,,,,,,,,,,,,,,,,,,,,,,,,,,,,,,,,,,,,,,,,,,,,,,,,,,,,,,,,,,,,,,,,,,,,,,,,,,,,,,,,,,,,,,,,,,,,,,,,,,,,,,,,,,,,,,,,,,,,,,,,,,,,,,,,,,,,,,,,,,,,,,,,,,,,,,,,,,,,,,,,,,,,,,,,,,,,,,,,,,,,,,,,
1764669115.881846,55572,1,4407.32959,4446.76416,4639.005371,4590.411133,4474.434082,4551.441406,4563.050293,4422.692383,4596.21582,4381.737305,4515.512695,4533.001953,4584.845215,4402.029297,4395.614258,4501.330566,4554.354492,4537.32959,4505.189941,4390.225586,4409.115723,4574.518066,4531.949707,4516.60498,4434.796875,4598.987793,4423.112305,4580.406738,4535.738281,4468.059082,4579.058594,4645.579102,2647,0,5,0,0,,,,0,4,4,4,4,4,4,4,4,4,4,4,4,4,4,4,4,4,4,4,4,4,4,4,4,4,4,4,4,4,4,4,4,100,,,,,,,,,,,,,,,,,,,,,,,,,,,,,,,,,,,,,,,,,,,,,,,,,,,,,,,,,,,,,,,,,,,,,,,,,,,,,,,,,,,,,,,,,,,,,,,,,,,,,,,,,,,,,,,,,,,,,,,,,,,,,,,,,,,,,,,,,,,,,,,,,,,,,,,,,,,,,,,,,,,,,,,,,,,,,,,,,,,,,,,,,,,,,,,,,,,,,,,,,,,,,,
1764669115.885752,55573,1,4408.245117,4449.739258,4645.51709,4593.227051,4477.904297,4552.953125,4564.336914,4424.743652,4596.932129,4381.640137,4516.538574,4533.505859,4585.362305,4401.754883,4395.875488,4501.21582,4555.145996,4537.219238,4504.752441,4390.508301,4409.818848,4575.260742,4532.586426,4517.17041,4436.198242,4599.69043,4424.858398,4581.321777,4536.790527,4471.224609,4581.458984,4651.657715,2858,0,5,0,0,,,,0,4,4,4,4,4,4,4,4,4,4,4,4,4,4,4,4,4,4,4,4,4,4,4,4,4,4,4,4,4,4,4,4,100,,,,,,,,,,,,,,,,,,,,,,,,,,,,,,,,,,,,,,,,,,,,,,,,,,,,,,,,,,,,,,,,,,,,,,,,,,,,,,,,,,,,,,,,,,,,,,,,,,,,,,,,,,,,,,,,,,,,,,,,,,,,,,,,,,,,,,,,,,,,,,,,,,,,,,,,,,,,,,,,,,,,,,,,,,,,,,,,,,,,,,,,,,,,,,,,,,,,,,,,,,,,,,
1764669115.889658,55574,1,4409.160156,4452.714355,4652.029297,4596.043457,4481.375,4554.464844,4565.623535,4426.794922,4597.647949,4381.542969,4517.563965,4534.009766,4585.879883,4401.480957,4396.13623,4501.100586,4555.937012,4537.108887,4504.314941,4390.791504,4410.521484,4576.003418,4533.222656,4517.736328,4437.599609,4600.393555,4426.60498,4582.236816,4537.842773,4474.390137,4583.859375,4657.736328,2987,0,5,0,0,,,,0,4,4,4,4,4,4,4,4,4,4,4,4,4,4,4,4,4,4,4,4,4,4,4,4,4,4,4,4,4,4,4,4,100,,,,,,,,,,,,,,,,,,,,,,,,,,,,,,,,,,,,,,,,,,,,,,,,,,,,,,,,,,,,,,,,,,,,,,,,,,,,,,,,,,,,,,,,,,,,,,,,,,,,,,,,,,,,,,,,,,,,,,,,,,,,,,,,,,,,,,,,,,,,,,,,,,,,,,,,,,,,,,,,,,,,,,,,,,,,,,,,,,,,,,,,,,,,,,,,,,,,,,,,,,,,,,
1764669115.893564,55575,1,4410.075195,4455.689453,4658.541016,4598.859375,4484.845215,4555.977051,4566.909668,4428.846191,4598.364258,4381.445801,4518.589844,4534.513672,4586.396973,4401.207031,4396.396973,4500.98584,4556.728516,4536.998047,4503.876953,4391.074219,4411.224609,4576.746094,4533.859375,4518.302246,4439.000977,4601.096191,4428.351074,4583.151855,4538.89502,4477.555176,4586.259766,4663.81543,2901,0,5,0,0,,,,0,4,4,4,4,4,4,4,4,4,4,4,4,4,4,4,4,4,4,4,4,4,4,4,4,4,4,4,4,4,4,4,4,100,,,,,,,,,,,,,,,,,,,,,,,,,,,,,,,,,,,,,,,,,,,,,,,,,,,,,,,,,,,,,,,,,,,,,,,,,,,,,,,,,,,,,,,,,,,,,,,,,,,,,,,,,,,,,,,,,,,,,,,,,,,,,,,,,,,,,,,,,,,,,,,,,,,,,,,,,,,,,,,,,,,,,,,,,,,,,,,,,,,,,,,,,,,,,,,,,,,,,,,,,,,,,,
1764669115.897470,55576,1,4410.990234,4458.665039,4665.053223,4601.675293,4488.31543,4557.48877,4568.196289,4430.897461,4599.080566,4381.348145,4519.615234,4535.017578,4586.914063,4400.932617,4396.657715,4500.871094,4557.52002,4536.887695,4503.439453,4391.357422,4411.927734,4577.48877,4534.496094,4518.868164,4440.402344,4601.799316,4430.097168,4584.067383,4539.946777,4480.720703,4588.660645,4669.894043,2773,0,5,0,0,,,,0,4,4,4,4,4,4,4,4,4,4,4,4,4,4,4,4,4,4,4,4,4,4,4,4,4,4,4,4,4,4,4,4,100,,,,,,,,,,,,,,,,,,,,,,,,,,,,,,,,,,,,,,,,,,,,,,,1.6349,3.139469,4.914091,2.644574,2.795475,2.090587,3.22928,4.218238,2.513332,2.853804,2.335037,2.510966,8.547833,7.593244,5.110247,2.979182,2.542454,3.854414,3.227358,2.956305,3.003558,4.092184,5.052948,2.474393,3.245005,1.28654,3.785657,5.567141,2.425809,2.642441,1.162114,2.675343,4.175539,2.649875,2.499377,2.134952,2.608674,4.00819,3.003326,3.116353,1.709848,2.081926,3.102314,3.286675,2.700643,1.039845,2.980148,3.271858,4.189662,5.38731,1.02207,2.150414,2.837623,1.437029,1.946806,1.096071,3.501511,5.006431,2.00141,2.899142,1.163177,1.780162,3.578967,1.719505,2.169877,1.027257,0.772394,1.744165,1.080425,1.43566,1.770573,4.053459,2.596831,1.291788,2.27799,2.12575,5.189151,4.092876,3.631392,2.563957,1.285767,2.642062,5.23083,2.527052,3.204278,2.945197,7.742302,8.363366,3.01173,3.837632,1.823696,4.981154,6.217978,1.672505,2.863771,2.445762,3.678049,6.677828,2.677084,3.327363,1.871178,6.057007,9.615549,3.848659,3.847358,1.346622,2.871264,5.895569,2.626632,3.505211,1.666312,2.331173,4.332817,2.746851,3.017439,2.155962,3.198259,5.363764,2.669727,3.583065,4.75774,7.262913,6.526386,18.158527,9.645557,2.803785,3.396098,4.305357,2.360585,2.6501,2.71453,1.9882,5.049657,4.232167,3.341375,2.0439,2.915035,5.489788,3.167892,3.375358,0.985982,1.634893,2.480067,1.389361,1.351746,2.549384,3.628148,5.599117,3.095555,3.049681,4.371655,3.349215,5.991618,3.52553,4.033787,3.167017,3.654303,11.785444,9.920913,5.379652
1764669115.901376,55577,1,4411.905273,4461.640137,4671.564941,4604.491699,4491.786133,4559.000977,4569.48291,4432.94873,4599.796875,4381.250977,4520.641113,4535.521484,4587.431641,4400.658691,4396.918457,4500.755859,4558.311035,4536.777344,4503.001953,4391.640137,4412.630371,4578.231445,4535.132813,4519.434082,4441.803711,4602.502441,4431.843262,4584.982422,4540.999023,4483.885742,4591.061035,4675.972656,2943,0,5,0,0,,,,0,4,4,4,4,4,4,4,4,4,4,4,4,4,4,4,4,4,4,4,4,4,4,4,4,4,4,4,4,4,4,4,4,100,,,,,,,,,,,,,,,,,,,,,,,,,,,,,,,,,,,,,,,,,,,,,,,,,,,,,,,,,,,,,,,,,,,,,,,,,,,,,,,,,,,,,,,,,,,,,,,,,,,,,,,,,,,,,,,,,,,,,,,,,,,,,,,,,,,,,,,,,,,,,,,,,,,,,,,,,,,,,,,,,,,,,,,,,,,,,,,,,,,,,,,,,,,,,,,,,,,,,,,,,,,,,,
1764669115.905282,55578,0,4412.820313,4464.615234,4678.077148,4607.307617,4495.256348,4560.512695,4570.769043,4435,4600.512695,4381.153809,4521.666504,4536.025879,4587.94873,4400.384766,4397.179688,4500.641113,4559.102539,4536.666504,4502.563965,4391.922852,4413.333496,4578.974121,4535.769043,4520,4443.205078,4603.205078,4433.589844,4585.897461,4542.05127,4487.05127,4593.461426,4682.05127,1834,0,5,2576,60106,,,,0,4,4,4,4,4,4,4,4,4,4,4,4,4,4,4,4,4,4,4,4,4,4,4,4,4,4,4,4,4,4,4,4,100,,,,,,,,,,,,,,,,,,,,,,,,,,,,,,,,,,,,,,,,,,,,,,,,,,,,,,,,,,,,,,,,,,,,,,,,,,,,,,,,,,,,,,,,,,,,,,,,,,,,,,,,,,,,,,,,,,,,,,,,,,,,,,,,,,,,,,,,,,,,,,,,,,,,,,,,,,,,,,,,,,,,,,,,,,,,,,,,,,,,,,,,,,,,,,,,,,,,,,,,,,,,,,
1764669115.909188,55579,0,4418.077148,4472.820313,4681.538574,4613.333496,4502.820313,4566.025879,4576.153809,4446.025879,4608.077148,4396.538574,4528.846191,4537.563965,4593.974121,4399.743652,4395.128418,4495.769043,4561.153809,4531.025879,4495.384766,4387.307617,4405.897461,4578.846191,4537.94873,4522.307617,4420.641113,4611.410156,4449.871582,4592.692383,4548.205078,4501.025879,4603.846191,4697.307617,2459,0,5,2576,60106,,,,0,4,4,4,4,4,4,4,4,4,4,4,4,4,4,4,4,4,4,4,4,4,4,4,4,4,4,4,4,4,4,4,4,100,,,,,,,,,,,,,,,,,,,,,,,,,,,,,,,,,,,,,,,,,,,,,,,,,,,,,,,,,,,,,,,,,,,,,,,,,,,,,,,,,,,,,,,,,,,,,,,,,,,,,,,,,,,,,,,,,,,,,,,,,,,,,,,,,,,,,,,,,,,,,,,,,,,,,,,,,,,,,,,,,,,,,,,,,,,,,,,,,,,,,,,,,,,,,,,,,,,,,,,,,,,,,,
1764669115.913094,55580,0,4426.794922,4484.487305,4682.94873,4617.820313,4502.05127,4573.333496,4584.102539,4453.846191,4616.794922,4423.333496,4538.333496,4541.794922,4600.384766,4398.077148,4393.333496,4498.461426,4567.692383,4534.871582,4501.410156,4388.846191,4407.692383,4584.743652,4543.077148,4530.256348,4418.077148,4617.179688,4463.333496,4602.05127,4554.615234,4508.846191,4612.563965,4714.487305,2627,0,5,2575,60114,,,,0,4,4,4,4,4,4,4,4,4,4,4,4,4,4,4,4,4,4,4,4,4,4,4,4,4,4,4,4,4,4,4,4,100,,,,,,,,,,,,,,,,,,,,,,,,,,,,,,,,,,,,,,,,,,,,,,,,,,,,,,,,,,,,,,,,,,,,,,,,,,,,,,,,,,,,,,,,,,,,,,,,,,,,,,,,,,,,,,,,,,,,,,,,,,,,,,,,,,,,,,,,,,,,,,,,,,,,,,,,,,,,,,,,,,,,,,,,,,,,,,,,,,,,,,,,,,,,,,,,,,,,,,,,,,,,,,
1764669115.917000,55581,0,4433.717773,4494.358887,4685.897461,4618.846191,4492.820313,4577.94873,4589.358887,4453.589844,4623.205078,4445.128418,4543.589844,4544.487305,4601.410156,4396.025879,4391.666504,4506.538574,4572.94873,4542.436035,4512.563965,4394.487305,4415.128418,4592.692383,4548.077148,4540.897461,4435.641113,4619.358887,4466.666504,4608.461426,4557.820313,4508.589844,4613.717773,4728.333496,2479,0,5,2575,60114,,,,0,4,4,4,4,4,4,4,4,4,4,4,4,4,4,4,4,4,4,4,4,4,4,4,4,4,4,4,4,4,4,4,4,100,,,,,,,,,,,,,,,,,,,,,,,,,,,,,,,,,,,13895,0,0.612048,-0.326233,-0.338135,0.636108,1.00061,-0.010743,-0.062996,17.5,40.166668,-21.166666,,,,,,,,,,,,,,,,,,,,,,,,,,,,,,,,,,,,,,,,,,,,,,,,,,,,,,,,,,,,,,,,,,,,,,,,,,,,,,,,,,,,,,,,,,,,,,,,,,,,,,,,,,,,,,,,,,,,,,,,,,,,,,,,,,,,,,,,,,,,,,,,,,,,,,,,,,,,,,,,
1764669115.920906,55582,0,4435.897461,4497.94873,4693.589844,4616.794922,4481.025879,4577.692383,4588.974121,4446.282227,4626.794922,4450.256348,4541.538574,4542.436035,4595.128418,4394.487305,4390.128418,4515,4573.077148,4546.538574,4518.333496,4400,4420.128418,4598.333496,4550.512695,4550.128418,4458.974121,4619.615234,4460.512695,4608.974121,4557.436035,4503.717773,4608.077148,4737.563965,2732,0,5,2576,60122,,,,0,4,4,4,4,4,4,4,4,4,4,4,4,4,4,4,4,4,4,4,4,4,4,4,4,4,4,4,4,4,4,4,4,100,,,,,,,,,,,,,,,,,,,,,,,,,,,,,,,,,,,,,,,,,,,,,,,,,,,,,,,,,,,,,,,,,,,,,,,,,,,,,,,,,,,,,,,,,,,,,,,,,,,,,,,,,,,,,,,,,,,,,,,,,,,,,,,,,,,,,,,,,,,,,,,,,,,,,,,,,,,,,,,,,,,,,,,,,,,,,,,,,,,,,,,,,,,,,,,,,,,,,,,,,,,,,,
1764669115.924812,55583,0,4432.820313,4493.461426,4704.743652,4612.436035,4473.333496,4573.205078,4583.717773,4437.307617,4628.077148,4438.461426,4534.358887,4535.641113,4583.974121,4394.358887,4388.461426,4518.205078,4567.692383,4542.94873,4513.461426,4401.538574,4416.025879,4598.077148,4549.487305,4552.563965,4471.410156,4620,4451.025879,4604.871582,4554.358887,4498.717773,4601.410156,4743.333496,2739,0,5,2576,60122,,,,0,4,4,4,4,4,4,4,4,4,4,4,4,4,4,4,4,4,4,4,4,4,4,4,4,4,4,4,4,4,4,4,4,100,,,,,,,,,,,,,,,,,,,,,,,,,,,,,,,,,,,,,,,,,,,,,,,,,,,,,,,,,,,,,,,,,,,,,,,,,,,,,,,,,,,,,,,,,,,,,,,,,,,,,,,,,,,,,,,,,,,,,,,,,,,,,,,,,,,,,,,,,,,,,,,,,,,,,,,,,,,,,,,,,,,,,,,,,,,,,,,,,,,,,,,,,,,,,,,,,,,,,,,,,,,,,,
1764669115.928718,55584,0,4426.025879,4481.666504,4712.94873,4605.384766,4471.794922,4566.410156,4576.153809,4431.025879,4626.410156,4419.102539,4526.538574,4526.794922,4572.820313,4394.102539,4385.256348,4512.307617,4558.461426,4532.820313,4501.922852,4398.717773,4403.333496,4589.743652,4544.487305,4544.615234,4467.436035,4620.256348,4443.717773,4597.820313,4550.128418,4494.102539,4599.743652,4745.897461,2812,0,5,2576,60130,,,,0,4,4,4,4,4,4,4,4,4,4,4,4,4,4,4,4,4,4,4,4,4,4,4,4,4,4,4,4,4,4,4,4,100,,,,,,,,,,,,,,,,,,,,,,,,,,,,,,,,,,,,,,,,,,,,,,,,,,,,,,,,,,,,,,,,,,,,,,,,,,,,,,,,,,,,,,,,,,,,,,,,,,,,,,,,,,,,,,,,,,,,,,,,,,,,,,,,,,,,,,,,,,,,,,,,,,,,,,,,,,,,,,,,,,,,,,,,,,,,,,,,,,,,,,,,,,,,,,,,,,,,,,,,,,,,,,
1764669115.932624,55585,0,4418.333496,4466.538574,4712.05127,4596.538574,4473.205078,4559.871582,4569.358887,4428.205078,4621.538574,4405,4522.563965,4519.743652,4566.538574,4392.563965,4379.615234,4497.820313,4548.846191,4521.666504,4493.205078,4394.102539,4390.256348,4575.384766,4536.410156,4528.333496,4455.256348,4618.846191,4440.384766,4589.871582,4545.512695,4487.820313,4603.461426,4742.179688,2920,0,5,2576,60130,,,,0,4,4,4,4,4,4,4,4,4,4,4,4,4,4,4,4,4,4,4,4,4,4,4,4,4,4,4,4,4,4,4,4,100,,,,,,,,,,,,,,,,,,,,,,,,,,,,,,,,,,,13896,0,0.611885,-0.326111,-0.338318,0.63623,0.984495,-0.019045,-0.058113,17.333334,41.166668,-21.333334,,,,,,,,,,,,,,,,,,,,,,,,,,,,,,,,,,,,,,,,,,,,,,,,,,,,,,,,,,,,,,,,,,,,,,,,,,,,,,,,,,,,,,,,,,,,,,,,,,,,,,,,,,,,,,,,,,,,,,,,,,,,,,,,,,,,,,,,,,,,,,,,,,,,,,,,,,,,,,,,
1764669115.936530,55586,0,4412.94873,4454.743652,4701.666504,4589.487305,4473.974121,4556.282227,4566.410156,4427.563965,4615.128418,4405.641113,4525.128418,4518.205078,4567.820313,4390,4374.487305,4480.897461,4543.333496,4516.153809,4494.102539,4391.794922,4387.179688,4562.05127,4528.846191,4512.179688,4448.589844,4616.410156,4440.769043,4583.589844,4541.922852,4479.487305,4608.205078,4730,2688,0,5,2576,60137,,,,0,4,4,4,4,4,4,4,4,4,4,4,4,4,4,4,4,4,4,4,4,4,4,4,4,4,4,4,4,4,4,4,4,100,,,,,,,,,,,,,,,,,,,,,,,,,,,,,,,,,,,,,,,,,,,,,,,,,,,,,,,,,,,,,,,,,,,,,,,,,,,,,,,,,,,,,,,,,,,,,,,,,,,,,,,,,,,,,,,,,,,,,,,,,,,,,,,,,,,,,,,,,,,,,,,,,,,,,,,,,,,,,,,,,,,,,,,,,,,,,,,,,,,,,,,,,,,,,,,,,,,,,,,,,,,,,,
1764669115.940436,55587,0,4412.820313,4451.282227,4686.666504,4588.205078,4472.436035,4557.05127,4568.205078,4427.436035,4610.897461,4421.153809,4533.205078,4523.589844,4575.641113,4389.487305,4374.230957,4469.615234,4544.358887,4518.974121,4503.461426,4393.717773,4397.05127,4558.333496,4526.922852,4505.384766,4452.94873,4615.128418,4443.717773,4581.922852,4540.769043,4472.05127,4608.589844,4710.641113,2856,0,5,2576,60137,,,,0,4,4,4,4,4,4,4,4,4,4,4,4,4,4,4,4,4,4,4,4,4,4,4,4,4,4,4,4,4,4,4,4,100,,,,,,,,,,,,,,,,,,,,,,,,,,,,,,,,,,,,,,,,,,,,,,,,,,,,,,,,,,,,,,,,,,,,,,,,,,,,,,,,,,,,,,,,,,,,,,,,,,,,,,,,,,,,,,,,,,,,,,,,,,,,,,,,,,,,,,,,,,,,,,,,,,,,,,,,,,,,,,,,,,,,,,,,,,,,,,,,,,,,,,,,,,,,,,,,,,,,,,,,,,,,,,
1764669115.944342,55588,0,4416.922852,4455.384766,4671.538574,4592.563965,4468.205078,4560.769043,4572.179688,4426.794922,4610.128418,4441.410156,4541.410156,4532.05127,4583.974121,4392.563965,4379.358887,4469.102539,4550.384766,4527.436035,4513.077148,4397.563965,4412.563965,4566.666504,4531.922852,4510.641113,4461.282227,4615.641113,4447.563965,4585.769043,4542.307617,4468.846191,4602.05127,4687.94873,2754,0,5,2576,60145,,,,0,4,4,4,4,4,4,4,4,4,4,4,4,4,4,4,4,4,4,4,4,4,4,4,4,4,4,4,4,4,4,4,4,100,,,,,,,,,,,,,,,,,,,,,,,,,,,,,,,,,,,,,,,,,,,,,,,,,,,,,,,,,,,,,,,,,,,,,,,,,,,,,,,,,,,,,,,,,,,,,,,,,,,,,,,,,,,,,,,,,,,,,,,,,,,,,,,,,,,,,,,,,,,,,,,,,,,,,,,,,,,,,,,,,,,,,,,,,,,,,,,,,,,,,,,,,,,,,,,,,,,,,,,,,,,,,,
1764669115.948248,55589,0,4420.512695,4460,4656.410156,4597.436035,4460.641113,4563.077148,4574.230957,4424.615234,4610,4451.538574,4542.94873,4537.307617,4586.153809,4397.307617,4385.769043,4478.461426,4556.153809,4536.153809,4516.282227,4399.230957,4421.922852,4581.282227,4539.615234,4522.692383,4459.743652,4615.897461,4449.615234,4591.922852,4544.615234,4469.743652,4590.512695,4664.487305,2833,0,5,2576,60145,,,,0,4,4,4,4,4,4,4,4,4,4,4,4,4,4,4,4,4,4,4,4,4,4,4,4,4,4,4,4,4,4,4,4,100,,,,,,,,,,,,,,,,,,,,,,,,,,,,,,,,,,,13897,0,0.61186,-0.325928,-0.338196,0.636414,0.982542,-0.030277,-0.039556,17.166666,39.333332,-20.333334,,,,,,,,,,,,,,,,,,,,,,,,,,,,,,,,,,,,,,,,,,,,,,,,,,,,,,,,,,,,,,,,,,,,,,,,,,,,,,,,,,,,,,,,,,,,,,,,,,,,,,,,,,,,,,,,,,,,,,,,,,,,,,,,,,,,,,,,,,,,,,,,,,,,,,,,,,,,,,,,
1764669115.952154,55590,0,4419.487305,4458.717773,4639.743652,4596.794922,4450,4560.384766,4572.563965,4421.025879,4606.538574,4444.102539,4535.256348,4535.384766,4580,4399.487305,4387.563965,4492.179688,4557.179688,4541.538574,4512.436035,4396.794922,4418.974121,4592.436035,4543.717773,4532.436035,4441.410156,4613.333496,4447.436035,4596.538574,4545.128418,4471.666504,4578.974121,4641.153809,2814,0,5,2576,60153,,,,0,4,4,4,4,4,4,4,4,4,4,4,4,4,4,4,4,4,4,4,4,4,4,4,4,4,4,4,4,4,4,4,4,100,,,,,,,,,,,,,,,,,,,,,,,,,,,,,,,,,,,,,,,,,,,,,,,,,,,,,,,,,,,,,,,,,,,,,,,,,,,,,,,,,,,,,,,,,,,,,,,,,,,,,,,,,,,,,,,,,,,,,,,,,,,,,,,,,,,,,,,,,,,,,,,,,,,,,,,,,,,,,,,,,,,,,,,,,,,,,,,,,,,,,,,,,,,,,,,,,,,,,,,,,,,,,,
1764669115.956060,55591,0,4414.102539,4450.641113,4621.794922,4588.974121,4438.461426,4553.461426,4567.94873,4417.307617,4598.974121,4425,4522.436035,4527.94873,4570,4397.692383,4383.589844,4503.077148,4553.077148,4542.94873,4506.025879,4391.538574,4406.666504,4593.077148,4541.153809,4533.717773,4413.205078,4607.436035,4441.025879,4596.794922,4542.436035,4471.153809,4572.94873,4620.641113,2976,0,5,2576,60153,,,,0,4,4,4,4,4,4,4,4,4,4,4,4,4,4,4,4,4,4,4,4,4,4,4,4,4,4,4,4,4,4,4,4,100,,,,,,,,,,,,,,,,,,,,,,,,,,,,,,,,,,,,,,,,,,,,,,,,,,,,,,,,,,,,,,,,,,,,,,,,,,,,,,,,,,,,,,,,,,,,,,,,,,,,,,,,,,,,,,,,,,,,,,,,,,,,,,,,,,,,,,,,,,,,,,,,,,,,,,,,,,,,,,,,,,,,,,,,,,,,,,,,,,,,,,,,,,,,,,,,,,,,,,,,,,,,,,
1764669115.959966,55592,0,4408.205078,4440.512695,4605.897461,4577.179688,4430.384766,4546.025879,4563.717773,4415,4591.410156,4407.94873,4512.307617,4520.897461,4563.333496,4394.358887,4378.333496,4506.538574,4546.922852,4541.410156,4501.025879,4386.538574,4393.974121,4582.692383,4533.846191,4526.025879,4391.538574,4600.897461,4432.436035,4592.436035,4537.436035,4466.282227,4574.230957,4607.820313,2909,0,5,2576,60161,,,,0,4,4,4,4,4,4,4,4,4,4,4,4,4,4,4,4,4,4,4,4,4,4,4,4,4,4,4,4,4,4,4,4,100,,,,,,,,,,,,,,,,,,,,,,,,,,,,,,,,,,,,,,,,,,,,,,,,,,,,,,,,,,,,,,,,,,,,,,,,,,,,,,,,,,,,,,,,,,,,,,,,,,,,,,,,,,,,,,,,,,,,,,,,,,,,,,,,,,,,,,,,,,,,,,,,,,,,,,,,,,,,,,,,,,,,,,,,,,,,,,,,,,,,,,,,,,,,,,,,,,,,,,,,,,,,,,
1764669115.963873,55593,0,4405.769043,4433.717773,4595.769043,4568.077148,4428.846191,4542.692383,4562.179688,4414.487305,4588.974121,4403.589844,4510.128418,4519.358887,4564.871582,4393.717773,4377.820313,4503.333496,4542.436035,4539.358887,4500.512695,4384.358887,4389.102539,4567.94873,4526.794922,4514.743652,4390,4596.922852,4425.384766,4585.769043,4532.307617,4457.436035,4580.641113,4607.436035,2777,0,5,2576,60161,,,,0,4,4,4,4,4,4,4,4,4,4,4,4,4,4,4,4,4,4,4,4,4,4,4,4,4,4,4,4,4,4,4,4,100,,,,,,,,,,,,,,,,,,,,,,,,,,,,,,,,,,,13898,0,0.612066,-0.325928,-0.337708,0.636475,1.018191,-0.028812,-0.040532,16.333334,40.166668,-20,,,,,,,,,,,,,,,,,,,,,,,,,,,,,,,,,,,,,,,,,,,,,,,,,,,,,,,,,,,,,,,,,,,,,,,,,,,,,,,,,,,,,,,,,,,,,,,,,,,,,,,,,,,,,,,,,,,,,,,,,,,,,,,,,,,,,,,,,,,,,,,,,,,,,,,,,,,,,,,,
1764669115.967779,55594,1,4403.661133,4429.543945,4587.749512,4563.04834,4427.265137,4540.726563,4560.413086,4410.555664,4586.723633,4402.94873,4510.02832,4518.005859,4563.888672,4391.296387,4377.94873,4500.02832,4539.900391,4534.202148,4497.008789,4380.812012,4386.908691,4563.774902,4523.347656,4511.054199,4390.897461,4593.774902,4420.541504,4581.054199,4529.430176,4451.410156,4573.746582,4595.370605,0,0,5,0,0,,,,0,4,4,4,4,4,4,4,4,4,4,4,4,4,4,4,4,4,4,4,4,4,4,4,4,4,4,4,4,4,4,4,4,100,,,,,,,,,,,,,,,,,,,,,,,,,,,,,,,,,,,,,,,,,,,,,,,,,,,,,,,,,,,,,,,,,,,,,,,,,,,,,,,,,,,,,,,,,,,,,,,,,,,,,,,,,,,,,,,,,,,,,,,,,,,,,,,,,,,,,,,,,,,,,,,,,,,,,,,,,,,,,,,,,,,,,,,,,,,,,,,,,,,,,,,,,,,,,,,,,,,,,,,,,,,,,,
1764669115.971685,55595,1,4401.552734,4425.370605,4579.729492,4558.02002,4425.683594,4538.760742,4558.646484,4406.624023,4584.473145,4402.307617,4509.928711,4516.652344,4562.905762,4388.874512,4378.077148,4496.723633,4537.364746,4529.04541,4493.504395,4377.265137,4384.715332,4559.601074,4519.900391,4507.364746,4391.794922,4590.626953,4415.698242,4576.338867,4526.552734,4445.384766,4566.852051,4583.304688,0,0,5,0,0,,,,0,4,4,4,4,4,4,4,4,4,4,4,4,4,4,4,4,4,4,4,4,4,4,4,4,4,4,4,4,4,4,4,4,100,,,,,,,,,,,,,,,,,,,,,,,,,,,,,,,,,,,,,,,,,,,,,,,,,,,,,,,,,,,,,,,,,,,,,,,,,,,,,,,,,,,,,,,,,,,,,,,,,,,,,,,,,,,,,,,,,,,,,,,,,,,,,,,,,,,,,,,,,,,,,,,,,,,,,,,,,,,,,,,,,,,,,,,,,,,,,,,,,,,,,,,,,,,,,,,,,,,,,,,,,,,,,,
1764669115.975591,55596,1,4399.444336,4421.196777,4571.709473,4552.991211,4424.102539,4536.794922,4556.880371,4402.692383,4582.222168,4401.666504,4509.829102,4515.299316,4561.922852,4386.453125,4378.205078,4493.418945,4534.829102,4523.888672,4490,4373.717773,4382.521484,4555.427246,4516.453125,4503.675293,4392.692383,4587.478516,4410.854492,4571.624023,4523.675293,4439.358887,4559.957031,4571.239258,0,0,5,0,0,,,,0,4,4,4,4,4,4,4,4,4,4,4,4,4,4,4,4,4,4,4,4,4,4,4,4,4,4,4,4,4,4,4,4,100,,,,,,,,,,,,,,,,,,,,,,,,,,,,,,,,,,,,,,,,,,,,,,,,,,,,,,,,,,,,,,,,,,,,,,,,,,,,,,,,,,,,,,,,,,,,,,,,,,,,,,,,,,,,,,,,,,,,,,,,,,,,,,,,,,,,,,,,,,,,,,,,,,,,,,,,,,,,,,,,,,,,,,,,,,,,,,,,,,,,,,,,,,,,,,,,,,,,,,,,,,,,,,
1764669115.979497,55597,1,4397.336426,4417.022949,4563.689453,4547.962891,4422.521484,4534.829102,4555.11377,4398.760742,4579.97168,4401.025879,4509.729492,4513.945801,4560.939941,4384.03125,4378.333496,4490.11377,4532.293457,4518.732422,4486.495605,4370.170898,4380.327637,4551.253418,4513.005859,4499.98584,4393.589844,4584.330566,4406.01123,4566.908691,4520.797852,4433.333496,4553.0625,4559.173828,0,0,5,0,0,,,,0,4,4,4,4,4,4,4,4,4,4,4,4,4,4,4,4,4,4,4,4,4,4,4,4,4,4,4,4,4,4,4,4,100,,,,,,,,,,,,,,,,,,,,,,,,,,,,,,,,,,,,,,,,,,,,,,,,,,,,,,,,,,,,,,,,,,,,,,,,,,,,,,,,,,,,,,,,,,,,,,,,,,,,,,,,,,,,,,,,,,,,,,,,,,,,,,,,,,,,,,,,,,,,,,,,,,,,,,,,,,,,,,,,,,,,,,,,,,,,,,,,,,,,,,,,,,,,,,,,,,,,,,,,,,,,,,
1764669115.983403,55598,1,4395.228027,4412.849121,4555.669434,4542.93457,4420.939941,4532.863281,4553.347656,4394.829102,4577.720703,4400.384766,4509.629395,4512.592773,4559.957031,4381.609863,4378.461426,4486.809082,4529.757813,4513.575684,4482.991211,4366.624023,4378.133789,4547.07959,4509.558594,4496.296387,4394.487305,4581.182129,4401.167969,4562.193848,4517.92041,4427.307617,4546.167969,4547.108398,0,0,5,0,0,,,,0,4,4,4,4,4,4,4,4,4,4,4,4,4,4,4,4,4,4,4,4,4,4,4,4,4,4,4,4,4,4,4,4,100,,,,,,,,,,,,,,,,,,,,,,,,,,,,,,,,,,,,,,,,,,,,,,,,,,,,,,,,,,,,,,,,,,,,,,,,,,,,,,,,,,,,,,,,,,,,,,,,,,,,,,,,,,,,,,,,,,,,,,,,,,,,,,,,,,,,,,,,,,,,,,,,,,,,,,,,,,,,,,,,,,,,,,,,,,,,,,,,,,,,,,,,,,,,,,,,,,,,,,,,,,,,,,
1764669115.987309,55599,1,4393.119629,4408.675293,4547.649414,4537.905762,4419.358887,4530.897461,4551.581055,4390.897461,4575.470215,4399.743652,4509.529785,4511.239258,4558.974121,4379.187988,4378.589844,4483.504395,4527.222168,4508.418945,4479.487305,4363.077148,4375.939941,4542.905762,4506.111328,4492.606934,4395.384766,4578.03418,4396.324707,4557.478516,4515.042969,4421.282227,4539.273438,4535.042969,0,0,5,0,0,,,,0,4,4,4,4,4,4,4,4,4,4,4,4,4,4,4,4,4,4,4,4,4,4,4,4,4,4,4,4,4,4,4,4,100,,,,,,,,,,,,,,,,,,,,,,,,,,,,,,,,,,,,,,,,,,,,,,,,,,,,,,,,,,,,,,,,,,,,,,,,,,,,,,,,,,,,,,,,,,,,,,,,,,,,,,,,,,,,,,,,,,,,,,,,,,,,,,,,,,,,,,,,,,,,,,,,,,,,,,,,,,,,,,,,,,,,,,,,,,,,,,,,,,,,,,,,,,,,,,,,,,,,,,,,,,,,,,
1764669115.991215,55600,1,4391.01123,4404.501465,4539.629395,4532.877441,4417.777832,4528.931641,4549.814941,4386.96582,4573.219238,4399.102539,4509.430176,4509.88623,4557.991211,4376.766602,4378.717773,4480.199219,4524.686523,4503.262207,4475.98291,4359.529785,4373.746582,4538.732422,4502.663574,4488.91748,4396.282227,4574.88623,4391.481445,4552.763672,4512.165039,4415.256348,4532.378906,4522.977051,0,0,5,0,0,,,,0,4,4,4,4,4,4,4,4,4,4,4,4,4,4,4,4,4,4,4,4,4,4,4,4,4,4,4,4,4,4,4,4,100,,,,,,,,,,,,,,,,,,,,,,,,,,,,,,,,,,,,,,,,,,,,,,,,,,,,,,,,,,,,,,,,,,,,,,,,,,,,,,,,,,,,,,,,,,,,,,,,,,,,,,,,,,,,,,,,,,,,,,,,,,,,,,,,,,,,,,,,,,,,,,,,,,,,,,,,,,,,,,,,,,,,,,,,,,,,,,,,,,,,,,,,,,,,,,,,,,,,,,,,,,,,,,
1764669115.995121,55601,1,4388.90332,4400.327637,4531.609863,4527.849121,4416.196777,4526.96582,4548.04834,4383.03418,4570.96875,4398.461426,4509.330566,4508.532715,4557.008789,4374.344727,4378.846191,4476.894531,4522.150879,4498.105469,4472.478516,4355.98291,4371.552734,4534.558594,4499.216309,4485.228027,4397.179688,4571.737793,4386.638184,4548.04834,4509.287598,4409.230957,4525.484375,4510.911621,0,0,5,0,0,,,,0,4,4,4,4,4,4,4,4,4,4,4,4,4,4,4,4,4,4,4,4,4,4,4,4,4,4,4,4,4,4,4,4,100,,,,,,,,,,,,,,,,,,,,,,,,,,,,,,,,,,,,,,,,,,,,,,,,,,,,,,,,,,,,,,,,,,,,,,,,,,,,,,,,,,,,,,,,,,,,,,,,,,,,,,,,,,,,,,,,,,,,,,,,,,,,,,,,,,,,,,,,,,,,,,,,,,,,,,,,,,,,,,,,,,,,,,,,,,,,,,,,,,,,,,,,,,,,,,,,,,,,,,,,,,,,,,
1764669115.999027,55602,0,4386.794922,4396.153809,4523.589844,4522.820313,4414.615234,4525,4546.282227,4379.102539,4568.717773,4397.820313,4509.230957,4507.179688,4556.025879,4371.922852,4378.974121,4473.589844,4519.615234,4492.94873,4468.974121,4352.436035,4369.358887,4530.384766,4495.769043,4481.538574,4398.077148,4568.589844,4381.794922,4543.333496,4506.410156,4403.205078,4518.589844,4498.846191,1790,0,5,2576,60200,,,,0,4,4,4,4,4,4,4,4,4,4,4,4,4,4,4,4,4,4,4,4,4,4,4,4,4,4,4,4,4,4,4,4,100,,,,,,,,,,,,,,,,,,,,,,,,,,,,,,,,,,,,,,,,,,,,,,,,,,,,,,,,,,,,,,,,,,,,,,,,,,,,,,,,,,,,,,,,,,,,,,,,,,,,,,,,,,,,,,,,,,,,,,,,,,,,,,,,,,,,,,,,,,,,,,,,,,,,,,,,,,,,,,,,,,,,,,,,,,,,,,,,,,,,,,,,,,,,,,,,,,,,,,,,,,,,,,
1764669116.002933,55603,0,4392.563965,4401.666504,4519.230957,4540.256348,4418.974121,4529.358887,4548.846191,4386.153809,4567.820313,4404.743652,4513.717773,4515.769043,4559.487305,4374.743652,4382.307617,4478.717773,4529.358887,4503.846191,4480.897461,4358.333496,4386.922852,4541.922852,4505.384766,4489.230957,4392.179688,4574.102539,4391.794922,4551.922852,4511.794922,4412.692383,4530.128418,4523.846191,2739,0,5,2576,60200,,,,0,4,4,4,4,4,4,4,4,4,4,4,4,4,4,4,4,4,4,4,4,4,4,4,4,4,4,4,4,4,4,4,4,100,,,,,,,,,,,,,,,,,,,,,,,,,,,,,,,,,,,,,,,,,,,,,,,,,,,,,,,,,,,,,,,,,,,,,,,,,,,,,,,,,,,,,,,,,,,,,,,,,,,,,,,,,,,,,,,,,,,,,,,,,,,,,,,,,,,,,,,,,,,,,,,,,,,,,,,,,,,,,,,,,,,,,,,,,,,,,,,,,,,,,,,,,,,,,,,,,,,,,,,,,,,,,,
1764669116.006839,55604,0,4401.922852,4408.333496,4517.307617,4556.666504,4421.410156,4536.025879,4556.410156,4397.820313,4569.358887,4412.692383,4518.717773,4528.077148,4567.692383,4380.256348,4386.666504,4493.461426,4545.897461,4527.563965,4503.461426,4374.358887,4407.436035,4564.487305,4520.256348,4506.794922,4399.102539,4581.666504,4406.666504,4566.666504,4520.641113,4426.025879,4536.538574,4540.769043,2597,0,5,2576,60208,,,,0,4,4,4,4,4,4,4,4,4,4,4,4,4,4,4,4,4,4,4,4,4,4,4,4,4,4,4,4,4,4,4,4,100,,,,,,,,,,,,,,,,,,,,,,,,,,,,,,,,,,,,,,,,,,,,,,,,,,,,,,,,,,,,,,,,,,,,,,,,,,,,,,,,,,,,,,,,,,,,,,,,,,,,,,,,,,,,,,,,,,,,,,,,,,,,,,,,,,,,,,,,,,,,,,,,,,,,,,,,,,,,,,,,,,,,,,,,,,,,,,,,,,,,,,,,,,,,,,,,,,,,,,,,,,,,,,
1764669116.010745,55605,0,4412.820313,4415.384766,4519.487305,4566.153809,4426.794922,4544.230957,4568.846191,4411.282227,4576.025879,4421.538574,4526.153809,4540.128418,4580,4387.94873,4393.974121,4510.512695,4562.692383,4552.692383,4525.384766,4393.589844,4423.974121,4586.666504,4533.717773,4524.871582,4417.307617,4589.743652,4420.897461,4580.641113,4528.974121,4437.820313,4536.794922,4543.846191,2827,0,5,2576,60208,,,,0,4,4,4,4,4,4,4,4,4,4,4,4,4,4,4,4,4,4,4,4,4,4,4,4,4,4,4,4,4,4,4,4,100,,,,,,,,,,,,,,,,,,,,,,,,,,,,,,,,,,,13901,0,0.611632,-0.326294,-0.337219,0.636963,1.002075,-0.031742,-0.028324,15.833333,41,-21.666666,,,,,,,,,,,,,,,,,,,,,,,,,,,,,,,,,,,,,,,,,,,,,,,,,,,,,,,,,,,,,,,,,,,,,,,,,,,,,,,,,,,,,,,,,,,,,,,,,,,,,,,,,,,,,,,,,,,,,,,,,,,,,,,,,,,,,,,,,,,,,,,,,,,,,,,,,,,,,,,,
1764669116.014651,55606,0,4422.692383,4423.205078,4527.692383,4567.94873,4437.179688,4553.077148,4583.717773,4423.077148,4588.846191,4430.512695,4536.282227,4548.846191,4593.846191,4396.922852,4405.384766,4522.436035,4574.615234,4567.563965,4536.153809,4408.205078,4432.692383,4599.615234,4541.538574,4536.025879,4439.102539,4597.179688,4430.897461,4588.974121,4534.487305,4443.717773,4536.922852,4538.974121,2938,0,5,2576,60216,,,,0,4,4,4,4,4,4,4,4,4,4,4,4,4,4,4,4,4,4,4,4,4,4,4,4,4,4,4,4,4,4,4,4,100,,,,,,,,,,,,,,,,,,,,,,,,,,,,,,,,,,,,,,,,,,,,,,,,,,,,,,,,,,,,,,,,,,,,,,,,,,,,,,,,,,,,,,,,,,,,,,,,,,,,,,,,,,,,,,,,,,,,,,,,,,,,,,,,,,,,,,,,,,,,,,,,,,,,,,,,,,,,,,,,,,,,,,,,,,,,,,,,,,,,,,,,,,,,,,,,,,,,,,,,,,,,,,
1764669116.018557,55607,0,4427.179688,4428.974121,4539.230957,4563.846191,4446.794922,4558.717773,4594.358887,4428.077148,4602.05127,4436.410156,4544.743652,4551.410156,4603.589844,4404.230957,4417.179688,4523.589844,4577.820313,4565,4530.641113,4411.794922,4431.794922,4599.615234,4541.410156,4536.025879,4452.563965,4601.282227,4433.205078,4588.974121,4535.128418,4439.871582,4541.282227,4535.384766,2849,0,5,2576,60216,,,,0,4,4,4,4,4,4,4,4,4,4,4,4,4,4,4,4,4,4,4,4,4,4,4,4,4,4,4,4,4,4,4,4,100,,,,,,,,,,,,,,,,,,,,,,,,,,,,,,,,,,,,,,,,,,,,,,,,,,,,,,,,,,,,,,,,,,,,,,,,,,,,,,,,,,,,,,,,,,,,,,,,,,,,,,,,,,,,,,,,,,,,,,,,,,,,,,,,,,,,,,,,,,,,,,,,,,,,,,,,,,,,,,,,,,,,,,,,,,,,,,,,,,,,,,,,,,,,,,,,,,,,,,,,,,,,,,
1764669116.022463,55608,1,4416.922852,4417.794922,4527.384766,4554.589844,4431.666504,4547.820313,4581.230957,4414.384766,4593.128418,4426.794922,4534.974121,4542.692383,4594.410156,4398.153809,4408.666504,4516.641113,4567.641113,4555.077148,4522.333496,4401.743652,4420.94873,4589.846191,4533.179688,4525.307617,4436.563965,4590.410156,4418.230957,4577.05127,4527.922852,4425.922852,4536.05127,4525.974121,0,0,5,0,0,,,,0,4,4,4,4,4,4,4,4,4,4,4,4,4,4,4,4,4,4,4,4,4,4,4,4,4,4,4,4,4,4,4,4,100,0.917969,25,3,3,1,3,3,3,3,1,3,1,4,3,3,4,4,3,1,1,3,3,1,1,3,1,1,3,1,1,4,3,1,1,,,,,,,,,,,,,1.280213,2.435756,4.733622,2.692651,2.556429,1.96919,3.013044,4.202439,2.638844,2.58189,2.460394,2.518533,9.047039,6.630628,4.402345,2.746515,2.591987,4.051892,3.397421,2.899952,2.725882,3.798074,5.376299,2.712622,3.084172,1.077767,2.945132,5.150545,2.503675,2.338654,1.075067,2.678281,4.137756,2.786971,2.216505,2.043345,2.372551,3.999358,3.247593,2.867915,1.859846,2.220881,3.437423,3.406193,2.40738,1.030923,3.062785,4.474862,4.201043,5.19715,1.042756,1.84018,2.952677,1.515767,1.667932,1.064524,3.137612,4.765153,2.147235,2.54305,1.223854,1.676825,3.573071,1.825071,1.87269,1.008824,0.887384,1.820724,1.033127,1.346018,1.798083,3.540052,2.396951,1.406521,2.039809,2.238814,4.947441,4.202204,3.262759,2.208639,1.283866,2.350792,5.169788,2.582178,2.795054,2.947291,6.747917,7.753832,2.818829,3.391101,1.86273,4.594524,5.67136,1.550213,2.555716,2.464935,3.095482,5.939658,2.446682,2.91362,1.857849,5.261433,9.059621,3.522108,3.410647,1.237342,2.569475,5.586423,2.527166,3.106864,1.755009,2.186899,4.231408,2.772384,2.775244,1.986383,2.831419,4.728365,2.594048,3.160214,5.172541,6.723186,6.040528,18.534578,8.774925,3.03926,3.168139,4.044732,2.324337,2.360556,2.516028,2.042615,4.670594,4.3607,3.129896,1.838401,2.811777,5.288061,3.281789,3.052592,0.827927,1.357299,2.273299,1.46071,1.253368,2.235332,3.429514,5.339087,3.093403,2.820848,4.341262,2.907664,6.081062,3.179785,3.76001,3.780008,4.213592,13.285662,8.657063,5.68112
1764669116.026369,55609,1,4406.666504,4406.615234,4515.538574,4545.333496,4416.538574,4536.922852,4568.102539,4400.692383,4584.205078,4417.179688,4525.205078,4533.974121,4585.230957,4392.077148,4400.153809,4509.692383,4557.461426,4545.153809,4514.025879,4391.692383,4410.102539,4580.077148,4524.94873,4514.589844,4420.563965,4579.538574,4403.256348,4565.128418,4520.717773,4411.974121,4530.820313,4516.563965,0,0,5,0,0,,,,0,4,4,4,4,4,4,4,4,4,4,4,4,4,4,4,4,4,4,4,4,4,4,4,4,4,4,4,4,4,4,4,4,100,,,,,,,,,,,,,,,,,,,,,,,,,,,,,,,,,,,,,,,,,,,,,,,,,,,,,,,,,,,,,,,,,,,,,,,,,,,,,,,,,,,,,,,,,,,,,,,,,,,,,,,,,,,,,,,,,,,,,,,,,,,,,,,,,,,,,,,,,,,,,,,,,,,,,,,,,,,,,,,,,,,,,,,,,,,,,,,,,,,,,,,,,,,,,,,,,,,,,,,,,,,,,,
1764669116.030275,55610,1,4396.410156,4395.436035,4503.692383,4536.077148,4401.410156,4526.025879,4554.974121,4387,4575.282227,4407.563965,4515.436035,4525.256348,4576.05127,4386,4391.641113,4502.743652,4547.282227,4535.230957,4505.717773,4381.641113,4399.256348,4570.307617,4516.717773,4503.871582,4404.563965,4568.666504,4388.282227,4553.205078,4513.512695,4398.025879,4525.589844,4507.153809,0,0,5,0,0,,,,0,4,4,4,4,4,4,4,4,4,4,4,4,4,4,4,4,4,4,4,4,4,4,4,4,4,4,4,4,4,4,4,4,100,,,,,,,,,,,,,,,,,,,,,,,,,,,,,,,,,,,,,,,,,,,,,,,,,,,,,,,,,,,,,,,,,,,,,,,,,,,,,,,,,,,,,,,,,,,,,,,,,,,,,,,,,,,,,,,,,,,,,,,,,,,,,,,,,,,,,,,,,,,,,,,,,,,,,,,,,,,,,,,,,,,,,,,,,,,,,,,,,,,,,,,,,,,,,,,,,,,,,,,,,,,,,,
1764669116.034181,55611,1,4386.153809,4384.256348,4491.846191,4526.820313,4386.282227,4515.128418,4541.846191,4373.307617,4566.358887,4397.94873,4505.666504,4516.538574,4566.871582,4379.922852,4383.128418,4495.794922,4537.102539,4525.307617,4497.410156,4371.589844,4388.410156,4560.538574,4508.487305,4493.153809,4388.563965,4557.794922,4373.307617,4541.282227,4506.307617,4384.077148,4520.358887,4497.743652,0,0,5,0,0,,,,0,4,4,4,4,4,4,4,4,4,4,4,4,4,4,4,4,4,4,4,4,4,4,4,4,4,4,4,4,4,4,4,4,100,,,,,,,,,,,,,,,,,,,,,,,,,,,,,,,,,,,13902,1,0.611456,-0.326508,-0.337158,0.637054,0.996215,-0.028568,-0.032475,16.666666,41.166668,-22.083334,,,,,,,,,,,,,,,,,,,,,,,,,,,,,,,,,,,,,,,,,,,,,,,,,,,,,,,,,,,,,,,,,,,,,,,,,,,,,,,,,,,,,,,,,,,,,,,,,,,,,,,,,,,,,,,,,,,,,,,,,,,,,,,,,,,,,,,,,,,,,,,,,,,,,,,,,,,,,,,,
1764669116.038087,55612,0,4375.897461,4373.077148,4480,4517.563965,4371.153809,4504.230957,4528.717773,4359.615234,4557.436035,4388.333496,4495.897461,4507.820313,4557.692383,4373.846191,4374.615234,4488.846191,4526.922852,4515.384766,4489.102539,4361.538574,4377.563965,4550.769043,4500.256348,4482.436035,4372.563965,4546.922852,4358.333496,4529.358887,4499.102539,4370.128418,4515.128418,4488.333496,2630,0,5,2570,60239,,,,0,4,4,4,4,4,4,4,4,4,4,4,4,4,4,4,4,4,4,4,4,4,4,4,4,4,4,4,4,4,4,4,4,100,,,,,,,,,,,,,,,,,,,,,,,,,,,,,,,,,,,,,,,,,,,,,,,,,,,,,,,,,,,,,,,,,,,,,,,,,,,,,,,,,,,,,,,,,,,,,,,,,,,,,,,,,,,,,,,,,,,,,,,,,,,,,,,,,,,,,,,,,,,,,,,,,,,,,,,,,,,,,,,,,,,,,,,,,,,,,,,,,,,,,,,,,,,,,,,,,,,,,,,,,,,,,,
1764669116.041993,55613,0,4382.05127,4378.846191,4468.717773,4512.820313,4380,4508.461426,4533.205078,4368.589844,4562.563965,4373.974121,4503.077148,4512.692383,4563.461426,4380.641113,4379.230957,4503.717773,4537.436035,4533.717773,4504.102539,4368.974121,4381.538574,4562.05127,4506.794922,4491.922852,4393.077148,4548.974121,4360.769043,4535.128418,4502.307617,4376.538574,4502.692383,4470.512695,2484,0,5,2570,60239,,,,0,4,4,4,4,4,4,4,4,4,4,4,4,4,4,4,4,4,4,4,4,4,4,4,4,4,4,4,4,4,4,4,4,100,,,,,,,,,,,,,,,,,,,,,,,,,,,,,,,,,,,13903,0,0.61128,-0.326721,-0.337097,0.637146,0.990355,-0.025394,-0.036626,17.5,41.333332,-22.5,,,,,,,,,,,,,,,,,,,,,,,,,,,,,,,,,,,,,,,,,,,,,,,,,,,,,,,,,,,,,,,,,,,,,,,,,,,,,,,,,,,,,,,,,,,,,,,,,,,,,,,,,,,,,,,,,,,,,,,,,,,,,,,,,,,,,,,,,,,,,,,,,,,,,,,,,,,,,,,,
1764669116.045899,55614,1,4382.519531,4379.286621,4468.110352,4512.920898,4380.473633,4508.996582,4533.450195,4369.208496,4561.845215,4374.425781,4503.707031,4512.436035,4563.199707,4380.01123,4378.946289,4503.562012,4537.341309,4533.077148,4503.901855,4369.169434,4381.794922,4561.973145,4506.912109,4492.006836,4392.79834,4548.784668,4361.365723,4535.652344,4502.51416,4377.625488,4502.909668,4469.56543,0,0,5,0,0,,,,0,4,4,4,4,4,4,4,4,4,4,4,4,4,4,4,4,4,4,4,4,4,4,4,4,4,4,4,4,4,4,4,4,100,,,,,,,,,,,,,,,,,,,,,,,,,,,,,,,,,,,,,,,,,,,,,,,,,,,,,,,,,,,,,,,,,,,,,,,,,,,,,,,,,,,,,,,,,,,,,,,,,,,,,,,,,,,,,,,,,,,,,,,,,,,,,,,,,,,,,,,,,,,,,,,,,,,,,,,,,,,,,,,,,,,,,,,,,,,,,,,,,,,,,,,,,,,,,,,,,,,,,,,,,,,,,,
1764669116.049805,55615,1,4382.987793,4379.727051,4467.50293,4513.020996,4380.947754,4509.531738,4533.695801,4369.827148,4561.125977,4374.877441,4504.336914,4512.179688,4562.9375,4379.381348,4378.662109,4503.405762,4537.246582,4532.436035,4503.701172,4369.364746,4382.05127,4561.89502,4507.028809,4492.090332,4392.519531,4548.595215,4361.961914,4536.17627,4502.720215,4378.712402,4503.126953,4468.617676,0,0,5,0,0,,,,0,4,4,4,4,4,4,4,4,4,4,4,4,4,4,4,4,4,4,4,4,4,4,4,4,4,4,4,4,4,4,4,4,100,,,,,,,,,,,,,,,,,,,,,,,,,,,,,,,,,,,,,,,,,,,,,,,,,,,,,,,,,,,,,,,,,,,,,,,,,,,,,,,,,,,,,,,,,,,,,,,,,,,,,,,,,,,,,,,,,,,,,,,,,,,,,,,,,,,,,,,,,,,,,,,,,,,,,,,,,,,,,,,,,,,,,,,,,,,,,,,,,,,,,,,,,,,,,,,,,,,,,,,,,,,,,,
1764669116.053711,55616,1,4383.456055,4380.166992,4466.89502,4513.121582,4381.421387,4510.066895,4533.940918,4370.445801,4560.406738,4375.329102,4504.966797,4511.922852,4562.675781,4378.751465,4378.37793,4503.249512,4537.151855,4531.794922,4503.500488,4369.55957,4382.307617,4561.817383,4507.145996,4492.173828,4392.240723,4548.405762,4362.558594,4536.700195,4502.92627,4379.799316,4503.344238,4467.669922,0,0,5,0,0,,,,0,4,4,4,4,4,4,4,4,4,4,4,4,4,4,4,4,4,4,4,4,4,4,4,4,4,4,4,4,4,4,4,4,100,,,,,,,,,,,,,,,,,,,,,,,,,,,,,,,,,,,,,,,,,,,,,,,,,,,,,,,,,,,,,,,,,,,,,,,,,,,,,,,,,,,,,,,,,,,,,,,,,,,,,,,,,,,,,,,,,,,,,,,,,,,,,,,,,,,,,,,,,,,,,,,,,,,,,,,,,,,,,,,,,,,,,,,,,,,,,,,,,,,,,,,,,,,,,,,,,,,,,,,,,,,,,,
1764669116.057617,55617,1,4383.924316,4380.607422,4466.287598,4513.22168,4381.89502,4510.602051,4534.186035,4371.064453,4559.687988,4375.780273,4505.596191,4511.666504,4562.413574,4378.121582,4378.09375,4503.09375,4537.056641,4531.153809,4503.299805,4369.754883,4382.563965,4561.739258,4507.263184,4492.257324,4391.961914,4548.216309,4363.154785,4537.224121,4503.132813,4380.88623,4503.562012,4466.722168,0,0,5,0,0,,,,0,4,4,4,4,4,4,4,4,4,4,4,4,4,4,4,4,4,4,4,4,4,4,4,4,4,4,4,4,4,4,4,4,100,,,,,,,,,,,,,,,,,,,,,,,,,,,,,,,,,,,,,,,,,,,,,,,,,,,,,,,,,,,,,,,,,,,,,,,,,,,,,,,,,,,,,,,,,,,,,,,,,,,,,,,,,,,,,,,,,,,,,,,,,,,,,,,,,,,,,,,,,,,,,,,,,,,,,,,,,,,,,,,,,,,,,,,,,,,,,,,,,,,,,,,,,,,,,,,,,,,,,,,,,,,,,,
1764669116.061523,55618,1,4384.392578,4381.047852,4465.680176,4513.322266,4382.369141,4511.137207,4534.431641,4371.683594,4558.96875,4376.231934,4506.226074,4511.410156,4562.151855,4377.491699,4377.80957,4502.9375,4536.961914,4530.512695,4503.099121,4369.949707,4382.820313,4561.661133,4507.380371,4492.341309,4391.683594,4548.026855,4363.751465,4537.748047,4503.338867,4381.973145,4503.779297,4465.774902,0,0,5,0,0,,,,0,4,4,4,4,4,4,4,4,4,4,4,4,4,4,4,4,4,4,4,4,4,4,4,4,4,4,4,4,4,4,4,4,100,,,,,,,,,,,,,,,,,,,,,,,,,,,,,,,,,,,,,,,,,,,,,,,,,,,,,,,,,,,,,,,,,,,,,,,,,,,,,,,,,,,,,,,,,,,,,,,,,,,,,,,,,,,,,,,,,,,,,,,,,,,,,,,,,,,,,,,,,,,,,,,,,,,,,,,,,,,,,,,,,,,,,,,,,,,,,,,,,,,,,,,,,,,,,,,,,,,,,,,,,,,,,,
1764669116.065429,55619,1,4384.86084,4381.488281,4465.072266,4513.422363,4382.842773,4511.672363,4534.676758,4372.302246,4558.249512,4376.683594,4506.855957,4511.153809,4561.889648,4376.861816,4377.524902,4502.78125,4536.867188,4529.871582,4502.898438,4370.14502,4383.077148,4561.583008,4507.49707,4492.424805,4391.404785,4547.837402,4364.347656,4538.271973,4503.544922,4383.060059,4503.996582,4464.827148,0,0,5,0,0,,,,0,4,4,4,4,4,4,4,4,4,4,4,4,4,4,4,4,4,4,4,4,4,4,4,4,4,4,4,4,4,4,4,4,100,,,,,,,,,,,,,,,,,,,,,,,,,,,,,,,,,,,,,,,,,,,,,,,,,,,,,,,,,,,,,,,,,,,,,,,,,,,,,,,,,,,,,,,,,,,,,,,,,,,,,,,,,,,,,,,,,,,,,,,,,,,,,,,,,,,,,,,,,,,,,,,,,,,,,,,,,,,,,,,,,,,,,,,,,,,,,,,,,,,,,,,,,,,,,,,,,,,,,,,,,,,,,,
1764669116.069335,55620,1,4385.329102,4381.928711,4464.464844,4513.522949,4383.316406,4512.20752,4534.921875,4372.920898,4557.530762,4377.134766,4507.48584,4510.897461,4561.627441,4376.231934,4377.240723,4502.625488,4536.772461,4529.230957,4502.697754,4370.339844,4383.333496,4561.504883,4507.614258,4492.508301,4391.125977,4547.647949,4364.944336,4538.795898,4503.751465,4384.146973,4504.213867,4463.879395,0,0,5,0,0,,,,0,4,4,4,4,4,4,4,4,4,4,4,4,4,4,4,4,4,4,4,4,4,4,4,4,4,4,4,4,4,4,4,4,100,,,,,,,,,,,,,,,,,,,,,,,,,,,,,,,,,,,,,,,,,,,,,,,,,,,,,,,,,,,,,,,,,,,,,,,,,,,,,,,,,,,,,,,,,,,,,,,,,,,,,,,,,,,,,,,,,,,,,,,,,,,,,,,,,,,,,,,,,,,,,,,,,,,,,,,,,,,,,,,,,,,,,,,,,,,,,,,,,,,,,,,,,,,,,,,,,,,,,,,,,,,,,,
1764669116.073241,55621,1,4385.796875,4382.369141,4463.857422,4513.623047,4383.790527,4512.742676,4535.166992,4373.539551,4556.811523,4377.586426,4508.115723,4510.641113,4561.365723,4375.602051,4376.956543,4502.469238,4536.677734,4528.589844,4502.49707,4370.535156,4383.589844,4561.426758,4507.731445,4492.591797,4390.847168,4547.458008,4365.540527,4539.319824,4503.95752,4385.233887,4504.431641,4462.932129,0,0,5,0,0,,,,0,4,4,4,4,4,4,4,4,4,4,4,4,4,4,4,4,4,4,4,4,4,4,4,4,4,4,4,4,4,4,4,4,100,,,,,,,,,,,,,,,,,,,,,,,,,,,,,,,,,,,,,,,,,,,,,,,,,,,,,,,,,,,,,,,,,,,,,,,,,,,,,,,,,,,,,,,,,,,,,,,,,,,,,,,,,,,,,,,,,,,,,,,,,,,,,,,,,,,,,,,,,,,,,,,,,,,,,,,,,,,,,,,,,,,,,,,,,,,,,,,,,,,,,,,,,,,,,,,,,,,,,,,,,,,,,,
1764669116.077147,55622,1,4386.265137,4382.80957,4463.249512,4513.723633,4384.26416,4513.277832,4535.412598,4374.158203,4556.092773,4378.038086,4508.745605,4510.384766,4561.103516,4374.972168,4376.672363,4502.313477,4536.583008,4527.94873,4502.296387,4370.72998,4383.846191,4561.349121,4507.848145,4492.675781,4390.568359,4547.268555,4366.137207,4539.84375,4504.164063,4386.321289,4504.648926,4461.984375,0,0,5,0,0,,,,0,4,4,4,4,4,4,4,4,4,4,4,4,4,4,4,4,4,4,4,4,4,4,4,4,4,4,4,4,4,4,4,4,100,,,,,,,,,,,,,,,,,,,,,,,,,,,,,,,,,,,,,,,,,,,,,,,,,,,,,,,,,,,,,,,,,,,,,,,,,,,,,,,,,,,,,,,,,,,,,,,,,,,,,,,,,,,,,,,,,,,,,,,,,,,,,,,,,,,,,,,,,,,,,,,,,,,,,,,,,,,,,,,,,,,,,,,,,,,,,,,,,,,,,,,,,,,,,,,,,,,,,,,,,,,,,,
1764669116.081053,55623,1,4386.733398,4383.249512,4462.64209,4513.82373,4384.737793,4513.8125,4535.657715,4374.776855,4555.373535,4378.489258,4509.375488,4510.128418,4560.841797,4374.342285,4376.388184,4502.157227,4536.488281,4527.307617,4502.095703,4370.925293,4384.102539,4561.270996,4507.965332,4492.759277,4390.290039,4547.079102,4366.733398,4540.367676,4504.370117,4387.408203,4504.866211,4461.036621,0,0,5,0,0,,,,0,4,4,4,4,4,4,4,4,4,4,4,4,4,4,4,4,4,4,4,4,4,4,4,4,4,4,4,4,4,4,4,4,100,,,,,,,,,,,,,,,,,,,,,,,,,,,,,,,,,,,,,,,,,,,,,,,,,,,,,,,,,,,,,,,,,,,,,,,,,,,,,,,,,,,,,,,,,,,,,,,,,,,,,,,,,,,,,,,,,,,,,,,,,,,,,,,,,,,,,,,,,,,,,,,,,,,,,,,,,,,,,,,,,,,,,,,,,,,,,,,,,,,,,,,,,,,,,,,,,,,,,,,,,,,,,,
1764669116.084959,55624,1,4387.20166,4383.689941,4462.034668,4513.924316,4385.211914,4514.347656,4535.902832,4375.395996,4554.654297,4378.940918,4510.005371,4509.871582,4560.57959,4373.712402,4376.103516,4502.000977,4536.393555,4526.666504,4501.89502,4371.120605,4384.358887,4561.192871,4508.08252,4492.842773,4390.01123,4546.889648,4367.330078,4540.89209,4504.576172,4388.495117,4505.083496,4460.089355,0,0,5,0,0,,,,0,4,4,4,4,4,4,4,4,4,4,4,4,4,4,4,4,4,4,4,4,4,4,4,4,4,4,4,4,4,4,4,4,100,,,,,,,,,,,,,,,,,,,,,,,,,,,,,,,,,,,,,,,,,,,,,,,,,,,,,,,,,,,,,,,,,,,,,,,,,,,,,,,,,,,,,,,,,,,,,,,,,,,,,,,,,,,,,,,,,,,,,,,,,,,,,,,,,,,,,,,,,,,,,,,,,,,,,,,,,,,,,,,,,,,,,,,,,,,,,,,,,,,,,,,,,,,,,,,,,,,,,,,,,,,,,,
1764669116.088865,55625,1,4387.669922,4384.130371,4461.426758,4514.024414,4385.685547,4514.882813,4536.148438,4376.014648,4553.935547,4379.392578,4510.635254,4509.615234,4560.317871,4373.08252,4375.819336,4501.845215,4536.298828,4526.025879,4501.694336,4371.31543,4384.615234,4561.114746,4508.199707,4492.92627,4389.732422,4546.700195,4367.92627,4541.416016,4504.782715,4389.582031,4505.300781,4459.141602,0,0,5,0,0,,,,0,4,4,4,4,4,4,4,4,4,4,4,4,4,4,4,4,4,4,4,4,4,4,4,4,4,4,4,4,4,4,4,4,100,,,,,,,,,,,,,,,,,,,,,,,,,,,,,,,,,,,,,,,,,,,,,,,,,,,,,,,,,,,,,,,,,,,,,,,,,,,,,,,,,,,,,,,,,,,,,,,,,,,,,,,,,,,,,,,,,,,,,,,,,,,,,,,,,,,,,,,,,,,,,,,,,,,,,,,,,,,,,,,,,,,,,,,,,,,,,,,,,,,,,,,,,,,,,,,,,,,,,,,,,,,,,,
1764669116.092771,55626,1,4388.138184,4384.570801,4460.819336,4514.125,4386.15918,4515.417969,4536.393555,4376.633301,4553.216309,4379.84375,4511.265137,4509.358887,4560.055664,4372.452637,4375.535156,4501.688965,4536.204102,4525.384766,4501.493652,4371.510742,4384.871582,4561.036621,4508.316406,4493.010254,4389.453613,4546.510742,4368.522949,4541.939941,4504.98877,4390.668945,4505.518555,4458.193848,0,0,5,0,0,,,,0,4,4,4,4,4,4,4,4,4,4,4,4,4,4,4,4,4,4,4,4,4,4,4,4,4,4,4,4,4,4,4,4,100,,,,,,,,,,,,,,,,,,,,,,,,,,,,,,,,,,,,,,,,,,,,,,,,,,,,,,,,,,,,,,,,,,,,,,,,,,,,,,,,,,,,,,,,,,,,,,,,,,,,,,,,,,,,,,,,,,,,,,,,,,,,,,,,,,,,,,,,,,,,,,,,,,,,,,,,,,,,,,,,,,,,,,,,,,,,,,,,,,,,,,,,,,,,,,,,,,,,,,,,,,,,,,
1764669116.096677,55627,1,4388.606445,4385.01123,4460.211914,4514.225098,4386.633301,4515.953125,4536.638672,4377.251953,4552.49707,4380.29541,4511.89502,4509.102539,4559.793945,4371.822754,4375.250977,4501.532715,4536.109375,4524.743652,4501.292969,4371.705566,4385.128418,4560.958984,4508.433594,4493.09375,4389.174805,4546.321289,4369.119141,4542.463867,4505.195313,4391.755859,4505.73584,4457.246582,0,0,5,0,0,,,,0,4,4,4,4,4,4,4,4,4,4,4,4,4,4,4,4,4,4,4,4,4,4,4,4,4,4,4,4,4,4,4,4,100,,,,,,,,,,,,,,,,,,,,,,,,,,,,,,,,,,,13904,1,0.61121,-0.327067,-0.336985,0.637095,0.992309,-0.027103,-0.034265,17.472221,41.166668,-22.166666,,,,,,,,,,,,,,,,,,,,,,,,,,,,,,,,,,,,,,,,,,,,,,,,,,,,,,,,,,,,,,,,,,,,,,,,,,,,,,,,,,,,,,,,,,,,,,,,,,,,,,,,,,,,,,,,,,,,,,,,,,,,,,,,,,,,,,,,,,,,,,,,,,,,,,,,,,,,,,,,
1764669116.100583,55628,1,4389.074707,4385.45166,4459.604004,4514.325684,4387.106934,4516.488281,4536.884277,4377.870605,4551.77832,4380.74707,4512.524902,4508.846191,4559.531738,4371.192871,4374.966797,4501.376953,4536.014648,4524.102539,4501.092773,4371.900879,4385.384766,4560.880859,4508.550781,4493.177246,4388.896484,4546.131348,4369.71582,4542.987793,4505.401367,4392.842773,4505.953125,4456.298828,0,0,5,0,0,,,,0,4,4,4,4,4,4,4,4,4,4,4,4,4,4,4,4,4,4,4,4,4,4,4,4,4,4,4,4,4,4,4,4,100,,,,,,,,,,,,,,,,,,,,,,,,,,,,,,,,,,,,,,,,,,,,,,,,,,,,,,,,,,,,,,,,,,,,,,,,,,,,,,,,,,,,,,,,,,,,,,,,,,,,,,,,,,,,,,,,,,,,,,,,,,,,,,,,,,,,,,,,,,,,,,,,,,,,,,,,,,,,,,,,,,,,,,,,,,,,,,,,,,,,,,,,,,,,,,,,,,,,,,,,,,,,,,
1764669116.104489,55629,1,4389.542969,4385.89209,4458.996582,4514.425781,4387.581055,4517.023438,4537.129395,4378.489258,4551.059082,4381.198242,4513.154785,4508.589844,4559.27002,4370.562988,4374.682129,4501.220703,4535.919922,4523.461426,4500.89209,4372.095703,4385.641113,4560.802734,4508.667969,4493.260742,4388.617676,4545.941895,4370.312012,4543.511719,4505.607422,4393.929688,4506.17041,4455.351074,0,0,5,0,0,,,,0,4,4,4,4,4,4,4,4,4,4,4,4,4,4,4,4,4,4,4,4,4,4,4,4,4,4,4,4,4,4,4,4,100,,,,,,,,,,,,,,,,,,,,,,,,,,,,,,,,,,,13905,1,0.611139,-0.327413,-0.336873,0.637044,0.994262,-0.028812,-0.031905,17.444445,41,-21.833334,,,,,,,,,,,,,,,,,,,,,,,,,,,,,,,,,,,,,,,,,,,,,,,,,,,,,,,,,,,,,,,,,,,,,,,,,,,,,,,,,,,,,,,,,,,,,,,,,,,,,,,,,,,,,,,,,,,,,,,,,,,,,,,,,,,,,,,,,,,,,,,,,,,,,,,,,,,,,,,,
1764669116.108395,55630,1,4390.01123,4386.332031,4458.38916,4514.526367,4388.054688,4517.558594,4537.374512,4379.10791,4550.339844,4381.649902,4513.784668,4508.333496,4559.007813,4369.933105,4374.397949,4501.064453,4535.825195,4522.820313,4500.691406,4372.291016,4385.897461,4560.724609,4508.784668,4493.344238,4388.338867,4545.752441,4370.908691,4544.035645,4505.813965,4395.016602,4506.388184,4454.403809,0,0,5,0,0,,,,0,4,4,4,4,4,4,4,4,4,4,4,4,4,4,4,4,4,4,4,4,4,4,4,4,4,4,4,4,4,4,4,4,100,,,,,,,,,,,,,,,,,,,,,,,,,,,,,,,,,,,,,,,,,,,,,,,,,,,,,,,,,,,,,,,,,,,,,,,,,,,,,,,,,,,,,,,,,,,,,,,,,,,,,,,,,,,,,,,,,,,,,,,,,,,,,,,,,,,,,,,,,,,,,,,,,,,,,,,,,,,,,,,,,,,,,,,,,,,,,,,,,,,,,,,,,,,,,,,,,,,,,,,,,,,,,,
1764669116.112301,55631,1,4390.479492,4386.772461,4457.78125,4514.626465,4388.52832,4518.09375,4537.619629,4379.727051,4549.621094,4382.101563,4514.414551,4508.077148,4558.745605,4369.303223,4374.11377,4500.908691,4535.72998,4522.179688,4500.490723,4372.48584,4386.153809,4560.646484,4508.901855,4493.428223,4388.060059,4545.562988,4371.504883,4544.55957,4506.02002,4396.103516,4506.605469,4453.456055,0,0,5,0,0,,,,0,4,4,4,4,4,4,4,4,4,4,4,4,4,4,4,4,4,4,4,4,4,4,4,4,4,4,4,4,4,4,4,4,100,,,,,,,,,,,,,,,,,,,,,,,,,,,,,,,,,,,13906,1,0.611068,-0.327759,-0.336761,0.636993,0.996215,-0.030521,-0.029545,17.416666,40.833332,-21.5,,,,,,,,,,,,,,,,,,,,,,,,,,,,,,,,,,,,,,,,,,,,,,,,,,,,,,,,,,,,,,,,,,,,,,,,,,,,,,,,,,,,,,,,,,,,,,,,,,,,,,,,,,,,,,,,,,,,,,,,,,,,,,,,,,,,,,,,,,,,,,,,,,,,,,,,,,,,,,,,
1764669116.116207,55632,1,4390.947754,4387.212891,4457.173828,4514.727051,4389.002441,4518.628906,4537.865234,4380.345703,4548.901855,4382.552734,4515.044434,4507.820313,4558.483887,4368.67334,4373.82959,4500.752441,4535.635254,4521.538574,4500.290039,4372.681152,4386.410156,4560.568359,4509.019043,4493.511719,4387.78125,4545.373535,4372.101563,4545.083496,4506.226074,4397.19043,4506.822754,4452.508301,0,0,5,0,0,,,,0,4,4,4,4,4,4,4,4,4,4,4,4,4,4,4,4,4,4,4,4,4,4,4,4,4,4,4,4,4,4,4,4,100,,,,,,,,,,,,,,,,,,,,,,,,,,,,,,,,,,,,,,,,,,,,,,,,,,,,,,,,,,,,,,,,,,,,,,,,,,,,,,,,,,,,,,,,,,,,,,,,,,,,,,,,,,,,,,,,,,,,,,,,,,,,,,,,,,,,,,,,,,,,,,,,,,,,,,,,,,,,,,,,,,,,,,,,,,,,,,,,,,,,,,,,,,,,,,,,,,,,,,,,,,,,,,
1764669116.120113,55633,1,4391.416016,4387.65332,4456.566406,4514.827148,4389.476074,4519.164063,4538.110352,4380.964355,4548.182617,4383.004395,4515.674316,4507.563965,4558.22168,4368.043457,4373.544922,4500.596191,4535.540527,4520.897461,4500.089355,4372.876465,4386.666504,4560.490723,4509.13623,4493.595215,4387.50293,4545.184082,4372.697754,4545.607422,4506.432617,4398.277832,4507.040039,4451.560547,0,0,5,0,0,,,,0,4,4,4,4,4,4,4,4,4,4,4,4,4,4,4,4,4,4,4,4,4,4,4,4,4,4,4,4,4,4,4,4,100,,,,,,,,,,,,,,,,,,,,,,,,,,,,,,,,,,,13907,1,0.610997,-0.328105,-0.33665,0.636943,0.998169,-0.03223,-0.027184,17.388889,40.666668,-21.166666,,,,,,,,,,,,,,,,,,,,,,,,,,,,,,,,,,,,,,,,,,,,,,,,,,,,,,,,,,,,,,,,,,,,,,,,,,,,,,,,,,,,,,,,,,,,,,,,,,,,,,,,,,,,,,,,,,,,,,,,,,,,,,,,,,,,,,,,,,,,,,,,,,,,,,,,,,,,,,,,
1764669116.124019,55634,1,4391.884277,4388.09375,4455.958984,4514.927734,4389.949707,4519.699219,4538.355469,4381.583008,4547.463867,4383.456055,4516.304199,4507.307617,4557.959961,4367.413574,4373.260742,4500.44043,4535.445801,4520.256348,4499.888672,4373.071289,4386.922852,4560.412598,4509.25293,4493.678711,4387.224121,4544.994629,4373.294434,4546.131348,4506.638672,4399.364746,4507.257324,4450.613281,0,0,5,0,0,,,,0,4,4,4,4,4,4,4,4,4,4,4,4,4,4,4,4,4,4,4,4,4,4,4,4,4,4,4,4,4,4,4,4,100,,,,,,,,,,,,,,,,,,,,,,,,,,,,,,,,,,,,,,,,,,,,,,,,,,,,,,,,,,,,,,,,,,,,,,,,,,,,,,,,,,,,,,,,,,,,,,,,,,,,,,,,,,,,,,,,,,,,,,,,,,,,,,,,,,,,,,,,,,,,,,,,,,,,,,,,,,,,,,,,,,,,,,,,,,,,,,,,,,,,,,,,,,,,,,,,,,,,,,,,,,,,,,
1764669116.127925,55635,1,4392.352051,4388.53418,4455.351074,4515.027832,4390.423828,4520.233887,4538.601074,4382.20166,4546.744629,4383.907227,4516.934082,4507.05127,4557.697754,4366.783691,4372.976563,4500.28418,4535.351074,4519.615234,4499.687988,4373.266602,4387.179688,4560.334473,4509.370117,4493.762695,4386.945313,4544.804688,4373.890625,4546.655762,4506.845215,4400.45166,4507.475098,4449.665527,0,0,5,0,0,,,,0,4,4,4,4,4,4,4,4,4,4,4,4,4,4,4,4,4,4,4,4,4,4,4,4,4,4,4,4,4,4,4,4,100,,,,,,,,,,,,,,,,,,,,,,,,,,,,,,,,,,,13908,1,0.610926,-0.328451,-0.336538,0.636892,1.000122,-0.03394,-0.024824,17.361111,40.5,-20.833334,,,,,,,,,,,,,,,,,,,,,,,,,,,,,,,,,,,,,,,,,,,,,,,,,,,,,,,,,,,,,,,,,,,,,,,,,,,,,,,,,,,,,,,,,,,,,,,,,,,,,,,,,,,,,,,,,,,,,,,,,,,,,,,,,,,,,,,,,,,,,,,,,,,,,,,,,,,,,,,,
1764669116.131831,55636,0,4392.820313,4388.974121,4454.743652,4515.128418,4390.897461,4520.769043,4538.846191,4382.820313,4546.025879,4384.358887,4517.563965,4506.794922,4557.436035,4366.153809,4372.692383,4500.128418,4535.256348,4518.974121,4499.487305,4373.461426,4387.436035,4560.256348,4509.487305,4493.846191,4386.666504,4544.615234,4374.487305,4547.179688,4507.05127,4401.538574,4507.692383,4448.717773,2600,0,5,2575,60333,,,,0,4,4,4,4,4,4,4,4,4,4,4,4,4,4,4,4,4,4,4,4,4,4,4,4,4,4,4,4,4,4,4,4,100,,,,,,,,,,,,,,,,,,,,,,,,,,,,,,,,,,,,,,,,,,,,,,,,,,,,,,,,,,,,,,,,,,,,,,,,,,,,,,,,,,,,,,,,,,,,,,,,,,,,,,,,,,,,,,,,,,,,,,,,,,,,,,,,,,,,,,,,,,,,,,,,,,,,,,,,,,,,,,,,,,,,,,,,,,,,,,,,,,,,,,,,,,,,,,,,,,,,,,,,,,,,,,
1764669116.135737,55637,0,4389.102539,4388.333496,4473.717773,4521.410156,4386.153809,4517.94873,4533.205078,4374.487305,4547.820313,4374.102539,4513.589844,4504.615234,4548.077148,4364.487305,4368.717773,4486.410156,4529.871582,4507.179688,4491.153809,4370.769043,4380.256348,4555.512695,4506.666504,4492.820313,4417.179688,4544.102539,4380.641113,4544.230957,4505.256348,4401.794922,4531.410156,4492.307617,2851,0,5,2575,60333,,,,0,4,4,4,4,4,4,4,4,4,4,4,4,4,4,4,4,4,4,4,4,4,4,4,4,4,4,4,4,4,4,4,4,100,,,,,,,,,,,,,,,,,,,,,,,,,,,,,,,,,,,13909,0,0.610855,-0.328796,-0.336426,0.636841,1.002075,-0.035649,-0.022464,17.333334,40.333332,-20.5,,,,,,,,,,,,,,,,,,,,,,,,,,,,,,,,,,,,,,,,,,,,,,,,,,,,,,,,,,,,,,,,,,,,,,,,,,,,,,,,,,,,,,,,,,,,,,,,,,,,,,,,,,,,,,,,,,,,,,,,,,,,,,,,,,,,,,,,,,,,,,,,,,,,,,,,,,,,,,,,
1764669116.139643,55638,1,4390.369141,4389.758789,4474.799805,4522.15918,4387.666504,4519.205078,4534.52832,4375.830566,4549.379395,4375.594727,4514.34375,4506.020508,4549.548828,4365.881836,4369.81543,4488.405273,4531.52832,4509.282227,4492.302734,4372.138672,4381.897461,4556.810059,4508.005371,4494.056641,4417.820313,4546.18457,4381.758789,4545.57959,4506.354004,4402.620605,4531.584473,4491.533203,0,0,5,0,0,,,,0,4,4,4,4,4,4,4,4,4,4,4,4,4,4,4,4,4,4,4,4,4,4,4,4,4,4,4,4,4,4,4,4,100,,,,,,,,,,,,,,,,,,,,,,,,,,,,,,,,,,,,,,,,,,,,,,,,,,,,,,,,,,,,,,,,,,,,,,,,,,,,,,,,,,,,,,,,,,,,,,,,,,,,,,,,,,,,,,,,,,,,,,,,,,,,,,,,,,,,,,,,,,,,,,,,,,,,,,,,,,,,,,,,,,,,,,,,,,,,,,,,,,,,,,,,,,,,,,,,,,,,,,,,,,,,,,
1764669116.143549,55639,1,4391.635742,4391.18457,4475.881836,4522.907715,4389.179688,4520.461426,4535.851074,4377.174316,4550.938477,4377.087402,4515.097656,4507.425781,4551.020508,4367.276855,4370.912598,4490.399902,4533.18457,4511.384766,4493.451172,4373.507813,4383.538574,4558.10791,4509.34375,4495.29248,4418.461426,4548.266602,4382.876953,4546.928223,4507.451172,4403.446289,4531.758789,4490.758789,0,0,5,0,0,,,,0,4,4,4,4,4,4,4,4,4,4,4,4,4,4,4,4,4,4,4,4,4,4,4,4,4,4,4,4,4,4,4,4,100,,,,,,,,,,,,,,,,,,,,,,,,,,,,,,,,,,,,,,,,,,,,,,,,,,,,,,,,,,,,,,,,,,,,,,,,,,,,,,,,,,,,,,,,,,,,,,,,,,,,,,,,,,,,,,,,,,,,,,,,,,,,,,,,,,,,,,,,,,,,,,,,,,,,,,,,,,,,,,,,,,,,,,,,,,,,,,,,,,,,,,,,,,,,,,,,,,,,,,,,,,,,,,
1764669116.147455,55640,1,4392.902344,4392.610352,4476.963867,4523.65625,4390.692383,4521.717773,4537.174316,4378.518066,4552.497559,4378.57959,4515.851074,4508.830566,4552.492188,4368.671875,4372.010254,4492.39502,4534.84082,4513.487305,4494.600098,4374.876953,4385.179688,4559.405273,4510.682129,4496.52832,4419.102539,4550.348633,4383.994629,4548.276855,4508.548828,4404.271973,4531.933105,4489.984375,0,0,5,0,0,,,,0,4,4,4,4,4,4,4,4,4,4,4,4,4,4,4,4,4,4,4,4,4,4,4,4,4,4,4,4,4,4,4,4,100,,,,,,,,,,,,,,,,,,,,,,,,,,,,,,,,,,,,,,,,,,,,,,,1.128806,1.953904,4.492276,2.725869,2.397108,2.222705,2.862148,4.195977,2.788038,2.416678,3.054682,2.555725,9.008862,5.661298,3.647752,2.534588,2.527123,4.173002,3.588924,2.882178,2.55304,3.341362,5.30936,2.972275,2.997444,1.052488,2.345381,4.631766,2.582678,2.13665,1.038738,2.700033,3.979702,2.855465,2.034148,1.953273,2.118825,3.905883,3.5065,2.744509,1.94261,2.162962,3.644455,3.469214,2.211614,1.088262,2.971447,5.728564,4.162096,4.883584,1.067866,1.573985,2.956967,1.609948,1.451974,1.098212,2.866692,4.569299,2.284047,2.258789,1.27713,1.623446,3.433057,1.910949,1.642865,0.994514,1.034148,1.825562,1.007148,1.271772,1.690437,3.08078,2.190603,1.553589,1.845812,2.276662,4.962685,3.987659,2.820942,1.915136,1.481011,2.293052,5.042415,2.615757,2.489743,2.945143,6.1126,6.651067,2.610238,2.998057,1.83169,4.584858,4.800248,1.484788,2.269147,2.331722,2.59022,5.072016,2.230264,2.55211,1.777769,4.70572,8.321774,3.177028,3.079402,1.25688,2.454457,5.228371,2.394873,2.789163,2.016072,2.104073,4.057067,2.748227,2.590812,1.883823,2.578373,4.119134,2.496522,2.806392,5.32112,5.912063,5.746327,17.766987,7.935416,3.205831,2.855446,3.755467,2.388572,2.171108,2.441491,2.173393,4.356582,4.401237,3.006969,1.866624,2.85036,5.070336,3.319054,2.83803,0.778193,1.190633,2.072289,1.501405,1.201322,2.217862,3.255343,5.13145,3.067895,2.755825,4.28923,2.605557,6.269133,2.97333,3.640213,4.92448,4.892138,13.919514,7.341732,5.814357
1764669116.151361,55641,1,4394.169434,4394.036133,4478.046387,4524.405273,4392.205078,4522.974121,4538.497559,4379.861328,4554.056641,4380.071777,4516.60498,4510.23584,4553.963867,4370.066895,4373.10791,4494.389648,4536.497559,4515.589844,4495.748535,4376.246094,4386.820313,4560.702637,4512.020508,4497.76416,4419.743652,4552.430664,4385.112793,4549.625488,4509.645996,4405.097656,4532.10791,4489.210449,0,0,5,0,0,,,,0,4,4,4,4,4,4,4,4,4,4,4,4,4,4,4,4,4,4,4,4,4,4,4,4,4,4,4,4,4,4,4,4,100,,,,,,,,,,,,,,,,,,,,,,,,,,,,,,,,,,,,,,,,,,,,,,,,,,,,,,,,,,,,,,,,,,,,,,,,,,,,,,,,,,,,,,,,,,,,,,,,,,,,,,,,,,,,,,,,,,,,,,,,,,,,,,,,,,,,,,,,,,,,,,,,,,,,,,,,,,,,,,,,,,,,,,,,,,,,,,,,,,,,,,,,,,,,,,,,,,,,,,,,,,,,,,
1764669116.155267,55642,1,4395.436035,4395.461426,4479.128418,4525.153809,4393.717773,4524.230957,4539.820313,4381.205078,4555.615234,4381.563965,4517.358887,4511.641113,4555.436035,4371.461426,4374.205078,4496.384766,4538.153809,4517.692383,4496.897461,4377.615234,4388.461426,4562,4513.358887,4499,4420.384766,4554.512695,4386.230957,4550.974121,4510.743652,4405.922852,4532.282227,4488.436035,0,0,5,0,0,,,,0,4,4,4,4,4,4,4,4,4,4,4,4,4,4,4,4,4,4,4,4,4,4,4,4,4,4,4,4,4,4,4,4,100,,,,,,,,,,,,,,,,,,,,,,,,,,,,,,,,,,,,,,,,,,,,,,,,,,,,,,,,,,,,,,,,,,,,,,,,,,,,,,,,,,,,,,,,,,,,,,,,,,,,,,,,,,,,,,,,,,,,,,,,,,,,,,,,,,,,,,,,,,,,,,,,,,,,,,,,,,,,,,,,,,,,,,,,,,,,,,,,,,,,,,,,,,,,,,,,,,,,,,,,,,,,,,
1764669116.159173,55643,1,4396.702637,4396.887207,4480.210449,4525.902344,4395.230957,4525.487305,4541.143555,4382.548828,4557.174316,4383.056641,4518.112793,4513.046387,4556.907715,4372.856445,4375.302734,4498.379395,4539.810059,4519.794922,4498.046387,4378.984375,4390.102539,4563.297363,4514.697266,4500.23584,4421.025879,4556.594727,4387.348633,4552.323242,4511.84082,4406.748535,4532.456543,4487.661621,0,0,5,0,0,,,,0,4,4,4,4,4,4,4,4,4,4,4,4,4,4,4,4,4,4,4,4,4,4,4,4,4,4,4,4,4,4,4,4,100,,,,,,,,,,,,,,,,,,,,,,,,,,,,,,,,,,,,,,,,,,,,,,,,,,,,,,,,,,,,,,,,,,,,,,,,,,,,,,,,,,,,,,,,,,,,,,,,,,,,,,,,,,,,,,,,,,,,,,,,,,,,,,,,,,,,,,,,,,,,,,,,,,,,,,,,,,,,,,,,,,,,,,,,,,,,,,,,,,,,,,,,,,,,,,,,,,,,,,,,,,,,,,
1764669116.163079,55644,1,4397.969238,4398.312988,4481.29248,4526.651367,4396.743652,4526.743652,4542.466797,4383.89209,4558.733398,4384.548828,4518.866699,4514.451172,4558.379395,4374.251465,4376.399902,4500.374512,4541.466797,4521.897461,4499.194824,4380.354004,4391.743652,4564.594727,4516.036133,4501.47168,4421.666504,4558.676758,4388.466797,4553.671875,4512.938477,4407.574219,4532.630859,4486.887207,0,0,5,0,0,,,,0,4,4,4,4,4,4,4,4,4,4,4,4,4,4,4,4,4,4,4,4,4,4,4,4,4,4,4,4,4,4,4,4,100,,,,,,,,,,,,,,,,,,,,,,,,,,,,,,,,,,,,,,,,,,,,,,,,,,,,,,,,,,,,,,,,,,,,,,,,,,,,,,,,,,,,,,,,,,,,,,,,,,,,,,,,,,,,,,,,,,,,,,,,,,,,,,,,,,,,,,,,,,,,,,,,,,,,,,,,,,,,,,,,,,,,,,,,,,,,,,,,,,,,,,,,,,,,,,,,,,,,,,,,,,,,,,
1764669116.166985,55645,1,4399.23584,4399.738281,4482.374512,4527.399902,4398.256348,4528,4543.789551,4385.23584,4560.29248,4386.041016,4519.620605,4515.856445,4559.851074,4375.645996,4377.497559,4502.369141,4543.123047,4524,4500.34375,4381.723145,4393.384766,4565.89209,4517.374512,4502.70752,4422.307617,4560.758789,4389.584473,4555.020508,4514.036133,4408.399902,4532.805176,4486.112793,0,0,5,0,0,,,,0,4,4,4,4,4,4,4,4,4,4,4,4,4,4,4,4,4,4,4,4,4,4,4,4,4,4,4,4,4,4,4,4,100,,,,,,,,,,,,,,,,,,,,,,,,,,,,,,,,,,,,,,,,,,,,,,,,,,,,,,,,,,,,,,,,,,,,,,,,,,,,,,,,,,,,,,,,,,,,,,,,,,,,,,,,,,,,,,,,,,,,,,,,,,,,,,,,,,,,,,,,,,,,,,,,,,,,,,,,,,,,,,,,,,,,,,,,,,,,,,,,,,,,,,,,,,,,,,,,,,,,,,,,,,,,,,
1764669116.170891,55646,1,4400.502441,4401.164063,4483.456543,4528.148926,4399.769043,4529.256348,4545.112793,4386.57959,4561.851074,4387.533203,4520.374512,4517.261719,4561.323242,4377.041016,4378.594727,4504.364258,4544.779297,4526.102539,4501.492188,4383.092285,4395.025879,4567.189941,4518.712891,4503.943359,4422.94873,4562.84082,4390.702637,4556.369141,4515.133301,4409.225586,4532.979492,4485.338379,0,0,5,0,0,,,,0,4,4,4,4,4,4,4,4,4,4,4,4,4,4,4,4,4,4,4,4,4,4,4,4,4,4,4,4,4,4,4,4,100,,,,,,,,,,,,,,,,,,,,,,,,,,,,,,,,,,,,,,,,,,,,,,,,,,,,,,,,,,,,,,,,,,,,,,,,,,,,,,,,,,,,,,,,,,,,,,,,,,,,,,,,,,,,,,,,,,,,,,,,,,,,,,,,,,,,,,,,,,,,,,,,,,,,,,,,,,,,,,,,,,,,,,,,,,,,,,,,,,,,,,,,,,,,,,,,,,,,,,,,,,,,,,
1764669116.174797,55647,1,4401.769043,4402.589844,4484.538574,4528.897461,4401.282227,4530.512695,4546.436035,4387.922852,4563.410156,4389.025879,4521.128418,4518.666504,4562.794922,4378.436035,4379.692383,4506.358887,4546.436035,4528.205078,4502.641113,4384.461426,4396.666504,4568.487305,4520.05127,4505.179688,4423.589844,4564.922852,4391.820313,4557.717773,4516.230957,4410.05127,4533.153809,4484.563965,0,0,5,0,0,,,,0,4,4,4,4,4,4,4,4,4,4,4,4,4,4,4,4,4,4,4,4,4,4,4,4,4,4,4,4,4,4,4,4,100,,,,,,,,,,,,,,,,,,,,,,,,,,,,,,,,,,,,,,,,,,,,,,,,,,,,,,,,,,,,,,,,,,,,,,,,,,,,,,,,,,,,,,,,,,,,,,,,,,,,,,,,,,,,,,,,,,,,,,,,,,,,,,,,,,,,,,,,,,,,,,,,,,,,,,,,,,,,,,,,,,,,,,,,,,,,,,,,,,,,,,,,,,,,,,,,,,,,,,,,,,,,,,
1764669116.178703,55648,1,4403.036133,4404.015625,4485.620605,4529.645996,4402.794922,4531.769043,4547.758789,4389.266602,4564.969238,4390.518066,4521.881836,4520.071777,4564.266602,4379.830566,4380.789551,4508.354004,4548.092285,4530.307617,4503.789551,4385.830566,4398.307617,4569.784668,4521.389648,4506.415527,4424.230957,4567.005371,4392.938477,4559.066895,4517.328125,4410.876953,4533.328125,4483.789551,0,0,5,0,0,,,,0,4,4,4,4,4,4,4,4,4,4,4,4,4,4,4,4,4,4,4,4,4,4,4,4,4,4,4,4,4,4,4,4,100,,,,,,,,,,,,,,,,,,,,,,,,,,,,,,,,,,,,,,,,,,,,,,,,,,,,,,,,,,,,,,,,,,,,,,,,,,,,,,,,,,,,,,,,,,,,,,,,,,,,,,,,,,,,,,,,,,,,,,,,,,,,,,,,,,,,,,,,,,,,,,,,,,,,,,,,,,,,,,,,,,,,,,,,,,,,,,,,,,,,,,,,,,,,,,,,,,,,,,,,,,,,,,
1764669116.182609,55649,1,4404.302734,4405.440918,4486.702637,4530.39502,4404.307617,4533.025879,4549.082031,4390.610352,4566.52832,4392.010254,4522.635742,4521.477051,4565.738281,4381.225586,4381.887207,4510.348633,4549.748535,4532.410156,4504.938477,4387.200195,4399.94873,4571.082031,4522.728027,4507.651367,4424.871582,4569.087402,4394.056641,4560.415527,4518.425781,4411.702637,4533.502441,4483.015625,0,0,5,0,0,,,,0,4,4,4,4,4,4,4,4,4,4,4,4,4,4,4,4,4,4,4,4,4,4,4,4,4,4,4,4,4,4,4,4,100,,,,,,,,,,,,,,,,,,,,,,,,,,,,,,,,,,,,,,,,,,,,,,,,,,,,,,,,,,,,,,,,,,,,,,,,,,,,,,,,,,,,,,,,,,,,,,,,,,,,,,,,,,,,,,,,,,,,,,,,,,,,,,,,,,,,,,,,,,,,,,,,,,,,,,,,,,,,,,,,,,,,,,,,,,,,,,,,,,,,,,,,,,,,,,,,,,,,,,,,,,,,,,
1764669116.186515,55650,1,4405.569336,4406.866699,4487.784668,4531.143555,4405.820313,4534.282227,4550.405273,4391.953613,4568.087402,4393.502441,4523.389648,4522.881836,4567.210449,4382.620605,4382.984375,4512.34375,4551.405273,4534.512695,4506.087402,4388.569336,4401.589844,4572.379395,4524.066895,4508.887207,4425.512695,4571.169434,4395.174316,4561.76416,4519.522949,4412.52832,4533.676758,4482.241211,0,0,5,0,0,,,,0,4,4,4,4,4,4,4,4,4,4,4,4,4,4,4,4,4,4,4,4,4,4,4,4,4,4,4,4,4,4,4,4,100,,,,,,,,,,,,,,,,,,,,,,,,,,,,,,,,,,,,,,,,,,,,,,,,,,,,,,,,,,,,,,,,,,,,,,,,,,,,,,,,,,,,,,,,,,,,,,,,,,,,,,,,,,,,,,,,,,,,,,,,,,,,,,,,,,,,,,,,,,,,,,,,,,,,,,,,,,,,,,,,,,,,,,,,,,,,,,,,,,,,,,,,,,,,,,,,,,,,,,,,,,,,,,
1764669116.190421,55651,1,4406.835938,4408.29248,4488.866699,4531.89209,4407.333496,4535.538574,4551.728027,4393.297363,4569.645996,4394.994629,4524.143555,4524.287109,4568.682129,4384.015625,4384.082031,4514.338379,4553.061523,4536.615234,4507.23584,4389.938477,4403.230957,4573.676758,4525.405273,4510.123047,4426.153809,4573.251465,4396.29248,4563.112793,4520.620605,4413.354004,4533.851074,4481.466797,0,0,5,0,0,,,,0,4,4,4,4,4,4,4,4,4,4,4,4,4,4,4,4,4,4,4,4,4,4,4,4,4,4,4,4,4,4,4,4,100,,,,,,,,,,,,,,,,,,,,,,,,,,,,,,,,,,,,,,,,,,,,,,,,,,,,,,,,,,,,,,,,,,,,,,,,,,,,,,,,,,,,,,,,,,,,,,,,,,,,,,,,,,,,,,,,,,,,,,,,,,,,,,,,,,,,,,,,,,,,,,,,,,,,,,,,,,,,,,,,,,,,,,,,,,,,,,,,,,,,,,,,,,,,,,,,,,,,,,,,,,,,,,
1764669116.194327,55652,1,4408.102539,4409.717773,4489.94873,4532.641113,4408.846191,4536.794922,4553.05127,4394.641113,4571.205078,4396.487305,4524.897461,4525.692383,4570.153809,4385.410156,4385.179688,4516.333496,4554.717773,4538.717773,4508.384766,4391.307617,4404.871582,4574.974121,4526.743652,4511.358887,4426.794922,4575.333496,4397.410156,4564.461426,4521.717773,4414.179688,4534.025879,4480.692383,0,0,5,0,0,,,,0,4,4,4,4,4,4,4,4,4,4,4,4,4,4,4,4,4,4,4,4,4,4,4,4,4,4,4,4,4,4,4,4,100,,,,,,,,,,,,,,,,,,,,,,,,,,,,,,,,,,,,,,,,,,,,,,,,,,,,,,,,,,,,,,,,,,,,,,,,,,,,,,,,,,,,,,,,,,,,,,,,,,,,,,,,,,,,,,,,,,,,,,,,,,,,,,,,,,,,,,,,,,,,,,,,,,,,,,,,,,,,,,,,,,,,,,,,,,,,,,,,,,,,,,,,,,,,,,,,,,,,,,,,,,,,,,
1764669116.198233,55653,1,4409.369141,4411.143555,4491.030762,4533.389648,4410.358887,4538.05127,4554.374512,4395.984375,4572.76416,4397.979492,4525.651367,4527.097656,4571.625488,4386.805176,4386.276855,4518.328125,4556.374512,4540.820313,4509.533203,4392.676758,4406.512695,4576.271973,4528.082031,4512.594727,4427.436035,4577.415527,4398.52832,4565.810059,4522.81543,4415.005371,4534.200195,4479.917969,0,0,5,0,0,,,,0,4,4,4,4,4,4,4,4,4,4,4,4,4,4,4,4,4,4,4,4,4,4,4,4,4,4,4,4,4,4,4,4,100,,,,,,,,,,,,,,,,,,,,,,,,,,,,,,,,,,,,,,,,,,,,,,,,,,,,,,,,,,,,,,,,,,,,,,,,,,,,,,,,,,,,,,,,,,,,,,,,,,,,,,,,,,,,,,,,,,,,,,,,,,,,,,,,,,,,,,,,,,,,,,,,,,,,,,,,,,,,,,,,,,,,,,,,,,,,,,,,,,,,,,,,,,,,,,,,,,,,,,,,,,,,,,
1764669116.202139,55654,1,4410.635742,4412.569336,4492.112793,4534.138672,4411.871582,4539.307617,4555.697266,4397.328125,4574.323242,4399.47168,4526.405273,4528.502441,4573.097656,4388.200195,4387.374512,4520.323242,4558.030762,4542.922852,4510.682129,4394.046387,4408.153809,4577.569336,4529.42041,4513.830566,4428.077148,4579.497559,4399.645996,4567.15918,4523.912598,4415.830566,4534.374512,4479.143555,0,0,5,0,0,,,,0,4,4,4,4,4,4,4,4,4,4,4,4,4,4,4,4,4,4,4,4,4,4,4,4,4,4,4,4,4,4,4,4,100,,,,,,,,,,,,,,,,,,,,,,,,,,,,,,,,,,,,,,,,,,,,,,,,,,,,,,,,,,,,,,,,,,,,,,,,,,,,,,,,,,,,,,,,,,,,,,,,,,,,,,,,,,,,,,,,,,,,,,,,,,,,,,,,,,,,,,,,,,,,,,,,,,,,,,,,,,,,,,,,,,,,,,,,,,,,,,,,,,,,,,,,,,,,,,,,,,,,,,,,,,,,,,
1764669116.206045,55655,1,4411.902344,4413.994629,4493.194824,4534.887207,4413.384766,4540.563965,4557.020508,4398.671875,4575.881836,4400.963867,4527.15918,4529.907715,4574.569336,4389.594727,4388.47168,4522.317871,4559.687012,4545.025879,4511.830566,4395.415527,4409.794922,4578.866699,4530.758789,4515.066895,4428.717773,4581.57959,4400.76416,4568.507813,4525.010254,4416.65625,4534.548828,4478.369141,0,0,5,0,0,,,,0,4,4,4,4,4,4,4,4,4,4,4,4,4,4,4,4,4,4,4,4,4,4,4,4,4,4,4,4,4,4,4,4,100,,,,,,,,,,,,,,,,,,,,,,,,,,,,,,,,,,,,,,,,,,,,,,,,,,,,,,,,,,,,,,,,,,,,,,,,,,,,,,,,,,,,,,,,,,,,,,,,,,,,,,,,,,,,,,,,,,,,,,,,,,,,,,,,,,,,,,,,,,,,,,,,,,,,,,,,,,,,,,,,,,,,,,,,,,,,,,,,,,,,,,,,,,,,,,,,,,,,,,,,,,,,,,
1764669116.209951,55656,1,4413.169434,4415.42041,4494.276855,4535.635742,4414.897461,4541.820313,4558.34375,4400.015625,4577.440918,4402.456543,4527.912598,4531.312988,4576.041016,4390.989746,4389.569336,4524.312988,4561.34375,4547.128418,4512.979492,4396.784668,4411.436035,4580.164063,4532.097656,4516.302734,4429.358887,4583.661621,4401.881836,4569.856445,4526.10791,4417.481934,4534.723145,4477.594727,0,0,5,0,0,,,,0,4,4,4,4,4,4,4,4,4,4,4,4,4,4,4,4,4,4,4,4,4,4,4,4,4,4,4,4,4,4,4,4,100,,,,,,,,,,,,,,,,,,,,,,,,,,,,,,,,,,,,,,,,,,,,,,,,,,,,,,,,,,,,,,,,,,,,,,,,,,,,,,,,,,,,,,,,,,,,,,,,,,,,,,,,,,,,,,,,,,,,,,,,,,,,,,,,,,,,,,,,,,,,,,,,,,,,,,,,,,,,,,,,,,,,,,,,,,,,,,,,,,,,,,,,,,,,,,,,,,,,,,,,,,,,,,
1764669116.213857,55657,1,4414.436035,4416.846191,4495.358887,4536.384766,4416.410156,4543.077148,4559.666504,4401.358887,4579,4403.94873,4528.666504,4532.717773,4577.512695,4392.384766,4390.666504,4526.307617,4563,4549.230957,4514.128418,4398.153809,4413.077148,4581.461426,4533.436035,4517.538574,4430,4585.743652,4403,4571.205078,4527.205078,4418.307617,4534.897461,4476.820313,0,0,5,0,0,,,,0,4,4,4,4,4,4,4,4,4,4,4,4,4,4,4,4,4,4,4,4,4,4,4,4,4,4,4,4,4,4,4,4,100,,,,,,,,,,,,,,,,,,,,,,,,,,,,,,,,,,,,,,,,,,,,,,,,,,,,,,,,,,,,,,,,,,,,,,,,,,,,,,,,,,,,,,,,,,,,,,,,,,,,,,,,,,,,,,,,,,,,,,,,,,,,,,,,,,,,,,,,,,,,,,,,,,,,,,,,,,,,,,,,,,,,,,,,,,,,,,,,,,,,,,,,,,,,,,,,,,,,,,,,,,,,,,
1764669116.217763,55658,1,4415.702637,4418.271973,4496.440918,4537.133301,4417.922852,4544.333496,4560.989746,4402.702637,4580.559082,4405.440918,4529.42041,4534.123047,4578.984375,4393.779297,4391.76416,4528.302734,4564.65625,4551.333496,4515.276855,4399.522949,4414.717773,4582.758789,4534.774414,4518.774414,4430.641113,4587.825684,4404.118164,4572.553711,4528.302734,4419.133301,4535.071777,4476.046387,0,0,5,0,0,,,,0,4,4,4,4,4,4,4,4,4,4,4,4,4,4,4,4,4,4,4,4,4,4,4,4,4,4,4,4,4,4,4,4,100,,,,,,,,,,,,,,,,,,,,,,,,,,,,,,,,,,,,,,,,,,,,,,,,,,,,,,,,,,,,,,,,,,,,,,,,,,,,,,,,,,,,,,,,,,,,,,,,,,,,,,,,,,,,,,,,,,,,,,,,,,,,,,,,,,,,,,,,,,,,,,,,,,,,,,,,,,,,,,,,,,,,,,,,,,,,,,,,,,,,,,,,,,,,,,,,,,,,,,,,,,,,,,
1764669116.221669,55659,1,4416.969238,4419.697266,4497.522949,4537.881836,4419.436035,4545.589844,4562.312988,4404.046387,4582.118164,4406.933105,4530.174316,4535.52832,4580.456543,4395.174316,4392.861328,4530.297363,4566.312988,4553.436035,4516.425781,4400.89209,4416.358887,4584.056641,4536.112793,4520.010254,4431.282227,4589.907715,4405.23584,4573.902344,4529.399902,4419.958984,4535.246094,4475.271973,0,0,5,0,0,,,,0,4,4,4,4,4,4,4,4,4,4,4,4,4,4,4,4,4,4,4,4,4,4,4,4,4,4,4,4,4,4,4,4,100,,,,,,,,,,,,,,,,,,,,,,,,,,,,,,,,,,,,,,,,,,,,,,,,,,,,,,,,,,,,,,,,,,,,,,,,,,,,,,,,,,,,,,,,,,,,,,,,,,,,,,,,,,,,,,,,,,,,,,,,,,,,,,,,,,,,,,,,,,,,,,,,,,,,,,,,,,,,,,,,,,,,,,,,,,,,,,,,,,,,,,,,,,,,,,,,,,,,,,,,,,,,,,
1764669116.225575,55660,1,4418.23584,4421.123047,4498.60498,4538.630859,4420.94873,4546.846191,4563.635742,4405.389648,4583.676758,4408.425781,4530.928223,4536.933105,4581.928223,4396.569336,4393.958984,4532.29248,4567.969238,4555.538574,4517.574219,4402.261719,4418,4585.354004,4537.451172,4521.246094,4431.922852,4591.989746,4406.354004,4575.251465,4530.497559,4420.784668,4535.42041,4474.497559,0,0,5,0,0,,,,0,4,4,4,4,4,4,4,4,4,4,4,4,4,4,4,4,4,4,4,4,4,4,4,4,4,4,4,4,4,4,4,4,100,,,,,,,,,,,,,,,,,,,,,,,,,,,,,,,,,,,,,,,,,,,,,,,,,,,,,,,,,,,,,,,,,,,,,,,,,,,,,,,,,,,,,,,,,,,,,,,,,,,,,,,,,,,,,,,,,,,,,,,,,,,,,,,,,,,,,,,,,,,,,,,,,,,,,,,,,,,,,,,,,,,,,,,,,,,,,,,,,,,,,,,,,,,,,,,,,,,,,,,,,,,,,,
1764669116.229481,55661,1,4419.502441,4422.548828,4499.687012,4539.379395,4422.461426,4548.102539,4564.958984,4406.733398,4585.23584,4409.917969,4531.682129,4538.338379,4583.399902,4397.963867,4395.056641,4534.287109,4569.625488,4557.641113,4518.723145,4403.630859,4419.641113,4586.651367,4538.789551,4522.481934,4432.563965,4594.071777,4407.47168,4576.600098,4531.594727,4421.610352,4535.594727,4473.723145,0,0,5,0,0,,,,0,4,4,4,4,4,4,4,4,4,4,4,4,4,4,4,4,4,4,4,4,4,4,4,4,4,4,4,4,4,4,4,4,100,,,,,,,,,,,,,,,,,,,,,,,,,,,,,,,,,,,,,,,,,,,,,,,,,,,,,,,,,,,,,,,,,,,,,,,,,,,,,,,,,,,,,,,,,,,,,,,,,,,,,,,,,,,,,,,,,,,,,,,,,,,,,,,,,,,,,,,,,,,,,,,,,,,,,,,,,,,,,,,,,,,,,,,,,,,,,,,,,,,,,,,,,,,,,,,,,,,,,,,,,,,,,,
1764669116.233387,55662,0,4420.769043,4423.974121,4500.769043,4540.128418,4423.974121,4549.358887,4566.282227,4408.077148,4586.794922,4411.410156,4532.436035,4539.743652,4584.871582,4399.358887,4396.153809,4536.282227,4571.282227,4559.743652,4519.871582,4405,4421.282227,4587.94873,4540.128418,4523.717773,4433.205078,4596.153809,4408.589844,4577.94873,4532.692383,4422.436035,4535.769043,4472.94873,2771,0,5,2576,60434,,,,0,4,4,4,4,4,4,4,4,4,4,4,4,4,4,4,4,4,4,4,4,4,4,4,4,4,4,4,4,4,4,4,4,100,,,,,,,,,,,,,,,,,,,,,,,,,,,,,,,,,,,,,,,,,,,,,,,,,,,,,,,,,,,,,,,,,,,,,,,,,,,,,,,,,,,,,,,,,,,,,,,,,,,,,,,,,,,,,,,,,,,,,,,,,,,,,,,,,,,,,,,,,,,,,,,,,,,,,,,,,,,,,,,,,,,,,,,,,,,,,,,,,,,,,,,,,,,,,,,,,,,,,,,,,,,,,,
1764669116.237293,55663,0,4411.666504,4412.179688,4483.717773,4526.922852,4406.282227,4540.256348,4554.102539,4392.820313,4569.487305,4384.487305,4519.230957,4528.333496,4578.077148,4392.692383,4384.102539,4527.05127,4559.743652,4552.436035,4516.538574,4396.538574,4410.769043,4583.333496,4531.922852,4514.871582,4404.487305,4583.974121,4401.794922,4571.025879,4525.512695,4409.487305,4524.358887,4466.410156,2478,0,5,2576,60434,,,,0,4,4,4,4,4,4,4,4,4,4,4,4,4,4,4,4,4,4,4,4,4,4,4,4,4,4,4,4,4,4,4,4,100,,,,,,,,,,,,,,,,,,,,,,,,,,,,,,,,,,,,,,,,,,,,,,,,,,,,,,,,,,,,,,,,,,,,,,,,,,,,,,,,,,,,,,,,,,,,,,,,,,,,,,,,,,,,,,,,,,,,,,,,,,,,,,,,,,,,,,,,,,,,,,,,,,,,,,,,,,,,,,,,,,,,,,,,,,,,,,,,,,,,,,,,,,,,,,,,,,,,,,,,,,,,,,
1764669116.241199,55664,0,4400.384766,4395.384766,4470.384766,4511.666504,4386.794922,4526.538574,4540,4374.230957,4550.769043,4360.769043,4506.410156,4515.256348,4568.846191,4385.769043,4371.153809,4509.871582,4545.512695,4539.102539,4510.512695,4384.743652,4396.538574,4575.897461,4519.615234,4504.230957,4386.794922,4568.077148,4388.974121,4560.256348,4515,4392.94873,4510.641113,4467.179688,2931,0,5,2576,60442,,,,0,4,4,4,4,4,4,4,4,4,4,4,4,4,4,4,4,4,4,4,4,4,4,4,4,4,4,4,4,4,4,4,4,100,,,,,,,,,,,,,,,,,,,,,,,,,,,,,,,,,,,,,,,,,,,,,,,,,,,,,,,,,,,,,,,,,,,,,,,,,,,,,,,,,,,,,,,,,,,,,,,,,,,,,,,,,,,,,,,,,,,,,,,,,,,,,,,,,,,,,,,,,,,,,,,,,,,,,,,,,,,,,,,,,,,,,,,,,,,,,,,,,,,,,,,,,,,,,,,,,,,,,,,,,,,,,,
1764669116.245105,55665,0,4395.512695,4385.641113,4469.487305,4505.256348,4378.077148,4518.461426,4534.487305,4364.743652,4543.589844,4359.230957,4502.563965,4509.358887,4565.256348,4383.461426,4366.410156,4493.589844,4539.102539,4527.307617,4505,4376.794922,4386.666504,4571.410156,4513.077148,4500.128418,4389.871582,4560.128418,4379.743652,4554.230957,4509.230957,4383.974121,4503.205078,4472.436035,2985,0,5,2576,60442,,,,0,4,4,4,4,4,4,4,4,4,4,4,4,4,4,4,4,4,4,4,4,4,4,4,4,4,4,4,4,4,4,4,4,100,,,,,,,,,,,,,,,,,,,,,,,,,,,,,,,,,,,13916,0,0.608167,-0.332336,-0.337585,0.636963,0.99475,-0.026859,-0.033207,15.666667,39.5,-21,,,,,,,,,,,,,,,,,,,,,,,,,,,,,,,,,,,,,,,,,,,,,,,,,,,,,,,,,,,,,,,,,,,,,,,,,,,,,,,,,,,,,,,,,,,,,,,,,,,,,,,,,,,,,,,,,,,,,,,,,,,,,,,,,,,,,,,,,,,,,,,,,,,,,,,,,,,,,,,,
1764669116.249011,55666,0,4400,4388.974121,4479.871582,4513.333496,4383.333496,4521.410156,4541.025879,4369.743652,4551.922852,4383.077148,4509.743652,4514.487305,4570.256348,4386.922852,4373.333496,4487.563965,4544.871582,4524.102539,4503.461426,4377.05127,4386.922852,4574.230957,4517.179688,4505.769043,4411.922852,4565.512695,4381.282227,4557.563965,4512.436035,4388.589844,4506.282227,4477.307617,1814,0,5,2576,60450,,,,0,4,4,4,4,4,4,4,4,4,4,4,4,4,4,4,4,4,4,4,4,4,4,4,4,4,4,4,4,4,4,4,4,100,,,,,,,,,,,,,,,,,,,,,,,,,,,,,,,,,,,,,,,,,,,,,,,,,,,,,,,,,,,,,,,,,,,,,,,,,,,,,,,,,,,,,,,,,,,,,,,,,,,,,,,,,,,,,,,,,,,,,,,,,,,,,,,,,,,,,,,,,,,,,,,,,,,,,,,,,,,,,,,,,,,,,,,,,,,,,,,,,,,,,,,,,,,,,,,,,,,,,,,,,,,,,,
1764669116.252917,55667,0,4411.794922,4402.563965,4493.077148,4532.692383,4397.692383,4533.974121,4556.153809,4387.05127,4570.128418,4417.692383,4524.743652,4528.461426,4581.922852,4393.589844,4388.846191,4496.538574,4560.384766,4533.461426,4509.358887,4386.666504,4397.820313,4585.256348,4530.384766,4518.589844,4440.256348,4580.512695,4394.230957,4568.846191,4522.820313,4405.641113,4518.461426,4480.769043,2773,0,5,2576,60450,,,,0,4,4,4,4,4,4,4,4,4,4,4,4,4,4,4,4,4,4,4,4,4,4,4,4,4,4,4,4,4,4,4,4,100,,,,,,,,,,,,,,,,,,,,,,,,,,,,,,,,,,,,,,,,,,,,,,,,,,,,,,,,,,,,,,,,,,,,,,,,,,,,,,,,,,,,,,,,,,,,,,,,,,,,,,,,,,,,,,,,,,,,,,,,,,,,,,,,,,,,,,,,,,,,,,,,,,,,,,,,,,,,,,,,,,,,,,,,,,,,,,,,,,,,,,,,,,,,,,,,,,,,,,,,,,,,,,
1764669116.256823,55668,0,4425.256348,4419.487305,4500.512695,4554.102539,4413.717773,4549.615234,4572.94873,4409.102539,4587.820313,4441.666504,4541.410156,4544.871582,4595.128418,4400,4406.025879,4517.307617,4578.846191,4553.589844,4522.820313,4402.436035,4415.769043,4601.153809,4546.282227,4532.563965,4457.307617,4596.538574,4413.333496,4582.820313,4535.128418,4427.820313,4534.230957,4484.487305,2625,0,5,2575,60458,,,,0,4,4,4,4,4,4,4,4,4,4,4,4,4,4,4,4,4,4,4,4,4,4,4,4,4,4,4,4,4,4,4,4,100,,,,,,,,,,,,,,,,,,,,,,,,,,,,,,,,,,,,,,,,,,,,,,,,,,,,,,,,,,,,,,,,,,,,,,,,,,,,,,,,,,,,,,,,,,,,,,,,,,,,,,,,,,,,,,,,,,,,,,,,,,,,,,,,,,,,,,,,,,,,,,,,,,,,,,,,,,,,,,,,,,,,,,,,,,,,,,,,,,,,,,,,,,,,,,,,,,,,,,,,,,,,,,
1764669116.260729,55669,0,4434.871582,4432.436035,4499.102539,4566.538574,4425.384766,4561.153809,4584.487305,4426.794922,4596.025879,4441.025879,4553.589844,4556.282227,4604.487305,4403.461426,4416.922852,4539.487305,4592.436035,4575.512695,4539.230957,4417.94873,4432.94873,4614.487305,4557.307617,4541.794922,4451.538574,4605.512695,4430.384766,4593.461426,4543.461426,4444.615234,4547.307617,4490.256348,2878,0,5,2575,60458,,,,0,4,4,4,4,4,4,4,4,4,4,4,4,4,4,4,4,4,4,4,4,4,4,4,4,4,4,4,4,4,4,4,4,100,,,,,,,,,,,,,,,,,,,,,,,,,,,,,,,,,,,13917,0,0.608213,-0.332581,-0.337952,0.636597,0.99475,-0.026859,-0.033207,15.833333,41,-20,,,,,,,,,,,,,,,,,,,,,,,,,,,,,,,,,,,,,,,,,,,,,,,,,,,,,,,,,,,,,,,,,,,,,,,,,,,,,,,,,,,,,,,,,,,,,,,,,,,,,,,,,,,,,,,,,,,,,,,,,,,,,,,,,,,,,,,,,,,,,,,,,,,,,,,,,,,,,,,,
1764669116.264635,55670,0,4437.179688,4437.820313,4492.820313,4565.256348,4430.128418,4564.102539,4587.179688,4433.974121,4592.436035,4419.230957,4556.538574,4558.077148,4605.897461,4402.820313,4417.179688,4551.410156,4595.769043,4587.563965,4550.128418,4426.153809,4441.025879,4618.974121,4559.230957,4542.563965,4427.05127,4604.230957,4438.717773,4597.563965,4545.512695,4449.230957,4554.615234,4497.436035,2954,0,5,2576,60466,,,,0,4,4,4,4,4,4,4,4,4,4,4,4,4,4,4,4,4,4,4,4,4,4,4,4,4,4,4,4,4,4,4,4,100,,,,,,,,,,,,,,,,,,,,,,,,,,,,,,,,,,,,,,,,,,,,,,,,,,,,,,,,,,,,,,,,,,,,,,,,,,,,,,,,,,,,,,,,,,,,,,,,,,,,,,,,,,,,,,,,,,,,,,,,,,,,,,,,,,,,,,,,,,,,,,,,,,,,,,,,,,,,,,,,,,,,,,,,,,,,,,,,,,,,,,,,,,,,,,,,,,,,,,,,,,,,,,
1764669116.268541,55671,0,4432.563965,4435.769043,4488.846191,4553.077148,4428.333496,4558.974121,4581.794922,4429.358887,4580.769043,4393.974121,4549.358887,4550.897461,4598.974121,4398.717773,4407.94873,4547.307617,4588.717773,4582.307617,4548.461426,4422.692383,4435.256348,4612.820313,4552.820313,4535.641113,4400.641113,4596.666504,4436.538574,4595.128418,4542.179688,4442.05127,4556.025879,4503.077148,2875,0,5,2576,60466,,,,0,4,4,4,4,4,4,4,4,4,4,4,4,4,4,4,4,4,4,4,4,4,4,4,4,4,4,4,4,4,4,4,4,100,,,,,,,,,,,,,,,,,,,,,,,,,,,,,,,,,,,,,,,,,,,,,,,,,,,,,,,,,,,,,,,,,,,,,,,,,,,,,,,,,,,,,,,,,,,,,,,,,,,,,,,,,,,,,,,,,,,,,,,,,,,,,,,,,,,,,,,,,,,,,,,,,,,,,,,,,,,,,,,,,,,,,,,,,,,,,,,,,,,,,,,,,,,,,,,,,,,,,,,,,,,,,,
1764669116.272447,55672,0,4423.333496,4428.333496,4491.153809,4537.436035,4421.538574,4549.358887,4571.538574,4416.666504,4568.333496,4382.94873,4535.512695,4538.589844,4586.666504,4391.538574,4394.615234,4530.128418,4575.384766,4561.922852,4533.717773,4408.974121,4417.563965,4600,4542.307617,4525.641113,4388.846191,4589.358887,4427.05127,4588.589844,4536.025879,4428.846191,4553.461426,4504.487305,2748,0,5,2576,60473,,,,0,4,4,4,4,4,4,4,4,4,4,4,4,4,4,4,4,4,4,4,4,4,4,4,4,4,4,4,4,4,4,4,4,100,,,,,,,,,,,,,,,,,,,,,,,,,,,,,,,,,,,,,,,,,,,,,,,1.081032,1.720732,4.148021,2.733422,2.287242,2.895991,2.795597,4.08798,2.929226,2.322187,5.041657,2.766311,8.287607,4.757623,2.972605,2.606465,2.418156,4.073303,3.757633,2.824568,2.782339,2.86997,4.828345,3.184794,2.92282,1.149172,2.058357,4.022898,2.643054,2.011371,1.033421,2.711149,3.672937,2.840334,1.922273,2.008009,1.918748,3.676354,3.750263,2.67514,1.993361,1.963313,3.607742,3.442239,2.103471,1.366215,2.823992,6.691869,4.111738,4.503336,1.117467,1.422091,2.830594,1.711638,1.301479,1.135393,2.704557,4.303162,2.382939,2.052918,1.3134,1.643275,3.139845,1.952936,1.48014,1.000844,1.173,1.725062,0.983794,1.205179,1.507376,2.699266,1.927351,1.708127,1.698415,2.217092,5.119624,3.459903,2.423306,1.681692,1.777366,2.437569,4.772343,2.623052,2.274736,2.854077,5.951913,5.382131,2.46341,2.642671,1.705545,4.95696,3.925734,1.502602,2.005074,2.07558,2.286697,4.225125,2.039253,2.252275,1.605703,4.473643,7.451427,2.845914,2.836731,1.366565,2.539649,4.865344,2.258213,2.542367,2.302353,2.083655,3.76217,2.674184,2.440191,1.841288,2.479336,3.609951,2.382378,2.518707,5.181894,5.199351,5.607672,15.977603,7.31484,3.19316,2.518606,3.39388,2.511946,2.06114,2.478723,2.374131,4.080366,4.288605,2.924927,1.973899,2.98292,4.794623,3.270119,2.696977,0.801029,1.14155,1.867618,1.496625,1.170712,2.529141,3.092275,4.897851,3.015368,2.768715,4.218222,2.504837,6.312288,2.850323,3.616941,7.406426,5.958913,13.441009,6.162023,5.699742
1764669116.276353,55673,0,4412.692383,4417.563965,4498.077148,4525.256348,4411.538574,4538.589844,4560,4401.794922,4561.025879,4391.410156,4521.282227,4526.538574,4573.333496,4382.692383,4382.94873,4508.974121,4561.282227,4536.666504,4513.077148,4391.538574,4395.256348,4586.282227,4532.05127,4516.666504,4395.769043,4585.769043,4415.256348,4580.128418,4529.358887,4416.025879,4547.563965,4500.256348,2910,0,5,2576,60473,,,,0,4,4,4,4,4,4,4,4,4,4,4,4,4,4,4,4,4,4,4,4,4,4,4,4,4,4,4,4,4,4,4,4,100,,,,,,,,,,,,,,,,,,,,,,,,,,,,,,,,,,,13918,0,0.608128,-0.332886,-0.338379,0.636292,0.980588,-0.016115,-0.0293,16.666666,39,-19.5,,,,,,,,,,,,,,,,,,,,,,,,,,,,,,,,,,,,,,,,,,,,,,,,,,,,,,,,,,,,,,,,,,,,,,,,,,,,,,,,,,,,,,,,,,,,,,,,,,,,,,,,,,,,,,,,,,,,,,,,,,,,,,,,,,,,,,,,,,,,,,,,,,,,,,,,,,,,,,,,
1764669116.280259,55674,1,4410.611328,4415.798828,4497.09082,4525.916992,4410.128418,4536.686523,4557.455566,4399.763184,4560.118164,4392.90918,4520.867676,4525.680664,4572.366699,4383.077148,4382.366699,4509.32959,4559.161621,4536.528809,4513.086914,4391.726074,4395.582031,4584.299805,4530.483398,4514.674316,4396.311523,4585.019531,4414.072754,4577.978516,4528.175781,4415.128418,4547.42627,4500.532715,0,0,5,0,0,,,,0,4,4,4,4,4,4,4,4,4,4,4,4,4,4,4,4,4,4,4,4,4,4,4,4,4,4,4,4,4,4,4,4,100,,,,,,,,,,,,,,,,,,,,,,,,,,,,,,,,,,,,,,,,,,,,,,,,,,,,,,,,,,,,,,,,,,,,,,,,,,,,,,,,,,,,,,,,,,,,,,,,,,,,,,,,,,,,,,,,,,,,,,,,,,,,,,,,,,,,,,,,,,,,,,,,,,,,,,,,,,,,,,,,,,,,,,,,,,,,,,,,,,,,,,,,,,,,,,,,,,,,,,,,,,,,,,
1764669116.284165,55675,1,4408.530762,4414.033691,4496.104492,4526.578125,4408.717773,4534.783203,4554.911133,4397.731934,4559.210938,4394.408203,4520.453613,4524.822266,4571.400391,4383.461426,4381.785156,4509.68457,4557.041504,4536.390625,4513.09668,4391.913086,4395.907227,4582.317383,4528.915039,4512.682617,4396.854004,4584.27002,4412.889648,4575.828613,4526.992188,4414.230957,4547.288086,4500.808594,0,0,5,0,0,,,,0,4,4,4,4,4,4,4,4,4,4,4,4,4,4,4,4,4,4,4,4,4,4,4,4,4,4,4,4,4,4,4,4,100,,,,,,,,,,,,,,,,,,,,,,,,,,,,,,,,,,,,,,,,,,,,,,,,,,,,,,,,,,,,,,,,,,,,,,,,,,,,,,,,,,,,,,,,,,,,,,,,,,,,,,,,,,,,,,,,,,,,,,,,,,,,,,,,,,,,,,,,,,,,,,,,,,,,,,,,,,,,,,,,,,,,,,,,,,,,,,,,,,,,,,,,,,,,,,,,,,,,,,,,,,,,,,
1764669116.288071,55676,1,4406.449707,4412.268066,4495.118164,4527.23877,4407.307617,4532.879883,4552.366699,4395.700195,4558.303711,4395.907227,4520.039551,4523.964355,4570.434082,4383.846191,4381.203125,4510.039551,4554.920898,4536.252441,4513.106445,4392.100586,4396.23291,4580.335449,4527.347168,4510.69043,4397.396484,4583.520508,4411.706055,4573.678711,4525.808594,4413.333496,4547.149902,4501.084961,0,0,5,0,0,,,,0,4,4,4,4,4,4,4,4,4,4,4,4,4,4,4,4,4,4,4,4,4,4,4,4,4,4,4,4,4,4,4,4,100,,,,,,,,,,,,,,,,,,,,,,,,,,,,,,,,,,,,,,,,,,,,,,,,,,,,,,,,,,,,,,,,,,,,,,,,,,,,,,,,,,,,,,,,,,,,,,,,,,,,,,,,,,,,,,,,,,,,,,,,,,,,,,,,,,,,,,,,,,,,,,,,,,,,,,,,,,,,,,,,,,,,,,,,,,,,,,,,,,,,,,,,,,,,,,,,,,,,,,,,,,,,,,
1764669116.291977,55677,1,4404.368652,4410.50293,4494.132324,4527.899414,4405.897461,4530.976563,4549.822266,4393.668457,4557.396484,4397.40625,4519.625488,4523.106445,4569.467285,4384.230957,4380.621094,4510.394531,4552.800781,4536.114258,4513.116211,4392.288086,4396.558105,4578.353027,4525.779297,4508.698242,4397.938965,4582.770996,4410.522461,4571.528809,4524.625488,4412.436035,4547.011719,4501.36084,0,0,5,0,0,,,,0,4,4,4,4,4,4,4,4,4,4,4,4,4,4,4,4,4,4,4,4,4,4,4,4,4,4,4,4,4,4,4,4,100,,,,,,,,,,,,,,,,,,,,,,,,,,,,,,,,,,,,,,,,,,,,,,,,,,,,,,,,,,,,,,,,,,,,,,,,,,,,,,,,,,,,,,,,,,,,,,,,,,,,,,,,,,,,,,,,,,,,,,,,,,,,,,,,,,,,,,,,,,,,,,,,,,,,,,,,,,,,,,,,,,,,,,,,,,,,,,,,,,,,,,,,,,,,,,,,,,,,,,,,,,,,,,
1764669116.295883,55678,1,4402.288086,4408.737793,4493.145996,4528.560059,4404.487305,4529.072754,4547.27832,4391.637207,4556.489258,4398.905273,4519.210938,4522.248535,4568.500977,4384.615234,4380.039551,4510.749512,4550.680664,4535.976563,4513.126465,4392.475586,4396.883789,4576.370605,4524.210938,4506.706055,4398.481445,4582.021484,4409.339355,4569.378906,4523.441895,4411.538574,4546.873535,4501.637207,0,0,5,0,0,,,,0,4,4,4,4,4,4,4,4,4,4,4,4,4,4,4,4,4,4,4,4,4,4,4,4,4,4,4,4,4,4,4,4,100,,,,,,,,,,,,,,,,,,,,,,,,,,,,,,,,,,,,,,,,,,,,,,,,,,,,,,,,,,,,,,,,,,,,,,,,,,,,,,,,,,,,,,,,,,,,,,,,,,,,,,,,,,,,,,,,,,,,,,,,,,,,,,,,,,,,,,,,,,,,,,,,,,,,,,,,,,,,,,,,,,,,,,,,,,,,,,,,,,,,,,,,,,,,,,,,,,,,,,,,,,,,,,
1764669116.299789,55679,1,4400.207031,4406.972168,4492.159668,4529.220703,4403.077148,4527.169434,4544.733887,4389.605469,4555.582031,4400.404297,4518.796875,4521.390625,4567.534668,4385,4379.45752,4511.104492,4548.560059,4535.838379,4513.13623,4392.662598,4397.208984,4574.388672,4522.643066,4504.713867,4399.023438,4581.271973,4408.155762,4567.229004,4522.258301,4410.641113,4546.73584,4501.913086,0,0,5,0,0,,,,0,4,4,4,4,4,4,4,4,4,4,4,4,4,4,4,4,4,4,4,4,4,4,4,4,4,4,4,4,4,4,4,4,100,,,,,,,,,,,,,,,,,,,,,,,,,,,,,,,,,,,,,,,,,,,,,,,,,,,,,,,,,,,,,,,,,,,,,,,,,,,,,,,,,,,,,,,,,,,,,,,,,,,,,,,,,,,,,,,,,,,,,,,,,,,,,,,,,,,,,,,,,,,,,,,,,,,,,,,,,,,,,,,,,,,,,,,,,,,,,,,,,,,,,,,,,,,,,,,,,,,,,,,,,,,,,,
1764669116.303696,55680,1,4398.126465,4405.207031,4491.17334,4529.881836,4401.666504,4525.266113,4542.189453,4387.57373,4554.674316,4401.90332,4518.382813,4520.532715,4566.567871,4385.384766,4378.875977,4511.459473,4546.439941,4535.700195,4513.145996,4392.850098,4397.534668,4572.40625,4521.074707,4502.72168,4399.565918,4580.522461,4406.972168,4565.079102,4521.074707,4409.743652,4546.597656,4502.189453,2864,0,5,0,0,,,,0,4,4,4,4,4,4,4,4,4,4,4,4,4,4,4,4,4,4,4,4,4,4,4,4,4,4,4,4,4,4,4,4,100,,,,,,,,,,,,,,,,,,,,,,,,,,,,,,,,,,,,,,,,,,,,,,,,,,,,,,,,,,,,,,,,,,,,,,,,,,,,,,,,,,,,,,,,,,,,,,,,,,,,,,,,,,,,,,,,,,,,,,,,,,,,,,,,,,,,,,,,,,,,,,,,,,,,,,,,,,,,,,,,,,,,,,,,,,,,,,,,,,,,,,,,,,,,,,,,,,,,,,,,,,,,,,
1764669116.307602,55681,1,4396.04541,4403.441895,4490.1875,4530.54248,4400.256348,4523.362793,4539.64502,4385.54248,4553.76709,4403.402344,4517.968262,4519.674316,4565.601563,4385.769043,4378.293945,4511.814453,4544.319336,4535.562012,4513.155762,4393.037598,4397.859863,4570.423828,4519.506836,4500.72998,4400.108398,4579.772949,4405.789063,4562.929199,4519.891602,4408.846191,4546.459473,4502.465332,2946,0,5,0,0,,,,0,4,4,4,4,4,4,4,4,4,4,4,4,4,4,4,4,4,4,4,4,4,4,4,4,4,4,4,4,4,4,4,4,100,,,,,,,,,,,,,,,,,,,,,,,,,,,,,,,,,,,,,,,,,,,,,,,,,,,,,,,,,,,,,,,,,,,,,,,,,,,,,,,,,,,,,,,,,,,,,,,,,,,,,,,,,,,,,,,,,,,,,,,,,,,,,,,,,,,,,,,,,,,,,,,,,,,,,,,,,,,,,,,,,,,,,,,,,,,,,,,,,,,,,,,,,,,,,,,,,,,,,,,,,,,,,,
1764669116.311508,55682,1,4393.964355,4401.676758,4489.201172,4531.203125,4398.846191,4521.459473,4537.100586,4383.510742,4552.859863,4404.901367,4517.554199,4518.816406,4564.635254,4386.153809,4377.711914,4512.169434,4542.199219,4535.423828,4513.165527,4393.224609,4398.185547,4568.441895,4517.938965,4498.737793,4400.650879,4579.023438,4404.605469,4560.779297,4518.708008,4407.94873,4546.321289,4502.741699,2735,0,5,0,0,,,,0,4,4,4,4,4,4,4,4,4,4,4,4,4,4,4,4,4,4,4,4,4,4,4,4,4,4,4,4,4,4,4,4,100,,,,,,,,,,,,,,,,,,,,,,,,,,,,,,,,,,,,,,,,,,,,,,,,,,,,,,,,,,,,,,,,,,,,,,,,,,,,,,,,,,,,,,,,,,,,,,,,,,,,,,,,,,,,,,,,,,,,,,,,,,,,,,,,,,,,,,,,,,,,,,,,,,,,,,,,,,,,,,,,,,,,,,,,,,,,,,,,,,,,,,,,,,,,,,,,,,,,,,,,,,,,,,
1764669116.315414,55683,1,4391.883789,4399.911133,4488.214844,4531.86377,4397.436035,4519.556152,4534.556152,4381.479492,4551.952637,4406.400391,4517.140137,4517.958496,4563.668457,4386.538574,4377.130371,4512.524414,4540.079102,4535.286133,4513.175781,4393.412109,4398.510742,4566.459473,4516.370605,4496.745605,4401.193359,4578.273926,4403.421875,4558.629395,4517.524414,4407.05127,4546.183594,4503.017578,2903,0,5,0,0,,,,0,4,4,4,4,4,4,4,4,4,4,4,4,4,4,4,4,4,4,4,4,4,4,4,4,4,4,4,4,4,4,4,4,100,,,,,,,,,,,,,,,,,,,,,,,,,,,,,,,,,,,,,,,,,,,,,,,,,,,,,,,,,,,,,,,,,,,,,,,,,,,,,,,,,,,,,,,,,,,,,,,,,,,,,,,,,,,,,,,,,,,,,,,,,,,,,,,,,,,,,,,,,,,,,,,,,,,,,,,,,,,,,,,,,,,,,,,,,,,,,,,,,,,,,,,,,,,,,,,,,,,,,,,,,,,,,,
1764669116.319320,55684,1,4389.802734,4398.145996,4487.229004,4532.524414,4396.025879,4517.652832,4532.011719,4379.447754,4551.04541,4407.899414,4516.726074,4517.100586,4562.702148,4386.922852,4376.54834,4512.879883,4537.958496,4535.147949,4513.185547,4393.599609,4398.836426,4564.477539,4514.802734,4494.753418,4401.73584,4577.524414,4402.23877,4556.479492,4516.341309,4406.153809,4546.04541,4503.293945,2780,0,5,0,0,,,,0,4,4,4,4,4,4,4,4,4,4,4,4,4,4,4,4,4,4,4,4,4,4,4,4,4,4,4,4,4,4,4,4,100,,,,,,,,,,,,,,,,,,,,,,,,,,,,,,,,,,,,,,,,,,,,,,,,,,,,,,,,,,,,,,,,,,,,,,,,,,,,,,,,,,,,,,,,,,,,,,,,,,,,,,,,,,,,,,,,,,,,,,,,,,,,,,,,,,,,,,,,,,,,,,,,,,,,,,,,,,,,,,,,,,,,,,,,,,,,,,,,,,,,,,,,,,,,,,,,,,,,,,,,,,,,,,
1764669116.323226,55685,1,4387.72168,4396.380859,4486.242676,4533.185547,4394.615234,4515.749512,4529.467285,4377.416016,4550.138184,4409.398438,4516.311523,4516.242676,4561.73584,4387.307617,4375.966309,4513.234863,4535.838379,4535.009766,4513.195313,4393.787109,4399.161621,4562.495117,4513.234863,4492.76123,4402.27832,4576.775391,4401.055176,4554.32959,4515.157715,4405.256348,4545.907227,4503.569824,2869,0,5,0,0,,,,0,4,4,4,4,4,4,4,4,4,4,4,4,4,4,4,4,4,4,4,4,4,4,4,4,4,4,4,4,4,4,4,4,100,,,,,,,,,,,,,,,,,,,,,,,,,,,,,,,,,,,,,,,,,,,,,,,,,,,,,,,,,,,,,,,,,,,,,,,,,,,,,,,,,,,,,,,,,,,,,,,,,,,,,,,,,,,,,,,,,,,,,,,,,,,,,,,,,,,,,,,,,,,,,,,,,,,,,,,,,,,,,,,,,,,,,,,,,,,,,,,,,,,,,,,,,,,,,,,,,,,,,,,,,,,,,,
1764669116.327132,55686,0,4385.641113,4394.615234,4485.256348,4533.846191,4393.205078,4513.846191,4526.922852,4375.384766,4549.230957,4410.897461,4515.897461,4515.384766,4560.769043,4387.692383,4375.384766,4513.589844,4533.717773,4534.871582,4513.205078,4393.974121,4399.487305,4560.512695,4511.666504,4490.769043,4402.820313,4576.025879,4399.871582,4552.179688,4513.974121,4404.358887,4545.769043,4503.846191,2842,0,5,2576,60528,,,,0,4,4,4,4,4,4,4,4,4,4,4,4,4,4,4,4,4,4,4,4,4,4,4,4,4,4,4,4,4,4,4,4,100,,,,,,,,,,,,,,,,,,,,,,,,,,,,,,,,,,,,,,,,,,,,,,,,,,,,,,,,,,,,,,,,,,,,,,,,,,,,,,,,,,,,,,,,,,,,,,,,,,,,,,,,,,,,,,,,,,,,,,,,,,,,,,,,,,,,,,,,,,,,,,,,,,,,,,,,,,,,,,,,,,,,,,,,,,,,,,,,,,,,,,,,,,,,,,,,,,,,,,,,,,,,,,
1764669116.331038,55687,0,4386.153809,4398.717773,4487.307617,4534.358887,4395.512695,4513.333496,4527.05127,4375.641113,4550,4407.179688,4514.358887,4518.205078,4561.282227,4389.230957,4381.410156,4515.256348,4534.358887,4532.05127,4506.922852,4392.820313,4394.615234,4565.641113,4509.358887,4494.871582,4415.769043,4577.692383,4402.436035,4553.077148,4513.205078,4401.538574,4551.153809,4519.358887,3008,0,5,2576,60528,,,,0,4,4,4,4,4,4,4,4,4,4,4,4,4,4,4,4,4,4,4,4,4,4,4,4,4,4,4,4,4,4,4,4,100,,,,,,,,,,,,,,,,,,,,,,,,,,,,,,,,,,,,,,,,,,,,,,,,,,,,,,,,,,,,,,,,,,,,,,,,,,,,,,,,,,,,,,,,,,,,,,,,,,,,,,,,,,,,,,,,,,,,,,,,,,,,,,,,,,,,,,,,,,,,,,,,,,,,,,,,,,,,,,,,,,,,,,,,,,,,,,,,,,,,,,,,,,,,,,,,,,,,,,,,,,,,,,
1764669116.334944,55688,0,4391.282227,4406.538574,4495,4537.563965,4402.820313,4517.05127,4537.179688,4383.077148,4558.589844,4406.794922,4519.615234,4526.153809,4568.077148,4393.077148,4390.128418,4515.641113,4540,4531.538574,4505.641113,4396.794922,4395.897461,4574.487305,4513.717773,4505.256348,4419.743652,4582.820313,4407.436035,4558.974121,4515.384766,4404.102539,4554.487305,4528.205078,2932,0,5,2576,60536,,,,0,4,4,4,4,4,4,4,4,4,4,4,4,4,4,4,4,4,4,4,4,4,4,4,4,4,4,4,4,4,4,4,4,100,,,,,,,,,,,,,,,,,,,,,,,,,,,,,,,,,,,,,,,,,,,,,,,,,,,,,,,,,,,,,,,,,,,,,,,,,,,,,,,,,,,,,,,,,,,,,,,,,,,,,,,,,,,,,,,,,,,,,,,,,,,,,,,,,,,,,,,,,,,,,,,,,,,,,,,,,,,,,,,,,,,,,,,,,,,,,,,,,,,,,,,,,,,,,,,,,,,,,,,,,,,,,,
1764669116.338850,55689,0,4396.282227,4411.922852,4503.589844,4539.615234,4409.871582,4520.384766,4549.358887,4390,4567.436035,4406.282227,4525.769043,4531.794922,4575.512695,4396.153809,4392.179688,4508.333496,4543.974121,4528.077148,4506.025879,4400,4400.256348,4577.94873,4519.615234,4512.94873,4420,4588.717773,4411.153809,4564.743652,4518.077148,4408.461426,4555.512695,4528.717773,2800,0,5,2576,60536,,,,0,4,4,4,4,4,4,4,4,4,4,4,4,4,4,4,4,4,4,4,4,4,4,4,4,4,4,4,4,4,4,4,4,100,,,,,,,,,,,,,,,,,,,,,,,,,,,,,,,,,,,13922,0,0.608591,-0.334656,-0.340149,0.633972,0.990355,-0.018069,-0.020022,16.5,40.333332,-22.166666,,,,,,,,,,,,,,,,,,,,,,,,,,,,,,,,,,,,,,,,,,,,,,,,,,,,,,,,,,,,,,,,,,,,,,,,,,,,,,,,,,,,,,,,,,,,,,,,,,,,,,,,,,,,,,,,,,,,,,,,,,,,,,,,,,,,,,,,,,,,,,,,,,,,,,,,,,,,,,,,
1764669116.342756,55690,0,4393.974121,4407.05127,4504.230957,4533.974121,4407.692383,4516.666504,4551.538574,4386.538574,4566.025879,4399.871582,4524.743652,4527.820313,4575.641113,4394.743652,4384.743652,4493.589844,4539.487305,4518.846191,4503.205078,4395.641113,4400.384766,4569.871582,4519.358887,4508.974121,4421.538574,4590.128418,4408.205078,4562.436035,4516.410156,4407.820313,4551.410156,4521.922852,2459,0,5,2576,60544,,,,0,4,4,4,4,4,4,4,4,4,4,4,4,4,4,4,4,4,4,4,4,4,4,4,4,4,4,4,4,4,4,4,4,100,,,,,,,,,,,,,,,,,,,,,,,,,,,,,,,,,,,,,,,,,,,,,,,,,,,,,,,,,,,,,,,,,,,,,,,,,,,,,,,,,,,,,,,,,,,,,,,,,,,,,,,,,,,,,,,,,,,,,,,,,,,,,,,,,,,,,,,,,,,,,,,,,,,,,,,,,,,,,,,,,,,,,,,,,,,,,,,,,,,,,,,,,,,,,,,,,,,,,,,,,,,,,,
1764669116.346662,55691,0,4383.205078,4392.307617,4494.102539,4519.102539,4394.230957,4505.384766,4539.743652,4371.794922,4552.179688,4386.922852,4515.384766,4515.256348,4567.179688,4390.384766,4375.641113,4481.794922,4527.820313,4509.871582,4498.333496,4384.743652,4393.974121,4555.256348,4511.794922,4495.641113,4425.769043,4585.641113,4398.461426,4551.025879,4509.102539,4400.384766,4542.307617,4512.436035,2741,0,5,2576,60544,,,,0,4,4,4,4,4,4,4,4,4,4,4,4,4,4,4,4,4,4,4,4,4,4,4,4,4,4,4,4,4,4,4,4,100,,,,,,,,,,,,,,,,,,,,,,,,,,,,,,,,,,,,,,,,,,,,,,,,,,,,,,,,,,,,,,,,,,,,,,,,,,,,,,,,,,,,,,,,,,,,,,,,,,,,,,,,,,,,,,,,,,,,,,,,,,,,,,,,,,,,,,,,,,,,,,,,,,,,,,,,,,,,,,,,,,,,,,,,,,,,,,,,,,,,,,,,,,,,,,,,,,,,,,,,,,,,,,
1764669116.350568,55692,0,4372.05127,4377.692383,4481.410156,4502.563965,4377.692383,4494.230957,4523.205078,4355.897461,4535.769043,4374.102539,4505.897461,4503.846191,4558.205078,4389.230957,4377.05127,4486.025879,4519.102539,4512.179688,4498.846191,4376.538574,4386.666504,4546.282227,4504.487305,4486.025879,4430.256348,4580.897461,4389.230957,4539.358887,4501.410156,4392.05127,4533.846191,4507.436035,2501,0,5,2576,60552,,,,0,4,4,4,4,4,4,4,4,4,4,4,4,4,4,4,4,4,4,4,4,4,4,4,4,4,4,4,4,4,4,4,4,100,,,,,,,,,,,,,,,,,,,,,,,,,,,,,,,,,,,,,,,,,,,,,,,,,,,,,,,,,,,,,,,,,,,,,,,,,,,,,,,,,,,,,,,,,,,,,,,,,,,,,,,,,,,,,,,,,,,,,,,,,,,,,,,,,,,,,,,,,,,,,,,,,,,,,,,,,,,,,,,,,,,,,,,,,,,,,,,,,,,,,,,,,,,,,,,,,,,,,,,,,,,,,,
1764669116.354474,55693,0,4371.153809,4376.538574,4479.871582,4496.794922,4371.153809,4493.974121,4516.922852,4352.94873,4532.436035,4372.307617,4506.794922,4504.615234,4559.102539,4396.794922,4394.615234,4510.384766,4523.461426,4531.794922,4511.538574,4380.897461,4387.179688,4553.461426,4506.794922,4492.692383,4432.820313,4583.461426,4389.615234,4539.487305,4501.025879,4391.538574,4534.230957,4511.666504,2261,0,5,2576,60552,,,,0,4,4,4,4,4,4,4,4,4,4,4,4,4,4,4,4,4,4,4,4,4,4,4,4,4,4,4,4,4,4,4,4,100,,,,,,,,,,,,,,,,,,,,,,,,,,,,,,,,,,,13923,0,0.608326,-0.335388,-0.340698,0.633545,1.005494,-0.027347,-0.018069,18.333334,41,-20.333334,,,,,,,,,,,,,,,,,,,,,,,,,,,,,,,,,,,,,,,,,,,,,,,,,,,,,,,,,,,,,,,,,,,,,,,,,,,,,,,,,,,,,,,,,,,,,,,,,,,,,,,,,,,,,,,,,,,,,,,,,,,,,,,,,,,,,,,,,,,,,,,,,,,,,,,,,,,,,,,,
1764669116.358380,55694,0,4383.974121,4392.563965,4495.384766,4508.461426,4381.794922,4508.077148,4529.487305,4368.461426,4549.102539,4385.641113,4520.897461,4518.846191,4573.589844,4411.025879,4420.128418,4543.717773,4542.179688,4562.307617,4533.717773,4398.205078,4398.846191,4574.871582,4520.897461,4515,4433.333496,4594.871582,4401.922852,4555.512695,4510.897461,4402.179688,4546.025879,4522.05127,2755,0,5,2574,60559,,,,0,4,4,4,4,4,4,4,4,4,4,4,4,4,4,4,4,4,4,4,4,4,4,4,4,4,4,4,4,4,4,4,4,100,,,,,,,,,,,,,,,,,,,,,,,,,,,,,,,,,,,,,,,,,,,,,,,,,,,,,,,,,,,,,,,,,,,,,,,,,,,,,,,,,,,,,,,,,,,,,,,,,,,,,,,,,,,,,,,,,,,,,,,,,,,,,,,,,,,,,,,,,,,,,,,,,,,,,,,,,,,,,,,,,,,,,,,,,,,,,,,,,,,,,,,,,,,,,,,,,,,,,,,,,,,,,,
1764669116.362286,55695,0,4402.307617,4415.641113,4519.102539,4530.384766,4403.461426,4528.717773,4553.333496,4393.846191,4576.666504,4405.641113,4539.358887,4536.666504,4593.461426,4422.436035,4437.820313,4565.256348,4564.102539,4586.922852,4553.205078,4418.205078,4415.128418,4596.922852,4538.077148,4538.717773,4433.077148,4608.846191,4418.461426,4578.717773,4525.512695,4417.692383,4561.410156,4528.846191,2456,0,5,2574,60559,,,,0,4,4,4,4,4,4,4,4,4,4,4,4,4,4,4,4,4,4,4,4,4,4,4,4,4,4,4,4,4,4,4,4,100,,,,,,,,,,,,,,,,,,,,,,,,,,,,,,,,,,,,,,,,,,,,,,,,,,,,,,,,,,,,,,,,,,,,,,,,,,,,,,,,,,,,,,,,,,,,,,,,,,,,,,,,,,,,,,,,,,,,,,,,,,,,,,,,,,,,,,,,,,,,,,,,,,,,,,,,,,,,,,,,,,,,,,,,,,,,,,,,,,,,,,,,,,,,,,,,,,,,,,,,,,,,,,
1764669116.366192,55696,0,4411.666504,4428.333496,4532.307617,4545.641113,4420.641113,4541.538574,4570.384766,4411.794922,4595.384766,4416.282227,4547.820313,4543.205078,4603.846191,4420.384766,4434.743652,4559.615234,4574.230957,4589.487305,4556.410156,4427.179688,4424.871582,4604.358887,4545.512695,4547.307617,4432.179688,4615.384766,4427.307617,4593.333496,4534.487305,4427.05127,4567.94873,4522.563965,2917,0,5,2571,60567,,,,0,4,4,4,4,4,4,4,4,4,4,4,4,4,4,4,4,4,4,4,4,4,4,4,4,4,4,4,4,4,4,4,4,100,,,,,,,,,,,,,,,,,,,,,,,,,,,,,,,,,,,,,,,,,,,,,,,,,,,,,,,,,,,,,,,,,,,,,,,,,,,,,,,,,,,,,,,,,,,,,,,,,,,,,,,,,,,,,,,,,,,,,,,,,,,,,,,,,,,,,,,,,,,,,,,,,,,,,,,,,,,,,,,,,,,,,,,,,,,,,,,,,,,,,,,,,,,,,,,,,,,,,,,,,,,,,,
1764669116.370098,55697,0,4403.461426,4420.512695,4522.94873,4541.282227,4420.512695,4536.794922,4566.025879,4410,4591.153809,4408.205078,4537.692383,4531.666504,4594.615234,4402.94873,4410.897461,4528.974121,4565.128418,4567.307617,4540.256348,4418.717773,4421.794922,4592.692383,4536.666504,4536.282227,4431.410156,4610.256348,4422.179688,4590.256348,4531.025879,4423.846191,4558.717773,4502.692383,2983,0,5,2571,60567,,,,0,4,4,4,4,4,4,4,4,4,4,4,4,4,4,4,4,4,4,4,4,4,4,4,4,4,4,4,4,4,4,4,4,100,,,,,,,,,,,,,,,,,,,,,,,,,,,,,,,,,,,13924,0,0.607936,-0.33606,-0.341187,0.633301,1.005494,-0.027347,-0.018069,16.333334,39.833332,-21.666666,,,,,,,,,,,,,,,,,,,,,,,,,,,,,,,,,,,,,,,,,,,,,,,,,,,,,,,,,,,,,,,,,,,,,,,,,,,,,,,,,,,,,,,,,,,,,,,,,,,,,,,,,,,,,,,,,,,,,,,,,,,,,,,,,,,,,,,,,,,,,,,,,,,,,,,,,,,,,,,,
1764669116.374004,55698,0,4382.179688,4398.461426,4496.794922,4520,4403.589844,4517.692383,4542.563965,4390.897461,4567.563965,4388.974121,4514.230957,4508.846191,4570.384766,4379.615234,4379.102539,4492.692383,4543.974121,4534.743652,4515.512695,4399.615234,4411.153809,4573.077148,4518.461426,4516.922852,4431.922852,4598.717773,4408.205078,4574.230957,4518.205078,4412.820313,4540.128418,4480.769043,1805,0,5,2572,60575,,,,0,4,4,4,4,4,4,4,4,4,4,4,4,4,4,4,4,4,4,4,4,4,4,4,4,4,4,4,4,4,4,4,4,100,,,,,,,,,,,,,,,,,,,,,,,,,,,,,,,,,,,,,,,,,,,,,,,,,,,,,,,,,,,,,,,,,,,,,,,,,,,,,,,,,,,,,,,,,,,,,,,,,,,,,,,,,,,,,,,,,,,,,,,,,,,,,,,,,,,,,,,,,,,,,,,,,,,,,,,,,,,,,,,,,,,,,,,,,,,,,,,,,,,,,,,,,,,,,,,,,,,,,,,,,,,,,,
1764669116.377910,55699,0,4363.589844,4380.128418,4474.358887,4498.717773,4383.589844,4498.846191,4518.077148,4370.384766,4543.205078,4376.794922,4492.94873,4490.897461,4548.205078,4365.512695,4356.538574,4472.94873,4526.794922,4512.436035,4499.487305,4384.102539,4405.256348,4561.794922,4505.128418,4506.538574,4435.256348,4591.538574,4398.461426,4559.743652,4506.666504,4406.410156,4527.563965,4473.077148,2762,0,5,2572,60575,,,,0,4,4,4,4,4,4,4,4,4,4,4,4,4,4,4,4,4,4,4,4,4,4,4,4,4,4,4,4,4,4,4,4,100,,,,,,,,,,,,,,,,,,,,,,,,,,,,,,,,,,,,,,,,,,,,,,,,,,,,,,,,,,,,,,,,,,,,,,,,,,,,,,,,,,,,,,,,,,,,,,,,,,,,,,,,,,,,,,,,,,,,,,,,,,,,,,,,,,,,,,,,,,,,,,,,,,,,,,,,,,,,,,,,,,,,,,,,,,,,,,,,,,,,,,,,,,,,,,,,,,,,,,,,,,,,,,
1764669116.381816,55700,0,4361.410156,4380,4473.717773,4494.743652,4375.769043,4493.974121,4510.769043,4363.974121,4536.025879,4383.333496,4488.333496,4490.641113,4543.974121,4369.487305,4353.461426,4478.589844,4526.025879,4512.820313,4501.153809,4382.563965,4411.538574,4566.794922,4506.794922,4513.333496,4440.128418,4595.256348,4402.179688,4558.077148,4505.769043,4413.205078,4532.05127,4487.563965,2609,0,5,2573,60583,,,,0,4,4,4,4,4,4,4,4,4,4,4,4,4,4,4,4,4,4,4,4,4,4,4,4,4,4,4,4,4,4,4,4,100,,,,,,,,,,,,,,,,,,,,,,,,,,,,,,,,,,,,,,,,,,,,,,,,,,,,,,,,,,,,,,,,,,,,,,,,,,,,,,,,,,,,,,,,,,,,,,,,,,,,,,,,,,,,,,,,,,,,,,,,,,,,,,,,,,,,,,,,,,,,,,,,,,,,,,,,,,,,,,,,,,,,,,,,,,,,,,,,,,,,,,,,,,,,,,,,,,,,,,,,,,,,,,
1764669116.385722,55701,0,4376.282227,4396.794922,4494.487305,4510.512695,4384.358887,4505.256348,4524.230957,4375,4547.94873,4402.307617,4501.922852,4507.05127,4559.102539,4387.307617,4366.410156,4499.615234,4540.128418,4530.897461,4515.256348,4393.205078,4425.128418,4581.282227,4521.282227,4529.230957,4442.179688,4605,4416.538574,4568.461426,4515.512695,4429.487305,4550.769043,4515.897461,2858,0,5,2573,60583,,,,0,4,4,4,4,4,4,4,4,4,4,4,4,4,4,4,4,4,4,4,4,4,4,4,4,4,4,4,4,4,4,4,4,100,,,,,,,,,,,,,,,,,,,,,,,,,,,,,,,,,,,13925,0,0.607364,-0.336792,-0.34137,0.633362,1.035771,-0.018557,-0.044927,16.666666,39.333332,-20.833334,,,,,,,,,,,,,,,,,,,,,,,,,,,,,,,,,,,,,,,,,,,,,,,,,,,,,,,,,,,,,,,,,,,,,,,,,,,,,,,,,,,,,,,,,,,,,,,,,,,,,,,,,,,,,,,,,,,,,,,,,,,,,,,,,,,,,,,,,,,,,,,,,,,,,,,,,,,,,,,,
1764669116.389628,55702,1,4379.891602,4399.368652,4496.469238,4513.402344,4388.047363,4508.63916,4527.978516,4378.392578,4550.611328,4402.534668,4504.428223,4510.986328,4562.475586,4388.787109,4369.654785,4502.386719,4543.905273,4534.250488,4517.879883,4395.887695,4423.905273,4583.82666,4524.033691,4531.390625,4439.516602,4605.798828,4418.619141,4571.558105,4517.120117,4430.029785,4552.110352,4516.380859,2987,0,5,0,0,,,,0,4,4,4,4,4,4,4,4,4,4,4,4,4,4,4,4,4,4,4,4,4,4,4,4,4,4,4,4,4,4,4,4,100,,,,,,,,,,,,,,,,,,,,,,,,,,,,,,,,,,,,,,,,,,,,,,,,,,,,,,,,,,,,,,,,,,,,,,,,,,,,,,,,,,,,,,,,,,,,,,,,,,,,,,,,,,,,,,,,,,,,,,,,,,,,,,,,,,,,,,,,,,,,,,,,,,,,,,,,,,,,,,,,,,,,,,,,,,,,,,,,,,,,,,,,,,,,,,,,,,,,,,,,,,,,,,
1764669116.393534,55703,1,4383.500977,4401.942871,4498.45166,4516.291992,4391.73584,4512.021484,4531.726074,4381.785156,4553.273926,4402.76123,4506.933105,4514.920898,4565.848145,4390.266113,4372.899414,4505.157715,4547.682617,4537.603516,4520.50293,4398.569824,4422.682617,4586.370605,4526.785156,4533.550293,4436.854004,4606.597656,4420.700195,4574.654785,4518.728027,4430.571777,4553.45166,4516.86377,2901,0,5,0,0,,,,0,4,4,4,4,4,4,4,4,4,4,4,4,4,4,4,4,4,4,4,4,4,4,4,4,4,4,4,4,4,4,4,4,100,,,,,,,,,,,,,,,,,,,,,,,,,,,,,,,,,,,,,,,,,,,,,,,,,,,,,,,,,,,,,,,,,,,,,,,,,,,,,,,,,,,,,,,,,,,,,,,,,,,,,,,,,,,,,,,,,,,,,,,,,,,,,,,,,,,,,,,,,,,,,,,,,,,,,,,,,,,,,,,,,,,,,,,,,,,,,,,,,,,,,,,,,,,,,,,,,,,,,,,,,,,,,,
1764669116.397440,55704,1,4387.110352,4404.516602,4500.434082,4519.181641,4395.423828,4515.404297,4535.473145,4385.177734,4555.937012,4402.988281,4509.437988,4518.855957,4569.220703,4391.745605,4376.144043,4507.929199,4551.459473,4540.956543,4523.126465,4401.252441,4421.459473,4588.915039,4529.536621,4535.709961,4434.191406,4607.396484,4422.78125,4577.751465,4520.335449,4431.114258,4554.792969,4517.347168,2773,0,5,0,0,,,,0,4,4,4,4,4,4,4,4,4,4,4,4,4,4,4,4,4,4,4,4,4,4,4,4,4,4,4,4,4,4,4,4,100,,,,,,,,,,,,,,,,,,,,,,,,,,,,,,,,,,,,,,,,,,,,,,,1.030503,1.635694,3.675266,2.693039,2.146651,4.003867,2.762738,3.799329,3.008936,2.208077,9.292266,3.240056,7.045023,3.939994,2.423137,3.130696,2.304594,3.735564,3.832313,2.633957,3.606351,2.505018,4.039385,3.29144,2.761847,1.312289,1.979017,3.351165,2.648511,1.882526,1.054251,2.652251,3.22836,2.74031,1.806835,2.297992,1.801745,3.325985,3.920705,2.545889,2.048963,1.722359,3.304269,3.288519,2.012649,1.963346,2.75296,7.120588,4.036782,4.068726,1.188957,1.387486,2.589383,1.794867,1.183367,1.128617,2.569328,3.888418,2.41195,1.872518,1.328497,1.686386,2.718238,1.930635,1.343941,1.03066,1.240464,1.519737,0.935567,1.117187,1.334743,2.358221,1.605331,1.82791,1.559438,2.071355,5.165881,2.726,2.145654,1.472539,2.044959,2.613249,4.32329,2.596835,2.071423,2.655056,6.017308,4.225382,2.422225,2.274499,1.506621,5.438875,3.267646,1.604949,1.739767,1.737488,2.150018,3.492529,1.874257,1.969461,1.365515,4.363849,6.531813,2.548968,2.603236,1.510325,2.68757,4.495554,2.161531,2.297304,2.464257,2.046362,3.333287,2.554202,2.250247,1.826897,2.44628,3.187913,2.273782,2.236528,4.83385,4.811423,5.679122,13.44061,6.909697,2.977856,2.174291,2.954768,2.607132,1.951,2.652384,2.586352,3.780204,4.028679,2.7825,2.023286,3.056487,4.391974,3.160593,2.526202,0.857313,1.145043,1.643356,1.444816,1.114828,3.247524,2.893943,4.543491,2.936284,2.709881,4.252287,2.53524,6.016254,2.713369,3.542366,12.21403,7.66964,12.024673,5.17008,5.294794
1764669116.401346,55705,1,4390.719727,4407.09082,4502.416016,4522.070801,4399.112305,4518.787109,4539.220703,4388.569824,4558.599609,4403.214844,4511.942871,4522.791016,4572.59375,4393.224609,4379.388672,4510.700195,4555.236816,4544.30957,4525.749512,4403.935059,4420.236816,4591.459473,4532.288086,4537.869629,4431.528809,4608.195313,4424.861816,4580.848145,4521.942871,4431.656738,4556.134277,4517.830566,2943,0,5,0,0,,,,0,4,4,4,4,4,4,4,4,4,4,4,4,4,4,4,4,4,4,4,4,4,4,4,4,4,4,4,4,4,4,4,4,100,,,,,,,,,,,,,,,,,,,,,,,,,,,,,,,,,,,,,,,,,,,,,,,,,,,,,,,,,,,,,,,,,,,,,,,,,,,,,,,,,,,,,,,,,,,,,,,,,,,,,,,,,,,,,,,,,,,,,,,,,,,,,,,,,,,,,,,,,,,,,,,,,,,,,,,,,,,,,,,,,,,,,,,,,,,,,,,,,,,,,,,,,,,,,,,,,,,,,,,,,,,,,,
1764669116.405252,55706,1,4394.32959,4409.664551,4504.398438,4524.960449,4402.800781,4522.169434,4542.968262,4391.962402,4561.262207,4403.441895,4514.447754,4526.726074,4575.966309,4394.704102,4382.633301,4513.471191,4559.013672,4547.662598,4528.372559,4406.617188,4419.013672,4594.003906,4535.039551,4540.029785,4428.865723,4608.994141,4426.942871,4583.944824,4523.550293,4432.199219,4557.475586,4518.313477,1834,0,5,0,0,,,,0,4,4,4,4,4,4,4,4,4,4,4,4,4,4,4,4,4,4,4,4,4,4,4,4,4,4,4,4,4,4,4,4,100,,,,,,,,,,,,,,,,,,,,,,,,,,,,,,,,,,,,,,,,,,,,,,,,,,,,,,,,,,,,,,,,,,,,,,,,,,,,,,,,,,,,,,,,,,,,,,,,,,,,,,,,,,,,,,,,,,,,,,,,,,,,,,,,,,,,,,,,,,,,,,,,,,,,,,,,,,,,,,,,,,,,,,,,,,,,,,,,,,,,,,,,,,,,,,,,,,,,,,,,,,,,,,
1764669116.409158,55707,1,4397.938965,4412.23877,4506.380859,4527.850098,4406.489258,4525.552246,4546.71582,4395.35498,4563.925293,4403.668457,4516.952637,4530.660645,4579.339355,4396.183594,4385.87793,4516.242676,4562.791016,4551.015625,4530.996094,4409.299805,4417.791016,4596.54834,4537.791016,4542.189453,4426.203125,4609.792969,4429.023438,4587.041504,4525.157715,4432.741699,4558.816406,4518.796875,2459,0,5,0,0,,,,0,4,4,4,4,4,4,4,4,4,4,4,4,4,4,4,4,4,4,4,4,4,4,4,4,4,4,4,4,4,4,4,4,100,,,,,,,,,,,,,,,,,,,,,,,,,,,,,,,,,,,,,,,,,,,,,,,,,,,,,,,,,,,,,,,,,,,,,,,,,,,,,,,,,,,,,,,,,,,,,,,,,,,,,,,,,,,,,,,,,,,,,,,,,,,,,,,,,,,,,,,,,,,,,,,,,,,,,,,,,,,,,,,,,,,,,,,,,,,,,,,,,,,,,,,,,,,,,,,,,,,,,,,,,,,,,,
1764669116.413064,55708,1,4401.54834,4414.8125,4508.362793,4530.739746,4410.177734,4528.935059,4550.463379,4398.747559,4566.587891,4403.895508,4519.45752,4534.595703,4582.711914,4397.662598,4389.12207,4519.013672,4566.567871,4554.368652,4533.619141,4411.982422,4416.567871,4599.092773,4540.54248,4544.349121,4423.540527,4610.591797,4431.104492,4590.138184,4526.765137,4433.28418,4560.157715,4519.280273,2627,0,5,0,0,,,,0,4,4,4,4,4,4,4,4,4,4,4,4,4,4,4,4,4,4,4,4,4,4,4,4,4,4,4,4,4,4,4,4,100,,,,,,,,,,,,,,,,,,,,,,,,,,,,,,,,,,,,,,,,,,,,,,,,,,,,,,,,,,,,,,,,,,,,,,,,,,,,,,,,,,,,,,,,,,,,,,,,,,,,,,,,,,,,,,,,,,,,,,,,,,,,,,,,,,,,,,,,,,,,,,,,,,,,,,,,,,,,,,,,,,,,,,,,,,,,,,,,,,,,,,,,,,,,,,,,,,,,,,,,,,,,,,
1764669116.416970,55709,1,4405.157715,4417.386719,4510.345215,4533.629395,4413.865723,4532.317383,4554.210938,4402.140137,4569.250488,4404.12207,4521.962402,4538.530762,4586.084961,4399.14209,4392.366699,4521.785156,4570.345215,4557.72168,4536.242676,4414.664551,4415.345215,4601.637207,4543.293945,4546.508789,4420.87793,4611.390625,4433.185547,4593.234863,4528.372559,4433.82666,4561.499023,4519.763184,2479,0,5,0,0,,,,0,4,4,4,4,4,4,4,4,4,4,4,4,4,4,4,4,4,4,4,4,4,4,4,4,4,4,4,4,4,4,4,4,100,,,,,,,,,,,,,,,,,,,,,,,,,,,,,,,,,,,,,,,,,,,,,,,,,,,,,,,,,,,,,,,,,,,,,,,,,,,,,,,,,,,,,,,,,,,,,,,,,,,,,,,,,,,,,,,,,,,,,,,,,,,,,,,,,,,,,,,,,,,,,,,,,,,,,,,,,,,,,,,,,,,,,,,,,,,,,,,,,,,,,,,,,,,,,,,,,,,,,,,,,,,,,,
1764669116.420876,55710,1,4408.76709,4419.960449,4512.327637,4536.518555,4417.554199,4535.700195,4557.958496,4405.532715,4571.913086,4404.349121,4524.467285,4542.465332,4589.45752,4400.621094,4395.611328,4524.556152,4574.12207,4561.074707,4538.865723,4417.347168,4414.12207,4604.181641,4546.04541,4548.668457,4418.214844,4612.189453,4435.266113,4596.331543,4529.980469,4434.368652,4562.840332,4520.246582,2732,0,5,0,0,,,,0,4,4,4,4,4,4,4,4,4,4,4,4,4,4,4,4,4,4,4,4,4,4,4,4,4,4,4,4,4,4,4,4,100,,,,,,,,,,,,,,,,,,,,,,,,,,,,,,,,,,,,,,,,,,,,,,,,,,,,,,,,,,,,,,,,,,,,,,,,,,,,,,,,,,,,,,,,,,,,,,,,,,,,,,,,,,,,,,,,,,,,,,,,,,,,,,,,,,,,,,,,,,,,,,,,,,,,,,,,,,,,,,,,,,,,,,,,,,,,,,,,,,,,,,,,,,,,,,,,,,,,,,,,,,,,,,
1764669116.424782,55711,1,4412.376953,4422.534668,4514.30957,4539.408203,4421.242676,4539.083008,4561.706055,4408.925293,4574.576172,4404.576172,4526.972168,4546.400391,4592.830566,4402.100586,4398.855957,4527.327637,4577.899414,4564.428223,4541.489258,4420.029785,4412.899414,4606.726074,4548.796875,4550.828613,4415.552246,4612.988281,4437.347168,4599.428223,4531.587891,4434.911133,4564.181641,4520.72998,2739,0,5,0,0,,,,0,4,4,4,4,4,4,4,4,4,4,4,4,4,4,4,4,4,4,4,4,4,4,4,4,4,4,4,4,4,4,4,4,100,,,,,,,,,,,,,,,,,,,,,,,,,,,,,,,,,,,,,,,,,,,,,,,,,,,,,,,,,,,,,,,,,,,,,,,,,,,,,,,,,,,,,,,,,,,,,,,,,,,,,,,,,,,,,,,,,,,,,,,,,,,,,,,,,,,,,,,,,,,,,,,,,,,,,,,,,,,,,,,,,,,,,,,,,,,,,,,,,,,,,,,,,,,,,,,,,,,,,,,,,,,,,,
1764669116.428688,55712,1,4415.986328,4425.108398,4516.291992,4542.297852,4424.931152,4542.465332,4565.453613,4412.317383,4577.23877,4404.802734,4529.477539,4550.335449,4596.203125,4403.580078,4402.100586,4530.098633,4581.676758,4567.78125,4544.112305,4422.711914,4411.676758,4609.27002,4551.54834,4552.988281,4412.889648,4613.787109,4439.428223,4602.524414,4533.195313,4435.453613,4565.522461,4521.212891,0,0,5,0,0,,,,0,4,4,4,4,4,4,4,4,4,4,4,4,4,4,4,4,4,4,4,4,4,4,4,4,4,4,4,4,4,4,4,4,100,,,,,,,,,,,,,,,,,,,,,,,,,,,,,,,,,,,,,,,,,,,,,,,,,,,,,,,,,,,,,,,,,,,,,,,,,,,,,,,,,,,,,,,,,,,,,,,,,,,,,,,,,,,,,,,,,,,,,,,,,,,,,,,,,,,,,,,,,,,,,,,,,,,,,,,,,,,,,,,,,,,,,,,,,,,,,,,,,,,,,,,,,,,,,,,,,,,,,,,,,,,,,,
1764669116.432594,55713,1,4419.595703,4427.682617,4518.273926,4545.1875,4428.619141,4545.848145,4569.201172,4415.709961,4579.901367,4405.029785,4531.982422,4554.27002,4599.576172,4405.059082,4405.345215,4532.869629,4585.453613,4571.134277,4546.73584,4425.394531,4410.453613,4611.814453,4554.299805,4555.147949,4410.227051,4614.585938,4441.508789,4605.621094,4534.802734,4435.996094,4566.86377,4521.696289,0,0,5,0,0,,,,0,4,4,4,4,4,4,4,4,4,4,4,4,4,4,4,4,4,4,4,4,4,4,4,4,4,4,4,4,4,4,4,4,100,,,,,,,,,,,,,,,,,,,,,,,,,,,,,,,,,,,,,,,,,,,,,,,,,,,,,,,,,,,,,,,,,,,,,,,,,,,,,,,,,,,,,,,,,,,,,,,,,,,,,,,,,,,,,,,,,,,,,,,,,,,,,,,,,,,,,,,,,,,,,,,,,,,,,,,,,,,,,,,,,,,,,,,,,,,,,,,,,,,,,,,,,,,,,,,,,,,,,,,,,,,,,,
1764669116.436500,55714,0,4423.205078,4430.256348,4520.256348,4548.077148,4432.307617,4549.230957,4572.94873,4419.102539,4582.563965,4405.256348,4534.487305,4558.205078,4602.94873,4406.538574,4408.589844,4535.641113,4589.230957,4574.487305,4549.358887,4428.077148,4409.230957,4614.358887,4557.05127,4557.307617,4407.563965,4615.384766,4443.589844,4608.717773,4536.410156,4436.538574,4568.205078,4522.179688,2716,0,5,2576,60637,,,,0,4,4,4,4,4,4,4,4,4,4,4,4,4,4,4,4,4,4,4,4,4,4,4,4,4,4,4,4,4,4,4,4,100,,,,,,,,,,,,,,,,,,,,,,,,,,,,,,,,,,,,,,,,,,,,,,,,,,,,,,,,,,,,,,,,,,,,,,,,,,,,,,,,,,,,,,,,,,,,,,,,,,,,,,,,,,,,,,,,,,,,,,,,,,,,,,,,,,,,,,,,,,,,,,,,,,,,,,,,,,,,,,,,,,,,,,,,,,,,,,,,,,,,,,,,,,,,,,,,,,,,,,,,,,,,,,
1764669116.440406,55715,0,4412.563965,4420.256348,4504.871582,4538.077148,4423.846191,4538.333496,4563.846191,4407.179688,4571.666504,4392.179688,4521.922852,4543.205078,4593.717773,4400.641113,4394.871582,4532.179688,4576.666504,4570.256348,4550.128418,4427.692383,4410.384766,4607.05127,4545.256348,4549.743652,4434.230957,4602.563965,4432.563965,4593.333496,4528.461426,4435,4552.436035,4518.717773,2882,0,5,2576,60637,,,,0,4,4,4,4,4,4,4,4,4,4,4,4,4,4,4,4,4,4,4,4,4,4,4,4,4,4,4,4,4,4,4,4,100,,,,,,,,,,,,,,,,,,,,,,,,,,,,,,,,,,,,,,,,,,,,,,,,,,,,,,,,,,,,,,,,,,,,,,,,,,,,,,,,,,,,,,,,,,,,,,,,,,,,,,,,,,,,,,,,,,,,,,,,,,,,,,,,,,,,,,,,,,,,,,,,,,,,,,,,,,,,,,,,,,,,,,,,,,,,,,,,,,,,,,,,,,,,,,,,,,,,,,,,,,,,,,
1764669116.444312,55716,0,4400.256348,4410,4491.794922,4526.922852,4410.256348,4527.307617,4555.256348,4394.230957,4559.743652,4378.717773,4510.128418,4528.589844,4582.307617,4397.307617,4384.743652,4530.384766,4562.692383,4565.641113,4545.128418,4422.692383,4414.102539,4593.205078,4534.230957,4533.846191,4450.897461,4590.769043,4414.743652,4575,4520.641113,4428.461426,4541.922852,4520.512695,2783,0,5,2576,60645,,,,0,4,4,4,4,4,4,4,4,4,4,4,4,4,4,4,4,4,4,4,4,4,4,4,4,4,4,4,4,4,4,4,4,100,,,,,,,,,,,,,,,,,,,,,,,,,,,,,,,,,,,,,,,,,,,,,,,,,,,,,,,,,,,,,,,,,,,,,,,,,,,,,,,,,,,,,,,,,,,,,,,,,,,,,,,,,,,,,,,,,,,,,,,,,,,,,,,,,,,,,,,,,,,,,,,,,,,,,,,,,,,,,,,,,,,,,,,,,,,,,,,,,,,,,,,,,,,,,,,,,,,,,,,,,,,,,,
1764669116.448218,55717,0,4385.897461,4398.077148,4486.666504,4516.538574,4392.05127,4515.641113,4546.025879,4380.769043,4550.128418,4371.538574,4500.128418,4514.230957,4568.974121,4395,4379.102539,4524.615234,4546.794922,4555.384766,4531.666504,4409.615234,4410.769043,4573.974121,4523.077148,4511.922852,4438.846191,4581.153809,4395.897461,4556.666504,4512.179688,4413.077148,4537.307617,4522.436035,2853,0,5,2576,60645,,,,0,4,4,4,4,4,4,4,4,4,4,4,4,4,4,4,4,4,4,4,4,4,4,4,4,4,4,4,4,4,4,4,4,100,,,,,,,,,,,,,,,,,,,,,,,,,,,,,,,,,,,13929,0,0.603549,-0.341003,-0.34021,0.635376,0.970333,-0.063484,-0.0293,16.333334,41.833332,-20.333334,,,,,,,,,,,,,,,,,,,,,,,,,,,,,,,,,,,,,,,,,,,,,,,,,,,,,,,,,,,,,,,,,,,,,,,,,,,,,,,,,,,,,,,,,,,,,,,,,,,,,,,,,,,,,,,,,,,,,,,,,,,,,,,,,,,,,,,,,,,,,,,,,,,,,,,,,,,,,,,,
1764669116.452124,55718,0,4371.538574,4385,4489.230957,4507.436035,4372.94873,4502.94873,4534.487305,4367.436035,4545.256348,4373.846191,4492.563965,4500.512695,4556.153809,4391.794922,4375.897461,4511.794922,4529.871582,4538.461426,4513.333496,4390.641113,4396.922852,4553.717773,4511.282227,4488.974121,4402.692383,4571.794922,4380.897461,4540.897461,4503.205078,4391.410156,4534.102539,4518.461426,2839,0,5,2570,60653,,,,0,4,4,4,4,4,4,4,4,4,4,4,4,4,4,4,4,4,4,4,4,4,4,4,4,4,4,4,4,4,4,4,4,100,,,,,,,,,,,,,,,,,,,,,,,,,,,,,,,,,,,,,,,,,,,,,,,,,,,,,,,,,,,,,,,,,,,,,,,,,,,,,,,,,,,,,,,,,,,,,,,,,,,,,,,,,,,,,,,,,,,,,,,,,,,,,,,,,,,,,,,,,,,,,,,,,,,,,,,,,,,,,,,,,,,,,,,,,,,,,,,,,,,,,,,,,,,,,,,,,,,,,,,,,,,,,,
1764669116.456030,55719,0,4361.922852,4374.358887,4494.615234,4500.897461,4359.743652,4491.538574,4522.820313,4357.436035,4545.128418,4382.436035,4488.974121,4490.641113,4547.563965,4387.94873,4374.102539,4496.410156,4515.512695,4521.153809,4498.461426,4374.487305,4379.358887,4539.487305,4501.282227,4472.436035,4368.205078,4561.922852,4373.077148,4530.128418,4495.769043,4372.820313,4529.102539,4508.333496,3012,0,5,2570,60653,,,,0,4,4,4,4,4,4,4,4,4,4,4,4,4,4,4,4,4,4,4,4,4,4,4,4,4,4,4,4,4,4,4,4,100,,,,,,,,,,,,,,,,,,,,,,,,,,,,,,,,,,,,,,,,,,,,,,,,,,,,,,,,,,,,,,,,,,,,,,,,,,,,,,,,,,,,,,,,,,,,,,,,,,,,,,,,,,,,,,,,,,,,,,,,,,,,,,,,,,,,,,,,,,,,,,,,,,,,,,,,,,,,,,,,,,,,,,,,,,,,,,,,,,,,,,,,,,,,,,,,,,,,,,,,,,,,,,
1764669116.459936,55720,0,4361.410156,4370.897461,4497.563965,4498.846191,4357.563965,4486.025879,4516.025879,4355.256348,4548.077148,4390.384766,4489.871582,4488.333496,4545.897461,4385.769043,4373.717773,4487.307617,4509.102539,4511.922852,4493.717773,4369.743652,4369.230957,4536.666504,4496.282227,4468.077148,4360.769043,4553.846191,4372.436035,4526.666504,4493.461426,4365.641113,4523.077148,4498.461426,2932,0,5,2570,60661,,,,0,4,4,4,4,4,4,4,4,4,4,4,4,4,4,4,4,4,4,4,4,4,4,4,4,4,4,4,4,4,4,4,4,100,,,,,,,,,,,,,,,,,,,,,,,,,,,,,,,,,,,,,,,,,,,,,,,,,,,,,,,,,,,,,,,,,,,,,,,,,,,,,,,,,,,,,,,,,,,,,,,,,,,,,,,,,,,,,,,,,,,,,,,,,,,,,,,,,,,,,,,,,,,,,,,,,,,,,,,,,,,,,,,,,,,,,,,,,,,,,,,,,,,,,,,,,,,,,,,,,,,,,,,,,,,,,,
1764669116.463842,55721,0,4369.230957,4375.384766,4495.128418,4500.641113,4365.384766,4488.974121,4517.05127,4361.410156,4551.025879,4392.563965,4494.358887,4493.717773,4550.384766,4386.410156,4374.487305,4488.589844,4512.692383,4514.358887,4499.230957,4377.436035,4371.794922,4544.230957,4497.436035,4475,4383.846191,4550.897461,4375.384766,4529.487305,4497.179688,4369.871582,4518.717773,4494.871582,2801,0,5,2570,60661,,,,0,4,4,4,4,4,4,4,4,4,4,4,4,4,4,4,4,4,4,4,4,4,4,4,4,4,4,4,4,4,4,4,4,100,,,,,,,,,,,,,,,,,,,,,,,,,,,,,,,,,,,13930,0,0.603066,-0.341736,-0.340332,0.635376,0.949823,-0.064461,0.014162,16.5,40.833332,-18.833334,,,,,,,,,,,,,,,,,,,,,,,,,,,,,,,,,,,,,,,,,,,,,,,,,,,,,,,,,,,,,,,,,,,,,,,,,,,,,,,,,,,,,,,,,,,,,,,,,,,,,,,,,,,,,,,,,,,,,,,,,,,,,,,,,,,,,,,,,,,,,,,,,,,,,,,,,,,,,,,,
1764669116.467748,55722,0,4379.615234,4383.974121,4488.461426,4503.461426,4376.282227,4497.820313,4524.615234,4371.922852,4551.922852,4389.358887,4499.358887,4502.179688,4557.179688,4389.615234,4375.384766,4496.794922,4522.94873,4523.461426,4508.846191,4390,4382.436035,4555.512695,4502.307617,4486.153809,4416.153809,4554.102539,4377.94873,4534.743652,4503.846191,4378.077148,4516.794922,4497.179688,2447,0,5,2570,60669,,,,0,4,4,4,4,4,4,4,4,4,4,4,4,4,4,4,4,4,4,4,4,4,4,4,4,4,4,4,4,4,4,4,4,100,,,,,,,,,,,,,,,,,,,,,,,,,,,,,,,,,,,,,,,,,,,,,,,,,,,,,,,,,,,,,,,,,,,,,,,,,,,,,,,,,,,,,,,,,,,,,,,,,,,,,,,,,,,,,,,,,,,,,,,,,,,,,,,,,,,,,,,,,,,,,,,,,,,,,,,,,,,,,,,,,,,,,,,,,,,,,,,,,,,,,,,,,,,,,,,,,,,,,,,,,,,,,,
1764669116.471654,55723,0,4386.922852,4391.025879,4482.436035,4505.128418,4383.333496,4506.922852,4533.461426,4380.256348,4550.512695,4385.256348,4503.205078,4508.461426,4562.563965,4393.589844,4375.769043,4504.615234,4533.333496,4530.769043,4514.871582,4397.692383,4392.563965,4563.077148,4507.436035,4494.102539,4430.641113,4561.794922,4377.820313,4538.589844,4509.102539,4383.077148,4515.897461,4499.487305,2738,0,5,2570,60669,,,,0,4,4,4,4,4,4,4,4,4,4,4,4,4,4,4,4,4,4,4,4,4,4,4,4,4,4,4,4,4,4,4,4,100,,,,,,,,,,,,,,,,,,,,,,,,,,,,,,,,,,,,,,,,,,,,,,,,,,,,,,,,,,,,,,,,,,,,,,,,,,,,,,,,,,,,,,,,,,,,,,,,,,,,,,,,,,,,,,,,,,,,,,,,,,,,,,,,,,,,,,,,,,,,,,,,,,,,,,,,,,,,,,,,,,,,,,,,,,,,,,,,,,,,,,,,,,,,,,,,,,,,,,,,,,,,,,
1764669116.475560,55724,0,4389.102539,4394.102539,4482.436035,4505.384766,4384.102539,4511.922852,4539.358887,4383.333496,4548.461426,4384.487305,4505.384766,4510,4565.641113,4397.692383,4376.922852,4508.974121,4539.615234,4532.05127,4514.102539,4396.410156,4396.282227,4563.974121,4511.282227,4495.897461,4417.307617,4570.384766,4376.666504,4540.769043,4510.769043,4384.102539,4514.487305,4496.025879,2501,0,5,2571,60677,,,,0,4,4,4,4,4,4,4,4,4,4,4,4,4,4,4,4,4,4,4,4,4,4,4,4,4,4,4,4,4,4,4,4,100,,,,,,,,,,,,,,,,,,,,,,,,,,,,,,,,,,,,,,,,,,,,,,,,,,,,,,,,,,,,,,,,,,,,,,,,,,,,,,,,,,,,,,,,,,,,,,,,,,,,,,,,,,,,,,,,,,,,,,,,,,,,,,,,,,,,,,,,,,,,,,,,,,,,,,,,,,,,,,,,,,,,,,,,,,,,,,,,,,,,,,,,,,,,,,,,,,,,,,,,,,,,,,
1764669116.479466,55725,0,4388.589844,4394.487305,4489.102539,4506.794922,4382.563965,4512.820313,4541.025879,4382.820313,4547.94873,4388.717773,4507.307617,4509.358887,4567.692383,4401.538574,4380.256348,4512.05127,4541.410156,4530,4510.512695,4388.846191,4394.615234,4560.769043,4513.974121,4494.358887,4389.871582,4576.666504,4377.94873,4543.461426,4509.871582,4385.769043,4512.94873,4485.769043,2258,0,5,2571,60677,,,,0,4,4,4,4,4,4,4,4,4,4,4,4,4,4,4,4,4,4,4,4,4,4,4,4,4,4,4,4,4,4,4,4,100,,,,,,,,,,,,,,,,,,,,,,,,,,,,,,,,,,,13931,0,0.602854,-0.342529,-0.34082,0.634888,0.967403,-0.054694,0.009767,15,41.833332,-20,,,,,,,,,,,,,,,,,,,,,,,,,,,,,,,,,,,,,,,,,,,,,,,,,,,,,,,,,,,,,,,,,,,,,,,,,,,,,,,,,,,,,,,,,,,,,,,,,,,,,,,,,,,,,,,,,,,,,,,,,,,,,,,,,,,,,,,,,,,,,,,,,,,,,,,,,,,,,,,,
1764669116.483372,55726,0,4388.846191,4395.384766,4496.666504,4510.769043,4383.717773,4512.820313,4541.410156,4382.820313,4549.871582,4396.153809,4510.128418,4510.384766,4570.769043,4405,4386.153809,4517.563965,4541.794922,4530.256348,4510.512695,4381.538574,4392.179688,4559.487305,4516.410156,4494.487305,4370.769043,4577.692383,4383.461426,4548.461426,4509.487305,4392.563965,4513.333496,4473.461426,2755,0,5,2572,60684,,,,0,4,4,4,4,4,4,4,4,4,4,4,4,4,4,4,4,4,4,4,4,4,4,4,4,4,4,4,4,4,4,4,4,100,,,,,,,,,,,,,,,,,,,,,,,,,,,,,,,,,,,,,,,,,,,,,,,,,,,,,,,,,,,,,,,,,,,,,,,,,,,,,,,,,,,,,,,,,,,,,,,,,,,,,,,,,,,,,,,,,,,,,,,,,,,,,,,,,,,,,,,,,,,,,,,,,,,,,,,,,,,,,,,,,,,,,,,,,,,,,,,,,,,,,,,,,,,,,,,,,,,,,,,,,,,,,,
1764669116.487278,55727,0,4390.897461,4397.436035,4497.436035,4515.384766,4388.846191,4514.358887,4542.94873,4385.384766,4553.077148,4402.05127,4513.846191,4514.615234,4575.641113,4406.410156,4391.922852,4525,4542.307617,4534.230957,4514.871582,4378.333496,4391.153809,4561.922852,4518.333496,4497.436035,4369.871582,4572.563965,4390.769043,4553.974121,4511.153809,4402.692383,4515.512695,4465.512695,2455,0,5,2572,60684,,,,0,4,4,4,4,4,4,4,4,4,4,4,4,4,4,4,4,4,4,4,4,4,4,4,4,4,4,4,4,4,4,4,4,100,,,,,,,,,,,,,,,,,,,,,,,,,,,,,,,,,,,,,,,,,,,,,,,,,,,,,,,,,,,,,,,,,,,,,,,,,,,,,,,,,,,,,,,,,,,,,,,,,,,,,,,,,,,,,,,,,,,,,,,,,,,,,,,,,,,,,,,,,,,,,,,,,,,,,,,,,,,,,,,,,,,,,,,,,,,,,,,,,,,,,,,,,,,,,,,,,,,,,,,,,,,,,,
1764669116.491184,55728,0,4392.436035,4397.94873,4488.333496,4516.538574,4393.974121,4516.153809,4544.615234,4387.94873,4554.743652,4399.358887,4516.794922,4519.230957,4579.358887,4404.102539,4393.846191,4528.589844,4541.922852,4536.025879,4516.538574,4378.077148,4389.102539,4564.487305,4517.820313,4499.230957,4378.333496,4563.461426,4395.256348,4555.769043,4512.692383,4408.974121,4516.282227,4465.128418,2916,0,5,2573,60692,,,,0,4,4,4,4,4,4,4,4,4,4,4,4,4,4,4,4,4,4,4,4,4,4,4,4,4,4,4,4,4,4,4,4,100,,,,,,,,,,,,,,,,,,,,,,,,,,,,,,,,,,,,,,,,,,,,,,,,,,,,,,,,,,,,,,,,,,,,,,,,,,,,,,,,,,,,,,,,,,,,,,,,,,,,,,,,,,,,,,,,,,,,,,,,,,,,,,,,,,,,,,,,,,,,,,,,,,,,,,,,,,,,,,,,,,,,,,,,,,,,,,,,,,,,,,,,,,,,,,,,,,,,,,,,,,,,,,
1764669116.495090,55729,0,4390.769043,4394.615234,4473.205078,4512.179688,4395,4515.512695,4543.846191,4386.922852,4553.077148,4384.615234,4516.794922,4520.128418,4579.102539,4397.94873,4390.384766,4523.717773,4538.846191,4530.256348,4509.487305,4377.179688,4383.717773,4562.692383,4514.358887,4495.769043,4382.692383,4555.128418,4394.102539,4551.666504,4511.794922,4406.666504,4513.333496,4470.897461,2991,0,5,2573,60692,,,,0,4,4,4,4,4,4,4,4,4,4,4,4,4,4,4,4,4,4,4,4,4,4,4,4,4,4,4,4,4,4,4,4,100,,,,,,,,,,,,,,,,,,,,,,,,,,,,,,,,,,,13932,0,0.602961,-0.343872,-0.343018,0.632874,0.985472,-0.019045,-0.025394,15.5,40.166668,-20,,,,,,,,,,,,,,,,,,,,,,,,,,,,,,,,,,,,,,,,,,,,,,,,,,,,,,,,,,,,,,,,,,,,,,,,,,,,,,,,,,,,,,,,,,,,,,,,,,,,,,,,,,,,,,,,,,,,,,,,,,,,,,,,,,,,,,,,,,,,,,,,,,,,,,,,,,,,,,,,
1764669116.498996,55730,0,4388.205078,4389.871582,4462.563965,4506.538574,4393.077148,4513.717773,4541.282227,4383.205078,4550.128418,4363.333496,4514.615234,4518.077148,4575.641113,4391.410156,4384.487305,4513.333496,4536.282227,4521.153809,4499.102539,4376.666504,4379.230957,4558.846191,4511.794922,4489.487305,4383.205078,4553.846191,4389.871582,4546.282227,4509.743652,4399.230957,4510.128418,4480.769043,1799,0,5,2574,60700,,,,0,4,4,4,4,4,4,4,4,4,4,4,4,4,4,4,4,4,4,4,4,4,4,4,4,4,4,4,4,4,4,4,4,100,,,,,,,,,,,,,,,,,,,,,,,,,,,,,,,,,,,,,,,,,,,,,,,,,,,,,,,,,,,,,,,,,,,,,,,,,,,,,,,,,,,,,,,,,,,,,,,,,,,,,,,,,,,,,,,,,,,,,,,,,,,,,,,,,,,,,,,,,,,,,,,,,,,,,,,,,,,,,,,,,,,,,,,,,,,,,,,,,,,,,,,,,,,,,,,,,,,,,,,,,,,,,,
1764669116.502902,55731,0,4390.512695,4391.153809,4465.769043,4507.307617,4394.487305,4516.153809,4542.307617,4382.94873,4550.384766,4348.974121,4514.358887,4518.205078,4574.487305,4390,4382.05127,4507.179688,4541.410156,4522.05127,4499.871582,4382.05127,4384.871582,4561.794922,4516.666504,4489.358887,4392.692383,4563.589844,4389.230957,4548.589844,4511.025879,4396.410156,4514.230957,4494.230957,2773,0,5,2574,60700,,,,0,4,4,4,4,4,4,4,4,4,4,4,4,4,4,4,4,4,4,4,4,4,4,4,4,4,4,4,4,4,4,4,4,100,,,,,,,,,,,,,,,,,,,,,,,,,,,,,,,,,,,,,,,,,,,,,,,,,,,,,,,,,,,,,,,,,,,,,,,,,,,,,,,,,,,,,,,,,,,,,,,,,,,,,,,,,,,,,,,,,,,,,,,,,,,,,,,,,,,,,,,,,,,,,,,,,,,,,,,,,,,,,,,,,,,,,,,,,,,,,,,,,,,,,,,,,,,,,,,,,,,,,,,,,,,,,,
1764669116.506808,55732,0,4401.410156,4402.307617,4483.077148,4517.820313,4402.563965,4526.922852,4551.282227,4390.384766,4555.897461,4352.563965,4518.846191,4524.743652,4580.128418,4396.153809,4386.794922,4512.692383,4558.077148,4540.769043,4520.897461,4396.666504,4404.487305,4577.05127,4531.666504,4502.94873,4419.615234,4581.410156,4395.897461,4562.820313,4518.717773,4403.846191,4528.205078,4509.743652,2618,0,5,2575,60708,,,,0,4,4,4,4,4,4,4,4,4,4,4,4,4,4,4,4,4,4,4,4,4,4,4,4,4,4,4,4,4,4,4,4,100,,,,,,,,,,,,,,,,,,,,,,,,,,,,,,,,,,,,,,,,,,,,,,,,,,,,,,,,,,,,,,,,,,,,,,,,,,,,,,,,,,,,,,,,,,,,,,,,,,,,,,,,,,,,,,,,,,,,,,,,,,,,,,,,,,,,,,,,,,,,,,,,,,,,,,,,,,,,,,,,,,,,,,,,,,,,,,,,,,,,,,,,,,,,,,,,,,,,,,,,,,,,,,
1764669116.510714,55733,0,4416.153809,4418.717773,4504.487305,4532.820313,4413.205078,4542.307617,4564.871582,4402.563965,4563.205078,4372.05127,4526.025879,4535.512695,4590.512695,4407.179688,4396.538574,4527.05127,4579.743652,4570,4553.333496,4414.871582,4429.230957,4598.974121,4550.256348,4525.641113,4454.230957,4598.077148,4405.769043,4581.666504,4529.102539,4416.922852,4544.487305,4522.05127,2851,0,5,2575,60708,,,,0,4,4,4,4,4,4,4,4,4,4,4,4,4,4,4,4,4,4,4,4,4,4,4,4,4,4,4,4,4,4,4,4,100,,,,,,,,,,,,,,,,,,,,,,,,,,,,,,,,,,,13933,0,0.603249,-0.344116,-0.344177,0.631836,0.978635,0.004395,-0.065438,14.833333,40.833332,-20.166666,,,,,,,,,,,,,,,,,,,,,,,,,,,,,,,,,,,,,,,,,,,,,,,,,,,,,,,,,,,,,,,,,,,,,,,,,,,,,,,,,,,,,,,,,,,,,,,,,,,,,,,,,,,,,,,,,,,,,,,,,,,,,,,,,,,,,,,,,,,,,,,,,,,,,,,,,,,,,,,,
1764669116.514620,55734,0,4425.128418,4430.128418,4517.179688,4542.307617,4418.333496,4553.205078,4574.358887,4411.153809,4567.307617,4394.358887,4530.128418,4542.563965,4598.205078,4416.153809,4404.230957,4538.974121,4592.563965,4590.256348,4574.871582,4426.153809,4443.205078,4613.846191,4561.282227,4543.589844,4475.512695,4604.230957,4410.641113,4591.538574,4535,4424.615234,4551.410156,4524.743652,2957,0,5,2576,60716,,,,0,4,4,4,4,4,4,4,4,4,4,4,4,4,4,4,4,4,4,4,4,4,4,4,4,4,4,4,4,4,4,4,4,100,,,,,,,,,,,,,,,,,,,,,,,,,,,,,,,,,,,,,,,,,,,,,,,,,,,,,,,,,,,,,,,,,,,,,,,,,,,,,,,,,,,,,,,,,,,,,,,,,,,,,,,,,,,,,,,,,,,,,,,,,,,,,,,,,,,,,,,,,,,,,,,,,,,,,,,,,,,,,,,,,,,,,,,,,,,,,,,,,,,,,,,,,,,,,,,,,,,,,,,,,,,,,,
1764669116.518526,55735,0,4422.179688,4429.487305,4515.897461,4540.769043,4413.717773,4552.820313,4573.077148,4409.871582,4566.538574,4407.563965,4527.179688,4540.256348,4597.179688,4417.436035,4404.102539,4539.358887,4588.077148,4587.307617,4568.974121,4424.871582,4437.563965,4612.436035,4557.94873,4545.769043,4470.128418,4597.94873,4406.282227,4585.256348,4532.179688,4420.128418,4544.487305,4516.282227,2877,0,5,2576,60716,,,,0,4,4,4,4,4,4,4,4,4,4,4,4,4,4,4,4,4,4,4,4,4,4,4,4,4,4,4,4,4,4,4,4,100,,,,,,,,,,,,,,,,,,,,,,,,,,,,,,,,,,,,,,,,,,,,,,,,,,,,,,,,,,,,,,,,,,,,,,,,,,,,,,,,,,,,,,,,,,,,,,,,,,,,,,,,,,,,,,,,,,,,,,,,,,,,,,,,,,,,,,,,,,,,,,,,,,,,,,,,,,,,,,,,,,,,,,,,,,,,,,,,,,,,,,,,,,,,,,,,,,,,,,,,,,,,,,
1764669116.522432,55736,0,4409.615234,4419.102539,4506.025879,4530.897461,4403.461426,4542.563965,4561.922852,4400.384766,4563.846191,4409.358887,4518.846191,4529.615234,4587.436035,4410.256348,4396.410156,4529.102539,4569.358887,4563.205078,4538.461426,4415.384766,4418.846191,4597.05127,4544.102539,4532.94873,4443.846191,4586.153809,4396.538574,4568.333496,4522.820313,4406.410156,4530.897461,4502.692383,2722,0,5,2576,60723,,,,0,4,4,4,4,4,4,4,4,4,4,4,4,4,4,4,4,4,4,4,4,4,4,4,4,4,4,4,4,4,4,4,4,100,0.777344,25,3,4,1,3,3,4,4,3,3,1,4,4,4,4,4,3,3,1,3,3,1,3,3,3,1,4,3,3,4,3,1,1,,,,,,,,,,,,,0.952796,1.605736,3.110315,2.578403,1.906379,5.42642,2.726115,3.336558,2.973067,1.996973,15.879192,3.938737,5.618697,3.187617,1.975499,4.023305,2.190311,3.236552,3.752897,2.271718,4.912603,2.336576,3.154547,3.250108,2.452432,1.504679,1.966069,2.687992,2.560247,1.676922,1.106835,2.52279,2.72892,2.566123,1.625659,2.783507,1.766199,2.915509,3.952131,2.279126,2.143961,1.542588,2.797429,2.996617,1.862024,2.841497,2.824777,6.928866,3.889243,3.567727,1.25066,1.4304,2.299456,1.830418,1.06013,1.090407,2.394441,3.350313,2.347183,1.655322,1.353468,1.706432,2.247036,1.843651,1.191183,1.069517,1.196152,1.251969,0.849929,0.982641,1.236021,2.030283,1.29043,1.86924,1.38492,1.920521,4.899422,1.955191,2.003206,1.258383,2.235076,2.674761,3.735143,2.53073,1.805775,2.452359,5.934281,3.34589,2.485975,1.865303,1.316005,5.682204,2.890141,1.765506,1.455659,1.40975,2.075246,2.920052,1.736101,1.656832,1.149863,4.113388,5.624591,2.306278,2.3023,1.673961,2.758433,4.116444,2.12698,1.989694,2.447989,1.949005,2.816887,2.388608,1.960689,1.839428,2.391084,2.820146,2.183922,1.903087,4.477731,4.71825,5.958987,10.574567,6.551079,2.69163,1.853828,2.487284,2.582497,1.762487,3.022973,2.772389,3.441592,3.666846,2.496867,2.004911,2.978378,3.845097,3.014235,2.233972,0.928225,1.139985,1.403423,1.354126,0.997353,4.408534,2.663037,4.039305,2.833462,2.468692,4.589082,2.580804,5.332263,2.474572,3.274685,19.687872,9.965487,10.121557,4.321914,4.617984
1764669116.526338,55737,0,4395.641113,4406.666504,4497.692383,4520.128418,4395,4529.230957,4547.563965,4389.743652,4563.077148,4404.871582,4510.769043,4516.922852,4574.743652,4399.358887,4386.153809,4516.410156,4548.974121,4534.743652,4503.974121,4407.436035,4403.205078,4577.94873,4529.487305,4515.641113,4414.487305,4578.077148,4389.230957,4553.717773,4513.461426,4392.692383,4522.692383,4492.692383,2915,0,5,2576,60723,,,,0,4,4,4,4,4,4,4,4,4,4,4,4,4,4,4,4,4,4,4,4,4,4,4,4,4,4,4,4,4,4,4,4,100,,,,,,,,,,,,,,,,,,,,,,,,,,,,,,,,,,,13934,0,0.603591,-0.344055,-0.345093,0.631042,0.978635,0.004395,-0.065438,16.666666,41.333332,-20.333334,,,,,,,,,,,,,,,,,,,,,,,,,,,,,,,,,,,,,,,,,,,,,,,,,,,,,,,,,,,,,,,,,,,,,,,,,,,,,,,,,,,,,,,,,,,,,,,,,,,,,,,,,,,,,,,,,,,,,,,,,,,,,,,,,,,,,,,,,,,,,,,,,,,,,,,,,,,,,,,,
1764669116.530244,55738,0,4387.179688,4399.102539,4495.897461,4514.871582,4392.436035,4519.487305,4536.922852,4384.871582,4565.384766,4400.128418,4507.692383,4508.333496,4565.256348,4390.769043,4379.102539,4508.461426,4538.077148,4519.615234,4488.077148,4407.05127,4403.077148,4565.128418,4521.538574,4504.743652,4398.333496,4578.717773,4388.717773,4550.512695,4509.102539,4386.666504,4525.384766,4491.025879,1810,0,5,2576,60731,,,,0,4,4,4,4,4,4,4,4,4,4,4,4,4,4,4,4,4,4,4,4,4,4,4,4,4,4,4,4,4,4,4,4,100,,,,,,,,,,,,,,,,,,,,,,,,,,,,,,,,,,,,,,,,,,,,,,,,,,,,,,,,,,,,,,,,,,,,,,,,,,,,,,,,,,,,,,,,,,,,,,,,,,,,,,,,,,,,,,,,,,,,,,,,,,,,,,,,,,,,,,,,,,,,,,,,,,,,,,,,,,,,,,,,,,,,,,,,,,,,,,,,,,,,,,,,,,,,,,,,,,,,,,,,,,,,,,
1764669116.534150,55739,0,4386.794922,4398.461426,4498.846191,4516.282227,4395,4516.666504,4534.102539,4388.077148,4569.230957,4399.102539,4511.410156,4507.05127,4562.820313,4389.487305,4378.846191,4507.179688,4540.641113,4524.358887,4498.461426,4412.692383,4417.563965,4562.94873,4520.897461,4504.487305,4401.153809,4585.897461,4393.974121,4558.077148,4510,4389.615234,4534.615234,4497.436035,2447,0,5,2576,60731,,,,0,4,4,4,4,4,4,4,4,4,4,4,4,4,4,4,4,4,4,4,4,4,4,4,4,4,4,4,4,4,4,4,4,100,,,,,,,,,,,,,,,,,,,,,,,,,,,,,,,,,,,,,,,,,,,,,,,,,,,,,,,,,,,,,,,,,,,,,,,,,,,,,,,,,,,,,,,,,,,,,,,,,,,,,,,,,,,,,,,,,,,,,,,,,,,,,,,,,,,,,,,,,,,,,,,,,,,,,,,,,,,,,,,,,,,,,,,,,,,,,,,,,,,,,,,,,,,,,,,,,,,,,,,,,,,,,,
1764669116.538056,55740,0,4391.538574,4402.307617,4502.692383,4522.436035,4399.358887,4520.256348,4538.333496,4396.538574,4572.436035,4403.589844,4519.871582,4512.179688,4567.436035,4396.025879,4385.384766,4509.487305,4551.666504,4540.512695,4523.717773,4418.205078,4434.358887,4569.358887,4524.230957,4512.563965,4418.846191,4593.589844,4400.128418,4569.102539,4513.461426,4397.05127,4541.153809,4508.077148,2658,0,5,2576,60739,,,,0,4,4,4,4,4,4,4,4,4,4,4,4,4,4,4,4,4,4,4,4,4,4,4,4,4,4,4,4,4,4,4,4,100,,,,,,,,,,,,,,,,,,,,,,,,,,,,,,,,,,,,,,,,,,,,,,,,,,,,,,,,,,,,,,,,,,,,,,,,,,,,,,,,,,,,,,,,,,,,,,,,,,,,,,,,,,,,,,,,,,,,,,,,,,,,,,,,,,,,,,,,,,,,,,,,,,,,,,,,,,,,,,,,,,,,,,,,,,,,,,,,,,,,,,,,,,,,,,,,,,,,,,,,,,,,,,
1764669116.541962,55741,0,4395.897461,4406.410156,4505,4529.487305,4401.922852,4525.256348,4545.384766,4403.846191,4574.358887,4412.692383,4527.692383,4519.615234,4574.487305,4405.897461,4394.615234,4511.410156,4561.666504,4553.077148,4542.94873,4417.820313,4438.846191,4577.563965,4526.538574,4521.153809,4439.743652,4596.538574,4402.05127,4574.871582,4515.641113,4402.436035,4539.358887,4517.179688,2500,0,5,2576,60739,,,,0,4,4,4,4,4,4,4,4,4,4,4,4,4,4,4,4,4,4,4,4,4,4,4,4,4,4,4,4,4,4,4,4,100,,,,,,,,,,,,,,,,,,,,,,,,,,,,,,,,,,,13935,0,0.604256,-0.343628,-0.345581,0.630371,0.984007,0.004395,-0.060554,14,41.166668,-20.166666,,,,,,,,,,,,,,,,,,,,,,,,,,,,,,,,,,,,,,,,,,,,,,,,,,,,,,,,,,,,,,,,,,,,,,,,,,,,,,,,,,,,,,,,,,,,,,,,,,,,,,,,,,,,,,,,,,,,,,,,,,,,,,,,,,,,,,,,,,,,,,,,,,,,,,,,,,,,,,,,
1764669116.545868,55742,0,4395,4406.666504,4506.025879,4534.102539,4400.769043,4525.769043,4548.974121,4404.102539,4575,4422.563965,4529.615234,4523.589844,4577.94873,4412.436035,4400.641113,4511.025879,4562.436035,4551.410156,4541.666504,4409.743652,4425.641113,4580.128418,4524.743652,4523.077148,4450.256348,4592.94873,4397.94873,4570.256348,4514.358887,4401.410156,4531.282227,4518.846191,2760,0,5,2576,60747,,,,0,4,4,4,4,4,4,4,4,4,4,4,4,4,4,4,4,4,4,4,4,4,4,4,4,4,4,4,4,4,4,4,4,100,,,,,,,,,,,,,,,,,,,,,,,,,,,,,,,,,,,,,,,,,,,,,,,,,,,,,,,,,,,,,,,,,,,,,,,,,,,,,,,,,,,,,,,,,,,,,,,,,,,,,,,,,,,,,,,,,,,,,,,,,,,,,,,,,,,,,,,,,,,,,,,,,,,,,,,,,,,,,,,,,,,,,,,,,,,,,,,,,,,,,,,,,,,,,,,,,,,,,,,,,,,,,,
1764669116.549774,55743,0,4387.307617,4401.538574,4506.538574,4534.743652,4396.025879,4518.717773,4545.256348,4396.025879,4574.743652,4428.205078,4524.487305,4521.153809,4574.358887,4412.436035,4400,4509.743652,4552.820313,4537.179688,4521.666504,4397.179688,4402.179688,4574.102539,4518.589844,4515.256348,4441.922852,4584.615234,4389.487305,4557.307617,4509.871582,4395,4522.820313,4510,2771,0,5,2576,60747,,,,0,4,4,4,4,4,4,4,4,4,4,4,4,4,4,4,4,4,4,4,4,4,4,4,4,4,4,4,4,4,4,4,4,100,,,,,,,,,,,,,,,,,,,,,,,,,,,,,,,,,,,,,,,,,,,,,,,,,,,,,,,,,,,,,,,,,,,,,,,,,,,,,,,,,,,,,,,,,,,,,,,,,,,,,,,,,,,,,,,,,,,,,,,,,,,,,,,,,,,,,,,,,,,,,,,,,,,,,,,,,,,,,,,,,,,,,,,,,,,,,,,,,,,,,,,,,,,,,,,,,,,,,,,,,,,,,,
1764669116.553680,55744,0,4376.282227,4392.436035,4505.769043,4531.794922,4390.256348,4506.922852,4535.384766,4384.230957,4572.563965,4427.179688,4516.538574,4514.358887,4565.641113,4407.692383,4393.974121,4508.974121,4538.333496,4521.794922,4499.230957,4386.410156,4383.461426,4563.205078,4511.153809,4501.666504,4416.410156,4575.384766,4381.410156,4543.205078,4504.487305,4387.94873,4518.205078,4493.077148,2849,0,5,2576,60755,,,,0,4,4,4,4,4,4,4,4,4,4,4,4,4,4,4,4,4,4,4,4,4,4,4,4,4,4,4,4,4,4,4,4,100,,,,,,,,,,,,,,,,,,,,,,,,,,,,,,,,,,,,,,,,,,,,,,,,,,,,,,,,,,,,,,,,,,,,,,,,,,,,,,,,,,,,,,,,,,,,,,,,,,,,,,,,,,,,,,,,,,,,,,,,,,,,,,,,,,,,,,,,,,,,,,,,,,,,,,,,,,,,,,,,,,,,,,,,,,,,,,,,,,,,,,,,,,,,,,,,,,,,,,,,,,,,,,
1764669116.557586,55745,0,4367.179688,4383.205078,4500.897461,4526.922852,4386.025879,4496.922852,4525.128418,4376.666504,4567.820313,4420.128418,4511.922852,4508.333496,4558.077148,4402.820313,4387.179688,4507.692383,4527.563965,4515.769043,4490.128418,4382.436035,4380.256348,4555.641113,4506.538574,4490.384766,4385.256348,4568.717773,4377.820313,4535.256348,4500.512695,4384.487305,4516.410156,4475.256348,2938,0,5,2576,60755,,,,0,4,4,4,4,4,4,4,4,4,4,4,4,4,4,4,4,4,4,4,4,4,4,4,4,4,4,4,4,4,4,4,4,100,,,,,,,,,,,,,,,,,,,,,,,,,,,,,,,,,,,13936,0,0.605048,-0.343018,-0.345581,0.629944,0.98596,0.026859,-0.021487,14,41.166668,-20.166666,,,,,,,,,,,,,,,,,,,,,,,,,,,,,,,,,,,,,,,,,,,,,,,,,,,,,,,,,,,,,,,,,,,,,,,,,,,,,,,,,,,,,,,,,,,,,,,,,,,,,,,,,,,,,,,,,,,,,,,,,,,,,,,,,,,,,,,,,,,,,,,,,,,,,,,,,,,,,,,,
1764669116.561492,55746,0,4364.230957,4377.692383,4490.769043,4522.563965,4385,4494.102539,4520.641113,4378.077148,4560.384766,4408.846191,4514.102539,4507.820313,4556.794922,4401.153809,4383.333496,4504.102539,4525.897461,4520.512695,4497.692383,4386.025879,4390.897461,4557.307617,4507.820313,4487.94873,4362.563965,4566.025879,4379.743652,4536.410156,4499.102539,4385.256348,4512.820313,4464.102539,2727,0,5,2571,60762,,,,0,4,4,4,4,4,4,4,4,4,4,4,4,4,4,4,4,4,4,4,4,4,4,4,4,4,4,4,4,4,4,4,4,100,,,,,,,,,,,,,,,,,,,,,,,,,,,,,,,,,,,,,,,,,,,,,,,,,,,,,,,,,,,,,,,,,,,,,,,,,,,,,,,,,,,,,,,,,,,,,,,,,,,,,,,,,,,,,,,,,,,,,,,,,,,,,,,,,,,,,,,,,,,,,,,,,,,,,,,,,,,,,,,,,,,,,,,,,,,,,,,,,,,,,,,,,,,,,,,,,,,,,,,,,,,,,,
1764669116.565398,55747,0,4367.307617,4377.179688,4478.205078,4520.897461,4387.179688,4498.717773,4523.717773,4387.05127,4552.563965,4394.615234,4520.897461,4512.692383,4562.179688,4402.436035,4383.717773,4499.102539,4532.05127,4529.102539,4511.153809,4392.436035,4403.077148,4567.179688,4513.846191,4494.743652,4355.384766,4566.666504,4384.102539,4543.846191,4499.743652,4386.922852,4504.871582,4462.563965,2896,0,5,2571,60762,,,,0,4,4,4,4,4,4,4,4,4,4,4,4,4,4,4,4,4,4,4,4,4,4,4,4,4,4,4,4,4,4,4,4,100,,,,,,,,,,,,,,,,,,,,,,,,,,,,,,,,,,,,,,,,,,,,,,,,,,,,,,,,,,,,,,,,,,,,,,,,,,,,,,,,,,,,,,,,,,,,,,,,,,,,,,,,,,,,,,,,,,,,,,,,,,,,,,,,,,,,,,,,,,,,,,,,,,,,,,,,,,,,,,,,,,,,,,,,,,,,,,,,,,,,,,,,,,,,,,,,,,,,,,,,,,,,,,
1764669116.569304,55748,0,4371.922852,4379.102539,4468.205078,4521.153809,4390.512695,4505.512695,4530.641113,4396.282227,4547.307617,4377.692383,4526.282227,4518.974121,4568.589844,4402.692383,4386.025879,4497.307617,4538.974121,4533.333496,4516.282227,4394.102539,4402.820313,4577.307617,4519.230957,4503.974121,4360.769043,4567.563965,4385.384766,4550.897461,4500,4384.615234,4493.589844,4466.666504,2788,0,5,2571,60770,,,,0,4,4,4,4,4,4,4,4,4,4,4,4,4,4,4,4,4,4,4,4,4,4,4,4,4,4,4,4,4,4,4,4,100,,,,,,,,,,,,,,,,,,,,,,,,,,,,,,,,,,,,,,,,,,,,,,,,,,,,,,,,,,,,,,,,,,,,,,,,,,,,,,,,,,,,,,,,,,,,,,,,,,,,,,,,,,,,,,,,,,,,,,,,,,,,,,,,,,,,,,,,,,,,,,,,,,,,,,,,,,,,,,,,,,,,,,,,,,,,,,,,,,,,,,,,,,,,,,,,,,,,,,,,,,,,,,
1764669116.573210,55749,0,4372.563965,4378.974121,4463.333496,4520,4391.538574,4507.692383,4534.358887,4397.563965,4545.641113,4360.256348,4525,4521.153809,4569.230957,4397.692383,4386.922852,4502.692383,4539.358887,4530.769043,4508.461426,4386.410156,4386.025879,4578.717773,4517.436035,4507.05127,4370,4565.384766,4380,4551.282227,4497.94873,4375.384766,4483.846191,4469.358887,2868,0,5,2571,60770,,,,0,4,4,4,4,4,4,4,4,4,4,4,4,4,4,4,4,4,4,4,4,4,4,4,4,4,4,4,4,4,4,4,4,100,,,,,,,,,,,,,,,,,,,,,,,,,,,,,,,,,,,13937,0,0.606802,-0.342285,-0.344788,0.629089,0.984495,0.008302,0.009278,14.833333,40,-19.666666,,,,,,,,,,,,,,,,,,,,,,,,,,,,,,,,,,,,,,,,,,,,,,,,,,,,,,,,,,,,,,,,,,,,,,,,,,,,,,,,,,,,,,,,,,,,,,,,,,,,,,,,,,,,,,,,,,,,,,,,,,,,,,,,,,,,,,,,,,,,,,,,,,,,,,,,,,,,,,,,
1764669116.577116,55750,0,4367.94873,4374.743652,4463.461426,4514.615234,4388.205078,4502.94873,4531.025879,4389.102539,4547.05127,4346.922852,4517.307617,4517.436035,4562.563965,4387.563965,4384.871582,4514.871582,4531.538574,4525.256348,4495.897461,4372.179688,4361.538574,4568.589844,4507.179688,4500.641113,4376.794922,4559.615234,4369.358887,4543.717773,4493.974121,4362.563965,4480.512695,4466.666504,2862,0,5,2572,60778,,,,0,4,4,4,4,4,4,4,4,4,4,4,4,4,4,4,4,4,4,4,4,4,4,4,4,4,4,4,4,4,4,4,4,100,,,,,,,,,,,,,,,,,,,,,,,,,,,,,,,,,,,,,,,,,,,,,,,,,,,,,,,,,,,,,,,,,,,,,,,,,,,,,,,,,,,,,,,,,,,,,,,,,,,,,,,,,,,,,,,,,,,,,,,,,,,,,,,,,,,,,,,,,,,,,,,,,,,,,,,,,,,,,,,,,,,,,,,,,,,,,,,,,,,,,,,,,,,,,,,,,,,,,,,,,,,,,,
1764669116.581022,55751,0,4362.436035,4369.871582,4467.820313,4507.692383,4382.820313,4496.153809,4523.205078,4376.666504,4550.897461,4344.102539,4508.974121,4511.794922,4554.358887,4378.589844,4382.307617,4528.846191,4521.282227,4523.461426,4491.666504,4361.410156,4346.538574,4553.589844,4495.897461,4490.128418,4382.692383,4555,4360.384766,4534.358887,4491.410156,4354.615234,4486.794922,4462.820313,3033,0,5,2572,60778,,,,0,4,4,4,4,4,4,4,4,4,4,4,4,4,4,4,4,4,4,4,4,4,4,4,4,4,4,4,4,4,4,4,4,100,,,,,,,,,,,,,,,,,,,,,,,,,,,,,,,,,,,,,,,,,,,,,,,,,,,,,,,,,,,,,,,,,,,,,,,,,,,,,,,,,,,,,,,,,,,,,,,,,,,,,,,,,,,,,,,,,,,,,,,,,,,,,,,,,,,,,,,,,,,,,,,,,,,,,,,,,,,,,,,,,,,,,,,,,,,,,,,,,,,,,,,,,,,,,,,,,,,,,,,,,,,,,,
1764669116.584928,55752,0,4363.205078,4370.512695,4477.05127,4505.769043,4381.410156,4495.128418,4517.820313,4370.128418,4557.820313,4354.230957,4505.769043,4511.153809,4552.820313,4377.94873,4383.205078,4538.205078,4518.333496,4530.384766,4502.820313,4364.358887,4353.333496,4544.615234,4493.846191,4485.769043,4394.102539,4557.94873,4361.153809,4531.922852,4493.974121,4359.871582,4501.922852,4466.153809,2939,0,5,2573,60786,,,,0,4,4,4,4,4,4,4,4,4,4,4,4,4,4,4,4,4,4,4,4,4,4,4,4,4,4,4,4,4,4,4,4,100,,,,,,,,,,,,,,,,,,,,,,,,,,,,,,,,,,,,,,,,,,,,,,,,,,,,,,,,,,,,,,,,,,,,,,,,,,,,,,,,,,,,,,,,,,,,,,,,,,,,,,,,,,,,,,,,,,,,,,,,,,,,,,,,,,,,,,,,,,,,,,,,,,,,,,,,,,,,,,,,,,,,,,,,,,,,,,,,,,,,,,,,,,,,,,,,,,,,,,,,,,,,,,
1764669116.588834,55753,0,4373.717773,4380.384766,4491.410156,4513.974121,4388.077148,4503.974121,4520.512695,4374.615234,4567.307617,4374.230957,4509.487305,4519.487305,4561.282227,4387.436035,4388.846191,4538.333496,4527.563965,4544.871582,4525.256348,4383.077148,4381.153809,4548.974121,4505.641113,4493.205078,4414.230957,4570.769043,4374.230957,4541.025879,4502.563965,4378.461426,4521.410156,4481.025879,2812,0,5,2573,60786,,,,0,4,4,4,4,4,4,4,4,4,4,4,4,4,4,4,4,4,4,4,4,4,4,4,4,4,4,4,4,4,4,4,4,100,,,,,,,,,,,,,,,,,,,,,,,,,,,,,,,,,,,13938,0,0.606802,-0.342285,-0.344788,0.629089,1.005982,0.009278,0.028324,16.333334,41.333332,-19.5,,,,,,,,,,,,,,,,,,,,,,,,,,,,,,,,,,,,,,,,,,,,,,,,,,,,,,,,,,,,,,,,,,,,,,,,,,,,,,,,,,,,,,,,,,,,,,,,,,,,,,,,,,,,,,,,,,,,,,,,,,,,,,,,,,,,,,,,,,,,,,,,,,,,,,,,,,,,,,,,
1764669116.592740,55754,0,4390.897461,4397.179688,4508.461426,4530.641113,4401.410156,4519.743652,4531.153809,4387.820313,4577.179688,4396.922852,4516.922852,4533.846191,4575.512695,4401.666504,4396.410156,4529.743652,4545.512695,4560.384766,4547.563965,4408.974121,4416.153809,4565.256348,4526.282227,4510.128418,4439.487305,4589.230957,4395.256348,4558.846191,4515,4402.820313,4540.128418,4504.102539,2448,0,5,2567,60794,,,,0,4,4,4,4,4,4,4,4,4,4,4,4,4,4,4,4,4,4,4,4,4,4,4,4,4,4,4,4,4,4,4,4,100,,,,,,,,,,,,,,,,,,,,,,,,,,,,,,,,,,,,,,,,,,,,,,,,,,,,,,,,,,,,,,,,,,,,,,,,,,,,,,,,,,,,,,,,,,,,,,,,,,,,,,,,,,,,,,,,,,,,,,,,,,,,,,,,,,,,,,,,,,,,,,,,,,,,,,,,,,,,,,,,,,,,,,,,,,,,,,,,,,,,,,,,,,,,,,,,,,,,,,,,,,,,,,
1764669116.596646,55755,0,4407.179688,4414.102539,4523.205078,4547.563965,4415.897461,4534.615234,4545.384766,4402.436035,4584.615234,4415,4523.974121,4547.05127,4587.820313,4413.077148,4401.666504,4517.563965,4563.077148,4568.333496,4557.820313,4429.230957,4441.153809,4584.743652,4545.384766,4527.820313,4460.769043,4605.128418,4415,4577.307617,4526.666504,4422.307617,4554.487305,4526.922852,2756,0,5,2567,60794,,,,0,4,4,4,4,4,4,4,4,4,4,4,4,4,4,4,4,4,4,4,4,4,4,4,4,4,4,4,4,4,4,4,4,100,,,,,,,,,,,,,,,,,,,,,,,,,,,,,,,,,,,,,,,,,,,,,,,,,,,,,,,,,,,,,,,,,,,,,,,,,,,,,,,,,,,,,,,,,,,,,,,,,,,,,,,,,,,,,,,,,,,,,,,,,,,,,,,,,,,,,,,,,,,,,,,,,,,,,,,,,,,,,,,,,,,,,,,,,,,,,,,,,,,,,,,,,,,,,,,,,,,,,,,,,,,,,,
1764669116.600552,55756,0,4415.897461,4424.487305,4530.256348,4556.282227,4425.641113,4542.307617,4556.666504,4411.538574,4588.717773,4423.846191,4528.205078,4553.077148,4593.205078,4418.205078,4402.307617,4507.563965,4571.922852,4563.717773,4550.897461,4434.743652,4446.922852,4597.05127,4554.102539,4537.820313,4468.846191,4612.179688,4425.769043,4588.077148,4533.205078,4430.128418,4563.461426,4541.410156,2516,0,5,2563,60802,,,,0,4,4,4,4,4,4,4,4,4,4,4,4,4,4,4,4,4,4,4,4,4,4,4,4,4,4,4,4,4,4,4,4,100,,,,,,,,,,,,,,,,,,,,,,,,,,,,,,,,,,,,,,,,,,,,,,,,,,,,,,,,,,,,,,,,,,,,,,,,,,,,,,,,,,,,,,,,,,,,,,,,,,,,,,,,,,,,,,,,,,,,,,,,,,,,,,,,,,,,,,,,,,,,,,,,,,,,,,,,,,,,,,,,,,,,,,,,,,,,,,,,,,,,,,,,,,,,,,,,,,,,,,,,,,,,,,
1764669116.604458,55757,0,4415.384766,4426.282227,4527.436035,4553.589844,4427.820313,4541.794922,4561.025879,4413.077148,4590,4423.077148,4529.230957,4550.897461,4591.538574,4418.717773,4398.717773,4502.179688,4569.487305,4548.333496,4531.282227,4426.025879,4436.410156,4597.179688,4550.256348,4536.666504,4460.256348,4610.256348,4425.128418,4587.820313,4532.820313,4425.769043,4566.538574,4543.717773,2274,0,5,2563,60802,,,,0,4,4,4,4,4,4,4,4,4,4,4,4,4,4,4,4,4,4,4,4,4,4,4,4,4,4,4,4,4,4,4,4,100,,,,,,,,,,,,,,,,,,,,,,,,,,,,,,,,,,,13939,0,0.607569,-0.342224,-0.343384,0.62915,1.052375,-0.014162,0.008302,15.833333,41,-19.5,,,,,,,,,,,,,,,,,,,,,,,,,,,,,,,,,,,,,,,,,,,,,,,,,,,,,,,,,,,,,,,,,,,,,,,,,,,,,,,,,,,,,,,,,,,,,,,,,,,,,,,,,,,,,,,,,,,,,,,,,,,,,,,,,,,,,,,,,,,,,,,,,,,,,,,,,,,,,,,,
1764669116.608364,55758,0,4409.487305,4421.922852,4517.94873,4544.230957,4423.846191,4536.922852,4558.717773,4409.487305,4589.743652,4416.538574,4527.307617,4543.846191,4586.410156,4417.563965,4393.589844,4499.871582,4560.769043,4530.128418,4509.871582,4412.05127,4421.794922,4588.333496,4539.615234,4527.94873,4440,4603.974121,4416.538574,4579.487305,4527.05127,4415,4563.461426,4535.128418,2776,0,5,2562,60809,,,,0,4,4,4,4,4,4,4,4,4,4,4,4,4,4,4,4,4,4,4,4,4,4,4,4,4,4,4,4,4,4,4,4,100,,,,,,,,,,,,,,,,,,,,,,,,,,,,,,,,,,,,,,,,,,,,,,,,,,,,,,,,,,,,,,,,,,,,,,,,,,,,,,,,,,,,,,,,,,,,,,,,,,,,,,,,,,,,,,,,,,,,,,,,,,,,,,,,,,,,,,,,,,,,,,,,,,,,,,,,,,,,,,,,,,,,,,,,,,,,,,,,,,,,,,,,,,,,,,,,,,,,,,,,,,,,,,
1764669116.612270,55759,0,4403.589844,4416.282227,4507.692383,4535.769043,4417.179688,4532.820313,4553.461426,4404.102539,4587.436035,4410.769043,4523.077148,4536.410156,4580.897461,4415.512695,4389.743652,4499.102539,4553.205078,4518.333496,4497.692383,4403.333496,4414.102539,4579.358887,4530.384766,4519.230957,4419.358887,4598.589844,4406.538574,4570.128418,4520.384766,4405.256348,4554.487305,4520.128418,2473,0,5,2562,60809,,,,0,4,4,4,4,4,4,4,4,4,4,4,4,4,4,4,4,4,4,4,4,4,4,4,4,4,4,4,4,4,4,4,4,100,,,,,,,,,,,,,,,,,,,,,,,,,,,,,,,,,,,,,,,,,,,,,,,,,,,,,,,,,,,,,,,,,,,,,,,,,,,,,,,,,,,,,,,,,,,,,,,,,,,,,,,,,,,,,,,,,,,,,,,,,,,,,,,,,,,,,,,,,,,,,,,,,,,,,,,,,,,,,,,,,,,,,,,,,,,,,,,,,,,,,,,,,,,,,,,,,,,,,,,,,,,,,,
1764669116.616176,55760,0,4400,4412.307617,4500.769043,4532.179688,4410.384766,4531.282227,4548.717773,4398.333496,4581.282227,4408.974121,4517.436035,4530,4575,4410.897461,4387.179688,4498.846191,4550.128418,4516.666504,4498.205078,4403.589844,4415.384766,4575.769043,4527.436035,4516.153809,4407.179688,4595.128418,4400.128418,4565.384766,4516.282227,4401.538574,4541.282227,4502.563965,2937,0,5,2563,60817,,,,0,4,4,4,4,4,4,4,4,4,4,4,4,4,4,4,4,4,4,4,4,4,4,4,4,4,4,4,4,4,4,4,4,100,,,,,,,,,,,,,,,,,,,,,,,,,,,,,,,,,,,,,,,,,,,,,,,,,,,,,,,,,,,,,,,,,,,,,,,,,,,,,,,,,,,,,,,,,,,,,,,,,,,,,,,,,,,,,,,,,,,,,,,,,,,,,,,,,,,,,,,,,,,,,,,,,,,,,,,,,,,,,,,,,,,,,,,,,,,,,,,,,,,,,,,,,,,,,,,,,,,,,,,,,,,,,,
1764669116.620082,55761,0,4396.794922,4408.333496,4496.282227,4530.897461,4403.974121,4529.102539,4544.487305,4390.769043,4570.384766,4407.692383,4510.769043,4522.820313,4566.794922,4401.922852,4383.461426,4497.820313,4548.333496,4521.025879,4505.128418,4406.794922,4417.692383,4575.641113,4528.333496,4517.436035,4404.102539,4591.153809,4396.922852,4564.358887,4514.871582,4402.179688,4525.769043,4484.871582,2992,0,5,2563,60817,,,,0,4,4,4,4,4,4,4,4,4,4,4,4,4,4,4,4,4,4,4,4,4,4,4,4,4,4,4,4,4,4,4,4,100,,,,,,,,,,,,,,,,,,,,,,,,,,,,,,,,,,,13940,0,0.607103,-0.342407,-0.343018,0.6297,1.054816,-0.010743,-0.000488,16.666666,41,-20.333334,,,,,,,,,,,,,,,,,,,,,,,,,,,,,,,,,,,,,,,,,,,,,,,,,,,,,,,,,,,,,,,,,,,,,,,,,,,,,,,,,,,,,,,,,,,,,,,,,,,,,,,,,,,,,,,,,,,,,,,,,,,,,,,,,,,,,,,,,,,,,,,,,,,,,,,,,,,,,,,,
1764669116.623988,55762,1,4398.272949,4409.818848,4500.090332,4532.669922,4406.108398,4529.773926,4545.958008,4392.699707,4572.07373,4410.467773,4512.307617,4525.060547,4569.600098,4403.55957,4385.618164,4501.749512,4550.693848,4525.210938,4509.027344,4409.374023,4420.399902,4578.808594,4530.882324,4520.78418,4407.805664,4594.027344,4399.78125,4566.893066,4516.116211,4404.396484,4529.547363,4490.339355,0,0,5,0,0,,,,0,4,4,4,4,4,4,4,4,4,4,4,4,4,4,4,4,4,4,4,4,4,4,4,4,4,4,4,4,4,4,4,4,100,,,,,,,,,,,,,,,,,,,,,,,,,,,,,,,,,,,,,,,,,,,,,,,,,,,,,,,,,,,,,,,,,,,,,,,,,,,,,,,,,,,,,,,,,,,,,,,,,,,,,,,,,,,,,,,,,,,,,,,,,,,,,,,,,,,,,,,,,,,,,,,,,,,,,,,,,,,,,,,,,,,,,,,,,,,,,,,,,,,,,,,,,,,,,,,,,,,,,,,,,,,,,,
1764669116.627894,55763,1,4399.750977,4411.304688,4503.898926,4534.441895,4408.242676,4530.444824,4547.428223,4394.630371,4573.763184,4413.242676,4513.846191,4527.300293,4572.405762,4405.196289,4387.775391,4505.678711,4553.054199,4529.396484,4512.92627,4411.953125,4423.106934,4581.976074,4533.431152,4524.132813,4411.508301,4596.900391,4402.639648,4569.426758,4517.360352,4406.61377,4533.325684,4495.807129,0,0,5,0,0,,,,0,4,4,4,4,4,4,4,4,4,4,4,4,4,4,4,4,4,4,4,4,4,4,4,4,4,4,4,4,4,4,4,4,100,,,,,,,,,,,,,,,,,,,,,,,,,,,,,,,,,,,,,,,,,,,,,,,,,,,,,,,,,,,,,,,,,,,,,,,,,,,,,,,,,,,,,,,,,,,,,,,,,,,,,,,,,,,,,,,,,,,,,,,,,,,,,,,,,,,,,,,,,,,,,,,,,,,,,,,,,,,,,,,,,,,,,,,,,,,,,,,,,,,,,,,,,,,,,,,,,,,,,,,,,,,,,,
1764669116.631800,55764,1,4401.229492,4412.790527,4507.70752,4536.214355,4410.376953,4531.116211,4548.898926,4396.561035,4575.452637,4416.018066,4515.384766,4529.540039,4575.210938,4406.83252,4389.932129,4509.60791,4555.414551,4533.582031,4516.825195,4414.532227,4425.814453,4585.143066,4535.980469,4527.480957,4415.210938,4599.773926,4405.497559,4571.960938,4518.60498,4408.831055,4537.104004,4501.274414,0,0,5,0,0,,,,0,4,4,4,4,4,4,4,4,4,4,4,4,4,4,4,4,4,4,4,4,4,4,4,4,4,4,4,4,4,4,4,4,100,,,,,,,,,,,,,,,,,,,,,,,,,,,,,,,,,,,,,,,,,,,,,,,,,,,,,,,,,,,,,,,,,,,,,,,,,,,,,,,,,,,,,,,,,,,,,,,,,,,,,,,,,,,,,,,,,,,,,,,,,,,,,,,,,,,,,,,,,,,,,,,,,,,,,,,,,,,,,,,,,,,,,,,,,,,,,,,,,,,,,,,,,,,,,,,,,,,,,,,,,,,,,,
1764669116.635706,55765,1,4402.70752,4414.275879,4511.515625,4537.986328,4412.51123,4531.787109,4550.369629,4398.491699,4577.141602,4418.793457,4516.922852,4531.779785,4578.016602,4408.469238,4392.088867,4513.537109,4557.775391,4537.767578,4520.724121,4417.111816,4428.521973,4588.310547,4538.529297,4530.82959,4418.914063,4602.646973,4408.355957,4574.494629,4519.849121,4411.04834,4540.882324,4506.742188,0,0,5,0,0,,,,0,4,4,4,4,4,4,4,4,4,4,4,4,4,4,4,4,4,4,4,4,4,4,4,4,4,4,4,4,4,4,4,4,100,,,,,,,,,,,,,,,,,,,,,,,,,,,,,,,,,,,,,,,,,,,,,,,,,,,,,,,,,,,,,,,,,,,,,,,,,,,,,,,,,,,,,,,,,,,,,,,,,,,,,,,,,,,,,,,,,,,,,,,,,,,,,,,,,,,,,,,,,,,,,,,,,,,,,,,,,,,,,,,,,,,,,,,,,,,,,,,,,,,,,,,,,,,,,,,,,,,,,,,,,,,,,,
1764669116.639613,55766,1,4404.185547,4415.761719,4515.324219,4539.758789,4414.645508,4532.458496,4551.840332,4400.422363,4578.831055,4421.568848,4518.461426,4534.019531,4580.821777,4410.105469,4394.246094,4517.46582,4560.135742,4541.953125,4524.623047,4419.690918,4431.229492,4591.478027,4541.078613,4534.178223,4422.616699,4605.520508,4411.214355,4577.028809,4521.09375,4413.265625,4544.660645,4512.209473,0,0,5,0,0,,,,0,4,4,4,4,4,4,4,4,4,4,4,4,4,4,4,4,4,4,4,4,4,4,4,4,4,4,4,4,4,4,4,4,100,,,,,,,,,,,,,,,,,,,,,,,,,,,,,,,,,,,,,,,,,,,,,,,,,,,,,,,,,,,,,,,,,,,,,,,,,,,,,,,,,,,,,,,,,,,,,,,,,,,,,,,,,,,,,,,,,,,,,,,,,,,,,,,,,,,,,,,,,,,,,,,,,,,,,,,,,,,,,,,,,,,,,,,,,,,,,,,,,,,,,,,,,,,,,,,,,,,,,,,,,,,,,,
1764669116.643519,55767,1,4405.663574,4417.247559,4519.132813,4541.530762,4416.779785,4533.129883,4553.310547,4402.353027,4580.520508,4424.34375,4520,4536.259277,4583.627441,4411.742188,4396.402832,4521.39502,4562.496094,4546.138672,4528.521973,4422.27002,4433.936523,4594.645508,4543.627441,4537.526367,4426.319824,4608.393555,4414.072266,4579.5625,4522.337891,4415.482422,4548.438965,4517.677246,0,0,5,0,0,,,,0,4,4,4,4,4,4,4,4,4,4,4,4,4,4,4,4,4,4,4,4,4,4,4,4,4,4,4,4,4,4,4,4,100,,,,,,,,,,,,,,,,,,,,,,,,,,,,,,,,,,,,,,,,,,,,,,,,,,,,,,,,,,,,,,,,,,,,,,,,,,,,,,,,,,,,,,,,,,,,,,,,,,,,,,,,,,,,,,,,,,,,,,,,,,,,,,,,,,,,,,,,,,,,,,,,,,,,,,,,,,,,,,,,,,,,,,,,,,,,,,,,,,,,,,,,,,,,,,,,,,,,,,,,,,,,,,
1764669116.647425,55768,1,4407.141602,4418.73291,4522.941406,4543.303223,4418.914063,4533.800781,4554.78125,4404.283691,4582.209473,4427.119141,4521.538574,4538.499023,4586.433105,4413.378418,4398.55957,4525.324219,4564.856934,4550.324219,4532.420898,4424.849121,4436.644043,4597.812988,4546.17627,4540.875,4430.022461,4611.26709,4416.930664,4582.09668,4523.582031,4417.699707,4552.217285,4523.14502,0,0,5,0,0,,,,0,4,4,4,4,4,4,4,4,4,4,4,4,4,4,4,4,4,4,4,4,4,4,4,4,4,4,4,4,4,4,4,4,100,,,,,,,,,,,,,,,,,,,,,,,,,,,,,,,,,,,,,,,,,,,,,,,0.912344,1.583982,2.548162,2.378975,1.568063,6.860918,2.669428,2.795103,2.800017,1.686998,23.556631,4.689204,4.362892,2.494595,1.592377,4.989868,2.094759,2.728581,3.50672,1.798602,6.322848,2.374775,2.407698,3.055453,2.021774,1.716133,1.931885,2.124914,2.366146,1.389284,1.231747,2.360309,2.301825,2.337928,1.380063,3.344538,1.79864,2.531853,3.809361,1.895119,2.300361,1.479737,2.218994,2.598132,1.629676,3.783574,3.02069,6.214588,3.623396,3.016635,1.263294,1.496849,2.039827,1.798365,0.924773,1.088593,2.176527,2.809994,2.186563,1.386749,1.439908,1.689748,1.84278,1.705576,1.017174,1.114104,1.047429,0.993938,0.735845,0.807059,1.246138,1.725479,1.088457,1.811527,1.173013,1.839886,4.270005,1.356259,1.977339,1.060624,2.413927,2.589226,3.128563,2.424691,1.477097,2.385867,5.445771,2.821398,2.618626,1.461098,1.211959,5.452431,2.744579,1.933679,1.175822,1.177372,1.980179,2.533174,1.626221,1.319161,1.090885,3.633559,4.778236,2.133714,1.924305,1.913756,2.702637,3.737987,2.135123,1.622497,2.31384,1.801276,2.317159,2.183142,1.579516,1.98576,2.299534,2.492161,2.10198,1.525948,4.405299,4.784561,6.318168,7.793083,6.018255,2.550498,1.607046,2.075972,2.395508,1.477413,3.644124,2.913102,3.116498,3.260436,2.069975,2.047538,2.758165,3.222692,2.83839,1.817001,1.017173,1.09708,1.171414,1.238986,0.821736,5.926652,2.460118,3.436216,2.711952,2.048017,5.306102,2.569114,4.389267,2.116245,2.778517,28.702799,12.408296,8.262797,3.55966,3.756727
1764669116.651331,55769,1,4408.620117,4420.21875,4526.749512,4545.075195,4421.04834,4534.472168,4556.251953,4406.214355,4583.898926,4429.894531,4523.077148,4540.739258,4589.238281,4415.015137,4400.716309,4529.253418,4567.217285,4554.509766,4536.319824,4427.428223,4439.351563,4600.980469,4548.725586,4544.223145,4433.725586,4614.140137,4419.789063,4584.630371,4524.82666,4419.916992,4555.995605,4528.612305,0,0,5,0,0,,,,0,4,4,4,4,4,4,4,4,4,4,4,4,4,4,4,4,4,4,4,4,4,4,4,4,4,4,4,4,4,4,4,4,100,,,,,,,,,,,,,,,,,,,,,,,,,,,,,,,,,,,,,,,,,,,,,,,,,,,,,,,,,,,,,,,,,,,,,,,,,,,,,,,,,,,,,,,,,,,,,,,,,,,,,,,,,,,,,,,,,,,,,,,,,,,,,,,,,,,,,,,,,,,,,,,,,,,,,,,,,,,,,,,,,,,,,,,,,,,,,,,,,,,,,,,,,,,,,,,,,,,,,,,,,,,,,,
1764669116.655237,55770,1,4410.098145,4421.70459,4530.558105,4546.847656,4423.182617,4535.143066,4557.722656,4408.14502,4585.588379,4432.669922,4524.615234,4542.979004,4592.043945,4416.651367,4402.873535,4533.182617,4569.577637,4558.695313,4540.21875,4430.007324,4442.058594,4604.147949,4551.274414,4547.571777,4437.428223,4617.013672,4422.646973,4587.164551,4526.070801,4422.134277,4559.773926,4534.080078,0,0,5,0,0,,,,0,4,4,4,4,4,4,4,4,4,4,4,4,4,4,4,4,4,4,4,4,4,4,4,4,4,4,4,4,4,4,4,4,100,,,,,,,,,,,,,,,,,,,,,,,,,,,,,,,,,,,,,,,,,,,,,,,,,,,,,,,,,,,,,,,,,,,,,,,,,,,,,,,,,,,,,,,,,,,,,,,,,,,,,,,,,,,,,,,,,,,,,,,,,,,,,,,,,,,,,,,,,,,,,,,,,,,,,,,,,,,,,,,,,,,,,,,,,,,,,,,,,,,,,,,,,,,,,,,,,,,,,,,,,,,,,,
1764669116.659143,55771,1,4411.576172,4423.189941,4534.366699,4548.620117,4425.316895,4535.814453,4559.192871,4410.075195,4587.277344,4435.444824,4526.153809,4545.21875,4594.849121,4418.288086,4405.030273,4537.111816,4571.937988,4562.880859,4544.117676,4432.586914,4444.766113,4607.31543,4553.82373,4550.919922,4441.131348,4619.886719,4425.505371,4589.698242,4527.31543,4424.351563,4563.552246,4539.547363,0,0,5,0,0,,,,0,4,4,4,4,4,4,4,4,4,4,4,4,4,4,4,4,4,4,4,4,4,4,4,4,4,4,4,4,4,4,4,4,100,,,,,,,,,,,,,,,,,,,,,,,,,,,,,,,,,,,,,,,,,,,,,,,,,,,,,,,,,,,,,,,,,,,,,,,,,,,,,,,,,,,,,,,,,,,,,,,,,,,,,,,,,,,,,,,,,,,,,,,,,,,,,,,,,,,,,,,,,,,,,,,,,,,,,,,,,,,,,,,,,,,,,,,,,,,,,,,,,,,,,,,,,,,,,,,,,,,,,,,,,,,,,,
1764669116.663049,55772,1,4413.054199,4424.675781,4538.174805,4550.39209,4427.451172,4536.48584,4560.663574,4412.005859,4588.966797,4438.220215,4527.692383,4547.458496,4597.654785,4419.924805,4407.187012,4541.040527,4574.298828,4567.066406,4548.016602,4435.166016,4447.473633,4610.482422,4556.372559,4554.268555,4444.833984,4622.760254,4428.363281,4592.232422,4528.55957,4426.568848,4567.330078,4545.015137,0,0,5,0,0,,,,0,4,4,4,4,4,4,4,4,4,4,4,4,4,4,4,4,4,4,4,4,4,4,4,4,4,4,4,4,4,4,4,4,100,,,,,,,,,,,,,,,,,,,,,,,,,,,,,,,,,,,,,,,,,,,,,,,,,,,,,,,,,,,,,,,,,,,,,,,,,,,,,,,,,,,,,,,,,,,,,,,,,,,,,,,,,,,,,,,,,,,,,,,,,,,,,,,,,,,,,,,,,,,,,,,,,,,,,,,,,,,,,,,,,,,,,,,,,,,,,,,,,,,,,,,,,,,,,,,,,,,,,,,,,,,,,,
1764669116.666955,55773,1,4414.532227,4426.161621,4541.983398,4552.164551,4429.585449,4537.156738,4562.134277,4413.936523,4590.65625,4440.995605,4529.230957,4549.698242,4600.459961,4421.561035,4409.34375,4544.969727,4576.65918,4571.251953,4551.915527,4437.745117,4450.181152,4613.649902,4558.921387,4557.616699,4448.537109,4625.633301,4431.22168,4594.766113,4529.803711,4428.785645,4571.108398,4550.482422,0,0,5,0,0,,,,0,4,4,4,4,4,4,4,4,4,4,4,4,4,4,4,4,4,4,4,4,4,4,4,4,4,4,4,4,4,4,4,4,100,,,,,,,,,,,,,,,,,,,,,,,,,,,,,,,,,,,,,,,,,,,,,,,,,,,,,,,,,,,,,,,,,,,,,,,,,,,,,,,,,,,,,,,,,,,,,,,,,,,,,,,,,,,,,,,,,,,,,,,,,,,,,,,,,,,,,,,,,,,,,,,,,,,,,,,,,,,,,,,,,,,,,,,,,,,,,,,,,,,,,,,,,,,,,,,,,,,,,,,,,,,,,,
1764669116.670861,55774,1,4416.010742,4427.646973,4545.791992,4553.936523,4431.719238,4537.828125,4563.60498,4415.867188,4592.345215,4443.770508,4530.769043,4551.937988,4603.265625,4423.197754,4411.500977,4548.898926,4579.019531,4575.4375,4555.814453,4440.324219,4452.888184,4616.817383,4561.470703,4560.965332,4452.239746,4628.506836,4434.080078,4597.300293,4531.04834,4431.00293,4574.886719,4555.950195,0,0,5,0,0,,,,0,4,4,4,4,4,4,4,4,4,4,4,4,4,4,4,4,4,4,4,4,4,4,4,4,4,4,4,4,4,4,4,4,100,,,,,,,,,,,,,,,,,,,,,,,,,,,,,,,,,,,,,,,,,,,,,,,,,,,,,,,,,,,,,,,,,,,,,,,,,,,,,,,,,,,,,,,,,,,,,,,,,,,,,,,,,,,,,,,,,,,,,,,,,,,,,,,,,,,,,,,,,,,,,,,,,,,,,,,,,,,,,,,,,,,,,,,,,,,,,,,,,,,,,,,,,,,,,,,,,,,,,,,,,,,,,,
1764669116.674767,55775,1,4417.48877,4429.132813,4549.600098,4555.708984,4433.853516,4538.499023,4565.075195,4417.797852,4594.034668,4446.545898,4532.307617,4554.178223,4606.070801,4424.833984,4413.657715,4552.828125,4581.379883,4579.623047,4559.713379,4442.90332,4455.595703,4619.984863,4564.019531,4564.313965,4455.942871,4631.379883,4436.937988,4599.833984,4532.29248,4433.220215,4578.665039,4561.417969,0,0,5,0,0,,,,0,4,4,4,4,4,4,4,4,4,4,4,4,4,4,4,4,4,4,4,4,4,4,4,4,4,4,4,4,4,4,4,4,100,,,,,,,,,,,,,,,,,,,,,,,,,,,,,,,,,,,,,,,,,,,,,,,,,,,,,,,,,,,,,,,,,,,,,,,,,,,,,,,,,,,,,,,,,,,,,,,,,,,,,,,,,,,,,,,,,,,,,,,,,,,,,,,,,,,,,,,,,,,,,,,,,,,,,,,,,,,,,,,,,,,,,,,,,,,,,,,,,,,,,,,,,,,,,,,,,,,,,,,,,,,,,,
1764669116.678673,55776,1,4418.966797,4430.618164,4553.408691,4557.480957,4435.987793,4539.17041,4566.545898,4419.728516,4595.724121,4449.321289,4533.846191,4556.417969,4608.876465,4426.470703,4415.814453,4556.757324,4583.740723,4583.808594,4563.612305,4445.482422,4458.303223,4623.152344,4566.568848,4567.662109,4459.645508,4634.253418,4439.796387,4602.368164,4533.537109,4435.4375,4582.443359,4566.885254,0,0,5,0,0,,,,0,4,4,4,4,4,4,4,4,4,4,4,4,4,4,4,4,4,4,4,4,4,4,4,4,4,4,4,4,4,4,4,4,100,,,,,,,,,,,,,,,,,,,,,,,,,,,,,,,,,,,,,,,,,,,,,,,,,,,,,,,,,,,,,,,,,,,,,,,,,,,,,,,,,,,,,,,,,,,,,,,,,,,,,,,,,,,,,,,,,,,,,,,,,,,,,,,,,,,,,,,,,,,,,,,,,,,,,,,,,,,,,,,,,,,,,,,,,,,,,,,,,,,,,,,,,,,,,,,,,,,,,,,,,,,,,,
1764669116.682579,55777,1,4420.444824,4432.104004,4557.217285,4559.253418,4438.12207,4539.841797,4568.016602,4421.65918,4597.413086,4452.09668,4535.384766,4558.657715,4611.681641,4428.106934,4417.971191,4560.686035,4586.101074,4587.994141,4567.51123,4448.062012,4461.010742,4626.319824,4569.117676,4571.010742,4463.348633,4637.126465,4442.654785,4604.901855,4534.78125,4437.654785,4586.22168,4572.353027,0,0,5,0,0,,,,0,4,4,4,4,4,4,4,4,4,4,4,4,4,4,4,4,4,4,4,4,4,4,4,4,4,4,4,4,4,4,4,4,100,,,,,,,,,,,,,,,,,,,,,,,,,,,,,,,,,,,,,,,,,,,,,,,,,,,,,,,,,,,,,,,,,,,,,,,,,,,,,,,,,,,,,,,,,,,,,,,,,,,,,,,,,,,,,,,,,,,,,,,,,,,,,,,,,,,,,,,,,,,,,,,,,,,,,,,,,,,,,,,,,,,,,,,,,,,,,,,,,,,,,,,,,,,,,,,,,,,,,,,,,,,,,,
1764669116.686485,55778,0,4421.922852,4433.589844,4561.025879,4561.025879,4440.256348,4540.512695,4569.487305,4423.589844,4599.102539,4454.871582,4536.922852,4560.897461,4614.487305,4429.743652,4420.128418,4564.615234,4588.461426,4592.179688,4571.410156,4450.641113,4463.717773,4629.487305,4571.666504,4574.358887,4467.05127,4640,4445.512695,4607.436035,4536.025879,4439.871582,4590,4577.820313,2737,0,5,2569,60887,,,,0,4,4,4,4,4,4,4,4,4,4,4,4,4,4,4,4,4,4,4,4,4,4,4,4,4,4,4,4,4,4,4,4,100,,,,,,,,,,,,,,,,,,,,,,,,,,,,,,,,,,,,,,,,,,,,,,,,,,,,,,,,,,,,,,,,,,,,,,,,,,,,,,,,,,,,,,,,,,,,,,,,,,,,,,,,,,,,,,,,,,,,,,,,,,,,,,,,,,,,,,,,,,,,,,,,,,,,,,,,,,,,,,,,,,,,,,,,,,,,,,,,,,,,,,,,,,,,,,,,,,,,,,,,,,,,,,
1764669116.690391,55779,0,4423.974121,4433.589844,4566.666504,4566.153809,4439.871582,4545.641113,4572.563965,4426.025879,4603.589844,4456.282227,4538.846191,4560.769043,4614.743652,4430.256348,4420.256348,4558.974121,4592.307617,4587.820313,4569.102539,4445.512695,4459.743652,4625,4568.205078,4567.94873,4462.692383,4636.410156,4445.641113,4605.641113,4537.692383,4440.769043,4587.179688,4581.410156,2905,0,5,2569,60887,,,,0,4,4,4,4,4,4,4,4,4,4,4,4,4,4,4,4,4,4,4,4,4,4,4,4,4,4,4,4,4,4,4,4,100,,,,,,,,,,,,,,,,,,,,,,,,,,,,,,,,,,,,,,,,,,,,,,,,,,,,,,,,,,,,,,,,,,,,,,,,,,,,,,,,,,,,,,,,,,,,,,,,,,,,,,,,,,,,,,,,,,,,,,,,,,,,,,,,,,,,,,,,,,,,,,,,,,,,,,,,,,,,,,,,,,,,,,,,,,,,,,,,,,,,,,,,,,,,,,,,,,,,,,,,,,,,,,
1764669116.694297,55780,1,4422.094238,4431.258301,4563.594727,4563.39502,4437.293457,4543.912598,4570.579102,4423.62793,4600.958984,4452.060547,4536.885254,4558.442383,4612.307617,4428.827148,4418.613281,4555.892578,4589.800781,4585.042969,4566.462402,4442.753906,4456.756836,4621.999023,4565.541504,4564.781738,4458.30957,4633.632324,4442.540527,4602.730469,4536.001953,4438.081543,4582.929688,4577.112793,0,0,5,0,0,,,,0,4,4,4,4,4,4,4,4,4,4,4,4,4,4,4,4,4,4,4,4,4,4,4,4,4,4,4,4,4,4,4,4,100,,,,,,,,,,,,,,,,,,,,,,,,,,,,,,,,,,,,,,,,,,,,,,,,,,,,,,,,,,,,,,,,,,,,,,,,,,,,,,,,,,,,,,,,,,,,,,,,,,,,,,,,,,,,,,,,,,,,,,,,,,,,,,,,,,,,,,,,,,,,,,,,,,,,,,,,,,,,,,,,,,,,,,,,,,,,,,,,,,,,,,,,,,,,,,,,,,,,,,,,,,,,,,
1764669116.698203,55781,1,4420.213867,4428.926758,4560.522461,4560.63623,4434.715332,4542.184082,4568.594727,4421.22998,4598.328613,4447.839355,4534.923828,4556.115723,4609.871582,4427.397949,4416.970703,4552.811035,4587.293457,4582.265137,4563.822266,4439.995117,4453.77002,4618.998047,4562.877441,4561.614258,4453.926758,4630.854492,4439.439453,4599.819336,4534.311523,4435.394043,4578.680176,4572.815918,0,0,5,0,0,,,,0,4,4,4,4,4,4,4,4,4,4,4,4,4,4,4,4,4,4,4,4,4,4,4,4,4,4,4,4,4,4,4,4,100,,,,,,,,,,,,,,,,,,,,,,,,,,,,,,,,,,,,,,,,,,,,,,,,,,,,,,,,,,,,,,,,,,,,,,,,,,,,,,,,,,,,,,,,,,,,,,,,,,,,,,,,,,,,,,,,,,,,,,,,,,,,,,,,,,,,,,,,,,,,,,,,,,,,,,,,,,,,,,,,,,,,,,,,,,,,,,,,,,,,,,,,,,,,,,,,,,,,,,,,,,,,,,
1764669116.702109,55782,1,4418.333496,4426.595215,4557.450195,4557.877441,4432.136719,4540.456055,4566.609863,4418.832031,4595.698242,4443.618164,4532.962891,4553.789063,4607.436035,4425.96875,4415.327637,4549.729492,4584.786133,4579.487305,4561.182129,4437.236328,4450.783691,4615.99707,4560.213867,4558.447266,4449.543945,4628.077148,4436.338867,4596.908691,4532.621094,4432.706543,4574.430176,4568.518555,0,0,5,0,0,,,,0,4,4,4,4,4,4,4,4,4,4,4,4,4,4,4,4,4,4,4,4,4,4,4,4,4,4,4,4,4,4,4,4,100,,,,,,,,,,,,,,,,,,,,,,,,,,,,,,,,,,,,,,,,,,,,,,,,,,,,,,,,,,,,,,,,,,,,,,,,,,,,,,,,,,,,,,,,,,,,,,,,,,,,,,,,,,,,,,,,,,,,,,,,,,,,,,,,,,,,,,,,,,,,,,,,,,,,,,,,,,,,,,,,,,,,,,,,,,,,,,,,,,,,,,,,,,,,,,,,,,,,,,,,,,,,,,
1764669116.706015,55783,1,4416.453125,4424.26416,4554.37793,4555.118652,4429.558594,4538.727539,4564.625,4416.434082,4593.067383,4439.396973,4531.001953,4551.462402,4605,4424.539551,4413.68457,4546.647461,4582.279297,4576.709473,4558.54248,4434.477539,4447.796875,4612.996094,4557.549805,4555.280273,4445.161621,4625.299316,4433.238281,4593.998047,4530.930664,4430.019043,4570.180664,4564.221191,0,0,5,0,0,,,,0,4,4,4,4,4,4,4,4,4,4,4,4,4,4,4,4,4,4,4,4,4,4,4,4,4,4,4,4,4,4,4,4,100,,,,,,,,,,,,,,,,,,,,,,,,,,,,,,,,,,,,,,,,,,,,,,,,,,,,,,,,,,,,,,,,,,,,,,,,,,,,,,,,,,,,,,,,,,,,,,,,,,,,,,,,,,,,,,,,,,,,,,,,,,,,,,,,,,,,,,,,,,,,,,,,,,,,,,,,,,,,,,,,,,,,,,,,,,,,,,,,,,,,,,,,,,,,,,,,,,,,,,,,,,,,,,
1764669116.709921,55784,1,4414.572754,4421.932617,4551.305664,4552.359863,4426.97998,4536.999023,4562.640137,4414.036133,4590.437012,4435.175781,4529.041016,4549.135742,4602.563965,4423.110352,4412.041992,4543.565918,4579.771973,4573.931641,4555.902344,4431.71875,4444.810059,4609.995117,4554.88623,4552.112793,4440.778809,4622.521484,4430.137695,4591.087402,4529.240234,4427.331543,4565.930664,4559.923828,0,0,5,0,0,,,,0,4,4,4,4,4,4,4,4,4,4,4,4,4,4,4,4,4,4,4,4,4,4,4,4,4,4,4,4,4,4,4,4,100,,,,,,,,,,,,,,,,,,,,,,,,,,,,,,,,,,,,,,,,,,,,,,,,,,,,,,,,,,,,,,,,,,,,,,,,,,,,,,,,,,,,,,,,,,,,,,,,,,,,,,,,,,,,,,,,,,,,,,,,,,,,,,,,,,,,,,,,,,,,,,,,,,,,,,,,,,,,,,,,,,,,,,,,,,,,,,,,,,,,,,,,,,,,,,,,,,,,,,,,,,,,,,
1764669116.713827,55785,1,4412.692383,4419.601074,4548.233398,4549.601074,4424.401855,4535.270508,4560.655273,4411.638184,4587.806152,4430.95459,4527.07959,4546.809082,4600.128418,4421.681152,4410.398926,4540.484375,4577.265137,4571.153809,4553.262207,4428.959961,4441.823242,4606.994141,4552.222168,4548.945801,4436.395996,4619.743652,4427.037109,4588.176758,4527.549805,4424.644043,4561.681152,4555.626953,0,0,5,0,0,,,,0,4,4,4,4,4,4,4,4,4,4,4,4,4,4,4,4,4,4,4,4,4,4,4,4,4,4,4,4,4,4,4,4,100,,,,,,,,,,,,,,,,,,,,,,,,,,,,,,,,,,,,,,,,,,,,,,,,,,,,,,,,,,,,,,,,,,,,,,,,,,,,,,,,,,,,,,,,,,,,,,,,,,,,,,,,,,,,,,,,,,,,,,,,,,,,,,,,,,,,,,,,,,,,,,,,,,,,,,,,,,,,,,,,,,,,,,,,,,,,,,,,,,,,,,,,,,,,,,,,,,,,,,,,,,,,,,
1764669116.717733,55786,1,4410.812012,4417.269531,4545.161621,4546.842285,4421.823242,4533.54248,4558.67041,4409.240234,4585.175781,4426.73291,4525.118652,4544.482422,4597.692383,4420.251465,4408.755859,4537.402832,4574.757813,4568.375977,4550.62207,4426.201172,4438.836426,4603.993164,4549.558594,4545.778809,4432.013184,4616.96582,4423.936523,4585.266113,4525.859375,4421.956543,4557.431152,4551.32959,0,0,5,0,0,,,,0,4,4,4,4,4,4,4,4,4,4,4,4,4,4,4,4,4,4,4,4,4,4,4,4,4,4,4,4,4,4,4,4,100,,,,,,,,,,,,,,,,,,,,,,,,,,,,,,,,,,,,,,,,,,,,,,,,,,,,,,,,,,,,,,,,,,,,,,,,,,,,,,,,,,,,,,,,,,,,,,,,,,,,,,,,,,,,,,,,,,,,,,,,,,,,,,,,,,,,,,,,,,,,,,,,,,,,,,,,,,,,,,,,,,,,,,,,,,,,,,,,,,,,,,,,,,,,,,,,,,,,,,,,,,,,,,
1764669116.721639,55787,1,4408.931641,4414.938477,4542.089355,4544.083496,4419.245117,4531.813965,4556.685547,4406.842285,4582.544922,4422.511719,4523.157715,4542.155762,4595.256348,4418.822266,4407.112793,4534.320801,4572.250488,4565.598145,4547.981934,4423.442383,4435.850098,4600.992188,4546.894531,4542.611816,4427.630371,4614.187988,4420.835938,4582.35498,4524.168945,4419.268555,4553.181152,4547.032227,0,0,5,0,0,,,,0,4,4,4,4,4,4,4,4,4,4,4,4,4,4,4,4,4,4,4,4,4,4,4,4,4,4,4,4,4,4,4,4,100,,,,,,,,,,,,,,,,,,,,,,,,,,,,,,,,,,,,,,,,,,,,,,,,,,,,,,,,,,,,,,,,,,,,,,,,,,,,,,,,,,,,,,,,,,,,,,,,,,,,,,,,,,,,,,,,,,,,,,,,,,,,,,,,,,,,,,,,,,,,,,,,,,,,,,,,,,,,,,,,,,,,,,,,,,,,,,,,,,,,,,,,,,,,,,,,,,,,,,,,,,,,,,
1764669116.725545,55788,1,4407.05127,4412.606934,4539.01709,4541.324707,4416.666504,4530.085449,4554.700684,4404.444336,4579.914551,4418.290527,4521.196777,4539.829102,4592.820313,4417.393066,4405.470215,4531.239258,4569.743652,4562.820313,4545.341797,4420.683594,4432.863281,4597.991211,4544.230957,4539.444336,4423.248047,4611.410156,4417.734863,4579.444336,4522.478516,4416.581055,4548.931641,4542.734863,0,0,5,0,0,,,,0,4,4,4,4,4,4,4,4,4,4,4,4,4,4,4,4,4,4,4,4,4,4,4,4,4,4,4,4,4,4,4,4,100,,,,,,,,,,,,,,,,,,,,,,,,,,,,,,,,,,,,,,,,,,,,,,,,,,,,,,,,,,,,,,,,,,,,,,,,,,,,,,,,,,,,,,,,,,,,,,,,,,,,,,,,,,,,,,,,,,,,,,,,,,,,,,,,,,,,,,,,,,,,,,,,,,,,,,,,,,,,,,,,,,,,,,,,,,,,,,,,,,,,,,,,,,,,,,,,,,,,,,,,,,,,,,
1764669116.729451,55789,1,4405.170898,4410.275391,4535.944824,4538.565918,4414.088379,4528.356934,4552.71582,4402.046387,4577.28418,4414.069336,4519.235352,4537.502441,4590.384766,4415.963867,4403.827148,4528.157715,4567.236328,4560.042969,4542.70166,4417.924805,4429.876465,4594.990723,4541.566895,4536.277344,4418.865234,4608.632324,4414.634277,4576.533691,4520.788086,4413.893555,4544.681641,4538.437988,0,0,5,0,0,,,,0,4,4,4,4,4,4,4,4,4,4,4,4,4,4,4,4,4,4,4,4,4,4,4,4,4,4,4,4,4,4,4,4,100,,,,,,,,,,,,,,,,,,,,,,,,,,,,,,,,,,,,,,,,,,,,,,,,,,,,,,,,,,,,,,,,,,,,,,,,,,,,,,,,,,,,,,,,,,,,,,,,,,,,,,,,,,,,,,,,,,,,,,,,,,,,,,,,,,,,,,,,,,,,,,,,,,,,,,,,,,,,,,,,,,,,,,,,,,,,,,,,,,,,,,,,,,,,,,,,,,,,,,,,,,,,,,
1764669116.733357,55790,1,4403.290527,4407.943848,4532.872559,4535.807129,4411.509766,4526.628906,4550.731445,4399.648438,4574.65332,4409.848145,4517.274414,4535.175781,4587.94873,4414.534668,4402.184082,4525.076172,4564.729492,4557.265137,4540.061523,4415.166016,4426.889648,4591.989746,4538.90332,4533.110352,4414.482422,4605.854492,4411.533691,4573.623047,4519.097656,4411.206055,4540.432129,4534.140625,0,0,5,0,0,,,,0,4,4,4,4,4,4,4,4,4,4,4,4,4,4,4,4,4,4,4,4,4,4,4,4,4,4,4,4,4,4,4,4,100,,,,,,,,,,,,,,,,,,,,,,,,,,,,,,,,,,,,,,,,,,,,,,,,,,,,,,,,,,,,,,,,,,,,,,,,,,,,,,,,,,,,,,,,,,,,,,,,,,,,,,,,,,,,,,,,,,,,,,,,,,,,,,,,,,,,,,,,,,,,,,,,,,,,,,,,,,,,,,,,,,,,,,,,,,,,,,,,,,,,,,,,,,,,,,,,,,,,,,,,,,,,,,
1764669116.737263,55791,1,4401.410156,4405.612305,4529.800781,4533.04834,4408.931641,4524.900391,4548.746582,4397.250488,4572.022949,4405.626953,4515.313477,4532.849121,4585.512695,4413.105469,4400.541504,4521.994141,4562.222168,4554.487305,4537.421875,4412.407227,4423.90332,4588.98877,4536.239258,4529.942871,4410.099609,4603.077148,4408.433105,4570.712402,4517.407227,4408.518555,4536.182129,4529.843262,0,0,5,0,0,,,,0,4,4,4,4,4,4,4,4,4,4,4,4,4,4,4,4,4,4,4,4,4,4,4,4,4,4,4,4,4,4,4,4,100,,,,,,,,,,,,,,,,,,,,,,,,,,,,,,,,,,,,,,,,,,,,,,,,,,,,,,,,,,,,,,,,,,,,,,,,,,,,,,,,,,,,,,,,,,,,,,,,,,,,,,,,,,,,,,,,,,,,,,,,,,,,,,,,,,,,,,,,,,,,,,,,,,,,,,,,,,,,,,,,,,,,,,,,,,,,,,,,,,,,,,,,,,,,,,,,,,,,,,,,,,,,,,
1764669116.741169,55792,1,4399.529785,4403.28125,4526.728516,4530.289551,4406.353516,4523.171875,4546.761719,4394.853027,4569.39209,4401.405273,4513.352539,4530.522461,4583.077148,4411.67627,4398.898438,4518.912598,4559.715332,4551.709473,4534.781738,4409.648438,4420.916504,4585.987793,4533.575684,4526.775879,4405.716797,4600.299316,4405.33252,4567.801758,4515.716797,4405.831055,4531.932617,4525.545898,0,0,5,0,0,,,,0,4,4,4,4,4,4,4,4,4,4,4,4,4,4,4,4,4,4,4,4,4,4,4,4,4,4,4,4,4,4,4,4,100,,,,,,,,,,,,,,,,,,,,,,,,,,,,,,,,,,,,,,,,,,,,,,,,,,,,,,,,,,,,,,,,,,,,,,,,,,,,,,,,,,,,,,,,,,,,,,,,,,,,,,,,,,,,,,,,,,,,,,,,,,,,,,,,,,,,,,,,,,,,,,,,,,,,,,,,,,,,,,,,,,,,,,,,,,,,,,,,,,,,,,,,,,,,,,,,,,,,,,,,,,,,,,
1764669116.745075,55793,1,4397.649414,4400.949707,4523.65625,4527.530762,4403.774902,4521.443359,4544.776855,4392.455078,4566.761719,4397.184082,4511.391113,4528.195801,4580.641113,4410.24707,4397.255371,4515.831055,4557.208008,4548.931641,4532.141602,4406.889648,4417.929688,4582.986816,4530.911621,4523.608887,4401.334473,4597.521484,4402.231934,4564.890625,4514.026367,4403.143555,4527.682617,4521.249023,0,0,5,0,0,,,,0,4,4,4,4,4,4,4,4,4,4,4,4,4,4,4,4,4,4,4,4,4,4,4,4,4,4,4,4,4,4,4,4,100,,,,,,,,,,,,,,,,,,,,,,,,,,,,,,,,,,,,,,,,,,,,,,,,,,,,,,,,,,,,,,,,,,,,,,,,,,,,,,,,,,,,,,,,,,,,,,,,,,,,,,,,,,,,,,,,,,,,,,,,,,,,,,,,,,,,,,,,,,,,,,,,,,,,,,,,,,,,,,,,,,,,,,,,,,,,,,,,,,,,,,,,,,,,,,,,,,,,,,,,,,,,,,
1764669116.748981,55794,1,4395.769043,4398.618164,4520.583984,4524.771973,4401.196777,4519.715332,4542.791992,4390.057129,4564.130859,4392.962891,4509.430176,4525.869141,4578.205078,4408.817871,4395.612305,4512.749512,4554.700684,4546.153809,4529.501465,4404.130859,4414.942871,4579.98584,4528.248047,4520.441406,4396.95166,4594.743652,4399.130859,4561.97998,4512.336426,4400.456055,4523.433105,4516.95166,0,0,5,0,0,,,,0,4,4,4,4,4,4,4,4,4,4,4,4,4,4,4,4,4,4,4,4,4,4,4,4,4,4,4,4,4,4,4,4,100,,,,,,,,,,,,,,,,,,,,,,,,,,,,,,,,,,,,,,,,,,,,,,,,,,,,,,,,,,,,,,,,,,,,,,,,,,,,,,,,,,,,,,,,,,,,,,,,,,,,,,,,,,,,,,,,,,,,,,,,,,,,,,,,,,,,,,,,,,,,,,,,,,,,,,,,,,,,,,,,,,,,,,,,,,,,,,,,,,,,,,,,,,,,,,,,,,,,,,,,,,,,,,
1764669116.752887,55795,1,4393.888672,4396.286621,4517.511719,4522.013184,4398.618164,4517.986816,4540.807129,4387.65918,4561.500488,4388.741699,4507.469238,4523.54248,4575.769043,4407.388184,4393.969727,4509.66748,4552.193848,4543.375977,4526.861328,4401.37207,4411.956543,4576.984863,4525.583984,4517.274414,4392.568848,4591.96582,4396.030273,4559.069336,4510.645996,4397.768066,4519.183105,4512.654297,0,0,5,0,0,,,,0,4,4,4,4,4,4,4,4,4,4,4,4,4,4,4,4,4,4,4,4,4,4,4,4,4,4,4,4,4,4,4,4,100,,,,,,,,,,,,,,,,,,,,,,,,,,,,,,,,,,,,,,,,,,,,,,,,,,,,,,,,,,,,,,,,,,,,,,,,,,,,,,,,,,,,,,,,,,,,,,,,,,,,,,,,,,,,,,,,,,,,,,,,,,,,,,,,,,,,,,,,,,,,,,,,,,,,,,,,,,,,,,,,,,,,,,,,,,,,,,,,,,,,,,,,,,,,,,,,,,,,,,,,,,,,,,
1764669116.756793,55796,1,4392.008789,4393.955566,4514.439453,4519.254395,4396.040039,4516.258301,4538.822266,4385.26123,4558.870117,4384.520508,4505.508301,4521.215332,4573.333496,4405.958984,4392.32666,4506.585938,4549.686523,4540.598145,4524.221191,4398.613281,4408.969727,4573.983887,4522.92041,4514.107422,4388.186035,4589.187988,4392.929688,4556.158691,4508.955566,4395.080566,4514.933594,4508.356934,0,0,5,0,0,,,,0,4,4,4,4,4,4,4,4,4,4,4,4,4,4,4,4,4,4,4,4,4,4,4,4,4,4,4,4,4,4,4,4,100,,,,,,,,,,,,,,,,,,,,,,,,,,,,,,,,,,,,,,,,,,,,,,,,,,,,,,,,,,,,,,,,,,,,,,,,,,,,,,,,,,,,,,,,,,,,,,,,,,,,,,,,,,,,,,,,,,,,,,,,,,,,,,,,,,,,,,,,,,,,,,,,,,,,,,,,,,,,,,,,,,,,,,,,,,,,,,,,,,,,,,,,,,,,,,,,,,,,,,,,,,,,,,
1764669116.760699,55797,1,4390.128418,4391.624023,4511.367676,4516.495605,4393.461426,4514.529785,4536.837402,4382.863281,4556.239258,4380.299316,4503.546875,4518.888672,4570.897461,4404.529785,4390.683594,4503.504395,4547.179688,4537.820313,4521.581055,4395.854492,4405.98291,4570.98291,4520.256348,4510.939941,4383.803223,4586.410156,4389.829102,4553.248047,4507.265137,4392.393066,4510.683594,4504.060059,0,0,5,0,0,,,,0,4,4,4,4,4,4,4,4,4,4,4,4,4,4,4,4,4,4,4,4,4,4,4,4,4,4,4,4,4,4,4,4,100,,,,,,,,,,,,,,,,,,,,,,,,,,,,,,,,,,,,,,,,,,,,,,,,,,,,,,,,,,,,,,,,,,,,,,,,,,,,,,,,,,,,,,,,,,,,,,,,,,,,,,,,,,,,,,,,,,,,,,,,,,,,,,,,,,,,,,,,,,,,,,,,,,,,,,,,,,,,,,,,,,,,,,,,,,,,,,,,,,,,,,,,,,,,,,,,,,,,,,,,,,,,,,
1764669116.764605,55798,1,4388.248047,4389.29248,4508.29541,4513.736816,4390.883301,4512.801758,4534.853027,4380.465332,4553.608887,4376.077637,4501.585938,4516.562012,4568.461426,4403.100586,4389.041016,4500.422363,4544.672363,4535.042969,4518.940918,4393.095703,4402.996094,4567.981934,4517.592773,4507.772949,4379.420898,4583.632324,4386.728516,4550.336914,4505.574707,4389.705566,4506.434082,4499.762695,0,0,5,0,0,,,,0,4,4,4,4,4,4,4,4,4,4,4,4,4,4,4,4,4,4,4,4,4,4,4,4,4,4,4,4,4,4,4,4,100,,,,,,,,,,,,,,,,,,,,,,,,,,,,,,,,,,,,,,,,,,,,,,,,,,,,,,,,,,,,,,,,,,,,,,,,,,,,,,,,,,,,,,,,,,,,,,,,,,,,,,,,,,,,,,,,,,,,,,,,,,,,,,,,,,,,,,,,,,,,,,,,,,,,,,,,,,,,,,,,,,,,,,,,,,,,,,,,,,,,,,,,,,,,,,,,,,,,,,,,,,,,,,
1764669116.768511,55799,1,4386.367676,4386.960938,4505.223145,4510.978027,4388.304688,4511.073242,4532.868164,4378.067383,4550.978027,4371.856445,4499.625,4514.235352,4566.025879,4401.671387,4387.397949,4497.34082,4542.165039,4532.265137,4516.30127,4390.336914,4400.009277,4564.980957,4514.928711,4504.605957,4375.038086,4580.854492,4383.62793,4547.42627,4503.884277,4387.018066,4502.184082,4495.465332,0,0,5,0,0,,,,0,4,4,4,4,4,4,4,4,4,4,4,4,4,4,4,4,4,4,4,4,4,4,4,4,4,4,4,4,4,4,4,4,100,,,,,,,,,,,,,,,,,,,,,,,,,,,,,,,,,,,,,,,,,,,,,,,,,,,,,,,,,,,,,,,,,,,,,,,,,,,,,,,,,,,,,,,,,,,,,,,,,,,,,,,,,,,,,,,,,,,,,,,,,,,,,,,,,,,,,,,,,,,,,,,,,,,,,,,,,,,,,,,,,,,,,,,,,,,,,,,,,,,,,,,,,,,,,,,,,,,,,,,,,,,,,,
1764669116.772417,55800,1,4384.487305,4384.629395,4502.150879,4508.219238,4385.726563,4509.344727,4530.883301,4375.669434,4548.347656,4367.635254,4497.663574,4511.908691,4563.589844,4400.242188,4385.754883,4494.259277,4539.658203,4529.487305,4513.661133,4387.578125,4397.022949,4561.97998,4512.265137,4501.438965,4370.655273,4578.077148,4380.526855,4544.515625,4502.193848,4384.330566,4497.93457,4491.167969,0,0,5,0,0,,,,0,4,4,4,4,4,4,4,4,4,4,4,4,4,4,4,4,4,4,4,4,4,4,4,4,4,4,4,4,4,4,4,4,100,,,,,,,,,,,,,,,,,,,,,,,,,,,,,,,,,,,,,,,,,,,,,,,0.999125,1.644571,2.108394,2.108723,1.205978,7.937363,2.675037,2.292628,2.508126,1.350805,30.242596,5.297631,3.502882,1.906984,1.271446,5.682478,2.069793,2.322021,3.125998,1.344899,7.395234,2.610991,1.958554,2.730685,1.571852,1.968633,1.948213,1.734133,2.088625,1.085186,1.474257,2.260322,2.054178,2.07176,1.131493,3.828508,1.910753,2.245949,3.496896,1.496423,2.540169,1.536054,1.701451,2.156951,1.361665,4.507042,3.270002,5.200192,3.239747,2.482872,1.198879,1.561448,1.866108,1.689684,0.802339,1.179002,2.002025,2.423508,1.950254,1.111898,1.619105,1.677218,1.612682,1.531442,0.854699,1.152413,0.842923,0.811743,0.621204,0.625913,1.323565,1.490722,1.078268,1.671766,0.969969,1.849681,3.375776,1.079034,2.036561,0.938866,2.696855,2.490787,2.649475,2.285125,1.161414,2.551684,4.54496,2.662229,2.767597,1.164354,1.242204,4.758659,2.754605,2.057013,0.966663,1.09552,1.903009,2.301046,1.547302,1.017132,1.310008,3.08499,4.014761,2.032725,1.537892,2.329032,2.618245,3.388311,2.149997,1.272356,2.186059,1.708759,1.953719,1.951998,1.184266,2.462257,2.290717,2.219718,2.017313,1.181083,4.840052,4.886904,6.569362,5.478214,5.230292,2.756794,1.506936,1.768173,2.075543,1.150363,4.471014,3.065056,2.860547,2.851181,1.588992,2.330843,2.562109,2.654934,2.622666,1.36615,1.133667,1.061799,0.980906,1.110625,0.629262,7.564107,2.420429,2.81291,2.572253,1.552816,6.279544,2.555283,3.417333,1.709226,2.145538,36.938492,14.39845,6.838598,2.915725,2.855623
1764669116.776323,55801,1,4382.606934,4382.29834,4499.078613,4505.460449,4383.147949,4507.616211,4528.898438,4373.271484,4545.716797,4363.414063,4495.702637,4509.582031,4561.153809,4398.812988,4384.112305,4491.177734,4537.150879,4526.709473,4511.020996,4384.819336,4394.036133,4558.979004,4509.601074,4498.271484,4366.272461,4575.299316,4377.42627,4541.60498,4500.503418,4381.643066,4493.68457,4486.870605,0,0,5,0,0,,,,0,4,4,4,4,4,4,4,4,4,4,4,4,4,4,4,4,4,4,4,4,4,4,4,4,4,4,4,4,4,4,4,4,100,,,,,,,,,,,,,,,,,,,,,,,,,,,,,,,,,,,,,,,,,,,,,,,,,,,,,,,,,,,,,,,,,,,,,,,,,,,,,,,,,,,,,,,,,,,,,,,,,,,,,,,,,,,,,,,,,,,,,,,,,,,,,,,,,,,,,,,,,,,,,,,,,,,,,,,,,,,,,,,,,,,,,,,,,,,,,,,,,,,,,,,,,,,,,,,,,,,,,,,,,,,,,,
1764669116.780229,55802,1,4380.726563,4379.966797,4496.006836,4502.70166,4380.569824,4505.887695,4526.913574,4370.873535,4543.086426,4359.192871,4493.741699,4507.255371,4558.717773,4397.383789,4382.469238,4488.095703,4534.644043,4523.931641,4508.380859,4382.060547,4391.049316,4555.978027,4506.9375,4495.104492,4361.889648,4572.521484,4374.325684,4538.694336,4498.812988,4378.955566,4489.435059,4482.57373,0,0,5,0,0,,,,0,4,4,4,4,4,4,4,4,4,4,4,4,4,4,4,4,4,4,4,4,4,4,4,4,4,4,4,4,4,4,4,4,100,,,,,,,,,,,,,,,,,,,,,,,,,,,,,,,,,,,,,,,,,,,,,,,,,,,,,,,,,,,,,,,,,,,,,,,,,,,,,,,,,,,,,,,,,,,,,,,,,,,,,,,,,,,,,,,,,,,,,,,,,,,,,,,,,,,,,,,,,,,,,,,,,,,,,,,,,,,,,,,,,,,,,,,,,,,,,,,,,,,,,,,,,,,,,,,,,,,,,,,,,,,,,,
1764669116.784135,55803,1,4378.846191,4377.635254,4492.93457,4499.942871,4377.991211,4504.159668,4524.928711,4368.475586,4540.456055,4354.97168,4491.780762,4504.928711,4556.282227,4395.95459,4380.826172,4485.01416,4532.136719,4521.153809,4505.740723,4379.301758,4388.0625,4552.977051,4504.273438,4491.9375,4357.507324,4569.743652,4371.225098,4535.783691,4497.122559,4376.267578,4485.185059,4478.276367,0,0,5,0,0,,,,0,4,4,4,4,4,4,4,4,4,4,4,4,4,4,4,4,4,4,4,4,4,4,4,4,4,4,4,4,4,4,4,4,100,,,,,,,,,,,,,,,,,,,,,,,,,,,,,,,,,,,,,,,,,,,,,,,,,,,,,,,,,,,,,,,,,,,,,,,,,,,,,,,,,,,,,,,,,,,,,,,,,,,,,,,,,,,,,,,,,,,,,,,,,,,,,,,,,,,,,,,,,,,,,,,,,,,,,,,,,,,,,,,,,,,,,,,,,,,,,,,,,,,,,,,,,,,,,,,,,,,,,,,,,,,,,,
1764669116.788041,55804,1,4376.96582,4375.303711,4489.862305,4497.184082,4375.413086,4502.431152,4522.943848,4366.077637,4537.825195,4350.75,4489.819336,4502.602051,4553.846191,4394.525391,4379.183105,4481.932617,4529.629395,4518.375977,4503.100586,4376.542969,4385.076172,4549.976074,4501.609863,4488.77002,4353.124512,4566.96582,4368.124512,4532.872559,4495.432129,4373.580078,4480.935547,4473.979004,0,0,5,0,0,,,,0,4,4,4,4,4,4,4,4,4,4,4,4,4,4,4,4,4,4,4,4,4,4,4,4,4,4,4,4,4,4,4,4,100,,,,,,,,,,,,,,,,,,,,,,,,,,,,,,,,,,,,,,,,,,,,,,,,,,,,,,,,,,,,,,,,,,,,,,,,,,,,,,,,,,,,,,,,,,,,,,,,,,,,,,,,,,,,,,,,,,,,,,,,,,,,,,,,,,,,,,,,,,,,,,,,,,,,,,,,,,,,,,,,,,,,,,,,,,,,,,,,,,,,,,,,,,,,,,,,,,,,,,,,,,,,,,
1764669116.791947,55805,1,4375.085449,4372.972656,4486.790039,4494.425293,4372.834961,4500.702637,4520.958984,4363.680176,4535.194824,4346.528809,4487.858398,4500.275391,4551.410156,4393.095703,4377.540527,4478.851074,4527.122559,4515.598145,4500.460449,4373.784668,4382.089355,4546.975098,4498.945801,4485.603027,4348.741699,4564.187988,4365.023926,4529.961914,4493.741699,4370.892578,4476.685547,4469.681641,0,0,5,0,0,,,,0,4,4,4,4,4,4,4,4,4,4,4,4,4,4,4,4,4,4,4,4,4,4,4,4,4,4,4,4,4,4,4,4,100,,,,,,,,,,,,,,,,,,,,,,,,,,,,,,,,,,,,,,,,,,,,,,,,,,,,,,,,,,,,,,,,,,,,,,,,,,,,,,,,,,,,,,,,,,,,,,,,,,,,,,,,,,,,,,,,,,,,,,,,,,,,,,,,,,,,,,,,,,,,,,,,,,,,,,,,,,,,,,,,,,,,,,,,,,,,,,,,,,,,,,,,,,,,,,,,,,,,,,,,,,,,,,
1764669116.795853,55806,0,4373.205078,4370.641113,4483.717773,4491.666504,4370.256348,4498.974121,4518.974121,4361.282227,4532.563965,4342.307617,4485.897461,4497.94873,4548.974121,4391.666504,4375.897461,4475.769043,4524.615234,4512.820313,4497.820313,4371.025879,4379.102539,4543.974121,4496.282227,4482.436035,4344.358887,4561.410156,4361.922852,4527.05127,4492.05127,4368.205078,4472.436035,4465.384766,2783,0,5,2576,60997,,,,0,4,4,4,4,4,4,4,4,4,4,4,4,4,4,4,4,4,4,4,4,4,4,4,4,4,4,4,4,4,4,4,4,100,,,,,,,,,,,,,,,,,,,,,,,,,,,,,,,,,,,,,,,,,,,,,,,,,,,,,,,,,,,,,,,,,,,,,,,,,,,,,,,,,,,,,,,,,,,,,,,,,,,,,,,,,,,,,,,,,,,,,,,,,,,,,,,,,,,,,,,,,,,,,,,,,,,,,,,,,,,,,,,,,,,,,,,,,,,,,,,,,,,,,,,,,,,,,,,,,,,,,,,,,,,,,,
1764669116.799759,55807,0,4375.384766,4376.282227,4482.179688,4491.666504,4374.358887,4498.846191,4516.794922,4358.077148,4536.666504,4333.974121,4487.436035,4499.102539,4552.692383,4399.102539,4379.743652,4471.025879,4524.358887,4503.846191,4489.102539,4370.128418,4376.025879,4545.512695,4498.974121,4487.05127,4339.358887,4564.358887,4375.512695,4532.179688,4496.538574,4377.692383,4481.282227,4456.410156,2791,0,5,2576,60997,,,,0,4,4,4,4,4,4,4,4,4,4,4,4,4,4,4,4,4,4,4,4,4,4,4,4,4,4,4,4,4,4,4,4,100,,,,,,,,,,,,,,,,,,,,,,,,,,,,,,,,,,,,,,,,,,,,,,,,,,,,,,,,,,,,,,,,,,,,,,,,,,,,,,,,,,,,,,,,,,,,,,,,,,,,,,,,,,,,,,,,,,,,,,,,,,,,,,,,,,,,,,,,,,,,,,,,,,,,,,,,,,,,,,,,,,,,,,,,,,,,,,,,,,,,,,,,,,,,,,,,,,,,,,,,,,,,,,
1764669116.803665,55808,0,4390.769043,4393.717773,4492.05127,4505.769043,4383.846191,4511.666504,4526.282227,4367.563965,4554.871582,4354.743652,4501.794922,4510.256348,4570,4409.230957,4390.256348,4485.128418,4538.717773,4520.641113,4507.307617,4383.205078,4386.153809,4563.589844,4516.538574,4506.922852,4367.307617,4578.846191,4400.641113,4552.05127,4509.487305,4397.94873,4512.820313,4470.641113,2843,0,5,2576,61005,,,,0,4,4,4,4,4,4,4,4,4,4,4,4,4,4,4,4,4,4,4,4,4,4,4,4,4,4,4,4,4,4,4,4,100,,,,,,,,,,,,,,,,,,,,,,,,,,,,,,,,,,,,,,,,,,,,,,,,,,,,,,,,,,,,,,,,,,,,,,,,,,,,,,,,,,,,,,,,,,,,,,,,,,,,,,,,,,,,,,,,,,,,,,,,,,,,,,,,,,,,,,,,,,,,,,,,,,,,,,,,,,,,,,,,,,,,,,,,,,,,,,,,,,,,,,,,,,,,,,,,,,,,,,,,,,,,,,
1764669116.807571,55809,0,4408.846191,4411.282227,4501.410156,4522.692383,4393.333496,4527.692383,4540.384766,4380.897461,4574.230957,4391.794922,4519.102539,4524.102539,4588.589844,4414.615234,4401.025879,4511.410156,4557.820313,4552.94873,4540.128418,4402.307617,4403.717773,4584.487305,4536.282227,4526.922852,4412.179688,4593.717773,4421.153809,4573.205078,4522.692383,4413.589844,4547.307617,4498.974121,2929,0,5,2576,61005,,,,0,4,4,4,4,4,4,4,4,4,4,4,4,4,4,4,4,4,4,4,4,4,4,4,4,4,4,4,4,4,4,4,4,100,,,,,,,,,,,,,,,,,,,,,,,,,,,,,,,,,,,13952,0,0.602432,-0.332458,-0.334534,0.643921,0.976193,-0.058601,0.005372,15,38.5,-21.666666,,,,,,,,,,,,,,,,,,,,,,,,,,,,,,,,,,,,,,,,,,,,,,,,,,,,,,,,,,,,,,,,,,,,,,,,,,,,,,,,,,,,,,,,,,,,,,,,,,,,,,,,,,,,,,,,,,,,,,,,,,,,,,,,,,,,,,,,,,,,,,,,,,,,,,,,,,,,,,,,
1764669116.811477,55810,0,4416.153809,4417.05127,4497.436035,4529.102539,4397.563965,4534.230957,4548.461426,4387.563965,4581.666504,4421.282227,4527.05127,4530.641113,4594.487305,4412.179688,4406.538574,4534.615234,4566.922852,4576.410156,4561.666504,4414.102539,4416.538574,4591.282227,4542.563965,4530.769043,4447.307617,4596.922852,4422.307617,4579.230957,4526.153809,4411.025879,4563.205078,4523.717773,2721,0,5,2575,61012,,,,0,4,4,4,4,4,4,4,4,4,4,4,4,4,4,4,4,4,4,4,4,4,4,4,4,4,4,4,4,4,4,4,4,100,,,,,,,,,,,,,,,,,,,,,,,,,,,,,,,,,,,,,,,,,,,,,,,,,,,,,,,,,,,,,,,,,,,,,,,,,,,,,,,,,,,,,,,,,,,,,,,,,,,,,,,,,,,,,,,,,,,,,,,,,,,,,,,,,,,,,,,,,,,,,,,,,,,,,,,,,,,,,,,,,,,,,,,,,,,,,,,,,,,,,,,,,,,,,,,,,,,,,,,,,,,,,,
1764669116.815383,55811,0,4407.05127,4407.179688,4477.94873,4518.846191,4395.128418,4526.153809,4544.230957,4383.461426,4573.333496,4426.666504,4520.384766,4525.128418,4582.94873,4405.128418,4406.153809,4542.436035,4559.102539,4573.077148,4553.974121,4410.512695,4415,4577.820313,4529.871582,4513.974121,4453.974121,4585.769043,4402.05127,4564.230957,4516.538574,4390.512695,4552.307617,4530.897461,2887,0,5,2575,61012,,,,0,4,4,4,4,4,4,4,4,4,4,4,4,4,4,4,4,4,4,4,4,4,4,4,4,4,4,4,4,4,4,4,4,100,,,,,,,,,,,,,,,,,,,,,,,,,,,,,,,,,,,,,,,,,,,,,,,,,,,,,,,,,,,,,,,,,,,,,,,,,,,,,,,,,,,,,,,,,,,,,,,,,,,,,,,,,,,,,,,,,,,,,,,,,,,,,,,,,,,,,,,,,,,,,,,,,,,,,,,,,,,,,,,,,,,,,,,,,,,,,,,,,,,,,,,,,,,,,,,,,,,,,,,,,,,,,,
1764669116.819289,55812,0,4389.102539,4390.128418,4454.871582,4499.102539,4389.743652,4510.256348,4532.436035,4374.871582,4557.563965,4410,4505.384766,4513.461426,4563.846191,4401.666504,4404.102539,4534.615234,4541.538574,4547.820313,4523.205078,4396.666504,4402.179688,4554.615234,4508.205078,4488.846191,4434.102539,4570.128418,4374.230957,4539.102539,4500.641113,4367.692383,4525.897461,4518.846191,2786,0,5,2576,61020,,,,0,4,4,4,4,4,4,4,4,4,4,4,4,4,4,4,4,4,4,4,4,4,4,4,4,4,4,4,4,4,4,4,4,100,,,,,,,,,,,,,,,,,,,,,,,,,,,,,,,,,,,,,,,,,,,,,,,,,,,,,,,,,,,,,,,,,,,,,,,,,,,,,,,,,,,,,,,,,,,,,,,,,,,,,,,,,,,,,,,,,,,,,,,,,,,,,,,,,,,,,,,,,,,,,,,,,,,,,,,,,,,,,,,,,,,,,,,,,,,,,,,,,,,,,,,,,,,,,,,,,,,,,,,,,,,,,,
1764669116.823195,55813,0,4377.307617,4379.743652,4445.256348,4484.487305,4387.179688,4500.128418,4524.743652,4372.307617,4548.461426,4388.205078,4494.743652,4507.692383,4553.974121,4408.077148,4406.025879,4522.436035,4531.025879,4525.256348,4495.641113,4386.410156,4391.538574,4541.538574,4495.769043,4475.641113,4406.153809,4564.871582,4358.846191,4523.974121,4491.153809,4361.538574,4505.384766,4497.820313,2842,0,5,2576,61020,,,,0,4,4,4,4,4,4,4,4,4,4,4,4,4,4,4,4,4,4,4,4,4,4,4,4,4,4,4,4,4,4,4,4,100,,,,,,,,,,,,,,,,,,,,,,,,,,,,,,,,,,,13953,0,0.602952,-0.330811,-0.33429,0.644409,0.960566,-0.049811,0.00586,14.833333,38.333332,-21.833334,,,,,,,,,,,,,,,,,,,,,,,,,,,,,,,,,,,,,,,,,,,,,,,,,,,,,,,,,,,,,,,,,,,,,,,,,,,,,,,,,,,,,,,,,,,,,,,,,,,,,,,,,,,,,,,,,,,,,,,,,,,,,,,,,,,,,,,,,,,,,,,,,,,,,,,,,,,,,,,,
1764669116.827101,55814,0,4381.282227,4384.358887,4456.410156,4485.769043,4389.230957,4503.846191,4529.358887,4380.128418,4553.974121,4378.333496,4497.05127,4514.743652,4562.94873,4422.820313,4413.333496,4517.94873,4538.589844,4526.666504,4494.230957,4388.974121,4395.384766,4550.512695,4503.974121,4485.897461,4390.256348,4575.641113,4366.922852,4532.179688,4495.256348,4378.077148,4506.282227,4481.794922,2847,0,5,2576,61028,,,,0,4,4,4,4,4,4,4,4,4,4,4,4,4,4,4,4,4,4,4,4,4,4,4,4,4,4,4,4,4,4,4,4,100,,,,,,,,,,,,,,,,,,,,,,,,,,,,,,,,,,,,,,,,,,,,,,,,,,,,,,,,,,,,,,,,,,,,,,,,,,,,,,,,,,,,,,,,,,,,,,,,,,,,,,,,,,,,,,,,,,,,,,,,,,,,,,,,,,,,,,,,,,,,,,,,,,,,,,,,,,,,,,,,,,,,,,,,,,,,,,,,,,,,,,,,,,,,,,,,,,,,,,,,,,,,,,
1764669116.831007,55815,0,4396.153809,4398.974121,4479.358887,4500.641113,4391.025879,4516.666504,4542.563965,4392.307617,4568.846191,4383.589844,4508.589844,4529.487305,4583.846191,4436.282227,4421.538574,4524.358887,4558.846191,4550.769043,4518.333496,4400.897461,4411.666504,4575.512695,4526.538574,4511.538574,4392.692383,4593.974121,4390.769043,4557.692383,4508.589844,4405,4526.410156,4478.589844,3027,0,5,2576,61028,,,,0,4,4,4,4,4,4,4,4,4,4,4,4,4,4,4,4,4,4,4,4,4,4,4,4,4,4,4,4,4,4,4,4,100,,,,,,,,,,,,,,,,,,,,,,,,,,,,,,,,,,,,,,,,,,,,,,,,,,,,,,,,,,,,,,,,,,,,,,,,,,,,,,,,,,,,,,,,,,,,,,,,,,,,,,,,,,,,,,,,,,,,,,,,,,,,,,,,,,,,,,,,,,,,,,,,,,,,,,,,,,,,,,,,,,,,,,,,,,,,,,,,,,,,,,,,,,,,,,,,,,,,,,,,,,,,,,
1764669116.834913,55816,0,4407.05127,4409.487305,4496.538574,4516.666504,4385.256348,4525.256348,4551.153809,4397.05127,4580,4394.615234,4517.692383,4539.102539,4599.102539,4437.94873,4423.846191,4534.102539,4575,4575,4545.256348,4409.615234,4426.025879,4596.666504,4545.128418,4532.179688,4404.743652,4604.230957,4410.512695,4579.871582,4518.717773,4421.025879,4548.205078,4485.641113,2929,0,5,2576,61036,,,,0,4,4,4,4,4,4,4,4,4,4,4,4,4,4,4,4,4,4,4,4,4,4,4,4,4,4,4,4,4,4,4,4,100,,,,,,,,,,,,,,,,,,,,,,,,,,,,,,,,,,,,,,,,,,,,,,,,,,,,,,,,,,,,,,,,,,,,,,,,,,,,,,,,,,,,,,,,,,,,,,,,,,,,,,,,,,,,,,,,,,,,,,,,,,,,,,,,,,,,,,,,,,,,,,,,,,,,,,,,,,,,,,,,,,,,,,,,,,,,,,,,,,,,,,,,,,,,,,,,,,,,,,,,,,,,,,
1764669116.838819,55817,0,4401.922852,4405.128418,4497.820313,4521.410156,4369.102539,4519.358887,4544.743652,4387.179688,4577.05127,4399.615234,4515.641113,4534.487305,4596.282227,4425,4417.436035,4536.538574,4572.436035,4576.410156,4551.538574,4406.025879,4424.358887,4597.436035,4544.743652,4531.666504,4412.05127,4597.436035,4409.615234,4580.641113,4515.897461,4413.205078,4552.94873,4494.487305,2797,0,5,2576,61036,,,,0,4,4,4,4,4,4,4,4,4,4,4,4,4,4,4,4,4,4,4,4,4,4,4,4,4,4,4,4,4,4,4,4,100,,,,,,,,,,,,,,,,,,,,,,,,,,,,,,,,,,,13954,0,0.603263,-0.329224,-0.334473,0.644836,0.948846,-0.026859,0,16.5,40.333332,-21,,,,,,,,,,,,,,,,,,,,,,,,,,,,,,,,,,,,,,,,,,,,,,,,,,,,,,,,,,,,,,,,,,,,,,,,,,,,,,,,,,,,,,,,,,,,,,,,,,,,,,,,,,,,,,,,,,,,,,,,,,,,,,,,,,,,,,,,,,,,,,,,,,,,,,,,,,,,,,,,
1764669116.842725,55818,0,4382.436035,4387.05127,4488.717773,4512.563965,4347.94873,4501.025879,4525.128418,4367.307617,4561.666504,4394.615234,4503.333496,4517.94873,4577.94873,4405.897461,4405.128418,4527.307617,4551.794922,4552.692383,4533.077148,4392.307617,4406.153809,4577.94873,4526.025879,4511.282227,4406.666504,4578.461426,4387.820313,4558.846191,4501.282227,4386.666504,4535.128418,4498.589844,2449,0,5,2576,61044,,,,0,4,4,4,4,4,4,4,4,4,4,4,4,4,4,4,4,4,4,4,4,4,4,4,4,4,4,4,4,4,4,4,4,100,,,,,,,,,,,,,,,,,,,,,,,,,,,,,,,,,,,,,,,,,,,,,,,,,,,,,,,,,,,,,,,,,,,,,,,,,,,,,,,,,,,,,,,,,,,,,,,,,,,,,,,,,,,,,,,,,,,,,,,,,,,,,,,,,,,,,,,,,,,,,,,,,,,,,,,,,,,,,,,,,,,,,,,,,,,,,,,,,,,,,,,,,,,,,,,,,,,,,,,,,,,,,,
1764669116.846631,55819,0,4361.666504,4367.179688,4483.333496,4497.94873,4332.436035,4482.05127,4504.358887,4349.487305,4543.974121,4384.615234,4490.256348,4501.153809,4558.205078,4392.436035,4393.077148,4511.410156,4528.077148,4522.820313,4508.077148,4379.871582,4385.641113,4553.461426,4503.461426,4487.94873,4391.153809,4561.666504,4361.666504,4531.025879,4484.743652,4359.487305,4507.563965,4498.077148,2725,0,5,2576,61044,,,,0,4,4,4,4,4,4,4,4,4,4,4,4,4,4,4,4,4,4,4,4,4,4,4,4,4,4,4,4,4,4,4,4,100,,,,,,,,,,,,,,,,,,,,,,,,,,,,,,,,,,,,,,,,,,,,,,,,,,,,,,,,,,,,,,,,,,,,,,,,,,,,,,,,,,,,,,,,,,,,,,,,,,,,,,,,,,,,,,,,,,,,,,,,,,,,,,,,,,,,,,,,,,,,,,,,,,,,,,,,,,,,,,,,,,,,,,,,,,,,,,,,,,,,,,,,,,,,,,,,,,,,,,,,,,,,,,
1764669116.850537,55820,0,4353.589844,4357.820313,4491.282227,4488.589844,4330.384766,4474.358887,4496.025879,4343.974121,4534.871582,4375.897461,4485.384766,4494.615234,4550.512695,4391.025879,4386.410156,4497.94873,4516.922852,4509.358887,4497.820313,4378.205078,4379.358887,4541.538574,4492.563965,4479.102539,4375.128418,4559.230957,4350.128418,4517.436035,4477.05127,4348.077148,4489.871582,4498.333496,2491,0,5,2576,61052,,,,0,4,4,4,4,4,4,4,4,4,4,4,4,4,4,4,4,4,4,4,4,4,4,4,4,4,4,4,4,4,4,4,4,100,,,,,,,,,,,,,,,,,,,,,,,,,,,,,,,,,,,,,,,,,,,,,,,,,,,,,,,,,,,,,,,,,,,,,,,,,,,,,,,,,,,,,,,,,,,,,,,,,,,,,,,,,,,,,,,,,,,,,,,,,,,,,,,,,,,,,,,,,,,,,,,,,,,,,,,,,,,,,,,,,,,,,,,,,,,,,,,,,,,,,,,,,,,,,,,,,,,,,,,,,,,,,,
1764669116.854443,55821,0,4362.05127,4362.692383,4509.102539,4490,4341.410156,4480.512695,4504.358887,4351.025879,4537.820313,4369.871582,4490.641113,4500.128418,4557.05127,4397.94873,4385.641113,4492.692383,4522.820313,4518.717773,4508.333496,4386.282227,4391.538574,4547.692383,4498.846191,4489.102539,4368.333496,4573.077148,4361.153809,4526.025879,4481.538574,4355.641113,4494.487305,4504.230957,2263,0,5,2576,61052,,,,0,4,4,4,4,4,4,4,4,4,4,4,4,4,4,4,4,4,4,4,4,4,4,4,4,4,4,4,4,4,4,4,4,100,,,,,,,,,,,,,,,,,,,,,,,,,,,,,,,,,,,13955,0,0.6033,-0.327698,-0.334961,0.645325,0.984495,-0.011232,-0.012697,15.5,39.833332,-20.833334,,,,,,,,,,,,,,,,,,,,,,,,,,,,,,,,,,,,,,,,,,,,,,,,,,,,,,,,,,,,,,,,,,,,,,,,,,,,,,,,,,,,,,,,,,,,,,,,,,,,,,,,,,,,,,,,,,,,,,,,,,,,,,,,,,,,,,,,,,,,,,,,,,,,,,,,,,,,,,,,
1764669116.858349,55822,0,4378.846191,4376.153809,4525,4500.384766,4358.077148,4493.205078,4522.05127,4363.077148,4548.717773,4363.461426,4500.128418,4510.641113,4569.358887,4404.615234,4388.461426,4495,4536.794922,4537.179688,4526.282227,4394.487305,4411.025879,4563.205078,4514.743652,4507.436035,4375.512695,4594.102539,4386.538574,4548.333496,4492.563965,4372.820313,4518.077148,4514.743652,2751,0,5,2576,61059,,,,0,4,4,4,4,4,4,4,4,4,4,4,4,4,4,4,4,4,4,4,4,4,4,4,4,4,4,4,4,4,4,4,4,100,,,,,,,,,,,,,,,,,,,,,,,,,,,,,,,,,,,,,,,,,,,,,,,,,,,,,,,,,,,,,,,,,,,,,,,,,,,,,,,,,,,,,,,,,,,,,,,,,,,,,,,,,,,,,,,,,,,,,,,,,,,,,,,,,,,,,,,,,,,,,,,,,,,,,,,,,,,,,,,,,,,,,,,,,,,,,,,,,,,,,,,,,,,,,,,,,,,,,,,,,,,,,,
1764669116.862255,55823,0,4391.538574,4388.589844,4528.461426,4512.94873,4372.436035,4503.461426,4537.436035,4372.436035,4560.512695,4356.922852,4506.538574,4517.820313,4577.563965,4405.384766,4392.692383,4500,4546.922852,4546.922852,4534.487305,4395.256348,4422.05127,4574.743652,4528.461426,4519.743652,4393.461426,4610.128418,4409.230957,4567.94873,4502.05127,4387.436035,4545.769043,4524.615234,2461,0,5,2576,61059,,,,0,4,4,4,4,4,4,4,4,4,4,4,4,4,4,4,4,4,4,4,4,4,4,4,4,4,4,4,4,4,4,4,4,100,,,,,,,,,,,,,,,,,,,,,,,,,,,,,,,,,,,,,,,,,,,,,,,,,,,,,,,,,,,,,,,,,,,,,,,,,,,,,,,,,,,,,,,,,,,,,,,,,,,,,,,,,,,,,,,,,,,,,,,,,,,,,,,,,,,,,,,,,,,,,,,,,,,,,,,,,,,,,,,,,,,,,,,,,,,,,,,,,,,,,,,,,,,,,,,,,,,,,,,,,,,,,,
1764669116.866161,55824,0,4394.230957,4394.358887,4518.077148,4521.025879,4380.897461,4507.179688,4542.820313,4377.307617,4568.717773,4355.384766,4506.666504,4519.230957,4577.436035,4401.538574,4398.205078,4503.717773,4548.205078,4542.563965,4528.333496,4390.384766,4418.077148,4576.025879,4533.461426,4519.487305,4412.436035,4613.717773,4417.307617,4575,4505.512695,4394.487305,4562.436035,4528.205078,2909,0,5,2576,61067,,,,0,4,4,4,4,4,4,4,4,4,4,4,4,4,4,4,4,4,4,4,4,4,4,4,4,4,4,4,4,4,4,4,4,100,,,,,,,,,,,,,,,,,,,,,,,,,,,,,,,,,,,,,,,,,,,,,,,,,,,,,,,,,,,,,,,,,,,,,,,,,,,,,,,,,,,,,,,,,,,,,,,,,,,,,,,,,,,,,,,,,,,,,,,,,,,,,,,,,,,,,,,,,,,,,,,,,,,,,,,,,,,,,,,,,,,,,,,,,,,,,,,,,,,,,,,,,,,,,,,,,,,,,,,,,,,,,,
1764669116.870067,55825,0,4389.487305,4393.077148,4500.384766,4521.538574,4384.487305,4506.794922,4538.461426,4379.615234,4572.563965,4363.205078,4502.436035,4518.077148,4572.179688,4397.94873,4404.230957,4505.256348,4544.615234,4533.333496,4518.205078,4388.589844,4405.512695,4571.282227,4531.282227,4511.410156,4422.307617,4605.384766,4410.256348,4570,4503.846191,4396.025879,4561.025879,4522.94873,2932,0,5,2576,61067,,,,0,4,4,4,4,4,4,4,4,4,4,4,4,4,4,4,4,4,4,4,4,4,4,4,4,4,4,4,4,4,4,4,4,100,,,,,,,,,,,,,,,,,,,,,,,,,,,,,,,,,,,13956,0,0.602321,-0.325012,-0.335571,0.647278,0.963497,-0.009767,-0.001953,15.833333,41,-21.166666,,,,,,,,,,,,,,,,,,,,,,,,,,,,,,,,,,,,,,,,,,,,,,,,,,,,,,,,,,,,,,,,,,,,,,,,,,,,,,,,,,,,,,,,,,,,,,,,,,,,,,,,,,,,,,,,,,,,,,,,,,,,,,,,,,,,,,,,,,,,,,,,,,,,,,,,,,,,,,,,
1764669116.873973,55826,0,4383.974121,4387.820313,4483.717773,4515,4384.743652,4505.897461,4529.358887,4380,4572.307617,4376.794922,4497.307617,4518.077148,4567.436035,4398.333496,4407.94873,4506.025879,4542.94873,4531.666504,4516.794922,4395.769043,4396.282227,4568.461426,4527.05127,4504.230957,4419.615234,4590.641113,4397.05127,4560.384766,4500.769043,4395.641113,4544.615234,4509.743652,1808,0,5,2576,61075,,,,0,4,4,4,4,4,4,4,4,4,4,4,4,4,4,4,4,4,4,4,4,4,4,4,4,4,4,4,4,4,4,4,4,100,,,,,,,,,,,,,,,,,,,,,,,,,,,,,,,,,,,,,,,,,,,,,,,,,,,,,,,,,,,,,,,,,,,,,,,,,,,,,,,,,,,,,,,,,,,,,,,,,,,,,,,,,,,,,,,,,,,,,,,,,,,,,,,,,,,,,,,,,,,,,,,,,,,,,,,,,,,,,,,,,,,,,,,,,,,,,,,,,,,,,,,,,,,,,,,,,,,,,,,,,,,,,,
1764669116.877879,55827,0,4381.538574,4381.922852,4473.333496,4505.128418,4382.307617,4505.256348,4520.641113,4377.179688,4568.077148,4387.692383,4494.358887,4519.871582,4565.897461,4402.94873,4406.538574,4507.307617,4545.256348,4540.641113,4525.897461,4408.589844,4396.410156,4570.512695,4523.974121,4502.692383,4408.846191,4575.897461,4387.05127,4552.563965,4498.974121,4394.358887,4523.077148,4492.94873,2771,0,5,2576,61075,,,,0,4,4,4,4,4,4,4,4,4,4,4,4,4,4,4,4,4,4,4,4,4,4,4,4,4,4,4,4,4,4,4,4,100,,,,,,,,,,,,,,,,,,,,,,,,,,,,,,,,,,,,,,,,,,,,,,,,,,,,,,,,,,,,,,,,,,,,,,,,,,,,,,,,,,,,,,,,,,,,,,,,,,,,,,,,,,,,,,,,,,,,,,,,,,,,,,,,,,,,,,,,,,,,,,,,,,,,,,,,,,,,,,,,,,,,,,,,,,,,,,,,,,,,,,,,,,,,,,,,,,,,,,,,,,,,,,
1764669116.881785,55828,0,4382.563965,4378.333496,4470.897461,4496.666504,4377.820313,4503.205078,4515,4370.897461,4561.282227,4390.256348,4494.487305,4521.538574,4567.179688,4409.102539,4402.05127,4510,4548.589844,4551.794922,4535.256348,4416.794922,4401.922852,4573.846191,4522.436035,4504.743652,4397.820313,4566.153809,4383.461426,4548.589844,4498.589844,4390.769043,4507.307617,4479.615234,2625,0,5,2576,61083,,,,0,4,4,4,4,4,4,4,4,4,4,4,4,4,4,4,4,4,4,4,4,4,4,4,4,4,4,4,4,4,4,4,4,100,,,,,,,,,,,,,,,,,,,,,,,,,,,,,,,,,,,,,,,,,,,,,,,,,,,,,,,,,,,,,,,,,,,,,,,,,,,,,,,,,,,,,,,,,,,,,,,,,,,,,,,,,,,,,,,,,,,,,,,,,,,,,,,,,,,,,,,,,,,,,,,,,,,,,,,,,,,,,,,,,,,,,,,,,,,,,,,,,,,,,,,,,,,,,,,,,,,,,,,,,,,,,,
1764669116.885691,55829,0,4385.128418,4378.461426,4475.384766,4493.846191,4373.333496,4499.102539,4513.205078,4363.461426,4554.743652,4387.563965,4497.563965,4522.179688,4569.615234,4413.717773,4401.282227,4514.230957,4548.717773,4554.871582,4534.358887,4412.820313,4404.487305,4572.94873,4521.410156,4505.512695,4391.282227,4564.230957,4383.974121,4547.436035,4498.589844,4385.512695,4504.358887,4477.563965,2847,0,5,2576,61083,,,,0,4,4,4,4,4,4,4,4,4,4,4,4,4,4,4,4,4,4,4,4,4,4,4,4,4,4,4,4,4,4,4,4,100,,,,,,,,,,,,,,,,,,,,,,,,,,,,,,,,,,,13957,0,0.60163,-0.323853,-0.335693,0.648438,0.97717,-0.047369,0.01465,16.333334,41,-21.666666,,,,,,,,,,,,,,,,,,,,,,,,,,,,,,,,,,,,,,,,,,,,,,,,,,,,,,,,,,,,,,,,,,,,,,,,,,,,,,,,,,,,,,,,,,,,,,,,,,,,,,,,,,,,,,,,,,,,,,,,,,,,,,,,,,,,,,,,,,,,,,,,,,,,,,,,,,,,,,,,
1764669116.889597,55830,0,4388.333496,4382.692383,4484.358887,4497.563965,4370.897461,4495.128418,4514.871582,4359.102539,4552.05127,4387.436035,4503.205078,4523.333496,4572.692383,4415.256348,4409.102539,4519.871582,4545.641113,4547.820313,4522.179688,4399.230957,4399.615234,4567.94873,4521.666504,4503.461426,4390.641113,4570.256348,4384.871582,4548.205078,4498.077148,4381.794922,4514.615234,4490,2946,0,5,2576,61091,,,,0,4,4,4,4,4,4,4,4,4,4,4,4,4,4,4,4,4,4,4,4,4,4,4,4,4,4,4,4,4,4,4,4,100,,,,,,,,,,,,,,,,,,,,,,,,,,,,,,,,,,,,,,,,,,,,,,,,,,,,,,,,,,,,,,,,,,,,,,,,,,,,,,,,,,,,,,,,,,,,,,,,,,,,,,,,,,,,,,,,,,,,,,,,,,,,,,,,,,,,,,,,,,,,,,,,,,,,,,,,,,,,,,,,,,,,,,,,,,,,,,,,,,,,,,,,,,,,,,,,,,,,,,,,,,,,,,
1764669116.893503,55831,0,4391.922852,4389.230957,4494.102539,4504.871582,4370.641113,4494.615234,4519.102539,4359.358887,4554.615234,4394.358887,4510,4526.410156,4576.410156,4414.358887,4422.436035,4525.769043,4543.077148,4537.436035,4508.333496,4386.666504,4391.282227,4563.846191,4524.871582,4501.282227,4397.05127,4580.384766,4385.384766,4551.025879,4497.820313,4382.692383,4531.794922,4511.282227,2872,0,5,2576,61091,,,,0,4,4,4,4,4,4,4,4,4,4,4,4,4,4,4,4,4,4,4,4,4,4,4,4,4,4,4,4,4,4,4,4,100,,,,,,,,,,,,,,,,,,,,,,,,,,,,,,,,,,,,,,,,,,,,,,,,,,,,,,,,,,,,,,,,,,,,,,,,,,,,,,,,,,,,,,,,,,,,,,,,,,,,,,,,,,,,,,,,,,,,,,,,,,,,,,,,,,,,,,,,,,,,,,,,,,,,,,,,,,,,,,,,,,,,,,,,,,,,,,,,,,,,,,,,,,,,,,,,,,,,,,,,,,,,,,
1764669116.897409,55832,0,4394.871582,4394.487305,4500,4511.153809,4370.256348,4497.94873,4524.102539,4362.94873,4560.641113,4404.615234,4515.128418,4530.384766,4579.743652,4412.692383,4431.538574,4529.358887,4544.615234,4532.692383,4503.846191,4384.230957,4387.563965,4564.743652,4530.641113,4502.563965,4409.743652,4589.102539,4386.538574,4555.128418,4498.333496,4387.179688,4546.794922,4528.077148,2722,0,5,2576,61098,,,,0,4,4,4,4,4,4,4,4,4,4,4,4,4,4,4,4,4,4,4,4,4,4,4,4,4,4,4,4,4,4,4,4,100,,,,,,,,,,,,,,,,,,,,,,,,,,,,,,,,,,,,,,,,,,,,,,,1.330325,1.90305,1.871966,1.802785,0.906574,8.465478,2.861545,1.929666,2.146279,1.070195,34.038506,5.603866,3.073669,1.477917,1.035718,5.964183,2.170068,2.041965,2.676816,1.021037,7.886143,3.001972,1.834139,2.330364,1.203611,2.312158,2.162728,1.549396,1.774945,0.840982,1.901456,2.324211,2.035959,1.786238,0.944514,4.208614,2.10674,2.09791,3.064336,1.186894,2.881708,1.670272,1.332902,1.742229,1.122994,4.90671,3.477269,4.199367,2.796218,2.054334,1.111834,1.615756,1.814802,1.516003,0.716879,1.410297,1.988046,2.28768,1.676854,0.889498,1.909529,1.738008,1.609292,1.344828,0.737177,1.183481,0.660516,0.733516,0.543355,0.480223,1.398061,1.378784,1.285792,1.496891,0.827574,1.959509,2.451373,1.168945,2.136678,0.931722,3.226863,2.589971,2.40001,2.121495,0.941362,2.992793,3.496176,2.809111,2.871718,1.051515,1.439941,3.834938,2.839863,2.105317,0.89417,1.247681,1.97292,2.174561,1.49109,0.810879,1.929093,2.735411,3.347602,1.969209,1.231449,3.070484,2.663809,3.100958,2.123541,1.021398,2.273428,1.811698,1.79639,1.713877,0.862929,3.536648,2.51819,2.048739,1.914566,0.943214,5.989473,4.992059,6.621942,3.860055,4.288759,3.478532,1.621557,1.583571,1.70098,0.856646,5.510828,3.326663,2.70226,2.461049,1.162464,3.061993,2.611452,2.27084,2.355559,0.995081,1.317903,1.108471,0.857869,0.978158,0.467435,9.119532,2.672911,2.263589,2.423749,1.113996,7.432964,2.724633,2.664121,1.358268,1.522488,42.094604,15.400975,5.983572,2.426499,2.053694
1764669116.901315,55833,0,4395.897461,4395.641113,4499.615234,4512.692383,4367.94873,4502.307617,4527.307617,4366.538574,4566.538574,4409.871582,4515.641113,4531.794922,4581.025879,4411.282227,4428.461426,4528.205078,4549.615234,4536.025879,4511.410156,4391.153809,4392.820313,4570.128418,4536.025879,4507.307617,4423.589844,4592.307617,4389.102539,4558.846191,4499.871582,4391.282227,4552.307617,4528.717773,2907,0,5,2576,61098,,,,0,4,4,4,4,4,4,4,4,4,4,4,4,4,4,4,4,4,4,4,4,4,4,4,4,4,4,4,4,4,4,4,4,100,,,,,,,,,,,,,,,,,,,,,,,,,,,,,,,,,,,13958,0,0.601027,-0.322815,-0.336121,0.649292,0.97717,-0.047369,0.01465,16.333334,39.833332,-22,,,,,,,,,,,,,,,,,,,,,,,,,,,,,,,,,,,,,,,,,,,,,,,,,,,,,,,,,,,,,,,,,,,,,,,,,,,,,,,,,,,,,,,,,,,,,,,,,,,,,,,,,,,,,,,,,,,,,,,,,,,,,,,,,,,,,,,,,,,,,,,,,,,,,,,,,,,,,,,,
1764669116.905221,55834,0,4394.487305,4392.94873,4494.102539,4509.743652,4365.641113,4504.743652,4527.94873,4368.461426,4569.230957,4405.128418,4511.666504,4528.333496,4579.358887,4410.128418,4414.743652,4522.563965,4554.102539,4542.563965,4523.589844,4398.846191,4403.333496,4575.512695,4537.820313,4512.820313,4430.256348,4590.256348,4392.307617,4560.897461,4501.538574,4391.794922,4547.94873,4512.179688,1816,0,5,2576,61106,,,,0,4,4,4,4,4,4,4,4,4,4,4,4,4,4,4,4,4,4,4,4,4,4,4,4,4,4,4,4,4,4,4,4,100,,,,,,,,,,,,,,,,,,,,,,,,,,,,,,,,,,,,,,,,,,,,,,,,,,,,,,,,,,,,,,,,,,,,,,,,,,,,,,,,,,,,,,,,,,,,,,,,,,,,,,,,,,,,,,,,,,,,,,,,,,,,,,,,,,,,,,,,,,,,,,,,,,,,,,,,,,,,,,,,,,,,,,,,,,,,,,,,,,,,,,,,,,,,,,,,,,,,,,,,,,,,,,
1764669116.909127,55835,0,4392.307617,4390.512695,4487.820313,4505.384766,4367.820313,4505,4527.692383,4370.384766,4568.461426,4392.436035,4506.153809,4522.94873,4577.05127,4409.230957,4401.025879,4516.666504,4555.641113,4547.307617,4530.897461,4400.641113,4411.794922,4578.461426,4536.282227,4516.153809,4426.025879,4587.05127,4396.282227,4562.307617,4503.077148,4390.256348,4540.769043,4489.871582,2449,0,5,2576,61106,,,,0,4,4,4,4,4,4,4,4,4,4,4,4,4,4,4,4,4,4,4,4,4,4,4,4,4,4,4,4,4,4,4,4,100,,,,,,,,,,,,,,,,,,,,,,,,,,,,,,,,,,,,,,,,,,,,,,,,,,,,,,,,,,,,,,,,,,,,,,,,,,,,,,,,,,,,,,,,,,,,,,,,,,,,,,,,,,,,,,,,,,,,,,,,,,,,,,,,,,,,,,,,,,,,,,,,,,,,,,,,,,,,,,,,,,,,,,,,,,,,,,,,,,,,,,,,,,,,,,,,,,,,,,,,,,,,,,
1764669116.913033,55836,0,4392.436035,4392.692383,4485,4503.077148,4377.05127,4506.025879,4529.871582,4374.358887,4566.410156,4378.846191,4503.717773,4520.769043,4578.077148,4409.102539,4397.307617,4515.512695,4555.256348,4549.230957,4530,4397.307617,4413.589844,4579.871582,4534.615234,4517.94873,4416.153809,4587.436035,4401.922852,4565.769043,4505.384766,4391.410156,4539.743652,4477.820313,2647,0,5,2576,61114,,,,0,4,4,4,4,4,4,4,4,4,4,4,4,4,4,4,4,4,4,4,4,4,4,4,4,4,4,4,4,4,4,4,4,100,,,,,,,,,,,,,,,,,,,,,,,,,,,,,,,,,,,,,,,,,,,,,,,,,,,,,,,,,,,,,,,,,,,,,,,,,,,,,,,,,,,,,,,,,,,,,,,,,,,,,,,,,,,,,,,,,,,,,,,,,,,,,,,,,,,,,,,,,,,,,,,,,,,,,,,,,,,,,,,,,,,,,,,,,,,,,,,,,,,,,,,,,,,,,,,,,,,,,,,,,,,,,,
1764669116.916939,55837,0,4396.025879,4400,4486.922852,4504.615234,4390.128418,4509.358887,4535.897461,4379.871582,4564.230957,4369.871582,4505.769043,4524.358887,4583.333496,4409.230957,4404.358887,4518.974121,4555.256348,4548.717773,4523.974121,4394.102539,4411.538574,4581.538574,4535.641113,4518.846191,4410.641113,4591.666504,4408.974121,4571.794922,4508.333496,4398.589844,4548.333496,4484.487305,2494,0,5,2576,61114,,,,0,4,4,4,4,4,4,4,4,4,4,4,4,4,4,4,4,4,4,4,4,4,4,4,4,4,4,4,4,4,4,4,4,100,,,,,,,,,,,,,,,,,,,,,,,,,,,,,,,,,,,13959,0,0.599948,-0.322266,-0.337158,0.650024,1.010377,-0.042974,-0.01758,14.5,38.333332,-20.166666,,,,,,,,,,,,,,,,,,,,,,,,,,,,,,,,,,,,,,,,,,,,,,,,,,,,,,,,,,,,,,,,,,,,,,,,,,,,,,,,,,,,,,,,,,,,,,,,,,,,,,,,,,,,,,,,,,,,,,,,,,,,,,,,,,,,,,,,,,,,,,,,,,,,,,,,,,,,,,,,
1764669116.920845,55838,0,4400.256348,4407.436035,4490.897461,4507.307617,4398.333496,4512.436035,4542.436035,4382.307617,4561.025879,4364.743652,4508.974121,4529.102539,4587.94873,4407.692383,4413.461426,4521.410156,4555.512695,4544.102539,4516.282227,4393.205078,4410.128418,4582.05127,4538.077148,4517.94873,4413.333496,4595.512695,4413.974121,4576.282227,4510.128418,4408.333496,4561.025879,4504.871582,2757,0,5,2572,61122,,,,0,4,4,4,4,4,4,4,4,4,4,4,4,4,4,4,4,4,4,4,4,4,4,4,4,4,4,4,4,4,4,4,4,100,,,,,,,,,,,,,,,,,,,,,,,,,,,,,,,,,,,,,,,,,,,,,,,,,,,,,,,,,,,,,,,,,,,,,,,,,,,,,,,,,,,,,,,,,,,,,,,,,,,,,,,,,,,,,,,,,,,,,,,,,,,,,,,,,,,,,,,,,,,,,,,,,,,,,,,,,,,,,,,,,,,,,,,,,,,,,,,,,,,,,,,,,,,,,,,,,,,,,,,,,,,,,,
1764669116.924751,55839,0,4399.871582,4408.077148,4493.077148,4506.922852,4393.717773,4510.641113,4543.333496,4376.794922,4554.615234,4359.743652,4507.563965,4527.436035,4585.512695,4402.692383,4415.128418,4518.077148,4553.205078,4533.717773,4508.333496,4391.666504,4410.384766,4578.461426,4537.307617,4512.692383,4417.563965,4593.589844,4412.436035,4573.461426,4507.820313,4413.077148,4566.794922,4524.871582,2761,0,5,2572,61122,,,,0,4,4,4,4,4,4,4,4,4,4,4,4,4,4,4,4,4,4,4,4,4,4,4,4,4,4,4,4,4,4,4,4,100,,,,,,,,,,,,,,,,,,,,,,,,,,,,,,,,,,,,,,,,,,,,,,,,,,,,,,,,,,,,,,,,,,,,,,,,,,,,,,,,,,,,,,,,,,,,,,,,,,,,,,,,,,,,,,,,,,,,,,,,,,,,,,,,,,,,,,,,,,,,,,,,,,,,,,,,,,,,,,,,,,,,,,,,,,,,,,,,,,,,,,,,,,,,,,,,,,,,,,,,,,,,,,
1764669116.928657,55840,0,4393.205078,4400.128418,4492.436035,4502.692383,4376.922852,4502.94873,4536.794922,4363.717773,4546.153809,4354.871582,4500.256348,4517.307617,4576.025879,4396.538574,4409.615234,4512.820313,4547.94873,4522.563965,4501.794922,4386.538574,4409.102539,4570.897461,4532.307617,4503.717773,4412.436035,4585.128418,4403.846191,4562.94873,4502.05127,4408.205078,4559.358887,4532.436035,2851,0,5,2568,61130,,,,0,4,4,4,4,4,4,4,4,4,4,4,4,4,4,4,4,4,4,4,4,4,4,4,4,4,4,4,4,4,4,4,4,100,,,,,,,,,,,,,,,,,,,,,,,,,,,,,,,,,,,,,,,,,,,,,,,,,,,,,,,,,,,,,,,,,,,,,,,,,,,,,,,,,,,,,,,,,,,,,,,,,,,,,,,,,,,,,,,,,,,,,,,,,,,,,,,,,,,,,,,,,,,,,,,,,,,,,,,,,,,,,,,,,,,,,,,,,,,,,,,,,,,,,,,,,,,,,,,,,,,,,,,,,,,,,,
1764669116.932563,55841,0,4385,4389.743652,4492.05127,4498.589844,4358.333496,4495,4528.589844,4350.897461,4540.641113,4355.897461,4492.94873,4506.410156,4567.94873,4395.769043,4407.307617,4516.410156,4545,4522.94873,4502.820313,4380.128418,4404.615234,4565.641113,4527.94873,4497.436035,4394.487305,4576.282227,4394.230957,4552.436035,4497.563965,4398.077148,4542.94873,4526.666504,2937,0,5,2568,61130,,,,0,4,4,4,4,4,4,4,4,4,4,4,4,4,4,4,4,4,4,4,4,4,4,4,4,4,4,4,4,4,4,4,4,100,,,,,,,,,,,,,,,,,,,,,,,,,,,,,,,,,,,13960,0,0.598387,-0.32196,-0.338806,0.650757,0.990844,-0.039067,-0.10304,16.833334,40.333332,-21.333334,,,,,,,,,,,,,,,,,,,,,,,,,,,,,,,,,,,,,,,,,,,,,,,,,,,,,,,,,,,,,,,,,,,,,,,,,,,,,,,,,,,,,,,,,,,,,,,,,,,,,,,,,,,,,,,,,,,,,,,,,,,,,,,,,,,,,,,,,,,,,,,,,,,,,,,,,,,,,,,,
1764669116.936469,55842,0,4383.461426,4386.153809,4495.512695,4500.512695,4351.794922,4494.871582,4527.563965,4348.205078,4543.461426,4369.487305,4493.589844,4505.897461,4571.410156,4404.743652,4417.692383,4535.897461,4551.282227,4544.230957,4517.820313,4379.487305,4400.384766,4570.641113,4531.282227,4501.282227,4372.94873,4574.487305,4392.436035,4552.05127,4500,4392.820313,4529.743652,4516.666504,2728,0,5,2565,61137,,,,0,4,4,4,4,4,4,4,4,4,4,4,4,4,4,4,4,4,4,4,4,4,4,4,4,4,4,4,4,4,4,4,4,100,,,,,,,,,,,,,,,,,,,,,,,,,,,,,,,,,,,,,,,,,,,,,,,,,,,,,,,,,,,,,,,,,,,,,,,,,,,,,,,,,,,,,,,,,,,,,,,,,,,,,,,,,,,,,,,,,,,,,,,,,,,,,,,,,,,,,,,,,,,,,,,,,,,,,,,,,,,,,,,,,,,,,,,,,,,,,,,,,,,,,,,,,,,,,,,,,,,,,,,,,,,,,,
1764669116.940375,55843,0,4392.692383,4393.333496,4501.922852,4509.743652,4363.205078,4506.025879,4537.563965,4359.102539,4554.102539,4394.615234,4504.487305,4519.871582,4587.820313,4420.128418,4438.333496,4565.128418,4568.205078,4581.025879,4544.358887,4389.358887,4402.307617,4587.307617,4543.846191,4516.282227,4362.563965,4581.666504,4401.794922,4565,4509.871582,4399.102539,4530.384766,4512.307617,2894,0,5,2565,61137,,,,0,4,4,4,4,4,4,4,4,4,4,4,4,4,4,4,4,4,4,4,4,4,4,4,4,4,4,4,4,4,4,4,4,100,,,,,,,,,,,,,,,,,,,,,,,,,,,,,,,,,,,,,,,,,,,,,,,,,,,,,,,,,,,,,,,,,,,,,,,,,,,,,,,,,,,,,,,,,,,,,,,,,,,,,,,,,,,,,,,,,,,,,,,,,,,,,,,,,,,,,,,,,,,,,,,,,,,,,,,,,,,,,,,,,,,,,,,,,,,,,,,,,,,,,,,,,,,,,,,,,,,,,,,,,,,,,,
1764669116.944281,55844,0,4407.563965,4406.025879,4506.538574,4521.153809,4385.256348,4522.94873,4552.692383,4376.922852,4565.512695,4419.102539,4518.461426,4540.641113,4606.025879,4431.410156,4456.025879,4586.282227,4586.922852,4612.692383,4569.487305,4406.153809,4411.153809,4606.666504,4558.461426,4533.717773,4372.05127,4592.436035,4416.794922,4583.589844,4521.666504,4412.94873,4543.974121,4515.512695,2795,0,5,2566,61145,,,,0,4,4,4,4,4,4,4,4,4,4,4,4,4,4,4,4,4,4,4,4,4,4,4,4,4,4,4,4,4,4,4,4,100,,,,,,,,,,,,,,,,,,,,,,,,,,,,,,,,,,,,,,,,,,,,,,,,,,,,,,,,,,,,,,,,,,,,,,,,,,,,,,,,,,,,,,,,,,,,,,,,,,,,,,,,,,,,,,,,,,,,,,,,,,,,,,,,,,,,,,,,,,,,,,,,,,,,,,,,,,,,,,,,,,,,,,,,,,,,,,,,,,,,,,,,,,,,,,,,,,,,,,,,,,,,,,
1764669116.948187,55845,0,4417.563965,4413.974121,4504.487305,4526.282227,4402.94873,4534.487305,4561.666504,4389.358887,4568.717773,4426.153809,4524.102539,4553.846191,4611.538574,4428.974121,4457.05127,4583.205078,4593.974121,4618.205078,4577.563965,4419.102539,4421.282227,4615.128418,4563.974121,4540.641113,4397.692383,4597.820313,4426.282227,4594.230957,4527.05127,4423.333496,4559.615234,4519.615234,2856,0,5,2566,61145,,,,0,4,4,4,4,4,4,4,4,4,4,4,4,4,4,4,4,4,4,4,4,4,4,4,4,4,4,4,4,4,4,4,4,100,,,,,,,,,,,,,,,,,,,,,,,,,,,,,,,,,,,13961,0,0.595407,-0.320923,-0.341858,0.652405,0.992797,-0.037602,-0.121109,17.833334,41,-22,,,,,,,,,,,,,,,,,,,,,,,,,,,,,,,,,,,,,,,,,,,,,,,,,,,,,,,,,,,,,,,,,,,,,,,,,,,,,,,,,,,,,,,,,,,,,,,,,,,,,,,,,,,,,,,,,,,,,,,,,,,,,,,,,,,,,,,,,,,,,,,,,,,,,,,,,,,,,,,,
1764669116.952093,55846,1,4419.094238,4417.128418,4509.427246,4529.333496,4405.991211,4537.350586,4563.307617,4391.888672,4571.085449,4427.136719,4525.324707,4555.529785,4611.598145,4428.777832,4454.196777,4580.769043,4594.743652,4615.358887,4575.042969,4419.384766,4422.786133,4615.820313,4565.384766,4542.01709,4401.649414,4599.991211,4427.615234,4596.307617,4528.401855,4424.863281,4562.265137,4524.375977,0,0,5,0,0,,,,0,4,4,4,4,4,4,4,4,4,4,4,4,4,4,4,4,4,4,4,4,4,4,4,4,4,4,4,4,4,4,4,4,100,,,,,,,,,,,,,,,,,,,,,,,,,,,,,,,,,,,,,,,,,,,,,,,,,,,,,,,,,,,,,,,,,,,,,,,,,,,,,,,,,,,,,,,,,,,,,,,,,,,,,,,,,,,,,,,,,,,,,,,,,,,,,,,,,,,,,,,,,,,,,,,,,,,,,,,,,,,,,,,,,,,,,,,,,,,,,,,,,,,,,,,,,,,,,,,,,,,,,,,,,,,,,,
1764669116.955999,55847,1,4420.624023,4420.282227,4514.367676,4532.384766,4409.03418,4540.213867,4564.94873,4394.418945,4573.453125,4428.119629,4526.546875,4557.213867,4611.658203,4428.581055,4451.341797,4578.333496,4595.512695,4612.512695,4572.521484,4419.666504,4424.290527,4616.512695,4566.794922,4543.393066,4405.606934,4602.162598,4428.94873,4598.384766,4529.751953,4426.393066,4564.914551,4529.136719,0,0,5,0,0,,,,0,4,4,4,4,4,4,4,4,4,4,4,4,4,4,4,4,4,4,4,4,4,4,4,4,4,4,4,4,4,4,4,4,100,,,,,,,,,,,,,,,,,,,,,,,,,,,,,,,,,,,,,,,,,,,,,,,,,,,,,,,,,,,,,,,,,,,,,,,,,,,,,,,,,,,,,,,,,,,,,,,,,,,,,,,,,,,,,,,,,,,,,,,,,,,,,,,,,,,,,,,,,,,,,,,,,,,,,,,,,,,,,,,,,,,,,,,,,,,,,,,,,,,,,,,,,,,,,,,,,,,,,,,,,,,,,,
1764669116.959905,55848,1,4422.153809,4423.436035,4519.307617,4535.436035,4412.077148,4543.077148,4566.589844,4396.94873,4575.820313,4429.102539,4527.769043,4558.897461,4611.717773,4428.384766,4448.487305,4575.897461,4596.282227,4609.666504,4570,4419.94873,4425.794922,4617.205078,4568.205078,4544.769043,4409.563965,4604.333496,4430.282227,4600.461426,4531.102539,4427.922852,4567.563965,4533.897461,0,0,5,0,0,,,,0,4,4,4,4,4,4,4,4,4,4,4,4,4,4,4,4,4,4,4,4,4,4,4,4,4,4,4,4,4,4,4,4,100,,,,,,,,,,,,,,,,,,,,,,,,,,,,,,,,,,,,,,,,,,,,,,,,,,,,,,,,,,,,,,,,,,,,,,,,,,,,,,,,,,,,,,,,,,,,,,,,,,,,,,,,,,,,,,,,,,,,,,,,,,,,,,,,,,,,,,,,,,,,,,,,,,,,,,,,,,,,,,,,,,,,,,,,,,,,,,,,,,,,,,,,,,,,,,,,,,,,,,,,,,,,,,
1764669116.963811,55849,1,4423.683594,4426.589844,4524.248047,4538.487305,4415.119629,4545.939941,4568.230957,4399.478516,4578.187988,4430.085449,4528.991211,4560.581055,4611.777832,4428.187988,4445.632324,4573.461426,4597.05127,4606.820313,4567.478516,4420.230957,4427.299316,4617.897461,4569.615234,4546.145508,4413.521484,4606.504395,4431.615234,4602.538574,4532.453125,4429.453125,4570.213867,4538.658203,0,0,5,0,0,,,,0,4,4,4,4,4,4,4,4,4,4,4,4,4,4,4,4,4,4,4,4,4,4,4,4,4,4,4,4,4,4,4,4,100,,,,,,,,,,,,,,,,,,,,,,,,,,,,,,,,,,,,,,,,,,,,,,,,,,,,,,,,,,,,,,,,,,,,,,,,,,,,,,,,,,,,,,,,,,,,,,,,,,,,,,,,,,,,,,,,,,,,,,,,,,,,,,,,,,,,,,,,,,,,,,,,,,,,,,,,,,,,,,,,,,,,,,,,,,,,,,,,,,,,,,,,,,,,,,,,,,,,,,,,,,,,,,
1764669116.967717,55850,1,4425.213867,4429.743652,4529.187988,4541.538574,4418.162598,4548.803223,4569.871582,4402.008789,4580.555664,4431.068359,4530.213867,4562.265137,4611.837402,4427.991211,4442.777832,4571.025879,4597.820313,4603.974121,4564.957031,4420.512695,4428.803223,4618.589844,4571.025879,4547.521484,4417.478516,4608.675293,4432.94873,4604.615234,4533.803223,4430.98291,4572.863281,4543.418945,0,0,5,0,0,,,,0,4,4,4,4,4,4,4,4,4,4,4,4,4,4,4,4,4,4,4,4,4,4,4,4,4,4,4,4,4,4,4,4,100,,,,,,,,,,,,,,,,,,,,,,,,,,,,,,,,,,,,,,,,,,,,,,,,,,,,,,,,,,,,,,,,,,,,,,,,,,,,,,,,,,,,,,,,,,,,,,,,,,,,,,,,,,,,,,,,,,,,,,,,,,,,,,,,,,,,,,,,,,,,,,,,,,,,,,,,,,,,,,,,,,,,,,,,,,,,,,,,,,,,,,,,,,,,,,,,,,,,,,,,,,,,,,
1764669116.971623,55851,1,4426.743652,4432.897461,4534.128418,4544.589844,4421.205078,4551.666504,4571.512695,4404.538574,4582.922852,4432.05127,4531.436035,4563.94873,4611.897461,4427.794922,4439.922852,4568.589844,4598.589844,4601.128418,4562.436035,4420.794922,4430.307617,4619.282227,4572.436035,4548.897461,4421.436035,4610.846191,4434.282227,4606.692383,4535.153809,4432.512695,4575.512695,4548.179688,0,0,5,0,0,,,,0,4,4,4,4,4,4,4,4,4,4,4,4,4,4,4,4,4,4,4,4,4,4,4,4,4,4,4,4,4,4,4,4,100,,,,,,,,,,,,,,,,,,,,,,,,,,,,,,,,,,,,,,,,,,,,,,,,,,,,,,,,,,,,,,,,,,,,,,,,,,,,,,,,,,,,,,,,,,,,,,,,,,,,,,,,,,,,,,,,,,,,,,,,,,,,,,,,,,,,,,,,,,,,,,,,,,,,,,,,,,,,,,,,,,,,,,,,,,,,,,,,,,,,,,,,,,,,,,,,,,,,,,,,,,,,,,
1764669116.975530,55852,1,4428.273438,4436.05127,4539.068359,4547.641113,4424.248047,4554.529785,4573.153809,4407.068359,4585.290527,4433.03418,4532.658203,4565.632324,4611.957031,4427.598145,4437.068359,4566.153809,4599.358887,4598.282227,4559.914551,4421.077148,4431.812012,4619.974121,4573.846191,4550.273438,4425.393066,4613.01709,4435.615234,4608.769043,4536.504395,4434.042969,4578.162598,4552.939941,0,0,5,0,0,,,,0,4,4,4,4,4,4,4,4,4,4,4,4,4,4,4,4,4,4,4,4,4,4,4,4,4,4,4,4,4,4,4,4,100,,,,,,,,,,,,,,,,,,,,,,,,,,,,,,,,,,,,,,,,,,,,,,,,,,,,,,,,,,,,,,,,,,,,,,,,,,,,,,,,,,,,,,,,,,,,,,,,,,,,,,,,,,,,,,,,,,,,,,,,,,,,,,,,,,,,,,,,,,,,,,,,,,,,,,,,,,,,,,,,,,,,,,,,,,,,,,,,,,,,,,,,,,,,,,,,,,,,,,,,,,,,,,
1764669116.979436,55853,1,4429.803223,4439.205078,4544.008789,4550.692383,4427.290527,4557.393066,4574.794922,4409.598145,4587.658203,4434.01709,4533.880371,4567.316406,4612.01709,4427.401855,4434.213867,4563.717773,4600.128418,4595.436035,4557.393066,4421.358887,4433.316406,4620.666504,4575.256348,4551.649414,4429.350586,4615.187988,4436.94873,4610.846191,4537.854492,4435.572754,4580.812012,4557.700684,0,0,5,0,0,,,,0,4,4,4,4,4,4,4,4,4,4,4,4,4,4,4,4,4,4,4,4,4,4,4,4,4,4,4,4,4,4,4,4,100,,,,,,,,,,,,,,,,,,,,,,,,,,,,,,,,,,,,,,,,,,,,,,,,,,,,,,,,,,,,,,,,,,,,,,,,,,,,,,,,,,,,,,,,,,,,,,,,,,,,,,,,,,,,,,,,,,,,,,,,,,,,,,,,,,,,,,,,,,,,,,,,,,,,,,,,,,,,,,,,,,,,,,,,,,,,,,,,,,,,,,,,,,,,,,,,,,,,,,,,,,,,,,
1764669116.983342,55854,1,4431.333496,4442.358887,4548.94873,4553.743652,4430.333496,4560.256348,4576.436035,4412.128418,4590.025879,4435,4535.102539,4569,4612.077148,4427.205078,4431.358887,4561.282227,4600.897461,4592.589844,4554.871582,4421.641113,4434.820313,4621.358887,4576.666504,4553.025879,4433.307617,4617.358887,4438.282227,4612.922852,4539.205078,4437.102539,4583.461426,4562.461426,0,0,5,0,0,,,,0,4,4,4,4,4,4,4,4,4,4,4,4,4,4,4,4,4,4,4,4,4,4,4,4,4,4,4,4,4,4,4,4,100,,,,,,,,,,,,,,,,,,,,,,,,,,,,,,,,,,,,,,,,,,,,,,,,,,,,,,,,,,,,,,,,,,,,,,,,,,,,,,,,,,,,,,,,,,,,,,,,,,,,,,,,,,,,,,,,,,,,,,,,,,,,,,,,,,,,,,,,,,,,,,,,,,,,,,,,,,,,,,,,,,,,,,,,,,,,,,,,,,,,,,,,,,,,,,,,,,,,,,,,,,,,,,
1764669116.987248,55855,1,4432.863281,4445.512695,4553.888672,4556.794922,4433.375977,4563.119629,4578.077148,4414.658203,4592.393066,4435.98291,4536.324707,4570.683594,4612.136719,4427.008789,4428.504395,4558.846191,4601.666504,4589.743652,4552.350586,4421.922852,4436.324707,4622.05127,4578.077148,4554.401855,4437.265137,4619.529785,4439.615234,4615,4540.555664,4438.632324,4586.111328,4567.222168,0,0,5,0,0,,,,0,4,4,4,4,4,4,4,4,4,4,4,4,4,4,4,4,4,4,4,4,4,4,4,4,4,4,4,4,4,4,4,4,100,,,,,,,,,,,,,,,,,,,,,,,,,,,,,,,,,,,13962,1,0.594172,-0.320419,-0.341751,0.653824,0.992675,-0.060554,-0.127091,17.833334,40.583332,-22.125,,,,,,,,,,,,,,,,,,,,,,,,,,,,,,,,,,,,,,,,,,,,,,,,,,,,,,,,,,,,,,,,,,,,,,,,,,,,,,,,,,,,,,,,,,,,,,,,,,,,,,,,,,,,,,,,,,,,,,,,,,,,,,,,,,,,,,,,,,,,,,,,,,,,,,,,,,,,,,,,
1764669116.991154,55856,1,4434.393066,4448.666504,4558.829102,4559.846191,4436.418945,4565.98291,4579.717773,4417.187988,4594.760742,4436.96582,4537.546875,4572.367676,4612.196777,4426.812012,4425.649414,4556.410156,4602.436035,4586.897461,4549.829102,4422.205078,4437.829102,4622.743652,4579.487305,4555.777832,4441.222168,4621.700684,4440.94873,4617.077148,4541.905762,4440.162598,4588.760742,4571.98291,0,0,5,0,0,,,,0,4,4,4,4,4,4,4,4,4,4,4,4,4,4,4,4,4,4,4,4,4,4,4,4,4,4,4,4,4,4,4,4,100,,,,,,,,,,,,,,,,,,,,,,,,,,,,,,,,,,,,,,,,,,,,,,,,,,,,,,,,,,,,,,,,,,,,,,,,,,,,,,,,,,,,,,,,,,,,,,,,,,,,,,,,,,,,,,,,,,,,,,,,,,,,,,,,,,,,,,,,,,,,,,,,,,,,,,,,,,,,,,,,,,,,,,,,,,,,,,,,,,,,,,,,,,,,,,,,,,,,,,,,,,,,,,
1764669116.995060,55857,1,4435.922852,4451.820313,4563.769043,4562.897461,4439.461426,4568.846191,4581.358887,4419.717773,4597.128418,4437.94873,4538.769043,4574.05127,4612.256348,4426.615234,4422.794922,4553.974121,4603.205078,4584.05127,4547.307617,4422.487305,4439.333496,4623.436035,4580.897461,4557.153809,4445.179688,4623.871582,4442.282227,4619.153809,4543.256348,4441.692383,4591.410156,4576.743652,0,0,5,0,0,,,,0,4,4,4,4,4,4,4,4,4,4,4,4,4,4,4,4,4,4,4,4,4,4,4,4,4,4,4,4,4,4,4,4,100,,,,,,,,,,,,,,,,,,,,,,,,,,,,,,,,,,,13963,1,0.592937,-0.319916,-0.341644,0.655243,0.992553,-0.083506,-0.133073,17.833334,40.166668,-22.25,,,,,,,,,,,,,,,,,,,,,,,,,,,,,,,,,,,,,,,,,,,,,,,,,,,,,,,,,,,,,,,,,,,,,,,,,,,,,,,,,,,,,,,,,,,,,,,,,,,,,,,,,,,,,,,,,,,,,,,,,,,,,,,,,,,,,,,,,,,,,,,,,,,,,,,,,,,,,,,,
1764669116.998966,55858,1,4437.453125,4454.974121,4568.709473,4565.94873,4442.504395,4571.709473,4583,4422.248047,4599.495605,4438.931641,4539.991211,4575.734863,4612.316406,4426.418945,4419.939941,4551.538574,4603.974121,4581.205078,4544.786133,4422.769043,4440.837402,4624.128418,4582.307617,4558.529785,4449.136719,4626.042969,4443.615234,4621.230957,4544.606934,4443.222168,4594.060059,4581.504395,0,0,5,0,0,,,,0,4,4,4,4,4,4,4,4,4,4,4,4,4,4,4,4,4,4,4,4,4,4,4,4,4,4,4,4,4,4,4,4,100,,,,,,,,,,,,,,,,,,,,,,,,,,,,,,,,,,,,,,,,,,,,,,,,,,,,,,,,,,,,,,,,,,,,,,,,,,,,,,,,,,,,,,,,,,,,,,,,,,,,,,,,,,,,,,,,,,,,,,,,,,,,,,,,,,,,,,,,,,,,,,,,,,,,,,,,,,,,,,,,,,,,,,,,,,,,,,,,,,,,,,,,,,,,,,,,,,,,,,,,,,,,,,
1764669117.002872,55859,1,4438.98291,4458.128418,4573.649414,4569,4445.546875,4574.572754,4584.641113,4424.777832,4601.863281,4439.914551,4541.213867,4577.418945,4612.375977,4426.222168,4417.085449,4549.102539,4604.743652,4578.358887,4542.265137,4423.05127,4442.341797,4624.820313,4583.717773,4559.905762,4453.094238,4628.213867,4444.94873,4623.307617,4545.957031,4444.751953,4596.709473,4586.265137,0,0,5,0,0,,,,0,4,4,4,4,4,4,4,4,4,4,4,4,4,4,4,4,4,4,4,4,4,4,4,4,4,4,4,4,4,4,4,4,100,,,,,,,,,,,,,,,,,,,,,,,,,,,,,,,,,,,13964,1,0.591702,-0.319412,-0.341537,0.656662,0.992431,-0.106458,-0.139055,17.833334,39.75,-22.375,,,,,,,,,,,,,,,,,,,,,,,,,,,,,,,,,,,,,,,,,,,,,,,,,,,,,,,,,,,,,,,,,,,,,,,,,,,,,,,,,,,,,,,,,,,,,,,,,,,,,,,,,,,,,,,,,,,,,,,,,,,,,,,,,,,,,,,,,,,,,,,,,,,,,,,,,,,,,,,,
1764669117.006778,55860,0,4440.512695,4461.282227,4578.589844,4572.05127,4448.589844,4577.436035,4586.282227,4427.307617,4604.230957,4440.897461,4542.436035,4579.102539,4612.436035,4426.025879,4414.230957,4546.666504,4605.512695,4575.512695,4539.743652,4423.333496,4443.846191,4625.512695,4585.128418,4561.282227,4457.05127,4630.384766,4446.282227,4625.384766,4547.307617,4446.282227,4599.358887,4591.025879,2622,0,5,2573,61208,,,,0,4,4,4,4,4,4,4,4,4,4,4,4,4,4,4,4,4,4,4,4,4,4,4,4,4,4,4,4,4,4,4,4,100,,,,,,,,,,,,,,,,,,,,,,,,,,,,,,,,,,,,,,,,,,,,,,,,,,,,,,,,,,,,,,,,,,,,,,,,,,,,,,,,,,,,,,,,,,,,,,,,,,,,,,,,,,,,,,,,,,,,,,,,,,,,,,,,,,,,,,,,,,,,,,,,,,,,,,,,,,,,,,,,,,,,,,,,,,,,,,,,,,,,,,,,,,,,,,,,,,,,,,,,,,,,,,
1764669117.010684,55861,0,4461.153809,4479.102539,4598.589844,4589.102539,4470,4594.102539,4606.538574,4451.922852,4621.153809,4453.205078,4557.436035,4595.128418,4628.974121,4434.230957,4427.820313,4556.538574,4623.205078,4592.692383,4552.307617,4437.179688,4458.589844,4646.282227,4603.717773,4580.769043,4451.794922,4645.512695,4469.871582,4647.307617,4561.922852,4463.974121,4614.230957,4610,2843,0,5,2573,61208,,,,0,4,4,4,4,4,4,4,4,4,4,4,4,4,4,4,4,4,4,4,4,4,4,4,4,4,4,4,4,4,4,4,4,100,,,,,,,,,,,,,,,,,,,,,,,,,,,,,,,,,,,13965,0,0.590467,-0.318909,-0.341431,0.658081,0.992309,-0.12941,-0.145037,17.833334,39.333332,-22.5,,,,,,,,,,,,,,,,,,,,,,,,,,,,,,,,,,,,,,,,,,,,,,,,,,,,,,,,,,,,,,,,,,,,,,,,,,,,,,,,,,,,,,,,,,,,,,,,,,,,,,,,,,,,,,,,,,,,,,,,,,,,,,,,,,,,,,,,,,,,,,,,,,,,,,,,,,,,,,,,
1764669117.014590,55862,0,4464.871582,4478.461426,4602.94873,4591.794922,4475.128418,4594.102539,4612.05127,4461.153809,4619.230957,4452.307617,4557.692383,4592.820313,4633.205078,4433.846191,4430.256348,4551.794922,4626.282227,4595.128418,4556.922852,4439.615234,4460.641113,4649.743652,4606.025879,4580.897461,4439.230957,4642.692383,4473.717773,4649.743652,4563.974121,4467.436035,4611.282227,4611.282227,2932,0,5,2574,61216,,,,0,4,4,4,4,4,4,4,4,4,4,4,4,4,4,4,4,4,4,4,4,4,4,4,4,4,4,4,4,4,4,4,4,100,,,,,,,,,,,,,,,,,,,,,,,,,,,,,,,,,,,,,,,,,,,,,,,,,,,,,,,,,,,,,,,,,,,,,,,,,,,,,,,,,,,,,,,,,,,,,,,,,,,,,,,,,,,,,,,,,,,,,,,,,,,,,,,,,,,,,,,,,,,,,,,,,,,,,,,,,,,,,,,,,,,,,,,,,,,,,,,,,,,,,,,,,,,,,,,,,,,,,,,,,,,,,,
1764669117.018496,55863,0,4447.05127,4457.436035,4588.461426,4574.743652,4458.974121,4574.743652,4596.922852,4446.153809,4594.487305,4428.333496,4541.538574,4570.384766,4620.897461,4420.897461,4417.436035,4530.512695,4610.128418,4578.333496,4546.922852,4424.871582,4444.358887,4632.436035,4588.846191,4560,4421.025879,4620.769043,4453.205078,4628.846191,4550.384766,4452.05127,4588.589844,4594.102539,2852,0,5,2574,61216,,,,0,4,4,4,4,4,4,4,4,4,4,4,4,4,4,4,4,4,4,4,4,4,4,4,4,4,4,4,4,4,4,4,4,100,,,,,,,,,,,,,,,,,,,,,,,,,,,,,,,,,,,,,,,,,,,,,,,,,,,,,,,,,,,,,,,,,,,,,,,,,,,,,,,,,,,,,,,,,,,,,,,,,,,,,,,,,,,,,,,,,,,,,,,,,,,,,,,,,,,,,,,,,,,,,,,,,,,,,,,,,,,,,,,,,,,,,,,,,,,,,,,,,,,,,,,,,,,,,,,,,,,,,,,,,,,,,,
1764669117.022402,55864,0,4416.282227,4425.769043,4563.461426,4544.615234,4428.717773,4544.230957,4567.05127,4412.563965,4556.410156,4385.128418,4516.666504,4538.205078,4597.436035,4400.384766,4396.922852,4502.692383,4581.538574,4551.282227,4526.922852,4398.333496,4414.615234,4603.205078,4560.512695,4528.974121,4398.205078,4589.487305,4419.102539,4594.615234,4527.820313,4425,4556.282227,4568.077148,2699,0,5,2575,61223,,,,0,4,4,4,4,4,4,4,4,4,4,4,4,4,4,4,4,4,4,4,4,4,4,4,4,4,4,4,4,4,4,4,4,100,0.667969,25,4,4,3,4,4,4,4,4,4,1,4,4,4,4,4,4,4,3,3,4,3,4,4,4,1,4,3,4,4,4,3,1,,,,,,,,,,,,,1.991595,2.383625,1.855181,1.50267,0.724547,8.450871,3.225029,1.767023,1.774814,0.894916,34.012226,5.480122,2.933629,1.216512,0.896542,5.840824,2.369871,1.858997,2.226992,0.864962,7.741315,3.438,1.971824,1.924155,0.971095,2.775403,2.625706,1.560686,1.472838,0.702318,2.541632,2.546146,2.227797,1.499778,0.851185,4.494775,2.317223,2.086916,2.582839,1.018148,3.325655,1.794519,1.156728,1.402183,0.960659,5.180135,3.527321,3.510409,2.384774,1.786464,1.057716,1.616258,1.882061,1.307103,0.676353,1.823694,2.167926,2.406317,1.411485,0.75655,2.367003,1.886458,1.830347,1.170232,0.681073,1.247769,0.55388,0.750614,0.525167,0.397446,1.4627,1.376516,1.682131,1.33834,0.768675,2.349353,1.734624,1.582983,2.223443,1.02787,4.125815,2.97046,2.406697,1.944626,0.860743,3.807829,2.630125,3.185767,2.887061,1.130875,1.942663,2.983046,2.961606,2.084804,0.988166,1.762523,2.249856,2.136084,1.445838,0.727977,3.041919,2.702631,2.831803,1.898563,1.071332,4.285775,2.888533,2.909748,2.026748,0.912811,2.8088,2.144652,1.847295,1.487617,0.672653,5.377762,2.989655,2.026316,1.784641,0.848641,7.84885,5.073456,6.607637,2.986805,3.425358,4.712832,1.91839,1.529801,1.358032,0.655686,6.712739,3.686956,2.628022,2.09967,0.870629,4.349177,2.973738,2.142412,2.043337,0.783612,1.600544,1.255485,0.814033,0.849911,0.366787,10.386352,3.174654,1.872642,2.274731,0.826589,8.710943,3.126384,2.309453,1.144226,1.039999,42.864956,15.067644,5.577609,2.0926,1.444644
1764669117.026308,55865,0,4389.358887,4399.615234,4543.205078,4517.436035,4400.769043,4517.94873,4537.179688,4378.717773,4523.589844,4342.820313,4496.538574,4513.077148,4575.256348,4382.820313,4381.410156,4483.974121,4554.743652,4529.871582,4509.615234,4375.256348,4385.384766,4577.692383,4536.153809,4504.487305,4373.717773,4563.205078,4390.897461,4564.871582,4509.230957,4401.666504,4531.666504,4550.128418,2893,0,5,2575,61223,,,,0,4,4,4,4,4,4,4,4,4,4,4,4,4,4,4,4,4,4,4,4,4,4,4,4,4,4,4,4,4,4,4,4,100,,,,,,,,,,,,,,,,,,,,,,,,,,,,,,,,,,,13966,0,0.590471,-0.31781,-0.34021,0.659241,0.990844,-0.104505,-0.143084,14.833333,39.5,-23.5,,,,,,,,,,,,,,,,,,,,,,,,,,,,,,,,,,,,,,,,,,,,,,,,,,,,,,,,,,,,,,,,,,,,,,,,,,,,,,,,,,,,,,,,,,,,,,,,,,,,,,,,,,,,,,,,,,,,,,,,,,,,,,,,,,,,,,,,,,,,,,,,,,,,,,,,,,,,,,,,
1764669117.030214,55866,0,4380,4391.153809,4541.282227,4508.846191,4390,4507.820313,4521.794922,4362.820313,4511.538574,4325.512695,4490.256348,4505.897461,4564.487305,4375.512695,4378.333496,4483.461426,4542.436035,4523.846191,4504.743652,4368.846191,4370.384766,4567.563965,4526.922852,4497.563965,4355.641113,4553.205078,4383.589844,4553.717773,4504.358887,4395.128418,4527.692383,4553.333496,1794,0,5,2317,61231,,,,0,4,4,4,4,4,4,4,4,4,4,4,4,4,4,4,4,4,4,4,4,4,4,4,4,4,4,4,4,4,4,4,4,100,,,,,,,,,,,,,,,,,,,,,,,,,,,,,,,,,,,,,,,,,,,,,,,,,,,,,,,,,,,,,,,,,,,,,,,,,,,,,,,,,,,,,,,,,,,,,,,,,,,,,,,,,,,,,,,,,,,,,,,,,,,,,,,,,,,,,,,,,,,,,,,,,,,,,,,,,,,,,,,,,,,,,,,,,,,,,,,,,,,,,,,,,,,,,,,,,,,,,,,,,,,,,,
1764669117.034120,55867,0,4389.102539,4401.538574,4559.743652,4521.794922,4400.512695,4515.512695,4525.384766,4370.512695,4523.077148,4342.05127,4496.794922,4515.384766,4566.666504,4377.94873,4385.128418,4498.589844,4546.410156,4531.153809,4511.538574,4379.871582,4373.717773,4572.307617,4532.94873,4506.538574,4354.358887,4560.256348,4396.794922,4562.179688,4513.461426,4406.794922,4543.077148,4577.436035,2438,0,5,2317,61231,,,,0,4,4,4,4,4,4,4,4,4,4,4,4,4,4,4,4,4,4,4,4,4,4,4,4,4,4,4,4,4,4,4,4,100,,,,,,,,,,,,,,,,,,,,,,,,,,,,,,,,,,,,,,,,,,,,,,,,,,,,,,,,,,,,,,,,,,,,,,,,,,,,,,,,,,,,,,,,,,,,,,,,,,,,,,,,,,,,,,,,,,,,,,,,,,,,,,,,,,,,,,,,,,,,,,,,,,,,,,,,,,,,,,,,,,,,,,,,,,,,,,,,,,,,,,,,,,,,,,,,,,,,,,,,,,,,,,
1764669117.038026,55868,0,4406.794922,4421.794922,4588.461426,4545.512695,4423.589844,4533.077148,4541.410156,4392.179688,4546.538574,4378.589844,4507.820313,4531.153809,4576.282227,4384.871582,4393.589844,4520.641113,4559.487305,4545.512695,4523.077148,4398.333496,4389.487305,4583.589844,4546.025879,4520.512695,4375.897461,4576.538574,4416.794922,4579.615234,4528.077148,4426.282227,4564.358887,4608.077148,2630,0,5,2571,61239,,,,0,4,4,4,4,4,4,4,4,4,4,4,4,4,4,4,4,4,4,4,4,4,4,4,4,4,4,4,4,4,4,4,4,100,,,,,,,,,,,,,,,,,,,,,,,,,,,,,,,,,,,,,,,,,,,,,,,,,,,,,,,,,,,,,,,,,,,,,,,,,,,,,,,,,,,,,,,,,,,,,,,,,,,,,,,,,,,,,,,,,,,,,,,,,,,,,,,,,,,,,,,,,,,,,,,,,,,,,,,,,,,,,,,,,,,,,,,,,,,,,,,,,,,,,,,,,,,,,,,,,,,,,,,,,,,,,,
1764669117.041932,55869,0,4421.153809,4440.897461,4612.692383,4563.589844,4445.384766,4549.743652,4558.589844,4411.538574,4566.794922,4409.102539,4515.512695,4543.205078,4586.153809,4391.282227,4398.461426,4542.436035,4572.692383,4563.717773,4536.025879,4413.077148,4408.077148,4593.461426,4557.179688,4529.871582,4413.974121,4591.666504,4428.077148,4593.846191,4538.974121,4441.666504,4576.666504,4628.717773,2475,0,5,2571,61239,,,,0,4,4,4,4,4,4,4,4,4,4,4,4,4,4,4,4,4,4,4,4,4,4,4,4,4,4,4,4,4,4,4,4,100,,,,,,,,,,,,,,,,,,,,,,,,,,,,,,,,,,,13967,0,0.591087,-0.317444,-0.3396,0.65918,0.990844,-0.104505,-0.143084,16.666666,39.833332,-20.833334,,,,,,,,,,,,,,,,,,,,,,,,,,,,,,,,,,,,,,,,,,,,,,,,,,,,,,,,,,,,,,,,,,,,,,,,,,,,,,,,,,,,,,,,,,,,,,,,,,,,,,,,,,,,,,,,,,,,,,,,,,,,,,,,,,,,,,,,,,,,,,,,,,,,,,,,,,,,,,,,
1764669117.045838,55870,0,4426.922852,4452.563965,4623.717773,4567.179688,4456.794922,4559.487305,4569.102539,4418.205078,4575.256348,4416.282227,4518.333496,4548.205078,4593.205078,4396.538574,4400,4559.743652,4581.666504,4586.153809,4551.666504,4419.358887,4423.846191,4600.384766,4563.461426,4532.692383,4451.282227,4600,4424.871582,4599.487305,4542.307617,4447.820313,4575.641113,4632.692383,2734,0,5,2572,61247,,,,0,4,4,4,4,4,4,4,4,4,4,4,4,4,4,4,4,4,4,4,4,4,4,4,4,4,4,4,4,4,4,4,4,100,,,,,,,,,,,,,,,,,,,,,,,,,,,,,,,,,,,,,,,,,,,,,,,,,,,,,,,,,,,,,,,,,,,,,,,,,,,,,,,,,,,,,,,,,,,,,,,,,,,,,,,,,,,,,,,,,,,,,,,,,,,,,,,,,,,,,,,,,,,,,,,,,,,,,,,,,,,,,,,,,,,,,,,,,,,,,,,,,,,,,,,,,,,,,,,,,,,,,,,,,,,,,,
1764669117.049744,55871,0,4427.05127,4457.05127,4624.230957,4560.384766,4458.589844,4563.077148,4572.179688,4413.974121,4574.487305,4404.487305,4519.743652,4549.102539,4598.333496,4402.692383,4401.282227,4570,4587.179688,4609.487305,4570.641113,4419.743652,4436.153809,4607.436035,4567.820313,4534.230957,4468.333496,4602.563965,4413.846191,4599.615234,4541.410156,4449.102539,4568.205078,4627.563965,2745,0,5,2572,61247,,,,0,4,4,4,4,4,4,4,4,4,4,4,4,4,4,4,4,4,4,4,4,4,4,4,4,4,4,4,4,4,4,4,4,100,,,,,,,,,,,,,,,,,,,,,,,,,,,,,,,,,,,,,,,,,,,,,,,,,,,,,,,,,,,,,,,,,,,,,,,,,,,,,,,,,,,,,,,,,,,,,,,,,,,,,,,,,,,,,,,,,,,,,,,,,,,,,,,,,,,,,,,,,,,,,,,,,,,,,,,,,,,,,,,,,,,,,,,,,,,,,,,,,,,,,,,,,,,,,,,,,,,,,,,,,,,,,,
1764669117.053650,55872,0,4426.922852,4459.102539,4624.615234,4555.128418,4458.077148,4565.641113,4572.05127,4408.461426,4572.179688,4393.461426,4522.436035,4550.512695,4602.563965,4411.410156,4404.358887,4571.922852,4591.538574,4625.897461,4587.692383,4418.974121,4444.487305,4615.769043,4573.077148,4538.205078,4457.307617,4603.846191,4407.436035,4600.897461,4541.794922,4452.307617,4566.282227,4626.922852,2828,0,5,2573,61255,,,,0,4,4,4,4,4,4,4,4,4,4,4,4,4,4,4,4,4,4,4,4,4,4,4,4,4,4,4,4,4,4,4,4,100,,,,,,,,,,,,,,,,,,,,,,,,,,,,,,,,,,,,,,,,,,,,,,,,,,,,,,,,,,,,,,,,,,,,,,,,,,,,,,,,,,,,,,,,,,,,,,,,,,,,,,,,,,,,,,,,,,,,,,,,,,,,,,,,,,,,,,,,,,,,,,,,,,,,,,,,,,,,,,,,,,,,,,,,,,,,,,,,,,,,,,,,,,,,,,,,,,,,,,,,,,,,,,
1764669117.057556,55873,0,4429.358887,4462.05127,4632.563965,4559.487305,4461.282227,4570.128418,4572.563965,4409.871582,4573.333496,4398.589844,4525,4553.077148,4605.128418,4420.769043,4408.205078,4567.05127,4593.974121,4627.94873,4593.333496,4418.461426,4446.922852,4621.794922,4577.820313,4543.077148,4427.94873,4605.897461,4412.179688,4605.641113,4545.769043,4459.358887,4574.871582,4638.077148,2915,0,5,2573,61255,,,,0,4,4,4,4,4,4,4,4,4,4,4,4,4,4,4,4,4,4,4,4,4,4,4,4,4,4,4,4,4,4,4,4,100,,,,,,,,,,,,,,,,,,,,,,,,,,,,,,,,,,,13968,0,0.591975,-0.317078,-0.338867,0.658936,0.982542,-0.123062,-0.098645,14.666667,39,-21.666666,,,,,,,,,,,,,,,,,,,,,,,,,,,,,,,,,,,,,,,,,,,,,,,,,,,,,,,,,,,,,,,,,,,,,,,,,,,,,,,,,,,,,,,,,,,,,,,,,,,,,,,,,,,,,,,,,,,,,,,,,,,,,,,,,,,,,,,,,,,,,,,,,,,,,,,,,,,,,,,,
1764669117.061462,55874,0,4432.179688,4465.897461,4646.410156,4571.538574,4467.692383,4574.615234,4573.974121,4418.461426,4576.794922,4418.077148,4523.589844,4553.461426,4603.717773,4426.153809,4409.743652,4558.589844,4591.410156,4613.717773,4580.512695,4416.025879,4440.641113,4619.487305,4577.563965,4543.461426,4401.666504,4606.666504,4424.487305,4609.871582,4550.641113,4465,4588.974121,4656.794922,2699,0,5,2574,61262,,,,0,4,4,4,4,4,4,4,4,4,4,4,4,4,4,4,4,4,4,4,4,4,4,4,4,4,4,4,4,4,4,4,4,100,,,,,,,,,,,,,,,,,,,,,,,,,,,,,,,,,,,,,,,,,,,,,,,,,,,,,,,,,,,,,,,,,,,,,,,,,,,,,,,,,,,,,,,,,,,,,,,,,,,,,,,,,,,,,,,,,,,,,,,,,,,,,,,,,,,,,,,,,,,,,,,,,,,,,,,,,,,,,,,,,,,,,,,,,,,,,,,,,,,,,,,,,,,,,,,,,,,,,,,,,,,,,,
1764669117.065368,55875,0,4431.794922,4467.563965,4657.563965,4582.563965,4472.05127,4576.153809,4574.230957,4428.205078,4578.717773,4435.641113,4517.05127,4548.846191,4596.922852,4424.871582,4405.384766,4547.563965,4581.666504,4587.179688,4550.256348,4407.94873,4425.512695,4607.179688,4569.358887,4535.769043,4396.025879,4603.205078,4434.102539,4608.077148,4552.05127,4462.94873,4597.436035,4671.282227,2865,0,5,2574,61262,,,,0,4,4,4,4,4,4,4,4,4,4,4,4,4,4,4,4,4,4,4,4,4,4,4,4,4,4,4,4,4,4,4,4,100,,,,,,,,,,,,,,,,,,,,,,,,,,,,,,,,,,,,,,,,,,,,,,,,,,,,,,,,,,,,,,,,,,,,,,,,,,,,,,,,,,,,,,,,,,,,,,,,,,,,,,,,,,,,,,,,,,,,,,,,,,,,,,,,,,,,,,,,,,,,,,,,,,,,,,,,,,,,,,,,,,,,,,,,,,,,,,,,,,,,,,,,,,,,,,,,,,,,,,,,,,,,,,
1764669117.069274,55876,0,4427.307617,4465.641113,4658.974121,4585.641113,4470.512695,4573.974121,4572.436035,4433.205078,4577.94873,4435.769043,4508.589844,4540.769043,4586.922852,4418.205078,4394.487305,4531.794922,4566.922852,4554.871582,4512.179688,4393.461426,4405.641113,4589.358887,4555.512695,4522.436035,4414.102539,4595.384766,4433.974121,4598.846191,4548.589844,4452.94873,4593.205078,4672.692383,2765,0,5,2575,61270,,,,0,4,4,4,4,4,4,4,4,4,4,4,4,4,4,4,4,4,4,4,4,4,4,4,4,4,4,4,4,4,4,4,4,100,,,,,,,,,,,,,,,,,,,,,,,,,,,,,,,,,,,,,,,,,,,,,,,,,,,,,,,,,,,,,,,,,,,,,,,,,,,,,,,,,,,,,,,,,,,,,,,,,,,,,,,,,,,,,,,,,,,,,,,,,,,,,,,,,,,,,,,,,,,,,,,,,,,,,,,,,,,,,,,,,,,,,,,,,,,,,,,,,,,,,,,,,,,,,,,,,,,,,,,,,,,,,,
1764669117.073180,55877,0,4421.666504,4461.153809,4651.025879,4581.282227,4463.974121,4570.128418,4570.128418,4432.692383,4576.794922,4418.461426,4503.974121,4533.717773,4578.205078,4410.128418,4380.256348,4508.333496,4553.205078,4522.820313,4478.846191,4375.897461,4388.717773,4573.846191,4542.820313,4509.743652,4444.102539,4586.666504,4424.871582,4586.153809,4542.05127,4441.410156,4578.717773,4662.05127,2838,0,5,2575,61270,,,,0,4,4,4,4,4,4,4,4,4,4,4,4,4,4,4,4,4,4,4,4,4,4,4,4,4,4,4,4,4,4,4,4,100,,,,,,,,,,,,,,,,,,,,,,,,,,,,,,,,,,,13969,0,0.592529,-0.317017,-0.338074,0.658875,1.015261,-0.122574,-0.093273,14.666667,39,-21.666666,,,,,,,,,,,,,,,,,,,,,,,,,,,,,,,,,,,,,,,,,,,,,,,,,,,,,,,,,,,,,,,,,,,,,,,,,,,,,,,,,,,,,,,,,,,,,,,,,,,,,,,,,,,,,,,,,,,,,,,,,,,,,,,,,,,,,,,,,,,,,,,,,,,,,,,,,,,,,,,,
1764669117.077086,55878,0,4418.717773,4457.563965,4640.384766,4576.666504,4457.94873,4567.94873,4569.487305,4431.282227,4578.205078,4398.974121,4506.410156,4532.05127,4573.974121,4403.589844,4367.179688,4478.717773,4546.025879,4496.025879,4460,4362.05127,4381.025879,4566.666504,4537.179688,4503.589844,4470.256348,4581.666504,4413.461426,4576.282227,4537.05127,4434.871582,4563.846191,4649.871582,2817,0,5,2576,61278,,,,0,4,4,4,4,4,4,4,4,4,4,4,4,4,4,4,4,4,4,4,4,4,4,4,4,4,4,4,4,4,4,4,4,100,,,,,,,,,,,,,,,,,,,,,,,,,,,,,,,,,,,,,,,,,,,,,,,,,,,,,,,,,,,,,,,,,,,,,,,,,,,,,,,,,,,,,,,,,,,,,,,,,,,,,,,,,,,,,,,,,,,,,,,,,,,,,,,,,,,,,,,,,,,,,,,,,,,,,,,,,,,,,,,,,,,,,,,,,,,,,,,,,,,,,,,,,,,,,,,,,,,,,,,,,,,,,,
1764669117.080992,55879,0,4420.897461,4458.077148,4633.974121,4579.230957,4457.692383,4570.256348,4572.05127,4435.384766,4583.333496,4395.256348,4515.128418,4536.794922,4575.128418,4398.846191,4359.615234,4451.538574,4547.307617,4479.102539,4457.94873,4357.94873,4385,4569.615234,4541.538574,4506.666504,4481.922852,4583.333496,4407.563965,4574.358887,4536.666504,4436.666504,4557.436035,4645.384766,2996,0,5,2576,61278,,,,0,4,4,4,4,4,4,4,4,4,4,4,4,4,4,4,4,4,4,4,4,4,4,4,4,4,4,4,4,4,4,4,4,100,,,,,,,,,,,,,,,,,,,,,,,,,,,,,,,,,,,,,,,,,,,,,,,,,,,,,,,,,,,,,,,,,,,,,,,,,,,,,,,,,,,,,,,,,,,,,,,,,,,,,,,,,,,,,,,,,,,,,,,,,,,,,,,,,,,,,,,,,,,,,,,,,,,,,,,,,,,,,,,,,,,,,,,,,,,,,,,,,,,,,,,,,,,,,,,,,,,,,,,,,,,,,,
1764669117.084898,55880,0,4427.179688,4463.461426,4633.717773,4590.641113,4465.128418,4577.307617,4578.077148,4447.179688,4591.538574,4411.794922,4525.897461,4545.512695,4580,4395.897461,4359.358887,4437.692383,4554.743652,4476.025879,4468.461426,4365.256348,4396.153809,4580.128418,4553.333496,4517.179688,4474.743652,4592.05127,4410.128418,4582.436035,4541.666504,4444.743652,4561.025879,4647.436035,2910,0,5,2576,61286,,,,0,4,4,4,4,4,4,4,4,4,4,4,4,4,4,4,4,4,4,4,4,4,4,4,4,4,4,4,4,4,4,4,4,100,,,,,,,,,,,,,,,,,,,,,,,,,,,,,,,,,,,,,,,,,,,,,,,,,,,,,,,,,,,,,,,,,,,,,,,,,,,,,,,,,,,,,,,,,,,,,,,,,,,,,,,,,,,,,,,,,,,,,,,,,,,,,,,,,,,,,,,,,,,,,,,,,,,,,,,,,,,,,,,,,,,,,,,,,,,,,,,,,,,,,,,,,,,,,,,,,,,,,,,,,,,,,,
1764669117.088804,55881,0,4434.487305,4471.282227,4634.871582,4604.230957,4476.794922,4586.666504,4586.153809,4462.436035,4600.641113,4435.897461,4533.717773,4554.358887,4586.153809,4395.641113,4365.512695,4443.717773,4563.846191,4487.692383,4484.615234,4379.487305,4405.897461,4593.077148,4566.922852,4529.487305,4449.102539,4603.974121,4418.846191,4597.307617,4549.615234,4454.615234,4567.307617,4643.846191,2779,0,5,2576,61286,,,,0,4,4,4,4,4,4,4,4,4,4,4,4,4,4,4,4,4,4,4,4,4,4,4,4,4,4,4,4,4,4,4,4,100,,,,,,,,,,,,,,,,,,,,,,,,,,,,,,,,,,,13970,0,0.592985,-0.317078,-0.337097,0.658936,0.964473,-0.094738,-0.075204,16.666666,39,-21.666666,,,,,,,,,,,,,,,,,,,,,,,,,,,,,,,,,,,,,,,,,,,,,,,,,,,,,,,,,,,,,,,,,,,,,,,,,,,,,,,,,,,,,,,,,,,,,,,,,,,,,,,,,,,,,,,,,,,,,,,,,,,,,,,,,,,,,,,,,,,,,,,,,,,,,,,,,,,,,,,,
1764669117.092710,55882,0,4438.846191,4476.922852,4628.846191,4610.512695,4485.897461,4593.461426,4592.820313,4472.692383,4607.820313,4449.102539,4535.512695,4560.769043,4591.282227,4399.487305,4374.615234,4465.897461,4570.641113,4509.487305,4500.384766,4393.717773,4406.153809,4602.436035,4575.769043,4537.820313,4410.256348,4613.589844,4428.077148,4612.692383,4556.794922,4461.538574,4567.05127,4622.820313,2422,0,5,2576,61294,,,,0,4,4,4,4,4,4,4,4,4,4,4,4,4,4,4,4,4,4,4,4,4,4,4,4,4,4,4,4,4,4,4,4,100,,,,,,,,,,,,,,,,,,,,,,,,,,,,,,,,,,,,,,,,,,,,,,,,,,,,,,,,,,,,,,,,,,,,,,,,,,,,,,,,,,,,,,,,,,,,,,,,,,,,,,,,,,,,,,,,,,,,,,,,,,,,,,,,,,,,,,,,,,,,,,,,,,,,,,,,,,,,,,,,,,,,,,,,,,,,,,,,,,,,,,,,,,,,,,,,,,,,,,,,,,,,,,
1764669117.096616,55883,0,4438.333496,4476.410156,4611.794922,4603.333496,4486.410156,4593.461426,4594.230957,4470.897461,4610.641113,4443.974121,4531.538574,4563.333496,4593.974121,4406.282227,4382.94873,4492.307617,4573.077148,4532.307617,4512.307617,4401.922852,4396.282227,4605,4577.05127,4540,4372.692383,4616.666504,4433.077148,4621.794922,4560,4463.077148,4556.410156,4584.871582,2712,0,5,2576,61294,,,,0,4,4,4,4,4,4,4,4,4,4,4,4,4,4,4,4,4,4,4,4,4,4,4,4,4,4,4,4,4,4,4,4,100,,,,,,,,,,,,,,,,,,,,,,,,,,,,,,,,,,,,,,,,,,,,,,,,,,,,,,,,,,,,,,,,,,,,,,,,,,,,,,,,,,,,,,,,,,,,,,,,,,,,,,,,,,,,,,,,,,,,,,,,,,,,,,,,,,,,,,,,,,,,,,,,,,,,,,,,,,,,,,,,,,,,,,,,,,,,,,,,,,,,,,,,,,,,,,,,,,,,,,,,,,,,,,
1764669117.100522,55884,0,4433.461426,4468.717773,4588.205078,4585,4477.307617,4586.410156,4589.102539,4456.538574,4608.461426,4430.384766,4524.871582,4561.922852,4593.717773,4412.563965,4387.05127,4509.743652,4572.436035,4546.794922,4518.717773,4402.436035,4383.077148,4602.307617,4572.436035,4538.461426,4357.436035,4613.333496,4432.563965,4621.794922,4557.820313,4459.871582,4541.282227,4545.897461,2480,0,5,2576,61302,,,,0,4,4,4,4,4,4,4,4,4,4,4,4,4,4,4,4,4,4,4,4,4,4,4,4,4,4,4,4,4,4,4,4,100,,,,,,,,,,,,,,,,,,,,,,,,,,,,,,,,,,,,,,,,,,,,,,,,,,,,,,,,,,,,,,,,,,,,,,,,,,,,,,,,,,,,,,,,,,,,,,,,,,,,,,,,,,,,,,,,,,,,,,,,,,,,,,,,,,,,,,,,,,,,,,,,,,,,,,,,,,,,,,,,,,,,,,,,,,,,,,,,,,,,,,,,,,,,,,,,,,,,,,,,,,,,,,
1764669117.104428,55885,0,4426.922852,4455.897461,4568.974121,4563.974121,4461.666504,4575.256348,4579.230957,4436.025879,4602.307617,4424.102539,4518.461426,4556.282227,4590.897461,4414.487305,4385.512695,4512.563965,4571.153809,4548.461426,4518.589844,4396.794922,4374.871582,4598.846191,4566.410156,4537.05127,4377.94873,4607.307617,4427.692383,4614.871582,4551.153809,4453.589844,4531.666504,4525,2245,0,5,2576,61302,,,,0,4,4,4,4,4,4,4,4,4,4,4,4,4,4,4,4,4,4,4,4,4,4,4,4,4,4,4,4,4,4,4,4,100,,,,,,,,,,,,,,,,,,,,,,,,,,,,,,,,,,,13971,0,0.593539,-0.317017,-0.33606,0.658997,0.919546,-0.104505,-0.083995,16.833334,40.833332,-21.833334,,,,,,,,,,,,,,,,,,,,,,,,,,,,,,,,,,,,,,,,,,,,,,,,,,,,,,,,,,,,,,,,,,,,,,,,,,,,,,,,,,,,,,,,,,,,,,,,,,,,,,,,,,,,,,,,,,,,,,,,,,,,,,,,,,,,,,,,,,,,,,,,,,,,,,,,,,,,,,,,
1764669117.108334,55886,0,4420.384766,4441.794922,4561.922852,4547.94873,4444.615234,4564.102539,4568.974121,4417.94873,4593.846191,4429.102539,4513.333496,4546.666504,4586.025879,4410.256348,4379.743652,4505.512695,4570.512695,4540.512695,4512.94873,4388.077148,4375.512695,4596.666504,4562.307617,4536.410156,4424.487305,4601.538574,4420.384766,4604.615234,4542.820313,4444.230957,4532.820313,4529.102539,2731,0,5,2576,61309,,,,0,4,4,4,4,4,4,4,4,4,4,4,4,4,4,4,4,4,4,4,4,4,4,4,4,4,4,4,4,4,4,4,4,100,,,,,,,,,,,,,,,,,,,,,,,,,,,,,,,,,,,,,,,,,,,,,,,,,,,,,,,,,,,,,,,,,,,,,,,,,,,,,,,,,,,,,,,,,,,,,,,,,,,,,,,,,,,,,,,,,,,,,,,,,,,,,,,,,,,,,,,,,,,,,,,,,,,,,,,,,,,,,,,,,,,,,,,,,,,,,,,,,,,,,,,,,,,,,,,,,,,,,,,,,,,,,,
1764669117.112240,55887,0,4413.589844,4429.487305,4565.128418,4539.102539,4429.487305,4554.871582,4561.666504,4408.077148,4583.974121,4433.589844,4508.461426,4535.384766,4580.128418,4402.307617,4373.589844,4498.589844,4568.974121,4531.282227,4505.769043,4380.256348,4383.205078,4594.743652,4560,4533.461426,4465,4595.897461,4412.307617,4593.589844,4535.128418,4430.384766,4540,4547.05127,2447,0,5,2576,61309,,,,0,4,4,4,4,4,4,4,4,4,4,4,4,4,4,4,4,4,4,4,4,4,4,4,4,4,4,4,4,4,4,4,4,100,,,,,,,,,,,,,,,,,,,,,,,,,,,,,,,,,,,,,,,,,,,,,,,,,,,,,,,,,,,,,,,,,,,,,,,,,,,,,,,,,,,,,,,,,,,,,,,,,,,,,,,,,,,,,,,,,,,,,,,,,,,,,,,,,,,,,,,,,,,,,,,,,,,,,,,,,,,,,,,,,,,,,,,,,,,,,,,,,,,,,,,,,,,,,,,,,,,,,,,,,,,,,,
1764669117.116146,55888,0,4406.666504,4421.153809,4568.846191,4535.384766,4418.077148,4548.077148,4558.205078,4406.922852,4573.974121,4423.205078,4503.717773,4526.282227,4575.384766,4395.384766,4370.512695,4498.333496,4565.641113,4527.94873,4502.692383,4377.179688,4392.307617,4590.641113,4557.307617,4525.256348,4467.436035,4588.589844,4404.871582,4582.94873,4529.743652,4413.333496,4543.846191,4559.743652,2888,0,5,2576,61317,,,,0,4,4,4,4,4,4,4,4,4,4,4,4,4,4,4,4,4,4,4,4,4,4,4,4,4,4,4,4,4,4,4,4,100,,,,,,,,,,,,,,,,,,,,,,,,,,,,,,,,,,,,,,,,,,,,,,,,,,,,,,,,,,,,,,,,,,,,,,,,,,,,,,,,,,,,,,,,,,,,,,,,,,,,,,,,,,,,,,,,,,,,,,,,,,,,,,,,,,,,,,,,,,,,,,,,,,,,,,,,,,,,,,,,,,,,,,,,,,,,,,,,,,,,,,,,,,,,,,,,,,,,,,,,,,,,,,
1764669117.120052,55889,0,4401.282227,4417.307617,4564.230957,4534.871582,4412.563965,4544.487305,4558.205078,4411.282227,4567.692383,4398.077148,4501.538574,4523.846191,4574.487305,4393.974121,4371.282227,4503.077148,4561.410156,4531.666504,4505.897461,4380.128418,4398.461426,4584.358887,4553.589844,4513.461426,4428.077148,4580,4400,4574.871582,4527.563965,4398.846191,4539.743652,4556.410156,2941,0,5,2576,61317,,,,0,4,4,4,4,4,4,4,4,4,4,4,4,4,4,4,4,4,4,4,4,4,4,4,4,4,4,4,4,4,4,4,4,100,,,,,,,,,,,,,,,,,,,,,,,,,,,,,,,,,,,13972,0,0.59469,-0.316833,-0.335632,0.658264,0.978147,-0.11769,-0.092296,15.166667,40.333332,-22.666666,,,,,,,,,,,,,,,,,,,,,,,,,,,,,,,,,,,,,,,,,,,,,,,,,,,,,,,,,,,,,,,,,,,,,,,,,,,,,,,,,,,,,,,,,,,,,,,,,,,,,,,,,,,,,,,,,,,,,,,,,,,,,,,,,,,,,,,,,,,,,,,,,,,,,,,,,,,,,,,,
1764669117.123958,55890,0,4401.025879,4418.846191,4551.538574,4539.230957,4415.384766,4545.512695,4562.05127,4417.179688,4569.487305,4375.769043,4505.641113,4530.128418,4579.102539,4399.230957,4374.102539,4507.05127,4559.615234,4538.333496,4513.333496,4387.179688,4401.282227,4579.358887,4550.897461,4505.128418,4377.179688,4574.615234,4398.589844,4572.179688,4529.102539,4392.94873,4530.641113,4542.307617,1782,0,5,2576,61325,,,,0,4,4,4,4,4,4,4,4,4,4,4,4,4,4,4,4,4,4,4,4,4,4,4,4,4,4,4,4,4,4,4,4,100,,,,,,,,,,,,,,,,,,,,,,,,,,,,,,,,,,,,,,,,,,,,,,,,,,,,,,,,,,,,,,,,,,,,,,,,,,,,,,,,,,,,,,,,,,,,,,,,,,,,,,,,,,,,,,,,,,,,,,,,,,,,,,,,,,,,,,,,,,,,,,,,,,,,,,,,,,,,,,,,,,,,,,,,,,,,,,,,,,,,,,,,,,,,,,,,,,,,,,,,,,,,,,
1764669117.127864,55891,0,4407.563965,4425.128418,4538.846191,4550.256348,4426.666504,4552.307617,4570.128418,4423.077148,4580.384766,4376.922852,4516.794922,4542.563965,4589.102539,4409.102539,4377.94873,4507.820313,4563.974121,4544.871582,4521.282227,4395.256348,4403.846191,4579.487305,4552.179688,4506.410156,4356.153809,4577.179688,4399.358887,4576.922852,4533.717773,4398.077148,4523.846191,4531.538574,2744,0,5,2576,61325,,,,0,4,4,4,4,4,4,4,4,4,4,4,4,4,4,4,4,4,4,4,4,4,4,4,4,4,4,4,4,4,4,4,4,100,,,,,,,,,,,,,,,,,,,,,,,,,,,,,,,,,,,,,,,,,,,,,,,,,,,,,,,,,,,,,,,,,,,,,,,,,,,,,,,,,,,,,,,,,,,,,,,,,,,,,,,,,,,,,,,,,,,,,,,,,,,,,,,,,,,,,,,,,,,,,,,,,,,,,,,,,,,,,,,,,,,,,,,,,,,,,,,,,,,,,,,,,,,,,,,,,,,,,,,,,,,,,,
1764669117.131770,55892,0,4418.974121,4433.717773,4534.358887,4564.743652,4441.025879,4562.692383,4580.897461,4428.846191,4595,4406.538574,4531.025879,4555.897461,4600.897461,4418.589844,4382.05127,4508.589844,4574.871582,4551.025879,4527.307617,4401.153809,4409.102539,4585.512695,4558.077148,4516.666504,4382.94873,4588.077148,4400.256348,4586.922852,4539.358887,4410,4523.717773,4533.717773,2592,0,5,2570,61333,,,,0,4,4,4,4,4,4,4,4,4,4,4,4,4,4,4,4,4,4,4,4,4,4,4,4,4,4,4,4,4,4,4,4,100,,,,,,,,,,,,,,,,,,,,,,,,,,,,,,,,,,,,,,,,,,,,,,,,,,,,,,,,,,,,,,,,,,,,,,,,,,,,,,,,,,,,,,,,,,,,,,,,,,,,,,,,,,,,,,,,,,,,,,,,,,,,,,,,,,,,,,,,,,,,,,,,,,,,,,,,,,,,,,,,,,,,,,,,,,,,,,,,,,,,,,,,,,,,,,,,,,,,,,,,,,,,,,
1764669117.135676,55893,0,4429.358887,4440.897461,4538.717773,4575,4450.256348,4571.922852,4590,4433.846191,4604.743652,4448.589844,4541.025879,4563.589844,4609.102539,4422.436035,4385.512695,4512.820313,4587.179688,4556.538574,4530.256348,4402.692383,4416.025879,4593.717773,4565.128418,4528.846191,4436.025879,4601.153809,4399.871582,4596.666504,4543.205078,4420.128418,4529.358887,4545.769043,2822,0,5,2570,61333,,,,0,4,4,4,4,4,4,4,4,4,4,4,4,4,4,4,4,4,4,4,4,4,4,4,4,4,4,4,4,4,4,4,4,100,,,,,,,,,,,,,,,,,,,,,,,,,,,,,,,,,,,13973,0,0.59857,-0.315918,-0.335449,0.655273,1.025028,-0.053229,-0.082041,15.5,39,-21.666666,,,,,,,,,,,,,,,,,,,,,,,,,,,,,,,,,,,,,,,,,,,,,,,,,,,,,,,,,,,,,,,,,,,,,,,,,,,,,,,,,,,,,,,,,,,,,,,,,,,,,,,,,,,,,,,,,,,,,,,,,,,,,,,,,,,,,,,,,,,,,,,,,,,,,,,,,,,,,,,,
1764669117.139582,55894,0,4433.589844,4444.230957,4545.769043,4574.615234,4448.717773,4575.384766,4593.461426,4437.05127,4604.358887,4478.077148,4542.05127,4563.205078,4609.743652,4418.846191,4385.769043,4519.102539,4594.230957,4558.974121,4529.358887,4399.230957,4421.410156,4599.230957,4568.717773,4535.128418,4473.589844,4608.717773,4400.384766,4601.282227,4543.717773,4422.692383,4536.666504,4556.794922,2926,0,5,2566,61341,,,,0,4,4,4,4,4,4,4,4,4,4,4,4,4,4,4,4,4,4,4,4,4,4,4,4,4,4,4,4,4,4,4,4,100,,,,,,,,,,,,,,,,,,,,,,,,,,,,,,,,,,,,,,,,,,,,,,,,,,,,,,,,,,,,,,,,,,,,,,,,,,,,,,,,,,,,,,,,,,,,,,,,,,,,,,,,,,,,,,,,,,,,,,,,,,,,,,,,,,,,,,,,,,,,,,,,,,,,,,,,,,,,,,,,,,,,,,,,,,,,,,,,,,,,,,,,,,,,,,,,,,,,,,,,,,,,,,
1764669117.143488,55895,0,4430.897461,4444.358887,4549.615234,4565.769043,4439.102539,4573.077148,4590.769043,4438.589844,4596.153809,4479.743652,4535.384766,4558.333496,4603.846191,4411.794922,4382.563965,4522.94873,4593.205078,4557.05127,4525.641113,4393.589844,4422.692383,4600,4567.94873,4533.461426,4468.333496,4607.94873,4404.871582,4600.512695,4541.922852,4418.717773,4542.94873,4558.077148,2840,0,5,2566,61341,,,,0,4,4,4,4,4,4,4,4,4,4,4,4,4,4,4,4,4,4,4,4,4,4,4,4,4,4,4,4,4,4,4,4,100,,,,,,,,,,,,,,,,,,,,,,,,,,,,,,,,,,,,,,,,,,,,,,,,,,,,,,,,,,,,,,,,,,,,,,,,,,,,,,,,,,,,,,,,,,,,,,,,,,,,,,,,,,,,,,,,,,,,,,,,,,,,,,,,,,,,,,,,,,,,,,,,,,,,,,,,,,,,,,,,,,,,,,,,,,,,,,,,,,,,,,,,,,,,,,,,,,,,,,,,,,,,,,
1764669117.147394,55896,0,4426.153809,4443.974121,4549.358887,4556.666504,4430.128418,4569.230957,4585.897461,4439.615234,4587.692383,4458.461426,4527.05127,4555.897461,4597.307617,4407.820313,4379.230957,4522.94873,4588.077148,4553.974121,4522.692383,4391.538574,4421.538574,4598.846191,4566.153809,4529.487305,4429.871582,4602.05127,4414.615234,4598.717773,4540.512695,4414.487305,4548.461426,4550.641113,2701,0,5,2563,61348,2,1,8,0,4,4,4,4,4,4,4,4,4,4,4,4,4,4,4,4,4,4,4,4,4,4,4,4,4,4,4,4,4,4,4,4,100,,,,,,,,,,,,,,,,,,,,,,,,,,,,,,,,,,,,,,,,,,,,,,,2.925643,3.001776,2.001098,1.253014,0.667533,7.984413,3.64983,1.794429,1.456938,0.829346,30.183128,4.964754,2.90457,1.118689,0.847881,5.36314,2.564519,1.709503,1.832362,0.843078,7.012095,3.78374,2.262946,1.596886,0.867483,3.25974,3.251943,1.700029,1.226913,0.669898,3.35644,2.818417,2.521201,1.243171,0.843673,4.676616,2.446371,2.159002,2.134418,0.975874,3.815076,1.83445,1.159072,1.167571,0.885084,5.742742,3.374291,3.333388,2.104975,1.662193,1.116022,1.524441,2.011064,1.103705,0.671255,2.395878,2.464914,2.697143,1.193337,0.7126,3.043058,2.069451,2.189465,1.029552,0.684601,1.393703,0.533807,0.838078,0.561998,0.382183,1.595115,1.417855,2.174514,1.221992,0.77456,3.301798,1.358671,2.238436,2.255875,1.170679,5.368135,3.532942,2.595235,1.768842,0.909782,5.091346,2.140704,3.6954,2.798664,1.351029,2.878864,2.408704,3.096459,2.020516,1.234951,2.72347,2.666516,2.161808,1.401494,0.756063,4.629878,2.908834,2.491961,1.792326,1.075289,5.950994,3.199782,2.80264,1.862261,0.940897,3.866788,2.616951,2.031149,1.29565,0.62626,7.846262,3.562854,2.134047,1.6337,0.889735,10.264597,5.146517,6.742042,2.747029,2.837445,6.305532,2.291004,1.578596,1.116875,0.574342,7.965004,4.045354,2.597069,1.795252,0.750346,6.048984,3.539886,2.229272,1.72925,0.756044,1.937551,1.462246,0.835954,0.740181,0.333983,11.096257,3.752722,1.663322,2.137919,0.724323,10.069967,3.670263,2.417892,1.108429,0.777324,39.184334,13.509431,5.419836,1.913268,1.070935
